round,table,result,p1_id,p1_archetype_slug,p2_id,p2_archetype_slug
1,1,p2,0001,slowking-scr,0002,alakazam-dudunsparce
1,2,p2,0003,dragapult-ex,0004,crustle-dri
1,3,p2,0005,mega-greninja-ex,0006,slowking-scr
1,4,p1,0007,dragapult-dusknoir,0008,hops-trevenant
1,5,p2,0009,festival-lead,0010,n-zoroark
1,6,p2,0011,raging-bolt-ogerpon,0012,dragapult-dusknoir
1,7,p2,0013,dragapult-ex,0014,dragapult-ex
1,8,p1,0015,n-zoroark,0016,dragapult-blaziken
1,9,p1,0017,dragapult-dusknoir,0018,kangaskhan-bouffalant
1,10,p2,0019,slowking-scr,0020,dragapult-ex
1,11,p2,0021,festival-lead,0022,dragapult-ex
1,12,p1,0023,dragapult-dusknoir,0024,dragapult-ex
1,13,p1,0025,okidogi-barbaracle,0026,other
1,14,p1,0027,ethan-typhlosion,0028,dragapult-dusknoir
1,15,p2,0029,dragapult-blaziken,0030,dragapult-ex
1,16,p1,0031,dragapult-ex,0032,basic-box-m
1,17,p2,0033,dragapult-ex,0034,n-zoroark
1,18,p2,0035,other,0036,dragapult-ex
1,19,p2,0037,hops-trevenant,0038,starmie-froslass
1,20,p1,0039,dragapult-dusknoir,0040,?metagross
1,21,p2,0041,dragapult-dusknoir,0042,lucario-hariyama
1,22,tie,0043,dragapult-dusknoir,0044,crustle-dri
1,23,tie,0045,dragapult-ex,0046,dragapult-blaziken
1,24,p2,0047,dragapult-ex,0048,basic-box-m
1,25,p2,0049,mega-greninja-ex,0050,cynthia-garchomp-ex
1,26,p1,0051,crustle-dri,0052,basic-box-m
1,27,p2,0053,rockets-honchkrow,0054,basic-box-m
1,28,p1,0055,dragapult-ex,0056,dragapult-dusknoir
1,29,p2,0057,alakazam-dudunsparce,0058,ogerpon-meganium-hydrapple
1,30,p1,0059,crustle-dri,0060,dragapult-ex
1,31,p1,0061,dragapult-ex,0062,lopunny-dudunsparce
1,32,p1,0063,dragapult-dusknoir,0064,beedrill-ex-cri
1,33,p1,0065,alakazam-dudunsparce,0066,ethan-typhlosion
1,34,tie,0067,tera-box,0068,mega-greninja-ex
1,35,p2,0069,alakazam-dudunsparce,0070,ethan-typhlosion
1,36,tie,0071,dragapult-ex,0072,crustle-dri
1,37,tie,0073,n-zoroark,0074,dragapult-ex
1,38,tie,0075,dragapult-ex,0076,dragapult-blaziken
1,39,p2,0077,alakazam-dudunsparce,0078,mega-greninja-ex
1,40,p1,0079,mega-venusaur-ex,0080,dragapult-ex
1,41,p2,0081,beedrill-ex-cri,0082,dragapult-ex
1,42,p1,0083,alakazam-dudunsparce,0084,?metagross
1,43,tie,0085,raging-bolt-ogerpon,0086,joltik-box
1,44,tie,0087,hops-trevenant,0088,slowking-scr
1,45,tie,0089,lopunny-dusknoir,0090,slowking-scr
1,46,p1,0091,cynthia-garchomp-ex,0092,alakazam-dudunsparce
1,47,p1,0093,dragapult-ex,0094,festival-lead
1,48,p1,0095,n-zoroark,0096,mega-greninja-ex
1,49,p2,0097,dragapult-blaziken,0098,dragapult-dusknoir
1,50,tie,0099,festival-lead,0100,dragapult-ex
1,51,p1,0101,ogerpon-meganium-hydrapple,0102,n-zoroark
1,52,p2,0103,alakazam-dudunsparce,0104,dragapult-ex
1,53,p1,0105,crustle-dri,0106,dragapult-ex
1,54,tie,0107,ogerpon-meganium-hydrapple,0108,dragapult-dudunsparce
1,55,p1,0109,ceruledge-ex,0110,lopunny-dudunsparce
1,56,tie,0111,dragapult-ex,0112,dragapult-ex
1,57,p1,0113,dragapult-ex,0114,rockets-honchkrow
1,58,p2,0115,slowking-scr,0116,dragapult-dusknoir
1,59,p1,0117,starmie-dusknoir,0118,rocket-mewtwo-ex
1,60,p2,0119,beedrill-ex-cri,0120,dragapult-ex
1,61,p2,0121,greninja-ex,0122,diancie-dusknoir
1,62,p2,0123,dragapult-dusknoir,0124,dragapult-dusknoir
1,63,p2,0125,raging-bolt-ogerpon,0126,dragapult-dusknoir
1,64,p1,0127,alakazam-dudunsparce,0128,ogerpon-meganium-hydrapple
1,65,tie,0129,dragapult-dusknoir,0130,raging-bolt-ogerpon
1,66,p2,0131,mega-greninja-ex,0132,dragapult-ex
1,67,tie,0133,n-zoroark,0134,dragapult-dusknoir
1,68,p1,0135,crustle-dri,0136,lillie-clefairy
1,69,p1,0137,dragapult-dusknoir,0138,dragapult-dusknoir
1,70,tie,0139,alakazam-dudunsparce,0140,ogerpon-meganium-hydrapple
1,71,p1,0141,beedrill-ex-cri,0142,dragapult-blaziken
1,72,p2,0143,dragapult-ex,0144,crustle-dri
1,73,p2,0145,dragapult-dusknoir,0146,basic-box-m
1,74,tie,0147,other,0148,dragapult-ex
1,75,p2,0149,metagross-cri,0150,mega-greninja-ex
1,76,p1,0151,mega-lucario-ex,0152,raging-bolt-ogerpon
1,77,tie,0153,ogerpon-meganium-hydrapple,0154,basic-box-m
1,78,tie,0155,dragapult-dusknoir,0156,n-zoroark
1,79,p2,0157,ogerpon-meganium-hydrapple,0158,festival-lead
1,80,p2,0159,rocket-mewtwo-ex,0160,mega-greninja-ex
1,81,p1,0161,dragapult-ex,0162,mega-lucario-ex
1,82,p2,0163,basic-box-m,0164,ogerpon-meganium-hydrapple
1,83,tie,0165,alakazam-dudunsparce,0166,dragapult-dusknoir
1,84,p1,0167,dragapult-ex,0168,slowking-scr
1,85,tie,0169,dragapult-ex,0170,rocket-mewtwo-ex
1,86,p2,0171,sylveon-pre,0172,ogerpon-meganium-hydrapple
1,87,p2,0173,dragapult-ex,0174,dragapult-blaziken
1,88,p1,0175,slowking-scr,0176,dragapult-ex
1,89,p1,0177,dragapult-dusknoir,0178,beedrill-ex-cri
1,90,tie,0179,dragapult-ex,0180,lopunny-dudunsparce
1,91,p2,0181,raging-bolt-ogerpon,0182,festival-lead
1,92,p2,0183,dragapult-ex,0184,dragapult-dusknoir
1,93,p1,0185,dragapult-dusknoir,0186,n-zoroark
1,94,p2,0187,dragapult-ex,0188,alakazam-dudunsparce
1,95,tie,0189,dragapult-ex,0190,dragapult-blaziken
1,96,p2,0191,alakazam-dudunsparce,0192,dragapult-ex
1,97,p1,0193,dragapult-blaziken,0194,raging-bolt-ogerpon
1,98,p2,0195,slowking-scr,0196,dragapult-ex
1,99,p2,0197,hops-trevenant,0198,alakazam-dudunsparce
1,100,p1,0199,basic-box-m,0200,alakazam-dudunsparce
1,101,p1,0201,slowking-scr,0202,dragapult-ex
1,102,p2,0203,ogerpon-meganium-hydrapple,0204,dragapult-ex
1,103,p1,0205,dragapult-ex,0206,raging-bolt-ogerpon
1,104,p1,0207,n-zoroark,0208,dragapult-ex
1,105,p2,0209,dragapult-dusknoir,0210,dragapult-ex
1,106,p1,0211,lillie-clefairy,0212,?metagross
1,107,p2,0213,okidogi-barbaracle,0214,ceruledge-ex
1,108,p1,0215,dragapult-blaziken,0216,cynthia-garchomp-ex
1,109,p1,0217,dragapult-ex,0218,dragapult-ex
1,110,p2,0219,dragapult-ex,0220,dragapult-ex
1,111,p1,0221,dragapult-ex,0222,mega-lucario-ex
1,112,tie,0223,slowking-scr,0224,dragapult-ex
1,113,p2,0225,dragapult-ex,0226,basic-box-m
1,114,p1,0227,dragapult-ex,0228,dragapult-ex
1,115,p2,0229,alakazam-dudunsparce,0230,crustle-dri
1,116,p1,0231,dragapult-ex,0232,starmie-froslass
1,117,p2,0233,other,0234,dragapult-dudunsparce
1,118,p1,0235,ogerpon-meganium-hydrapple,0236,starmie-dusknoir
1,119,p2,0237,mega-dragonite-ex,0238,n-zoroark
1,120,p2,0239,dragapult-ex,0240,dragapult-blaziken
1,121,p1,0241,ogerpon-meganium-hydrapple,0242,rocket-mewtwo-ex
1,122,p2,0243,crustle-dri,0244,dragapult-ex
1,123,tie,0245,dragapult-ex,0246,raging-bolt-ogerpon
1,124,p1,0247,mega-greninja-ex,0248,beedrill-ex-cri
1,125,p1,0249,dragapult-ex,0250,raging-bolt-ogerpon
1,126,p2,0251,dragapult-dusknoir,0252,dragapult-ex
1,127,p1,0253,dragapult-ex,0254,ogerpon-meganium-hydrapple
1,128,p2,0255,ogerpon-meganium-hydrapple,0256,dragapult-dusknoir
1,129,p2,0257,dragapult-blaziken,0258,other
1,130,p2,0259,dragapult-dusknoir,0260,dragapult-ex
1,131,p1,0261,greninja-blaziken,0262,beedrill-ex-cri
1,132,p1,0263,dragapult-ex,0264,n-zoroark
1,133,p1,0265,n-zoroark,0266,dragapult-ex
1,134,p2,0267,crustle-dri,0268,dragapult-dusknoir
1,135,p1,0269,raging-bolt-ogerpon,0270,dragapult-blaziken
1,136,p2,0271,dragapult-ex,0272,mega-lucario-ex
1,137,p1,0273,lopunny-dudunsparce,0274,raging-bolt-ogerpon
1,138,p2,0275,ethan-typhlosion,0276,basic-box-m
1,139,p1,0277,ogerpon-meganium-hydrapple,0278,mega-greninja-ex
1,140,tie,0279,dragapult-ex,0280,kangaskhan-bouffalant
1,141,p1,0281,dragapult-ex,0282,n-zoroark
1,142,p1,0283,dragapult-blaziken,0284,dragapult-ex
1,143,p2,0285,mega-abomasnow-ex,0286,dragapult-ex
1,144,p1,0287,lucario-hariyama,0288,ogerpon-meganium-hydrapple
1,145,p2,0289,mega-greninja-ex,0290,alakazam-dudunsparce
1,146,tie,0291,crustle-dri,0292,ogerpon-meganium-hydrapple
1,147,p1,0293,slowking-scr,0294,crustle-dri
1,148,p1,0295,dragapult-dusknoir,0296,ogerpon-meganium-hydrapple
1,149,p1,0297,n-zoroark,0298,dragapult-ex
1,150,p2,0299,dragapult-ex,0300,slowking-scr
1,151,p2,0301,dragapult-blaziken,0302,raging-bolt-ogerpon
1,152,p2,0303,alakazam-dudunsparce,0304,beedrill-ex-cri
1,153,tie,0305,dragapult-ex,0306,dragapult-blaziken
1,154,p2,0307,crustle-dri,0308,dragapult-dusknoir
1,155,p1,0309,dragapult-ex,0310,alakazam-dudunsparce
1,156,p2,0311,dragapult-ex,0312,festival-lead
1,157,p2,0313,dragapult-ex,0314,dragapult-dusknoir
1,158,p1,0315,raging-bolt-ogerpon,0316,slowking-scr
1,159,p1,0317,ethan-typhlosion,0318,alakazam-dudunsparce
1,160,p1,0319,dragapult-ex,0320,mega-greninja-ex
1,161,p1,0321,mega-greninja-ex,0322,dragapult-dusknoir
1,162,p1,0323,lillie-clefairy,0324,dragapult-ex
1,163,p2,0325,slowking-scr,0326,dragapult-dusknoir
1,164,p1,0327,archaludon-dudunsparce,0328,dragapult-ex
1,165,p1,0329,crustle-dri,0330,raging-bolt-ogerpon
1,166,p2,0331,lucario-hariyama,0332,alakazam-dudunsparce
1,167,p2,0333,ogerpon-meganium-hydrapple,0334,alakazam-dudunsparce
1,168,p1,0335,mega-greninja-ex,0336,hops-trevenant
1,169,p2,0337,dragapult-ex,0338,dragapult-dusknoir
1,170,p1,0339,slowking-scr,0340,dragapult-dusknoir
1,171,p2,0341,raging-bolt-ogerpon,0342,ogerpon-meganium-hydrapple
1,172,p2,0343,ogerpon-meganium-hydrapple,0344,n-zoroark
1,173,p1,0345,crustle-dri,0346,mega-lucario-ex
1,174,p1,0347,dragapult-ex,0348,dragapult-dusknoir
1,175,p1,0349,dragapult-ex,0350,starmie-dusknoir
1,176,p2,0351,dragapult-dusknoir,0352,slowking-scr
1,177,p1,0353,crustle-dri,0354,alakazam-dudunsparce
1,178,p1,0355,kangaskhan-bouffalant,0356,basic-box-m
1,179,p2,0357,?metagross,0358,ogerpon-meganium-hydrapple
1,180,p2,0359,?metagross,0360,dragapult-dusknoir
1,181,tie,0361,cynthia-garchomp-ex,0362,dragapult-blaziken
1,182,tie,0363,other,0364,raging-bolt-ogerpon
1,183,p1,0365,crustle-dri,0366,dragapult-dusknoir
1,184,p2,0367,alakazam-dudunsparce,0368,dragapult-dusknoir
1,185,p1,0369,alakazam-dudunsparce,0370,?metagross
1,186,p1,0371,ogerpon-meganium-hydrapple,0372,ogerpon-meganium-hydrapple
1,187,p2,0373,kangaskhan-bouffalant,0374,dragapult-ex
1,188,tie,0375,dragapult-ex,0376,dragapult-ex
1,189,p1,0377,dragapult-blaziken,0378,dragapult-dusknoir
1,190,p1,0379,slowking-scr,0380,mega-greninja-ex
1,191,p1,0381,dragapult-ex,0382,ceruledge-ex
1,192,p2,0383,rockets-honchkrow,0384,mega-lucario-ex
1,193,tie,0385,dragapult-blaziken,0386,ogerpon-meganium-hydrapple
1,194,tie,0387,dragapult-dusknoir,0388,crustle-dri
1,195,p1,0389,dragapult-ex,0390,dragapult-dusknoir
1,196,p1,0391,basic-box-m,0392,rockets-honchkrow
1,197,tie,0393,rockets-honchkrow,0394,dragapult-blaziken
1,198,p2,0395,alakazam-dudunsparce,0396,dragapult-dusknoir
1,199,p1,0397,dragapult-dusknoir,0398,dragapult-ex
1,200,p2,0399,starmie-froslass,0400,alakazam-dudunsparce
1,201,p2,0401,festival-lead,0402,festival-lead
1,202,p2,0403,mega-starmie-ex,0404,dragapult-ex
1,203,p2,0405,mega-greninja-ex,0406,slowking-scr
1,204,p1,0407,dragapult-ex,0408,slowking-scr
1,205,p2,0409,rocket-mewtwo-ex,0410,dragapult-dusknoir
1,206,p2,0411,n-zoroark,0412,dragapult-ex
1,207,tie,0413,dragapult-ex,0414,rocket-mewtwo-ex
1,208,tie,0415,dragapult-dusknoir,0416,alakazam-dudunsparce
1,209,tie,0417,mega-greninja-ex,0418,?metagross
1,210,p1,0419,dragapult-ex,0420,dragapult-ex
1,211,p1,0421,dragapult-ex,0422,slowking-scr
1,212,p2,0423,dragapult-ex,0424,n-zoroark
1,213,p1,0425,?metagross,0426,ceruledge-ex
1,214,p2,0427,festival-lead,0428,?metagross
1,215,p1,0429,crustle-dri,0430,mega-venusaur-ex
1,216,p2,0431,alakazam-dudunsparce,0432,raging-bolt-ogerpon
1,217,p2,0433,alakazam-dudunsparce,0434,n-zoroark
1,218,p2,0435,dragapult-ex,0436,beedrill-ex-cri
1,219,p2,0437,lillie-clefairy,0438,starmie-froslass
1,220,p2,0439,tera-box,0440,dragapult-ex
1,221,p2,0441,archaludon-ex,0442,alakazam-dudunsparce
1,222,p2,0443,ogerpon-meganium-hydrapple,0444,lillie-clefairy
1,223,p1,0445,dragapult-dusknoir,0446,alakazam-dudunsparce
1,224,p2,0447,dragapult-dusknoir,0448,dragapult-ex
1,225,p1,0449,ogerpon-meganium-hydrapple,0450,dragapult-dusknoir
1,226,p2,0451,alakazam-dudunsparce,0452,n-zoroark
1,227,tie,0453,n-zoroark,0454,dragapult-ex
1,228,p2,0455,grimmsnarl-froslass,0456,rockets-honchkrow
1,229,p2,0457,ceruledge-ex,0458,crustle-dri
1,230,p1,0459,greninja-ex,0460,ogerpon-meganium-hydrapple
1,231,tie,0461,raging-bolt-ogerpon,0462,dragapult-ex
1,232,p2,0463,basic-box-m,0464,dragapult-ex
1,233,p1,0465,dragapult-dusknoir,0466,dragapult-dusknoir
1,234,p2,0467,raging-bolt-ogerpon,0468,rocket-mewtwo-ex
1,235,p2,0469,dragapult-dusknoir,0470,alakazam-dudunsparce
1,236,p2,0471,dragapult-dusknoir,0472,dragapult-dusknoir
1,237,p1,0473,n-zoroark,0474,hops-trevenant
1,238,p1,0475,dragapult-ex,0476,dragapult-dusknoir
1,239,p2,0477,dragapult-blaziken,0478,dragapult-ex
1,240,p1,0479,dragapult-dudunsparce,0480,raging-bolt-ogerpon
1,241,tie,0481,ogerpon-meganium-hydrapple,0482,dragapult-ex
1,242,p1,0483,dragapult-ex,0484,hop-zacian
1,243,p1,0485,n-zoroark,0486,ogerpon-meganium-hydrapple
1,244,p2,0487,alakazam-dudunsparce,0488,dragapult-ex
1,245,p1,0489,rockets-honchkrow,0490,dragapult-dudunsparce
1,246,p1,0491,alakazam-dudunsparce,0492,mega-greninja-ex
1,247,tie,0493,dragapult-ex,0494,dragapult-ex
1,248,p1,0495,dragapult-dudunsparce,0496,ethan-typhlosion
1,249,p2,0497,crustle-dri,0498,n-zoroark
1,250,p1,0499,dragapult-ex,0500,other
1,251,p1,0501,stevens-metagross,0502,dragapult-blaziken
1,252,p1,0503,?metagross,0504,crustle-dri
1,253,tie,0505,mega-greninja-ex,0506,dragapult-blaziken
1,254,p2,0507,ethan-typhlosion,0508,alakazam-dudunsparce
1,255,tie,0509,n-zoroark,0510,kangaskhan-bouffalant
1,256,p1,0511,ogerpon-meganium-hydrapple,0512,dragapult-ex
1,257,p1,0513,dragapult-ex,0514,dragapult-dusknoir
1,258,p1,0515,dragapult-ex,0516,palafin-ex
1,259,p1,0517,dragapult-ex,0518,raging-bolt-ogerpon
1,260,tie,0519,ogerpon-meganium-hydrapple,0520,rockets-honchkrow
1,261,p1,0521,crustle-dri,0522,festival-lead
1,262,p1,0523,dragapult-blaziken,0524,ogerpon-meganium-hydrapple
1,263,p2,0525,n-zoroark,0526,alakazam-dudunsparce
1,264,p1,0527,dragapult-ex,0528,mega-lucario-ex
1,265,tie,0529,dragapult-blaziken,0530,grimmsnarl-froslass
1,266,p1,0531,mega-absol-box,0532,lillie-clefairy
1,267,p2,0533,dragapult-ex,0534,slowking-scr
1,268,p1,0535,rockets-honchkrow,0536,greninja-ex
1,269,p1,0537,crustle-dri,0538,dragapult-ex
1,270,p1,0539,raging-bolt-ogerpon,0540,archaludon-dudunsparce
1,271,p2,0541,ogerpon-meganium-hydrapple,0542,mega-greninja-ex
1,272,p2,0543,dragapult-ex,0544,starmie-dusknoir
1,273,p2,0545,raging-bolt-ogerpon,0546,rocket-mewtwo-ex
1,274,tie,0547,raging-bolt-ogerpon,0548,dragapult-ex
1,275,tie,0549,raging-bolt-ogerpon,0550,n-zoroark
1,276,p2,0551,alakazam-dudunsparce,0552,dragapult-ex
1,277,p1,0553,dragapult-ex,0554,basic-box-m
1,278,p1,0555,crustle-dri,0556,lucario-hariyama
1,279,p2,0557,crustle-dri,0558,rocket-mewtwo-ex
1,280,p2,0559,crustle-dri,0560,basic-box-m
1,281,p1,0561,dragapult-ex,0562,decidueye-ex
1,282,p1,0563,n-zoroark,0564,dragapult-ex
1,283,p1,0565,dragapult-dusknoir,0566,mega-zygarde-ex
1,284,p2,0567,dragapult-ex,0568,dragapult-ex
1,285,tie,0569,rockets-honchkrow,0570,cynthia-garchomp-ex
1,286,tie,0571,beedrill-ex-cri,0572,festival-lead
1,287,p2,0573,crustle-dri,0574,festival-lead
1,288,p1,0575,alakazam-dudunsparce,0576,?metagross
1,289,p2,0577,kangaskhan-bouffalant,0578,dragapult-dusknoir
1,290,p1,0579,dragapult-ex,0580,ethan-typhlosion
1,291,p1,0581,raging-bolt-ogerpon,0582,basic-box-m
1,292,p2,0583,starmie-dusknoir,0584,mega-greninja-ex
1,293,tie,0585,dragapult-blaziken,0586,dragapult-ex
1,294,p1,0587,slowking-scr,0588,cynthia-garchomp-ex
1,295,tie,0589,dragapult-dusknoir,0590,mega-greninja-ex
1,296,p2,0591,ceruledge-ex,0592,n-zoroark
1,297,p2,0593,dragapult-blaziken,0594,sylveon-pre
1,298,p2,0595,alakazam-dudunsparce,0596,alakazam-dudunsparce
1,299,p2,0597,other,0598,festival-lead
1,300,p1,0599,lopunny-dudunsparce,0600,dragapult-dusknoir
1,301,p2,0601,crustle-dri,0602,raging-bolt-ogerpon
1,302,tie,0603,dragapult-blaziken,0604,rockets-honchkrow
1,303,p1,0605,beedrill-ex-cri,0606,dragapult-blaziken
1,304,p1,0607,dragapult-dudunsparce,0608,dragapult-dusknoir
1,305,tie,0609,dragapult-ex,0610,alakazam-dudunsparce
1,306,p1,0611,raging-bolt-ogerpon,0612,dragapult-ex
1,307,p1,0613,n-zoroark,0614,dragapult-blaziken
1,308,p1,0615,dragapult-ex,0616,mega-diancie-ex
1,309,p2,0617,n-zoroark,0618,lucario-hariyama
1,310,p2,0619,crustle-dri,0620,dragapult-ex
1,311,p1,0621,dragapult-dusknoir,0622,ogerpon-meganium-hydrapple
1,312,tie,0623,grimmsnarl-froslass,0624,alakazam-dudunsparce
1,313,p2,0625,alakazam-dudunsparce,0626,dragapult-dusknoir
1,314,p1,0627,rocket-mewtwo-ex,0628,ogerpon-meganium-hydrapple
1,315,p1,0629,dragapult-ex,0630,dragapult-ex
1,316,tie,0631,ogerpon-meganium-hydrapple,0632,dragapult-blaziken
1,317,p2,0633,dragapult-dusknoir,0634,mega-lucario-ex
1,318,tie,0635,ogerpon-meganium-arboliva,0636,ceruledge-ex
1,319,p1,0637,mega-greninja-ex,0638,slowking-scr
1,320,tie,0639,dragapult-blaziken,0640,mega-lucario-ex
1,321,tie,0641,rockets-honchkrow,0642,rockets-honchkrow
1,322,p2,0643,dragapult-dusknoir,0644,dragapult-ex
1,323,p2,0645,?,0646,crustle-dri
1,324,p1,0647,dragapult-ex,0648,dragapult-dusknoir
1,325,p1,0649,hops-trevenant,0650,rocket-mewtwo-ex
1,326,p2,0651,dragapult-dusknoir,0652,dragapult-dusknoir
1,327,p2,0653,slowking-scr,0654,diancie-dusknoir
1,328,p1,0655,n-zoroark,0656,dragapult-dusknoir
1,329,tie,0657,dragapult-dusknoir,0658,starmie-dusknoir
1,330,p1,0659,n-zoroark,0660,alakazam-dudunsparce
1,331,p1,0661,slowking-scr,0662,dragapult-ex
1,332,p2,0663,slowking-scr,0664,alakazam-dudunsparce
1,333,p1,0665,raging-bolt-ogerpon,0666,starmie-dusknoir
1,334,tie,0667,dragapult-blaziken,0668,rockets-honchkrow
1,335,p1,0669,dragapult-ex,0670,festival-lead
1,336,p2,0671,slowking-scr,0672,dragapult-ex
1,337,p2,0673,n-zoroark,0674,dragapult-ex
1,338,p1,0675,dragapult-dusknoir,0676,dragapult-ex
1,339,tie,0677,alakazam-dudunsparce,0678,rocket-mewtwo-ex
1,340,tie,0679,dragapult-ex,0680,n-zoroark
1,341,p2,0681,mega-starmie-ex,0682,alakazam-dudunsparce
1,342,p2,0683,raging-bolt-ogerpon,0684,dragapult-dusknoir
1,343,p2,0685,dragapult-ex,0686,ogerpon-meganium-hydrapple
1,344,p2,0687,raging-bolt-ogerpon,0688,basic-box-m
1,345,p2,0689,basic-box-m,0690,alakazam-dudunsparce
1,346,p1,0691,dragapult-ex,0692,ogerpon-meganium-hydrapple
1,347,p2,0693,mega-diancie-ex,0694,dragapult-ex
1,348,p2,0695,slowking-scr,0696,raging-bolt-ogerpon
1,349,p1,0697,dragapult-ex,0698,grimmsnarl-froslass
1,350,p2,0699,basic-box-m,0700,dragapult-dusknoir
1,351,p1,0701,slowking-scr,0702,archaludon-dudunsparce
1,352,p1,0703,mega-greninja-ex,0704,dragapult-blaziken
1,353,p2,0705,beedrill-ex-cri,0706,mega-greninja-ex
1,354,p2,0707,other,0708,n-zoroark
1,355,p1,0709,dragapult-ex,0710,slowking-scr
1,356,p1,0711,other,0712,dragapult-ex
1,357,p1,0713,basic-box-m,0714,starmie-dusknoir
1,358,p2,0715,dragapult-ex,0716,dragapult-ex
1,359,tie,0717,raging-bolt-ogerpon,0718,alakazam-dudunsparce
1,360,p2,0719,dragapult-ex,0720,raging-bolt-ogerpon
1,361,p1,0721,dragapult-dusknoir,0722,slowking-scr
1,362,p1,0723,dragapult-ex,0724,other
1,363,tie,0725,dragapult-dusknoir,0726,starmie-froslass
1,364,p1,0727,crustle-dri,0728,raging-bolt-ogerpon
1,365,p2,0729,mega-lucario-ex,0730,hops-trevenant
1,366,p1,0731,ogerpon-meganium-hydrapple,0732,raging-bolt-ogerpon
1,367,p2,0733,dragapult-dusknoir,0734,lucario-hariyama
1,368,p1,0735,mega-greninja-ex,0736,dragapult-dusknoir
1,369,p2,0737,n-zoroark,0738,rockets-honchkrow
1,370,p1,0739,raging-bolt-ogerpon,0740,other
1,371,p1,0741,hops-trevenant,0742,rockets-honchkrow
1,372,p2,0743,slowking-scr,0744,dragapult-ex
1,373,p2,0745,mega-greninja-ex,0746,flareon-noctowl
1,374,p1,0747,raging-bolt-ogerpon,0748,beedrill-ex-cri
1,375,tie,0749,dragapult-blaziken,0750,slowking-scr
1,376,p2,0751,dragapult-dusknoir,0752,dragapult-ex
1,377,p1,0753,metagross-cri,0754,raging-bolt-ogerpon
1,378,p1,0755,ogerpon-meganium-hydrapple,0756,rocket-mewtwo-ex
1,379,tie,0757,ogerpon-meganium-hydrapple,0758,beedrill-ex-cri
1,380,p2,0759,festival-lead,0760,dragapult-ex
1,381,p2,0761,alakazam-dudunsparce,0762,dragapult-ex
1,382,p1,0763,dragapult-blaziken,0764,dragapult-ex
1,383,p2,0765,dragapult-dusknoir,0766,dragapult-dusknoir
1,384,p2,0767,starmie-dusknoir,0768,crustle-dri
1,385,p2,0769,kangaskhan-bouffalant,0770,dragapult-blaziken
1,386,p2,0771,dragapult-ex,0772,ogerpon-meganium-hydrapple
1,387,p1,0773,lillie-clefairy,0774,cynthia-garchomp-ex
1,388,p2,0775,ogerpon-meganium-hydrapple,0776,okidogi-barbaracle
1,389,tie,0777,slowking-scr,0778,crustle-dri
1,390,p2,0779,raging-bolt-ogerpon,0780,dragapult-dudunsparce
1,391,p1,0781,lopunny-dudunsparce,0782,dragapult-blaziken
1,392,p1,0783,dragapult-blaziken,0784,diancie-dusknoir
1,393,p2,0785,n-zoroark,0786,cynthia-garchomp-ex
1,394,p1,0787,dragapult-dusknoir,0788,ethan-typhlosion
1,395,p2,0789,dragapult-dusknoir,0790,dragapult-ex
1,396,p2,0791,dragapult-dusknoir,0792,ceruledge-ex
1,397,p2,0793,basic-box-m,0794,beedrill-ex-cri
1,398,p1,0795,dragapult-ex,0796,alakazam-dudunsparce
1,399,p1,0797,dragapult-ex,0798,dragapult-blaziken
1,400,p1,0799,dragapult-ex,0800,basic-box-m
1,401,p2,0801,grimmsnarl-froslass,0802,rockets-honchkrow
1,402,tie,0803,crustle-dri,0804,dragapult-dusknoir
1,403,p1,0805,dragapult-ex,0806,basic-box-m
1,404,p1,0807,ogerpon-meganium-hydrapple,0808,basic-box-m
1,405,p2,0809,dragapult-ex,0810,starmie-dusknoir
1,406,p1,0811,dragapult-ex,0812,mega-lucario-ex
1,407,p1,0813,dragapult-ex,0814,archaludon-dudunsparce
1,408,p2,0815,dragapult-dudunsparce,0816,archaludon-dudunsparce
1,409,p1,0817,slowking-scr,0818,raging-bolt-ogerpon
1,410,tie,0819,cynthia-garchomp-ex,0820,ogerpon-meganium-hydrapple
1,411,p2,0821,cynthia-garchomp-ex,0822,dragapult-ex
1,412,tie,0823,dragapult-ex,0824,ogerpon-meganium-hydrapple
1,413,p2,0825,dragapult-ex,0826,beedrill-ex-cri
1,414,p1,0827,alakazam-dudunsparce,0828,n-zoroark
1,415,tie,0829,dragapult-blaziken,0830,dragapult-dusknoir
1,416,tie,0831,dragapult-ex,0832,crustle-dri
1,417,p1,0833,alakazam-dudunsparce,0834,other
1,418,p1,0835,dragapult-ex,0836,raging-bolt-ogerpon
1,419,p2,0837,mega-absol-box,0838,dragapult-ex
1,420,p1,0839,ogerpon-meganium-hydrapple,0840,rocket-mewtwo-ex
1,421,p1,0841,rockets-honchkrow,0842,raging-bolt-ogerpon
1,422,p1,0843,dragapult-ex,0844,dragapult-ex
1,423,tie,0845,dragapult-dudunsparce,0846,dragapult-blaziken
1,424,p2,0847,ogerpon-meganium-hydrapple,0848,ogerpon-meganium
1,425,p1,0849,dragapult-ex,0850,slowking-scr
1,426,p2,0851,dragapult-ex,0852,dragapult-dudunsparce
1,427,p2,0853,beedrill-ex-cri,0854,dragapult-blaziken
1,428,tie,0855,raging-bolt-ogerpon,0856,dragapult-dusknoir
1,429,p2,0857,dragapult-dusknoir,0858,dragapult-ex
1,430,p1,0859,beedrill-ex-cri,0860,dragapult-dusknoir
1,431,p1,0861,lucario-hariyama,0862,crustle-dri
1,432,p1,0863,dragapult-ex,0864,dragapult-ex
1,433,p1,0865,sharpedo-toxtricity,0866,n-zoroark
1,434,tie,0867,festival-lead,0868,blissey-ex
1,435,p1,0869,ogerpon-meganium-hydrapple,0870,lopunny-dudunsparce
1,436,p1,0871,dragapult-ex,0872,dragapult-ex
1,437,p1,0873,basic-box-m,0874,ogerpon-meganium-hydrapple
1,438,p1,0875,ogerpon-meganium-hydrapple,0876,n-zoroark
1,439,p2,0877,jellicent-dusknoir,0878,beedrill-ex-cri
1,440,p1,0879,lucario-hariyama,0880,lopunny-dudunsparce
1,441,p1,0881,rocket-mewtwo-ex,0882,dragapult-blaziken
1,442,tie,0883,ogerpon-meganium-hydrapple,0884,hops-trevenant
1,443,p2,0885,starmie-froslass,0886,grimmsnarl-froslass
1,444,p1,0887,mega-greninja-ex,0888,rocket-mewtwo-ex
1,445,p1,0889,dragapult-ex,0890,dragapult-blaziken
1,446,p1,0891,rocket-mewtwo-ex,0892,rockets-honchkrow
1,447,p2,0893,alakazam-dudunsparce,0894,festival-lead
1,448,p1,0895,dragapult-ex,0896,hops-trevenant
1,449,tie,0897,dragapult-ex,0898,dragapult-ex
1,450,tie,0899,mega-greninja-ex,0900,slowking-scr
1,451,p2,0901,dragapult-dusknoir,0902,hops-trevenant
1,452,p2,0903,dragapult-ex,0904,mega-greninja-ex
1,453,p1,0905,basic-box-m,0906,dragapult-blaziken
1,454,p2,0907,lucario-hariyama,0908,ogerpon-meganium-hydrapple
1,455,p2,0909,slowking-scr,0910,dragapult-blaziken
1,456,p1,0911,other,0912,ogerpon-meganium-hydrapple
1,457,p1,0913,dragapult-ex,0914,raging-bolt-ogerpon
1,458,p1,0915,dragapult-ex,0916,rocket-mewtwo-ex
1,459,p2,0917,dragapult-ex,0918,cynthia-garchomp-ex
1,460,tie,0919,crustle-dri,0920,ogerpon-meganium-hydrapple
1,461,p2,0921,n-zoroark,0922,dragapult-ex
1,462,p1,0923,dragapult-ex,0924,dragapult-ex
1,463,p2,0925,dragapult-dusknoir,0926,lopunny-dudunsparce
1,464,p2,0927,tera-box,0928,alakazam-dudunsparce
1,465,p1,0929,?,0930,dragapult-dusknoir
1,466,p2,0931,lillie-clefairy,0932,alakazam-dudunsparce
1,467,p2,0933,dragapult-ex,0934,dragapult-ex
1,468,p1,0935,rocket-mewtwo-ex,0936,dragapult-ex
1,469,tie,0937,?metagross,0938,rockets-honchkrow
1,470,p2,0939,alakazam-dudunsparce,0940,festival-lead
1,471,p2,0941,raging-bolt-ogerpon,0942,dragapult-ex
1,472,p2,0943,rockets-honchkrow,0944,slowking-scr
1,473,p2,0945,hops-trevenant,0946,n-zoroark
1,474,p2,0947,mega-greninja-ex,0948,ogerpon-meganium-hydrapple
1,475,p1,0949,slowking-scr,0950,slowking-scr
1,476,tie,0951,dragapult-dusknoir,0952,dragapult-blaziken
1,477,p1,0953,dragapult-dudunsparce,0954,n-zoroark
1,478,p2,0955,n-zoroark,0956,ogerpon-meganium-hydrapple
1,479,tie,0957,dragapult-ex,0958,dragapult-ex
1,480,p1,0959,ogerpon-meganium-hydrapple,0960,alakazam-dudunsparce
1,481,p2,0961,dragapult-ex,0962,dragapult-dusknoir
1,482,p1,0963,basic-box-m,0964,n-zoroark
1,483,p2,0965,n-zoroark,0966,beedrill-ex-cri
1,484,p1,0967,ogerpon-meganium-hydrapple,0968,dragapult-dusknoir
1,485,tie,0969,?metagross,0970,kangaskhan-bouffalant
1,486,p2,0971,n-zoroark,0972,dragapult-ex
1,487,tie,0973,rockets-honchkrow,0974,raging-bolt-ogerpon
1,488,tie,0975,dragapult-blaziken,0976,dragapult-dusknoir
1,489,p2,0977,ethan-typhlosion,0978,festival-lead
1,490,p2,0979,dragapult-dusknoir,0980,dragapult-dusknoir
1,491,p2,0981,rockets-honchkrow,0982,dragapult-ex
1,492,p1,0983,slowking-scr,0984,beedrill-ex-cri
1,493,p2,0985,dragapult-blaziken,0986,dragapult-dusknoir
1,494,tie,0987,dragapult-dudunsparce,0988,ceruledge-ex
1,495,p2,0989,slowking-scr,0990,lopunny-dudunsparce
1,496,p1,0991,ogerpon-meganium-hydrapple,0992,ogerpon-meganium-hydrapple
1,497,p1,0993,dragapult-ex,0994,dragapult-ex
1,498,p1,0995,dragapult-dusknoir,0996,hops-trevenant
1,499,p2,0997,beedrill-ex-cri,0998,dragapult-ex
1,500,p2,0999,dragapult-ex,1000,ogerpon-meganium-hydrapple
1,501,p1,1001,dragapult-ex,1002,beedrill-ex-cri
1,502,p2,1003,dragapult-blaziken,1004,slowking-scr
1,503,p2,1005,basic-box-m,1006,dragapult-blaziken
1,504,p2,1007,mega-greninja-ex,1008,clefairy-ogerpon
1,505,p1,1009,cynthia-garchomp-ex,1010,crustle-dri
1,506,p1,1011,dragapult-dusknoir,1012,cynthia-garchomp-ex
1,507,tie,1013,mega-greninja-ex,1014,lillie-clefairy
1,508,p1,1015,n-zoroark,1016,dragapult-dusknoir
1,509,p1,1017,dragapult-dusknoir,1018,ogerpon-meganium-hydrapple
1,510,p1,1019,dragapult-ex,1020,ogerpon-meganium-hydrapple
1,511,p1,1021,dragapult-ex,1022,dragapult-ex
1,512,p2,1023,greninja-ex,1024,alakazam-dudunsparce
1,513,p2,1025,slowking-scr,1026,alakazam-dudunsparce
1,514,p2,1027,slowking-scr,1028,mega-venusaur-ex
1,515,p1,1029,n-zoroark,1030,raging-bolt-ogerpon
1,516,p1,1031,beedrill-ex-cri,1032,grimmsnarl-froslass
1,517,p2,1033,slowking-scr,1034,alakazam-dudunsparce
1,518,p2,1035,lopunny-dudunsparce,1036,festival-lead
1,519,p1,1037,ogerpon-meganium-hydrapple,1038,beedrill-ex-cri
1,520,p2,1039,alakazam-dudunsparce,1040,beedrill-ex-cri
1,521,p2,1041,slowking-scr,1042,raging-bolt-ogerpon
1,522,tie,1043,ogerpon-meganium-hydrapple,1044,basic-box-m
1,523,p1,1045,kangaskhan-bouffalant,1046,n-zoroark
1,524,p2,1047,dragapult-dusknoir,1048,dragapult-ex
1,525,p1,1049,basic-box-m,1050,n-zoroark
1,526,tie,1051,ogerpon-meganium-hydrapple,1052,dragapult-ex
1,527,p1,1053,slowking-scr,1054,dragapult-dusknoir
1,528,p2,1055,n-zoroark,1056,dragapult-dusknoir
1,529,p1,1057,slowking-scr,1058,rockets-honchkrow
1,530,tie,1059,slowking-scr,1060,raging-bolt-ogerpon
1,531,p2,1061,rockets-honchkrow,1062,slowking-scr
1,532,p2,1063,beedrill-ex-cri,1064,crustle-dri
1,533,p1,1065,dragapult-blaziken,1066,lucario-hariyama
1,534,tie,1067,lucario-hariyama,1068,dragapult-blaziken
1,535,tie,1069,froslass-munkidori,1070,flareon-noctowl
1,536,p1,1071,dragapult-blaziken,1072,dragapult-ex
1,537,p2,1073,raging-bolt-ogerpon,1074,dragapult-blaziken
1,538,p1,1075,mega-greninja-ex,1076,slowking-scr
1,539,p2,1077,dragapult-dusknoir,1078,kangaskhan-bouffalant
1,540,p2,1079,dragapult-dusknoir,1080,hops-trevenant
1,541,p1,1081,raging-bolt-ogerpon,1082,diancie-dusknoir
1,542,p1,1083,cynthia-garchomp-ex,1084,kangaskhan-bouffalant
1,543,p2,1085,ethan-typhlosion,1086,alakazam-dudunsparce
1,544,p2,1087,slowking-scr,1088,slowking-scr
1,545,p2,1089,dragapult-blaziken,1090,dragapult-ex
1,546,p2,1091,hops-trevenant,1092,ogerpon-meganium-hydrapple
1,547,p2,1093,greninja-ex,1094,ceruledge-ex
1,548,p1,1095,n-zoroark,1096,dragapult-ex
1,549,tie,1097,dragapult-dusknoir,1098,dragapult-ex
1,550,p2,1099,cynthia-garchomp-ex,1100,dragapult-ex
1,551,p2,1101,manectric-eelektrik,1102,dragapult-ex
1,552,p2,1103,dragapult-blaziken,1104,cynthia-garchomp-ex
1,553,p2,1105,joltik-box,1106,dragapult-ex
1,554,p1,1107,dragapult-dusknoir,1108,crustle-dri
1,555,p1,1109,slowking-scr,1110,dragapult-ex
1,556,tie,1111,rockets-honchkrow,1112,ogerpon-meganium-hydrapple
1,557,p2,1113,slowking-scr,1114,slowking-scr
1,558,p2,1115,starmie-dusknoir,1116,alakazam-dudunsparce
1,559,p1,1117,dragapult-ex,1118,basic-box-m
1,560,p1,1119,lillie-clefairy,1120,dragapult-ex
1,561,p2,1121,greninja-ex,1122,dragapult-ex
1,562,p1,1123,ogerpon-meganium-hydrapple,1124,raging-bolt-ogerpon
1,563,p1,1125,dragapult-ex,1126,dragapult-blaziken
1,564,p1,1127,dragapult-ex,1128,mega-lucario-ex
1,565,tie,1129,ogerpon-meganium-hydrapple,1130,dragapult-ex
1,566,p1,1131,dragapult-ex,1132,misty-gyarados
1,567,tie,1133,dragapult-ex,1134,slowking-scr
1,568,p1,1135,dragapult-ex,1136,dragapult-blaziken
1,569,p2,1137,rockets-honchkrow,1138,ogerpon-meganium-arboliva
1,570,p2,1139,greninja-ex,1140,dragapult-dusknoir
1,571,p2,1141,other,1142,alakazam-dudunsparce
1,572,p1,1143,n-zoroark,1144,dragapult-ex
1,573,p1,1145,n-zoroark,1146,mega-lucario-ex
1,574,p2,1147,n-zoroark,1148,starmie-froslass
1,575,tie,1149,dragapult-blaziken,1150,archaludon-dudunsparce
1,576,p1,1151,dragapult-dusknoir,1152,ogerpon-meganium-arboliva
1,577,p2,1153,dragapult-dudunsparce,1154,ogerpon-meganium-hydrapple
1,578,p1,1155,n-zoroark,1156,dragapult-dusknoir
1,579,p2,1157,raging-bolt-ogerpon,1158,diancie-dusknoir
1,580,p1,1159,basic-box-m,1160,mega-lucario-ex
1,581,p2,1161,eelektrik-blk,1162,dragapult-blaziken
1,582,p1,1163,rockets-honchkrow,1164,lucario-hariyama
1,583,tie,1165,dragapult-dusknoir,1166,slowking-scr
1,584,p1,1167,beedrill-ex-cri,1168,ogerpon-meganium-hydrapple
1,585,p2,1169,dragapult-blaziken,1170,dragapult-dusknoir
1,586,p1,1171,alakazam-dudunsparce,1172,lucario-hariyama
1,587,p1,1173,dragapult-ex,1174,beedrill-ex-cri
1,588,p2,1175,n-zoroark,1176,?metagross
1,589,p2,1177,crustle-dri,1178,basic-box-m
1,590,p2,1179,dragapult-blaziken,1180,dragapult-dusknoir
1,591,p2,1181,dragapult-ex,1182,dragapult-ex
1,592,tie,1183,alakazam-dudunsparce,1184,ogerpon-meganium-hydrapple
1,593,p2,1185,mega-greninja-ex,1186,alakazam-dudunsparce
1,594,tie,1187,slowking-scr,1188,?metagross
1,595,p2,1189,jellicent-dusknoir,1190,basic-box-m
1,596,p2,1191,mega-greninja-ex,1192,alakazam-dudunsparce
1,597,tie,1193,dragapult-ex,1194,dragapult-dusknoir
1,598,p2,1195,ogerpon-meganium-arboliva,1196,dragapult-blaziken
1,599,tie,1197,crustle-dri,1198,dragapult-blaziken
1,600,p2,1199,mega-greninja-ex,1200,ogerpon-meganium-hydrapple
1,601,p2,1201,rockets-honchkrow,1202,dragapult-blaziken
1,602,p1,1203,rockets-honchkrow,1204,n-zoroark
1,603,tie,1205,rockets-honchkrow,1206,tera-box
1,604,p1,1207,alakazam-dudunsparce,1208,slowking-scr
1,605,p2,1209,lucario-hariyama,1210,dragapult-dusknoir
1,606,p2,1211,beedrill-ex-cri,1212,mega-charizard-x-ex
1,607,p1,1213,dragapult-blaziken,1214,raging-bolt-ogerpon
1,608,p2,1215,ogerpon-meganium-hydrapple,1216,slowking-scr
1,609,tie,1217,ogerpon-meganium-hydrapple,1218,dragapult-ex
1,610,tie,1219,dragapult-ex,1220,dragapult-dusknoir
1,611,p1,1221,lillie-clefairy,1222,dragapult-ex
1,612,p1,1223,rockets-honchkrow,1224,dragapult-dusknoir
1,613,p2,1225,mega-greninja-ex,1226,dragapult-ex
1,614,p1,1227,dragapult-ex,1228,dragapult-dusknoir
1,615,p1,1229,dragapult-ex,1230,beedrill-ex-cri
1,616,p2,1231,diancie-dusknoir,1232,n-zoroark
1,617,p2,1233,mega-greninja-ex,1234,dragapult-ex
1,618,p2,1235,dragapult-ex,1236,?metagross
1,619,p2,1237,slowking-scr,1238,dragapult-ex
1,620,p1,1239,slowking-scr,1240,dragapult-blaziken
1,621,p2,1241,other,1242,rocket-mewtwo-ex
1,622,p1,1243,dragapult-ex,1244,dragapult-dusknoir
1,623,p1,1245,dragapult-ex,1246,dragapult-ex
1,624,p1,1247,crustle-dri,1248,alakazam-dudunsparce
1,625,p2,1249,?metagross,1250,basic-box-m
1,626,p2,1251,lopunny-dudunsparce,1252,alakazam-dudunsparce
1,627,p1,1253,greninja-ex,1254,ogerpon-meganium-hydrapple
1,628,tie,1255,ogerpon-meganium-hydrapple,1256,rocket-mewtwo-ex
1,629,tie,1257,dragapult-blaziken,1258,slowking-scr
1,630,p2,1259,dragapult-blaziken,1260,n-zoroark
1,631,p1,1261,lucario-hariyama,1262,alakazam-dudunsparce
1,632,p1,1263,dragapult-ex,1264,dragapult-ex
1,633,p1,1265,ogerpon-meganium-hydrapple,1266,crustle-dri
1,634,p1,1267,dragapult-dusknoir,1268,dragapult-dusknoir
1,635,tie,1269,basic-box-m,1270,n-zoroark
1,636,p2,1271,n-zoroark,1272,festival-lead
1,637,p2,1273,dragapult-ex,1274,rocket-mewtwo-ex
1,638,p1,1275,?metagross,1276,dragapult-blaziken
1,639,p1,1277,dragapult-ex,1278,dragapult-ex
1,640,p2,1279,tera-box,1280,crustle-dri
1,641,p2,1281,dragapult-blaziken,1282,n-zoroark
1,642,p1,1283,alakazam-dudunsparce,1284,?metagross
1,643,p2,1285,alakazam-dudunsparce,1286,beedrill-ex-cri
1,644,p1,1287,rockets-honchkrow,1288,crustle-dri
1,645,p2,1289,ogerpon-meganium-hydrapple,1290,dragapult-ex
1,646,p1,1291,slowking-scr,1292,dragapult-ex
1,647,tie,1293,alakazam-dudunsparce,1294,crustle-dri
1,648,p1,1295,crustle-dri,1296,dragapult-ex
1,649,tie,1297,rockets-honchkrow,1298,lopunny-dudunsparce
1,650,tie,1299,mega-greninja-ex,1300,dragapult-blaziken
1,651,p1,1301,ogerpon-meganium-hydrapple,1302,basic-box-m
1,652,tie,1303,slowking-scr,1304,ogerpon-meganium-hydrapple
1,653,p2,1305,dragapult-dusknoir,1306,dragapult-ex
1,654,tie,1307,alakazam-dudunsparce,1308,dragapult-dusknoir
1,655,p1,1309,alakazam-dudunsparce,1310,crustle-dri
1,656,p1,1311,n-zoroark,1312,dragapult-ex
1,657,tie,1313,n-zoroark,1314,dragapult-ex
1,658,p1,1315,rockets-honchkrow,1316,lopunny-dudunsparce
1,659,p1,1317,dragapult-dudunsparce,1318,alakazam-dudunsparce
1,660,p1,1319,dragapult-ex,1320,dragapult-blaziken
1,661,tie,1321,dragapult-dusknoir,1322,ogerpon-meganium-hydrapple
1,662,p1,1323,dragapult-ex,1324,?
1,663,p1,1325,dragapult-ex,1326,mega-venusaur-ex
1,664,p1,1327,ogerpon-meganium-hydrapple,1328,ogerpon-meganium-hydrapple
1,665,p2,1329,dragapult-dusknoir,1330,basic-box-m
1,666,p1,1331,festival-lead,1332,n-zoroark
1,667,p1,1333,ogerpon-meganium-hydrapple,1334,rockets-honchkrow
1,668,p2,1335,dragapult-ex,1336,?metagross
1,669,p1,1337,rockets-honchkrow,1338,ogerpon-meganium-hydrapple
1,670,p2,1339,slowking-scr,1340,dragapult-dusknoir
1,671,tie,1341,ogerpon-meganium-hydrapple,1342,mega-greninja-ex
1,672,p1,1343,dragapult-ex,1344,alakazam-dudunsparce
1,673,p2,1345,kangaskhan-bouffalant,1346,dragapult-ex
1,674,p2,1347,dragapult-dusknoir,1348,dragapult-ex
1,675,p1,1349,slowking-scr,1350,dragapult-ex
1,676,p1,1351,dragapult-ex,1352,dragapult-ex
1,677,p1,1353,dragapult-ex,1354,dragapult-dusknoir
1,678,p1,1355,dragapult-dusknoir,1356,beedrill-ex-cri
1,679,p2,1357,mega-greninja-ex,1358,dragapult-ex
1,680,p2,1359,cynthia-garchomp-ex,1360,dragapult-ex
1,681,p2,1361,festival-lead,1362,dragapult-dusknoir
1,682,tie,1363,dragapult-ex,1364,raging-bolt-ogerpon
1,683,p2,1365,ogerpon-meganium-hydrapple,1366,basic-box-m
1,684,p2,1367,dragapult-dusknoir,1368,dragapult-dusknoir
1,685,p2,1369,festival-lead,1370,dragapult-dusknoir
1,686,p1,1371,n-zoroark,1372,crustle-dri
1,687,p2,1373,diancie-dusknoir,1374,beedrill-ex-cri
1,688,p2,1375,lopunny-dudunsparce,1376,ogerpon-meganium-hydrapple
1,689,tie,1377,hops-trevenant,1378,hops-trevenant
1,690,p2,1379,dragapult-dusknoir,1380,dragapult-dusknoir
1,691,p1,1381,n-zoroark,1382,dragapult-ex
1,692,p2,1383,mega-lucario-ex,1384,dragapult-dusknoir
1,693,p1,1385,crustle-dri,1386,raging-bolt-ogerpon
1,694,p2,1387,dragapult-blaziken,1388,festival-lead
1,695,p2,1389,ogerpon-meganium-hydrapple,1390,ethan-typhlosion
1,696,p2,1391,dragapult-ex,1392,ogerpon-meganium-hydrapple
1,697,p2,1393,bronzong-tef,1394,dragapult-ex
1,698,p2,1395,mega-starmie-ex,1396,ogerpon-meganium-hydrapple
1,699,p1,1397,?metagross,1398,dragapult-ex
1,700,tie,1399,raging-bolt-ogerpon,1400,sharpedo-toxtricity
1,701,p2,1401,dragapult-dusknoir,1402,raging-bolt-ogerpon
1,702,p2,1403,n-zoroark,1404,ogerpon-meganium-hydrapple
1,703,p1,1405,festival-lead,1406,alakazam-dudunsparce
1,704,p2,1407,n-zoroark,1408,slowking-scr
1,705,p1,1409,slowking-scr,1410,dragapult-dusknoir
1,706,p1,1411,rocket-mewtwo-ex,1412,dragapult-ex
1,707,p1,1413,raging-bolt-ogerpon,1414,lopunny-dudunsparce
1,708,tie,1415,slowking-scr,1416,dragapult-blaziken
1,709,p1,1417,dragapult-ex,1418,alakazam-dudunsparce
1,710,p1,1419,cynthia-garchomp-ex,1420,lillie-clefairy
1,711,p2,1421,dragapult-dusknoir,1422,ogerpon-meganium-hydrapple
1,712,tie,1423,dragapult-ex,1424,dragapult-ex
1,713,p2,1425,greninja-ex,1426,dragapult-dusknoir
1,714,p2,1427,ursaluna-lunatone,1428,dragapult-blaziken
1,715,p2,1429,raging-bolt-ogerpon,1430,basic-box-m
1,716,p1,1431,ogerpon-meganium-hydrapple,1432,basic-box-m
1,717,tie,1433,beedrill-ex-cri,1434,slowking-scr
1,718,tie,1435,dragapult-ex,1436,dragapult-ex
1,719,p1,1437,mega-greninja-ex,1438,alakazam-dudunsparce
1,720,p2,1439,mega-lucario-ex,1440,dragapult-ex
1,721,p1,1441,dragapult-ex,1442,archaludon-dudunsparce
1,722,p2,1443,dragapult-blaziken,1444,basic-box-m
1,723,p2,1445,alakazam-dudunsparce,1446,rockets-honchkrow
1,724,p2,1447,dragapult-dusknoir,1448,raging-bolt-ogerpon
1,725,p1,1449,crustle-dri,1450,dragapult-ex
1,726,p1,1451,dragapult-ex,1452,archaludon-ex
1,727,tie,1453,alakazam-dudunsparce,1454,dragapult-blaziken
1,728,tie,1455,rockets-honchkrow,1456,dragapult-ex
1,729,p2,1457,dragapult-ex,1458,dragapult-dusknoir
1,730,p2,1459,lucario-hariyama,1460,slowking-scr
1,731,p1,1461,dragapult-dusknoir,1462,dragapult-ex
1,732,p2,1463,raging-bolt-ogerpon,1464,ogerpon-meganium-hydrapple
1,733,p2,1465,raging-bolt-ogerpon,1466,n-zoroark
1,734,p1,1467,ethan-typhlosion,1468,dragapult-blaziken
1,735,p2,1469,crustle-dri,1470,ogerpon-meganium-hydrapple
1,736,p2,1471,mega-greninja-ex,1472,dragapult-ex
1,737,p2,1473,mega-starmie-ex,1474,dragapult-dusknoir
1,738,p1,1475,festival-lead,1476,n-zoroark
1,739,p2,1477,dragapult-dusknoir,1478,ethan-typhlosion
1,740,p2,1479,rocket-mewtwo-ex,1480,crustle-dri
1,741,p1,1481,dragapult-blaziken,1482,alakazam-dudunsparce
1,742,p2,1483,n-zoroark,1484,grimmsnarl-froslass
1,743,p2,1485,mega-venusaur-ex,1486,basic-box-m
1,744,p2,1487,rockets-honchkrow,1488,dragapult-dusknoir
1,745,p1,1489,diancie-dusknoir,1490,ogerpon-meganium-hydrapple
1,746,p2,1491,dragapult-dusknoir,1492,rocket-mewtwo-ex
1,747,tie,1493,dragapult-ex,1494,dragapult-ex
1,748,p1,1495,greninja-ex,1496,mega-lucario-ex
1,749,p1,1497,dragapult-ex,1498,doublade-por
1,750,p1,1499,alakazam-dudunsparce,1500,cynthia-garchomp-ex
1,751,p1,1501,clefairy-ogerpon,1502,n-zoroark
1,752,tie,1503,dragapult-ex,1504,ogerpon-meganium-hydrapple
1,753,p2,1505,ogerpon-meganium-hydrapple,1506,dragapult-dusknoir
1,754,tie,1507,ogerpon-meganium-hydrapple,1508,alakazam-dudunsparce
1,755,p1,1509,slowking-scr,1510,crustle-dri
1,756,p2,1511,joltik-box,1512,dragapult-ex
1,757,p2,1513,dragapult-dusknoir,1514,dragapult-ex
1,758,p2,1515,basic-box-m,1516,crustle-dri
1,759,p2,1517,ethan-typhlosion,1518,dragapult-ex
1,760,p1,1519,crustle-dri,1520,dragapult-ex
1,761,p2,1521,starmie-froslass,1522,mega-absol-box
1,762,p1,1523,n-zoroark,1524,kangaskhan-bouffalant
1,763,p1,1525,dragapult-dusknoir,1526,dragapult-ex
1,764,p2,1527,dragapult-ex,1528,greninja-ex
1,765,p1,1529,dragapult-dusknoir,1530,beedrill-ex-cri
1,766,p1,1531,grimmsnarl-froslass,1532,dragapult-blaziken
1,767,tie,1533,dragapult-dusknoir,1534,cynthia-garchomp-ex
1,768,p1,1535,slowking-scr,1536,n-zoroark
1,769,p1,1537,dragapult-blaziken,1538,mega-venusaur-ex
1,770,p2,1539,alakazam-dudunsparce,1540,raging-bolt-ogerpon
1,771,tie,1541,dragapult-ex,1542,crustle-dri
1,772,p1,1543,basic-box-m,1544,dragapult-ex
1,773,tie,1545,alakazam-dudunsparce,1546,cynthia-garchomp-ex
1,774,p1,1547,dragapult-ex,1548,ogerpon-meganium-hydrapple
1,775,p2,1549,?metagross,1550,lillie-clefairy
1,776,p2,1551,mega-greninja-ex,1552,dragapult-ex
1,777,p1,1553,festival-lead,1554,rocket-mewtwo-ex
1,778,p1,1555,dragapult-ex,1556,ethan-typhlosion
1,779,p1,1557,dragapult-ex,1558,dragapult-ex
1,780,p1,1559,raging-bolt-ogerpon,1560,rocket-mewtwo-ex
1,781,p2,1561,n-zoroark,1562,dragapult-ex
1,782,p1,1563,alakazam-dudunsparce,1564,festival-lead
1,783,p2,1565,mega-greninja-ex,1566,dragapult-blaziken
1,784,p1,1567,ethan-typhlosion,1568,dragapult-dusknoir
1,785,p1,1569,n-zoroark,1570,starmie-dusknoir
1,786,p1,1571,dragapult-blaziken,1572,dragapult-blaziken
1,787,p2,1573,ogerpon-meganium-hydrapple,1574,lopunny-dudunsparce
1,788,p2,1575,slowking-scr,1576,dragapult-dusknoir
1,789,p2,1577,dragapult-ex,1578,alakazam-dudunsparce
1,790,tie,1579,dragapult-ex,1580,alakazam-dudunsparce
1,791,p1,1581,palafin-ex,1582,n-zoroark
1,792,p2,1583,lillie-clefairy,1584,mega-greninja-ex
1,793,p1,1585,dragapult-ex,1586,ogerpon-meganium-hydrapple
1,794,p2,1587,raging-bolt-ogerpon,1588,archaludon-dudunsparce
1,795,p1,1589,dragapult-ex,1590,dragapult-ex
1,796,p1,1591,n-zoroark,1592,dragapult-ex
1,797,p1,1593,dragapult-ex,1594,mega-greninja-ex
1,798,p1,1595,dragapult-ex,1596,dragapult-ex
1,799,p1,1597,rocket-mewtwo-ex,1598,sylveon-pre
1,800,p1,1599,basic-box-m,1600,dragapult-ex
1,801,p1,1601,alakazam-dudunsparce,1602,beedrill-ex-cri
1,802,p2,1603,mega-greninja-ex,1604,dragapult-ex
1,803,p2,1605,dragapult-ex,1606,rockets-honchkrow
1,804,p1,1607,dragapult-blaziken,1608,n-zoroark
1,805,p1,1609,festival-lead,1610,lillie-clefairy
1,806,p1,1611,dragapult-ex,1612,dragapult-ex
1,807,p2,1613,ogerpon-meganium-hydrapple,1614,festival-lead
1,808,p1,1615,rockets-honchkrow,1616,dragapult-dusknoir
1,809,p1,1617,mega-greninja-ex,1618,dragapult-ex
1,810,p2,1619,alakazam-dudunsparce,1620,alakazam-dudunsparce
1,811,p2,1621,dragapult-ex,1622,dragapult-blaziken
1,812,p1,1623,dragapult-ex,1624,okidogi-barbaracle
1,813,p1,1625,dragapult-blaziken,1626,ogerpon-meganium-hydrapple
1,814,p2,1627,cynthia-garchomp-ex,1628,dragapult-ex
1,815,tie,1629,dragapult-ex,1630,?metagross
1,816,p1,1631,dragapult-blaziken,1632,alakazam-dudunsparce
1,817,p2,1633,dragapult-ex,1634,festival-lead
1,818,tie,1635,lillie-clefairy,1636,dragapult-ex
1,819,p1,1637,dragapult-ex,1638,?metagross
1,820,p1,1639,dragapult-dusknoir,1640,beedrill-ex-cri
1,821,p1,1641,raging-bolt-ogerpon,1642,dragapult-dusknoir
1,822,p2,1643,n-zoroark,1644,dragapult-ex
1,823,tie,1645,dragapult-blaziken,1646,basic-box-m
1,824,p2,1647,dragapult-dusknoir,1648,basic-box-m
1,825,p1,1649,festival-lead,1650,dragapult-dusknoir
1,826,tie,1651,raging-bolt-ogerpon,1652,ogerpon-meganium-hydrapple
1,827,tie,1653,mega-greninja-ex,1654,dragapult-dusknoir
1,828,p2,1655,dragapult-dusknoir,1656,dragapult-ex
1,829,p2,1657,beedrill-ex-cri,1658,rockets-honchkrow
1,830,p1,1659,dragapult-dusknoir,1660,crustle-dri
1,831,tie,1661,n-zoroark,1662,basic-box-m
1,832,p1,1663,lopunny-dudunsparce,1664,ogerpon-meganium-hydrapple
1,833,p1,1665,n-zoroark,1666,lucario-hariyama
1,834,p1,1667,raging-bolt-ogerpon,1668,diancie-dusknoir
1,835,p1,1669,alakazam-dudunsparce,1670,ceruledge-ex
1,836,tie,1671,hops-trevenant,1672,dragapult-ex
1,837,p2,1673,dragapult-ex,1674,n-zoroark
1,838,tie,1675,lopunny-dudunsparce,1676,dragapult-dusknoir
1,839,p2,1677,other,1678,mega-greninja-ex
1,840,p1,1679,n-zoroark,1680,greninja-ex
1,841,p2,1681,mega-lucario-ex,1682,slowking-scr
1,842,p2,1683,dragapult-blaziken,1684,dragapult-ex
1,843,tie,1685,dragapult-ex,1686,mega-lucario-ex
1,844,p1,1687,dragapult-ex,1688,raging-bolt-ogerpon
1,845,p1,1689,other,1690,lucario-hariyama
1,846,p2,1691,alakazam-dudunsparce,1692,dragapult-blaziken
1,847,p1,1693,basic-box-m,1694,raging-bolt-ogerpon
1,848,p2,1695,alakazam-dudunsparce,1696,dragapult-ex
1,849,p1,1697,?metagross,1698,dragapult-ex
1,850,tie,1699,dragapult-dusknoir,1700,slowking-scr
1,851,p2,1701,ethan-typhlosion,1702,dragapult-ex
1,852,tie,1703,?metagross,1704,?metagross
1,853,p1,1705,dragapult-dudunsparce,1706,slowking-scr
1,854,p2,1707,rocket-mewtwo-ex,1708,dragapult-ex
1,855,tie,1709,archaludon-dudunsparce,1710,lillie-clefairy
1,856,p2,1711,starmie-dusknoir,1712,mega-lucario-ex
1,857,p1,1713,grimmsnarl-froslass,1714,n-zoroark
1,858,tie,1715,ogerpon-meganium-hydrapple,1716,dragapult-ex
1,859,p1,1717,ogerpon-meganium-hydrapple,1718,n-zoroark
1,860,p1,1719,mega-lucario-ex,1720,dragapult-dusknoir
1,861,p1,1721,slowking-scr,1722,lucario-hariyama
1,862,p2,1723,dragapult-ex,1724,raging-bolt-ogerpon
1,863,p2,1725,ogerpon-meganium-hydrapple,1726,dragapult-dusknoir
1,864,p1,1727,festival-lead,1728,dragapult-ex
1,865,p2,1729,dragapult-ex,1730,dragapult-ex
1,866,p2,1731,dragapult-dusknoir,1732,n-zoroark
1,867,p1,1733,hops-trevenant,1734,dragapult-dusknoir
1,868,p2,1735,mega-greninja-ex,1736,dragapult-ex
1,869,p1,1737,beedrill-ex-cri,1738,mega-venusaur-ex
1,870,p2,1739,dragapult-dusknoir,1740,ogerpon-meganium-hydrapple
1,871,p1,1741,dragapult-blaziken,1742,dragapult-ex
1,872,p1,1743,dragapult-ex,1744,slowking-scr
1,873,p2,1745,starmie-dusknoir,1746,alakazam-dudunsparce
1,874,tie,1747,beedrill-ex-cri,1748,rocket-mewtwo-ex
1,875,p2,1749,ogerpon-meganium-hydrapple,1750,basic-box-m
1,876,p2,1751,basic-box-m,1752,n-zoroark
1,877,p2,1753,cynthia-garchomp-ex,1754,slowking-scr
1,878,p2,1755,dragapult-ex,1756,dragapult-ex
1,879,p2,1757,rockets-honchkrow,1758,beedrill-ex-cri
1,880,p1,1759,cynthia-garchomp-ex,1760,ethan-typhlosion
1,881,tie,1761,slowking-scr,1762,other
1,882,p2,1763,raging-bolt-ogerpon,1764,clefairy-ogerpon
1,883,p1,1765,dragapult-ex,1766,mega-greninja-ex
1,884,p2,1767,hops-trevenant,1768,beedrill-ex-cri
1,885,p1,1769,okidogi-barbaracle,1770,dragapult-ex
1,886,p1,1771,dragapult-ex,1772,basic-box-m
1,887,p2,1773,greninja-ex,1774,dragapult-ex
1,888,p1,1775,dragapult-ex,1776,starmie-froslass
1,889,p2,1777,hops-trevenant,1778,dragapult-ex
1,890,tie,1779,dragapult-blaziken,1780,lopunny-dudunsparce
1,891,p2,1781,crustle-dri,1782,dragapult-dusknoir
1,892,p1,1783,dragapult-ex,1784,dragapult-ex
1,893,p1,1785,crustle-dri,1786,mega-greninja-ex
1,894,tie,1787,dragapult-blaziken,1788,dragapult-ex
1,895,p2,1789,dragapult-ex,1790,slowking-scr
1,896,p2,1791,other,1792,ogerpon-meganium-hydrapple
1,897,p1,1793,starmie-froslass,1794,ceruledge-ex
1,898,p1,1795,dragapult-dusknoir,1796,lucario-hariyama
1,899,p1,1797,dragapult-ex,1798,ogerpon-meganium-hydrapple
1,900,p1,1799,n-zoroark,1800,alakazam-dudunsparce
1,901,p2,1801,dragapult-ex,1802,slowking-scr
1,902,p1,1803,ogerpon-meganium-hydrapple,1804,hops-trevenant
1,903,p1,1805,slowking-scr,1806,alakazam-dudunsparce
1,904,p1,1807,ethan-typhlosion,1808,ogerpon-meganium-hydrapple
1,905,p2,1809,raging-bolt-ogerpon,1810,dragapult-dusknoir
1,906,p2,1811,greninja-ex,1812,dragapult-ex
1,907,p2,1813,dragapult-ex,1814,rockets-honchkrow
1,908,p1,1815,rocket-spidops,1816,alakazam-dudunsparce
1,909,tie,1817,dragapult-ex,1818,dragapult-dusknoir
1,910,p1,1819,cynthia-garchomp-ex,1820,lillie-clefairy
1,911,p1,1821,ethan-typhlosion,1822,other
1,912,p2,1823,dragapult-ex,1824,dragapult-dusknoir
1,913,p2,1825,dragapult-ex,1826,dragapult-ex
1,914,p1,1827,alakazam-dudunsparce,1828,slowking-scr
1,915,p1,1829,alakazam-dudunsparce,1830,dragapult-ex
1,916,p1,1831,dragapult-blaziken,1832,dragapult-ex
1,917,tie,1833,?metagross,1834,dragapult-dusknoir
1,918,p1,1835,raging-bolt-ogerpon,1836,ethan-typhlosion
1,919,p1,1837,raging-bolt-ogerpon,1838,n-zoroark
1,920,tie,1839,cynthia-garchomp-ex,1840,mega-greninja-ex
1,921,p2,1841,other,1842,mega-greninja-ex
1,922,p2,1843,dragapult-ex,1844,crustle-dri
1,923,p1,1845,rocket-mewtwo-ex,1846,dragapult-dusknoir
1,924,p1,1847,dragapult-ex,1848,slowking-scr
1,925,p1,1849,mega-greninja-ex,1850,greninja-ex
1,926,p2,1851,dragapult-dusknoir,1852,dragapult-dusknoir
1,927,p2,1853,greninja-ex,1854,n-zoroark
1,928,p1,1855,dragapult-ex,1856,raging-bolt-ogerpon
1,929,p2,1857,alakazam-dudunsparce,1858,dragapult-ex
1,930,p2,1859,lopunny-dudunsparce,1860,alakazam-dudunsparce
1,931,p2,1861,mega-greninja-ex,1862,other
1,932,tie,1863,dragapult-ex,1864,lucario-hariyama
1,933,p2,1865,dragapult-ex,1866,dragapult-ex
1,934,p1,1867,dragapult-blaziken,1868,hops-trevenant
1,935,p2,1869,crustle-dri,1870,basic-box-m
1,936,p1,1871,mega-lucario-ex,1872,crustle-dri
1,937,p2,1873,festival-lead,1874,dragapult-ex
1,938,p2,1875,raging-bolt-ogerpon,1876,n-zoroark
1,939,p2,1877,alakazam-dudunsparce,1878,dragapult-ex
1,940,tie,1879,dragapult-ex,1880,n-zoroark
1,941,p1,1881,blaziken-zoroark,1882,cynthia-garchomp-ex
1,942,p1,1883,dragapult-dusknoir,1884,starmie-froslass
1,943,p2,1885,mega-greninja-ex,1886,dragapult-ex
1,944,p2,1887,mega-greninja-ex,1888,alakazam-dudunsparce
1,945,p2,1889,dragapult-ex,1890,lucario-hariyama
1,946,p2,1891,ogerpon-meganium-hydrapple,1892,beedrill-ex-cri
1,947,p1,1893,dragapult-ex,1894,ogerpon-meganium-hydrapple
1,948,p1,1895,rockets-honchkrow,1896,rocket-mewtwo-ex
1,949,p1,1897,alakazam-dudunsparce,1898,ethan-typhlosion
1,950,p2,1899,lucario-hariyama,1900,hops-trevenant
1,951,p1,1901,dragapult-ex,1902,dragapult-dusknoir
1,952,p2,1903,grimmsnarl-froslass,1904,starmie-froslass
1,953,p1,1905,slowking-scr,1906,slowking-scr
1,954,p1,1907,dragapult-ex,1908,starmie-froslass
1,955,p1,1909,mega-greninja-ex,1910,beedrill-ex-cri
1,956,p2,1911,ogerpon-meganium-hydrapple,1912,lucario-hariyama
1,957,p1,1913,alakazam-dudunsparce,1914,lillie-clefairy
1,958,p2,1915,rocket-mewtwo-ex,1916,dragapult-ex
1,959,p1,1917,beedrill-ex-cri,1918,dragapult-dusknoir
1,960,p1,1919,ogerpon-meganium-hydrapple,1920,dragapult-blaziken
1,961,p1,1921,dragapult-dusknoir,1922,basic-box-m
1,962,p2,1923,rockets-honchkrow,1924,slowking-scr
1,963,p2,1925,mega-venusaur-ex,1926,dragapult-blaziken
1,964,p1,1927,raging-bolt-ogerpon,1928,ogerpon-meganium-hydrapple
1,965,p1,1929,greninja-ex,1930,lucario-hariyama
1,966,p1,1931,ethan-typhlosion,1932,rocket-mewtwo-ex
1,967,p2,1933,dragapult-ex,1934,alakazam-dudunsparce
1,968,p1,1935,dragapult-dusknoir,1936,dragapult-ex
1,969,p2,1937,mega-absol-box,1938,cynthia-garchomp-ex
1,970,p1,1939,ogerpon-meganium-hydrapple,1940,ogerpon-meganium-hydrapple
1,971,p1,1941,dragapult-dusknoir,1942,paldean-tauros-pfl
1,972,p2,1943,ogerpon-meganium-hydrapple,1944,mega-lucario-ex
1,973,p1,1945,dragapult-blaziken,1946,mega-greninja-ex
1,974,tie,1947,lopunny-dudunsparce,1948,slowking-scr
1,975,p1,1949,dragapult-ex,1950,dragapult-dusknoir
1,976,tie,1951,n-zoroark,1952,crustle-dri
1,977,p2,1953,basic-box-m,1954,alakazam-dudunsparce
1,978,p1,1955,crustle-dri,1956,dragapult-ex
1,979,tie,1957,starmie-froslass,1958,starmie-froslass
1,980,p2,1959,dragapult-ex,1960,dragapult-ex
1,981,p1,1961,dragapult-ex,1962,dragapult-dusknoir
1,982,tie,1963,ogerpon-meganium-hydrapple,1964,dragapult-ex
1,983,p1,1965,dragapult-ex,1966,alakazam-dudunsparce
1,984,p2,1967,lucario-hariyama,1968,dragapult-ex
1,985,p1,1969,dragapult-ex,1970,dragapult-ex
1,986,p1,1971,dragapult-blaziken,1972,dragapult-dusknoir
1,987,p2,1973,slowking-scr,1974,beedrill-ex-cri
1,988,p1,1975,dragapult-dusknoir,1976,starmie-froslass
1,989,p2,1977,?metagross,1978,dragapult-ex
1,990,p1,1979,dragapult-dusknoir,1980,cynthia-garchomp-ex
1,991,p1,1981,dragapult-dusknoir,1982,dragapult-ex
1,992,p1,1983,alakazam-dudunsparce,1984,n-zoroark
1,993,p2,1985,dragapult-ex,1986,dragapult-ex
1,994,p2,1987,dragapult-dusknoir,1988,mega-greninja-ex
1,995,p1,1989,dragapult-ex,1990,dragapult-ex
1,996,p1,1991,dragapult-ex,1992,dragapult-ex
1,997,tie,1993,rocket-mewtwo-ex,1994,dragapult-dusknoir
1,998,p2,1995,ogerpon-meganium-hydrapple,1996,ogerpon-meganium-hydrapple
1,999,p2,1997,?metagross,1998,dragapult-blaziken
1,1000,p2,1999,slowking-scr,2000,dragapult-ex
1,1001,p2,2001,dragapult-ex,2002,tera-box
1,1002,p1,2003,starmie-froslass,2004,mega-greninja-ex
1,1003,p2,2005,dragapult-blaziken,2006,ogerpon-meganium-hydrapple
1,1004,p1,2007,ogerpon-meganium-hydrapple,2008,dragapult-ex
1,1005,p1,2009,dragapult-ex,2010,alakazam-dudunsparce
1,1006,p1,2011,dragapult-dusknoir,2012,lucario-hariyama
1,1007,p1,2013,dragapult-ex,2014,toxtricity-pfl
1,1008,p2,2015,mega-venusaur-ex,2016,dragapult-ex
1,1009,p1,2017,lucario-hariyama,2018,mega-abomasnow-ex
1,1010,p1,2019,dragapult-dusknoir,2020,lillie-clefairy
1,1011,p2,2021,dragapult-ex,2022,alakazam-dudunsparce
1,1012,p1,2023,dragapult-ex,2024,mega-greninja-ex
1,1013,p1,2025,dragapult-ex,2026,ogerpon-meganium-hydrapple
1,1014,p1,2027,rocket-mewtwo-ex,2028,n-zoroark
1,1015,p1,2029,alakazam-dudunsparce,2030,dragapult-dusknoir
1,1016,p2,2031,cynthia-garchomp-ex,2032,dragapult-blaziken
1,1017,p1,2033,basic-box-m,2034,mega-lucario-ex
1,1018,p2,2035,raging-bolt-ogerpon,2036,lillie-clefairy
1,1019,p2,2037,dragapult-blaziken,2038,other
1,1020,p1,2039,yanmega-ex,2040,basic-box-m
1,1021,p1,2041,ogerpon-meganium-hydrapple,2042,alakazam-dudunsparce
1,1022,p1,2043,alakazam-dudunsparce,2044,raging-bolt-ogerpon
1,1023,p1,2045,mega-greninja-ex,2046,lucario-hariyama
1,1024,p1,2047,dragapult-dusknoir,2048,dragapult-ex
1,1025,p1,2049,slowking-scr,2050,dragapult-ex
1,1026,p1,2051,lillie-clefairy,2052,dragapult-dusknoir
1,1027,p2,2053,dragapult-ex,2054,dragapult-dusknoir
1,1028,p1,2055,dragapult-dusknoir,2056,alakazam-dudunsparce
1,1029,p2,2057,mega-greninja-ex,2058,dragapult-froslass
1,1030,p1,2059,dragapult-ex,2060,mega-lucario-ex
1,1031,tie,2061,dragapult-ex,2062,n-zoroark
1,1032,p1,2063,raging-bolt-ogerpon,2064,hops-trevenant
1,1033,p2,2065,crustle-dri,2066,crustle-dri
1,1035,tie,2067,dragapult-ex,2068,dragapult-dusknoir
1,1036,p1,2069,raging-bolt-ogerpon,2070,rockets-honchkrow
1,1037,tie,2071,raging-bolt-ogerpon,2072,slowking-scr
1,1038,p1,2073,dragapult-ex,2074,slowking-scr
1,1039,tie,2075,n-zoroark,2076,dragapult-ex
1,1040,tie,2077,beedrill-ex-cri,2078,slowking-scr
1,1041,p1,2079,dragapult-ex,2080,basic-box-m
1,1042,p1,2081,alakazam-dudunsparce,2082,ogerpon-meganium-hydrapple
1,1043,p1,2083,lillie-clefairy,2084,ogerpon-meganium-hydrapple
1,1044,tie,2085,dragapult-dusknoir,2086,n-zoroark
1,1045,p2,2087,dragapult-dusknoir,2088,dragapult-ex
1,1046,p1,2089,crustle-dri,2090,dragapult-dusknoir
1,1047,p2,2091,dragapult-dusknoir,2092,other
1,1048,p2,2093,crustle-dri,2094,other
1,1049,p2,2095,reging-bolt-bellibolt,2096,ogerpon-meganium-hydrapple
1,1050,p2,2097,lillie-clefairy,2098,raging-bolt-ogerpon
1,1051,p2,2099,lucario-hariyama,2100,dragapult-dusknoir
1,1052,p1,2101,lillie-clefairy,2102,greninja-ex
1,1053,p2,2103,cynthia-garchomp-ex,2104,rocket-mewtwo-ex
1,1054,p1,2105,n-zoroark,2106,?
1,1056,p1,2107,rockets-honchkrow,2108,hops-trevenant
1,1057,p1,2109,dragapult-ex,2110,ogerpon-meganium-hydrapple
1,1058,p2,2111,n-zoroark,2112,dragapult-dusknoir
1,1059,p2,2113,alakazam-dudunsparce,2114,ogerpon-meganium-hydrapple
1,1060,p1,2115,dragapult-dusknoir,2116,dragapult-dusknoir
1,1061,p1,2117,dragapult-blaziken,2118,ogerpon-meganium-hydrapple
1,1062,p1,2119,slowking-scr,2120,dragapult-ex
1,1063,p1,2121,festival-lead,2122,mega-greninja-ex
1,1064,p2,2123,lucario-hariyama,2124,festival-lead
1,1065,p2,2125,?metagross,2126,rockets-honchkrow
1,1066,p1,2127,rocket-mewtwo-ex,2128,cynthia-garchomp-ex
1,1067,p1,2129,dragapult-dusknoir,2130,mega-greninja-ex
1,1068,p2,2131,basic-box-m,2132,raging-bolt-ogerpon
1,1069,p2,2133,dragapult-blaziken,2134,dragapult-ex
1,1070,tie,2135,basic-box-m,2136,dragapult-blaziken
1,1071,p1,2137,dragapult-ex,2138,dragapult-ex
1,1072,tie,2139,mega-greninja-ex,2140,dragapult-dusknoir
1,1073,p2,2141,dragapult-ex,2142,mega-greninja-ex
1,1074,p1,2143,n-zoroark,2144,basic-box-m
1,1075,p1,2145,slowking-scr,2146,slowking-scr
1,1076,p1,2147,ogerpon-meganium-hydrapple,2148,dragapult-blaziken
1,1077,p1,2149,slowking-scr,2150,mega-greninja-ex
1,1078,p1,2151,raging-bolt-ogerpon,2152,basic-box-m
1,1079,p1,2153,ogerpon-meganium-hydrapple,2154,greninja-ex
1,1080,p2,2155,crustle-dri,2156,hops-trevenant
1,1081,p1,2157,crustle-dri,2158,hops-trevenant
1,1082,p2,2159,starmie-dusknoir,2160,n-zoroark
1,1083,tie,2161,cynthia-garchomp-ex,2162,dragapult-ex
1,1084,tie,2163,alakazam-dudunsparce,2164,raging-bolt-ogerpon
1,1085,p1,2165,dragapult-blaziken,2166,mega-venusaur-ex
1,1086,p1,2167,alakazam-dudunsparce,2168,raging-bolt-ogerpon
1,1087,p1,2169,dragapult-ex,2170,rocket-mewtwo-ex
1,1088,p2,2171,?metagross,2172,ogerpon-meganium-hydrapple
1,1089,p2,2173,dragapult-ex,2174,?metagross
1,1090,p2,2175,slowking-scr,2176,dragapult-dusknoir
1,1091,p1,2177,dragapult-ex,2178,dragapult-ex
1,1092,p2,2179,doublade-por,2180,dragapult-blaziken
1,1093,p1,2181,dragapult-ex,2182,alakazam-dudunsparce
1,1094,p2,2183,lopunny-dudunsparce,2184,dragapult-ex
1,1095,p2,2185,mega-greninja-ex,2186,lopunny-dudunsparce
1,1096,p1,2187,festival-lead,2188,mega-lucario-ex
1,1097,p2,2189,lillie-clefairy,2190,slowking-scr
1,1098,p1,2191,crustle-dri,2192,crustle-dri
1,1099,p1,2193,dragapult-ex,2194,mega-greninja-ex
1,1100,p2,2195,beedrill-ex-cri,2196,ethan-typhlosion
1,1101,p1,2197,slowking-scr,2198,?
1,1102,p2,2199,beedrill-ex-cri,2200,?
1,1103,p1,2201,dragapult-ex,2202,ceruledge-ex
1,1104,p2,2203,slowking-scr,2204,slowking-scr
1,1105,p2,2205,alakazam-dudunsparce,2206,raging-bolt-ogerpon
1,1106,p1,2207,ogerpon-meganium-hydrapple,2208,greninja-ex
1,1107,p1,2209,dragapult-blaziken,2210,beedrill-ex-cri
1,1108,p2,2211,lillie-clefairy,2212,dragapult-ex
1,1109,p2,2213,dragapult-dusknoir,2214,dragapult-dusknoir
1,1110,p2,2215,doublade-por,2216,alakazam-dudunsparce
1,1111,tie,2217,beedrill-ex-cri,2218,dragapult-ex
1,1112,p2,2219,basic-box-m,2220,n-zoroark
1,1113,tie,2221,beedrill-ex-cri,2222,n-zoroark
1,1114,p2,2223,dragapult-ex,2224,dragapult-ex
1,1115,p1,2225,dragapult-ex,2226,other
1,1116,p1,2227,n-zoroark,2228,ogerpon-meganium-hydrapple
1,1117,p2,2229,n-zoroark,2230,basic-box-m
1,1118,p1,2231,slowking-scr,2232,flareon-noctowl
1,1119,p2,2233,dragapult-blaziken,2234,dragapult-dusknoir
1,1120,p2,2235,dragapult-dusknoir,2236,rockets-honchkrow
1,1121,p2,2237,raging-bolt-ogerpon,2238,alakazam-dudunsparce
1,1122,p1,2239,n-zoroark,2240,n-zoroark
1,1123,p1,2241,ogerpon-meganium-hydrapple,2242,rockets-honchkrow
1,1124,tie,2243,dragapult-ex,2244,hops-trevenant
1,1125,p1,2245,dragapult-dusknoir,2246,dragapult-ex
1,1126,p2,2247,toxtricity-box,2248,hops-trevenant
1,1127,p2,2249,raging-bolt-ogerpon,2250,n-zoroark
1,1128,p1,2251,dragapult-dusknoir,2252,dragapult-ex
1,1129,p2,2253,alakazam-dudunsparce,2254,dragapult-blaziken
1,1131,p2,2255,dragapult-ex,2256,beedrill-ex-cri
1,1132,p2,2257,dragapult-dusknoir,2258,dragapult-ex
1,1133,p2,2259,dragapult-ex,2260,alakazam-dudunsparce
1,1134,p1,2261,dragapult-dusknoir,2262,dragapult-dusknoir
1,1135,tie,2263,dragapult-blaziken,2264,slowking-scr
1,1136,tie,2265,alakazam-dudunsparce,2266,beedrill-ex-cri
1,1137,p1,2267,n-zoroark,2268,dragapult-ex
1,1138,p2,2269,alakazam-dudunsparce,2270,rockets-honchkrow
1,1139,tie,2271,okidogi-barbaracle,2272,grimmsnarl-froslass
1,1140,p2,2273,dragapult-dusknoir,2274,rocket-mewtwo-ex
1,1141,p2,2275,rocket-mewtwo-ex,2276,crustle-dri
1,1142,p2,2277,dragapult-ex,2278,dragapult-ex
1,1143,p1,2279,lopunny-dudunsparce,2280,hops-trevenant
1,1144,p1,2281,dragapult-ex,2282,ogerpon-meganium-hydrapple
1,1145,tie,2283,dragapult-ex,2284,ethan-typhlosion
1,1146,p1,2285,dragapult-ex,2286,grimmsnarl-froslass
1,1147,tie,2287,other,2288,lucario-hariyama
1,1148,p2,2289,palafin-ex,2290,alakazam-dudunsparce
1,1149,p2,2291,dragapult-dusknoir,2292,raging-bolt-ogerpon
1,1150,p1,2293,dragapult-dusknoir,2294,lillie-clefairy
1,1151,p2,2295,alakazam-dudunsparce,2296,crustle-dri
1,1152,tie,2297,ogerpon-meganium-hydrapple,2298,alakazam-dudunsparce
1,1153,tie,2299,dragapult-ex,2300,slowking-scr
1,1154,tie,2301,dragapult-dusknoir,2302,mega-greninja-ex
1,1155,p1,2303,tera-box,2304,dragapult-dusknoir
1,1156,p1,2305,dragapult-ex,2306,greninja-ex
1,1157,p2,2307,dragapult-ex,2308,basic-box-m
1,1158,p2,2309,rocket-spidops,2310,n-zoroark
1,1159,p1,2311,lillie-clefairy,2312,raging-bolt-ogerpon
1,1160,tie,2313,dragapult-dusknoir,2314,rockets-honchkrow
1,1161,p1,2315,dragapult-ex,2316,dragapult-blaziken
1,1162,p1,2317,?metagross,2318,dragapult-ex
1,1163,p2,2319,festival-lead,2320,dragapult-ex
1,1164,p2,2321,dragapult-blaziken,2322,dragapult-ex
1,1165,p1,2323,dragapult-ex,2324,diancie-dusknoir
1,1166,tie,2325,dragapult-ex,2326,dragapult-ex
1,1167,p2,2327,slowking-scr,2328,dragapult-dusknoir
1,1168,tie,2329,starmie-froslass,2330,dragapult-dusknoir
1,1169,p1,2331,dragapult-blaziken,2332,dragapult-dudunsparce
1,1170,p2,2333,slowking-scr,2334,lopunny-dudunsparce
1,1171,p1,2335,archaludon-dudunsparce,2336,ogerpon-meganium-hydrapple
1,1172,p2,2337,diancie-dusknoir,2338,dragapult-ex
1,1173,p1,2339,ceruledge-ex,2340,raging-bolt-ogerpon
1,1174,p2,2341,basic-box-m,2342,ogerpon-meganium-hydrapple
1,1175,p1,2343,dragapult-blaziken,2344,ogerpon-meganium-hydrapple
1,1176,p1,2345,lucario-hariyama,2346,lucario-hariyama
1,1177,tie,2347,other,2348,dragapult-ex
1,1178,p1,2349,dragapult-dusknoir,2350,n-zoroark
1,1179,p1,2351,cynthia-garchomp-ex,2352,mega-greninja-ex
1,1180,p1,2353,lopunny-dudunsparce,2354,dragapult-dudunsparce
1,1181,tie,2355,dragapult-ex,2356,dragapult-dudunsparce
1,1182,p1,2357,slowking-scr,2358,raging-bolt-ogerpon
1,1183,p1,2359,dragapult-dudunsparce,2360,dragapult-froslass
1,1184,p1,2361,alakazam-dudunsparce,2362,kangaskhan-bouffalant
1,1185,p1,2363,ogerpon-meganium-hydrapple,2364,ogerpon-meganium-hydrapple
1,1186,tie,2365,n-zoroark,2366,mega-greninja-ex
1,1187,p2,2367,dragapult-ex,2368,basic-box-m
1,1188,p2,2369,slowking-scr,2370,alakazam-dudunsparce
1,1189,p2,2371,beedrill-ex-cri,2372,alakazam-dudunsparce
1,1190,p1,2373,slowking-scr,2374,raging-bolt-ogerpon
1,1191,p1,2375,slowking-scr,2376,beedrill-ex-cri
1,1192,p1,2377,slowking-scr,2378,ogerpon-meganium-arboliva
1,1193,p2,2379,dragapult-blaziken,2380,starmie-dusknoir
1,1194,p1,2381,beedrill-ex-cri,2382,dragapult-dusknoir
1,1195,p1,2383,slowking-scr,2384,starmie-dusknoir
1,1196,p1,2385,starmie-dusknoir,2386,manectric-eelektrik
1,1197,tie,2387,archaludon-dudunsparce,2388,mega-greninja-ex
1,1198,p2,2389,dragapult-dudunsparce,2390,hops-trevenant
1,1199,p2,2391,lopunny-dudunsparce,2392,raging-bolt-ogerpon
1,1200,p2,2393,rocket-mewtwo-ex,2394,raging-bolt-ogerpon
1,1201,p2,2395,alakazam-dudunsparce,2396,dragapult-ex
1,1202,p2,2397,dragapult-ex,2398,dragapult-ex
1,1203,p2,2399,dragapult-dusknoir,2400,dragapult-blaziken
1,1204,p1,2401,ogerpon-meganium-hydrapple,2402,crustle-dri
1,1205,p1,2403,beedrill-ex-cri,2404,n-zoroark
1,1206,p2,2405,alakazam-dudunsparce,2406,dragapult-ex
1,1207,tie,2407,crustle-dri,2408,dragapult-ex
1,1208,p1,2409,dragapult-ex,2410,mega-greninja-ex
1,1209,p1,2411,okidogi-barbaracle,2412,festival-lead
1,1210,p2,2413,n-zoroark,2414,alakazam-dudunsparce
1,1211,p2,2415,dragapult-dusknoir,2416,starmie-froslass
1,1212,p2,2417,slowking-scr,2418,hops-trevenant
1,1213,p1,2419,dragapult-dusknoir,2420,dragapult-dusknoir
1,1214,p2,2421,lillie-clefairy,2422,bronzong-tef
1,1215,p2,2423,raging-bolt-ogerpon,2424,hops-trevenant
1,1216,p1,2425,dragapult-dusknoir,2426,lopunny-dudunsparce
1,1217,tie,2427,alakazam-dudunsparce,2428,alakazam-dudunsparce
1,1218,tie,2429,lopunny-dudunsparce,2430,dragapult-ex
1,1219,p1,2431,dragapult-ex,2432,alakazam-dudunsparce
1,1220,p2,2433,tera-box,2434,beedrill-ex-cri
1,1221,p1,2435,ogerpon-meganium-hydrapple,2436,festival-lead
1,1222,tie,2437,dragapult-ex,2438,mega-lucario-ex
1,1223,p1,2439,dragapult-ex,2440,dragapult-dusknoir
1,1224,p2,2441,dragapult-dusknoir,2442,slowking-scr
1,1225,p1,2443,dragapult-ex,2444,dragapult-ex
1,1226,p2,2445,slowking-scr,2446,beedrill-ex-cri
1,1227,p2,2447,mega-greninja-ex,2448,ogerpon-meganium-hydrapple
1,1228,p1,2449,festival-lead,2450,dragapult-blaziken
1,1229,p1,2451,n-zoroark,2452,dragapult-ex
1,1230,p2,2453,basic-box-m,2454,crustle-dri
1,1231,p2,2455,?metagross,2456,n-zoroark
1,1232,p1,2457,dragapult-ex,2458,slowking-scr
1,1233,p1,2459,dragapult-blaziken,2460,dragapult-ex
1,1234,p2,2461,ethan-typhlosion,2462,archaludon-dudunsparce
1,1235,p2,2463,rockets-honchkrow,2464,ogerpon-meganium-hydrapple
1,1236,p1,2465,dragapult-dusknoir,2466,rocket-mewtwo-ex
1,1237,p1,2467,ogerpon-meganium-hydrapple,2468,dragapult-ex
1,1238,p1,2469,raging-bolt-ogerpon,2470,starmie-froslass
1,1239,p2,2471,lucario-hariyama,2472,basic-box-m
1,1240,tie,2473,rockets-honchkrow,2474,greninja-ex
1,1241,p1,2475,basic-box-m,2476,dragapult-ex
1,1242,p1,2477,dragapult-ex,2478,sharpedo-toxtricity
1,1243,p2,2479,n-zoroark,2480,raging-bolt-ogerpon
1,1244,p1,2481,lillie-clefairy,2482,cynthia-garchomp-ex
1,1245,p2,2483,ogerpon-meganium-hydrapple,2484,other
1,1246,p2,2485,dragapult-blaziken,2486,mega-greninja-ex
1,1247,p1,2487,dragapult-blaziken,2488,alakazam-dudunsparce
1,1248,p1,2489,dragapult-ex,2490,?
1,1249,p1,2491,basic-box-m,2492,dragapult-ex
1,1250,p2,2493,dragapult-dusknoir,2494,dragapult-ex
1,1251,p1,2495,dragapult-ex,2496,mega-greninja-ex
1,1252,p2,2497,dragapult-blaziken,2498,dragapult-ex
1,1253,p1,2499,dragapult-dusknoir,2500,dragapult-dusknoir
1,1254,p1,2501,lucario-hariyama,2502,n-zoroark
1,1255,p1,2503,alakazam-dudunsparce,2504,raging-bolt-ogerpon
1,1256,p1,2505,alakazam-dudunsparce,2506,raging-bolt-ogerpon
1,1257,p1,2507,dragapult-blaziken,2508,dragapult-dusknoir
1,1258,p1,2509,dragapult-blaziken,2510,mega-greninja-ex
1,1259,p2,2511,cynthia-garchomp-ex,2512,basic-box-m
1,1260,p2,2513,grimmsnarl-froslass,2514,dragapult-ex
1,1261,p1,2515,lucario-hariyama,2516,mega-greninja-ex
1,1262,p1,2517,dragapult-ex,2518,ogerpon-meganium-hydrapple
1,1263,p1,2519,mega-absol-box,2520,lillie-clefairy
1,1264,p1,2521,dragapult-ex,2522,lopunny-dudunsparce
1,1265,p1,2523,lucario-hariyama,2524,other
1,1266,p1,2525,dragapult-ex,2526,lucario-hariyama
1,1267,tie,2527,slowking-scr,2528,slowking-scr
1,1268,tie,2529,dragapult-blaziken,2530,alakazam-dudunsparce
1,1269,p2,2531,dragapult-blaziken,2532,dragapult-ex
1,1270,p1,2533,raging-bolt-ogerpon,2534,n-zoroark
1,1271,p2,2535,n-zoroark,2536,basic-box-m
1,1272,p1,2537,dragapult-ex,2538,other
1,1273,p1,2539,lucario-hariyama,2540,starmie-dusknoir
1,1274,tie,2541,starmie-dusknoir,2542,slowking-scr
1,1275,tie,2543,dragapult-dusknoir,2544,hops-trevenant
1,1276,p1,2545,beedrill-ex-cri,2546,cynthia-garchomp-ex
1,1277,p2,2547,flareon-noctowl,2548,raging-bolt-ogerpon
1,1278,p2,2549,mega-absol-box,2550,?metagross
1,1279,p2,2551,dragapult-ex,2552,ogerpon-meganium-hydrapple
1,1280,p2,2553,dragapult-ex,2554,ethan-typhlosion
1,1281,p2,2555,rockets-honchkrow,2556,greninja-ex
1,1282,tie,2557,dragapult-ex,2558,rocket-mewtwo-ex
1,1283,p2,2559,ogerpon-meganium-hydrapple,2560,ogerpon-meganium-hydrapple
1,1284,p2,2561,ogerpon-meganium-hydrapple,2562,dragapult-ex
1,1285,p1,2563,grimmsnarl-froslass,2564,dragapult-dusknoir
1,1286,p1,2565,raging-bolt-ogerpon,2566,basic-box-m
1,1287,tie,2567,mega-venusaur-ex,2568,alakazam-dudunsparce
1,1288,tie,2569,dragapult-ex,2570,ethan-typhlosion
1,1289,p2,2571,starmie-dusknoir,2572,crustle-dri
1,1290,p1,2573,dragapult-blaziken,2574,dragapult-ex
1,1291,p2,2575,dragapult-ex,2576,dragapult-dusknoir
1,1292,p2,2577,raging-bolt-ogerpon,2578,n-zoroark
1,1293,p1,2579,dragapult-ex,2580,n-zoroark
1,1294,p1,2581,dragapult-ex,2582,raging-bolt-ogerpon
1,1295,p1,2583,dragapult-ex,2584,alakazam-dudunsparce
1,1296,p2,2585,crustle-dri,2586,dragapult-dusknoir
1,1297,p1,2587,dragapult-dusknoir,2588,basic-box-m
1,1298,p2,2589,alakazam-dudunsparce,2590,dragapult-ex
1,1299,tie,2591,crustle-dri,2592,ogerpon-meganium-hydrapple
1,1300,p2,2593,n-zoroark,2594,dragapult-ex
1,1301,p1,2595,raging-bolt-ogerpon,2596,ogerpon-meganium-hydrapple
1,1302,p1,2597,n-zoroark,2598,slowking-scr
1,1303,tie,2599,festival-lead,2600,dragapult-ex
1,1304,p2,2601,crustle-dri,2602,dragapult-dusknoir
1,1305,p1,2603,greninja-ex,2604,rockets-honchkrow
1,1306,p2,2605,ethan-typhlosion,2606,dragapult-ex
1,1307,p2,2607,alakazam-dudunsparce,2608,n-zoroark
1,1308,p1,2609,lopunny-dudunsparce,2610,ceruledge-ex
1,1309,p2,2611,alakazam-dudunsparce,2612,dragapult-ex
1,1310,p2,2613,beedrill-ex-cri,2614,hops-trevenant
1,1311,p2,2615,starmie-dusknoir,2616,dragapult-dusknoir
1,1312,p2,2617,beedrill-ex-cri,2618,dragapult-ex
1,1313,p1,2619,n-zoroark,2620,dragapult-blaziken
1,1314,p2,2621,dragapult-ex,2622,alakazam-dudunsparce
1,1315,p1,2623,rockets-honchkrow,2624,dragapult-ex
1,1316,p1,2625,raging-bolt-ogerpon,2626,dragapult-ex
1,1317,p1,2627,dragapult-ex,2628,hops-trevenant
1,1318,p1,2629,mega-lucario-ex,2630,mega-greninja-ex
1,1319,p2,2631,dragapult-ex,2632,dragapult-ex
1,1320,p1,2633,dragapult-ex,2634,alakazam-dudunsparce
1,1321,p1,2635,beedrill-ex-cri,2636,ogerpon-meganium-hydrapple
1,1322,p2,2637,raging-bolt-ogerpon,2638,alakazam-dudunsparce
1,1323,p2,2639,beedrill-ex-cri,2640,lucario-hariyama
1,1324,p2,2641,dragapult-ex,2642,ogerpon-meganium-hydrapple
1,1325,p2,2643,festival-lead,2644,beedrill-ex-cri
1,1326,p2,2645,alakazam-dudunsparce,2646,dragapult-dusknoir
1,1327,tie,2647,alakazam-dudunsparce,2648,ogerpon-meganium-hydrapple
1,1328,p1,2649,dragapult-ex,2650,alakazam-dudunsparce
1,1329,p1,2651,mega-greninja-ex,2652,festival-lead
1,1330,p2,2653,dragapult-ex,2654,raging-bolt-ogerpon
1,1331,p1,2655,dragapult-ex,2656,n-zoroark
1,1332,p2,2657,dragapult-ex,2658,slowking-scr
1,1333,p2,2659,dragapult-dusknoir,2660,dragapult-ex
1,1334,p2,2661,ogerpon-meganium-hydrapple,2662,basic-box-m
1,1335,tie,2663,dragapult-ex,2664,dragapult-ex
1,1336,p2,2665,lucario-hariyama,2666,ogerpon-meganium-hydrapple
1,1337,tie,2667,alakazam-dudunsparce,2668,lucario-hariyama
1,1338,p1,2669,dragapult-ex,2670,ogerpon-meganium-hydrapple
1,1339,p1,2671,beedrill-ex-cri,2672,slowking-scr
1,1340,p1,2673,ogerpon-meganium-hydrapple,2674,raging-bolt-ogerpon
1,1341,p1,2675,dragapult-dusknoir,2676,dragapult-ex
1,1342,p1,2677,dragapult-blaziken,2678,mega-greninja-ex
1,1343,p1,2679,dragapult-ex,2680,kangaskhan-bouffalant
1,1344,p2,2681,raging-bolt-ogerpon,2682,ogerpon-meganium-hydrapple
1,1345,p1,2683,dragapult-dusknoir,2684,alakazam-dudunsparce
1,1346,p2,2685,lucario-hariyama,2686,dragapult-ex
1,1347,p1,2687,dragapult-ex,2688,mega-greninja-ex
1,1348,p1,2689,slowking-scr,2690,n-zoroark
1,1349,p2,2691,dragapult-dusknoir,2692,crustle-dri
1,1350,p2,2693,dragapult-ex,2694,archaludon-dudunsparce
1,1351,p2,2695,other,2696,crustle-dri
1,1352,p2,2697,rockets-honchkrow,2698,dragapult-dusknoir
1,1353,tie,2699,manectric-eelektrik,2700,other
1,1354,p1,2701,dragapult-dusknoir,2702,rockets-honchkrow
1,1355,p2,2703,dragapult-ex,2704,dragapult-ex
1,1356,p1,2705,basic-box-m,2706,lucario-hariyama
1,1357,p1,2707,hops-trevenant,2708,slowking-scr
1,1358,p2,2709,dragapult-dusknoir,2710,dragapult-blaziken
1,1359,p1,2711,n-zoroark,2712,lillie-clefairy
1,1360,p2,2713,n-zoroark,2714,dragapult-ex
1,1361,p1,2715,starmie-froslass,2716,ogerpon-meganium-arboliva
1,1362,p2,2717,dragapult-dusknoir,2718,dragapult-dusknoir
1,1363,tie,2719,alakazam-dudunsparce,2720,dragapult-ex
1,1364,p1,2721,dragapult-dusknoir,2722,dragapult-ex
1,1365,p2,2723,dragapult-ex,2724,n-zoroark
1,1366,p1,2725,starmie-froslass,2726,alakazam-dudunsparce
1,1367,p2,2727,rockets-honchkrow,2728,dragapult-dusknoir
1,1368,tie,2729,dragapult-ex,2730,rocket-mewtwo-ex
1,1369,tie,2731,lopunny-dudunsparce,2732,dragapult-ex
1,1370,p1,2733,dragapult-dudunsparce,2734,beedrill-ex-cri
1,1371,tie,2735,beedrill-ex-cri,2736,dragapult-blaziken
1,1372,p2,2737,rocket-mewtwo-ex,2738,dragapult-ex
1,1373,tie,2739,metagross-cri,2740,basic-box-m
1,1374,p2,2741,hops-trevenant,2742,dragapult-blaziken
1,1375,p1,2743,dragapult-ex,2744,alakazam-dudunsparce
1,1376,p2,2745,basic-box-m,2746,raging-bolt-ogerpon
1,1377,p1,2747,slowking-scr,2748,dragapult-ex
1,1378,p2,2749,basic-box-m,2750,ogerpon-meganium-hydrapple
1,1379,p2,2751,ogerpon-meganium-hydrapple,2752,mega-lucario-ex
1,1380,tie,2753,rockets-honchkrow,2754,cynthia-garchomp-ex
1,1381,p1,2755,dragapult-dudunsparce,2756,slowking-scr
1,1382,p1,2757,lopunny-dudunsparce,2758,dragapult-blaziken
1,1383,p1,2759,dragapult-dudunsparce,2760,hops-trevenant
1,1384,p1,2761,slowking-scr,2762,ogerpon-meganium-hydrapple
1,1385,tie,2763,dragapult-ex,2764,dragapult-dusknoir
1,1386,p1,2765,dragapult-ex,2766,mega-greninja-ex
1,1387,p2,2767,dragapult-ex,2768,dragapult-dusknoir
1,1388,p2,2769,mega-lucario-ex,2770,dragapult-dusknoir
1,1389,p2,2771,dragapult-ex,2772,crustle-dri
1,1390,p2,2773,beedrill-ex-cri,2774,ogerpon-meganium-hydrapple
1,1391,p2,2775,raging-bolt-ogerpon,2776,dragapult-ex
1,1392,p1,2777,hops-trevenant,2778,dragapult-ex
1,1393,p2,2779,alakazam-dudunsparce,2780,lopunny-dudunsparce
1,1394,tie,2781,alakazam-dudunsparce,2782,?metagross
1,1395,p2,2783,festival-lead,2784,grimmsnarl-froslass
1,1396,p2,2785,dragapult-ex,2786,dragapult-ex
1,1397,p1,2787,beedrill-ex-cri,2788,n-zoroark
1,1398,tie,2789,other,2790,kangaskhan-bouffalant
1,1399,tie,2791,dragapult-blaziken,2792,raging-bolt-ogerpon
1,1400,tie,2793,crustle-dri,2794,alakazam-dudunsparce
1,1401,p1,2795,other,2796,slowking-scr
1,1402,tie,2797,dragapult-ex,2798,lopunny-dudunsparce
1,1403,p1,2799,crustle-dri,2800,dragapult-dusknoir
1,1404,tie,2801,alakazam-dudunsparce,2802,ogerpon-meganium-hydrapple
1,1405,p1,2803,dragapult-ex,2804,dragapult-blaziken
1,1406,tie,2805,dragapult-ex,2806,beedrill-ex-cri
1,1407,tie,2807,dragapult-ex,2808,lopunny-dudunsparce
1,1408,p1,2809,n-zoroark,2810,basic-box-m
1,1409,p2,2811,crustle-dri,2812,slowking-scr
1,1410,tie,2813,dragapult-ex,2814,n-zoroark
1,1411,p2,2815,n-zoroark,2816,cynthia-garchomp-ex
1,1412,p2,2817,dragapult-dusknoir,2818,metagross-cri
1,1413,p1,2819,lucario-hariyama,2820,dragapult-ex
1,1414,tie,2821,raging-bolt-ogerpon,2822,dragapult-blaziken
1,1415,p1,2823,dragapult-ex,2824,lucario-hariyama
1,1416,p1,2825,lucario-hariyama,2826,dragapult-ex
1,1417,p2,2827,lucario-hariyama,2828,dragapult-ex
1,1418,tie,2829,dragapult-ex,2830,dragapult-ex
1,1419,p2,2831,dragapult-ex,2832,mega-greninja-ex
1,1420,p2,2833,lucario-hariyama,2834,n-zoroark
1,1421,p2,2835,dragapult-ex,2836,dragapult-ex
1,1422,p2,2837,dragapult-dusknoir,2838,starmie-dusknoir
1,1423,p2,2839,crustle-dri,2840,?metagross
1,1424,p1,2841,mega-venusaur-ex,2842,n-zoroark
1,1425,p1,2843,starmie-froslass,2844,starmie-dusknoir
1,1426,tie,2845,raging-bolt-ogerpon,2846,mega-greninja-ex
1,1427,p2,2847,dragapult-ex,2848,crustle-dri
1,1428,p1,2849,dragapult-ex,2850,n-zoroark
1,1429,p2,2851,dragapult-dusknoir,2852,lucario-hariyama
1,1430,p1,2853,dragapult-dusknoir,2854,raging-bolt-ogerpon
1,1431,tie,2855,n-zoroark,2856,rockets-honchkrow
1,1432,p2,2857,dragapult-ex,2858,dragapult-ex
1,1433,p2,2859,mega-starmie-ex,2860,dragapult-ex
1,1434,p1,2861,dragapult-ex,2862,mega-greninja-ex
1,1435,p2,2863,n-zoroark,2864,dragapult-dusknoir
1,1436,p1,2865,slowking-scr,2866,dragapult-ex
1,1437,p1,2867,n-zoroark,2868,dragapult-ex
1,1438,tie,2869,lillie-clefairy,2870,clefairy-ogerpon
1,1439,tie,2871,crustle-dri,2872,dragapult-dusknoir
1,1440,p2,2873,raging-bolt-ogerpon,2874,lopunny-dudunsparce
1,1441,tie,2875,dragapult-dusknoir,2876,hops-trevenant
1,1442,p1,2877,greninja-ex,2878,cynthia-garchomp-ex
1,1443,p2,2879,mega-greninja-ex,2880,dragapult-ex
1,1444,p1,2881,slowking-scr,2882,dragapult-dusknoir
1,1445,p1,2883,lopunny-dudunsparce,2884,lucario-hariyama
1,1446,p1,2885,cynthia-garchomp-ex,2886,flareon-noctowl
1,1447,p1,2887,dragapult-dusknoir,2888,dragapult-ex
1,1448,p1,2889,alakazam-dudunsparce,2890,beedrill-ex-cri
1,1449,p1,2891,dragapult-ex,2892,hops-trevenant
1,1450,tie,2893,?,2894,n-zoroark
1,1451,tie,2895,mega-greninja-ex,2896,n-zoroark
1,1452,tie,2897,alakazam-dudunsparce,2898,dragapult-ex
1,1453,p2,2899,?metagross,2900,dragapult-dusknoir
1,1454,p1,2901,basic-box-m,2902,dragapult-dusknoir
1,1455,p2,2903,ogerpon-meganium-hydrapple,2904,dragapult-blaziken
1,1456,p1,2905,ogerpon-meganium-hydrapple,2906,crustle-dri
1,1457,p1,2907,ogerpon-meganium-hydrapple,2908,lucario-hariyama
1,1458,tie,2909,rocket-mewtwo-ex,2910,ethan-typhlosion
1,1459,p1,2911,dragapult-dusknoir,2912,n-zoroark
1,1460,p1,2913,ceruledge-ex,2914,dragapult-blaziken
1,1461,tie,2915,crustle-dri,2916,dragapult-dudunsparce
1,1462,p1,2917,ogerpon-meganium-hydrapple,2918,lopunny-dudunsparce
1,1463,p1,2919,dragapult-ex,2920,dragapult-blaziken
1,1464,p2,2921,basic-box-m,2922,dragapult-dusknoir
1,1465,p2,2923,n-zoroark,2924,n-zoroark
1,1466,p1,2925,ogerpon-meganium-hydrapple,2926,crustle-dri
1,1467,p2,2927,grimmsnarl-froslass,2928,mega-greninja-ex
1,1468,p1,2929,lopunny-dudunsparce,2930,lopunny-dudunsparce
1,1469,p1,2931,dragapult-ex,2932,dragapult-blaziken
1,1470,p2,2933,slowking-scr,2934,n-zoroark
1,1471,p1,2935,dragapult-ex,2936,dragapult-dusknoir
1,1472,p1,2937,dragapult-dusknoir,2938,rocket-mewtwo-ex
1,1473,p2,2939,crustle-dri,2940,alakazam-dudunsparce
1,1474,p1,2941,dragapult-ex,2942,beedrill-ex-cri
1,1475,p1,2943,dragapult-ex,2944,raging-bolt-ogerpon
1,1476,p1,2945,raging-bolt-ogerpon,2946,basic-box-m
1,1477,p1,2947,festival-lead,2948,dragapult-blaziken
1,1478,p1,2949,rocket-mewtwo-ex,2950,n-zoroark
1,1479,p2,2951,ogerpon-meganium-arboliva,2952,dragapult-dusknoir
1,1480,p1,2953,mega-greninja-ex,2954,festival-lead
1,1481,p1,2955,dragapult-dusknoir,2956,dragapult-ex
1,1482,p2,2957,raging-bolt-ogerpon,2958,alakazam-dudunsparce
1,1483,p2,2959,dragapult-ex,2960,rocket-mewtwo-ex
1,1484,p2,2961,dragapult-dusknoir,2962,beedrill-ex-cri
1,1485,p1,2963,ogerpon-meganium-hydrapple,2964,mega-lucario-ex
1,1486,p2,2965,dragapult-blaziken,2966,dragapult-blaziken
1,1487,tie,2967,alakazam-dudunsparce,2968,dragapult-dusknoir
1,1488,p2,2969,alakazam-dudunsparce,2970,dragapult-dusknoir
1,1489,p2,2971,lucario-hariyama,2972,n-zoroark
1,1490,tie,2973,rockets-honchkrow,2974,dragapult-ex
1,1491,p1,2975,dragapult-ex,2976,hops-trevenant
1,1492,p2,2977,alakazam-dudunsparce,2978,crustle-dri
1,1493,p2,2979,dragapult-ex,2980,ogerpon-meganium-hydrapple
1,1494,p1,2981,alakazam-dudunsparce,2982,lillie-clefairy
1,1495,p2,2983,crustle-dri,2984,dragapult-ex
1,1496,p1,2985,ogerpon-meganium-hydrapple,2986,lillie-clefairy
1,1497,p2,2987,raging-bolt-ogerpon,2988,raging-bolt-ogerpon
1,1498,p1,2989,mega-greninja-ex,2990,beedrill-ex-cri
1,1499,p1,2991,alakazam-dudunsparce,2992,dragapult-ex
1,1500,p2,2993,hops-trevenant,2994,mega-greninja-ex
1,1501,tie,2995,crustle-dri,2996,other
1,1502,p1,2997,dragapult-ex,2998,crustle-dri
1,1503,p2,2999,ogerpon-meganium-arboliva,3000,dragapult-ex
1,1504,tie,3001,dragapult-ex,3002,dragapult-ex
1,1505,p2,3003,dragapult-ex,3004,dragapult-ex
1,1506,tie,3005,greninja-ex,3006,rockets-honchkrow
1,1507,p1,3007,slowking-scr,3008,blaziken-ex-jtg
1,1508,p1,3009,ethan-typhlosion,3010,lillie-clefairy
1,1509,p1,3011,dragapult-ex,3012,dragapult-ex
1,1510,p2,3013,ogerpon-meganium-hydrapple,3014,n-zoroark
1,1511,p1,3015,dragapult-ex,3016,beedrill-ex-cri
1,1512,tie,3017,dragapult-dudunsparce,3018,ogerpon-meganium-hydrapple
1,1513,p1,3019,dragapult-dudunsparce,3020,n-zoroark
1,1514,tie,3021,dragapult-ex,3022,alakazam-dudunsparce
1,1515,p1,3023,mega-greninja-ex,3024,ceruledge-ex
1,1516,p1,3025,dragapult-ex,3026,dragapult-dusknoir
1,1517,p1,3027,dragapult-ex,3028,alakazam-dudunsparce
1,1518,p1,3029,rockets-honchkrow,3030,raging-bolt-ogerpon
1,1519,p1,3031,dragapult-ex,3032,n-zoroark
1,1520,p2,3033,ogerpon-meganium-hydrapple,3034,raging-bolt-ogerpon
1,1521,p1,3035,raging-bolt-ogerpon,3036,dragapult-blaziken
1,1522,p1,3037,alakazam-dudunsparce,3038,raging-bolt-ogerpon
1,1523,p2,3039,basic-box-m,3040,raging-bolt-ogerpon
1,1524,p1,3041,n-zoroark,3042,diancie-dusknoir
1,1525,tie,3043,dragapult-ex,3044,dragapult-ex
1,1526,p1,3045,archaludon-dudunsparce,3046,dragapult-ex
1,1527,p1,3047,dragapult-ex,3048,n-zoroark
1,1528,p1,3049,dragapult-ex,3050,slowking-scr
1,1529,p1,3051,dragapult-ex,3052,raging-bolt-ogerpon
1,1530,tie,3053,n-zoroark,3054,starmie-froslass
1,1531,p1,3055,alakazam-dudunsparce,3056,mega-manectric-ex-meg
1,1532,p1,3057,basic-box-m,3058,dragapult-blaziken
1,1533,p1,3059,raging-bolt-ogerpon,3060,starmie-dusknoir
1,1534,p1,3061,flareon-noctowl,3062,lucario-hariyama
1,1535,p2,3063,beedrill-ex-cri,3064,lucario-hariyama
1,1536,p2,3065,dragapult-dusknoir,3066,slowking-scr
1,1537,p2,3067,?metagross,3068,rockets-honchkrow
1,1538,p2,3069,dragapult-dusknoir,3070,dragapult-dusknoir
1,1539,p1,3071,dragapult-dusknoir,3072,toxtricity-box
1,1540,p1,3073,festival-lead,3074,cynthia-garchomp-ex
1,1541,p2,3075,ogerpon-meganium-hydrapple,3076,rocket-mewtwo-ex
1,1542,p1,3077,?metagross,3078,n-zoroark
1,1543,p2,3079,rockets-honchkrow,3080,dragapult-dusknoir
1,1544,p2,3081,?metagross,3082,dragapult-blaziken
1,1545,tie,3083,ogerpon-meganium-hydrapple,3084,dragapult-dusknoir
1,1546,p2,3085,dragapult-dusknoir,3086,crustle-dri
1,1547,tie,3087,n-zoroark,3088,lopunny-dudunsparce
1,1548,p1,3089,mega-lucario-ex,3090,grimmsnarl-froslass
1,1549,p2,3091,dragapult-dusknoir,3092,dragapult-ex
1,1550,tie,3093,?metagross,3094,dragapult-ex
1,1551,p2,3095,lopunny-dudunsparce,3096,dragapult-dusknoir
1,1552,p2,3097,lucario-hariyama,3098,raging-bolt-ogerpon
1,1553,p2,3099,hops-trevenant,3100,dragapult-dusknoir
1,1554,p1,3101,alakazam-dudunsparce,3102,alakazam-dudunsparce
1,1555,p1,3103,dragapult-ex,3104,dragapult-ex
1,1556,p2,3105,lucario-hariyama,3106,dragapult-ex
1,1557,p2,3107,dragapult-blaziken,3108,dragapult-dusknoir
1,1558,p2,3109,mega-greninja-ex,3110,ceruledge-ex
1,1559,p2,3111,raging-bolt-ogerpon,3112,ogerpon-meganium-hydrapple
1,1560,p2,3113,raging-bolt-ogerpon,3114,dragapult-ex
1,1561,tie,3115,dragapult-dusknoir,3116,dragapult-ex
1,1562,tie,3117,slowking-scr,3118,dragapult-ex
1,1563,p1,3119,lucario-hariyama,3120,alakazam-dudunsparce
1,1564,p1,3121,beedrill-ex-cri,3122,mega-starmie-ex
1,1565,p2,3123,slowking-scr,3124,dragapult-dusknoir
1,1566,p1,3125,raging-bolt-ogerpon,3126,ceruledge-ex
1,1567,tie,3127,dragapult-dusknoir,3128,crustle-dri
1,1568,p2,3129,dragapult-blaziken,3130,n-zoroark
1,1569,p1,3131,mega-greninja-ex,3132,lucario-hariyama
1,1570,p1,3133,dragapult-ex,3134,dragapult-blaziken
1,1571,tie,3135,slowking-scr,3136,dragapult-ex
1,1572,p2,3137,rockets-honchkrow,3138,slowking-scr
1,1573,p2,3139,alakazam-dudunsparce,3140,festival-lead
1,1574,tie,3141,dragapult-ex,3142,alakazam-dudunsparce
1,1575,p1,3143,dragapult-blaziken,3144,dragapult-blaziken
1,1576,p1,3145,dragapult-dusknoir,3146,raging-bolt-ogerpon
1,1577,p2,3147,n-zoroark,3148,dragapult-ex
1,1578,tie,3149,mega-greninja-ex,3150,lopunny-dudunsparce
1,1579,p2,3151,rockets-honchkrow,3152,slowking-scr
1,1580,p2,3153,n-zoroark,3154,dragapult-ex
1,1581,p1,3155,dragapult-blaziken,3156,dragapult-ex
1,1582,p2,3157,festival-lead,3158,grimmsnarl-froslass
1,1583,p1,3159,mega-greninja-ex,3160,raging-bolt-ogerpon
1,1584,tie,3161,beedrill-ex-cri,3162,dragapult-ex
1,1585,p1,3163,basic-box-m,3164,dragapult-ex
1,1586,p1,3165,lillie-clefairy,3166,basic-box-m
1,1587,p2,3167,n-zoroark,3168,crustle-dri
1,1588,p2,3169,basic-box-m,3170,beedrill-ex-cri
1,1589,tie,3171,n-zoroark,3172,dragapult-ex
1,1590,p1,3173,n-zoroark,3174,other
1,1591,p1,3175,dragapult-blaziken,3176,?metagross
1,1592,tie,3177,rockets-honchkrow,3178,dragapult-ex
1,1593,p1,3179,dragapult-ex,3180,starmie-froslass
1,1594,p1,3181,dragapult-ex,3182,slowking-scr
1,1595,p1,3183,dragapult-dusknoir,3184,dragapult-dusknoir
1,1596,p1,3185,other,3186,archaludon-dudunsparce
1,1597,p1,3187,alakazam-dudunsparce,3188,greninja-ex
1,1598,p2,3189,n-zoroark,3190,mega-greninja-ex
1,1599,tie,3191,alakazam-dudunsparce,3192,beedrill-ex-cri
1,1600,p2,3193,dragapult-dusknoir,3194,dragapult-dusknoir
1,1601,p2,3195,dragapult-blaziken,3196,dragapult-ex
1,1602,p1,3197,n-zoroark,3198,starmie-dusknoir
1,1603,p2,3199,rockets-honchkrow,3200,basic-box-m
1,1604,p2,3201,basic-box-m,3202,alakazam-dudunsparce
1,1605,p1,3203,ogerpon-meganium-hydrapple,3204,mega-greninja-ex
1,1606,p1,3205,ogerpon-meganium-hydrapple,3206,basic-box-m
1,1607,p2,3207,cynthia-garchomp-ex,3208,n-zoroark
1,1608,tie,3209,dragapult-ex,3210,slowking-scr
1,1609,p2,3211,crustle-dri,3212,rockets-honchkrow
1,1610,tie,3213,dragapult-ex,3214,dragapult-ex
1,1611,p2,3215,hops-trevenant,3216,dragapult-dusknoir
1,1612,p2,3217,dragapult-ex,3218,crustle-dri
1,1613,tie,3219,dragapult-ex,3220,lucario-hariyama
1,1614,p1,3221,ethan-typhlosion,3222,other
1,1615,p1,3223,alakazam-dudunsparce,3224,starmie-froslass
1,1616,p1,3225,rockets-honchkrow,3226,diancie-dusknoir
1,1617,tie,3227,rockets-honchkrow,3228,mega-lucario-ex
1,1618,p2,3229,starmie-froslass,3230,cynthia-garchomp-ex
1,1619,p2,3231,dragapult-blaziken,3232,dragapult-ex
1,1620,p2,3233,n-zoroark,3234,rockets-honchkrow
1,1621,p2,3235,?metagross,3236,raging-bolt-ogerpon
1,1622,p2,3237,dragapult-blaziken,3238,dragapult-dusknoir
1,1623,p2,3239,dragapult-blaziken,3240,dragapult-dusknoir
1,1624,p2,3241,ogerpon-meganium-hydrapple,3242,dragapult-ex
1,1625,p2,3243,basic-box-m,3244,?metagross
1,1626,p1,3245,dragapult-dusknoir,3246,ogerpon-meganium-hydrapple
1,1627,p2,3247,n-zoroark,3248,dragapult-dusknoir
1,1628,p1,3249,alakazam-dudunsparce,3250,n-zoroark
1,1629,p2,3251,dragapult-dusknoir,3252,rocket-mewtwo-ex
1,1630,p2,3253,festival-lead,3254,dragapult-ex
1,1631,p2,3255,dragapult-ex,3256,basic-box-m
1,1632,p1,3257,alakazam-dudunsparce,3258,dragapult-blaziken
1,1633,tie,3259,?metagross,3260,raging-bolt-ogerpon
1,1634,p1,3261,dragapult-ex,3262,galvantula-ex
1,1635,p2,3263,n-zoroark,3264,n-zoroark
1,1636,p1,3265,dragapult-blaziken,3266,alakazam-dudunsparce
1,1637,p1,3267,dragapult-ex,3268,raging-bolt-ogerpon
1,1638,p1,3269,dragapult-ex,3270,dragapult-ex
1,1639,p1,3271,ogerpon-meganium-hydrapple,3272,n-zoroark
1,1640,p1,3273,dragapult-blaziken,3274,dragapult-dusknoir
1,1641,tie,3275,dragapult-dusknoir,3276,dragapult-ex
1,1642,p2,3277,ethan-typhlosion,3278,lillie-clefairy
1,1643,p2,3279,ogerpon-meganium-hydrapple,3280,n-zoroark
1,1644,tie,3281,dragapult-ex,3282,dragapult-dusknoir
1,1645,p1,3283,dragapult-ex,3284,dragapult-ex
1,1646,p2,3285,dragapult-blaziken,3286,dragapult-ex
1,1647,p2,3287,n-zoroark,3288,raging-bolt-ogerpon
1,1648,tie,3289,rocket-mewtwo-ex,3290,ogerpon-meganium
1,1649,p2,3291,ogerpon-meganium-hydrapple,3292,dragapult-dusknoir
1,1650,p2,3293,beedrill-ex-cri,3294,ethan-typhlosion
1,1651,tie,3295,ethan-typhlosion,3296,dragapult-dusknoir
1,1652,p1,3297,dragapult-dusknoir,3298,dragapult-ex
1,1653,p2,3299,slowking-scr,3300,dragapult-dusknoir
1,1654,tie,3301,dragapult-blaziken,3302,dragapult-ex
1,1655,tie,3303,dragapult-dusknoir,3304,other
1,1656,p2,3305,mega-greninja-ex,3306,dragapult-dusknoir
1,1657,p1,3307,dragapult-ex,3308,dragapult-ex
1,1658,tie,3309,alakazam-dudunsparce,3310,greninja-ex
1,1659,p2,3311,mega-absol-box,3312,dragapult-dusknoir
1,1660,tie,3313,mega-greninja-ex,3314,ogerpon-meganium-hydrapple
1,1661,p2,3315,?metagross,3316,alakazam-dudunsparce
1,1662,p1,3317,dragapult-dusknoir,3318,dragapult-ex
1,1663,p2,3319,dragapult-dusknoir,3320,alakazam-dudunsparce
1,1664,p2,3321,slowking-scr,3322,dragapult-ex
1,1665,p1,3323,raging-bolt-ogerpon,3324,n-zoroark
1,1666,p1,3325,starmie-froslass,3326,dragapult-dusknoir
1,1667,p2,3327,dragapult-ex,3328,crustle-dri
1,1668,p1,3329,crustle-dri,3330,raging-bolt-ogerpon
1,1669,p1,3331,dragapult-dusknoir,3332,festival-lead
1,1670,tie,3333,crustle-dri,3334,dragapult-ex
1,1671,p1,3335,cynthia-garchomp-ex,3336,alakazam-dudunsparce
1,1672,p2,3337,ogerpon-meganium-hydrapple,3338,slowking-scr
1,1673,p1,3339,dragapult-dusknoir,3340,greninja-ex
1,1674,p1,3341,dragapult-ex,3342,raging-bolt-ogerpon
1,1675,p1,3343,dragapult-ex,3344,festival-lead
1,1676,p2,3345,alakazam-dudunsparce,3346,dragapult-ex
1,1677,p2,3347,ogerpon-meganium-hydrapple,3348,slowking-scr
1,1678,p1,3349,dragapult-dusknoir,3350,hops-trevenant
1,1679,p2,3351,dragapult-dusknoir,3352,dragapult-ex
1,1680,p1,3353,ogerpon-meganium-hydrapple,3354,beedrill-ex-cri
1,1681,p2,3355,other,3356,basic-box-m
1,1682,tie,3357,cynthia-garchomp-ex,3358,dragapult-ex
1,1683,p1,3359,dragapult-blaziken,3360,other
1,1684,p2,3361,alakazam-dudunsparce,3362,dragapult-ex
1,1685,p1,3363,n-zoroark,3364,lopunny-dudunsparce
1,1686,p2,3365,dragapult-ex,3366,dragapult-dusknoir
1,1687,p2,3367,?,3368,dragapult-dusknoir
1,1688,tie,3369,lopunny-dudunsparce,3370,dragapult-dusknoir
1,1689,p1,3371,dragapult-ex,3372,raging-bolt-ogerpon
1,1690,p1,3373,dragapult-ex,3374,dragapult-ex
1,1691,p2,3375,ogerpon-meganium-hydrapple,3376,raging-bolt-ogerpon
1,1692,p1,3377,dragapult-ex,3378,ogerpon-meganium-hydrapple
1,1693,p1,3379,dragapult-ex,3380,n-zoroark
1,1694,tie,3381,manectric-eelektrik,3382,mega-greninja-ex
1,1695,p1,3383,n-zoroark,3384,beedrill-ex-cri
1,1696,p2,3385,dragapult-blaziken,3386,dragapult-dudunsparce
1,1697,p2,3387,ogerpon-meganium-hydrapple,3388,dragapult-dusknoir
1,1698,p2,3389,ogerpon-meganium-hydrapple,3390,lucario-hariyama
1,1699,p2,3391,basic-box-m,3392,lillie-clefairy
1,1700,p1,3393,n-zoroark,3394,rockets-honchkrow
1,1701,tie,3395,mega-greninja-ex,3396,beedrill-ex-cri
1,1702,p2,3397,dragapult-blaziken,3398,dragapult-ex
1,1703,p2,3399,raging-bolt-ogerpon,3400,rockets-honchkrow
1,1704,p1,3401,ogerpon-meganium-hydrapple,3402,raging-bolt-ogerpon
1,1705,p2,3403,dragapult-ex,3404,alakazam-dudunsparce
1,1706,p1,3405,raging-bolt-ogerpon,3406,dragapult-ex
1,1707,p2,3407,dragapult-dusknoir,3408,dragapult-ex
1,1708,p1,3409,dragapult-dusknoir,3410,crustle-dri
1,1709,p2,3411,dragapult-ex,3412,crustle-dri
1,1710,p2,3413,alakazam-dudunsparce,3414,dragapult-dusknoir
1,1711,p1,3415,ogerpon-meganium-hydrapple,3416,raging-bolt-ogerpon
1,1712,p2,3417,dragapult-ex,3418,dragapult-dusknoir
1,1713,p2,3419,dragapult-ex,3420,dragapult-blaziken
1,1714,p2,3421,dragapult-ex,3422,dragapult-ex
1,1715,p1,3423,dragapult-dusknoir,3424,n-zoroark
1,1716,p2,3425,alakazam-dudunsparce,3426,n-zoroark
1,1717,tie,3427,dragapult-dudunsparce,3428,mega-greninja-ex
1,1718,tie,3429,alakazam-dudunsparce,3430,n-zoroark
1,1719,p2,3431,dragapult-ex,3432,dragapult-ex
1,1720,p1,3433,raging-bolt-ogerpon,3434,rocket-mewtwo-ex
1,1721,p2,3435,dragapult-blaziken,3436,raging-bolt-ogerpon
1,1722,tie,3437,dragapult-ex,3438,dragapult-ex
1,1723,p2,3439,lucario-hariyama,3440,dragapult-dusknoir
1,1724,p1,3441,ogerpon-meganium-hydrapple,3442,mega-greninja-ex
1,1725,p2,3443,n-zoroark,3444,ethan-typhlosion
1,1726,p1,3445,dragapult-dusknoir,3446,slowking-scr
1,1727,p1,3447,?metagross,3448,n-zoroark
1,1728,p2,3449,hydreigon-ex,3450,ogerpon-meganium-hydrapple
1,1729,p2,3451,ceruledge-ex,3452,dragapult-ex
1,1730,p1,3453,ogerpon-meganium-hydrapple,3454,lillie-clefairy
1,1731,p1,3455,dragapult-ex,3456,ethan-typhlosion
1,1732,tie,3457,n-zoroark,3458,mega-greninja-ex
1,1733,tie,3459,basic-box-m,3460,starmie-dusknoir
1,1734,tie,3461,alakazam-dudunsparce,3462,slowking-scr
1,1735,tie,3463,dragapult-ex,3464,dragapult-dusknoir
1,1736,p1,3465,hops-trevenant,3466,mega-lucario-ex
1,1737,p1,3467,dragapult-ex,3468,mega-greninja-ex
1,1738,p2,3469,dragapult-blaziken,3470,dragapult-ex
1,1739,p2,3471,mega-greninja-ex,3472,beedrill-ex-cri
1,1740,p2,3473,dragapult-dusknoir,3474,dragapult-dusknoir
1,1741,p2,3475,hops-trevenant,3476,dragapult-ex
1,1742,p1,3477,dragapult-blaziken,3478,crustle-dri
1,1743,p1,3479,alakazam-dudunsparce,3480,rockets-honchkrow
1,1744,p1,3481,dragapult-ex,3482,ogerpon-meganium-hydrapple
1,1745,tie,3483,n-zoroark,3484,dragapult-dusknoir
1,1746,p2,3485,dragapult-ex,3486,dragapult-dusknoir
1,1747,p2,3487,dragapult-dusknoir,3488,crustle-dri
1,1748,p1,3489,greninja-ex,3490,archaludon-ex
1,1749,p1,3491,n-zoroark,3492,raging-bolt-ogerpon
1,1750,tie,3493,ogerpon-meganium-hydrapple,3494,alakazam-dudunsparce
1,1751,p2,3495,dragapult-blaziken,3496,dragapult-blaziken
1,1752,p1,3497,dragapult-ex,3498,marnie-grimmsnarl-ex
1,1753,p1,3499,dragapult-ex,3500,alakazam-dudunsparce
1,1754,p2,3501,ogerpon-meganium-hydrapple,3502,festival-lead
1,1755,p2,3503,ceruledge-ex,3504,alakazam-dudunsparce
1,1756,p1,3505,slowking-scr,3506,alakazam-dudunsparce
1,1757,p1,3507,festival-lead,3508,slowking-scr
1,1758,p2,3509,n-zoroark,3510,mega-lucario-ex
1,1759,p1,3511,dragapult-ex,3512,dragapult-ex
1,1760,tie,3513,dragapult-ex,3514,dragapult-dusknoir
1,1761,p1,3515,dragapult-ex,3516,cynthia-garchomp-ex
1,1762,p2,3517,dragapult-dudunsparce,3518,dragapult-dusknoir
1,1763,p2,3519,dragapult-ex,3520,alakazam-dudunsparce
1,1764,tie,3521,ethan-typhlosion,3522,beedrill-ex-cri
1,1765,p2,3523,eelektrik-blk,3524,rocket-mewtwo-ex
1,1766,p2,3525,rockets-honchkrow,3526,slowking-scr
1,1767,p2,3527,alakazam-dudunsparce,3528,dragapult-ex
1,1768,p1,3529,dragapult-ex,3530,dragapult-ex
1,1769,p2,3531,dragapult-dusknoir,3532,dragapult-ex
1,1770,p2,3533,dragapult-ex,3534,basic-box-m
1,1771,p1,3535,ceruledge-ex,3536,raging-bolt-ogerpon
1,1772,p1,3537,dragapult-ex,3538,alakazam-dudunsparce
1,1773,tie,3539,rocket-mewtwo-ex,3540,mega-absol-box
1,1774,p1,3541,dragapult-ex,3542,dragapult-ex
1,1775,p2,3543,dragapult-ex,3544,dragapult-ex
1,1776,p2,3545,archaludon-dudunsparce,3546,rocket-mewtwo-ex
1,1777,p2,3547,alakazam-dudunsparce,3548,dragapult-dusknoir
1,1778,p1,3549,alakazam-dudunsparce,3550,dragapult-ex
1,1779,p1,3551,mega-lucario-ex,3552,alakazam-dudunsparce
1,1780,p1,3553,ogerpon-meganium-hydrapple,3554,n-zoroark
1,1781,p2,3555,basic-box-m,3556,slowking-scr
1,1782,tie,3557,alakazam-dudunsparce,3558,dragapult-dusknoir
1,1783,p2,3559,crustle-dri,3560,ogerpon-meganium-hydrapple
1,1784,tie,3561,slowking-scr,3562,dragapult-ex
1,1785,p1,3563,dragapult-ex,3564,dragapult-ex
1,1786,p2,3565,n-zoroark,3566,mega-greninja-ex
1,1787,p1,3567,dragapult-ex,3568,n-zoroark
1,1788,p2,3569,n-zoroark,3570,beedrill-ex-cri
1,1789,p2,3571,n-zoroark,3572,festival-lead
1,1790,p1,3573,alakazam-dudunsparce,3574,crustle-dri
1,1791,p2,3575,crustle-dri,3576,dragapult-ex
1,1792,p1,3577,n-zoroark,3578,dragapult-ex
1,1793,tie,3579,dragapult-dusknoir,3580,basic-box-m
1,1794,p2,3581,lopunny-dudunsparce,3582,dragapult-dusknoir
1,1795,p2,3583,lucario-hariyama,3584,dragapult-ex
1,1796,p2,3585,cynthia-garchomp-ex,3586,slowking-scr
1,1797,p2,3587,dragapult-ex,3588,dragapult-dusknoir
1,1798,p2,3589,festival-lead,3590,n-zoroark
1,1799,p1,3591,dragapult-dusknoir,3592,festival-lead
1,1800,p2,3593,dragapult-blaziken,3594,basic-box-m
1,1801,p1,3595,dragapult-ex,3596,dragapult-dusknoir
1,1802,tie,3597,crustle-dri,3598,ogerpon-meganium-hydrapple
1,1803,p1,3599,dragapult-ex,3600,flareon-ex
1,1804,p1,3601,ogerpon-meganium-hydrapple,3602,cynthia-garchomp-ex
1,1805,p2,3603,rockets-honchkrow,3604,dragapult-ex
1,1806,p1,3605,n-zoroark,3606,ogerpon-meganium
1,1807,p2,3607,dragapult-ex,3608,lopunny-dudunsparce
1,1808,p2,3609,raging-bolt-ogerpon,3610,ogerpon-meganium-hydrapple
1,1809,p2,3611,dragapult-ex,3612,dragapult-ex
1,1810,p1,3613,crustle-dri,3614,dragapult-ex
1,1811,p2,3615,dragapult-dudunsparce,3616,dragapult-ex
1,1812,p2,3617,ogerpon-meganium-hydrapple,3618,diancie-dusknoir
1,1813,p2,3619,beedrill-ex-cri,3620,basic-box-m
1,1814,p2,3621,ogerpon-meganium-hydrapple,3622,alakazam-dudunsparce
1,1815,p2,3623,rockets-honchkrow,3624,dragapult-ex
1,1816,p1,3625,dragapult-ex,3626,alakazam-dudunsparce
1,1817,p2,3627,slowking-scr,3628,dragapult-dusknoir
1,1818,p2,3629,basic-box-m,3630,crustle-dri
1,1819,p1,3631,beedrill-ex-cri,3632,dragapult-dusknoir
1,1820,p1,3633,ogerpon-meganium-hydrapple,3634,rocket-mewtwo-ex
1,1821,p1,3635,sharpedo-toxtricity,3636,starmie-froslass
1,1822,p1,3637,crustle-dri,3638,kangaskhan-bouffalant
1,1823,p1,3639,rockets-honchkrow,3640,dragapult-ex
1,1824,p1,3641,dragapult-dusknoir,3642,slowking-scr
1,1825,tie,3643,dragapult-blaziken,3644,alakazam-dudunsparce
1,1826,p2,3645,lopunny-dudunsparce,3646,n-zoroark
1,1827,p2,3647,beedrill-ex-cri,3648,lucario-hariyama
1,1828,p2,3649,lopunny-dudunsparce,3650,mega-greninja-ex
1,1829,p1,3651,dragapult-ex,3652,basic-box-m
1,1830,p1,3653,dragapult-dusknoir,3654,mega-lucario-ex
1,1831,p1,3655,dragapult-ex,3656,kangaskhan-bouffalant
1,1832,p2,3657,rocket-mewtwo-ex,3658,slowking-scr
1,1833,p1,3659,slowking-scr,3660,beedrill-ex-cri
1,1834,p2,3661,n-zoroark,3662,dragapult-ex
1,1835,tie,3663,dragapult-ex,3664,dragapult-ex
1,1836,p2,3665,rockets-honchkrow,3666,mega-greninja-ex
1,1837,tie,3667,?metagross,3668,ogerpon-meganium-hydrapple
1,1838,p2,3669,dragapult-dusknoir,3670,dragapult-blaziken
1,1839,p1,3671,dragapult-blaziken,3672,mega-greninja-ex
1,1840,p1,3673,ogerpon-meganium-hydrapple,3674,raging-bolt-ogerpon
1,1841,tie,3675,dragapult-ex,3676,dragapult-dusknoir
1,1842,p2,3677,other,3678,ogerpon-meganium-hydrapple
1,1843,tie,3679,dragapult-dusknoir,3680,ogerpon-meganium-hydrapple
1,1844,tie,3681,cynthia-garchomp-ex,3682,hops-trevenant
1,1845,p2,3683,dragapult-ex,3684,alakazam-dudunsparce
1,1846,p2,3685,rocket-spidops,3686,raging-bolt-ogerpon
1,1847,p1,3687,rocket-mewtwo-ex,3688,starmie-froslass
1,1848,p1,3689,dragapult-ex,3690,hops-trevenant
1,1849,p1,3691,dragapult-blaziken,3692,alakazam-dudunsparce
1,1850,tie,3693,dragapult-ex,3694,dragapult-dusknoir
1,1851,p2,3695,dragapult-dusknoir,3696,dragapult-ex
1,1852,p1,3697,dragapult-blaziken,3698,alakazam-dudunsparce
1,1853,p2,3699,rockets-honchkrow,3700,mega-greninja-ex
1,1854,tie,3701,dragapult-ex,3702,hops-trevenant
1,1855,p2,3703,mega-lucario-ex,3704,rockets-honchkrow
1,1856,p2,3705,lopunny-dudunsparce,3706,dragapult-dusknoir
1,1857,p1,3707,dragapult-blaziken,3708,ceruledge-ex
1,1858,p1,3709,ogerpon-meganium-hydrapple,3710,dragapult-dusknoir
1,1859,tie,3711,n-zoroark,3712,dragapult-ex
1,1860,p1,3713,n-zoroark,3714,dragapult-dudunsparce
1,1861,p2,3715,basic-box-m,3716,mega-greninja-ex
1,1862,tie,3717,dragapult-dusknoir,3718,n-zoroark
1,1863,p1,3719,dragapult-blaziken,3720,hydrapple-ex
1,1864,p1,3721,n-zoroark,3722,lillie-clefairy
1,1865,p2,3723,ogerpon-meganium-arboliva,3724,dragapult-ex
1,1866,p1,3725,raging-bolt-ogerpon,3726,starmie-dusknoir
1,1867,p1,3727,rockets-honchkrow,3728,alakazam-dudunsparce
1,1868,p2,3729,dragapult-ex,3730,dragapult-dusknoir
1,1869,p2,3731,ogerpon-meganium-hydrapple,3732,dragapult-ex
1,1870,p2,3733,rocket-mewtwo-ex,3734,alakazam-dudunsparce
1,1871,p2,3735,bronzong-tef,3736,dragapult-blaziken
1,,unpaired,3737,mega-froslass-dudunsparce,,
1,,unpaired,3738,rocket-mewtwo-ex,,
1,,unpaired,3739,mega-greninja-ex,,
1,,unpaired,3740,dragapult-dusknoir,,
1,,unpaired,3741,dragapult-ex,,
1,,unpaired,3742,n-zoroark,,
1,,unpaired,3743,slowking-scr,,
1,,unpaired,3744,rocket-mewtwo-ex,,
1,,unpaired,3745,alakazam-dudunsparce,,
1,,unpaired,3746,dragapult-ex,,
1,,unpaired,3747,dragapult-ex,,
1,,unpaired,3748,starmie-dusknoir,,
1,,unpaired,3749,dragapult-ex,,
1,,unpaired,3750,dragapult-ex,,
1,,unpaired,3751,mega-greninja-ex,,
1,,unpaired,3752,ogerpon-meganium-hydrapple,,
2,1,p1,2654,raging-bolt-ogerpon,3572,festival-lead
2,2,p1,1726,dragapult-dusknoir,0515,dragapult-ex
2,3,p2,2707,hops-trevenant,3076,rocket-mewtwo-ex
2,4,p2,2442,slowking-scr,2618,dragapult-ex
2,5,p2,0050,cynthia-garchomp-ex,0776,okidogi-barbaracle
2,6,p1,1351,dragapult-ex,0358,ogerpon-meganium-hydrapple
2,7,tie,3408,dragapult-ex,3734,alakazam-dudunsparce
2,8,p1,1983,alakazam-dudunsparce,2149,slowking-scr
2,9,p1,1795,dragapult-dusknoir,2343,dragapult-blaziken
2,10,p1,3452,dragapult-ex,0781,lopunny-dudunsparce
2,11,p1,1441,dragapult-ex,0858,dragapult-ex
2,12,p2,0706,mega-greninja-ex,0464,dragapult-ex
2,13,p1,1883,dragapult-dusknoir,0911,other
2,14,p2,1253,greninja-ex,0449,ogerpon-meganium-hydrapple
2,15,p1,3670,dragapult-blaziken,0794,beedrill-ex-cri
2,16,tie,3264,n-zoroark,2958,alakazam-dudunsparce
2,17,p2,1512,dragapult-ex,1333,ogerpon-meganium-hydrapple
2,18,p2,3014,n-zoroark,3331,dragapult-dusknoir
2,19,p2,1550,lillie-clefairy,0036,dragapult-ex
2,20,p2,1409,slowking-scr,1870,basic-box-m
2,21,p2,0946,n-zoroark,2816,cynthia-garchomp-ex
2,22,p2,2431,dragapult-ex,3197,n-zoroark
2,23,p2,1584,mega-greninja-ex,1200,ogerpon-meganium-hydrapple
2,24,p2,2201,dragapult-ex,0365,crustle-dri
2,25,p1,0051,crustle-dri,3534,basic-box-m
2,26,p1,3029,rockets-honchkrow,1566,dragapult-blaziken
2,27,p2,0734,lucario-hariyama,0309,dragapult-ex
2,28,p1,3383,n-zoroark,3283,dragapult-ex
2,29,p2,3249,alakazam-dudunsparce,3707,dragapult-blaziken
2,30,p2,2459,dragapult-blaziken,0959,ogerpon-meganium-hydrapple
2,31,p2,0865,sharpedo-toxtricity,2206,raging-bolt-ogerpon
2,32,p2,1145,n-zoroark,3622,alakazam-dudunsparce
2,33,p2,2632,dragapult-ex,1876,n-zoroark
2,34,p2,0172,ogerpon-meganium-hydrapple,2962,beedrill-ex-cri
2,35,p1,0602,raging-bolt-ogerpon,3551,mega-lucario-ex
2,36,p2,0078,mega-greninja-ex,0276,basic-box-m
2,37,p1,1163,rockets-honchkrow,2411,okidogi-barbaracle
2,38,tie,1576,dragapult-dusknoir,3691,dragapult-blaziken
2,39,p1,2911,dragapult-dusknoir,1897,alakazam-dudunsparce
2,40,tie,1810,dragapult-dusknoir,1847,dragapult-ex
2,41,p2,0627,rocket-mewtwo-ex,1768,beedrill-ex-cri
2,42,p1,1759,cynthia-garchomp-ex,2848,crustle-dri
2,43,p2,3100,dragapult-dusknoir,3655,dragapult-ex
2,44,p2,2129,dragapult-dusknoir,2377,slowking-scr
2,45,tie,1802,slowking-scr,1131,dragapult-ex
2,46,p2,0720,raging-bolt-ogerpon,3497,dragapult-ex
2,47,p2,1620,alakazam-dudunsparce,0434,n-zoroark
2,48,p1,0839,ogerpon-meganium-hydrapple,0578,dragapult-dusknoir
2,49,p2,3328,crustle-dri,2683,dragapult-dusknoir
2,50,p2,0445,dragapult-dusknoir,1893,dragapult-ex
2,51,p2,3216,dragapult-dusknoir,0499,dragapult-ex
2,52,p1,1481,dragapult-blaziken,2747,slowking-scr
2,53,p1,3678,ogerpon-meganium-hydrapple,2536,basic-box-m
2,54,p1,1236,?metagross,3455,dragapult-ex
2,55,p1,0184,dragapult-dusknoir,3073,festival-lead
2,56,tie,3170,beedrill-ex-cri,0615,dragapult-ex
2,57,p2,2169,dragapult-ex,0127,alakazam-dudunsparce
2,58,p2,1509,slowking-scr,0810,starmie-dusknoir
2,59,p2,3444,ethan-typhlosion,3286,dragapult-ex
2,60,p2,0634,mega-lucario-ex,3588,dragapult-dusknoir
2,61,p1,0353,crustle-dri,2132,raging-bolt-ogerpon
2,62,p2,0193,dragapult-blaziken,3420,dragapult-blaziken
2,63,p2,1955,crustle-dri,1229,dragapult-ex
2,64,p1,2509,dragapult-blaziken,0787,dragapult-dusknoir
2,65,p1,2349,dragapult-dusknoir,2858,dragapult-ex
2,66,tie,0908,ogerpon-meganium-hydrapple,3098,raging-bolt-ogerpon
2,67,p2,1854,n-zoroark,1210,dragapult-dusknoir
2,68,p1,1888,alakazam-dudunsparce,2545,beedrill-ex-cri
2,69,tie,3400,rockets-honchkrow,3520,alakazam-dudunsparce
2,70,tie,0752,dragapult-ex,1397,?metagross
2,71,p1,1343,dragapult-ex,2853,dragapult-dusknoir
2,72,p1,0579,dragapult-ex,1031,beedrill-ex-cri
2,73,tie,0210,dragapult-ex,3488,crustle-dri
2,74,p1,2556,greninja-ex,2721,dragapult-dusknoir
2,75,p2,0002,alakazam-dudunsparce,1056,dragapult-dusknoir
2,76,p1,1730,dragapult-ex,0967,ogerpon-meganium-hydrapple
2,77,p2,3489,greninja-ex,3576,dragapult-ex
2,78,p2,0468,rocket-mewtwo-ex,0605,beedrill-ex-cri
2,79,p1,3470,dragapult-ex,1026,alakazam-dudunsparce
2,80,p2,1311,n-zoroark,2980,ogerpon-meganium-hydrapple
2,81,p1,1971,dragapult-blaziken,3388,dragapult-dusknoir
2,82,p2,1601,alakazam-dudunsparce,0290,alakazam-dudunsparce
2,83,p2,2375,slowking-scr,0483,dragapult-ex
2,84,p2,3252,rocket-mewtwo-ex,0649,hops-trevenant
2,85,p1,3474,dragapult-dusknoir,3686,raging-bolt-ogerpon
2,86,p1,1475,festival-lead,2860,dragapult-ex
2,87,p1,3103,dragapult-ex,1114,slowking-scr
2,88,p1,3526,slowking-scr,2677,dragapult-blaziken
2,89,p2,1667,raging-bolt-ogerpon,2025,dragapult-ex
2,90,p1,0105,crustle-dri,1090,dragapult-ex
2,91,p1,1506,dragapult-dusknoir,3023,mega-greninja-ex
2,92,p1,3447,?metagross,0833,alakazam-dudunsparce
2,93,p1,3119,lucario-hariyama,0252,dragapult-ex
2,94,p1,0995,dragapult-dusknoir,1641,raging-bolt-ogerpon
2,95,p1,2214,dragapult-dusknoir,2651,mega-greninja-ex
2,96,p2,2419,dragapult-dusknoir,1464,ogerpon-meganium-hydrapple
2,97,tie,3294,ethan-typhlosion,3662,dragapult-ex
2,98,p2,1858,dragapult-ex,0124,dragapult-dusknoir
2,99,p1,1064,crustle-dri,0039,dragapult-dusknoir
2,100,p2,0012,dragapult-dusknoir,2776,dragapult-ex
2,101,p2,1713,grimmsnarl-froslass,2945,raging-bolt-ogerpon
2,102,p2,1860,alakazam-dudunsparce,1812,dragapult-ex
2,103,tie,1123,ogerpon-meganium-hydrapple,2565,raging-bolt-ogerpon
2,104,p2,0539,raging-bolt-ogerpon,0360,dragapult-dusknoir
2,105,p1,0558,rocket-mewtwo-ex,2587,dragapult-dusknoir
2,106,p1,3212,rockets-honchkrow,2027,rocket-mewtwo-ex
2,107,p2,1924,slowking-scr,1529,dragapult-dusknoir
2,108,p1,0531,mega-absol-box,0258,other
2,109,p2,3730,dragapult-dusknoir,0272,mega-lucario-ex
2,110,p2,3404,alakazam-dudunsparce,0410,dragapult-dusknoir
2,111,p1,3343,dragapult-ex,0432,raging-bolt-ogerpon
2,112,p1,3323,raging-bolt-ogerpon,2491,basic-box-m
2,113,p1,3061,flareon-noctowl,3208,n-zoroark
2,114,p1,2290,alakazam-dudunsparce,0517,dragapult-ex
2,115,p2,0334,alakazam-dudunsparce,3089,mega-lucario-ex
2,116,p1,1775,dragapult-ex,1029,n-zoroark
2,117,p1,0753,metagross-cri,0020,dragapult-ex
2,118,p2,1291,slowking-scr,2345,lucario-hariyama
2,119,p2,1941,dragapult-dusknoir,1944,mega-lucario-ex
2,120,p2,3183,dragapult-dusknoir,0339,slowking-scr
2,121,p1,1905,slowking-scr,0329,crustle-dri
2,122,p2,0287,lucario-hariyama,2009,dragapult-ex
2,123,p1,3179,dragapult-ex,0379,slowking-scr
2,124,p1,3371,dragapult-ex,0780,dragapult-dudunsparce
2,125,p1,0966,beedrill-ex-cri,3401,ogerpon-meganium-hydrapple
2,126,p2,0747,raging-bolt-ogerpon,1988,mega-greninja-ex
2,127,p1,2603,greninja-ex,2372,alakazam-dudunsparce
2,128,p2,3590,n-zoroark,2985,ogerpon-meganium-hydrapple
2,129,p2,0304,beedrill-ex-cri,1467,ethan-typhlosion
2,130,p2,3505,slowking-scr,0448,dragapult-ex
2,131,p1,1213,dragapult-blaziken,2686,dragapult-ex
2,132,tie,2576,dragapult-dusknoir,1975,dragapult-dusknoir
2,133,p2,3019,dragapult-dudunsparce,1448,raging-bolt-ogerpon
2,134,p1,3486,dragapult-dusknoir,1040,beedrill-ex-cri
2,135,p2,1771,dragapult-ex,3601,ogerpon-meganium-hydrapple
2,136,p2,3240,dragapult-dusknoir,0587,slowking-scr
2,137,p2,0058,ogerpon-meganium-hydrapple,1234,dragapult-ex
2,138,tie,0261,greninja-blaziken,2480,raging-bolt-ogerpon
2,139,p2,1283,alakazam-dudunsparce,1207,alakazam-dudunsparce
2,140,p2,0321,mega-greninja-ex,0922,dragapult-ex
2,141,p1,2137,dragapult-ex,2041,ogerpon-meganium-hydrapple
2,142,p2,0151,mega-lucario-ex,3368,dragapult-dusknoir
2,143,p2,2757,lopunny-dudunsparce,2750,ogerpon-meganium-hydrapple
2,144,p1,0368,dragapult-dusknoir,0607,dragapult-dudunsparce
2,145,p1,1154,ogerpon-meganium-hydrapple,1881,blaziken-zoroark
2,146,p2,2167,alakazam-dudunsparce,0126,dragapult-dusknoir
2,147,tie,2281,dragapult-ex,2867,n-zoroark
2,148,p2,3045,archaludon-dudunsparce,1446,rockets-honchkrow
2,149,p1,1727,festival-lead,1173,dragapult-ex
2,150,p1,0713,basic-box-m,1871,mega-lucario-ex
2,151,tie,0795,dragapult-ex,1301,ogerpon-meganium-hydrapple
2,152,p1,2180,dragapult-blaziken,0177,dragapult-dusknoir
2,153,p2,2029,alakazam-dudunsparce,1385,crustle-dri
2,154,p1,3348,slowking-scr,1845,rocket-mewtwo-ex
2,155,p1,2184,dragapult-ex,1460,slowking-scr
2,156,p2,0546,rocket-mewtwo-ex,0293,slowking-scr
2,157,p1,2562,dragapult-ex,3245,dragapult-dusknoir
2,158,p2,0799,dragapult-ex,2682,ogerpon-meganium-hydrapple
2,159,p2,3015,dragapult-ex,2586,dragapult-dusknoir
2,160,p2,2359,dragapult-dudunsparce,2013,dragapult-ex
2,161,tie,0093,dragapult-ex,2710,dragapult-blaziken
2,162,p1,0739,raging-bolt-ogerpon,1604,dragapult-ex
2,163,p2,3261,dragapult-ex,2043,alakazam-dudunsparce
2,164,p2,2172,ogerpon-meganium-hydrapple,2331,dragapult-blaziken
2,165,p2,1306,dragapult-ex,1746,alakazam-dudunsparce
2,166,p2,3278,lillie-clefairy,1559,raging-bolt-ogerpon
2,167,p2,0599,lopunny-dudunsparce,0826,beedrill-ex-cri
2,168,p1,3721,n-zoroark,1737,beedrill-ex-cri
2,169,p2,1315,rockets-honchkrow,1151,dragapult-dusknoir
2,170,p2,1223,rockets-honchkrow,3155,dragapult-blaziken
2,171,p2,1815,rocket-spidops,0852,dragapult-dudunsparce
2,172,p1,1019,dragapult-ex,2177,dragapult-ex
2,173,tie,1991,dragapult-ex,2464,ogerpon-meganium-hydrapple
2,174,p2,3532,dragapult-ex,3515,dragapult-ex
2,175,p1,1431,ogerpon-meganium-hydrapple,3440,dragapult-dusknoir
2,176,p2,0694,dragapult-ex,3049,dragapult-ex
2,177,p2,1814,rockets-honchkrow,2743,dragapult-ex
2,178,p1,3200,basic-box-m,1238,dragapult-ex
2,179,tie,2865,slowking-scr,3594,basic-box-m
2,180,tie,0063,dragapult-dusknoir,1607,dragapult-blaziken
2,181,p1,2633,dragapult-ex,3205,ogerpon-meganium-hydrapple
2,182,p2,1581,palafin-ex,1015,n-zoroark
2,183,p2,2519,mega-absol-box,2687,dragapult-ex
2,184,p2,0221,dragapult-ex,2619,n-zoroark
2,185,p2,0962,dragapult-dusknoir,2573,dragapult-blaziken
2,186,tie,2119,slowking-scr,0014,dragapult-ex
2,187,p1,1028,mega-venusaur-ex,0326,dragapult-dusknoir
2,188,p2,2970,dragapult-dusknoir,3630,crustle-dri
2,189,p2,2003,starmie-froslass,1267,dragapult-dusknoir
2,190,p2,1159,basic-box-m,2049,slowking-scr
2,191,p2,1171,alakazam-dudunsparce,2258,dragapult-ex
2,192,p2,0397,dragapult-dusknoir,0626,dragapult-dusknoir
2,193,p1,2251,dragapult-dusknoir,0098,dragapult-dusknoir
2,194,p2,1337,rockets-honchkrow,0048,basic-box-m
2,195,p2,3338,slowking-scr,2124,festival-lead
2,196,p2,2000,dragapult-ex,3041,n-zoroark
2,197,p2,2197,slowking-scr,2383,slowking-scr
2,198,p1,0400,alakazam-dudunsparce,1008,clefairy-ogerpon
2,199,p2,0565,dragapult-dusknoir,0217,dragapult-ex
2,200,tie,3648,lucario-hariyama,2889,alakazam-dudunsparce
2,201,p1,0065,alakazam-dudunsparce,0944,slowking-scr
2,202,p2,1523,n-zoroark,3586,slowking-scr
2,203,p1,0273,lopunny-dudunsparce,2448,ogerpon-meganium-hydrapple
2,204,p1,1232,n-zoroark,3064,lucario-hariyama
2,205,p1,0174,dragapult-blaziken,1331,festival-lead
2,206,p2,2828,dragapult-ex,0772,ogerpon-meganium-hydrapple
2,207,p1,2583,dragapult-ex,1180,dragapult-dusknoir
2,208,p2,0377,dragapult-blaziken,0935,rocket-mewtwo-ex
2,209,p1,2112,dragapult-dusknoir,2424,hops-trevenant
2,210,tie,2523,lucario-hariyama,1639,dragapult-dusknoir
2,211,p2,0247,mega-greninja-ex,2098,raging-bolt-ogerpon
2,212,p1,0730,hops-trevenant,2768,dragapult-dusknoir
2,213,p1,1216,slowking-scr,0238,n-zoroark
2,214,p2,1837,raging-bolt-ogerpon,3196,dragapult-ex
2,215,p1,0185,dragapult-dusknoir,1143,n-zoroark
2,216,p2,0004,crustle-dri,0025,okidogi-barbaracle
2,217,p1,3110,ceruledge-ex,2434,beedrill-ex-cri
2,218,p1,1803,ogerpon-meganium-hydrapple,0508,alakazam-dudunsparce
2,219,p2,2328,dragapult-dusknoir,2230,basic-box-m
2,220,p2,2320,dragapult-ex,3320,alakazam-dudunsparce
2,221,p1,2960,rocket-mewtwo-ex,3628,dragapult-dusknoir
2,222,p1,3566,mega-greninja-ex,2711,n-zoroark
2,223,p2,2142,mega-greninja-ex,1122,dragapult-ex
2,224,tie,1261,lucario-hariyama,1890,lucario-hariyama
2,225,p1,1682,slowking-scr,2462,archaludon-dudunsparce
2,226,p1,1826,dragapult-ex,3248,dragapult-dusknoir
2,227,p1,2409,dragapult-ex,0038,starmie-froslass
2,228,p2,2635,beedrill-ex-cri,1048,dragapult-ex
2,229,p2,2176,dragapult-dusknoir,3719,dragapult-blaziken
2,230,p2,2227,n-zoroark,3620,basic-box-m
2,231,p1,2818,metagross-cri,2917,ogerpon-meganium-hydrapple
2,232,p1,0205,dragapult-ex,3086,crustle-dri
2,233,p2,0160,mega-greninja-ex,3352,dragapult-ex
2,234,p1,2204,slowking-scr,1785,crustle-dri
2,235,p1,1480,crustle-dri,3194,dragapult-dusknoir
2,236,p1,0963,basic-box-m,0082,dragapult-ex
2,237,p1,1287,rockets-honchkrow,1522,mega-absol-box
2,238,p1,3426,n-zoroark,2594,dragapult-ex
2,239,p2,2036,lillie-clefairy,2994,mega-greninja-ex
2,240,p2,1274,rocket-mewtwo-ex,0207,n-zoroark
2,241,p2,0763,dragapult-blaziken,2088,dragapult-ex
2,242,tie,0738,rockets-honchkrow,2305,dragapult-ex
2,243,p1,0335,mega-greninja-ex,0746,flareon-noctowl
2,244,p2,0655,n-zoroark,0070,ethan-typhlosion
2,245,p2,3004,dragapult-ex,2315,dragapult-ex
2,246,p2,2446,beedrill-ex-cri,1866,dragapult-ex
2,247,p1,0034,n-zoroark,1805,slowking-scr
2,248,p2,1396,ogerpon-meganium-hydrapple,3477,dragapult-blaziken
2,249,p2,1470,ogerpon-meganium-hydrapple,1053,slowking-scr
2,250,p2,0932,alakazam-dudunsparce,3325,starmie-froslass
2,251,p1,1824,dragapult-dusknoir,3181,dragapult-ex
2,252,tie,2058,dragapult-froslass,2293,dragapult-dusknoir
2,253,p1,1417,dragapult-ex,3055,alakazam-dudunsparce
2,254,p1,2799,crustle-dri,2472,basic-box-m
2,255,p1,0731,ogerpon-meganium-hydrapple,0452,n-zoroark
2,256,p1,1348,dragapult-ex,2484,other
2,257,p2,2935,dragapult-ex,2852,lucario-hariyama
2,258,p1,3373,dragapult-ex,0302,raging-bolt-ogerpon
2,259,p2,0256,dragapult-dusknoir,1708,dragapult-ex
2,260,p1,0231,dragapult-ex,1659,dragapult-dusknoir
2,261,p2,2752,mega-lucario-ex,3047,dragapult-ex
2,262,p2,0561,dragapult-ex,0849,dragapult-ex
2,263,p2,3631,beedrill-ex-cri,1162,dragapult-blaziken
2,264,p1,3080,dragapult-dusknoir,3496,dragapult-blaziken
2,265,tie,0061,dragapult-ex,0164,ogerpon-meganium-hydrapple
2,266,p1,3267,dragapult-ex,2477,dragapult-ex
2,267,p1,2780,lopunny-dudunsparce,2514,dragapult-ex
2,268,p1,1309,alakazam-dudunsparce,1591,n-zoroark
2,269,p2,3553,ogerpon-meganium-hydrapple,3518,dragapult-dusknoir
2,270,p2,3577,n-zoroark,3130,n-zoroark
2,271,p2,1531,grimmsnarl-froslass,0230,crustle-dri
2,272,p2,0563,n-zoroark,3273,dragapult-blaziken
2,273,tie,1006,dragapult-blaziken,2512,basic-box-m
2,274,p1,0444,lillie-clefairy,0281,dragapult-ex
2,275,p1,0513,dragapult-ex,1663,lopunny-dudunsparce
2,276,p2,3549,alakazam-dudunsparce,3114,dragapult-ex
2,277,p1,0407,dragapult-ex,2160,n-zoroark
2,278,tie,2338,dragapult-ex,2900,dragapult-dusknoir
2,279,p1,2925,ogerpon-meganium-hydrapple,3143,dragapult-blaziken
2,280,p1,0406,slowking-scr,0079,mega-venusaur-ex
2,281,p1,2581,dragapult-ex,0146,basic-box-m
2,282,p2,3704,rockets-honchkrow,2143,n-zoroark
2,283,p2,0797,dragapult-ex,0923,dragapult-ex
2,284,p2,0027,ethan-typhlosion,3027,dragapult-ex
2,285,p1,2614,hops-trevenant,2403,beedrill-ex-cri
2,286,p2,3256,basic-box-m,2276,crustle-dri
2,287,p2,2151,raging-bolt-ogerpon,3673,ogerpon-meganium-hydrapple
2,288,p1,0723,dragapult-ex,3502,festival-lead
2,289,p2,2104,rocket-mewtwo-ex,3057,basic-box-m
2,290,p1,2401,ogerpon-meganium-hydrapple,1625,dragapult-blaziken
2,291,p2,1440,dragapult-ex,1295,crustle-dri
2,292,p2,0647,dragapult-ex,1021,dragapult-ex
2,293,tie,0475,dragapult-ex,1783,dragapult-ex
2,294,p1,0854,dragapult-blaziken,0735,mega-greninja-ex
2,295,tie,0478,dragapult-ex,2823,dragapult-ex
2,296,p2,2952,dragapult-dusknoir,2385,starmie-dusknoir
2,297,p2,2838,starmie-dusknoir,3529,dragapult-ex
2,298,tie,2414,alakazam-dudunsparce,0295,dragapult-dusknoir
2,299,p2,0990,lopunny-dudunsparce,1518,dragapult-ex
2,300,p1,3230,cynthia-garchomp-ex,2904,dragapult-blaziken
2,301,p1,2692,crustle-dri,0428,?metagross
2,302,p1,0161,dragapult-ex,1245,dragapult-ex
2,303,p2,1280,crustle-dri,3037,alakazam-dudunsparce
2,304,p2,1042,raging-bolt-ogerpon,1370,dragapult-dusknoir
2,305,p2,1094,ceruledge-ex,2456,n-zoroark
2,306,p1,0167,dragapult-ex,1571,dragapult-blaziken
2,307,p1,0192,dragapult-ex,0120,dragapult-ex
2,308,p1,3300,dragapult-dusknoir,2357,slowking-scr
2,309,p2,2991,alakazam-dudunsparce,3591,dragapult-dusknoir
2,310,p2,1371,n-zoroark,2207,ogerpon-meganium-hydrapple
2,311,p1,2825,lucario-hariyama,2787,beedrill-ex-cri
2,312,tie,1696,dragapult-ex,1606,rockets-honchkrow
2,313,p1,1036,festival-lead,0083,alakazam-dudunsparce
2,314,p1,1741,dragapult-blaziken,0598,festival-lead
2,315,p2,0122,diancie-dusknoir,2934,n-zoroark
2,316,p2,0198,alakazam-dudunsparce,3604,dragapult-ex
2,317,p1,1960,dragapult-ex,3476,dragapult-ex
2,318,p2,0479,dragapult-dudunsparce,1346,dragapult-ex
2,319,p1,2285,dragapult-ex,1929,greninja-ex
2,320,p1,2126,rockets-honchkrow,1358,dragapult-ex
2,321,p1,3101,alakazam-dudunsparce,2239,n-zoroark
2,322,p1,0391,basic-box-m,2812,slowking-scr
2,323,p1,1062,slowking-scr,2786,dragapult-ex
2,324,p1,2495,dragapult-ex,3415,ogerpon-meganium-hydrapple
2,325,p2,0675,dragapult-dusknoir,2578,n-zoroark
2,326,p2,0006,slowking-scr,0442,alakazam-dudunsparce
2,327,p2,2475,basic-box-m,0672,dragapult-ex
2,328,p2,2121,festival-lead,0438,starmie-froslass
2,329,p1,2877,greninja-ex,2834,n-zoroark
2,330,tie,3148,dragapult-ex,0998,dragapult-ex
2,331,p2,1380,dragapult-dusknoir,0940,festival-lead
2,332,p1,2256,beedrill-ex-cri,1119,lillie-clefairy
2,333,p2,0344,n-zoroark,1319,dragapult-ex
2,334,p1,2487,dragapult-blaziken,2537,dragapult-ex
2,335,p1,0319,dragapult-ex,1478,ethan-typhlosion
2,336,p2,0581,raging-bolt-ogerpon,2532,dragapult-ex
2,337,p2,2342,ogerpon-meganium-hydrapple,0260,dragapult-ex
2,338,p1,1974,beedrill-ex-cri,0596,alakazam-dudunsparce
2,339,p2,2186,lopunny-dudunsparce,2368,basic-box-m
2,340,p1,1178,basic-box-m,1614,festival-lead
2,341,p2,2261,dragapult-dusknoir,0674,dragapult-ex
2,342,p2,0889,dragapult-ex,0352,slowking-scr
2,343,p1,0592,n-zoroark,1176,?metagross
2,344,p1,0458,crustle-dri,1286,beedrill-ex-cri
2,345,p2,1242,rocket-mewtwo-ex,2649,dragapult-ex
2,346,p1,3317,dragapult-dusknoir,3112,ogerpon-meganium-hydrapple
2,347,p1,3011,dragapult-ex,2059,dragapult-ex
2,348,p1,0686,ogerpon-meganium-hydrapple,2439,dragapult-ex
2,349,p1,0227,dragapult-ex,1000,ogerpon-meganium-hydrapple
2,350,p2,0511,ogerpon-meganium-hydrapple,1585,dragapult-ex
2,351,p1,0226,basic-box-m,2701,dragapult-dusknoir
2,352,p2,1931,ethan-typhlosion,2984,dragapult-ex
2,353,tie,3393,n-zoroark,3009,ethan-typhlosion
2,354,p2,3269,dragapult-ex,2809,n-zoroark
2,355,p1,1239,slowking-scr,2949,rocket-mewtwo-ex
2,356,p1,2457,dragapult-ex,0456,rockets-honchkrow
2,357,p1,1829,alakazam-dudunsparce,1593,dragapult-ex
2,358,p1,2032,dragapult-blaziken,0661,slowking-scr
2,359,p1,3467,dragapult-ex,3034,raging-bolt-ogerpon
2,360,tie,2400,dragapult-blaziken,2836,dragapult-ex
2,361,p2,2864,dragapult-dusknoir,1086,alakazam-dudunsparce
2,362,p2,3716,mega-greninja-ex,2308,basic-box-m
2,363,p2,3376,raging-bolt-ogerpon,1148,starmie-froslass
2,364,p1,1366,basic-box-m,3068,rockets-honchkrow
2,365,p2,3398,dragapult-ex,0805,dragapult-ex
2,366,p2,0620,dragapult-ex,0323,lillie-clefairy
2,367,p2,0150,mega-greninja-ex,3696,dragapult-ex
2,368,p2,0773,lillie-clefairy,1719,mega-lucario-ex
2,369,p1,2602,dragapult-dusknoir,3238,dragapult-dusknoir
2,370,tie,3624,dragapult-ex,2363,ogerpon-meganium-hydrapple
2,371,p2,2880,dragapult-ex,2278,dragapult-ex
2,372,p1,2117,dragapult-blaziken,3244,?metagross
2,373,p1,3280,n-zoroark,1250,basic-box-m
2,374,p2,3297,dragapult-dusknoir,1155,n-zoroark
2,375,p1,0863,dragapult-ex,2114,ogerpon-meganium-hydrapple
2,376,tie,2784,grimmsnarl-froslass,3548,dragapult-dusknoir
2,377,p1,3544,dragapult-ex,3599,dragapult-ex
2,378,p1,0811,dragapult-ex,1065,dragapult-blaziken
2,379,tie,0007,dragapult-dusknoir,1404,ogerpon-meganium-hydrapple
2,380,tie,2465,dragapult-dusknoir,0055,dragapult-ex
2,381,p2,1275,?metagross,2083,lillie-clefairy
2,382,p1,1862,other,1282,n-zoroark
2,383,p2,0875,ogerpon-meganium-hydrapple,2054,dragapult-dusknoir
2,384,p1,2089,crustle-dri,0644,dragapult-ex
2,385,p2,1540,raging-bolt-ogerpon,3504,alakazam-dudunsparce
2,386,p2,0978,festival-lead,1078,kangaskhan-bouffalant
2,387,p2,1192,alakazam-dudunsparce,1656,dragapult-ex
2,388,p2,2245,dragapult-dusknoir,2241,ogerpon-meganium-hydrapple
2,389,p1,2270,rockets-honchkrow,0618,lucario-hariyama
2,390,p2,1355,dragapult-dusknoir,2881,slowking-scr
2,391,p2,1142,alakazam-dudunsparce,3356,basic-box-m
2,392,p2,1807,ethan-typhlosion,3453,ogerpon-meganium-hydrapple
2,393,p1,1631,dragapult-blaziken,1615,rockets-honchkrow
2,394,p2,1821,ethan-typhlosion,3605,n-zoroark
2,395,tie,0993,dragapult-ex,0369,alakazam-dudunsparce
2,396,tie,0488,dragapult-ex,1562,dragapult-ex
2,397,p2,0419,dragapult-ex,1243,dragapult-ex
2,398,p1,2216,alakazam-dudunsparce,0929,?
2,399,p2,0277,ogerpon-meganium-hydrapple,2629,mega-lucario-ex
2,400,p1,1451,dragapult-ex,3121,beedrill-ex-cri
2,401,p1,2679,dragapult-ex,1426,dragapult-dusknoir
2,402,p2,2795,other,3479,alakazam-dudunsparce
2,403,p1,1474,dragapult-dusknoir,0249,dragapult-ex
2,404,p1,1892,beedrill-ex-cri,1411,rocket-mewtwo-ex
2,405,p1,2608,n-zoroark,1419,cynthia-garchomp-ex
2,406,tie,2714,dragapult-ex,0473,n-zoroark
2,407,p2,2322,dragapult-ex,0527,dragapult-ex
2,408,tie,0042,lucario-hariyama,3031,dragapult-ex
2,409,p1,3140,festival-lead,2981,alakazam-dudunsparce
2,410,p1,0286,dragapult-ex,3341,dragapult-ex
2,411,p1,0711,other,1081,raging-bolt-ogerpon
2,412,p2,1495,greninja-ex,2887,dragapult-dusknoir
2,413,p1,1466,n-zoroark,1998,dragapult-blaziken
2,414,p1,0489,rockets-honchkrow,0886,grimmsnarl-froslass
2,415,p1,1669,alakazam-dudunsparce,0308,dragapult-dusknoir
2,416,p1,0015,n-zoroark,1080,hops-trevenant
2,417,p2,2638,alakazam-dudunsparce,0137,dragapult-dusknoir
2,418,p2,3706,dragapult-dusknoir,2718,dragapult-dusknoir
2,419,p2,1790,slowking-scr,0568,dragapult-ex
2,420,p2,2972,n-zoroark,1849,mega-greninja-ex
2,421,p1,0215,dragapult-blaziken,0371,ogerpon-meganium-hydrapple
2,422,p1,0613,n-zoroark,3035,raging-bolt-ogerpon
2,423,p2,3175,dragapult-blaziken,3359,dragapult-blaziken
2,424,tie,0709,dragapult-ex,0835,dragapult-ex
2,425,p1,1799,n-zoroark,2552,ogerpon-meganium-hydrapple
2,426,p1,2883,lopunny-dudunsparce,1842,mega-greninja-ex
2,427,p2,0117,starmie-dusknoir,1353,dragapult-ex
2,428,p2,3025,dragapult-ex,1569,n-zoroark
2,429,p2,0904,mega-greninja-ex,2454,crustle-dri
2,430,p2,2843,starmie-froslass,1519,crustle-dri
2,431,p2,1658,rockets-honchkrow,1290,dragapult-ex
2,432,p2,0425,?metagross,1702,dragapult-ex
2,433,tie,2759,dragapult-dudunsparce,0204,dragapult-ex
2,434,tie,0389,dragapult-ex,1472,dragapult-ex
2,435,p2,2590,dragapult-ex,0199,basic-box-m
2,436,p1,1430,basic-box-m,3307,dragapult-ex
2,437,p2,2905,ogerpon-meganium-hydrapple,2339,ceruledge-ex
2,438,p2,0991,ogerpon-meganium-hydrapple,1535,slowking-scr
2,439,p2,2572,crustle-dri,2317,?metagross
2,440,p2,3125,raging-bolt-ogerpon,1938,cynthia-garchomp-ex
2,441,p1,1588,archaludon-dudunsparce,2696,crustle-dri
2,442,tie,1428,dragapult-blaziken,2550,?metagross
2,443,p2,1754,slowking-scr,1106,dragapult-ex
2,444,p1,3190,mega-greninja-ex,3465,hops-trevenant
2,445,p1,1782,dragapult-dusknoir,2380,starmie-dusknoir
2,446,p2,0905,basic-box-m,0560,basic-box-m
2,447,p2,2435,ogerpon-meganium-hydrapple,0158,festival-lead
2,448,p2,0113,dragapult-ex,0665,raging-bolt-ogerpon
2,449,p2,2127,rocket-mewtwo-ex,2777,hops-trevenant
2,450,tie,2498,dragapult-ex,0521,crustle-dri
2,451,p1,2755,dragapult-dudunsparce,0584,mega-greninja-ex
2,452,tie,1413,raging-bolt-ogerpon,1074,dragapult-blaziken
2,453,p2,0816,archaludon-dudunsparce,1752,n-zoroark
2,454,p2,1402,raging-bolt-ogerpon,3000,dragapult-ex
2,455,p1,1589,dragapult-ex,3070,dragapult-dusknoir
2,456,p2,3412,crustle-dri,3138,slowking-scr
2,457,p2,3436,raging-bolt-ogerpon,0101,ogerpon-meganium-hydrapple
2,458,p1,3329,crustle-dri,2724,n-zoroark
2,459,p2,1528,greninja-ex,1017,dragapult-dusknoir
2,460,p2,2267,n-zoroark,2153,ogerpon-meganium-hydrapple
2,461,p1,0182,festival-lead,3335,cynthia-garchomp-ex
2,462,p1,1827,alakazam-dudunsparce,2548,raging-bolt-ogerpon
2,463,p2,2443,dragapult-ex,3292,dragapult-dusknoir
2,464,p1,3152,slowking-scr,3524,rocket-mewtwo-ex
2,465,p2,0807,ogerpon-meganium-hydrapple,2612,dragapult-ex
2,466,p2,1037,ogerpon-meganium-hydrapple,2997,dragapult-ex
2,467,p2,1649,festival-lead,1182,dragapult-ex
2,468,p2,0948,ogerpon-meganium-hydrapple,1797,dragapult-ex
2,469,p1,3271,ogerpon-meganium-hydrapple,3158,grimmsnarl-froslass
2,470,p1,1501,clefairy-ogerpon,1492,rocket-mewtwo-ex
2,471,p1,3154,dragapult-ex,2989,mega-greninja-ex
2,472,p2,2694,archaludon-dudunsparce,0396,dragapult-dusknoir
2,473,p2,2469,raging-bolt-ogerpon,0440,dragapult-ex
2,474,p2,2109,dragapult-ex,0654,diancie-dusknoir
2,475,p1,2157,crustle-dri,2051,lillie-clefairy
2,476,p1,0537,crustle-dri,2045,mega-greninja-ex
2,477,tie,0342,ogerpon-meganium-hydrapple,2381,beedrill-ex-cri
2,478,p2,0701,slowking-scr,2919,dragapult-ex
2,479,p1,1349,slowking-scr,2874,lopunny-dudunsparce
2,480,p2,1486,basic-box-m,3613,crustle-dri
2,481,p1,2503,alakazam-dudunsparce,2675,dragapult-dusknoir
2,482,p2,2929,lopunny-dudunsparce,1167,beedrill-ex-cri
2,483,p1,0934,dragapult-ex,0843,dragapult-ex
2,484,p1,0030,dragapult-ex,0980,dragapult-dusknoir
2,485,tie,2644,beedrill-ex-cri,0542,mega-greninja-ex
2,486,p1,1170,dragapult-dusknoir,2055,dragapult-dusknoir
2,487,p1,3414,dragapult-dusknoir,3650,mega-greninja-ex
2,488,p1,3409,dragapult-dusknoir,2988,raging-bolt-ogerpon
2,489,p1,2335,archaludon-dudunsparce,2165,dragapult-blaziken
2,490,p1,1949,dragapult-ex,0956,ogerpon-meganium-hydrapple
2,491,p1,0881,rocket-mewtwo-ex,0918,cynthia-garchomp-ex
2,492,p2,1221,lillie-clefairy,0059,crustle-dri
2,493,p2,2761,slowking-scr,3666,mega-greninja-ex
2,494,p2,0861,lucario-hariyama,2770,dragapult-dusknoir
2,495,p1,2234,dragapult-dusknoir,1388,festival-lead
2,496,p1,0384,mega-lucario-ex,2840,?metagross
2,497,p1,2505,alakazam-dudunsparce,3481,dragapult-ex
2,498,p2,1317,dragapult-dudunsparce,0928,alakazam-dudunsparce
2,499,p2,2501,lucario-hariyama,3096,dragapult-dusknoir
2,500,p1,0498,n-zoroark,2156,hops-trevenant
2,501,tie,2733,dragapult-dudunsparce,1793,starmie-froslass
2,502,p2,0347,dragapult-ex,2425,dragapult-dusknoir
2,503,p2,0429,crustle-dri,3288,raging-bolt-ogerpon
2,504,p2,1049,basic-box-m,1961,dragapult-ex
2,505,tie,1724,raging-bolt-ogerpon,1674,n-zoroark
2,506,p2,1190,basic-box-m,2861,dragapult-ex
2,507,p2,3584,dragapult-ex,1634,festival-lead
2,508,p2,3306,dragapult-dusknoir,2533,raging-bolt-ogerpon
2,509,p1,1263,dragapult-ex,0703,mega-greninja-ex
2,510,tie,0263,dragapult-ex,2494,dragapult-ex
2,511,p1,1011,dragapult-dusknoir,3423,dragapult-dusknoir
2,512,p2,3377,dragapult-ex,0817,slowking-scr
2,513,p2,2525,dragapult-ex,0459,greninja-ex
2,514,p1,0942,dragapult-ex,1981,dragapult-dusknoir
2,515,tie,1247,crustle-dri,1595,dragapult-ex
2,516,p2,2486,mega-greninja-ex,2073,dragapult-ex
2,517,p2,3316,alakazam-dudunsparce,3066,slowking-scr
2,518,tie,2406,dragapult-ex,1979,dragapult-dusknoir
2,519,p2,3159,mega-greninja-ex,1921,dragapult-dusknoir
2,520,p2,3535,ceruledge-ex,0768,crustle-dri
2,521,p1,1104,cynthia-garchomp-ex,3234,rockets-honchkrow
2,522,p1,2200,?,1996,ogerpon-meganium-hydrapple
2,523,p1,0010,n-zoroark,0235,ogerpon-meganium-hydrapple
2,524,tie,1687,dragapult-ex,0109,ceruledge-ex
2,525,p2,2187,festival-lead,3422,dragapult-ex
2,526,p1,2941,dragapult-ex,0421,dragapult-ex
2,527,p2,0201,slowking-scr,0887,mega-greninja-ex
2,528,tie,2597,n-zoroark,1552,dragapult-ex
2,529,tie,1679,n-zoroark,0196,dragapult-ex
2,530,p2,2947,festival-lead,2193,dragapult-ex
2,531,p2,0652,dragapult-dusknoir,0175,slowking-scr
2,532,p1,0314,dragapult-dusknoir,1609,festival-lead
2,533,p1,0535,rockets-honchkrow,3071,dragapult-dusknoir
2,534,p1,2742,dragapult-blaziken,3659,slowking-scr
2,535,p2,3418,dragapult-dusknoir,0684,dragapult-dusknoir
2,536,p1,1140,dragapult-dusknoir,2396,dragapult-ex
2,537,p2,2196,ethan-typhlosion,1368,dragapult-dusknoir
2,538,p2,3528,dragapult-ex,0495,dragapult-dudunsparce
2,539,p1,3185,other,3697,dragapult-blaziken
2,540,p1,0503,?metagross,0465,dragapult-dusknoir
2,541,p2,3450,ogerpon-meganium-hydrapple,3312,dragapult-dusknoir
2,542,p1,1743,dragapult-ex,0472,dragapult-dusknoir
2,543,p1,1525,dragapult-dusknoir,0283,dragapult-blaziken
2,544,p1,0095,n-zoroark,1557,dragapult-ex
2,545,p2,1684,dragapult-ex,3736,dragapult-blaziken
2,546,p2,1717,ogerpon-meganium-hydrapple,0802,rockets-honchkrow
2,547,p1,2765,dragapult-ex,3353,ogerpon-meganium-hydrapple
2,548,tie,0716,dragapult-ex,3218,crustle-dri
2,549,tie,0104,dragapult-ex,1637,dragapult-ex
2,550,p2,0349,dragapult-ex,2803,dragapult-ex
2,551,p2,2489,dragapult-ex,0265,n-zoroark
2,552,p2,2521,dragapult-ex,0621,dragapult-dusknoir
2,553,p1,3145,dragapult-dusknoir,1537,dragapult-blaziken
2,554,tie,2662,basic-box-m,0402,festival-lead
2,555,p1,3432,dragapult-ex,3633,ogerpon-meganium-hydrapple
2,556,p2,0982,dragapult-ex,2642,ogerpon-meganium-hydrapple
2,557,p2,1917,beedrill-ex-cri,2416,starmie-froslass
2,558,p1,2238,alakazam-dudunsparce,2725,starmie-froslass
2,559,p2,2728,dragapult-dusknoir,1831,dragapult-blaziken
2,560,p1,0141,beedrill-ex-cri,3651,dragapult-ex
2,561,tie,3725,raging-bolt-ogerpon,1394,dragapult-ex
2,562,tie,0555,crustle-dri,2449,festival-lead
2,563,p2,1886,dragapult-ex,2715,starmie-froslass
2,564,p1,2236,rockets-honchkrow,2279,lopunny-dudunsparce
2,565,p2,0691,dragapult-ex,0629,dragapult-ex
2,566,p1,2943,dragapult-ex,3202,alakazam-dudunsparce
2,567,p2,0708,n-zoroark,2640,lucario-hariyama
2,568,p1,3507,festival-lead,2467,ogerpon-meganium-hydrapple
2,569,tie,0790,dragapult-ex,3472,beedrill-ex-cri
2,570,p2,3433,raging-bolt-ogerpon,3546,rocket-mewtwo-ex
2,571,p1,1965,dragapult-ex,0871,dragapult-ex
2,572,p2,2658,slowking-scr,1543,basic-box-m
2,573,p2,0879,lucario-hariyama,2398,dragapult-ex
2,574,p2,0783,dragapult-blaziken,2705,basic-box-m
2,575,p2,3236,raging-bolt-ogerpon,1567,ethan-typhlosion
2,576,p2,3491,n-zoroark,0534,slowking-scr
2,577,tie,0144,crustle-dri,1100,dragapult-ex
2,578,p1,2940,alakazam-dudunsparce,1693,basic-box-m
2,579,tie,1196,dragapult-blaziken,1458,dragapult-dusknoir
2,580,p2,2190,slowking-scr,0523,dragapult-blaziken
2,581,p1,0269,raging-bolt-ogerpon,0312,festival-lead
2,582,p1,0972,dragapult-ex,2115,dragapult-dusknoir
2,583,p1,1689,other,0986,dragapult-dusknoir
2,584,tie,1617,mega-greninja-ex,1855,dragapult-ex
2,585,p1,0762,dragapult-ex,2698,dragapult-dusknoir
2,586,p1,1484,grimmsnarl-froslass,2392,raging-bolt-ogerpon
2,587,tie,1186,alakazam-dudunsparce,1004,slowking-scr
2,588,p2,0300,slowking-scr,0770,dragapult-blaziken
2,589,p2,1578,alakazam-dudunsparce,0700,dragapult-dusknoir
2,590,p2,2646,dragapult-dusknoir,0211,lillie-clefairy
2,591,p1,0915,dragapult-ex,0017,dragapult-dusknoir
2,592,p1,3582,dragapult-dusknoir,3405,raging-bolt-ogerpon
2,593,p1,1758,beedrill-ex-cri,1514,dragapult-ex
2,594,tie,3445,dragapult-dusknoir,0878,beedrill-ex-cri
2,595,tie,0926,lopunny-dudunsparce,1226,dragapult-ex
2,596,p2,0611,raging-bolt-ogerpon,1912,lucario-hariyama
2,597,tie,3724,dragapult-ex,1989,dragapult-ex
2,598,p2,0983,slowking-scr,0220,dragapult-ex
2,599,tie,3641,dragapult-dusknoir,3168,crustle-dri
2,600,p2,0574,festival-lead,0913,dragapult-ex
2,601,tie,1913,alakazam-dudunsparce,2248,hops-trevenant
2,602,p2,2560,ogerpon-meganium-hydrapple,2937,dragapult-dusknoir
2,603,p1,0822,dragapult-ex,2274,rocket-mewtwo-ex
2,604,p1,2953,mega-greninja-ex,3363,n-zoroark
2,605,p2,1107,dragapult-dusknoir,3223,alakazam-dudunsparce
2,606,p2,0760,dragapult-ex,3637,crustle-dri
2,607,p1,3379,dragapult-ex,0841,rockets-honchkrow
2,608,p1,1109,slowking-scr,3511,dragapult-ex
2,609,tie,2606,dragapult-ex,3608,lopunny-dudunsparce
2,610,tie,3187,alakazam-dudunsparce,2738,dragapult-ex
2,611,p2,3700,mega-greninja-ex,0188,alakazam-dudunsparce
2,612,p2,2963,ogerpon-meganium-hydrapple,1323,dragapult-ex
2,613,p2,0436,beedrill-ex-cri,1878,dragapult-ex
2,614,p1,3163,basic-box-m,2081,alakazam-dudunsparce
2,615,p2,0848,ogerpon-meganium,3671,dragapult-blaziken
2,616,p1,1444,basic-box-m,2174,?metagross
2,617,p1,0690,alakazam-dudunsparce,2924,n-zoroark
2,618,p2,2209,dragapult-blaziken,1611,dragapult-ex
2,619,p2,0659,n-zoroark,2966,dragapult-blaziken
2,620,p2,3173,n-zoroark,2353,lopunny-dudunsparce
2,621,p2,3510,mega-lucario-ex,1678,mega-greninja-ex
2,622,p2,2303,tera-box,2832,mega-greninja-ex
2,623,p1,1360,dragapult-ex,1158,diancie-dusknoir
2,624,tie,0575,alakazam-dudunsparce,3203,ogerpon-meganium-hydrapple
2,625,tie,1336,?metagross,1622,dragapult-blaziken
2,626,p1,2181,dragapult-ex,1102,dragapult-ex
2,627,p1,0116,dragapult-dusknoir,2145,slowking-scr
2,628,p2,1697,?metagross,3646,n-zoroark
2,629,p1,2191,crustle-dri,2507,dragapult-blaziken
2,630,p2,1623,dragapult-ex,1083,cynthia-garchomp-ex
2,631,p2,0786,cynthia-garchomp-ex,0696,raging-bolt-ogerpon
2,632,p1,3595,dragapult-ex,3687,rocket-mewtwo-ex
2,633,p2,1835,raging-bolt-ogerpon,0727,crustle-dri
2,634,p2,0091,cynthia-garchomp-ex,2260,alakazam-dudunsparce
2,635,p1,1384,dragapult-dusknoir,3366,dragapult-dusknoir
2,636,p2,3537,dragapult-ex,0315,raging-bolt-ogerpon
2,637,p1,3392,lillie-clefairy,2841,mega-venusaur-ex
2,638,p2,2975,dragapult-ex,1277,dragapult-ex
2,639,p2,2655,dragapult-ex,0766,dragapult-dusknoir
2,640,p1,1024,alakazam-dudunsparce,3165,lillie-clefairy
2,641,p2,1499,alakazam-dudunsparce,1778,dragapult-ex
2,642,tie,1547,dragapult-ex,2913,ceruledge-ex
2,643,p2,1555,dragapult-ex,0552,dragapult-ex
2,644,p2,1272,festival-lead,0327,archaludon-dudunsparce
2,645,tie,3732,dragapult-ex,1901,dragapult-ex
2,646,tie,0697,dragapult-ex,0646,crustle-dri
2,647,p2,1092,ogerpon-meganium-hydrapple,3221,ethan-typhlosion
2,648,p2,3131,mega-greninja-ex,2772,crustle-dri
2,649,p2,0268,dragapult-dusknoir,3322,dragapult-ex
2,650,p2,0345,crustle-dri,3684,alakazam-dudunsparce
2,651,p2,1075,mega-greninja-ex,0412,dragapult-ex
2,652,p1,2033,basic-box-m,3639,rockets-honchkrow
2,653,p2,0744,dragapult-ex,1765,dragapult-ex
2,654,p1,3573,alakazam-dudunsparce,3390,lucario-hariyama
2,655,p2,1712,mega-lucario-ex,2616,dragapult-dusknoir
2,656,p1,2671,beedrill-ex-cri,1756,dragapult-ex
2,657,tie,2323,dragapult-ex,1203,rockets-honchkrow
2,658,p2,0838,dragapult-ex,1945,dragapult-blaziken
2,659,p2,3441,ogerpon-meganium-hydrapple,2774,ogerpon-meganium-hydrapple
2,660,p1,2107,rockets-honchkrow,2390,hops-trevenant
2,661,p1,2922,dragapult-dusknoir,3082,dragapult-blaziken
2,662,p1,3265,dragapult-blaziken,2666,ogerpon-meganium-hydrapple
2,663,tie,2422,bronzong-tef,0869,ogerpon-meganium-hydrapple
2,664,tie,1968,dragapult-ex,2296,crustle-dri
2,665,tie,1009,cynthia-garchomp-ex,1390,ethan-typhlosion
2,666,p2,3625,dragapult-ex,0132,dragapult-ex
2,667,p2,0491,alakazam-dudunsparce,0501,stevens-metagross
2,668,p2,2481,lillie-clefairy,0664,alakazam-dudunsparce
2,669,p2,1376,ogerpon-meganium-hydrapple,1692,dragapult-blaziken
2,670,p1,3560,ogerpon-meganium-hydrapple,1874,dragapult-ex
2,671,p2,0682,alakazam-dudunsparce,2660,dragapult-ex
2,672,p1,3254,dragapult-ex,2849,dragapult-ex
2,673,p1,1227,dragapult-ex,1437,mega-greninja-ex
2,674,p1,1907,dragapult-ex,0381,dragapult-ex
2,675,p1,2310,n-zoroark,1252,alakazam-dudunsparce
2,676,p2,2292,raging-bolt-ogerpon,0485,n-zoroark
2,677,tie,2499,dragapult-dusknoir,0891,rocket-mewtwo-ex
2,678,p2,2819,lucario-hariyama,1392,ogerpon-meganium-hydrapple
2,679,p2,2515,lucario-hariyama,1138,ogerpon-meganium-arboliva
2,680,p2,2907,ogerpon-meganium-hydrapple,0022,dragapult-ex
2,681,p1,1852,dragapult-dusknoir,2212,dragapult-ex
2,682,p2,1330,basic-box-m,1497,dragapult-ex
2,683,p1,1461,dragapult-dusknoir,1327,ogerpon-meganium-hydrapple
2,684,p1,2451,n-zoroark,2311,lillie-clefairy
2,685,p2,0253,dragapult-ex,1644,dragapult-ex
2,686,p1,0910,dragapult-blaziken,1867,dragapult-blaziken
2,687,p2,2250,n-zoroark,0873,basic-box-m
2,688,tie,3349,dragapult-dusknoir,2370,alakazam-dudunsparce
2,689,p1,1844,crustle-dri,1127,dragapult-ex
2,690,p1,3616,dragapult-ex,1986,dragapult-ex
2,691,p1,2673,ogerpon-meganium-hydrapple,1325,dragapult-ex
2,692,p2,0317,ethan-typhlosion,0792,ceruledge-ex
2,693,p2,3362,dragapult-ex,1516,crustle-dri
2,694,p1,3106,dragapult-ex,3727,rockets-honchkrow
2,695,tie,0338,dragapult-dusknoir,1449,crustle-dri
2,696,p1,0240,dragapult-blaziken,2554,ethan-typhlosion
2,697,p2,1628,dragapult-ex,2901,basic-box-m
2,698,p1,2609,lopunny-dudunsparce,1774,dragapult-ex
2,699,tie,1135,dragapult-ex,1769,okidogi-barbaracle
2,700,tie,1721,slowking-scr,1665,n-zoroark
2,701,p1,3563,dragapult-ex,2931,dragapult-ex
2,702,tie,1954,alakazam-dudunsparce,3570,beedrill-ex-cri
2,703,p2,1202,dragapult-blaziken,0355,kangaskhan-bouffalant
2,704,tie,1819,cynthia-garchomp-ex,1916,dragapult-ex
2,705,p1,0688,basic-box-m,3051,dragapult-ex
2,706,p1,2069,raging-bolt-ogerpon,1374,beedrill-ex-cri
2,707,tie,1599,basic-box-m,3612,dragapult-ex
2,708,p1,0470,alakazam-dudunsparce,0214,ceruledge-ex
2,709,p2,1978,dragapult-ex,0827,alakazam-dudunsparce
2,710,tie,0894,festival-lead,2563,grimmsnarl-froslass
2,711,p1,0953,dragapult-dudunsparce,2047,dragapult-dusknoir
2,712,tie,0031,dragapult-ex,1422,ogerpon-meganium-hydrapple
2,713,p2,1057,slowking-scr,3242,dragapult-ex
2,714,p1,2517,dragapult-ex,1939,ogerpon-meganium-hydrapple
2,715,p1,3709,ogerpon-meganium-hydrapple,3040,raging-bolt-ogerpon
2,716,p1,3257,alakazam-dudunsparce,1489,diancie-dusknoir
2,717,p2,0244,dragapult-ex,0404,dragapult-ex
2,718,p2,1045,kangaskhan-bouffalant,2351,cynthia-garchomp-ex
2,719,p2,2891,dragapult-ex,2539,lucario-hariyama
2,720,p1,3499,dragapult-ex,1071,dragapult-blaziken
2,721,p2,1488,dragapult-dusknoir,3567,dragapult-ex
2,722,p2,2978,crustle-dri,0135,crustle-dri
2,723,p2,0741,hops-trevenant,1116,alakazam-dudunsparce
2,724,p2,3108,dragapult-dusknoir,1740,ogerpon-meganium-hydrapple
2,725,p2,2394,raging-bolt-ogerpon,2704,dragapult-ex
2,726,tie,1381,n-zoroark,0902,hops-trevenant
2,727,p1,0544,starmie-dusknoir,3386,dragapult-dudunsparce
2,728,p2,2418,hops-trevenant,3635,sharpedo-toxtricity
2,729,p2,2038,other,2361,alakazam-dudunsparce
2,730,p1,1408,slowking-scr,0637,mega-greninja-ex
2,731,p2,1597,rocket-mewtwo-ex,3059,raging-bolt-ogerpon
2,732,p2,1260,n-zoroark,0895,dragapult-ex
2,733,p1,2002,tera-box,3556,slowking-scr
2,734,p1,2689,slowking-scr,2006,ogerpon-meganium-hydrapple
2,735,p1,2746,raging-bolt-ogerpon,0755,ogerpon-meganium-hydrapple
2,736,p2,0721,dragapult-dusknoir,3610,ogerpon-meganium-hydrapple
2,737,p2,3133,dragapult-ex,1574,lopunny-dudunsparce
2,738,p1,0374,dragapult-ex,2220,n-zoroark
2,739,p2,1088,slowking-scr,0553,dragapult-ex
2,740,p1,0332,alakazam-dudunsparce,2101,lillie-clefairy
2,741,p1,0297,n-zoroark,2224,dragapult-ex
2,742,p2,2928,mega-greninja-ex,1750,basic-box-m
2,743,tie,3092,dragapult-ex,2622,alakazam-dudunsparce
2,744,p1,0859,beedrill-ex-cri,2063,raging-bolt-ogerpon
2,745,p2,0526,alakazam-dudunsparce,3653,dragapult-dusknoir
2,746,p1,3713,n-zoroark,2225,dragapult-ex
2,747,p2,3077,?metagross,1792,ogerpon-meganium-hydrapple
2,748,p2,3346,dragapult-ex,3007,slowking-scr
2,749,p1,3225,rockets-honchkrow,1563,alakazam-dudunsparce
2,750,p1,2627,dragapult-ex,1362,dragapult-dusknoir
2,751,p2,3232,dragapult-ex,2579,dragapult-ex
2,752,p1,1034,alakazam-dudunsparce,0424,n-zoroark
2,753,p2,2885,cynthia-garchomp-ex,1764,clefairy-ogerpon
2,754,p1,1405,festival-lead,2334,lopunny-dudunsparce
2,755,p2,0669,dragapult-ex,1340,dragapult-dusknoir
2,756,p1,1117,dragapult-ex,0241,ogerpon-meganium-hydrapple
2,757,p1,0054,basic-box-m,3124,dragapult-dusknoir
2,758,p2,0813,dragapult-ex,3658,slowking-scr
2,759,p2,3618,diancie-dusknoir,2625,raging-bolt-ogerpon
2,760,tie,3018,ogerpon-meganium-hydrapple,1363,dragapult-ex
2,761,p2,1879,dragapult-ex,1533,dragapult-dusknoir
2,762,p1,0726,starmie-froslass,2855,n-zoroark
2,763,tie,2163,alakazam-dudunsparce,2764,dragapult-dusknoir
2,764,p2,3358,dragapult-ex,3213,dragapult-ex
2,765,p1,1059,slowking-scr,3663,dragapult-ex
2,766,p2,2301,dragapult-dusknoir,2813,dragapult-ex
2,767,p2,3429,alakazam-dudunsparce,2729,dragapult-ex
2,768,p2,0957,dragapult-ex,0899,mega-greninja-ex
2,769,p2,1269,basic-box-m,0394,dragapult-blaziken
2,770,tie,2968,dragapult-dusknoir,0088,slowking-scr
2,771,p1,3712,dragapult-ex,3463,dragapult-ex
2,772,p1,0530,grimmsnarl-froslass,2388,mega-greninja-ex
2,773,tie,1188,?metagross,0418,?metagross
2,774,p1,2876,hops-trevenant,1112,ogerpon-meganium-hydrapple
2,775,p1,0068,mega-greninja-ex,1043,ogerpon-meganium-hydrapple
2,776,tie,3718,n-zoroark,3043,dragapult-ex
2,777,p1,0680,n-zoroark,1672,dragapult-ex
2,778,p1,3084,dragapult-dusknoir,2667,alakazam-dudunsparce
2,779,p2,1963,ogerpon-meganium-hydrapple,2429,lopunny-dudunsparce
2,780,p2,3177,rockets-honchkrow,1193,dragapult-ex
2,781,p2,2427,alakazam-dudunsparce,0224,dragapult-ex
2,782,tie,2875,dragapult-dusknoir,2782,?metagross
2,783,p2,0823,dragapult-ex,0494,dragapult-ex
2,784,tie,2647,alakazam-dudunsparce,1060,raging-bolt-ogerpon
2,785,p2,3597,crustle-dri,0937,?metagross
2,786,p2,1150,archaludon-dudunsparce,1183,alakazam-dudunsparce
2,787,p1,3562,dragapult-ex,2600,dragapult-ex
2,788,p1,1134,slowking-scr,2428,alakazam-dudunsparce
2,789,p1,2326,dragapult-ex,0180,lopunny-dudunsparce
2,790,p1,1133,dragapult-ex,1111,rockets-honchkrow
2,791,p2,3382,mega-greninja-ex,2244,hops-trevenant
2,792,p1,2894,n-zoroark,0855,raging-bolt-ogerpon
2,793,tie,2530,alakazam-dudunsparce,2974,dragapult-ex
2,794,p1,2909,rocket-mewtwo-ex,2347,other
2,795,p2,3680,ogerpon-meganium-hydrapple,2408,dragapult-ex
2,796,p2,0046,dragapult-blaziken,0718,alakazam-dudunsparce
2,797,p2,3083,ogerpon-meganium-hydrapple,2893,?
2,798,p1,1456,dragapult-ex,3357,cynthia-garchomp-ex
2,799,p1,1400,sharpedo-toxtricity,0642,rockets-honchkrow
2,800,p1,0416,alakazam-dudunsparce,0636,ceruledge-ex
2,801,p2,0609,dragapult-ex,2085,dragapult-dusknoir
2,802,p2,3681,cynthia-garchomp-ex,0640,mega-lucario-ex
2,803,p2,1839,cynthia-garchomp-ex,3220,lucario-hariyama
2,804,p2,0155,dragapult-dusknoir,1685,dragapult-ex
2,805,p2,0520,rockets-honchkrow,1534,cynthia-garchomp-ex
2,806,p1,0883,ogerpon-meganium-hydrapple,2730,rocket-mewtwo-ex
2,807,p1,0362,dragapult-blaziken,2897,alakazam-dudunsparce
2,808,p2,1661,n-zoroark,1220,dragapult-dusknoir
2,809,p2,0292,ogerpon-meganium-hydrapple,1198,dragapult-blaziken
2,810,p2,0089,lopunny-dusknoir,1676,dragapult-dusknoir
2,811,p1,2366,mega-greninja-ex,0417,mega-greninja-ex
2,812,tie,0376,dragapult-ex,0364,raging-bolt-ogerpon
2,813,p1,2135,basic-box-m,3694,dragapult-dusknoir
2,814,p2,2898,dragapult-ex,0548,dragapult-ex
2,815,p2,2218,dragapult-ex,2272,grimmsnarl-froslass
2,816,p1,3275,dragapult-dusknoir,2430,dragapult-ex
2,817,p2,1257,dragapult-blaziken,1652,ogerpon-meganium-hydrapple
2,818,p2,3521,ethan-typhlosion,2895,mega-greninja-ex
2,819,p2,2222,n-zoroark,2529,dragapult-blaziken
2,820,p1,3428,mega-greninja-ex,0919,crustle-dri
2,821,p1,3598,ogerpon-meganium-hydrapple,1218,dragapult-ex
2,822,tie,1377,hops-trevenant,2870,clefairy-ogerpon
2,823,p1,0884,hops-trevenant,0279,dragapult-ex
2,824,p1,2699,manectric-eelektrik,1762,other
2,825,tie,0586,dragapult-ex,2558,rocket-mewtwo-ex
2,826,p1,2076,dragapult-ex,2821,raging-bolt-ogerpon
2,827,p1,1947,lopunny-dudunsparce,2802,ogerpon-meganium-hydrapple
2,828,p2,3458,mega-greninja-ex,0509,n-zoroark
2,829,p2,3227,rockets-honchkrow,0585,dragapult-blaziken
2,830,p1,1293,alakazam-dudunsparce,1545,alakazam-dudunsparce
2,831,p2,3430,n-zoroark,1635,lillie-clefairy
2,832,p2,3301,dragapult-blaziken,0804,dragapult-dusknoir
2,833,p2,2313,dragapult-dusknoir,3580,basic-box-m
2,834,p1,2221,beedrill-ex-cri,1957,starmie-froslass
2,835,p2,3304,other,0717,raging-bolt-ogerpon
2,836,tie,3682,hops-trevenant,0632,dragapult-blaziken
2,837,p1,3044,dragapult-ex,3093,?metagross
2,838,p2,1342,mega-greninja-ex,0778,crustle-dri
2,839,p1,3128,crustle-dri,1378,hops-trevenant
2,840,p1,1645,dragapult-blaziken,0386,ogerpon-meganium-hydrapple
2,841,p2,0506,dragapult-blaziken,0071,dragapult-ex
2,842,tie,0170,rocket-mewtwo-ex,2754,cynthia-garchomp-ex
2,843,p2,3171,n-zoroark,1780,lopunny-dudunsparce
2,844,p1,2139,mega-greninja-ex,2790,kangaskhan-bouffalant
2,845,p2,3313,mega-greninja-ex,1166,slowking-scr
2,846,p2,3539,rocket-mewtwo-ex,3675,dragapult-ex
2,847,p1,3310,greninja-ex,3513,dragapult-ex
2,848,p1,1052,dragapult-ex,0569,rockets-honchkrow
2,849,p2,3087,n-zoroark,1294,crustle-dri
2,850,p2,0987,dragapult-dudunsparce,2243,dragapult-ex
2,851,p2,2720,dragapult-ex,0589,dragapult-dusknoir
2,852,p1,1580,alakazam-dudunsparce,0044,crustle-dri
2,853,p1,0900,slowking-scr,1779,dragapult-blaziken
2,854,p2,2781,alakazam-dudunsparce,0086,joltik-box
2,855,p2,0140,ogerpon-meganium-hydrapple,1187,slowking-scr
2,856,p2,0550,n-zoroark,0099,festival-lead
2,857,tie,1067,lucario-hariyama,2599,festival-lead
2,858,p1,2265,alakazam-dudunsparce,0758,beedrill-ex-cri
2,859,p1,2663,dragapult-ex,3457,n-zoroark
2,860,p2,1542,crustle-dri,0657,dragapult-dusknoir
2,861,p1,1948,slowking-scr,1205,rockets-honchkrow
2,862,p2,1493,dragapult-ex,3259,?metagross
2,863,p2,1507,ogerpon-meganium-hydrapple,0133,n-zoroark
2,864,p1,2568,alakazam-dudunsparce,3135,slowking-scr
2,865,p1,0639,dragapult-blaziken,0898,dragapult-ex
2,866,p2,0868,blissey-ex,1435,dragapult-ex
2,867,p1,1423,dragapult-ex,2387,archaludon-dudunsparce
2,868,p2,0819,cynthia-garchomp-ex,0493,dragapult-ex
2,869,p2,3141,dragapult-ex,1014,lillie-clefairy
2,870,tie,2161,cynthia-garchomp-ex,0631,ogerpon-meganium-hydrapple
2,871,p2,3302,dragapult-ex,0305,dragapult-ex
2,872,p2,3309,alakazam-dudunsparce,2801,alakazam-dudunsparce
2,873,tie,0223,slowking-scr,0387,dragapult-dusknoir
2,874,p2,1840,mega-greninja-ex,0482,dragapult-ex
2,875,p2,2271,okidogi-barbaracle,0845,dragapult-dudunsparce
2,876,p1,2806,beedrill-ex-cri,0571,beedrill-ex-cri
2,877,tie,1958,starmie-froslass,3395,mega-greninja-ex
2,878,p2,0829,dragapult-blaziken,2300,slowking-scr
2,879,p1,2544,hops-trevenant,1629,dragapult-ex
2,880,p2,2567,mega-venusaur-ex,1709,archaludon-dudunsparce
2,881,tie,1044,basic-box-m,2829,dragapult-ex
2,882,p1,0361,cynthia-garchomp-ex,3053,n-zoroark
2,883,p2,3281,dragapult-ex,1700,slowking-scr
2,884,p2,3484,dragapult-dusknoir,3282,dragapult-dusknoir
2,885,p2,2437,dragapult-ex,2763,dragapult-ex
2,886,p2,3381,manectric-eelektrik,1258,slowking-scr
2,887,p2,2356,dragapult-dudunsparce,0076,dragapult-blaziken
2,888,p1,0112,dragapult-ex,2792,raging-bolt-ogerpon
2,889,p1,0897,dragapult-ex,3540,mega-absol-box
2,890,tie,3161,beedrill-ex-cri,0090,slowking-scr
2,891,tie,3115,dragapult-dusknoir,2407,crustle-dri
2,892,p1,1651,raging-bolt-ogerpon,1184,ogerpon-meganium-hydrapple
2,893,p2,2299,dragapult-ex,2302,mega-greninja-ex
2,894,tie,1952,crustle-dri,1454,dragapult-blaziken
2,895,p2,0658,starmie-dusknoir,3162,dragapult-ex
2,896,p2,3459,basic-box-m,0134,dragapult-dusknoir
2,897,p2,2753,rockets-honchkrow,2996,other
2,898,tie,1129,ogerpon-meganium-hydrapple,1630,?metagross
2,899,p2,2995,crustle-dri,1300,dragapult-blaziken
2,900,p1,0179,dragapult-ex,1434,slowking-scr
2,901,tie,1761,slowking-scr,0547,raging-bolt-ogerpon
2,902,tie,0846,dragapult-blaziken,3295,ethan-typhlosion
2,903,p2,0169,dragapult-ex,3191,alakazam-dudunsparce
2,904,p2,1297,rockets-honchkrow,2263,dragapult-blaziken
2,905,p1,3462,slowking-scr,1788,dragapult-ex
2,906,p2,2845,raging-bolt-ogerpon,2822,dragapult-blaziken
2,907,tie,2856,rockets-honchkrow,3579,dragapult-dusknoir
2,908,p1,2805,dragapult-ex,3676,dragapult-dusknoir
2,909,tie,2061,dragapult-ex,3702,hops-trevenant
2,910,p2,0973,rockets-honchkrow,2325,dragapult-ex
2,911,p2,3022,alakazam-dudunsparce,2330,dragapult-dusknoir
2,912,p2,0189,dragapult-ex,0165,alakazam-dudunsparce
2,913,p2,0590,mega-greninja-ex,3522,beedrill-ex-cri
2,914,p2,0505,mega-greninja-ex,2297,ogerpon-meganium-hydrapple
2,915,p1,3561,slowking-scr,2164,raging-bolt-ogerpon
2,916,p2,1699,dragapult-dusknoir,0529,dragapult-blaziken
2,917,p2,2808,lopunny-dudunsparce,3438,dragapult-ex
2,918,tie,3001,dragapult-ex,1546,cynthia-garchomp-ex
2,919,tie,0951,dragapult-dusknoir,0481,ogerpon-meganium-hydrapple
2,920,p1,3437,dragapult-ex,1636,dragapult-ex
2,921,tie,3172,dragapult-ex,1217,ogerpon-meganium-hydrapple
2,922,p2,0291,crustle-dri,0820,ogerpon-meganium-hydrapple
2,923,p1,2543,dragapult-dusknoir,0067,tera-box
2,924,tie,1675,lopunny-dudunsparce,0100,dragapult-ex
2,925,p2,1068,dragapult-blaziken,0148,dragapult-ex
2,926,p1,3514,dragapult-dusknoir,2789,other
2,927,p2,0725,dragapult-dusknoir,1194,dragapult-dusknoir
2,928,p1,3303,dragapult-dusknoir,1716,dragapult-ex
2,929,p2,3017,dragapult-dudunsparce,0970,kangaskhan-bouffalant
2,930,tie,0668,rockets-honchkrow,2807,dragapult-ex
2,931,p2,2298,alakazam-dudunsparce,1097,dragapult-dusknoir
2,932,p1,1818,dragapult-dusknoir,3088,lopunny-dudunsparce
2,933,tie,1817,dragapult-ex,2664,dragapult-ex
2,934,p1,0087,hops-trevenant,0867,festival-lead
2,935,p1,1541,dragapult-ex,2910,ethan-typhlosion
2,936,p2,1304,ogerpon-meganium-hydrapple,2591,crustle-dri
2,937,p2,0363,other,1504,ogerpon-meganium-hydrapple
2,938,p1,0190,dragapult-blaziken,2542,slowking-scr
2,939,p1,0777,slowking-scr,3006,rockets-honchkrow
2,940,tie,0415,dragapult-dusknoir,2973,rockets-honchkrow
2,941,p1,2740,basic-box-m,1416,dragapult-blaziken
2,942,p2,1653,mega-greninja-ex,1787,dragapult-blaziken
2,943,p1,0111,dragapult-ex,3493,ogerpon-meganium-hydrapple
2,944,p1,2569,dragapult-ex,2474,greninja-ex
2,945,p1,1964,dragapult-ex,2365,n-zoroark
2,946,p2,2283,dragapult-ex,1197,crustle-dri
2,947,p1,3711,n-zoroark,0519,ogerpon-meganium-hydrapple
2,948,p1,3339,dragapult-dusknoir,1895,rockets-honchkrow
2,949,p2,1714,n-zoroark,1898,ethan-typhlosion
2,950,p2,1900,hops-trevenant,1553,festival-lead
2,951,p1,0337,dragapult-ex,1902,dragapult-dusknoir
2,952,p2,1904,starmie-froslass,1265,ogerpon-meganium-hydrapple
2,953,tie,0328,dragapult-ex,1906,slowking-scr
2,954,p2,1704,?metagross,1646,basic-box-m
2,955,p2,1909,mega-greninja-ex,0949,slowking-scr
2,956,p2,0142,dragapult-blaziken,1911,ogerpon-meganium-hydrapple
2,957,tie,1399,raging-bolt-ogerpon,0073,n-zoroark
2,958,p2,0938,rockets-honchkrow,1994,dragapult-dusknoir
2,959,p1,1314,dragapult-ex,2794,alakazam-dudunsparce
2,960,tie,2623,rockets-honchkrow,1919,ogerpon-meganium-hydrapple
2,961,p1,1517,ethan-typhlosion,1922,basic-box-m
2,962,p1,1923,rockets-honchkrow,2035,raging-bolt-ogerpon
2,963,p1,2147,ogerpon-meganium-hydrapple,1926,dragapult-blaziken
2,964,p1,2669,dragapult-ex,1927,raging-bolt-ogerpon
2,965,p2,1930,lucario-hariyama,0695,slowking-scr
2,966,p2,2814,n-zoroark,2896,n-zoroark
2,967,p2,1001,dragapult-ex,1934,alakazam-dudunsparce
2,968,p2,1935,dragapult-dusknoir,1095,n-zoroark
2,969,p1,0952,dragapult-blaziken,1415,slowking-scr
2,970,p1,1834,dragapult-dusknoir,2732,dragapult-ex
2,971,p1,2140,dragapult-dusknoir,1307,alakazam-dudunsparce
2,972,p2,1943,ogerpon-meganium-hydrapple,1650,dragapult-dusknoir
2,973,p2,2869,lillie-clefairy,0085,raging-bolt-ogerpon
2,974,p2,0830,dragapult-dusknoir,2162,dragapult-ex
2,975,p1,1149,dragapult-blaziken,1508,alakazam-dudunsparce
2,976,p2,2846,mega-greninja-ex,2284,ethan-typhlosion
2,977,tie,1219,dragapult-ex,0375,dragapult-ex
2,978,p1,2348,dragapult-ex,2557,dragapult-ex
2,979,p1,1130,dragapult-ex,3679,dragapult-dusknoir
2,980,tie,0677,alakazam-dudunsparce,0920,ogerpon-meganium-hydrapple
2,981,p1,2731,lopunny-dudunsparce,0139,alakazam-dudunsparce
2,982,p2,1255,ogerpon-meganium-hydrapple,2067,dragapult-ex
2,983,p1,2793,crustle-dri,0246,raging-bolt-ogerpon
2,984,p2,1967,lucario-hariyama,3166,basic-box-m
2,985,tie,3541,dragapult-ex,1969,dragapult-ex
2,986,p1,0453,n-zoroark,3643,dragapult-blaziken
2,987,p2,0604,rockets-honchkrow,3021,dragapult-ex
2,988,p1,1662,basic-box-m,1455,rockets-honchkrow
2,989,p1,1715,ogerpon-meganium-hydrapple,1298,lopunny-dudunsparce
2,990,p2,1864,lucario-hariyama,3464,dragapult-dusknoir
2,991,p1,0624,alakazam-dudunsparce,3369,lopunny-dudunsparce
2,992,p2,0572,festival-lead,1013,mega-greninja-ex
2,993,tie,0958,dragapult-ex,3142,alakazam-dudunsparce
2,994,p1,2136,dragapult-blaziken,2541,starmie-dusknoir
2,995,p1,0510,kangaskhan-bouffalant,3192,beedrill-ex-cri
2,996,p2,1503,dragapult-ex,3644,alakazam-dudunsparce
2,997,tie,1993,rocket-mewtwo-ex,3664,dragapult-ex
2,998,p2,0549,raging-bolt-ogerpon,2872,dragapult-dusknoir
2,999,p1,0462,dragapult-ex,0413,dragapult-ex
2,1000,p1,0667,dragapult-blaziken,3117,slowking-scr
2,1001,p1,0610,alakazam-dudunsparce,2592,ogerpon-meganium-hydrapple
2,1002,p1,3557,alakazam-dudunsparce,1069,froslass-munkidori
2,1003,p2,2005,dragapult-blaziken,1598,sylveon-pre
2,1004,p1,2007,ogerpon-meganium-hydrapple,2595,raging-bolt-ogerpon
2,1005,p2,1880,n-zoroark,3149,mega-greninja-ex
2,1006,p2,2011,dragapult-dusknoir,1732,n-zoroark
2,1007,tie,2399,dragapult-dusknoir,2014,toxtricity-pfl
2,1008,p2,2016,dragapult-ex,2134,dragapult-ex
2,1009,p2,2017,lucario-hariyama,0234,dragapult-dudunsparce
2,1010,p2,1212,mega-charizard-x-ex,2019,dragapult-dusknoir
2,1011,p1,2022,alakazam-dudunsparce,2231,slowking-scr
2,1012,p1,0594,sylveon-pre,2023,dragapult-ex
2,1013,p1,3255,dragapult-ex,2839,crustle-dri
2,1014,tie,3396,beedrill-ex-cri,0454,dragapult-ex
2,1015,p1,3214,dragapult-ex,2355,dragapult-ex
2,1016,p1,2288,lucario-hariyama,3461,alakazam-dudunsparce
2,1017,p1,0045,dragapult-ex,0108,dragapult-dudunsparce
2,1018,p1,0043,dragapult-dusknoir,1747,beedrill-ex-cri
2,1019,tie,3150,lopunny-dudunsparce,1308,dragapult-dusknoir
2,1020,p1,1705,dragapult-dudunsparce,2039,yanmega-ex
2,1021,p2,2042,alakazam-dudunsparce,3473,dragapult-dusknoir
2,1022,p1,2044,raging-bolt-ogerpon,0851,dragapult-ex
2,1023,p1,1341,ogerpon-meganium-hydrapple,0603,dragapult-blaziken
2,1024,p1,2736,dragapult-blaziken,0749,dragapult-blaziken
2,1025,tie,0156,n-zoroark,2916,dragapult-dudunsparce
2,1026,p2,3460,starmie-dusknoir,3005,greninja-ex
2,1027,tie,0245,dragapult-ex,2527,slowking-scr
2,1028,p2,3118,dragapult-ex,1270,n-zoroark
2,1029,p2,3483,n-zoroark,1299,mega-greninja-ex
2,1030,p2,0280,kangaskhan-bouffalant,3717,dragapult-dusknoir
2,1031,p1,2329,starmie-froslass,2528,slowking-scr
2,1032,p2,3668,ogerpon-meganium-hydrapple,2871,crustle-dri
2,1033,p1,1733,hops-trevenant,2066,crustle-dri
2,1035,tie,2068,dragapult-dusknoir,0832,crustle-dri
2,1036,p1,0866,n-zoroark,2070,rockets-honchkrow
2,1037,p2,0570,cynthia-garchomp-ex,2072,slowking-scr
2,1038,p1,2074,slowking-scr,1278,dragapult-ex
2,1039,p1,0974,raging-bolt-ogerpon,2075,n-zoroark
2,1040,p1,2077,beedrill-ex-cri,1051,ogerpon-meganium-hydrapple
2,1041,p2,2955,dragapult-dusknoir,2079,dragapult-ex
2,1042,p2,2082,ogerpon-meganium-hydrapple,1439,mega-lucario-ex
2,1043,tie,0936,dragapult-ex,2084,ogerpon-meganium-hydrapple
2,1044,p1,0130,raging-bolt-ogerpon,2086,n-zoroark
2,1045,p1,2087,dragapult-dusknoir,2826,dragapult-ex
2,1046,p1,1643,n-zoroark,2090,dragapult-dusknoir
2,1047,p1,1736,dragapult-ex,2092,other
2,1048,p2,2094,other,2373,slowking-scr
2,1049,p1,1125,dragapult-ex,2096,ogerpon-meganium-hydrapple
2,1050,p2,2097,lillie-clefairy,0282,n-zoroark
2,1051,tie,2100,dragapult-dusknoir,1648,basic-box-m
2,1052,p2,2102,greninja-ex,0566,mega-zygarde-ex
2,1053,p1,2103,cynthia-garchomp-ex,3503,ceruledge-ex
2,1054,tie,2105,n-zoroark,3689,dragapult-ex
2,1056,p1,3127,dragapult-dusknoir,3314,ogerpon-meganium-hydrapple
2,1057,p2,0072,crustle-dri,2668,lucario-hariyama
2,1058,p2,0988,ceruledge-ex,1303,slowking-scr
2,1059,p1,2266,beedrill-ex-cri,0856,dragapult-dusknoir
2,1060,p1,0306,dragapult-blaziken,0623,grimmsnarl-froslass
2,1061,p1,3094,dragapult-ex,0153,ogerpon-meganium-hydrapple
2,1062,p2,1424,dragapult-ex,0975,dragapult-blaziken
2,1063,p1,0166,dragapult-dusknoir,1313,n-zoroark
2,1064,p2,0969,?metagross,3219,dragapult-ex
2,1065,p1,2915,crustle-dri,3260,raging-bolt-ogerpon
2,1066,p1,0824,ogerpon-meganium-hydrapple,3002,dragapult-ex
2,1067,p2,2967,alakazam-dudunsparce,0641,rockets-honchkrow
2,1068,p1,1686,mega-lucario-ex,3290,ogerpon-meganium
2,1069,p1,3701,dragapult-ex,3558,dragapult-dusknoir
2,1070,p1,2719,alakazam-dudunsparce,3289,rocket-mewtwo-ex
2,1071,p1,0976,dragapult-dusknoir,1453,alakazam-dudunsparce
2,1072,p1,0107,ogerpon-meganium-hydrapple,3370,dragapult-dusknoir
2,1073,p1,1863,dragapult-ex,1321,dragapult-dusknoir
2,1074,p2,2078,slowking-scr,2062,n-zoroark
2,1075,tie,1951,n-zoroark,1436,dragapult-ex
2,1076,p1,0757,ogerpon-meganium-hydrapple,0147,other
2,1077,p2,2700,other,0679,dragapult-ex
2,1078,p2,2438,mega-lucario-ex,2798,lopunny-dudunsparce
2,1079,p1,3276,dragapult-ex,2648,ogerpon-meganium-hydrapple
2,1080,p2,0154,basic-box-m,1671,hops-trevenant
2,1081,p2,1654,dragapult-dusknoir,3178,dragapult-ex
2,1082,p1,0461,raging-bolt-ogerpon,3494,alakazam-dudunsparce
2,1083,p2,1322,ogerpon-meganium-hydrapple,1703,?metagross
2,1084,p2,0750,slowking-scr,2791,dragapult-blaziken
2,1085,p1,2797,dragapult-ex,3334,dragapult-ex
2,1086,p1,3333,crustle-dri,3427,dragapult-dudunsparce
2,1087,p2,0393,rockets-honchkrow,2830,dragapult-ex
2,1088,tie,2264,slowking-scr,2287,other
2,1089,p2,1364,raging-bolt-ogerpon,3210,slowking-scr
2,1090,p2,0678,rocket-mewtwo-ex,1206,tera-box
2,1091,p2,1070,flareon-noctowl,1256,rocket-mewtwo-ex
2,1092,p1,2217,beedrill-ex-cri,1833,?metagross
2,1093,p2,1433,beedrill-ex-cri,3136,dragapult-ex
2,1094,p1,1494,dragapult-ex,2071,raging-bolt-ogerpon
2,1095,p1,3116,dragapult-ex,3228,mega-lucario-ex
2,1096,tie,2473,rockets-honchkrow,3667,?metagross
2,1097,p1,0075,dragapult-ex,3054,starmie-froslass
2,1098,p1,1710,lillie-clefairy,0803,crustle-dri
2,1099,p2,0635,ogerpon-meganium-arboliva,1579,dragapult-ex
2,1100,p1,2739,metagross-cri,0385,dragapult-blaziken
2,1101,p2,1748,rocket-mewtwo-ex,0414,rocket-mewtwo-ex
2,1102,p2,2735,beedrill-ex-cri,0074,dragapult-ex
2,1103,p1,3693,dragapult-ex,3296,dragapult-dusknoir
2,1104,p1,1098,dragapult-ex,0831,dragapult-ex
2,1105,p1,3750,dragapult-ex,2280,hops-trevenant
2,1106,tie,2314,rockets-honchkrow,1165,dragapult-dusknoir
2,1107,p2,0388,crustle-dri,2570,ethan-typhlosion
2,1108,p2,0129,dragapult-dusknoir,3209,dragapult-ex
2,1109,p2,2598,slowking-scr,3058,dragapult-blaziken
2,1110,p1,1856,raging-bolt-ogerpon,2441,dragapult-dusknoir
2,1111,p2,2384,starmie-dusknoir,1551,mega-greninja-ex
2,1112,p1,1372,crustle-dri,0722,slowking-scr
2,1113,p1,1590,dragapult-ex,2596,ogerpon-meganium-hydrapple
2,1114,p2,3268,raging-bolt-ogerpon,0313,dragapult-ex
2,1115,p1,2661,ogerpon-meganium-hydrapple,1809,raging-bolt-ogerpon
2,1116,p2,2155,crustle-dri,0066,ethan-typhlosion
2,1117,p2,1332,n-zoroark,0460,ogerpon-meganium-hydrapple
2,1118,p1,0003,dragapult-ex,2745,basic-box-m
2,1119,p2,3743,slowking-scr,3350,hops-trevenant
2,1120,tie,3564,dragapult-ex,0019,slowking-scr
2,1121,p1,1072,dragapult-ex,2233,dragapult-blaziken
2,1122,p1,3215,hops-trevenant,1711,starmie-dusknoir
2,1123,p1,2253,alakazam-dudunsparce,1928,ogerpon-meganium-hydrapple
2,1124,p2,3075,ogerpon-meganium-hydrapple,1199,mega-greninja-ex
2,1125,tie,0556,lucario-hariyama,1723,dragapult-ex
2,1126,p1,2873,raging-bolt-ogerpon,0737,n-zoroark
2,1127,p2,2930,lopunny-dudunsparce,0809,dragapult-ex
2,1128,p2,3091,dragapult-dusknoir,1605,dragapult-ex
2,1129,p2,2254,dragapult-blaziken,0023,dragapult-dusknoir
2,1131,p2,1032,grimmsnarl-froslass,3157,festival-lead
2,1132,p2,3036,dragapult-blaziken,2804,dragapult-blaziken
2,1133,p2,1956,dragapult-ex,1443,dragapult-blaziken
2,1134,p2,1003,dragapult-blaziken,3012,dragapult-ex
2,1135,p1,2593,n-zoroark,0821,cynthia-garchomp-ex
2,1136,p1,3431,dragapult-ex,3425,alakazam-dudunsparce
2,1137,p2,2607,alakazam-dudunsparce,2034,mega-lucario-ex
2,1138,p1,2680,kangaskhan-bouffalant,1570,starmie-dusknoir
2,1139,tie,0994,dragapult-ex,2447,mega-greninja-ex
2,1140,tie,3607,dragapult-ex,3603,rockets-honchkrow
2,1141,p2,1318,alakazam-dudunsparce,3384,beedrill-ex-cri
2,1142,p2,3642,slowking-scr,0885,starmie-froslass
2,1143,p2,3692,alakazam-dudunsparce,2493,dragapult-dusknoir
2,1144,p2,2912,n-zoroark,0912,ogerpon-meganium-hydrapple
2,1145,p2,0801,grimmsnarl-froslass,1347,dragapult-dusknoir
2,1146,p1,1530,beedrill-ex-cri,0383,rockets-honchkrow
2,1147,p2,3665,rockets-honchkrow,2936,dragapult-dusknoir
2,1148,p2,2850,n-zoroark,1691,alakazam-dudunsparce
2,1149,tie,2977,alakazam-dudunsparce,0310,alakazam-dudunsparce
2,1150,tie,2413,n-zoroark,0119,beedrill-ex-cri
2,1151,p2,2309,rocket-spidops,2722,dragapult-ex
2,1152,p1,0981,rockets-honchkrow,1908,starmie-froslass
2,1153,p1,3542,dragapult-ex,0917,dragapult-ex
2,1154,p1,0032,basic-box-m,1885,mega-greninja-ex
2,1155,p1,1698,dragapult-ex,0350,starmie-dusknoir
2,1156,p2,2307,dragapult-ex,3611,dragapult-ex
2,1157,p1,0512,dragapult-ex,3568,n-zoroark
2,1158,p1,2884,lucario-hariyama,1982,dragapult-ex
2,1159,p2,3345,alakazam-dudunsparce,1683,dragapult-blaziken
2,1160,p1,2410,mega-greninja-ex,2657,dragapult-ex
2,1161,p1,2195,beedrill-ex-cri,2133,dragapult-blaziken
2,1162,p1,2969,alakazam-dudunsparce,2605,ethan-typhlosion
2,1163,p2,3749,dragapult-ex,0346,mega-lucario-ex
2,1164,p2,0844,dragapult-ex,2175,slowking-scr
2,1165,p2,3355,other,0356,basic-box-m
2,1166,tie,1160,mega-lucario-ex,1868,hops-trevenant
2,1167,p1,3389,ogerpon-meganium-hydrapple,2138,dragapult-ex
2,1168,p1,0408,slowking-scr,3652,basic-box-m
2,1169,p1,0857,dragapult-dusknoir,0676,dragapult-ex
2,1170,p2,1760,ethan-typhlosion,3498,marnie-grimmsnarl-ex
2,1171,tie,0743,slowking-scr,0163,basic-box-m
2,1172,p1,1061,rockets-honchkrow,1889,dragapult-ex
2,1173,p1,0162,mega-lucario-ex,1046,n-zoroark
2,1174,tie,0382,ceruledge-ex,2391,lopunny-dudunsparce
2,1175,p1,2879,mega-greninja-ex,1776,starmie-froslass
2,1176,p2,2589,alakazam-dudunsparce,2262,dragapult-dusknoir
2,1177,p1,2950,n-zoroark,2659,dragapult-dusknoir
2,1178,p2,0789,dragapult-dusknoir,0399,starmie-froslass
2,1179,p1,3550,dragapult-ex,3207,cynthia-garchomp-ex
2,1180,p2,2601,crustle-dri,2192,crustle-dri
2,1181,p2,3726,starmie-dusknoir,2173,dragapult-ex
2,1182,p1,1544,dragapult-ex,1126,dragapult-blaziken
2,1183,tie,1755,dragapult-ex,0893,alakazam-dudunsparce
2,1184,p1,2634,alakazam-dudunsparce,2223,dragapult-ex
2,1185,p1,0047,dragapult-ex,1152,ogerpon-meganium-arboliva
2,1186,p2,0028,dragapult-dusknoir,2502,n-zoroark
2,1187,p2,2336,ogerpon-meganium-hydrapple,1972,dragapult-dusknoir
2,1188,p2,0447,dragapult-dusknoir,1642,dragapult-dusknoir
2,1189,p1,0033,dragapult-ex,2350,n-zoroark
2,1190,p1,1224,dragapult-dusknoir,3387,ogerpon-meganium-hydrapple
2,1191,p2,1510,crustle-dri,0662,dragapult-ex
2,1192,p1,3735,bronzong-tef,3627,slowking-scr
2,1193,p2,2645,alakazam-dudunsparce,0284,dragapult-ex
2,1194,p1,0645,?,0874,ogerpon-meganium-hydrapple
2,1195,p1,2312,raging-bolt-ogerpon,2382,dragapult-dusknoir
2,1196,p2,0724,other,2360,dragapult-froslass
2,1197,p2,0380,mega-greninja-ex,3640,dragapult-ex
2,1198,p2,0357,?metagross,1706,slowking-scr
2,1199,tie,1379,dragapult-dusknoir,2766,mega-greninja-ex
2,1200,p2,2811,crustle-dri,1690,lucario-hariyama
2,1201,p2,3081,?metagross,2810,basic-box-m
2,1202,tie,2983,crustle-dri,2771,dragapult-ex
2,1203,p1,0203,ogerpon-meganium-hydrapple,2932,dragapult-blaziken
2,1204,p2,0939,alakazam-dudunsparce,3585,cynthia-garchomp-ex
2,1205,p1,0216,cynthia-garchomp-ex,2111,n-zoroark
2,1206,p1,2540,starmie-dusknoir,1477,dragapult-dusknoir
2,1207,p2,1985,dragapult-ex,1742,dragapult-ex
2,1208,p2,1791,other,2942,beedrill-ex-cri
2,1209,p1,0837,mega-absol-box,1701,ethan-typhlosion
2,1210,p1,1832,dragapult-ex,1548,ogerpon-meganium-hydrapple
2,1211,p2,2631,dragapult-ex,2800,dragapult-dusknoir
2,1212,p1,3239,dragapult-blaziken,1564,festival-lead
2,1213,p2,0446,alakazam-dudunsparce,1592,dragapult-ex
2,1214,p1,0267,crustle-dri,2324,diancie-dusknoir
2,1215,p1,1937,mega-absol-box,3176,?metagross
2,1216,p1,2674,raging-bolt-ogerpon,0426,ceruledge-ex
2,1217,p1,1479,rocket-mewtwo-ex,3559,crustle-dri
2,1218,p2,3360,other,0206,raging-bolt-ogerpon
2,1219,p1,1992,dragapult-ex,0186,n-zoroark
2,1220,tie,2080,basic-box-m,0049,mega-greninja-ex
2,1221,p2,3107,dragapult-blaziken,0890,dragapult-blaziken
2,1222,tie,2775,raging-bolt-ogerpon,3475,hops-trevenant
2,1223,p2,1781,crustle-dri,1235,dragapult-ex
2,1224,p1,0651,dragapult-dusknoir,3174,other
2,1225,p2,3626,alakazam-dudunsparce,0840,rocket-mewtwo-ex
2,1226,p2,1820,lillie-clefairy,1463,raging-bolt-ogerpon
2,1227,p1,0528,mega-lucario-ex,1246,dragapult-ex
2,1228,p1,3446,slowking-scr,0096,mega-greninja-ex
2,1229,p1,3482,ogerpon-meganium-hydrapple,1843,dragapult-ex
2,1230,p1,3243,basic-box-m,2125,?metagross
2,1231,p2,0285,mega-abomasnow-ex,2455,?metagross
2,1232,p2,0710,slowking-scr,1179,dragapult-blaziken
2,1233,p2,3733,rocket-mewtwo-ex,3530,dragapult-ex
2,1234,p2,2485,dragapult-blaziken,2965,dragapult-blaziken
2,1235,p2,3122,mega-starmie-ex,1305,dragapult-dusknoir
2,1236,p2,0663,slowking-scr,0303,alakazam-dudunsparce
2,1237,p1,2717,dragapult-dusknoir,2624,dragapult-ex
2,1238,p1,3235,?metagross,2833,lucario-hariyama
2,1239,p1,2152,basic-box-m,0209,dragapult-dusknoir
2,1240,p2,3298,dragapult-ex,2479,n-zoroark
2,1241,p2,2588,basic-box-m,1801,dragapult-ex
2,1242,p2,3406,dragapult-ex,0229,alakazam-dudunsparce
2,1243,tie,3391,basic-box-m,2513,grimmsnarl-froslass
2,1244,tie,3421,dragapult-ex,2524,other
2,1245,p2,1144,dragapult-ex,0266,dragapult-ex
2,1246,p1,2926,crustle-dri,3024,ceruledge-ex
2,1247,p1,2415,dragapult-dusknoir,0745,mega-greninja-ex
2,1248,p2,3739,mega-greninja-ex,1613,ogerpon-meganium-hydrapple
2,1249,tie,0477,dragapult-blaziken,0524,ogerpon-meganium-hydrapple
2,1250,p1,0538,dragapult-ex,2835,dragapult-ex
2,1251,p1,3199,rockets-honchkrow,0591,ceruledge-ex
2,1252,tie,2463,rockets-honchkrow,2866,dragapult-ex
2,1253,p2,0924,dragapult-ex,1320,dragapult-blaziken
2,1254,p2,1851,dragapult-dusknoir,0577,kangaskhan-bouffalant
2,1255,p1,2021,dragapult-ex,3517,dragapult-dudunsparce
2,1256,p1,1335,dragapult-ex,3105,lucario-hariyama
2,1257,tie,0390,dragapult-dusknoir,1767,hops-trevenant
2,1258,p1,1038,beedrill-ex-cri,3623,rockets-honchkrow
2,1259,p2,1608,n-zoroark,2854,raging-bolt-ogerpon
2,1260,p1,1391,dragapult-ex,2466,rocket-mewtwo-ex
2,1261,p1,3039,basic-box-m,0764,dragapult-ex
2,1262,p2,1526,dragapult-ex,0564,dragapult-ex
2,1263,tie,2756,slowking-scr,0540,archaludon-dudunsparce
2,1264,p2,3714,dragapult-dudunsparce,2213,dragapult-dusknoir
2,1265,p2,1973,slowking-scr,2741,hops-trevenant
2,1266,p2,1025,slowking-scr,3531,dragapult-dusknoir
2,1267,p2,1398,dragapult-ex,1156,dragapult-dusknoir
2,1268,tie,1089,dragapult-blaziken,0583,starmie-dusknoir
2,1269,p1,2990,beedrill-ex-cri,1804,hops-trevenant
2,1270,p1,2620,dragapult-blaziken,2352,mega-greninja-ex
2,1271,p2,2944,raging-bolt-ogerpon,3439,lucario-hariyama
2,1272,p1,3602,cynthia-garchomp-ex,2417,slowking-scr
2,1273,p1,1164,lucario-hariyama,0681,mega-starmie-ex
2,1274,tie,3198,starmie-dusknoir,0567,dragapult-ex
2,1275,p1,1214,raging-bolt-ogerpon,0062,lopunny-dudunsparce
2,1276,p2,0500,other,0601,crustle-dri
2,1277,p2,2982,lillie-clefairy,3571,n-zoroark
2,1278,p2,1084,kangaskhan-bouffalant,0742,rockets-honchkrow
2,1279,p1,1271,n-zoroark,1195,ogerpon-meganium-arboliva
2,1280,p2,0009,festival-lead,3378,ogerpon-meganium-hydrapple
2,1281,p1,3448,n-zoroark,2046,lucario-hariyama
2,1282,p2,2001,dragapult-ex,0053,rockets-honchkrow
2,1283,p2,0633,dragapult-dusknoir,0420,dragapult-ex
2,1284,tie,2923,n-zoroark,0719,dragapult-ex
2,1285,p2,1513,dragapult-dusknoir,1980,cynthia-garchomp-ex
2,1286,p1,3189,n-zoroark,2421,lillie-clefairy
2,1287,p2,3705,lopunny-dudunsparce,0931,lillie-clefairy
2,1288,p1,0907,lucario-hariyama,0114,rockets-honchkrow
2,1289,p2,3647,beedrill-ex-cri,2748,dragapult-ex
2,1290,p1,3074,cynthia-garchomp-ex,0040,?metagross
2,1291,p2,3113,raging-bolt-ogerpon,2211,lillie-clefairy
2,1292,p1,3748,starmie-dusknoir,2483,ogerpon-meganium-hydrapple
2,1293,p2,1020,ogerpon-meganium-hydrapple,0307,crustle-dri
2,1294,p2,1030,raging-bolt-ogerpon,2012,lucario-hariyama
2,1295,p2,2516,mega-greninja-ex,1511,joltik-box
2,1296,p2,1231,diancie-dusknoir,3742,n-zoroark
2,1297,p2,2037,dragapult-blaziken,3575,crustle-dri
2,1298,tie,3555,basic-box-m,2433,tera-box
2,1299,p2,1420,lillie-clefairy,3123,slowking-scr
2,1300,p2,1946,mega-greninja-ex,0516,palafin-ex
2,1301,tie,2031,cynthia-garchomp-ex,1670,ceruledge-ex
2,1302,p2,3410,crustle-dri,0433,alakazam-dudunsparce
2,1303,p2,2159,starmie-dusknoir,2219,basic-box-m
2,1304,p2,2122,mega-greninja-ex,2652,festival-lead
2,1305,p2,1999,slowking-scr,3069,dragapult-dusknoir
2,1306,p2,2946,basic-box-m,1586,ogerpon-meganium-hydrapple
2,1307,p1,2154,greninja-ex,1137,rockets-honchkrow
2,1308,tie,1757,rockets-honchkrow,2857,dragapult-ex
2,1309,tie,1310,crustle-dri,0294,crustle-dri
2,1310,p2,3596,dragapult-dusknoir,2986,lillie-clefairy
2,1311,p1,1361,festival-lead,3674,raging-bolt-ogerpon
2,1312,p2,2340,raging-bolt-ogerpon,1594,mega-greninja-ex
2,1313,p1,2734,beedrill-ex-cri,2951,ogerpon-meganium-arboliva
2,1314,tie,1664,ogerpon-meganium-hydrapple,2827,lucario-hariyama
2,1315,tie,3690,hops-trevenant,2681,raging-bolt-ogerpon
2,1316,p1,1618,dragapult-ex,0194,raging-bolt-ogerpon
2,1317,p2,3606,ogerpon-meganium,0551,alakazam-dudunsparce
2,1318,p2,2440,dragapult-dusknoir,0242,rocket-mewtwo-ex
2,1319,tie,0222,mega-lucario-ex,0486,ogerpon-meganium-hydrapple
2,1320,p1,3617,ogerpon-meganium-hydrapple,0518,raging-bolt-ogerpon
2,1321,p1,3593,dragapult-blaziken,0490,dragapult-dudunsparce
2,1322,tie,2412,festival-lead,1124,raging-bolt-ogerpon
2,1323,p1,1861,mega-greninja-ex,3656,kangaskhan-bouffalant
2,1324,p1,1120,dragapult-ex,1108,crustle-dri
2,1325,p2,0427,festival-lead,0533,dragapult-ex
2,1326,p1,2815,n-zoroark,3364,lopunny-dudunsparce
2,1327,p2,1393,bronzong-tef,0008,hops-trevenant
2,1328,p2,3649,lopunny-dudunsparce,1794,ceruledge-ex
2,1329,p2,2998,crustle-dri,0557,crustle-dri
2,1330,p1,3324,n-zoroark,0927,tera-box
2,1331,p2,1903,grimmsnarl-froslass,0102,n-zoroark
2,1332,p1,2526,lucario-hariyama,2899,?metagross
2,1333,p2,3063,beedrill-ex-cri,3008,blaziken-ex-jtg
2,1334,p1,2490,?,1289,ogerpon-meganium-hydrapple
2,1335,p1,0950,slowking-scr,1002,beedrill-ex-cri
2,1336,p2,0842,raging-bolt-ogerpon,0136,lillie-clefairy
2,1337,p1,2892,hops-trevenant,0125,raging-bolt-ogerpon
2,1338,p2,0480,raging-bolt-ogerpon,2628,hops-trevenant
2,1339,tie,3636,starmie-froslass,0836,raging-bolt-ogerpon
2,1340,tie,0729,mega-lucario-ex,1427,ursaluna-lunatone
2,1341,p1,2844,starmie-dusknoir,1237,slowking-scr
2,1342,p2,0011,raging-bolt-ogerpon,3501,ogerpon-meganium-hydrapple
2,1343,p2,2393,rocket-mewtwo-ex,0870,lopunny-dudunsparce
2,1344,p1,1169,dragapult-blaziken,2205,alakazam-dudunsparce
2,1345,p1,3634,rocket-mewtwo-ex,2511,cynthia-garchomp-ex
2,1346,p2,0195,slowking-scr,2957,raging-bolt-ogerpon
2,1347,p1,1128,mega-lucario-ex,0159,rocket-mewtwo-ex
2,1348,p1,0545,raging-bolt-ogerpon,1875,raging-bolt-ogerpon
2,1349,p2,2255,dragapult-ex,1418,alakazam-dudunsparce
2,1350,p1,3079,rockets-honchkrow,3699,rockets-honchkrow
2,1351,p1,2767,dragapult-ex,2028,n-zoroark
2,1352,p1,2282,ogerpon-meganium-hydrapple,2920,dragapult-blaziken
2,1353,p2,0754,raging-bolt-ogerpon,0056,dragapult-dusknoir
2,1354,p1,1339,slowking-scr,0457,ceruledge-ex
2,1355,p2,2538,other,0933,dragapult-ex
2,1356,tie,2727,rockets-honchkrow,1680,greninja-ex
2,1357,tie,3032,n-zoroark,1096,dragapult-ex
2,1358,p2,0296,ogerpon-meganium-hydrapple,2141,dragapult-ex
2,1359,p1,1113,slowking-scr,0138,dragapult-dusknoir
2,1360,tie,3685,rocket-spidops,1731,dragapult-dusknoir
2,1361,p2,2123,lucario-hariyama,0106,dragapult-ex
2,1362,p1,0638,slowking-scr,0248,beedrill-ex-cri
2,1363,p1,1859,lopunny-dudunsparce,0254,ogerpon-meganium-hydrapple
2,1364,p1,1063,beedrill-ex-cri,2796,slowking-scr
2,1365,p2,2665,lucario-hariyama,2337,diancie-dusknoir
2,1366,p2,0213,okidogi-barbaracle,0405,mega-greninja-ex
2,1367,p1,2862,mega-greninja-ex,1432,basic-box-m
2,1368,p1,0595,alakazam-dudunsparce,0401,festival-lead
2,1369,p2,2188,mega-lucario-ex,3403,dragapult-ex
2,1370,tie,2445,slowking-scr,3099,hops-trevenant
2,1371,p2,0340,dragapult-dusknoir,1722,lucario-hariyama
2,1372,p2,2621,dragapult-ex,0152,raging-bolt-ogerpon
2,1373,p1,0411,n-zoroark,0992,ogerpon-meganium-hydrapple
2,1374,p2,0115,slowking-scr,3411,dragapult-ex
2,1375,tie,0311,dragapult-ex,1520,dragapult-ex
2,1376,tie,2452,dragapult-ex,1225,mega-greninja-ex
2,1377,p2,1536,n-zoroark,0961,dragapult-ex
2,1378,p1,2397,dragapult-ex,2653,dragapult-ex
2,1379,p1,1796,lucario-hariyama,0013,dragapult-ex
2,1380,p2,2492,dragapult-ex,1725,ogerpon-meganium-hydrapple
2,1381,p1,0808,basic-box-m,0320,mega-greninja-ex
2,1382,p2,1328,ogerpon-meganium-hydrapple,1744,slowking-scr
2,1383,tie,3657,rocket-mewtwo-ex,2344,ogerpon-meganium-hydrapple
2,1384,p1,3237,dragapult-blaziken,3466,mega-lucario-ex
2,1385,p2,0128,ogerpon-meganium-hydrapple,1091,hops-trevenant
2,1386,p2,3454,lillie-clefairy,3321,slowking-scr
2,1387,p2,2859,mega-starmie-ex,2053,dragapult-ex
2,1388,p2,3723,ogerpon-meganium-arboliva,2773,beedrill-ex-cri
2,1389,p1,2553,dragapult-ex,1387,dragapult-blaziken
2,1390,p2,3495,dragapult-blaziken,3527,alakazam-dudunsparce
2,1391,p2,3508,slowking-scr,2295,alakazam-dudunsparce
2,1392,p1,0097,dragapult-blaziken,1018,ogerpon-meganium-hydrapple
2,1393,p1,1429,raging-bolt-ogerpon,0018,kangaskhan-bouffalant
2,1394,tie,0092,alakazam-dudunsparce,3731,ogerpon-meganium-hydrapple
2,1395,p1,0392,rockets-honchkrow,2150,mega-greninja-ex
2,1396,tie,1487,rockets-honchkrow,3703,mega-lucario-ex
2,1397,p2,0331,lucario-hariyama,2064,hops-trevenant
2,1398,p2,2470,starmie-froslass,0625,alakazam-dudunsparce
2,1399,p1,1490,ogerpon-meganium-hydrapple,2933,slowking-scr
2,1400,p2,2716,ogerpon-meganium-arboliva,0354,alakazam-dudunsparce
2,1401,p2,0250,raging-bolt-ogerpon,3374,dragapult-ex
2,1402,p2,1763,raging-bolt-ogerpon,1208,slowking-scr
2,1403,p1,0775,ogerpon-meganium-hydrapple,0228,dragapult-ex
2,1404,p1,1389,ogerpon-meganium-hydrapple,2024,mega-greninja-ex
2,1405,p2,1027,slowking-scr,2566,basic-box-m
2,1406,p1,2703,dragapult-ex,0989,slowking-scr
2,1407,p1,3344,festival-lead,2762,ogerpon-meganium-hydrapple
2,1408,tie,3067,?metagross,1959,dragapult-ex
2,1409,p2,0330,raging-bolt-ogerpon,3164,dragapult-ex
2,1410,p1,1602,beedrill-ex-cri,0916,rocket-mewtwo-ex
2,1411,p2,0643,dragapult-dusknoir,1558,dragapult-ex
2,1412,p1,0896,hops-trevenant,3132,lucario-hariyama
2,1413,p2,1093,greninja-ex,1524,kangaskhan-bouffalant
2,1414,p2,2971,lucario-hariyama,1850,greninja-ex
2,1415,p1,2093,crustle-dri,1877,alakazam-dudunsparce
2,1416,p2,3332,festival-lead,2903,ogerpon-meganium-hydrapple
2,1417,p2,0660,alakazam-dudunsparce,1476,n-zoroark
2,1418,p1,0197,hops-trevenant,1357,mega-greninja-ex
2,1419,p1,3062,lucario-hariyama,0608,dragapult-dusknoir
2,1420,tie,1933,dragapult-ex,3543,dragapult-ex
2,1421,p2,1465,raging-bolt-ogerpon,0504,crustle-dri
2,1422,p2,1248,alakazam-dudunsparce,0171,sylveon-pre
2,1423,p2,2237,raging-bolt-ogerpon,1324,?
2,1424,p1,2630,mega-greninja-ex,2760,hops-trevenant
2,1425,p1,0971,n-zoroark,1012,cynthia-garchomp-ex
2,1426,p2,3367,?,3308,dragapult-ex
2,1427,p2,0955,n-zoroark,3523,eelektrik-blk
2,1428,tie,2389,dragapult-dudunsparce,3525,rockets-honchkrow
2,1429,p2,0341,raging-bolt-ogerpon,0484,hop-zacian
2,1430,p2,1505,ogerpon-meganium-hydrapple,3746,dragapult-ex
2,1431,p2,1066,lucario-hariyama,0257,dragapult-blaziken
2,1432,tie,0964,n-zoroark,0996,hops-trevenant
2,1433,p2,3129,dragapult-blaziken,0985,dragapult-blaziken
2,1434,p2,1471,mega-greninja-ex,3169,basic-box-m
2,1435,p1,1276,dragapult-blaziken,2215,doublade-por
2,1436,p2,3340,greninja-ex,1987,dragapult-dusknoir
2,1437,p1,0372,ogerpon-meganium-hydrapple,0021,festival-lead
2,1438,p1,0037,hops-trevenant,1233,mega-greninja-ex
2,1439,p2,2906,crustle-dri,3180,starmie-froslass
2,1440,p2,1118,basic-box-m,1816,alakazam-dudunsparce
2,1441,p1,0628,ogerpon-meganium-hydrapple,2504,raging-bolt-ogerpon
2,1442,p1,1677,other,0202,dragapult-ex
2,1443,tie,2555,rockets-honchkrow,3284,dragapult-ex
2,1444,p2,0903,dragapult-ex,3435,dragapult-blaziken
2,1445,tie,3144,dragapult-blaziken,0270,dragapult-blaziken
2,1446,p1,0437,lillie-clefairy,0298,dragapult-ex
2,1447,p1,0673,n-zoroark,3490,archaludon-ex
2,1448,p1,2641,dragapult-ex,1970,dragapult-ex
2,1449,tie,2693,dragapult-ex,3419,dragapult-ex
2,1450,p2,2639,beedrill-ex-cri,1869,crustle-dri
2,1451,tie,0316,slowking-scr,1828,slowking-scr
2,1452,p2,3506,alakazam-dudunsparce,1141,other
2,1453,p2,0255,ogerpon-meganium-hydrapple,2291,dragapult-dusknoir
2,1454,p2,0225,dragapult-ex,2020,lillie-clefairy
2,1455,p1,2863,n-zoroark,2226,other
2,1456,p2,1561,n-zoroark,1445,alakazam-dudunsparce
2,1457,p1,0001,slowking-scr,0471,dragapult-dusknoir
2,1458,p1,0796,alakazam-dudunsparce,0909,slowking-scr
2,1459,p2,2643,festival-lead,1728,dragapult-ex
2,1460,p2,3056,mega-manectric-ex-meg,1023,greninja-ex
2,1461,p1,0435,dragapult-ex,1773,greninja-ex
2,1462,p2,3645,lopunny-dudunsparce,2611,alakazam-dudunsparce
2,1463,p1,1848,slowking-scr,0123,dragapult-dusknoir
2,1464,p1,2785,dragapult-ex,0422,slowking-scr
2,1465,p2,3533,dragapult-ex,1640,beedrill-ex-cri
2,1466,tie,0834,other,0685,dragapult-ex
2,1467,p2,2817,dragapult-dusknoir,1735,mega-greninja-ex
2,1468,p2,1403,n-zoroark,1549,?metagross
2,1469,p1,2672,slowking-scr,3090,grimmsnarl-froslass
2,1470,p2,3013,ogerpon-meganium-hydrapple,1619,alakazam-dudunsparce
2,1471,p1,3147,n-zoroark,3033,ogerpon-meganium-hydrapple
2,1472,p1,0689,basic-box-m,2482,cynthia-garchomp-ex
2,1473,tie,3253,festival-lead,0060,dragapult-ex
2,1474,tie,0872,dragapult-ex,1181,dragapult-ex
2,1475,p2,2183,lopunny-dudunsparce,3104,dragapult-ex
2,1476,tie,1085,ethan-typhlosion,0496,ethan-typhlosion
2,1477,tie,3201,basic-box-m,1010,crustle-dri
2,1478,p2,1485,mega-venusaur-ex,0767,starmie-dusknoir
2,1479,p1,3247,n-zoroark,3468,mega-greninja-ex
2,1480,tie,2726,alakazam-dudunsparce,0687,raging-bolt-ogerpon
2,1481,p2,1077,dragapult-dusknoir,3315,?metagross
2,1482,p2,3134,dragapult-blaziken,2615,starmie-dusknoir
2,1483,p1,2358,raging-bolt-ogerpon,3740,dragapult-dusknoir
2,1484,p1,0474,hops-trevenant,3151,rockets-honchkrow
2,1485,tie,1412,dragapult-ex,0301,dragapult-blaziken
2,1486,p2,0921,n-zoroark,2306,greninja-ex
2,1487,p2,0850,slowking-scr,1749,ogerpon-meganium-hydrapple
2,1488,p2,3587,dragapult-ex,2604,rockets-honchkrow
2,1489,p2,1262,alakazam-dudunsparce,2691,dragapult-dusknoir
2,1490,p2,2148,dragapult-blaziken,1865,dragapult-ex
2,1491,p2,2378,ogerpon-meganium-arboliva,2327,slowking-scr
2,1492,p2,1035,lopunny-dudunsparce,2584,alakazam-dudunsparce
2,1493,p2,3372,raging-bolt-ogerpon,0712,dragapult-ex
2,1494,p2,3619,beedrill-ex-cri,3266,alakazam-dudunsparce
2,1495,p2,1050,n-zoroark,0619,crustle-dri
2,1496,p2,3184,dragapult-dusknoir,1823,dragapult-ex
2,1497,p2,3153,n-zoroark,1329,dragapult-dusknoir
2,1498,p2,3330,raging-bolt-ogerpon,3698,alakazam-dudunsparce
2,1499,p1,1264,dragapult-ex,1279,tera-box
2,1500,p2,0733,dragapult-dusknoir,2444,dragapult-ex
2,1501,tie,2779,alakazam-dudunsparce,3654,mega-lucario-ex
2,1502,p1,2458,slowking-scr,0756,rocket-mewtwo-ex
2,1503,p2,2166,mega-venusaur-ex,1539,alakazam-dudunsparce
2,1504,p1,0191,alakazam-dudunsparce,0666,starmie-dusknoir
2,1505,p1,1527,dragapult-ex,0145,dragapult-dusknoir
2,1506,p2,1521,starmie-froslass,2203,slowking-scr
2,1507,p1,0740,other,1899,lucario-hariyama
2,1508,p1,3661,n-zoroark,1681,mega-lucario-ex
2,1509,p1,3120,alakazam-dudunsparce,3632,dragapult-dusknoir
2,1510,p2,1515,basic-box-m,0968,dragapult-dusknoir
2,1511,p1,0759,festival-lead,1005,basic-box-m
2,1512,tie,2199,beedrill-ex-cri,2091,dragapult-dusknoir
2,1513,p1,2004,mega-greninja-ex,3224,starmie-froslass
2,1514,tie,3677,other,2585,crustle-dri
2,1515,p1,3217,dragapult-ex,0573,crustle-dri
2,1516,p1,2246,dragapult-ex,2018,mega-abomasnow-ex
2,1517,p2,1596,dragapult-ex,0622,ogerpon-meganium-hydrapple
2,1518,p1,0443,ogerpon-meganium-hydrapple,1914,lillie-clefairy
2,1519,p1,1976,starmie-froslass,0877,jellicent-dusknoir
2,1520,p2,2506,raging-bolt-ogerpon,2065,crustle-dri
2,1521,p1,2964,mega-lucario-ex,0275,ethan-typhlosion
2,1522,p1,1338,ogerpon-meganium-hydrapple,2376,beedrill-ex-cri
2,1523,p2,3351,dragapult-dusknoir,3471,mega-greninja-ex
2,1524,p1,2354,dragapult-dudunsparce,1452,archaludon-ex
2,1525,p2,2404,n-zoroark,1896,rocket-mewtwo-ex
2,1526,p2,0469,dragapult-dusknoir,1633,dragapult-ex
2,1527,p1,2744,alakazam-dudunsparce,1962,dragapult-dusknoir
2,1528,p1,2902,dragapult-dusknoir,2712,lillie-clefairy
2,1529,p2,1626,ogerpon-meganium-hydrapple,2708,slowking-scr
2,1530,p1,1076,slowking-scr,2232,flareon-noctowl
2,1531,p1,0264,n-zoroark,3578,dragapult-ex
2,1532,p2,2185,mega-greninja-ex,0378,dragapult-dusknoir
2,1533,p1,3638,kangaskhan-bouffalant,3688,starmie-froslass
2,1534,p2,1583,lillie-clefairy,3336,alakazam-dudunsparce
2,1535,tie,0941,raging-bolt-ogerpon,1039,alakazam-dudunsparce
2,1536,tie,3407,dragapult-dusknoir,0582,basic-box-m
2,1537,p1,1450,dragapult-ex,1655,dragapult-dusknoir
2,1538,p2,1786,mega-greninja-ex,1172,lucario-hariyama
2,1539,p2,0278,mega-greninja-ex,2030,dragapult-dusknoir
2,1540,p1,1610,lillie-clefairy,0543,dragapult-ex
2,1541,p1,3729,dragapult-ex,1168,ogerpon-meganium-hydrapple
2,1542,p1,1482,alakazam-dudunsparce,3710,dragapult-dusknoir
2,1543,tie,1382,dragapult-ex,1442,archaludon-dudunsparce
2,1544,p2,2319,festival-lead,1770,dragapult-ex
2,1545,p1,1147,n-zoroark,2110,ogerpon-meganium-hydrapple
2,1546,p2,2057,mega-greninja-ex,0554,basic-box-m
2,1547,p2,1406,alakazam-dudunsparce,0614,dragapult-blaziken
2,1548,p1,0650,rocket-mewtwo-ex,2235,dragapult-dusknoir
2,1549,p2,0782,dragapult-blaziken,0325,slowking-scr
2,1550,p2,2453,basic-box-m,3569,n-zoroark
2,1551,tie,0606,dragapult-blaziken,3285,dragapult-blaziken
2,1552,p2,2546,cynthia-garchomp-ex,2851,dragapult-dusknoir
2,1553,p1,1425,greninja-ex,2178,dragapult-ex
2,1554,p1,0373,kangaskhan-bouffalant,1099,cynthia-garchomp-ex
2,1555,tie,3747,dragapult-ex,3030,raging-bolt-ogerpon
2,1556,p2,2534,n-zoroark,0200,alakazam-dudunsparce
2,1557,p1,3327,dragapult-ex,0208,dragapult-ex
2,1558,tie,1386,raging-bolt-ogerpon,0343,ogerpon-meganium-hydrapple
2,1559,p1,2275,rocket-mewtwo-ex,0157,ogerpon-meganium-hydrapple
2,1560,p1,3728,alakazam-dudunsparce,1132,misty-gyarados
2,1561,p1,1146,mega-lucario-ex,3752,ogerpon-meganium-hydrapple
2,1562,tie,3231,dragapult-blaziken,1808,ogerpon-meganium-hydrapple
2,1563,p2,0536,greninja-ex,1185,mega-greninja-ex
2,1564,p1,1638,?metagross,1316,lopunny-dudunsparce
2,1565,p2,2508,dragapult-dusknoir,3211,crustle-dri
2,1566,p1,2510,mega-greninja-ex,0774,cynthia-garchomp-ex
2,1567,p2,1616,dragapult-dusknoir,2168,raging-bolt-ogerpon
2,1568,p1,1285,alakazam-dudunsparce,1925,mega-venusaur-ex
2,1569,p1,2289,palafin-ex,2688,mega-greninja-ex
2,1570,tie,2395,alakazam-dudunsparce,0077,alakazam-dudunsparce
2,1571,p1,2706,lucario-hariyama,3311,mega-absol-box
2,1572,p1,1932,rocket-mewtwo-ex,1273,dragapult-ex
2,1573,tie,3003,dragapult-ex,0630,dragapult-ex
2,1574,p1,1621,dragapult-ex,1894,ogerpon-meganium-hydrapple
2,1575,p2,1784,dragapult-ex,1373,diancie-dusknoir
2,1576,tie,0466,dragapult-dusknoir,0656,dragapult-dusknoir
2,1577,tie,3751,mega-greninja-ex,2202,ceruledge-ex
2,1578,p1,2520,lillie-clefairy,2824,lucario-hariyama
2,1579,tie,3258,dragapult-blaziken,1738,mega-venusaur-ex
2,1580,p2,3442,mega-greninja-ex,3060,starmie-dusknoir
2,1581,p1,1228,dragapult-dusknoir,0218,dragapult-ex
2,1582,p2,2277,dragapult-ex,2146,slowking-scr
2,1583,p2,2617,beedrill-ex-cri,1673,dragapult-ex
2,1584,p1,2040,basic-box-m,2842,n-zoroark
2,1585,p1,3326,dragapult-dusknoir,3500,alakazam-dudunsparce
2,1586,p1,3354,beedrill-ex-cri,3010,lillie-clefairy
2,1587,p1,2551,dragapult-ex,2095,reging-bolt-bellibolt
2,1588,tie,0514,dragapult-dusknoir,0005,mega-greninja-ex
2,1589,p2,3246,ogerpon-meganium-hydrapple,3583,lucario-hariyama
2,1590,p2,1920,dragapult-blaziken,1600,dragapult-ex
2,1591,p1,2938,rocket-mewtwo-ex,0324,dragapult-ex
2,1592,tie,2999,ogerpon-meganium-arboliva,0176,dragapult-ex
2,1593,p2,0439,tera-box,1352,dragapult-ex
2,1594,p1,1367,dragapult-dusknoir,1462,dragapult-ex
2,1595,p1,1103,dragapult-blaziken,1577,dragapult-ex
2,1596,p1,2939,crustle-dri,2420,dragapult-dusknoir
2,1597,p1,2099,lucario-hariyama,1718,n-zoroark
2,1598,p2,3222,other,3048,n-zoroark
2,1599,p1,2959,dragapult-ex,2476,dragapult-ex
2,1600,p1,3028,alakazam-dudunsparce,0914,raging-bolt-ogerpon
2,1601,p2,0588,cynthia-garchomp-ex,0702,archaludon-dudunsparce
2,1602,tie,2015,mega-venusaur-ex,3102,alakazam-dudunsparce
2,1603,p2,2993,hops-trevenant,1189,jellicent-dusknoir
2,1604,p1,1369,festival-lead,0451,alakazam-dudunsparce
2,1605,p2,1087,slowking-scr,2783,festival-lead
2,1606,p1,1554,rocket-mewtwo-ex,1016,dragapult-dusknoir
2,1607,tie,3347,ogerpon-meganium-hydrapple,1887,mega-greninja-ex
2,1608,p1,0984,beedrill-ex-cri,3512,dragapult-ex
2,1609,p1,2886,flareon-noctowl,2678,mega-greninja-ex
2,1610,p1,3095,lopunny-dudunsparce,2847,dragapult-ex
2,1611,tie,0502,dragapult-blaziken,3434,rocket-mewtwo-ex
2,1612,p2,0791,dragapult-dusknoir,3272,n-zoroark
2,1613,p1,3193,dragapult-dusknoir,1830,dragapult-ex
2,1614,p2,3552,alakazam-dudunsparce,1105,joltik-box
2,1615,p1,1421,dragapult-dusknoir,1215,ogerpon-meganium-hydrapple
2,1616,p2,3451,ceruledge-ex,3574,crustle-dri
2,1617,p2,1657,beedrill-ex-cri,2432,alakazam-dudunsparce
2,1618,p1,1296,dragapult-ex,2702,rockets-honchkrow
2,1619,tie,2242,rockets-honchkrow,1695,alakazam-dudunsparce
2,1620,tie,1401,dragapult-dusknoir,3146,raging-bolt-ogerpon
2,1621,tie,2580,n-zoroark,0016,dragapult-blaziken
2,1622,p1,3424,n-zoroark,0612,dragapult-ex
2,1623,p2,2559,ogerpon-meganium-hydrapple,1259,dragapult-blaziken
2,1624,p1,0409,rocket-mewtwo-ex,3233,n-zoroark
2,1625,tie,0403,mega-starmie-ex,0463,basic-box-m
2,1626,p2,1281,dragapult-blaziken,1841,other
2,1627,p2,3399,raging-bolt-ogerpon,1532,dragapult-blaziken
2,1628,p1,2908,lucario-hariyama,3277,ethan-typhlosion
2,1629,p1,2316,dragapult-blaziken,1766,mega-greninja-ex
2,1630,p1,3509,n-zoroark,0947,mega-greninja-ex
2,1631,p1,3592,festival-lead,3167,n-zoroark
2,1632,p1,2531,dragapult-blaziken,1266,crustle-dri
2,1633,p1,1720,dragapult-dusknoir,2976,hops-trevenant
2,1634,p2,0143,dragapult-ex,2549,mega-absol-box
2,1635,p1,1268,dragapult-dusknoir,3038,raging-bolt-ogerpon
2,1636,tie,0828,n-zoroark,0732,raging-bolt-ogerpon
2,1637,p2,3720,hydrapple-ex,2987,raging-bolt-ogerpon
2,1638,p1,3536,raging-bolt-ogerpon,2367,dragapult-ex
2,1639,p1,1502,n-zoroark,2113,alakazam-dudunsparce
2,1640,tie,2488,alakazam-dudunsparce,1882,cynthia-garchomp-ex
2,1641,p1,0864,dragapult-ex,0094,festival-lead
2,1642,tie,2636,ogerpon-meganium-hydrapple,2436,festival-lead
2,1643,p2,2979,dragapult-ex,1838,n-zoroark
2,1644,p1,3397,dragapult-blaziken,0853,beedrill-ex-cri
2,1645,p1,0173,dragapult-ex,2273,dragapult-dusknoir
2,1646,p1,2460,dragapult-ex,1204,n-zoroark
2,1647,tie,2364,ogerpon-meganium-hydrapple,2048,dragapult-ex
2,1648,p2,2189,lillie-clefairy,1222,dragapult-ex
2,1649,p1,1984,n-zoroark,0351,dragapult-dusknoir
2,1650,p1,1254,ogerpon-meganium-hydrapple,3449,hydreigon-ex
2,1651,p1,2426,lopunny-dudunsparce,0507,ethan-typhlosion
2,1652,tie,2878,cynthia-garchomp-ex,0398,dragapult-ex
2,1653,tie,2522,lopunny-dudunsparce,0532,lillie-clefairy
2,1654,p2,0243,crustle-dri,0847,ogerpon-meganium-hydrapple
2,1655,p1,1041,slowking-scr,0168,slowking-scr
2,1656,tie,3554,n-zoroark,2468,dragapult-ex
2,1657,p2,1054,dragapult-dusknoir,3745,alakazam-dudunsparce
2,1658,p1,3589,festival-lead,0880,lopunny-dudunsparce
2,1659,p2,2371,beedrill-ex-cri,0069,alakazam-dudunsparce
2,1660,p1,2868,dragapult-ex,1157,raging-bolt-ogerpon
2,1661,p1,0041,dragapult-dusknoir,0670,festival-lead
2,1662,p2,2346,lucario-hariyama,1624,okidogi-barbaracle
2,1663,p2,3621,ogerpon-meganium-hydrapple,2402,crustle-dri
2,1664,p2,1459,lucario-hariyama,1990,dragapult-ex
2,1665,p1,2882,dragapult-dusknoir,1573,ogerpon-meganium-hydrapple
2,1666,tie,1468,dragapult-blaziken,0103,alakazam-dudunsparce
2,1667,p1,1469,crustle-dri,3016,beedrill-ex-cri
2,1668,p2,2690,n-zoroark,0322,dragapult-dusknoir
2,1669,p1,1627,cynthia-garchomp-ex,0761,alakazam-dudunsparce
2,1670,p1,1191,mega-greninja-ex,1251,lopunny-dudunsparce
2,1671,p1,0492,mega-greninja-ex,3126,ceruledge-ex
2,1672,p2,3629,basic-box-m,0423,dragapult-ex
2,1673,p2,2268,dragapult-ex,1798,ogerpon-meganium-hydrapple
2,1674,p1,2405,alakazam-dudunsparce,2676,dragapult-ex
2,1675,p2,1953,basic-box-m,1365,ogerpon-meganium-hydrapple
2,1676,p2,0930,dragapult-dusknoir,2956,dragapult-ex
2,1677,p1,3299,slowking-scr,1660,crustle-dri
2,1678,p2,2362,kangaskhan-bouffalant,2179,doublade-por
2,1679,p1,1612,dragapult-ex,0617,n-zoroark
2,1680,p1,3669,dragapult-dusknoir,0359,?metagross
2,1681,p2,0862,crustle-dri,2918,lopunny-dudunsparce
2,1682,p2,0698,grimmsnarl-froslass,3250,n-zoroark
2,1683,p2,1853,greninja-ex,1457,dragapult-ex
2,1684,p2,1079,dragapult-dusknoir,2778,dragapult-ex
2,1685,p1,1161,eelektrik-blk,2650,alakazam-dudunsparce
2,1686,p1,3026,dragapult-dusknoir,3318,dragapult-ex
2,1687,p2,0714,starmie-dusknoir,1115,starmie-dusknoir
2,1688,p2,2131,basic-box-m,0057,alakazam-dudunsparce
2,1689,p1,3547,alakazam-dudunsparce,2788,n-zoroark
2,1690,p1,1688,raging-bolt-ogerpon,3487,dragapult-dusknoir
2,1691,p2,3565,n-zoroark,0818,raging-bolt-ogerpon
2,1692,p2,2637,raging-bolt-ogerpon,2171,?metagross
2,1693,tie,3085,dragapult-dusknoir,3186,archaludon-dudunsparce
2,1694,p1,3417,dragapult-ex,1857,alakazam-dudunsparce
2,1695,p2,1997,?metagross,1582,n-zoroark
2,1696,p1,2496,mega-greninja-ex,2547,flareon-noctowl
2,1697,p2,0084,?metagross,2610,ceruledge-ex
2,1698,p1,3614,dragapult-ex,0455,grimmsnarl-froslass
2,1699,p2,1022,dragapult-ex,2128,cynthia-garchomp-ex
2,1700,p1,2304,dragapult-dusknoir,1101,manectric-eelektrik
2,1701,p1,2120,dragapult-ex,0497,crustle-dri
2,1702,p1,2010,alakazam-dudunsparce,0977,ethan-typhlosion
2,1703,tie,2321,dragapult-blaziken,3402,raging-bolt-ogerpon
2,1704,p1,2948,dragapult-blaziken,2210,beedrill-ex-cri
2,1705,p1,0860,dragapult-dusknoir,1438,alakazam-dudunsparce
2,1706,p1,1055,n-zoroark,3737,mega-froslass-dudunsparce
2,1707,p1,0522,festival-lead,2056,alakazam-dudunsparce
2,1708,tie,3188,greninja-ex,2961,dragapult-dusknoir
2,1709,p1,2890,beedrill-ex-cri,3695,dragapult-dusknoir
2,1710,p1,3204,mega-greninja-ex,3111,raging-bolt-ogerpon
2,1711,p2,3139,alakazam-dudunsparce,0906,dragapult-blaziken
2,1712,p1,1375,lopunny-dudunsparce,2369,slowking-scr
2,1713,p2,0784,diancie-dusknoir,0788,ethan-typhlosion
2,1714,tie,1350,dragapult-ex,1707,rocket-mewtwo-ex
2,1715,p1,1356,beedrill-ex-cri,2737,rocket-mewtwo-ex
2,1716,p1,2582,raging-bolt-ogerpon,0693,mega-diancie-ex
2,1717,p2,2208,greninja-ex,2052,dragapult-dusknoir
2,1718,p1,1177,crustle-dri,0876,n-zoroark
2,1719,p2,1918,dragapult-dusknoir,3137,rockets-honchkrow
2,1720,p1,1201,rockets-honchkrow,3251,dragapult-dusknoir
2,1721,tie,1734,dragapult-dusknoir,1334,rockets-honchkrow
2,1722,p1,2626,dragapult-ex,2564,dragapult-dusknoir
2,1723,tie,0815,dragapult-dudunsparce,3715,basic-box-m
2,1724,tie,0064,beedrill-ex-cri,0814,archaludon-dudunsparce
2,1725,p1,0771,dragapult-ex,3195,dragapult-blaziken
2,1726,p2,2257,dragapult-dusknoir,1739,dragapult-dusknoir
2,1727,p1,0945,hops-trevenant,3538,alakazam-dudunsparce
2,1728,p1,3270,dragapult-ex,1811,greninja-ex
2,1729,p2,1345,kangaskhan-bouffalant,2613,beedrill-ex-cri
2,1730,p1,0239,dragapult-ex,0336,hops-trevenant
2,1731,p2,1825,dragapult-ex,1966,alakazam-dudunsparce
2,1732,p1,1136,dragapult-blaziken,0748,beedrill-ex-cri
2,1733,tie,2269,alakazam-dudunsparce,1033,slowking-scr
2,1734,p1,1312,dragapult-ex,1950,dragapult-dusknoir
2,1735,p1,3416,raging-bolt-ogerpon,0562,decidueye-ex
2,1736,p2,0232,starmie-froslass,0187,dragapult-ex
2,1737,p2,1240,dragapult-blaziken,1007,mega-greninja-ex
2,1738,p1,0024,dragapult-ex,3738,rocket-mewtwo-ex
2,1739,p2,2954,festival-lead,2831,dragapult-ex
2,1740,tie,1249,?metagross,1538,mega-venusaur-ex
2,1741,p2,3293,beedrill-ex-cri,3443,n-zoroark
2,1742,p1,2709,dragapult-dusknoir,2118,ogerpon-meganium-hydrapple
2,1743,p2,1073,raging-bolt-ogerpon,0728,raging-bolt-ogerpon
2,1744,p1,1139,greninja-ex,0288,ogerpon-meganium-hydrapple
2,1745,p1,2461,ethan-typhlosion,0251,dragapult-dusknoir
2,1746,p2,2888,dragapult-ex,2008,dragapult-ex
2,1747,tie,1288,crustle-dri,0289,mega-greninja-ex
2,1748,p1,3274,dragapult-dusknoir,2497,dragapult-blaziken
2,1749,p2,2713,n-zoroark,1836,ethan-typhlosion
2,1750,p2,0212,?metagross,2158,hops-trevenant
2,1751,p2,2341,basic-box-m,1500,cynthia-garchomp-ex
2,1752,p1,0825,dragapult-ex,3600,flareon-ex
2,1753,p1,0653,slowking-scr,3206,basic-box-m
2,1754,p2,1383,mega-lucario-ex,2450,dragapult-blaziken
2,1755,tie,1230,beedrill-ex-cri,0029,dragapult-blaziken
2,1756,p2,0806,basic-box-m,3609,raging-bolt-ogerpon
2,1757,p1,3182,slowking-scr,1209,lucario-hariyama
2,1758,p1,3492,raging-bolt-ogerpon,1603,mega-greninja-ex
2,1759,p2,0271,dragapult-ex,0888,rocket-mewtwo-ex
2,1760,p2,3365,dragapult-ex,3226,diancie-dusknoir
2,1761,p2,2259,dragapult-ex,0395,alakazam-dudunsparce
2,1762,p2,2318,dragapult-ex,1789,dragapult-ex
2,1763,p1,0798,dragapult-blaziken,3375,ogerpon-meganium-hydrapple
2,1764,p1,1174,beedrill-ex-cri,1302,basic-box-m
2,1765,p2,3485,dragapult-ex,1473,mega-starmie-ex
2,1766,p1,2050,dragapult-ex,1910,beedrill-ex-cri
2,1767,p2,0600,dragapult-dusknoir,3519,dragapult-ex
2,1768,p1,1572,dragapult-blaziken,0430,mega-venusaur-ex
2,1769,p1,0800,basic-box-m,2247,toxtricity-box
2,1770,p1,2837,dragapult-dusknoir,1211,beedrill-ex-cri
2,1771,p1,3361,alakazam-dudunsparce,2575,dragapult-ex
2,1772,p2,0366,dragapult-dusknoir,2374,raging-bolt-ogerpon
2,1773,p1,0367,alakazam-dudunsparce,2026,ogerpon-meganium-hydrapple
2,1774,p2,1873,festival-lead,2379,dragapult-blaziken
2,1775,tie,3319,dragapult-dusknoir,0121,greninja-ex
2,1776,p1,1666,lucario-hariyama,3291,ogerpon-meganium-hydrapple
2,1777,p1,2060,mega-lucario-ex,0559,crustle-dri
2,1778,p2,0882,dragapult-blaziken,3672,mega-greninja-ex
2,1779,p2,3342,raging-bolt-ogerpon,0487,alakazam-dudunsparce
2,1780,p1,0892,rockets-honchkrow,3305,mega-greninja-ex
2,1781,tie,2914,dragapult-blaziken,1936,dragapult-ex
2,1782,p2,0769,kangaskhan-bouffalant,3279,ogerpon-meganium-hydrapple
2,1783,p1,3394,rockets-honchkrow,0237,mega-dragonite-ex
2,1784,p2,1498,doublade-por,3385,dragapult-blaziken
2,1785,p2,1121,greninja-ex,3337,ogerpon-meganium-hydrapple
2,1786,p1,2723,dragapult-ex,2471,lucario-hariyama
2,1787,tie,3065,dragapult-dusknoir,1354,dragapult-dusknoir
2,1788,tie,2820,dragapult-ex,3050,slowking-scr
2,1789,p2,2286,grimmsnarl-froslass,0081,beedrill-ex-cri
2,1790,p1,1058,rockets-honchkrow,3545,archaludon-dudunsparce
2,1791,p1,0683,raging-bolt-ogerpon,1359,cynthia-garchomp-ex
2,1792,p1,0262,beedrill-ex-cri,0671,slowking-scr
2,1793,p2,1575,slowking-scr,0441,archaludon-ex
2,1794,p1,1047,dragapult-dusknoir,2535,n-zoroark
2,1795,p2,1491,dragapult-dusknoir,1326,mega-venusaur-ex
2,1796,p2,2332,dragapult-dudunsparce,2229,n-zoroark
2,1797,p1,1587,raging-bolt-ogerpon,0648,dragapult-dusknoir
2,1798,p1,2144,basic-box-m,1447,dragapult-dusknoir
2,1799,tie,1496,mega-lucario-ex,3380,n-zoroark
2,1800,tie,0178,beedrill-ex-cri,0118,rocket-mewtwo-ex
2,1801,p2,1647,dragapult-dusknoir,0476,dragapult-dusknoir
2,1802,p1,2423,raging-bolt-ogerpon,2656,n-zoroark
2,1803,p2,2751,ogerpon-meganium-hydrapple,2697,rockets-honchkrow
2,1804,p1,0183,dragapult-ex,1772,basic-box-m
2,1805,p1,2758,dragapult-blaziken,2130,mega-greninja-ex
2,1806,p1,3046,dragapult-ex,1813,dragapult-ex
2,1807,tie,1884,starmie-froslass,3615,dragapult-dudunsparce
2,1808,p1,0965,n-zoroark,1694,raging-bolt-ogerpon
2,1809,p2,0765,dragapult-dusknoir,3160,raging-bolt-ogerpon
2,1810,p1,3287,n-zoroark,0943,rockets-honchkrow
2,1811,p1,0812,mega-lucario-ex,3581,lopunny-dudunsparce
2,1812,p1,3744,rocket-mewtwo-ex,0593,dragapult-blaziken
2,1813,p2,1110,dragapult-ex,2695,other
2,1814,tie,1806,alakazam-dudunsparce,2518,ogerpon-meganium-hydrapple
2,1815,p2,0236,starmie-dusknoir,1344,alakazam-dudunsparce
2,1816,tie,1940,ogerpon-meganium-hydrapple,0705,beedrill-ex-cri
2,1817,p1,2478,sharpedo-toxtricity,1846,dragapult-dusknoir
2,1818,p1,0692,ogerpon-meganium-hydrapple,0181,raging-bolt-ogerpon
2,1819,p1,1995,ogerpon-meganium-hydrapple,0370,?metagross
2,1820,p1,2500,dragapult-dusknoir,2561,ogerpon-meganium-hydrapple
2,1821,p2,3708,ceruledge-ex,2684,alakazam-dudunsparce
2,1822,p1,1915,rocket-mewtwo-ex,1556,ethan-typhlosion
2,1823,p1,0541,ogerpon-meganium-hydrapple,0259,dragapult-dusknoir
2,1824,p2,2577,raging-bolt-ogerpon,0785,n-zoroark
2,1825,p2,0149,metagross-cri,2685,lucario-hariyama
2,1826,p1,0960,alakazam-dudunsparce,2333,slowking-scr
2,1827,tie,1668,diancie-dusknoir,1244,dragapult-dusknoir
2,1828,p1,3741,dragapult-ex,2108,hops-trevenant
2,1829,p1,1407,n-zoroark,3042,diancie-dusknoir
2,1830,p2,1753,cynthia-garchomp-ex,2670,ogerpon-meganium-hydrapple
2,1831,p1,1872,crustle-dri,0299,dragapult-ex
2,1832,p2,3478,crustle-dri,1414,lopunny-dudunsparce
2,1833,p1,0131,mega-greninja-ex,1800,alakazam-dudunsparce
2,1834,p1,1483,n-zoroark,0707,other
2,1835,p2,2749,basic-box-m,2240,n-zoroark
2,1836,p2,3078,n-zoroark,0110,lopunny-dudunsparce
2,1837,p2,0035,other,0925,dragapult-dusknoir
2,1838,p1,2182,alakazam-dudunsparce,1751,basic-box-m
2,1839,p1,0715,dragapult-ex,0997,beedrill-ex-cri
2,1840,p2,0576,?metagross,2921,basic-box-m
2,1841,p2,3109,mega-greninja-ex,1777,hops-trevenant
2,1842,p2,1729,dragapult-ex,2249,raging-bolt-ogerpon
2,1843,p1,1284,?metagross,1153,dragapult-dudunsparce
2,1844,p1,2228,ogerpon-meganium-hydrapple,2194,mega-greninja-ex
2,1845,p2,1891,ogerpon-meganium-hydrapple,3262,galvantula-ex
2,1846,p2,0901,dragapult-dusknoir,2574,dragapult-ex
2,1847,p2,3683,dragapult-ex,1565,mega-greninja-ex
2,1848,p1,0333,ogerpon-meganium-hydrapple,3456,ethan-typhlosion
2,1849,p1,0999,dragapult-ex,1568,dragapult-dusknoir
2,1850,p1,1292,dragapult-ex,3722,lillie-clefairy
2,1851,p2,0580,ethan-typhlosion,3072,toxtricity-box
2,,unpaired,0450,dragapult-dusknoir,,
2,,unpaired,3020,n-zoroark,,
2,,bye,1082,diancie-dusknoir,,
3,1,p2,0696,raging-bolt-ogerpon,3420,dragapult-blaziken
3,2,p1,2984,dragapult-ex,2941,dragapult-ex
3,3,p1,0054,basic-box-m,0124,dragapult-dusknoir
3,4,tie,2692,crustle-dri,0406,slowking-scr
3,5,p1,1733,hops-trevenant,1506,dragapult-dusknoir
3,6,p1,0805,dragapult-ex,2937,dragapult-dusknoir
3,7,p1,2627,dragapult-ex,0776,okidogi-barbaracle
3,8,p2,2994,mega-greninja-ex,1938,cynthia-garchomp-ex
3,9,p1,2922,dragapult-dusknoir,1448,raging-bolt-ogerpon
3,10,p1,3179,dragapult-ex,3348,slowking-scr
3,11,p1,0953,dragapult-dudunsparce,3601,ogerpon-meganium-hydrapple
3,12,tie,0464,dragapult-ex,1034,alakazam-dudunsparce
3,13,p1,1346,dragapult-ex,2654,raging-bolt-ogerpon
3,14,p2,1678,mega-greninja-ex,1525,dragapult-dusknoir
3,15,p1,1907,dragapult-ex,0768,crustle-dri
3,16,p1,3292,dragapult-dusknoir,1239,slowking-scr
3,17,p2,1792,ogerpon-meganium-hydrapple,2881,slowking-scr
3,18,tie,2533,raging-bolt-ogerpon,0935,rocket-mewtwo-ex
3,19,p2,0215,dragapult-blaziken,2230,basic-box-m
3,20,p1,3563,dragapult-ex,2705,basic-box-m
3,21,p2,1730,dragapult-ex,1048,dragapult-ex
3,22,p1,0534,slowking-scr,0175,slowking-scr
3,23,p2,0459,greninja-ex,0231,dragapult-ex
3,24,tie,0048,basic-box-m,1116,alakazam-dudunsparce
3,25,p1,0613,n-zoroark,1125,dragapult-ex
3,26,p1,1803,ogerpon-meganium-hydrapple,2509,dragapult-blaziken
3,27,p2,0495,dragapult-dudunsparce,3696,dragapult-ex
3,28,p2,1309,alakazam-dudunsparce,3616,dragapult-ex
3,29,p2,2614,hops-trevenant,1430,basic-box-m
3,30,p1,0404,dragapult-ex,1705,dragapult-dudunsparce
3,31,p1,0353,crustle-dri,2750,ogerpon-meganium-hydrapple
3,32,p2,0449,ogerpon-meganium-hydrapple,3280,n-zoroark
3,33,tie,0489,rockets-honchkrow,3000,dragapult-ex
3,34,p1,2861,dragapult-ex,1782,dragapult-dusknoir
3,35,p1,1408,slowking-scr,2315,dragapult-ex
3,36,p2,0711,other,0713,basic-box-m
3,37,p2,2033,basic-box-m,2642,ogerpon-meganium-hydrapple
3,38,p2,0025,okidogi-barbaracle,2774,ogerpon-meganium-hydrapple
3,39,p1,1213,dragapult-blaziken,0227,dragapult-ex
3,40,p1,2285,dragapult-ex,2206,raging-bolt-ogerpon
3,41,p2,1167,beedrill-ex-cri,0895,dragapult-ex
3,42,p2,0116,dragapult-dusknoir,0966,beedrill-ex-cri
3,43,p1,3267,dragapult-ex,2290,alakazam-dudunsparce
3,44,tie,3630,crustle-dri,3453,ogerpon-meganium-hydrapple
3,45,p1,0483,dragapult-ex,1736,dragapult-ex
3,46,p1,0105,crustle-dri,3273,dragapult-blaziken
3,47,tie,0161,dragapult-ex,1267,dragapult-dusknoir
3,48,p2,1015,n-zoroark,3721,n-zoroark
3,49,p2,2660,dragapult-ex,3356,basic-box-m
3,50,p1,0672,dragapult-ex,1017,dragapult-dusknoir
3,51,p1,2556,greninja-ex,3320,alakazam-dudunsparce
3,52,p1,3526,slowking-scr,1741,dragapult-blaziken
3,53,p1,0940,festival-lead,3736,dragapult-blaziken
3,54,p1,0766,dragapult-dusknoir,1348,dragapult-ex
3,55,p2,0621,dragapult-dusknoir,2919,dragapult-ex
3,56,p2,3566,mega-greninja-ex,0923,dragapult-ex
3,57,p1,2966,dragapult-blaziken,1740,ogerpon-meganium-hydrapple
3,58,p1,2503,alakazam-dudunsparce,3185,other
3,59,p1,2251,dragapult-dusknoir,1155,n-zoroark
3,60,p1,3560,ogerpon-meganium-hydrapple,1480,crustle-dri
3,61,p2,0810,starmie-dusknoir,2649,dragapult-ex
3,62,tie,0022,dragapult-ex,2742,dragapult-blaziken
3,63,p2,1036,festival-lead,3106,dragapult-ex
3,64,p2,2361,alakazam-dudunsparce,3371,dragapult-ex
3,65,p2,1162,dragapult-blaziken,3432,dragapult-ex
3,66,p1,3573,alakazam-dudunsparce,1824,dragapult-dusknoir
3,67,tie,0592,n-zoroark,0910,dragapult-blaziken
3,68,p1,3343,dragapult-ex,2124,festival-lead
3,69,p2,2385,starmie-dusknoir,1392,ogerpon-meganium-hydrapple
3,70,p1,3300,dragapult-dusknoir,0240,dragapult-blaziken
3,71,p2,1163,rockets-honchkrow,0407,dragapult-ex
3,72,p1,1888,alakazam-dudunsparce,3671,dragapult-blaziken
3,73,p2,2832,mega-greninja-ex,2143,n-zoroark
3,74,p2,1106,dragapult-ex,1519,crustle-dri
3,75,tie,2193,dragapult-ex,0854,dragapult-blaziken
3,76,p2,1078,kangaskhan-bouffalant,1265,ogerpon-meganium-hydrapple
3,77,tie,3225,rockets-honchkrow,3426,n-zoroark
3,78,p2,1574,lopunny-dudunsparce,1461,dragapult-dusknoir
3,79,p2,1750,basic-box-m,1844,crustle-dri
3,80,p1,0822,dragapult-ex,1349,slowking-scr
3,81,p1,3670,dragapult-blaziken,2940,alakazam-dudunsparce
3,82,p1,3622,alakazam-dudunsparce,0739,raging-bolt-ogerpon
3,83,p1,1467,ethan-typhlosion,3719,dragapult-blaziken
3,84,p1,2373,slowking-scr,0438,starmie-froslass
3,85,p1,1727,festival-lead,0995,dragapult-dusknoir
3,86,tie,0501,stevens-metagross,0881,rocket-mewtwo-ex
3,87,tie,2505,alakazam-dudunsparce,2241,ogerpon-meganium-hydrapple
3,88,p1,0355,kangaskhan-bouffalant,0499,dragapult-ex
3,89,p1,1182,dragapult-ex,0070,ethan-typhlosion
3,90,p1,1764,clefairy-ogerpon,3467,dragapult-ex
3,91,p1,0368,dragapult-dusknoir,2157,crustle-dri
3,92,tie,2776,dragapult-ex,1758,beedrill-ex-cri
3,93,p2,3684,alakazam-dudunsparce,0654,diancie-dusknoir
3,94,p1,2180,dragapult-blaziken,3059,raging-bolt-ogerpon
3,95,p1,0873,basic-box-m,0335,mega-greninja-ex
3,96,p2,1732,n-zoroark,3339,dragapult-dusknoir
3,97,tie,1553,festival-lead,2181,dragapult-ex
3,98,tie,2317,?metagross,0174,dragapult-blaziken
3,99,p2,1451,dragapult-ex,2687,dragapult-ex
3,100,tie,3114,dragapult-ex,1669,alakazam-dudunsparce
3,101,p1,2602,dragapult-dusknoir,0036,dragapult-ex
3,102,p1,2803,dragapult-ex,3470,dragapult-ex
3,103,tie,1961,dragapult-ex,0688,basic-box-m
3,104,p2,2816,cynthia-garchomp-ex,2901,basic-box-m
3,105,tie,0535,rockets-honchkrow,3383,n-zoroark
3,106,p2,1232,n-zoroark,2207,ogerpon-meganium-hydrapple
3,107,tie,3497,dragapult-ex,1340,dragapult-dusknoir
3,108,p2,1878,dragapult-ex,2234,dragapult-dusknoir
3,109,p1,3620,basic-box-m,3368,dragapult-dusknoir
3,110,p1,1216,slowking-scr,0934,dragapult-ex
3,111,p1,3325,starmie-froslass,2456,n-zoroark
3,112,p1,2088,dragapult-ex,0276,basic-box-m
3,113,p1,2049,slowking-scr,2616,dragapult-dusknoir
3,114,p1,2743,dragapult-ex,1405,festival-lead
3,115,p1,1021,dragapult-ex,1870,basic-box-m
3,116,p2,3610,ogerpon-meganium-hydrapple,0674,dragapult-ex
3,117,p1,3103,dragapult-ex,3163,basic-box-m
3,118,p2,0802,rockets-honchkrow,2997,dragapult-ex
3,119,p2,1370,dragapult-dusknoir,2112,dragapult-dusknoir
3,120,p1,2770,dragapult-dusknoir,0527,dragapult-ex
3,121,p1,3196,dragapult-ex,1862,other
3,122,p2,2013,dragapult-ex,1644,dragapult-ex
3,123,p2,1988,mega-greninja-ex,2401,ogerpon-meganium-hydrapple
3,124,p2,3414,dragapult-dusknoir,0649,hops-trevenant
3,125,p2,2495,dragapult-ex,0594,sylveon-pre
3,126,p2,3322,dragapult-ex,0339,slowking-scr
3,127,tie,0205,dragapult-ex,0220,dragapult-ex
3,128,p1,1109,slowking-scr,2032,dragapult-blaziken
3,129,p1,1481,dragapult-blaziken,1726,dragapult-dusknoir
3,130,p1,0374,dragapult-ex,1056,dragapult-dusknoir
3,131,p2,2054,dragapult-dusknoir,0852,dragapult-dudunsparce
3,132,p1,0723,dragapult-ex,1207,alakazam-dudunsparce
3,133,p1,1983,alakazam-dudunsparce,0323,lillie-clefairy
3,134,tie,2126,rockets-honchkrow,3041,n-zoroark
3,135,p2,0065,alakazam-dudunsparce,1775,dragapult-ex
3,136,p1,3119,lucario-hariyama,2002,tera-box
3,137,p2,1826,dragapult-ex,1559,raging-bolt-ogerpon
3,138,p2,3011,dragapult-ex,1083,cynthia-garchomp-ex
3,139,p2,2772,crustle-dri,3507,festival-lead
3,140,p1,3392,lillie-clefairy,0410,dragapult-dusknoir
3,141,p1,3271,ogerpon-meganium-hydrapple,2581,dragapult-ex
3,142,p1,3286,dragapult-ex,0684,dragapult-dusknoir
3,143,p1,2083,lillie-clefairy,1852,dragapult-dusknoir
3,144,p1,1431,ogerpon-meganium-hydrapple,2877,greninja-ex
3,145,tie,1104,cynthia-garchomp-ex,3329,crustle-dri
3,146,p2,3096,dragapult-dusknoir,0269,raging-bolt-ogerpon
3,147,p1,1518,dragapult-ex,2887,dragapult-dusknoir
3,148,p2,3613,crustle-dri,0827,alakazam-dudunsparce
3,149,p1,0273,lopunny-dudunsparce,3673,ogerpon-meganium-hydrapple
3,150,p1,1368,dragapult-dusknoir,0700,dragapult-dusknoir
3,151,p2,1768,beedrill-ex-cri,1585,dragapult-ex
3,152,p2,1351,dragapult-ex,0972,dragapult-ex
3,153,p1,2578,n-zoroark,3080,dragapult-dusknoir
3,154,p1,0211,lillie-clefairy,3155,dragapult-blaziken
3,155,p2,1535,slowking-scr,3504,alakazam-dudunsparce
3,156,p2,1588,archaludon-dudunsparce,2184,dragapult-ex
3,157,p1,1384,dragapult-dusknoir,0182,festival-lead
3,158,p1,2960,rocket-mewtwo-ex,3605,n-zoroark
3,159,p1,2345,lucario-hariyama,1743,dragapult-ex
3,160,p2,2487,dragapult-blaziken,0286,dragapult-ex
3,161,tie,1974,beedrill-ex-cri,0384,mega-lucario-ex
3,162,p1,2349,dragapult-dusknoir,1444,basic-box-m
3,163,tie,2451,n-zoroark,2089,crustle-dri
3,164,p2,2238,alakazam-dudunsparce,0126,dragapult-dusknoir
3,165,p2,0051,crustle-dri,1024,alakazam-dudunsparce
3,166,tie,2398,dragapult-ex,3518,dragapult-dusknoir
3,167,p1,1122,dragapult-ex,3586,slowking-scr
3,168,tie,2799,crustle-dri,1849,mega-greninja-ex
3,169,p2,2383,slowking-scr,0664,alakazam-dudunsparce
3,170,p1,2669,dragapult-ex,3474,dragapult-dusknoir
3,171,p1,1949,dragapult-ex,3331,dragapult-dusknoir
3,172,p1,2579,dragapult-ex,0605,beedrill-ex-cri
3,173,p2,1441,dragapult-ex,2608,n-zoroark
3,174,p2,1446,rockets-honchkrow,1229,dragapult-ex
3,175,p2,2260,alakazam-dudunsparce,3200,basic-box-m
3,176,tie,0158,festival-lead,0503,?metagross
3,177,p1,1178,basic-box-m,2147,ogerpon-meganium-hydrapple
3,178,tie,3047,dragapult-ex,1719,mega-lucario-ex
3,179,p1,2153,ogerpon-meganium-hydrapple,0207,n-zoroark
3,180,p1,2809,n-zoroark,2353,lopunny-dudunsparce
3,181,p1,2619,n-zoroark,0552,dragapult-ex
3,182,p2,0400,alakazam-dudunsparce,0553,dragapult-ex
3,183,p2,1011,dragapult-dusknoir,0010,n-zoroark
3,184,p2,2625,raging-bolt-ogerpon,2679,dragapult-ex
3,185,tie,2377,slowking-scr,1323,dragapult-ex
3,186,p1,3288,raging-bolt-ogerpon,0444,lillie-clefairy
3,187,tie,2629,mega-lucario-ex,3567,dragapult-ex
3,188,p2,3646,n-zoroark,3089,mega-lucario-ex
3,189,p2,2612,dragapult-ex,2780,lopunny-dudunsparce
3,190,p1,2025,dragapult-ex,1905,slowking-scr
3,191,p1,0226,basic-box-m,0949,slowking-scr
3,192,p1,0230,crustle-dri,3582,dragapult-dusknoir
3,193,tie,3637,crustle-dri,2073,dragapult-ex
3,194,p1,0629,dragapult-ex,3709,ogerpon-meganium-hydrapple
3,195,p2,2214,dragapult-dusknoir,0753,metagross-cri
3,196,p2,0772,ogerpon-meganium-hydrapple,0015,n-zoroark
3,197,p2,0101,ogerpon-meganium-hydrapple,1893,dragapult-ex
3,198,p1,0332,alakazam-dudunsparce,0448,dragapult-ex
3,199,p2,1148,starmie-froslass,0132,dragapult-ex
3,200,p1,3007,slowking-scr,1876,n-zoroark
3,201,p2,2043,alakazam-dudunsparce,3197,n-zoroark
3,202,p2,1912,lucario-hariyama,0770,dragapult-blaziken
3,203,p2,1353,dragapult-ex,2618,dragapult-ex
3,204,p1,1516,crustle-dri,1154,ogerpon-meganium-hydrapple
3,205,p2,1234,dragapult-ex,2457,dragapult-ex
3,206,p1,3655,dragapult-ex,0523,dragapult-blaziken
3,207,p1,0192,dragapult-ex,2603,greninja-ex
3,208,p1,3658,slowking-scr,1474,dragapult-dusknoir
3,209,p2,2765,dragapult-ex,3409,dragapult-dusknoir
3,210,p2,3317,dragapult-dusknoir,2683,dragapult-dusknoir
3,211,p2,1883,dragapult-dusknoir,1971,dragapult-blaziken
3,212,p2,1170,dragapult-dusknoir,1965,dragapult-ex
3,213,p2,2825,lucario-hariyama,0297,n-zoroark
3,214,p1,3029,rockets-honchkrow,0272,mega-lucario-ex
3,215,p1,1752,n-zoroark,3242,dragapult-ex
3,216,p1,3576,dragapult-ex,2943,dragapult-ex
3,217,p2,2276,crustle-dri,0863,dragapult-ex
3,218,p2,2278,dragapult-ex,3265,dragapult-blaziken
3,219,p2,1417,dragapult-ex,0602,raging-bolt-ogerpon
3,220,p1,3678,ogerpon-meganium-hydrapple,1277,dragapult-ex
3,221,p2,0188,alakazam-dudunsparce,3076,rocket-mewtwo-ex
3,222,p1,1095,n-zoroark,3359,dragapult-blaziken
3,223,tie,3027,dragapult-ex,0727,crustle-dri
3,224,p2,0531,mega-absol-box,2107,rockets-honchkrow
3,225,p1,2911,dragapult-dusknoir,2270,rockets-honchkrow
3,226,p2,3257,alakazam-dudunsparce,1086,alakazam-dudunsparce
3,227,p1,3422,dragapult-ex,2718,dragapult-dusknoir
3,228,p1,3707,dragapult-blaziken,0817,slowking-scr
3,229,p1,1829,alakazam-dudunsparce,0217,dragapult-ex
3,230,p2,0485,n-zoroark,2454,crustle-dri
3,231,p1,0023,dragapult-dusknoir,1812,dragapult-ex
3,232,p2,1117,dragapult-ex,1140,dragapult-dusknoir
3,233,p1,3479,alakazam-dudunsparce,0352,slowking-scr
3,234,p1,0470,alakazam-dudunsparce,1543,basic-box-m
3,235,p2,1778,dragapult-ex,1656,dragapult-ex
3,236,p1,0059,crustle-dri,0568,dragapult-ex
3,237,p2,1759,cynthia-garchomp-ex,2682,ogerpon-meganium-hydrapple
3,238,p2,1475,festival-lead,3152,slowking-scr
3,239,p1,0412,dragapult-ex,3452,dragapult-ex
3,240,tie,2962,beedrill-ex-cri,3061,flareon-noctowl
3,241,p2,0309,dragapult-ex,0963,basic-box-m
3,242,p1,2258,dragapult-ex,2980,ogerpon-meganium-hydrapple
3,243,p1,0034,n-zoroark,3049,dragapult-ex
3,244,p1,0792,ceruledge-ex,0913,dragapult-ex
3,245,p2,2953,mega-greninja-ex,3154,dragapult-ex
3,246,tie,0391,basic-box-m,1529,dragapult-dusknoir
3,247,p2,1138,ogerpon-meganium-arboliva,0859,beedrill-ex-cri
3,248,p2,3373,dragapult-ex,2069,raging-bolt-ogerpon
3,249,p1,3588,dragapult-dusknoir,0434,n-zoroark
3,250,p1,0319,dragapult-ex,0185,dragapult-dusknoir
3,251,p2,0826,beedrill-ex-cri,2310,n-zoroark
3,252,tie,0365,crustle-dri,2586,dragapult-dusknoir
3,253,p2,0513,dragapult-ex,1866,dragapult-ex
3,254,p1,0314,dragapult-dusknoir,1944,mega-lucario-ex
3,255,p1,3546,rocket-mewtwo-ex,1243,dragapult-ex
3,256,p2,3591,dragapult-dusknoir,1366,basic-box-m
3,257,p2,2204,slowking-scr,1151,dragapult-dusknoir
3,258,p1,3101,alakazam-dudunsparce,0665,raging-bolt-ogerpon
3,259,p1,2673,ogerpon-meganium-hydrapple,0265,n-zoroark
3,260,p1,2339,ceruledge-ex,1200,ogerpon-meganium-hydrapple
3,261,p2,0686,ogerpon-meganium-hydrapple,3352,dragapult-ex
3,262,p1,0293,slowking-scr,2583,dragapult-ex
3,263,p2,2409,dragapult-ex,1053,slowking-scr
3,264,p2,2934,n-zoroark,1682,slowking-scr
3,265,p1,0199,basic-box-m,2704,dragapult-ex
3,266,p1,1795,dragapult-dusknoir,3653,dragapult-dusknoir
3,267,p1,1797,dragapult-ex,3529,dragapult-ex
3,268,p1,1746,alakazam-dudunsparce,0887,mega-greninja-ex
3,269,p2,2117,dragapult-blaziken,3130,n-zoroark
3,270,p1,0167,dragapult-ex,2777,hops-trevenant
3,271,p2,0690,alakazam-dudunsparce,2539,lucario-hariyama
3,272,tie,3312,dragapult-dusknoir,2755,dragapult-dudunsparce
3,273,p1,1360,dragapult-ex,2671,beedrill-ex-cri
3,274,p1,2134,dragapult-ex,2945,raging-bolt-ogerpon
3,275,p2,3666,mega-greninja-ex,1333,ogerpon-meganium-hydrapple
3,276,p1,2331,dragapult-blaziken,0234,dragapult-dudunsparce
3,277,tie,3212,rockets-honchkrow,2746,raging-bolt-ogerpon
3,278,tie,2236,rockets-honchkrow,1631,dragapult-blaziken
3,279,p1,1295,crustle-dri,3499,dragapult-ex
3,280,p2,1708,dragapult-ex,0135,crustle-dri
3,281,tie,3140,festival-lead,2137,dragapult-ex
3,282,p1,1589,dragapult-ex,2308,basic-box-m
3,283,tie,2640,lucario-hariyama,2985,ogerpon-meganium-hydrapple
3,284,p1,0731,ogerpon-meganium-hydrapple,1765,dragapult-ex
3,285,p2,3635,sharpedo-toxtricity,2256,beedrill-ex-cri
3,286,p2,0396,dragapult-dusknoir,0959,ogerpon-meganium-hydrapple
3,287,p1,0560,basic-box-m,1702,dragapult-ex
3,288,p1,3604,dragapult-ex,1236,?metagross
3,289,p1,0558,rocket-mewtwo-ex,0360,dragapult-dusknoir
3,290,p2,0095,n-zoroark,3110,ceruledge-ex
3,291,p2,2573,dragapult-blaziken,1210,dragapult-dusknoir
3,292,p1,0922,dragapult-ex,2715,starmie-froslass
3,293,p2,3223,alakazam-dudunsparce,2368,basic-box-m
3,294,p2,2883,lopunny-dudunsparce,0626,dragapult-dusknoir
3,295,p2,2517,dragapult-ex,1497,dragapult-ex
3,296,p2,2609,lopunny-dudunsparce,1921,dragapult-dusknoir
3,297,tie,0544,starmie-dusknoir,1827,alakazam-dudunsparce
3,298,p1,0942,dragapult-ex,0839,ogerpon-meganium-hydrapple
3,299,p1,1227,dragapult-ex,3447,?metagross
3,300,p2,1464,ogerpon-meganium-hydrapple,2200,?
3,301,p2,0442,alakazam-dudunsparce,0928,alakazam-dudunsparce
3,302,p1,0440,dragapult-ex,0127,alakazam-dudunsparce
3,303,p2,1634,festival-lead,1064,crustle-dri
3,304,p2,0730,hops-trevenant,0537,crustle-dri
3,305,tie,2098,raging-bolt-ogerpon,0579,dragapult-ex
3,306,p2,1692,dragapult-blaziken,1831,dragapult-blaziken
3,307,p1,2633,dragapult-ex,0137,dragapult-dusknoir
3,308,p1,0915,dragapult-ex,3138,slowking-scr
3,309,p2,0327,archaludon-dudunsparce,1892,beedrill-ex-cri
3,310,p2,0498,n-zoroark,0315,raging-bolt-ogerpon
3,311,p2,3515,dragapult-ex,3477,dragapult-blaziken
3,312,p1,1569,n-zoroark,0587,slowking-scr
3,313,p2,3057,basic-box-m,3486,dragapult-dusknoir
3,314,p2,3190,mega-greninja-ex,2009,dragapult-ex
3,315,p1,2689,slowking-scr,1290,dragapult-ex
3,316,p1,1019,dragapult-ex,2925,ogerpon-meganium-hydrapple
3,317,p2,1062,slowking-scr,3230,cynthia-garchomp-ex
3,318,p2,1319,dragapult-ex,0849,dragapult-ex
3,319,p1,0762,dragapult-ex,2416,starmie-froslass
3,320,tie,1945,dragapult-blaziken,1611,dragapult-ex
3,321,p1,0260,dragapult-ex,2425,dragapult-dusknoir
3,322,p1,0030,dragapult-ex,1960,dragapult-ex
3,323,p2,3323,raging-bolt-ogerpon,3066,slowking-scr
3,324,p2,2335,archaludon-dudunsparce,2562,dragapult-ex
3,325,p2,1287,rockets-honchkrow,3037,alakazam-dudunsparce
3,326,p1,1484,grimmsnarl-froslass,2351,cynthia-garchomp-ex
3,327,tie,1567,ethan-typhlosion,2818,metagross-cri
3,328,p1,0458,crustle-dri,3145,dragapult-dusknoir
3,329,p2,1028,mega-venusaur-ex,3595,dragapult-ex
3,330,p2,1799,n-zoroark,0141,beedrill-ex-cri
3,331,tie,1385,crustle-dri,3254,dragapult-ex
3,332,p1,3221,ethan-typhlosion,1689,other
3,333,p1,0184,dragapult-dusknoir,0290,alakazam-dudunsparce
3,334,p2,0811,dragapult-ex,2852,lucario-hariyama
3,335,tie,2191,crustle-dri,1343,dragapult-ex
3,336,p2,1501,clefairy-ogerpon,2216,alakazam-dudunsparce
3,337,p2,1263,dragapult-ex,2284,ethan-typhlosion
3,338,p2,0975,dragapult-blaziken,0824,ogerpon-meganium-hydrapple
3,339,p1,2217,beedrill-ex-cri,1913,alakazam-dudunsparce
3,340,p1,1381,n-zoroark,1134,slowking-scr
3,341,p1,0473,n-zoroark,1541,dragapult-ex
3,342,p1,1802,slowking-scr,0585,dragapult-blaziken
3,343,p2,2896,n-zoroark,0263,dragapult-ex
3,344,p2,2139,mega-greninja-ex,2499,dragapult-dusknoir
3,345,p2,2806,beedrill-ex-cri,0610,alakazam-dudunsparce
3,346,tie,2296,crustle-dri,3220,lucario-hariyama
3,347,p1,1991,dragapult-ex,0970,kangaskhan-bouffalant
3,348,tie,0993,dragapult-ex,3219,dragapult-ex
3,349,tie,1449,crustle-dri,1947,lopunny-dudunsparce
3,350,p1,1293,alakazam-dudunsparce,1793,starmie-froslass
3,351,p1,3408,dragapult-ex,1423,dragapult-ex
3,352,p1,3170,beedrill-ex-cri,1428,dragapult-blaziken
3,353,p2,3520,alakazam-dudunsparce,0869,ogerpon-meganium-hydrapple
3,354,p1,0902,hops-trevenant,3349,dragapult-dusknoir
3,355,p1,0493,dragapult-ex,2422,bronzong-tef
3,356,p1,1133,dragapult-ex,0130,raging-bolt-ogerpon
3,357,p1,0462,dragapult-ex,2221,beedrill-ex-cri
3,358,p1,1968,dragapult-ex,2736,dragapult-blaziken
3,359,tie,3612,dragapult-ex,1400,sharpedo-toxtricity
3,360,p2,3400,rockets-honchkrow,2329,starmie-froslass
3,361,p1,1595,dragapult-ex,2140,dragapult-dusknoir
3,362,p1,0104,dragapult-ex,3098,raging-bolt-ogerpon
3,363,p2,1187,slowking-scr,2893,?
3,364,tie,0884,hops-trevenant,1059,slowking-scr
3,365,p2,1100,dragapult-ex,0908,ogerpon-meganium-hydrapple
3,366,p1,3128,crustle-dri,2872,dragapult-dusknoir
3,367,p1,0043,dragapult-dusknoir,1703,?metagross
3,368,tie,1916,dragapult-ex,3333,crustle-dri
3,369,p2,1261,lucario-hariyama,1783,dragapult-ex
3,370,p2,1646,basic-box-m,2529,dragapult-blaziken
3,371,p1,0042,lucario-hariyama,1299,mega-greninja-ex
3,372,p2,2606,dragapult-ex,3644,alakazam-dudunsparce
3,373,tie,0555,crustle-dri,0542,mega-greninja-ex
3,374,p1,1645,dragapult-blaziken,0099,festival-lead
3,375,tie,1074,dragapult-blaziken,0204,dragapult-ex
3,376,p2,3608,lopunny-dudunsparce,0068,mega-greninja-ex
3,377,p2,1674,n-zoroark,2288,lucario-hariyama
3,378,p2,1686,mega-lucario-ex,1579,dragapult-ex
3,379,p2,1413,raging-bolt-ogerpon,3213,dragapult-ex
3,380,p1,2058,dragapult-froslass,0416,alakazam-dudunsparce
3,381,p1,0166,dragapult-dusknoir,1847,dragapult-ex
3,382,p2,3675,dragapult-ex,2523,lucario-hariyama
3,383,p1,1648,basic-box-m,2710,dragapult-blaziken
3,384,p1,1819,cynthia-garchomp-ex,0414,rocket-mewtwo-ex
3,385,p1,1394,dragapult-ex,2895,mega-greninja-ex
3,386,tie,0820,ogerpon-meganium-hydrapple,0461,raging-bolt-ogerpon
3,387,p1,3264,n-zoroark,2062,n-zoroark
3,388,p2,0777,slowking-scr,1494,dragapult-ex
3,389,p2,2663,dragapult-ex,2162,dragapult-ex
3,390,p2,2135,basic-box-m,2739,metagross-cri
3,391,tie,2576,dragapult-dusknoir,2265,alakazam-dudunsparce
3,392,p1,1341,ogerpon-meganium-hydrapple,3557,alakazam-dudunsparce
3,393,p1,1599,basic-box-m,2570,ethan-typhlosion
3,394,p1,1639,dragapult-dusknoir,0667,dragapult-blaziken
3,395,p2,3725,raging-bolt-ogerpon,0045,dragapult-ex
3,396,p1,1710,lillie-clefairy,2429,lopunny-dudunsparce
3,397,p1,0894,festival-lead,2300,slowking-scr
3,398,p2,0752,dragapult-ex,3214,dragapult-ex
3,399,p1,3562,dragapult-ex,2266,beedrill-ex-cri
3,400,p2,0109,ceruledge-ex,1198,dragapult-blaziken
3,401,p2,3472,beedrill-ex-cri,2813,dragapult-ex
3,402,p2,2244,hops-trevenant,3598,ogerpon-meganium-hydrapple
3,403,p2,1651,raging-bolt-ogerpon,0342,ogerpon-meganium-hydrapple
3,404,p2,3724,dragapult-ex,3136,dragapult-ex
3,405,p1,0076,dragapult-blaziken,0295,dragapult-dusknoir
3,406,tie,1404,ogerpon-meganium-hydrapple,3437,dragapult-ex
3,407,p1,0074,dragapult-ex,0085,raging-bolt-ogerpon
3,408,p2,0196,dragapult-ex,0717,raging-bolt-ogerpon
3,409,p2,3005,greninja-ex,0521,crustle-dri
3,410,p1,0389,dragapult-ex,2243,dragapult-ex
3,411,p1,3168,crustle-dri,0261,greninja-blaziken
3,412,p1,1676,dragapult-dusknoir,0529,dragapult-blaziken
3,413,p1,2348,dragapult-ex,0362,dragapult-blaziken
3,414,p2,1576,dragapult-dusknoir,0369,alakazam-dudunsparce
3,415,tie,0897,dragapult-ex,2731,lopunny-dudunsparce
3,416,p1,0937,?metagross,0007,dragapult-dusknoir
3,417,p2,1635,lillie-clefairy,1637,dragapult-ex
3,418,p2,3732,dragapult-ex,0778,crustle-dri
3,419,p1,3276,dragapult-ex,0639,dragapult-blaziken
3,420,tie,1220,dragapult-dusknoir,2297,ogerpon-meganium-hydrapple
3,421,tie,2823,dragapult-ex,0790,dragapult-ex
3,422,p2,3275,dragapult-dusknoir,1552,dragapult-ex
3,423,p1,1580,alakazam-dudunsparce,2381,beedrill-ex-cri
3,424,p2,1397,?metagross,0878,beedrill-ex-cri
3,425,p1,1183,alakazam-dudunsparce,0657,dragapult-dusknoir
3,426,p1,0133,n-zoroark,1709,archaludon-dudunsparce
3,427,tie,0624,alakazam-dudunsparce,3009,ethan-typhlosion
3,428,p1,0144,crustle-dri,1196,dragapult-blaziken
3,429,p1,0338,dragapult-dusknoir,2759,dragapult-dudunsparce
3,430,p1,2494,dragapult-ex,2512,basic-box-m
3,431,p2,2597,n-zoroark,1834,dragapult-dusknoir
3,432,p1,1300,dragapult-blaziken,1547,dragapult-ex
3,433,p1,2563,grimmsnarl-froslass,2699,manectric-eelektrik
3,434,p1,3514,dragapult-dusknoir,0548,dragapult-ex
3,435,p2,1724,raging-bolt-ogerpon,1247,crustle-dri
3,436,p2,2913,ceruledge-ex,1131,dragapult-ex
3,437,tie,1652,ogerpon-meganium-hydrapple,2326,dragapult-ex
3,438,p1,1052,dragapult-ex,3641,dragapult-dusknoir
3,439,p1,2414,alakazam-dudunsparce,2302,mega-greninja-ex
3,440,p2,0709,dragapult-ex,0716,dragapult-ex
3,441,p1,2325,dragapult-ex,2876,hops-trevenant
3,442,p2,2449,festival-lead,3624,dragapult-ex
3,443,p2,3210,slowking-scr,0575,alakazam-dudunsparce
3,444,p1,3580,basic-box-m,1435,dragapult-ex
3,445,p1,2338,dragapult-ex,0589,dragapult-dusknoir
3,446,tie,0394,dragapult-blaziken,1166,slowking-scr
3,447,p1,3178,dragapult-ex,2798,lopunny-dudunsparce
3,448,p1,3570,beedrill-ex-cri,2644,beedrill-ex-cri
3,449,p1,3488,crustle-dri,2791,dragapult-blaziken
3,450,p1,1197,crustle-dri,2738,dragapult-ex
3,451,tie,3701,dragapult-ex,2591,crustle-dri
3,452,tie,0976,dragapult-dusknoir,1780,lopunny-dudunsparce
3,453,tie,1135,dragapult-ex,0900,slowking-scr
3,454,p1,0640,mega-lucario-ex,3438,dragapult-ex
3,455,p2,1294,crustle-dri,2406,dragapult-ex
3,456,p2,1130,dragapult-ex,1458,dragapult-dusknoir
3,457,p2,0093,dragapult-ex,1270,n-zoroark
3,458,p1,1256,rocket-mewtwo-ex,1533,dragapult-dusknoir
3,459,tie,2465,dragapult-dusknoir,0738,rockets-honchkrow
3,460,p2,2729,dragapult-ex,1989,dragapult-ex
3,461,p1,3711,n-zoroark,0488,dragapult-ex
3,462,p2,2248,hops-trevenant,1685,dragapult-ex
3,463,p1,1855,dragapult-ex,2263,dragapult-blaziken
3,464,tie,2281,dragapult-ex,1662,basic-box-m
3,465,p2,1715,ogerpon-meganium-hydrapple,3648,lucario-hariyama
3,466,p2,1203,rockets-honchkrow,1097,dragapult-dusknoir
3,467,p2,2797,dragapult-ex,3203,ogerpon-meganium-hydrapple
3,468,p1,0031,dragapult-ex,0804,dragapult-dusknoir
3,469,p1,0402,festival-lead,1422,ogerpon-meganium-hydrapple
3,470,p2,2550,?metagross,3594,basic-box-m
3,471,p1,3712,dragapult-ex,3428,mega-greninja-ex
3,472,p1,0530,grimmsnarl-froslass,2784,grimmsnarl-froslass
3,473,p2,2889,alakazam-dudunsparce,0845,dragapult-dudunsparce
3,474,p1,0795,dragapult-ex,0055,dragapult-ex
3,475,p1,3282,dragapult-dusknoir,3259,?metagross
3,476,p1,0087,hops-trevenant,3522,beedrill-ex-cri
3,477,tie,1123,ogerpon-meganium-hydrapple,1700,slowking-scr
3,478,tie,2996,other,1679,n-zoroark
3,479,p1,1504,ogerpon-meganium-hydrapple,1721,slowking-scr
3,480,tie,3218,crustle-dri,2867,n-zoroark
3,481,p1,2719,alakazam-dudunsparce,2733,dragapult-dudunsparce
3,482,p2,2366,mega-greninja-ex,2714,dragapult-ex
3,483,p2,3092,dragapult-ex,1013,mega-greninja-ex
3,484,p1,1863,dragapult-ex,0926,lopunny-dudunsparce
3,485,p1,2400,dragapult-blaziken,1301,ogerpon-meganium-hydrapple
3,486,tie,0210,dragapult-ex,1472,dragapult-ex
3,487,p1,2622,alakazam-dudunsparce,0361,cynthia-garchomp-ex
3,488,p1,0134,dragapult-dusknoir,3561,slowking-scr
3,489,p1,2894,n-zoroark,1258,slowking-scr
3,490,p1,3717,dragapult-dusknoir,1617,mega-greninja-ex
3,491,p2,1336,?metagross,2330,dragapult-dusknoir
3,492,p1,3689,dragapult-ex,3445,dragapult-dusknoir
3,493,p2,0453,n-zoroark,3662,dragapult-ex
3,494,p2,0757,ogerpon-meganium-hydrapple,2136,dragapult-blaziken
3,495,p2,0306,dragapult-blaziken,3303,dragapult-dusknoir
3,496,p2,1769,okidogi-barbaracle,1186,alakazam-dudunsparce
3,497,p1,1014,lillie-clefairy,3693,dragapult-ex
3,498,p1,2363,ogerpon-meganium-hydrapple,0179,dragapult-ex
3,499,p2,2293,dragapult-dusknoir,3162,dragapult-ex
3,500,p2,1890,lucario-hariyama,0482,dragapult-ex
3,501,p1,2085,dragapult-dusknoir,1193,dragapult-ex
3,502,p2,1534,cynthia-garchomp-ex,0641,rockets-honchkrow
3,503,tie,2805,dragapult-ex,0475,dragapult-ex
3,504,p2,0883,ogerpon-meganium-hydrapple,1562,dragapult-ex
3,505,p1,1948,slowking-scr,0148,dragapult-ex
3,506,p2,2865,slowking-scr,0107,ogerpon-meganium-hydrapple
3,507,p2,0111,dragapult-ex,2763,dragapult-ex
3,508,p1,0646,crustle-dri,2740,basic-box-m
3,509,tie,0697,dragapult-ex,1994,dragapult-dusknoir
3,510,p2,0891,rocket-mewtwo-ex,3148,dragapult-ex
3,511,p2,3031,dragapult-ex,0494,dragapult-ex
3,512,tie,1206,tera-box,2067,dragapult-ex
3,513,p1,1901,dragapult-ex,0835,dragapult-ex
3,514,p1,1098,dragapult-ex,3191,alakazam-dudunsparce
3,515,p2,0014,dragapult-ex,3094,dragapult-ex
3,516,p1,1787,dragapult-blaziken,0952,dragapult-blaziken
3,517,p1,2544,hops-trevenant,2119,slowking-scr
3,518,p2,2323,dragapult-ex,2569,dragapult-ex
3,519,p2,0190,dragapult-blaziken,3294,ethan-typhlosion
3,520,p1,1954,alakazam-dudunsparce,0510,kangaskhan-bouffalant
3,521,tie,0509,n-zoroark,0718,alakazam-dudunsparce
3,522,p1,0112,dragapult-ex,0075,dragapult-ex
3,523,p1,0063,dragapult-dusknoir,2464,ogerpon-meganium-hydrapple
3,524,p2,1818,dragapult-dusknoir,2830,dragapult-ex
3,525,p2,2565,raging-bolt-ogerpon,0061,dragapult-ex
3,526,tie,0998,dragapult-ex,2370,alakazam-dudunsparce
3,527,p1,1004,slowking-scr,1622,dragapult-blaziken
3,528,tie,2958,alakazam-dudunsparce,3127,dragapult-dusknoir
3,529,p2,1665,n-zoroark,0164,ogerpon-meganium-hydrapple
3,530,p2,2480,raging-bolt-ogerpon,2793,crustle-dri
3,531,tie,3187,alakazam-dudunsparce,1687,dragapult-ex
3,532,p1,2408,dragapult-ex,0224,dragapult-ex
3,533,tie,2801,alakazam-dudunsparce,1607,dragapult-blaziken
3,534,p2,2272,grimmsnarl-froslass,0478,dragapult-ex
3,535,p1,0974,raging-bolt-ogerpon,2623,rockets-honchkrow
3,536,p2,3734,alakazam-dudunsparce,2900,dragapult-dusknoir
3,537,p1,1456,dragapult-ex,1303,slowking-scr
3,538,tie,1390,ethan-typhlosion,1226,dragapult-ex
3,539,p1,2543,dragapult-dusknoir,1975,dragapult-dusknoir
3,540,p1,3021,dragapult-ex,3464,dragapult-dusknoir
3,541,p2,2668,lucario-hariyama,1964,dragapult-ex
3,542,p2,1671,hops-trevenant,3116,dragapult-ex
3,543,p1,2498,dragapult-ex,0086,joltik-box
3,544,p2,3548,dragapult-dusknoir,0165,alakazam-dudunsparce
3,545,tie,2568,alakazam-dudunsparce,1009,cynthia-garchomp-ex
3,546,p1,0726,starmie-froslass,3044,dragapult-ex
3,547,p1,3209,dragapult-ex,0680,n-zoroark
3,548,p2,1979,dragapult-dusknoir,2305,dragapult-ex
3,549,p1,3462,slowking-scr,1149,dragapult-blaziken
3,550,p2,1606,rockets-honchkrow,3541,dragapult-ex
3,551,p2,2076,dragapult-ex,2871,crustle-dri
3,552,p1,1314,dragapult-ex,2909,rocket-mewtwo-ex
3,553,p2,0071,dragapult-ex,1810,dragapult-dusknoir
3,554,p2,3310,greninja-ex,1696,dragapult-ex
3,555,p1,0305,dragapult-ex,2915,crustle-dri
3,556,p1,1194,dragapult-dusknoir,2822,dragapult-blaziken
3,557,p2,3691,dragapult-blaziken,0615,dragapult-ex
3,558,p2,1006,dragapult-blaziken,3393,n-zoroark
3,559,p2,2045,mega-greninja-ex,2955,dragapult-dusknoir
3,560,p1,2152,basic-box-m,0445,dragapult-dusknoir
3,561,p2,2165,dragapult-blaziken,0479,dragapult-dudunsparce
3,562,p2,0816,archaludon-dudunsparce,3338,slowking-scr
3,563,tie,0214,ceruledge-ex,0334,alakazam-dudunsparce
3,564,p2,1980,cynthia-garchomp-ex,0117,starmie-dusknoir
3,565,tie,1590,dragapult-ex,2638,alakazam-dudunsparce
3,566,tie,2224,dragapult-ex,3638,kangaskhan-bouffalant
3,567,p2,0840,rocket-mewtwo-ex,3237,dragapult-blaziken
3,568,p1,0799,dragapult-ex,2486,mega-greninja-ex
3,569,p2,0986,dragapult-dusknoir,0990,lopunny-dudunsparce
3,570,tie,3584,dragapult-ex,1411,rocket-mewtwo-ex
3,571,p2,1650,dragapult-dusknoir,0807,ogerpon-meganium-hydrapple
3,572,p2,2708,slowking-scr,0411,n-zoroark
3,573,p2,0595,alakazam-dudunsparce,0004,crustle-dri
3,574,p1,0472,dragapult-dusknoir,3455,dragapult-ex
3,575,p2,0647,dragapult-ex,2145,slowking-scr
3,576,tie,2970,dragapult-dusknoir,3634,rocket-mewtwo-ex
3,577,p1,1286,beedrill-ex-cri,3439,lucario-hariyama
3,578,p2,2397,dragapult-ex,2778,dragapult-ex
3,579,p2,2343,dragapult-blaziken,0307,crustle-dri
3,580,p1,1932,rocket-mewtwo-ex,3247,n-zoroark
3,581,p2,0744,dragapult-ex,2969,alakazam-dudunsparce
3,582,p1,2908,lucario-hariyama,3337,ogerpon-meganium-hydrapple
3,583,tie,0423,dragapult-ex,2949,rocket-mewtwo-ex
3,584,tie,2521,dragapult-ex,0242,rocket-mewtwo-ex
3,585,tie,1684,dragapult-ex,0253,dragapult-ex
3,586,p1,1426,dragapult-dusknoir,2462,archaludon-dudunsparce
3,587,p2,1549,?metagross,2291,dragapult-dusknoir
3,588,p2,2804,dragapult-blaziken,0345,crustle-dri
3,589,p2,0746,flareon-noctowl,2306,greninja-ex
3,590,p1,0644,dragapult-ex,1476,n-zoroark
3,591,p2,1551,mega-greninja-ex,0918,cynthia-garchomp-ex
3,592,tie,1612,dragapult-ex,3008,blaziken-ex-jtg
3,593,p2,3687,rocket-mewtwo-ex,3617,ogerpon-meganium-hydrapple
3,594,p1,3252,rocket-mewtwo-ex,3418,dragapult-dusknoir
3,595,p2,0308,dragapult-dusknoir,3069,dragapult-dusknoir
3,596,p2,1658,rockets-honchkrow,2950,n-zoroark
3,597,p1,0971,n-zoroark,0487,alakazam-dudunsparce
3,598,p2,0082,dragapult-ex,1544,dragapult-ex
3,599,p2,1955,crustle-dri,2197,slowking-scr
3,600,tie,0968,dragapult-dusknoir,0191,alakazam-dudunsparce
3,601,tie,0673,n-zoroark,2380,starmie-dusknoir
3,602,p1,0858,dragapult-ex,2240,n-zoroark
3,603,p1,0203,ogerpon-meganium-hydrapple,0563,n-zoroark
3,604,p2,0395,alakazam-dudunsparce,0871,dragapult-ex
3,605,p2,2292,raging-bolt-ogerpon,2245,dragapult-dusknoir
3,606,tie,0771,dragapult-ex,2978,crustle-dri
3,607,p2,3226,diancie-dusknoir,3046,dragapult-ex
3,608,p1,2800,dragapult-dusknoir,1081,raging-bolt-ogerpon
3,609,tie,1837,raging-bolt-ogerpon,1984,n-zoroark
3,610,tie,3729,dragapult-ex,0760,dragapult-ex
3,611,p2,2267,n-zoroark,3104,dragapult-ex
3,612,p1,2320,dragapult-ex,2450,dragapult-blaziken
3,613,p2,1621,dragapult-ex,2220,n-zoroark
3,614,p1,2582,raging-bolt-ogerpon,2029,alakazam-dudunsparce
3,615,p2,0006,slowking-scr,0058,ogerpon-meganium-hydrapple
3,616,p2,3240,dragapult-dusknoir,1479,rocket-mewtwo-ex
3,617,p1,3299,slowking-scr,2478,sharpedo-toxtricity
3,618,tie,1113,slowking-scr,2050,dragapult-ex
3,619,p1,1107,dragapult-dusknoir,2262,dragapult-dusknoir
3,620,p2,1856,raging-bolt-ogerpon,2012,lucario-hariyama
3,621,p2,0706,mega-greninja-ex,2052,dragapult-dusknoir
3,622,tie,3377,dragapult-ex,0346,mega-lucario-ex
3,623,p1,3575,crustle-dri,1185,mega-greninja-ex
3,624,p1,2469,raging-bolt-ogerpon,0734,lucario-hariyama
3,625,p1,1469,crustle-dri,1659,dragapult-dusknoir
3,626,p2,2003,starmie-froslass,3199,rockets-honchkrow
3,627,p2,2531,dragapult-blaziken,0420,dragapult-ex
3,628,p2,3166,basic-box-m,2375,slowking-scr
3,629,p1,1854,n-zoroark,3204,mega-greninja-ex
3,630,p2,2651,mega-greninja-ex,3611,dragapult-ex
3,631,p2,3527,alakazam-dudunsparce,1352,dragapult-ex
3,632,p2,3120,alakazam-dudunsparce,1717,ogerpon-meganium-hydrapple
3,633,p2,0098,dragapult-dusknoir,1666,lucario-hariyama
3,634,p2,1915,rocket-mewtwo-ex,1638,?metagross
3,635,p2,0283,dragapult-blaziken,2219,basic-box-m
3,636,p2,1389,ogerpon-meganium-hydrapple,3248,dragapult-dusknoir
3,637,p1,2880,dragapult-ex,0303,alakazam-dudunsparce
3,638,p2,1620,alakazam-dudunsparce,0956,ogerpon-meganium-hydrapple
3,639,p2,2405,alakazam-dudunsparce,3569,n-zoroark
3,640,p1,2192,crustle-dri,3385,dragapult-blaziken
3,641,p2,2212,dragapult-ex,2646,dragapult-dusknoir
3,642,p1,3324,n-zoroark,0864,dragapult-ex
3,643,p1,2652,festival-lead,2752,mega-lucario-ex
3,644,p1,1396,ogerpon-meganium-hydrapple,0321,mega-greninja-ex
3,645,tie,3194,dragapult-dusknoir,2477,dragapult-ex
3,646,p1,2890,beedrill-ex-cri,2144,basic-box-m
3,647,p1,1597,rocket-mewtwo-ex,2502,n-zoroark
3,648,p2,3266,alakazam-dudunsparce,0565,dragapult-dusknoir
3,649,p1,2442,slowking-scr,2728,dragapult-dusknoir
3,650,p1,3577,n-zoroark,0720,raging-bolt-ogerpon
3,651,p2,1785,crustle-dri,0241,ogerpon-meganium-hydrapple
3,652,tie,2858,dragapult-ex,0456,rockets-honchkrow
3,653,p1,0950,slowking-scr,2500,dragapult-dusknoir
3,654,p1,2595,raging-bolt-ogerpon,1380,dragapult-dusknoir
3,655,p1,1488,dragapult-dusknoir,1361,festival-lead
3,656,p1,3633,ogerpon-meganium-hydrapple,2549,mega-absol-box
3,657,p1,2988,raging-bolt-ogerpon,1470,ogerpon-meganium-hydrapple
3,658,p1,2758,dragapult-blaziken,2312,raging-bolt-ogerpon
3,659,tie,3025,dragapult-ex,2132,raging-bolt-ogerpon
3,660,p1,0229,alakazam-dudunsparce,1094,ceruledge-ex
3,661,p2,1850,greninja-ex,2182,alakazam-dudunsparce
3,662,p2,2661,ogerpon-meganium-hydrapple,1502,n-zoroark
3,663,p2,1224,dragapult-dusknoir,1088,slowking-scr
3,664,p2,0634,mega-lucario-ex,3249,alakazam-dudunsparce
3,665,p1,3123,slowking-scr,2706,lucario-hariyama
3,666,p2,2358,raging-bolt-ogerpon,2114,ogerpon-meganium-hydrapple
3,667,tie,1832,dragapult-ex,3509,n-zoroark
3,668,p1,3193,dragapult-dusknoir,1284,?metagross
3,669,p2,3160,raging-bolt-ogerpon,2873,raging-bolt-ogerpon
3,670,tie,0870,lopunny-dudunsparce,0069,alakazam-dudunsparce
3,671,tie,1697,?metagross,2104,rocket-mewtwo-ex
3,672,p1,0033,dragapult-ex,0474,hops-trevenant
3,673,tie,3631,beedrill-ex-cri,2041,ogerpon-meganium-hydrapple
3,674,p2,1271,n-zoroark,1031,beedrill-ex-cri
3,675,p1,0879,lucario-hariyama,3441,ogerpon-meganium-hydrapple
3,676,p2,3398,dragapult-ex,0476,dragapult-dusknoir
3,677,p2,0578,dragapult-dusknoir,1673,dragapult-ex
3,678,p1,0763,dragapult-blaziken,3592,festival-lead
3,679,p2,1460,slowking-scr,3716,mega-greninja-ex
3,680,p1,2038,other,2884,lucario-hariyama
3,681,p1,2515,lucario-hariyama,3035,raging-bolt-ogerpon
3,682,p1,2938,rocket-mewtwo-ex,1978,dragapult-ex
3,683,p1,2475,basic-box-m,0460,ogerpon-meganium-hydrapple
3,684,p1,3534,basic-box-m,0551,alakazam-dudunsparce
3,685,p2,2357,slowking-scr,0206,raging-bolt-ogerpon
3,686,p2,0428,?metagross,2748,dragapult-ex
3,687,p2,2641,dragapult-ex,1836,ethan-typhlosion
3,688,p2,1306,dragapult-ex,1924,slowking-scr
3,689,p2,1045,kangaskhan-bouffalant,0694,dragapult-ex
3,690,p2,1339,slowking-scr,1848,slowking-scr
3,691,tie,1291,slowking-scr,0598,festival-lead
3,692,p1,1038,beedrill-ex-cri,2448,ogerpon-meganium-hydrapple
3,693,p2,1693,basic-box-m,2289,palafin-ex
3,694,p1,0838,dragapult-ex,3537,dragapult-ex
3,695,tie,0371,ogerpon-meganium-hydrapple,0312,festival-lead
3,696,p1,0216,cynthia-garchomp-ex,3397,dragapult-blaziken
3,697,p2,0378,dragapult-dusknoir,2460,dragapult-ex
3,698,p2,2848,crustle-dri,3058,dragapult-blaziken
3,699,p2,0818,raging-bolt-ogerpon,2572,crustle-dri
3,700,p1,1445,alakazam-dudunsparce,2860,dragapult-ex
3,701,p1,3100,dragapult-dusknoir,2956,dragapult-ex
3,702,tie,2677,dragapult-blaziken,2787,beedrill-ex-cri
3,703,p2,0890,dragapult-blaziken,1090,dragapult-ex
3,704,p2,1987,dragapult-dusknoir,1199,mega-greninja-ex
3,705,p1,1365,ogerpon-meganium-hydrapple,1511,joltik-box
3,706,p1,2907,ogerpon-meganium-hydrapple,0875,ogerpon-meganium-hydrapple
3,707,p2,2615,starmie-dusknoir,1402,raging-bolt-ogerpon
3,708,p1,3143,dragapult-blaziken,3039,basic-box-m
3,709,p2,3071,dragapult-dusknoir,2590,dragapult-ex
3,710,p1,2840,?metagross,2918,lopunny-dudunsparce
3,711,p2,2723,dragapult-ex,3070,dragapult-dusknoir
3,712,p2,1509,slowking-scr,2027,rocket-mewtwo-ex
3,713,p1,0788,ethan-typhlosion,0557,crustle-dri
3,714,p1,1499,alakazam-dudunsparce,2851,dragapult-dusknoir
3,715,p1,3669,dragapult-dusknoir,1861,mega-greninja-ex
3,716,p2,0516,palafin-ex,1739,dragapult-dusknoir
3,717,p1,2744,alakazam-dudunsparce,0833,alakazam-dudunsparce
3,718,tie,2882,dragapult-dusknoir,2432,alakazam-dudunsparce
3,719,p1,3602,cynthia-garchomp-ex,2844,starmie-dusknoir
3,720,p2,2172,ogerpon-meganium-hydrapple,1037,ogerpon-meganium-hydrapple
3,721,p2,0344,n-zoroark,1972,dragapult-dusknoir
3,722,p1,2707,hops-trevenant,2211,lillie-clefairy
3,723,p2,3473,dragapult-dusknoir,0946,n-zoroark
3,724,p2,3443,n-zoroark,1376,ogerpon-meganium-hydrapple
3,725,p1,1537,dragapult-blaziken,2537,dragapult-ex
3,726,p2,3306,dragapult-dusknoir,1939,ogerpon-meganium-hydrapple
3,727,p1,2047,dragapult-dusknoir,2507,dragapult-blaziken
3,728,p1,0491,alakazam-dudunsparce,3272,n-zoroark
3,729,p1,1338,ogerpon-meganium-hydrapple,0785,n-zoroark
3,730,p2,0001,slowking-scr,0991,ogerpon-meganium-hydrapple
3,731,tie,0465,dragapult-dusknoir,1555,dragapult-ex
3,732,tie,2990,beedrill-ex-cri,1643,n-zoroark
3,733,p2,0906,dragapult-blaziken,2173,dragapult-ex
3,734,p1,0554,basic-box-m,2841,mega-venusaur-ex
3,735,p2,2403,beedrill-ex-cri,3388,dragapult-dusknoir
3,736,p2,3744,rocket-mewtwo-ex,1613,ogerpon-meganium-hydrapple
3,737,p1,2566,basic-box-m,1158,diancie-dusknoir
3,738,p2,3023,mega-greninja-ex,0896,hops-trevenant
3,739,p1,1981,dragapult-dusknoir,0373,kangaskhan-bouffalant
3,740,p1,2902,dragapult-dusknoir,2000,dragapult-ex
3,741,p2,0655,n-zoroark,0848,ogerpon-meganium
3,742,p2,1374,beedrill-ex-cri,2004,mega-greninja-ex
3,743,p1,0152,raging-bolt-ogerpon,2099,lucario-hariyama
3,744,p1,1754,slowking-scr,3510,mega-lucario-ex
3,745,p1,1594,mega-greninja-ex,2493,dragapult-dusknoir
3,746,tie,0786,cynthia-garchomp-ex,2604,rockets-honchkrow
3,747,p1,0425,?metagross,2129,dragapult-dusknoir
3,748,p1,2337,diancie-dusknoir,1625,dragapult-blaziken
3,749,p2,3496,dragapult-blaziken,0538,dragapult-ex
3,750,p1,2201,dragapult-ex,1867,dragapult-blaziken
3,751,p2,2209,dragapult-blaziken,3297,dragapult-dusknoir
3,752,p2,0528,mega-lucario-ex,0302,raging-bolt-ogerpon
3,753,p2,3651,dragapult-ex,2986,lillie-clefairy
3,754,p1,0755,ogerpon-meganium-hydrapple,2853,dragapult-dusknoir
3,755,p2,0131,mega-greninja-ex,3700,mega-greninja-ex
3,756,p2,2965,dragapult-blaziken,0708,n-zoroark
3,757,p2,0808,basic-box-m,0653,slowking-scr
3,758,p1,1835,raging-bolt-ogerpon,0258,other
3,759,p2,1388,festival-lead,1174,beedrill-ex-cri
3,760,p1,0960,alakazam-dudunsparce,2249,raging-bolt-ogerpon
3,761,p1,0546,rocket-mewtwo-ex,3625,dragapult-ex
3,762,p1,0244,dragapult-ex,1605,dragapult-ex
3,763,p1,0325,slowking-scr,3232,dragapult-ex
3,764,p2,1061,rockets-honchkrow,2501,lucario-hariyama
3,765,tie,2694,archaludon-dudunsparce,0601,crustle-dri
3,766,p2,1282,n-zoroark,3572,festival-lead
3,767,p1,1566,dragapult-blaziken,1897,alakazam-dudunsparce
3,768,p1,0962,dragapult-dusknoir,3659,slowking-scr
3,769,p1,2231,slowking-scr,0079,mega-venusaur-ex
3,770,p1,1486,basic-box-m,0282,n-zoroark
3,771,p2,1801,dragapult-ex,0721,dragapult-dusknoir
3,772,p2,3211,crustle-dri,0925,dragapult-dusknoir
3,773,p2,3173,n-zoroark,0221,dragapult-ex
3,774,p1,2225,dragapult-ex,0066,ethan-typhlosion
3,775,p2,3147,n-zoroark,1057,slowking-scr
3,776,p2,2904,dragapult-blaziken,3590,n-zoroark
3,777,p2,1816,alakazam-dudunsparce,0508,alakazam-dudunsparce
3,778,tie,1522,mega-absol-box,3012,dragapult-ex
3,779,p1,1929,greninja-ex,1859,lopunny-dudunsparce
3,780,p1,2697,rockets-honchkrow,3086,crustle-dri
3,781,p2,0024,dragapult-ex,1450,dragapult-ex
3,782,tie,2434,beedrill-ex-cri,1023,greninja-ex
3,783,p1,1523,n-zoroark,2520,lillie-clefairy
3,784,p1,1250,basic-box-m,3328,crustle-dri
3,785,p1,2554,ethan-typhlosion,1869,crustle-dri
3,786,p2,1860,alakazam-dudunsparce,0281,dragapult-ex
3,787,p1,0931,lillie-clefairy,0053,rockets-honchkrow
3,788,p1,0432,raging-bolt-ogerpon,3131,mega-greninja-ex
3,789,p1,1609,festival-lead,3585,cynthia-garchomp-ex
3,790,p1,0409,rocket-mewtwo-ex,0201,slowking-scr
3,791,p2,3403,dragapult-ex,1076,slowking-scr
3,792,p1,0267,crustle-dri,2496,mega-greninja-ex
3,793,p1,0436,beedrill-ex-cri,0441,archaludon-ex
3,794,p2,2101,lillie-clefairy,3491,n-zoroark
3,795,p2,2006,ogerpon-meganium-hydrapple,3411,dragapult-ex
3,796,p1,3502,festival-lead,1986,dragapult-ex
3,797,p1,3551,mega-lucario-ex,0865,sharpedo-toxtricity
3,798,p1,2455,?metagross,0027,ethan-typhlosion
3,799,p2,2819,lucario-hariyama,2175,slowking-scr
3,800,p1,0645,?,2127,rocket-mewtwo-ex
3,801,p2,2304,dragapult-dusknoir,2783,festival-lead
3,802,p1,0574,festival-lead,3628,dragapult-dusknoir
3,803,p2,0091,cynthia-garchomp-ex,2989,mega-greninja-ex
3,804,p2,3412,crustle-dri,0780,dragapult-dudunsparce
3,805,p1,0322,dragapult-dusknoir,2154,greninja-ex
3,806,p1,0354,alakazam-dudunsparce,3014,n-zoroark
3,807,p1,3547,alakazam-dudunsparce,3386,dragapult-dudunsparce
3,808,p2,1296,dragapult-ex,0659,n-zoroark
3,809,p2,2253,alakazam-dudunsparce,2446,beedrill-ex-cri
3,810,tie,1896,rocket-mewtwo-ex,2040,basic-box-m
3,811,p2,3550,dragapult-ex,1029,n-zoroark
3,812,p1,3389,ogerpon-meganium-hydrapple,2021,dragapult-ex
3,813,p2,1326,mega-venusaur-ex,2279,lopunny-dudunsparce
3,814,p1,1180,dragapult-dusknoir,2709,dragapult-dusknoir
3,815,p2,2458,slowking-scr,2634,alakazam-dudunsparce
3,816,p1,1055,n-zoroark,0313,dragapult-ex
3,817,p2,1628,dragapult-ex,1713,grimmsnarl-froslass
3,818,p2,1191,mega-greninja-ex,0381,dragapult-ex
3,819,p1,3045,archaludon-dudunsparce,1554,rocket-mewtwo-ex
3,820,p1,3307,dragapult-ex,2187,festival-lead
3,821,p2,3614,dragapult-ex,0419,dragapult-ex
3,822,p2,1325,dragapult-ex,0843,dragapult-ex
3,823,p1,0669,dragapult-ex,1528,greninja-ex
3,824,p2,1871,mega-lucario-ex,3315,?metagross
3,825,p1,3335,cynthia-garchomp-ex,0907,lucario-hariyama
3,826,p1,0983,slowking-scr,1941,dragapult-dusknoir
3,827,p1,3745,alakazam-dudunsparce,1147,n-zoroark
3,828,p1,1790,slowking-scr,1642,dragapult-dusknoir
3,829,tie,0349,dragapult-ex,0781,lopunny-dudunsparce
3,830,p1,2261,dragapult-dusknoir,2196,ethan-typhlosion
3,831,p2,0796,alakazam-dudunsparce,0825,dragapult-ex
3,832,p2,3243,basic-box-m,3165,lillie-clefairy
3,833,p2,0041,dragapult-dusknoir,3346,dragapult-ex
3,834,p2,3125,raging-bolt-ogerpon,1102,dragapult-ex
3,835,p2,2815,n-zoroark,2864,dragapult-dusknoir
3,836,p1,3308,dragapult-ex,3095,lopunny-dudunsparce
3,837,p2,2593,n-zoroark,3465,hops-trevenant
3,838,p2,0162,mega-lucario-ex,1814,rockets-honchkrow
3,839,p1,0944,slowking-scr,3062,lucario-hariyama
3,840,p2,1439,mega-lucario-ex,2379,dragapult-blaziken
3,841,tie,1238,dragapult-ex,2696,crustle-dri
3,842,p1,0326,dragapult-dusknoir,0392,rockets-honchkrow
3,843,tie,0504,crustle-dri,3015,dragapult-ex
3,844,p1,0701,slowking-scr,1996,ogerpon-meganium-hydrapple
3,845,p2,1572,dragapult-blaziken,1886,dragapult-ex
3,846,p1,1075,mega-greninja-ex,0735,mega-greninja-ex
3,847,p1,1663,lopunny-dudunsparce,0584,mega-greninja-ex
3,848,p1,3553,ogerpon-meganium-hydrapple,0120,dragapult-ex
3,849,p1,3283,dragapult-ex,0652,dragapult-dusknoir
3,850,p1,0961,dragapult-ex,0740,other
3,851,p1,0110,lopunny-dudunsparce,0787,dragapult-dusknoir
3,852,p1,1119,lillie-clefairy,2785,dragapult-ex
3,853,p2,0347,dragapult-ex,1770,dragapult-ex
3,854,p1,0980,dragapult-dusknoir,1071,dragapult-blaziken
3,855,p2,2328,dragapult-dusknoir,2411,okidogi-barbaracle
3,856,p1,1720,dragapult-dusknoir,1320,dragapult-blaziken
3,857,p2,0304,beedrill-ex-cri,0032,basic-box-m
3,858,p2,0564,dragapult-ex,2828,dragapult-ex
3,859,p2,2952,dragapult-dusknoir,2548,raging-bolt-ogerpon
3,860,p1,0798,dragapult-blaziken,1805,slowking-scr
3,861,p1,2316,dragapult-blaziken,0317,ethan-typhlosion
3,862,p2,2540,starmie-dusknoir,2151,raging-bolt-ogerpon
3,863,p1,2837,dragapult-dusknoir,1164,lucario-hariyama
3,864,p2,1285,alakazam-dudunsparce,3077,?metagross
3,865,tie,2635,beedrill-ex-cri,3523,eelektrik-blk
3,866,p1,1722,lucario-hariyama,0905,basic-box-m
3,867,p2,0566,mega-zygarde-ex,2810,basic-box-m
3,868,p1,0081,beedrill-ex-cri,3650,mega-greninja-ex
3,869,p2,1171,alakazam-dudunsparce,2611,alakazam-dudunsparce
3,870,p2,0628,ogerpon-meganium-hydrapple,1578,alakazam-dudunsparce
3,871,p1,0620,dragapult-ex,1103,dragapult-blaziken
3,872,p2,3112,ogerpon-meganium-hydrapple,3202,alakazam-dudunsparce
3,873,p1,3236,raging-bolt-ogerpon,3060,starmie-dusknoir
3,874,p1,1798,ogerpon-meganium-hydrapple,0047,dragapult-ex
3,875,p1,2424,hops-trevenant,2905,ogerpon-meganium-hydrapple
3,876,p1,3519,dragapult-ex,1223,rockets-honchkrow
3,877,p1,3158,grimmsnarl-froslass,2481,lillie-clefairy
3,878,p1,0057,alakazam-dudunsparce,3133,dragapult-ex
3,879,p1,0358,ogerpon-meganium-hydrapple,3238,dragapult-dusknoir
3,880,tie,2394,raging-bolt-ogerpon,2981,alakazam-dudunsparce
3,881,p2,2444,dragapult-ex,0539,raging-bolt-ogerpon
3,882,p2,0545,raging-bolt-ogerpon,2010,alakazam-dudunsparce
3,883,p1,1358,dragapult-ex,2120,dragapult-ex
3,884,p2,3269,dragapult-ex,1264,dragapult-ex
3,885,p2,1176,?metagross,2630,mega-greninja-ex
3,886,p1,2964,mega-lucario-ex,3704,rockets-honchkrow
3,887,p1,1841,other,0020,dragapult-ex
3,888,p1,2701,dragapult-dusknoir,2552,ogerpon-meganium-hydrapple
3,889,p2,1771,dragapult-ex,2672,slowking-scr
3,890,p1,3164,dragapult-ex,1222,dragapult-ex
3,891,p1,1483,n-zoroark,3549,alakazam-dudunsparce
3,892,p2,3748,starmie-dusknoir,2142,mega-greninja-ex
3,893,p1,2156,hops-trevenant,1331,festival-lead
3,894,p2,1146,mega-lucario-ex,1049,basic-box-m
3,895,tie,1337,rockets-honchkrow,3374,dragapult-ex
3,896,p2,0197,hops-trevenant,0039,dragapult-dusknoir
3,897,p2,1821,ethan-typhlosion,3593,dragapult-blaziken
3,898,p1,1530,beedrill-ex-cri,2874,lopunny-dudunsparce
3,899,p2,1598,sylveon-pre,1317,dragapult-dudunsparce
3,900,p1,2680,kangaskhan-bouffalant,1221,lillie-clefairy
3,901,p2,3735,bronzong-tef,2862,mega-greninja-ex
3,902,p1,0747,raging-bolt-ogerpon,2141,dragapult-ex
3,903,p2,0675,dragapult-dusknoir,0809,dragapult-ex
3,904,p1,1072,dragapult-ex,0078,mega-greninja-ex
3,905,p1,1115,starmie-dusknoir,1419,cynthia-garchomp-ex
3,906,p2,0372,ogerpon-meganium-hydrapple,0596,alakazam-dudunsparce
3,907,p2,3169,basic-box-m,2439,dragapult-ex
3,908,p1,2892,hops-trevenant,1007,mega-greninja-ex
3,909,p1,1114,slowking-scr,1796,lucario-hariyama
3,910,p2,0577,kangaskhan-bouffalant,1063,beedrill-ex-cri
3,911,p1,2030,dragapult-dusknoir,2928,mega-greninja-ex
3,912,tie,0742,rockets-honchkrow,2939,crustle-dri
3,913,p2,3435,dragapult-blaziken,1794,ceruledge-ex
3,914,p1,0978,festival-lead,1156,dragapult-dusknoir
3,915,p1,0399,starmie-froslass,3583,lucario-hariyama
3,916,p2,3234,rockets-honchkrow,0662,dragapult-ex
3,917,p2,0683,raging-bolt-ogerpon,0443,ogerpon-meganium-hydrapple
3,918,tie,0102,n-zoroark,2885,cynthia-garchomp-ex
3,919,tie,2065,crustle-dri,1092,ogerpon-meganium-hydrapple
3,920,p1,1557,dragapult-ex,0452,n-zoroark
3,921,tie,0741,hops-trevenant,1587,raging-bolt-ogerpon
3,922,p1,0933,dragapult-ex,1327,ogerpon-meganium-hydrapple
3,923,p1,2063,raging-bolt-ogerpon,3618,diancie-dusknoir
3,924,tie,0249,dragapult-ex,3327,dragapult-ex
3,925,p1,0356,basic-box-m,0287,lucario-hariyama
3,926,p2,1618,dragapult-ex,1500,cynthia-garchomp-ex
3,927,tie,3216,dragapult-dusknoir,0238,n-zoroark
3,928,p1,2121,festival-lead,0813,dragapult-ex
3,929,p1,2229,n-zoroark,2843,starmie-froslass
3,930,p2,0767,starmie-dusknoir,0728,raging-bolt-ogerpon
3,931,p2,2959,dragapult-ex,3535,ceruledge-ex
3,932,p1,1858,dragapult-ex,1192,alakazam-dudunsparce
3,933,p1,1532,dragapult-blaziken,0689,basic-box-m
3,934,p2,2510,mega-greninja-ex,2491,basic-box-m
3,935,tie,3068,rockets-honchkrow,3270,dragapult-ex
3,936,p1,2227,n-zoroark,1601,alakazam-dudunsparce
3,937,p2,3175,dragapult-blaziken,2891,dragapult-ex
3,938,p1,1260,n-zoroark,3341,dragapult-ex
3,939,p2,1042,raging-bolt-ogerpon,0329,crustle-dri
3,940,p2,0515,dragapult-ex,2929,lopunny-dudunsparce
3,941,p1,1272,festival-lead,0106,dragapult-ex
3,942,tie,3524,rocket-mewtwo-ex,3471,mega-greninja-ex
3,943,p1,0797,dragapult-ex,1591,n-zoroark
3,944,tie,0759,festival-lead,1371,n-zoroark
3,945,p1,1992,dragapult-ex,3019,dragapult-dudunsparce
3,946,tie,2526,lucario-hariyama,3137,rockets-honchkrow
3,947,tie,2948,dragapult-blaziken,0268,dragapult-dusknoir
3,948,p1,1895,rockets-honchkrow,2854,raging-bolt-ogerpon
3,949,tie,1898,ethan-typhlosion,2757,lopunny-dudunsparce
3,950,tie,1900,hops-trevenant,1624,okidogi-barbaracle
3,951,p2,1902,dragapult-dusknoir,3619,beedrill-ex-cri
3,952,p1,1904,starmie-froslass,3064,lucario-hariyama
3,953,p2,1906,slowking-scr,0831,dragapult-ex
3,954,tie,1414,lopunny-dudunsparce,1640,beedrill-ex-cri
3,955,p2,0038,starmie-froslass,1909,mega-greninja-ex
3,956,p1,1911,ogerpon-meganium-hydrapple,2795,other
3,957,p1,1437,mega-greninja-ex,3639,rockets-honchkrow
3,958,p2,1347,dragapult-dusknoir,0200,alakazam-dudunsparce
3,959,p2,1571,dragapult-blaziken,1145,n-zoroark
3,960,p1,0679,dragapult-ex,1919,ogerpon-meganium-hydrapple
3,961,p1,3623,rockets-honchkrow,1922,basic-box-m
3,962,p2,1923,rockets-honchkrow,0017,dragapult-dusknoir
3,963,tie,1926,dragapult-blaziken,0173,dragapult-ex
3,964,p1,1927,raging-bolt-ogerpon,0083,alakazam-dudunsparce
3,965,p1,0853,beedrill-ex-cri,1930,lucario-hariyama
3,966,p2,3450,ogerpon-meganium-hydrapple,1706,slowking-scr
3,967,tie,1934,alakazam-dudunsparce,2532,dragapult-ex
3,968,p1,1935,dragapult-dusknoir,3536,raging-bolt-ogerpon
3,969,p2,2655,dragapult-ex,3640,dragapult-ex
3,970,p1,2947,festival-lead,3498,marnie-grimmsnarl-ex
3,971,p1,1369,festival-lead,3048,n-zoroark
3,972,p1,0350,starmie-dusknoir,1943,ogerpon-meganium-hydrapple
3,973,p2,2115,dragapult-dusknoir,1407,n-zoroark
3,974,p1,2975,dragapult-ex,2514,dragapult-ex
3,975,p2,0484,hop-zacian,1047,dragapult-dusknoir
3,976,p2,3072,toxtricity-box,0367,alakazam-dudunsparce
3,977,p1,3344,festival-lead,3055,alakazam-dudunsparce
3,978,p2,2158,hops-trevenant,2419,dragapult-dusknoir
3,979,p1,2322,dragapult-ex,1259,dragapult-blaziken
3,980,p1,0861,lucario-hariyama,1539,alakazam-dudunsparce
3,981,p2,3482,ogerpon-meganium-hydrapple,2418,hops-trevenant
3,982,p1,1604,dragapult-ex,1001,dragapult-ex
3,983,p2,1330,basic-box-m,0264,n-zoroark
3,984,p1,2417,slowking-scr,1967,lucario-hariyama
3,985,tie,1969,dragapult-ex,0899,mega-greninja-ex
3,986,p1,1998,dragapult-blaziken,1421,dragapult-dusknoir
3,987,tie,2734,beedrill-ex-cri,2849,dragapult-ex
3,988,p1,3501,ogerpon-meganium-hydrapple,1690,lucario-hariyama
3,989,p2,3026,dragapult-dusknoir,2768,dragapult-dusknoir
3,990,p2,1563,alakazam-dudunsparce,2675,dragapult-dusknoir
3,991,p1,0266,dragapult-ex,2773,beedrill-ex-cri
3,992,p1,2334,lopunny-dudunsparce,1429,raging-bolt-ogerpon
3,993,p1,2053,dragapult-ex,3401,ogerpon-meganium-hydrapple
3,994,p1,1677,other,2176,dragapult-dusknoir
3,995,p2,3394,rockets-honchkrow,1623,dragapult-ex
3,996,p2,2963,ogerpon-meganium-hydrapple,3384,beedrill-ex-cri
3,997,tie,0632,dragapult-blaziken,1993,rocket-mewtwo-ex
3,998,tie,1615,rockets-honchkrow,2490,?
3,999,p1,1550,lillie-clefairy,1190,basic-box-m
3,1000,p2,0177,dragapult-dusknoir,2128,cynthia-garchomp-ex
3,1001,tie,1179,dragapult-blaziken,2059,dragapult-ex
3,1002,p2,3239,dragapult-blaziken,2055,dragapult-dusknoir
3,1003,p1,0128,ogerpon-meganium-hydrapple,2005,dragapult-blaziken
3,1004,p1,3713,n-zoroark,2007,ogerpon-meganium-hydrapple
3,1005,p2,0333,ogerpon-meganium-hydrapple,3531,dragapult-dusknoir
3,1006,p2,2011,dragapult-dusknoir,3074,cynthia-garchomp-ex
3,1007,p2,2014,toxtricity-pfl,2355,dragapult-ex
3,1008,p2,0003,dragapult-ex,2016,dragapult-ex
3,1009,p1,2017,lucario-hariyama,1311,n-zoroark
3,1010,p1,3379,dragapult-ex,2019,dragapult-dusknoir
3,1011,tie,2022,alakazam-dudunsparce,1466,n-zoroark
3,1012,p2,2023,dragapult-ex,0888,rocket-mewtwo-ex
3,1014,p1,1558,dragapult-ex,3433,raging-bolt-ogerpon
3,1015,p2,0511,ogerpon-meganium-hydrapple,0948,ogerpon-meganium-hydrapple
3,1016,tie,2109,dragapult-ex,0712,dragapult-ex
3,1017,p2,0965,n-zoroark,0150,mega-greninja-ex
3,1018,p1,3326,dragapult-dusknoir,1478,ethan-typhlosion
3,1019,p1,0277,ogerpon-meganium-hydrapple,0599,lopunny-dudunsparce
3,1020,p1,3121,beedrill-ex-cri,2039,yanmega-ex
3,1021,p1,2859,mega-starmie-ex,2042,alakazam-dudunsparce
3,1022,p2,2044,raging-bolt-ogerpon,1865,dragapult-ex
3,1023,tie,3353,ogerpon-meganium-hydrapple,1517,ethan-typhlosion
3,1024,p2,0912,ogerpon-meganium-hydrapple,1391,dragapult-ex
3,1025,p1,0239,dragapult-ex,0800,basic-box-m
3,1026,p2,2863,n-zoroark,2525,dragapult-ex
3,1027,p2,3511,dragapult-ex,1457,dragapult-ex
3,1028,p1,2171,?metagross,1489,diancie-dusknoir
3,1029,p1,0198,alakazam-dudunsparce,2545,beedrill-ex-cri
3,1030,p2,1514,dragapult-ex,1177,crustle-dri
3,1031,p2,2717,dragapult-dusknoir,0618,lucario-hariyama
3,1032,p2,0703,mega-greninja-ex,2831,dragapult-ex
3,1033,p1,2066,crustle-dri,2666,ogerpon-meganium-hydrapple
3,1035,tie,3702,hops-trevenant,2068,dragapult-dusknoir
3,1036,tie,2070,rockets-honchkrow,0383,rockets-honchkrow
3,1037,p1,2836,dragapult-ex,2072,slowking-scr
3,1038,p2,0533,dragapult-ex,2074,slowking-scr
3,1039,p2,2075,n-zoroark,0092,alakazam-dudunsparce
3,1040,p2,3149,mega-greninja-ex,2077,beedrill-ex-cri
3,1041,p1,2079,dragapult-ex,3544,dragapult-ex
3,1042,p1,2082,ogerpon-meganium-hydrapple,1773,greninja-ex
3,1043,tie,2781,alakazam-dudunsparce,2084,ogerpon-meganium-hydrapple
3,1044,p1,2086,n-zoroark,0506,dragapult-blaziken
3,1045,p1,2747,slowking-scr,2087,dragapult-dusknoir
3,1046,p1,0208,dragapult-ex,2090,dragapult-dusknoir
3,1047,p1,1881,blaziken-zoroark,2092,other
3,1048,p1,2670,ogerpon-meganium-hydrapple,2094,other
3,1049,p2,0172,ogerpon-meganium-hydrapple,2096,ogerpon-meganium-hydrapple
3,1050,p1,2639,beedrill-ex-cri,2097,lillie-clefairy
3,1051,tie,2100,dragapult-dusknoir,3084,dragapult-dusknoir
3,1052,p2,0357,?metagross,2102,greninja-ex
3,1053,p1,2103,cynthia-garchomp-ex,1593,dragapult-ex
3,1054,p1,2662,basic-box-m,2105,n-zoroark
3,1056,tie,2051,lillie-clefairy,1931,ethan-typhlosion
3,1057,p2,2812,slowking-scr,2536,basic-box-m
3,1058,p1,0984,beedrill-ex-cri,0886,grimmsnarl-froslass
3,1059,p1,2484,other,1355,dragapult-dusknoir
3,1060,tie,3124,dragapult-dusknoir,2489,dragapult-ex
3,1061,p1,1874,dragapult-ex,1586,ogerpon-meganium-hydrapple
3,1062,p2,3741,dragapult-ex,1582,n-zoroark
3,1063,p1,3354,beedrill-ex-cri,0136,lillie-clefairy
3,1064,p1,2213,dragapult-dusknoir,2435,ogerpon-meganium-hydrapple
3,1065,p2,0193,dragapult-blaziken,1742,dragapult-ex
3,1066,tie,0638,slowking-scr,0622,ogerpon-meganium-hydrapple
3,1067,p1,3436,raging-bolt-ogerpon,3250,n-zoroark
3,1068,p1,0860,dragapult-dusknoir,3444,ethan-typhlosion
3,1069,p2,2372,alakazam-dudunsparce,2741,hops-trevenant
3,1070,p1,0812,mega-lucario-ex,0982,dragapult-ex
3,1071,p1,0146,basic-box-m,3730,dragapult-dusknoir
3,1072,p2,0841,rockets-honchkrow,0008,hops-trevenant
3,1073,p2,1228,dragapult-dusknoir,0517,dragapult-ex
3,1074,tie,2684,alakazam-dudunsparce,2149,slowking-scr
3,1075,p1,1592,dragapult-ex,3530,dragapult-ex
3,1076,p1,1214,raging-bolt-ogerpon,1495,greninja-ex
3,1077,p1,0911,other,1524,kangaskhan-bouffalant
3,1078,p2,1329,dragapult-dusknoir,2423,raging-bolt-ogerpon
3,1079,p1,3661,n-zoroark,2034,mega-lucario-ex
3,1080,p2,2767,dragapult-ex,0171,sylveon-pre
3,1081,p2,2177,dragapult-ex,2392,raging-bolt-ogerpon
3,1082,p1,2868,dragapult-ex,1242,rocket-mewtwo-ex
3,1083,tie,2327,slowking-scr,3321,slowking-scr
3,1084,p1,1362,dragapult-dusknoir,2064,hops-trevenant
3,1085,p2,2360,dragapult-froslass,0773,lillie-clefairy
3,1086,p2,3180,starmie-froslass,3542,dragapult-ex
3,1087,p1,1540,raging-bolt-ogerpon,1842,mega-greninja-ex
3,1088,p1,1937,mega-absol-box,0945,hops-trevenant
3,1089,p1,2724,n-zoroark,0904,mega-greninja-ex
3,1090,p1,2354,dragapult-dudunsparce,0377,dragapult-blaziken
3,1091,p2,3698,alakazam-dudunsparce,0892,rockets-honchkrow
3,1092,p1,2203,slowking-scr,1409,slowking-scr
3,1093,p2,1756,dragapult-ex,0783,dragapult-blaziken
3,1094,p2,1161,eelektrik-blk,2936,dragapult-dusknoir
3,1095,tie,1143,n-zoroark,2410,mega-greninja-ex
3,1096,p1,3532,dragapult-ex,0607,dragapult-dudunsparce
3,1097,p2,0702,archaludon-dudunsparce,1691,alakazam-dudunsparce
3,1098,p1,1749,ogerpon-meganium-hydrapple,0435,dragapult-ex
3,1099,p2,3728,alakazam-dudunsparce,2274,rocket-mewtwo-ex
3,1100,p2,2396,dragapult-ex,2628,hops-trevenant
3,1101,p1,2036,lillie-clefairy,1189,jellicent-dusknoir
3,1102,p2,2942,beedrill-ex-cri,0932,alakazam-dudunsparce
3,1103,p1,3004,dragapult-ex,3361,alakazam-dudunsparce
3,1104,tie,0651,dragapult-dusknoir,1482,alakazam-dudunsparce
3,1105,p1,3278,lillie-clefairy,3750,dragapult-ex
3,1106,p1,0247,mega-greninja-ex,0885,starmie-froslass
3,1107,p1,2903,ogerpon-meganium-hydrapple,2472,basic-box-m
3,1108,p2,2060,mega-lucario-ex,2282,ogerpon-meganium-hydrapple
3,1109,p1,0187,dragapult-ex,1252,alakazam-dudunsparce
3,1110,p2,3378,ogerpon-meganium-hydrapple,2587,dragapult-dusknoir
3,1111,p2,1649,festival-lead,1245,dragapult-ex
3,1112,tie,2167,alakazam-dudunsparce,3609,raging-bolt-ogerpon
3,1113,p1,1120,dragapult-ex,2169,dragapult-ex
3,1114,p2,2879,mega-greninja-ex,2186,lopunny-dudunsparce
3,1115,p2,1777,hops-trevenant,1565,mega-greninja-ex
3,1116,p2,2246,dragapult-ex,2311,lillie-clefairy
3,1117,tie,0492,mega-greninja-ex,0637,mega-greninja-ex
3,1118,p1,1159,basic-box-m,3366,dragapult-dusknoir
3,1119,tie,0337,dragapult-ex,3405,raging-bolt-ogerpon
3,1120,p2,2691,dragapult-dusknoir,1253,greninja-ex
3,1121,tie,1305,dragapult-dusknoir,1000,ogerpon-meganium-hydrapple
3,1122,tie,0424,n-zoroark,3431,dragapult-ex
3,1123,p2,1315,rockets-honchkrow,2008,dragapult-ex
3,1124,p1,2195,beedrill-ex-cri,3256,basic-box-m
3,1125,p1,1917,beedrill-ex-cri,2674,raging-bolt-ogerpon
3,1126,p1,1512,dragapult-ex,3255,dragapult-ex
3,1127,p2,1141,other,2459,dragapult-blaziken
3,1128,p2,3672,mega-greninja-ex,3448,n-zoroark
3,1129,p2,2254,dragapult-blaziken,2479,n-zoroark
3,1131,p2,2972,n-zoroark,0581,raging-bolt-ogerpon
3,1132,p1,0715,dragapult-ex,0097,dragapult-blaziken
3,1133,p1,2722,dragapult-ex,1633,dragapult-ex
3,1134,tie,1712,mega-lucario-ex,1443,dragapult-blaziken
3,1135,tie,0691,dragapult-ex,1105,joltik-box
3,1136,p2,1737,beedrill-ex-cri,1136,dragapult-blaziken
3,1137,p1,2160,n-zoroark,1026,alakazam-dudunsparce
3,1138,p2,3189,n-zoroark,0889,dragapult-ex
3,1139,p2,0256,dragapult-dusknoir,3416,raging-bolt-ogerpon
3,1140,tie,0999,dragapult-ex,3108,dragapult-dusknoir
3,1141,p2,2725,starmie-froslass,1065,dragapult-blaziken
3,1142,p2,1372,crustle-dri,1091,hops-trevenant
3,1143,p1,1531,grimmsnarl-froslass,2551,dragapult-ex
3,1144,tie,1335,dragapult-ex,0967,ogerpon-meganium-hydrapple
3,1145,p1,3316,alakazam-dudunsparce,1440,dragapult-ex
3,1146,p1,2935,dragapult-ex,3350,hops-trevenant
3,1147,p2,2093,crustle-dri,1995,ogerpon-meganium-hydrapple
3,1148,p2,1976,starmie-froslass,1275,?metagross
3,1149,p2,1173,dragapult-ex,2917,ogerpon-meganium-hydrapple
3,1150,p2,0985,dragapult-blaziken,2626,dragapult-ex
3,1152,p1,2280,hops-trevenant,1908,starmie-froslass
3,1153,p1,3208,n-zoroark,0050,cynthia-garchomp-ex
3,1154,p2,1872,crustle-dri,2426,lopunny-dudunsparce
3,1155,p1,1367,dragapult-dusknoir,2374,raging-bolt-ogerpon
3,1156,p2,3476,dragapult-ex,3287,n-zoroark
3,1157,p2,3742,n-zoroark,1490,ogerpon-meganium-hydrapple
3,1158,p1,3492,raging-bolt-ogerpon,2179,doublade-por
3,1159,p2,1614,festival-lead,2431,dragapult-ex
3,1160,p1,1619,alakazam-dudunsparce,1212,mega-charizard-x-ex
3,1161,p1,2584,alakazam-dudunsparce,1627,cynthia-garchomp-ex
3,1162,p1,3079,rockets-honchkrow,0526,alakazam-dudunsparce
3,1163,p2,1254,ogerpon-meganium-hydrapple,1268,dragapult-dusknoir
3,1164,p2,1728,dragapult-ex,2695,other
3,1165,p1,1744,slowking-scr,3528,dragapult-ex
3,1166,p1,1823,dragapult-ex,2613,beedrill-ex-cri
3,1167,p2,2560,ogerpon-meganium-hydrapple,3481,dragapult-ex
3,1168,p1,3505,slowking-scr,0857,dragapult-dusknoir
3,1169,p2,0650,rocket-mewtwo-ex,0695,slowking-scr
3,1170,p1,1172,lucario-hariyama,2926,crustle-dri
3,1171,p1,2415,dragapult-dusknoir,2250,n-zoroark
3,1172,tie,2987,raging-bolt-ogerpon,0056,dragapult-dusknoir
3,1173,p1,0866,n-zoroark,3362,dragapult-ex
3,1174,tie,0561,dragapult-ex,3571,n-zoroark
3,1175,p1,0541,ogerpon-meganium-hydrapple,1425,greninja-ex
3,1176,p2,0794,beedrill-ex-cri,1463,raging-bolt-ogerpon
3,1177,p1,3205,ogerpon-meganium-hydrapple,0405,mega-greninja-ex
3,1178,tie,1527,dragapult-ex,3034,raging-bolt-ogerpon
3,1179,p1,2342,ogerpon-meganium-hydrapple,1128,mega-lucario-ex
3,1180,p1,2390,hops-trevenant,0408,slowking-scr
3,1181,p1,2228,ogerpon-meganium-hydrapple,0614,dragapult-blaziken
3,1182,p1,3215,hops-trevenant,1789,dragapult-ex
3,1183,p1,1815,rocket-spidops,0183,dragapult-ex
3,1184,p1,0627,rocket-mewtwo-ex,3404,alakazam-dudunsparce
3,1185,tie,2991,alakazam-dudunsparce,1838,n-zoroark
3,1186,p1,0257,dragapult-blaziken,1283,alakazam-dudunsparce
3,1187,p1,0252,dragapult-ex,3423,dragapult-dusknoir
3,1188,tie,1080,hops-trevenant,1683,dragapult-blaziken
3,1189,tie,2190,slowking-scr,1667,raging-bolt-ogerpon
3,1190,p2,3599,dragapult-ex,1324,?
3,1191,p1,1602,beedrill-ex-cri,3589,festival-lead
3,1192,p1,2838,starmie-dusknoir,2239,n-zoroark
3,1193,p2,0397,dragapult-dusknoir,0300,slowking-scr
3,1194,tie,1774,dragapult-ex,0981,rockets-honchkrow
3,1195,tie,2461,ethan-typhlosion,1127,dragapult-ex
3,1196,p2,2275,rocket-mewtwo-ex,3262,galvantula-ex
3,1197,p2,3336,alakazam-dudunsparce,3440,dragapult-dusknoir
3,1198,p2,2834,n-zoroark,3706,dragapult-dusknoir
3,1199,p1,0775,ogerpon-meganium-hydrapple,1169,dragapult-blaziken
3,1200,p2,0433,alakazam-dudunsparce,3235,?metagross
3,1201,tie,1058,rockets-honchkrow,1276,dragapult-blaziken
3,1202,p1,1373,diancie-dusknoir,1698,dragapult-ex
3,1203,p2,1990,dragapult-ex,3073,festival-lead
3,1204,p1,2020,lillie-clefairy,2658,slowking-scr
3,1205,p2,2620,dragapult-blaziken,1208,slowking-scr
3,1206,p1,0235,ogerpon-meganium-hydrapple,2931,dragapult-ex
3,1207,p2,1008,clefairy-ogerpon,2467,ogerpon-meganium-hydrapple
3,1208,p2,2685,lucario-hariyama,3279,ogerpon-meganium-hydrapple
3,1209,p2,3390,lucario-hariyama,2761,slowking-scr
3,1210,p2,0151,mega-lucario-ex,3446,slowking-scr
3,1211,p2,1292,dragapult-ex,2686,dragapult-ex
3,1212,p2,2703,dragapult-ex,2146,slowking-scr
3,1213,p1,2519,mega-absol-box,3746,dragapult-ex
3,1214,p2,2359,dragapult-dudunsparce,1610,lillie-clefairy
3,1215,p2,2081,alakazam-dudunsparce,3183,dragapult-dusknoir
3,1216,p2,3159,mega-greninja-ex,3182,slowking-scr
3,1217,p2,1356,beedrill-ex-cri,0160,mega-greninja-ex
3,1218,p1,2402,crustle-dri,2168,raging-bolt-ogerpon
3,1219,p2,2886,flareon-noctowl,0692,ogerpon-meganium-hydrapple
3,1220,p1,0512,dragapult-ex,2553,dragapult-ex
3,1221,p2,0122,diancie-dusknoir,1807,ethan-typhlosion
3,1222,p2,2174,?metagross,0379,slowking-scr
3,1223,p1,0522,festival-lead,1584,mega-greninja-ex
3,1224,tie,3245,dragapult-dusknoir,2632,dragapult-ex
3,1225,p2,1344,alakazam-dudunsparce,1202,dragapult-blaziken
3,1226,p2,2721,dragapult-dusknoir,3556,slowking-scr
3,1227,p1,0661,slowking-scr,2610,ceruledge-ex
3,1228,p1,0012,dragapult-dusknoir,0682,alakazam-dudunsparce
3,1229,p1,3217,dragapult-ex,2957,raging-bolt-ogerpon
3,1230,p1,0284,dragapult-ex,1139,greninja-ex
3,1231,tie,3363,n-zoroark,1041,slowking-scr
3,1232,p2,0837,mega-absol-box,1735,mega-greninja-ex
3,1233,p2,3489,greninja-ex,1966,alakazam-dudunsparce
3,1234,p2,3244,?metagross,1641,raging-bolt-ogerpon
3,1235,p2,3051,dragapult-ex,0468,rocket-mewtwo-ex
3,1236,p2,1688,raging-bolt-ogerpon,0847,ogerpon-meganium-hydrapple
3,1237,p2,2295,alakazam-dudunsparce,1600,dragapult-ex
3,1238,tie,2574,dragapult-ex,3727,rockets-honchkrow
3,1239,p2,3417,dragapult-ex,0437,lillie-clefairy
3,1240,p1,0113,dragapult-ex,3686,raging-bolt-ogerpon
3,1241,p2,2921,basic-box-m,0429,crustle-dri
3,1242,p2,0611,raging-bolt-ogerpon,1581,palafin-ex
3,1243,p1,0421,dragapult-ex,1142,alakazam-dudunsparce
3,1244,p1,3574,crustle-dri,3261,dragapult-ex
3,1245,p1,1312,dragapult-ex,2698,dragapult-dusknoir
3,1246,p1,2594,dragapult-ex,0262,beedrill-ex-cri
3,1247,p1,1280,crustle-dri,3274,dragapult-dusknoir
3,1248,tie,3415,ogerpon-meganium-hydrapple,1274,rocket-mewtwo-ex
3,1249,p1,3040,raging-bolt-ogerpon,2924,n-zoroark
3,1250,p1,1040,beedrill-ex-cri,1473,mega-starmie-ex
3,1251,p2,0625,alakazam-dudunsparce,0037,hops-trevenant
3,1252,tie,1201,rockets-honchkrow,3376,raging-bolt-ogerpon
3,1253,tie,1418,alakazam-dudunsparce,1725,ogerpon-meganium-hydrapple
3,1254,tie,1375,lopunny-dudunsparce,2711,n-zoroark
3,1255,p1,1235,dragapult-ex,0002,alakazam-dudunsparce
3,1256,p2,3697,dragapult-blaziken,2786,dragapult-ex
3,1257,p1,2443,dragapult-ex,1492,rocket-mewtwo-ex
3,1258,tie,3424,n-zoroark,3028,alakazam-dudunsparce
3,1259,p2,0929,?,3157,festival-lead
3,1260,p1,0619,crustle-dri,3181,dragapult-ex
3,1261,tie,2303,tera-box,1845,rocket-mewtwo-ex
3,1262,p1,0631,ogerpon-meganium-hydrapple,1308,dragapult-dusknoir
3,1263,tie,1454,dragapult-blaziken,0677,alakazam-dudunsparce
3,1264,p2,3115,dragapult-dusknoir,3172,dragapult-ex
3,1265,p2,2473,rockets-honchkrow,3043,dragapult-ex
3,1266,p2,2161,cynthia-garchomp-ex,3001,dragapult-ex
3,1267,tie,1067,lucario-hariyama,1761,slowking-scr
3,1268,tie,0156,n-zoroark,2647,alakazam-dudunsparce
3,1269,p2,0073,n-zoroark,2856,rockets-honchkrow
3,1270,p2,0418,?metagross,1817,dragapult-ex
3,1271,p1,2973,rockets-honchkrow,0090,slowking-scr
3,1272,p2,1060,raging-bolt-ogerpon,0958,dragapult-ex
3,1273,p1,2875,dragapult-dusknoir,1188,?metagross
3,1274,p2,0586,dragapult-ex,0832,crustle-dri
3,1275,p1,2916,dragapult-dudunsparce,0375,dragapult-ex
3,1276,p1,3018,ogerpon-meganium-hydrapple,1546,cynthia-garchomp-ex
3,1277,p1,2782,?metagross,2287,other
3,1278,p2,3295,ethan-typhlosion,0454,dragapult-ex
3,1279,p1,2974,dragapult-ex,1399,raging-bolt-ogerpon
3,1280,p1,2527,slowking-scr,0481,ogerpon-meganium-hydrapple
3,1281,p1,0547,raging-bolt-ogerpon,2807,dragapult-ex
3,1282,p1,0920,ogerpon-meganium-hydrapple,0170,rocket-mewtwo-ex
3,1283,p1,3579,dragapult-dusknoir,1377,hops-trevenant
3,1284,p2,3667,?metagross,1363,dragapult-ex
3,1285,p1,1952,crustle-dri,2664,dragapult-ex
3,1286,p1,1951,n-zoroark,3395,mega-greninja-ex
3,1287,p1,0387,dragapult-dusknoir,0088,slowking-scr
3,1288,p2,1217,ogerpon-meganium-hydrapple,0846,dragapult-blaziken
3,1289,p1,2829,dragapult-ex,2558,rocket-mewtwo-ex
3,1290,p1,3396,beedrill-ex-cri,1958,starmie-froslass
3,1291,tie,2163,alakazam-dudunsparce,1129,ogerpon-meganium-hydrapple
3,1292,p2,2968,dragapult-dusknoir,2870,clefairy-ogerpon
3,1293,tie,3142,alakazam-dudunsparce,1044,basic-box-m
3,1294,p2,2264,slowking-scr,1675,lopunny-dudunsparce
3,1295,p2,0223,slowking-scr,1165,dragapult-dusknoir
3,1296,p2,1630,?metagross,2764,dragapult-dusknoir
3,1297,p2,3664,dragapult-ex,3150,lopunny-dudunsparce
3,1298,p1,2314,rockets-honchkrow,3718,n-zoroark
3,1299,p2,0376,dragapult-ex,0415,dragapult-dusknoir
3,1300,tie,2599,festival-lead,0100,dragapult-ex
3,1301,p2,3682,hops-trevenant,0245,dragapult-ex
3,1302,p2,0668,rockets-honchkrow,1436,dragapult-ex
3,1303,p2,1219,dragapult-ex,2407,crustle-dri
3,1304,p2,2754,cynthia-garchomp-ex,0364,raging-bolt-ogerpon
3,1305,tie,2530,alakazam-dudunsparce,2061,dragapult-ex
3,1306,p1,3161,beedrill-ex-cri,0951,dragapult-dusknoir
3,1307,tie,1468,dragapult-blaziken,0385,dragapult-blaziken
3,1308,p2,3382,mega-greninja-ex,2071,raging-bolt-ogerpon
3,1309,tie,2518,ogerpon-meganium-hydrapple,2271,okidogi-barbaracle
3,1310,p1,3484,dragapult-dusknoir,3607,dragapult-ex
3,1311,tie,0829,dragapult-blaziken,0749,dragapult-blaziken
3,1312,p2,0382,ceruledge-ex,1636,dragapult-ex
3,1313,p1,2897,alakazam-dudunsparce,3421,dragapult-ex
3,1314,p2,3603,rockets-honchkrow,2961,dragapult-dusknoir
3,1315,p1,0463,basic-box-m,2775,raging-bolt-ogerpon
3,1316,p1,2356,dragapult-dudunsparce,2999,ogerpon-meganium-arboliva
3,1317,p1,1033,slowking-scr,3558,dragapult-dusknoir
3,1318,p1,1321,dragapult-dusknoir,0819,cynthia-garchomp-ex
3,1319,tie,0044,crustle-dri,2808,lopunny-dudunsparce
3,1320,p1,1538,mega-venusaur-ex,3083,ogerpon-meganium-hydrapple
3,1321,p2,0390,dragapult-dusknoir,0103,alakazam-dudunsparce
3,1322,p1,3347,ogerpon-meganium-hydrapple,3381,manectric-eelektrik
3,1323,p1,1205,rockets-honchkrow,1668,diancie-dusknoir
3,1324,p1,2720,dragapult-ex,1150,archaludon-dudunsparce
3,1325,p2,2488,alakazam-dudunsparce,0280,kangaskhan-bouffalant
3,1326,p1,3458,mega-greninja-ex,0496,ethan-typhlosion
3,1327,p2,2430,dragapult-ex,2636,ogerpon-meganium-hydrapple
3,1328,p2,1868,hops-trevenant,3539,rocket-mewtwo-ex
3,1329,tie,1085,ethan-typhlosion,2732,dragapult-ex
3,1330,p2,2789,other,0514,dragapult-dusknoir
3,1331,p1,1096,dragapult-ex,0868,blissey-ex
3,1332,tie,3747,dragapult-ex,3334,dragapult-ex
3,1333,p2,1255,ogerpon-meganium-hydrapple,0549,raging-bolt-ogerpon
3,1334,tie,2779,alakazam-dudunsparce,2522,lopunny-dudunsparce
3,1335,p1,1322,ogerpon-meganium-hydrapple,2681,raging-bolt-ogerpon
3,1336,p2,3676,dragapult-dusknoir,1313,n-zoroark
3,1337,p2,2437,dragapult-ex,3402,raging-bolt-ogerpon
3,1338,p1,1695,alakazam-dudunsparce,0987,dragapult-dudunsparce
3,1339,p1,2600,dragapult-ex,3188,greninja-ex
3,1340,tie,1412,dragapult-ex,2524,other
3,1341,p2,2344,ogerpon-meganium-hydrapple,3459,basic-box-m
3,1342,p2,0118,rocket-mewtwo-ex,1416,dragapult-blaziken
3,1343,p2,3564,dragapult-ex,1298,lopunny-dudunsparce
3,1344,p2,0289,mega-greninja-ex,0604,rockets-honchkrow
3,1345,tie,0550,n-zoroark,0572,festival-lead
3,1346,p2,3309,alakazam-dudunsparce,2388,mega-greninja-ex
3,1347,p1,0969,?metagross,1493,dragapult-ex
3,1348,p2,2727,rockets-honchkrow,3144,dragapult-blaziken
3,1349,tie,0725,dragapult-dusknoir,0973,rockets-honchkrow
3,1350,p1,2347,other,1218,dragapult-ex
3,1351,tie,2468,dragapult-ex,2387,archaludon-dudunsparce
3,1352,p1,0178,beedrill-ex-cri,3679,dragapult-dusknoir
3,1353,p1,1707,rocket-mewtwo-ex,3141,dragapult-ex
3,1354,tie,1442,archaludon-dudunsparce,3171,n-zoroark
3,1355,p2,1249,?metagross,0520,rockets-honchkrow
3,1356,p2,2756,slowking-scr,2445,slowking-scr
3,1357,p1,1401,dragapult-dusknoir,2771,dragapult-ex
3,1358,p2,0363,other,1124,raging-bolt-ogerpon
3,1359,p2,2585,crustle-dri,3198,starmie-dusknoir
3,1360,p1,1455,rockets-honchkrow,0603,dragapult-blaziken
3,1361,p1,0270,dragapult-blaziken,2667,alakazam-dudunsparce
3,1362,p2,3290,ogerpon-meganium,2202,ceruledge-ex
3,1363,tie,2866,dragapult-ex,2753,rockets-honchkrow
3,1364,p1,0067,tera-box,0005,mega-greninja-ex
3,1365,p2,3643,dragapult-blaziken,2321,dragapult-blaziken
3,1366,p1,0089,lopunny-dusknoir,0569,rockets-honchkrow
3,1367,p2,3054,starmie-froslass,0502,dragapult-blaziken
3,1368,p1,0140,ogerpon-meganium-hydrapple,3703,mega-lucario-ex
3,1369,p1,3253,festival-lead,3380,n-zoroark
3,1370,p1,0567,dragapult-ex,1453,alakazam-dudunsparce
3,1371,p1,3751,mega-greninja-ex,2557,dragapult-ex
3,1372,p1,0060,dragapult-ex,1734,dragapult-dusknoir
3,1373,p1,3289,rocket-mewtwo-ex,3555,basic-box-m
3,1374,p1,3135,slowking-scr,3460,starmie-dusknoir
3,1375,p2,0532,lillie-clefairy,0077,alakazam-dudunsparce
3,1376,p2,0656,dragapult-dusknoir,3407,dragapult-dusknoir
3,1377,p1,1716,dragapult-ex,2580,n-zoroark
3,1378,p1,2845,raging-bolt-ogerpon,3030,raging-bolt-ogerpon
3,1379,p2,3681,cynthia-garchomp-ex,3319,dragapult-dusknoir
3,1380,p2,0687,raging-bolt-ogerpon,1864,lucario-hariyama
3,1381,tie,3186,archaludon-dudunsparce,2222,n-zoroark
3,1382,p2,0609,dragapult-ex,0919,crustle-dri
3,1383,p2,3357,cynthia-garchomp-ex,0758,beedrill-ex-cri
3,1384,p1,2700,other,0685,dragapult-ex
3,1385,tie,2463,rockets-honchkrow,2821,raging-bolt-ogerpon
3,1386,p1,0803,crustle-dri,3231,dragapult-blaziken
3,1387,p2,2395,alakazam-dudunsparce,2827,lucario-hariyama
3,1388,p2,2592,ogerpon-meganium-hydrapple,3285,dragapult-blaziken
3,1389,p1,2199,beedrill-ex-cri,0477,dragapult-blaziken
3,1390,p1,3284,dragapult-ex,3493,ogerpon-meganium-hydrapple
3,1391,p2,1940,ogerpon-meganium-hydrapple,1070,flareon-noctowl
3,1392,p2,0606,dragapult-blaziken,1354,dragapult-dusknoir
3,1393,p1,1433,beedrill-ex-cri,1957,starmie-froslass
3,1394,p1,2412,festival-lead,1654,dragapult-dusknoir
3,1395,p1,1487,rockets-honchkrow,3088,lopunny-dudunsparce
3,1396,p2,1833,?metagross,2242,rockets-honchkrow
3,1397,p2,2923,n-zoroark,1342,mega-greninja-ex
3,1398,p1,1039,alakazam-dudunsparce,2878,cynthia-garchomp-ex
3,1399,p2,0403,mega-starmie-ex,1731,dragapult-dusknoir
3,1400,tie,1542,crustle-dri,3654,mega-lucario-ex
3,1401,p1,2528,slowking-scr,1680,greninja-ex
3,1402,p2,0019,slowking-scr,0386,ogerpon-meganium-hydrapple
3,1403,p2,0996,hops-trevenant,0828,n-zoroark
3,1404,p1,1051,ogerpon-meganium-hydrapple,0108,dragapult-dudunsparce
3,1405,p2,2726,alakazam-dudunsparce,1699,dragapult-dusknoir
3,1406,p2,3615,dragapult-dudunsparce,3677,other
3,1407,p1,0936,dragapult-ex,0834,other
3,1408,tie,2983,crustle-dri,1297,rockets-honchkrow
3,1409,p2,1415,slowking-scr,0519,ogerpon-meganium-hydrapple
3,1410,p1,2802,ogerpon-meganium-hydrapple,0049,mega-greninja-ex
3,1411,p1,3694,dragapult-dusknoir,3429,alakazam-dudunsparce
3,1412,p1,0941,raging-bolt-ogerpon,0311,dragapult-ex
3,1413,p1,2433,tera-box,0855,raging-bolt-ogerpon
3,1414,p2,2428,alakazam-dudunsparce,1672,dragapult-ex
3,1415,p1,2218,dragapult-ex,0719,dragapult-ex
3,1416,p2,0836,raging-bolt-ogerpon,0393,rockets-honchkrow
3,1417,p1,3022,alakazam-dudunsparce,3657,rocket-mewtwo-ex
3,1418,p2,2541,starmie-dusknoir,2078,slowking-scr
3,1419,p1,3050,slowking-scr,2730,rocket-mewtwo-ex
3,1420,p1,1808,ogerpon-meganium-hydrapple,2857,dragapult-ex
3,1421,p1,3296,dragapult-dusknoir,0658,starmie-dusknoir
3,1422,p2,0301,dragapult-blaziken,3002,dragapult-ex
3,1423,p1,2846,mega-greninja-ex,0046,dragapult-blaziken
3,1424,p2,3457,n-zoroark,3731,ogerpon-meganium-hydrapple
3,1425,p1,1496,mega-lucario-ex,0814,archaludon-dudunsparce
3,1426,p1,3003,dragapult-ex,2298,alakazam-dudunsparce
3,1427,p2,2977,alakazam-dudunsparce,0856,dragapult-dusknoir
3,1428,p2,3260,raging-bolt-ogerpon,0343,ogerpon-meganium-hydrapple
3,1429,p2,1839,cynthia-garchomp-ex,0635,ogerpon-meganium-arboliva
3,1430,tie,0729,mega-lucario-ex,3201,basic-box-m
3,1431,p1,0988,ceruledge-ex,1508,alakazam-dudunsparce
3,1432,p1,1959,dragapult-ex,2995,crustle-dri
3,1433,p1,0583,starmie-dusknoir,1382,dragapult-ex
3,1434,tie,0466,dragapult-dusknoir,3597,crustle-dri
3,1435,p1,1755,dragapult-ex,0636,ceruledge-ex
3,1436,p1,1661,n-zoroark,0582,basic-box-m
3,1437,p2,0623,grimmsnarl-froslass,1653,mega-greninja-ex
3,1438,tie,1806,alakazam-dudunsparce,0571,beedrill-ex-cri
3,1439,p1,3370,dragapult-dusknoir,2474,greninja-ex
3,1440,p1,3281,dragapult-ex,0893,alakazam-dudunsparce
3,1441,p1,3065,dragapult-dusknoir,2301,dragapult-dusknoir
3,1442,p2,1364,raging-bolt-ogerpon,2048,dragapult-ex
3,1443,p1,2413,n-zoroark,1704,?metagross
3,1444,p2,1307,alakazam-dudunsparce,0316,slowking-scr
3,1445,p2,3102,alakazam-dudunsparce,0630,dragapult-ex
3,1446,tie,2427,alakazam-dudunsparce,0153,ogerpon-meganium-hydrapple
3,1447,p1,0823,dragapult-ex,0417,mega-greninja-ex
3,1448,p1,1933,dragapult-ex,1112,ogerpon-meganium-hydrapple
3,1449,p2,0524,ogerpon-meganium-hydrapple,1664,ogerpon-meganium-hydrapple
3,1450,p2,2766,mega-greninja-ex,0310,alakazam-dudunsparce
3,1451,p2,3430,n-zoroark,0486,ogerpon-meganium-hydrapple
3,1452,p2,0222,mega-lucario-ex,3117,slowking-scr
3,1453,p1,1160,mega-lucario-ex,1779,dragapult-blaziken
3,1454,p1,2814,n-zoroark,1225,mega-greninja-ex
3,1455,p2,0743,slowking-scr,3053,n-zoroark
3,1456,p1,3513,dragapult-ex,2015,mega-venusaur-ex
3,1457,p2,1068,dragapult-blaziken,1310,crustle-dri
3,1458,tie,1788,dragapult-ex,3067,?metagross
3,1459,p2,1963,ogerpon-meganium-hydrapple,1507,ogerpon-meganium-hydrapple
3,1460,p1,3636,starmie-froslass,2910,ethan-typhlosion
3,1461,p1,3032,n-zoroark,1723,dragapult-ex
3,1462,tie,0072,crustle-dri,0291,crustle-dri
3,1463,tie,1111,rockets-honchkrow,1288,crustle-dri
3,1464,p1,3434,rocket-mewtwo-ex,0642,rockets-honchkrow
3,1465,p2,0867,festival-lead,1257,dragapult-blaziken
3,1466,tie,0957,dragapult-ex,3543,dragapult-ex
3,1467,p2,0121,greninja-ex,1010,crustle-dri
3,1468,p2,0556,lucario-hariyama,3099,hops-trevenant
3,1469,p1,0413,dragapult-ex,1520,dragapult-ex
3,1470,p1,1427,ursaluna-lunatone,3227,rockets-honchkrow
3,1471,p1,2031,cynthia-garchomp-ex,2792,raging-bolt-ogerpon
3,1472,p2,3017,dragapult-dudunsparce,3680,ogerpon-meganium-hydrapple
3,1473,p2,3419,dragapult-ex,2389,dragapult-dudunsparce
3,1474,p1,2855,n-zoroark,1350,dragapult-ex
3,1475,p1,0163,basic-box-m,1887,mega-greninja-ex
3,1476,p2,2542,slowking-scr,1434,slowking-scr
3,1477,p2,0705,beedrill-ex-cri,0732,raging-bolt-ogerpon
3,1478,p2,2555,rockets-honchkrow,2391,lopunny-dudunsparce
3,1479,p1,0180,lopunny-dudunsparce,1828,slowking-scr
3,1480,p1,2869,lillie-clefairy,2452,dragapult-ex
3,1481,p1,3304,other,3302,dragapult-ex
3,1482,p2,3461,alakazam-dudunsparce,1378,hops-trevenant
3,1483,p2,3540,mega-absol-box,1269,basic-box-m
3,1484,p1,0119,beedrill-ex-cri,3475,hops-trevenant
3,1485,p1,1882,cynthia-garchomp-ex,0590,mega-greninja-ex
3,1486,p2,2164,raging-bolt-ogerpon,3521,ethan-typhlosion
3,1487,p2,3369,lopunny-dudunsparce,0505,mega-greninja-ex
3,1488,p1,0540,archaludon-dudunsparce,0154,basic-box-m
3,1489,p1,1748,rocket-mewtwo-ex,3301,dragapult-blaziken
3,1490,p2,1840,mega-greninja-ex,3087,n-zoroark
3,1491,p2,0994,dragapult-ex,0964,n-zoroark
3,1492,p2,3192,beedrill-ex-cri,3525,rockets-honchkrow
3,1493,p2,3146,raging-bolt-ogerpon,2299,dragapult-ex
3,1494,tie,0328,dragapult-ex,0815,dragapult-dudunsparce
3,1495,p1,2399,dragapult-dusknoir,2436,festival-lead
3,1496,tie,3663,dragapult-ex,3228,mega-lucario-ex
3,1497,p1,1184,ogerpon-meganium-hydrapple,0147,other
3,1498,p2,1424,dragapult-ex,0830,dragapult-dusknoir
3,1499,p2,3668,ogerpon-meganium-hydrapple,3494,alakazam-dudunsparce
3,1500,p1,0064,beedrill-ex-cri,3554,n-zoroark
3,1501,p1,0292,ogerpon-meganium-hydrapple,1757,rockets-honchkrow
3,1502,p2,2898,dragapult-ex,2313,dragapult-dusknoir
3,1503,p1,2513,grimmsnarl-froslass,0029,dragapult-blaziken
3,1504,p2,2269,alakazam-dudunsparce,0678,rocket-mewtwo-ex
3,1505,p2,1089,dragapult-blaziken,3358,dragapult-ex
3,1506,p2,2693,dragapult-ex,0016,dragapult-blaziken
3,1507,tie,2967,alakazam-dudunsparce,1936,dragapult-ex
3,1508,p2,3085,dragapult-dusknoir,3391,basic-box-m
3,1509,p2,2447,mega-greninja-ex,2438,mega-lucario-ex
3,1510,tie,1670,ceruledge-ex,1503,dragapult-ex
3,1511,p1,1884,starmie-froslass,2091,dragapult-dusknoir
3,1512,tie,0279,dragapult-ex,2364,ogerpon-meganium-hydrapple
3,1513,p2,3690,hops-trevenant,2567,mega-venusaur-ex
3,1514,p2,1069,froslass-munkidori,1880,n-zoroark
3,1515,p1,3118,dragapult-ex,2283,dragapult-ex
3,1516,p1,0570,cynthia-garchomp-ex,2914,dragapult-blaziken
3,1517,p2,0938,rockets-honchkrow,2794,alakazam-dudunsparce
3,1518,p2,2735,beedrill-ex-cri,0294,crustle-dri
3,1519,p2,3715,basic-box-m,0169,dragapult-ex
3,1520,p2,3313,mega-greninja-ex,2820,dragapult-ex
3,1521,p2,1304,ogerpon-meganium-hydrapple,0189,dragapult-ex
3,1522,p2,0750,slowking-scr,2080,basic-box-m
3,1523,p2,0898,dragapult-ex,1738,mega-venusaur-ex
3,1524,p1,1879,dragapult-ex,3463,dragapult-ex
3,1525,tie,1181,dragapult-ex,1386,raging-bolt-ogerpon
3,1526,tie,3314,ogerpon-meganium-hydrapple,3685,rocket-spidops
3,1527,p2,1379,dragapult-dusknoir,1043,ogerpon-meganium-hydrapple
3,1528,p2,2648,ogerpon-meganium-hydrapple,1747,beedrill-ex-cri
3,1529,p1,0155,dragapult-dusknoir,3093,?metagross
3,1530,p2,2365,n-zoroark,0176,dragapult-ex
3,1531,p1,3177,rockets-honchkrow,1762,other
3,1532,p1,0388,crustle-dri,1767,hops-trevenant
3,1533,p2,1334,rockets-honchkrow,3483,n-zoroark
3,1534,p1,0872,dragapult-ex,0246,raging-bolt-ogerpon
3,1535,p1,1244,dragapult-dusknoir,0398,dragapult-ex
3,1536,tie,1230,beedrill-ex-cri,1629,dragapult-ex
3,1537,p1,2790,kangaskhan-bouffalant,3258,dragapult-blaziken
3,1538,p1,2378,ogerpon-meganium-arboliva,1079,dragapult-dusknoir
3,1539,p1,1025,slowking-scr,3016,beedrill-ex-cri
3,1540,p1,0633,dragapult-dusknoir,2817,dragapult-dusknoir
3,1541,p1,2826,dragapult-ex,1066,lucario-hariyama
3,1542,p1,3081,?metagross,3478,crustle-dri
3,1543,p1,0914,raging-bolt-ogerpon,1962,dragapult-dusknoir
3,1544,p1,1126,dragapult-blaziken,0901,dragapult-dusknoir
3,1545,p1,2712,lillie-clefairy,1513,dragapult-dusknoir
3,1546,p1,0401,festival-lead,2835,dragapult-ex
3,1547,p1,0320,mega-greninja-ex,2538,other
3,1548,p2,3449,hydreigon-ex,2665,lucario-hariyama
3,1549,p1,3406,dragapult-ex,3487,dragapult-dusknoir
3,1550,p2,0341,raging-bolt-ogerpon,1536,n-zoroark
3,1551,p2,2110,ogerpon-meganium-hydrapple,2483,ogerpon-meganium-hydrapple
3,1552,p1,1003,dragapult-blaziken,2659,dragapult-dusknoir
3,1553,p1,3726,starmie-dusknoir,3024,ceruledge-ex
3,1554,p1,3587,dragapult-ex,3683,dragapult-ex
3,1555,tie,2492,dragapult-ex,2485,dragapult-blaziken
3,1556,p1,1561,n-zoroark,2178,dragapult-ex
3,1557,p2,2108,hops-trevenant,1956,dragapult-ex
3,1558,p1,1973,slowking-scr,3485,dragapult-ex
3,1559,tie,1786,mega-greninja-ex,3277,ethan-typhlosion
3,1560,p2,1526,dragapult-ex,1447,dragapult-dusknoir
3,1561,p1,3695,dragapult-dusknoir,3174,other
3,1562,p2,0490,dragapult-dudunsparce,2057,mega-greninja-ex
3,1563,tie,1910,beedrill-ex-cri,2183,lopunny-dudunsparce
3,1564,p1,1289,ogerpon-meganium-hydrapple,3355,other
3,1565,p2,2232,flareon-noctowl,3033,ogerpon-meganium-hydrapple
3,1566,p2,3538,alakazam-dudunsparce,2046,lucario-hariyama
3,1567,p1,1846,dragapult-dusknoir,2824,lucario-hariyama
3,1568,p1,3752,ogerpon-meganium-hydrapple,2346,lucario-hariyama
3,1569,p2,0710,slowking-scr,3454,lillie-clefairy
3,1570,p1,2350,n-zoroark,1246,dragapult-ex
3,1571,p1,1005,basic-box-m,2233,dragapult-blaziken
3,1572,p2,0698,grimmsnarl-froslass,2371,beedrill-ex-cri
3,1573,p2,1521,starmie-froslass,2546,cynthia-garchomp-ex
3,1574,p2,3139,alakazam-dudunsparce,1099,cynthia-garchomp-ex
3,1575,p2,0380,mega-greninja-ex,3091,dragapult-dusknoir
3,1576,p1,2421,lillie-clefairy,3151,rockets-honchkrow
3,1577,tie,2516,mega-greninja-ex,3090,grimmsnarl-froslass
3,1578,p1,3517,dragapult-dudunsparce,2131,basic-box-m
3,1579,p1,2564,dragapult-dusknoir,1157,raging-bolt-ogerpon
3,1580,p2,3387,ogerpon-meganium-hydrapple,2247,toxtricity-box
3,1581,p1,3723,ogerpon-meganium-arboliva,2130,mega-greninja-ex
3,1582,p2,0573,crustle-dri,2589,alakazam-dudunsparce
3,1583,p2,3342,raging-bolt-ogerpon,0455,grimmsnarl-froslass
3,1584,p2,2811,crustle-dri,2470,starmie-froslass
3,1585,p1,3167,n-zoroark,0359,?metagross
3,1586,p1,1438,alakazam-dudunsparce,1231,diancie-dusknoir
3,1587,p2,2210,beedrill-ex-cri,0469,dragapult-dusknoir
3,1588,tie,3710,dragapult-dusknoir,1857,alakazam-dudunsparce
3,1589,p1,3109,mega-greninja-ex,0663,slowking-scr
3,1590,p2,2944,raging-bolt-ogerpon,0471,dragapult-dusknoir
3,1591,p1,0576,?metagross,0761,alakazam-dudunsparce
3,1592,p1,1153,dragapult-dudunsparce,0285,mega-abomasnow-ex
3,1593,tie,2621,dragapult-ex,3649,lopunny-dudunsparce
3,1594,p2,2561,ogerpon-meganium-hydrapple,3647,beedrill-ex-cri
3,1595,p1,2237,raging-bolt-ogerpon,3233,n-zoroark
3,1596,p1,2575,dragapult-ex,1387,dragapult-blaziken
3,1597,p1,1515,basic-box-m,2332,dragapult-dudunsparce
3,1598,p1,3581,lopunny-dudunsparce,0580,ethan-typhlosion
3,1599,p1,1548,ogerpon-meganium-hydrapple,3176,?metagross
3,1600,tie,2024,mega-greninja-ex,1211,beedrill-ex-cri
3,1601,p1,1121,greninja-ex,0480,raging-bolt-ogerpon
3,1602,p1,0924,dragapult-ex,3042,diancie-dusknoir
3,1603,p1,1982,dragapult-ex,3468,mega-greninja-ex
3,1604,p2,2235,dragapult-dusknoir,0670,festival-lead
3,1605,p1,3533,dragapult-ex,1016,dragapult-dusknoir
3,1606,p1,0243,crustle-dri,3739,mega-greninja-ex
3,1607,p2,0939,alakazam-dudunsparce,2367,dragapult-ex
3,1608,p1,0021,festival-lead,1237,slowking-scr
3,1609,p1,0040,?metagross,1118,basic-box-m
3,1610,p2,0324,dragapult-ex,1110,dragapult-ex
3,1611,p1,0236,starmie-dusknoir,2118,ogerpon-meganium-hydrapple
3,1612,p2,3606,ogerpon-meganium,3451,ceruledge-ex
3,1613,p2,2690,n-zoroark,0094,festival-lead
3,1614,tie,2508,dragapult-dusknoir,3038,raging-bolt-ogerpon
3,1615,p2,3720,hydrapple-ex,2653,dragapult-ex
3,1616,tie,1928,ogerpon-meganium-hydrapple,1985,dragapult-ex
3,1617,p1,1885,mega-greninja-ex,1328,ogerpon-meganium-hydrapple
3,1618,p1,2645,alakazam-dudunsparce,2951,ogerpon-meganium-arboliva
3,1619,p1,1318,alakazam-dudunsparce,2930,lopunny-dudunsparce
3,1620,p1,2255,dragapult-ex,0821,cynthia-garchomp-ex
3,1621,p1,1997,?metagross,0559,crustle-dri
3,1622,p1,0202,dragapult-ex,2607,alakazam-dudunsparce
3,1623,p1,1781,crustle-dri,1035,lopunny-dudunsparce
3,1624,p1,2138,dragapult-ex,3318,dragapult-ex
3,1625,p2,2497,dragapult-blaziken,0880,lopunny-dudunsparce
3,1626,p1,2596,ogerpon-meganium-hydrapple,3737,mega-froslass-dudunsparce
3,1627,p1,0782,dragapult-blaziken,0009,festival-lead
3,1628,p1,1813,dragapult-ex,1152,ogerpon-meganium-arboliva
3,1629,p1,2420,dragapult-dusknoir,1800,alakazam-dudunsparce
3,1630,p2,0593,dragapult-blaziken,2998,crustle-dri
3,1631,p1,2341,basic-box-m,1914,lillie-clefairy
3,1632,p1,0035,other,2056,alakazam-dudunsparce
3,1633,p2,0096,mega-greninja-ex,1946,mega-greninja-ex
3,1634,p1,0457,ceruledge-ex,2788,n-zoroark
3,1635,p1,1082,diancie-dusknoir,2476,dragapult-ex
3,1636,p1,2185,mega-greninja-ex,1694,raging-bolt-ogerpon
3,1637,tie,0543,dragapult-ex,2511,cynthia-garchomp-ex
3,1638,p2,2123,lucario-hariyama,2336,ogerpon-meganium-hydrapple
3,1639,p1,0769,kangaskhan-bouffalant,2976,hops-trevenant
3,1640,p1,2506,raging-bolt-ogerpon,2749,basic-box-m
3,1641,p1,3195,dragapult-blaziken,0299,dragapult-ex
3,1642,p2,1760,ethan-typhlosion,1018,ogerpon-meganium-hydrapple
3,1643,tie,2194,mega-greninja-ex,1012,cynthia-garchomp-ex
3,1644,p1,0497,crustle-dri,3722,lillie-clefairy
3,1645,p1,0330,raging-bolt-ogerpon,2440,dragapult-dusknoir
3,1646,p2,0336,hops-trevenant,1465,raging-bolt-ogerpon
3,1647,p1,2716,ogerpon-meganium-arboliva,0955,n-zoroark
3,1648,p2,0011,raging-bolt-ogerpon,2888,dragapult-ex
3,1649,tie,1999,slowking-scr,1920,dragapult-blaziken
3,1650,p2,1215,ogerpon-meganium-hydrapple,0298,dragapult-ex
3,1651,p2,3738,rocket-mewtwo-ex,1498,doublade-por
3,1652,p1,1714,n-zoroark,2159,starmie-dusknoir
3,1653,p1,3652,basic-box-m,0714,starmie-dusknoir
3,1654,p2,3740,dragapult-dusknoir,2125,?metagross
3,1655,p2,0186,n-zoroark,3508,slowking-scr
3,1656,tie,2702,rockets-honchkrow,1357,mega-greninja-ex
3,1657,p1,0518,raging-bolt-ogerpon,0228,dragapult-ex
3,1658,p1,3291,ogerpon-meganium-hydrapple,0062,lopunny-dudunsparce
3,1659,p2,1383,mega-lucario-ex,2035,raging-bolt-ogerpon
3,1660,p2,2471,lucario-hariyama,1918,dragapult-dusknoir
3,1661,p2,3063,beedrill-ex-cri,1398,dragapult-ex
3,1662,p1,3246,ogerpon-meganium-hydrapple,0754,raging-bolt-ogerpon
3,1663,p1,2534,n-zoroark,1233,mega-greninja-ex
3,1664,p1,0756,rocket-mewtwo-ex,1753,cynthia-garchomp-ex
3,1665,p2,2637,raging-bolt-ogerpon,2257,dragapult-dusknoir
3,1666,p1,0989,slowking-scr,2324,diancie-dusknoir
3,1667,p2,1889,dragapult-ex,3656,kangaskhan-bouffalant
3,1668,p1,2946,basic-box-m,0947,mega-greninja-ex
3,1669,tie,1899,lucario-hariyama,3500,alakazam-dudunsparce
3,1670,p2,0212,?metagross,2273,dragapult-dusknoir
3,1671,p1,3645,lopunny-dudunsparce,3134,dragapult-blaziken
3,1672,p2,3642,slowking-scr,3629,basic-box-m
3,1673,tie,2657,dragapult-ex,0930,dragapult-dusknoir
3,1674,p1,1087,slowking-scr,0588,cynthia-garchomp-ex
3,1675,tie,1248,alakazam-dudunsparce,0340,dragapult-dusknoir
3,1676,p1,3122,mega-starmie-ex,0850,slowking-scr
3,1677,p1,3692,alakazam-dudunsparce,0997,beedrill-ex-cri
3,1678,p2,0666,starmie-dusknoir,0789,dragapult-dusknoir
3,1679,p2,3222,other,1825,dragapult-ex
3,1680,p1,1575,slowking-scr,0612,dragapult-ex
3,1681,p2,2111,n-zoroark,1266,crustle-dri
3,1682,p2,3013,ogerpon-meganium-hydrapple,3298,dragapult-ex
3,1683,p2,0917,dragapult-ex,1144,dragapult-ex
3,1684,p2,0430,mega-venusaur-ex,0707,other
3,1685,p1,0195,slowking-scr,0737,n-zoroark
3,1686,p2,1791,other,2933,slowking-scr
3,1687,p1,3311,mega-absol-box,2122,mega-greninja-ex
3,1688,p1,2559,ogerpon-meganium-hydrapple,1459,lucario-hariyama
3,1689,p2,1657,beedrill-ex-cri,0426,ceruledge-ex
3,1690,p1,2504,raging-bolt-ogerpon,1093,greninja-ex
3,1691,p1,0916,rocket-mewtwo-ex,0862,crustle-dri
3,1692,p1,0084,?metagross,1108,crustle-dri
3,1693,p1,2333,slowking-scr,3105,lucario-hariyama
3,1694,p2,0159,rocket-mewtwo-ex,1681,mega-lucario-ex
3,1695,p1,3330,raging-bolt-ogerpon,0842,raging-bolt-ogerpon
3,1696,p2,0250,raging-bolt-ogerpon,0142,dragapult-blaziken
3,1697,p2,0254,ogerpon-meganium-hydrapple,1953,basic-box-m
3,1698,p2,1077,dragapult-dusknoir,0536,greninja-ex
3,1699,tie,0447,dragapult-dusknoir,1406,alakazam-dudunsparce
3,1700,p1,1573,ogerpon-meganium-hydrapple,3512,dragapult-ex
3,1701,p2,3351,dragapult-dusknoir,2393,rocket-mewtwo-ex
3,1702,tie,2650,alakazam-dudunsparce,3332,festival-lead
3,1703,p1,2737,rocket-mewtwo-ex,0791,dragapult-dusknoir
3,1704,p2,1432,basic-box-m,3425,alakazam-dudunsparce
3,1705,p1,1420,lillie-clefairy,2307,dragapult-ex
3,1706,p1,3365,dragapult-ex,3132,lucario-hariyama
3,1707,p2,0450,dragapult-dusknoir,2208,greninja-ex
3,1708,tie,0724,other,2954,festival-lead
3,1709,tie,1583,lillie-clefairy,3545,archaludon-dudunsparce
3,1710,p2,3503,ceruledge-ex,0225,dragapult-ex
3,1711,p1,0874,ogerpon-meganium-hydrapple,1950,dragapult-dusknoir
3,1712,p1,2441,dragapult-dusknoir,1020,ogerpon-meganium-hydrapple
3,1713,p1,0439,tera-box,1505,ogerpon-meganium-hydrapple
3,1714,tie,0784,diancie-dusknoir,0909,slowking-scr
3,1715,p2,3111,raging-bolt-ogerpon,3674,raging-bolt-ogerpon
3,1716,p1,2993,hops-trevenant,3020,n-zoroark
3,1717,p1,1873,festival-lead,0018,kangaskhan-bouffalant
3,1718,tie,2205,alakazam-dudunsparce,3632,dragapult-dusknoir
3,1719,tie,3305,mega-greninja-ex,0296,ogerpon-meganium-hydrapple
3,1720,p1,3113,raging-bolt-ogerpon,0251,dragapult-dusknoir
3,1721,p2,2982,lillie-clefairy,2762,ogerpon-meganium-hydrapple
3,1722,p1,1054,dragapult-dusknoir,2189,lillie-clefairy
3,1723,p1,0876,n-zoroark,3075,ogerpon-meganium-hydrapple
3,1724,p2,2971,lucario-hariyama,1809,raging-bolt-ogerpon
3,1725,p2,1811,greninja-ex,1273,dragapult-ex
3,1726,p1,2588,basic-box-m,0608,dragapult-dusknoir
3,1727,tie,1240,dragapult-blaziken,2001,dragapult-ex
3,1728,p2,2309,rocket-spidops,1711,starmie-dusknoir
3,1729,p1,1804,hops-trevenant,0331,lucario-hariyama
3,1730,p1,2369,slowking-scr,2833,lucario-hariyama
3,1731,p2,2215,doublade-por,1316,lopunny-dudunsparce
3,1732,p1,1302,basic-box-m,2676,dragapult-ex
3,1733,tie,2979,dragapult-ex,1903,grimmsnarl-froslass
3,1734,p1,2850,n-zoroark,0259,dragapult-dusknoir
3,1735,p2,0507,ethan-typhlosion,1030,raging-bolt-ogerpon
3,1736,p2,3743,slowking-scr,1251,lopunny-dudunsparce
3,1737,p1,0765,dragapult-dusknoir,1393,bronzong-tef
3,1738,p1,2482,cynthia-garchomp-ex,0145,dragapult-dusknoir
3,1739,p1,2847,dragapult-ex,3364,lopunny-dudunsparce
3,1740,p1,1877,alakazam-dudunsparce,2920,dragapult-blaziken
3,1741,p1,1471,mega-greninja-ex,2404,n-zoroark
3,1742,p2,3153,n-zoroark,1851,dragapult-dusknoir
3,1743,p2,3206,basic-box-m,1616,dragapult-dusknoir
3,1744,p2,1570,starmie-dusknoir,0877,jellicent-dusknoir
3,1745,tie,1830,dragapult-ex,0028,dragapult-dusknoir
3,1746,p1,2688,mega-greninja-ex,1894,ogerpon-meganium-hydrapple
3,1747,p2,1073,raging-bolt-ogerpon,0143,dragapult-ex
3,1748,p1,1332,n-zoroark,1820,lillie-clefairy
3,1749,p2,1853,greninja-ex,0194,raging-bolt-ogerpon
3,1750,p1,3372,raging-bolt-ogerpon,0232,starmie-froslass
3,1751,p2,3129,dragapult-blaziken,0149,metagross-cri
3,1752,p2,3056,mega-manectric-ex-meg,1556,ethan-typhlosion
3,1753,p2,2155,crustle-dri,0992,ogerpon-meganium-hydrapple
3,1754,p1,2577,raging-bolt-ogerpon,0181,raging-bolt-ogerpon
3,1755,p1,1647,dragapult-dusknoir,0213,okidogi-barbaracle
3,1756,p2,1510,crustle-dri,0275,ethan-typhlosion
3,1757,p1,0643,dragapult-dusknoir,1084,kangaskhan-bouffalant
3,1758,p1,2340,raging-bolt-ogerpon,0366,dragapult-dusknoir
3,1759,p1,0722,slowking-scr,3036,dragapult-blaziken
3,1760,p2,1462,dragapult-ex,1608,n-zoroark
3,1761,p1,0218,dragapult-ex,0648,dragapult-dusknoir
3,1762,p2,0351,dragapult-dusknoir,0422,slowking-scr
3,1763,p2,1772,basic-box-m,3184,dragapult-dusknoir
3,1764,p2,3688,starmie-froslass,2656,n-zoroark
3,1765,p1,1204,n-zoroark,0138,dragapult-dusknoir
3,1766,tie,3466,mega-lucario-ex,2601,crustle-dri
3,1767,tie,2319,festival-lead,1195,ogerpon-meganium-arboliva
3,1768,p2,3626,alakazam-dudunsparce,1970,dragapult-ex
3,1769,p1,1843,dragapult-ex,0168,slowking-scr
3,1770,p1,2133,dragapult-blaziken,3568,n-zoroark
3,1771,tie,3733,rocket-mewtwo-ex,2713,n-zoroark
3,1772,p2,0903,dragapult-ex,0427,festival-lead
3,1773,tie,1891,ogerpon-meganium-hydrapple,2318,dragapult-ex
3,1774,tie,0882,dragapult-blaziken,0115,slowking-scr
3,1775,p1,1022,dragapult-ex,0157,ogerpon-meganium-hydrapple
3,1776,p2,3490,archaludon-ex,3714,dragapult-dudunsparce
3,1777,p1,2259,dragapult-ex,0927,tera-box
3,1778,p1,1875,raging-bolt-ogerpon,1046,n-zoroark
3,1779,p1,3078,n-zoroark,2150,mega-greninja-ex
3,1780,p1,1718,n-zoroark,0451,alakazam-dudunsparce
3,1781,tie,3442,mega-greninja-ex,0745,mega-greninja-ex
3,1782,p2,0370,?metagross,2223,dragapult-ex
3,1783,p2,3251,dragapult-dusknoir,0123,dragapult-dusknoir
3,1784,tie,1403,n-zoroark,2018,mega-abomasnow-ex
3,1785,p1,1568,dragapult-dusknoir,0271,dragapult-ex
3,1786,p1,0288,ogerpon-meganium-hydrapple,2535,n-zoroark
3,1787,tie,0013,dragapult-ex,3708,ceruledge-ex
3,1788,tie,3565,n-zoroark,0255,ogerpon-meganium-hydrapple
3,1789,tie,2631,dragapult-ex,1452,archaludon-ex
3,1790,p2,3699,rockets-honchkrow,1491,dragapult-dusknoir
3,1791,p2,3268,raging-bolt-ogerpon,0114,rockets-honchkrow
3,1792,p1,2605,ethan-typhlosion,3552,alakazam-dudunsparce
3,1793,p1,2466,rocket-mewtwo-ex,2453,basic-box-m
3,1794,p1,1279,tera-box,0209,dragapult-dusknoir
3,1795,p2,1655,dragapult-dusknoir,2188,mega-lucario-ex
3,1796,p1,1132,misty-gyarados,1603,mega-greninja-ex
3,1797,p1,1027,slowking-scr,0943,rockets-honchkrow
3,1798,tie,2268,dragapult-ex,1660,crustle-dri
3,1799,p1,3506,alakazam-dudunsparce,3600,flareon-ex
3,1800,p2,2166,mega-venusaur-ex,0733,dragapult-dusknoir
3,1801,p2,0851,dragapult-ex,2751,ogerpon-meganium-hydrapple
3,1802,p2,1784,dragapult-ex,2277,dragapult-ex
3,1803,p1,2352,mega-greninja-ex,3705,lopunny-dudunsparce
3,1804,p1,1626,ogerpon-meganium-hydrapple,2028,n-zoroark
3,1805,p1,1281,dragapult-blaziken,1701,ethan-typhlosion
3,1806,p1,3559,crustle-dri,2624,dragapult-ex
3,1807,p1,3596,dragapult-dusknoir,3621,ogerpon-meganium-hydrapple
3,1808,p2,1262,alakazam-dudunsparce,0801,grimmsnarl-froslass
3,1809,p1,0844,dragapult-ex,2095,reging-bolt-bellibolt
3,1810,p2,0248,beedrill-ex-cri,1564,festival-lead
3,1811,p2,0681,mega-starmie-ex,0921,n-zoroark
3,1812,p2,2643,festival-lead,2286,grimmsnarl-froslass
3,1813,p2,0278,mega-greninja-ex,3749,dragapult-ex
3,1814,p1,3495,dragapult-blaziken,3410,crustle-dri
3,1815,tie,0774,cynthia-garchomp-ex,0600,dragapult-dusknoir
3,1816,tie,1345,kangaskhan-bouffalant,3665,rockets-honchkrow
3,1817,tie,0617,n-zoroark,3224,starmie-froslass
3,1818,p2,0125,raging-bolt-ogerpon,1763,raging-bolt-ogerpon
3,1819,p1,2376,beedrill-ex-cri,0693,mega-diancie-ex
3,1820,tie,1209,lucario-hariyama,3107,dragapult-blaziken
3,1821,p2,0591,ceruledge-ex,2148,dragapult-blaziken
3,1822,tie,1729,dragapult-ex,2760,hops-trevenant
3,1823,p1,1050,n-zoroark,2037,dragapult-blaziken
3,1824,p2,3367,?,0562,decidueye-ex
3,1825,tie,1577,dragapult-ex,0676,dragapult-ex
3,1826,p2,3578,dragapult-ex,0764,dragapult-ex
3,1827,p1,1596,dragapult-ex,2678,mega-greninja-ex
3,1828,p1,2226,other,2598,slowking-scr
3,1829,tie,1751,basic-box-m,2026,ogerpon-meganium-hydrapple
3,1830,p2,2842,n-zoroark,2796,slowking-scr
3,1831,p2,2113,alakazam-dudunsparce,1766,mega-greninja-ex
3,1832,p1,2745,basic-box-m,2384,starmie-dusknoir
3,,bye,2617,beedrill-ex-cri,,
4,1,p1,3029,rockets-honchkrow,1516,crustle-dri
4,2,p2,2069,raging-bolt-ogerpon,0167,dragapult-ex
4,3,p2,0792,ceruledge-ex,2669,dragapult-ex
4,4,p2,0966,beedrill-ex-cri,1213,dragapult-blaziken
4,5,p1,0231,dragapult-ex,0353,crustle-dri
4,6,p2,0230,crustle-dri,2373,slowking-scr
4,7,tie,0649,hops-trevenant,1481,dragapult-blaziken
4,8,p1,1430,basic-box-m,3576,dragapult-ex
4,9,p1,2562,dragapult-ex,2774,ogerpon-meganium-hydrapple
4,10,p2,1083,cynthia-garchomp-ex,0940,festival-lead
4,11,tie,1893,dragapult-ex,3154,dragapult-ex
4,12,p2,0713,basic-box-m,1019,dragapult-ex
4,13,p2,3339,dragapult-dusknoir,3546,rocket-mewtwo-ex
4,14,p2,2673,ogerpon-meganium-hydrapple,0664,alakazam-dudunsparce
4,15,p2,2009,dragapult-ex,3130,n-zoroark
4,16,p2,3179,dragapult-ex,1229,dragapult-ex
4,17,p1,3110,ceruledge-ex,3420,dragapult-blaziken
4,18,p2,0132,dragapult-ex,1519,crustle-dri
4,19,p1,2256,beedrill-ex-cri,0034,n-zoroark
4,20,p1,2112,dragapult-dusknoir,1467,ethan-typhlosion
4,21,p2,0959,ogerpon-meganium-hydrapple,0537,crustle-dri
4,22,p2,0558,rocket-mewtwo-ex,0922,dragapult-ex
4,23,p2,3352,dragapult-ex,0319,dragapult-ex
4,24,p1,1795,dragapult-dusknoir,0483,dragapult-ex
4,25,p1,3325,starmie-froslass,1559,raging-bolt-ogerpon
4,26,p1,3103,dragapult-ex,0613,n-zoroark
4,27,p1,2207,ogerpon-meganium-hydrapple,3230,cynthia-garchomp-ex
4,28,p2,0602,raging-bolt-ogerpon,2689,slowking-scr
4,29,tie,1949,dragapult-ex,2258,dragapult-ex
4,30,p1,3280,n-zoroark,2683,dragapult-dusknoir
4,31,p2,0332,alakazam-dudunsparce,2881,slowking-scr
4,32,p1,0822,dragapult-ex,2503,alakazam-dudunsparce
4,33,p2,0269,raging-bolt-ogerpon,1656,dragapult-ex
4,34,p2,2025,dragapult-ex,0942,dragapult-ex
4,35,p2,2556,greninja-ex,3595,dragapult-ex
4,36,tie,2578,n-zoroark,3037,alakazam-dudunsparce
4,37,tie,3409,dragapult-dusknoir,1392,ogerpon-meganium-hydrapple
4,38,p1,0972,dragapult-ex,0863,dragapult-ex
4,39,p1,3221,ethan-typhlosion,1295,crustle-dri
4,40,tie,0010,n-zoroark,1384,dragapult-dusknoir
4,41,tie,0805,dragapult-ex,2230,basic-box-m
4,42,p2,0753,metagross-cri,2901,basic-box-m
4,43,p1,2984,dragapult-ex,1921,dragapult-dusknoir
4,44,p1,0404,dragapult-ex,2200,?
4,45,p1,1227,dragapult-ex,2803,dragapult-ex
4,46,p2,0192,dragapult-ex,1053,slowking-scr
4,47,tie,3477,dragapult-blaziken,3106,dragapult-ex
4,48,p2,0766,dragapult-dusknoir,3526,slowking-scr
4,49,tie,1484,grimmsnarl-froslass,0852,dragapult-dudunsparce
4,50,tie,2687,dragapult-ex,0184,dragapult-dusknoir
4,51,p2,2861,dragapult-ex,2184,dragapult-ex
4,52,p2,2922,dragapult-dusknoir,2966,dragapult-blaziken
4,53,p2,0626,dragapult-dusknoir,3707,dragapult-blaziken
4,54,p2,0141,beedrill-ex-cri,1024,alakazam-dudunsparce
4,55,p2,0023,dragapult-dusknoir,0553,dragapult-ex
4,56,p1,3379,dragapult-ex,1151,dragapult-dusknoir
4,57,p2,1525,dragapult-dusknoir,3486,dragapult-dusknoir
4,58,p2,1368,dragapult-dusknoir,3432,dragapult-ex
4,59,p2,1866,dragapult-ex,2083,lillie-clefairy
4,60,p1,3371,dragapult-ex,3622,alakazam-dudunsparce
4,61,p1,0135,crustle-dri,2682,ogerpon-meganium-hydrapple
4,62,p2,2345,lucario-hariyama,3670,dragapult-blaziken
4,63,p1,1021,dragapult-ex,0723,dragapult-ex
4,64,p1,1938,cynthia-garchomp-ex,2619,n-zoroark
4,65,p2,0105,crustle-dri,2134,dragapult-ex
4,66,p2,0339,slowking-scr,2180,dragapult-blaziken
4,67,tie,0770,dragapult-blaziken,1797,dragapult-ex
4,68,p1,3507,festival-lead,1644,dragapult-ex
4,69,p1,0470,alakazam-dudunsparce,2107,rockets-honchkrow
4,70,p2,0054,basic-box-m,0407,dragapult-ex
4,71,p2,0674,dragapult-ex,1752,n-zoroark
4,72,p2,1064,crustle-dri,0293,slowking-scr
4,73,p2,0895,dragapult-ex,3076,rocket-mewtwo-ex
4,74,p2,1983,alakazam-dudunsparce,0915,dragapult-ex
4,75,p1,2049,slowking-scr,3658,slowking-scr
4,76,p1,1265,ogerpon-meganium-hydrapple,2770,dragapult-dusknoir
4,77,p2,1682,slowking-scr,3655,dragapult-ex
4,78,p1,0654,diancie-dusknoir,3696,dragapult-ex
4,79,p1,3422,dragapult-ex,3479,alakazam-dudunsparce
4,80,p2,1829,alakazam-dudunsparce,3573,alakazam-dudunsparce
4,81,p1,3200,basic-box-m,1892,beedrill-ex-cri
4,82,tie,0374,dragapult-ex,3616,dragapult-ex
4,83,p2,2153,ogerpon-meganium-hydrapple,2743,dragapult-ex
4,84,p2,3563,dragapult-ex,3713,n-zoroark
4,85,p1,2919,dragapult-ex,2349,dragapult-dusknoir
4,86,p1,1907,dragapult-ex,2331,dragapult-blaziken
4,87,p2,1844,crustle-dri,1095,n-zoroark
4,88,p2,2911,dragapult-dusknoir,1831,dragapult-blaziken
4,89,p2,3119,lucario-hariyama,3267,dragapult-ex
4,90,p1,2602,dragapult-dusknoir,1965,dragapult-ex
4,91,p2,3288,raging-bolt-ogerpon,2633,dragapult-ex
4,92,p2,1178,basic-box-m,0963,basic-box-m
4,93,p2,1569,n-zoroark,2454,crustle-dri
4,94,p1,1346,dragapult-ex,3356,basic-box-m
4,95,tie,2627,dragapult-ex,0059,crustle-dri
4,96,p1,3721,n-zoroark,3007,slowking-scr
4,97,p2,0315,raging-bolt-ogerpon,2368,basic-box-m
4,98,p2,2960,rocket-mewtwo-ex,1431,ogerpon-meganium-hydrapple
4,99,p1,0030,dragapult-ex,0211,lillie-clefairy
4,100,p1,0762,dragapult-ex,2780,lopunny-dudunsparce
4,101,tie,1585,dragapult-ex,3392,lillie-clefairy
4,102,p2,2234,dragapult-dusknoir,0594,sylveon-pre
4,103,p1,1140,dragapult-dusknoir,1366,basic-box-m
4,104,p1,3197,n-zoroark,3196,dragapult-ex
4,105,p2,3152,slowking-scr,3101,alakazam-dudunsparce
4,106,p2,2642,ogerpon-meganium-hydrapple,1764,clefairy-ogerpon
4,107,p2,1518,dragapult-ex,2539,lucario-hariyama
4,108,p2,0953,dragapult-dudunsparce,0273,lopunny-dudunsparce
4,109,p1,1803,ogerpon-meganium-hydrapple,0355,kangaskhan-bouffalant
4,110,p1,0126,dragapult-dusknoir,3300,dragapult-dusknoir
4,111,p2,1408,slowking-scr,0928,alakazam-dudunsparce
4,112,p1,0458,crustle-dri,2618,dragapult-ex
4,113,p1,2251,dragapult-dusknoir,0560,basic-box-m
4,114,p2,2285,dragapult-ex,1360,dragapult-ex
4,115,p2,2143,n-zoroark,2997,dragapult-ex
4,116,p1,3588,dragapult-dusknoir,1775,dragapult-ex
4,117,p1,2401,ogerpon-meganium-hydrapple,0849,dragapult-ex
4,118,tie,1109,slowking-scr,2649,dragapult-ex
4,119,p1,3271,ogerpon-meganium-hydrapple,0199,basic-box-m
4,120,p1,0923,dragapult-ex,0368,dragapult-dusknoir
4,121,p1,0629,dragapult-ex,2579,dragapult-ex
4,122,p1,0873,basic-box-m,0731,ogerpon-meganium-hydrapple
4,123,p1,1497,dragapult-ex,2809,n-zoroark
4,124,p2,2608,n-zoroark,0226,basic-box-m
4,125,p2,1888,alakazam-dudunsparce,1210,dragapult-dusknoir
4,126,p1,3089,mega-lucario-ex,3292,dragapult-dusknoir
4,127,p2,0440,dragapult-ex,3286,dragapult-ex
4,128,p1,0297,n-zoroark,3504,alakazam-dudunsparce
4,129,p1,1746,alakazam-dudunsparce,0859,beedrill-ex-cri
4,130,p1,1048,dragapult-ex,2457,dragapult-ex
4,131,p1,1461,dragapult-dusknoir,1589,dragapult-ex
4,132,p2,3066,slowking-scr,1182,dragapult-ex
4,133,p2,1216,slowking-scr,0314,dragapult-dusknoir
4,134,p2,0534,slowking-scr,2216,alakazam-dudunsparce
4,135,p2,3678,ogerpon-meganium-hydrapple,2852,lucario-hariyama
4,136,p1,0015,n-zoroark,0260,dragapult-ex
4,137,tie,3343,dragapult-ex,3560,ogerpon-meganium-hydrapple
4,138,p2,1086,alakazam-dudunsparce,3265,dragapult-blaziken
4,139,p2,3620,basic-box-m,0286,dragapult-ex
4,140,p1,2339,ceruledge-ex,1333,ogerpon-meganium-hydrapple
4,141,tie,2310,n-zoroark,1971,dragapult-blaziken
4,142,tie,3604,dragapult-ex,0827,alakazam-dudunsparce
4,143,p2,2088,dragapult-ex,1122,dragapult-ex
4,144,p2,0412,dragapult-ex,1727,festival-lead
4,145,tie,2679,dragapult-ex,1733,hops-trevenant
4,146,p1,0716,dragapult-ex,1013,mega-greninja-ex
4,147,p2,3047,dragapult-ex,0389,dragapult-ex
4,148,tie,0845,dragapult-dudunsparce,3136,dragapult-ex
4,149,p2,1097,dragapult-dusknoir,0473,n-zoroark
4,150,p2,0048,basic-box-m,1863,dragapult-ex
4,151,tie,2451,n-zoroark,1098,dragapult-ex
4,152,p1,1787,dragapult-blaziken,2377,slowking-scr
4,153,p2,0161,dragapult-ex,3282,dragapult-dusknoir
4,154,p1,3689,dragapult-ex,1186,alakazam-dudunsparce
4,155,p1,1637,dragapult-ex,3570,beedrill-ex-cri
4,156,p2,0174,dragapult-blaziken,0579,dragapult-ex
4,157,tie,1685,dragapult-ex,0908,ogerpon-meganium-hydrapple
4,158,p1,1991,dragapult-ex,1314,dragapult-ex
4,159,p2,1989,dragapult-ex,1758,beedrill-ex-cri
4,160,p2,3717,dragapult-dusknoir,1267,dragapult-dusknoir
4,161,p2,1783,dragapult-ex,1648,basic-box-m
4,162,tie,0854,dragapult-blaziken,2799,crustle-dri
4,163,p1,0406,slowking-scr,3128,crustle-dri
4,164,p1,2330,dragapult-dusknoir,0503,?metagross
4,165,tie,2622,alakazam-dudunsparce,1458,dragapult-dusknoir
4,166,p1,0501,stevens-metagross,0305,dragapult-ex
4,167,p1,3027,dragapult-ex,3453,ogerpon-meganium-hydrapple
4,168,p2,3061,flareon-noctowl,2305,dragapult-ex
4,169,tie,1595,dragapult-ex,3213,dragapult-ex
4,170,p1,1247,crustle-dri,1676,dragapult-dusknoir
4,171,p1,2137,dragapult-ex,1116,alakazam-dudunsparce
4,172,p2,0402,festival-lead,1611,dragapult-ex
4,173,tie,2830,dragapult-ex,2181,dragapult-ex
4,174,p2,3094,dragapult-ex,3178,dragapult-ex
4,175,tie,2348,dragapult-ex,2742,dragapult-blaziken
4,176,p1,3254,dragapult-ex,1580,alakazam-dudunsparce
4,177,p1,1198,dragapult-blaziken,0881,rocket-mewtwo-ex
4,178,p1,0112,dragapult-ex,2126,rockets-honchkrow
4,179,tie,2193,dragapult-ex,1645,dragapult-blaziken
4,180,p1,0592,n-zoroark,0338,dragapult-dusknoir
4,181,p1,3294,ethan-typhlosion,0462,dragapult-ex
4,182,p1,0778,crustle-dri,1341,ogerpon-meganium-hydrapple
4,183,tie,1553,festival-lead,1961,dragapult-ex
4,184,p1,2818,metagross-cri,0478,dragapult-ex
4,185,p2,2746,raging-bolt-ogerpon,3303,dragapult-dusknoir
4,186,p1,2662,basic-box-m,2900,dragapult-dusknoir
4,187,tie,2714,dragapult-ex,0164,ogerpon-meganium-hydrapple
4,188,p2,2217,beedrill-ex-cri,0134,dragapult-dusknoir
4,189,p1,2494,dragapult-ex,2414,alakazam-dudunsparce
4,190,p2,0902,hops-trevenant,1974,beedrill-ex-cri
4,191,tie,2640,lucario-hariyama,1719,mega-lucario-ex
4,192,p2,2692,crustle-dri,3630,crustle-dri
4,193,p1,3140,festival-lead,3462,slowking-scr
4,194,p2,2894,n-zoroark,3637,crustle-dri
4,195,p1,0369,alakazam-dudunsparce,2544,hops-trevenant
4,196,p1,1300,dragapult-blaziken,1293,alakazam-dudunsparce
4,197,p1,0935,rocket-mewtwo-ex,3168,crustle-dri
4,198,p2,1599,basic-box-m,0824,ogerpon-meganium-hydrapple
4,199,tie,3203,ogerpon-meganium-hydrapple,0894,festival-lead
4,200,p2,3116,dragapult-ex,0795,dragapult-ex
4,201,p2,2400,dragapult-blaziken,0031,dragapult-ex
4,202,p1,3497,dragapult-ex,1034,alakazam-dudunsparce
4,203,p1,1964,dragapult-ex,1270,n-zoroark
4,204,tie,3711,n-zoroark,3518,dragapult-dusknoir
4,205,p2,3000,dragapult-ex,0220,dragapult-ex
4,206,tie,1819,cynthia-garchomp-ex,1696,dragapult-ex
4,207,p1,2739,metagross-cri,0043,dragapult-dusknoir
4,208,p2,3212,rockets-honchkrow,1567,ethan-typhlosion
4,209,tie,2985,ogerpon-meganium-hydrapple,2793,crustle-dri
4,210,p2,0494,dragapult-ex,1381,n-zoroark
4,211,p1,0365,crustle-dri,0263,dragapult-ex
4,212,tie,1901,dragapult-ex,0045,dragapult-ex
4,213,p1,0166,dragapult-dusknoir,1834,dragapult-dusknoir
4,214,p2,2136,dragapult-blaziken,3276,dragapult-ex
4,215,p2,0717,raging-bolt-ogerpon,1855,dragapult-ex
4,216,p2,0641,rockets-honchkrow,3209,dragapult-ex
4,217,p2,2523,lucario-hariyama,1340,dragapult-dusknoir
4,218,p2,0869,ogerpon-meganium-hydrapple,2629,mega-lucario-ex
4,219,p2,3170,beedrill-ex-cri,0679,dragapult-ex
4,220,p2,3662,dragapult-ex,0074,dragapult-ex
4,221,p1,3712,dragapult-ex,1014,lillie-clefairy
4,222,p1,0107,ogerpon-meganium-hydrapple,3383,n-zoroark
4,223,tie,3021,dragapult-ex,2586,dragapult-dusknoir
4,224,p1,3393,n-zoroark,2406,dragapult-ex
4,225,p2,1669,alakazam-dudunsparce,0133,n-zoroark
4,226,p2,0640,mega-lucario-ex,0610,alakazam-dudunsparce
4,227,p2,2288,lucario-hariyama,3225,rockets-honchkrow
4,228,p1,3041,n-zoroark,3648,lucario-hariyama
4,229,p2,2329,starmie-froslass,2836,dragapult-ex
4,230,p2,1552,dragapult-ex,3644,alakazam-dudunsparce
4,231,p1,0646,crustle-dri,1810,dragapult-dusknoir
4,232,p1,3329,crustle-dri,1004,slowking-scr
4,233,p2,3562,dragapult-ex,2569,dragapult-ex
4,234,p2,3312,dragapult-dusknoir,0042,lucario-hariyama
4,235,p2,0144,crustle-dri,1945,dragapult-blaziken
4,236,p2,1827,alakazam-dudunsparce,2098,raging-bolt-ogerpon
4,237,p2,2499,dragapult-dusknoir,3488,crustle-dri
4,238,p2,2893,?,2529,dragapult-blaziken
4,239,p2,2073,dragapult-ex,0530,grimmsnarl-froslass
4,240,p2,3598,ogerpon-meganium-hydrapple,3214,dragapult-ex
4,241,p2,2058,dragapult-froslass,2763,dragapult-ex
4,242,p2,3580,basic-box-m,3148,dragapult-ex
4,243,p1,1466,n-zoroark,0205,dragapult-ex
4,244,tie,3408,dragapult-ex,1494,dragapult-ex
4,245,p2,1194,dragapult-dusknoir,1323,dragapult-ex
4,246,p1,2236,rockets-honchkrow,2776,dragapult-ex
4,247,p2,0974,raging-bolt-ogerpon,2498,dragapult-ex
4,248,p1,2408,dragapult-ex,0688,basic-box-m
4,249,p1,3567,dragapult-ex,0535,rockets-honchkrow
4,250,p1,1948,slowking-scr,2191,crustle-dri
4,251,p1,1343,dragapult-ex,1256,rocket-mewtwo-ex
4,252,p2,1802,slowking-scr,2241,ogerpon-meganium-hydrapple
4,253,tie,0061,dragapult-ex,2505,alakazam-dudunsparce
4,254,p2,0068,mega-greninja-ex,0489,rockets-honchkrow
4,255,tie,0575,alakazam-dudunsparce,3264,n-zoroark
4,256,p2,0910,dragapult-blaziken,2533,raging-bolt-ogerpon
4,257,p1,2563,grimmsnarl-froslass,3541,dragapult-ex
4,258,tie,3594,basic-box-m,2871,crustle-dri
4,259,p1,1197,crustle-dri,1710,lillie-clefairy
4,260,p2,0937,?metagross,2085,dragapult-dusknoir
4,261,p2,0342,ogerpon-meganium-hydrapple,0464,dragapult-ex
4,262,p2,0022,dragapult-ex,0384,mega-lucario-ex
4,263,p1,1394,dragapult-ex,1529,dragapult-dusknoir
4,264,p2,0726,starmie-froslass,1631,dragapult-blaziken
4,265,p1,1504,ogerpon-meganium-hydrapple,2089,crustle-dri
4,266,p2,0544,starmie-dusknoir,3624,dragapult-ex
4,267,p2,2755,dragapult-dudunsparce,3426,n-zoroark
4,268,p1,0063,dragapult-dusknoir,0878,beedrill-ex-cri
4,269,tie,1385,crustle-dri,1639,dragapult-dusknoir
4,270,p1,2813,dragapult-ex,1579,dragapult-ex
4,271,p1,1456,dragapult-ex,2325,dragapult-ex
4,272,p1,1183,alakazam-dudunsparce,0076,dragapult-blaziken
4,273,p1,2338,dragapult-ex,2162,dragapult-ex
4,274,p1,0104,dragapult-ex,1131,dragapult-ex
4,275,p2,1562,dragapult-ex,3162,dragapult-ex
4,276,p2,1849,mega-greninja-ex,2363,ogerpon-meganium-hydrapple
4,277,p1,1968,dragapult-ex,2317,?metagross
4,278,p2,2719,alakazam-dudunsparce,0521,crustle-dri
4,279,p2,1954,alakazam-dudunsparce,2398,dragapult-ex
4,280,p1,3114,dragapult-ex,1052,dragapult-ex
4,281,p1,0493,dragapult-ex,3514,dragapult-dusknoir
4,282,p1,1104,cynthia-garchomp-ex,2532,dragapult-ex
4,283,p1,2284,ethan-typhlosion,0482,dragapult-ex
4,284,p1,0165,alakazam-dudunsparce,1133,dragapult-ex
4,285,p2,0158,festival-lead,0391,basic-box-m
4,286,tie,0727,crustle-dri,2543,dragapult-dusknoir
4,287,p2,0948,ogerpon-meganium-hydrapple,1929,greninja-ex
4,288,p2,2012,lucario-hariyama,1286,beedrill-ex-cri
4,289,p1,0203,ogerpon-meganium-hydrapple,3344,festival-lead
4,290,p2,2053,dragapult-ex,3491,n-zoroark
4,291,p2,1243,dragapult-ex,2587,dragapult-dusknoir
4,292,p2,1486,basic-box-m,0802,rockets-honchkrow
4,293,p2,3384,beedrill-ex-cri,3502,festival-lead
4,294,tie,3373,dragapult-ex,1702,dragapult-ex
4,295,p1,0429,crustle-dri,1557,dragapult-ex
4,296,tie,2750,ogerpon-meganium-hydrapple,2214,dragapult-dusknoir
4,297,p1,0434,n-zoroark,3045,archaludon-dudunsparce
4,298,p2,1841,other,2715,starmie-froslass
4,299,p1,0695,slowking-scr,3640,dragapult-ex
4,300,p2,2953,mega-greninja-ex,0495,dragapult-dudunsparce
4,301,tie,1028,mega-venusaur-ex,3591,dragapult-dusknoir
4,302,p1,1483,n-zoroark,0715,dragapult-ex
4,303,p1,0160,mega-greninja-ex,2145,slowking-scr
4,304,p2,1167,beedrill-ex-cri,2182,alakazam-dudunsparce
4,305,p1,3163,basic-box-m,1826,dragapult-ex
4,306,p2,0234,dragapult-dudunsparce,2446,beedrill-ex-cri
4,307,p2,2761,slowking-scr,1444,basic-box-m
4,308,p2,3074,cynthia-garchomp-ex,2838,starmie-dusknoir
4,309,p1,3299,slowking-scr,1272,festival-lead
4,310,p1,1743,dragapult-ex,0708,n-zoroark
4,311,p1,0152,raging-bolt-ogerpon,3183,dragapult-dusknoir
4,312,p2,0971,n-zoroark,1740,ogerpon-meganium-hydrapple
4,313,p1,0400,alakazam-dudunsparce,2274,rocket-mewtwo-ex
4,314,p1,1426,dragapult-dusknoir,1469,crustle-dri
4,315,p1,3322,dragapult-ex,1407,n-zoroark
4,316,p1,1865,dragapult-ex,2411,okidogi-barbaracle
4,317,p1,3252,rocket-mewtwo-ex,0539,raging-bolt-ogerpon
4,318,p1,3185,other,2509,dragapult-blaziken
4,319,tie,0991,ogerpon-meganium-hydrapple,2680,kangaskhan-bouffalant
4,320,p1,2225,dragapult-ex,3297,dragapult-dusknoir
4,321,p2,1689,other,2479,n-zoroark
4,322,p2,0730,hops-trevenant,0171,sylveon-pre
4,323,p1,2227,n-zoroark,3586,slowking-scr
4,324,tie,0605,beedrill-ex-cri,0146,basic-box-m
4,325,p1,3436,raging-bolt-ogerpon,0776,okidogi-barbaracle
4,326,p2,1932,rocket-mewtwo-ex,3542,dragapult-ex
4,327,p1,2290,alakazam-dudunsparce,1501,clefairy-ogerpon
4,328,tie,0025,okidogi-barbaracle,2925,ogerpon-meganium-hydrapple
4,329,tie,1807,ethan-typhlosion,3004,dragapult-ex
4,330,p1,2409,dragapult-ex,0491,alakazam-dudunsparce
4,331,p2,1479,rocket-mewtwo-ex,0444,lillie-clefairy
4,332,p2,0425,?metagross,1924,slowking-scr
4,333,p2,1312,dragapult-ex,2156,hops-trevenant
4,334,p2,2616,dragapult-dusknoir,1120,dragapult-ex
4,335,p2,2800,dragapult-dusknoir,1523,n-zoroark
4,336,tie,3745,alakazam-dudunsparce,3287,n-zoroark
4,337,p2,2157,crustle-dri,2270,rockets-honchkrow
4,338,p2,0755,ogerpon-meganium-hydrapple,3519,dragapult-ex
4,339,p2,2351,cynthia-garchomp-ex,3736,dragapult-blaziken
4,340,p2,2052,dragapult-dusknoir,2197,slowking-scr
4,341,p2,3719,dragapult-blaziken,1015,n-zoroark
4,342,p2,3069,dragapult-dusknoir,1351,dragapult-ex
4,343,p1,1862,other,0531,mega-absol-box
4,344,p1,0662,dragapult-ex,0252,dragapult-ex
4,345,p1,2594,dragapult-ex,2868,dragapult-ex
4,346,p2,2862,mega-greninja-ex,0889,dragapult-ex
4,347,p2,1172,lucario-hariyama,1464,ogerpon-meganium-hydrapple
4,348,p1,0188,alakazam-dudunsparce,1338,ogerpon-meganium-hydrapple
4,349,tie,1770,dragapult-ex,0763,dragapult-blaziken
4,350,p2,0127,alakazam-dudunsparce,1145,n-zoroark
4,351,p1,1076,slowking-scr,2975,dragapult-ex
4,352,p2,2748,dragapult-ex,1106,dragapult-ex
4,353,p2,2121,festival-lead,1739,dragapult-dusknoir
4,354,p1,0012,dragapult-dusknoir,3315,?metagross
4,355,p2,2980,ogerpon-meganium-hydrapple,2032,dragapult-blaziken
4,356,tie,2219,basic-box-m,2525,dragapult-ex
4,357,p1,1358,dragapult-ex,0711,other
4,358,p1,2419,dragapult-dusknoir,1114,slowking-scr
4,359,p2,2917,ogerpon-meganium-hydrapple,3653,dragapult-dusknoir
4,360,p2,2484,other,2724,n-zoroark
4,361,tie,1798,ogerpon-meganium-hydrapple,1370,dragapult-dusknoir
4,362,p2,1722,lucario-hariyama,0944,slowking-scr
4,363,tie,1742,dragapult-ex,0485,n-zoroark
4,364,tie,1558,dragapult-ex,2660,dragapult-ex
4,365,p2,1530,beedrill-ex-cri,0797,dragapult-ex
4,366,p2,1732,n-zoroark,0581,raging-bolt-ogerpon
4,367,p1,0661,slowking-scr,2625,raging-bolt-ogerpon
4,368,p2,1208,slowking-scr,0004,crustle-dri
4,369,tie,0523,dragapult-blaziken,1610,lillie-clefairy
4,370,tie,2390,hops-trevenant,0538,dragapult-ex
4,371,p1,1138,ogerpon-meganium-arboliva,0137,dragapult-dusknoir
4,372,p1,1040,beedrill-ex-cri,0911,other
4,373,p2,2063,raging-bolt-ogerpon,0619,crustle-dri
4,374,p2,1794,ceruledge-ex,1824,dragapult-dusknoir
4,375,p2,1944,mega-lucario-ex,1391,dragapult-ex
4,376,p1,1263,dragapult-ex,1966,alakazam-dudunsparce
4,377,p1,3073,festival-lead,0810,starmie-dusknoir
4,378,p1,3669,dragapult-dusknoir,0888,rocket-mewtwo-ex
4,379,p2,0329,crustle-dri,2937,dragapult-dusknoir
4,380,p1,3572,festival-lead,1480,crustle-dri
4,381,p1,2160,n-zoroark,0620,dragapult-ex
4,382,p1,1488,dragapult-dusknoir,3613,crustle-dri
4,383,p2,1253,greninja-ex,3529,dragapult-ex
4,384,p1,0811,dragapult-ex,3474,dragapult-dusknoir
4,385,tie,0438,starmie-froslass,0541,ogerpon-meganium-hydrapple
4,386,p2,0645,?,0775,ogerpon-meganium-hydrapple
4,387,p1,1582,n-zoroark,3205,ogerpon-meganium-hydrapple
4,388,p2,1102,dragapult-ex,1848,slowking-scr
4,389,p2,0934,dragapult-ex,2887,dragapult-dusknoir
4,390,tie,0892,rockets-honchkrow,0215,dragapult-blaziken
4,391,p1,2501,lucario-hariyama,1174,beedrill-ex-cri
4,392,tie,1506,dragapult-dusknoir,1180,dragapult-dusknoir
4,393,p2,1324,?,2969,alakazam-dudunsparce
4,394,p2,1260,n-zoroark,1049,basic-box-m
4,395,p2,2455,?metagross,2864,dragapult-dusknoir
4,396,p1,0522,festival-lead,1765,dragapult-ex
4,397,p2,3569,n-zoroark,2425,dragapult-dusknoir
4,398,tie,1264,dragapult-ex,0692,ogerpon-meganium-hydrapple
4,399,p1,1883,dragapult-dusknoir,1502,n-zoroark
4,400,p2,1540,raging-bolt-ogerpon,1619,alakazam-dudunsparce
4,401,p2,0896,hops-trevenant,2320,dragapult-ex
4,402,p2,3323,raging-bolt-ogerpon,1232,n-zoroark
4,403,p2,3577,n-zoroark,2201,dragapult-ex
4,404,p1,1988,mega-greninja-ex,1499,alakazam-dudunsparce
4,405,p2,2612,dragapult-ex,3278,lillie-clefairy
4,406,p1,2043,alakazam-dudunsparce,2646,dragapult-dusknoir
4,407,p2,2308,basic-box-m,2810,basic-box-m
4,408,p1,1159,basic-box-m,1720,dragapult-dusknoir
4,409,p2,3317,dragapult-dusknoir,1750,basic-box-m
4,410,p1,1870,basic-box-m,1362,dragapult-dusknoir
4,411,p1,3100,dragapult-dusknoir,1992,dragapult-ex
4,412,p1,1250,basic-box-m,1396,ogerpon-meganium-hydrapple
4,413,tie,0419,dragapult-ex,1778,dragapult-ex
4,414,tie,0871,dragapult-ex,1202,dragapult-blaziken
4,415,tie,2055,dragapult-dusknoir,1749,ogerpon-meganium-hydrapple
4,416,p1,3248,dragapult-dusknoir,0690,alakazam-dudunsparce
4,417,p1,1835,raging-bolt-ogerpon,2291,dragapult-dusknoir
4,418,p1,1874,dragapult-ex,2903,ogerpon-meganium-hydrapple
4,419,p2,1457,dragapult-ex,2654,raging-bolt-ogerpon
4,420,p1,1592,dragapult-ex,0512,dragapult-ex
4,421,tie,0980,dragapult-dusknoir,0241,ogerpon-meganium-hydrapple
4,422,tie,3706,dragapult-dusknoir,2611,alakazam-dudunsparce
4,423,tie,0565,dragapult-dusknoir,3046,dragapult-ex
4,424,p1,3326,dragapult-dusknoir,0257,dragapult-blaziken
4,425,p1,2282,ogerpon-meganium-hydrapple,3566,mega-greninja-ex
4,426,p2,0051,crustle-dri,1349,slowking-scr
4,427,p2,0081,beedrill-ex-cri,0239,dragapult-ex
4,428,p1,0479,dragapult-dudunsparce,2825,lucario-hariyama
4,429,p2,1437,mega-greninja-ex,1634,festival-lead
4,430,p1,1905,slowking-scr,3553,ogerpon-meganium-hydrapple
4,431,p2,1677,other,3040,raging-bolt-ogerpon
4,432,p2,0925,dragapult-dusknoir,3411,dragapult-ex
4,433,p1,0838,dragapult-ex,0207,n-zoroark
4,434,p1,2880,dragapult-ex,0949,slowking-scr
4,435,p2,0300,slowking-scr,0686,ogerpon-meganium-hydrapple
4,436,p1,0036,dragapult-ex,3452,dragapult-ex
4,437,p2,1177,crustle-dri,2950,n-zoroark
4,438,p2,2943,dragapult-ex,2672,slowking-scr
4,439,p2,0229,alakazam-dudunsparce,0221,dragapult-ex
4,440,p2,2439,dragapult-ex,1512,dragapult-ex
4,441,p1,0848,ogerpon-meganium,1759,cynthia-garchomp-ex
4,442,p2,0399,starmie-froslass,2261,dragapult-dusknoir
4,443,p1,0235,ogerpon-meganium-hydrapple,1448,raging-bolt-ogerpon
4,444,p2,1878,dragapult-ex,0381,dragapult-ex
4,445,p2,2778,dragapult-ex,1736,dragapult-ex
4,446,p2,0411,n-zoroark,1641,raging-bolt-ogerpon
4,447,p2,1836,ethan-typhlosion,2704,dragapult-ex
4,448,tie,3593,dragapult-blaziken,2124,festival-lead
4,449,tie,3058,dragapult-blaziken,3416,raging-bolt-ogerpon
4,450,p1,3143,dragapult-blaziken,3262,galvantula-ex
4,451,p1,0335,mega-greninja-ex,1065,dragapult-blaziken
4,452,p1,3671,dragapult-blaziken,0448,dragapult-ex
4,453,p2,0721,dragapult-dusknoir,2402,crustle-dri
4,454,p1,2697,rockets-honchkrow,0117,starmie-dusknoir
4,455,tie,2442,slowking-scr,2626,dragapult-ex
4,456,p1,2877,greninja-ex,2582,raging-bolt-ogerpon
4,457,tie,0356,basic-box-m,0058,ogerpon-meganium-hydrapple
4,458,p2,2603,greninja-ex,0206,raging-bolt-ogerpon
4,459,p1,0182,festival-lead,2652,festival-lead
4,460,p1,0669,dragapult-ex,0326,dragapult-dusknoir
4,461,p1,2890,beedrill-ex-cri,1119,lillie-clefairy
4,462,p1,2536,basic-box-m,2415,dragapult-dusknoir
4,463,p1,2988,raging-bolt-ogerpon,2054,dragapult-dusknoir
4,464,p2,2747,slowking-scr,0360,dragapult-dusknoir
4,465,p2,3531,dragapult-dusknoir,2315,dragapult-ex
4,466,p1,1532,dragapult-blaziken,0995,dragapult-dusknoir
4,467,p1,0476,dragapult-dusknoir,3575,crustle-dri
4,468,p2,0150,mega-greninja-ex,2260,alakazam-dudunsparce
4,469,p2,2036,lillie-clefairy,1017,dragapult-dusknoir
4,470,p2,0554,basic-box-m,2279,lopunny-dudunsparce
4,471,p1,1367,dragapult-dusknoir,0033,dragapult-ex
4,472,p2,0247,mega-greninja-ex,0358,ogerpon-meganium-hydrapple
4,473,p1,3217,dragapult-ex,3279,ogerpon-meganium-hydrapple
4,474,tie,1214,raging-bolt-ogerpon,3257,alakazam-dudunsparce
4,475,p1,2311,lillie-clefairy,0618,lucario-hariyama
4,476,p2,0799,dragapult-ex,2675,dragapult-dusknoir
4,477,tie,3617,ogerpon-meganium-hydrapple,1277,dragapult-ex
4,478,p1,3338,slowking-scr,1782,dragapult-dusknoir
4,479,p1,0843,dragapult-ex,2573,dragapult-blaziken
4,480,p2,2128,cynthia-garchomp-ex,2175,slowking-scr
4,481,p2,1136,dragapult-blaziken,2934,n-zoroark
4,482,p2,2173,dragapult-ex,1117,dragapult-ex
4,483,p2,3096,dragapult-dusknoir,2204,slowking-scr
4,484,p2,3389,ogerpon-meganium-hydrapple,2572,crustle-dri
4,485,p1,1078,kangaskhan-bouffalant,1235,dragapult-ex
4,486,tie,2941,dragapult-ex,1566,dragapult-blaziken
4,487,p1,1600,dragapult-ex,0432,raging-bolt-ogerpon
4,488,p1,3316,alakazam-dudunsparce,3070,dragapult-dusknoir
4,489,p2,2883,lopunny-dudunsparce,3346,dragapult-ex
4,490,p1,1475,festival-lead,3601,ogerpon-meganium-hydrapple
4,491,p2,3348,slowking-scr,2907,ogerpon-meganium-hydrapple
4,492,p1,3155,dragapult-blaziken,0101,ogerpon-meganium-hydrapple
4,493,p2,2047,dragapult-dusknoir,0659,n-zoroark
4,494,p1,2426,lopunny-dudunsparce,3414,dragapult-dusknoir
4,495,p2,2705,basic-box-m,0950,slowking-scr
4,496,p1,0008,hops-trevenant,1287,rockets-honchkrow
4,497,p2,1236,?metagross,1812,dragapult-ex
4,498,p2,0956,ogerpon-meganium-hydrapple,1490,ogerpon-meganium-hydrapple
4,499,p2,2195,beedrill-ex-cri,1031,beedrill-ex-cri
4,500,p2,1666,lucario-hariyama,1063,beedrill-ex-cri
4,501,p2,2171,?metagross,2423,raging-bolt-ogerpon
4,502,p2,0116,dragapult-dusknoir,1531,grimmsnarl-froslass
4,503,tie,2566,basic-box-m,2375,slowking-scr
4,504,p2,0437,lillie-clefairy,2940,alakazam-dudunsparce
4,505,p1,2278,dragapult-ex,0812,mega-lucario-ex
4,506,p1,1790,slowking-scr,0449,ogerpon-meganium-hydrapple
4,507,p1,3208,n-zoroark,3544,dragapult-ex
4,508,p1,2590,dragapult-ex,2902,dragapult-dusknoir
4,509,p2,3368,dragapult-dusknoir,2831,dragapult-ex
4,510,p1,2786,dragapult-ex,1037,ogerpon-meganium-hydrapple
4,511,p2,2701,dragapult-dusknoir,3059,raging-bolt-ogerpon
4,512,tie,2361,alakazam-dudunsparce,3602,cynthia-garchomp-ex
4,513,p2,0124,dragapult-dusknoir,3492,raging-bolt-ogerpon
4,514,p2,0281,dragapult-ex,2548,raging-bolt-ogerpon
4,515,p1,2891,dragapult-ex,0858,dragapult-ex
4,516,p2,2206,raging-bolt-ogerpon,0960,alakazam-dudunsparce
4,517,p1,3057,basic-box-m,2828,dragapult-ex
4,518,p2,2342,ogerpon-meganium-hydrapple,3104,dragapult-ex
4,519,p2,0627,rocket-mewtwo-ex,0175,slowking-scr
4,520,p1,1713,grimmsnarl-froslass,2383,slowking-scr
4,521,p1,0517,dragapult-ex,3011,dragapult-ex
4,522,p1,3574,crustle-dri,1705,dragapult-dudunsparce
4,523,tie,1463,raging-bolt-ogerpon,2033,basic-box-m
4,524,tie,3123,slowking-scr,2146,slowking-scr
4,525,tie,0277,ogerpon-meganium-hydrapple,3535,ceruledge-ex
4,526,p1,0037,hops-trevenant,2955,dragapult-dusknoir
4,527,p1,1047,dragapult-dusknoir,0276,basic-box-m
4,528,p2,3359,dragapult-blaziken,1207,alakazam-dudunsparce
4,529,p2,0665,raging-bolt-ogerpon,0498,n-zoroark
4,530,p1,2686,dragapult-ex,3684,alakazam-dudunsparce
4,531,p1,1574,lopunny-dudunsparce,3223,alakazam-dudunsparce
4,532,p2,2487,dragapult-blaziken,3661,n-zoroark
4,533,p1,2213,dragapult-dusknoir,1741,dragapult-blaziken
4,534,p1,2595,raging-bolt-ogerpon,2004,mega-greninja-ex
4,535,p1,1597,rocket-mewtwo-ex,0962,dragapult-dusknoir
4,536,p2,3505,slowking-scr,1155,n-zoroark
4,537,p2,0459,greninja-ex,3165,lillie-clefairy
4,538,p2,2936,dragapult-dusknoir,0807,ogerpon-meganium-hydrapple
4,539,p1,2460,dragapult-ex,2947,festival-lead
4,540,tie,0267,crustle-dri,0266,dragapult-ex
4,541,p1,0017,dragapult-dusknoir,1588,archaludon-dudunsparce
4,542,p1,2634,alakazam-dudunsparce,2964,mega-lucario-ex
4,543,p2,3242,dragapult-ex,2495,dragapult-ex
4,544,p2,1960,dragapult-ex,0345,crustle-dri
4,545,p2,2515,lucario-hariyama,0783,dragapult-blaziken
4,546,p2,2010,alakazam-dudunsparce,2220,n-zoroark
4,547,p1,0932,alakazam-dudunsparce,1735,mega-greninja-ex
4,548,p2,0984,beedrill-ex-cri,3049,dragapult-ex
4,549,p1,3610,ogerpon-meganium-hydrapple,2873,raging-bolt-ogerpon
4,550,p2,2289,palafin-ex,0095,n-zoroark
4,551,p2,1280,crustle-dri,1417,dragapult-ex
4,552,p1,2707,hops-trevenant,1708,dragapult-ex
4,553,p1,3190,mega-greninja-ex,2379,dragapult-blaziken
4,554,p1,2581,dragapult-ex,1691,alakazam-dudunsparce
4,555,p2,0696,raging-bolt-ogerpon,2443,dragapult-ex
4,556,p2,1706,slowking-scr,1275,?metagross
4,557,p1,1125,dragapult-ex,2424,hops-trevenant
4,558,tie,0217,dragapult-ex,2152,basic-box-m
4,559,p1,1170,dragapult-dusknoir,3193,dragapult-dusknoir
4,560,p2,2837,dragapult-dusknoir,1543,basic-box-m
4,561,p2,3635,sharpedo-toxtricity,1441,dragapult-ex
4,562,p2,2020,lillie-clefairy,1730,dragapult-ex
4,563,p1,3716,mega-greninja-ex,1995,ogerpon-meganium-hydrapple
4,564,p2,1937,mega-absol-box,1038,beedrill-ex-cri
4,565,p2,1115,starmie-dusknoir,1474,dragapult-dusknoir
4,566,p1,2777,hops-trevenant,2772,crustle-dri
4,567,p1,0552,dragapult-ex,0284,dragapult-ex
4,568,p2,1594,mega-greninja-ex,1319,dragapult-ex
4,569,p2,1550,lillie-clefairy,1912,lucario-hariyama
4,570,p1,0596,alakazam-dudunsparce,1057,slowking-scr
4,571,p2,2245,dragapult-dusknoir,3308,dragapult-ex
4,572,p2,2741,hops-trevenant,3481,dragapult-ex
4,573,p2,1535,slowking-scr,1107,dragapult-dusknoir
4,574,p2,0990,lopunny-dudunsparce,3249,alakazam-dudunsparce
4,575,tie,0352,slowking-scr,1373,diancie-dusknoir
4,576,p1,3283,dragapult-ex,0728,raging-bolt-ogerpon
4,577,tie,3121,beedrill-ex-cri,1881,blaziken-zoroark
4,578,p2,1148,starmie-froslass,0325,slowking-scr
4,579,p1,3199,rockets-honchkrow,2030,dragapult-dusknoir
4,580,p1,0039,dragapult-dusknoir,1352,dragapult-ex
4,581,p1,1854,n-zoroark,3700,mega-greninja-ex
4,582,tie,0240,dragapult-blaziken,1451,dragapult-ex
4,583,p2,0468,rocket-mewtwo-ex,1623,dragapult-ex
4,584,p2,1309,alakazam-dudunsparce,2192,crustle-dri
4,585,p2,0700,dragapult-dusknoir,2316,dragapult-blaziken
4,586,p1,2238,alakazam-dudunsparce,0322,dragapult-dusknoir
4,587,p2,3673,ogerpon-meganium-hydrapple,3138,slowking-scr
4,588,p1,0983,slowking-scr,0442,alakazam-dudunsparce
4,589,p2,1090,dragapult-ex,1405,festival-lead
4,590,p1,0198,alakazam-dudunsparce,1717,ogerpon-meganium-hydrapple
4,591,tie,0568,dragapult-ex,0826,beedrill-ex-cri
4,592,p1,3534,basic-box-m,1744,slowking-scr
4,593,p2,2142,mega-greninja-ex,0684,dragapult-dusknoir
4,594,p2,3182,slowking-scr,2038,other
4,595,p1,1876,n-zoroark,1353,dragapult-ex
4,596,tie,1638,?metagross,0187,dragapult-ex
4,597,p1,1792,ogerpon-meganium-hydrapple,2459,dragapult-blaziken
4,598,p1,1673,dragapult-ex,1500,cynthia-garchomp-ex
4,599,tie,3611,dragapult-ex,3440,dragapult-dusknoir
4,600,p2,2695,other,0860,dragapult-dusknoir
4,601,p1,0379,slowking-scr,2718,dragapult-dusknoir
4,602,p1,0621,dragapult-dusknoir,0436,beedrill-ex-cri
4,603,p1,0367,alakazam-dudunsparce,1663,lopunny-dudunsparce
4,604,p1,3547,alakazam-dudunsparce,1981,dragapult-dusknoir
4,605,p1,3447,?metagross,0798,dragapult-blaziken
4,606,p1,2945,raging-bolt-ogerpon,3307,dragapult-ex
4,607,p1,3499,dragapult-ex,0839,ogerpon-meganium-hydrapple
4,608,p2,0933,dragapult-ex,0931,lillie-clefairy
4,609,tie,3666,mega-greninja-ex,2002,tera-box
4,610,p2,1056,dragapult-dusknoir,2418,hops-trevenant
4,611,p2,0421,dragapult-ex,2840,?metagross
4,612,p2,1075,mega-greninja-ex,3145,dragapult-dusknoir
4,613,p1,2231,slowking-scr,1814,rockets-honchkrow
4,614,p2,1581,palafin-ex,2989,mega-greninja-ex
4,615,p1,3388,dragapult-dusknoir,2353,lopunny-dudunsparce
4,616,tie,2322,dragapult-ex,0780,dragapult-dudunsparce
4,617,p1,1692,dragapult-blaziken,2609,lopunny-dudunsparce
4,618,p2,0323,lillie-clefairy,1369,festival-lead
4,619,p2,1062,slowking-scr,0420,dragapult-ex
4,620,p1,2892,hops-trevenant,1544,dragapult-ex
4,621,p1,3320,alakazam-dudunsparce,3077,?metagross
4,622,p2,1858,dragapult-ex,2416,starmie-froslass
4,623,p1,0065,alakazam-dudunsparce,0653,slowking-scr
4,624,p1,0396,dragapult-dusknoir,1088,slowking-scr
4,625,tie,0587,slowking-scr,1317,dragapult-dudunsparce
4,626,p1,2614,hops-trevenant,3331,dragapult-dusknoir
4,627,p2,1091,hops-trevenant,1348,dragapult-ex
4,628,p2,2783,festival-lead,1678,mega-greninja-ex
4,629,p1,3157,festival-lead,2337,diancie-dusknoir
4,630,p1,0200,alakazam-dudunsparce,1768,beedrill-ex-cri
4,631,p1,1799,n-zoroark,3467,dragapult-ex
4,632,p1,1852,dragapult-dusknoir,1537,dragapult-blaziken
4,633,p2,1036,festival-lead,0527,dragapult-ex
4,634,tie,2228,ogerpon-meganium-hydrapple,3202,alakazam-dudunsparce
4,635,p1,0694,dragapult-ex,2758,dragapult-blaziken
4,636,p2,1998,dragapult-blaziken,2722,dragapult-ex
4,637,tie,0354,alakazam-dudunsparce,1072,dragapult-ex
4,638,p1,1604,dragapult-ex,1450,dragapult-ex
4,639,tie,1199,mega-greninja-ex,0513,dragapult-ex
4,640,p1,0227,dragapult-ex,3556,slowking-scr
4,641,p2,0302,raging-bolt-ogerpon,3709,ogerpon-meganium-hydrapple
4,642,p2,2392,raging-bolt-ogerpon,2938,rocket-mewtwo-ex
4,643,p2,2385,starmie-dusknoir,0290,alakazam-dudunsparce
4,644,p1,0861,lucario-hariyama,2630,mega-greninja-ex
4,645,p2,0788,ethan-typhlosion,0244,dragapult-ex
4,646,p2,1402,raging-bolt-ogerpon,0499,dragapult-ex
4,647,p2,1823,dragapult-ex,2908,lucario-hariyama
4,648,p1,2994,mega-greninja-ex,2334,lopunny-dudunsparce
4,649,p2,0327,archaludon-dudunsparce,1754,slowking-scr
4,650,tie,1446,rockets-honchkrow,0265,n-zoroark
4,651,p2,3465,hops-trevenant,2935,dragapult-ex
4,652,p1,2768,dragapult-dusknoir,2027,rocket-mewtwo-ex
4,653,p2,0057,alakazam-dudunsparce,3532,dragapult-ex
4,654,p1,1162,dragapult-blaziken,2306,greninja-ex
4,655,p1,2519,mega-absol-box,1565,mega-greninja-ex
4,656,p2,0264,n-zoroark,3354,beedrill-ex-cri
4,657,p1,0747,raging-bolt-ogerpon,2583,dragapult-ex
4,658,p1,0701,slowking-scr,0825,dragapult-ex
4,659,p2,1726,dragapult-dusknoir,3335,cynthia-garchomp-ex
4,660,p2,3470,dragapult-ex,1602,beedrill-ex-cri
4,661,tie,2929,lopunny-dudunsparce,2517,dragapult-ex
4,662,tie,3164,dragapult-ex,1578,alakazam-dudunsparce
4,663,p1,1154,ogerpon-meganium-hydrapple,0913,dragapult-ex
4,664,p1,1011,dragapult-dusknoir,3080,dragapult-dusknoir
4,665,p2,3237,dragapult-blaziken,1445,alakazam-dudunsparce
4,666,p2,2456,n-zoroark,2147,ogerpon-meganium-hydrapple
4,667,p1,0978,festival-lead,2491,basic-box-m
4,668,p1,2008,dragapult-ex,2832,mega-greninja-ex
4,669,p2,0879,lucario-hariyama,0185,dragapult-dusknoir
4,670,p1,3551,mega-lucario-ex,0866,n-zoroark
4,671,p1,2744,alakazam-dudunsparce,3448,n-zoroark
4,672,p2,0773,lillie-clefairy,2335,archaludon-dudunsparce
4,673,p1,2114,ogerpon-meganium-hydrapple,0272,mega-lucario-ex
4,674,p2,2475,basic-box-m,1163,rockets-honchkrow
4,675,p1,2467,ogerpon-meganium-hydrapple,0739,raging-bolt-ogerpon
4,676,p2,0409,rocket-mewtwo-ex,0508,alakazam-dudunsparce
4,677,p1,0070,ethan-typhlosion,1200,ogerpon-meganium-hydrapple
4,678,p2,3158,grimmsnarl-froslass,3215,hops-trevenant
4,679,p1,1268,dragapult-dusknoir,0110,lopunny-dudunsparce
4,680,p1,2203,slowking-scr,2816,cynthia-garchomp-ex
4,681,p1,2186,lopunny-dudunsparce,0644,dragapult-ex
4,682,tie,1886,dragapult-ex,3646,n-zoroark
4,683,p1,0817,slowking-scr,0410,dragapult-dusknoir
4,684,tie,2354,dragapult-dudunsparce,2431,dragapult-ex
4,685,p1,0768,crustle-dri,3236,raging-bolt-ogerpon
4,686,p1,1972,dragapult-dusknoir,1029,n-zoroark
4,687,p2,2117,dragapult-blaziken,0032,basic-box-m
4,688,p2,2765,dragapult-ex,3501,ogerpon-meganium-hydrapple
4,689,tie,3515,dragapult-ex,2276,crustle-dri
4,690,p2,0946,n-zoroark,1245,dragapult-ex
4,691,p2,2584,alakazam-dudunsparce,1917,beedrill-ex-cri
4,692,p2,2628,hops-trevenant,3273,dragapult-blaziken
4,693,p1,3633,ogerpon-meganium-hydrapple,2013,dragapult-ex
4,694,p1,2986,lillie-clefairy,0113,dragapult-ex
4,695,p1,3582,dragapult-dusknoir,0961,dragapult-ex
4,696,p2,3590,n-zoroark,0443,ogerpon-meganium-hydrapple
4,697,tie,2229,n-zoroark,0307,crustle-dri
4,698,p1,0309,dragapult-ex,2554,ethan-typhlosion
4,699,tie,0809,dragapult-ex,1939,ogerpon-meganium-hydrapple
4,700,p2,1055,n-zoroark,2469,raging-bolt-ogerpon
4,701,p2,1613,ogerpon-meganium-hydrapple,1365,ogerpon-meganium-hydrapple
4,702,p2,0847,ogerpon-meganium-hydrapple,3324,n-zoroark
4,703,p2,3079,rockets-honchkrow,2151,raging-bolt-ogerpon
4,704,p1,1609,festival-lead,1239,slowking-scr
4,705,p1,2973,rockets-honchkrow,2297,ogerpon-meganium-hydrapple
4,706,p1,0718,alakazam-dudunsparce,3009,ethan-typhlosion
4,707,p1,2265,alakazam-dudunsparce,2370,alakazam-dudunsparce
4,708,p2,3218,crustle-dri,2782,?metagross
4,709,p1,1952,crustle-dri,1404,ogerpon-meganium-hydrapple
4,710,p2,2875,dragapult-dusknoir,0387,dragapult-dusknoir
4,711,p2,1059,slowking-scr,1472,dragapult-ex
4,712,p1,1817,dragapult-ex,0846,dragapult-blaziken
4,713,p1,0204,dragapult-ex,1916,dragapult-ex
4,714,tie,2974,dragapult-ex,0394,dragapult-blaziken
4,715,p1,0993,dragapult-ex,1675,lopunny-dudunsparce
4,716,tie,1123,ogerpon-meganium-hydrapple,2326,dragapult-ex
4,717,tie,1662,basic-box-m,3084,dragapult-dusknoir
4,718,p1,2731,lopunny-dudunsparce,2996,other
4,719,p1,1074,dragapult-blaziken,3437,dragapult-ex
4,720,p1,3001,dragapult-ex,2465,dragapult-dusknoir
4,721,p2,0415,dragapult-dusknoir,1166,slowking-scr
4,722,p2,1679,n-zoroark,0900,slowking-scr
4,723,p1,1436,dragapult-ex,1390,ethan-typhlosion
4,724,p1,2764,dragapult-dusknoir,0461,raging-bolt-ogerpon
4,725,tie,0210,dragapult-ex,3043,dragapult-ex
4,726,p2,2870,clefairy-ogerpon,0245,dragapult-ex
4,727,p1,0976,dragapult-dusknoir,3172,dragapult-ex
4,728,tie,2568,alakazam-dudunsparce,2067,dragapult-ex
4,729,p2,1449,crustle-dri,0832,crustle-dri
4,730,p2,3220,lucario-hariyama,0790,dragapult-ex
4,731,tie,1363,dragapult-ex,1607,dragapult-blaziken
4,732,p1,3219,dragapult-ex,2823,dragapult-ex
4,733,tie,2856,rockets-honchkrow,0899,mega-greninja-ex
4,734,p1,1947,lopunny-dudunsparce,2801,alakazam-dudunsparce
4,735,p2,3161,beedrill-ex-cri,1165,dragapult-dusknoir
4,736,tie,3018,ogerpon-meganium-hydrapple,0475,dragapult-ex
4,737,p2,0884,hops-trevenant,0631,ogerpon-meganium-hydrapple
4,738,p1,1700,slowking-scr,2407,crustle-dri
4,739,tie,1652,ogerpon-meganium-hydrapple,1400,sharpedo-toxtricity
4,740,p1,3333,crustle-dri,1951,n-zoroark
4,741,p1,3701,dragapult-ex,0542,mega-greninja-ex
4,742,p1,1009,cynthia-garchomp-ex,1687,dragapult-ex
4,743,p1,0920,ogerpon-meganium-hydrapple,0624,alakazam-dudunsparce
4,744,p1,0555,crustle-dri,1135,dragapult-ex
4,745,p2,0897,dragapult-ex,0547,raging-bolt-ogerpon
4,746,p2,3150,lopunny-dudunsparce,2958,alakazam-dudunsparce
4,747,p2,2281,dragapult-ex,0958,dragapult-ex
4,748,p1,2296,crustle-dri,2591,crustle-dri
4,749,tie,1994,dragapult-dusknoir,2867,n-zoroark
4,750,p1,3579,dragapult-dusknoir,2314,rockets-honchkrow
4,751,p2,0364,raging-bolt-ogerpon,3612,dragapult-ex
4,752,p2,1220,dragapult-dusknoir,1226,dragapult-ex
4,753,p1,3127,dragapult-dusknoir,0738,rockets-honchkrow
4,754,p1,0697,dragapult-ex,0998,dragapult-ex
4,755,p2,3396,beedrill-ex-cri,2829,dragapult-ex
4,756,p2,2805,dragapult-ex,2527,slowking-scr
4,757,tie,2916,dragapult-dudunsparce,0509,n-zoroark
4,758,p1,2576,dragapult-dusknoir,0820,ogerpon-meganium-hydrapple
4,759,p1,1780,lopunny-dudunsparce,3187,alakazam-dudunsparce
4,760,p2,3353,ogerpon-meganium-hydrapple,1975,dragapult-dusknoir
4,761,p1,0828,n-zoroark,2490,?
4,762,p2,2872,dragapult-dusknoir,2814,n-zoroark
4,763,p1,2855,n-zoroark,2355,dragapult-ex
4,764,p1,0975,dragapult-blaziken,2909,rocket-mewtwo-ex
4,765,p2,0752,dragapult-ex,0585,dragapult-blaziken
4,766,p1,0786,cynthia-garchomp-ex,0456,rockets-honchkrow
4,767,p2,2167,alakazam-dudunsparce,2327,slowking-scr
4,768,tie,0334,alakazam-dudunsparce,2221,beedrill-ex-cri
4,769,p2,2050,dragapult-ex,3327,dragapult-ex
4,770,tie,0486,ogerpon-meganium-hydrapple,0075,dragapult-ex
4,771,p2,3513,dragapult-ex,3464,dragapult-dusknoir
4,772,p2,1433,beedrill-ex-cri,2149,slowking-scr
4,773,p2,1959,dragapult-ex,2550,?metagross
4,774,p1,0488,dragapult-ex,3137,rockets-honchkrow
4,775,p1,0312,festival-lead,3608,lopunny-dudunsparce
4,776,tie,0549,raging-bolt-ogerpon,2477,dragapult-ex
4,777,p1,1664,ogerpon-meganium-hydrapple,1838,n-zoroark
4,778,tie,1699,dragapult-dusknoir,2597,n-zoroark
4,779,p2,1624,okidogi-barbaracle,2991,alakazam-dudunsparce
4,780,p2,0295,dragapult-dusknoir,2787,beedrill-ex-cri
4,781,tie,2711,n-zoroark,3370,dragapult-dusknoir
4,782,p2,3377,dragapult-ex,3210,slowking-scr
4,783,p1,1299,mega-greninja-ex,2422,bronzong-tef
4,784,p2,2790,kangaskhan-bouffalant,3458,mega-greninja-ex
4,785,p2,0567,dragapult-ex,3732,dragapult-ex
4,786,p1,1006,dragapult-blaziken,2913,ceruledge-ex
4,787,tie,0393,rockets-honchkrow,0604,rockets-honchkrow
4,788,p2,2242,rockets-honchkrow,0119,beedrill-ex-cri
4,789,p1,0067,tera-box,3068,rockets-honchkrow
4,790,p1,3005,greninja-ex,1080,hops-trevenant
4,791,p2,1414,lopunny-dudunsparce,1096,dragapult-ex
4,792,tie,3099,hops-trevenant,0086,joltik-box
4,793,p1,2139,mega-greninja-ex,2987,raging-bolt-ogerpon
4,794,p1,3523,eelektrik-blk,3521,ethan-typhlosion
4,795,tie,2915,crustle-dri,1143,n-zoroark
4,796,p1,0520,rockets-honchkrow,2263,dragapult-blaziken
4,797,tie,0529,dragapult-blaziken,1423,dragapult-ex
4,798,p2,1793,starmie-froslass,2051,lillie-clefairy
4,799,p2,1337,rockets-honchkrow,1023,greninja-ex
4,800,p1,3484,dragapult-dusknoir,2668,lucario-hariyama
4,801,p1,0423,dragapult-ex,0343,ogerpon-meganium-hydrapple
4,802,p1,3015,dragapult-ex,1541,dragapult-ex
4,803,p2,2140,dragapult-dusknoir,1890,lucario-hariyama
4,804,tie,0169,dragapult-ex,1039,alakazam-dudunsparce
4,805,p2,1378,hops-trevenant,1683,dragapult-blaziken
4,806,tie,0140,ogerpon-meganium-hydrapple,3691,dragapult-blaziken
4,807,p1,1010,crustle-dri,0504,crustle-dri
4,808,p1,1411,rocket-mewtwo-ex,0757,ogerpon-meganium-hydrapple
4,809,p2,0967,ogerpon-meganium-hydrapple,1837,raging-bolt-ogerpon
4,810,p2,1686,mega-lucario-ex,3727,rockets-honchkrow
4,811,p2,3034,raging-bolt-ogerpon,2885,cynthia-garchomp-ex
4,812,p1,0548,dragapult-ex,2445,slowking-scr
4,813,tie,1487,rockets-honchkrow,1371,n-zoroark
4,814,p1,3285,dragapult-blaziken,3634,rocket-mewtwo-ex
4,815,tie,0870,lopunny-dudunsparce,1321,dragapult-dusknoir
4,816,p2,0014,dragapult-ex,2218,dragapult-ex
4,817,p2,1882,cynthia-garchomp-ex,2565,raging-bolt-ogerpon
4,818,p1,0635,ogerpon-meganium-arboliva,1615,rockets-honchkrow
4,819,p2,1721,slowking-scr,1113,slowking-scr
4,820,p1,3731,ogerpon-meganium-hydrapple,0678,rocket-mewtwo-ex
4,821,p2,1205,rockets-honchkrow,0589,dragapult-dusknoir
4,822,p2,0891,rocket-mewtwo-ex,1522,mega-absol-box
4,823,p1,0883,ogerpon-meganium-hydrapple,0803,crustle-dri
4,824,p2,3347,ogerpon-meganium-hydrapple,3087,n-zoroark
4,825,p1,1747,beedrill-ex-cri,0089,lopunny-dusknoir
4,826,p1,2638,alakazam-dudunsparce,2526,lucario-hariyama
4,827,p1,3374,dragapult-ex,2323,dragapult-ex
4,828,p1,3198,starmie-dusknoir,1748,rocket-mewtwo-ex
4,829,tie,3509,n-zoroark,0970,kangaskhan-bouffalant
4,830,p2,1832,dragapult-ex,0093,dragapult-ex
4,831,p2,1033,slowking-scr,3044,dragapult-ex
4,832,p2,2119,slowking-scr,3483,n-zoroark
4,833,p2,0191,alakazam-dudunsparce,2948,dragapult-blaziken
4,834,p1,1291,slowking-scr,1715,ogerpon-meganium-hydrapple
4,835,p2,3525,rockets-honchkrow,3675,dragapult-ex
4,836,tie,3002,dragapult-ex,0270,dragapult-blaziken
4,837,tie,1342,mega-greninja-ex,3693,dragapult-ex
4,838,p2,1413,raging-bolt-ogerpon,1043,ogerpon-meganium-hydrapple
4,839,p2,1617,mega-greninja-ex,2623,rockets-honchkrow
4,840,p2,2190,slowking-scr,2784,grimmsnarl-froslass
4,841,p1,1864,lucario-hariyama,1984,n-zoroark
4,842,p2,2961,dragapult-dusknoir,3638,kangaskhan-bouffalant
4,843,p2,0981,rockets-honchkrow,0316,slowking-scr
4,844,p2,3376,raging-bolt-ogerpon,2461,ethan-typhlosion
4,845,p1,0502,dragapult-blaziken,2528,slowking-scr
4,846,p2,2797,dragapult-ex,1671,hops-trevenant
4,847,p2,0085,raging-bolt-ogerpon,0386,ogerpon-meganium-hydrapple
4,848,p2,1443,dragapult-blaziken,3729,dragapult-ex
4,849,p2,2266,beedrill-ex-cri,1041,slowking-scr
4,850,p1,2449,festival-lead,2734,beedrill-ex-cri
4,851,p2,3734,alakazam-dudunsparce,0831,dragapult-ex
4,852,p1,1651,raging-bolt-ogerpon,1187,slowking-scr
4,853,p2,0709,dragapult-ex,2272,grimmsnarl-froslass
4,854,p2,1482,alakazam-dudunsparce,0968,dragapult-dusknoir
4,855,tie,3003,dragapult-ex,2970,dragapult-dusknoir
4,856,p2,1622,dragapult-blaziken,3098,raging-bolt-ogerpon
4,857,p2,3434,rocket-mewtwo-ex,2434,beedrill-ex-cri
4,858,p1,1179,dragapult-blaziken,1203,rockets-honchkrow
4,859,p2,2299,dragapult-ex,1555,dragapult-ex
4,860,p2,0280,kangaskhan-bouffalant,1979,dragapult-dusknoir
4,861,p1,2897,alakazam-dudunsparce,1590,dragapult-ex
4,862,p1,2389,dragapult-dudunsparce,1070,flareon-noctowl
4,863,p1,2820,dragapult-ex,3253,festival-lead
4,864,p2,0519,ogerpon-meganium-hydrapple,1336,?metagross
4,865,p2,3557,alakazam-dudunsparce,0622,ogerpon-meganium-hydrapple
4,866,p1,1847,dragapult-ex,1769,okidogi-barbaracle
4,867,p2,0148,dragapult-ex,3472,beedrill-ex-cri
4,868,p2,2302,mega-greninja-ex,1294,crustle-dri
4,869,p2,1612,dragapult-ex,0424,n-zoroark
4,870,p1,3108,dragapult-dusknoir,2849,dragapult-ex
4,871,p1,3431,dragapult-ex,3609,raging-bolt-ogerpon
4,872,p1,2071,raging-bolt-ogerpon,0190,dragapult-blaziken
4,873,p2,1538,mega-venusaur-ex,3438,dragapult-ex
4,874,p2,1547,dragapult-ex,1149,dragapult-blaziken
4,875,p2,0673,n-zoroark,0310,alakazam-dudunsparce
4,876,p2,0505,mega-greninja-ex,1305,dragapult-dusknoir
4,877,p2,3694,dragapult-dusknoir,2896,n-zoroark
4,878,p2,3284,dragapult-ex,0099,festival-lead
4,879,p2,0292,ogerpon-meganium-hydrapple,1879,dragapult-ex
4,880,p2,1427,ursaluna-lunatone,0416,alakazam-dudunsparce
4,881,p2,1428,dragapult-blaziken,2048,dragapult-ex
4,882,p2,2080,basic-box-m,2381,beedrill-ex-cri
4,883,p2,1731,dragapult-dusknoir,0155,dragapult-dusknoir
4,884,p2,0936,dragapult-ex,2604,rockets-honchkrow
4,885,p2,1257,dragapult-blaziken,3539,rocket-mewtwo-ex
4,886,p1,1196,dragapult-blaziken,3117,slowking-scr
4,887,tie,0510,kangaskhan-bouffalant,2429,lopunny-dudunsparce
4,888,p2,2700,other,1661,n-zoroark
4,889,p1,0189,dragapult-ex,3118,dragapult-ex
4,890,p2,2858,dragapult-ex,0941,raging-bolt-ogerpon
4,891,p2,2244,hops-trevenant,0570,cynthia-garchomp-ex
4,892,p1,2356,dragapult-dudunsparce,2802,ogerpon-meganium-hydrapple
4,893,tie,0667,dragapult-blaziken,3751,mega-greninja-ex
4,894,p2,2733,dragapult-dudunsparce,1124,raging-bolt-ogerpon
4,895,p1,0349,dragapult-ex,1092,ogerpon-meganium-hydrapple
4,896,p1,2981,alakazam-dudunsparce,1397,?metagross
4,897,tie,1880,n-zoroark,2882,dragapult-dusknoir
4,898,tie,0835,dragapult-ex,0926,lopunny-dudunsparce
4,899,p1,2464,ogerpon-meganium-hydrapple,0056,dragapult-dusknoir
4,900,p1,0294,crustle-dri,0371,ogerpon-meganium-hydrapple
4,901,p2,0176,dragapult-ex,1276,dragapult-blaziken
4,902,p2,2243,dragapult-ex,0253,dragapult-ex
4,903,p1,1643,n-zoroark,1896,rocket-mewtwo-ex
4,904,p2,1418,alakazam-dudunsparce,0361,cynthia-garchomp-ex
4,905,p1,0163,basic-box-m,0016,dragapult-blaziken
4,906,tie,0196,dragapult-ex,3415,ogerpon-meganium-hydrapple
4,907,p2,3177,rockets-honchkrow,0872,dragapult-ex
4,908,p2,3289,rocket-mewtwo-ex,0777,slowking-scr
4,909,p1,0823,dragapult-ex,2632,dragapult-ex
4,910,p1,2635,beedrill-ex-cri,2062,n-zoroark
4,911,p1,0103,alakazam-dudunsparce,2412,festival-lead
4,912,p1,0952,dragapult-blaziken,2636,ogerpon-meganium-hydrapple
4,913,tie,2606,dragapult-ex,0463,basic-box-m
4,914,p2,1725,ogerpon-meganium-hydrapple,0760,dragapult-ex
4,915,tie,1931,ethan-typhlosion,3245,dragapult-dusknoir
4,916,p1,0362,dragapult-blaziken,1201,rockets-honchkrow
4,917,p1,1244,dragapult-dusknoir,2644,beedrill-ex-cri
4,918,p2,1534,cynthia-garchomp-ex,3561,slowking-scr
4,919,p2,1435,dragapult-ex,2663,dragapult-ex
4,920,p2,2759,dragapult-dudunsparce,2876,hops-trevenant
4,921,p1,1313,n-zoroark,2729,dragapult-ex
4,922,p2,1354,dragapult-dusknoir,1665,n-zoroark
4,923,p2,1401,dragapult-dusknoir,1672,dragapult-ex
4,924,p1,0639,dragapult-blaziken,2990,beedrill-ex-cri
4,925,p1,0830,dragapult-dusknoir,1636,dragapult-ex
4,926,tie,1375,lopunny-dudunsparce,2521,dragapult-ex
4,927,p1,1322,ogerpon-meganium-hydrapple,1134,slowking-scr
4,928,p2,1517,ethan-typhlosion,1193,dragapult-ex
4,929,p1,1298,lopunny-dudunsparce,2224,dragapult-ex
4,930,p2,1606,rockets-honchkrow,3363,n-zoroark
4,931,p2,1576,dragapult-dusknoir,0306,dragapult-blaziken
4,932,p1,2740,basic-box-m,3319,dragapult-dusknoir
4,933,p1,3008,blaziken-ex-jtg,2031,cynthia-garchomp-ex
4,934,p2,2132,raging-bolt-ogerpon,2798,lopunny-dudunsparce
4,935,p1,0651,dragapult-dusknoir,0583,starmie-dusknoir
4,936,p1,1335,dragapult-ex,0242,rocket-mewtwo-ex
4,937,p1,2939,crustle-dri,2410,mega-greninja-ex
4,938,p1,1507,ogerpon-meganium-hydrapple,0691,dragapult-ex
4,939,tie,1646,basic-box-m,0071,dragapult-ex
4,940,p1,0224,dragapult-ex,2109,dragapult-ex
4,941,p1,1884,starmie-froslass,3144,dragapult-blaziken
4,942,p1,1818,dragapult-dusknoir,0492,mega-greninja-ex
4,943,p1,0111,dragapult-ex,2699,manectric-eelektrik
4,944,p2,1933,dragapult-ex,1416,dragapult-blaziken
4,945,p2,0007,dragapult-dusknoir,0092,alakazam-dudunsparce
4,946,p1,3424,n-zoroark,1697,?metagross
4,947,p1,2738,dragapult-ex,1635,lillie-clefairy
4,948,p1,1895,rockets-honchkrow,3235,?metagross
4,949,tie,1100,dragapult-ex,1898,ethan-typhlosion
4,950,tie,1900,hops-trevenant,3407,dragapult-dusknoir
4,952,tie,3605,n-zoroark,1904,starmie-froslass
4,953,p1,1906,slowking-scr,1729,dragapult-ex
4,954,p1,0771,dragapult-ex,0999,dragapult-ex
4,955,tie,1909,mega-greninja-ex,2670,ogerpon-meganium-hydrapple
4,956,p2,1911,ogerpon-meganium-hydrapple,0546,rocket-mewtwo-ex
4,957,p2,0637,mega-greninja-ex,0712,dragapult-ex
4,961,p2,2833,lucario-hariyama,1922,basic-box-m
4,962,p1,1923,rockets-honchkrow,0526,alakazam-dudunsparce
4,963,p1,2949,rocket-mewtwo-ex,1926,dragapult-blaziken
4,964,p1,1927,raging-bolt-ogerpon,0918,cynthia-garchomp-ex
4,965,p2,2690,n-zoroark,1930,lucario-hariyama
4,966,p1,3149,mega-greninja-ex,1274,rocket-mewtwo-ex
4,967,p1,1934,alakazam-dudunsparce,2962,beedrill-ex-cri
4,968,p2,1815,rocket-spidops,1935,dragapult-dusknoir
4,969,p1,3522,beedrill-ex-cri,1667,raging-bolt-ogerpon
4,970,tie,3031,dragapult-ex,1774,dragapult-ex
4,971,tie,2041,ogerpon-meganium-hydrapple,1913,alakazam-dudunsparce
4,973,p1,0969,?metagross,3402,raging-bolt-ogerpon
4,974,p2,1184,ogerpon-meganium-hydrapple,3349,dragapult-dusknoir
4,975,p2,1303,slowking-scr,3524,rocket-mewtwo-ex
4,976,p1,3471,mega-greninja-ex,3494,alakazam-dudunsparce
4,977,p2,3548,dragapult-dusknoir,2574,dragapult-ex
4,978,p1,3296,dragapult-dusknoir,2380,starmie-dusknoir
4,979,p2,2438,mega-lucario-ex,1434,slowking-scr
4,980,tie,3584,dragapult-ex,1653,mega-greninja-ex
4,981,p1,0919,crustle-dri,0064,beedrill-ex-cri
4,982,tie,0102,n-zoroark,1258,slowking-scr
4,983,p1,0601,crustle-dri,3358,dragapult-ex
4,985,p1,1969,dragapult-ex,0454,dragapult-ex
4,986,p1,1755,dragapult-ex,1127,dragapult-ex
4,987,p1,0077,alakazam-dudunsparce,3631,beedrill-ex-cri
4,988,tie,2791,dragapult-blaziken,0214,ceruledge-ex
4,989,p2,2065,crustle-dri,3281,dragapult-ex
4,990,p1,0069,alakazam-dudunsparce,3428,mega-greninja-ex
4,991,tie,0758,beedrill-ex-cri,3321,slowking-scr
4,992,p2,2078,slowking-scr,2489,dragapult-ex
4,993,p1,3065,dragapult-dusknoir,0179,dragapult-ex
4,994,p1,1000,ogerpon-meganium-hydrapple,2480,raging-bolt-ogerpon
4,995,p2,1703,?metagross,2827,lucario-hariyama
4,996,p2,2806,beedrill-ex-cri,0759,festival-lead
4,997,p2,1993,rocket-mewtwo-ex,0149,metagross-cri
4,998,p2,2736,dragapult-blaziken,3520,alakazam-dudunsparce
4,999,p2,2321,dragapult-blaziken,3025,dragapult-ex
4,1000,p1,1238,dragapult-ex,1709,archaludon-dudunsparce
4,1001,p1,2366,mega-greninja-ex,3310,greninja-ex
4,1002,p2,2300,slowking-scr,1105,joltik-box
4,1004,p1,2007,ogerpon-meganium-hydrapple,2671,beedrill-ex-cri
4,1005,tie,1716,dragapult-ex,1422,ogerpon-meganium-hydrapple
4,1006,p1,2559,ogerpon-meganium-hydrapple,2011,dragapult-dusknoir
4,1007,p1,2995,crustle-dri,2014,toxtricity-pfl
4,1008,p1,0472,dragapult-dusknoir,2016,dragapult-ex
4,1009,p2,2017,lucario-hariyama,1234,dragapult-ex
4,1010,tie,3446,slowking-scr,2019,dragapult-dusknoir
4,1011,tie,0087,hops-trevenant,2022,alakazam-dudunsparce
4,1012,p2,3033,ogerpon-meganium-hydrapple,2023,dragapult-ex
4,1014,p2,2889,alakazam-dudunsparce,2347,other
4,1015,p1,0514,dragapult-dusknoir,2570,ethan-typhlosion
4,1016,tie,1051,ogerpon-meganium-hydrapple,3725,raging-bolt-ogerpon
4,1017,p1,3641,dragapult-dusknoir,3022,alakazam-dudunsparce
4,1018,tie,2399,dragapult-dusknoir,3680,ogerpon-meganium-hydrapple
4,1019,p2,3032,n-zoroark,3050,slowking-scr
4,1020,p1,1447,dragapult-dusknoir,2039,yanmega-ex
4,1021,p1,3206,basic-box-m,2042,alakazam-dudunsparce
4,1022,p2,2044,raging-bolt-ogerpon,1869,crustle-dri
4,1023,p1,3028,alakazam-dudunsparce,2512,basic-box-m
4,1024,p2,2794,alakazam-dudunsparce,0856,dragapult-dusknoir
4,1025,p1,0055,dragapult-ex,2394,raging-bolt-ogerpon
4,1026,p2,2513,grimmsnarl-froslass,3092,dragapult-ex
4,1027,p2,1587,raging-bolt-ogerpon,1674,n-zoroark
4,1028,p2,3259,?metagross,2846,mega-greninja-ex
4,1029,tie,0346,mega-lucario-ex,2391,lopunny-dudunsparce
4,1030,p1,3304,other,1695,alakazam-dudunsparce
4,1031,tie,1712,mega-lucario-ex,0109,ceruledge-ex
4,1032,p1,2413,n-zoroark,0453,n-zoroark
4,1033,p1,1290,dragapult-ex,2066,crustle-dri
4,1035,p1,0106,dragapult-ex,2068,dragapult-dusknoir
4,1036,p1,2070,rockets-honchkrow,1452,archaludon-ex
4,1037,p2,1130,dragapult-ex,2072,slowking-scr
4,1038,p2,2074,slowking-scr,0574,festival-lead
4,1039,p1,0743,slowking-scr,2075,n-zoroark
4,1040,p1,2077,beedrill-ex-cri,0615,dragapult-ex
4,1041,p1,2079,dragapult-ex,0672,dragapult-ex
4,1042,p2,2082,ogerpon-meganium-hydrapple,1315,rockets-honchkrow
4,1043,p1,2084,ogerpon-meganium-hydrapple,0170,rocket-mewtwo-ex
4,1044,p2,2086,n-zoroark,0598,festival-lead
4,1045,p2,3625,dragapult-ex,2087,dragapult-dusknoir
4,1046,p2,2659,dragapult-dusknoir,2090,dragapult-dusknoir
4,1047,p2,2092,other,2534,n-zoroark
4,1048,p1,0120,dragapult-ex,2094,other
4,1049,p2,2096,ogerpon-meganium-hydrapple,0772,ogerpon-meganium-hydrapple
4,1050,p2,0450,dragapult-dusknoir,2097,lillie-clefairy
4,1051,p2,2100,dragapult-dusknoir,1206,tera-box
4,1052,p1,2374,raging-bolt-ogerpon,2102,greninja-ex
4,1053,p2,1376,ogerpon-meganium-hydrapple,2103,cynthia-garchomp-ex
4,1054,p1,2105,n-zoroark,0741,hops-trevenant
4,1056,p2,2059,dragapult-ex,1310,crustle-dri
4,1057,tie,3012,dragapult-ex,2757,lopunny-dudunsparce
4,1058,p1,0249,dragapult-ex,3459,basic-box-m
4,1059,p1,1261,lucario-hariyama,1640,beedrill-ex-cri
4,1060,p1,1455,rockets-honchkrow,3405,raging-bolt-ogerpon
4,1061,p1,2696,crustle-dri,2388,mega-greninja-ex
4,1062,tie,0465,dragapult-dusknoir,0680,n-zoroark
4,1063,p1,2720,dragapult-ex,1533,dragapult-dusknoir
4,1064,p1,3275,dragapult-dusknoir,2865,slowking-scr
4,1065,p1,0268,dragapult-dusknoir,2104,rocket-mewtwo-ex
4,1066,tie,1160,mega-lucario-ex,2600,dragapult-ex
4,1067,p2,3194,dragapult-dusknoir,0388,crustle-dri
4,1068,p2,3270,dragapult-ex,2202,ceruledge-ex
4,1069,p2,0414,rocket-mewtwo-ex,2040,basic-box-m
4,1070,p2,0413,dragapult-ex,1269,basic-box-m
4,1071,p2,0238,n-zoroark,2677,dragapult-blaziken
4,1072,p1,3053,n-zoroark,0060,dragapult-ex
4,1073,p2,1724,raging-bolt-ogerpon,0173,dragapult-ex
4,1074,p1,2313,dragapult-dusknoir,0540,archaludon-dudunsparce
4,1075,p1,0804,dragapult-dusknoir,3391,basic-box-m
4,1076,tie,0657,dragapult-dusknoir,2822,dragapult-blaziken
4,1077,tie,0261,greninja-blaziken,0561,dragapult-ex
4,1078,p1,3216,dragapult-dusknoir,1684,dragapult-ex
4,1079,p1,2710,dragapult-blaziken,3124,dragapult-dusknoir
4,1080,p2,0638,slowking-scr,2845,raging-bolt-ogerpon
4,1081,p1,2135,basic-box-m,1301,ogerpon-meganium-hydrapple
4,1082,p1,3135,slowking-scr,2433,tera-box
4,1083,p2,1738,mega-venusaur-ex,2895,mega-greninja-ex
4,1084,p2,0964,n-zoroark,1845,rocket-mewtwo-ex
4,1085,p1,1707,rocket-mewtwo-ex,3677,other
4,1086,p1,1808,ogerpon-meganium-hydrapple,2293,dragapult-dusknoir
4,1087,p2,2567,mega-venusaur-ex,3636,starmie-froslass
4,1088,p1,0178,beedrill-ex-cri,2869,lillie-clefairy
4,1089,p2,2248,hops-trevenant,3191,alakazam-dudunsparce
4,1090,p2,0180,lopunny-dudunsparce,1527,dragapult-ex
4,1091,p2,3724,dragapult-ex,1496,mega-lucario-ex
4,1092,p2,0130,raging-bolt-ogerpon,0781,lopunny-dudunsparce
4,1093,p1,2199,beedrill-ex-cri,2303,tera-box
4,1094,p2,0337,dragapult-ex,3571,n-zoroark
4,1095,tie,0988,ceruledge-ex,2684,alakazam-dudunsparce
4,1096,p2,0732,raging-bolt-ogerpon,3445,dragapult-dusknoir
4,1097,p1,0630,dragapult-ex,2432,alakazam-dudunsparce
4,1098,p2,2694,archaludon-dudunsparce,1058,rockets-honchkrow
4,1099,p1,2978,crustle-dri,2076,dragapult-ex
4,1100,p1,2655,dragapult-ex,2358,raging-bolt-ogerpon
4,1101,p1,0611,raging-bolt-ogerpon,2340,raging-bolt-ogerpon
4,1102,tie,2061,dragapult-ex,0441,archaludon-ex
4,1103,p1,1885,mega-greninja-ex,3559,crustle-dri
4,1104,p1,0906,dragapult-blaziken,0533,dragapult-ex
4,1105,p2,2482,cynthia-garchomp-ex,3750,dragapult-ex
4,1106,p2,1045,kangaskhan-bouffalant,2510,mega-greninja-ex
4,1107,tie,1281,dragapult-blaziken,3498,marnie-grimmsnarl-ex
4,1108,p2,3527,alakazam-dudunsparce,0469,dragapult-dusknoir
4,1109,p2,0097,dragapult-blaziken,1690,lucario-hariyama
4,1110,p1,2926,crustle-dri,3159,mega-greninja-ex
4,1111,p2,2367,dragapult-ex,1171,alakazam-dudunsparce
4,1112,p1,2549,mega-absol-box,0650,rocket-mewtwo-ex
4,1113,p1,0452,n-zoroark,3060,starmie-dusknoir
4,1114,p2,2751,ogerpon-meganium-hydrapple,1859,lopunny-dudunsparce
4,1115,p1,2795,other,2045,mega-greninja-ex
4,1116,p2,0595,alakazam-dudunsparce,1987,dragapult-dusknoir
4,1117,p1,1022,dragapult-ex,1326,mega-venusaur-ex
4,1118,p1,3714,dragapult-dudunsparce,1425,greninja-ex
4,1119,p2,2728,dragapult-dusknoir,1454,dragapult-blaziken
4,1120,p1,0720,raging-bolt-ogerpon,0047,dragapult-ex
4,1121,p1,0782,dragapult-blaziken,0628,ogerpon-meganium-hydrapple
4,1122,p1,1251,lopunny-dudunsparce,3614,dragapult-ex
4,1123,p1,1128,mega-lucario-ex,1871,mega-lucario-ex
4,1124,p2,0914,raging-bolt-ogerpon,0813,dragapult-ex
4,1125,p1,2336,ogerpon-meganium-hydrapple,1626,ogerpon-meganium-hydrapple
4,1126,tie,3078,n-zoroark,3112,ogerpon-meganium-hydrapple
4,1127,p2,2905,ogerpon-meganium-hydrapple,0551,alakazam-dudunsparce
4,1128,p2,0320,mega-greninja-ex,2304,dragapult-dusknoir
4,1129,tie,2254,dragapult-blaziken,2466,rocket-mewtwo-ex
4,1131,p1,3401,ogerpon-meganium-hydrapple,2003,starmie-froslass
4,1132,p1,1872,crustle-dri,1420,lillie-clefairy
4,1133,p2,2257,dragapult-dusknoir,1044,basic-box-m
4,1134,p2,2403,beedrill-ex-cri,1821,ethan-typhlosion
4,1135,tie,1156,dragapult-dusknoir,2942,beedrill-ex-cri
4,1136,p2,0082,dragapult-ex,3549,alakazam-dudunsparce
4,1137,p2,2378,ogerpon-meganium-arboliva,3702,hops-trevenant
4,1138,p2,0445,dragapult-dusknoir,2850,n-zoroark
4,1139,p2,3444,ethan-typhlosion,0347,dragapult-ex
4,1140,p2,3596,dragapult-dusknoir,2211,lillie-clefairy
4,1141,p2,2546,cynthia-garchomp-ex,1347,dragapult-dusknoir
4,1142,p2,0652,dragapult-dusknoir,1042,raging-bolt-ogerpon
4,1143,p2,0735,mega-greninja-ex,2959,dragapult-ex
4,1144,p2,0633,dragapult-dusknoir,0395,alakazam-dudunsparce
4,1145,p2,2931,dragapult-ex,1005,basic-box-m
4,1146,p2,3239,dragapult-blaziken,0808,basic-box-m
4,1147,p1,3274,dragapult-dusknoir,2262,dragapult-dusknoir
4,1148,p2,2441,dragapult-dusknoir,2946,basic-box-m
4,1149,p1,1620,alakazam-dudunsparce,2716,ogerpon-meganium-arboliva
4,1150,p2,0408,slowking-scr,0864,dragapult-ex
4,1153,p1,3400,rockets-honchkrow,1919,ogerpon-meganium-hydrapple
4,1154,p2,2470,starmie-froslass,2444,dragapult-ex
4,1155,p1,0577,kangaskhan-bouffalant,2333,slowking-scr
4,1156,p1,3723,ogerpon-meganium-arboliva,0460,ogerpon-meganium-hydrapple
4,1157,p2,2589,alakazam-dudunsparce,0841,rockets-honchkrow
4,1158,p1,2169,dragapult-ex,0703,mega-greninja-ex
4,1159,p1,0177,dragapult-dusknoir,2312,raging-bolt-ogerpon
4,1160,p1,0647,dragapult-ex,3306,dragapult-dusknoir
4,1161,p2,2924,n-zoroark,1266,crustle-dri
4,1162,p2,0921,n-zoroark,3298,dragapult-ex
4,1163,p1,0599,lopunny-dudunsparce,3726,starmie-dusknoir
4,1164,p1,3081,?metagross,1282,n-zoroark
4,1165,tie,2785,dragapult-ex,1492,rocket-mewtwo-ex
4,1166,tie,1103,dragapult-blaziken,1476,n-zoroark
4,1167,p1,2029,alakazam-dudunsparce,1856,raging-bolt-ogerpon
4,1168,tie,0330,raging-bolt-ogerpon,2703,dragapult-ex
4,1169,p2,0405,mega-greninja-ex,3173,n-zoroark
4,1170,p2,3023,mega-greninja-ex,0050,cynthia-garchomp-ex
4,1171,p2,0746,flareon-noctowl,1252,alakazam-dudunsparce
4,1172,p2,3311,mega-absol-box,2645,alakazam-dudunsparce
4,1173,tie,1956,dragapult-ex,0397,dragapult-dusknoir
4,1174,p2,2280,hops-trevenant,0236,starmie-dusknoir
4,1175,p2,0634,mega-lucario-ex,0287,lucario-hariyama
4,1176,p2,0833,alakazam-dudunsparce,2599,festival-lead
4,1177,p1,0877,jellicent-dusknoir,3026,dragapult-dusknoir
4,1178,p1,1524,kangaskhan-bouffalant,1551,mega-greninja-ex
4,1179,p2,1714,n-zoroark,2493,dragapult-dusknoir
4,1180,p2,0545,raging-bolt-ogerpon,2879,mega-greninja-ex
4,1181,p2,1259,dragapult-blaziken,0518,raging-bolt-ogerpon
4,1182,p2,1419,cynthia-garchomp-ex,2843,starmie-froslass
4,1183,p1,2658,slowking-scr,0989,slowking-scr
4,1184,p2,0428,?metagross,3350,hops-trevenant
4,1185,p1,2174,?metagross,0020,dragapult-ex
4,1186,p2,3091,dragapult-dusknoir,3204,mega-greninja-ex
4,1187,p1,3496,dragapult-blaziken,0564,dragapult-ex
4,1188,p2,3581,lopunny-dudunsparce,0303,alakazam-dudunsparce
4,1189,p2,3142,alakazam-dudunsparce,2575,dragapult-ex
4,1190,p1,0816,archaludon-dudunsparce,1875,raging-bolt-ogerpon
4,1191,tie,1978,dragapult-ex,2860,dragapult-ex
4,1192,p1,2292,raging-bolt-ogerpon,1761,slowking-scr
4,1193,p1,1082,diancie-dusknoir,2504,raging-bolt-ogerpon
4,1194,p2,3489,greninja-ex,2717,dragapult-dusknoir
4,1195,p1,0683,raging-bolt-ogerpon,3403,dragapult-ex
4,1196,p2,0128,ogerpon-meganium-hydrapple,1628,dragapult-ex
4,1197,p1,3511,dragapult-ex,2472,basic-box-m
4,1198,p1,1169,dragapult-blaziken,2844,starmie-dusknoir
4,1199,p2,3473,dragapult-dusknoir,1489,diancie-dusknoir
4,1200,p1,1224,dragapult-dusknoir,3232,dragapult-ex
4,1201,p1,3735,bronzong-tef,2651,mega-greninja-ex
4,1202,p1,0183,dragapult-ex,1851,dragapult-dusknoir
4,1203,p2,2372,alakazam-dudunsparce,1737,beedrill-ex-cri
4,1204,p2,1621,dragapult-ex,0426,ceruledge-ex
4,1205,p2,1514,dragapult-ex,1460,slowking-scr
4,1206,tie,2000,dragapult-ex,0796,alakazam-dudunsparce
4,1207,p1,1536,n-zoroark,1139,greninja-ex
4,1208,p1,2815,n-zoroark,0143,dragapult-ex
4,1209,p1,0744,dragapult-ex,0655,n-zoroark
4,1210,tie,0098,dragapult-dusknoir,3686,raging-bolt-ogerpon
4,1211,tie,0001,slowking-scr,0800,basic-box-m
4,1212,p2,1873,festival-lead,2615,starmie-dusknoir
4,1213,p2,1711,starmie-dusknoir,0262,beedrill-ex-cri
4,1214,p1,3122,mega-starmie-ex,3166,basic-box-m
4,1215,p2,2420,dragapult-dusknoir,3169,basic-box-m
4,1216,tie,3072,toxtricity-box,2359,dragapult-dudunsparce
4,1217,p2,1953,basic-box-m,1302,basic-box-m
4,1218,p2,2035,raging-bolt-ogerpon,1050,n-zoroark
4,1219,p2,2247,toxtricity-box,1332,n-zoroark
4,1220,p1,3536,raging-bolt-ogerpon,2120,dragapult-ex
4,1221,p2,2863,n-zoroark,1331,festival-lead
4,1222,p2,1509,slowking-scr,1846,dragapult-dusknoir
4,1223,p1,2267,n-zoroark,3695,dragapult-dusknoir
4,1224,tie,3365,dragapult-ex,0258,other
4,1225,p2,2165,dragapult-blaziken,0578,dragapult-dusknoir
4,1226,p2,1429,raging-bolt-ogerpon,1330,basic-box-m
4,1227,tie,0392,rockets-honchkrow,1688,raging-bolt-ogerpon
4,1228,tie,0929,?,2187,festival-lead
4,1229,p1,3337,ogerpon-meganium-hydrapple,1593,dragapult-ex
4,1230,p2,2653,dragapult-ex,1153,dragapult-dudunsparce
4,1231,p2,2588,basic-box-m,2376,beedrill-ex-cri
4,1232,p2,1146,mega-lucario-ex,0689,basic-box-m
4,1233,p2,3476,dragapult-ex,3378,ogerpon-meganium-hydrapple
4,1234,p1,2665,lucario-hariyama,0487,alakazam-dudunsparce
4,1235,tie,1918,dragapult-dusknoir,1608,n-zoroark
4,1236,tie,0785,n-zoroark,2099,lucario-hariyama
4,1237,p2,3583,lucario-hariyama,2500,dragapult-dusknoir
4,1238,p1,1973,slowking-scr,0078,mega-greninja-ex
4,1239,p2,1158,diancie-dusknoir,2021,dragapult-ex
4,1240,p1,1572,dragapult-blaziken,0474,hops-trevenant
4,1241,p1,1554,rocket-mewtwo-ex,1805,slowking-scr
4,1242,p2,3372,raging-bolt-ogerpon,0837,mega-absol-box
4,1243,p2,2295,alakazam-dudunsparce,0818,raging-bolt-ogerpon
4,1244,p1,1771,dragapult-ex,1316,lopunny-dudunsparce
4,1245,p1,3109,mega-greninja-ex,3495,dragapult-blaziken
4,1246,p1,1614,festival-lead,1789,dragapult-ex
4,1247,p1,2688,mega-greninja-ex,2188,mega-lucario-ex
4,1248,p1,3328,crustle-dri,1126,dragapult-blaziken
4,1249,p1,1204,n-zoroark,0298,dragapult-ex
4,1250,p1,1842,mega-greninja-ex,1801,dragapult-ex
4,1251,p2,1285,alakazam-dudunsparce,0123,dragapult-dusknoir
4,1252,p2,3433,raging-bolt-ogerpon,3246,ogerpon-meganium-hydrapple
4,1253,p1,1222,dragapult-ex,0557,crustle-dri
4,1254,p2,2963,ogerpon-meganium-hydrapple,1054,dragapult-dusknoir
4,1255,p2,1990,dragapult-ex,2478,sharpedo-toxtricity
4,1256,p1,3247,n-zoroark,1693,basic-box-m
4,1257,p1,2502,n-zoroark,2405,alakazam-dudunsparce
4,1258,p2,2154,greninja-ex,0986,dragapult-dusknoir
4,1259,p2,3697,dragapult-blaziken,3589,festival-lead
4,1260,p1,0511,ogerpon-meganium-hydrapple,3752,ogerpon-meganium-hydrapple
4,1261,p2,3672,mega-greninja-ex,0584,mega-greninja-ex
4,1262,p2,3748,starmie-dusknoir,3728,alakazam-dudunsparce
4,1263,p1,1110,dragapult-ex,1766,mega-greninja-ex
4,1264,tie,2496,mega-greninja-ex,1946,mega-greninja-ex
4,1265,p2,0100,dragapult-ex,1372,crustle-dri
4,1266,p2,3390,lucario-hariyama,0194,raging-bolt-ogerpon
4,1267,p2,1843,dragapult-ex,3698,alakazam-dudunsparce
4,1268,p2,1129,ogerpon-meganium-hydrapple,1478,ethan-typhlosion
4,1269,p2,2458,slowking-scr,1438,alakazam-dudunsparce
4,1270,p2,2350,n-zoroark,1318,alakazam-dudunsparce
4,1271,p2,3618,diancie-dusknoir,1325,dragapult-ex
4,1272,p2,0865,sharpedo-toxtricity,2752,mega-lucario-ex
4,1273,p2,1228,dragapult-dusknoir,1816,alakazam-dudunsparce
4,1274,p1,2006,ogerpon-meganium-hydrapple,0982,dragapult-ex
4,1275,p1,1279,tera-box,2208,greninja-ex
4,1276,p1,2328,dragapult-dusknoir,1327,ogerpon-meganium-hydrapple
4,1277,p1,0313,dragapult-ex,3441,ogerpon-meganium-hydrapple
4,1278,p1,2674,raging-bolt-ogerpon,1586,ogerpon-meganium-hydrapple
4,1279,p1,2888,dragapult-ex,2577,raging-bolt-ogerpon
4,1280,tie,3330,raging-bolt-ogerpon,2773,beedrill-ex-cri
4,1281,p2,2179,doublade-por,0427,festival-lead
4,1282,tie,2874,lopunny-dudunsparce,1355,dragapult-dusknoir
4,1283,p1,2851,dragapult-dusknoir,0789,dragapult-dusknoir
4,1284,p1,3394,rockets-honchkrow,1809,raging-bolt-ogerpon
4,1285,p2,0317,ethan-typhlosion,1986,dragapult-ex
4,1286,p1,2177,dragapult-ex,1132,misty-gyarados
4,1287,p1,3035,raging-bolt-ogerpon,0576,?metagross
4,1288,p2,1289,ogerpon-meganium-hydrapple,3184,dragapult-dusknoir
4,1289,p2,2249,raging-bolt-ogerpon,1018,ogerpon-meganium-hydrapple
4,1290,p2,3674,raging-bolt-ogerpon,0643,dragapult-dusknoir
4,1291,p1,0401,festival-lead,0225,dragapult-ex
4,1292,p1,2223,dragapult-ex,2552,ogerpon-meganium-hydrapple
4,1293,p2,0769,kangaskhan-bouffalant,1591,n-zoroark
4,1294,p1,2250,n-zoroark,0084,?metagross
4,1295,p1,3592,festival-lead,3585,cynthia-garchomp-ex
4,1296,tie,0053,rockets-honchkrow,0853,beedrill-ex-cri
4,1297,p1,3417,dragapult-ex,3687,rocket-mewtwo-ex
4,1298,p1,1471,mega-greninja-ex,0885,starmie-froslass
4,1299,p2,0670,festival-lead,3269,dragapult-ex
4,1300,p2,2060,mega-lucario-ex,3599,dragapult-ex
4,1301,p2,0079,mega-venusaur-ex,1970,dragapult-ex
4,1302,p2,2141,dragapult-ex,0886,grimmsnarl-froslass
4,1303,tie,0344,n-zoroark,3048,n-zoroark
4,1304,p2,3749,dragapult-ex,2421,lillie-clefairy
4,1305,p2,3704,rockets-honchkrow,2212,dragapult-ex
4,1306,p2,2921,basic-box-m,3243,basic-box-m
4,1307,p2,1997,?metagross,0880,lopunny-dudunsparce
4,1308,tie,2343,dragapult-blaziken,2239,n-zoroark
4,1309,tie,0484,hop-zacian,0003,dragapult-ex
4,1310,p2,1718,n-zoroark,1121,greninja-ex
4,1311,p2,2859,mega-starmie-ex,1470,ogerpon-meganium-hydrapple
4,1312,p2,0321,mega-greninja-ex,3651,dragapult-ex
4,1313,p1,0283,dragapult-blaziken,2712,lillie-clefairy
4,1314,p1,3361,alakazam-dudunsparce,1571,dragapult-blaziken
4,1315,p2,2620,dragapult-blaziken,0201,slowking-scr
4,1316,p2,3366,dragapult-dusknoir,1785,crustle-dri
4,1317,p2,2448,ogerpon-meganium-hydrapple,2144,basic-box-m
4,1318,tie,1763,raging-bolt-ogerpon,2259,dragapult-ex
4,1319,p1,1223,rockets-honchkrow,1421,dragapult-dusknoir
4,1320,p1,2952,dragapult-dusknoir,1647,dragapult-dusknoir
4,1321,p1,1605,dragapult-ex,1584,mega-greninja-ex
4,1322,p2,0890,dragapult-blaziken,2723,dragapult-ex
4,1323,p1,2531,dragapult-blaziken,2545,beedrill-ex-cri
4,1324,p1,2956,dragapult-ex,3629,basic-box-m
4,1325,p1,3652,basic-box-m,2998,crustle-dri
4,1326,p2,0091,cynthia-garchomp-ex,1374,beedrill-ex-cri
4,1327,p1,0256,dragapult-dusknoir,3175,dragapult-blaziken
4,1328,p2,0566,mega-zygarde-ex,3628,dragapult-dusknoir
4,1329,p1,1813,dragapult-ex,1549,?metagross
4,1330,p1,0794,beedrill-ex-cri,3692,alakazam-dudunsparce
4,1331,p1,3181,dragapult-ex,0193,dragapult-blaziken
4,1332,tie,1380,dragapult-dusknoir,2737,rocket-mewtwo-ex
4,1333,p2,2918,lopunny-dudunsparce,1625,dragapult-blaziken
4,1334,p1,0677,alakazam-dudunsparce,0350,starmie-dusknoir
4,1335,p2,0840,rocket-mewtwo-ex,2537,dragapult-ex
4,1336,p1,3550,dragapult-ex,0801,grimmsnarl-froslass
4,1337,p1,1850,greninja-ex,0208,dragapult-ex
4,1338,p2,1642,dragapult-dusknoir,0151,mega-lucario-ex
4,1339,p2,1398,dragapult-ex,3533,dragapult-ex
4,1340,p2,0040,?metagross,1728,dragapult-ex
4,1341,p2,0094,festival-lead,1344,alakazam-dudunsparce
4,1342,p1,2965,dragapult-blaziken,3482,ogerpon-meganium-hydrapple
4,1343,p2,1573,ogerpon-meganium-hydrapple,3226,diancie-dusknoir
4,1344,p1,2514,dragapult-ex,3195,dragapult-blaziken
4,1345,p1,2393,rocket-mewtwo-ex,3272,n-zoroark
4,1346,tie,1061,rockets-honchkrow,0528,mega-lucario-ex
4,1347,p2,2057,mega-greninja-ex,0471,dragapult-dusknoir
4,1348,p1,0172,ogerpon-meganium-hydrapple,3386,dragapult-dudunsparce
4,1349,p2,2168,raging-bolt-ogerpon,3211,crustle-dri
4,1350,p2,2371,beedrill-ex-cri,2255,dragapult-ex
4,1351,p1,3071,dragapult-dusknoir,1777,hops-trevenant
4,1352,p2,2617,beedrill-ex-cri,0874,ogerpon-meganium-hydrapple
4,1353,p2,1915,rocket-mewtwo-ex,2796,slowking-scr
4,1354,p2,2530,alakazam-dudunsparce,0243,crustle-dri
4,1355,p1,1649,festival-lead,1242,rocket-mewtwo-ex
4,1356,p1,1980,cynthia-garchomp-ex,2610,ceruledge-ex
4,1357,p1,0122,diancie-dusknoir,0992,ogerpon-meganium-hydrapple
4,1358,p1,2551,dragapult-ex,2886,flareon-noctowl
4,1359,p2,3120,alakazam-dudunsparce,1142,alakazam-dudunsparce
4,1360,p2,2286,grimmsnarl-froslass,0006,slowking-scr
4,1361,p2,2129,dragapult-dusknoir,1561,n-zoroark
4,1362,tie,3039,basic-box-m,3741,dragapult-ex
4,1363,p2,1473,mega-starmie-ex,1941,dragapult-dusknoir
4,1364,p1,0378,dragapult-dusknoir,3238,dragapult-dusknoir
4,1365,p1,3240,dragapult-dusknoir,2698,dragapult-dusknoir
4,1366,p2,1861,mega-greninja-ex,2209,dragapult-blaziken
4,1367,p1,3423,dragapult-dusknoir,0614,dragapult-blaziken
4,1368,p1,1976,starmie-froslass,0945,hops-trevenant
4,1369,p2,1781,crustle-dri,1147,n-zoroark
4,1370,p1,3517,dragapult-dudunsparce,3385,dragapult-blaziken
4,1371,p2,2853,dragapult-dusknoir,0439,tera-box
4,1372,p1,3650,mega-greninja-ex,3362,dragapult-ex
4,1373,tie,2706,lucario-hariyama,1361,festival-lead
4,1374,p1,0875,ogerpon-meganium-hydrapple,1439,mega-lucario-ex
4,1375,tie,1495,greninja-ex,3425,alakazam-dudunsparce
4,1376,p1,1273,dragapult-ex,0905,basic-box-m
4,1377,p1,1618,dragapult-ex,3656,kangaskhan-bouffalant
4,1378,p1,2435,ogerpon-meganium-hydrapple,1982,dragapult-ex
4,1379,p1,3250,n-zoroark,2369,slowking-scr
4,1380,p1,0767,starmie-dusknoir,1556,ethan-typhlosion
4,1381,p2,3266,alakazam-dudunsparce,0457,ceruledge-ex
4,1382,tie,2133,dragapult-blaziken,1094,ceruledge-ex
4,1383,p2,3189,n-zoroark,0202,dragapult-ex
4,1384,p2,1388,festival-lead,2246,dragapult-ex
4,1385,p2,3451,ceruledge-ex,0916,rocket-mewtwo-ex
4,1386,tie,1185,mega-greninja-ex,3412,crustle-dri
4,1387,tie,2226,other,2506,raging-bolt-ogerpon
4,1388,p2,0702,archaludon-dudunsparce,1633,dragapult-ex
4,1389,p1,2481,lillie-clefairy,0422,slowking-scr
4,1390,p1,0682,alakazam-dudunsparce,1511,joltik-box
4,1391,p1,0021,festival-lead,3623,rockets-honchkrow
4,1392,p2,3147,n-zoroark,0218,dragapult-ex
4,1393,p1,1650,dragapult-dusknoir,0740,other
4,1394,p2,0433,alakazam-dudunsparce,3404,alakazam-dudunsparce
4,1395,p2,1539,alakazam-dudunsparce,1306,dragapult-ex
4,1396,p1,3506,alakazam-dudunsparce,0912,ogerpon-meganium-hydrapple
4,1397,tie,2613,beedrill-ex-cri,0907,lucario-hariyama
4,1398,p1,0197,hops-trevenant,2804,dragapult-blaziken
4,1399,p1,1027,slowking-scr,2341,basic-box-m
4,1400,p1,2847,dragapult-ex,0536,greninja-ex
4,1401,p1,2826,dragapult-ex,1161,eelektrik-blk
4,1402,p1,1389,ogerpon-meganium-hydrapple,3619,beedrill-ex-cri
4,1403,p1,0787,dragapult-dusknoir,1955,crustle-dri
4,1404,p1,1008,clefairy-ogerpon,3160,raging-bolt-ogerpon
4,1405,tie,0722,slowking-scr,0002,alakazam-dudunsparce
4,1406,p2,3587,dragapult-ex,3659,slowking-scr
4,1407,p2,3443,n-zoroark,2034,mega-lucario-ex
4,1408,p2,0066,ethan-typhlosion,0282,n-zoroark
4,1409,p2,1311,n-zoroark,3744,rocket-mewtwo-ex
4,1410,p1,2709,dragapult-dusknoir,3450,ogerpon-meganium-hydrapple
4,1411,p2,1164,lucario-hariyama,1221,lillie-clefairy
4,1412,p1,1568,dragapult-dusknoir,3125,raging-bolt-ogerpon
4,1413,p1,2093,crustle-dri,2725,starmie-froslass
4,1414,p1,2172,ogerpon-meganium-hydrapple,1292,dragapult-ex
4,1415,p2,2767,dragapult-ex,1271,n-zoroark
4,1416,p1,2721,dragapult-dusknoir,0764,dragapult-ex
4,1417,p1,1877,alakazam-dudunsparce,1339,slowking-scr
4,1418,p2,2125,?metagross,2196,ethan-typhlosion
4,1419,p2,3435,dragapult-blaziken,3645,lopunny-dudunsparce
4,1420,p1,2417,slowking-scr,2507,dragapult-blaziken
4,1421,p2,1681,mega-lucario-ex,3341,dragapult-ex
4,1422,p2,0142,dragapult-blaziken,2553,dragapult-ex
4,1423,p1,2127,rocket-mewtwo-ex,2904,dragapult-blaziken
4,1424,tie,0706,mega-greninja-ex,1996,ogerpon-meganium-hydrapple
4,1425,tie,0275,ethan-typhlosion,1191,mega-greninja-ex
4,1426,p2,3439,lucario-hariyama,3019,dragapult-dudunsparce
4,1427,p1,1144,dragapult-ex,0131,mega-greninja-ex
4,1428,p2,3508,slowking-scr,1190,basic-box-m
4,1429,p1,3255,dragapult-ex,2277,dragapult-ex
4,1430,p2,0027,ethan-typhlosion,2884,lucario-hariyama
4,1431,p1,1254,ogerpon-meganium-hydrapple,0857,dragapult-dusknoir
4,1432,p1,2641,dragapult-ex,2593,n-zoroark
4,1433,p1,0765,dragapult-dusknoir,1616,dragapult-dusknoir
4,1434,p2,1030,raging-bolt-ogerpon,1867,dragapult-blaziken
4,1435,p1,1025,slowking-scr,3113,raging-bolt-ogerpon
4,1436,tie,2397,dragapult-ex,1515,basic-box-m
4,1437,tie,3742,n-zoroark,2360,dragapult-froslass
4,1438,p2,1296,dragapult-ex,1825,dragapult-ex
4,1439,p2,2605,ethan-typhlosion,3528,dragapult-ex
4,1440,p1,2462,archaludon-dudunsparce,1804,hops-trevenant
4,1441,p1,0563,n-zoroark,1189,jellicent-dusknoir
4,1442,p1,3014,n-zoroark,1528,greninja-ex
4,1443,tie,2596,ogerpon-meganium-hydrapple,2647,alakazam-dudunsparce
4,1444,p1,0675,dragapult-dusknoir,3131,mega-greninja-ex
4,1445,p1,1601,alakazam-dudunsparce,2854,raging-bolt-ogerpon
4,1446,p2,1548,ogerpon-meganium-hydrapple,1176,?metagross
4,1447,tie,0455,grimmsnarl-froslass,0195,slowking-scr
4,1448,p2,0162,mega-lucario-ex,0435,dragapult-ex
4,1449,p1,3537,dragapult-ex,3510,mega-lucario-ex
4,1450,p1,0024,dragapult-ex,0632,dragapult-blaziken
4,1451,tie,3406,dragapult-ex,2957,raging-bolt-ogerpon
4,1452,p1,1796,lucario-hariyama,0515,dragapult-ex
4,1453,p1,2253,alakazam-dudunsparce,1003,dragapult-blaziken
4,1454,p2,0844,dragapult-ex,2520,lillie-clefairy
4,1455,tie,3055,alakazam-dudunsparce,2081,alakazam-dudunsparce
4,1456,p2,3244,?metagross,1498,doublade-por
4,1457,p2,2483,ogerpon-meganium-hydrapple,2064,hops-trevenant
4,1458,tie,3746,dragapult-ex,2450,dragapult-blaziken
4,1459,p1,0985,dragapult-blaziken,3133,dragapult-ex
4,1460,p2,0035,other,2691,dragapult-dusknoir
4,1461,tie,1356,beedrill-ex-cri,2812,slowking-scr
4,1462,p2,2841,mega-venusaur-ex,2564,dragapult-dusknoir
4,1463,p1,0707,other,2163,alakazam-dudunsparce
4,1464,p2,1026,alakazam-dudunsparce,2656,n-zoroark
4,1465,p1,2708,slowking-scr,2357,slowking-scr
4,1466,p2,3454,lillie-clefairy,1491,dragapult-dusknoir
4,1467,p1,3256,basic-box-m,2046,lucario-hariyama
4,1468,p1,0373,kangaskhan-bouffalant,2661,ogerpon-meganium-hydrapple
4,1469,tie,2993,hops-trevenant,0372,ogerpon-meganium-hydrapple
4,1470,p2,1564,festival-lead,3051,dragapult-ex
4,1471,p2,0756,rocket-mewtwo-ex,0924,dragapult-ex
4,1472,p1,2834,n-zoroark,1212,mega-charizard-x-ex
4,1473,p2,2352,mega-greninja-ex,2819,lucario-hariyama
4,1474,p2,2666,ogerpon-meganium-hydrapple,3418,dragapult-dusknoir
4,1475,p1,0377,dragapult-blaziken,0562,decidueye-ex
4,1476,p1,1897,alakazam-dudunsparce,3062,lucario-hariyama
4,1477,tie,0083,alakazam-dudunsparce,2275,rocket-mewtwo-ex
4,1478,p2,1001,dragapult-ex,2115,dragapult-dusknoir
4,1479,p2,2486,mega-greninja-ex,2237,raging-bolt-ogerpon
4,1480,p2,3530,dragapult-ex,1071,dragapult-blaziken
4,1481,p1,1409,slowking-scr,1860,alakazam-dudunsparce
4,1482,p2,2685,lucario-hariyama,2848,crustle-dri
4,1483,p1,0136,lillie-clefairy,2101,lillie-clefairy
4,1484,p2,2745,basic-box-m,0156,n-zoroark
4,1485,p1,0625,alakazam-dudunsparce,1756,dragapult-ex
4,1486,p2,2148,dragapult-blaziken,0876,n-zoroark
4,1487,tie,1596,dragapult-ex,3095,lopunny-dudunsparce
4,1488,p2,3647,beedrill-ex-cri,2540,starmie-dusknoir
4,1489,p2,1698,dragapult-ex,0734,lucario-hariyama
4,1490,p1,0904,mega-greninja-ex,0733,dragapult-dusknoir
4,1491,p1,2396,dragapult-ex,1007,mega-greninja-ex
4,1492,tie,2933,slowking-scr,1658,rockets-honchkrow
4,1493,p2,0607,dragapult-dudunsparce,2240,n-zoroark
4,1494,p1,1575,slowking-scr,3180,starmie-froslass
4,1495,tie,0497,crustle-dri,3730,dragapult-dusknoir
4,1496,p1,0038,starmie-froslass,1141,other
4,1497,p2,1099,cynthia-garchomp-ex,3167,n-zoroark
4,1498,tie,2639,beedrill-ex-cri,1173,dragapult-ex
4,1499,p1,1465,raging-bolt-ogerpon,2928,mega-greninja-ex
4,1500,p1,2972,n-zoroark,1067,lucario-hariyama
4,1501,tie,3234,rockets-honchkrow,1440,dragapult-ex
4,1502,p2,0965,n-zoroark,3064,lucario-hariyama
4,1503,p1,3261,dragapult-ex,1284,?metagross
4,1504,p2,0308,dragapult-dusknoir,1320,dragapult-blaziken
4,1505,p2,3291,ogerpon-meganium-hydrapple,3397,dragapult-blaziken
4,1506,p2,0041,dragapult-dusknoir,1563,alakazam-dudunsparce
4,1507,p1,3398,dragapult-ex,2762,ogerpon-meganium-hydrapple
4,1508,p1,1087,slowking-scr,1288,crustle-dri
4,1509,p1,3543,dragapult-ex,0385,dragapult-blaziken
4,1510,tie,3334,dragapult-ex,1546,cynthia-garchomp-ex
4,1511,p2,2807,dragapult-ex,0418,?metagross
4,1512,p1,1060,raging-bolt-ogerpon,0481,ogerpon-meganium-hydrapple
4,1513,p1,1670,ceruledge-ex,1297,rockets-honchkrow
4,1514,p1,2271,okidogi-barbaracle,2463,rockets-honchkrow
4,1515,p2,3667,?metagross,2968,dragapult-dusknoir
4,1516,p1,2866,dragapult-ex,0571,beedrill-ex-cri
4,1517,p2,3314,ogerpon-meganium-hydrapple,0951,dragapult-dusknoir
4,1518,p1,3228,mega-lucario-ex,2473,rockets-honchkrow
4,1519,p1,2664,dragapult-ex,1806,alakazam-dudunsparce
4,1520,p1,2967,alakazam-dudunsparce,0090,slowking-scr
4,1521,p2,2754,cynthia-garchomp-ex,0668,rockets-honchkrow
4,1522,p2,1630,?metagross,3115,dragapult-dusknoir
4,1523,p1,0291,crustle-dri,0328,dragapult-ex
4,1524,p2,3171,n-zoroark,2821,raging-bolt-ogerpon
4,1525,p1,0376,dragapult-ex,1111,rockets-honchkrow
4,1526,p2,3654,mega-lucario-ex,3201,basic-box-m
4,1527,p2,1217,ogerpon-meganium-hydrapple,1788,dragapult-ex
4,1528,p1,2161,cynthia-garchomp-ex,3067,?metagross
4,1529,p2,0466,dragapult-dusknoir,3685,rocket-spidops
4,1530,tie,1936,dragapult-ex,1377,hops-trevenant
4,1531,p2,1412,dragapult-ex,2518,ogerpon-meganium-hydrapple
4,1532,p2,0223,slowking-scr,1181,dragapult-ex
4,1533,tie,2781,alakazam-dudunsparce,0550,n-zoroark
4,1534,p1,0725,dragapult-dusknoir,2753,rockets-honchkrow
4,1535,p2,1188,?metagross,1629,dragapult-ex
4,1536,p1,0073,n-zoroark,2524,other
4,1537,p2,0153,ogerpon-meganium-hydrapple,2808,lopunny-dudunsparce
4,1538,p1,0572,festival-lead,1399,raging-bolt-ogerpon
4,1539,p2,2427,alakazam-dudunsparce,1442,archaludon-dudunsparce
4,1540,p2,2732,dragapult-ex,3682,hops-trevenant
4,1541,p1,2222,n-zoroark,2387,archaludon-dudunsparce
4,1542,p1,2264,slowking-scr,0957,dragapult-ex
4,1543,tie,1085,ethan-typhlosion,0749,dragapult-blaziken
4,1544,p2,0044,crustle-dri,0088,slowking-scr
4,1545,p2,1219,dragapult-ex,2287,other
4,1546,p1,0072,crustle-dri,3664,dragapult-ex
4,1547,p2,0586,dragapult-ex,3663,dragapult-ex
4,1548,p2,1958,starmie-froslass,2983,crustle-dri
4,1549,p2,2522,lopunny-dudunsparce,1503,dragapult-ex
4,1550,tie,0279,dragapult-ex,0815,dragapult-dudunsparce
4,1551,p2,3747,dragapult-ex,1308,dragapult-dusknoir
4,1552,p2,2779,alakazam-dudunsparce,3395,mega-greninja-ex
4,1553,tie,2364,ogerpon-meganium-hydrapple,3186,archaludon-dudunsparce
4,1554,p2,0829,dragapult-blaziken,3597,crustle-dri
4,1555,p1,1468,dragapult-blaziken,3295,ethan-typhlosion
4,1556,p2,0375,dragapult-ex,2468,dragapult-ex
4,1557,p1,0973,rockets-honchkrow,1230,beedrill-ex-cri
4,1558,p1,1542,crustle-dri,1386,raging-bolt-ogerpon
4,1559,p1,0729,mega-lucario-ex,3718,n-zoroark
4,1560,p1,2558,rocket-mewtwo-ex,0996,hops-trevenant
4,1561,p2,3430,n-zoroark,2555,rockets-honchkrow
4,1562,p1,2026,ogerpon-meganium-hydrapple,0398,dragapult-ex
4,1563,p1,0311,dragapult-ex,3643,dragapult-blaziken
4,1564,p1,3258,dragapult-blaziken,3305,mega-greninja-ex
4,1565,tie,2428,alakazam-dudunsparce,3090,grimmsnarl-froslass
4,1566,p2,3615,dragapult-dudunsparce,2789,other
4,1567,p1,1833,?metagross,2667,alakazam-dudunsparce
4,1568,p1,0687,raging-bolt-ogerpon,2775,raging-bolt-ogerpon
4,1569,p2,3500,alakazam-dudunsparce,1069,froslass-munkidori
4,1570,p2,3380,n-zoroark,2954,festival-lead
4,1571,p2,3260,raging-bolt-ogerpon,0296,ogerpon-meganium-hydrapple
4,1572,p2,2319,festival-lead,1680,greninja-ex
4,1573,p1,3231,dragapult-blaziken,2541,starmie-dusknoir
4,1574,p1,3227,rockets-honchkrow,3277,ethan-typhlosion
4,1575,p1,1668,diancie-dusknoir,0719,dragapult-ex
4,1576,p2,2756,slowking-scr,1379,dragapult-dusknoir
4,1577,p2,1218,dragapult-ex,0046,dragapult-blaziken
4,1578,p2,0301,dragapult-blaziken,2726,alakazam-dudunsparce
4,1579,p2,3545,archaludon-dudunsparce,1520,dragapult-ex
4,1580,tie,2298,alakazam-dudunsparce,2910,ethan-typhlosion
4,1581,p2,1704,?metagross,0417,mega-greninja-ex
4,1582,p2,1211,beedrill-ex-cri,3102,alakazam-dudunsparce
4,1583,p2,2001,dragapult-ex,2923,n-zoroark
4,1584,p2,1786,mega-greninja-ex,0855,raging-bolt-ogerpon
4,1585,p1,2542,slowking-scr,3146,raging-bolt-ogerpon
4,1586,p2,0447,dragapult-dusknoir,0814,archaludon-dudunsparce
4,1587,p2,3708,ceruledge-ex,3302,dragapult-ex
4,1588,p1,3540,mega-absol-box,2474,greninja-ex
4,1589,p2,1779,dragapult-blaziken,3649,lopunny-dudunsparce
4,1590,tie,3690,hops-trevenant,0013,dragapult-ex
4,1591,p2,2681,raging-bolt-ogerpon,3679,dragapult-dusknoir
4,1592,p1,3657,rocket-mewtwo-ex,0289,mega-greninja-ex
4,1593,p2,3085,dragapult-dusknoir,2452,dragapult-ex
4,1594,p2,2268,dragapult-ex,0246,raging-bolt-ogerpon
4,1595,p1,3676,dragapult-dusknoir,3301,dragapult-blaziken
4,1596,p1,2735,beedrill-ex-cri,1304,ogerpon-meganium-hydrapple
4,1597,p1,1963,ogerpon-meganium-hydrapple,3093,?metagross
4,1598,p2,0382,ceruledge-ex,0506,dragapult-blaziken
4,1599,p2,3017,dragapult-dudunsparce,0676,dragapult-ex
4,1600,p2,3429,alakazam-dudunsparce,2183,lopunny-dudunsparce
4,1601,p1,3493,ogerpon-meganium-hydrapple,2730,rocket-mewtwo-ex
4,1602,p2,2771,dragapult-ex,2344,ogerpon-meganium-hydrapple
4,1603,p2,0834,other,2702,rockets-honchkrow
4,1604,p2,1493,dragapult-ex,2365,n-zoroark
4,1605,p1,1350,dragapult-ex,1508,alakazam-dudunsparce
4,1606,p2,3703,mega-lucario-ex,0600,dragapult-dusknoir
4,1607,p2,0049,mega-greninja-ex,0745,mega-greninja-ex
4,1608,p2,3290,ogerpon-meganium,0121,greninja-ex
4,1609,tie,0390,dragapult-dusknoir,2091,dragapult-dusknoir
4,1610,p1,0784,diancie-dusknoir,2580,n-zoroark
4,1611,p1,0019,slowking-scr,3332,festival-lead
4,1612,p2,0836,raging-bolt-ogerpon,3564,dragapult-ex
4,1613,p1,2585,crustle-dri,1857,alakazam-dudunsparce
4,1614,p1,3565,n-zoroark,0868,blissey-ex
4,1615,p2,1899,lucario-hariyama,1868,hops-trevenant
4,1616,p1,0882,dragapult-blaziken,1382,dragapult-ex
4,1617,p2,2164,raging-bolt-ogerpon,3054,starmie-froslass
4,1618,p2,0909,slowking-scr,2631,dragapult-ex
4,1619,p2,3555,basic-box-m,1255,ogerpon-meganium-hydrapple
4,1620,p2,2727,rockets-honchkrow,3733,rocket-mewtwo-ex
4,1621,p1,2492,dragapult-ex,2430,dragapult-ex
4,1622,p1,3421,dragapult-ex,2301,dragapult-dusknoir
4,1623,p2,1985,dragapult-ex,3463,dragapult-ex
4,1624,p2,0496,ethan-typhlosion,1920,dragapult-blaziken
4,1625,p2,0609,dragapult-ex,1089,dragapult-blaziken
4,1626,p2,3460,starmie-dusknoir,1734,dragapult-dusknoir
4,1627,p1,1767,hops-trevenant,2447,mega-greninja-ex
4,1628,p1,2693,dragapult-ex,0543,dragapult-ex
4,1629,p2,3088,lopunny-dudunsparce,2511,cynthia-garchomp-ex
4,1630,p1,2436,festival-lead,3309,alakazam-dudunsparce
4,1631,p1,0867,festival-lead,1583,lillie-clefairy
4,1632,p1,2766,mega-greninja-ex,2018,mega-abomasnow-ex
4,1633,p1,0603,dragapult-blaziken,0724,other
4,1634,p2,2205,alakazam-dudunsparce,2437,dragapult-ex
4,1635,p1,3558,dragapult-dusknoir,1225,mega-greninja-ex
4,1636,tie,3665,rockets-honchkrow,1403,n-zoroark
4,1637,tie,0623,grimmsnarl-froslass,0819,cynthia-garchomp-ex
4,1638,p1,2395,alakazam-dudunsparce,0656,dragapult-dusknoir
4,1639,p2,3038,raging-bolt-ogerpon,3554,n-zoroark
4,1640,p2,2914,dragapult-blaziken,3357,cynthia-garchomp-ex
4,1641,p1,3466,mega-lucario-ex,3442,mega-greninja-ex
4,1642,p1,0994,dragapult-ex,1828,slowking-scr
4,1643,tie,1012,cynthia-garchomp-ex,0363,other
4,1644,p2,1654,dragapult-dusknoir,3083,ogerpon-meganium-hydrapple
4,1645,p2,0524,ogerpon-meganium-hydrapple,2857,dragapult-ex
4,1646,p1,2318,dragapult-ex,3107,dragapult-blaziken
4,1647,p1,2601,crustle-dri,2878,cynthia-garchomp-ex
4,1648,p1,2977,alakazam-dudunsparce,1357,mega-greninja-ex
4,1649,p2,2792,raging-bolt-ogerpon,1910,beedrill-ex-cri
4,1650,p2,0403,mega-starmie-ex,0642,rockets-honchkrow
4,1651,p2,3381,manectric-eelektrik,1751,basic-box-m
4,1652,p1,2979,dragapult-ex,0636,ceruledge-ex
4,1653,p1,2516,mega-greninja-ex,0750,slowking-scr
4,1654,p1,1887,mega-greninja-ex,1195,ogerpon-meganium-arboliva
4,1655,p2,1240,dragapult-blaziken,2508,dragapult-dusknoir
4,1656,p2,0658,starmie-dusknoir,0222,mega-lucario-ex
4,1657,p2,3192,beedrill-ex-cri,1577,dragapult-ex
4,1658,p1,2557,dragapult-ex,3313,mega-greninja-ex
4,1659,p2,2621,dragapult-ex,1660,crustle-dri
4,1660,tie,1903,grimmsnarl-froslass,2760,hops-trevenant
4,1661,p2,3681,cynthia-garchomp-ex,2488,alakazam-dudunsparce
4,1662,tie,1723,dragapult-ex,3710,dragapult-dusknoir
4,1663,p2,1406,alakazam-dudunsparce,2485,dragapult-blaziken
4,1664,p1,0108,dragapult-dudunsparce,1334,rockets-honchkrow
4,1665,p2,2650,alakazam-dudunsparce,3141,dragapult-ex
4,1666,p2,1415,slowking-scr,2648,ogerpon-meganium-hydrapple
4,1667,p2,0532,lillie-clefairy,1249,?metagross
4,1668,p1,2898,dragapult-ex,3461,alakazam-dudunsparce
4,1669,p2,1839,cynthia-garchomp-ex,0898,dragapult-ex
4,1670,p1,1757,rockets-honchkrow,1999,slowking-scr
4,1671,p1,2592,ogerpon-meganium-hydrapple,0028,dragapult-dusknoir
4,1672,tie,2269,alakazam-dudunsparce,0005,mega-greninja-ex
4,1673,p2,1830,dragapult-ex,3188,greninja-ex
4,1674,p1,1891,ogerpon-meganium-hydrapple,0255,ogerpon-meganium-hydrapple
4,1675,p2,3369,lopunny-dudunsparce,2713,n-zoroark
4,1676,tie,1424,dragapult-ex,2999,ogerpon-meganium-arboliva
4,1677,p2,3715,basic-box-m,3475,hops-trevenant
4,1678,p1,0340,dragapult-dusknoir,0115,slowking-scr
4,1679,p2,0582,basic-box-m,2657,dragapult-ex
4,1680,p2,3419,dragapult-ex,2024,mega-greninja-ex
4,1681,p1,0556,lucario-hariyama,1453,alakazam-dudunsparce
4,1682,p2,1112,ogerpon-meganium-hydrapple,1248,alakazam-dudunsparce
4,1683,p1,1307,alakazam-dudunsparce,0147,other
4,1684,p2,1840,mega-greninja-ex,1209,lucario-hariyama
4,1685,p1,0774,cynthia-garchomp-ex,0383,rockets-honchkrow
4,1686,p2,1762,other,3457,n-zoroark
4,1687,p1,3607,dragapult-ex,0893,alakazam-dudunsparce
4,1688,p1,1345,kangaskhan-bouffalant,0213,okidogi-barbaracle
4,1689,tie,3020,n-zoroark,0710,slowking-scr
4,1690,p1,1118,basic-box-m,2676,dragapult-ex
4,1691,p1,0862,crustle-dri,1513,dragapult-dusknoir
4,1692,p1,3105,lucario-hariyama,3606,ogerpon-meganium
4,1693,p1,0939,alakazam-dudunsparce,1570,starmie-dusknoir
4,1694,p1,0754,raging-bolt-ogerpon,0430,mega-venusaur-ex
4,1695,p1,0357,?metagross,3056,mega-manectric-ex-meg
4,1696,p1,0821,cynthia-garchomp-ex,0737,n-zoroark
4,1697,p1,2324,diancie-dusknoir,0145,dragapult-dusknoir
4,1698,p1,0011,raging-bolt-ogerpon,3538,alakazam-dudunsparce
4,1699,p2,3490,archaludon-ex,0580,ethan-typhlosion
4,1700,p1,0181,raging-bolt-ogerpon,0062,lopunny-dudunsparce
4,1701,p2,2130,mega-greninja-ex,0096,mega-greninja-ex
4,1702,p2,2678,mega-greninja-ex,0168,slowking-scr
4,1703,p2,0507,ethan-typhlosion,2624,dragapult-ex
4,1704,p2,2166,mega-venusaur-ex,0157,ogerpon-meganium-hydrapple
4,1705,p1,0271,dragapult-ex,2835,dragapult-ex
4,1706,p1,1510,crustle-dri,1328,ogerpon-meganium-hydrapple
4,1707,p2,2178,dragapult-ex,3568,n-zoroark
4,1708,p1,3737,mega-froslass-dudunsparce,0559,crustle-dri
4,1709,p1,0997,beedrill-ex-cri,3387,ogerpon-meganium-hydrapple
4,1710,p2,0159,rocket-mewtwo-ex,1108,crustle-dri
4,1711,p1,3738,rocket-mewtwo-ex,1432,basic-box-m
4,1712,p1,0341,raging-bolt-ogerpon,0648,dragapult-dusknoir
4,1713,p2,0212,?metagross,2307,dragapult-ex
4,1714,p2,0917,dragapult-ex,2476,dragapult-ex
4,1715,p1,1753,cynthia-garchomp-ex,0947,mega-greninja-ex
4,1716,p1,0490,dragapult-dudunsparce,3699,rockets-honchkrow
4,1717,p2,1820,lillie-clefairy,3268,raging-bolt-ogerpon
4,1718,p2,3688,starmie-froslass,3600,flareon-ex
4,1719,p1,1505,ogerpon-meganium-hydrapple,2155,crustle-dri
4,1720,p2,2384,starmie-dusknoir,0232,starmie-froslass
4,1721,p2,1894,ogerpon-meganium-hydrapple,0451,alakazam-dudunsparce
4,1722,p1,1459,lucario-hariyama,1237,slowking-scr
4,1723,p1,3683,dragapult-ex,3151,rockets-honchkrow
4,1724,p2,0842,raging-bolt-ogerpon,1760,ethan-typhlosion
4,1725,p2,1152,ogerpon-meganium-arboliva,3013,ogerpon-meganium-hydrapple
4,1726,p1,0299,dragapult-ex,3642,slowking-scr
4,1727,p1,2817,dragapult-dusknoir,2637,raging-bolt-ogerpon
4,1728,p2,2598,slowking-scr,2453,basic-box-m
4,1729,p2,0943,rockets-honchkrow,2842,n-zoroark
4,1730,p1,2824,lucario-hariyama,0608,dragapult-dusknoir
4,1731,p1,3478,crustle-dri,0285,mega-abomasnow-ex
4,1732,p2,1914,lillie-clefairy,1800,alakazam-dudunsparce
4,1733,p2,2346,lucario-hariyama,3485,dragapult-ex
4,1734,p1,0663,slowking-scr,1657,beedrill-ex-cri
4,1735,p1,0228,dragapult-ex,3355,other
4,1736,p2,3233,n-zoroark,2150,mega-greninja-ex
4,1737,p1,2118,ogerpon-meganium-hydrapple,0612,dragapult-ex
4,1738,p1,0370,?metagross,2982,lillie-clefairy
4,1739,p2,3449,hydreigon-ex,0259,dragapult-dusknoir
4,1740,p1,3132,lucario-hariyama,3739,mega-greninja-ex
4,1741,p2,3351,dragapult-dusknoir,2233,dragapult-blaziken
4,1742,tie,0380,mega-greninja-ex,3129,dragapult-blaziken
4,1743,p1,3024,ceruledge-ex,2538,other
4,1744,p1,0591,ceruledge-ex,0901,dragapult-dusknoir
4,1745,p2,3251,dragapult-dusknoir,1393,bronzong-tef
4,1746,p1,0251,dragapult-dusknoir,2951,ogerpon-meganium-arboliva
4,1747,p1,2811,crustle-dri,3487,dragapult-dusknoir
4,1748,p1,2971,lucario-hariyama,0331,lucario-hariyama
4,1749,p2,1246,dragapult-ex,0851,dragapult-ex
4,1750,tie,2056,alakazam-dudunsparce,1889,dragapult-ex
4,1751,p1,2108,hops-trevenant,2189,lillie-clefairy
4,1752,p1,0138,dragapult-dusknoir,3063,beedrill-ex-cri
4,1753,p2,2232,flareon-noctowl,2497,dragapult-blaziken
4,1754,p2,3503,ceruledge-ex,1387,dragapult-blaziken
4,1755,p1,1603,mega-greninja-ex,0366,dragapult-dusknoir
4,1756,p1,2215,doublade-por,0573,crustle-dri
4,1757,p1,1066,lucario-hariyama,0278,mega-greninja-ex
4,1758,p2,2113,alakazam-dudunsparce,3578,dragapult-ex
4,1759,tie,0955,n-zoroark,0209,dragapult-dusknoir
5,1,p1,3422,dragapult-ex,1746,alakazam-dudunsparce
5,2,p2,0297,n-zoroark,1764,clefairy-ogerpon
5,3,p1,0404,dragapult-ex,0293,slowking-scr
5,4,p2,3265,dragapult-blaziken,1461,dragapult-dusknoir
5,5,p2,2852,lucario-hariyama,1938,cynthia-garchomp-ex
5,6,p1,1182,dragapult-ex,2339,ceruledge-ex
5,7,p1,3271,ogerpon-meganium-hydrapple,2251,dragapult-dusknoir
5,8,p2,2669,dragapult-ex,3721,n-zoroark
5,9,p1,3486,dragapult-dusknoir,0923,dragapult-ex
5,10,p2,3526,slowking-scr,2401,ogerpon-meganium-hydrapple
5,11,tie,1095,n-zoroark,2112,dragapult-dusknoir
5,12,p2,0972,dragapult-ex,3286,dragapult-ex
5,13,p1,1497,dragapult-ex,2134,dragapult-ex
5,14,p1,0135,crustle-dri,0015,n-zoroark
5,15,p1,1048,dragapult-ex,1430,basic-box-m
5,16,p2,1265,ogerpon-meganium-hydrapple,1024,alakazam-dudunsparce
5,17,p1,2083,lillie-clefairy,0873,basic-box-m
5,18,p2,0407,dragapult-ex,3130,n-zoroark
5,19,p1,1519,crustle-dri,1360,dragapult-ex
5,20,p1,0940,festival-lead,3713,n-zoroark
5,21,p2,2984,dragapult-ex,1803,ogerpon-meganium-hydrapple
5,22,p2,3432,dragapult-ex,0458,crustle-dri
5,23,p2,2743,dragapult-ex,0594,sylveon-pre
5,24,tie,0314,dragapult-dusknoir,2454,crustle-dri
5,25,p2,0273,lopunny-dudunsparce,2256,beedrill-ex-cri
5,26,p1,3267,dragapult-ex,2207,ogerpon-meganium-hydrapple
5,27,p2,1140,dragapult-dusknoir,0030,dragapult-ex
5,28,p2,3546,rocket-mewtwo-ex,2919,dragapult-ex
5,29,p1,3110,ceruledge-ex,1656,dragapult-ex
5,30,p1,3707,dragapult-blaziken,0664,alakazam-dudunsparce
5,31,p1,2373,slowking-scr,0231,dragapult-ex
5,32,p1,3197,n-zoroark,0822,dragapult-ex
5,33,p1,3103,dragapult-ex,3573,alakazam-dudunsparce
5,34,p1,2216,alakazam-dudunsparce,0915,dragapult-ex
5,35,p1,3655,dragapult-ex,1795,dragapult-dusknoir
5,36,p2,0286,dragapult-ex,2368,basic-box-m
5,37,p1,3200,basic-box-m,3325,starmie-froslass
5,38,p2,0922,dragapult-ex,1053,slowking-scr
5,39,p2,3089,mega-lucario-ex,2689,slowking-scr
5,40,p1,2539,lucario-hariyama,2901,basic-box-m
5,41,p2,0470,alakazam-dudunsparce,1831,dragapult-blaziken
5,42,p2,2881,slowking-scr,3595,dragapult-ex
5,43,p1,1021,dragapult-ex,0167,dragapult-ex
5,44,tie,1907,dragapult-ex,3670,dragapult-blaziken
5,45,tie,2602,dragapult-dusknoir,2184,dragapult-ex
5,46,p1,3371,dragapult-ex,2180,dragapult-blaziken
5,47,tie,0942,dragapult-ex,3588,dragapult-dusknoir
5,48,tie,3507,festival-lead,3221,ethan-typhlosion
5,49,p1,3280,n-zoroark,1752,n-zoroark
5,50,tie,0553,dragapult-ex,2562,dragapult-ex
5,51,tie,0537,crustle-dri,2966,dragapult-blaziken
5,52,p1,0928,alakazam-dudunsparce,3029,rockets-honchkrow
5,53,p2,3076,rocket-mewtwo-ex,1727,festival-lead
5,54,p1,0319,dragapult-ex,3101,alakazam-dudunsparce
5,55,p1,1019,dragapult-ex,0654,diancie-dusknoir
5,56,p1,1346,dragapult-ex,1210,dragapult-dusknoir
5,57,p1,0126,dragapult-dusknoir,3379,dragapult-ex
5,58,p2,1122,dragapult-ex,0226,basic-box-m
5,59,p2,2997,dragapult-ex,0629,dragapult-ex
5,60,p1,0762,dragapult-ex,1431,ogerpon-meganium-hydrapple
5,61,p1,0963,basic-box-m,2049,slowking-scr
5,62,p1,1227,dragapult-ex,1229,dragapult-ex
5,63,tie,2633,dragapult-ex,1974,beedrill-ex-cri
5,64,p1,1198,dragapult-blaziken,2363,ogerpon-meganium-hydrapple
5,65,p2,2241,ogerpon-meganium-hydrapple,3712,dragapult-ex
5,66,p2,0133,n-zoroark,2236,rockets-honchkrow
5,67,p1,1797,dragapult-ex,0406,slowking-scr
5,68,p1,3303,dragapult-dusknoir,0220,dragapult-ex
5,69,tie,1300,dragapult-blaziken,2739,metagross-cri
5,70,p1,1267,dragapult-dusknoir,3027,dragapult-ex
5,71,p2,3154,dragapult-ex,2085,dragapult-dusknoir
5,72,tie,2533,raging-bolt-ogerpon,1949,dragapult-ex
5,73,p1,0031,dragapult-ex,1466,n-zoroark
5,74,tie,1567,ethan-typhlosion,1637,dragapult-ex
5,75,p2,1323,dragapult-ex,2836,dragapult-ex
5,76,tie,2679,dragapult-ex,1504,ogerpon-meganium-hydrapple
5,77,p1,1893,dragapult-ex,1109,slowking-scr
5,78,p1,1343,dragapult-ex,2284,ethan-typhlosion
5,79,p2,0770,dragapult-blaziken,2338,dragapult-ex
5,80,p1,1991,dragapult-ex,2662,basic-box-m
5,81,p2,0134,dragapult-dusknoir,0805,dragapult-ex
5,82,p2,1945,dragapult-blaziken,3426,n-zoroark
5,83,p1,1855,dragapult-ex,1384,dragapult-dusknoir
5,84,p1,3624,dragapult-ex,2629,mega-lucario-ex
5,85,p2,0493,dragapult-ex,2494,dragapult-ex
5,86,p2,0530,grimmsnarl-froslass,0592,n-zoroark
5,87,p1,3488,crustle-dri,3604,dragapult-ex
5,88,p2,3393,n-zoroark,3560,ogerpon-meganium-hydrapple
5,89,p1,2818,metagross-cri,3644,alakazam-dudunsparce
5,90,p1,3637,crustle-dri,2578,n-zoroark
5,91,p1,2627,dragapult-ex,3037,alakazam-dudunsparce
5,92,p2,2529,dragapult-blaziken,0521,crustle-dri
5,93,p1,1183,alakazam-dudunsparce,3041,n-zoroark
5,94,p2,1456,dragapult-ex,0795,dragapult-ex
5,95,p2,2098,raging-bolt-ogerpon,0374,dragapult-ex
5,96,p2,1340,dragapult-dusknoir,3567,dragapult-ex
5,97,p2,3214,dragapult-ex,1104,cynthia-garchomp-ex
5,98,p2,3114,dragapult-ex,2763,dragapult-ex
5,99,p2,1648,basic-box-m,2498,dragapult-ex
5,100,p2,0074,dragapult-ex,0827,alakazam-dudunsparce
5,101,p1,3254,dragapult-ex,0112,dragapult-ex
5,102,tie,0104,dragapult-ex,0579,dragapult-ex
5,103,p2,2398,dragapult-ex,0389,dragapult-ex
5,104,p1,0369,alakazam-dudunsparce,1758,beedrill-ex-cri
5,105,p2,1733,hops-trevenant,1863,dragapult-ex
5,106,p2,1481,dragapult-blaziken,3630,crustle-dri
5,107,p1,2569,dragapult-ex,3148,dragapult-ex
5,108,p1,3140,festival-lead,0166,dragapult-dusknoir
5,109,p2,0384,mega-lucario-ex,0852,dragapult-dudunsparce
5,110,p1,3225,rockets-honchkrow,1197,crustle-dri
5,111,p2,0649,hops-trevenant,3162,dragapult-ex
5,112,p1,2310,n-zoroark,0184,dragapult-dusknoir
5,113,tie,0391,basic-box-m,3106,dragapult-ex
5,114,p2,0935,rocket-mewtwo-ex,2258,dragapult-ex
5,115,tie,3276,dragapult-ex,3497,dragapult-ex
5,116,p2,0716,dragapult-ex,3282,dragapult-dusknoir
5,117,p1,0778,crustle-dri,3477,dragapult-blaziken
5,118,p1,3209,dragapult-ex,0063,dragapult-dusknoir
5,119,p2,0365,crustle-dri,1948,slowking-scr
5,120,p1,0679,dragapult-ex,0042,lucario-hariyama
5,121,p2,1968,dragapult-ex,1381,n-zoroark
5,122,p2,1631,dragapult-blaziken,1964,dragapult-ex
5,123,p2,0501,stevens-metagross,0473,n-zoroark
5,124,p1,1971,dragapult-blaziken,2330,dragapult-dusknoir
5,125,p1,3409,dragapult-dusknoir,1394,dragapult-ex
5,126,p1,2813,dragapult-ex,0464,dragapult-ex
5,127,tie,0489,rockets-honchkrow,2687,dragapult-ex
5,128,p2,2649,dragapult-ex,2408,dragapult-ex
5,129,p1,0010,n-zoroark,3329,crustle-dri
5,130,p1,1484,grimmsnarl-froslass,0646,crustle-dri
5,131,p1,2563,grimmsnarl-froslass,2137,dragapult-ex
5,132,tie,3294,ethan-typhlosion,1787,dragapult-blaziken
5,133,p2,0824,ogerpon-meganium-hydrapple,3616,dragapult-ex
5,134,p2,3343,dragapult-ex,0165,alakazam-dudunsparce
5,135,p1,2230,basic-box-m,3178,dragapult-ex
5,136,p1,0059,crustle-dri,0610,alakazam-dudunsparce
5,137,p1,1611,dragapult-ex,3689,dragapult-ex
5,138,p2,2305,dragapult-ex,1247,crustle-dri
5,139,p2,1585,dragapult-ex,0107,ogerpon-meganium-hydrapple
5,140,p2,3574,crustle-dri,3356,basic-box-m
5,141,p2,3292,dragapult-dusknoir,0978,festival-lead
5,142,p2,0672,dragapult-ex,2986,lillie-clefairy
5,143,p2,1854,n-zoroark,1365,ogerpon-meganium-hydrapple
5,144,p2,1351,dragapult-ex,3059,raging-bolt-ogerpon
5,145,p2,0230,crustle-dri,3049,dragapult-ex
5,146,p2,1917,beedrill-ex-cri,0200,alakazam-dudunsparce
5,147,p2,0429,crustle-dri,3658,slowking-scr
5,148,p2,2715,starmie-froslass,3283,dragapult-ex
5,149,p2,1972,dragapult-dusknoir,3338,slowking-scr
5,150,tie,0860,dragapult-dusknoir,2495,dragapult-ex
5,151,p2,2234,dragapult-dusknoir,3119,lucario-hariyama
5,152,p1,1159,basic-box-m,3185,other
5,153,p2,3502,festival-lead,2777,hops-trevenant
5,154,p1,1848,slowking-scr,0626,dragapult-dusknoir
5,155,p1,3104,dragapult-ex,1574,lopunny-dudunsparce
5,156,tie,0546,rocket-mewtwo-ex,1812,dragapult-ex
5,157,p2,2335,archaludon-dudunsparce,2907,ogerpon-meganium-hydrapple
5,158,p2,1600,dragapult-ex,0895,dragapult-ex
5,159,tie,0953,dragapult-dudunsparce,0581,raging-bolt-ogerpon
5,160,p2,1619,alakazam-dudunsparce,3582,dragapult-dusknoir
5,161,p1,0054,basic-box-m,3145,dragapult-dusknoir
5,162,tie,0037,hops-trevenant,3572,festival-lead
5,163,p2,0379,slowking-scr,0560,basic-box-m
5,164,p1,0659,n-zoroark,2331,dragapult-blaziken
5,165,p2,3040,raging-bolt-ogerpon,0182,festival-lead
5,166,p1,0012,dragapult-dusknoir,2940,alakazam-dudunsparce
5,167,p2,0731,ogerpon-meganium-hydrapple,1713,grimmsnarl-froslass
5,168,p1,0817,slowking-scr,2770,dragapult-dusknoir
5,169,tie,0621,dragapult-dusknoir,3519,dragapult-ex
5,170,p2,2938,rocket-mewtwo-ex,2654,raging-bolt-ogerpon
5,171,p1,3499,dragapult-ex,0381,dragapult-ex
5,172,p1,3339,dragapult-dusknoir,0235,ogerpon-meganium-hydrapple
5,173,p1,1117,dragapult-ex,0472,dragapult-dusknoir
5,174,p1,2315,dragapult-ex,1286,beedrill-ex-cri
5,175,p1,0171,sylveon-pre,0966,beedrill-ex-cri
5,176,p1,2213,dragapult-dusknoir,0443,ogerpon-meganium-hydrapple
5,177,p2,1049,basic-box-m,2025,dragapult-ex
5,178,p1,0753,metagross-cri,2988,raging-bolt-ogerpon
5,179,tie,2320,dragapult-ex,3622,alakazam-dudunsparce
5,180,p1,1441,dragapult-ex,2409,dragapult-ex
5,181,tie,0355,kangaskhan-bouffalant,2088,dragapult-ex
5,182,p1,0859,beedrill-ex-cri,2460,dragapult-ex
5,183,p1,0619,crustle-dri,0023,dragapult-dusknoir
5,184,p1,2809,n-zoroark,1475,festival-lead
5,185,p1,0983,slowking-scr,1883,dragapult-dusknoir
5,186,p1,1367,dragapult-dusknoir,0522,festival-lead
5,187,p2,1417,dragapult-ex,0185,dragapult-dusknoir
5,188,p2,0152,raging-bolt-ogerpon,3163,basic-box-m
5,189,p1,2175,slowking-scr,0843,dragapult-ex
5,190,p1,0175,slowking-scr,2587,dragapult-dusknoir
5,191,p1,1445,alakazam-dudunsparce,2935,dragapult-ex
5,192,p1,3436,raging-bolt-ogerpon,1358,dragapult-ex
5,193,p2,1017,dragapult-dusknoir,0508,alakazam-dudunsparce
5,194,p1,0290,alakazam-dudunsparce,3504,alakazam-dudunsparce
5,195,tie,2419,dragapult-dusknoir,2418,hops-trevenant
5,196,p1,1154,ogerpon-meganium-hydrapple,2908,lucario-hariyama
5,197,p2,2594,dragapult-ex,1623,dragapult-ex
5,198,p1,0309,dragapult-ex,1988,mega-greninja-ex
5,199,p1,2642,ogerpon-meganium-hydrapple,3300,dragapult-dusknoir
5,200,p1,3653,dragapult-dusknoir,3534,basic-box-m
5,201,tie,0713,basic-box-m,2707,hops-trevenant
5,202,p2,0039,dragapult-dusknoir,2501,lucario-hariyama
5,203,p1,1040,beedrill-ex-cri,1275,?metagross
5,204,p2,2156,hops-trevenant,2682,ogerpon-meganium-hydrapple
5,205,p2,1125,dragapult-ex,1155,n-zoroark
5,206,tie,1799,n-zoroark,1870,basic-box-m
5,207,p1,1333,ogerpon-meganium-hydrapple,1678,mega-greninja-ex
5,208,p2,3248,dragapult-dusknoir,1736,dragapult-ex
5,209,p2,2261,dragapult-dusknoir,3326,dragapult-dusknoir
5,210,p1,0358,ogerpon-meganium-hydrapple,1589,dragapult-ex
5,211,p1,2861,dragapult-ex,2989,mega-greninja-ex
5,212,p1,3696,dragapult-ex,2556,greninja-ex
5,213,p1,1597,rocket-mewtwo-ex,3563,dragapult-ex
5,214,p1,2279,lopunny-dudunsparce,1408,slowking-scr
5,215,tie,1673,dragapult-ex,0034,n-zoroark
5,216,tie,2423,raging-bolt-ogerpon,2840,?metagross
5,217,p2,0838,dragapult-ex,1609,festival-lead
5,218,p1,1162,dragapult-blaziken,2768,dragapult-dusknoir
5,219,p1,1559,raging-bolt-ogerpon,2934,n-zoroark
5,220,tie,0188,alakazam-dudunsparce,1582,n-zoroark
5,221,tie,2503,alakazam-dudunsparce,2200,?
5,222,p1,1207,alakazam-dudunsparce,1245,dragapult-ex
5,223,p1,1921,dragapult-dusknoir,3420,dragapult-blaziken
5,224,p2,0694,dragapult-ex,2579,dragapult-ex
5,225,p2,2937,dragapult-dusknoir,0684,dragapult-dusknoir
5,226,p2,0747,raging-bolt-ogerpon,2922,dragapult-dusknoir
5,227,p1,1516,crustle-dri,1464,ogerpon-meganium-hydrapple
5,228,p2,3252,rocket-mewtwo-ex,3196,dragapult-ex
5,229,p2,1444,basic-box-m,1038,beedrill-ex-cri
5,230,p1,1015,n-zoroark,0227,dragapult-ex
5,231,p1,2160,n-zoroark,1474,dragapult-dusknoir
5,232,p2,2043,alakazam-dudunsparce,0527,dragapult-ex
5,233,tie,3316,alakazam-dudunsparce,2803,dragapult-ex
5,234,p1,2008,dragapult-ex,1216,slowking-scr
5,235,p1,0602,raging-bolt-ogerpon,1912,lucario-hariyama
5,236,p1,2311,lillie-clefairy,1730,dragapult-ex
5,237,p1,3346,dragapult-ex,1790,slowking-scr
5,238,p2,2786,dragapult-ex,1011,dragapult-dusknoir
5,239,p2,2182,alakazam-dudunsparce,2581,dragapult-ex
5,240,p2,1865,dragapult-ex,1518,dragapult-ex
5,241,p2,2201,dragapult-ex,3491,n-zoroark
5,242,tie,3709,ogerpon-meganium-hydrapple,2890,beedrill-ex-cri
5,243,p2,0932,alakazam-dudunsparce,0160,mega-greninja-ex
5,244,p1,1063,beedrill-ex-cri,0269,raging-bolt-ogerpon
5,245,p1,2722,dragapult-ex,1234,dragapult-ex
5,246,p2,2548,raging-bolt-ogerpon,1983,alakazam-dudunsparce
5,247,p2,1120,dragapult-ex,1531,grimmsnarl-froslass
5,248,p2,2774,ogerpon-meganium-hydrapple,1965,dragapult-ex
5,249,p2,3215,hops-trevenant,2911,dragapult-dusknoir
5,250,p2,0766,dragapult-dusknoir,2225,dragapult-ex
5,251,p1,1739,dragapult-dusknoir,0221,dragapult-ex
5,252,p1,2426,lopunny-dudunsparce,0695,slowking-scr
5,253,p2,1483,n-zoroark,1888,alakazam-dudunsparce
5,254,p2,3057,basic-box-m,2270,rockets-honchkrow
5,255,p2,1426,dragapult-dusknoir,2960,rocket-mewtwo-ex
5,256,p2,1047,dragapult-dusknoir,0335,mega-greninja-ex
5,257,p2,1268,dragapult-dusknoir,0239,dragapult-ex
5,258,tie,2519,mega-absol-box,0440,dragapult-ex
5,259,p2,2425,dragapult-dusknoir,1525,dragapult-dusknoir
5,260,p2,3633,ogerpon-meganium-hydrapple,1892,beedrill-ex-cri
5,261,p2,1740,ogerpon-meganium-hydrapple,2590,dragapult-ex
5,262,p2,0944,slowking-scr,0070,ethan-typhlosion
5,263,p2,2614,hops-trevenant,2186,lopunny-dudunsparce
5,264,tie,2467,ogerpon-meganium-hydrapple,0768,crustle-dri
5,265,p2,2780,lopunny-dudunsparce,1391,dragapult-ex
5,266,p1,3320,alakazam-dudunsparce,1692,dragapult-blaziken
5,267,p2,1490,ogerpon-meganium-hydrapple,2724,n-zoroark
5,268,p2,0260,dragapult-ex,1083,cynthia-garchomp-ex
5,269,p1,1366,basic-box-m,3492,raging-bolt-ogerpon
5,270,tie,0017,dragapult-dusknoir,1866,dragapult-ex
5,271,tie,0483,dragapult-ex,0420,dragapult-ex
5,272,p1,0368,dragapult-dusknoir,2238,alakazam-dudunsparce
5,273,tie,2891,dragapult-ex,0192,dragapult-ex
5,274,p1,1349,slowking-scr,3551,mega-lucario-ex
5,275,p1,0863,dragapult-ex,1488,dragapult-dusknoir
5,276,p2,0849,dragapult-ex,3532,dragapult-ex
5,277,p1,0325,slowking-scr,3007,slowking-scr
5,278,p2,2203,slowking-scr,2950,n-zoroark
5,279,p2,0367,alakazam-dudunsparce,3542,dragapult-ex
5,280,p1,1682,slowking-scr,3529,dragapult-ex
5,281,p1,2457,dragapult-ex,2285,dragapult-ex
5,282,p2,1263,dragapult-ex,3447,?metagross
5,283,p2,3547,alakazam-dudunsparce,3143,dragapult-blaziken
5,284,p2,1523,n-zoroark,2572,crustle-dri
5,285,p1,2282,ogerpon-meganium-hydrapple,2675,dragapult-dusknoir
5,286,p1,1852,dragapult-dusknoir,0792,ceruledge-ex
5,287,p2,1170,dragapult-dusknoir,0661,slowking-scr
5,288,tie,1319,dragapult-ex,2744,alakazam-dudunsparce
5,289,p2,2673,ogerpon-meganium-hydrapple,0206,raging-bolt-ogerpon
5,290,p1,0772,ogerpon-meganium-hydrapple,0132,dragapult-ex
5,291,p1,3576,dragapult-ex,3157,festival-lead
5,292,p1,1405,festival-lead,2994,mega-greninja-ex
5,293,p2,0807,ogerpon-meganium-hydrapple,1829,alakazam-dudunsparce
5,294,p2,1064,crustle-dri,2114,ogerpon-meganium-hydrapple
5,295,p1,3288,raging-bolt-ogerpon,3352,dragapult-ex
5,296,p1,3208,n-zoroark,3152,slowking-scr
5,297,p1,3716,mega-greninja-ex,2697,rockets-honchkrow
5,298,p1,2349,dragapult-dusknoir,0861,lucario-hariyama
5,299,p1,3736,dragapult-blaziken,1138,ogerpon-meganium-arboliva
5,300,p1,0479,dragapult-dudunsparce,1634,festival-lead
5,301,p2,1295,crustle-dri,1163,rockets-honchkrow
5,302,p2,2945,raging-bolt-ogerpon,0444,lillie-clefairy
5,303,p2,1086,alakazam-dudunsparce,3308,dragapult-ex
5,304,p2,3249,alakazam-dudunsparce,2864,dragapult-dusknoir
5,305,p2,2147,ogerpon-meganium-hydrapple,1929,greninja-ex
5,306,p2,1145,n-zoroark,0499,dragapult-ex
5,307,p2,3678,ogerpon-meganium-hydrapple,2443,dragapult-ex
5,308,p2,0036,dragapult-ex,0105,crustle-dri
5,309,p1,2204,slowking-scr,1368,dragapult-dusknoir
5,310,p1,0315,raging-bolt-ogerpon,0613,n-zoroark
5,311,p2,2192,crustle-dri,1844,crustle-dri
5,312,p1,0797,dragapult-ex,3620,basic-box-m
5,313,p1,1862,other,2107,rockets-honchkrow
5,314,p2,3324,n-zoroark,1641,raging-bolt-ogerpon
5,315,p2,2838,starmie-dusknoir,2009,dragapult-ex
5,316,p2,2634,alakazam-dudunsparce,1106,dragapult-ex
5,317,p2,1532,dragapult-blaziken,3278,lillie-clefairy
5,318,p1,2231,slowking-scr,0032,basic-box-m
5,319,p2,1569,n-zoroark,3479,alakazam-dudunsparce
5,320,p1,2032,dragapult-blaziken,2069,raging-bolt-ogerpon
5,321,p1,3217,dragapult-ex,0701,slowking-scr
5,322,p1,2969,alakazam-dudunsparce,0686,ogerpon-meganium-hydrapple
5,323,p2,0353,crustle-dri,0065,alakazam-dudunsparce
5,324,p1,1874,dragapult-ex,0775,ogerpon-meganium-hydrapple
5,325,p2,0400,alakazam-dudunsparce,2278,dragapult-ex
5,326,p1,3671,dragapult-blaziken,2704,dragapult-ex
5,327,p2,1754,slowking-scr,3155,dragapult-blaziken
5,328,tie,2608,n-zoroark,0723,dragapult-ex
5,329,p2,1151,dragapult-dusknoir,2892,hops-trevenant
5,330,p1,2536,basic-box-m,3669,dragapult-dusknoir
5,331,p2,0959,ogerpon-meganium-hydrapple,0848,ogerpon-meganium
5,332,p2,3230,cynthia-garchomp-ex,0558,rocket-mewtwo-ex
5,333,p1,2227,n-zoroark,3165,lillie-clefairy
5,334,p1,2831,dragapult-ex,0141,beedrill-ex-cri
5,335,p1,3299,slowking-scr,2887,dragapult-dusknoir
5,336,tie,1369,festival-lead,0674,dragapult-ex
5,337,p2,2686,dragapult-ex,1290,dragapult-ex
5,338,p2,1512,dragapult-ex,3388,dragapult-dusknoir
5,339,p2,2416,starmie-froslass,1076,slowking-scr
5,340,tie,3411,dragapult-ex,0517,dragapult-ex
5,341,p2,2810,basic-box-m,1031,beedrill-ex-cri
5,342,p1,2143,n-zoroark,0931,lillie-clefairy
5,343,p1,1178,basic-box-m,3322,dragapult-ex
5,344,p2,3354,beedrill-ex-cri,3100,dragapult-dusknoir
5,345,p1,1604,dragapult-ex,0596,alakazam-dudunsparce
5,346,p1,2402,crustle-dri,0332,alakazam-dudunsparce
5,347,p2,1792,ogerpon-meganium-hydrapple,0004,crustle-dri
5,348,p1,1876,n-zoroark,0811,dragapult-ex
5,349,p2,3273,dragapult-blaziken,0534,slowking-scr
5,350,tie,1750,basic-box-m,0360,dragapult-dusknoir
5,351,p2,0008,hops-trevenant,1348,dragapult-ex
5,352,p2,2877,greninja-ex,1543,basic-box-m
5,353,p1,3190,mega-greninja-ex,2479,n-zoroark
5,354,p1,2619,n-zoroark,3661,n-zoroark
5,355,p1,0476,dragapult-dusknoir,2672,slowking-scr
5,356,p1,1250,basic-box-m,3073,festival-lead
5,357,p1,1107,dragapult-dusknoir,2197,slowking-scr
5,358,p1,1467,ethan-typhlosion,0095,n-zoroark
5,359,tie,1232,n-zoroark,2260,alakazam-dudunsparce
5,360,p2,0396,dragapult-dusknoir,3481,dragapult-ex
5,361,p2,2038,other,3179,dragapult-ex
5,362,p2,0211,lillie-clefairy,0960,alakazam-dudunsparce
5,363,tie,0244,dragapult-ex,3199,rockets-honchkrow
5,364,p2,1824,dragapult-dusknoir,0669,dragapult-ex
5,365,p2,2316,dragapult-blaziken,2618,dragapult-ex
5,366,p2,0339,slowking-scr,3138,slowking-scr
5,367,p1,0199,basic-box-m,3066,slowking-scr
5,368,p2,0574,festival-lead,0552,dragapult-ex
5,369,p2,0434,n-zoroark,0498,n-zoroark
5,370,p1,2880,dragapult-ex,2683,dragapult-dusknoir
5,371,p1,1592,dragapult-ex,0802,rockets-honchkrow
5,372,tie,1775,dragapult-ex,0198,alakazam-dudunsparce
5,373,tie,2345,lucario-hariyama,2290,alakazam-dudunsparce
5,374,p1,0783,dragapult-blaziken,1835,raging-bolt-ogerpon
5,375,p2,3335,cynthia-garchomp-ex,1924,slowking-scr
5,376,p2,3501,ogerpon-meganium-hydrapple,2446,beedrill-ex-cri
5,377,p2,1602,beedrill-ex-cri,0889,dragapult-ex
5,378,p2,0345,crustle-dri,1905,slowking-scr
5,379,p2,2153,ogerpon-meganium-hydrapple,0412,dragapult-ex
5,380,p2,0203,ogerpon-meganium-hydrapple,2151,raging-bolt-ogerpon
5,381,p2,1078,kangaskhan-bouffalant,1743,dragapult-ex
5,382,tie,3610,ogerpon-meganium-hydrapple,0662,dragapult-ex
5,383,tie,0950,slowking-scr,3408,dragapult-ex
5,384,p2,3612,dragapult-ex,2799,crustle-dri
5,385,p2,3213,dragapult-ex,2348,dragapult-ex
5,386,p1,2830,dragapult-ex,2586,dragapult-dusknoir
5,387,p2,0845,dragapult-dudunsparce,1165,dragapult-dusknoir
5,388,tie,0854,dragapult-blaziken,2973,rockets-honchkrow
5,389,p1,3701,dragapult-ex,2576,dragapult-dusknoir
5,390,p2,0204,dragapult-ex,1700,slowking-scr
5,391,p2,1639,dragapult-dusknoir,1595,dragapult-ex
5,392,p2,0900,slowking-scr,0718,alakazam-dudunsparce
5,393,tie,2296,crustle-dri,3203,ogerpon-meganium-hydrapple
5,394,p2,2181,dragapult-ex,1166,slowking-scr
5,395,p2,2731,lopunny-dudunsparce,0045,dragapult-ex
5,396,tie,2622,alakazam-dudunsparce,0920,ogerpon-meganium-hydrapple
5,397,p1,1472,dragapult-ex,0164,ogerpon-meganium-hydrapple
5,398,p1,1098,dragapult-ex,1696,dragapult-ex
5,399,p2,0908,ogerpon-meganium-hydrapple,2782,?metagross
5,400,p2,2640,lucario-hariyama,0894,festival-lead
5,401,p1,3264,n-zoroark,0993,dragapult-ex
5,402,p2,1901,dragapult-ex,0790,dragapult-ex
5,403,tie,0832,crustle-dri,0958,dragapult-ex
5,404,tie,0087,hops-trevenant,3219,dragapult-ex
5,405,tie,2871,crustle-dri,3579,dragapult-dusknoir
5,406,p2,0575,alakazam-dudunsparce,0387,dragapult-dusknoir
5,407,p1,1074,dragapult-blaziken,1385,crustle-dri
5,408,p1,3021,dragapult-ex,0547,raging-bolt-ogerpon
5,409,p2,1206,tera-box,1961,dragapult-ex
5,410,tie,3001,dragapult-ex,0727,crustle-dri
5,411,p1,1226,dragapult-ex,2451,n-zoroark
5,412,p1,1952,crustle-dri,1458,dragapult-dusknoir
5,413,p2,3518,dragapult-dusknoir,3333,crustle-dri
5,414,p1,1436,dragapult-ex,0631,ogerpon-meganium-hydrapple
5,415,p2,1819,cynthia-garchomp-ex,1645,dragapult-blaziken
5,416,p1,2829,dragapult-ex,2958,alakazam-dudunsparce
5,417,p2,1553,festival-lead,1494,dragapult-ex
5,418,p2,2527,slowking-scr,0976,dragapult-dusknoir
5,419,p1,2714,dragapult-ex,2543,dragapult-dusknoir
5,420,p1,0061,dragapult-ex,0245,dragapult-ex
5,421,p2,2265,alakazam-dudunsparce,0697,dragapult-ex
5,422,tie,3594,basic-box-m,1817,dragapult-ex
5,423,p2,1947,lopunny-dudunsparce,2985,ogerpon-meganium-hydrapple
5,424,p1,1719,mega-lucario-ex,1780,lopunny-dudunsparce
5,425,p2,1685,dragapult-ex,2793,crustle-dri
5,426,p2,1009,cynthia-garchomp-ex,2742,dragapult-blaziken
5,427,p2,2193,dragapult-ex,3136,dragapult-ex
5,428,p1,2764,dragapult-dusknoir,3127,dragapult-dusknoir
5,429,tie,0555,crustle-dri,0809,dragapult-ex
5,430,p1,0883,ogerpon-meganium-hydrapple,1496,mega-lucario-ex
5,431,tie,3058,dragapult-blaziken,3617,ogerpon-meganium-hydrapple
5,432,p1,3098,raging-bolt-ogerpon,3296,dragapult-dusknoir
5,433,p2,2550,?metagross,2135,basic-box-m
5,434,p2,0178,beedrill-ex-cri,2073,dragapult-ex
5,435,p2,0163,basic-box-m,1742,dragapult-ex
5,436,p2,3212,rockets-honchkrow,3383,n-zoroark
5,437,p1,2900,dragapult-dusknoir,0438,starmie-froslass
5,438,p2,2981,alakazam-dudunsparce,0103,alakazam-dudunsparce
5,439,tie,1808,ogerpon-meganium-hydrapple,0388,crustle-dri
5,440,p2,1004,slowking-scr,1702,dragapult-ex
5,441,tie,1599,basic-box-m,1314,dragapult-ex
5,442,p1,3000,dragapult-ex,3050,slowking-scr
5,443,p2,0830,dragapult-dusknoir,0635,ogerpon-meganium-arboliva
5,444,p1,0520,rockets-honchkrow,1954,alakazam-dudunsparce
5,445,tie,3438,dragapult-ex,2787,beedrill-ex-cri
5,446,tie,0587,slowking-scr,2219,basic-box-m
5,447,p2,1747,beedrill-ex-cri,0416,alakazam-dudunsparce
5,448,p2,2414,alakazam-dudunsparce,1783,dragapult-ex
5,449,p1,1749,ogerpon-meganium-hydrapple,1238,dragapult-ex
5,450,p1,2719,alakazam-dudunsparce,2740,basic-box-m
5,451,p1,1034,alakazam-dudunsparce,0565,dragapult-dusknoir
5,452,p2,0541,ogerpon-meganium-hydrapple,0494,dragapult-ex
5,453,p2,3424,n-zoroark,0349,dragapult-ex
5,454,p2,1199,mega-greninja-ex,2738,dragapult-ex
5,455,p1,2925,ogerpon-meganium-hydrapple,2377,slowking-scr
5,456,p1,1939,ogerpon-meganium-hydrapple,1058,rockets-honchkrow
5,457,p2,1052,dragapult-ex,3061,flareon-noctowl
5,458,p2,0937,?metagross,2814,n-zoroark
5,459,p2,3605,n-zoroark,2635,beedrill-ex-cri
5,460,tie,0119,beedrill-ex-cri,0974,raging-bolt-ogerpon
5,461,p1,2126,rockets-honchkrow,3304,other
5,462,p2,0356,basic-box-m,3092,dragapult-ex
5,463,p2,2218,dragapult-ex,2461,ethan-typhlosion
5,464,tie,0419,dragapult-ex,0224,dragapult-ex
5,465,p1,0316,slowking-scr,0111,dragapult-ex
5,466,p2,3598,ogerpon-meganium-hydrapple,3520,alakazam-dudunsparce
5,467,p1,1578,alakazam-dudunsparce,2354,dragapult-dudunsparce
5,468,p2,0760,dragapult-ex,1847,dragapult-ex
5,469,p1,1552,dragapult-ex,0692,ogerpon-meganium-hydrapple
5,470,p2,1864,lucario-hariyama,1580,alakazam-dudunsparce
5,471,p2,2325,dragapult-ex,0871,dragapult-ex
5,472,p1,2544,hops-trevenant,1196,dragapult-blaziken
5,473,p1,0605,beedrill-ex-cri,0598,festival-lead
5,474,p2,0615,dragapult-ex,3128,crustle-dri
5,475,p1,0651,dragapult-dusknoir,0872,dragapult-ex
5,476,p2,1671,hops-trevenant,2660,dragapult-ex
5,477,p2,3008,blaziken-ex-jtg,1335,dragapult-ex
5,478,p2,0174,dragapult-blaziken,1097,dragapult-dusknoir
5,479,p1,1672,dragapult-ex,0069,alakazam-dudunsparce
5,480,p2,0338,dragapult-dusknoir,1507,ogerpon-meganium-hydrapple
5,481,p2,1131,dragapult-ex,1013,mega-greninja-ex
5,482,p1,1317,dragapult-dudunsparce,2366,mega-greninja-ex
5,483,p1,3170,beedrill-ex-cri,2381,beedrill-ex-cri
5,484,p2,3706,dragapult-dusknoir,2896,n-zoroark
5,485,p1,2720,dragapult-ex,0777,slowking-scr
5,486,p2,1451,dragapult-ex,3202,alakazam-dudunsparce
5,487,p1,3065,dragapult-dusknoir,2949,rocket-mewtwo-ex
5,488,p2,1149,dragapult-blaziken,2692,crustle-dri
5,489,p2,0267,crustle-dri,2750,ogerpon-meganium-hydrapple
5,490,tie,3535,ceruledge-ex,1341,ogerpon-meganium-hydrapple
5,491,p2,2845,raging-bolt-ogerpon,3327,dragapult-ex
5,492,p2,2347,other,0386,ogerpon-meganium-hydrapple
5,493,p1,2897,alakazam-dudunsparce,2048,dragapult-ex
5,494,p1,3745,alakazam-dudunsparce,0099,festival-lead
5,495,p2,3515,dragapult-ex,2191,crustle-dri
5,496,p2,0780,dragapult-dudunsparce,0910,dragapult-blaziken
5,497,p2,3523,eelektrik-blk,0980,dragapult-dusknoir
5,498,p2,0786,cynthia-garchomp-ex,1669,alakazam-dudunsparce
5,499,p1,1214,raging-bolt-ogerpon,0975,dragapult-blaziken
5,500,p1,2449,festival-lead,2623,rockets-honchkrow
5,501,p1,3641,dragapult-dusknoir,0189,dragapult-ex
5,502,p1,1555,dragapult-ex,1638,?metagross
5,503,p2,0161,dragapult-ex,0585,dragapult-blaziken
5,504,p1,0856,dragapult-dusknoir,0538,dragapult-ex
5,505,p2,2948,dragapult-blaziken,0048,basic-box-m
5,506,p2,2604,rockets-honchkrow,1041,slowking-scr
5,507,p1,0310,alakazam-dudunsparce,0306,dragapult-blaziken
5,508,tie,0424,n-zoroark,2162,dragapult-ex
5,509,p2,3472,beedrill-ex-cri,0826,beedrill-ex-cri
5,510,p2,0726,starmie-froslass,2139,mega-greninja-ex
5,511,p2,1770,dragapult-ex,1179,dragapult-blaziken
5,512,p2,0991,ogerpon-meganium-hydrapple,3281,dragapult-ex
5,513,p2,2670,ogerpon-meganium-hydrapple,3570,beedrill-ex-cri
5,514,p1,2499,dragapult-dusknoir,3275,dragapult-dusknoir
5,515,tie,2939,crustle-dri,2517,dragapult-ex
5,516,p2,0804,dragapult-dusknoir,0077,alakazam-dudunsparce
5,517,p1,3522,beedrill-ex-cri,3135,slowking-scr
5,518,p2,0093,dragapult-ex,3149,mega-greninja-ex
5,519,p1,3373,dragapult-ex,0828,n-zoroark
5,520,tie,2894,n-zoroark,0482,dragapult-ex
5,521,p1,3539,rocket-mewtwo-ex,2058,dragapult-froslass
5,522,p2,0362,dragapult-blaziken,2322,dragapult-ex
5,523,p1,2356,dragapult-dudunsparce,2626,dragapult-ex
5,524,p1,0717,raging-bolt-ogerpon,2033,basic-box-m
5,525,p2,2329,starmie-froslass,2784,grimmsnarl-froslass
5,526,p1,0092,alakazam-dudunsparce,3471,mega-greninja-ex
5,527,p1,3666,mega-greninja-ex,2565,raging-bolt-ogerpon
5,528,p1,0881,rocket-mewtwo-ex,0076,dragapult-blaziken
5,529,p2,2680,kangaskhan-bouffalant,1244,dragapult-dusknoir
5,530,tie,3028,alakazam-dudunsparce,0361,cynthia-garchomp-ex
5,531,p2,0969,?metagross,0173,dragapult-ex
5,532,p2,0187,dragapult-ex,2776,dragapult-ex
5,533,tie,3646,n-zoroark,2755,dragapult-dudunsparce
5,534,p2,2798,lopunny-dudunsparce,3108,dragapult-dusknoir
5,535,p1,3561,slowking-scr,1755,dragapult-ex
5,536,p2,3484,dragapult-dusknoir,0630,dragapult-ex
5,537,tie,3648,lucario-hariyama,2229,n-zoroark
5,538,tie,3732,dragapult-ex,1194,dragapult-dusknoir
5,539,p2,2991,alakazam-dudunsparce,0548,dragapult-ex
5,540,p1,3312,dragapult-dusknoir,3121,beedrill-ex-cri
5,541,p1,2442,slowking-scr,0878,beedrill-ex-cri
5,542,tie,0640,mega-lucario-ex,1373,diancie-dusknoir
5,543,p1,3717,dragapult-dusknoir,1778,dragapult-ex
5,544,p1,3164,dragapult-ex,3210,slowking-scr
5,545,tie,3675,dragapult-ex,3524,rocket-mewtwo-ex
5,546,p2,0352,slowking-scr,0215,dragapult-blaziken
5,547,tie,0712,dragapult-ex,1294,crustle-dri
5,548,p2,3571,n-zoroark,2040,basic-box-m
5,549,tie,3044,dragapult-ex,0952,dragapult-blaziken
5,550,p2,3005,greninja-ex,1124,raging-bolt-ogerpon
5,551,p2,0641,rockets-honchkrow,1463,raging-bolt-ogerpon
5,552,p2,3593,dragapult-blaziken,1193,dragapult-ex
5,553,p1,0277,ogerpon-meganium-hydrapple,0058,ogerpon-meganium-hydrapple
5,554,p1,0342,ogerpon-meganium-hydrapple,3349,dragapult-dusknoir
5,555,p1,1261,lucario-hariyama,3446,slowking-scr
5,556,p1,2464,ogerpon-meganium-hydrapple,1807,ethan-typhlosion
5,557,p1,2149,slowking-scr,2389,dragapult-dudunsparce
5,558,p1,1827,alakazam-dudunsparce,1116,alakazam-dudunsparce
5,559,p1,2663,dragapult-ex,1506,dragapult-dusknoir
5,560,p2,2327,slowking-scr,2089,crustle-dri
5,561,p1,1006,dragapult-blaziken,0265,n-zoroark
5,562,p2,3087,n-zoroark,1291,slowking-scr
5,563,p1,1370,dragapult-dusknoir,0263,dragapult-ex
5,564,p1,1664,ogerpon-meganium-hydrapple,1890,lucario-hariyama
5,565,p2,1579,dragapult-ex,2523,lucario-hariyama
5,566,tie,2929,lopunny-dudunsparce,1886,dragapult-ex
5,567,p2,2136,dragapult-blaziken,3094,dragapult-ex
5,568,p1,1043,ogerpon-meganium-hydrapple,1023,greninja-ex
5,569,p1,1336,?metagross,2375,slowking-scr
5,570,p2,3580,basic-box-m,2827,lucario-hariyama
5,571,p2,1113,slowking-scr,0523,dragapult-blaziken
5,572,p1,2288,lucario-hariyama,0759,festival-lead
5,573,p2,3514,dragapult-dusknoir,1270,n-zoroark
5,574,p2,2124,festival-lead,2489,dragapult-ex
5,575,tie,0067,tera-box,2413,n-zoroark
5,576,p2,0240,dragapult-blaziken,3047,dragapult-ex
5,577,p2,2071,raging-bolt-ogerpon,1676,dragapult-dusknoir
5,578,p2,2390,hops-trevenant,1527,dragapult-ex
5,579,p2,0968,dragapult-dusknoir,2895,mega-greninja-ex
5,580,p2,2199,beedrill-ex-cri,0601,crustle-dri
5,581,p2,1884,starmie-froslass,1710,lillie-clefairy
5,582,p1,3116,dragapult-ex,2228,ogerpon-meganium-hydrapple
5,583,tie,3464,dragapult-dusknoir,1529,dragapult-dusknoir
5,584,p1,0919,crustle-dri,3046,dragapult-ex
5,585,p2,2638,alakazam-dudunsparce,3400,rockets-honchkrow
5,586,p1,3729,dragapult-ex,1186,alakazam-dudunsparce
5,587,p2,2272,grimmsnarl-froslass,0622,ogerpon-meganium-hydrapple
5,588,p2,3123,slowking-scr,1293,alakazam-dudunsparce
5,589,p2,2962,beedrill-ex-cri,2525,dragapult-ex
5,590,tie,0570,cynthia-garchomp-ex,3004,dragapult-ex
5,591,p1,0205,dragapult-ex,0294,crustle-dri
5,592,p2,3591,dragapult-dusknoir,3257,alakazam-dudunsparce
5,593,p1,0158,festival-lead,3636,starmie-froslass
5,594,p2,1014,lillie-clefairy,0589,dragapult-dusknoir
5,595,p2,1879,dragapult-ex,0781,lopunny-dudunsparce
5,596,p1,2855,n-zoroark,1133,dragapult-ex
5,597,p2,0354,alakazam-dudunsparce,1707,rocket-mewtwo-ex
5,598,p2,3053,n-zoroark,0307,crustle-dri
5,599,tie,3458,mega-greninja-ex,0068,mega-greninja-ex
5,600,tie,1416,dragapult-blaziken,0305,dragapult-ex
5,601,p1,3015,dragapult-ex,1674,n-zoroark
5,602,p2,1202,dragapult-blaziken,0055,dragapult-ex
5,603,p1,0544,starmie-dusknoir,1881,blaziken-zoroark
5,604,p2,1834,dragapult-dusknoir,1610,lillie-clefairy
5,605,p1,3727,rockets-honchkrow,1837,raging-bolt-ogerpon
5,606,p2,0535,rockets-honchkrow,1810,dragapult-dusknoir
5,607,p2,0402,festival-lead,1562,dragapult-ex
5,608,p1,2978,crustle-dri,0423,dragapult-ex
5,609,p1,3611,dragapult-ex,0025,okidogi-barbaracle
5,610,p1,0043,dragapult-dusknoir,1276,dragapult-blaziken
5,611,p2,3462,slowking-scr,0249,dragapult-ex
5,612,p1,1566,dragapult-blaziken,1522,mega-absol-box
5,613,p2,2002,tera-box,0144,crustle-dri
5,614,p2,2202,ceruledge-ex,1269,basic-box-m
5,615,p1,2361,alakazam-dudunsparce,1310,crustle-dri
5,616,p1,2217,beedrill-ex-cri,1322,ogerpon-meganium-hydrapple
5,617,p1,0241,ogerpon-meganium-hydrapple,2696,crustle-dri
5,618,p1,0763,dragapult-blaziken,1661,n-zoroark
5,619,p2,3662,dragapult-ex,0253,dragapult-ex
5,620,p2,0513,dragapult-ex,2532,dragapult-ex
5,621,p2,0488,dragapult-ex,0462,dragapult-ex
5,622,tie,2611,alakazam-dudunsparce,3731,ogerpon-meganium-hydrapple
5,623,p1,2846,mega-greninja-ex,3191,alakazam-dudunsparce
5,624,p2,0823,dragapult-ex,3541,dragapult-ex
5,625,p1,3025,dragapult-ex,1446,rockets-honchkrow
5,626,p1,3374,dragapult-ex,3445,dragapult-dusknoir
5,627,tie,1643,n-zoroark,1313,n-zoroark
5,628,tie,1558,dragapult-ex,1683,dragapult-blaziken
5,629,tie,0266,dragapult-ex,2431,dragapult-ex
5,630,p1,1455,rockets-honchkrow,0485,n-zoroark
5,631,p2,1277,dragapult-ex,2146,slowking-scr
5,632,p1,2313,dragapult-dusknoir,2876,hops-trevenant
5,633,p1,0502,dragapult-blaziken,0514,dragapult-dusknoir
5,634,p2,1264,dragapult-ex,3198,starmie-dusknoir
5,635,p2,1028,mega-venusaur-ex,0941,raging-bolt-ogerpon
5,636,p2,3602,cynthia-garchomp-ex,1802,slowking-scr
5,637,p1,3285,dragapult-blaziken,3483,n-zoroark
5,638,p2,1665,n-zoroark,2566,basic-box-m
5,639,p2,1979,dragapult-dusknoir,2746,raging-bolt-ogerpon
5,640,p2,0155,dragapult-dusknoir,1010,crustle-dri
5,641,p1,1798,ogerpon-meganium-hydrapple,0146,basic-box-m
5,642,p1,0217,dragapult-ex,3287,n-zoroark
5,643,p2,1072,dragapult-ex,3363,n-zoroark
5,644,p1,0869,ogerpon-meganium-hydrapple,1989,dragapult-ex
5,645,p2,0312,festival-lead,1180,dragapult-dusknoir
5,646,p2,2941,dragapult-ex,1818,dragapult-dusknoir
5,647,p1,2820,dragapult-ex,3440,dragapult-dusknoir
5,648,p2,2400,dragapult-blaziken,0022,dragapult-ex
5,649,tie,2317,?metagross,2152,basic-box-m
5,650,p1,2055,dragapult-dusknoir,0902,hops-trevenant
5,651,p2,1434,slowking-scr,2677,dragapult-blaziken
5,652,p2,3562,dragapult-ex,1975,dragapult-dusknoir
5,653,p2,0892,rockets-honchkrow,0503,?metagross
5,654,p1,0268,dragapult-dusknoir,2051,lillie-clefairy
5,655,p2,2574,dragapult-ex,2276,crustle-dri
5,656,p1,0831,dragapult-ex,1849,mega-greninja-ex
5,657,p2,2214,dragapult-dusknoir,2406,dragapult-ex
5,658,p2,1000,ogerpon-meganium-hydrapple,0639,dragapult-blaziken
5,659,p2,0771,dragapult-ex,1256,rocket-mewtwo-ex
5,660,p2,1305,dragapult-dusknoir,1096,dragapult-ex
5,661,p1,0568,dragapult-ex,1411,rocket-mewtwo-ex
5,662,p2,3638,kangaskhan-bouffalant,2885,cynthia-garchomp-ex
5,663,tie,0688,basic-box-m,3216,dragapult-dusknoir
5,664,p1,3431,dragapult-ex,3453,ogerpon-meganium-hydrapple
5,665,p2,2434,beedrill-ex-cri,3416,raging-bolt-ogerpon
5,666,p1,1845,rocket-mewtwo-ex,1299,mega-greninja-ex
5,667,p2,1105,joltik-box,1460,slowking-scr
5,668,tie,1042,raging-bolt-ogerpon,0442,alakazam-dudunsparce
5,669,p2,1302,basic-box-m,2383,slowking-scr
5,670,p2,3011,dragapult-ex,0302,raging-bolt-ogerpon
5,671,tie,2029,alakazam-dudunsparce,3723,ogerpon-meganium-arboliva
5,672,p2,1815,rocket-spidops,0401,festival-lead
5,673,p1,2947,festival-lead,1036,festival-lead
5,674,p2,2705,basic-box-m,1338,ogerpon-meganium-hydrapple
5,675,p1,3577,n-zoroark,2211,lillie-clefairy
5,676,p1,2502,n-zoroark,1320,dragapult-blaziken
5,677,p2,0744,dragapult-ex,2144,basic-box-m
5,678,p2,1273,dragapult-ex,2583,dragapult-ex
5,679,p1,2916,dragapult-dudunsparce,2616,dragapult-dusknoir
5,680,tie,2020,lillie-clefairy,0197,hops-trevenant
5,681,p1,2953,mega-greninja-ex,0554,basic-box-m
5,682,p1,1018,ogerpon-meganium-hydrapple,1331,festival-lead
5,683,p1,0378,dragapult-dusknoir,1251,lopunny-dudunsparce
5,684,p2,1581,palafin-ex,1535,slowking-scr
5,685,p2,1272,festival-lead,2765,dragapult-ex
5,686,p1,1998,dragapult-blaziken,1374,beedrill-ex-cri
5,687,p1,0813,dragapult-ex,3673,ogerpon-meganium-hydrapple
5,688,p2,1858,dragapult-ex,3226,diancie-dusknoir
5,689,p1,3537,dragapult-ex,0551,alakazam-dudunsparce
5,690,p2,0518,raging-bolt-ogerpon,1941,dragapult-dusknoir
5,691,tie,0767,starmie-dusknoir,3645,lopunny-dudunsparce
5,692,p2,1454,dragapult-blaziken,1148,starmie-froslass
5,693,p1,1544,dragapult-ex,2064,hops-trevenant
5,694,p2,2609,lopunny-dudunsparce,2117,dragapult-blaziken
5,695,p1,1717,ogerpon-meganium-hydrapple,0924,dragapult-ex
5,696,p1,0798,dragapult-blaziken,0110,lopunny-dudunsparce
5,697,p1,0202,dragapult-ex,1735,mega-greninja-ex
5,698,p1,2837,dragapult-dusknoir,0229,alakazam-dudunsparce
5,699,p1,0918,cynthia-garchomp-ex,0425,?metagross
5,700,p2,0816,archaludon-dudunsparce,1502,n-zoroark
5,701,p2,0810,starmie-dusknoir,1994,dragapult-dusknoir
5,702,p1,1479,rocket-mewtwo-ex,1987,dragapult-dusknoir
5,703,p1,2800,dragapult-dusknoir,0194,raging-bolt-ogerpon
5,704,p1,0136,lillie-clefairy,0448,dragapult-ex
5,705,p2,3536,raging-bolt-ogerpon,3223,alakazam-dudunsparce
5,706,p2,3193,dragapult-dusknoir,2415,dragapult-dusknoir
5,707,tie,1071,dragapult-blaziken,2819,lucario-hariyama
5,708,p2,3414,dragapult-dusknoir,0773,lillie-clefairy
5,709,p2,2834,n-zoroark,1960,dragapult-ex
5,710,p1,1110,dragapult-ex,3064,lucario-hariyama
5,711,p2,3566,mega-greninja-ex,1981,dragapult-dusknoir
5,712,p2,1056,dragapult-dusknoir,0101,ogerpon-meganium-hydrapple
5,713,p2,2559,ogerpon-meganium-hydrapple,0151,mega-lucario-ex
5,714,p2,2021,dragapult-ex,1973,slowking-scr
5,715,p1,1614,festival-lead,1826,dragapult-ex
5,716,p1,0563,n-zoroark,0122,diancie-dusknoir
5,717,p2,0755,ogerpon-meganium-hydrapple,0395,alakazam-dudunsparce
5,718,p2,1332,n-zoroark,1306,dragapult-ex
5,719,p2,0137,dragapult-dusknoir,3079,rockets-honchkrow
5,720,p1,1565,mega-greninja-ex,1136,dragapult-blaziken
5,721,p1,3628,dragapult-dusknoir,2795,other
5,722,p1,1176,?metagross,3505,slowking-scr
5,723,p2,3122,mega-starmie-ex,1309,alakazam-dudunsparce
5,724,tie,1741,dragapult-blaziken,2867,n-zoroark
5,725,p2,3401,ogerpon-meganium-hydrapple,0303,alakazam-dudunsparce
5,726,p1,3235,?metagross,2832,mega-greninja-ex
5,727,p2,2549,mega-absol-box,3341,dragapult-ex
5,728,p2,2936,dragapult-dusknoir,2421,lillie-clefairy
5,729,p2,2206,raging-bolt-ogerpon,0949,slowking-scr
5,730,p1,0825,dragapult-ex,2630,mega-greninja-ex
5,731,p2,2641,dragapult-ex,2223,dragapult-ex
5,732,p2,1501,clefairy-ogerpon,2752,mega-lucario-ex
5,733,p2,1691,alakazam-dudunsparce,1650,dragapult-dusknoir
5,734,p2,1239,slowking-scr,0539,raging-bolt-ogerpon
5,735,p2,3262,galvantula-ex,1877,alakazam-dudunsparce
5,736,p2,3331,dragapult-dusknoir,0057,alakazam-dudunsparce
5,737,p1,1663,lopunny-dudunsparce,0599,lopunny-dudunsparce
5,738,p1,1561,n-zoroark,1765,dragapult-ex
5,739,p2,3071,dragapult-dusknoir,1260,n-zoroark
5,740,p1,1400,sharpedo-toxtricity,3569,n-zoroark
5,741,p2,0956,ogerpon-meganium-hydrapple,1450,dragapult-ex
5,742,p1,1409,slowking-scr,3337,ogerpon-meganium-hydrapple
5,743,p2,3601,ogerpon-meganium-hydrapple,2758,dragapult-blaziken
5,744,p2,0006,slowking-scr,2291,dragapult-dusknoir
5,745,p2,3586,slowking-scr,3361,alakazam-dudunsparce
5,746,p1,2455,?metagross,0452,n-zoroark
5,747,p2,2253,alakazam-dudunsparce,2975,dragapult-ex
5,748,p2,1821,ethan-typhlosion,2888,dragapult-ex
5,749,p2,2376,beedrill-ex-cri,1937,mega-absol-box
5,750,p2,0899,mega-greninja-ex,0880,lopunny-dudunsparce
5,751,p1,1878,dragapult-ex,3394,rockets-honchkrow
5,752,tie,0207,n-zoroark,1690,lucario-hariyama
5,753,tie,0734,lucario-hariyama,1271,n-zoroark
5,754,p2,2540,starmie-dusknoir,1344,alakazam-dudunsparce
5,755,p2,2337,diancie-dusknoir,2856,rockets-honchkrow
5,756,tie,0720,raging-bolt-ogerpon,2052,dragapult-dusknoir
5,757,p1,2695,other,1842,mega-greninja-ex
5,758,tie,3702,hops-trevenant,0282,n-zoroark
5,759,tie,1280,crustle-dri,3531,dragapult-dusknoir
5,760,p2,0711,other,2142,mega-greninja-ex
5,761,p2,0531,mega-absol-box,1167,beedrill-ex-cri
5,762,p2,2289,palafin-ex,2551,dragapult-ex
5,763,tie,2326,dragapult-ex,1222,dragapult-ex
5,764,p1,0644,dragapult-ex,0038,starmie-froslass
5,765,p2,3350,hops-trevenant,0934,dragapult-ex
5,766,tie,3348,slowking-scr,0875,ogerpon-meganium-hydrapple
5,767,p1,2843,starmie-froslass,1091,hops-trevenant
5,768,p2,0647,dragapult-ex,1362,dragapult-dusknoir
5,769,p1,3592,festival-lead,2459,dragapult-blaziken
5,770,p2,2245,dragapult-dusknoir,0172,ogerpon-meganium-hydrapple
5,771,p1,1980,cynthia-garchomp-ex,0788,ethan-typhlosion
5,772,p2,2444,dragapult-ex,1252,alakazam-dudunsparce
5,773,p2,2237,raging-bolt-ogerpon,1396,ogerpon-meganium-hydrapple
5,774,p1,0765,dragapult-dusknoir,1469,crustle-dri
5,775,p2,1447,dragapult-dusknoir,1243,dragapult-ex
5,776,p1,1352,dragapult-ex,1065,dragapult-blaziken
5,777,p2,1325,dragapult-ex,1625,dragapult-blaziken
5,778,p1,3549,alakazam-dudunsparce,2145,slowking-scr
5,779,p2,3423,dragapult-dusknoir,0913,dragapult-ex
5,780,p2,0427,festival-lead,0683,raging-bolt-ogerpon
5,781,p2,0511,ogerpon-meganium-hydrapple,2027,rocket-mewtwo-ex
5,782,tie,2010,alakazam-dudunsparce,1147,n-zoroark
5,783,p1,2250,n-zoroark,0256,dragapult-dusknoir
5,784,p2,2379,dragapult-blaziken,2582,raging-bolt-ogerpon
5,785,p1,1221,lillie-clefairy,2481,lillie-clefairy
5,786,p2,1771,dragapult-ex,0611,raging-bolt-ogerpon
5,787,p2,2573,dragapult-blaziken,0283,dragapult-blaziken
5,788,p1,2246,dragapult-ex,3589,festival-lead
5,789,p1,3398,dragapult-ex,0252,dragapult-ex
5,790,p2,3256,basic-box-m,0124,dragapult-dusknoir
5,791,tie,2172,ogerpon-meganium-hydrapple,0409,rocket-mewtwo-ex
5,792,p2,0620,dragapult-ex,3182,slowking-scr
5,793,tie,3384,beedrill-ex-cri,2514,dragapult-ex
5,794,p1,0399,starmie-froslass,0081,beedrill-ex-cri
5,795,p1,1489,diancie-dusknoir,1944,mega-lucario-ex
5,796,p2,1037,ogerpon-meganium-hydrapple,0106,dragapult-ex
5,797,p2,1885,mega-greninja-ex,2772,crustle-dri
5,798,p2,1594,mega-greninja-ex,3184,dragapult-dusknoir
5,799,p1,2292,raging-bolt-ogerpon,0156,n-zoroark
5,800,p1,0689,basic-box-m,1448,raging-bolt-ogerpon
5,801,p1,1601,alakazam-dudunsparce,0682,alakazam-dudunsparce
5,802,p2,0243,crustle-dri,1846,dragapult-dusknoir
5,803,p1,1633,dragapult-ex,1121,greninja-ex
5,804,p2,1075,mega-greninja-ex,1372,crustle-dri
5,805,p1,0879,lucario-hariyama,1266,crustle-dri
5,806,tie,3109,mega-greninja-ex,1605,dragapult-ex
5,807,p2,1500,cynthia-garchomp-ex,2646,dragapult-dusknoir
5,808,p1,2943,dragapult-ex,2127,rocket-mewtwo-ex
5,809,p2,1363,dragapult-ex,1897,alakazam-dudunsparce
5,810,tie,0377,dragapult-blaziken,3575,crustle-dri
5,811,p2,2531,dragapult-blaziken,2902,dragapult-dusknoir
5,812,p1,0962,dragapult-dusknoir,0509,n-zoroark
5,813,p1,1119,lillie-clefairy,3069,dragapult-dusknoir
5,814,p2,3698,alakazam-dudunsparce,0183,dragapult-ex
5,815,p1,0625,alakazam-dudunsparce,2761,slowking-scr
5,816,p1,2336,ogerpon-meganium-hydrapple,0665,raging-bolt-ogerpon
5,817,p1,0677,alakazam-dudunsparce,0123,dragapult-dusknoir
5,818,tie,0715,dragapult-ex,0961,dragapult-ex
5,819,p2,0618,lucario-hariyama,3550,dragapult-ex
5,820,p1,0432,raging-bolt-ogerpon,3169,basic-box-m
5,821,tie,1279,tera-box,0886,grimmsnarl-froslass
5,822,p1,2816,cynthia-garchomp-ex,0234,dragapult-dudunsparce
5,823,p2,2847,dragapult-ex,2487,dragapult-blaziken
5,824,tie,1044,basic-box-m,1537,dragapult-blaziken
5,825,p1,1591,n-zoroark,0247,mega-greninja-ex
5,826,p1,0149,metagross-cri,0933,dragapult-ex
5,827,tie,0911,other,0841,rockets-honchkrow
5,828,p2,1025,slowking-scr,2510,mega-greninja-ex
5,829,p2,0512,dragapult-ex,0116,dragapult-dusknoir
5,830,tie,1732,n-zoroark,0177,dragapult-dusknoir
5,831,p2,0394,dragapult-blaziken,1376,ogerpon-meganium-hydrapple
5,832,p1,3389,ogerpon-meganium-hydrapple,3247,n-zoroark
5,833,p1,2879,mega-greninja-ex,0051,crustle-dri
5,834,tie,1389,ogerpon-meganium-hydrapple,1478,ethan-typhlosion
5,835,p2,2054,dragapult-dusknoir,0421,dragapult-ex
5,836,p1,1575,slowking-scr,0210,dragapult-ex
5,837,p2,1620,alakazam-dudunsparce,2411,okidogi-barbaracle
5,838,p2,3533,dragapult-ex,3323,raging-bolt-ogerpon
5,839,p2,2393,rocket-mewtwo-ex,3261,dragapult-ex
5,840,p1,2828,dragapult-ex,1613,ogerpon-meganium-hydrapple
5,841,p1,2351,cynthia-garchomp-ex,1498,doublade-por
5,842,tie,1607,dragapult-blaziken,3344,festival-lead
5,843,p2,1850,greninja-ex,0782,dragapult-blaziken
5,844,p1,1082,diancie-dusknoir,1536,n-zoroark
5,845,p2,1027,slowking-scr,2903,ogerpon-meganium-hydrapple
5,846,p1,0645,?,0050,cynthia-garchomp-ex
5,847,p2,1287,rockets-honchkrow,1457,dragapult-ex
5,848,p2,0150,mega-greninja-ex,0257,dragapult-blaziken
5,849,p1,2115,dragapult-dusknoir,0643,dragapult-dusknoir
5,850,p1,2946,basic-box-m,3173,n-zoroark
5,851,p1,0347,dragapult-ex,3700,mega-greninja-ex
5,852,p2,2013,dragapult-ex,3243,basic-box-m
5,853,p1,1204,n-zoroark,3465,hops-trevenant
5,854,tie,0837,mega-absol-box,0218,dragapult-ex
5,855,p2,2157,crustle-dri,2645,alakazam-dudunsparce
5,856,p2,0326,dragapult-dusknoir,3240,dragapult-dusknoir
5,857,p2,3211,crustle-dri,1816,alakazam-dudunsparce
5,858,p2,2708,slowking-scr,0491,alakazam-dudunsparce
5,859,p2,0272,mega-lucario-ex,1572,dragapult-blaziken
5,860,p2,0906,dragapult-blaziken,3599,dragapult-ex
5,861,p2,2873,raging-bolt-ogerpon,0436,beedrill-ex-cri
5,862,p2,0323,lillie-clefairy,2652,festival-lead
5,863,tie,1867,dragapult-blaziken,0876,n-zoroark
5,864,p1,0946,n-zoroark,3467,dragapult-ex
5,865,p2,2701,dragapult-dusknoir,2655,dragapult-ex
5,866,p2,1976,starmie-froslass,3204,mega-greninja-ex
5,867,p2,2174,?metagross,1315,rockets-honchkrow
5,868,p1,3035,raging-bolt-ogerpon,2462,archaludon-dudunsparce
5,869,p1,1208,slowking-scr,2965,dragapult-blaziken
5,870,tie,0839,ogerpon-meganium-hydrapple,1402,raging-bolt-ogerpon
5,871,p2,3080,dragapult-dusknoir,2177,dragapult-ex
5,872,p1,1114,slowking-scr,1705,dragapult-dudunsparce
5,873,p1,2553,dragapult-ex,3528,dragapult-ex
5,874,p2,2424,hops-trevenant,3167,n-zoroark
5,875,p1,2825,lucario-hariyama,1825,dragapult-ex
5,876,p1,2439,dragapult-ex,2917,ogerpon-meganium-hydrapple
5,877,p1,2658,slowking-scr,0426,ceruledge-ex
5,878,tie,2274,rocket-mewtwo-ex,2826,dragapult-ex
5,879,p2,1841,other,0313,dragapult-ex
5,880,p2,0322,dragapult-dusknoir,1347,dragapult-dusknoir
5,881,p1,0329,crustle-dri,0577,kangaskhan-bouffalant
5,882,tie,1563,alakazam-dudunsparce,0281,dragapult-ex
5,883,p1,2564,dragapult-dusknoir,3368,dragapult-dusknoir
5,884,tie,3317,dragapult-dusknoir,1142,alakazam-dudunsparce
5,885,p1,2006,ogerpon-meganium-hydrapple,1190,basic-box-m
5,886,p2,2848,crustle-dri,2121,festival-lead
5,887,tie,2815,n-zoroark,1744,slowking-scr
5,888,tie,1872,crustle-dri,3236,raging-bolt-ogerpon
5,889,tie,1144,dragapult-ex,1171,alakazam-dudunsparce
5,890,p1,2435,ogerpon-meganium-hydrapple,1628,dragapult-ex
5,891,tie,0459,greninja-ex,2067,dragapult-ex
5,892,p1,2612,dragapult-ex,2709,dragapult-dusknoir
5,893,p2,1200,ogerpon-meganium-hydrapple,1123,ogerpon-meganium-hydrapple
5,894,tie,1235,dragapult-ex,3250,n-zoroark
5,895,p2,3237,dragapult-blaziken,3397,dragapult-blaziken
5,896,tie,2625,raging-bolt-ogerpon,0435,dragapult-ex
5,897,p2,3474,dragapult-dusknoir,3613,crustle-dri
5,898,p2,2850,n-zoroark,3651,dragapult-ex
5,899,p1,0858,dragapult-ex,0866,n-zoroark
5,900,p2,1470,ogerpon-meganium-hydrapple,3298,dragapult-ex
5,901,p2,3019,dragapult-dudunsparce,1759,cynthia-garchomp-ex
5,902,p1,2034,mega-lucario-ex,0236,starmie-dusknoir
5,903,tie,1557,dragapult-ex,0627,rocket-mewtwo-ex
5,904,p2,1737,beedrill-ex-cri,3242,dragapult-ex
5,905,tie,2267,n-zoroark,1480,crustle-dri
5,906,tie,3158,grimmsnarl-froslass,2955,dragapult-dusknoir
5,907,p2,0468,rocket-mewtwo-ex,2665,lucario-hariyama
5,908,p2,0021,festival-lead,0327,archaludon-dudunsparce
5,909,p1,2656,n-zoroark,2334,lopunny-dudunsparce
5,910,p1,1407,n-zoroark,2171,?metagross
5,911,p1,0721,dragapult-dusknoir,0287,lucario-hariyama
5,912,p1,3274,dragapult-dusknoir,1550,lillie-clefairy
5,913,p1,3470,dragapult-ex,2778,dragapult-ex
5,914,p2,2741,hops-trevenant,2030,dragapult-dusknoir
5,915,p2,0730,hops-trevenant,2980,ogerpon-meganium-hydrapple
5,916,tie,2584,alakazam-dudunsparce,1966,alakazam-dudunsparce
5,917,p2,1055,n-zoroark,0728,raging-bolt-ogerpon
5,918,p1,0985,dragapult-blaziken,2796,slowking-scr
5,919,p2,2884,lucario-hariyama,2255,dragapult-ex
5,920,p1,1499,alakazam-dudunsparce,2053,dragapult-ex
5,921,p1,1090,dragapult-ex,1568,dragapult-dusknoir
5,922,p2,1689,other,0373,kangaskhan-bouffalant
5,923,tie,0708,n-zoroark,1970,dragapult-ex
5,924,p2,2500,dragapult-dusknoir,3014,n-zoroark
5,925,p2,0794,beedrill-ex-cri,1437,mega-greninja-ex
5,926,p2,0916,rocket-mewtwo-ex,0653,slowking-scr
5,927,p1,0410,dragapult-dusknoir,2974,dragapult-ex
5,928,p2,2674,raging-bolt-ogerpon,0690,alakazam-dudunsparce
5,929,p2,2926,crustle-dri,2128,cynthia-garchomp-ex
5,930,p1,1312,dragapult-ex,2868,dragapult-ex
5,931,p2,0475,dragapult-ex,0812,mega-lucario-ex
5,932,p1,2475,basic-box-m,0787,dragapult-dusknoir
5,933,p2,0986,dragapult-dusknoir,0707,other
5,934,tie,2342,ogerpon-meganium-hydrapple,2374,raging-bolt-ogerpon
5,935,p1,1088,slowking-scr,1236,?metagross
5,936,p2,2615,starmie-dusknoir,0033,dragapult-ex
5,937,p2,1062,slowking-scr,2688,mega-greninja-ex
5,938,tie,1823,dragapult-ex,3728,alakazam-dudunsparce
5,939,p2,3328,crustle-dri,1859,lopunny-dudunsparce
5,940,p1,2209,dragapult-blaziken,1530,beedrill-ex-cri
5,941,tie,1869,crustle-dri,2304,dragapult-dusknoir
5,942,p1,3181,dragapult-ex,2484,other
5,943,p2,0995,dragapult-dusknoir,3640,dragapult-ex
5,944,p1,2417,slowking-scr,3590,n-zoroark
5,945,p1,3081,?metagross,2509,dragapult-blaziken
5,946,tie,2063,raging-bolt-ogerpon,3735,bronzong-tef
5,947,p1,2723,dragapult-ex,1172,lucario-hariyama
5,948,p1,1644,dragapult-ex,1895,rockets-honchkrow
5,949,tie,1898,ethan-typhlosion,1880,n-zoroark
5,950,p2,1900,hops-trevenant,0926,lopunny-dudunsparce
5,952,p2,1298,lopunny-dudunsparce,1904,starmie-froslass
5,953,p2,1906,slowking-scr,3557,alakazam-dudunsparce
5,954,p1,0675,dragapult-dusknoir,2718,dragapult-dusknoir
5,955,p1,1909,mega-greninja-ex,2710,dragapult-blaziken
5,956,p2,3074,cynthia-garchomp-ex,1911,ogerpon-meganium-hydrapple
5,957,p1,1022,dragapult-ex,2952,dragapult-dusknoir
5,961,p1,1922,basic-box-m,2150,mega-greninja-ex
5,962,p1,0201,slowking-scr,1923,rockets-honchkrow
5,963,p1,2513,grimmsnarl-froslass,1926,dragapult-blaziken
5,964,p2,2469,raging-bolt-ogerpon,1927,raging-bolt-ogerpon
5,965,p1,1930,lucario-hariyama,1141,other
5,966,p1,3051,dragapult-ex,1471,mega-greninja-ex
5,967,p1,1934,alakazam-dudunsparce,3392,lillie-clefairy
5,968,p2,1935,dragapult-dusknoir,2595,raging-bolt-ogerpon
5,969,p2,1986,dragapult-ex,0300,slowking-scr
5,970,p1,1992,dragapult-ex,2747,slowking-scr
5,971,p2,1652,ogerpon-meganium-hydrapple,3043,dragapult-ex
5,973,p2,2603,greninja-ex,3418,dragapult-dusknoir
5,974,p1,0120,dragapult-ex,1796,lucario-hariyama
5,975,p2,1318,alakazam-dudunsparce,1223,rockets-honchkrow
5,976,tie,0471,dragapult-dusknoir,0700,dragapult-dusknoir
5,977,p1,3307,dragapult-ex,1708,dragapult-ex
5,978,tie,0276,basic-box-m,3506,alakazam-dudunsparce
5,979,p2,1087,slowking-scr,0739,raging-bolt-ogerpon
5,980,p2,2721,dragapult-dusknoir,0818,raging-bolt-ogerpon
5,981,p1,0847,ogerpon-meganium-hydrapple,1995,ogerpon-meganium-hydrapple
5,982,p1,1524,kangaskhan-bouffalant,1677,other
5,983,p2,1814,rockets-honchkrow,0024,dragapult-ex
5,985,tie,2505,alakazam-dudunsparce,1969,dragapult-ex
5,986,tie,3417,dragapult-ex,3744,rocket-mewtwo-ex
5,987,p2,0411,n-zoroark,2385,starmie-dusknoir
5,988,p2,2959,dragapult-ex,3070,dragapult-dusknoir
5,989,p2,1174,beedrill-ex-cri,1330,basic-box-m
5,990,tie,1005,basic-box-m,2599,festival-lead
5,991,p2,0264,n-zoroark,2691,dragapult-dusknoir
5,992,tie,2534,n-zoroark,1813,dragapult-ex
5,993,p1,2396,dragapult-ex,1662,basic-box-m
5,994,p1,2004,mega-greninja-ex,0874,ogerpon-meganium-hydrapple
5,995,p1,1540,raging-bolt-ogerpon,1115,starmie-dusknoir
5,996,p1,0877,jellicent-dusknoir,2717,dragapult-dusknoir
5,997,p1,1993,rocket-mewtwo-ex,3656,kangaskhan-bouffalant
5,998,tie,1054,dragapult-dusknoir,1128,mega-lucario-ex
5,999,p1,3719,dragapult-blaziken,2851,dragapult-dusknoir
5,1000,p1,2520,lillie-clefairy,3315,?metagross
5,1001,tie,1728,dragapult-ex,1102,dragapult-ex
5,1002,p2,0578,dragapult-dusknoir,3659,slowking-scr
5,1004,p1,0495,dragapult-dudunsparce,2007,ogerpon-meganium-hydrapple
5,1005,p1,3404,alakazam-dudunsparce,3556,slowking-scr
5,1006,p2,2011,dragapult-dusknoir,3232,dragapult-ex
5,1008,p1,2016,dragapult-ex,1726,dragapult-dusknoir
5,1009,tie,0262,beedrill-ex-cri,2017,lucario-hariyama
5,1010,tie,2019,dragapult-dusknoir,0478,dragapult-ex
5,1011,p2,2022,alakazam-dudunsparce,3711,n-zoroark
5,1012,p2,3018,ogerpon-meganium-hydrapple,2023,dragapult-ex
5,1014,p1,1224,dragapult-dusknoir,3096,dragapult-dusknoir
5,1015,tie,2195,beedrill-ex-cri,0584,mega-greninja-ex
5,1016,p1,2478,sharpedo-toxtricity,2093,crustle-dri
5,1017,p1,2328,dragapult-dusknoir,0127,alakazam-dudunsparce
5,1018,p1,1782,dragapult-dusknoir,1768,beedrill-ex-cri
5,1019,p1,2671,beedrill-ex-cri,0896,hops-trevenant
5,1020,tie,2039,yanmega-ex,2295,alakazam-dudunsparce
5,1021,p1,3351,dragapult-dusknoir,2042,alakazam-dudunsparce
5,1022,p1,2497,dragapult-blaziken,2044,raging-bolt-ogerpon
5,1023,p1,0925,dragapult-dusknoir,1554,rocket-mewtwo-ex
5,1024,p2,2240,n-zoroark,2883,lopunny-dudunsparce
5,1025,p2,0948,ogerpon-meganium-hydrapple,1720,dragapult-dusknoir
5,1026,p1,3511,dragapult-ex,1169,dragapult-blaziken
5,1027,tie,3269,dragapult-ex,2491,basic-box-m
5,1028,p2,1722,lucario-hariyama,0776,okidogi-barbaracle
5,1029,p1,2515,lucario-hariyama,3448,n-zoroark
5,1030,p2,1050,n-zoroark,3652,basic-box-m
5,1031,p2,1588,archaludon-dudunsparce,2783,festival-lead
5,1032,p2,2568,alakazam-dudunsparce,1438,alakazam-dudunsparce
5,1033,p1,2066,crustle-dri,3378,ogerpon-meganium-hydrapple
5,1035,p1,2068,dragapult-dusknoir,3105,lucario-hariyama
5,1036,p2,0999,dragapult-ex,2070,rockets-honchkrow
5,1037,p2,3168,crustle-dri,2072,slowking-scr
5,1038,tie,2074,slowking-scr,0457,ceruledge-ex
5,1039,tie,3369,lopunny-dudunsparce,2075,n-zoroark
5,1040,p1,2077,beedrill-ex-cri,1392,ogerpon-meganium-hydrapple
5,1041,p2,1213,dragapult-blaziken,2079,dragapult-ex
5,1042,p1,3026,dragapult-dusknoir,2082,ogerpon-meganium-hydrapple
5,1043,p1,2084,ogerpon-meganium-hydrapple,1542,crustle-dri
5,1044,p1,1684,dragapult-ex,2086,n-zoroark
5,1045,p1,3553,ogerpon-meganium-hydrapple,2087,dragapult-dusknoir
5,1046,p2,2090,dragapult-dusknoir,1421,dragapult-dusknoir
5,1049,p1,3297,dragapult-dusknoir,2096,ogerpon-meganium-hydrapple
5,1050,p2,3385,dragapult-blaziken,2097,lillie-clefairy
5,1051,p1,3396,beedrill-ex-cri,2100,dragapult-dusknoir
5,1052,p2,1539,alakazam-dudunsparce,2102,greninja-ex
5,1053,tie,2220,n-zoroark,2103,cynthia-garchomp-ex
5,1054,p2,2105,n-zoroark,1651,raging-bolt-ogerpon
5,1056,p2,0864,dragapult-ex,0808,basic-box-m
5,1057,p1,2554,ethan-typhlosion,2972,n-zoroark
5,1058,p2,0904,mega-greninja-ex,1008,clefairy-ogerpon
5,1059,p1,3279,ogerpon-meganium-hydrapple,0990,lopunny-dudunsparce
5,1060,p2,0469,dragapult-dusknoir,2456,n-zoroark
5,1061,p2,2862,mega-greninja-ex,2575,dragapult-ex
5,1062,p2,0799,dragapult-ex,1253,greninja-ex
5,1063,p2,0117,starmie-dusknoir,1057,slowking-scr
5,1064,p2,1618,dragapult-ex,3183,dragapult-dusknoir
5,1065,p1,1029,n-zoroark,3359,dragapult-blaziken
5,1066,p1,1486,basic-box-m,0888,rocket-mewtwo-ex
5,1067,p2,2964,mega-lucario-ex,2493,dragapult-dusknoir
5,1068,p1,1177,crustle-dri,1465,raging-bolt-ogerpon
5,1069,p2,1254,ogerpon-meganium-hydrapple,3255,dragapult-ex
5,1070,p2,1649,festival-lead,0437,lillie-clefairy
5,1071,tie,1836,ethan-typhlosion,2537,dragapult-ex
5,1072,p1,2169,dragapult-ex,3650,mega-greninja-ex
5,1073,p1,1153,dragapult-dudunsparce,0113,dragapult-ex
5,1074,tie,2748,dragapult-ex,1785,crustle-dri
5,1075,p1,2308,basic-box-m,2173,dragapult-ex
5,1076,p1,0696,raging-bolt-ogerpon,0284,dragapult-ex
5,1077,p1,1666,lucario-hariyama,3084,dragapult-dusknoir
5,1078,p2,2306,greninja-ex,2392,raging-bolt-ogerpon
5,1079,p1,2212,dragapult-ex,3246,ogerpon-meganium-hydrapple
5,1080,p2,1353,dragapult-ex,3452,dragapult-ex
5,1081,tie,3077,?metagross,2196,ethan-typhlosion
5,1082,tie,0439,tera-box,3714,dragapult-dudunsparce
5,1083,p1,1706,slowking-scr,2628,hops-trevenant
5,1084,p2,3496,dragapult-blaziken,3517,dragapult-dudunsparce
5,1085,p1,3544,dragapult-ex,2012,lucario-hariyama
5,1086,p2,2956,dragapult-ex,1932,rocket-mewtwo-ex
5,1087,p2,0971,n-zoroark,1491,dragapult-dusknoir
5,1088,p2,2047,dragapult-dusknoir,2866,dragapult-ex
5,1089,p1,2558,rocket-mewtwo-ex,2791,dragapult-blaziken
5,1090,p1,2271,okidogi-barbaracle,2875,dragapult-dusknoir
5,1091,p2,2882,dragapult-dusknoir,0261,greninja-blaziken
5,1092,p2,2968,dragapult-dusknoir,1679,n-zoroark
5,1093,p2,3597,crustle-dri,1371,n-zoroark
5,1094,p2,2757,lopunny-dudunsparce,3543,dragapult-ex
5,1095,p2,3321,slowking-scr,1629,dragapult-ex
5,1096,p2,0454,dragapult-ex,0604,rockets-honchkrow
5,1097,p2,0870,lopunny-dudunsparce,0102,n-zoroark
5,1098,p1,3680,ogerpon-meganium-hydrapple,0088,slowking-scr
5,1099,p1,0820,ogerpon-meganium-hydrapple,3693,dragapult-ex
5,1100,p1,1059,slowking-scr,2429,lopunny-dudunsparce
5,1101,p2,3509,n-zoroark,1321,dragapult-dusknoir
5,1102,p2,3682,hops-trevenant,0738,rockets-honchkrow
5,1103,p2,1670,ceruledge-ex,0572,festival-lead
5,1104,p2,1675,lopunny-dudunsparce,3415,ogerpon-meganium-hydrapple
5,1105,p2,0984,beedrill-ex-cri,3750,dragapult-ex
5,1106,p2,0418,?metagross,1931,ethan-typhlosion
5,1107,p2,2600,dragapult-ex,3115,dragapult-dusknoir
5,1108,p1,2970,dragapult-dusknoir,0075,dragapult-ex
5,1109,p2,3150,lopunny-dudunsparce,2477,dragapult-ex
5,1110,p1,3161,beedrill-ex-cri,1699,dragapult-dusknoir
5,1111,p2,0334,alakazam-dudunsparce,2370,alakazam-dudunsparce
5,1112,p1,1774,dragapult-ex,1220,dragapult-dusknoir
5,1113,p1,1039,alakazam-dudunsparce,0463,basic-box-m
5,1114,p2,2597,n-zoroark,1160,mega-lucario-ex
5,1115,p2,1788,dragapult-ex,1916,dragapult-ex
5,1116,p1,3003,dragapult-ex,1051,ogerpon-meganium-hydrapple
5,1117,p2,0897,dragapult-ex,1423,dragapult-ex
5,1118,p1,3691,dragapult-blaziken,3395,mega-greninja-ex
5,1119,p1,1143,n-zoroark,2468,dragapult-ex
5,1120,p2,0657,dragapult-dusknoir,2684,alakazam-dudunsparce
5,1121,p1,1390,ethan-typhlosion,1375,lopunny-dudunsparce
5,1122,p1,1404,ogerpon-meganium-hydrapple,0970,kangaskhan-bouffalant
5,1123,p1,1468,dragapult-blaziken,0140,ogerpon-meganium-hydrapple
5,1124,p2,1060,raging-bolt-ogerpon,3437,dragapult-ex
5,1125,p2,0109,ceruledge-ex,3218,crustle-dri
5,1126,p2,1716,dragapult-ex,3685,rocket-spidops
5,1127,p2,1646,basic-box-m,2967,alakazam-dudunsparce
5,1128,p2,2287,other,0214,ceruledge-ex
5,1129,p2,3137,rockets-honchkrow,2254,dragapult-blaziken
5,1131,p1,0465,dragapult-dusknoir,0884,hops-trevenant
5,1132,tie,1712,mega-lucario-ex,0624,alakazam-dudunsparce
5,1133,p2,2711,n-zoroark,0346,mega-lucario-ex
5,1134,p1,3228,mega-lucario-ex,3201,basic-box-m
5,1135,p1,0725,dragapult-dusknoir,3012,dragapult-ex
5,1136,p2,2297,ogerpon-meganium-hydrapple,3002,dragapult-ex
5,1137,tie,0510,kangaskhan-bouffalant,0835,dragapult-ex
5,1138,p2,0086,joltik-box,0668,rockets-honchkrow
5,1139,p2,0415,dragapult-dusknoir,2314,rockets-honchkrow
5,1140,p1,1487,rockets-honchkrow,2591,crustle-dri
5,1141,p1,0667,dragapult-blaziken,1422,ogerpon-meganium-hydrapple
5,1142,p2,2822,dragapult-blaziken,3099,hops-trevenant
5,1143,p1,2161,cynthia-garchomp-ex,2801,alakazam-dudunsparce
5,1144,p2,2041,ogerpon-meganium-hydrapple,1135,dragapult-ex
5,1145,p2,2281,dragapult-ex,3245,dragapult-dusknoir
5,1146,p2,1951,n-zoroark,0988,ceruledge-ex
5,1147,p2,0529,dragapult-blaziken,0486,ogerpon-meganium-hydrapple
5,1148,p1,0998,dragapult-ex,1687,dragapult-ex
5,1149,p1,0073,n-zoroark,1442,archaludon-dudunsparce
5,1150,p1,0196,dragapult-ex,3663,dragapult-ex
5,1153,p1,1919,ogerpon-meganium-hydrapple,2812,slowking-scr
5,1154,p1,1653,mega-greninja-ex,1181,dragapult-ex
5,1155,p2,0846,dragapult-blaziken,2264,slowking-scr
5,1156,p2,3172,dragapult-ex,0729,mega-lucario-ex
5,1157,p1,3009,ethan-typhlosion,0549,raging-bolt-ogerpon
5,1158,tie,3220,lucario-hariyama,1342,mega-greninja-ex
5,1159,p1,2407,crustle-dri,0072,crustle-dri
5,1160,p2,2222,n-zoroark,1258,slowking-scr
5,1161,p1,2606,dragapult-ex,2399,dragapult-dusknoir
5,1162,p2,0270,dragapult-blaziken,1913,alakazam-dudunsparce
5,1163,p2,3370,dragapult-dusknoir,2823,dragapult-ex
5,1164,p1,0561,dragapult-ex,2808,lopunny-dudunsparce
5,1165,p1,0951,dragapult-dusknoir,2870,clefairy-ogerpon
5,1166,p1,1449,crustle-dri,2221,beedrill-ex-cri
5,1167,p1,3584,dragapult-ex,1100,dragapult-ex
5,1168,p1,2664,dragapult-ex,2805,dragapult-ex
5,1169,p2,2996,other,0542,mega-greninja-ex
5,1170,p2,0364,raging-bolt-ogerpon,0291,crustle-dri
5,1171,p1,0461,raging-bolt-ogerpon,3407,dragapult-dusknoir
5,1172,p1,1503,dragapult-ex,0758,beedrill-ex-cri
5,1173,tie,1308,dragapult-dusknoir,2521,dragapult-ex
5,1174,p1,0376,dragapult-ex,2915,crustle-dri
5,1175,p2,2983,crustle-dri,3187,alakazam-dudunsparce
5,1176,p1,0393,rockets-honchkrow,3751,mega-greninja-ex
5,1177,p1,2465,dragapult-dusknoir,2518,ogerpon-meganium-hydrapple
5,1178,tie,2391,lopunny-dudunsparce,0169,dragapult-ex
5,1179,p1,0071,dragapult-ex,0973,rockets-honchkrow
5,1180,p2,2821,raging-bolt-ogerpon,3031,dragapult-ex
5,1181,p1,3565,n-zoroark,2422,bronzong-tef
5,1182,p2,1476,n-zoroark,3676,dragapult-dusknoir
5,1183,p1,2592,ogerpon-meganium-hydrapple,2496,mega-greninja-ex
5,1184,p1,0280,kangaskhan-bouffalant,2508,dragapult-dusknoir
5,1185,p1,1731,dragapult-dusknoir,2639,beedrill-ex-cri
5,1186,p1,3734,alakazam-dudunsparce,3284,dragapult-ex
5,1187,p2,2869,lillie-clefairy,3270,dragapult-ex
5,1188,p2,1061,rockets-honchkrow,2785,dragapult-ex
5,1189,p2,0046,dragapult-blaziken,2889,alakazam-dudunsparce
5,1190,p1,2488,alakazam-dudunsparce,1763,raging-bolt-ogerpon
5,1191,p1,2321,dragapult-blaziken,2700,other
5,1192,p2,0638,slowking-scr,3259,?metagross
5,1193,p1,2802,ogerpon-meganium-hydrapple,0528,mega-lucario-ex
5,1194,p2,3434,rocket-mewtwo-ex,2933,slowking-scr
5,1195,p1,3525,rockets-honchkrow,3634,rocket-mewtwo-ex
5,1196,p2,1414,lopunny-dudunsparce,0637,mega-greninja-ex
5,1197,p2,3475,hops-trevenant,1281,dragapult-blaziken
5,1198,p1,2433,tera-box,3402,raging-bolt-ogerpon
5,1199,p1,1767,hops-trevenant,1354,dragapult-dusknoir
5,1200,p1,3677,other,2735,beedrill-ex-cri
5,1201,p1,1378,hops-trevenant,2706,lucario-hariyama
5,1202,p1,3124,dragapult-dusknoir,2244,hops-trevenant
5,1203,p2,1608,n-zoroark,1882,cynthia-garchomp-ex
5,1204,p2,2631,dragapult-ex,1350,dragapult-ex
5,1205,p1,3377,dragapult-ex,2506,raging-bolt-ogerpon
5,1206,p2,0803,crustle-dri,0083,alakazam-dudunsparce
5,1207,p2,1838,n-zoroark,3055,alakazam-dudunsparce
5,1208,p1,2466,rocket-mewtwo-ex,0344,n-zoroark
5,1209,p2,0056,dragapult-dusknoir,3117,slowking-scr
5,1210,p1,2355,dragapult-ex,0413,dragapult-ex
5,1211,p1,1134,slowking-scr,0907,lucario-hariyama
5,1212,p1,3741,dragapult-ex,0238,n-zoroark
5,1213,tie,1757,rockets-honchkrow,1996,ogerpon-meganium-hydrapple
5,1214,p1,1538,mega-venusaur-ex,1668,diancie-dusknoir
5,1215,p2,2789,other,2388,mega-greninja-ex
5,1216,p1,2942,beedrill-ex-cri,3302,dragapult-ex
5,1217,p1,3742,n-zoroark,1257,dragapult-blaziken
5,1218,p2,1379,dragapult-dusknoir,2759,dragapult-dudunsparce
5,1219,p1,2104,rocket-mewtwo-ex,1612,dragapult-ex
5,1220,p1,3493,ogerpon-meganium-hydrapple,3463,dragapult-ex
5,1221,p1,1725,ogerpon-meganium-hydrapple,0417,mega-greninja-ex
5,1222,p2,2703,dragapult-ex,3733,rocket-mewtwo-ex
5,1223,p1,2343,dragapult-blaziken,1734,dragapult-dusknoir
5,1224,tie,0098,dragapult-dusknoir,1959,dragapult-ex
5,1225,p2,3425,alakazam-dudunsparce,0936,dragapult-ex
5,1226,p2,2849,dragapult-ex,1963,ogerpon-meganium-hydrapple
5,1227,p2,1534,cynthia-garchomp-ex,3141,dragapult-ex
5,1228,p1,2585,crustle-dri,2713,n-zoroark
5,1229,p1,3657,rocket-mewtwo-ex,1658,rockets-honchkrow
5,1230,p1,2736,dragapult-blaziken,0016,dragapult-blaziken
5,1231,p2,3521,ethan-typhlosion,1127,dragapult-ex
5,1232,p2,1401,dragapult-dusknoir,2485,dragapult-blaziken
5,1233,p1,0732,raging-bolt-ogerpon,1533,dragapult-dusknoir
5,1234,p2,0743,slowking-scr,0014,dragapult-ex
5,1235,p2,2059,dragapult-ex,2797,dragapult-ex
5,1236,p2,1103,dragapult-blaziken,0007,dragapult-dusknoir
5,1237,p2,1622,dragapult-blaziken,1492,rocket-mewtwo-ex
5,1238,p1,3289,rocket-mewtwo-ex,3746,dragapult-ex
5,1239,p2,2806,beedrill-ex-cri,0687,raging-bolt-ogerpon
5,1240,tie,3358,dragapult-ex,1203,rockets-honchkrow
5,1241,p1,2954,festival-lead,0497,crustle-dri
5,1242,p1,2397,dragapult-ex,1255,ogerpon-meganium-hydrapple
5,1243,p2,0222,mega-lucario-ex,3227,rockets-honchkrow
5,1244,p2,1615,rockets-honchkrow,3428,mega-greninja-ex
5,1245,p1,1933,dragapult-ex,2737,rocket-mewtwo-ex
5,1246,p1,2432,alakazam-dudunsparce,1092,ogerpon-meganium-hydrapple
5,1247,p2,2632,dragapult-ex,1440,dragapult-ex
5,1248,p2,2302,mega-greninja-ex,2596,ogerpon-meganium-hydrapple
5,1249,p1,1587,raging-bolt-ogerpon,2860,dragapult-ex
5,1250,p1,1428,dragapult-blaziken,2395,alakazam-dudunsparce
5,1251,p2,2031,cynthia-garchomp-ex,3188,greninja-ex
5,1252,p2,3558,dragapult-dusknoir,2076,dragapult-ex
5,1253,p2,0275,ethan-typhlosion,1443,dragapult-blaziken
5,1254,p1,2140,dragapult-dusknoir,0784,diancie-dusknoir
5,1255,p1,1751,basic-box-m,2132,raging-bolt-ogerpon
5,1256,p1,2050,dragapult-ex,2794,alakazam-dudunsparce
5,1257,p1,3730,dragapult-dusknoir,0676,dragapult-ex
5,1258,p1,2239,n-zoroark,0455,grimmsnarl-froslass
5,1259,tie,2081,alakazam-dudunsparce,2109,dragapult-ex
5,1260,p2,3649,lopunny-dudunsparce,3365,dragapult-ex
5,1261,p2,1070,flareon-noctowl,2858,dragapult-ex
5,1262,p2,0722,slowking-scr,1248,alakazam-dudunsparce
5,1263,p2,3457,n-zoroark,2024,mega-greninja-ex
5,1264,p1,0800,basic-box-m,3054,starmie-froslass
5,1265,p1,3330,raging-bolt-ogerpon,0371,ogerpon-meganium-hydrapple
5,1266,p1,1624,okidogi-barbaracle,2555,rockets-honchkrow
5,1267,p1,1590,dragapult-ex,2557,dragapult-ex
5,1268,p2,1520,dragapult-ex,1274,rocket-mewtwo-ex
5,1269,p1,0891,rocket-mewtwo-ex,3540,mega-absol-box
5,1270,p2,2452,dragapult-ex,1606,rockets-honchkrow
5,1271,p2,2026,ogerpon-meganium-hydrapple,2000,dragapult-ex
5,1272,p2,2300,slowking-scr,1301,ogerpon-meganium-hydrapple
5,1273,p2,2224,dragapult-ex,0340,dragapult-dusknoir
5,1274,p1,2694,archaludon-dudunsparce,3376,raging-bolt-ogerpon
5,1275,p2,3102,alakazam-dudunsparce,3253,festival-lead
5,1276,p1,1910,beedrill-ex-cri,2259,dragapult-ex
5,1277,p2,0343,ogerpon-meganium-hydrapple,2979,dragapult-ex
5,1278,p1,1596,dragapult-ex,2766,mega-greninja-ex
5,1279,p1,0867,festival-lead,2190,slowking-scr
5,1280,p2,0392,rockets-honchkrow,1201,rockets-honchkrow
5,1281,p1,2995,crustle-dri,2734,beedrill-ex-cri
5,1282,p2,1033,slowking-scr,3048,n-zoroark
5,1283,tie,1435,dragapult-ex,2394,raging-bolt-ogerpon
5,1284,tie,3694,dragapult-dusknoir,2078,slowking-scr
5,1285,p2,1833,?metagross,0898,dragapult-ex
5,1286,p2,0757,ogerpon-meganium-hydrapple,1080,hops-trevenant
5,1287,p2,1380,dragapult-dusknoir,0642,rockets-honchkrow
5,1288,p1,1680,greninja-ex,2699,manectric-eelektrik
5,1289,p1,2248,hops-trevenant,1094,ceruledge-ex
5,1290,p1,0053,rockets-honchkrow,1187,slowking-scr
5,1291,p2,3144,dragapult-blaziken,3068,rockets-honchkrow
5,1292,p2,2275,rocket-mewtwo-ex,3548,dragapult-dusknoir
5,1293,p1,3405,raging-bolt-ogerpon,2961,dragapult-dusknoir
5,1294,tie,2913,ceruledge-ex,1495,greninja-ex
5,1295,p2,0556,lucario-hariyama,2790,kangaskhan-bouffalant
5,1296,p1,3095,lopunny-dudunsparce,2065,crustle-dri
5,1297,p1,2872,dragapult-dusknoir,2344,ogerpon-meganium-hydrapple
5,1298,p1,2647,alakazam-dudunsparce,1769,okidogi-barbaracle
5,1299,p2,0709,dragapult-ex,0519,ogerpon-meganium-hydrapple
5,1300,p1,3022,alakazam-dudunsparce,3194,dragapult-dusknoir
5,1301,p1,2648,ogerpon-meganium-hydrapple,1577,dragapult-ex
5,1302,p1,1896,rocket-mewtwo-ex,1356,beedrill-ex-cri
5,1303,p2,0089,lopunny-dusknoir,1413,raging-bolt-ogerpon
5,1304,p2,0603,dragapult-blaziken,0108,dragapult-dudunsparce
5,1305,p2,1635,lillie-clefairy,2516,mega-greninja-ex
5,1306,p2,0372,ogerpon-meganium-hydrapple,3118,dragapult-ex
5,1307,p1,2380,starmie-dusknoir,2167,alakazam-dudunsparce
5,1308,p1,1541,dragapult-ex,2263,dragapult-blaziken
5,1309,tie,0785,n-zoroark,1173,dragapult-ex
5,1310,p2,3554,n-zoroark,1887,mega-greninja-ex
5,1311,p1,2359,dragapult-dudunsparce,0060,dragapult-ex
5,1312,p1,0337,dragapult-ex,0001,slowking-scr
5,1313,p2,2990,beedrill-ex-cri,3083,ogerpon-meganium-hydrapple
5,1314,p2,0456,rockets-honchkrow,2526,lucario-hariyama
5,1315,p1,3564,dragapult-ex,2542,slowking-scr
5,1316,p1,3319,dragapult-dusknoir,1721,slowking-scr
5,1317,p1,1978,dragapult-ex,2570,ethan-typhlosion
5,1318,p1,2323,dragapult-ex,1517,ethan-typhlosion
5,1319,p2,2726,alakazam-dudunsparce,2226,other
5,1321,p1,2299,dragapult-ex,0882,dragapult-blaziken
5,1322,p1,1307,alakazam-dudunsparce,2898,dragapult-ex
5,1323,p1,2511,cynthia-garchomp-ex,0190,dragapult-blaziken
5,1324,p2,0741,hops-trevenant,1640,beedrill-ex-cri
5,1325,p1,0600,dragapult-dusknoir,1891,ogerpon-meganium-hydrapple
5,1326,p1,0195,slowking-scr,3421,dragapult-ex
5,1327,p2,1547,dragapult-ex,3231,dragapult-blaziken
5,1328,p1,0745,mega-greninja-ex,1515,basic-box-m
5,1329,p1,2480,raging-bolt-ogerpon,0752,dragapult-ex
5,1330,p2,3406,dragapult-ex,0967,ogerpon-meganium-hydrapple
5,1331,p2,0311,dragapult-ex,2729,dragapult-ex
5,1332,p2,1793,starmie-froslass,0397,dragapult-dusknoir
5,1333,tie,2733,dragapult-dudunsparce,0505,mega-greninja-ex
5,1334,tie,3357,cynthia-garchomp-ex,2702,rockets-honchkrow
5,1335,p1,0583,starmie-dusknoir,1956,dragapult-ex
5,1336,p1,0567,dragapult-ex,2119,slowking-scr
5,1337,p2,1617,mega-greninja-ex,1697,?metagross
5,1338,p1,2528,slowking-scr,2412,festival-lead
5,1339,p1,2657,dragapult-ex,3608,lopunny-dudunsparce
5,1340,p1,2693,dragapult-ex,1130,dragapult-ex
5,1341,p2,3607,dragapult-ex,1397,?metagross
5,1342,p2,2773,beedrill-ex-cri,1738,mega-venusaur-ex
5,1343,p1,2977,alakazam-dudunsparce,1918,dragapult-dusknoir
5,1344,p2,0296,ogerpon-meganium-hydrapple,0176,dragapult-ex
5,1345,p1,3686,raging-bolt-ogerpon,3609,raging-bolt-ogerpon
5,1346,p2,0706,mega-greninja-ex,0003,dragapult-ex
5,1347,p1,3078,n-zoroark,3679,dragapult-dusknoir
5,1348,p1,2133,dragapult-blaziken,2993,hops-trevenant
5,1349,p1,2061,dragapult-ex,0994,dragapult-ex
5,1350,p2,0981,rockets-honchkrow,2410,mega-greninja-ex
5,1351,p2,1688,raging-bolt-ogerpon,0691,dragapult-ex
5,1352,p1,0330,raging-bolt-ogerpon,1946,mega-greninja-ex
5,1353,p1,1703,?metagross,0504,crustle-dri
5,1354,p2,0242,rocket-mewtwo-ex,2923,n-zoroark
5,1355,p2,2437,dragapult-ex,1660,crustle-dri
5,1356,p1,1303,slowking-scr,3032,n-zoroark
5,1357,p1,0002,alakazam-dudunsparce,0121,greninja-ex
5,1358,p2,3072,toxtricity-box,0295,dragapult-dusknoir
5,1359,p2,0191,alakazam-dudunsparce,2636,ogerpon-meganium-hydrapple
5,1360,p1,1191,mega-greninja-ex,2450,dragapult-blaziken
5,1361,p1,0506,dragapult-blaziken,3034,raging-bolt-ogerpon
5,1362,p1,2266,beedrill-ex-cri,1667,raging-bolt-ogerpon
5,1363,p1,0179,dragapult-ex,0258,other
5,1364,p1,1686,mega-lucario-ex,2438,mega-lucario-ex
5,1365,p2,1337,rockets-honchkrow,3258,dragapult-blaziken
5,1366,p1,1205,rockets-honchkrow,2099,lucario-hariyama
5,1367,tie,1920,dragapult-blaziken,0085,raging-bolt-ogerpon
5,1368,p2,3631,beedrill-ex-cri,2436,festival-lead
5,1369,p1,2957,raging-bolt-ogerpon,0492,mega-greninja-ex
5,1370,tie,2987,raging-bolt-ogerpon,2874,lopunny-dudunsparce
5,1371,p1,3513,dragapult-ex,0540,archaludon-dudunsparce
5,1372,tie,2567,mega-venusaur-ex,1748,rocket-mewtwo-ex
5,1373,p1,0019,slowking-scr,3498,marnie-grimmsnarl-ex
5,1374,p2,2365,n-zoroark,2601,crustle-dri
5,1375,p2,1576,dragapult-dusknoir,0814,archaludon-dudunsparce
5,1376,p1,2512,basic-box-m,2668,lucario-hariyama
5,1377,p2,3310,greninja-ex,3353,ogerpon-meganium-hydrapple
5,1378,p2,1184,ogerpon-meganium-hydrapple,1069,froslass-munkidori
5,1379,p2,1089,dragapult-blaziken,2360,dragapult-froslass
5,1380,p1,1482,alakazam-dudunsparce,1209,lucario-hariyama
5,1381,p1,0929,?,1156,dragapult-dusknoir
5,1382,p2,1832,dragapult-ex,2187,festival-lead
5,1383,tie,0441,archaludon-ex,0130,raging-bolt-ogerpon
5,1384,p1,3724,dragapult-ex,2445,slowking-scr
5,1385,p1,2613,beedrill-ex-cri,2183,lopunny-dudunsparce
5,1386,p1,2644,beedrill-ex-cri,1355,dragapult-dusknoir
5,1387,p2,0774,cynthia-garchomp-ex,0484,hop-zacian
5,1388,p2,2318,dragapult-ex,1418,alakazam-dudunsparce
5,1389,p2,0246,raging-bolt-ogerpon,0453,n-zoroark
5,1390,p1,0855,raging-bolt-ogerpon,1868,hops-trevenant
5,1391,p1,2857,dragapult-ex,2865,slowking-scr
5,1392,p1,3412,crustle-dri,2062,n-zoroark
5,1393,p2,3466,mega-lucario-ex,3391,basic-box-m
5,1394,p1,0796,alakazam-dudunsparce,0292,ogerpon-meganium-hydrapple
5,1395,p1,0064,beedrill-ex-cri,0673,n-zoroark
5,1396,p1,2490,?,1361,festival-lead
5,1397,p2,1345,kangaskhan-bouffalant,3039,basic-box-m
5,1398,p2,1249,?metagross,1709,archaludon-dudunsparce
5,1399,p1,2492,dragapult-ex,1695,alakazam-dudunsparce
5,1400,p1,1636,dragapult-ex,3177,rockets-honchkrow
5,1401,p1,2303,tera-box,1185,mega-greninja-ex
5,1402,p2,2909,rocket-mewtwo-ex,3459,basic-box-m
5,1403,p2,2080,basic-box-m,3234,rockets-honchkrow
5,1404,p1,0853,beedrill-ex-cri,0180,lopunny-dudunsparce
5,1405,p2,3131,mega-greninja-ex,2154,greninja-ex
5,1406,p2,0490,dragapult-dudunsparce,1809,raging-bolt-ogerpon
5,1407,p2,0279,dragapult-ex,1285,alakazam-dudunsparce
5,1408,p2,2593,n-zoroark,3583,lucario-hariyama
5,1409,p1,2307,dragapult-ex,1593,dragapult-ex
5,1410,p2,0591,ceruledge-ex,2163,alakazam-dudunsparce
5,1411,p2,1311,n-zoroark,1326,mega-venusaur-ex
5,1412,p2,2971,lucario-hariyama,1377,hops-trevenant
5,1413,p1,0670,festival-lead,3559,crustle-dri
5,1414,p1,1693,basic-box-m,1327,ogerpon-meganium-hydrapple
5,1415,p1,2928,mega-greninja-ex,2712,lillie-clefairy
5,1416,p2,2841,mega-venusaur-ex,1085,ethan-typhlosion
5,1417,p1,0840,rocket-mewtwo-ex,2904,dragapult-blaziken
5,1418,p2,3510,mega-lucario-ex,2728,dragapult-dusknoir
5,1419,tie,1760,ethan-typhlosion,2620,dragapult-blaziken
5,1420,p1,2767,dragapult-ex,3189,n-zoroark
5,1421,p2,1316,lopunny-dudunsparce,0580,ethan-typhlosion
5,1422,p1,3160,raging-bolt-ogerpon,1289,ogerpon-meganium-hydrapple
5,1423,p2,1505,ogerpon-meganium-hydrapple,0433,alakazam-dudunsparce
5,1424,tie,0914,raging-bolt-ogerpon,0939,alakazam-dudunsparce
5,1425,p2,3489,greninja-ex,3738,rocket-mewtwo-ex
5,1426,p2,3443,n-zoroark,0655,n-zoroark
5,1427,p1,0992,ogerpon-meganium-hydrapple,3748,starmie-dusknoir
5,1428,p1,0945,hops-trevenant,2215,doublade-por
5,1429,p2,1132,misty-gyarados,1228,dragapult-dusknoir
5,1430,p1,0862,crustle-dri,0769,kangaskhan-bouffalant
5,1431,p1,2101,lillie-clefairy,0181,raging-bolt-ogerpon
5,1432,p1,1997,?metagross,3596,dragapult-dusknoir
5,1433,p1,3508,slowking-scr,3272,n-zoroark
5,1434,p2,2247,toxtricity-box,2811,crustle-dri
5,1435,p2,0298,dragapult-ex,2824,lucario-hariyama
5,1436,p1,2233,dragapult-blaziken,0801,grimmsnarl-froslass
5,1437,p2,1212,mega-charizard-x-ex,2003,starmie-froslass
5,1438,p2,2378,ogerpon-meganium-arboliva,3478,crustle-dri
5,1439,tie,1387,dragapult-blaziken,3195,dragapult-blaziken
5,1440,p2,0857,dragapult-dusknoir,3585,cynthia-garchomp-ex
5,1441,p1,2844,starmie-dusknoir,0989,slowking-scr
5,1442,tie,3495,dragapult-blaziken,0082,dragapult-ex
5,1443,p2,2129,dragapult-dusknoir,3132,lucario-hariyama
5,1444,p2,1001,dragapult-ex,1108,crustle-dri
5,1445,p2,3268,raging-bolt-ogerpon,2357,slowking-scr
5,1446,p1,2470,starmie-froslass,3133,dragapult-ex
5,1447,p1,2507,dragapult-blaziken,2108,hops-trevenant
5,1448,p2,0735,mega-greninja-ex,0754,raging-bolt-ogerpon
5,1449,p2,1556,ethan-typhlosion,1551,mega-greninja-ex
5,1450,p1,2751,ogerpon-meganium-hydrapple,2905,ogerpon-meganium-hydrapple
5,1451,p2,0138,dragapult-dusknoir,2842,n-zoroark
5,1452,tie,3527,alakazam-dudunsparce,0193,dragapult-blaziken
5,1453,tie,1339,slowking-scr,0370,?metagross
5,1454,p1,1571,dragapult-blaziken,0921,n-zoroark
5,1455,p1,0564,dragapult-ex,3476,dragapult-ex
5,1456,tie,1990,dragapult-ex,1871,mega-lucario-ex
5,1457,p1,0815,dragapult-dudunsparce,0321,mega-greninja-ex
5,1458,p1,3311,mega-absol-box,3600,flareon-ex
5,1459,p1,0350,starmie-dusknoir,1066,lucario-hariyama
5,1460,p2,1139,greninja-ex,1756,dragapult-ex
5,1461,p2,3647,beedrill-ex-cri,0905,basic-box-m
5,1462,p2,0047,dragapult-ex,0094,festival-lead
5,1463,tie,0011,raging-bolt-ogerpon,1242,rocket-mewtwo-ex
5,1464,p2,3473,dragapult-dusknoir,1642,dragapult-dusknoir
5,1465,tie,0451,alakazam-dudunsparce,0228,dragapult-ex
5,1466,p1,3060,starmie-dusknoir,0607,dragapult-dudunsparce
5,1467,p2,1753,cynthia-garchomp-ex,0259,dragapult-dusknoir
5,1468,p1,3485,dragapult-ex,0562,decidueye-ex
5,1469,p1,0545,raging-bolt-ogerpon,0096,mega-greninja-ex
5,1470,p1,2804,dragapult-blaziken,3403,dragapult-ex
5,1471,p1,1546,cynthia-garchomp-ex,0142,dragapult-blaziken
5,1472,p1,3142,alakazam-dudunsparce,1856,raging-bolt-ogerpon
5,1473,tie,3180,starmie-froslass,0225,dragapult-ex
5,1474,p1,3578,dragapult-ex,1439,mega-lucario-ex
5,1475,p2,0317,ethan-typhlosion,1129,ogerpon-meganium-hydrapple
5,1476,p2,1766,mega-greninja-ex,0821,cynthia-garchomp-ex
5,1477,tie,1982,dragapult-ex,2350,n-zoroark
5,1478,p2,1146,mega-lucario-ex,0702,archaludon-dudunsparce
5,1479,p2,0487,alakazam-dudunsparce,3238,dragapult-dusknoir
5,1480,p2,2716,ogerpon-meganium-arboliva,0079,mega-venusaur-ex
5,1481,p2,1292,dragapult-ex,2853,dragapult-dusknoir
5,1482,p2,1548,ogerpon-meganium-hydrapple,1800,alakazam-dudunsparce
5,1483,p1,1003,dragapult-blaziken,3186,archaludon-dudunsparce
5,1484,p2,0251,dragapult-dusknoir,3752,ogerpon-meganium-hydrapple
5,1485,p1,2257,dragapult-dusknoir,1158,diancie-dusknoir
5,1486,p1,2745,basic-box-m,0091,cynthia-garchomp-ex
5,1487,p2,0299,dragapult-ex,2340,raging-bolt-ogerpon
5,1488,p2,0756,rocket-mewtwo-ex,3737,mega-froslass-dudunsparce
5,1489,p2,0128,ogerpon-meganium-hydrapple,3334,dragapult-ex
5,1490,p1,3618,diancie-dusknoir,0445,dragapult-dusknoir
5,1491,tie,3625,dragapult-ex,0526,alakazam-dudunsparce
5,1492,p1,0749,dragapult-blaziken,2661,ogerpon-meganium-hydrapple
5,1493,tie,0097,dragapult-blaziken,0357,?metagross
5,1494,tie,1761,slowking-scr,0271,dragapult-ex
5,1495,p1,1953,basic-box-m,3530,dragapult-ex
5,1496,p1,1007,mega-greninja-ex,0232,starmie-froslass
5,1497,p2,2476,dragapult-ex,0157,ogerpon-meganium-hydrapple
5,1498,p2,2035,raging-bolt-ogerpon,2685,lucario-hariyama
5,1499,tie,1118,basic-box-m,0663,slowking-scr
5,1500,p2,1860,alakazam-dudunsparce,0020,dragapult-ex
5,1501,p2,1420,lillie-clefairy,1781,crustle-dri
5,1502,p2,0557,crustle-dri,3683,dragapult-ex
5,1503,p1,3450,ogerpon-meganium-hydrapple,2420,dragapult-dusknoir
5,1504,p2,0632,dragapult-blaziken,1718,n-zoroark
5,1505,p1,2118,ogerpon-meganium-hydrapple,2482,cynthia-garchomp-ex
5,1506,p2,2165,dragapult-blaziken,2589,alakazam-dudunsparce
5,1507,p2,1714,n-zoroark,3113,raging-bolt-ogerpon
5,1508,p1,0460,ogerpon-meganium-hydrapple,1711,starmie-dusknoir
5,1509,p1,2924,n-zoroark,2405,alakazam-dudunsparce
5,1510,p1,1189,jellicent-dusknoir,0851,dragapult-ex
5,1511,p1,0789,dragapult-dusknoir,2762,ogerpon-meganium-hydrapple
5,1512,p1,0131,mega-greninja-ex,1509,slowking-scr
5,1513,p1,1584,mega-greninja-ex,2817,dragapult-dusknoir
5,1514,p1,2624,dragapult-ex,3291,ogerpon-meganium-hydrapple
5,1515,p1,2324,diancie-dusknoir,2886,flareon-noctowl
5,1516,p1,2921,basic-box-m,0733,dragapult-dusknoir
5,1517,p1,1459,lucario-hariyama,1573,ogerpon-meganium-hydrapple
5,1518,p2,3206,basic-box-m,1621,dragapult-ex
5,1519,tie,1805,slowking-scr,3239,dragapult-blaziken
5,1520,p1,3244,?metagross,0595,alakazam-dudunsparce
5,1521,p1,2179,doublade-por,1161,eelektrik-blk
5,1522,p2,0652,dragapult-dusknoir,2472,basic-box-m
5,1523,p1,3568,n-zoroark,3581,lopunny-dudunsparce
5,1524,p1,1067,lucario-hariyama,2057,mega-greninja-ex
5,1525,p1,2546,cynthia-garchomp-ex,3687,rocket-mewtwo-ex
5,1526,tie,3444,ethan-typhlosion,1915,rocket-mewtwo-ex
5,1527,p2,3692,alakazam-dudunsparce,0614,dragapult-blaziken
5,1528,p2,1603,mega-greninja-ex,1296,dragapult-ex
5,1529,tie,1681,mega-lucario-ex,2530,alakazam-dudunsparce
5,1530,tie,0170,rocket-mewtwo-ex,1723,dragapult-ex
5,1531,p2,3664,dragapult-ex,1188,?metagross
5,1532,p1,2732,dragapult-ex,1412,dragapult-ex
5,1533,p1,2754,cynthia-garchomp-ex,0223,slowking-scr
5,1534,p1,0466,dragapult-dusknoir,1230,beedrill-ex-cri
5,1535,p2,0623,grimmsnarl-froslass,2807,dragapult-ex
5,1536,tie,3665,rockets-honchkrow,1630,?metagross
5,1537,tie,0375,dragapult-ex,2387,archaludon-dudunsparce
5,1538,p2,1399,raging-bolt-ogerpon,0044,crustle-dri
5,1539,p2,0363,other,3295,ethan-typhlosion
5,1540,p2,1012,cynthia-garchomp-ex,2269,alakazam-dudunsparce
5,1541,p1,1111,rockets-honchkrow,2760,hops-trevenant
5,1542,p2,1288,crustle-dri,0829,dragapult-blaziken
5,1543,tie,1217,ogerpon-meganium-hydrapple,2428,alakazam-dudunsparce
5,1544,tie,1806,alakazam-dudunsparce,2522,lopunny-dudunsparce
5,1545,tie,3710,dragapult-dusknoir,1403,n-zoroark
5,1546,tie,2779,alakazam-dudunsparce,0390,dragapult-dusknoir
5,1547,p2,0090,slowking-scr,3090,grimmsnarl-froslass
5,1548,p1,1958,starmie-froslass,0586,dragapult-ex
5,1549,p2,0013,dragapult-ex,1240,dragapult-blaziken
5,1550,p1,1779,dragapult-blaziken,1357,mega-greninja-ex
5,1551,p2,2792,raging-bolt-ogerpon,3380,n-zoroark
5,1552,p1,2775,raging-bolt-ogerpon,3615,dragapult-dudunsparce
5,1553,p2,0609,dragapult-ex,0893,alakazam-dudunsparce
5,1554,p1,2621,dragapult-ex,3129,dragapult-blaziken
5,1555,p2,0403,mega-starmie-ex,2205,alakazam-dudunsparce
5,1556,p1,0710,slowking-scr,0382,ceruledge-ex
5,1557,p2,2756,slowking-scr,2056,alakazam-dudunsparce
5,1558,p1,3313,mega-greninja-ex,3290,ogerpon-meganium
5,1559,p1,3093,?metagross,3277,ethan-typhlosion
5,1560,p1,0301,dragapult-blaziken,1195,ogerpon-meganium-arboliva
5,1561,p1,1493,dragapult-ex,2268,dragapult-ex
5,1562,p1,1225,mega-greninja-ex,3085,dragapult-dusknoir
5,1563,p1,0955,n-zoroark,3192,beedrill-ex-cri
5,1564,p1,0834,other,2301,dragapult-dusknoir
5,1565,p2,0447,dragapult-dusknoir,0115,slowking-scr
5,1566,p1,2474,greninja-ex,0909,slowking-scr
5,1567,p2,1786,mega-greninja-ex,2650,alakazam-dudunsparce
5,1568,p1,1762,other,3020,n-zoroark
5,1569,tie,1211,beedrill-ex-cri,1704,?metagross
5,1570,p2,0750,slowking-scr,3107,dragapult-blaziken
5,1571,p2,3429,alakazam-dudunsparce,3146,raging-bolt-ogerpon
5,1572,p1,0532,lillie-clefairy,1830,dragapult-ex
5,1573,p2,2541,starmie-dusknoir,0868,blissey-ex
5,1574,p2,3545,archaludon-dudunsparce,1889,dragapult-ex
5,1575,p1,1452,archaludon-ex,2580,n-zoroark
5,1576,p2,0289,mega-greninja-ex,3708,ceruledge-ex
5,1577,tie,3461,alakazam-dudunsparce,2730,rocket-mewtwo-ex
5,1578,p2,0524,ogerpon-meganium-hydrapple,3038,raging-bolt-ogerpon
5,1579,p1,0209,dragapult-dusknoir,0147,other
5,1580,double_loss,3419,dragapult-ex,0582,basic-box-m
5,1581,p1,1583,lillie-clefairy,1112,ogerpon-meganium-hydrapple
5,1582,p2,2001,dragapult-ex,0049,mega-greninja-ex
5,1583,tie,0255,ogerpon-meganium-hydrapple,0996,hops-trevenant
5,1584,p2,2681,raging-bolt-ogerpon,0028,dragapult-dusknoir
5,1585,p2,0724,other,1334,rockets-honchkrow
5,1586,tie,0380,mega-greninja-ex,1729,dragapult-ex
5,1587,p1,0608,dragapult-dusknoir,3606,ogerpon-meganium
5,1588,p2,2130,mega-greninja-ex,0213,okidogi-barbaracle
5,1589,p1,3699,rockets-honchkrow,0943,rockets-honchkrow
5,1590,p2,1820,lillie-clefairy,3538,alakazam-dudunsparce
5,1591,p1,1894,ogerpon-meganium-hydrapple,2166,mega-venusaur-ex
5,1592,p2,2951,ogerpon-meganium-arboliva,3449,hydreigon-ex
5,1593,tie,2155,crustle-dri,1432,basic-box-m
5,1594,p2,3642,slowking-scr,2690,n-zoroark
5,1595,p2,0212,?metagross,2598,slowking-scr
5,1596,p2,3063,beedrill-ex-cri,3151,rockets-honchkrow
5,1597,p1,0145,dragapult-dusknoir,0278,mega-greninja-ex
5,1598,p2,2982,lillie-clefairy,0573,crustle-dri
5,1599,p1,0062,lopunny-dudunsparce,0366,dragapult-dusknoir
5,1600,p1,1914,lillie-clefairy,1237,slowking-scr
5,1601,p2,0430,mega-venusaur-ex,2833,lucario-hariyama
5,1602,p2,3739,mega-greninja-ex,2538,other
5,1603,p2,2178,dragapult-ex,2676,dragapult-ex
5,1604,p2,0559,crustle-dri,0285,mega-abomasnow-ex
5,1605,p1,2835,dragapult-ex,2384,starmie-dusknoir
5,1606,p2,0648,dragapult-dusknoir,3056,mega-manectric-ex-meg
5,1607,p2,0507,ethan-typhlosion,0612,dragapult-ex
6,1,p1,1019,dragapult-ex,0940,festival-lead
6,2,p2,0762,dragapult-ex,1519,crustle-dri
6,3,p2,1182,dragapult-ex,2083,lillie-clefairy
6,4,p2,2256,beedrill-ex-cri,1461,dragapult-dusknoir
6,5,p1,3110,ceruledge-ex,0319,dragapult-ex
6,6,p1,1048,dragapult-ex,1024,alakazam-dudunsparce
6,7,p2,0226,basic-box-m,3200,basic-box-m
6,8,tie,0030,dragapult-ex,3286,dragapult-ex
6,9,p1,0458,crustle-dri,3371,dragapult-ex
6,10,p2,1497,dragapult-ex,3486,dragapult-dusknoir
6,11,p1,1938,cynthia-garchomp-ex,0594,sylveon-pre
6,12,p1,1227,dragapult-ex,2368,basic-box-m
6,13,p1,2216,alakazam-dudunsparce,0135,crustle-dri
6,14,tie,1727,festival-lead,0928,alakazam-dudunsparce
6,15,p2,3721,n-zoroark,1803,ogerpon-meganium-hydrapple
6,16,p2,0404,dragapult-ex,2373,slowking-scr
6,17,p1,1346,dragapult-ex,1831,dragapult-blaziken
6,18,p1,2401,ogerpon-meganium-hydrapple,1764,clefairy-ogerpon
6,19,p1,0963,basic-box-m,3197,n-zoroark
6,20,p2,1053,slowking-scr,3422,dragapult-ex
6,21,p2,1021,dragapult-ex,3130,n-zoroark
6,22,p2,2919,dragapult-ex,3655,dragapult-ex
6,23,p2,3707,dragapult-blaziken,0126,dragapult-dusknoir
6,24,p2,3267,dragapult-ex,0629,dragapult-ex
6,25,p1,3271,ogerpon-meganium-hydrapple,3103,dragapult-ex
6,26,p1,3595,dragapult-ex,3280,n-zoroark
6,27,p1,2689,slowking-scr,2112,dragapult-dusknoir
6,28,p2,1267,dragapult-dusknoir,0537,crustle-dri
6,29,p2,3225,rockets-honchkrow,0795,dragapult-ex
6,30,p2,2184,dragapult-ex,2230,basic-box-m
6,31,p2,1343,dragapult-ex,3303,dragapult-dusknoir
6,32,p1,2763,dragapult-ex,0778,crustle-dri
6,33,tie,3616,dragapult-ex,3588,dragapult-dusknoir
6,34,tie,0679,dragapult-ex,1797,dragapult-ex
6,35,p2,3567,dragapult-ex,2569,dragapult-ex
6,36,p2,3409,dragapult-dusknoir,3254,dragapult-ex
6,37,p1,1095,n-zoroark,2494,dragapult-ex
6,38,p1,1971,dragapult-blaziken,2562,dragapult-ex
6,39,p1,3712,dragapult-ex,3426,n-zoroark
6,40,p2,1198,dragapult-blaziken,2602,dragapult-dusknoir
6,41,p2,1863,dragapult-ex,0374,dragapult-ex
6,42,p2,1381,n-zoroark,3209,dragapult-ex
6,43,tie,0107,ogerpon-meganium-hydrapple,2563,grimmsnarl-froslass
6,44,p1,3488,crustle-dri,1948,slowking-scr
6,45,p2,0059,crustle-dri,3140,festival-lead
6,46,p1,0389,dragapult-ex,0314,dragapult-dusknoir
6,47,p2,1855,dragapult-ex,1247,crustle-dri
6,48,p2,1183,alakazam-dudunsparce,0031,dragapult-ex
6,49,p1,2454,crustle-dri,0553,dragapult-ex
6,50,p1,2338,dragapult-ex,3630,crustle-dri
6,51,tie,2633,dragapult-ex,2085,dragapult-dusknoir
6,52,p2,0369,alakazam-dudunsparce,0592,n-zoroark
6,53,p2,2498,dragapult-ex,2236,rockets-honchkrow
6,54,p2,1484,grimmsnarl-froslass,0942,dragapult-ex
6,55,p2,0010,n-zoroark,0473,n-zoroark
6,56,tie,1893,dragapult-ex,1611,dragapult-ex
6,57,p2,0827,alakazam-dudunsparce,0521,crustle-dri
6,58,tie,2310,n-zoroark,2258,dragapult-ex
6,59,p1,2966,dragapult-blaziken,3221,ethan-typhlosion
6,60,p2,3560,ogerpon-meganium-hydrapple,0852,dragapult-dudunsparce
6,61,tie,1907,dragapult-ex,2818,metagross-cri
6,62,p2,3282,dragapult-dusknoir,3162,dragapult-ex
6,63,p1,0805,dragapult-ex,3637,crustle-dri
6,64,p1,3670,dragapult-blaziken,2836,dragapult-ex
6,65,p2,1991,dragapult-ex,2408,dragapult-ex
6,66,p1,2627,dragapult-ex,1964,dragapult-ex
6,67,p1,3624,dragapult-ex,3507,festival-lead
6,68,p2,1104,cynthia-garchomp-ex,0239,dragapult-ex
6,69,p1,2724,n-zoroark,2251,dragapult-dusknoir
6,70,tie,0054,basic-box-m,3658,slowking-scr
6,71,p2,2049,slowking-scr,0358,ogerpon-meganium-hydrapple
6,72,p2,2950,n-zoroark,1117,dragapult-ex
6,73,p2,1430,basic-box-m,0167,dragapult-ex
6,74,p1,1140,dragapult-dusknoir,2881,slowking-scr
6,75,p1,0070,ethan-typhlosion,1106,dragapult-ex
6,76,p1,0499,dragapult-ex,3479,alakazam-dudunsparce
6,77,p2,0822,dragapult-ex,1516,crustle-dri
6,78,p1,1431,ogerpon-meganium-hydrapple,1076,slowking-scr
6,79,p2,2969,alakazam-dudunsparce,0508,alakazam-dudunsparce
6,80,p2,3278,lillie-clefairy,0200,alakazam-dudunsparce
6,81,p1,3196,dragapult-ex,2143,n-zoroark
6,82,p2,0534,slowking-scr,1965,dragapult-ex
6,83,tie,1852,dragapult-dusknoir,1746,alakazam-dudunsparce
6,84,tie,0978,festival-lead,1083,cynthia-garchomp-ex
6,85,p1,2654,raging-bolt-ogerpon,3155,dragapult-blaziken
6,86,p2,0602,raging-bolt-ogerpon,1155,n-zoroark
6,87,p2,0498,n-zoroark,3696,dragapult-ex
6,88,p2,1360,dragapult-ex,2311,lillie-clefairy
6,89,p2,2682,ogerpon-meganium-hydrapple,1348,dragapult-ex
6,90,p1,1795,dragapult-dusknoir,2204,slowking-scr
6,91,p1,2831,dragapult-ex,0185,dragapult-dusknoir
6,92,p2,3542,dragapult-ex,0175,slowking-scr
6,93,p2,0915,dragapult-ex,0412,dragapult-ex
6,94,p1,0325,slowking-scr,2743,dragapult-ex
6,95,tie,0182,festival-lead,1829,alakazam-dudunsparce
6,96,p1,2402,crustle-dri,2590,dragapult-ex
6,97,p2,0848,ogerpon-meganium,1365,ogerpon-meganium-hydrapple
6,98,p1,0889,dragapult-ex,1290,dragapult-ex
6,99,p2,0527,dragapult-ex,2160,n-zoroark
6,100,p1,1333,ogerpon-meganium-hydrapple,3138,slowking-scr
6,101,p1,2186,lopunny-dudunsparce,0105,crustle-dri
6,102,p1,3104,dragapult-ex,0297,n-zoroark
6,103,p2,1905,slowking-scr,1525,dragapult-dusknoir
6,104,p2,1736,dragapult-ex,0960,alakazam-dudunsparce
6,105,tie,3491,n-zoroark,3308,dragapult-ex
6,106,p2,1467,ethan-typhlosion,1213,dragapult-blaziken
6,107,p1,3143,dragapult-blaziken,1207,alakazam-dudunsparce
6,108,p2,1874,dragapult-ex,0444,lillie-clefairy
6,109,p1,3208,n-zoroark,1229,dragapult-ex
6,110,tie,2446,beedrill-ex-cri,0923,dragapult-ex
6,111,p2,1559,raging-bolt-ogerpon,3326,dragapult-dusknoir
6,112,p2,0171,sylveon-pre,3089,mega-lucario-ex
6,113,p1,0293,slowking-scr,0012,dragapult-dusknoir
6,114,p1,0065,alakazam-dudunsparce,2282,ogerpon-meganium-hydrapple
6,115,p2,0661,slowking-scr,3379,dragapult-ex
6,116,p1,2619,n-zoroark,0863,dragapult-ex
6,117,p2,1983,alakazam-dudunsparce,2009,dragapult-ex
6,118,p2,1063,beedrill-ex-cri,3532,dragapult-ex
6,119,p2,2861,dragapult-ex,1250,basic-box-m
6,120,p1,2642,ogerpon-meganium-hydrapple,0659,n-zoroark
6,121,tie,3736,dragapult-blaziken,0972,dragapult-ex
6,122,p1,3100,dragapult-dusknoir,2213,dragapult-dusknoir
6,123,p2,2880,dragapult-ex,0315,raging-bolt-ogerpon
6,124,p2,1597,rocket-mewtwo-ex,3653,dragapult-dusknoir
6,125,p2,0654,diancie-dusknoir,2907,ogerpon-meganium-hydrapple
6,126,p2,2922,dragapult-dusknoir,3029,rockets-honchkrow
6,127,p1,1592,dragapult-ex,1038,beedrill-ex-cri
6,128,p1,2901,basic-box-m,1929,greninja-ex
6,129,p2,1391,dragapult-ex,2114,ogerpon-meganium-hydrapple
6,130,tie,2809,n-zoroark,1921,dragapult-dusknoir
6,131,p2,2892,hops-trevenant,1518,dragapult-ex
6,132,p2,1682,slowking-scr,0290,alakazam-dudunsparce
6,133,p2,0783,dragapult-blaziken,2501,lucario-hariyama
6,134,p2,1265,ogerpon-meganium-hydrapple,0895,dragapult-ex
6,135,p1,0004,crustle-dri,3190,mega-greninja-ex
6,136,tie,3576,dragapult-ex,3325,starmie-froslass
6,137,p2,3356,basic-box-m,1609,festival-lead
6,138,tie,0753,metagross-cri,3436,raging-bolt-ogerpon
6,139,p2,1862,other,3716,mega-greninja-ex
6,140,p2,2270,rockets-honchkrow,0335,mega-greninja-ex
6,141,p2,0199,basic-box-m,2536,basic-box-m
6,142,p1,0772,ogerpon-meganium-hydrapple,3546,rocket-mewtwo-ex
6,143,tie,0817,slowking-scr,3179,dragapult-ex
6,144,p1,2618,dragapult-ex,3119,lucario-hariyama
6,145,tie,3101,alakazam-dudunsparce,2581,dragapult-ex
6,146,p1,2227,n-zoroark,0560,basic-box-m
6,147,p2,2151,raging-bolt-ogerpon,2134,dragapult-ex
6,148,p1,3573,alakazam-dudunsparce,1441,dragapult-ex
6,149,p1,1623,dragapult-ex,3713,n-zoroark
6,150,tie,0479,dragapult-dudunsparce,2278,dragapult-ex
6,151,p2,3059,raging-bolt-ogerpon,3526,slowking-scr
6,152,p2,2669,dragapult-ex,1011,dragapult-dusknoir
6,153,tie,1641,raging-bolt-ogerpon,1445,alakazam-dudunsparce
6,154,p1,0015,n-zoroark,3481,dragapult-ex
6,155,p1,0368,dragapult-dusknoir,0922,dragapult-ex
6,156,p1,3299,slowking-scr,2339,ceruledge-ex
6,157,p1,2722,dragapult-ex,2426,lopunny-dudunsparce
6,158,p2,0619,crustle-dri,1107,dragapult-dusknoir
6,159,p1,0495,dragapult-dudunsparce,1366,basic-box-m
6,160,p2,2349,dragapult-dusknoir,0206,raging-bolt-ogerpon
6,161,p1,1031,beedrill-ex-cri,1656,dragapult-ex
6,162,p2,0273,lopunny-dudunsparce,0476,dragapult-dusknoir
6,163,p1,0407,dragapult-ex,1531,grimmsnarl-froslass
6,164,p1,1178,basic-box-m,0797,dragapult-ex
6,165,p1,1154,ogerpon-meganium-hydrapple,1162,dragapult-blaziken
6,166,p1,2443,dragapult-ex,1163,rockets-honchkrow
6,167,p2,0160,mega-greninja-ex,3076,rocket-mewtwo-ex
6,168,p2,1892,beedrill-ex-cri,0669,dragapult-ex
6,169,p2,2279,lopunny-dudunsparce,1159,basic-box-m
6,170,p1,2231,slowking-scr,1040,beedrill-ex-cri
6,171,p1,1210,dragapult-dusknoir,2911,dragapult-dusknoir
6,172,tie,2864,dragapult-dusknoir,3288,raging-bolt-ogerpon
6,173,p1,2997,dragapult-ex,3388,dragapult-dusknoir
6,174,p1,2457,dragapult-ex,0664,alakazam-dudunsparce
6,175,p2,2175,slowking-scr,3049,dragapult-ex
6,176,p2,3447,?metagross,1713,grimmsnarl-froslass
6,177,p1,1888,alakazam-dudunsparce,2008,dragapult-ex
6,178,p2,3582,dragapult-dusknoir,2025,dragapult-ex
6,179,p1,3432,dragapult-ex,0231,dragapult-ex
6,180,tie,1405,festival-lead,0552,dragapult-ex
6,181,p1,2984,dragapult-ex,0309,dragapult-ex
6,182,p1,3163,basic-box-m,2207,ogerpon-meganium-hydrapple
6,183,p2,0470,alakazam-dudunsparce,2180,dragapult-blaziken
6,184,p1,1844,crustle-dri,2960,rocket-mewtwo-ex
6,185,p2,3339,dragapult-dusknoir,1743,dragapult-ex
6,186,p1,1739,dragapult-dusknoir,2595,raging-bolt-ogerpon
6,187,p2,1349,slowking-scr,3671,dragapult-blaziken
6,188,p1,3320,alakazam-dudunsparce,1543,basic-box-m
6,189,p1,1644,dragapult-ex,0286,dragapult-ex
6,190,p2,0859,beedrill-ex-cri,2579,dragapult-ex
6,191,p1,3346,dragapult-ex,2986,lillie-clefairy
6,192,p1,1924,slowking-scr,3499,dragapult-ex
6,193,tie,2852,lucario-hariyama,1122,dragapult-ex
6,194,tie,2032,dragapult-blaziken,3338,slowking-scr
6,195,p2,1604,dragapult-ex,1015,n-zoroark
6,196,p1,1752,n-zoroark,0684,dragapult-dusknoir
6,197,p1,0983,slowking-scr,2315,dragapult-ex
6,198,tie,0873,basic-box-m,2572,crustle-dri
6,199,p2,3217,dragapult-ex,1876,n-zoroark
6,200,tie,1848,slowking-scr,3283,dragapult-ex
6,201,p2,3265,dragapult-blaziken,0558,rocket-mewtwo-ex
6,202,p1,1367,dragapult-dusknoir,2777,hops-trevenant
6,203,p2,1974,beedrill-ex-cri,2679,dragapult-ex
6,204,tie,1166,slowking-scr,1787,dragapult-blaziken
6,205,p2,1719,mega-lucario-ex,0697,dragapult-ex
6,206,tie,3264,n-zoroark,2830,dragapult-ex
6,207,tie,2742,dragapult-blaziken,3497,dragapult-ex
6,208,p1,3021,dragapult-ex,3294,ethan-typhlosion
6,209,p2,3333,crustle-dri,3106,dragapult-ex
6,210,p1,3701,dragapult-ex,1436,dragapult-ex
6,211,tie,0061,dragapult-ex,2793,crustle-dri
6,212,p1,0387,dragapult-dusknoir,1952,crustle-dri
6,213,p1,2739,metagross-cri,2782,?metagross
6,214,p1,1494,dragapult-ex,0045,dragapult-ex
6,215,p1,1567,ethan-typhlosion,1700,slowking-scr
6,216,p1,0489,rockets-honchkrow,3276,dragapult-ex
6,217,p2,2985,ogerpon-meganium-hydrapple,1645,dragapult-blaziken
6,218,tie,1961,dragapult-ex,1595,dragapult-ex
6,219,p2,2714,dragapult-ex,2799,crustle-dri
6,220,p2,1472,dragapult-ex,2533,raging-bolt-ogerpon
6,221,p2,1098,dragapult-ex,0976,dragapult-dusknoir
6,222,p2,0391,basic-box-m,2764,dragapult-dusknoir
6,223,p1,0894,festival-lead,3711,n-zoroark
6,224,p2,1504,ogerpon-meganium-hydrapple,1226,dragapult-ex
6,225,p2,2348,dragapult-ex,1637,dragapult-ex
6,226,tie,0104,dragapult-ex,0790,dragapult-ex
6,227,p2,0579,dragapult-ex,1949,dragapult-ex
6,228,tie,1300,dragapult-blaziken,0718,alakazam-dudunsparce
6,229,p2,2687,dragapult-ex,2829,dragapult-ex
6,230,tie,1165,dragapult-dusknoir,3136,dragapult-ex
6,231,p2,1074,dragapult-blaziken,2978,crustle-dri
6,232,p1,2288,lucario-hariyama,2814,n-zoroark
6,233,p1,1783,dragapult-ex,1810,dragapult-dusknoir
6,234,p1,3178,dragapult-ex,1256,rocket-mewtwo-ex
6,235,tie,3285,dragapult-blaziken,2423,raging-bolt-ogerpon
6,236,p1,2503,alakazam-dudunsparce,0077,alakazam-dudunsparce
6,237,p2,0384,mega-lucario-ex,1939,ogerpon-meganium-hydrapple
6,238,p2,3561,slowking-scr,3393,n-zoroark
6,239,p2,1672,dragapult-ex,0646,crustle-dri
6,240,p2,1392,ogerpon-meganium-hydrapple,0651,dragapult-dusknoir
6,241,tie,0144,crustle-dri,0635,ogerpon-meganium-arboliva
6,242,p1,1945,dragapult-blaziken,1742,dragapult-ex
6,243,p2,2635,beedrill-ex-cri,0103,alakazam-dudunsparce
6,244,p2,0610,alakazam-dudunsparce,3047,dragapult-ex
6,245,tie,1261,lucario-hariyama,0034,n-zoroark
6,246,p1,1562,dragapult-ex,3041,n-zoroark
6,247,p1,1244,dragapult-dusknoir,0520,rockets-honchkrow
6,248,tie,0158,festival-lead,2896,n-zoroark
6,249,p2,3000,dragapult-ex,0249,dragapult-ex
6,250,p2,1317,dragapult-dudunsparce,0826,beedrill-ex-cri
6,251,p1,0307,crustle-dri,2649,dragapult-ex
6,252,tie,3416,raging-bolt-ogerpon,2544,hops-trevenant
6,253,p2,1870,basic-box-m,1585,dragapult-ex
6,254,tie,2313,dragapult-dusknoir,3539,rocket-mewtwo-ex
6,255,p1,3329,crustle-dri,2137,dragapult-ex
6,256,p2,0022,dragapult-ex,1845,rocket-mewtwo-ex
6,257,p2,0277,ogerpon-meganium-hydrapple,0416,alakazam-dudunsparce
6,258,p2,0910,dragapult-blaziken,1340,dragapult-dusknoir
6,259,p1,0483,dragapult-ex,0781,lopunny-dudunsparce
6,260,p1,3281,dragapult-ex,3094,dragapult-ex
6,261,tie,2200,?,2191,crustle-dri
6,262,p1,0192,dragapult-ex,3202,alakazam-dudunsparce
6,263,p1,2578,n-zoroark,2525,dragapult-ex
6,264,p1,2891,dragapult-ex,1580,alakazam-dudunsparce
6,265,tie,3644,alakazam-dudunsparce,0713,basic-box-m
6,266,p2,1866,dragapult-ex,1710,lillie-clefairy
6,267,tie,2895,mega-greninja-ex,0501,stevens-metagross
6,268,p2,0217,dragapult-ex,1664,ogerpon-meganium-hydrapple
6,269,p2,1043,ogerpon-meganium-hydrapple,2744,alakazam-dudunsparce
6,270,p2,0919,crustle-dri,0953,dragapult-dudunsparce
6,271,p1,1124,raging-bolt-ogerpon,2464,ogerpon-meganium-hydrapple
6,272,p2,2449,festival-lead,0134,dragapult-dusknoir
6,273,p1,2055,dragapult-dusknoir,1707,rocket-mewtwo-ex
6,274,p1,2784,grimmsnarl-froslass,3392,lillie-clefairy
6,275,p1,0871,dragapult-ex,0268,dragapult-dusknoir
6,276,p1,2692,crustle-dri,2217,beedrill-ex-cri
6,277,tie,2746,raging-bolt-ogerpon,3257,alakazam-dudunsparce
6,278,p2,3541,dragapult-ex,0630,dragapult-ex
6,279,p2,1034,alakazam-dudunsparce,0869,ogerpon-meganium-hydrapple
6,280,p1,1578,alakazam-dudunsparce,1179,dragapult-blaziken
6,281,tie,2290,alakazam-dudunsparce,2098,raging-bolt-ogerpon
6,282,tie,3164,dragapult-ex,1109,slowking-scr
6,283,p2,1323,dragapult-ex,2495,dragapult-ex
6,284,tie,3400,rockets-honchkrow,0133,n-zoroark
6,285,p1,1651,raging-bolt-ogerpon,0589,dragapult-dusknoir
6,286,p2,3027,dragapult-ex,3383,n-zoroark
6,287,p1,0585,dragapult-blaziken,0063,dragapult-dusknoir
6,288,p2,3312,dragapult-dusknoir,2803,dragapult-ex
6,289,p2,2088,dragapult-ex,2305,dragapult-ex
6,290,p1,1006,dragapult-blaziken,2146,slowking-scr
6,291,p2,2135,basic-box-m,0881,rocket-mewtwo-ex
6,292,p1,3098,raging-bolt-ogerpon,2677,dragapult-blaziken
6,293,p2,2532,dragapult-ex,0548,dragapult-ex
6,294,p1,0546,rocket-mewtwo-ex,0523,dragapult-blaziken
6,295,p2,0360,dragapult-dusknoir,0856,dragapult-dusknoir
6,296,p1,2738,dragapult-ex,3343,dragapult-ex
6,297,p2,2260,alakazam-dudunsparce,3214,dragapult-ex
6,298,tie,0365,crustle-dri,3519,dragapult-ex
6,299,p1,3431,dragapult-ex,3061,flareon-noctowl
6,300,p2,0824,ogerpon-meganium-hydrapple,3108,dragapult-dusknoir
6,301,p1,1847,dragapult-ex,0935,rocket-mewtwo-ex
6,302,p2,2363,ogerpon-meganium-hydrapple,1507,ogerpon-meganium-hydrapple
6,303,tie,1648,basic-box-m,2467,ogerpon-meganium-hydrapple
6,304,p1,2126,rockets-honchkrow,0831,dragapult-ex
6,305,p2,0440,dragapult-ex,3717,dragapult-dusknoir
6,306,p2,0420,dragapult-ex,3128,crustle-dri
6,307,p1,1384,dragapult-dusknoir,0048,basic-box-m
6,308,p1,0316,slowking-scr,0215,dragapult-blaziken
6,309,p1,0074,dragapult-ex,2827,lucario-hariyama
6,310,p2,3114,dragapult-ex,2900,dragapult-dusknoir
6,311,p2,0042,lucario-hariyama,3520,alakazam-dudunsparce
6,312,p2,0037,hops-trevenant,1214,raging-bolt-ogerpon
6,313,p2,2073,dragapult-ex,0503,?metagross
6,314,p1,2846,mega-greninja-ex,3373,dragapult-ex
6,315,p2,0310,alakazam-dudunsparce,3745,alakazam-dudunsparce
6,316,p1,2719,alakazam-dudunsparce,0184,dragapult-dusknoir
6,317,p1,1197,crustle-dri,0941,raging-bolt-ogerpon
6,318,p2,1631,dragapult-blaziken,3622,alakazam-dudunsparce
6,319,p2,2566,basic-box-m,2519,mega-absol-box
6,320,p1,0763,dragapult-blaziken,0166,dragapult-dusknoir
6,321,p2,2276,crustle-dri,2776,dragapult-ex
6,322,p1,0568,dragapult-ex,0770,dragapult-blaziken
6,323,p1,1802,slowking-scr,1466,n-zoroark
6,324,p2,1775,dragapult-ex,1291,slowking-scr
6,325,p1,3689,dragapult-ex,1097,dragapult-dusknoir
6,326,tie,0581,raging-bolt-ogerpon,0462,dragapult-ex
6,327,tie,2840,?metagross,3065,dragapult-dusknoir
6,328,p1,1293,alakazam-dudunsparce,2220,n-zoroark
6,329,p2,2499,dragapult-dusknoir,3363,n-zoroark
6,330,p1,3411,dragapult-ex,1193,dragapult-ex
6,331,p2,0017,dragapult-dusknoir,2885,cynthia-garchomp-ex
6,332,p1,1555,dragapult-ex,2925,ogerpon-meganium-hydrapple
6,333,tie,0662,dragapult-ex,2707,hops-trevenant
6,334,tie,0173,dragapult-ex,1336,?metagross
6,335,p2,2662,basic-box-m,3170,beedrill-ex-cri
6,336,p2,2750,ogerpon-meganium-hydrapple,1610,lillie-clefairy
6,337,p2,2241,ogerpon-meganium-hydrapple,1552,dragapult-ex
6,338,p2,3572,festival-lead,3727,rockets-honchkrow
6,339,p2,3148,dragapult-ex,0055,dragapult-ex
6,340,p1,1750,basic-box-m,2284,ethan-typhlosion
6,341,tie,2320,dragapult-ex,0674,dragapult-ex
6,342,p2,3149,mega-greninja-ex,1812,dragapult-ex
6,343,p2,1010,crustle-dri,2149,slowking-scr
6,344,p1,2330,dragapult-dusknoir,0639,dragapult-blaziken
6,345,p2,0621,dragapult-dusknoir,3025,dragapult-ex
6,346,tie,0386,ogerpon-meganium-hydrapple,0544,starmie-dusknoir
6,347,tie,0717,raging-bolt-ogerpon,2406,dragapult-ex
6,348,p1,0220,dragapult-ex,3198,starmie-dusknoir
6,349,tie,3709,ogerpon-meganium-hydrapple,0530,grimmsnarl-froslass
6,350,p2,2529,dragapult-blaziken,1180,dragapult-dusknoir
6,351,p1,0649,hops-trevenant,1818,dragapult-dusknoir
6,352,tie,2418,hops-trevenant,1749,ogerpon-meganium-hydrapple
6,353,p1,0723,dragapult-ex,2523,lucario-hariyama
6,354,p1,1394,dragapult-ex,1481,dragapult-blaziken
6,355,p2,2629,mega-lucario-ex,0768,crustle-dri
6,356,p2,0493,dragapult-ex,0188,alakazam-dudunsparce
6,357,tie,0342,ogerpon-meganium-hydrapple,3610,ogerpon-meganium-hydrapple
6,358,tie,2398,dragapult-ex,3522,beedrill-ex-cri
6,359,p2,1270,n-zoroark,1456,dragapult-ex
6,360,p2,2720,dragapult-ex,0355,kangaskhan-bouffalant
6,361,p2,1733,hops-trevenant,2040,basic-box-m
6,362,p1,0349,dragapult-ex,2139,mega-greninja-ex
6,363,tie,2442,slowking-scr,0241,ogerpon-meganium-hydrapple
6,364,p1,0244,dragapult-ex,0860,dragapult-dusknoir
6,365,p2,3037,alakazam-dudunsparce,3611,dragapult-ex
6,366,p2,3092,dragapult-ex,1669,alakazam-dudunsparce
6,367,p2,1676,dragapult-dusknoir,0198,alakazam-dudunsparce
6,368,p1,2660,dragapult-ex,2855,n-zoroark
6,369,p2,0605,beedrill-ex-cri,1798,ogerpon-meganium-hydrapple
6,370,p2,1370,dragapult-dusknoir,0112,dragapult-ex
6,371,p1,3729,dragapult-ex,2361,alakazam-dudunsparce
6,372,p2,3154,dragapult-ex,0464,dragapult-ex
6,373,tie,1527,dragapult-ex,1319,dragapult-ex
6,374,p2,1827,alakazam-dudunsparce,0205,dragapult-ex
6,375,p1,3316,alakazam-dudunsparce,1758,beedrill-ex-cri
6,376,p1,0517,dragapult-ex,2897,alakazam-dudunsparce
6,377,p1,2419,dragapult-dusknoir,0883,ogerpon-meganium-hydrapple
6,378,p2,1013,mega-greninja-ex,3199,rockets-honchkrow
6,379,p1,2461,ethan-typhlosion,1799,n-zoroark
6,380,p1,3570,beedrill-ex-cri,3116,dragapult-ex
6,381,p2,2489,dragapult-ex,2608,n-zoroark
6,382,tie,1673,dragapult-ex,3374,dragapult-ex
6,383,p2,2345,lucario-hariyama,1269,basic-box-m
6,384,p2,0043,dragapult-dusknoir,0494,dragapult-ex
6,385,p2,1566,dragapult-blaziken,0092,alakazam-dudunsparce
6,386,tie,1369,festival-lead,1702,dragapult-ex
6,387,p1,0406,slowking-scr,1975,dragapult-dusknoir
6,388,p2,0980,dragapult-dusknoir,0253,dragapult-ex
6,389,p2,1335,dragapult-ex,2089,crustle-dri
6,390,p2,1096,dragapult-ex,0950,slowking-scr
6,391,p1,1582,n-zoroark,0502,dragapult-blaziken
6,392,p1,1463,raging-bolt-ogerpon,2322,dragapult-ex
6,393,p1,3604,dragapult-ex,3666,mega-greninja-ex
6,394,p1,0622,ogerpon-meganium-hydrapple,0716,dragapult-ex
6,395,p2,3327,dragapult-ex,1455,rockets-honchkrow
6,396,p2,2356,dragapult-dudunsparce,3641,dragapult-dusknoir
6,397,p1,3015,dragapult-ex,0601,crustle-dri
6,398,p1,2890,beedrill-ex-cri,1232,n-zoroark
6,399,p2,3477,dragapult-blaziken,2768,dragapult-dusknoir
6,400,p1,3249,alakazam-dudunsparce,0701,slowking-scr
6,401,tie,0812,mega-lucario-ex,1460,slowking-scr
6,402,p2,1917,beedrill-ex-cri,2786,dragapult-ex
6,403,p1,0792,ceruledge-ex,2887,dragapult-dusknoir
6,404,p1,2212,dragapult-ex,0766,dragapult-dusknoir
6,405,p1,3081,?metagross,2515,lucario-hariyama
6,406,p1,3292,dragapult-dusknoir,1153,dragapult-dudunsparce
6,407,p1,0677,alakazam-dudunsparce,1846,dragapult-dusknoir
6,408,p2,0747,raging-bolt-ogerpon,0946,n-zoroark
6,409,tie,1223,rockets-honchkrow,2953,mega-greninja-ex
6,410,p1,2594,dragapult-ex,1973,slowking-scr
6,411,tie,3215,hops-trevenant,0201,slowking-scr
6,412,p1,2556,greninja-ex,0230,crustle-dri
6,413,p1,3157,festival-lead,0696,raging-bolt-ogerpon
6,414,p1,2551,dragapult-ex,2946,basic-box-m
6,415,p1,3014,n-zoroark,0401,festival-lead
6,416,p2,1941,dragapult-dusknoir,3001,dragapult-ex
6,417,p1,0644,dragapult-ex,0211,lillie-clefairy
6,418,p2,3335,cynthia-garchomp-ex,3182,slowking-scr
6,419,p2,0690,alakazam-dudunsparce,3517,dragapult-dudunsparce
6,420,p1,1125,dragapult-ex,2575,dragapult-ex
6,421,tie,2250,n-zoroark,3398,dragapult-ex
6,422,tie,3043,dragapult-ex,1572,dragapult-blaziken
6,423,tie,1574,lopunny-dudunsparce,1740,ogerpon-meganium-hydrapple
6,424,p2,3252,rocket-mewtwo-ex,2435,ogerpon-meganium-hydrapple
6,425,p2,1883,dragapult-dusknoir,2683,dragapult-dusknoir
6,426,p1,2612,dragapult-ex,0775,ogerpon-meganium-hydrapple
6,427,p2,0116,dragapult-dusknoir,2672,slowking-scr
6,428,p1,1816,alakazam-dudunsparce,2520,lillie-clefairy
6,429,p2,1835,raging-bolt-ogerpon,0861,lucario-hariyama
6,430,tie,1204,n-zoroark,0032,basic-box-m
6,431,p2,2383,slowking-scr,1897,alakazam-dudunsparce
6,432,p2,2285,dragapult-ex,1474,dragapult-dusknoir
6,433,p2,3529,dragapult-ex,1221,lillie-clefairy
6,434,p2,3592,festival-lead,3300,dragapult-dusknoir
6,435,p2,1932,rocket-mewtwo-ex,2027,rocket-mewtwo-ex
6,436,p1,0434,n-zoroark,1177,crustle-dri
6,437,p1,2296,crustle-dri,1362,dragapult-dusknoir
6,438,p1,1400,sharpedo-toxtricity,0847,ogerpon-meganium-hydrapple
6,439,p1,3574,crustle-dri,1078,kangaskhan-bouffalant
6,440,p2,0645,?,0913,dragapult-ex
6,441,p1,2688,mega-greninja-ex,2704,dragapult-ex
6,442,p1,0931,lillie-clefairy,0269,raging-bolt-ogerpon
6,443,p2,0811,dragapult-ex,3057,basic-box-m
6,444,p1,2646,dragapult-dusknoir,1120,dragapult-ex
6,445,p1,3534,basic-box-m,0303,alakazam-dudunsparce
6,446,p2,0302,raging-bolt-ogerpon,0802,rockets-honchkrow
6,447,p2,1972,dragapult-dusknoir,1532,dragapult-blaziken
6,448,p1,2837,dragapult-dusknoir,2937,dragapult-dusknoir
6,449,p2,1315,rockets-honchkrow,2234,dragapult-dusknoir
6,450,p1,0672,dragapult-ex,2935,dragapult-ex
6,451,tie,0858,dragapult-ex,3678,ogerpon-meganium-hydrapple
6,452,tie,3354,beedrill-ex-cri,2945,raging-bolt-ogerpon
6,453,tie,2553,dragapult-ex,3661,n-zoroark
6,454,p1,0626,dragapult-dusknoir,0332,alakazam-dudunsparce
6,455,p2,3352,dragapult-ex,2385,starmie-dusknoir
6,456,p2,0095,n-zoroark,2816,cynthia-garchomp-ex
6,457,p2,1790,slowking-scr,1524,kangaskhan-bouffalant
6,458,p1,0373,kangaskhan-bouffalant,0437,lillie-clefairy
6,459,p1,0959,ogerpon-meganium-hydrapple,2209,dragapult-blaziken
6,460,p1,3145,dragapult-dusknoir,0203,ogerpon-meganium-hydrapple
6,461,p1,2469,raging-bolt-ogerpon,2843,starmie-froslass
6,462,p2,2203,slowking-scr,1119,lillie-clefairy
6,463,p1,2455,?metagross,0399,starmie-froslass
6,464,p1,2004,mega-greninja-ex,0345,crustle-dri
6,465,p2,1540,raging-bolt-ogerpon,2177,dragapult-ex
6,466,p2,1717,ogerpon-meganium-hydrapple,3669,dragapult-dusknoir
6,467,p2,2671,beedrill-ex-cri,1602,beedrill-ex-cri
6,468,tie,1601,alakazam-dudunsparce,1407,n-zoroark
6,469,p2,2883,lopunny-dudunsparce,1499,alakazam-dudunsparce
6,470,p1,0149,metagross-cri,1589,dragapult-ex
6,471,p1,1372,crustle-dri,2421,lillie-clefairy
6,472,tie,3298,dragapult-ex,3322,dragapult-ex
6,473,tie,0300,slowking-scr,1306,dragapult-ex
6,474,p1,0877,jellicent-dusknoir,0838,dragapult-ex
6,475,p2,0257,dragapult-blaziken,0918,cynthia-garchomp-ex
6,476,tie,0563,n-zoroark,2810,basic-box-m
6,477,p2,3273,dragapult-blaziken,2115,dragapult-dusknoir
6,478,p1,2686,dragapult-ex,1475,festival-lead
6,479,p2,1017,dragapult-dusknoir,2940,alakazam-dudunsparce
6,480,p1,2975,dragapult-ex,2121,festival-lead
6,481,tie,2201,dragapult-ex,2261,dragapult-dusknoir
6,482,tie,0443,ogerpon-meganium-hydrapple,0522,festival-lead
6,483,p2,3547,alakazam-dudunsparce,0410,dragapult-dusknoir
6,484,tie,3452,dragapult-ex,1145,n-zoroark
6,485,p1,2715,starmie-froslass,2502,n-zoroark
6,486,p1,3203,ogerpon-meganium-hydrapple,0347,dragapult-ex
6,487,p1,1234,dragapult-ex,1817,dragapult-ex
6,488,p1,3255,dragapult-ex,0707,other
6,489,p2,2765,dragapult-ex,1090,dragapult-ex
6,490,p2,1535,slowking-scr,3594,basic-box-m
6,491,p1,1170,dragapult-dusknoir,2658,slowking-scr
6,492,tie,0227,dragapult-ex,0653,slowking-scr
6,493,p1,3551,mega-lucario-ex,1176,?metagross
6,494,tie,1022,dragapult-ex,1245,dragapult-ex
6,495,p2,2989,mega-greninja-ex,1730,dragapult-ex
6,496,p2,2695,other,3223,alakazam-dudunsparce
6,497,p1,0327,archaludon-dudunsparce,0728,raging-bolt-ogerpon
6,498,p1,3261,dragapult-ex,1614,festival-lead
6,499,p2,0151,mega-lucario-ex,1376,ogerpon-meganium-hydrapple
6,500,p2,1426,dragapult-dusknoir,3165,lillie-clefairy
6,501,p1,1483,n-zoroark,1877,alakazam-dudunsparce
6,502,p1,2335,archaludon-dudunsparce,1937,mega-absol-box
6,503,p2,1754,slowking-scr,1457,dragapult-ex
6,504,p1,3243,basic-box-m,2902,dragapult-dusknoir
6,505,p2,2988,raging-bolt-ogerpon,0152,raging-bolt-ogerpon
6,506,p2,2416,starmie-froslass,1854,n-zoroark
6,507,tie,3397,dragapult-blaziken,0057,alakazam-dudunsparce
6,508,p2,2656,n-zoroark,1569,n-zoroark
6,509,p1,2425,dragapult-dusknoir,0958,dragapult-ex
6,510,p2,3640,dragapult-ex,1338,ogerpon-meganium-hydrapple
6,511,p2,3167,n-zoroark,1600,dragapult-ex
6,512,p1,2328,dragapult-dusknoir,1167,beedrill-ex-cri
6,513,p2,3599,dragapult-ex,2548,raging-bolt-ogerpon
6,514,p1,1878,dragapult-ex,1047,dragapult-dusknoir
6,515,p1,2564,dragapult-dusknoir,3620,basic-box-m
6,516,p1,0381,dragapult-ex,2838,starmie-dusknoir
6,517,p1,2772,crustle-dri,0721,dragapult-dusknoir
6,518,p1,0491,alakazam-dudunsparce,3248,dragapult-dusknoir
6,519,p2,3307,dragapult-ex,2675,dragapult-dusknoir
6,520,p2,1994,dragapult-dusknoir,2460,dragapult-ex
6,521,p2,0353,crustle-dri,2938,rocket-mewtwo-ex
6,522,p2,2774,ogerpon-meganium-hydrapple,3651,dragapult-ex
6,523,tie,3297,dragapult-dusknoir,0033,dragapult-ex
6,524,tie,2877,greninja-ex,1619,alakazam-dudunsparce
6,525,p2,3418,dragapult-dusknoir,1663,lopunny-dudunsparce
6,526,p1,1489,diancie-dusknoir,1396,ogerpon-meganium-hydrapple
6,527,p1,1358,dragapult-ex,3279,ogerpon-meganium-hydrapple
6,528,p1,3501,ogerpon-meganium-hydrapple,1088,slowking-scr
6,529,p1,1260,n-zoroark,2770,dragapult-dusknoir
6,530,p2,0731,ogerpon-meganium-hydrapple,3563,dragapult-ex
6,531,p1,1330,basic-box-m,0379,slowking-scr
6,532,p2,2673,ogerpon-meganium-hydrapple,2697,rockets-honchkrow
6,533,p2,3007,slowking-scr,2493,dragapult-dusknoir
6,534,p1,0849,dragapult-ex,2069,raging-bolt-ogerpon
6,535,p2,1275,?metagross,3324,n-zoroark
6,536,tie,2723,dragapult-ex,0782,dragapult-blaziken
6,537,p2,2030,dragapult-dusknoir,2144,basic-box-m
6,538,p1,1992,dragapult-ex,3537,dragapult-ex
6,539,p1,1692,dragapult-blaziken,0421,dragapult-ex
6,540,p1,0932,alakazam-dudunsparce,1049,basic-box-m
6,541,p1,2856,rockets-honchkrow,1018,ogerpon-meganium-hydrapple
6,542,p1,3511,dragapult-ex,0985,dragapult-blaziken
6,543,p2,0807,ogerpon-meganium-hydrapple,0124,dragapult-dusknoir
6,544,p2,1625,dragapult-blaziken,2583,dragapult-ex
6,545,p2,2038,other,1057,slowking-scr
6,546,p1,1417,dragapult-ex,2246,dragapult-ex
6,547,tie,1634,festival-lead,0880,lopunny-dudunsparce
6,548,p1,0429,crustle-dri,1980,cynthia-garchomp-ex
6,549,p2,2916,dragapult-dudunsparce,0920,ogerpon-meganium-hydrapple
6,550,p1,2947,festival-lead,3035,raging-bolt-ogerpon
6,551,p2,0039,dragapult-dusknoir,3040,raging-bolt-ogerpon
6,552,p1,1029,n-zoroark,3420,dragapult-blaziken
6,553,p1,1438,alakazam-dudunsparce,0574,festival-lead
6,554,tie,0925,dragapult-dusknoir,2456,n-zoroark
6,555,tie,2980,ogerpon-meganium-hydrapple,0613,n-zoroark
6,556,p1,3492,raging-bolt-ogerpon,1488,dragapult-dusknoir
6,557,p1,0106,dragapult-ex,2336,ogerpon-meganium-hydrapple
6,558,p2,2415,dragapult-dusknoir,1309,alakazam-dudunsparce
6,559,p1,0727,crustle-dri,0808,basic-box-m
6,560,p1,2316,dragapult-blaziken,1523,n-zoroark
6,561,p1,0739,raging-bolt-ogerpon,0683,raging-bolt-ogerpon
6,562,p1,2582,raging-bolt-ogerpon,3235,?metagross
6,563,p1,0367,alakazam-dudunsparce,1082,diancie-dusknoir
6,564,p2,1408,slowking-scr,2197,slowking-scr
6,565,p1,1759,cynthia-garchomp-ex,1633,dragapult-ex
6,566,p1,2331,dragapult-blaziken,0539,raging-bolt-ogerpon
6,567,p2,1312,dragapult-ex,3230,cynthia-garchomp-ex
6,568,p1,0832,crustle-dri,0472,dragapult-dusknoir
6,569,p1,2879,mega-greninja-ex,1650,dragapult-dusknoir
6,570,p1,2994,mega-greninja-ex,0966,beedrill-ex-cri
6,571,p1,1720,dragapult-dusknoir,3361,alakazam-dudunsparce
6,572,p2,2192,crustle-dri,1295,crustle-dri
6,573,p1,0694,dragapult-ex,3502,festival-lead
6,574,tie,2223,dragapult-ex,2622,alakazam-dudunsparce
6,575,p1,2478,sharpedo-toxtricity,2291,dragapult-dusknoir
6,576,p1,3079,rockets-honchkrow,2169,dragapult-ex
6,577,tie,3240,dragapult-dusknoir,2691,dragapult-dusknoir
6,578,p1,1114,slowking-scr,0944,slowking-scr
6,579,p2,3719,dragapult-blaziken,0773,lillie-clefairy
6,580,p1,2308,basic-box-m,1491,dragapult-dusknoir
6,581,p2,0949,slowking-scr,2043,alakazam-dudunsparce
6,582,p2,2665,lucario-hariyama,3204,mega-greninja-ex
6,583,p1,3051,dragapult-ex,2396,dragapult-ex
6,584,p2,2006,ogerpon-meganium-hydrapple,1252,alakazam-dudunsparce
6,585,tie,2943,dragapult-ex,1148,starmie-froslass
6,586,tie,0396,dragapult-dusknoir,1792,ogerpon-meganium-hydrapple
6,587,tie,0776,okidogi-barbaracle,2908,lucario-hariyama
6,588,p1,1110,dragapult-ex,1479,rocket-mewtwo-ex
6,589,tie,0132,dragapult-ex,0611,raging-bolt-ogerpon
6,590,p1,3652,basic-box-m,2655,dragapult-ex
6,591,p2,0101,ogerpon-meganium-hydrapple,3181,dragapult-ex
6,592,tie,3613,crustle-dri,1824,dragapult-dusknoir
6,593,p2,1960,dragapult-ex,2888,dragapult-ex
6,594,p1,1008,clefairy-ogerpon,2392,raging-bolt-ogerpon
6,595,tie,2634,alakazam-dudunsparce,0962,dragapult-dusknoir
6,596,p1,2828,dragapult-ex,2351,cynthia-garchomp-ex
6,597,p2,3579,dragapult-dusknoir,1437,mega-greninja-ex
6,598,p1,0283,dragapult-blaziken,1981,dragapult-dusknoir
6,599,p1,0087,hops-trevenant,3152,slowking-scr
6,600,p2,0202,dragapult-ex,2934,n-zoroark
6,601,p1,2153,ogerpon-meganium-hydrapple,0798,dragapult-blaziken
6,602,p2,1575,slowking-scr,3242,dragapult-ex
6,603,p2,1352,dragapult-ex,1268,dragapult-dusknoir
6,604,p2,2156,hops-trevenant,1490,ogerpon-meganium-hydrapple
6,605,p1,2780,lopunny-dudunsparce,0339,slowking-scr
6,606,p1,3341,dragapult-ex,1138,ogerpon-meganium-arboliva
6,607,tie,2479,n-zoroark,0378,dragapult-dusknoir
6,608,p2,2903,ogerpon-meganium-hydrapple,3577,n-zoroark
6,609,p1,2292,raging-bolt-ogerpon,0260,dragapult-ex
6,610,p2,3628,dragapult-dusknoir,1253,greninja-ex
6,611,p2,3544,dragapult-ex,0625,alakazam-dudunsparce
6,612,p2,1666,lucario-hariyama,2758,dragapult-blaziken
6,613,p1,0120,dragapult-ex,0596,alakazam-dudunsparce
6,614,p2,0825,dragapult-ex,1912,lucario-hariyama
6,615,p2,0689,basic-box-m,1486,basic-box-m
6,616,p2,0141,beedrill-ex-cri,2783,festival-lead
6,617,p1,0818,raging-bolt-ogerpon,2614,hops-trevenant
6,618,p1,3470,dragapult-ex,1988,mega-greninja-ex
6,619,p1,0235,ogerpon-meganium-hydrapple,2034,mega-lucario-ex
6,620,p1,1678,mega-greninja-ex,3070,dragapult-dusknoir
6,621,p1,1706,slowking-scr,2409,dragapult-ex
6,622,p1,2439,dragapult-ex,3550,dragapult-ex
6,623,tie,0686,ogerpon-meganium-hydrapple,0813,dragapult-ex
6,624,p2,3553,ogerpon-meganium-hydrapple,0313,dragapult-ex
6,625,p2,2142,mega-greninja-ex,1243,dragapult-ex
6,626,p1,3226,diancie-dusknoir,1512,dragapult-ex
6,627,p2,3389,ogerpon-meganium-hydrapple,3633,ogerpon-meganium-hydrapple
6,628,p1,1444,basic-box-m,3184,dragapult-dusknoir
6,629,tie,0136,lillie-clefairy,2505,alakazam-dudunsparce
6,630,p2,2825,lucario-hariyama,0436,beedrill-ex-cri
6,631,p2,1286,beedrill-ex-cri,3408,dragapult-ex
6,632,tie,2645,alakazam-dudunsparce,0183,dragapult-ex
6,633,p1,1151,dragapult-dusknoir,0008,hops-trevenant
6,634,p2,0843,dragapult-ex,1064,crustle-dri
6,635,tie,2182,alakazam-dudunsparce,1591,n-zoroark
6,636,p2,0765,dragapult-dusknoir,2554,ethan-typhlosion
6,637,tie,0934,dragapult-ex,3183,dragapult-dusknoir
6,638,p2,1208,slowking-scr,2255,dragapult-ex
6,639,tie,0024,dragapult-ex,0221,dragapult-ex
6,640,p1,1782,dragapult-dusknoir,2475,basic-box-m
6,641,tie,0329,crustle-dri,0400,alakazam-dudunsparce
6,642,tie,1998,dragapult-blaziken,2973,rockets-honchkrow
6,643,p2,2871,crustle-dri,1859,lopunny-dudunsparce
6,644,p2,1368,dragapult-dusknoir,1544,dragapult-ex
6,645,p1,2238,alakazam-dudunsparce,1561,n-zoroark
6,646,tie,2652,festival-lead,0555,crustle-dri
6,647,tie,0395,alakazam-dudunsparce,1464,ogerpon-meganium-hydrapple
6,648,p1,0036,dragapult-ex,0023,dragapult-dusknoir
6,649,p1,2510,mega-greninja-ex,2417,slowking-scr
6,650,tie,3066,slowking-scr,1409,slowking-scr
6,651,p1,2147,ogerpon-meganium-hydrapple,0172,ogerpon-meganium-hydrapple
6,652,tie,1123,ogerpon-meganium-hydrapple,2411,okidogi-barbaracle
6,653,p2,3504,alakazam-dudunsparce,3323,raging-bolt-ogerpon
6,654,p1,2487,dragapult-blaziken,1263,dragapult-ex
6,655,tie,2107,rockets-honchkrow,1450,dragapult-ex
6,656,p1,3274,dragapult-dusknoir,1565,mega-greninja-ex
6,657,p2,2752,mega-lucario-ex,1086,alakazam-dudunsparce
6,658,p2,2117,dragapult-blaziken,3073,festival-lead
6,659,p2,3549,alakazam-dudunsparce,2800,dragapult-dusknoir
6,660,p2,1351,dragapult-ex,3185,other
6,661,p1,3404,alakazam-dudunsparce,0854,dragapult-blaziken
6,662,p2,1502,n-zoroark,2128,cynthia-garchomp-ex
6,663,tie,1224,dragapult-dusknoir,0675,dragapult-dusknoir
6,664,tie,2587,dragapult-dusknoir,2314,rockets-honchkrow
6,665,p1,1468,dragapult-blaziken,0845,dragapult-dudunsparce
6,666,p1,0465,dragapult-dusknoir,1160,mega-lucario-ex
6,667,p1,1404,ogerpon-meganium-hydrapple,0993,dragapult-ex
6,668,p1,2558,rocket-mewtwo-ex,1143,n-zoroark
6,669,p1,0820,ogerpon-meganium-hydrapple,1449,crustle-dri
6,670,p2,0204,dragapult-ex,2465,dragapult-dusknoir
6,671,p2,1341,ogerpon-meganium-hydrapple,0119,beedrill-ex-cri
6,672,p1,1039,alakazam-dudunsparce,0688,basic-box-m
6,673,p2,3396,beedrill-ex-cri,1371,n-zoroark
6,674,p1,0998,dragapult-ex,3213,dragapult-ex
6,675,p2,3524,rocket-mewtwo-ex,3002,dragapult-ex
6,676,p1,0461,raging-bolt-ogerpon,1639,dragapult-dusknoir
6,677,p2,0361,cynthia-garchomp-ex,1685,dragapult-ex
6,678,p2,3009,ethan-typhlosion,3216,dragapult-dusknoir
6,679,p2,2413,n-zoroark,0729,mega-lucario-ex
6,680,p2,0951,dragapult-dusknoir,2264,slowking-scr
6,681,p2,3464,dragapult-dusknoir,3680,ogerpon-meganium-hydrapple
6,682,p1,1314,dragapult-ex,1458,dragapult-dusknoir
6,683,p1,3518,dragapult-dusknoir,1819,cynthia-garchomp-ex
6,684,p1,3187,alakazam-dudunsparce,1679,n-zoroark
6,685,p2,2152,basic-box-m,2407,crustle-dri
6,686,p2,1683,dragapult-blaziken,1808,ogerpon-meganium-hydrapple
6,687,p2,2611,alakazam-dudunsparce,0926,lopunny-dudunsparce
6,688,p1,1529,dragapult-dusknoir,1390,ethan-typhlosion
6,689,p1,1916,dragapult-ex,0214,ceruledge-ex
6,690,p1,0245,dragapult-ex,3458,mega-greninja-ex
6,691,p2,0073,n-zoroark,0224,dragapult-ex
6,692,p1,1423,dragapult-ex,0547,raging-bolt-ogerpon
6,693,p2,2543,dragapult-dusknoir,2684,alakazam-dudunsparce
6,694,p1,2517,dragapult-ex,1780,lopunny-dudunsparce
6,695,p1,2866,dragapult-ex,1947,lopunny-dudunsparce
6,696,p2,1009,cynthia-garchomp-ex,3028,alakazam-dudunsparce
6,697,p2,1931,ethan-typhlosion,0561,dragapult-ex
6,698,tie,2967,alakazam-dudunsparce,0346,mega-lucario-ex
6,699,p2,3646,n-zoroark,3617,ogerpon-meganium-hydrapple
6,700,p1,0419,dragapult-ex,0738,rockets-honchkrow
6,701,p1,0478,dragapult-ex,1696,dragapult-ex
6,702,p1,2731,lopunny-dudunsparce,1653,mega-greninja-ex
6,703,p2,2929,lopunny-dudunsparce,1774,dragapult-ex
6,704,p2,2823,dragapult-ex,0102,n-zoroark
6,705,p1,1416,dragapult-blaziken,2586,dragapult-dusknoir
6,706,p2,3731,ogerpon-meganium-hydrapple,0071,dragapult-ex
6,707,p2,0809,dragapult-ex,0291,crustle-dri
6,708,p1,0952,dragapult-blaziken,3228,mega-lucario-ex
6,709,p1,3044,dragapult-ex,2219,basic-box-m
6,710,p1,0570,cynthia-garchomp-ex,2939,crustle-dri
6,711,p1,0542,mega-greninja-ex,1886,dragapult-ex
6,712,p1,3691,dragapult-blaziken,2755,dragapult-dudunsparce
6,713,p2,1503,dragapult-ex,0725,dragapult-dusknoir
6,714,p1,1558,dragapult-ex,0988,ceruledge-ex
6,715,p2,0712,dragapult-ex,3127,dragapult-dusknoir
6,716,p2,2370,alakazam-dudunsparce,3099,hops-trevenant
6,717,p1,0575,alakazam-dudunsparce,0164,ogerpon-meganium-hydrapple
6,718,p2,2451,n-zoroark,0424,n-zoroark
6,719,p2,2787,beedrill-ex-cri,1643,n-zoroark
6,720,p2,3685,rocket-spidops,0486,ogerpon-meganium-hydrapple
6,721,tie,0604,rockets-honchkrow,3031,dragapult-ex
6,722,p2,3648,lucario-hariyama,1135,dragapult-ex
6,723,p1,0908,ogerpon-meganium-hydrapple,3675,dragapult-ex
6,724,p1,3732,dragapult-ex,3058,dragapult-blaziken
6,725,p1,0376,dragapult-ex,2317,?metagross
6,726,p1,1629,dragapult-ex,2970,dragapult-dusknoir
6,727,p2,1913,alakazam-dudunsparce,2431,dragapult-ex
6,728,p2,0587,slowking-scr,2606,dragapult-ex
6,729,p1,1258,slowking-scr,3543,dragapult-ex
6,730,p1,1059,slowking-scr,3584,dragapult-ex
6,731,p2,2271,okidogi-barbaracle,1294,crustle-dri
6,732,p2,3438,dragapult-ex,1313,n-zoroark
6,733,p1,3612,dragapult-ex,0196,dragapult-ex
6,734,p1,2527,slowking-scr,2640,lucario-hariyama
6,735,p1,1321,dragapult-dusknoir,0631,ogerpon-meganium-hydrapple
6,736,p1,2576,dragapult-dusknoir,2161,cynthia-garchomp-ex
6,737,p2,2894,n-zoroark,0640,mega-lucario-ex
6,738,p2,0900,slowking-scr,3003,dragapult-ex
6,739,p2,3437,dragapult-ex,1206,tera-box
6,740,p2,1901,dragapult-ex,2193,dragapult-ex
6,741,p2,3161,beedrill-ex-cri,2958,alakazam-dudunsparce
6,742,tie,0266,dragapult-ex,2181,dragapult-ex
6,743,p1,0388,crustle-dri,0482,dragapult-ex
6,744,p2,0067,tera-box,1194,dragapult-dusknoir
6,745,p1,3115,dragapult-dusknoir,2229,n-zoroark
6,746,p2,2162,dragapult-ex,1553,festival-lead
6,747,p2,0974,raging-bolt-ogerpon,0261,greninja-blaziken
6,748,p1,3218,crustle-dri,3535,ceruledge-ex
6,749,p1,3004,dragapult-ex,2664,dragapult-ex
6,750,p1,0393,rockets-honchkrow,2265,alakazam-dudunsparce
6,751,p1,3245,dragapult-dusknoir,2477,dragapult-ex
6,752,p1,1599,basic-box-m,0068,mega-greninja-ex
6,753,p1,0305,dragapult-ex,1487,rockets-honchkrow
6,754,p1,1373,diancie-dusknoir,0572,festival-lead
6,755,tie,1149,dragapult-blaziken,1680,greninja-ex
6,756,tie,1541,dragapult-ex,3050,slowking-scr
6,757,p2,2061,dragapult-ex,2991,alakazam-dudunsparce
6,758,p2,0362,dragapult-blaziken,1134,slowking-scr
6,759,p1,1867,dragapult-blaziken,1196,dragapult-blaziken
6,760,p1,2962,beedrill-ex-cri,0598,festival-lead
6,761,p1,2436,festival-lead,1004,slowking-scr
6,762,p1,1080,hops-trevenant,2491,basic-box-m
6,763,p1,1071,dragapult-blaziken,3296,dragapult-dusknoir
6,764,p2,1069,froslass-munkidori,3095,lopunny-dudunsparce
6,765,p2,0898,dragapult-ex,1222,dragapult-ex
6,766,p2,0340,dragapult-dusknoir,3483,n-zoroark
6,767,p1,0435,dragapult-ex,0178,beedrill-ex-cri
6,768,p1,3706,dragapult-dusknoir,3571,n-zoroark
6,769,p2,2601,crustle-dri,2550,?metagross
6,770,p2,3459,basic-box-m,2397,dragapult-ex
6,771,p2,3048,n-zoroark,2819,lucario-hariyama
6,772,p2,3724,dragapult-ex,1671,hops-trevenant
6,773,p1,1864,lucario-hariyama,2657,dragapult-ex
6,774,p1,2051,lillie-clefairy,0163,basic-box-m
6,775,p2,3598,ogerpon-meganium-hydrapple,0814,archaludon-dudunsparce
6,776,p1,0069,alakazam-dudunsparce,1744,slowking-scr
6,777,p1,0267,crustle-dri,2377,slowking-scr
6,778,p2,3055,alakazam-dudunsparce,1887,mega-greninja-ex
6,779,p2,2802,ogerpon-meganium-hydrapple,2202,ceruledge-ex
6,780,p1,2759,dragapult-dudunsparce,0306,dragapult-blaziken
6,781,p2,3236,raging-bolt-ogerpon,3445,dragapult-dusknoir
6,782,p2,1411,rocket-mewtwo-ex,3123,slowking-scr
6,783,p1,2434,beedrill-ex-cri,1837,raging-bolt-ogerpon
6,784,p1,2942,beedrill-ex-cri,3231,dragapult-blaziken
6,785,p2,0937,?metagross,0720,raging-bolt-ogerpon
6,786,p1,1199,mega-greninja-ex,0025,okidogi-barbaracle
6,787,p2,3557,alakazam-dudunsparce,2104,rocket-mewtwo-ex
6,788,p1,2694,archaludon-dudunsparce,3077,?metagross
6,789,p1,1248,alakazam-dudunsparce,2798,lopunny-dudunsparce
6,790,p1,1131,dragapult-ex,2052,dragapult-dusknoir
6,791,p2,3353,ogerpon-meganium-hydrapple,0281,dragapult-ex
6,792,p2,1703,?metagross,1054,dragapult-dusknoir
6,793,p2,0565,dragapult-dusknoir,3515,dragapult-ex
6,794,p1,1660,crustle-dri,2592,ogerpon-meganium-hydrapple
6,795,tie,0745,mega-greninja-ex,1638,?metagross
6,796,p1,1147,n-zoroark,2327,slowking-scr
6,797,double_loss,2490,?,0929,?
6,798,p1,2218,dragapult-ex,1882,cynthia-garchomp-ex
6,799,p2,2304,dragapult-dusknoir,0240,dragapult-blaziken
6,800,p2,0282,n-zoroark,0195,slowking-scr
6,801,p2,3742,n-zoroark,2140,dragapult-dusknoir
6,802,p2,1869,crustle-dri,2342,ogerpon-meganium-hydrapple
6,803,p2,3039,basic-box-m,0354,alakazam-dudunsparce
6,804,p2,0053,rockets-honchkrow,2636,ogerpon-meganium-hydrapple
6,805,p2,1418,alakazam-dudunsparce,2857,dragapult-ex
6,806,p1,1451,dragapult-ex,2195,beedrill-ex-cri
6,807,p2,1590,dragapult-ex,0402,festival-lead
6,808,p2,1264,dragapult-ex,1813,dragapult-ex
6,809,p1,2485,dragapult-blaziken,1322,ogerpon-meganium-hydrapple
6,810,p2,0265,n-zoroark,2492,dragapult-ex
6,811,p1,0853,beedrill-ex-cri,0484,hop-zacian
6,812,p2,3234,rockets-honchkrow,3424,n-zoroark
6,813,p2,3008,blaziken-ex-jtg,2360,dragapult-froslass
6,814,p1,3118,dragapult-ex,1738,mega-venusaur-ex
6,815,p2,2889,alakazam-dudunsparce,2000,dragapult-ex
6,816,p1,3022,alakazam-dudunsparce,3677,other
6,817,p2,3384,beedrill-ex-cri,1606,rockets-honchkrow
6,818,p1,2228,ogerpon-meganium-hydrapple,3484,dragapult-dusknoir
6,819,p1,1271,n-zoroark,0519,ogerpon-meganium-hydrapple
6,820,p2,3259,?metagross,0637,mega-greninja-ex
6,821,p2,0830,dragapult-dusknoir,3548,dragapult-dusknoir
6,822,p1,1954,alakazam-dudunsparce,2736,dragapult-blaziken
6,823,p2,2266,beedrill-ex-cri,2923,n-zoroark
6,824,p1,2029,alakazam-dudunsparce,2375,slowking-scr
6,825,p1,0338,dragapult-dusknoir,3714,dragapult-dudunsparce
6,826,p1,1661,n-zoroark,0796,alakazam-dudunsparce
6,827,p1,2604,rockets-honchkrow,2512,basic-box-m
6,828,p1,0459,greninja-ex,1397,?metagross
6,829,p1,1557,dragapult-ex,0439,tera-box
6,830,p2,3141,dragapult-ex,1607,dragapult-blaziken
6,831,p1,0263,dragapult-ex,3319,dragapult-dusknoir
6,832,p2,3348,slowking-scr,1299,mega-greninja-ex
6,833,p2,3109,mega-greninja-ex,1731,dragapult-dusknoir
6,834,p2,3304,other,3087,n-zoroark
6,835,p1,2024,mega-greninja-ex,3344,festival-lead
6,836,p1,1636,dragapult-ex,1052,dragapult-ex
6,837,p2,2187,festival-lead,2058,dragapult-froslass
6,838,p2,1480,crustle-dri,3734,alakazam-dudunsparce
6,839,p1,2670,ogerpon-meganium-hydrapple,2981,alakazam-dudunsparce
6,840,p1,2957,raging-bolt-ogerpon,1042,raging-bolt-ogerpon
6,841,p1,2797,dragapult-ex,1849,mega-greninja-ex
6,842,p2,3562,dragapult-ex,1434,slowking-scr
6,843,p2,2020,lillie-clefairy,1522,mega-absol-box
6,844,p2,1305,dragapult-dusknoir,2347,other
6,845,p2,3270,dragapult-ex,2480,raging-bolt-ogerpon
6,846,p1,0083,alakazam-dudunsparce,0760,dragapult-ex
6,847,p1,1298,lopunny-dudunsparce,3446,slowking-scr
6,848,p2,3702,hops-trevenant,3602,cynthia-garchomp-ex
6,849,p2,3564,dragapult-ex,3744,rocket-mewtwo-ex
6,850,p2,3733,rocket-mewtwo-ex,3349,dragapult-dusknoir
6,851,p1,1105,joltik-box,3580,basic-box-m
6,852,p2,2466,rocket-mewtwo-ex,1537,dragapult-blaziken
6,853,p1,2063,raging-bolt-ogerpon,2354,dragapult-dudunsparce
6,854,p2,3117,slowking-scr,3741,dragapult-ex
6,855,p2,0878,beedrill-ex-cri,0294,crustle-dri
6,856,p1,2002,tera-box,2410,mega-greninja-ex
6,857,p1,3377,dragapult-ex,3275,dragapult-dusknoir
6,858,p2,1443,dragapult-blaziken,3417,dragapult-ex
6,859,p1,0189,dragapult-ex,0064,beedrill-ex-cri
6,860,p2,0780,dragapult-dudunsparce,0003,dragapult-ex
6,861,p1,2010,alakazam-dudunsparce,0841,rockets-honchkrow
6,862,p1,1979,dragapult-dusknoir,1116,alakazam-dudunsparce
6,863,p1,0453,n-zoroark,2537,dragapult-ex
6,864,p2,0538,dragapult-ex,2124,festival-lead
6,865,p2,2625,raging-bolt-ogerpon,0218,dragapult-ex
6,866,p2,2267,n-zoroark,0567,dragapult-ex
6,867,p1,0872,dragapult-ex,2977,alakazam-dudunsparce
6,868,p1,0892,rockets-honchkrow,3068,rockets-honchkrow
6,869,p2,2574,dragapult-ex,2626,dragapult-ex
6,870,p1,1686,mega-lucario-ex,0584,mega-greninja-ex
6,871,p2,0627,rocket-mewtwo-ex,3453,ogerpon-meganium-hydrapple
6,872,p1,0423,dragapult-ex,1881,blaziken-zoroark
6,873,p1,0876,n-zoroark,1506,dragapult-dusknoir
6,874,p1,0457,ceruledge-ex,3593,dragapult-blaziken
6,875,p1,0108,dragapult-dudunsparce,2390,hops-trevenant
6,876,p2,3662,dragapult-ex,2729,dragapult-ex
6,877,p2,0488,dragapult-ex,1102,dragapult-ex
6,878,p1,3391,basic-box-m,0146,basic-box-m
6,879,p1,0187,dragapult-ex,0600,dragapult-dusknoir
6,880,p1,0356,basic-box-m,2067,dragapult-ex
6,881,p2,0804,dragapult-dusknoir,1307,alakazam-dudunsparce
6,882,p2,2644,beedrill-ex-cri,1989,dragapult-ex
6,883,p1,1238,dragapult-ex,1127,dragapult-ex
6,884,p1,1144,dragapult-ex,1879,dragapult-ex
6,885,p1,3046,dragapult-ex,3605,n-zoroark
6,886,p1,0642,rockets-honchkrow,1142,alakazam-dudunsparce
6,887,p1,1205,rockets-honchkrow,0911,other
6,888,p2,0800,basic-box-m,0002,alakazam-dudunsparce
6,889,p2,2511,cynthia-garchomp-ex,1624,okidogi-barbaracle
6,890,p2,0975,dragapult-blaziken,2374,raging-bolt-ogerpon
6,891,p1,1277,dragapult-ex,2400,dragapult-blaziken
6,892,p1,3525,rockets-honchkrow,0161,dragapult-ex
6,893,p2,3250,n-zoroark,2136,dragapult-blaziken
6,894,p2,1978,dragapult-ex,1191,mega-greninja-ex
6,895,p2,2979,dragapult-ex,1186,alakazam-dudunsparce
6,896,p2,2248,hops-trevenant,0262,beedrill-ex-cri
6,897,p1,2076,dragapult-ex,3412,crustle-dri
6,898,p2,3258,dragapult-blaziken,2872,dragapult-dusknoir
6,899,p1,0968,dragapult-dusknoir,2048,dragapult-ex
6,900,p2,2488,alakazam-dudunsparce,1674,n-zoroark
6,901,p1,0014,dragapult-ex,1728,dragapult-ex
6,902,p1,1446,rockets-honchkrow,1496,mega-lucario-ex
6,903,p2,2226,other,0280,kangaskhan-bouffalant
6,904,p2,2740,basic-box-m,0514,dragapult-dusknoir
6,905,p1,2565,raging-bolt-ogerpon,2748,dragapult-ex
6,906,p1,1684,dragapult-ex,3514,dragapult-dusknoir
6,907,p2,0967,ogerpon-meganium-hydrapple,2172,ogerpon-meganium-hydrapple
6,908,p2,2326,dragapult-ex,1587,raging-bolt-ogerpon
6,909,p1,0875,ogerpon-meganium-hydrapple,0111,dragapult-ex
6,910,p1,0174,dragapult-blaziken,2995,crustle-dri
6,911,p1,3440,dragapult-dusknoir,2528,slowking-scr
6,912,p1,1890,lucario-hariyama,1807,ethan-typhlosion
6,913,p1,3317,dragapult-dusknoir,0767,starmie-dusknoir
6,914,p2,2366,mega-greninja-ex,0823,dragapult-ex
6,915,p1,2623,rockets-honchkrow,3676,dragapult-dusknoir
6,916,p2,1834,dragapult-dusknoir,3135,slowking-scr
6,917,p1,0691,dragapult-ex,3636,starmie-froslass
6,918,p2,0409,rocket-mewtwo-ex,3330,raging-bolt-ogerpon
6,919,p2,3728,alakazam-dudunsparce,2355,dragapult-ex
6,920,p2,3121,beedrill-ex-cri,3269,dragapult-ex
6,921,p1,1665,n-zoroark,2693,dragapult-ex
6,922,p2,0019,slowking-scr,1747,beedrill-ex-cri
6,923,p1,3472,beedrill-ex-cri,0732,raging-bolt-ogerpon
6,924,p1,2514,dragapult-ex,2033,basic-box-m
6,925,p1,1751,basic-box-m,2638,alakazam-dudunsparce
6,926,p1,2876,hops-trevenant,3523,eelektrik-blk
6,927,p1,3493,ogerpon-meganium-hydrapple,1201,rockets-honchkrow
6,928,p1,1202,dragapult-blaziken,0692,ogerpon-meganium-hydrapple
6,929,p2,2585,crustle-dri,1058,rockets-honchkrow
6,930,p1,0961,dragapult-ex,1413,raging-bolt-ogerpon
6,931,p2,1836,ethan-typhlosion,0506,dragapult-blaziken
6,932,p2,2321,dragapult-blaziken,3289,rocket-mewtwo-ex
6,933,p1,1005,basic-box-m,0687,raging-bolt-ogerpon
6,934,p2,3227,rockets-honchkrow,0485,n-zoroark
6,935,p2,2596,ogerpon-meganium-hydrapple,3645,lopunny-dudunsparce
6,936,p1,3591,dragapult-dusknoir,1896,rocket-mewtwo-ex
6,937,tie,0535,rockets-honchkrow,1281,dragapult-blaziken
6,938,p1,1596,dragapult-ex,2647,alakazam-dudunsparce
6,939,p1,1028,mega-venusaur-ex,2329,starmie-froslass
6,940,p2,0700,dragapult-dusknoir,2954,festival-lead
6,941,tie,1000,ogerpon-meganium-hydrapple,1171,alakazam-dudunsparce
6,942,p2,1128,mega-lucario-ex,0839,ogerpon-meganium-hydrapple
6,943,p1,3253,festival-lead,3730,dragapult-dusknoir
6,944,p1,2790,kangaskhan-bouffalant,1767,hops-trevenant
6,945,p2,1279,tera-box,3513,dragapult-ex
6,946,p1,2584,alakazam-dudunsparce,2534,n-zoroark
6,947,p2,3124,dragapult-dusknoir,3365,dragapult-ex
6,948,p2,1895,rockets-honchkrow,1865,dragapult-ex
6,949,p1,3673,ogerpon-meganium-hydrapple,1898,ethan-typhlosion
6,952,p1,1968,dragapult-ex,1904,starmie-froslass
6,953,tie,2496,mega-greninja-ex,1906,slowking-scr
6,954,p1,1014,lillie-clefairy,0777,slowking-scr
6,955,p2,1041,slowking-scr,1909,mega-greninja-ex
6,956,p2,0879,lucario-hariyama,1911,ogerpon-meganium-hydrapple
6,957,p2,2199,beedrill-ex-cri,1970,dragapult-ex
6,961,tie,0350,starmie-dusknoir,1922,basic-box-m
6,962,p1,1923,rockets-honchkrow,2145,slowking-scr
6,963,p2,1926,dragapult-blaziken,0082,dragapult-ex
6,964,tie,1927,raging-bolt-ogerpon,2225,dragapult-ex
6,965,p1,2245,dragapult-dusknoir,1930,lucario-hariyama
6,966,p1,0179,dragapult-ex,1697,?metagross
6,967,p1,2813,dragapult-ex,1934,alakazam-dudunsparce
6,968,p2,0695,slowking-scr,1935,dragapult-dusknoir
6,969,p2,2343,dragapult-blaziken,0155,dragapult-dusknoir
6,970,p2,0641,rockets-honchkrow,1770,dragapult-ex
6,971,p1,2196,ethan-typhlosion,0726,starmie-froslass
6,973,p1,1113,slowking-scr,0276,basic-box-m
6,974,p2,2516,mega-greninja-ex,1538,mega-venusaur-ex
6,975,p1,0442,alakazam-dudunsparce,1640,beedrill-ex-cri
6,976,p2,2274,rocket-mewtwo-ex,2696,crustle-dri
6,977,p2,0337,dragapult-ex,1280,crustle-dri
6,978,p1,1402,raging-bolt-ogerpon,1709,archaludon-dudunsparce
6,979,p1,3083,ogerpon-meganium-hydrapple,2680,kangaskhan-bouffalant
6,980,p1,1872,crustle-dri,1910,beedrill-ex-cri
6,981,p1,2214,dragapult-dusknoir,3191,alakazam-dudunsparce
6,982,p2,2381,beedrill-ex-cri,1276,dragapult-blaziken
6,983,p2,3686,raging-bolt-ogerpon,1482,alakazam-dudunsparce
6,985,p1,1969,dragapult-ex,0432,raging-bolt-ogerpon
6,986,p2,0541,ogerpon-meganium-hydrapple,0734,lucario-hariyama
6,987,tie,1605,dragapult-ex,2826,dragapult-ex
6,988,p2,2948,dragapult-blaziken,0352,slowking-scr
6,989,p1,3212,rockets-honchkrow,3287,n-zoroark
6,990,p1,0099,festival-lead,1023,greninja-ex
6,991,p1,2785,dragapult-ex,3638,kangaskhan-bouffalant
6,992,p2,2272,grimmsnarl-froslass,0891,rocket-mewtwo-ex
6,993,p1,0076,dragapult-blaziken,0377,dragapult-blaziken
6,994,p2,1732,n-zoroark,2389,dragapult-dudunsparce
6,995,p2,2815,n-zoroark,0936,dragapult-ex
6,996,p2,1133,dragapult-ex,3531,dragapult-dusknoir
6,997,p1,1993,rocket-mewtwo-ex,2053,dragapult-ex
6,998,p2,2955,dragapult-dusknoir,0176,dragapult-ex
6,999,p2,3188,greninja-ex,2933,slowking-scr
6,1000,p1,3053,n-zoroark,0058,ogerpon-meganium-hydrapple
6,1001,p1,0786,cynthia-garchomp-ex,2133,dragapult-blaziken
6,1002,p1,1579,dragapult-ex,1389,ogerpon-meganium-hydrapple
6,1004,p1,2007,ogerpon-meganium-hydrapple,1344,alakazam-dudunsparce
6,1005,p1,3462,slowking-scr,2388,mega-greninja-ex
6,1008,p1,2016,dragapult-ex,1347,dragapult-dusknoir
6,1009,p2,3428,mega-greninja-ex,2017,lucario-hariyama
6,1010,tie,2019,dragapult-dusknoir,1385,crustle-dri
6,1011,p1,2022,alakazam-dudunsparce,0667,dragapult-blaziken
6,1012,p1,2023,dragapult-ex,1216,slowking-scr
6,1014,p1,3565,n-zoroark,0837,mega-absol-box
6,1015,p2,1823,dragapult-ex,2432,alakazam-dudunsparce
6,1016,p1,2648,ogerpon-meganium-hydrapple,2513,grimmsnarl-froslass
6,1017,p1,1884,starmie-froslass,2359,dragapult-dudunsparce
6,1018,p1,0513,dragapult-ex,2380,starmie-dusknoir
6,1019,p1,2949,rocket-mewtwo-ex,0177,dragapult-dusknoir
6,1020,p2,2039,yanmega-ex,0001,slowking-scr
6,1021,p1,2042,alakazam-dudunsparce,0648,dragapult-dusknoir
6,1022,p2,2522,lopunny-dudunsparce,2044,raging-bolt-ogerpon
6,1023,p2,0759,festival-lead,0771,dragapult-ex
6,1024,p1,3005,greninja-ex,1690,lucario-hariyama
6,1025,p2,0969,?metagross,3723,ogerpon-meganium-arboliva
6,1026,p2,0991,ogerpon-meganium-hydrapple,0295,dragapult-dusknoir
6,1027,p1,1044,basic-box-m,3078,n-zoroark
6,1028,p1,3471,mega-greninja-ex,0867,festival-lead
6,1029,p1,1301,ogerpon-meganium-hydrapple,2845,raging-bolt-ogerpon
6,1030,p2,2599,festival-lead,1563,alakazam-dudunsparce
6,1031,p2,0007,dragapult-dusknoir,0197,hops-trevenant
6,1032,p2,3735,bronzong-tef,1303,slowking-scr
6,1033,p1,3659,slowking-scr,2066,crustle-dri
6,1035,p2,2589,alakazam-dudunsparce,2068,dragapult-dusknoir
6,1036,p1,0886,grimmsnarl-froslass,2070,rockets-honchkrow
6,1037,p2,2072,slowking-scr,2820,dragapult-ex
6,1038,p1,1966,alakazam-dudunsparce,2074,slowking-scr
6,1039,p2,2075,n-zoroark,1830,dragapult-ex
6,1040,p2,2077,beedrill-ex-cri,0165,alakazam-dudunsparce
6,1041,p1,2539,lucario-hariyama,2079,dragapult-ex
6,1042,p1,0756,rocket-mewtwo-ex,2082,ogerpon-meganium-hydrapple
6,1043,p2,0668,rockets-honchkrow,2084,ogerpon-meganium-hydrapple
6,1044,p2,3195,dragapult-blaziken,2086,n-zoroark
6,1045,p2,2087,dragapult-dusknoir,3238,dragapult-dusknoir
6,1046,p2,0487,alakazam-dudunsparce,2090,dragapult-dusknoir
6,1050,p2,2097,lillie-clefairy,0862,crustle-dri
6,1051,p2,2100,dragapult-dusknoir,1920,dragapult-blaziken
6,1052,p1,0744,dragapult-ex,2102,greninja-ex
6,1053,p1,2103,cynthia-garchomp-ex,2663,dragapult-ex
6,1054,p2,0902,hops-trevenant,2105,n-zoroark
6,1056,tie,1785,crustle-dri,1310,crustle-dri
6,1057,p1,2710,dragapult-blaziken,2526,lucario-hariyama
6,1058,p1,1963,ogerpon-meganium-hydrapple,2239,n-zoroark
6,1059,p2,2303,tera-box,3158,grimmsnarl-froslass
6,1060,p2,3210,slowking-scr,0207,n-zoroark
6,1061,p1,1492,rocket-mewtwo-ex,1478,ethan-typhlosion
6,1062,p2,0093,dragapult-ex,0615,dragapult-ex
6,1063,p1,2613,beedrill-ex-cri,0583,starmie-dusknoir
6,1064,p2,3657,rocket-mewtwo-ex,3168,crustle-dri
6,1065,p2,1378,hops-trevenant,0330,raging-bolt-ogerpon
6,1066,p1,0471,dragapult-dusknoir,3506,alakazam-dudunsparce
6,1067,p1,1428,dragapult-blaziken,2433,tera-box
6,1068,p1,0708,n-zoroark,2050,dragapult-ex
6,1069,p1,1755,dragapult-ex,1725,ogerpon-meganium-hydrapple
6,1070,p2,1440,dragapult-ex,2941,dragapult-ex
6,1071,p1,0312,festival-lead,2071,raging-bolt-ogerpon
6,1072,p2,2867,n-zoroark,3405,raging-bolt-ogerpon
6,1073,p2,1072,dragapult-ex,1933,dragapult-ex
6,1074,p2,1235,dragapult-ex,3575,crustle-dri
6,1075,p1,0397,dragapult-dusknoir,1274,rocket-mewtwo-ex
6,1076,p1,1741,dragapult-blaziken,2323,dragapult-ex
6,1077,p1,2299,dragapult-ex,2414,alakazam-dudunsparce
6,1078,p1,0855,raging-bolt-ogerpon,0715,dragapult-ex
6,1079,p2,1326,mega-venusaur-ex,2391,lopunny-dudunsparce
6,1080,p1,3578,dragapult-ex,2884,lucario-hariyama
6,1081,tie,0799,dragapult-ex,3311,mega-absol-box
6,1082,p1,3585,cynthia-garchomp-ex,1169,dragapult-blaziken
6,1083,p1,0755,ogerpon-meganium-hydrapple,2179,doublade-por
6,1084,p2,0986,dragapult-dusknoir,2337,diancie-dusknoir
6,1085,p1,1087,slowking-scr,0787,dragapult-dusknoir
6,1086,tie,1584,mega-greninja-ex,0670,festival-lead
6,1087,p1,2630,mega-greninja-ex,0840,rocket-mewtwo-ex
6,1088,tie,2357,slowking-scr,1091,hops-trevenant
6,1089,p2,0460,ogerpon-meganium-hydrapple,1546,cynthia-garchomp-ex
6,1090,p2,1189,jellicent-dusknoir,2832,mega-greninja-ex
6,1091,p2,3113,raging-bolt-ogerpon,2118,ogerpon-meganium-hydrapple
6,1092,p1,0794,beedrill-ex-cri,3060,starmie-dusknoir
6,1093,tie,1236,?metagross,1628,dragapult-ex
6,1094,p1,1108,crustle-dri,1953,basic-box-m
6,1095,p2,2624,dragapult-ex,3232,dragapult-ex
6,1096,p2,1325,dragapult-ex,0945,hops-trevenant
6,1097,p2,0150,mega-greninja-ex,3132,lucario-hariyama
6,1098,p1,0020,dragapult-ex,1809,raging-bolt-ogerpon
6,1099,p1,1228,dragapult-dusknoir,2163,alakazam-dudunsparce
6,1100,p1,2047,dragapult-dusknoir,0580,ethan-typhlosion
6,1101,p2,3568,n-zoroark,0433,alakazam-dudunsparce
6,1102,p1,1454,dragapult-blaziken,2013,dragapult-ex
6,1103,p2,2974,dragapult-ex,2549,mega-absol-box
6,1104,p2,1251,lopunny-dudunsparce,1129,ogerpon-meganium-hydrapple
6,1105,p1,3750,dragapult-ex,3219,dragapult-ex
6,1106,p2,3262,galvantula-ex,0545,raging-bolt-ogerpon
6,1107,p1,2257,dragapult-dusknoir,2844,starmie-dusknoir
6,1108,p2,1254,ogerpon-meganium-hydrapple,1944,mega-lucario-ex
6,1109,p2,1712,mega-lucario-ex,0789,dragapult-dusknoir
6,1110,p1,1136,dragapult-blaziken,3026,dragapult-dusknoir
6,1111,p1,3465,hops-trevenant,0618,lucario-hariyama
6,1112,p2,1756,dragapult-ex,2811,crustle-dri
6,1113,p1,1448,raging-bolt-ogerpon,2709,dragapult-dusknoir
6,1114,p2,0511,ogerpon-meganium-hydrapple,3334,dragapult-ex
6,1115,p2,1842,mega-greninja-ex,1735,mega-greninja-ex
6,1116,p1,2021,dragapult-ex,0815,dragapult-dudunsparce
6,1117,p1,0614,dragapult-blaziken,1613,ogerpon-meganium-hydrapple
6,1118,p1,2101,lillie-clefairy,1065,dragapult-blaziken
6,1119,tie,0992,ogerpon-meganium-hydrapple,0702,archaludon-dudunsparce
6,1120,p1,0624,alakazam-dudunsparce,0905,basic-box-m
6,1121,tie,1332,n-zoroark,1781,crustle-dri
6,1122,p2,0518,raging-bolt-ogerpon,0655,n-zoroark
6,1123,p2,0157,ogerpon-meganium-hydrapple,1551,mega-greninja-ex
6,1124,p1,1880,n-zoroark,1296,dragapult-ex
6,1125,tie,1239,slowking-scr,2093,crustle-dri
6,1126,tie,0749,dragapult-blaziken,1377,hops-trevenant
6,1127,p2,2921,basic-box-m,3315,?metagross
6,1128,p2,2573,dragapult-blaziken,2745,basic-box-m
6,1129,p2,1350,dragapult-ex,2254,dragapult-blaziken
6,1131,p2,1037,ogerpon-meganium-hydrapple,2206,raging-bolt-ogerpon
6,1132,p2,0038,starmie-froslass,1055,n-zoroark
6,1133,p1,2509,dragapult-blaziken,2842,n-zoroark
6,1134,p2,2603,greninja-ex,3122,mega-starmie-ex
6,1135,p1,3084,dragapult-dusknoir,2926,crustle-dri
6,1136,p2,1571,dragapult-blaziken,0426,ceruledge-ex
6,1137,p2,2728,dragapult-dusknoir,0835,dragapult-ex
6,1138,tie,2928,mega-greninja-ex,0682,alakazam-dudunsparce
6,1139,p2,2173,dragapult-ex,3173,n-zoroark
6,1140,p2,2240,n-zoroark,1997,?metagross
6,1141,p2,3467,dragapult-ex,1421,dragapult-dusknoir
6,1142,tie,1447,dragapult-dusknoir,1320,dragapult-blaziken
6,1143,p2,3069,dragapult-dusknoir,3508,slowking-scr
6,1144,p2,2376,beedrill-ex-cri,0021,festival-lead
6,1145,p2,2705,basic-box-m,3160,raging-bolt-ogerpon
6,1146,p2,3566,mega-greninja-ex,1737,beedrill-ex-cri
6,1147,p2,1662,basic-box-m,0094,festival-lead
6,1148,tie,3450,ogerpon-meganium-hydrapple,3618,diancie-dusknoir
6,1149,p1,3586,slowking-scr,2470,starmie-froslass
6,1150,p2,2472,basic-box-m,0821,cynthia-garchomp-ex
6,1153,p2,1919,ogerpon-meganium-hydrapple,2325,dragapult-ex
6,1154,tie,2952,dragapult-dusknoir,1530,beedrill-ex-cri
6,1155,p1,0551,alakazam-dudunsparce,1459,lucario-hariyama
6,1156,p2,2154,greninja-ex,1363,dragapult-ex
6,1157,p1,1056,dragapult-dusknoir,2174,?metagross
6,1158,p2,2233,dragapult-blaziken,3590,n-zoroark
6,1159,p1,2615,starmie-dusknoir,3752,ogerpon-meganium-hydrapple
6,1160,p1,2685,lucario-hariyama,2972,n-zoroark
6,1161,p1,1470,ogerpon-meganium-hydrapple,2868,dragapult-ex
6,1162,p2,3142,alakazam-dudunsparce,0081,beedrill-ex-cri
6,1163,p1,2054,dragapult-dusknoir,3569,n-zoroark
6,1164,p2,1825,dragapult-ex,0284,dragapult-ex
6,1165,p1,0864,dragapult-ex,1800,alakazam-dudunsparce
6,1166,p1,1620,alakazam-dudunsparce,3505,slowking-scr
6,1167,p2,2741,hops-trevenant,1285,alakazam-dudunsparce
6,1168,tie,3700,mega-greninja-ex,2804,dragapult-blaziken
6,1169,p1,1469,crustle-dri,2862,mega-greninja-ex
6,1170,p2,1007,mega-greninja-ex,1036,festival-lead
6,1171,p2,0051,crustle-dri,0564,dragapult-ex
6,1172,p2,1554,rocket-mewtwo-ex,0956,ogerpon-meganium-hydrapple
6,1173,p1,0322,dragapult-dusknoir,2751,ogerpon-meganium-hydrapple
6,1174,p2,2853,dragapult-dusknoir,0127,alakazam-dudunsparce
6,1175,p1,3556,slowking-scr,1115,starmie-dusknoir
6,1176,p2,3601,ogerpon-meganium-hydrapple,2507,dragapult-blaziken
6,1177,p1,3169,basic-box-m,0006,slowking-scr
6,1178,p1,0730,hops-trevenant,2307,dragapult-ex
6,1179,p2,3683,dragapult-ex,0131,mega-greninja-ex
6,1180,p1,2964,mega-lucario-ex,3247,n-zoroark
6,1181,p2,0194,raging-bolt-ogerpon,2003,starmie-froslass
6,1182,p1,2965,dragapult-blaziken,3589,festival-lead
6,1183,p2,1649,festival-lead,2540,starmie-dusknoir
6,1184,p2,1815,rocket-spidops,3019,dragapult-dudunsparce
6,1185,tie,2324,diancie-dusknoir,1718,n-zoroark
6,1186,p1,1621,dragapult-ex,2616,dragapult-dusknoir
6,1187,p1,1568,dragapult-dusknoir,2334,lopunny-dudunsparce
6,1188,p1,3064,lucario-hariyama,2924,n-zoroark
6,1189,p2,0137,dragapult-dusknoir,1581,palafin-ex
6,1190,tie,1085,ethan-typhlosion,1885,mega-greninja-ex
6,1191,p2,2917,ogerpon-meganium-hydrapple,3071,dragapult-dusknoir
6,1192,p2,2824,lucario-hariyama,3528,dragapult-ex
6,1193,p1,0810,starmie-dusknoir,3220,lucario-hariyama
6,1194,p1,0256,dragapult-dusknoir,2497,dragapult-blaziken
6,1195,p2,3478,crustle-dri,0110,lopunny-dudunsparce
6,1196,p1,2718,dragapult-dusknoir,1342,mega-greninja-ex
6,1197,p2,0754,raging-bolt-ogerpon,2521,dragapult-ex
6,1198,p1,0984,beedrill-ex-cri,3448,n-zoroark
6,1199,p1,3211,crustle-dri,2157,crustle-dri
6,1200,p1,1067,lucario-hariyama,1642,dragapult-dusknoir
6,1201,p1,0117,starmie-dusknoir,2500,dragapult-dusknoir
6,1202,p1,0899,mega-greninja-ex,2211,lillie-clefairy
6,1203,p2,1050,n-zoroark,3244,?metagross
6,1204,p2,1677,other,1796,lucario-hariyama
6,1205,p2,1027,slowking-scr,0425,?metagross
6,1206,p1,2237,raging-bolt-ogerpon,2012,lucario-hariyama
6,1207,tie,3331,dragapult-dusknoir,1353,dragapult-ex
6,1208,p1,2796,slowking-scr,3737,mega-froslass-dudunsparce
6,1209,tie,1771,dragapult-ex,0229,alakazam-dudunsparce
6,1210,p2,0665,raging-bolt-ogerpon,1788,dragapult-ex
6,1211,tie,2757,lopunny-dudunsparce,1757,rockets-honchkrow
6,1212,p1,2567,mega-venusaur-ex,3663,dragapult-ex
6,1213,p1,2875,dragapult-dusknoir,3407,dragapult-dusknoir
6,1214,p2,1959,dragapult-ex,1100,dragapult-ex
6,1215,p2,2791,dragapult-blaziken,1951,n-zoroark
6,1216,p1,2968,dragapult-dusknoir,2600,dragapult-ex
6,1217,tie,3295,ethan-typhlosion,1958,starmie-froslass
6,1218,p1,1203,rockets-honchkrow,1442,archaludon-dudunsparce
6,1219,p2,0970,kangaskhan-bouffalant,2733,dragapult-dudunsparce
6,1220,p1,2221,beedrill-ex-cri,0829,dragapult-blaziken
6,1221,p1,2518,ogerpon-meganium-hydrapple,1060,raging-bolt-ogerpon
6,1222,p2,0846,dragapult-blaziken,1173,dragapult-ex
6,1223,tie,2702,rockets-honchkrow,1495,greninja-ex
6,1224,tie,1375,lopunny-dudunsparce,1220,dragapult-dusknoir
6,1225,p1,0075,dragapult-ex,3751,mega-greninja-ex
6,1226,p1,3395,mega-greninja-ex,0270,dragapult-blaziken
6,1227,tie,1435,dragapult-ex,3694,dragapult-dusknoir
6,1228,p2,0897,dragapult-ex,2805,dragapult-ex
6,1229,p2,1188,?metagross,2287,other
6,1230,p1,0072,crustle-dri,1748,rocket-mewtwo-ex
6,1231,p2,1670,ceruledge-ex,2882,dragapult-dusknoir
6,1232,p2,0364,raging-bolt-ogerpon,1111,rockets-honchkrow
6,1233,p2,3012,dragapult-ex,2081,alakazam-dudunsparce
6,1234,p1,0140,ogerpon-meganium-hydrapple,0088,slowking-scr
6,1235,p2,0085,raging-bolt-ogerpon,2597,n-zoroark
6,1236,p2,2913,ceruledge-ex,0657,dragapult-dusknoir
6,1237,p2,0334,alakazam-dudunsparce,0758,beedrill-ex-cri
6,1238,p1,2399,dragapult-dusknoir,0415,dragapult-dusknoir
6,1239,p2,3090,grimmsnarl-froslass,2874,lopunny-dudunsparce
6,1240,p1,2996,other,2983,crustle-dri
6,1241,p1,0870,lopunny-dudunsparce,2468,dragapult-ex
6,1242,p1,3150,lopunny-dudunsparce,3321,slowking-scr
6,1243,p2,0785,n-zoroark,0086,joltik-box
6,1244,p2,3358,dragapult-ex,2807,dragapult-ex
6,1245,tie,0973,rockets-honchkrow,0044,crustle-dri
6,1246,tie,0466,dragapult-dusknoir,2269,alakazam-dudunsparce
6,1247,p2,2801,alakazam-dudunsparce,2732,dragapult-ex
6,1248,p2,3370,dragapult-dusknoir,0441,archaludon-ex
6,1249,p2,2429,lopunny-dudunsparce,3357,cynthia-garchomp-ex
6,1250,p1,0549,raging-bolt-ogerpon,1996,ogerpon-meganium-hydrapple
6,1251,p1,1156,dragapult-dusknoir,1118,basic-box-m
6,1252,p2,0301,dragapult-blaziken,0371,ogerpon-meganium-hydrapple
6,1253,p1,2621,dragapult-ex,3608,lopunny-dudunsparce
6,1254,p2,3708,ceruledge-ex,0028,dragapult-dusknoir
6,1255,p2,1622,dragapult-blaziken,3093,?metagross
6,1256,p1,2860,dragapult-ex,3380,n-zoroark
6,1257,tie,3554,n-zoroark,2259,dragapult-ex
6,1258,p2,0292,ogerpon-meganium-hydrapple,3457,n-zoroark
6,1259,p2,1240,dragapult-blaziken,1658,rockets-honchkrow
6,1260,p1,3107,dragapult-blaziken,2869,lillie-clefairy
6,1261,p2,0603,dragapult-blaziken,2244,hops-trevenant
6,1262,p1,1982,dragapult-ex,2789,other
6,1263,p1,0372,ogerpon-meganium-hydrapple,1547,dragapult-ex
6,1264,p2,1889,dragapult-ex,2350,n-zoroark
6,1265,p1,1337,rockets-honchkrow,0955,n-zoroark
6,1266,tie,1871,mega-lucario-ex,1832,dragapult-ex
6,1267,tie,3558,dragapult-dusknoir,0526,alakazam-dudunsparce
6,1268,p1,0011,raging-bolt-ogerpon,0914,raging-bolt-ogerpon
6,1269,p1,2775,raging-bolt-ogerpon,2205,alakazam-dudunsparce
6,1270,p1,0939,alakazam-dudunsparce,0676,dragapult-ex
6,1271,tie,2639,beedrill-ex-cri,0190,dragapult-blaziken
6,1272,p1,2132,raging-bolt-ogerpon,2119,slowking-scr
6,1273,p2,1763,raging-bolt-ogerpon,2295,alakazam-dudunsparce
6,1274,p2,0540,archaludon-dudunsparce,1255,ogerpon-meganium-hydrapple
6,1275,p1,2620,dragapult-blaziken,3146,raging-bolt-ogerpon
6,1276,p2,2300,slowking-scr,1868,hops-trevenant
6,1277,p1,1838,n-zoroark,1452,archaludon-ex
6,1278,p2,1476,n-zoroark,2263,dragapult-blaziken
6,1279,p2,0413,dragapult-ex,1779,dragapult-blaziken
6,1280,p2,1612,dragapult-ex,0999,dragapult-ex
6,1281,p1,0532,lillie-clefairy,0115,slowking-scr
6,1282,p1,0097,dragapult-blaziken,0049,mega-greninja-ex
6,1283,p2,3239,dragapult-blaziken,1833,?metagross
6,1284,p1,1721,slowking-scr,2542,slowking-scr
6,1285,p1,3498,marnie-grimmsnarl-ex,0638,slowking-scr
6,1286,p2,0673,n-zoroark,1891,ogerpon-meganium-hydrapple
6,1287,p1,3625,dragapult-ex,2812,slowking-scr
6,1288,p2,2631,dragapult-ex,1990,dragapult-ex
6,1289,p1,3034,raging-bolt-ogerpon,0180,lopunny-dudunsparce
6,1290,p2,1401,dragapult-dusknoir,0722,slowking-scr
6,1291,p2,1354,dragapult-dusknoir,3284,dragapult-ex
6,1292,p1,0455,grimmsnarl-froslass,2365,n-zoroark
6,1293,p1,2167,alakazam-dudunsparce,1185,mega-greninja-ex
6,1294,p2,1762,other,1092,ogerpon-meganium-hydrapple
6,1295,p1,2395,alakazam-dudunsparce,0193,dragapult-blaziken
6,1296,p2,2344,ogerpon-meganium-hydrapple,0271,dragapult-ex
6,1297,p1,1760,ethan-typhlosion,0803,crustle-dri
6,1298,tie,3180,starmie-froslass,1517,ethan-typhlosion
6,1299,p1,1734,dragapult-dusknoir,3466,mega-lucario-ex
6,1300,p1,2318,dragapult-ex,0784,diancie-dusknoir
6,1301,p2,3144,dragapult-blaziken,2703,dragapult-ex
6,1302,p2,3463,dragapult-ex,2993,hops-trevenant
6,1303,p1,0296,ogerpon-meganium-hydrapple,1070,flareon-noctowl
6,1304,tie,0868,blissey-ex,0663,slowking-scr
6,1305,p2,3406,dragapult-ex,3475,hops-trevenant
6,1306,tie,1918,dragapult-dusknoir,1103,dragapult-blaziken
6,1307,p1,2099,lucario-hariyama,1493,dragapult-ex
6,1308,p2,0191,alakazam-dudunsparce,2275,rocket-mewtwo-ex
6,1309,p2,0451,alakazam-dudunsparce,1695,alakazam-dudunsparce
6,1310,p1,2065,crustle-dri,1257,dragapult-blaziken
6,1311,p2,1515,basic-box-m,2437,dragapult-ex
6,1312,p2,0743,slowking-scr,1339,slowking-scr
6,1313,p1,0392,rockets-honchkrow,0222,mega-lucario-ex
6,1314,p1,2080,basic-box-m,3527,alakazam-dudunsparce
6,1315,p2,1225,mega-greninja-ex,0225,dragapult-ex
6,1316,p1,0370,?metagross,2898,dragapult-ex
6,1317,p2,1761,slowking-scr,2445,slowking-scr
6,1318,p2,3313,mega-greninja-ex,2056,alakazam-dudunsparce
6,1319,p2,0228,dragapult-ex,0343,ogerpon-meganium-hydrapple
6,1321,p1,0757,ogerpon-meganium-hydrapple,0121,greninja-ex
6,1322,p1,3054,starmie-froslass,2474,greninja-ex
6,1323,p2,0311,dragapult-ex,1387,dragapult-blaziken
6,1324,tie,0357,?metagross,0275,ethan-typhlosion
6,1325,p2,2570,ethan-typhlosion,0209,dragapult-dusknoir
6,1326,p2,1249,?metagross,3634,rocket-mewtwo-ex
6,1327,p1,2530,alakazam-dudunsparce,0741,hops-trevenant
6,1328,tie,3444,ethan-typhlosion,3495,dragapult-blaziken
6,1329,p2,1915,rocket-mewtwo-ex,1334,rockets-honchkrow
6,1330,p2,1534,cynthia-garchomp-ex,2650,alakazam-dudunsparce
6,1331,p2,0834,other,1583,lillie-clefairy
6,1332,p2,0907,lucario-hariyama,2183,lopunny-dudunsparce
6,1333,p1,0893,alakazam-dudunsparce,0608,dragapult-dusknoir
6,1334,p1,2482,cynthia-garchomp-ex,1212,mega-charizard-x-ex
6,1335,p1,3443,n-zoroark,0181,raging-bolt-ogerpon
6,1336,tie,3403,dragapult-ex,0445,dragapult-dusknoir
6,1337,p2,1766,mega-greninja-ex,2762,ogerpon-meganium-hydrapple
6,1338,p2,3206,basic-box-m,0573,crustle-dri
6,1339,p1,0091,cynthia-garchomp-ex,3687,rocket-mewtwo-ex
6,1340,tie,1403,n-zoroark,0145,dragapult-dusknoir
6,1341,p2,3186,archaludon-dudunsparce,0170,rocket-mewtwo-ex
6,1342,p1,2108,hops-trevenant,2676,dragapult-ex
6,1343,p2,0251,dragapult-dusknoir,3699,rockets-honchkrow
6,1344,p1,3510,mega-lucario-ex,2593,n-zoroark
6,1345,p2,2841,mega-venusaur-ex,2835,dragapult-ex
6,1346,p2,1289,ogerpon-meganium-hydrapple,0390,dragapult-dusknoir
6,1347,p1,2428,alakazam-dudunsparce,3291,ogerpon-meganium-hydrapple
6,1348,tie,0298,dragapult-ex,0279,dragapult-ex
6,1349,p2,2150,mega-greninja-ex,2690,n-zoroark
6,1350,p2,0096,mega-greninja-ex,0232,starmie-froslass
6,1351,p1,1894,ogerpon-meganium-hydrapple,1630,?metagross
6,1352,p2,0562,decidueye-ex,1914,lillie-clefairy
6,1353,p2,1141,other,1556,ethan-typhlosion
6,1354,p2,1753,cynthia-garchomp-ex,1603,mega-greninja-ex
6,1355,p2,0490,dragapult-dudunsparce,0321,mega-greninja-ex
6,1356,p1,1573,ogerpon-meganium-hydrapple,3656,kangaskhan-bouffalant
6,1357,p1,0735,mega-greninja-ex,1146,mega-lucario-ex
6,1358,p2,2817,dragapult-dusknoir,2538,other
6,1359,p1,3449,hydreigon-ex,0285,mega-abomasnow-ex
6,1360,p1,0213,okidogi-barbaracle,2215,doublade-por
6,1361,p1,1711,starmie-dusknoir,3489,greninja-ex
6,1362,tie,2779,alakazam-dudunsparce,0632,dragapult-blaziken
6,1363,p2,3105,lucario-hariyama,3351,dragapult-dusknoir
6,1364,p1,2387,archaludon-dudunsparce,1327,ogerpon-meganium-hydrapple
6,1365,p2,3538,alakazam-dudunsparce,1158,diancie-dusknoir
6,1366,p1,2057,mega-greninja-ex,3710,dragapult-dusknoir
6,1367,tie,0062,lopunny-dudunsparce,0375,dragapult-ex
6,1368,p2,3056,mega-manectric-ex-meg,3581,lopunny-dudunsparce
6,1369,p1,1806,alakazam-dudunsparce,1217,ogerpon-meganium-hydrapple
6,1370,p2,1860,alakazam-dudunsparce,1593,dragapult-ex
6,1371,p2,1714,n-zoroark,1723,dragapult-ex
6,1372,tie,2476,dragapult-ex,3596,dragapult-dusknoir
6,1373,p2,0128,ogerpon-meganium-hydrapple,2598,slowking-scr
6,1374,p2,1066,lucario-hariyama,3385,dragapult-blaziken
6,1375,p1,0591,ceruledge-ex,3600,flareon-ex
6,1376,p2,2165,dragapult-blaziken,3748,starmie-dusknoir
6,1377,p2,2971,lucario-hariyama,3473,dragapult-dusknoir
6,1378,p2,1505,ogerpon-meganium-hydrapple,1548,ogerpon-meganium-hydrapple
6,1379,p1,1729,dragapult-ex,1399,raging-bolt-ogerpon
6,1380,p1,0223,slowking-scr,2730,rocket-mewtwo-ex
6,1381,p2,0090,slowking-scr,0996,hops-trevenant
6,1382,p2,0623,grimmsnarl-froslass,3369,lopunny-dudunsparce
6,1383,p2,3461,alakazam-dudunsparce,0255,ogerpon-meganium-hydrapple
6,1384,p1,1211,beedrill-ex-cri,0380,mega-greninja-ex
6,1385,p2,0013,dragapult-ex,1012,cynthia-garchomp-ex
6,1386,p1,1432,basic-box-m,2681,raging-bolt-ogerpon
6,1387,p2,0609,dragapult-ex,2001,dragapult-ex
6,1388,p1,3129,dragapult-blaziken,0750,slowking-scr
6,1389,p1,0447,dragapult-dusknoir,2268,dragapult-ex
6,1390,p1,0724,other,2792,raging-bolt-ogerpon
6,1391,p1,1112,ogerpon-meganium-hydrapple,3545,archaludon-dudunsparce
6,1392,tie,2756,slowking-scr,3277,ethan-typhlosion
6,1393,p2,2155,crustle-dri,0147,other
6,1394,p2,2580,n-zoroark,3290,ogerpon-meganium
6,1395,p2,1357,mega-greninja-ex,0943,rockets-honchkrow
6,1396,p2,0430,mega-venusaur-ex,0278,mega-greninja-ex
6,1397,p2,3642,slowking-scr,2384,starmie-dusknoir
6,1398,p2,2178,dragapult-ex,0507,ethan-typhlosion
6,1399,p2,3606,ogerpon-meganium,2166,mega-venusaur-ex
6,,bye,2951,ogerpon-meganium-arboliva,,
7,1,p1,2373,slowking-scr,1803,ogerpon-meganium-hydrapple
7,2,p1,3130,n-zoroark,1019,dragapult-ex
7,3,p1,0458,crustle-dri,0629,dragapult-ex
7,4,p2,2401,ogerpon-meganium-hydrapple,2216,alakazam-dudunsparce
7,5,tie,3655,dragapult-ex,1461,dragapult-dusknoir
7,6,p1,2083,lillie-clefairy,1938,cynthia-garchomp-ex
7,7,p2,0126,dragapult-dusknoir,1227,dragapult-ex
7,8,p2,3486,dragapult-dusknoir,3110,ceruledge-ex
7,9,p1,3422,dragapult-ex,2539,lucario-hariyama
7,10,p2,3271,ogerpon-meganium-hydrapple,1346,dragapult-ex
7,11,p2,2689,slowking-scr,1048,dragapult-ex
7,12,p2,0963,basic-box-m,3200,basic-box-m
7,13,p2,3595,dragapult-ex,1519,crustle-dri
7,14,tie,1247,crustle-dri,3254,dragapult-ex
7,15,p1,3670,dragapult-blaziken,1971,dragapult-blaziken
7,16,p2,3140,festival-lead,2230,basic-box-m
7,17,tie,0805,dragapult-ex,2454,crustle-dri
7,18,p2,3162,dragapult-ex,2236,rockets-honchkrow
7,19,p2,1727,festival-lead,2338,dragapult-ex
7,20,p1,0537,crustle-dri,0592,n-zoroark
7,21,p2,2966,dragapult-blaziken,2408,dragapult-ex
7,22,p1,3209,dragapult-ex,0852,dragapult-dudunsparce
7,23,p2,2763,dragapult-ex,0389,dragapult-ex
7,24,tie,0473,n-zoroark,0928,alakazam-dudunsparce
7,25,tie,1095,n-zoroark,0942,dragapult-ex
7,26,p1,3624,dragapult-ex,2627,dragapult-ex
7,27,p2,0030,dragapult-ex,2813,dragapult-ex
7,28,p2,2602,dragapult-dusknoir,3488,crustle-dri
7,29,p1,0374,dragapult-ex,0521,crustle-dri
7,30,p1,0165,alakazam-dudunsparce,0031,dragapult-ex
7,31,p2,2569,dragapult-ex,0795,dragapult-ex
7,32,p1,3286,dragapult-ex,3303,dragapult-dusknoir
7,33,p2,3712,dragapult-ex,3696,dragapult-ex
7,34,p1,1516,crustle-dri,2025,dragapult-ex
7,35,tie,0499,dragapult-ex,2402,crustle-dri
7,36,p1,2443,dragapult-ex,0358,ogerpon-meganium-hydrapple
7,37,p2,1739,dragapult-dusknoir,3653,dragapult-dusknoir
7,38,p2,1333,ogerpon-meganium-hydrapple,0239,dragapult-ex
7,39,p2,1021,dragapult-ex,3163,basic-box-m
7,40,p2,1155,n-zoroark,0368,dragapult-dusknoir
7,41,p2,1140,dragapult-dusknoir,0226,basic-box-m
7,42,p1,0015,n-zoroark,1117,dragapult-ex
7,43,p1,1367,dragapult-dusknoir,0319,dragapult-ex
7,44,p2,2724,n-zoroark,0558,rocket-mewtwo-ex
7,45,p1,3721,n-zoroark,1053,slowking-scr
7,46,p1,2457,dragapult-ex,3716,mega-greninja-ex
7,47,p1,1107,dragapult-dusknoir,3320,alakazam-dudunsparce
7,48,tie,2368,basic-box-m,0594,sylveon-pre
7,49,p1,1831,dragapult-blaziken,0476,dragapult-dusknoir
7,50,tie,0167,dragapult-ex,2186,lopunny-dudunsparce
7,51,tie,1178,basic-box-m,3100,dragapult-dusknoir
7,52,p2,1795,dragapult-dusknoir,1015,n-zoroark
7,53,p1,0940,festival-lead,1644,dragapult-ex
7,54,p1,0175,slowking-scr,2831,dragapult-ex
7,55,p2,0206,raging-bolt-ogerpon,0412,dragapult-ex
7,56,p1,3196,dragapult-ex,0895,dragapult-ex
7,57,p1,0135,crustle-dri,3346,dragapult-ex
7,58,p2,0293,slowking-scr,2579,dragapult-ex
7,59,p2,1609,festival-lead,3379,dragapult-ex
7,60,tie,1713,grimmsnarl-froslass,1888,alakazam-dudunsparce
7,61,p1,3143,dragapult-blaziken,0444,lillie-clefairy
7,62,p2,1011,dragapult-dusknoir,1844,crustle-dri
7,63,p1,3326,dragapult-dusknoir,0772,ogerpon-meganium-hydrapple
7,64,p2,0983,slowking-scr,0508,alakazam-dudunsparce
7,65,p1,3526,slowking-scr,2722,dragapult-ex
7,66,p2,2618,dragapult-ex,1924,slowking-scr
7,67,p1,2009,dragapult-ex,1031,beedrill-ex-cri
7,68,p2,3089,mega-lucario-ex,3267,dragapult-ex
7,69,p1,0762,dragapult-ex,1525,dragapult-dusknoir
7,70,p1,1213,dragapult-blaziken,0070,ethan-typhlosion
7,71,p2,1154,ogerpon-meganium-hydrapple,2256,beedrill-ex-cri
7,72,p2,0407,dragapult-ex,1592,dragapult-ex
7,73,tie,2134,dragapult-ex,3371,dragapult-ex
7,74,p2,0404,dragapult-ex,2919,dragapult-ex
7,75,p2,0200,alakazam-dudunsparce,2231,slowking-scr
7,76,p2,2619,n-zoroark,2907,ogerpon-meganium-hydrapple
7,77,p2,3573,alakazam-dudunsparce,0669,dragapult-ex
7,78,p2,0495,dragapult-dudunsparce,3707,dragapult-blaziken
7,79,p1,2114,ogerpon-meganium-hydrapple,2642,ogerpon-meganium-hydrapple
7,80,p2,1024,alakazam-dudunsparce,0004,crustle-dri
7,81,tie,2997,dragapult-ex,3208,n-zoroark
7,82,p1,0290,alakazam-dudunsparce,1876,n-zoroark
7,83,p2,0889,dragapult-ex,3029,rockets-honchkrow
7,84,p2,1159,basic-box-m,1764,clefairy-ogerpon
7,85,p2,1210,dragapult-dusknoir,2501,lucario-hariyama
7,86,p1,3671,dragapult-blaziken,2311,lillie-clefairy
7,87,p2,2227,n-zoroark,1518,dragapult-ex
7,88,p1,1497,dragapult-ex,0960,alakazam-dudunsparce
7,89,p1,2901,basic-box-m,1623,dragapult-ex
7,90,p1,2160,n-zoroark,3432,dragapult-ex
7,91,p1,3104,dragapult-ex,0315,raging-bolt-ogerpon
7,92,p1,3299,slowking-scr,1752,n-zoroark
7,93,tie,2536,basic-box-m,0335,mega-greninja-ex
7,94,p1,3049,dragapult-ex,1250,basic-box-m
7,95,p2,3197,n-zoroark,1431,ogerpon-meganium-hydrapple
7,96,p1,1965,dragapult-ex,3103,dragapult-ex
7,97,tie,3076,rocket-mewtwo-ex,2180,dragapult-blaziken
7,98,p1,1182,dragapult-ex,2984,dragapult-ex
7,99,p2,0325,slowking-scr,1743,dragapult-ex
7,100,p2,2654,raging-bolt-ogerpon,1365,ogerpon-meganium-hydrapple
7,101,p1,3280,n-zoroark,1348,dragapult-ex
7,102,p2,0065,alakazam-dudunsparce,2679,dragapult-ex
7,103,p2,2818,metagross-cri,1949,dragapult-ex
7,104,p1,2739,metagross-cri,0107,ogerpon-meganium-hydrapple
7,105,p2,3616,dragapult-ex,2258,dragapult-ex
7,106,p2,1637,dragapult-ex,3588,dragapult-dusknoir
7,107,tie,1226,dragapult-ex,0894,festival-lead
7,108,p2,1567,ethan-typhlosion,2633,dragapult-ex
7,109,p1,0679,dragapult-ex,1893,dragapult-ex
7,110,p1,2310,n-zoroark,2829,dragapult-ex
7,111,p2,3021,dragapult-ex,0697,dragapult-ex
7,112,p1,2799,crustle-dri,2764,dragapult-dusknoir
7,113,p1,1611,dragapult-ex,0387,dragapult-dusknoir
7,114,p2,3106,dragapult-ex,2563,grimmsnarl-froslass
7,115,p2,1494,dragapult-ex,0976,dragapult-dusknoir
7,116,p2,1907,dragapult-ex,0489,rockets-honchkrow
7,117,p2,1797,dragapult-ex,2533,raging-bolt-ogerpon
7,118,p2,3701,dragapult-ex,1645,dragapult-blaziken
7,119,tie,2085,dragapult-dusknoir,2885,cynthia-garchomp-ex
7,120,tie,3308,dragapult-ex,1381,n-zoroark
7,121,p2,2184,dragapult-ex,1585,dragapult-ex
7,122,p1,0817,slowking-scr,0479,dragapult-dudunsparce
7,123,p1,3560,ogerpon-meganium-hydrapple,1293,alakazam-dudunsparce
7,124,p2,3363,n-zoroark,0112,dragapult-ex
7,125,p1,2055,dragapult-dusknoir,3576,dragapult-ex
7,126,p2,2040,basic-box-m,1463,raging-bolt-ogerpon
7,127,p1,1122,dragapult-ex,0349,dragapult-ex
7,128,p2,0220,dragapult-ex,0369,alakazam-dudunsparce
7,129,p1,0464,dragapult-ex,0546,rocket-mewtwo-ex
7,130,p1,0548,dragapult-ex,3507,festival-lead
7,131,p1,0950,slowking-scr,2126,rockets-honchkrow
7,132,p2,1507,ogerpon-meganium-hydrapple,1582,n-zoroark
7,133,p1,0416,alakazam-dudunsparce,3128,crustle-dri
7,134,p1,0055,dragapult-ex,3179,dragapult-ex
7,135,p1,1269,basic-box-m,3604,dragapult-ex
7,136,p2,0092,alakazam-dudunsparce,1214,raging-bolt-ogerpon
7,137,p1,1394,dragapult-ex,3015,dragapult-ex
7,138,p2,1610,lillie-clefairy,1197,crustle-dri
7,139,tie,1798,ogerpon-meganium-hydrapple,2089,crustle-dri
7,140,p2,0205,dragapult-ex,1104,cynthia-garchomp-ex
7,141,p1,1783,dragapult-ex,3717,dragapult-dusknoir
7,142,p2,1180,dragapult-dusknoir,3329,crustle-dri
7,143,p2,1455,rockets-honchkrow,3409,dragapult-dusknoir
7,144,p1,2461,ethan-typhlosion,3383,n-zoroark
7,145,p1,3622,alakazam-dudunsparce,0856,dragapult-dusknoir
7,146,p1,2608,n-zoroark,0074,dragapult-ex
7,147,p2,0723,dragapult-ex,2495,dragapult-ex
7,148,p2,0316,slowking-scr,1641,raging-bolt-ogerpon
7,149,p2,3570,beedrill-ex-cri,0763,dragapult-blaziken
7,150,p2,0553,dragapult-ex,2803,dragapult-ex
7,151,p2,0768,crustle-dri,1291,slowking-scr
7,152,p1,0483,dragapult-ex,1405,festival-lead
7,153,p1,3637,crustle-dri,1939,ogerpon-meganium-hydrapple
7,154,p1,0307,crustle-dri,3098,raging-bolt-ogerpon
7,155,p1,3658,slowking-scr,1812,dragapult-ex
7,156,p2,2784,grimmsnarl-froslass,2032,dragapult-blaziken
7,157,tie,1945,dragapult-blaziken,0778,crustle-dri
7,158,p2,3689,dragapult-ex,3316,alakazam-dudunsparce
7,159,p1,3325,starmie-froslass,0585,dragapult-blaziken
7,160,p1,1006,dragapult-blaziken,3729,dragapult-ex
7,161,p2,3225,rockets-honchkrow,3047,dragapult-ex
7,162,p2,0198,alakazam-dudunsparce,2864,dragapult-dusknoir
7,163,p1,0406,slowking-scr,1669,alakazam-dudunsparce
7,164,p2,1863,dragapult-ex,2852,lucario-hariyama
7,165,p2,3170,beedrill-ex-cri,2562,dragapult-ex
7,166,p2,2498,dragapult-ex,3282,dragapult-dusknoir
7,167,p2,1343,dragapult-ex,0059,crustle-dri
7,168,tie,3178,dragapult-ex,2572,crustle-dri
7,169,p1,0871,dragapult-ex,2112,dragapult-dusknoir
7,170,p2,3567,dragapult-ex,2738,dragapult-ex
7,171,p2,0651,dragapult-dusknoir,1340,dragapult-dusknoir
7,172,p1,0010,n-zoroark,1664,ogerpon-meganium-hydrapple
7,173,p1,0253,dragapult-ex,0827,alakazam-dudunsparce
7,174,p2,2278,dragapult-ex,0054,basic-box-m
7,175,p1,1445,alakazam-dudunsparce,2519,mega-absol-box
7,176,p1,3025,dragapult-ex,0953,dragapult-dudunsparce
7,177,p2,3338,slowking-scr,3641,dragapult-dusknoir
7,178,p1,0552,dragapult-ex,3411,dragapult-ex
7,179,p1,3281,dragapult-ex,1183,alakazam-dudunsparce
7,180,p1,0630,dragapult-ex,0622,ogerpon-meganium-hydrapple
7,181,p1,0978,festival-lead,3283,dragapult-ex
7,182,p2,2419,dragapult-dusknoir,2836,dragapult-ex
7,183,p2,3426,n-zoroark,1384,dragapult-dusknoir
7,184,p2,1921,dragapult-dusknoir,1484,grimmsnarl-froslass
7,185,p2,1968,dragapult-ex,1948,slowking-scr
7,186,p2,2149,slowking-scr,1710,lillie-clefairy
7,187,p1,2776,dragapult-ex,2890,beedrill-ex-cri
7,188,p2,1855,dragapult-ex,1124,raging-bolt-ogerpon
7,189,tie,0517,dragapult-ex,0249,dragapult-ex
7,190,p1,2744,alakazam-dudunsparce,0134,dragapult-dusknoir
7,191,p1,2891,dragapult-ex,2446,beedrill-ex-cri
7,192,p2,1555,dragapult-ex,2660,dragapult-ex
7,193,p1,2305,dragapult-ex,0568,dragapult-ex
7,194,p2,2581,dragapult-ex,2719,alakazam-dudunsparce
7,195,p1,0192,dragapult-ex,3745,alakazam-dudunsparce
7,196,p1,0188,alakazam-dudunsparce,2900,dragapult-dusknoir
7,197,p1,0649,hops-trevenant,0314,dragapult-dusknoir
7,198,p1,3221,ethan-typhlosion,0182,festival-lead
7,199,tie,3630,crustle-dri,1198,dragapult-blaziken
7,200,p2,0753,metagross-cri,1083,cynthia-garchomp-ex
7,201,p2,0972,dragapult-ex,2809,n-zoroark
7,202,p1,1848,slowking-scr,3491,n-zoroark
7,203,tie,2978,crustle-dri,1244,dragapult-dusknoir
7,204,p1,1552,dragapult-ex,0873,basic-box-m
7,205,p2,1829,alakazam-dudunsparce,2330,dragapult-dusknoir
7,206,p1,2692,crustle-dri,0826,beedrill-ex-cri
7,207,tie,2820,dragapult-ex,0103,alakazam-dudunsparce
7,208,p2,3736,dragapult-blaziken,1651,raging-bolt-ogerpon
7,209,p1,2503,alakazam-dudunsparce,1750,basic-box-m
7,210,p1,1852,dragapult-dusknoir,1964,dragapult-ex
7,211,p1,3288,raging-bolt-ogerpon,0494,dragapult-ex
7,212,p1,3393,n-zoroark,3436,raging-bolt-ogerpon
7,213,p2,0646,crustle-dri,2494,dragapult-ex
7,214,p2,2846,mega-greninja-ex,3108,dragapult-dusknoir
7,215,p2,3520,alakazam-dudunsparce,1578,alakazam-dudunsparce
7,216,p2,3611,dragapult-ex,3431,dragapult-ex
7,217,tie,3199,rockets-honchkrow,3727,rockets-honchkrow
7,218,p2,1562,dragapult-ex,1746,alakazam-dudunsparce
7,219,p2,2288,lucario-hariyama,0244,dragapult-ex
7,220,p1,0881,rocket-mewtwo-ex,1991,dragapult-ex
7,221,p1,1456,dragapult-ex,2578,n-zoroark
7,222,p2,1267,dragapult-dusknoir,0923,dragapult-ex
7,223,p1,1845,rocket-mewtwo-ex,3101,alakazam-dudunsparce
7,224,p2,3214,dragapult-ex,0355,kangaskhan-bouffalant
7,225,p2,2151,raging-bolt-ogerpon,2742,dragapult-blaziken
7,226,p1,1467,ethan-typhlosion,2969,alakazam-dudunsparce
7,227,p2,1057,slowking-scr,1878,dragapult-ex
7,228,p2,2940,alakazam-dudunsparce,2950,n-zoroark
7,229,p1,3059,raging-bolt-ogerpon,0012,dragapult-dusknoir
7,230,p2,2282,ogerpon-meganium-hydrapple,1040,beedrill-ex-cri
7,231,p1,1391,dragapult-ex,0931,lillie-clefairy
7,232,p1,0922,dragapult-ex,2911,dragapult-dusknoir
7,233,p1,1349,slowking-scr,0410,dragapult-dusknoir
7,234,p1,1544,dragapult-ex,3145,dragapult-dusknoir
7,235,p1,1559,raging-bolt-ogerpon,3479,alakazam-dudunsparce
7,236,p2,1489,diancie-dusknoir,2697,rockets-honchkrow
7,237,p1,0790,dragapult-ex,1604,dragapult-ex
7,238,p1,2594,dragapult-ex,2425,dragapult-dusknoir
7,239,p2,2830,dragapult-ex,1483,n-zoroark
7,240,p1,2743,dragapult-ex,2861,dragapult-ex
7,241,p2,3278,lillie-clefairy,1330,basic-box-m
7,242,p2,3255,dragapult-ex,2270,rockets-honchkrow
7,243,p1,3651,dragapult-ex,2582,raging-bolt-ogerpon
7,244,tie,2975,dragapult-ex,1600,dragapult-ex
7,245,p1,2780,lopunny-dudunsparce,1372,crustle-dri
7,246,p1,0672,dragapult-ex,0818,raging-bolt-ogerpon
7,247,p2,1260,n-zoroark,3226,diancie-dusknoir
7,248,p1,3470,dragapult-ex,2008,dragapult-ex
7,249,p2,2892,hops-trevenant,3261,dragapult-ex
7,250,p1,2783,festival-lead,2049,slowking-scr
7,251,p1,3243,basic-box-m,2204,slowking-scr
7,252,p1,2143,n-zoroark,2493,dragapult-dusknoir
7,253,p1,2308,basic-box-m,2675,dragapult-dusknoir
7,254,p2,3492,raging-bolt-ogerpon,3497,dragapult-ex
7,255,p1,1961,dragapult-ex,1165,dragapult-dusknoir
7,256,p2,0773,lillie-clefairy,2296,crustle-dri
7,257,p1,3577,n-zoroark,3388,dragapult-dusknoir
7,258,p1,1234,dragapult-ex,2255,dragapult-ex
7,259,p2,1268,dragapult-dusknoir,2682,ogerpon-meganium-hydrapple
7,260,p2,1474,dragapult-dusknoir,2551,dragapult-ex
7,261,p1,1119,lillie-clefairy,3119,lucario-hariyama
7,262,p2,2715,starmie-froslass,0915,dragapult-ex
7,263,p1,2786,dragapult-ex,2564,dragapult-dusknoir
7,264,p1,1166,slowking-scr,3551,mega-lucario-ex
7,265,p1,0783,dragapult-blaziken,1417,dragapult-ex
7,266,tie,1229,dragapult-ex,0802,rockets-honchkrow
7,267,p2,3323,raging-bolt-ogerpon,1441,dragapult-ex
7,268,tie,0120,dragapult-ex,1400,sharpedo-toxtricity
7,269,p2,1430,basic-box-m,0946,n-zoroark
7,270,p2,2175,slowking-scr,1106,dragapult-ex
7,271,p1,3165,lillie-clefairy,1358,dragapult-ex
7,272,p2,0625,alakazam-dudunsparce,2856,rockets-honchkrow
7,273,p1,2128,cynthia-garchomp-ex,0373,kangaskhan-bouffalant
7,274,tie,0913,dragapult-ex,2768,dragapult-dusknoir
7,275,p1,0171,sylveon-pre,2212,dragapult-ex
7,276,p1,2947,festival-lead,0659,n-zoroark
7,277,p1,2590,dragapult-ex,2197,slowking-scr
7,278,p2,0498,n-zoroark,3341,dragapult-ex
7,279,p1,2758,dragapult-blaziken,1437,mega-greninja-ex
7,280,p2,2612,dragapult-ex,1221,lillie-clefairy
7,281,p2,2153,ogerpon-meganium-hydrapple,0797,dragapult-ex
7,282,p2,3324,n-zoroark,3356,basic-box-m
7,283,p1,1444,basic-box-m,0527,dragapult-ex
7,284,p2,0152,raging-bolt-ogerpon,1252,alakazam-dudunsparce
7,285,p1,3501,ogerpon-meganium-hydrapple,3203,ogerpon-meganium-hydrapple
7,286,tie,1125,dragapult-ex,3274,dragapult-dusknoir
7,287,tie,3339,dragapult-dusknoir,1086,alakazam-dudunsparce
7,288,p2,1207,alakazam-dudunsparce,0626,dragapult-dusknoir
7,289,tie,1595,dragapult-ex,0104,dragapult-ex
7,290,p1,2548,raging-bolt-ogerpon,0602,raging-bolt-ogerpon
7,291,p1,0677,alakazam-dudunsparce,2595,raging-bolt-ogerpon
7,292,p2,2510,mega-greninja-ex,3265,dragapult-blaziken
7,293,tie,2646,dragapult-dusknoir,0381,dragapult-ex
7,294,p1,0149,metagross-cri,1008,clefairy-ogerpon
7,295,p1,3230,cynthia-garchomp-ex,2328,dragapult-dusknoir
7,296,p1,2043,alakazam-dudunsparce,0105,crustle-dri
7,297,p1,1854,n-zoroark,2583,dragapult-ex
7,298,p2,2292,raging-bolt-ogerpon,3534,basic-box-m
7,299,p1,2837,dragapult-dusknoir,0832,crustle-dri
7,300,p1,1706,slowking-scr,3713,n-zoroark
7,301,tie,1038,beedrill-ex-cri,1063,beedrill-ex-cri
7,302,tie,3249,alakazam-dudunsparce,3040,raging-bolt-ogerpon
7,303,p2,0654,diancie-dusknoir,3594,basic-box-m
7,304,tie,0199,basic-box-m,2460,dragapult-ex
7,305,p2,3652,basic-box-m,0313,dragapult-ex
7,306,tie,0470,alakazam-dudunsparce,1486,basic-box-m
7,307,tie,3155,dragapult-blaziken,3292,dragapult-dusknoir
7,308,p2,0848,ogerpon-meganium,0434,n-zoroark
7,309,p2,3217,dragapult-ex,2315,dragapult-ex
7,310,p2,2147,ogerpon-meganium-hydrapple,0619,crustle-dri
7,311,p1,3190,mega-greninja-ex,2669,dragapult-ex
7,312,tie,2487,dragapult-blaziken,1736,dragapult-ex
7,313,p1,2331,dragapult-blaziken,2385,starmie-dusknoir
7,314,tie,3574,crustle-dri,1064,crustle-dri
7,315,p2,1720,dragapult-dusknoir,2672,slowking-scr
7,316,p1,0036,dragapult-ex,1499,alakazam-dudunsparce
7,317,tie,1859,lopunny-dudunsparce,0861,lucario-hariyama
7,318,p1,1114,slowking-scr,0877,jellicent-dusknoir
7,319,tie,0185,dragapult-dusknoir,3499,dragapult-ex
7,320,p2,1524,kangaskhan-bouffalant,2316,dragapult-blaziken
7,321,p2,1569,n-zoroark,2934,n-zoroark
7,322,tie,3136,dragapult-ex,2554,ethan-typhlosion
7,323,p2,1597,rocket-mewtwo-ex,1110,dragapult-ex
7,324,p1,1678,mega-greninja-ex,2686,dragapult-ex
7,325,p1,1338,ogerpon-meganium-hydrapple,3157,festival-lead
7,326,p1,3079,rockets-honchkrow,1602,beedrill-ex-cri
7,327,tie,0664,alakazam-dudunsparce,1366,basic-box-m
7,328,p2,2816,cynthia-garchomp-ex,2880,dragapult-ex
7,329,p2,0822,dragapult-ex,1905,slowking-scr
7,330,p2,2986,lillie-clefairy,0231,dragapult-ex
7,331,p1,2115,dragapult-dusknoir,3081,?metagross
7,332,p1,3546,rocket-mewtwo-ex,3014,n-zoroark
7,333,p2,0273,lopunny-dudunsparce,3408,dragapult-ex
7,334,p1,0920,ogerpon-meganium-hydrapple,2478,sharpedo-toxtricity
7,335,p1,3633,ogerpon-meganium-hydrapple,0644,dragapult-ex
7,336,p2,3223,alakazam-dudunsparce,3300,dragapult-dusknoir
7,337,p1,1532,dragapult-blaziken,1438,alakazam-dudunsparce
7,338,tie,2349,dragapult-dusknoir,0367,alakazam-dudunsparce
7,339,p2,2556,greninja-ex,1243,dragapult-ex
7,340,p1,1663,lopunny-dudunsparce,3181,dragapult-ex
7,341,p1,1692,dragapult-blaziken,2251,dragapult-dusknoir
7,342,p1,3669,dragapult-dusknoir,3138,slowking-scr
7,343,p1,1029,n-zoroark,3511,dragapult-ex
7,344,p2,1892,beedrill-ex-cri,3404,alakazam-dudunsparce
7,345,p1,1253,greninja-ex,1163,rockets-honchkrow
7,346,p1,2772,crustle-dri,1170,dragapult-dusknoir
7,347,p1,3563,dragapult-ex,3517,dragapult-dudunsparce
7,348,p1,0286,dragapult-ex,0739,raging-bolt-ogerpon
7,349,p1,3481,dragapult-ex,3582,dragapult-dusknoir
7,350,p2,2238,alakazam-dudunsparce,1897,alakazam-dudunsparce
7,351,p1,0283,dragapult-blaziken,3204,mega-greninja-ex
7,352,p2,2335,archaludon-dudunsparce,1992,dragapult-ex
7,353,p1,1457,dragapult-ex,1162,dragapult-blaziken
7,354,p2,1912,lucario-hariyama,0918,cynthia-garchomp-ex
7,355,p2,0436,beedrill-ex-cri,2213,dragapult-dusknoir
7,356,p1,0160,mega-greninja-ex,3447,?metagross
7,357,p2,0491,alakazam-dudunsparce,3057,basic-box-m
7,358,p1,1295,crustle-dri,0859,beedrill-ex-cri
7,359,p2,1874,dragapult-ex,2828,dragapult-ex
7,360,p2,1682,slowking-scr,1816,alakazam-dudunsparce
7,361,p1,0297,n-zoroark,2881,slowking-scr
7,362,p2,2879,mega-greninja-ex,2960,rocket-mewtwo-ex
7,363,p2,1983,alakazam-dudunsparce,0106,dragapult-ex
7,364,p2,2793,crustle-dri,2938,rocket-mewtwo-ex
7,365,p1,1290,dragapult-ex,1865,dragapult-ex
7,366,p2,1531,grimmsnarl-froslass,1543,basic-box-m
7,367,tie,2683,dragapult-dusknoir,2234,dragapult-dusknoir
7,368,tie,1076,slowking-scr,1490,ogerpon-meganium-hydrapple
7,369,tie,1360,dragapult-ex,0932,alakazam-dudunsparce
7,370,tie,3073,festival-lead,0959,ogerpon-meganium-hydrapple
7,371,p1,3659,slowking-scr,0061,dragapult-ex
7,372,p1,2177,dragapult-ex,1309,alakazam-dudunsparce
7,373,p1,1090,dragapult-ex,3182,slowking-scr
7,374,p2,1782,dragapult-dusknoir,2439,dragapult-ex
7,375,p2,2144,basic-box-m,1730,dragapult-ex
7,376,tie,3001,dragapult-ex,0792,ceruledge-ex
7,377,p1,0863,dragapult-ex,2800,dragapult-dusknoir
7,378,p1,3051,dragapult-ex,3242,dragapult-ex
7,379,tie,0327,archaludon-dudunsparce,2279,lopunny-dudunsparce
7,380,p1,2469,raging-bolt-ogerpon,1787,dragapult-blaziken
7,381,tie,0727,crustle-dri,1265,ogerpon-meganium-hydrapple
7,382,p2,2426,lopunny-dudunsparce,0849,dragapult-ex
7,383,p1,0694,dragapult-ex,1656,dragapult-ex
7,384,p2,3264,n-zoroark,0235,ogerpon-meganium-hydrapple
7,385,p2,2339,ceruledge-ex,2777,hops-trevenant
7,386,p1,2922,dragapult-dusknoir,0684,dragapult-dusknoir
7,387,p2,1300,dragapult-blaziken,2207,ogerpon-meganium-hydrapple
7,388,p1,2004,mega-greninja-ex,2688,mega-greninja-ex
7,389,p2,2435,ogerpon-meganium-hydrapple,0661,slowking-scr
7,390,p1,1151,dragapult-dusknoir,1759,cynthia-garchomp-ex
7,391,tie,1929,greninja-ex,3542,dragapult-ex
7,392,p1,0560,basic-box-m,2888,dragapult-ex
7,393,p1,0718,alakazam-dudunsparce,3185,other
7,394,p2,2027,rocket-mewtwo-ex,0124,dragapult-dusknoir
7,395,p1,0534,slowking-scr,3003,dragapult-ex
7,396,p1,2985,ogerpon-meganium-hydrapple,3732,dragapult-ex
7,397,p2,3187,alakazam-dudunsparce,3004,dragapult-ex
7,398,p1,1719,mega-lucario-ex,1974,beedrill-ex-cri
7,399,p1,0133,n-zoroark,3374,dragapult-ex
7,400,p2,1749,ogerpon-meganium-hydrapple,0376,dragapult-ex
7,401,p1,1700,slowking-scr,3539,rocket-mewtwo-ex
7,402,p2,3294,ethan-typhlosion,2423,raging-bolt-ogerpon
7,403,p2,0045,dragapult-ex,2442,slowking-scr
7,404,p1,1529,dragapult-dusknoir,1098,dragapult-ex
7,405,tie,0388,crustle-dri,2687,dragapult-ex
7,406,p2,0158,festival-lead,2714,dragapult-ex
7,407,p1,1952,crustle-dri,2707,hops-trevenant
7,408,p2,0291,crustle-dri,0926,lopunny-dudunsparce
7,409,p2,0662,dragapult-ex,1553,festival-lead
7,410,p1,1319,dragapult-ex,2398,dragapult-ex
7,411,p1,3691,dragapult-blaziken,1039,alakazam-dudunsparce
7,412,p1,1313,n-zoroark,0530,grimmsnarl-froslass
7,413,p1,0245,dragapult-ex,1373,diancie-dusknoir
7,414,p2,3257,alakazam-dudunsparce,1314,dragapult-ex
7,415,p2,3218,crustle-dri,1702,dragapult-ex
7,416,p2,0544,starmie-dusknoir,0034,n-zoroark
7,417,p1,1109,slowking-scr,0342,ogerpon-meganium-hydrapple
7,418,p2,0424,n-zoroark,3680,ogerpon-meganium-hydrapple
7,419,tie,3285,dragapult-blaziken,0365,crustle-dri
7,420,p1,2418,hops-trevenant,0486,ogerpon-meganium-hydrapple
7,421,p1,0393,rockets-honchkrow,3709,ogerpon-meganium-hydrapple
7,422,p1,2606,dragapult-ex,0713,basic-box-m
7,423,tie,0391,basic-box-m,3612,dragapult-ex
7,424,tie,1135,dragapult-ex,1371,n-zoroark
7,425,p2,2866,dragapult-ex,1294,crustle-dri
7,426,p1,1916,dragapult-ex,3519,dragapult-ex
7,427,p1,0465,dragapult-dusknoir,1336,?metagross
7,428,p1,2290,alakazam-dudunsparce,1321,dragapult-dusknoir
7,429,p1,3216,dragapult-dusknoir,2684,alakazam-dudunsparce
7,430,p1,0729,mega-lucario-ex,2746,raging-bolt-ogerpon
7,431,p1,1648,basic-box-m,1673,dragapult-ex
7,432,p2,1643,n-zoroark,2958,alakazam-dudunsparce
7,433,p1,2406,dragapult-ex,1261,lucario-hariyama
7,434,p2,0173,dragapult-ex,2576,dragapult-dusknoir
7,435,p2,2840,?metagross,0575,alakazam-dudunsparce
7,436,p2,0725,dragapult-dusknoir,3644,alakazam-dudunsparce
7,437,p1,0674,dragapult-ex,0119,beedrill-ex-cri
7,438,p2,3245,dragapult-dusknoir,3522,beedrill-ex-cri
7,439,tie,0820,ogerpon-meganium-hydrapple,3028,alakazam-dudunsparce
7,440,p1,1416,dragapult-blaziken,2895,mega-greninja-ex
7,441,p1,1404,ogerpon-meganium-hydrapple,2098,raging-bolt-ogerpon
7,442,p1,1685,dragapult-ex,0542,mega-greninja-ex
7,443,p1,0908,ogerpon-meganium-hydrapple,0640,mega-lucario-ex
7,444,p1,1808,ogerpon-meganium-hydrapple,3400,rockets-honchkrow
7,445,p2,1194,dragapult-dusknoir,0461,raging-bolt-ogerpon
7,446,p2,2200,?,2193,dragapult-ex
7,447,p1,2191,crustle-dri,1206,tera-box
7,448,p2,3416,raging-bolt-ogerpon,3711,n-zoroark
7,449,p2,0581,raging-bolt-ogerpon,1599,basic-box-m
7,450,tie,0241,ogerpon-meganium-hydrapple,1468,dragapult-blaziken
7,451,p2,2782,?metagross,2431,dragapult-ex
7,452,p1,3002,dragapult-ex,2348,dragapult-ex
7,453,p2,0462,dragapult-ex,1504,ogerpon-meganium-hydrapple
7,454,p1,2896,n-zoroark,2558,rocket-mewtwo-ex
7,455,p2,3127,dragapult-dusknoir,2544,hops-trevenant
7,456,p2,0717,raging-bolt-ogerpon,2517,dragapult-ex
7,457,p2,0579,dragapult-ex,3044,dragapult-ex
7,458,p2,0952,dragapult-blaziken,2320,dragapult-ex
7,459,p1,0501,stevens-metagross,2467,ogerpon-meganium-hydrapple
7,460,p1,3065,dragapult-dusknoir,2465,dragapult-dusknoir
7,461,p1,0998,dragapult-ex,2527,slowking-scr
7,462,p2,1527,dragapult-ex,1074,dragapult-blaziken
7,463,p1,1369,festival-lead,3333,crustle-dri
7,464,tie,0224,dragapult-ex,3164,dragapult-ex
7,465,p2,3115,dragapult-dusknoir,1472,dragapult-ex
7,466,p1,1059,slowking-scr,2407,crustle-dri
7,467,p2,1258,slowking-scr,0419,dragapult-ex
7,468,p1,0635,ogerpon-meganium-arboliva,0305,dragapult-ex
7,469,p2,0561,dragapult-ex,2264,slowking-scr
7,470,p1,3276,dragapult-ex,3518,dragapult-dusknoir
7,471,p2,1558,dragapult-ex,0570,cynthia-garchomp-ex
7,472,p1,1436,dragapult-ex,1774,dragapult-ex
7,473,p1,1423,dragapult-ex,1629,dragapult-ex
7,474,p1,3617,ogerpon-meganium-hydrapple,0261,greninja-blaziken
7,475,p1,2313,dragapult-dusknoir,0386,ogerpon-meganium-hydrapple
7,476,p2,2731,lopunny-dudunsparce,0102,n-zoroark
7,477,p1,0478,dragapult-ex,3099,hops-trevenant
7,478,p1,1731,dragapult-dusknoir,1482,alakazam-dudunsparce
7,479,p1,0831,dragapult-ex,2980,ogerpon-meganium-hydrapple
7,480,p2,1179,dragapult-blaziken,0770,dragapult-blaziken
7,481,p1,3392,lillie-clefairy,0522,festival-lead
7,482,p2,0329,crustle-dri,0812,mega-lucario-ex
7,483,p1,3202,alakazam-dudunsparce,1890,lucario-hariyama
7,484,p1,3472,beedrill-ex-cri,1537,dragapult-blaziken
7,485,p1,0691,dragapult-ex,0457,ceruledge-ex
7,486,p2,0187,dragapult-ex,1147,n-zoroark
7,487,p2,0378,dragapult-dusknoir,2389,dragapult-dudunsparce
7,488,p1,3317,dragapult-dusknoir,3548,dragapult-dusknoir
7,489,p2,1392,ogerpon-meganium-hydrapple,2284,ethan-typhlosion
7,490,p1,0776,okidogi-barbaracle,0642,rockets-honchkrow
7,491,p2,2250,n-zoroark,3723,ogerpon-meganium-arboliva
7,492,p1,2790,kangaskhan-bouffalant,3452,dragapult-ex
7,493,p1,3027,dragapult-ex,3041,n-zoroark
7,494,p2,1671,hops-trevenant,1034,alakazam-dudunsparce
7,495,p1,0024,dragapult-ex,0003,dragapult-ex
7,496,p1,1619,alakazam-dudunsparce,0217,dragapult-ex
7,497,p2,2434,beedrill-ex-cri,0354,alakazam-dudunsparce
7,498,p2,1191,mega-greninja-ex,3094,dragapult-ex
7,499,p2,1245,dragapult-ex,0136,lillie-clefairy
7,500,p2,2223,dragapult-ex,0621,dragapult-dusknoir
7,501,p2,0294,crustle-dri,2172,ogerpon-meganium-hydrapple
7,502,p2,0880,lopunny-dudunsparce,3561,slowking-scr
7,503,p1,2941,dragapult-ex,1113,slowking-scr
7,504,p1,1270,n-zoroark,3477,dragapult-blaziken
7,505,p1,3661,n-zoroark,1741,dragapult-blaziken
7,506,p2,0155,dragapult-dusknoir,2729,dragapult-ex
7,507,p2,0813,dragapult-ex,0961,dragapult-ex
7,508,p1,1407,n-zoroark,0876,n-zoroark
7,509,p1,0042,lucario-hariyama,1954,alakazam-dudunsparce
7,510,p1,0936,dragapult-ex,2529,dragapult-blaziken
7,511,p2,1975,dragapult-dusknoir,0493,dragapult-ex
7,512,p1,3645,lopunny-dudunsparce,1223,rockets-honchkrow
7,513,p1,1303,slowking-scr,1979,dragapult-dusknoir
7,514,p2,2347,other,2949,rocket-mewtwo-ex
7,515,p2,0201,slowking-scr,0653,slowking-scr
7,516,p1,1998,dragapult-blaziken,0786,cynthia-garchomp-ex
7,517,p1,1043,ogerpon-meganium-hydrapple,1460,slowking-scr
7,518,p1,2136,dragapult-blaziken,2361,alakazam-dudunsparce
7,519,p1,2584,alakazam-dudunsparce,0589,dragapult-dusknoir
7,520,p2,2202,ceruledge-ex,1606,rockets-honchkrow
7,521,p1,1481,dragapult-blaziken,0637,mega-greninja-ex
7,522,p2,3365,dragapult-ex,0839,ogerpon-meganium-hydrapple
7,523,p1,1872,crustle-dri,1770,dragapult-ex
7,524,p1,1933,dragapult-ex,0183,dragapult-ex
7,525,p2,2505,alakazam-dudunsparce,3741,dragapult-ex
7,526,p2,0402,festival-lead,1148,starmie-froslass
7,527,p1,0423,dragapult-ex,2943,dragapult-ex
7,528,tie,0395,alakazam-dudunsparce,0639,dragapult-blaziken
7,529,p1,2785,dragapult-ex,0459,greninja-ex
7,530,p2,2356,dragapult-dudunsparce,2877,greninja-ex
7,531,p1,2645,alakazam-dudunsparce,0611,raging-bolt-ogerpon
7,532,p1,1864,lucario-hariyama,2124,festival-lead
7,533,p2,2374,raging-bolt-ogerpon,1102,dragapult-ex
7,534,p1,0892,rockets-honchkrow,2363,ogerpon-meganium-hydrapple
7,535,p1,3343,dragapult-ex,1071,dragapult-blaziken
7,536,p2,0356,basic-box-m,0215,dragapult-blaziken
7,537,p2,1271,n-zoroark,1145,n-zoroark
7,538,tie,1672,dragapult-ex,2088,dragapult-ex
7,539,p1,2855,n-zoroark,3158,grimmsnarl-froslass
7,540,p1,0396,dragapult-dusknoir,0227,dragapult-ex
7,541,tie,3397,dragapult-blaziken,0176,dragapult-ex
7,542,p1,1464,ogerpon-meganium-hydrapple,0855,raging-bolt-ogerpon
7,543,p2,0980,dragapult-dusknoir,1580,alakazam-dudunsparce
7,544,p1,1248,alakazam-dudunsparce,3289,rocket-mewtwo-ex
7,545,tie,1636,dragapult-ex,1684,dragapult-ex
7,546,p2,0032,basic-box-m,3666,mega-greninja-ex
7,547,tie,3613,crustle-dri,0022,dragapult-ex
7,548,p1,2201,dragapult-ex,0514,dragapult-dusknoir
7,549,p1,2634,alakazam-dudunsparce,0610,alakazam-dudunsparce
7,550,p1,3123,slowking-scr,2532,dragapult-ex
7,551,p2,3602,cynthia-garchomp-ex,2954,festival-lead
7,552,double_loss,0338,dragapult-dusknoir,2432,alakazam-dudunsparce
7,553,tie,1434,slowking-scr,0174,dragapult-blaziken
7,554,p1,2182,alakazam-dudunsparce,1607,dragapult-blaziken
7,555,p1,0207,n-zoroark,0057,alakazam-dudunsparce
7,556,p1,3154,dragapult-ex,1661,n-zoroark
7,557,p2,3005,greninja-ex,1963,ogerpon-meganium-hydrapple
7,558,p1,1624,okidogi-barbaracle,0240,dragapult-blaziken
7,559,p1,0471,dragapult-dusknoir,0099,festival-lead
7,560,p2,3148,dragapult-ex,0184,dragapult-dusknoir
7,561,p2,1014,lillie-clefairy,2217,beedrill-ex-cri
7,562,p1,3240,dragapult-dusknoir,1202,dragapult-blaziken
7,563,p2,0853,beedrill-ex-cri,1966,alakazam-dudunsparce
7,564,p2,2073,dragapult-ex,0280,kangaskhan-bouffalant
7,565,p1,3312,dragapult-dusknoir,2694,archaludon-dudunsparce
7,566,p2,1591,n-zoroark,0281,dragapult-ex
7,567,p1,1131,dragapult-ex,3440,dragapult-dusknoir
7,568,p2,3515,dragapult-ex,1010,crustle-dri
7,569,p1,2137,dragapult-ex,2827,lucario-hariyama
7,570,p2,0263,dragapult-ex,3092,dragapult-ex
7,571,p2,2691,dragapult-dusknoir,1097,dragapult-dusknoir
7,572,p1,0858,dragapult-ex,1144,dragapult-ex
7,573,p2,0814,archaludon-dudunsparce,0563,n-zoroark
7,574,p1,1596,dragapult-ex,3349,dragapult-dusknoir
7,575,p2,0189,dragapult-ex,2523,lucario-hariyama
7,576,p1,1989,dragapult-ex,1199,mega-greninja-ex
7,577,p1,3327,dragapult-ex,2723,dragapult-ex
7,578,p1,2933,slowking-scr,1280,crustle-dri
7,579,p2,0506,dragapult-blaziken,2652,festival-lead
7,580,p2,2355,dragapult-ex,3330,raging-bolt-ogerpon
7,581,p2,0686,ogerpon-meganium-hydrapple,3114,dragapult-ex
7,582,p2,1660,crustle-dri,0017,dragapult-dusknoir
7,583,p1,1134,slowking-scr,2565,raging-bolt-ogerpon
7,584,p2,3183,dragapult-dusknoir,3424,n-zoroark
7,585,p2,2819,lucario-hariyama,0567,dragapult-ex
7,586,p2,2449,festival-lead,2411,okidogi-barbaracle
7,587,p1,1204,n-zoroark,2566,basic-box-m
7,588,p1,0048,basic-box-m,0310,alakazam-dudunsparce
7,589,tie,2525,dragapult-ex,1058,rockets-honchkrow
7,590,p1,2962,beedrill-ex-cri,3744,rocket-mewtwo-ex
7,591,p2,3095,lopunny-dudunsparce,1557,dragapult-ex
7,592,p1,2146,slowking-scr,2135,basic-box-m
7,593,p2,0781,lopunny-dudunsparce,2058,dragapult-froslass
7,594,p2,0352,slowking-scr,2010,alakazam-dudunsparce
7,595,p2,2696,crustle-dri,0555,crustle-dri
7,596,p1,3037,alakazam-dudunsparce,0077,alakazam-dudunsparce
7,597,p1,2670,ogerpon-meganium-hydrapple,1747,beedrill-ex-cri
7,598,p2,3591,dragapult-dusknoir,3322,dragapult-ex
7,599,p1,1054,dragapult-dusknoir,0968,dragapult-dusknoir
7,600,p1,0734,lucario-hariyama,3168,crustle-dri
7,601,p1,3391,basic-box-m,1186,alakazam-dudunsparce
7,602,p1,2322,dragapult-ex,3706,dragapult-dusknoir
7,603,p1,1818,dragapult-dusknoir,0420,dragapult-ex
7,604,p2,2139,mega-greninja-ex,2456,n-zoroark
7,605,p1,3398,dragapult-ex,0883,ogerpon-meganium-hydrapple
7,606,p2,2991,alakazam-dudunsparce,0083,alakazam-dudunsparce
7,607,p1,3043,dragapult-ex,2750,ogerpon-meganium-hydrapple
7,608,p1,3575,crustle-dri,0063,dragapult-dusknoir
7,609,p2,2063,raging-bolt-ogerpon,0919,crustle-dri
7,610,p1,2260,alakazam-dudunsparce,0502,dragapult-blaziken
7,611,p1,3297,dragapult-dusknoir,1733,hops-trevenant
7,612,p1,0033,dragapult-ex,2029,alakazam-dudunsparce
7,613,p2,1707,rocket-mewtwo-ex,1301,ogerpon-meganium-hydrapple
7,614,tie,0716,dragapult-ex,0720,raging-bolt-ogerpon
7,615,p2,2107,rockets-honchkrow,2218,dragapult-ex
7,616,p1,3215,hops-trevenant,2613,beedrill-ex-cri
7,617,p1,1013,mega-greninja-ex,1466,n-zoroark
7,618,p2,0360,dragapult-dusknoir,3471,mega-greninja-ex
7,619,p1,2923,n-zoroark,3405,raging-bolt-ogerpon
7,620,p2,3462,slowking-scr,0872,dragapult-ex
7,621,tie,0277,ogerpon-meganium-hydrapple,3417,dragapult-ex
7,622,p1,3678,ogerpon-meganium-hydrapple,1307,alakazam-dudunsparce
7,623,p1,0443,ogerpon-meganium-hydrapple,2720,dragapult-ex
7,624,p1,0002,alakazam-dudunsparce,3572,festival-lead
7,625,p2,3149,mega-greninja-ex,2342,ogerpon-meganium-hydrapple
7,626,p2,3046,dragapult-ex,3483,n-zoroark
7,627,p1,2140,dragapult-dusknoir,3053,n-zoroark
7,628,p2,0108,dragapult-dudunsparce,2499,dragapult-dusknoir
7,629,p2,3061,flareon-noctowl,1634,festival-lead
7,630,p2,2325,dragapult-ex,2649,dragapult-ex
7,631,p2,2957,raging-bolt-ogerpon,1205,rockets-honchkrow
7,632,p1,2626,dragapult-ex,2196,ethan-typhlosion
7,633,p1,1298,lopunny-dudunsparce,1775,dragapult-ex
7,634,p1,2489,dragapult-ex,3453,ogerpon-meganium-hydrapple
7,635,p2,1674,n-zoroark,2241,ogerpon-meganium-hydrapple
7,636,p1,2228,ogerpon-meganium-hydrapple,1587,raging-bolt-ogerpon
7,637,tie,1799,n-zoroark,0267,crustle-dri
7,638,p1,0823,dragapult-ex,1813,dragapult-ex
7,639,p2,3565,n-zoroark,0708,n-zoroark
7,640,p1,0221,dragapult-ex,0860,dragapult-dusknoir
7,641,p2,2662,basic-box-m,3269,dragapult-ex
7,642,p2,0440,dragapult-ex,2220,n-zoroark
7,643,p1,0384,mega-lucario-ex,3000,dragapult-ex
7,644,p1,1222,dragapult-ex,0397,dragapult-dusknoir
7,645,p1,1193,dragapult-ex,0195,slowking-scr
7,646,p2,2622,alakazam-dudunsparce,1276,dragapult-blaziken
7,647,p1,2945,raging-bolt-ogerpon,0935,rocket-mewtwo-ex
7,648,p2,1827,alakazam-dudunsparce,0941,raging-bolt-ogerpon
7,649,p1,1446,rockets-honchkrow,0043,dragapult-dusknoir
7,650,p2,1096,dragapult-ex,1306,dragapult-ex
7,651,p2,1792,ogerpon-meganium-hydrapple,2436,festival-lead
7,652,p1,1665,n-zoroark,2872,dragapult-dusknoir
7,653,p2,1402,raging-bolt-ogerpon,2345,lucario-hariyama
7,654,p2,3083,ogerpon-meganium-hydrapple,3525,rockets-honchkrow
7,655,p1,1409,slowking-scr,0076,dragapult-blaziken
7,656,p2,1970,dragapult-ex,2299,dragapult-ex
7,657,tie,0771,dragapult-ex,1740,ogerpon-meganium-hydrapple
7,658,p2,0485,n-zoroark,3253,festival-lead
7,659,p1,2797,dragapult-ex,0824,ogerpon-meganium-hydrapple
7,660,p2,0891,rocket-mewtwo-ex,0615,dragapult-ex
7,661,p2,2876,hops-trevenant,2485,dragapult-blaziken
7,662,p2,0782,dragapult-blaziken,2604,rockets-honchkrow
7,663,p2,3354,beedrill-ex-cri,1574,lopunny-dudunsparce
7,664,p2,1566,dragapult-blaziken,1870,basic-box-m
7,665,p1,0601,crustle-dri,1751,basic-box-m
7,666,tie,1277,dragapult-ex,3212,rockets-honchkrow
7,667,p2,3198,starmie-dusknoir,1028,mega-venusaur-ex
7,668,p2,2076,dragapult-ex,2479,n-zoroark
7,669,p2,1370,dragapult-dusknoir,1451,dragapult-ex
7,670,p1,1238,dragapult-ex,1317,dragapult-dudunsparce
7,671,p1,1105,joltik-box,3531,dragapult-dusknoir
7,672,p1,3116,dragapult-ex,0613,n-zoroark
7,673,p2,0166,dragapult-dusknoir,1044,basic-box-m
7,674,p1,2514,dragapult-ex,1686,mega-lucario-ex
7,675,p1,2942,beedrill-ex-cri,3087,n-zoroark
7,676,p1,0435,dragapult-ex,2397,dragapult-ex
7,677,tie,3022,alakazam-dudunsparce,1884,starmie-froslass
7,678,p1,1080,hops-trevenant,1601,alakazam-dudunsparce
7,679,p2,1810,dragapult-dusknoir,2214,dragapult-dusknoir
7,680,p1,2553,dragapult-ex,0910,dragapult-blaziken
7,681,p1,0925,dragapult-dusknoir,3118,dragapult-ex
7,682,p2,1522,mega-absol-box,1041,slowking-scr
7,683,p2,1824,dragapult-dusknoir,2492,dragapult-ex
7,684,p2,2710,dragapult-blaziken,0132,dragapult-ex
7,685,p1,1867,dragapult-blaziken,0197,hops-trevenant
7,686,p1,0295,dragapult-dusknoir,2480,raging-bolt-ogerpon
7,687,p1,2663,dragapult-ex,2814,n-zoroark
7,688,p2,1123,ogerpon-meganium-hydrapple,1428,dragapult-blaziken
7,689,p1,1299,mega-greninja-ex,2953,mega-greninja-ex
7,690,p1,3135,slowking-scr,1224,dragapult-dusknoir
7,691,p2,2925,ogerpon-meganium-hydrapple,1492,rocket-mewtwo-ex
7,692,p1,1758,beedrill-ex-cri,1887,mega-greninja-ex
7,693,p2,2897,alakazam-dudunsparce,1742,dragapult-ex
7,694,p2,2908,lucario-hariyama,2051,lillie-clefairy
7,695,p1,0513,dragapult-ex,3377,dragapult-ex
7,696,p1,0218,dragapult-ex,0069,alakazam-dudunsparce
7,697,p2,0875,ogerpon-meganium-hydrapple,0934,dragapult-ex
7,698,p2,2002,tera-box,0300,slowking-scr
7,699,p2,2635,beedrill-ex-cri,0268,dragapult-dusknoir
7,700,p2,2024,mega-greninja-ex,2587,dragapult-dusknoir
7,701,p2,1563,alakazam-dudunsparce,1323,dragapult-ex
7,702,p2,3734,alakazam-dudunsparce,0442,alakazam-dudunsparce
7,703,p2,3445,dragapult-dusknoir,0179,dragapult-ex
7,704,p2,2464,ogerpon-meganium-hydrapple,2000,dragapult-ex
7,705,p1,0014,dragapult-ex,1538,mega-venusaur-ex
7,706,p2,2636,ogerpon-meganium-hydrapple,3298,dragapult-ex
7,707,p2,0520,rockets-honchkrow,2759,dragapult-dudunsparce
7,708,p2,3373,dragapult-ex,1450,dragapult-ex
7,709,p1,1676,dragapult-dusknoir,2677,dragapult-blaziken
7,710,p2,1572,dragapult-blaziken,1335,dragapult-ex
7,711,p1,2623,rockets-honchkrow,2104,rocket-mewtwo-ex
7,712,p2,3493,ogerpon-meganium-hydrapple,1022,dragapult-ex
7,713,p2,1866,dragapult-ex,2973,rockets-honchkrow
7,714,p1,0523,dragapult-blaziken,2550,?metagross
7,715,p1,2857,dragapult-ex,1579,dragapult-ex
7,716,p2,1755,dragapult-ex,1232,n-zoroark
7,717,p2,0262,beedrill-ex-cri,0312,festival-lead
7,718,p2,0330,raging-bolt-ogerpon,3513,dragapult-ex
7,719,p1,2629,mega-lucario-ex,2810,basic-box-m
7,720,p2,1256,rocket-mewtwo-ex,2360,dragapult-froslass
7,721,p1,0675,dragapult-dusknoir,0037,hops-trevenant
7,722,p1,0962,dragapult-dusknoir,0453,n-zoroark
7,723,tie,0886,grimmsnarl-froslass,3066,slowking-scr
7,724,p1,2832,mega-greninja-ex,0696,raging-bolt-ogerpon
7,725,p1,2245,dragapult-dusknoir,2507,dragapult-blaziken
7,726,p1,0847,ogerpon-meganium-hydrapple,0101,ogerpon-meganium-hydrapple
7,727,p1,3211,crustle-dri,1981,dragapult-dusknoir
7,728,p2,1735,mega-greninja-ex,1454,dragapult-blaziken
7,729,p1,1315,rockets-honchkrow,1067,lucario-hariyama
7,730,p1,0353,crustle-dri,0339,slowking-scr
7,731,p2,0985,dragapult-blaziken,2902,dragapult-dusknoir
7,732,p1,1312,dragapult-ex,2883,lopunny-dudunsparce
7,733,p1,2871,crustle-dri,1737,beedrill-ex-cri
7,734,p1,0825,dragapult-ex,1540,raging-bolt-ogerpon
7,735,p1,0401,festival-lead,2964,mega-lucario-ex
7,736,p1,2257,dragapult-dusknoir,3590,n-zoroark
7,737,p2,2540,starmie-dusknoir,0731,ogerpon-meganium-hydrapple
7,738,tie,0604,rockets-honchkrow,0956,ogerpon-meganium-hydrapple
7,739,p2,2765,dragapult-ex,3070,dragapult-dusknoir
7,740,p1,0695,slowking-scr,1352,dragapult-ex
7,741,p1,2967,alakazam-dudunsparce,3719,dragapult-blaziken
7,742,p1,0202,dragapult-ex,2206,raging-bolt-ogerpon
7,743,p2,3035,raging-bolt-ogerpon,0332,alakazam-dudunsparce
7,744,p1,3132,lucario-hariyama,2502,n-zoroark
7,745,p1,2156,hops-trevenant,1228,dragapult-dusknoir
7,746,p1,1551,mega-greninja-ex,0230,crustle-dri
7,747,p2,1614,festival-lead,2421,lillie-clefairy
7,748,p2,0345,crustle-dri,0127,alakazam-dudunsparce
7,749,p1,3064,lucario-hariyama,0755,ogerpon-meganium-hydrapple
7,750,p1,2671,beedrill-ex-cri,3465,hops-trevenant
7,751,p1,2314,rockets-honchkrow,2695,other
7,752,p2,0864,dragapult-ex,3585,cynthia-garchomp-ex
7,753,p1,0854,dragapult-blaziken,0690,alakazam-dudunsparce
7,754,p2,1138,ogerpon-meganium-arboliva,1136,dragapult-blaziken
7,755,p1,2752,mega-lucario-ex,3528,dragapult-ex
7,756,p2,2142,mega-greninja-ex,3550,dragapult-ex
7,757,p1,1396,ogerpon-meganium-hydrapple,0110,lopunny-dudunsparce
7,758,p2,1546,cynthia-garchomp-ex,0021,festival-lead
7,759,tie,2391,lopunny-dudunsparce,1625,dragapult-blaziken
7,760,p1,2774,ogerpon-meganium-hydrapple,2118,ogerpon-meganium-hydrapple
7,761,p1,3007,slowking-scr,2843,starmie-froslass
7,762,p1,1153,dragapult-dudunsparce,2658,slowking-scr
7,763,tie,1129,ogerpon-meganium-hydrapple,0322,dragapult-dusknoir
7,764,p1,1666,lucario-hariyama,1817,dragapult-ex
7,765,p2,0284,dragapult-ex,1263,dragapult-ex
7,766,p2,0574,festival-lead,2336,ogerpon-meganium-hydrapple
7,767,p2,0564,dragapult-ex,2520,lillie-clefairy
7,768,p1,0899,mega-greninja-ex,1997,?metagross
7,769,p2,0346,mega-lucario-ex,2054,dragapult-dusknoir
7,770,p1,2003,starmie-froslass,3592,festival-lead
7,771,p1,0843,dragapult-ex,0172,ogerpon-meganium-hydrapple
7,772,p1,0303,alakazam-dudunsparce,2615,starmie-dusknoir
7,773,p1,1621,dragapult-ex,1883,dragapult-dusknoir
7,774,p2,0821,cynthia-garchomp-ex,0269,raging-bolt-ogerpon
7,775,p2,3031,dragapult-ex,1568,dragapult-dusknoir
7,776,p1,1344,alakazam-dudunsparce,1835,raging-bolt-ogerpon
7,777,tie,2704,dragapult-ex,1408,slowking-scr
7,778,p2,0379,slowking-scr,3019,dragapult-dudunsparce
7,779,p2,3219,dragapult-ex,1469,crustle-dri
7,780,tie,1056,dragapult-dusknoir,3232,dragapult-ex
7,781,p1,2937,dragapult-dusknoir,0433,alakazam-dudunsparce
7,782,p1,1470,ogerpon-meganium-hydrapple,2069,raging-bolt-ogerpon
7,783,p2,0256,dragapult-dusknoir,0838,dragapult-ex
7,784,p1,1650,dragapult-dusknoir,1535,slowking-scr
7,785,p1,1018,ogerpon-meganium-hydrapple,0008,hops-trevenant
7,786,p2,1087,slowking-scr,3167,n-zoroark
7,787,p2,1796,lucario-hariyama,1581,palafin-ex
7,788,p2,0472,dragapult-dusknoir,0094,festival-lead
7,789,p2,2047,dragapult-dusknoir,2630,mega-greninja-ex
7,790,p1,0789,dragapult-dusknoir,1633,dragapult-ex
7,791,p2,2838,starmie-dusknoir,0023,dragapult-dusknoir
7,792,p2,3315,?metagross,0117,starmie-dusknoir
7,793,tie,0862,crustle-dri,1055,n-zoroark
7,794,p1,0744,dragapult-ex,0624,alakazam-dudunsparce
7,795,p2,0551,alakazam-dudunsparce,3549,alakazam-dudunsparce
7,796,p2,1049,basic-box-m,2685,lucario-hariyama
7,797,p1,0539,raging-bolt-ogerpon,1347,dragapult-dusknoir
7,798,p1,3586,slowking-scr,0141,beedrill-ex-cri
7,799,p2,3537,dragapult-ex,3084,dragapult-dusknoir
7,800,p1,2549,mega-absol-box,3169,basic-box-m
7,801,tie,1448,raging-bolt-ogerpon,2796,slowking-scr
7,802,p1,1620,alakazam-dudunsparce,1208,slowking-scr
7,803,p2,0798,dragapult-blaziken,3578,dragapult-ex
7,804,p2,3235,?metagross,0425,?metagross
7,805,p1,1475,festival-lead,2169,dragapult-ex
7,806,p2,0730,hops-trevenant,1368,dragapult-dusknoir
7,807,tie,1880,n-zoroark,3335,cynthia-garchomp-ex
7,808,p1,1944,mega-lucario-ex,1512,dragapult-ex
7,809,p1,2006,ogerpon-meganium-hydrapple,1216,slowking-scr
7,810,p1,3160,raging-bolt-ogerpon,0984,beedrill-ex-cri
7,811,p1,0545,raging-bolt-ogerpon,1846,dragapult-dusknoir
7,812,p2,3389,ogerpon-meganium-hydrapple,2181,dragapult-ex
7,813,p1,3556,slowking-scr,3307,dragapult-ex
7,814,p2,1941,dragapult-dusknoir,3184,dragapult-dusknoir
7,815,p2,3508,slowking-scr,1421,dragapult-dusknoir
7,816,p1,2718,dragapult-dusknoir,1972,dragapult-dusknoir
7,817,p2,2521,dragapult-ex,2203,slowking-scr
7,818,p1,1575,slowking-scr,0081,beedrill-ex-cri
7,819,p2,1078,kangaskhan-bouffalant,1790,slowking-scr
7,820,p1,0426,ceruledge-ex,2337,diancie-dusknoir
7,821,p2,3238,dragapult-dusknoir,0266,dragapult-ex
7,822,p1,2811,crustle-dri,2392,raging-bolt-ogerpon
7,823,tie,3334,dragapult-ex,1932,rocket-mewtwo-ex
7,824,p1,2509,dragapult-blaziken,2101,lillie-clefairy
7,825,p2,1285,alakazam-dudunsparce,2409,dragapult-ex
7,826,p2,2745,basic-box-m,0432,raging-bolt-ogerpon
7,827,p1,0655,n-zoroark,2030,dragapult-dusknoir
7,828,p2,0879,lucario-hariyama,3502,festival-lead
7,829,p2,1589,dragapult-ex,1036,festival-lead
7,830,p1,3071,dragapult-dusknoir,0131,mega-greninja-ex
7,831,p1,2946,basic-box-m,1491,dragapult-dusknoir
7,832,p2,1717,ogerpon-meganium-hydrapple,0151,mega-lucario-ex
7,833,p1,1426,dragapult-dusknoir,2121,festival-lead
7,834,p2,3673,ogerpon-meganium-hydrapple,1994,dragapult-dusknoir
7,835,tie,0421,dragapult-ex,1488,dragapult-dusknoir
7,836,p2,0794,beedrill-ex-cri,2916,dragapult-dudunsparce
7,837,p2,2935,dragapult-ex,3352,dragapult-ex
7,838,p2,0835,dragapult-ex,3244,?metagross
7,839,p2,0728,raging-bolt-ogerpon,0020,dragapult-ex
7,840,p1,2417,slowking-scr,2246,dragapult-ex
7,841,p1,3579,dragapult-dusknoir,0095,n-zoroark
7,842,p2,0807,ogerpon-meganium-hydrapple,2543,dragapult-dusknoir
7,843,p1,3543,dragapult-ex,0657,dragapult-dusknoir
7,844,p1,3357,cynthia-garchomp-ex,1111,rockets-honchkrow
7,845,p1,2874,lopunny-dudunsparce,1100,dragapult-ex
7,846,p2,3438,dragapult-ex,2875,dragapult-dusknoir
7,847,p1,2399,dragapult-dusknoir,0631,ogerpon-meganium-hydrapple
7,848,p2,3524,rocket-mewtwo-ex,3161,beedrill-ex-cri
7,849,p1,3535,ceruledge-ex,1951,n-zoroark
7,850,p1,1173,dragapult-ex,0845,dragapult-dudunsparce
7,851,p2,0549,raging-bolt-ogerpon,0067,tera-box
7,852,p2,2081,alakazam-dudunsparce,0196,dragapult-ex
7,853,p2,2265,alakazam-dudunsparce,1160,mega-lucario-ex
7,854,p1,0072,crustle-dri,3458,mega-greninja-ex
7,855,p1,2823,dragapult-ex,2732,dragapult-ex
7,856,p1,3228,mega-lucario-ex,2162,dragapult-ex
7,857,p2,0086,joltik-box,2640,lucario-hariyama
7,858,p1,2219,basic-box-m,0204,dragapult-ex
7,859,p2,2152,basic-box-m,2518,ogerpon-meganium-hydrapple
7,860,p1,2807,dragapult-ex,2970,dragapult-dusknoir
7,861,p1,0535,rockets-honchkrow,3395,mega-greninja-ex
7,862,p1,2567,mega-venusaur-ex,2929,lopunny-dudunsparce
7,863,p1,1458,dragapult-dusknoir,0214,ceruledge-ex
7,864,p2,2996,other,0688,basic-box-m
7,865,p1,2221,beedrill-ex-cri,3396,beedrill-ex-cri
7,866,p1,1788,dragapult-ex,1605,dragapult-ex
7,867,tie,0140,ogerpon-meganium-hydrapple,2317,?metagross
7,868,p2,1171,alakazam-dudunsparce,2882,dragapult-dusknoir
7,869,p1,2805,dragapult-ex,1203,rockets-honchkrow
7,870,p1,1000,ogerpon-meganium-hydrapple,1487,rockets-honchkrow
7,871,p1,0951,dragapult-dusknoir,2161,cynthia-garchomp-ex
7,872,p2,2597,n-zoroark,1009,cynthia-garchomp-ex
7,873,p2,0870,lopunny-dudunsparce,1680,greninja-ex
7,874,p1,2229,n-zoroark,0974,raging-bolt-ogerpon
7,875,p2,0758,beedrill-ex-cri,2287,other
7,876,p2,1920,dragapult-blaziken,0809,dragapult-ex
7,877,p2,0738,rockets-honchkrow,1683,dragapult-blaziken
7,878,p2,1310,crustle-dri,2477,dragapult-ex
7,879,tie,3150,lopunny-dudunsparce,3584,dragapult-ex
7,880,tie,2826,dragapult-ex,0075,dragapult-ex
7,881,p2,2968,dragapult-dusknoir,0441,archaludon-ex
7,882,tie,3685,rocket-spidops,1638,?metagross
7,883,p1,1785,crustle-dri,0988,ceruledge-ex
7,884,p1,0164,ogerpon-meganium-hydrapple,2733,dragapult-dudunsparce
7,885,p2,0482,dragapult-ex,0712,dragapult-ex
7,886,p2,0667,dragapult-blaziken,0587,slowking-scr
7,887,p1,3050,slowking-scr,2451,n-zoroark
7,888,p2,1281,dragapult-blaziken,3344,festival-lead
7,889,p2,2274,rocket-mewtwo-ex,2860,dragapult-ex
7,890,p1,3457,n-zoroark,2601,crustle-dri
7,891,tie,1869,crustle-dri,1387,dragapult-blaziken
7,892,p2,2647,alakazam-dudunsparce,0999,dragapult-ex
7,893,p1,2400,dragapult-blaziken,3484,dragapult-dusknoir
7,894,tie,1628,dragapult-ex,1868,hops-trevenant
7,895,p2,1530,beedrill-ex-cri,0011,raging-bolt-ogerpon
7,896,p2,1128,mega-lucario-ex,3077,?metagross
7,897,tie,1413,raging-bolt-ogerpon,1339,slowking-scr
7,898,p1,3270,dragapult-ex,0082,dragapult-ex
7,899,p1,0532,lillie-clefairy,3039,basic-box-m
7,900,tie,2318,dragapult-ex,2272,grimmsnarl-froslass
7,901,p2,0598,festival-lead,2530,alakazam-dudunsparce
7,902,p2,0911,other,0867,festival-lead
7,903,p1,3475,hops-trevenant,1506,dragapult-dusknoir
7,904,p2,0583,starmie-dusknoir,1734,dragapult-dusknoir
7,905,p1,2303,tera-box,3677,other
7,906,p1,1279,tera-box,0757,ogerpon-meganium-hydrapple
7,907,p1,1156,dragapult-dusknoir,2512,basic-box-m
7,908,p2,0282,n-zoroark,2359,dragapult-dudunsparce
7,909,p2,3605,n-zoroark,2815,n-zoroark
7,910,p1,1377,hops-trevenant,3055,alakazam-dudunsparce
7,911,p1,1732,n-zoroark,2740,basic-box-m
7,912,p1,1695,alakazam-dudunsparce,0001,slowking-scr
7,913,p2,3562,dragapult-ex,0340,dragapult-dusknoir
7,914,p1,2995,crustle-dri,3319,dragapult-dusknoir
7,915,p2,1496,mega-lucario-ex,1142,alakazam-dudunsparce
7,916,p2,1418,alakazam-dudunsparce,2657,dragapult-ex
7,917,p2,1305,dragapult-dusknoir,2804,dragapult-blaziken
7,918,p1,2952,dragapult-dusknoir,0519,ogerpon-meganium-hydrapple
7,919,p1,1478,ethan-typhlosion,2327,slowking-scr
7,920,p1,0025,okidogi-barbaracle,1274,rocket-mewtwo-ex
7,921,p2,2889,alakazam-dudunsparce,1703,?metagross
7,922,p2,1767,hops-trevenant,1779,dragapult-blaziken
7,923,p1,3117,slowking-scr,2183,lopunny-dudunsparce
7,924,p2,1709,archaludon-dudunsparce,2323,dragapult-ex
7,925,p1,0146,basic-box-m,3523,eelektrik-blk
7,926,p1,1397,?metagross,0362,dragapult-blaziken
7,927,p2,3284,dragapult-ex,0682,alakazam-dudunsparce
7,928,p1,2187,festival-lead,0488,dragapult-ex
7,929,p2,2638,alakazam-dudunsparce,1447,dragapult-dusknoir
7,930,p2,3234,rockets-honchkrow,2248,hops-trevenant
7,931,p2,0687,raging-bolt-ogerpon,2065,crustle-dri
7,932,p2,0097,dragapult-blaziken,0377,dragapult-blaziken
7,933,p1,2343,dragapult-blaziken,0439,tera-box
7,934,p1,1334,rockets-honchkrow,1982,dragapult-ex
7,935,p1,3742,n-zoroark,0800,basic-box-m
7,936,p1,1978,dragapult-ex,0641,rockets-honchkrow
7,937,p2,2516,mega-greninja-ex,2993,hops-trevenant
7,938,p2,2596,ogerpon-meganium-hydrapple,0229,alakazam-dudunsparce
7,939,p2,0177,dragapult-dusknoir,3728,alakazam-dudunsparce
7,940,tie,1116,alakazam-dudunsparce,2592,ogerpon-meganium-hydrapple
7,941,tie,3384,beedrill-ex-cri,2275,rocket-mewtwo-ex
7,942,p1,0350,starmie-dusknoir,2693,dragapult-ex
7,943,p1,1092,ogerpon-meganium-hydrapple,1480,crustle-dri
7,944,p2,3700,mega-greninja-ex,1085,ethan-typhlosion
7,945,p1,1834,dragapult-dusknoir,0893,alakazam-dudunsparce
7,946,p2,3618,diancie-dusknoir,2977,alakazam-dudunsparce
7,947,p2,1350,dragapult-ex,0271,dragapult-ex
7,948,p1,2021,dragapult-ex,1895,rockets-honchkrow
7,952,p1,2648,ogerpon-meganium-hydrapple,1904,starmie-froslass
7,953,p1,1906,slowking-scr,1517,ethan-typhlosion
7,954,p1,2599,festival-lead,0209,dragapult-dusknoir
7,955,p1,0869,ogerpon-meganium-hydrapple,1909,mega-greninja-ex
7,956,p1,1911,ogerpon-meganium-hydrapple,2994,mega-greninja-ex
7,957,p1,0007,dragapult-dusknoir,2621,dragapult-ex
7,961,p2,0939,alakazam-dudunsparce,1922,basic-box-m
7,962,p2,1923,rockets-honchkrow,1363,dragapult-ex
7,964,p2,1927,raging-bolt-ogerpon,1802,slowking-scr
7,966,p2,1836,ethan-typhlosion,2020,lillie-clefairy
7,967,p1,1934,alakazam-dudunsparce,2225,dragapult-ex
7,968,p2,1935,dragapult-dusknoir,0087,hops-trevenant
7,969,p1,3311,mega-absol-box,0392,rockets-honchkrow
7,970,p1,1332,n-zoroark,2798,lopunny-dudunsparce
7,971,p1,2071,raging-bolt-ogerpon,2354,dragapult-dudunsparce
7,972,p1,1760,ethan-typhlosion,1411,rocket-mewtwo-ex
7,973,p2,0372,ogerpon-meganium-hydrapple,2445,slowking-scr
7,974,p1,2357,slowking-scr,2167,alakazam-dudunsparce
7,975,tie,3296,dragapult-dusknoir,3107,dragapult-blaziken
7,976,p1,2132,raging-bolt-ogerpon,2133,dragapult-blaziken
7,977,p1,1236,?metagross,1690,lucario-hariyama
7,978,p1,0726,starmie-froslass,0627,rocket-mewtwo-ex
7,979,p1,2574,dragapult-ex,3034,raging-bolt-ogerpon
7,980,tie,0992,ogerpon-meganium-hydrapple,0799,dragapult-ex
7,981,p2,2080,basic-box-m,3514,dragapult-dusknoir
7,982,p1,2948,dragapult-blaziken,3412,crustle-dri
7,983,p1,1353,dragapult-ex,1264,dragapult-ex
7,984,p2,1781,crustle-dri,0343,ogerpon-meganium-hydrapple
7,985,p1,1969,dragapult-ex,2455,?metagross
7,986,p2,3428,mega-greninja-ex,2239,n-zoroark
7,987,p1,1885,mega-greninja-ex,2295,alakazam-dudunsparce
7,988,p1,2056,alakazam-dudunsparce,1378,hops-trevenant
7,989,p2,3054,starmie-froslass,0702,archaludon-dudunsparce
7,990,tie,1896,rocket-mewtwo-ex,1771,dragapult-ex
7,991,p2,0225,dragapult-ex,2585,crustle-dri
7,992,tie,1320,dragapult-blaziken,0715,dragapult-ex
7,993,tie,0538,dragapult-ex,3275,dragapult-dusknoir
7,994,p2,1004,slowking-scr,2680,kangaskhan-bouffalant
7,995,p2,0767,starmie-dusknoir,0064,beedrill-ex-cri
7,996,p1,2437,dragapult-ex,2748,dragapult-ex
7,997,p1,1993,rocket-mewtwo-ex,0614,dragapult-blaziken
7,998,p1,0759,festival-lead,2324,diancie-dusknoir
7,999,p2,0370,?metagross,1590,dragapult-ex
7,1000,p1,2244,hops-trevenant,2267,n-zoroark
7,1001,p1,2775,raging-bolt-ogerpon,1133,dragapult-ex
7,1002,p1,2414,alakazam-dudunsparce,1721,slowking-scr
7,1003,p1,2263,dragapult-blaziken,0296,ogerpon-meganium-hydrapple
7,1004,p2,0429,crustle-dri,2007,ogerpon-meganium-hydrapple
7,1005,p1,3450,ogerpon-meganium-hydrapple,3304,other
7,1008,p2,2016,dragapult-ex,1376,ogerpon-meganium-hydrapple
7,1009,p1,2261,dragapult-dusknoir,2017,lucario-hariyama
7,1010,p2,2019,dragapult-dusknoir,0596,alakazam-dudunsparce
7,1011,p1,0071,dragapult-ex,2022,alakazam-dudunsparce
7,1012,p2,1862,other,2023,dragapult-ex
7,1013,p1,1990,dragapult-ex,2736,dragapult-blaziken
7,1014,tie,2620,dragapult-blaziken,0760,dragapult-ex
7,1015,p2,3121,beedrill-ex-cri,1337,rockets-honchkrow
7,1016,tie,2703,dragapult-ex,2644,beedrill-ex-cri
7,1017,p2,0837,mega-absol-box,1584,mega-greninja-ex
7,1018,p1,3564,dragapult-ex,1838,n-zoroark
7,1019,p1,2488,alakazam-dudunsparce,2650,alakazam-dudunsparce
7,1020,p2,0673,n-zoroark,2039,yanmega-ex
7,1021,p1,2042,alakazam-dudunsparce,0278,mega-greninja-ex
7,1023,p1,1583,lillie-clefairy,3506,alakazam-dudunsparce
7,1024,p2,3093,?metagross,1201,rockets-honchkrow
7,1025,p1,3634,rocket-mewtwo-ex,1023,greninja-ex
7,1026,p2,3259,?metagross,2099,lucario-hariyama
7,1027,p1,3231,dragapult-blaziken,3331,dragapult-dusknoir
7,1028,p1,0975,dragapult-blaziken,3625,dragapult-ex
7,1029,p2,1833,?metagross,0163,basic-box-m
7,1030,tie,3733,rocket-mewtwo-ex,3068,rockets-honchkrow
7,1031,tie,1891,ogerpon-meganium-hydrapple,1443,dragapult-blaziken
7,1032,p2,1881,blaziken-zoroark,1725,ogerpon-meganium-hydrapple
7,1035,p2,2068,dragapult-dusknoir,0945,hops-trevenant
7,1037,p1,0400,alakazam-dudunsparce,2072,slowking-scr
7,1038,p2,2074,slowking-scr,2211,lillie-clefairy
7,1040,tie,0503,?metagross,2077,beedrill-ex-cri
7,1041,tie,3532,dragapult-ex,2079,dragapult-ex
7,1043,tie,2084,ogerpon-meganium-hydrapple,3610,ogerpon-meganium-hydrapple
7,1044,p2,1255,ogerpon-meganium-hydrapple,2086,n-zoroark
7,1045,p1,2087,dragapult-dusknoir,2824,lucario-hariyama
7,1046,p2,2090,dragapult-dusknoir,2012,lucario-hariyama
7,1051,p1,2100,dragapult-dusknoir,3358,dragapult-ex
7,1052,p1,1613,ogerpon-meganium-hydrapple,2102,greninja-ex
7,1053,p1,1847,dragapult-ex,2103,cynthia-garchomp-ex
7,1054,p2,1005,basic-box-m,2105,n-zoroark
7,1056,p1,0371,ogerpon-meganium-hydrapple,2390,hops-trevenant
7,1057,p2,2052,dragapult-dusknoir,0028,dragapult-dusknoir
7,1058,p1,3657,rocket-mewtwo-ex,1823,dragapult-ex
7,1059,p2,3449,hydreigon-ex,3473,dragapult-dusknoir
7,1060,p1,1593,dragapult-ex,2842,n-zoroark
7,1061,p2,2482,cynthia-garchomp-ex,1806,alakazam-dudunsparce
7,1062,tie,3295,ethan-typhlosion,2690,n-zoroark
7,1063,tie,1158,diancie-dusknoir,3113,raging-bolt-ogerpon
7,1064,p2,2762,ogerpon-meganium-hydrapple,3699,rockets-honchkrow
7,1065,p2,2705,basic-box-m,0973,rockets-honchkrow
7,1066,tie,1115,starmie-dusknoir,3247,n-zoroark
7,1067,p2,2145,slowking-scr,2387,archaludon-dudunsparce
7,1068,p1,3220,lucario-hariyama,3601,ogerpon-meganium-hydrapple
7,1069,p1,3351,dragapult-dusknoir,1712,mega-lucario-ex
7,1070,p1,0815,dragapult-dudunsparce,1958,starmie-froslass
7,1071,p2,1711,starmie-dusknoir,2013,dragapult-ex
7,1072,p1,0044,crustle-dri,2709,dragapult-dusknoir
7,1073,tie,2868,dragapult-ex,2702,rockets-honchkrow
7,1074,tie,3510,mega-lucario-ex,2376,beedrill-ex-cri
7,1075,p2,3060,starmie-dusknoir,1914,lillie-clefairy
7,1076,p1,1050,n-zoroark,3752,ogerpon-meganium-hydrapple
7,1077,p2,2154,greninja-ex,1573,ogerpon-meganium-hydrapple
7,1078,p1,0091,cynthia-garchomp-ex,1548,ogerpon-meganium-hydrapple
7,1079,p2,2108,hops-trevenant,1894,ogerpon-meganium-hydrapple
7,1080,p2,1603,mega-greninja-ex,3737,mega-froslass-dudunsparce
7,1081,p2,1342,mega-greninja-ex,2616,dragapult-dusknoir
7,1082,p1,3443,n-zoroark,3467,dragapult-ex
7,1083,p1,2972,n-zoroark,0511,ogerpon-meganium-hydrapple
7,1084,p1,0665,raging-bolt-ogerpon,1723,dragapult-ex
7,1085,p2,2157,crustle-dri,2589,alakazam-dudunsparce
7,1086,p2,2428,alakazam-dudunsparce,2853,dragapult-dusknoir
7,1087,p2,0232,starmie-froslass,1757,rockets-honchkrow
7,1088,p1,2497,dragapult-blaziken,1007,mega-greninja-ex
7,1089,p1,1756,dragapult-ex,2307,dragapult-ex
7,1090,p2,2624,dragapult-ex,0321,mega-greninja-ex
7,1091,p2,0157,ogerpon-meganium-hydrapple,3748,starmie-dusknoir
7,1092,p2,1809,raging-bolt-ogerpon,2470,starmie-froslass
7,1093,p1,3478,crustle-dri,1220,dragapult-dusknoir
7,1094,p1,2057,mega-greninja-ex,1953,basic-box-m
7,1095,p1,3581,lopunny-dudunsparce,2538,other
7,1096,p1,3385,dragapult-blaziken,0213,okidogi-barbaracle
7,1097,p2,3694,dragapult-dusknoir,2163,alakazam-dudunsparce
7,1098,p1,2926,crustle-dri,2598,slowking-scr
7,1099,p2,2179,doublade-por,1571,dragapult-blaziken
7,1100,p2,2269,alakazam-dudunsparce,1435,dragapult-ex
7,1101,p1,2233,dragapult-blaziken,0573,crustle-dri
7,1102,p1,3069,dragapult-dusknoir,2757,lopunny-dudunsparce
7,1103,tie,3568,n-zoroark,1251,lopunny-dudunsparce
7,1104,p2,1800,alakazam-dudunsparce,3683,dragapult-ex
7,1105,p2,3750,dragapult-ex,0309,dragapult-ex
7,1106,tie,3026,dragapult-dusknoir,0194,raging-bolt-ogerpon
7,1107,p2,1027,slowking-scr,2053,dragapult-ex
7,1108,p2,0756,rocket-mewtwo-ex,0591,ceruledge-ex
7,1109,p2,1556,ethan-typhlosion,0137,dragapult-dusknoir
7,1110,p2,2844,starmie-dusknoir,0754,raging-bolt-ogerpon
7,1111,p2,1169,dragapult-blaziken,1065,dragapult-blaziken
7,1112,p1,1375,lopunny-dudunsparce,2751,ogerpon-meganium-hydrapple
7,1113,p2,2500,dragapult-dusknoir,1554,rocket-mewtwo-ex
7,1114,p1,3142,alakazam-dudunsparce,2639,beedrill-ex-cri
7,1115,p1,0868,blissey-ex,0996,hops-trevenant
7,1116,p2,0357,?metagross,0255,ogerpon-meganium-hydrapple
7,1117,p2,0275,ethan-typhlosion,2496,mega-greninja-ex
7,1118,p1,3495,dragapult-blaziken,3558,dragapult-dusknoir
7,1119,p2,0785,n-zoroark,0088,slowking-scr
7,1120,p2,0364,raging-bolt-ogerpon,1996,ogerpon-meganium-hydrapple
7,1121,p2,1103,dragapult-blaziken,1871,mega-lucario-ex
7,1122,p1,2913,ceruledge-ex,1918,dragapult-dusknoir
7,1123,p2,3554,n-zoroark,2791,dragapult-blaziken
7,1124,p2,1670,ceruledge-ex,1012,cynthia-garchomp-ex
7,1125,p2,0223,slowking-scr,1832,dragapult-ex
7,1126,p1,3180,starmie-froslass,1060,raging-bolt-ogerpon
7,1127,p1,2983,crustle-dri,0085,raging-bolt-ogerpon
7,1128,p2,0526,alakazam-dudunsparce,0829,dragapult-blaziken
7,1129,p1,3541,dragapult-ex,2254,dragapult-blaziken
7,1131,p2,3369,lopunny-dudunsparce,0190,dragapult-blaziken
7,1132,p2,1188,?metagross,0663,slowking-scr
7,1133,p2,3751,mega-greninja-ex,0301,dragapult-blaziken
7,1134,p1,0724,other,3290,ogerpon-meganium
7,1135,p1,3403,dragapult-ex,0049,mega-greninja-ex
7,1136,p2,2205,alakazam-dudunsparce,2789,other
7,1137,p2,1612,dragapult-ex,2476,dragapult-ex
7,1138,p1,2542,slowking-scr,0834,other
7,1139,p1,0147,other,0638,slowking-scr
7,1140,p2,1257,dragapult-blaziken,1915,rocket-mewtwo-ex
7,1141,p1,0955,n-zoroark,0228,dragapult-ex
7,1142,p2,0447,dragapult-dusknoir,3406,dragapult-ex
7,1143,p2,3708,ceruledge-ex,2300,slowking-scr
7,1144,p1,1240,dragapult-blaziken,1185,mega-greninja-ex
7,1145,p1,0222,mega-lucario-ex,2474,greninja-ex
7,1146,p1,0451,alakazam-dudunsparce,0375,dragapult-ex
7,1147,tie,1534,cynthia-garchomp-ex,1249,?metagross
7,1148,tie,2001,dragapult-ex,0279,dragapult-ex
7,1149,p2,0298,dragapult-ex,3463,dragapult-ex
7,1150,tie,3129,dragapult-blaziken,1112,ogerpon-meganium-hydrapple
7,1152,tie,0743,slowking-scr,0676,dragapult-ex
7,1153,tie,3466,mega-lucario-ex,1830,dragapult-ex
7,1154,p1,2898,dragapult-ex,2344,ogerpon-meganium-hydrapple
7,1155,p2,1547,dragapult-ex,2779,alakazam-dudunsparce
7,1156,p2,0145,dragapult-dusknoir,0193,dragapult-blaziken
7,1157,p1,0062,lopunny-dudunsparce,1432,basic-box-m
7,1158,p2,0914,raging-bolt-ogerpon,0803,crustle-dri
7,1159,p2,1889,dragapult-ex,0191,alakazam-dudunsparce
7,1160,p1,3608,lopunny-dudunsparce,1762,other
7,1161,p2,1763,raging-bolt-ogerpon,1403,n-zoroark
7,1162,p1,2119,slowking-scr,3105,lucario-hariyama
7,1163,p2,2166,mega-venusaur-ex,1212,mega-charizard-x-ex
7,1164,tie,0608,dragapult-dusknoir,2841,mega-venusaur-ex
7,1165,p1,0490,dragapult-dudunsparce,1630,?metagross
7,1166,p1,0562,decidueye-ex,2971,lucario-hariyama
7,1167,p2,3056,mega-manectric-ex-meg,2951,ogerpon-meganium-arboliva
7,1168,p2,1066,lucario-hariyama,1860,alakazam-dudunsparce
7,1169,p2,3291,ogerpon-meganium-hydrapple,0181,raging-bolt-ogerpon
7,1170,p2,2593,n-zoroark,1505,ogerpon-meganium-hydrapple
7,1171,p2,0285,mega-abomasnow-ex,3656,kangaskhan-bouffalant
7,1172,p1,2215,doublade-por,2384,starmie-dusknoir
7,1173,p1,1217,ogerpon-meganium-hydrapple,1289,ogerpon-meganium-hydrapple
7,1174,p2,2165,dragapult-blaziken,2676,dragapult-ex
7,1175,p2,3206,basic-box-m,3538,alakazam-dudunsparce
7,1176,p1,0507,ethan-typhlosion,3687,rocket-mewtwo-ex
7,1177,p2,1146,mega-lucario-ex,1766,mega-greninja-ex
7,1178,p2,3489,greninja-ex,0380,mega-greninja-ex
7,1179,p2,3277,ethan-typhlosion,3461,alakazam-dudunsparce
7,1180,p1,2756,slowking-scr,2730,rocket-mewtwo-ex
7,1181,p1,1399,raging-bolt-ogerpon,0609,dragapult-ex
7,1182,tie,2580,n-zoroark,0750,slowking-scr
7,1183,p2,2155,crustle-dri,2268,dragapult-ex
7,1184,p2,3606,ogerpon-meganium,0430,mega-venusaur-ex
8,1,p1,2083,lillie-clefairy,1346,dragapult-ex
8,2,p1,3130,n-zoroark,3110,ceruledge-ex
8,3,p1,0458,crustle-dri,1048,dragapult-ex
8,4,p2,2216,alakazam-dudunsparce,3422,dragapult-ex
8,5,p2,2373,slowking-scr,1519,crustle-dri
8,6,p2,1227,dragapult-ex,3200,basic-box-m
8,7,tie,0165,alakazam-dudunsparce,0795,dragapult-ex
8,8,p2,2338,dragapult-ex,2408,dragapult-ex
8,9,tie,3488,crustle-dri,3624,dragapult-ex
8,10,p2,2230,basic-box-m,1461,dragapult-dusknoir
8,11,p2,3655,dragapult-ex,0537,crustle-dri
8,12,tie,3209,dragapult-ex,0389,dragapult-ex
8,13,p2,2236,rockets-honchkrow,3670,dragapult-blaziken
8,14,p1,3286,dragapult-ex,0374,dragapult-ex
8,15,p1,2813,dragapult-ex,1431,ogerpon-meganium-hydrapple
8,16,p1,3595,dragapult-ex,3163,basic-box-m
8,17,p2,3196,dragapult-ex,1764,clefairy-ogerpon
8,18,p1,1592,dragapult-ex,3143,dragapult-blaziken
8,19,p1,1182,dragapult-ex,1107,dragapult-dusknoir
8,20,p1,3267,dragapult-ex,0508,alakazam-dudunsparce
8,21,p1,3671,dragapult-blaziken,0290,alakazam-dudunsparce
8,22,tie,1844,crustle-dri,2907,ogerpon-meganium-hydrapple
8,23,p1,1831,dragapult-blaziken,2457,dragapult-ex
8,24,p2,2539,lucario-hariyama,3104,dragapult-ex
8,25,p1,2160,n-zoroark,3721,n-zoroark
8,26,p2,0226,basic-box-m,1924,slowking-scr
8,27,p2,2443,dragapult-ex,3326,dragapult-dusknoir
8,28,p1,3486,dragapult-dusknoir,1015,n-zoroark
8,29,p1,0558,rocket-mewtwo-ex,1965,dragapult-ex
8,30,p2,3271,ogerpon-meganium-hydrapple,0762,dragapult-ex
8,31,p2,0669,dragapult-ex,2114,ogerpon-meganium-hydrapple
8,32,p1,2009,dragapult-ex,0940,festival-lead
8,33,p2,1365,ogerpon-meganium-hydrapple,2901,basic-box-m
8,34,p1,3526,slowking-scr,3696,dragapult-ex
8,35,p1,0015,n-zoroark,1213,dragapult-blaziken
8,36,p2,2401,ogerpon-meganium-hydrapple,2579,dragapult-ex
8,37,p2,1019,dragapult-ex,0126,dragapult-dusknoir
8,38,p2,2231,slowking-scr,3707,dragapult-blaziken
8,39,tie,1497,dragapult-ex,0412,dragapult-ex
8,40,tie,2256,beedrill-ex-cri,0239,dragapult-ex
8,41,p1,3299,slowking-scr,3029,rockets-honchkrow
8,42,p1,3280,n-zoroark,1803,ogerpon-meganium-hydrapple
8,43,p2,1938,cynthia-garchomp-ex,3379,dragapult-ex
8,44,tie,0963,basic-box-m,2689,slowking-scr
8,45,tie,0135,crustle-dri,3049,dragapult-ex
8,46,p1,1743,dragapult-ex,0629,dragapult-ex
8,47,p2,1518,dragapult-ex,1516,crustle-dri
8,48,p1,0368,dragapult-dusknoir,2501,lucario-hariyama
8,49,p1,0004,crustle-dri,2919,dragapult-ex
8,50,tie,1367,dragapult-dusknoir,0175,slowking-scr
8,51,p2,3653,dragapult-dusknoir,2533,raging-bolt-ogerpon
8,52,p1,0942,dragapult-ex,0928,alakazam-dudunsparce
8,53,tie,0697,dragapult-ex,0679,dragapult-ex
8,54,p2,1645,dragapult-blaziken,2633,dragapult-ex
8,55,tie,1611,dragapult-ex,0473,n-zoroark
8,56,p1,0976,dragapult-dusknoir,2310,n-zoroark
8,57,p1,1095,n-zoroark,3254,dragapult-ex
8,58,p2,0489,rockets-honchkrow,2679,dragapult-ex
8,59,tie,1247,crustle-dri,2258,dragapult-ex
8,60,tie,3588,dragapult-dusknoir,2454,crustle-dri
8,61,p2,1949,dragapult-ex,0805,dragapult-ex
8,62,tie,2563,grimmsnarl-froslass,2739,metagross-cri
8,63,tie,2799,crustle-dri,2997,dragapult-ex
8,64,p2,1124,raging-bolt-ogerpon,3532,dragapult-ex
8,65,p2,1463,raging-bolt-ogerpon,1484,grimmsnarl-froslass
8,66,p1,0030,dragapult-ex,2461,ethan-typhlosion
8,67,p1,0950,slowking-scr,3316,alakazam-dudunsparce
8,68,p2,3047,dragapult-ex,0307,crustle-dri
8,69,p1,2809,n-zoroark,2494,dragapult-ex
8,70,p2,0923,dragapult-ex,2608,n-zoroark
8,71,tie,1083,cynthia-garchomp-ex,3431,dragapult-ex
8,72,p1,0869,ogerpon-meganium-hydrapple,2330,dragapult-dusknoir
8,73,p2,0881,rocket-mewtwo-ex,3329,crustle-dri
8,74,p1,0369,alakazam-dudunsparce,1713,grimmsnarl-froslass
8,75,p2,0592,n-zoroark,0188,alakazam-dudunsparce
8,76,tie,3325,starmie-froslass,2836,dragapult-ex
8,77,p2,3162,dragapult-ex,1552,dragapult-ex
8,78,p1,1802,slowking-scr,3658,slowking-scr
8,79,tie,1582,n-zoroark,3221,ethan-typhlosion
8,80,p2,1006,dragapult-blaziken,3208,n-zoroark
8,81,tie,2055,dragapult-dusknoir,2495,dragapult-ex
8,82,p2,0763,dragapult-blaziken,0594,sylveon-pre
8,83,p2,1394,dragapult-ex,1783,dragapult-ex
8,84,p2,2536,basic-box-m,1845,rocket-mewtwo-ex
8,85,p1,3288,raging-bolt-ogerpon,2852,lucario-hariyama
8,86,p2,3100,dragapult-dusknoir,3281,dragapult-ex
8,87,tie,2032,dragapult-blaziken,3637,crustle-dri
8,88,p1,0054,basic-box-m,1971,dragapult-blaziken
8,89,p1,2738,dragapult-ex,0244,dragapult-ex
8,90,p2,2186,lopunny-dudunsparce,0552,dragapult-ex
8,91,p1,1178,basic-box-m,2569,dragapult-ex
8,92,p2,2368,basic-box-m,2562,dragapult-ex
8,93,tie,0871,dragapult-ex,2719,alakazam-dudunsparce
8,94,p1,3560,ogerpon-meganium-hydrapple,1456,dragapult-ex
8,95,p2,3712,dragapult-ex,0464,dragapult-ex
8,96,p2,2891,dragapult-ex,0253,dragapult-ex
8,97,p2,2503,alakazam-dudunsparce,2305,dragapult-ex
8,98,p1,2602,dragapult-dusknoir,0355,kangaskhan-bouffalant
8,99,p2,1710,lillie-clefairy,0167,dragapult-ex
8,100,p2,3622,alakazam-dudunsparce,3409,dragapult-dusknoir
8,101,p1,3140,festival-lead,3303,dragapult-dusknoir
8,102,p1,0483,dragapult-ex,0406,slowking-scr
8,103,p1,3282,dragapult-dusknoir,1948,slowking-scr
8,104,p1,2627,dragapult-ex,2660,dragapult-ex
8,105,p1,0521,crustle-dri,3108,dragapult-dusknoir
8,106,p2,2864,dragapult-dusknoir,2692,crustle-dri
8,107,p2,1214,raging-bolt-ogerpon,0649,hops-trevenant
8,108,p2,0335,mega-greninja-ex,2803,dragapult-ex
8,109,tie,2744,alakazam-dudunsparce,0192,dragapult-ex
8,110,p1,1746,alakazam-dudunsparce,1197,crustle-dri
8,111,p2,2776,dragapult-ex,1848,slowking-scr
8,112,p2,2966,dragapult-blaziken,0817,slowking-scr
8,113,tie,0499,dragapult-ex,3641,dragapult-dusknoir
8,114,p1,0059,crustle-dri,1122,dragapult-ex
8,115,p2,0112,dragapult-ex,1888,alakazam-dudunsparce
8,116,p1,1104,cynthia-garchomp-ex,0416,alakazam-dudunsparce
8,117,p2,1269,basic-box-m,1585,dragapult-ex
8,118,p2,0055,dragapult-ex,0978,festival-lead
8,119,p2,2180,dragapult-blaziken,1847,dragapult-ex
8,120,p2,1578,alakazam-dudunsparce,1291,slowking-scr
8,121,p1,0010,n-zoroark,1651,raging-bolt-ogerpon
8,122,p1,3025,dragapult-ex,1340,dragapult-dusknoir
8,123,p2,1641,raging-bolt-ogerpon,2134,dragapult-ex
8,124,p2,0852,dragapult-dudunsparce,1852,dragapult-dusknoir
8,125,tie,0630,dragapult-ex,3393,n-zoroark
8,126,p2,1445,alakazam-dudunsparce,2402,crustle-dri
8,127,p1,2763,dragapult-ex,0548,dragapult-ex
8,128,p2,1727,festival-lead,1384,dragapult-dusknoir
8,129,tie,3371,dragapult-ex,0231,dragapult-ex
8,130,tie,1348,dragapult-ex,3716,mega-greninja-ex
8,131,p2,1532,dragapult-blaziken,0444,lillie-clefairy
8,132,p2,1854,n-zoroark,1029,n-zoroark
8,133,tie,2831,dragapult-ex,0790,dragapult-ex
8,134,tie,2724,n-zoroark,0946,n-zoroark
8,135,p2,0495,dragapult-dudunsparce,0889,dragapult-ex
8,136,tie,0206,raging-bolt-ogerpon,1816,alakazam-dudunsparce
8,137,p1,3573,alakazam-dudunsparce,3057,basic-box-m
8,138,p1,2004,mega-greninja-ex,2780,lopunny-dudunsparce
8,139,tie,1155,n-zoroark,0124,dragapult-dusknoir
8,140,p1,1544,dragapult-ex,1678,mega-greninja-ex
8,141,p2,2654,raging-bolt-ogerpon,1117,dragapult-ex
8,142,tie,1897,alakazam-dudunsparce,3190,mega-greninja-ex
8,143,p2,2308,basic-box-m,1444,basic-box-m
8,144,tie,0404,dragapult-ex,1166,slowking-scr
8,145,tie,3089,mega-lucario-ex,1349,slowking-scr
8,146,tie,2777,hops-trevenant,3633,ogerpon-meganium-hydrapple
8,147,tie,2682,ogerpon-meganium-hydrapple,3165,lillie-clefairy
8,148,tie,2439,dragapult-ex,0065,alakazam-dudunsparce
8,149,p1,2950,n-zoroark,0661,slowking-scr
8,150,p2,2742,dragapult-blaziken,0319,dragapult-ex
8,151,tie,1333,ogerpon-meganium-hydrapple,2934,n-zoroark
8,152,tie,2213,dragapult-dusknoir,2880,dragapult-ex
8,153,p2,1739,dragapult-dusknoir,0619,crustle-dri
8,154,p1,1457,dragapult-ex,0718,alakazam-dudunsparce
8,155,tie,1623,dragapult-ex,1644,dragapult-ex
8,156,tie,3243,basic-box-m,3481,dragapult-ex
8,157,tie,0325,slowking-scr,3404,alakazam-dudunsparce
8,158,p1,0560,basic-box-m,1021,dragapult-ex
8,159,p2,0283,dragapult-blaziken,0920,ogerpon-meganium-hydrapple
8,160,p1,2922,dragapult-dusknoir,3261,dragapult-ex
8,161,p1,2594,dragapult-ex,1031,beedrill-ex-cri
8,162,tie,2128,cynthia-garchomp-ex,0434,n-zoroark
8,163,tie,3669,dragapult-dusknoir,0235,ogerpon-meganium-hydrapple
8,164,tie,2311,lillie-clefairy,0171,sylveon-pre
8,165,p2,0626,dragapult-dusknoir,1330,basic-box-m
8,166,tie,0160,mega-greninja-ex,0297,n-zoroark
8,167,p1,1483,n-zoroark,3470,dragapult-ex
8,168,p2,0087,hops-trevenant,2618,dragapult-ex
8,169,p1,3577,n-zoroark,3051,dragapult-ex
8,170,p1,0895,dragapult-ex,0476,dragapult-dusknoir
8,171,tie,0293,slowking-scr,3356,basic-box-m
8,172,p2,1609,festival-lead,0849,dragapult-ex
8,173,p2,0983,slowking-scr,2025,dragapult-ex
8,174,tie,2856,rockets-honchkrow,3546,rocket-mewtwo-ex
8,175,p2,0070,ethan-typhlosion,1243,dragapult-ex
8,176,tie,0915,dragapult-ex,1878,dragapult-ex
8,177,p1,0358,ogerpon-meganium-hydrapple,3659,slowking-scr
8,178,tie,2469,raging-bolt-ogerpon,3408,dragapult-ex
8,179,tie,2783,festival-lead,2984,dragapult-ex
8,180,p2,3534,basic-box-m,0286,dragapult-ex
8,181,tie,2043,alakazam-dudunsparce,0315,raging-bolt-ogerpon
8,182,tie,2085,dragapult-dusknoir,3346,dragapult-ex
8,183,p1,2315,dragapult-ex,1250,basic-box-m
8,184,tie,2947,festival-lead,2296,crustle-dri
8,185,tie,2143,n-zoroark,3651,dragapult-ex
8,186,tie,0313,dragapult-ex,1961,dragapult-ex
8,187,tie,2227,n-zoroark,2672,slowking-scr
8,188,p2,1159,basic-box-m,2115,dragapult-dusknoir
8,189,tie,1226,dragapult-ex,1151,dragapult-dusknoir
8,190,tie,2207,ogerpon-meganium-hydrapple,1110,dragapult-ex
8,191,tie,1154,ogerpon-meganium-hydrapple,2758,dragapult-blaziken
8,192,tie,3432,dragapult-ex,2548,raging-bolt-ogerpon
8,193,tie,0534,slowking-scr,3563,dragapult-ex
8,194,p2,1905,slowking-scr,3197,n-zoroark
8,195,p2,2331,dragapult-blaziken,1210,dragapult-dusknoir
8,196,p1,0894,festival-lead,3501,ogerpon-meganium-hydrapple
8,197,tie,1543,basic-box-m,1295,crustle-dri
8,198,p2,1376,ogerpon-meganium-hydrapple,1876,n-zoroark
8,199,tie,1559,raging-bolt-ogerpon,2938,rocket-mewtwo-ex
8,200,p2,1795,dragapult-dusknoir,3594,basic-box-m
8,201,tie,3059,raging-bolt-ogerpon,2743,dragapult-ex
8,202,tie,0960,alakazam-dudunsparce,0863,dragapult-ex
8,203,tie,0797,dragapult-ex,1090,dragapult-ex
8,204,tie,2619,n-zoroark,1706,slowking-scr
8,205,tie,1992,dragapult-ex,1053,slowking-scr
8,206,tie,1663,lopunny-dudunsparce,1338,ogerpon-meganium-hydrapple
8,207,tie,1140,dragapult-dusknoir,0106,dragapult-ex
8,208,tie,1441,dragapult-ex,1752,n-zoroark
8,209,p2,1221,lillie-clefairy,1011,dragapult-dusknoir
8,210,tie,0783,dragapult-blaziken,3497,dragapult-ex
8,211,p1,2786,dragapult-ex,1692,dragapult-blaziken
8,212,tie,0200,alakazam-dudunsparce,3341,dragapult-ex
8,213,p2,1234,dragapult-ex,3226,diancie-dusknoir
8,214,tie,3265,dragapult-blaziken,1525,dragapult-dusknoir
8,215,tie,2642,ogerpon-meganium-hydrapple,2316,dragapult-blaziken
8,216,p2,1119,lillie-clefairy,2772,crustle-dri
8,217,tie,2960,rocket-mewtwo-ex,0309,dragapult-ex
8,218,p2,2270,rockets-honchkrow,0772,ogerpon-meganium-hydrapple
8,219,tie,1024,alakazam-dudunsparce,0407,dragapult-ex
8,220,tie,2590,dragapult-ex,3320,alakazam-dudunsparce
8,221,p2,1730,dragapult-ex,2722,dragapult-ex
8,222,p2,2828,dragapult-ex,3103,dragapult-ex
8,223,p1,1290,dragapult-ex,3230,cynthia-garchomp-ex
8,224,tie,1391,dragapult-ex,0672,dragapult-ex
8,225,tie,2177,dragapult-ex,2551,dragapult-ex
8,226,tie,2697,rockets-honchkrow,0036,dragapult-ex
8,227,tie,1106,dragapult-ex,1114,slowking-scr
8,228,p2,2837,dragapult-dusknoir,0918,cynthia-garchomp-ex
8,229,tie,3079,rockets-honchkrow,0677,alakazam-dudunsparce
8,230,tie,0149,metagross-cri,1252,alakazam-dudunsparce
8,231,tie,1253,greninja-ex,0922,dragapult-ex
8,232,p1,2423,raging-bolt-ogerpon,0393,rockets-honchkrow
8,233,p1,0517,dragapult-ex,3617,ogerpon-meganium-hydrapple
8,234,p1,2829,dragapult-ex,1637,dragapult-ex
8,235,p1,2572,crustle-dri,3727,rockets-honchkrow
8,236,p2,2320,dragapult-ex,2606,dragapult-ex
8,237,p1,1472,dragapult-ex,3004,dragapult-ex
8,238,p2,1404,ogerpon-meganium-hydrapple,1798,ogerpon-meganium-hydrapple
8,239,p1,0245,dragapult-ex,3216,dragapult-dusknoir
8,240,p1,1685,dragapult-ex,0249,dragapult-ex
8,241,p2,1074,dragapult-blaziken,1198,dragapult-blaziken
8,242,tie,1952,crustle-dri,1702,dragapult-ex
8,243,p1,1314,dragapult-ex,3276,dragapult-ex
8,244,p2,2418,hops-trevenant,1416,dragapult-blaziken
8,245,p1,0419,dragapult-ex,2193,dragapult-ex
8,246,p2,0674,dragapult-ex,2264,slowking-scr
8,247,p2,0133,n-zoroark,0570,cynthia-garchomp-ex
8,248,p2,0908,ogerpon-meganium-hydrapple,2544,hops-trevenant
8,249,p2,3044,dragapult-ex,2089,crustle-dri
8,250,p1,3199,rockets-honchkrow,3616,dragapult-ex
8,251,tie,1059,slowking-scr,1599,basic-box-m
8,252,p2,2896,n-zoroark,1423,dragapult-ex
8,253,p2,1719,mega-lucario-ex,3106,dragapult-ex
8,254,p1,1893,dragapult-ex,3644,alakazam-dudunsparce
8,255,p1,3065,dragapult-dusknoir,1797,dragapult-ex
8,256,p1,1244,dragapult-dusknoir,0503,?metagross
8,257,p2,2431,dragapult-ex,2820,dragapult-ex
8,258,p1,0478,dragapult-ex,2290,alakazam-dudunsparce
8,259,p1,2985,ogerpon-meganium-hydrapple,0103,alakazam-dudunsparce
8,260,p2,2191,crustle-dri,1700,slowking-scr
8,261,p1,2517,dragapult-ex,1436,dragapult-ex
8,262,p1,3021,dragapult-ex,0461,raging-bolt-ogerpon
8,263,p1,1294,crustle-dri,1504,ogerpon-meganium-hydrapple
8,264,p2,0575,alakazam-dudunsparce,0501,stevens-metagross
8,265,p2,0926,lopunny-dudunsparce,0998,dragapult-ex
8,266,p1,3701,dragapult-ex,3680,ogerpon-meganium-hydrapple
8,267,p2,3691,dragapult-blaziken,0729,mega-lucario-ex
8,268,p1,1494,dragapult-ex,1648,basic-box-m
8,269,p1,0071,dragapult-ex,1553,festival-lead
8,270,p1,0376,dragapult-ex,2714,dragapult-ex
8,271,p1,2764,dragapult-dusknoir,0778,crustle-dri
8,272,p1,2978,crustle-dri,1369,festival-lead
8,273,p2,1529,dragapult-dusknoir,2818,metagross-cri
8,274,p2,3630,crustle-dri,1109,slowking-scr
8,275,p1,0034,n-zoroark,1567,ethan-typhlosion
8,276,p2,2885,cynthia-garchomp-ex,3711,n-zoroark
8,277,p2,2442,slowking-scr,0107,ogerpon-meganium-hydrapple
8,278,p1,1907,dragapult-ex,3002,dragapult-ex
8,279,p1,1808,ogerpon-meganium-hydrapple,0387,dragapult-dusknoir
8,280,p1,0102,n-zoroark,2958,alakazam-dudunsparce
8,281,p2,2406,dragapult-ex,1319,dragapult-ex
8,282,p1,2313,dragapult-dusknoir,1313,n-zoroark
8,283,p2,2576,dragapult-dusknoir,0635,ogerpon-meganium-arboliva
8,284,p2,3178,dragapult-ex,1916,dragapult-ex
8,285,p1,0465,dragapult-dusknoir,1381,n-zoroark
8,286,p1,1945,dragapult-blaziken,3522,beedrill-ex-cri
8,287,p2,2626,dragapult-ex,2646,dragapult-dusknoir
8,288,p1,2436,festival-lead,3678,ogerpon-meganium-hydrapple
8,289,p1,0281,dragapult-ex,1028,mega-venusaur-ex
8,290,p2,1939,ogerpon-meganium-hydrapple,3215,hops-trevenant
8,291,p1,3128,crustle-dri,1276,dragapult-blaziken
8,292,p1,3094,dragapult-ex,2652,festival-lead
8,293,p1,0471,dragapult-dusknoir,3015,dragapult-ex
8,294,tie,2683,dragapult-dusknoir,2489,dragapult-ex
8,295,p2,1306,dragapult-ex,1238,dragapult-ex
8,296,p2,0017,dragapult-dusknoir,1360,dragapult-ex
8,297,p2,0925,dragapult-dusknoir,0120,dragapult-ex
8,298,p1,0962,dragapult-dusknoir,3170,beedrill-ex-cri
8,299,p2,0858,dragapult-ex,2146,slowking-scr
8,300,p1,1298,lopunny-dudunsparce,0014,dragapult-ex
8,301,p1,1731,dragapult-dusknoir,1446,rockets-honchkrow
8,302,p1,3101,alakazam-dudunsparce,1998,dragapult-blaziken
8,303,p2,0384,mega-lucario-ex,0198,alakazam-dudunsparce
8,304,p1,3574,crustle-dri,2278,dragapult-ex
8,305,p2,2140,dragapult-dusknoir,1968,dragapult-ex
8,306,p2,1145,n-zoroark,3575,crustle-dri
8,307,p1,1606,rockets-honchkrow,0002,alakazam-dudunsparce
8,308,p1,2634,alakazam-dudunsparce,3717,dragapult-dusknoir
8,309,p2,2923,n-zoroark,3253,festival-lead
8,310,p1,0207,n-zoroark,2587,dragapult-dusknoir
8,311,p2,1054,dragapult-dusknoir,3098,raging-bolt-ogerpon
8,312,p1,1555,dragapult-ex,0831,dragapult-ex
8,313,p2,1076,slowking-scr,2855,n-zoroark
8,314,p2,1492,rocket-mewtwo-ex,2485,dragapult-blaziken
8,315,p1,0221,dragapult-ex,3520,alakazam-dudunsparce
8,316,p1,1864,lucario-hariyama,0856,dragapult-dusknoir
8,317,p2,1248,alakazam-dudunsparce,1193,dragapult-ex
8,318,p2,0048,basic-box-m,1872,crustle-dri
8,319,p2,1409,slowking-scr,0083,alakazam-dudunsparce
8,320,p1,0768,crustle-dri,2649,dragapult-ex
8,321,p2,2284,ethan-typhlosion,0567,dragapult-ex
8,322,p2,3398,dragapult-ex,3392,lillie-clefairy
8,323,p2,0708,n-zoroark,1455,rockets-honchkrow
8,324,p2,1736,dragapult-ex,2112,dragapult-dusknoir
8,325,p2,1293,alakazam-dudunsparce,1750,basic-box-m
8,326,tie,1335,dragapult-ex,2225,dragapult-ex
8,327,p2,2137,dragapult-ex,1669,alakazam-dudunsparce
8,328,p2,1222,dragapult-ex,2670,ogerpon-meganium-hydrapple
8,329,p1,3424,n-zoroark,1428,dragapult-blaziken
8,330,p1,3339,dragapult-dusknoir,0972,dragapult-ex
8,331,p1,0653,slowking-scr,0861,lucario-hariyama
8,332,p1,2456,n-zoroark,2498,dragapult-ex
8,333,p2,2446,beedrill-ex-cri,2182,alakazam-dudunsparce
8,334,p1,2288,lucario-hariyama,2604,rockets-honchkrow
8,335,p1,2941,dragapult-ex,2279,lopunny-dudunsparce
8,336,tie,0182,festival-lead,0470,alakazam-dudunsparce
8,337,p2,1619,alakazam-dudunsparce,2040,basic-box-m
8,338,p2,2523,lucario-hariyama,1407,n-zoroark
8,339,p2,0664,alakazam-dudunsparce,2797,dragapult-ex
8,340,p2,0042,lucario-hariyama,1400,sharpedo-toxtricity
8,341,p2,1829,alakazam-dudunsparce,2629,mega-lucario-ex
8,342,p2,2260,alakazam-dudunsparce,1595,dragapult-ex
8,343,p1,3249,alakazam-dudunsparce,3297,dragapult-dusknoir
8,344,p2,0354,alakazam-dudunsparce,0621,dragapult-dusknoir
8,345,p1,0568,dragapult-ex,0184,dragapult-dusknoir
8,346,p1,1301,ogerpon-meganium-hydrapple,1580,alakazam-dudunsparce
8,347,p1,1105,joltik-box,1010,crustle-dri
8,348,p1,2900,dragapult-dusknoir,2949,rocket-mewtwo-ex
8,349,p2,0316,slowking-scr,1451,dragapult-ex
8,350,p2,3561,slowking-scr,2184,dragapult-ex
8,351,p1,1044,basic-box-m,0381,dragapult-ex
8,352,p2,1490,ogerpon-meganium-hydrapple,3604,dragapult-ex
8,353,p1,1232,n-zoroark,3136,dragapult-ex
8,354,p2,1812,dragapult-ex,0919,crustle-dri
8,355,p2,0033,dragapult-ex,0873,basic-box-m
8,356,p1,1557,dragapult-ex,3736,dragapult-blaziken
8,357,p2,3154,dragapult-ex,0494,dragapult-ex
8,358,p2,3135,slowking-scr,3123,slowking-scr
8,359,p2,0092,alakazam-dudunsparce,2058,dragapult-froslass
8,360,p1,3483,n-zoroark,1323,dragapult-ex
8,361,p1,0646,crustle-dri,0936,dragapult-ex
8,362,p1,3611,dragapult-ex,2877,greninja-ex
8,363,p2,1063,beedrill-ex-cri,1758,beedrill-ex-cri
8,364,p2,3343,dragapult-ex,1204,n-zoroark
8,365,p2,2759,dragapult-dudunsparce,1574,lopunny-dudunsparce
8,366,p1,1562,dragapult-ex,2846,mega-greninja-ex
8,367,p2,1933,dragapult-ex,1863,dragapult-ex
8,368,p1,1148,starmie-froslass,3073,festival-lead
8,369,p2,1183,alakazam-dudunsparce,1966,alakazam-dudunsparce
8,370,p1,0770,dragapult-blaziken,1450,dragapult-ex
8,371,p1,3491,n-zoroark,2945,raging-bolt-ogerpon
8,372,tie,1507,ogerpon-meganium-hydrapple,1022,dragapult-ex
8,373,p1,1180,dragapult-dusknoir,0300,slowking-scr
8,374,p1,1664,ogerpon-meganium-hydrapple,1205,rockets-honchkrow
8,375,p2,2890,beedrill-ex-cri,3391,basic-box-m
8,376,p2,3661,n-zoroark,1303,slowking-scr
8,377,p1,2973,rockets-honchkrow,1013,mega-greninja-ex
8,378,p1,3723,ogerpon-meganium-arboliva,3092,dragapult-ex
8,379,p2,3471,mega-greninja-ex,1229,dragapult-ex
8,380,p1,0585,dragapult-blaziken,3513,dragapult-ex
8,381,p2,2051,lillie-clefairy,2623,rockets-honchkrow
8,382,p1,2411,okidogi-barbaracle,3499,dragapult-ex
8,383,p2,1043,ogerpon-meganium-hydrapple,2857,dragapult-ex
8,384,p1,0280,kangaskhan-bouffalant,1964,dragapult-ex
8,385,p1,3338,slowking-scr,2648,ogerpon-meganium-hydrapple
8,386,p2,2578,n-zoroark,1270,n-zoroark
8,387,p1,2581,dragapult-ex,2785,dragapult-ex
8,388,p2,2000,dragapult-ex,2554,ethan-typhlosion
8,389,p2,0443,ogerpon-meganium-hydrapple,0205,dragapult-ex
8,390,p1,3426,n-zoroark,0349,dragapult-ex
8,391,p2,1867,dragapult-blaziken,1034,alakazam-dudunsparce
8,392,p2,1038,beedrill-ex-cri,3330,raging-bolt-ogerpon
8,393,p1,0367,alakazam-dudunsparce,1870,basic-box-m
8,394,p2,0024,dragapult-ex,1102,dragapult-ex
8,395,p1,3729,dragapult-ex,3274,dragapult-dusknoir
8,396,p2,3043,dragapult-ex,0185,dragapult-dusknoir
8,397,p2,3240,dragapult-dusknoir,0295,dragapult-dusknoir
8,398,p2,1267,dragapult-dusknoir,1080,hops-trevenant
8,399,p1,2218,dragapult-ex,2499,dragapult-dusknoir
8,400,p2,2514,dragapult-ex,2149,slowking-scr
8,401,p2,3666,mega-greninja-ex,1486,basic-box-m
8,402,p1,2201,dragapult-ex,3745,alakazam-dudunsparce
8,403,p1,0651,dragapult-dusknoir,0493,dragapult-ex
8,404,p2,3411,dragapult-ex,0727,crustle-dri
8,405,p2,2663,dragapult-ex,1041,slowking-scr
8,406,p1,3027,dragapult-ex,3741,dragapult-ex
8,407,p2,1464,ogerpon-meganium-hydrapple,0268,dragapult-dusknoir
8,408,p2,1818,dragapult-dusknoir,2126,rockets-honchkrow
8,409,p1,2349,dragapult-dusknoir,2241,ogerpon-meganium-hydrapple
8,410,p1,1929,greninja-ex,3114,dragapult-ex
8,411,p2,1624,okidogi-barbaracle,1134,slowking-scr
8,412,p1,2975,dragapult-ex,0839,ogerpon-meganium-hydrapple
8,413,p1,3040,raging-bolt-ogerpon,0199,basic-box-m
8,414,p1,0563,n-zoroark,0776,okidogi-barbaracle
8,415,p2,0622,ogerpon-meganium-hydrapple,2389,dragapult-dudunsparce
8,416,p2,0312,festival-lead,2519,mega-absol-box
8,417,p2,1366,basic-box-m,0961,dragapult-ex
8,418,p1,1963,ogerpon-meganium-hydrapple,1665,n-zoroark
8,419,p1,1343,dragapult-ex,0132,dragapult-ex
8,420,p1,3298,dragapult-ex,2322,dragapult-ex
8,421,p1,1855,dragapult-ex,3436,raging-bolt-ogerpon
8,422,p2,2228,ogerpon-meganium-hydrapple,3689,dragapult-ex
8,423,p1,2342,ogerpon-meganium-hydrapple,3507,festival-lead
8,424,p1,0723,dragapult-ex,0675,dragapult-dusknoir
8,425,p1,1600,dragapult-ex,3383,n-zoroark
8,426,p1,1086,alakazam-dudunsparce,3525,rockets-honchkrow
8,427,p1,2790,kangaskhan-bouffalant,0523,dragapult-blaziken
8,428,p2,3202,alakazam-dudunsparce,3363,n-zoroark
8,429,p1,0953,dragapult-dudunsparce,2954,festival-lead
8,430,p2,3472,beedrill-ex-cri,2460,dragapult-ex
8,431,p2,0134,dragapult-dusknoir,0513,dragapult-ex
8,432,p2,1676,dragapult-dusknoir,3001,dragapult-ex
8,433,p2,1265,ogerpon-meganium-hydrapple,0892,rockets-honchkrow
8,434,p2,1596,dragapult-ex,0734,lucario-hariyama
8,435,p2,0179,dragapult-ex,3116,dragapult-ex
8,436,p1,3037,alakazam-dudunsparce,0792,ceruledge-ex
8,437,p2,0215,dragapult-blaziken,0396,dragapult-dusknoir
8,438,tie,0913,dragapult-ex,3225,rockets-honchkrow
8,439,p2,2345,lucario-hariyama,2299,dragapult-ex
8,440,p2,1991,dragapult-ex,2729,dragapult-ex
8,441,p1,0826,beedrill-ex-cri,3327,dragapult-ex
8,442,p1,0823,dragapult-ex,1405,festival-lead
8,443,tie,0400,alakazam-dudunsparce,1859,lopunny-dudunsparce
8,444,p1,0546,rocket-mewtwo-ex,3322,dragapult-ex
8,445,p1,0074,dragapult-ex,0218,dragapult-ex
8,446,p1,0553,dragapult-ex,2136,dragapult-blaziken
8,447,p2,0615,dragapult-ex,3570,beedrill-ex-cri
8,448,p2,2010,alakazam-dudunsparce,0691,dragapult-ex
8,449,p2,0479,dragapult-dudunsparce,0827,alakazam-dudunsparce
8,450,p1,0327,archaludon-dudunsparce,2487,dragapult-blaziken
8,451,p1,0423,dragapult-ex,2768,dragapult-dusknoir
8,452,p2,3645,lopunny-dudunsparce,1299,mega-greninja-ex
8,453,p1,0934,dragapult-ex,3269,dragapult-ex
8,454,p2,2784,grimmsnarl-froslass,3283,dragapult-ex
8,455,p1,2962,beedrill-ex-cri,0812,mega-lucario-ex
8,456,p1,0753,metagross-cri,0104,dragapult-ex
8,457,p2,0601,crustle-dri,1634,festival-lead
8,458,p2,1097,dragapult-dusknoir,2419,dragapult-dusknoir
8,459,p2,1610,lillie-clefairy,3542,dragapult-ex
8,460,p1,0932,alakazam-dudunsparce,0555,crustle-dri
8,461,p2,2172,ogerpon-meganium-hydrapple,0136,lillie-clefairy
8,462,p1,1131,dragapult-ex,1125,dragapult-ex
8,463,p1,0435,dragapult-ex,0442,alakazam-dudunsparce
8,464,p1,2217,beedrill-ex-cri,2214,dragapult-dusknoir
8,465,p2,2261,dragapult-dusknoir,2553,dragapult-ex
8,466,p1,3214,dragapult-ex,1989,dragapult-ex
8,467,p1,3541,dragapult-ex,2492,dragapult-ex
8,468,p2,3155,dragapult-blaziken,1147,n-zoroark
8,469,p1,2220,n-zoroark,2234,dragapult-dusknoir
8,470,p1,2584,alakazam-dudunsparce,2933,slowking-scr
8,471,p1,3317,dragapult-dusknoir,0314,dragapult-dusknoir
8,472,p2,0802,rockets-honchkrow,3179,dragapult-ex
8,473,p2,2479,n-zoroark,3292,dragapult-dusknoir
8,474,p2,3576,dragapult-ex,0220,dragapult-ex
8,475,p1,0872,dragapult-ex,1921,dragapult-dusknoir
8,476,p1,2645,alakazam-dudunsparce,3567,dragapult-ex
8,477,p1,2942,beedrill-ex-cri,3312,dragapult-dusknoir
8,478,p2,2360,dragapult-froslass,0941,raging-bolt-ogerpon
8,479,p2,2671,beedrill-ex-cri,1036,festival-lead
8,480,p1,3132,lucario-hariyama,2328,dragapult-dusknoir
8,481,p2,2257,dragapult-dusknoir,3184,dragapult-dusknoir
8,482,p2,1135,dragapult-ex,3324,n-zoroark
8,483,p1,1468,dragapult-blaziken,0695,slowking-scr
8,484,p2,2881,slowking-scr,0269,raging-bolt-ogerpon
8,485,p2,0365,crustle-dri,0498,n-zoroark
8,486,p2,1371,n-zoroark,3242,dragapult-ex
8,487,p1,1421,dragapult-dusknoir,1426,dragapult-dusknoir
8,488,p2,0877,jellicent-dusknoir,3145,dragapult-dusknoir
8,489,p2,2156,hops-trevenant,3019,dragapult-dudunsparce
8,490,p2,2008,dragapult-ex,2830,dragapult-ex
8,491,p1,2203,slowking-scr,2336,ogerpon-meganium-hydrapple
8,492,p1,0224,dragapult-ex,3549,alakazam-dudunsparce
8,493,p1,3014,n-zoroark,3217,dragapult-ex
8,494,p1,2478,sharpedo-toxtricity,1489,diancie-dusknoir
8,495,p2,1165,dragapult-dusknoir,2251,dragapult-dusknoir
8,496,p1,1524,kangaskhan-bouffalant,1475,festival-lead
8,497,p1,2715,starmie-froslass,3586,slowking-scr
8,498,p2,2969,alakazam-dudunsparce,0388,crustle-dri
8,499,p2,0644,dragapult-ex,1865,dragapult-ex
8,500,p1,3551,mega-lucario-ex,1315,rockets-honchkrow
8,501,p2,3203,ogerpon-meganium-hydrapple,0020,dragapult-ex
8,502,p2,2946,basic-box-m,3502,festival-lead
8,503,p1,2021,dragapult-ex,1396,ogerpon-meganium-hydrapple
8,504,p1,2509,dragapult-blaziken,2916,dragapult-dudunsparce
8,505,p1,0825,dragapult-ex,0410,dragapult-dusknoir
8,506,p1,1874,dragapult-ex,2832,mega-greninja-ex
8,507,p2,1720,dragapult-dusknoir,1581,palafin-ex
8,508,p1,3579,dragapult-dusknoir,2255,dragapult-ex
8,509,p2,2385,starmie-dusknoir,0818,raging-bolt-ogerpon
8,510,p1,1944,mega-lucario-ex,3119,lucario-hariyama
8,511,p1,0353,crustle-dri,2871,crustle-dri
8,512,p1,0838,dragapult-ex,2006,ogerpon-meganium-hydrapple
8,513,p1,0843,dragapult-ex,2774,ogerpon-meganium-hydrapple
8,514,p1,0859,beedrill-ex-cri,2003,starmie-froslass
8,515,p1,2911,dragapult-dusknoir,0426,ceruledge-ex
8,516,p1,1621,dragapult-ex,3182,slowking-scr
8,517,p1,0625,alakazam-dudunsparce,2417,slowking-scr
8,518,p2,1136,dragapult-blaziken,0401,festival-lead
8,519,p1,0303,alakazam-dudunsparce,0429,crustle-dri
8,520,p2,3585,cynthia-garchomp-ex,2153,ogerpon-meganium-hydrapple
8,521,p2,2685,lucario-hariyama,0854,dragapult-blaziken
8,522,p1,0202,dragapult-ex,3610,ogerpon-meganium-hydrapple
8,523,tie,3278,lillie-clefairy,3578,dragapult-ex
8,524,tie,2675,dragapult-dusknoir,0820,ogerpon-meganium-hydrapple
8,525,p1,3211,crustle-dri,1650,dragapult-dusknoir
8,526,p1,0127,alakazam-dudunsparce,2940,alakazam-dudunsparce
8,527,p1,2409,dragapult-ex,0241,ogerpon-meganium-hydrapple
8,528,p2,1568,dragapult-dusknoir,2902,dragapult-dusknoir
8,529,p2,2612,dragapult-ex,2583,dragapult-ex
8,530,p1,3352,dragapult-ex,3388,dragapult-dusknoir
8,531,p2,2549,mega-absol-box,2718,dragapult-dusknoir
8,532,tie,1787,dragapult-blaziken,0739,raging-bolt-ogerpon
8,533,p2,1268,dragapult-dusknoir,3492,raging-bolt-ogerpon
8,534,p1,3223,alakazam-dudunsparce,3084,dragapult-dusknoir
8,535,p2,1170,dragapult-dusknoir,1759,cynthia-garchomp-ex
8,536,p2,1499,alakazam-dudunsparce,2426,lopunny-dudunsparce
8,537,p1,3181,dragapult-ex,2520,lillie-clefairy
8,538,p1,0266,dragapult-ex,0945,hops-trevenant
8,539,p1,1470,ogerpon-meganium-hydrapple,1569,n-zoroark
8,540,p2,1363,dragapult-ex,3028,alakazam-dudunsparce
8,541,p1,2144,basic-box-m,3138,slowking-scr
8,542,p1,2967,alakazam-dudunsparce,3556,slowking-scr
8,543,tie,2292,raging-bolt-ogerpon,1437,mega-greninja-ex
8,544,p1,2811,crustle-dri,1312,dragapult-ex
8,545,p2,2793,crustle-dri,3285,dragapult-blaziken
8,546,p1,2151,raging-bolt-ogerpon,2816,cynthia-garchomp-ex
8,547,p2,0847,ogerpon-meganium-hydrapple,2314,rockets-honchkrow
8,548,p2,2861,dragapult-ex,1018,ogerpon-meganium-hydrapple
8,549,p2,3185,other,0789,dragapult-dusknoir
8,550,p2,0151,mega-lucario-ex,1153,dragapult-dudunsparce
8,551,p2,2687,dragapult-ex,0654,diancie-dusknoir
8,552,p2,0491,alakazam-dudunsparce,0545,raging-bolt-ogerpon
8,553,p2,2421,lillie-clefairy,0731,ogerpon-meganium-hydrapple
8,554,p1,3244,?metagross,1620,alakazam-dudunsparce
8,555,p2,1263,dragapult-ex,2245,dragapult-dusknoir
8,556,p1,0822,dragapult-ex,0012,dragapult-dusknoir
8,557,p1,1983,alakazam-dudunsparce,2197,slowking-scr
8,558,p1,3612,dragapult-ex,2556,greninja-ex
8,559,p2,0744,dragapult-ex,1438,alakazam-dudunsparce
8,560,p1,2204,slowking-scr,1597,rocket-mewtwo-ex
8,561,p1,2595,raging-bolt-ogerpon,3007,slowking-scr
8,562,p1,0332,alakazam-dudunsparce,1551,mega-greninja-ex
8,563,p1,0117,starmie-dusknoir,1300,dragapult-blaziken
8,564,p1,0021,festival-lead,1682,slowking-scr
8,565,tie,3064,lucario-hariyama,2212,dragapult-ex
8,566,p2,3160,raging-bolt-ogerpon,2054,dragapult-dusknoir
8,567,tie,3167,n-zoroark,3264,n-zoroark
8,568,tie,1454,dragapult-blaziken,1575,slowking-scr
8,569,p1,2752,mega-lucario-ex,1417,dragapult-ex
8,570,p1,0061,dragapult-ex,1057,slowking-scr
8,571,p1,2181,dragapult-ex,2800,dragapult-dusknoir
8,572,p1,0655,n-zoroark,0539,raging-bolt-ogerpon
8,573,p2,0373,kangaskhan-bouffalant,3255,dragapult-ex
8,574,p1,1309,alakazam-dudunsparce,3550,dragapult-ex
8,575,p2,2630,mega-greninja-ex,2425,dragapult-dusknoir
8,576,tie,3071,dragapult-dusknoir,1892,beedrill-ex-cri
8,577,p2,0391,basic-box-m,0899,mega-greninja-ex
8,578,p2,2335,archaludon-dudunsparce,1162,dragapult-blaziken
8,579,p2,2937,dragapult-dusknoir,3070,dragapult-dusknoir
8,580,p2,3511,dragapult-ex,1666,lucario-hariyama
8,581,p2,1994,dragapult-dusknoir,1531,grimmsnarl-froslass
8,582,tie,3652,basic-box-m,0602,raging-bolt-ogerpon
8,583,p1,1344,alakazam-dudunsparce,2175,slowking-scr
8,584,p1,3447,?metagross,2510,mega-greninja-ex
8,585,p1,0951,dragapult-dusknoir,0173,dragapult-ex
8,586,p1,1336,?metagross,2527,slowking-scr
8,587,tie,1277,dragapult-ex,3050,slowking-scr
8,588,p2,0713,basic-box-m,2558,rocket-mewtwo-ex
8,589,p1,1194,dragapult-dusknoir,1009,cynthia-garchomp-ex
8,590,p1,1558,dragapult-ex,0022,dragapult-ex
8,591,p1,2229,n-zoroark,3022,alakazam-dudunsparce
8,592,p1,0441,archaludon-ex,0587,slowking-scr
8,593,p1,1058,rockets-honchkrow,2684,alakazam-dudunsparce
8,594,p1,1261,lucario-hariyama,2543,dragapult-dusknoir
8,595,p2,0886,grimmsnarl-froslass,0395,alakazam-dudunsparce
8,596,p2,1173,dragapult-ex,2465,dragapult-dusknoir
8,597,p1,0688,basic-box-m,3613,crustle-dri
8,598,p1,3397,dragapult-blaziken,0716,dragapult-ex
8,599,p2,1673,dragapult-ex,2525,dragapult-ex
8,600,p2,2221,beedrill-ex-cri,2807,dragapult-ex
8,601,p2,0809,dragapult-ex,1206,tera-box
8,602,p2,0581,raging-bolt-ogerpon,2805,dragapult-ex
8,603,p2,0277,ogerpon-meganium-hydrapple,3187,alakazam-dudunsparce
8,604,p2,3518,dragapult-dusknoir,3228,mega-lucario-ex
8,605,p2,3099,hops-trevenant,0486,ogerpon-meganium-hydrapple
8,606,tie,0067,tera-box,0305,dragapult-ex
8,607,p2,2287,other,2398,dragapult-ex
8,608,p1,0261,greninja-blaziken,1000,ogerpon-meganium-hydrapple
8,609,p2,0561,dragapult-ex,1785,crustle-dri
8,610,p2,0542,mega-greninja-ex,0544,starmie-dusknoir
8,611,p2,1740,ogerpon-meganium-hydrapple,0196,dragapult-ex
8,612,p1,3003,dragapult-ex,2088,dragapult-ex
8,613,p1,1434,slowking-scr,1458,dragapult-dusknoir
8,614,p1,2875,dragapult-dusknoir,2348,dragapult-ex
8,615,p1,3127,dragapult-dusknoir,1683,dragapult-blaziken
8,616,p1,2640,lucario-hariyama,2840,?metagross
8,617,p1,2823,dragapult-ex,1629,dragapult-ex
8,618,p1,3732,dragapult-ex,1321,dragapult-dusknoir
8,619,p2,1098,dragapult-ex,1774,dragapult-ex
8,620,tie,1636,dragapult-ex,3161,beedrill-ex-cri
8,621,p1,0072,crustle-dri,0424,n-zoroark
8,622,tie,0462,dragapult-ex,0535,rockets-honchkrow
8,623,p1,3357,cynthia-garchomp-ex,0712,dragapult-ex
8,624,p2,2407,crustle-dri,2731,lopunny-dudunsparce
8,625,p2,0158,festival-lead,0045,dragapult-ex
8,626,p2,3066,slowking-scr,0771,dragapult-ex
8,627,p2,2895,mega-greninja-ex,0720,raging-bolt-ogerpon
8,628,p1,0164,ogerpon-meganium-hydrapple,2467,ogerpon-meganium-hydrapple
8,629,p1,3374,dragapult-ex,3539,rocket-mewtwo-ex
8,630,p1,2882,dragapult-dusknoir,2399,dragapult-dusknoir
8,631,tie,0530,grimmsnarl-froslass,0579,dragapult-ex
8,632,tie,2874,lopunny-dudunsparce,0725,dragapult-dusknoir
8,633,p2,2477,dragapult-ex,1672,dragapult-ex
8,634,p1,1160,mega-lucario-ex,2518,ogerpon-meganium-hydrapple
8,635,p2,1680,greninja-ex,0174,dragapult-blaziken
8,636,p2,1884,starmie-froslass,0639,dragapult-blaziken
8,637,p1,2782,?metagross,3535,ceruledge-ex
8,638,p1,3543,dragapult-ex,0342,ogerpon-meganium-hydrapple
8,639,p1,1788,dragapult-ex,0176,dragapult-ex
8,640,p1,2746,raging-bolt-ogerpon,3709,ogerpon-meganium-hydrapple
8,641,p1,1799,n-zoroark,3245,dragapult-dusknoir
8,642,p2,2567,mega-venusaur-ex,3519,dragapult-ex
8,643,p1,1236,?metagross,1245,dragapult-ex
8,644,p1,1071,dragapult-blaziken,2488,alakazam-dudunsparce
8,645,p1,1537,dragapult-blaziken,0813,dragapult-ex
8,646,p1,0108,dragapult-dudunsparce,0814,archaludon-dudunsparce
8,647,p2,2359,dragapult-dudunsparce,1660,crustle-dri
8,648,p2,2363,ogerpon-meganium-hydrapple,0025,okidogi-barbaracle
8,649,p2,1397,?metagross,2414,alakazam-dudunsparce
8,650,tie,2613,beedrill-ex-cri,2662,basic-box-m
8,651,tie,1695,alakazam-dudunsparce,0163,basic-box-m
8,652,p2,2696,crustle-dri,1890,lucario-hariyama
8,653,p2,2099,lucario-hariyama,2957,raging-bolt-ogerpon
8,654,p2,1156,dragapult-dusknoir,0453,n-zoroark
8,655,p1,0759,festival-lead,1478,ethan-typhlosion
8,656,double_loss,1741,dragapult-blaziken,0360,dragapult-dusknoir
8,657,p2,2585,crustle-dri,0502,dragapult-blaziken
8,658,p2,2991,alakazam-dudunsparce,3365,dragapult-ex
8,659,tie,0457,ceruledge-ex,0262,beedrill-ex-cri
8,660,p2,0824,ogerpon-meganium-hydrapple,0187,dragapult-ex
8,661,p1,2071,raging-bolt-ogerpon,2024,mega-greninja-ex
8,662,tie,2704,dragapult-ex,3728,alakazam-dudunsparce
8,663,tie,2723,dragapult-ex,0880,lopunny-dudunsparce
8,664,p1,0867,festival-lead,0343,ogerpon-meganium-hydrapple
8,665,p2,1979,dragapult-dusknoir,0485,n-zoroark
8,666,p1,1607,dragapult-blaziken,2796,slowking-scr
8,667,p2,2694,archaludon-dudunsparce,3564,dragapult-ex
8,668,p2,0702,archaludon-dudunsparce,1572,dragapult-blaziken
8,669,p1,1932,rocket-mewtwo-ex,2303,tera-box
8,670,p2,0356,basic-box-m,0183,dragapult-ex
8,671,p1,1488,dragapult-dusknoir,0352,slowking-scr
8,672,p1,1179,dragapult-blaziken,1201,rockets-honchkrow
8,673,p2,0037,hops-trevenant,2104,rocket-mewtwo-ex
8,674,p1,2819,lucario-hariyama,2952,dragapult-dusknoir
8,675,p2,2250,n-zoroark,2677,dragapult-blaziken
8,676,p1,3514,dragapult-dusknoir,1674,n-zoroark
8,677,p1,0377,dragapult-blaziken,3118,dragapult-ex
8,678,p1,2397,dragapult-ex,1686,mega-lucario-ex
8,679,tie,1591,n-zoroark,1975,dragapult-dusknoir
8,680,p1,0860,dragapult-dusknoir,1732,n-zoroark
8,681,p2,1538,mega-venusaur-ex,0003,dragapult-ex
8,682,p2,2565,raging-bolt-ogerpon,0682,alakazam-dudunsparce
8,683,p2,1256,rocket-mewtwo-ex,2002,tera-box
8,684,p1,0604,rockets-honchkrow,2187,festival-lead
8,685,tie,3349,dragapult-dusknoir,2815,n-zoroark
8,686,p2,0862,crustle-dri,0338,dragapult-dusknoir
8,687,p2,3158,grimmsnarl-froslass,3373,dragapult-ex
8,688,p2,2445,slowking-scr,1482,alakazam-dudunsparce
8,689,p1,1005,basic-box-m,3335,cynthia-garchomp-ex
8,690,p2,3548,dragapult-dusknoir,1770,dragapult-ex
8,691,p2,2993,hops-trevenant,2897,alakazam-dudunsparce
8,692,p1,3457,n-zoroark,0077,alakazam-dudunsparce
8,693,p2,3334,dragapult-ex,1583,lillie-clefairy
8,694,p1,1279,tera-box,2908,lucario-hariyama
8,695,p2,2248,hops-trevenant,0440,dragapult-ex
8,696,p1,3232,dragapult-ex,2814,n-zoroark
8,697,p2,0782,dragapult-blaziken,1224,dragapult-dusknoir
8,698,p2,0883,ogerpon-meganium-hydrapple,1824,dragapult-dusknoir
8,699,p2,2995,crustle-dri,0506,dragapult-blaziken
8,700,p1,0217,dragapult-ex,0322,dragapult-dusknoir
8,701,p2,1661,n-zoroark,2029,alakazam-dudunsparce
8,702,p2,2065,crustle-dri,2804,dragapult-blaziken
8,703,p1,3117,slowking-scr,2691,dragapult-dusknoir
8,704,p1,3095,lopunny-dudunsparce,1779,dragapult-blaziken
8,705,p1,3405,raging-bolt-ogerpon,3657,rocket-mewtwo-ex
8,706,tie,3453,ogerpon-meganium-hydrapple,1448,raging-bolt-ogerpon
8,707,tie,0229,alakazam-dudunsparce,1671,hops-trevenant
8,708,tie,2239,n-zoroark,0271,dragapult-ex
8,709,p2,0330,raging-bolt-ogerpon,0611,raging-bolt-ogerpon
8,710,tie,2530,alakazam-dudunsparce,3354,beedrill-ex-cri
8,711,p1,3046,dragapult-ex,3377,dragapult-ex
8,712,p2,1755,dragapult-ex,1055,n-zoroark
8,713,p1,2020,lillie-clefairy,0043,dragapult-dusknoir
8,714,p1,0589,dragapult-dusknoir,2124,festival-lead
8,715,p2,0007,dragapult-dusknoir,0520,rockets-honchkrow
8,716,p2,3041,n-zoroark,0146,basic-box-m
8,717,p2,1885,mega-greninja-ex,1144,dragapult-ex
8,718,tie,1834,dragapult-dusknoir,0329,crustle-dri
8,719,p1,0999,dragapult-ex,3168,crustle-dri
8,720,p1,0402,festival-lead,1223,rockets-honchkrow
8,721,p2,1625,dragapult-blaziken,1191,mega-greninja-ex
8,722,p2,3531,dragapult-dusknoir,0421,dragapult-ex
8,723,p2,1123,ogerpon-meganium-hydrapple,0310,alakazam-dudunsparce
8,724,p2,1703,?metagross,0201,slowking-scr
8,725,p2,2244,hops-trevenant,2657,dragapult-ex
8,726,p1,0781,lopunny-dudunsparce,1733,hops-trevenant
8,727,p2,2480,raging-bolt-ogerpon,2361,alakazam-dudunsparce
8,728,tie,3077,?metagross,3344,festival-lead
8,729,p1,2073,dragapult-ex,2400,dragapult-blaziken
8,730,p2,0956,ogerpon-meganium-hydrapple,2063,raging-bolt-ogerpon
8,731,p2,2434,beedrill-ex-cri,1747,beedrill-ex-cri
8,732,p2,0064,beedrill-ex-cri,1978,dragapult-ex
8,733,p2,0686,ogerpon-meganium-hydrapple,2223,dragapult-ex
8,734,p1,0028,dragapult-dusknoir,3148,dragapult-ex
8,735,p2,3311,mega-absol-box,0532,lillie-clefairy
8,736,tie,3634,rocket-mewtwo-ex,1970,dragapult-ex
8,737,p1,3231,dragapult-blaziken,2196,ethan-typhlosion
8,738,p2,3445,dragapult-dusknoir,1447,dragapult-dusknoir
8,739,tie,3450,ogerpon-meganium-hydrapple,2325,dragapult-ex
8,740,p1,3183,dragapult-dusknoir,1092,ogerpon-meganium-hydrapple
8,741,p1,2948,dragapult-blaziken,3591,dragapult-dusknoir
8,742,p1,3742,n-zoroark,2437,dragapult-ex
8,743,p2,0726,starmie-froslass,2953,mega-greninja-ex
8,744,p2,1760,ethan-typhlosion,1271,n-zoroark
8,745,p1,0350,starmie-dusknoir,1377,hops-trevenant
8,746,p2,3053,n-zoroark,1792,ogerpon-meganium-hydrapple
8,747,p2,1280,crustle-dri,2132,raging-bolt-ogerpon
8,748,p1,0189,dragapult-ex,3477,dragapult-blaziken
8,749,p1,0610,alakazam-dudunsparce,1880,n-zoroark
8,750,p2,0011,raging-bolt-ogerpon,2139,mega-greninja-ex
8,751,tie,3270,dragapult-ex,0891,rocket-mewtwo-ex
8,752,p2,2347,other,1887,mega-greninja-ex
8,753,tie,2876,hops-trevenant,3198,starmie-dusknoir
8,754,p1,2599,festival-lead,2566,basic-box-m
8,755,p1,3475,hops-trevenant,0642,rockets-honchkrow
8,756,tie,1334,rockets-honchkrow,2860,dragapult-ex
8,757,p2,2635,beedrill-ex-cri,1332,n-zoroark
8,758,p2,0076,dragapult-blaziken,1370,dragapult-dusknoir
8,759,p2,3462,slowking-scr,0522,festival-lead
8,760,p1,1142,alakazam-dudunsparce,1725,ogerpon-meganium-hydrapple
8,761,p2,2550,?metagross,2574,dragapult-ex
8,762,tie,2202,ceruledge-ex,2391,lopunny-dudunsparce
8,763,p1,0166,dragapult-dusknoir,2980,ogerpon-meganium-hydrapple
8,764,p1,1317,dragapult-dudunsparce,1990,dragapult-ex
8,765,p2,0195,slowking-scr,2977,alakazam-dudunsparce
8,766,p2,1734,dragapult-dusknoir,1337,rockets-honchkrow
8,767,p2,2680,kangaskhan-bouffalant,2357,slowking-scr
8,768,p1,0371,ogerpon-meganium-hydrapple,2056,alakazam-dudunsparce
8,769,p1,2323,dragapult-ex,0975,dragapult-blaziken
8,770,p2,3602,cynthia-garchomp-ex,2775,raging-bolt-ogerpon
8,771,p1,2263,dragapult-blaziken,1584,mega-greninja-ex
8,772,p2,0786,cynthia-garchomp-ex,1353,dragapult-ex
8,773,p2,3744,rocket-mewtwo-ex,1129,ogerpon-meganium-hydrapple
8,774,tie,1535,slowking-scr,0730,hops-trevenant
8,775,p2,0137,dragapult-dusknoir,2972,n-zoroark
8,776,p1,1228,dragapult-dusknoir,0131,mega-greninja-ex
8,777,p1,1375,lopunny-dudunsparce,3169,basic-box-m
8,778,p2,2853,dragapult-dusknoir,2507,dragapult-blaziken
8,779,tie,2163,alakazam-dudunsparce,3592,festival-lead
8,780,p2,2838,starmie-dusknoir,1806,alakazam-dudunsparce
8,781,tie,0798,dragapult-blaziken,0690,alakazam-dudunsparce
8,782,p1,1571,dragapult-blaziken,0591,ceruledge-ex
8,783,p1,1737,beedrill-ex-cri,0081,beedrill-ex-cri
8,784,p1,0256,dragapult-dusknoir,1756,dragapult-ex
8,785,tie,1573,ogerpon-meganium-hydrapple,1894,ogerpon-meganium-hydrapple
8,786,p1,2013,dragapult-ex,2615,starmie-dusknoir
8,787,p1,2883,lopunny-dudunsparce,2826,dragapult-ex
8,788,p1,0815,dragapult-dudunsparce,2497,dragapult-blaziken
8,789,p2,1613,ogerpon-meganium-hydrapple,1065,dragapult-blaziken
8,790,p1,3478,crustle-dri,1546,cynthia-garchomp-ex
8,791,p1,1589,dragapult-ex,1997,?metagross
8,792,tie,0624,alakazam-dudunsparce,1050,n-zoroark
8,793,tie,1735,mega-greninja-ex,2589,alakazam-dudunsparce
8,794,p2,2317,?metagross,0973,rockets-honchkrow
8,795,p1,0665,raging-bolt-ogerpon,0345,crustle-dri
8,796,p1,0044,crustle-dri,0091,cynthia-garchomp-ex
8,797,p2,2030,dragapult-dusknoir,0574,festival-lead
8,798,p2,2392,raging-bolt-ogerpon,1352,dragapult-ex
8,799,p1,1593,dragapult-ex,2964,mega-lucario-ex
8,800,p2,3385,dragapult-blaziken,3719,dragapult-blaziken
8,801,tie,0754,raging-bolt-ogerpon,3673,ogerpon-meganium-hydrapple
8,802,p1,1914,lillie-clefairy,0551,alakazam-dudunsparce
8,803,p1,0321,mega-greninja-ex,0101,ogerpon-meganium-hydrapple
8,804,p1,3737,mega-froslass-dudunsparce,2057,mega-greninja-ex
8,805,p1,2658,slowking-scr,3150,lopunny-dudunsparce
8,806,p1,1435,dragapult-ex,2121,festival-lead
8,807,p1,1049,basic-box-m,0140,ogerpon-meganium-hydrapple
8,808,p2,2012,lucario-hariyama,0696,raging-bolt-ogerpon
8,809,p1,3473,dragapult-dusknoir,0879,lucario-hariyama
8,810,p2,0110,lopunny-dudunsparce,2211,lillie-clefairy
8,811,p2,1717,ogerpon-meganium-hydrapple,3220,lucario-hariyama
8,812,tie,3031,dragapult-ex,3537,dragapult-ex
8,813,tie,3584,dragapult-ex,0075,dragapult-ex
8,814,p2,0835,dragapult-ex,3581,lopunny-dudunsparce
8,815,p2,1554,rocket-mewtwo-ex,1972,dragapult-dusknoir
8,816,tie,3528,dragapult-ex,2502,n-zoroark
8,817,p2,2387,archaludon-dudunsparce,3443,n-zoroark
8,818,p1,3307,dragapult-ex,0755,ogerpon-meganium-hydrapple
8,819,p1,3351,dragapult-dusknoir,2470,starmie-froslass
8,820,p2,0433,alakazam-dudunsparce,3685,rocket-spidops
8,821,p1,3142,alakazam-dudunsparce,1757,rockets-honchkrow
8,822,p1,1638,?metagross,1846,dragapult-dusknoir
8,823,p1,3683,dragapult-ex,3590,n-zoroark
8,824,p2,2101,lillie-clefairy,2142,mega-greninja-ex
8,825,p2,2053,dragapult-ex,0172,ogerpon-meganium-hydrapple
8,826,p1,0284,dragapult-ex,2233,dragapult-blaziken
8,827,p1,3699,rockets-honchkrow,1835,raging-bolt-ogerpon
8,828,p1,3238,dragapult-dusknoir,3219,dragapult-ex
8,829,p1,1078,kangaskhan-bouffalant,1285,alakazam-dudunsparce
8,830,p1,3296,dragapult-dusknoir,2620,dragapult-blaziken
8,831,p1,0663,slowking-scr,2929,lopunny-dudunsparce
8,832,p1,0255,ogerpon-meganium-hydrapple,2272,grimmsnarl-froslass
8,833,p1,2968,dragapult-dusknoir,1413,raging-bolt-ogerpon
8,834,tie,3495,dragapult-blaziken,0845,dragapult-dudunsparce
8,835,p2,0870,lopunny-dudunsparce,1891,ogerpon-meganium-hydrapple
8,836,tie,0992,ogerpon-meganium-hydrapple,2451,n-zoroark
8,837,p2,3107,dragapult-blaziken,3733,rocket-mewtwo-ex
8,838,tie,1443,dragapult-blaziken,0738,rockets-honchkrow
8,839,p2,2496,mega-greninja-ex,1832,dragapult-ex
8,840,p2,1320,dragapult-blaziken,1869,crustle-dri
8,841,p1,1281,dragapult-blaziken,2644,beedrill-ex-cri
8,842,p1,1116,alakazam-dudunsparce,2081,alakazam-dudunsparce
8,843,p1,0715,dragapult-ex,2703,dragapult-ex
8,844,p2,0086,joltik-box,0868,blissey-ex
8,845,tie,1628,dragapult-ex,1771,dragapult-ex
8,846,p2,2161,cynthia-garchomp-ex,3384,beedrill-ex-cri
8,847,p1,1605,dragapult-ex,3524,rocket-mewtwo-ex
8,848,p1,0088,slowking-scr,3180,starmie-froslass
8,849,p2,0549,raging-bolt-ogerpon,2265,alakazam-dudunsparce
8,850,tie,2913,ceruledge-ex,0799,dragapult-ex
8,851,p2,3395,mega-greninja-ex,1387,dragapult-blaziken
8,852,p1,1111,rockets-honchkrow,0667,dragapult-blaziken
8,853,p2,2318,dragapult-ex,0829,dragapult-blaziken
8,854,p1,0214,ceruledge-ex,0760,dragapult-ex
8,855,p1,1996,ogerpon-meganium-hydrapple,2162,dragapult-ex
8,856,tie,2275,rocket-mewtwo-ex,0657,dragapult-dusknoir
8,857,p2,0631,ogerpon-meganium-hydrapple,0988,ceruledge-ex
8,858,p1,1339,slowking-scr,2983,crustle-dri
8,859,p1,0538,dragapult-ex,1871,mega-lucario-ex
8,860,tie,2791,dragapult-blaziken,0758,beedrill-ex-cri
8,861,p1,3275,dragapult-dusknoir,1951,n-zoroark
8,862,p2,0451,alakazam-dudunsparce,1496,mega-lucario-ex
8,863,p2,3568,n-zoroark,0598,festival-lead
8,864,p1,3054,starmie-froslass,2638,alakazam-dudunsparce
8,865,tie,0724,other,1350,dragapult-ex
8,866,p1,0372,ogerpon-meganium-hydrapple,0837,mega-absol-box
8,867,p2,1833,?metagross,0222,mega-lucario-ex
8,868,p2,3039,basic-box-m,2868,dragapult-ex
8,869,p1,0193,dragapult-blaziken,2324,diancie-dusknoir
8,870,p2,1530,beedrill-ex-cri,1255,ogerpon-meganium-hydrapple
8,871,tie,3484,dragapult-dusknoir,1721,slowking-scr
8,872,tie,1158,diancie-dusknoir,2789,other
8,873,p2,0301,dragapult-blaziken,1004,slowking-scr
8,874,p1,0803,crustle-dri,3510,mega-lucario-ex
8,875,tie,1411,rocket-mewtwo-ex,3463,dragapult-ex
8,876,p2,0911,other,2080,basic-box-m
8,877,p2,3113,raging-bolt-ogerpon,2167,alakazam-dudunsparce
8,878,p1,0939,alakazam-dudunsparce,3034,raging-bolt-ogerpon
8,879,p1,1274,rocket-mewtwo-ex,3403,dragapult-ex
8,880,p1,1403,n-zoroark,3523,eelektrik-blk
8,881,tie,1240,dragapult-blaziken,1836,ethan-typhlosion
8,882,p1,3700,mega-greninja-ex,3406,dragapult-ex
8,883,p1,0519,ogerpon-meganium-hydrapple,0177,dragapult-dusknoir
8,884,p1,2119,slowking-scr,0194,raging-bolt-ogerpon
8,885,p2,3093,?metagross,3247,n-zoroark
8,886,p1,2650,alakazam-dudunsparce,1781,crustle-dri
8,887,p1,0147,other,1506,dragapult-dusknoir
8,888,tie,3026,dragapult-dusknoir,3605,n-zoroark
8,889,p2,0225,dragapult-ex,2702,rockets-honchkrow
8,890,p2,3562,dragapult-ex,0296,ogerpon-meganium-hydrapple
8,891,p2,2740,basic-box-m,2512,basic-box-m
8,892,tie,2376,beedrill-ex-cri,2300,slowking-scr
8,893,p1,3295,ethan-typhlosion,2476,dragapult-ex
8,894,p1,0392,rockets-honchkrow,1305,dragapult-dusknoir
8,895,p1,3625,dragapult-ex,1915,rocket-mewtwo-ex
8,896,p2,2295,alakazam-dudunsparce,3331,dragapult-dusknoir
8,897,tie,1982,dragapult-ex,1023,greninja-ex
8,898,p1,2183,lopunny-dudunsparce,1690,lucario-hariyama
8,899,p1,3121,beedrill-ex-cri,3055,alakazam-dudunsparce
8,900,p1,0282,n-zoroark,0062,lopunny-dudunsparce
8,901,p1,2779,alakazam-dudunsparce,1881,blaziken-zoroark
8,902,p1,0800,basic-box-m,0893,alakazam-dudunsparce
8,903,p1,2898,dragapult-ex,3618,diancie-dusknoir
8,904,p1,0583,starmie-dusknoir,3608,lopunny-dudunsparce
8,905,p2,2516,mega-greninja-ex,3319,dragapult-dusknoir
8,906,p2,1212,mega-charizard-x-ex,1027,slowking-scr
8,907,p2,2598,slowking-scr,1007,mega-greninja-ex
8,908,p1,1556,ethan-typhlosion,1505,ogerpon-meganium-hydrapple
8,909,p1,2709,dragapult-dusknoir,2951,ogerpon-meganium-arboliva
8,910,p1,1800,alakazam-dudunsparce,1809,raging-bolt-ogerpon
8,911,p1,0181,raging-bolt-ogerpon,2676,dragapult-ex
8,912,p2,2500,dragapult-dusknoir,2179,doublade-por
8,913,p2,2538,other,1953,basic-box-m
8,914,p1,1958,starmie-froslass,2762,ogerpon-meganium-hydrapple
8,915,p1,0756,rocket-mewtwo-ex,0490,dragapult-dudunsparce
8,916,tie,0507,ethan-typhlosion,2751,ogerpon-meganium-hydrapple
8,917,p2,2428,alakazam-dudunsparce,3656,kangaskhan-bouffalant
8,918,p1,1860,alakazam-dudunsparce,3060,starmie-dusknoir
8,919,p2,2824,lucario-hariyama,0213,okidogi-barbaracle
8,920,p2,2108,hops-trevenant,1548,ogerpon-meganium-hydrapple
8,921,tie,3694,dragapult-dusknoir,1220,dragapult-dusknoir
8,922,p1,2844,starmie-dusknoir,2215,doublade-por
8,923,p1,0232,starmie-froslass,2705,basic-box-m
8,924,p1,1711,starmie-dusknoir,3538,alakazam-dudunsparce
8,925,p2,1603,mega-greninja-ex,0573,crustle-dri
8,926,p2,3601,ogerpon-meganium-hydrapple,0562,decidueye-ex
8,927,p1,1766,mega-greninja-ex,2624,dragapult-ex
8,928,tie,1342,mega-greninja-ex,1723,dragapult-ex
8,929,tie,1830,dragapult-ex,1918,dragapult-dusknoir
8,930,tie,0380,mega-greninja-ex,2639,beedrill-ex-cri
8,931,p1,3461,alakazam-dudunsparce,0785,n-zoroark
8,932,p2,1103,dragapult-blaziken,0223,slowking-scr
8,933,p2,1112,ogerpon-meganium-hydrapple,0526,alakazam-dudunsparce
8,934,p1,2756,slowking-scr,0357,?metagross
8,935,tie,0996,hops-trevenant,1399,raging-bolt-ogerpon
8,936,p1,0743,slowking-scr,0279,dragapult-ex
8,937,p1,3466,mega-lucario-ex,0676,dragapult-ex
8,938,p1,1188,?metagross,1249,?metagross
8,939,p1,1534,cynthia-garchomp-ex,3558,dragapult-dusknoir
8,940,p2,1060,raging-bolt-ogerpon,2001,dragapult-ex
8,941,tie,1889,dragapult-ex,1762,other
8,942,p2,0834,other,0049,mega-greninja-ex
8,943,p2,0145,dragapult-dusknoir,2474,greninja-ex
8,944,p2,0228,dragapult-ex,1185,mega-greninja-ex
8,945,p1,2268,dragapult-ex,1612,dragapult-ex
8,946,p1,1432,basic-box-m,2841,mega-venusaur-ex
8,947,tie,2205,alakazam-dudunsparce,1547,dragapult-ex
8,948,tie,1895,rockets-honchkrow,3069,dragapult-dusknoir
8,952,p2,1904,starmie-froslass,3734,alakazam-dudunsparce
8,953,p2,1012,cynthia-garchomp-ex,1906,slowking-scr
8,954,p1,1763,raging-bolt-ogerpon,0608,dragapult-dusknoir
8,955,p1,1909,mega-greninja-ex,1064,crustle-dri
8,956,tie,1911,ogerpon-meganium-hydrapple,1467,ethan-typhlosion
8,957,p2,0298,dragapult-ex,3489,greninja-ex
8,961,tie,1085,ethan-typhlosion,1922,basic-box-m
8,962,tie,0794,beedrill-ex-cri,1923,rockets-honchkrow
8,964,p2,0959,ogerpon-meganium-hydrapple,1927,raging-bolt-ogerpon
8,966,p1,1146,mega-lucario-ex,1630,?metagross
8,967,p2,1934,alakazam-dudunsparce,0031,dragapult-ex
8,968,p2,1469,crustle-dri,1935,dragapult-dusknoir
8,969,p1,3056,mega-manectric-ex-meg,3291,ogerpon-meganium-hydrapple
8,970,p1,3105,lucario-hariyama,2593,n-zoroark
8,971,p2,1289,ogerpon-meganium-hydrapple,0285,mega-abomasnow-ex
8,972,p1,1066,lucario-hariyama,2971,lucario-hariyama
8,973,p2,0430,mega-venusaur-ex,3206,basic-box-m
8,974,tie,0278,mega-greninja-ex,3277,ethan-typhlosion
8,975,p2,2580,n-zoroark,2730,rocket-mewtwo-ex
8,976,p2,0750,slowking-scr,0609,dragapult-ex
8,985,p1,3300,dragapult-dusknoir,1969,dragapult-ex
8,997,p1,1358,dragapult-ex,1993,rocket-mewtwo-ex
8,1004,tie,2007,ogerpon-meganium-hydrapple,0694,dragapult-ex
8,1008,p1,2016,dragapult-ex,2027,rocket-mewtwo-ex
8,1010,p1,2019,dragapult-dusknoir,2926,crustle-dri
8,1011,p2,1643,n-zoroark,2022,alakazam-dudunsparce
8,1012,tie,1040,beedrill-ex-cri,2023,dragapult-ex
8,1020,p2,2039,yanmega-ex,1251,lopunny-dudunsparce
8,1021,tie,2042,alakazam-dudunsparce,2102,greninja-ex
8,1035,p1,2068,dragapult-dusknoir,2246,dragapult-ex
8,1037,p1,2072,slowking-scr,0968,dragapult-dusknoir
8,1038,p1,1115,starmie-dusknoir,2074,slowking-scr
8,1040,p2,2077,beedrill-ex-cri,3308,dragapult-ex
8,1041,p2,2079,dragapult-ex,3076,rocket-mewtwo-ex
8,1043,p2,2084,ogerpon-meganium-hydrapple,0023,dragapult-dusknoir
8,1044,p1,2086,n-zoroark,1590,dragapult-ex
8,1045,p2,2087,dragapult-dusknoir,2337,diancie-dusknoir
8,1051,p1,2100,dragapult-dusknoir,2732,dragapult-ex
8,1053,p1,2103,cynthia-garchomp-ex,1742,dragapult-ex
8,1054,p1,2105,n-zoroark,1481,dragapult-blaziken
8,1105,p2,1790,slowking-scr,3750,dragapult-ex
8,,bye,2155,crustle-dri,,
9,925,p1,2083,lillie-clefairy,3422,dragapult-ex
9,926,p2,3130,n-zoroark,1519,crustle-dri
9,927,p1,0458,crustle-dri,3200,basic-box-m
9,928,p2,3286,dragapult-ex,3670,dragapult-blaziken
9,929,p2,2408,dragapult-ex,0537,crustle-dri
9,930,p2,1461,dragapult-dusknoir,2813,dragapult-ex
9,931,p1,0015,n-zoroark,1516,crustle-dri
9,932,p1,0558,rocket-mewtwo-ex,3110,ceruledge-ex
9,933,p1,1048,dragapult-ex,1924,slowking-scr
9,934,p2,3326,dragapult-dusknoir,3104,dragapult-ex
9,935,p2,1831,dragapult-blaziken,2114,ogerpon-meganium-hydrapple
9,936,p1,1227,dragapult-ex,1182,dragapult-ex
9,937,p1,0004,crustle-dri,2009,dragapult-ex
9,938,tie,3526,slowking-scr,3595,dragapult-ex
9,939,tie,0762,dragapult-ex,3486,dragapult-dusknoir
9,940,p2,3707,dragapult-blaziken,3280,n-zoroark
9,941,tie,2579,dragapult-ex,0126,dragapult-dusknoir
9,942,p2,2373,slowking-scr,1764,clefairy-ogerpon
9,943,tie,3267,dragapult-ex,3671,dragapult-blaziken
9,944,p2,2216,alakazam-dudunsparce,1592,dragapult-ex
9,945,p1,2901,basic-box-m,3379,dragapult-ex
9,946,p2,0368,dragapult-dusknoir,3299,slowking-scr
9,947,p2,1346,dragapult-ex,1743,dragapult-ex
9,948,tie,2160,n-zoroark,3488,crustle-dri
9,949,p2,2533,raging-bolt-ogerpon,1095,n-zoroark
9,950,tie,3209,dragapult-ex,0942,dragapult-ex
9,951,p1,0389,dragapult-ex,3624,dragapult-ex
9,952,p2,2633,dragapult-ex,0976,dragapult-dusknoir
9,953,p1,0795,dragapult-ex,0805,dragapult-ex
9,954,tie,0165,alakazam-dudunsparce,2679,dragapult-ex
9,955,p2,2201,dragapult-ex,1909,mega-greninja-ex
9,956,p1,0548,dragapult-ex,1911,ogerpon-meganium-hydrapple
9,957,tie,2236,rockets-honchkrow,2608,n-zoroark
9,961,p1,1783,dragapult-ex,3409,dragapult-dusknoir
9,962,p1,2134,dragapult-ex,0054,basic-box-m
9,963,p2,0963,basic-box-m,3208,n-zoroark
9,964,p2,1927,raging-bolt-ogerpon,2217,beedrill-ex-cri
9,965,p2,1178,basic-box-m,1552,dragapult-ex
9,966,tie,2338,dragapult-ex,0059,crustle-dri
9,967,p1,2368,basic-box-m,1934,alakazam-dudunsparce
9,968,p2,0464,dragapult-ex,0010,n-zoroark
9,969,tie,0869,ogerpon-meganium-hydrapple,2627,dragapult-ex
9,970,p2,0412,dragapult-ex,3025,dragapult-ex
9,971,p2,0135,crustle-dri,1497,dragapult-ex
9,972,p2,0950,slowking-scr,0030,dragapult-ex
9,973,p1,1852,dragapult-dusknoir,2305,dragapult-ex
9,974,p1,2907,ogerpon-meganium-hydrapple,1845,rocket-mewtwo-ex
9,975,tie,2738,dragapult-ex,0978,festival-lead
9,976,p1,1367,dragapult-dusknoir,3329,crustle-dri
9,977,p2,0483,dragapult-ex,3281,dragapult-ex
9,978,p2,1847,dragapult-ex,0594,sylveon-pre
9,979,p2,2763,dragapult-ex,3140,festival-lead
9,980,p2,1802,slowking-scr,0521,crustle-dri
9,981,tie,3560,ogerpon-meganium-hydrapple,0175,slowking-scr
9,982,p2,0649,hops-trevenant,3049,dragapult-ex
9,983,p1,3076,rocket-mewtwo-ex,0369,alakazam-dudunsparce
9,984,p2,2256,beedrill-ex-cri,0031,dragapult-ex
9,985,p1,0552,dragapult-ex,0817,slowking-scr
9,986,p2,3532,dragapult-ex,1848,slowking-scr
9,987,p1,1844,crustle-dri,1585,dragapult-ex
9,988,p2,1746,alakazam-dudunsparce,0167,dragapult-ex
9,989,p2,1104,cynthia-garchomp-ex,1384,dragapult-dusknoir
9,990,p1,2562,dragapult-ex,1888,alakazam-dudunsparce
9,991,p1,1291,slowking-scr,2692,crustle-dri
9,992,p1,0188,alakazam-dudunsparce,2402,crustle-dri
9,993,p1,2230,basic-box-m,0253,dragapult-ex
9,994,p2,3288,raging-bolt-ogerpon,3655,dragapult-ex
9,995,p1,3282,dragapult-dusknoir,2602,dragapult-dusknoir
9,996,p1,2809,n-zoroark,0374,dragapult-ex
9,997,p2,2803,dragapult-ex,0307,crustle-dri
9,998,tie,1484,grimmsnarl-froslass,0239,dragapult-ex
9,999,tie,2689,slowking-scr,3163,basic-box-m
9,1000,p1,0358,ogerpon-meganium-hydrapple,1019,dragapult-ex
9,1001,p1,2922,dragapult-dusknoir,3226,diancie-dusknoir
9,1002,p1,0473,n-zoroark,3103,dragapult-ex
9,1003,p2,1803,ogerpon-meganium-hydrapple,1965,dragapult-ex
9,1004,p1,0922,dragapult-ex,2007,ogerpon-meganium-hydrapple
9,1005,p2,3721,n-zoroark,3577,n-zoroark
9,1006,p1,1876,n-zoroark,1015,n-zoroark
9,1007,p1,0290,alakazam-dudunsparce,0772,ogerpon-meganium-hydrapple
9,1008,p2,0894,festival-lead,3196,dragapult-ex
9,1009,tie,0918,cynthia-garchomp-ex,1365,ogerpon-meganium-hydrapple
9,1010,p2,0560,basic-box-m,0619,crustle-dri
9,1011,p2,3594,basic-box-m,1213,dragapult-blaziken
9,1013,p1,0444,lillie-clefairy,1457,dragapult-ex
9,1014,p2,1938,cynthia-garchomp-ex,2115,dragapult-dusknoir
9,1015,p1,3300,dragapult-dusknoir,2772,crustle-dri
9,1016,p2,2401,ogerpon-meganium-hydrapple,3143,dragapult-blaziken
9,1017,p1,2231,slowking-scr,0286,dragapult-ex
9,1018,p1,1611,dragapult-ex,0940,festival-lead
9,1019,p1,0895,dragapult-ex,0508,alakazam-dudunsparce
9,1020,p2,1290,dragapult-ex,2563,grimmsnarl-froslass
9,1021,p1,3653,dragapult-dusknoir,0319,dragapult-ex
9,1022,p1,1210,dragapult-dusknoir,2786,dragapult-ex
9,1023,p1,0697,dragapult-ex,0849,dragapult-ex
9,1024,p2,0679,dragapult-ex,2739,metagross-cri
9,1025,p2,2004,mega-greninja-ex,0226,basic-box-m
9,1026,p1,2539,lucario-hariyama,2799,crustle-dri
9,1027,p2,3588,dragapult-dusknoir,1011,dragapult-dusknoir
9,1028,p2,2315,dragapult-ex,0889,dragapult-ex
9,1029,p2,0629,dragapult-ex,3197,n-zoroark
9,1030,p2,0669,dragapult-ex,2594,dragapult-ex
9,1031,p2,3573,alakazam-dudunsparce,1518,dragapult-ex
9,1032,p2,1247,crustle-dri,1029,n-zoroark
9,1033,p1,0920,ogerpon-meganium-hydrapple,1330,basic-box-m
9,1035,p1,1483,n-zoroark,1107,dragapult-dusknoir
9,1036,p2,2443,dragapult-ex,2950,n-zoroark
9,1037,p2,3696,dragapult-ex,1444,basic-box-m
9,1038,p2,3029,rockets-honchkrow,1431,ogerpon-meganium-hydrapple
9,1039,tie,1544,dragapult-ex,2258,dragapult-ex
9,1040,p1,2025,dragapult-ex,1243,dragapult-ex
9,1041,p2,2079,dragapult-ex,0915,dragapult-ex
9,1042,p2,2919,dragapult-ex,2501,lucario-hariyama
9,1043,p2,2457,dragapult-ex,2722,dragapult-ex
9,1044,p1,1117,dragapult-ex,3271,ogerpon-meganium-hydrapple
9,1045,p2,2618,dragapult-ex,2454,crustle-dri
9,1046,p2,2829,dragapult-ex,0192,dragapult-ex
9,1047,p1,1685,dragapult-ex,0034,n-zoroark
9,1048,p2,3711,n-zoroark,0729,mega-lucario-ex
9,1049,p1,2820,dragapult-ex,2818,metagross-cri
9,1050,p2,3641,dragapult-dusknoir,1907,dragapult-ex
9,1051,p1,1700,slowking-scr,0998,dragapult-ex
9,1052,p2,2313,dragapult-dusknoir,3254,dragapult-ex
9,1053,p2,3116,dragapult-ex,2103,cynthia-garchomp-ex
9,1054,p2,1641,raging-bolt-ogerpon,2105,n-zoroark
9,1056,p2,0071,dragapult-ex,0499,dragapult-ex
9,1057,p2,2744,alakazam-dudunsparce,1416,dragapult-blaziken
9,1058,p1,3371,dragapult-ex,0465,dragapult-dusknoir
9,1059,p1,3701,dragapult-ex,1808,ogerpon-meganium-hydrapple
9,1060,p2,2719,alakazam-dudunsparce,2978,crustle-dri
9,1061,tie,3431,dragapult-ex,3637,crustle-dri
9,1062,p2,2055,dragapult-dusknoir,1916,dragapult-ex
9,1063,p2,2997,dragapult-ex,0489,rockets-honchkrow
9,1064,p1,2572,crustle-dri,3325,starmie-froslass
9,1065,p2,2544,hops-trevenant,0107,ogerpon-meganium-hydrapple
9,1066,tie,1198,dragapult-blaziken,0630,dragapult-ex
9,1067,p1,2764,dragapult-dusknoir,2032,dragapult-blaziken
9,1068,tie,2310,n-zoroark,3065,dragapult-dusknoir
9,1069,p2,0376,dragapult-ex,0517,dragapult-ex
9,1070,tie,0245,dragapult-ex,1294,crustle-dri
9,1071,p1,3308,dragapult-ex,0478,dragapult-ex
9,1072,tie,3221,ethan-typhlosion,1423,dragapult-ex
9,1073,p1,1582,n-zoroark,0570,cynthia-garchomp-ex
9,1074,p1,1319,dragapult-ex,1244,dragapult-dusknoir
9,1075,p2,0501,stevens-metagross,0419,dragapult-ex
9,1076,p1,0102,n-zoroark,3106,dragapult-ex
9,1077,p1,3021,dragapult-ex,1645,dragapult-blaziken
9,1078,p1,1893,dragapult-ex,2985,ogerpon-meganium-hydrapple
9,1079,p2,2089,crustle-dri,1314,dragapult-ex
9,1080,tie,1798,ogerpon-meganium-hydrapple,1472,dragapult-ex
9,1081,p2,2495,dragapult-ex,2606,dragapult-ex
9,1082,p2,1083,cynthia-garchomp-ex,2423,raging-bolt-ogerpon
9,1083,tie,3393,n-zoroark,1945,dragapult-blaziken
9,1084,p2,3199,rockets-honchkrow,0928,alakazam-dudunsparce
9,1085,p2,2264,slowking-scr,0635,ogerpon-meganium-arboliva
9,1086,p2,1949,dragapult-ex,0871,dragapult-ex
9,1087,p2,1109,slowking-scr,2517,dragapult-ex
9,1088,p1,1494,dragapult-ex,2836,dragapult-ex
9,1089,p1,0872,dragapult-ex,0406,slowking-scr
9,1090,tie,0923,dragapult-ex,1303,slowking-scr
9,1091,p2,0651,dragapult-dusknoir,0221,dragapult-ex
9,1092,p2,0694,dragapult-ex,2112,dragapult-dusknoir
9,1093,p1,1114,slowking-scr,0205,dragapult-ex
9,1094,p1,3570,beedrill-ex-cri,1044,basic-box-m
9,1095,tie,1663,lopunny-dudunsparce,1024,alakazam-dudunsparce
9,1096,p1,1467,ethan-typhlosion,2342,ogerpon-meganium-hydrapple
9,1097,p2,2436,festival-lead,3303,dragapult-dusknoir
9,1098,p1,2207,ogerpon-meganium-hydrapple,0160,mega-greninja-ex
9,1099,p2,0404,dragapult-ex,2724,n-zoroark
9,1100,tie,3027,dragapult-ex,1226,dragapult-ex
9,1101,tie,0546,rocket-mewtwo-ex,3040,raging-bolt-ogerpon
9,1102,p2,0309,dragapult-ex,3574,crustle-dri
9,1103,tie,1706,slowking-scr,3604,dragapult-ex
9,1104,p1,2975,dragapult-ex,3689,dragapult-ex
9,1105,p2,2852,lucario-hariyama,2419,dragapult-dusknoir
9,1106,p2,1651,raging-bolt-ogerpon,3059,raging-bolt-ogerpon
9,1107,p2,3341,dragapult-ex,3392,lillie-clefairy
9,1108,p2,0207,n-zoroark,3404,alakazam-dudunsparce
9,1109,p1,0434,n-zoroark,0653,slowking-scr
9,1110,p1,2058,dragapult-froslass,1455,rockets-honchkrow
9,1111,p2,1340,dragapult-dusknoir,1080,hops-trevenant
9,1112,p1,2672,slowking-scr,0335,mega-greninja-ex
9,1113,p2,0074,dragapult-ex,3432,dragapult-ex
9,1114,p2,1878,dragapult-ex,1623,dragapult-ex
9,1115,p2,3563,dragapult-ex,2551,dragapult-ex
9,1116,p1,3298,dragapult-ex,3317,dragapult-dusknoir
9,1117,p1,2149,slowking-scr,0723,dragapult-ex
9,1118,p1,1644,dragapult-ex,0494,dragapult-ex
9,1119,tie,0280,kangaskhan-bouffalant,0753,metagross-cri
9,1120,p1,3363,n-zoroark,0783,dragapult-blaziken
9,1121,p2,1299,mega-greninja-ex,1006,dragapult-blaziken
9,1122,p2,0325,slowking-scr,3037,alakazam-dudunsparce
9,1123,tie,1155,n-zoroark,0919,crustle-dri
9,1124,p2,1664,ogerpon-meganium-hydrapple,0827,alakazam-dudunsparce
9,1125,p1,1214,raging-bolt-ogerpon,3316,alakazam-dudunsparce
9,1126,p2,1948,slowking-scr,1407,n-zoroark
9,1127,p1,0953,dragapult-dudunsparce,0200,alakazam-dudunsparce
9,1128,p1,2797,dragapult-ex,3716,mega-greninja-ex
9,1129,p1,2682,ogerpon-meganium-hydrapple,2469,raging-bolt-ogerpon
9,1131,p2,1180,dragapult-dusknoir,3346,dragapult-ex
9,1132,p1,0036,dragapult-ex,2146,slowking-scr
9,1133,p1,2966,dragapult-blaziken,1106,dragapult-ex
9,1134,p1,1148,starmie-froslass,0961,dragapult-ex
9,1135,p1,1727,festival-lead,1816,alakazam-dudunsparce
9,1136,tie,1166,slowking-scr,2670,ogerpon-meganium-hydrapple
9,1137,p1,0691,dragapult-ex,0281,dragapult-ex
9,1138,p2,1343,dragapult-ex,1750,basic-box-m
9,1139,p1,3339,dragapult-dusknoir,1963,ogerpon-meganium-hydrapple
9,1140,p1,0672,dragapult-ex,2790,kangaskhan-bouffalant
9,1141,p2,1349,slowking-scr,0313,dragapult-ex
9,1142,p1,2569,dragapult-ex,1151,dragapult-dusknoir
9,1143,p1,0932,alakazam-dudunsparce,1559,raging-bolt-ogerpon
9,1144,p1,1034,alakazam-dudunsparce,2311,lillie-clefairy
9,1145,p2,1971,dragapult-blaziken,0873,basic-box-m
9,1146,p1,1968,dragapult-ex,2485,dragapult-blaziken
9,1147,p1,2389,dragapult-dudunsparce,1295,crustle-dri
9,1148,p2,1400,sharpedo-toxtricity,2126,rockets-honchkrow
9,1149,p2,3356,basic-box-m,3658,slowking-scr
9,1150,p2,0065,alakazam-dudunsparce,1595,dragapult-ex
9,1152,p1,2743,dragapult-ex,3001,dragapult-ex
9,1153,p1,3283,dragapult-ex,1731,dragapult-dusknoir
9,1154,p1,2864,dragapult-dusknoir,3215,hops-trevenant
9,1155,tie,1154,ogerpon-meganium-hydrapple,3426,n-zoroark
9,1156,p1,2581,dragapult-ex,0585,dragapult-blaziken
9,1157,p2,3542,dragapult-ex,0355,kangaskhan-bouffalant
9,1158,p1,0268,dragapult-dusknoir,1269,basic-box-m
9,1159,p2,1872,crustle-dri,3089,mega-lucario-ex
9,1160,p2,1929,greninja-ex,1333,ogerpon-meganium-hydrapple
9,1161,p2,3253,festival-lead,1338,ogerpon-meganium-hydrapple
9,1162,p2,0171,sylveon-pre,2758,dragapult-blaziken
9,1163,p2,2461,ethan-typhlosion,1451,dragapult-ex
9,1164,p2,0763,dragapult-blaziken,0293,slowking-scr
9,1165,tie,3611,dragapult-ex,1086,alakazam-dudunsparce
9,1166,p1,2776,dragapult-ex,3249,alakazam-dudunsparce
9,1167,p2,1124,raging-bolt-ogerpon,1966,alakazam-dudunsparce
9,1168,p1,0768,crustle-dri,0677,alakazam-dudunsparce
9,1169,p1,2880,dragapult-ex,2856,rockets-honchkrow
9,1170,p2,1298,lopunny-dudunsparce,1557,dragapult-ex
9,1171,p2,2960,rocket-mewtwo-ex,1758,beedrill-ex-cri
9,1172,p2,2584,alakazam-dudunsparce,3330,raging-bolt-ogerpon
9,1173,p1,3098,raging-bolt-ogerpon,0734,lucario-hariyama
9,1174,p1,0124,dragapult-dusknoir,2697,rockets-honchkrow
9,1175,p2,2220,n-zoroark,0367,alakazam-dudunsparce
9,1176,tie,1463,raging-bolt-ogerpon,3123,slowking-scr
9,1177,p1,1360,dragapult-ex,2213,dragapult-dusknoir
9,1178,p1,0790,dragapult-ex,3101,alakazam-dudunsparce
9,1179,p2,2857,dragapult-ex,1301,ogerpon-meganium-hydrapple
9,1180,p1,3712,dragapult-ex,1253,greninja-ex
9,1181,p2,3047,dragapult-ex,2299,dragapult-ex
9,1182,p2,2128,cynthia-garchomp-ex,2553,dragapult-ex
9,1183,p2,2288,lucario-hariyama,1110,dragapult-ex
9,1184,tie,1348,dragapult-ex,1600,dragapult-ex
9,1185,tie,2629,mega-lucario-ex,0592,n-zoroark
9,1186,p1,2623,rockets-honchkrow,2043,alakazam-dudunsparce
9,1187,p1,1555,dragapult-ex,2182,alakazam-dudunsparce
9,1188,p1,3729,dragapult-ex,3079,rockets-honchkrow
9,1189,p1,3546,rocket-mewtwo-ex,1041,slowking-scr
9,1190,p2,3497,dragapult-ex,1574,lopunny-dudunsparce
9,1191,p2,0826,beedrill-ex-cri,3214,dragapult-ex
9,1192,p2,2777,hops-trevenant,0220,dragapult-ex
9,1193,p1,1204,n-zoroark,3265,dragapult-blaziken
9,1194,p2,1147,n-zoroark,0416,alakazam-dudunsparce
9,1195,p1,0946,n-zoroark,0534,slowking-scr
9,1196,p2,2503,alakazam-dudunsparce,2227,n-zoroark
9,1197,p1,3575,crustle-dri,3108,dragapult-dusknoir
9,1198,p2,3491,n-zoroark,3100,dragapult-dusknoir
9,1199,p1,0055,dragapult-ex,2783,festival-lead
9,1200,tie,3338,slowking-scr,1864,lucario-hariyama
9,1201,p1,0770,dragapult-blaziken,3292,dragapult-dusknoir
9,1202,tie,3723,ogerpon-meganium-arboliva,1040,beedrill-ex-cri
9,1203,p1,3391,basic-box-m,2646,dragapult-dusknoir
9,1204,p2,1193,dragapult-ex,2729,dragapult-ex
9,1205,p1,0407,dragapult-ex,3179,dragapult-ex
9,1206,p1,2619,n-zoroark,1669,alakazam-dudunsparce
9,1207,p2,3162,dragapult-ex,2660,dragapult-ex
9,1208,p2,0727,crustle-dri,1897,alakazam-dudunsparce
9,1209,p1,0136,lillie-clefairy,2184,dragapult-ex
9,1210,p2,1090,dragapult-ex,0941,raging-bolt-ogerpon
9,1211,p2,0315,raging-bolt-ogerpon,2973,rockets-honchkrow
9,1212,p2,0646,crustle-dri,0567,dragapult-ex
9,1213,p2,0934,dragapult-ex,1131,dragapult-ex
9,1214,p1,1961,dragapult-ex,1992,dragapult-ex
9,1215,p1,0231,dragapult-ex,0112,dragapult-ex
9,1216,p2,1252,alakazam-dudunsparce,2590,dragapult-ex
9,1217,p2,2085,dragapult-dusknoir,1543,basic-box-m
9,1218,p2,3424,n-zoroark,3651,dragapult-ex
9,1219,tie,0435,dragapult-ex,2548,raging-bolt-ogerpon
9,1220,p1,0471,dragapult-dusknoir,2316,dragapult-blaziken
9,1221,p2,2941,dragapult-ex,2831,dragapult-ex
9,1222,p1,2938,rocket-mewtwo-ex,2519,mega-absol-box
9,1223,tie,3094,dragapult-ex,2177,dragapult-ex
9,1224,p1,1456,dragapult-ex,2962,beedrill-ex-cri
9,1225,p1,1486,basic-box-m,2143,n-zoroark
9,1226,tie,0881,rocket-mewtwo-ex,0797,dragapult-ex
9,1227,p2,0962,dragapult-dusknoir,2180,dragapult-blaziken
9,1228,tie,3622,alakazam-dudunsparce,0297,n-zoroark
9,1229,p2,3190,mega-greninja-ex,3243,basic-box-m
9,1230,p1,1855,dragapult-ex,0960,alakazam-dudunsparce
9,1231,p1,2456,n-zoroark,2934,n-zoroark
9,1232,p2,2186,lopunny-dudunsparce,2494,dragapult-ex
9,1233,p1,2855,n-zoroark,0863,dragapult-ex
9,1234,p2,2330,dragapult-dusknoir,0852,dragapult-dudunsparce
9,1235,p2,0621,dragapult-dusknoir,1562,dragapult-ex
9,1236,tie,3128,crustle-dri,1232,n-zoroark
9,1237,p2,2642,ogerpon-meganium-hydrapple,2942,beedrill-ex-cri
9,1238,p2,2900,dragapult-dusknoir,1122,dragapult-ex
9,1239,p2,1270,n-zoroark,2634,alakazam-dudunsparce
9,1240,p2,0198,alakazam-dudunsparce,3669,dragapult-dusknoir
9,1241,p2,1140,dragapult-dusknoir,1752,n-zoroark
9,1242,p1,2554,ethan-typhlosion,1105,joltik-box
9,1243,p2,2460,dragapult-ex,0206,raging-bolt-ogerpon
9,1244,p2,0823,dragapult-ex,1710,lillie-clefairy
9,1245,p2,3408,dragapult-ex,1606,rockets-honchkrow
9,1246,p2,0149,metagross-cri,2536,basic-box-m
9,1247,p2,0513,dragapult-ex,1197,crustle-dri
9,1248,p2,0120,dragapult-ex,1525,dragapult-dusknoir
9,1249,p1,2296,crustle-dri,0423,dragapult-ex
9,1250,p1,2984,dragapult-ex,0185,dragapult-dusknoir
9,1251,p1,2645,alakazam-dudunsparce,1713,grimmsnarl-froslass
9,1252,p1,1053,slowking-scr,0553,dragapult-ex
9,1253,p1,1238,dragapult-ex,2411,okidogi-barbaracle
9,1254,tie,0295,dragapult-dusknoir,0568,dragapult-ex
9,1255,p2,3541,dragapult-ex,3165,lillie-clefairy
9,1256,p2,1134,slowking-scr,1391,dragapult-ex
9,1257,p2,0327,archaludon-dudunsparce,3483,n-zoroark
9,1258,p1,2040,basic-box-m,2947,festival-lead
9,1259,tie,3633,ogerpon-meganium-hydrapple,0106,dragapult-ex
9,1260,p1,0083,alakazam-dudunsparce,3320,alakazam-dudunsparce
9,1261,p2,2218,dragapult-ex,1394,dragapult-ex
9,1262,p1,3481,dragapult-ex,1445,alakazam-dudunsparce
9,1263,p2,1634,festival-lead,1863,dragapult-ex
9,1264,p1,2439,dragapult-ex,1578,alakazam-dudunsparce
9,1265,p2,0396,dragapult-dusknoir,2891,dragapult-ex
9,1266,p2,2349,dragapult-dusknoir,1102,dragapult-ex
9,1267,p1,1229,dragapult-ex,0892,rockets-honchkrow
9,1268,p1,0563,n-zoroark,1441,dragapult-ex
9,1269,p2,0244,dragapult-ex,0235,ogerpon-meganium-hydrapple
9,,bye,2023,dragapult-ex,,
10,1,tie,1519,crustle-dri,0458,crustle-dri
10,2,p1,2083,lillie-clefairy,2813,dragapult-ex
10,3,p1,0537,crustle-dri,3670,dragapult-blaziken
10,4,p1,2901,basic-box-m,1048,dragapult-ex
10,5,tie,3130,n-zoroark,1743,dragapult-ex
10,6,p2,0015,n-zoroark,0558,rocket-mewtwo-ex
10,7,p1,2114,ogerpon-meganium-hydrapple,1592,dragapult-ex
10,8,p2,1227,dragapult-ex,3280,n-zoroark
10,9,tie,3299,slowking-scr,3200,basic-box-m
10,10,tie,3422,dragapult-ex,0004,crustle-dri
10,11,p2,3104,dragapult-ex,1764,clefairy-ogerpon
10,12,p2,0389,dragapult-ex,1095,n-zoroark
10,13,p2,0976,dragapult-dusknoir,0795,dragapult-ex
10,14,p2,2562,dragapult-ex,3076,rocket-mewtwo-ex
10,15,tie,3049,dragapult-ex,3526,slowking-scr
10,16,p2,0031,dragapult-ex,3595,dragapult-ex
10,17,p1,3281,dragapult-ex,0552,dragapult-ex
10,18,p2,1291,slowking-scr,0010,n-zoroark
10,19,p1,0030,dragapult-ex,0307,crustle-dri
10,20,p2,3208,n-zoroark,3486,dragapult-dusknoir
10,21,p1,3671,dragapult-blaziken,2408,dragapult-ex
10,22,p2,0167,dragapult-ex,3655,dragapult-ex
10,23,p1,1852,dragapult-dusknoir,2907,ogerpon-meganium-hydrapple
10,24,tie,2160,n-zoroark,2809,n-zoroark
10,25,p1,3286,dragapult-ex,1783,dragapult-ex
10,26,tie,3267,dragapult-ex,1367,dragapult-dusknoir
10,27,p1,1497,dragapult-ex,3140,festival-lead
10,28,tie,0594,sylveon-pre,3282,dragapult-dusknoir
10,29,p1,1844,crustle-dri,0126,dragapult-dusknoir
10,30,tie,0521,crustle-dri,1461,dragapult-dusknoir
10,31,p1,0188,alakazam-dudunsparce,1848,slowking-scr
10,32,tie,1384,dragapult-dusknoir,2579,dragapult-ex
10,33,p2,1552,dragapult-ex,2134,dragapult-ex
10,34,p2,2230,basic-box-m,3025,dragapult-ex
10,35,p2,0762,dragapult-ex,3488,crustle-dri
10,36,p2,1965,dragapult-ex,0889,dragapult-ex
10,37,p2,0368,dragapult-dusknoir,2679,dragapult-ex
10,38,p1,1444,basic-box-m,2501,lucario-hariyama
10,39,p1,3209,dragapult-ex,1346,dragapult-ex
10,40,p1,1831,dragapult-blaziken,1431,ogerpon-meganium-hydrapple
10,41,p1,1483,n-zoroark,2739,metagross-cri
10,42,p1,3143,dragapult-blaziken,3300,dragapult-dusknoir
10,43,p1,3196,dragapult-ex,2115,dragapult-dusknoir
10,44,p2,3707,dragapult-blaziken,2950,n-zoroark
10,45,p2,2722,dragapult-ex,2922,dragapult-dusknoir
10,46,p1,2454,crustle-dri,2009,dragapult-ex
10,47,p1,2373,slowking-scr,1518,dragapult-ex
10,48,p1,0895,dragapult-ex,0290,alakazam-dudunsparce
10,49,p1,2539,lucario-hariyama,1182,dragapult-ex
10,50,p1,1029,n-zoroark,1210,dragapult-dusknoir
10,51,tie,3379,dragapult-ex,0619,crustle-dri
10,52,p2,0920,ogerpon-meganium-hydrapple,1516,crustle-dri
10,53,p1,0942,dragapult-ex,3326,dragapult-dusknoir
10,54,p1,3110,ceruledge-ex,1011,dragapult-dusknoir
10,55,tie,1117,dragapult-ex,0697,dragapult-ex
10,56,p2,3577,n-zoroark,0444,lillie-clefairy
10,57,tie,2216,alakazam-dudunsparce,1611,dragapult-ex
10,58,p2,2594,dragapult-ex,0358,ogerpon-meganium-hydrapple
10,59,p1,2231,slowking-scr,1876,n-zoroark
10,60,p2,2025,dragapult-ex,0165,alakazam-dudunsparce
10,61,p1,2563,grimmsnarl-froslass,1924,slowking-scr
10,62,p2,0473,n-zoroark,3197,n-zoroark
10,63,p1,3653,dragapult-dusknoir,1213,dragapult-blaziken
10,64,p2,0226,basic-box-m,0192,dragapult-ex
10,65,p1,1484,grimmsnarl-froslass,2606,dragapult-ex
10,66,p1,1685,dragapult-ex,0239,dragapult-ex
10,67,p1,3701,dragapult-ex,0102,n-zoroark
10,68,p1,2572,crustle-dri,2633,dragapult-ex
10,69,p2,0928,alakazam-dudunsparce,0869,ogerpon-meganium-hydrapple
10,70,tie,0107,ogerpon-meganium-hydrapple,3371,dragapult-ex
10,71,p1,1582,n-zoroark,1314,dragapult-ex
10,72,p1,3624,dragapult-ex,1416,dragapult-blaziken
10,73,p1,2627,dragapult-ex,0489,rockets-honchkrow
10,74,p2,0635,ogerpon-meganium-arboliva,2978,crustle-dri
10,75,p2,2423,raging-bolt-ogerpon,1916,dragapult-ex
10,76,p1,2738,dragapult-ex,2689,slowking-scr
10,77,p1,2820,dragapult-ex,0978,festival-lead
10,78,p2,2764,dragapult-dusknoir,1907,dragapult-ex
10,79,p2,2517,dragapult-ex,3021,dragapult-ex
10,80,p2,2236,rockets-honchkrow,1700,slowking-scr
10,81,p1,1893,dragapult-ex,3254,dragapult-ex
10,82,p1,0499,dragapult-ex,3560,ogerpon-meganium-hydrapple
10,83,p1,0175,slowking-scr,2338,dragapult-ex
10,84,p2,1494,dragapult-ex,2533,raging-bolt-ogerpon
10,85,p2,0059,crustle-dri,0729,mega-lucario-ex
10,86,p2,0805,dragapult-ex,0871,dragapult-ex
10,87,p2,0517,dragapult-ex,1319,dragapult-ex
10,88,p1,0419,dragapult-ex,2608,n-zoroark
10,89,tie,3308,dragapult-ex,2743,dragapult-ex
10,90,tie,3363,n-zoroark,1110,dragapult-ex
10,91,p2,1606,rockets-honchkrow,2553,dragapult-ex
10,92,p1,2419,dragapult-dusknoir,2682,ogerpon-meganium-hydrapple
10,93,p1,2058,dragapult-froslass,3729,dragapult-ex
10,94,tie,1557,dragapult-ex,0918,cynthia-garchomp-ex
10,95,p1,1360,dragapult-ex,0817,slowking-scr
10,96,tie,2692,crustle-dri,2149,slowking-scr
10,97,p1,1407,n-zoroark,3303,dragapult-dusknoir
10,98,p1,1197,crustle-dri,0434,n-zoroark
10,99,tie,0464,dragapult-ex,1855,dragapult-ex
10,100,p1,0369,alakazam-dudunsparce,3059,raging-bolt-ogerpon
10,101,p1,2536,basic-box-m,1897,alakazam-dudunsparce
10,102,p2,3298,dragapult-ex,1301,ogerpon-meganium-hydrapple
10,103,p1,0374,dragapult-ex,2729,dragapult-ex
10,104,p2,1802,slowking-scr,3165,lillie-clefairy
10,105,p1,0649,hops-trevenant,1758,beedrill-ex-cri
10,106,p1,2207,ogerpon-meganium-hydrapple,2299,dragapult-ex
10,107,p1,0471,dragapult-dusknoir,1966,alakazam-dudunsparce
10,108,p1,0171,sylveon-pre,1927,raging-bolt-ogerpon
10,109,p1,1911,ogerpon-meganium-hydrapple,2852,lucario-hariyama
10,110,p1,0770,dragapult-blaziken,1238,dragapult-ex
10,111,tie,1961,dragapult-ex,1847,dragapult-ex
10,112,p2,1562,dragapult-ex,0355,kangaskhan-bouffalant
10,113,p1,0206,raging-bolt-ogerpon,1214,raging-bolt-ogerpon
10,114,p2,1750,basic-box-m,0055,dragapult-ex
10,115,p2,1102,dragapult-ex,2112,dragapult-dusknoir
10,116,p2,2660,dragapult-ex,0221,dragapult-ex
10,117,tie,0054,basic-box-m,0567,dragapult-ex
10,118,p2,0922,dragapult-ex,2880,dragapult-ex
10,119,p2,0416,alakazam-dudunsparce,2973,rockets-honchkrow
10,120,tie,1623,dragapult-ex,1204,n-zoroark
10,121,p2,0235,ogerpon-meganium-hydrapple,2602,dragapult-dusknoir
10,122,p1,1486,basic-box-m,1555,dragapult-ex
10,123,p2,2797,dragapult-ex,2776,dragapult-ex
10,124,p1,1863,dragapult-ex,3481,dragapult-ex
10,125,p1,2984,dragapult-ex,2217,beedrill-ex-cri
10,126,p1,2402,crustle-dri,0790,dragapult-ex
10,127,tie,1752,n-zoroark,1451,dragapult-ex
10,128,p1,3575,crustle-dri,1178,basic-box-m
10,129,p2,0083,alakazam-dudunsparce,1595,dragapult-ex
10,130,tie,3712,dragapult-ex,1053,slowking-scr
10,131,p2,0946,n-zoroark,1888,alakazam-dudunsparce
10,132,tie,2079,dragapult-ex,0534,slowking-scr
10,133,p1,1006,dragapult-blaziken,2023,dragapult-ex
10,134,p1,1333,ogerpon-meganium-hydrapple,3089,mega-lucario-ex
10,135,p2,3243,basic-box-m,3658,slowking-scr
10,136,p2,0293,slowking-scr,2672,slowking-scr
10,137,p1,0231,dragapult-ex,1034,alakazam-dudunsparce
10,138,p1,2623,rockets-honchkrow,3100,dragapult-dusknoir
10,139,p1,1543,basic-box-m,2619,n-zoroark
10,140,p2,0963,basic-box-m,2256,beedrill-ex-cri
10,141,tie,1746,alakazam-dudunsparce,1365,ogerpon-meganium-hydrapple
10,142,p1,2966,dragapult-blaziken,0563,n-zoroark
10,143,tie,3391,basic-box-m,1338,ogerpon-meganium-hydrapple
10,144,p1,2389,dragapult-dudunsparce,2551,dragapult-ex
10,145,p1,0827,alakazam-dudunsparce,2456,n-zoroark
10,146,p1,2831,dragapult-ex,1229,dragapult-ex
10,147,p2,1968,dragapult-ex,1104,cynthia-garchomp-ex
10,148,p2,1122,dragapult-ex,0036,dragapult-ex
10,149,p1,2554,ethan-typhlosion,0672,dragapult-ex
10,150,p2,1574,lopunny-dudunsparce,2368,basic-box-m
10,151,p1,1525,dragapult-dusknoir,2590,dragapult-ex
10,152,p1,3346,dragapult-ex,2758,dragapult-blaziken
10,153,p1,1391,dragapult-ex,1845,rocket-mewtwo-ex
10,154,p2,2891,dragapult-ex,3329,crustle-dri
10,156,tie,2105,n-zoroark,2864,dragapult-dusknoir
10,157,p1,2103,cynthia-garchomp-ex,0313,dragapult-ex
10,158,p2,0412,dragapult-ex,2803,dragapult-ex
10,159,p1,0691,dragapult-ex,1131,dragapult-ex
10,160,p1,1456,dragapult-ex,3330,raging-bolt-ogerpon
10,161,p1,1080,hops-trevenant,3570,beedrill-ex-cri
10,162,tie,0932,alakazam-dudunsparce,1148,starmie-froslass
10,163,p1,0915,dragapult-ex,2305,dragapult-ex
10,164,tie,3546,rocket-mewtwo-ex,0852,dragapult-dudunsparce
10,165,p1,3339,dragapult-dusknoir,2634,alakazam-dudunsparce
10,166,p1,3283,dragapult-ex,0407,dragapult-ex
10,167,p2,3432,dragapult-ex,3214,dragapult-ex
10,168,tie,1585,dragapult-ex,2975,dragapult-ex
10,169,p1,1467,ethan-typhlosion,0768,crustle-dri
10,170,p1,1727,festival-lead,0941,raging-bolt-ogerpon
10,171,p2,0268,dragapult-dusknoir,2855,n-zoroark
10,172,p2,3404,alakazam-dudunsparce,3409,dragapult-dusknoir
10,173,p2,1644,dragapult-ex,0124,dragapult-dusknoir
10,174,p2,0873,basic-box-m,0253,dragapult-ex
10,175,p1,2494,dragapult-ex,2645,alakazam-dudunsparce
10,176,p1,0872,dragapult-ex,2258,dragapult-ex
10,177,p2,3669,dragapult-dusknoir,2439,dragapult-ex
10,178,p2,1394,dragapult-ex,0136,lillie-clefairy
10,179,p2,2040,basic-box-m,2126,rockets-honchkrow
10,180,p1,2007,ogerpon-meganium-hydrapple,1963,ogerpon-meganium-hydrapple
10,181,tie,2085,dragapult-dusknoir,1934,alakazam-dudunsparce
10,182,p2,3037,alakazam-dudunsparce,2938,rocket-mewtwo-ex
10,183,p1,3483,n-zoroark,0548,dragapult-ex
10,184,tie,0220,dragapult-ex,3288,raging-bolt-ogerpon
10,185,tie,2763,dragapult-ex,2724,n-zoroark
10,186,p2,3532,dragapult-ex,1710,lillie-clefairy
10,187,p1,2581,dragapult-ex,2180,dragapult-blaziken
10,188,p2,2296,crustle-dri,0950,slowking-scr
10,189,p2,0135,crustle-dri,2227,n-zoroark
10,190,p1,3163,basic-box-m,2569,dragapult-ex
10,191,p1,1544,dragapult-ex,1114,slowking-scr
10,192,tie,0367,alakazam-dudunsparce,0953,dragapult-dudunsparce
10,193,tie,3098,raging-bolt-ogerpon,0483,dragapult-ex
10,194,p1,3392,lillie-clefairy,3651,dragapult-ex
10,195,p1,3574,crustle-dri,1423,dragapult-ex
10,196,p1,3696,dragapult-ex,0679,dragapult-ex
10,197,p1,0560,basic-box-m,1015,n-zoroark
10,198,p1,2772,crustle-dri,3103,dragapult-ex
10,199,p1,3721,n-zoroark,2786,dragapult-ex
10,200,p1,2004,mega-greninja-ex,2618,dragapult-ex
10,201,tie,1803,ogerpon-meganium-hydrapple,3637,crustle-dri
10,202,p2,0669,dragapult-ex,0849,dragapult-ex
10,203,p2,0245,dragapult-ex,3431,dragapult-ex
10,204,p1,2942,beedrill-ex-cri,1909,mega-greninja-ex
10,205,p2,3588,dragapult-dusknoir,1294,crustle-dri
10,206,p2,2401,ogerpon-meganium-hydrapple,2315,dragapult-ex
10,207,p2,2799,crustle-dri,1107,dragapult-dusknoir
10,208,p2,0508,alakazam-dudunsparce,0630,dragapult-ex
10,209,p2,2443,dragapult-ex,1472,dragapult-ex
10,210,p2,3226,diancie-dusknoir,1198,dragapult-blaziken
10,211,p2,3029,rockets-honchkrow,1938,cynthia-garchomp-ex
10,212,p1,0319,dragapult-ex,3594,basic-box-m
10,213,p2,3221,ethan-typhlosion,0894,festival-lead
10,214,tie,1243,dragapult-ex,1247,crustle-dri
10,215,p1,1798,ogerpon-meganium-hydrapple,1019,dragapult-ex
10,216,tie,3271,ogerpon-meganium-hydrapple,2919,dragapult-ex
10,217,p2,3393,n-zoroark,0940,festival-lead
10,218,p1,1457,dragapult-ex,3065,dragapult-dusknoir
10,219,tie,1330,basic-box-m,1945,dragapult-blaziken
10,220,p1,1290,dragapult-ex,2310,n-zoroark
10,221,p2,0286,dragapult-ex,0629,dragapult-ex
10,222,p2,0772,ogerpon-meganium-hydrapple,2457,dragapult-ex
10,223,tie,3573,alakazam-dudunsparce,2032,dragapult-blaziken
10,224,p1,3723,ogerpon-meganium-arboliva,3040,raging-bolt-ogerpon
10,225,p1,1949,dragapult-ex,0297,n-zoroark
10,226,p1,2670,ogerpon-meganium-hydrapple,0106,dragapult-ex
10,227,p2,2264,slowking-scr,1645,dragapult-blaziken
10,228,tie,0753,metagross-cri,3027,dragapult-ex
10,229,p2,3128,crustle-dri,3633,ogerpon-meganium-hydrapple
10,230,p1,3426,n-zoroark,2836,dragapult-ex
10,231,p1,3641,dragapult-dusknoir,0071,dragapult-ex
10,232,tie,1086,alakazam-dudunsparce,1109,slowking-scr
10,233,p2,1083,cynthia-garchomp-ex,1155,n-zoroark
10,234,tie,1864,lucario-hariyama,0376,dragapult-ex
10,235,p2,2495,dragapult-ex,0919,crustle-dri
10,236,p2,0280,kangaskhan-bouffalant,2985,ogerpon-meganium-hydrapple
10,237,p2,0797,dragapult-ex,3622,alakazam-dudunsparce
10,238,p2,1154,ogerpon-meganium-hydrapple,0295,dragapult-dusknoir
10,239,p1,2829,dragapult-ex,1706,slowking-scr
10,240,p1,0998,dragapult-ex,1663,lopunny-dudunsparce
10,241,p2,1303,slowking-scr,2544,hops-trevenant
10,242,p1,2629,mega-lucario-ex,2313,dragapult-dusknoir
10,243,tie,2548,raging-bolt-ogerpon,1808,ogerpon-meganium-hydrapple
10,244,p1,3094,dragapult-ex,1226,dragapult-ex
10,245,p2,1244,dragapult-dusknoir,3611,dragapult-ex
10,246,p2,0501,stevens-metagross,1166,slowking-scr
10,247,p2,2719,alakazam-dudunsparce,0546,rocket-mewtwo-ex
10,248,p1,3106,dragapult-ex,0881,rocket-mewtwo-ex
10,249,tie,0570,cynthia-garchomp-ex,1600,dragapult-ex
10,250,p1,1348,dragapult-ex,3199,rockets-honchkrow
10,251,p1,3604,dragapult-ex,0568,dragapult-ex
10,252,p1,0465,dragapult-dusknoir,1040,beedrill-ex-cri
10,253,p2,0435,dragapult-ex,1232,n-zoroark
10,254,p1,2818,metagross-cri,0923,dragapult-ex
10,255,p1,2744,alakazam-dudunsparce,0592,n-zoroark
10,256,p2,0034,n-zoroark,3123,slowking-scr
10,257,p1,2055,dragapult-dusknoir,2997,dragapult-ex
10,258,p2,0478,dragapult-ex,3711,n-zoroark
10,259,p2,2089,crustle-dri,1024,alakazam-dudunsparce
10,260,p1,2177,dragapult-ex,3325,starmie-froslass
10,261,p2,3338,slowking-scr,1463,raging-bolt-ogerpon
10,262,p1,3356,basic-box-m,3542,dragapult-ex
10,263,p2,2316,dragapult-blaziken,0335,mega-greninja-ex
10,264,p1,0694,dragapult-ex,0783,dragapult-blaziken
10,265,p2,1269,basic-box-m,2503,alakazam-dudunsparce
10,266,p2,2342,ogerpon-meganium-hydrapple,3316,alakazam-dudunsparce
10,267,p2,2856,rockets-honchkrow,3079,rockets-honchkrow
10,268,tie,2143,n-zoroark,0826,beedrill-ex-cri
10,269,p2,0734,lucario-hariyama,1445,alakazam-dudunsparce
10,270,p2,1295,crustle-dri,2947,festival-lead
10,271,p1,0406,slowking-scr,3716,mega-greninja-ex
10,272,p2,3408,dragapult-ex,0621,dragapult-dusknoir
10,273,p2,2213,dragapult-dusknoir,3108,dragapult-dusknoir
10,274,p2,1041,slowking-scr,0960,alakazam-dudunsparce
10,275,p1,2697,rockets-honchkrow,1253,greninja-ex
10,276,p2,0723,dragapult-ex,2519,mega-absol-box
10,277,tie,0892,rockets-honchkrow,1124,raging-bolt-ogerpon
10,278,p1,0185,dragapult-dusknoir,2960,rocket-mewtwo-ex
10,279,p2,0404,dragapult-ex,0553,dragapult-ex
10,280,p1,2436,festival-lead,0423,dragapult-ex
10,281,p2,0160,mega-greninja-ex,2220,n-zoroark
10,282,p2,2411,okidogi-barbaracle,1641,raging-bolt-ogerpon
10,283,p2,0281,dragapult-ex,1140,dragapult-dusknoir
10,284,p2,1878,dragapult-ex,3162,dragapult-ex
10,285,p1,0653,slowking-scr,1731,dragapult-dusknoir
10,286,p2,1151,dragapult-dusknoir,3215,hops-trevenant
10,287,p1,3179,dragapult-ex,1340,dragapult-dusknoir
10,288,p1,1349,slowking-scr,0327,archaludon-dudunsparce
10,289,p2,3317,dragapult-dusknoir,0677,alakazam-dudunsparce
10,290,p1,2349,dragapult-dusknoir,2043,alakazam-dudunsparce
10,291,p1,3001,dragapult-ex,0065,alakazam-dudunsparce
10,292,p1,1713,grimmsnarl-froslass,1147,n-zoroark
10,293,p2,2186,lopunny-dudunsparce,2184,dragapult-ex
10,294,p2,1816,alakazam-dudunsparce,1180,dragapult-dusknoir
10,295,p1,3116,dragapult-ex,1134,slowking-scr
10,296,p2,1929,greninja-ex,1044,basic-box-m
10,297,tie,0244,dragapult-ex,1664,ogerpon-meganium-hydrapple
10,298,p2,2777,hops-trevenant,1193,dragapult-ex
10,299,p2,0763,dragapult-blaziken,3249,alakazam-dudunsparce
10,300,tie,1971,dragapult-blaziken,3101,alakazam-dudunsparce
10,301,p2,1634,festival-lead,0149,metagross-cri
10,302,tie,1669,alakazam-dudunsparce,0585,dragapult-blaziken
10,303,p1,1441,dragapult-ex,3341,dragapult-ex
10,304,p1,0315,raging-bolt-ogerpon,0513,dragapult-ex
10,305,p1,2646,dragapult-dusknoir,1090,dragapult-ex
10,306,p1,3689,dragapult-ex,2857,dragapult-ex
10,307,p2,1299,mega-greninja-ex,2783,festival-lead
10,308,p2,0198,alakazam-dudunsparce,3320,alakazam-dudunsparce
10,309,p2,3563,dragapult-ex,0120,dragapult-ex
10,310,p1,0651,dragapult-dusknoir,0494,dragapult-ex
10,311,p1,0961,dragapult-ex,2934,n-zoroark
10,312,p1,1270,n-zoroark,2330,dragapult-dusknoir
10,313,p2,0200,alakazam-dudunsparce,0646,crustle-dri
10,314,p1,1400,sharpedo-toxtricity,1559,raging-bolt-ogerpon
10,315,tie,0207,n-zoroark,3047,dragapult-ex
10,316,p1,1578,alakazam-dudunsparce,2461,ethan-typhlosion
10,317,p1,2288,lucario-hariyama,3424,n-zoroark
10,318,p1,2962,beedrill-ex-cri,0325,slowking-scr
10,319,p2,1651,raging-bolt-ogerpon,2182,alakazam-dudunsparce
10,320,p2,0962,dragapult-dusknoir,1948,slowking-scr
10,321,p1,3190,mega-greninja-ex,1343,dragapult-ex
10,322,p1,0396,dragapult-dusknoir,0112,dragapult-ex
10,323,p1,3541,dragapult-ex,0863,dragapult-ex
10,324,p2,1298,lopunny-dudunsparce,2900,dragapult-dusknoir
10,325,tie,3265,dragapult-blaziken,2218,dragapult-ex
10,326,p1,0823,dragapult-ex,0934,dragapult-ex
10,327,tie,3491,n-zoroark,2485,dragapult-blaziken
10,328,p1,0205,dragapult-ex,1872,crustle-dri
10,329,p1,1105,joltik-box,2311,lillie-clefairy
10,330,p2,2469,raging-bolt-ogerpon,3497,dragapult-ex
10,331,p1,2584,alakazam-dudunsparce,2146,slowking-scr
10,332,p2,2642,ogerpon-meganium-hydrapple,2941,dragapult-ex
10,333,p2,2460,dragapult-ex,3292,dragapult-dusknoir
10,334,p1,0074,dragapult-ex,0309,dragapult-ex
10,335,p1,0727,crustle-dri,1106,dragapult-ex
10,336,p1,2128,cynthia-garchomp-ex,2790,kangaskhan-bouffalant
10,337,p1,1992,dragapult-ex,2201,dragapult-ex
10,,bye,1455,rockets-honchkrow,,
11,1,p2,2083,lillie-clefairy,1519,crustle-dri
11,2,p1,0458,crustle-dri,0537,crustle-dri
11,3,p1,2114,ogerpon-meganium-hydrapple,1764,clefairy-ogerpon
11,4,p1,2901,basic-box-m,3280,n-zoroark
11,5,p1,0558,rocket-mewtwo-ex,1095,n-zoroark
11,6,p1,0795,dragapult-ex,2813,dragapult-ex
11,7,p2,3422,dragapult-ex,1497,dragapult-ex
11,8,p1,3670,dragapult-blaziken,1743,dragapult-ex
11,9,p1,3286,dragapult-ex,3671,dragapult-blaziken
11,10,p2,3076,rocket-mewtwo-ex,0030,dragapult-ex
11,11,p1,0010,n-zoroark,3486,dragapult-dusknoir
11,12,p1,3281,dragapult-ex,0004,crustle-dri
11,13,p1,3595,dragapult-ex,3025,dragapult-ex
11,14,p2,3299,slowking-scr,0188,alakazam-dudunsparce
11,15,p2,1852,dragapult-dusknoir,3655,dragapult-ex
11,16,p2,3130,n-zoroark,2134,dragapult-ex
11,17,p1,1844,crustle-dri,3200,basic-box-m
11,18,p1,2539,lucario-hariyama,3110,ceruledge-ex
11,19,p2,2563,grimmsnarl-froslass,2454,crustle-dri
11,20,p1,0015,n-zoroark,2950,n-zoroark
11,21,tie,1444,basic-box-m,0165,alakazam-dudunsparce
11,22,p2,1831,dragapult-blaziken,2373,slowking-scr
11,23,tie,0895,dragapult-ex,3488,crustle-dri
11,24,p1,2922,dragapult-dusknoir,2231,slowking-scr
11,25,p1,0942,dragapult-ex,1592,dragapult-ex
11,26,p2,3197,n-zoroark,1483,n-zoroark
11,27,p2,0889,dragapult-ex,0358,ogerpon-meganium-hydrapple
11,28,p2,1029,n-zoroark,3143,dragapult-blaziken
11,29,p1,3653,dragapult-dusknoir,3104,dragapult-ex
11,30,p1,0444,lillie-clefairy,1227,dragapult-ex
11,31,tie,3196,dragapult-ex,3209,dragapult-ex
11,32,p2,2679,dragapult-ex,1516,crustle-dri
11,33,p1,1048,dragapult-ex,1907,dragapult-ex
11,34,p2,1319,dragapult-ex,1582,n-zoroark
11,35,p1,3267,dragapult-ex,0869,ogerpon-meganium-hydrapple
11,36,p2,0871,dragapult-ex,2572,crustle-dri
11,37,tie,2809,n-zoroark,1461,dragapult-dusknoir
11,38,p1,0976,dragapult-dusknoir,3049,dragapult-ex
11,39,p1,0594,sylveon-pre,1685,dragapult-ex
11,40,p2,2627,dragapult-ex,0389,dragapult-ex
11,41,p1,1384,dragapult-dusknoir,2820,dragapult-ex
11,42,p2,0729,mega-lucario-ex,0192,dragapult-ex
11,43,p1,3701,dragapult-ex,1484,grimmsnarl-froslass
11,44,p2,3624,dragapult-ex,0521,crustle-dri
11,45,p1,2978,crustle-dri,2160,n-zoroark
11,46,p1,3282,dragapult-dusknoir,0499,dragapult-ex
11,47,p2,1916,dragapult-ex,0419,dragapult-ex
11,48,p1,2533,raging-bolt-ogerpon,3021,dragapult-ex
11,49,p2,1367,dragapult-dusknoir,2738,dragapult-ex
11,50,p1,3526,slowking-scr,0175,slowking-scr
11,51,p1,2579,dragapult-ex,1700,slowking-scr
11,52,p2,1893,dragapult-ex,0036,dragapult-ex
11,53,p2,3392,lillie-clefairy,1117,dragapult-ex
11,54,p1,0231,dragapult-ex,2581,dragapult-ex
11,55,p1,0762,dragapult-ex,0915,dragapult-ex
11,56,p2,1710,lillie-clefairy,0827,alakazam-dudunsparce
11,57,p2,0770,dragapult-blaziken,2230,basic-box-m
11,58,p1,0124,dragapult-dusknoir,2672,slowking-scr
11,59,p2,2623,rockets-honchkrow,3658,slowking-scr
11,60,tie,0374,dragapult-ex,1783,dragapult-ex
11,61,p1,2803,dragapult-ex,0355,kangaskhan-bouffalant
11,62,p1,2831,dragapult-ex,1006,dragapult-blaziken
11,63,p1,0055,dragapult-ex,0221,dragapult-ex
11,64,p1,1333,ogerpon-meganium-hydrapple,2973,rockets-honchkrow
11,65,tie,2227,n-zoroark,0031,dragapult-ex
11,66,p2,2389,dragapult-dudunsparce,1080,hops-trevenant
11,67,p2,2256,beedrill-ex-cri,1467,ethan-typhlosion
11,68,p2,2126,rockets-honchkrow,1486,basic-box-m
11,69,p2,0950,slowking-scr,1525,dragapult-dusknoir
11,70,p1,3165,lillie-clefairy,0206,raging-bolt-ogerpon
11,71,p2,2494,dragapult-ex,2855,n-zoroark
11,72,p1,0471,dragapult-dusknoir,3346,dragapult-ex
11,73,p2,2562,dragapult-ex,1104,cynthia-garchomp-ex
11,74,p1,3214,dragapult-ex,2907,ogerpon-meganium-hydrapple
11,75,p1,2402,crustle-dri,2984,dragapult-ex
11,76,p1,3283,dragapult-ex,1727,festival-lead
11,77,p2,2207,ogerpon-meganium-hydrapple,1407,n-zoroark
11,78,p2,0552,dragapult-ex,2880,dragapult-ex
11,79,p2,1291,slowking-scr,0697,dragapult-ex
11,80,p2,1544,dragapult-ex,0136,lillie-clefairy
11,81,p1,1543,basic-box-m,3208,n-zoroark
11,82,p2,1888,alakazam-dudunsparce,2554,ethan-typhlosion
11,83,p2,2536,basic-box-m,1611,dragapult-ex
11,84,p2,0126,dragapult-dusknoir,2966,dragapult-blaziken
11,85,tie,3483,n-zoroark,1848,slowking-scr
11,86,p1,1456,dragapult-ex,2058,dragapult-froslass
11,87,p1,3379,dragapult-ex,3329,crustle-dri
11,88,tie,3163,basic-box-m,0253,dragapult-ex
11,89,p1,3575,crustle-dri,2942,beedrill-ex-cri
11,90,tie,3140,festival-lead,2216,alakazam-dudunsparce
11,91,p2,0872,dragapult-ex,1595,dragapult-ex
11,92,p1,3339,dragapult-dusknoir,3574,crustle-dri
11,93,p2,2439,dragapult-ex,2112,dragapult-dusknoir
11,94,p2,1552,dragapult-ex,1863,dragapult-ex
11,95,p1,2419,dragapult-dusknoir,2368,basic-box-m
11,96,p2,0619,crustle-dri,1391,dragapult-ex
11,97,p1,0307,crustle-dri,0649,hops-trevenant
11,98,p1,2553,dragapult-ex,2602,dragapult-dusknoir
11,99,tie,1197,crustle-dri,0691,dragapult-ex
11,100,p1,3409,dragapult-dusknoir,1301,ogerpon-meganium-hydrapple
11,101,tie,0167,dragapult-ex,2938,rocket-mewtwo-ex
11,102,p1,2408,dragapult-ex,0369,alakazam-dudunsparce
11,103,p2,1360,dragapult-ex,1182,dragapult-ex
11,104,p1,0226,basic-box-m,3707,dragapult-blaziken
11,105,p1,1011,dragapult-dusknoir,2004,mega-greninja-ex
11,106,p2,0894,festival-lead,1213,dragapult-blaziken
11,107,p1,1290,dragapult-ex,1210,dragapult-dusknoir
11,108,p2,1651,raging-bolt-ogerpon,1927,raging-bolt-ogerpon
11,109,p1,1911,ogerpon-meganium-hydrapple,0817,slowking-scr
11,110,p2,1457,dragapult-ex,0630,dragapult-ex
11,111,p2,1107,dragapult-dusknoir,0920,ogerpon-meganium-hydrapple
11,112,p2,1431,ogerpon-meganium-hydrapple,3371,dragapult-ex
11,113,p2,2315,dragapult-ex,0319,dragapult-ex
11,114,tie,3431,dragapult-ex,0849,dragapult-ex
11,115,p2,0290,alakazam-dudunsparce,3300,dragapult-dusknoir
11,116,p1,2722,dragapult-ex,1198,dragapult-blaziken
11,117,p1,1346,dragapult-ex,1798,ogerpon-meganium-hydrapple
11,118,p2,3577,n-zoroark,2739,metagross-cri
11,119,p2,2009,dragapult-ex,1924,slowking-scr
11,120,tie,3696,dragapult-ex,1294,crustle-dri
11,121,p1,1876,n-zoroark,0560,basic-box-m
11,122,p1,0940,festival-lead,0473,n-zoroark
11,123,p1,2457,dragapult-ex,1938,cynthia-garchomp-ex
11,124,p2,2594,dragapult-ex,3721,n-zoroark
11,125,p2,2501,lucario-hariyama,2025,dragapult-ex
11,126,p1,0368,dragapult-dusknoir,1472,dragapult-ex
11,127,p1,1965,dragapult-ex,0107,ogerpon-meganium-hydrapple
11,128,p2,2115,dragapult-dusknoir,3308,dragapult-ex
11,129,p1,3326,dragapult-dusknoir,1518,dragapult-ex
11,130,p1,2772,crustle-dri,0629,dragapult-ex
11,131,tie,1623,dragapult-ex,2692,crustle-dri
11,132,p2,1226,dragapult-ex,2079,dragapult-ex
11,133,p2,0548,dragapult-ex,2023,dragapult-ex
11,134,p1,2149,slowking-scr,3560,ogerpon-meganium-hydrapple
11,135,p1,3622,alakazam-dudunsparce,2763,dragapult-ex
11,136,p2,1338,ogerpon-meganium-hydrapple,1585,dragapult-ex
11,137,p1,3723,ogerpon-meganium-arboliva,2606,dragapult-ex
11,138,p2,0546,rocket-mewtwo-ex,0978,festival-lead
11,139,p1,3711,n-zoroark,0635,ogerpon-meganium-arboliva
11,140,p2,2744,alakazam-dudunsparce,0918,cynthia-garchomp-ex
11,141,p2,2236,rockets-honchkrow,3254,dragapult-ex
11,142,p2,2055,dragapult-dusknoir,2177,dragapult-ex
11,143,p2,0239,dragapult-ex,0465,dragapult-dusknoir
11,144,p2,1494,dragapult-ex,1855,dragapult-ex
11,145,p1,2864,dragapult-dusknoir,0953,dragapult-dudunsparce
11,146,p2,1155,n-zoroark,0489,rockets-honchkrow
11,147,p1,2633,dragapult-ex,2629,mega-lucario-ex
11,148,p2,1463,raging-bolt-ogerpon,1314,dragapult-ex
11,149,p1,3123,slowking-scr,0220,dragapult-ex
11,150,p1,2724,n-zoroark,0852,dragapult-dudunsparce
11,151,p2,0483,dragapult-ex,1348,dragapult-ex
11,152,p1,1232,n-zoroark,0102,n-zoroark
11,153,p2,0805,dragapult-ex,1053,slowking-scr
11,154,p1,2608,n-zoroark,2818,metagross-cri
11,156,p2,2105,n-zoroark,3391,basic-box-m
11,157,p2,2776,dragapult-ex,2103,cynthia-garchomp-ex
11,158,p2,2829,dragapult-ex,1746,alakazam-dudunsparce
11,159,p1,3094,dragapult-ex,1365,ogerpon-meganium-hydrapple
11,160,p2,1148,starmie-froslass,1451,dragapult-ex
11,161,p1,1961,dragapult-ex,1024,alakazam-dudunsparce
11,162,p1,2985,ogerpon-meganium-hydrapple,3611,dragapult-ex
11,163,p1,3363,n-zoroark,2423,raging-bolt-ogerpon
11,164,p2,3633,ogerpon-meganium-hydrapple,0517,dragapult-ex
11,165,p2,3641,dragapult-dusknoir,3106,dragapult-ex
11,166,p2,0932,alakazam-dudunsparce,0295,dragapult-dusknoir
11,167,p2,1416,dragapult-blaziken,3426,n-zoroark
11,168,p2,3098,raging-bolt-ogerpon,0998,dragapult-ex
11,169,p1,2544,hops-trevenant,1166,slowking-scr
11,170,tie,2689,slowking-scr,2338,dragapult-ex
11,171,p1,0464,dragapult-ex,1847,dragapult-ex
11,172,p1,3288,raging-bolt-ogerpon,0054,basic-box-m
11,173,p2,2743,dragapult-ex,1949,dragapult-ex
11,174,p2,2670,ogerpon-meganium-hydrapple,0367,alakazam-dudunsparce
11,175,p2,2764,dragapult-dusknoir,0919,crustle-dri
11,176,tie,0567,dragapult-ex,3604,dragapult-ex
11,177,tie,2517,dragapult-ex,1204,n-zoroark
11,178,p1,0059,crustle-dri,1557,dragapult-ex
11,179,tie,1110,dragapult-ex,2975,dragapult-ex
11,180,tie,1455,rockets-honchkrow,2007,ogerpon-meganium-hydrapple
11,181,tie,1303,slowking-scr,1934,alakazam-dudunsparce
11,182,p2,1752,n-zoroark,3546,rocket-mewtwo-ex
11,183,p1,0928,alakazam-dudunsparce,3712,dragapult-ex
11,184,tie,1645,dragapult-blaziken,3249,alakazam-dudunsparce
11,185,p1,1034,alakazam-dudunsparce,0135,crustle-dri
11,186,p2,1641,raging-bolt-ogerpon,2299,dragapult-ex
11,187,p2,2758,dragapult-blaziken,3330,raging-bolt-ogerpon
11,188,p1,3651,dragapult-ex,3689,dragapult-ex
11,189,p2,1441,dragapult-ex,2184,dragapult-ex
11,190,p2,0963,basic-box-m,1713,grimmsnarl-froslass
11,191,p2,1948,slowking-scr,1992,dragapult-ex
11,192,p2,2569,dragapult-ex,0922,dragapult-ex
11,193,p1,0563,n-zoroark,1243,dragapult-ex
11,194,p1,1802,slowking-scr,3059,raging-bolt-ogerpon
11,195,p1,0946,n-zoroark,1644,dragapult-ex
11,196,p2,1394,dragapult-ex,3532,dragapult-ex
11,197,p2,3243,basic-box-m,3116,dragapult-ex
11,198,tie,1555,dragapult-ex,1606,rockets-honchkrow
11,199,p1,2296,crustle-dri,0185,dragapult-dusknoir
11,200,p1,3292,dragapult-dusknoir,2697,rockets-honchkrow
11,201,p2,1574,lopunny-dudunsparce,0335,mega-greninja-ex
11,202,p1,0205,dragapult-ex,1966,alakazam-dudunsparce
11,203,p2,3190,mega-greninja-ex,2646,dragapult-dusknoir
11,204,p1,2947,festival-lead,1909,mega-greninja-ex
11,205,tie,0171,sylveon-pre,1140,dragapult-dusknoir
11,206,tie,1400,sharpedo-toxtricity,0149,metagross-cri
11,207,p2,2258,dragapult-ex,2919,dragapult-ex
11,208,p1,0553,dragapult-ex,3729,dragapult-ex
11,209,p2,1270,n-zoroark,0768,crustle-dri
11,210,tie,0074,dragapult-ex,0790,dragapult-ex
11,211,p1,0941,raging-bolt-ogerpon,1122,dragapult-ex
11,212,p2,3669,dragapult-dusknoir,1445,alakazam-dudunsparce
11,213,p1,0120,dragapult-ex,1229,dragapult-ex
11,214,p2,1180,dragapult-dusknoir,3089,mega-lucario-ex
11,215,tie,0315,raging-bolt-ogerpon,2436,festival-lead
11,216,p2,0083,alakazam-dudunsparce,1578,alakazam-dudunsparce
11,217,p1,2783,festival-lead,0293,slowking-scr
11,218,p1,2900,dragapult-dusknoir,2217,beedrill-ex-cri
11,219,p1,1238,dragapult-ex,2349,dragapult-dusknoir
11,220,p1,0407,dragapult-ex,2220,n-zoroark
11,221,p1,3215,hops-trevenant,1044,basic-box-m
11,222,p2,1102,dragapult-ex,3079,rockets-honchkrow
11,223,p1,0396,dragapult-dusknoir,1803,ogerpon-meganium-hydrapple
11,224,tie,3432,dragapult-ex,2519,mega-absol-box
11,225,p1,0653,slowking-scr,3108,dragapult-dusknoir
11,226,p1,2305,dragapult-ex,3541,dragapult-ex
11,227,p1,0672,dragapult-ex,3404,alakazam-dudunsparce
11,228,p2,2962,beedrill-ex-cri,0694,dragapult-ex
11,229,p1,3298,dragapult-ex,2660,dragapult-ex
11,230,p2,0646,crustle-dri,3001,dragapult-ex
11,231,p2,1968,dragapult-ex,0621,dragapult-dusknoir
11,232,p1,2729,dragapult-ex,0873,basic-box-m
11,233,p1,1562,dragapult-ex,3573,alakazam-dudunsparce
11,234,p2,3179,dragapult-ex,1945,dragapult-blaziken
11,235,tie,2128,cynthia-garchomp-ex,1750,basic-box-m
11,236,tie,3271,ogerpon-meganium-hydrapple,2180,dragapult-blaziken
11,237,p2,1105,joltik-box,3637,crustle-dri
11,238,p1,0677,alakazam-dudunsparce,3303,dragapult-dusknoir
11,239,tie,3570,beedrill-ex-cri,3356,basic-box-m
11,240,p2,1193,dragapult-ex,0960,alakazam-dudunsparce
11,241,p2,0961,dragapult-ex,2584,alakazam-dudunsparce
11,242,p2,1214,raging-bolt-ogerpon,1114,slowking-scr
11,243,p2,1178,basic-box-m,0823,dragapult-ex
11,244,p1,1330,basic-box-m,0313,dragapult-ex
11,245,p2,2182,alakazam-dudunsparce,2456,n-zoroark
11,246,tie,1247,crustle-dri,3100,dragapult-dusknoir
11,247,p1,0235,ogerpon-meganium-hydrapple,2288,lucario-hariyama
11,248,p2,0412,dragapult-ex,3316,alakazam-dudunsparce
11,249,tie,1349,slowking-scr,0406,slowking-scr
11,250,p2,1845,rocket-mewtwo-ex,2682,ogerpon-meganium-hydrapple
11,251,p1,2797,dragapult-ex,3481,dragapult-ex
11,252,tie,2941,dragapult-ex,2503,alakazam-dudunsparce
11,253,p1,1758,beedrill-ex-cri,0268,dragapult-dusknoir
11,254,p2,2040,basic-box-m,0416,alakazam-dudunsparce
11,255,p2,2645,alakazam-dudunsparce,2891,dragapult-ex
11,256,p2,0434,n-zoroark,3497,dragapult-ex
11,257,tie,2634,alakazam-dudunsparce,1131,dragapult-ex
11,258,tie,3162,dragapult-ex,0727,crustle-dri
11,259,p1,0651,dragapult-dusknoir,2619,n-zoroark
11,260,p2,2590,dragapult-ex,2551,dragapult-ex
11,261,p1,3037,alakazam-dudunsparce,3320,alakazam-dudunsparce
11,262,p1,1897,alakazam-dudunsparce,1086,alakazam-dudunsparce
11,263,p1,2786,dragapult-ex,0376,dragapult-ex
11,264,p1,0669,dragapult-ex,1423,dragapult-ex
11,265,p1,0245,dragapult-ex,1864,lucario-hariyama
11,266,p1,1109,slowking-scr,2310,n-zoroark
11,267,p2,2799,crustle-dri,0753,metagross-cri
11,268,p1,3393,n-zoroark,0508,alakazam-dudunsparce
11,269,p1,2618,dragapult-ex,3221,ethan-typhlosion
11,270,p2,0772,ogerpon-meganium-hydrapple,2032,dragapult-blaziken
11,271,p2,3226,diancie-dusknoir,1808,ogerpon-meganium-hydrapple
11,272,p2,2401,ogerpon-meganium-hydrapple,3103,dragapult-ex
11,273,p1,0286,dragapult-ex,1015,n-zoroark
11,274,p1,2443,dragapult-ex,0570,cynthia-garchomp-ex
11,275,p1,1600,dragapult-ex,3027,dragapult-ex
11,276,tie,3029,rockets-honchkrow,0679,dragapult-ex
11,277,p2,3594,basic-box-m,3588,dragapult-dusknoir
11,278,p1,1019,dragapult-ex,2548,raging-bolt-ogerpon
11,279,p2,3065,dragapult-dusknoir,2089,crustle-dri
11,280,p1,0244,dragapult-ex,3338,slowking-scr
11,281,tie,1663,lopunny-dudunsparce,0034,n-zoroark
11,282,p2,0280,kangaskhan-bouffalant,1244,dragapult-dusknoir
11,283,p1,2085,dragapult-dusknoir,1040,beedrill-ex-cri
11,284,p2,0923,dragapult-ex,2997,dragapult-ex
11,285,p1,1971,dragapult-blaziken,3325,starmie-froslass
11,286,p1,2836,dragapult-ex,2143,n-zoroark
11,287,p1,1669,alakazam-dudunsparce,0534,slowking-scr
11,288,p2,1124,raging-bolt-ogerpon,0207,n-zoroark
11,289,p2,3199,rockets-honchkrow,0892,rockets-honchkrow
11,290,p2,2313,dragapult-dusknoir,1154,ogerpon-meganium-hydrapple
11,291,p1,0435,dragapult-ex,0501,stevens-metagross
11,292,p1,1706,slowking-scr,0585,dragapult-blaziken
11,293,p2,3265,dragapult-blaziken,1664,ogerpon-meganium-hydrapple
11,294,p2,2485,dragapult-blaziken,0797,dragapult-ex
11,295,p1,2264,slowking-scr,0592,n-zoroark
11,296,p2,1083,cynthia-garchomp-ex,0568,dragapult-ex
11,297,p1,3128,crustle-dri,0071,dragapult-ex
11,298,p2,0297,n-zoroark,2218,dragapult-ex
11,299,p1,2719,alakazam-dudunsparce,3040,raging-bolt-ogerpon
11,300,p1,0106,dragapult-ex,3491,n-zoroark
11,301,p2,0881,rocket-mewtwo-ex,0478,dragapult-ex
11,302,p1,3047,dragapult-ex,0826,beedrill-ex-cri
11,303,p1,3101,alakazam-dudunsparce,2495,dragapult-ex
11,304,tie,1340,dragapult-dusknoir,1878,dragapult-ex
11,305,p1,3408,dragapult-ex,3716,mega-greninja-ex
11,306,p1,0494,dragapult-ex,1299,mega-greninja-ex
11,307,tie,1298,lopunny-dudunsparce,2201,dragapult-ex
11,308,p2,3542,dragapult-ex,0763,dragapult-blaziken
11,309,p1,2790,kangaskhan-bouffalant,1731,dragapult-dusknoir
11,310,p2,1269,basic-box-m,2411,okidogi-barbaracle
11,311,p1,1106,dragapult-ex,2342,ogerpon-meganium-hydrapple
11,312,p2,1041,slowking-scr,2186,lopunny-dudunsparce
11,313,p1,1147,n-zoroark,0309,dragapult-ex
11,314,p1,2043,alakazam-dudunsparce,1151,dragapult-dusknoir
11,315,tie,3424,n-zoroark,1343,dragapult-ex
11,316,p2,0198,alakazam-dudunsparce,0327,archaludon-dudunsparce
11,317,p1,1634,festival-lead,1559,raging-bolt-ogerpon
11,318,p2,3563,dragapult-ex,0325,slowking-scr
11,319,tie,0783,dragapult-blaziken,2934,n-zoroark
11,320,p1,0065,alakazam-dudunsparce,2461,ethan-typhlosion
11,321,p1,0112,dragapult-ex,3341,dragapult-ex
11,322,p1,1295,crustle-dri,2857,dragapult-ex
11,323,p1,0200,alakazam-dudunsparce,2469,raging-bolt-ogerpon
11,324,p1,2460,dragapult-ex,0281,dragapult-ex
11,325,p1,0404,dragapult-ex,2146,slowking-scr
11,326,p2,1929,greninja-ex,1816,alakazam-dudunsparce
11,327,p2,3317,dragapult-dusknoir,0723,dragapult-ex
11,328,p1,2213,dragapult-dusknoir,0863,dragapult-ex
11,329,p1,2316,dragapult-blaziken,2852,lucario-hariyama
11,330,p1,1872,crustle-dri,2642,ogerpon-meganium-hydrapple
11,331,p1,0160,mega-greninja-ex,2960,rocket-mewtwo-ex
11,332,p1,0962,dragapult-dusknoir,0734,lucario-hariyama
11,333,p1,1253,greninja-ex,0423,dragapult-ex
11,334,p2,0934,dragapult-ex,2330,dragapult-dusknoir
11,335,p1,2777,hops-trevenant,1134,slowking-scr
11,336,p2,1963,ogerpon-meganium-hydrapple,2856,rockets-honchkrow
11,337,tie,1090,dragapult-ex,2311,lillie-clefairy
12,1,p2,0458,crustle-dri,0558,rocket-mewtwo-ex
12,2,p1,1519,crustle-dri,2901,basic-box-m
12,3,p1,2083,lillie-clefairy,2114,ogerpon-meganium-hydrapple
12,4,p1,0795,dragapult-ex,0010,n-zoroark
12,5,p1,3670,dragapult-blaziken,3281,dragapult-ex
12,6,p2,1844,crustle-dri,1497,dragapult-ex
12,7,p1,3655,dragapult-ex,2134,dragapult-ex
12,8,p1,0537,crustle-dri,3595,dragapult-ex
12,9,p1,0030,dragapult-ex,0188,alakazam-dudunsparce
12,10,p1,3286,dragapult-ex,1764,clefairy-ogerpon
12,11,tie,3653,dragapult-dusknoir,3280,n-zoroark
12,12,p1,2539,lucario-hariyama,1483,n-zoroark
12,13,p1,2373,slowking-scr,0444,lillie-clefairy
12,14,p2,0358,ogerpon-meganium-hydrapple,3143,dragapult-blaziken
12,15,p2,1516,crustle-dri,2922,dragapult-dusknoir
12,16,p2,0942,dragapult-ex,2454,crustle-dri
12,17,p1,1048,dragapult-ex,0015,n-zoroark
12,18,p1,3282,dragapult-dusknoir,2978,crustle-dri
12,19,p1,0521,crustle-dri,2579,dragapult-ex
12,20,p2,2738,dragapult-ex,1582,n-zoroark
12,21,p1,3526,slowking-scr,1384,dragapult-dusknoir
12,22,p2,3701,dragapult-ex,0594,sylveon-pre
12,23,p1,2572,crustle-dri,0976,dragapult-dusknoir
12,24,p1,0389,dragapult-ex,0192,dragapult-ex
12,25,p2,0419,dragapult-ex,2533,raging-bolt-ogerpon
12,26,p1,1095,n-zoroark,3267,dragapult-ex
12,27,p2,2419,dragapult-dusknoir,1080,hops-trevenant
12,28,p1,3200,basic-box-m,3283,dragapult-ex
12,29,p1,3379,dragapult-ex,1391,dragapult-ex
12,30,p2,1595,dragapult-ex,0231,dragapult-ex
12,31,tie,0307,crustle-dri,2112,dragapult-dusknoir
12,32,p2,3299,slowking-scr,1407,n-zoroark
12,33,p1,1611,dragapult-ex,3076,rocket-mewtwo-ex
12,34,p1,0136,lillie-clefairy,0055,dragapult-ex
12,35,p1,2402,crustle-dri,2408,dragapult-ex
12,36,p2,3575,crustle-dri,3339,dragapult-dusknoir
12,37,tie,3209,dragapult-ex,2831,dragapult-ex
12,38,p2,1486,basic-box-m,1525,dragapult-dusknoir
12,39,p1,2966,dragapult-blaziken,3658,slowking-scr
12,40,p1,3196,dragapult-ex,2554,ethan-typhlosion
12,41,p2,1852,dragapult-dusknoir,3130,n-zoroark
12,42,p1,3165,lillie-clefairy,3025,dragapult-ex
12,43,p1,3486,dragapult-dusknoir,0471,dragapult-dusknoir
12,44,p2,0124,dragapult-dusknoir,3671,dragapult-blaziken
12,45,p1,0004,crustle-dri,0762,dragapult-ex
12,46,tie,0827,alakazam-dudunsparce,2813,dragapult-ex
12,47,p1,0697,dragapult-ex,0036,dragapult-ex
12,48,tie,3422,dragapult-ex,2855,n-zoroark
12,49,tie,2553,dragapult-ex,2803,dragapult-ex
12,50,tie,1117,dragapult-ex,1743,dragapult-ex
12,51,tie,1456,dragapult-ex,0165,alakazam-dudunsparce
12,52,tie,3214,dragapult-ex,3488,crustle-dri
12,53,tie,1863,dragapult-ex,1104,cynthia-garchomp-ex
12,54,p2,1543,basic-box-m,1444,basic-box-m
12,55,p1,2230,basic-box-m,3409,dragapult-dusknoir
12,56,p1,1467,ethan-typhlosion,1333,ogerpon-meganium-hydrapple
12,57,p2,2880,dragapult-ex,0920,ogerpon-meganium-hydrapple
12,58,p1,1965,dragapult-ex,1011,dragapult-dusknoir
12,59,p2,3197,n-zoroark,1831,dragapult-blaziken
12,60,p1,3300,dragapult-dusknoir,2950,n-zoroark
12,61,p2,2457,dragapult-ex,1213,dragapult-blaziken
12,62,p2,0630,dragapult-ex,2679,dragapult-ex
12,63,p2,2025,dragapult-ex,1461,dragapult-dusknoir
12,64,p1,1876,n-zoroark,1346,dragapult-ex
12,65,p2,1592,dragapult-ex,0226,basic-box-m
12,66,p1,2722,dragapult-ex,0889,dragapult-ex
12,67,p1,2563,grimmsnarl-froslass,0940,festival-lead
12,68,p1,1290,dragapult-ex,3104,dragapult-ex
12,69,p1,2231,slowking-scr,2772,crustle-dri
12,70,tie,3326,dragapult-dusknoir,3371,dragapult-ex
12,71,p2,3308,dragapult-ex,1227,dragapult-ex
12,72,p1,1924,slowking-scr,2739,metagross-cri
12,73,tie,1029,n-zoroark,1182,dragapult-ex
12,74,p2,0319,dragapult-ex,3721,n-zoroark
12,75,p1,3110,ceruledge-ex,0368,dragapult-dusknoir
12,76,p1,2809,n-zoroark,1893,dragapult-ex
12,77,p1,1348,dragapult-ex,2938,rocket-mewtwo-ex
12,78,p2,1367,dragapult-dusknoir,1319,dragapult-ex
12,79,p1,0367,alakazam-dudunsparce,1197,crustle-dri
12,80,p1,2608,n-zoroark,3546,rocket-mewtwo-ex
12,81,p2,1232,n-zoroark,2724,n-zoroark
12,82,p1,1961,dragapult-ex,0998,dragapult-ex
12,83,p1,1855,dragapult-ex,3140,festival-lead
12,84,p2,3723,ogerpon-meganium-arboliva,2149,slowking-scr
12,85,p1,0919,crustle-dri,3624,dragapult-ex
12,86,p2,1949,dragapult-ex,0253,dragapult-ex
12,87,p2,3391,basic-box-m,1746,alakazam-dudunsparce
12,88,p1,0167,dragapult-ex,0691,dragapult-ex
12,89,tie,2820,dragapult-ex,0871,dragapult-ex
12,90,p1,0729,mega-lucario-ex,0031,dragapult-ex
12,91,tie,1451,dragapult-ex,2216,alakazam-dudunsparce
12,92,p2,0928,alakazam-dudunsparce,3363,n-zoroark
12,93,p1,3711,n-zoroark,0978,festival-lead
12,94,p2,0175,slowking-scr,2227,n-zoroark
12,95,p2,0295,dragapult-dusknoir,2864,dragapult-dusknoir
12,96,p2,3254,dragapult-ex,3106,dragapult-ex
12,97,p1,1585,dragapult-ex,1314,dragapult-ex
12,98,p1,1783,dragapult-ex,2544,hops-trevenant
12,99,p2,1053,slowking-scr,3123,slowking-scr
12,100,p1,2633,dragapult-ex,3094,dragapult-ex
12,101,p1,3483,n-zoroark,0059,crustle-dri
12,102,tie,1685,dragapult-ex,2985,ogerpon-meganium-hydrapple
12,103,p2,1907,dragapult-ex,1848,slowking-scr
12,104,p2,3049,dragapult-ex,1700,slowking-scr
12,105,p2,3021,dragapult-ex,0465,dragapult-dusknoir
12,106,p1,0464,dragapult-ex,2627,dragapult-ex
12,107,p1,2160,n-zoroark,0918,cynthia-garchomp-ex
12,109,p2,1911,ogerpon-meganium-hydrapple,1294,crustle-dri
12,110,p2,3426,n-zoroark,0499,dragapult-ex
12,111,p1,3163,basic-box-m,2177,dragapult-ex
12,112,p2,0517,dragapult-ex,0374,dragapult-ex
12,113,p2,1484,grimmsnarl-froslass,3622,alakazam-dudunsparce
12,114,p1,3288,raging-bolt-ogerpon,1916,dragapult-ex
12,115,p2,0869,ogerpon-meganium-hydrapple,0489,rockets-honchkrow
12,116,p1,1445,alakazam-dudunsparce,3574,crustle-dri
12,117,p2,3637,crustle-dri,2536,basic-box-m
12,118,p1,0915,dragapult-ex,2907,ogerpon-meganium-hydrapple
12,119,p2,1758,beedrill-ex-cri,1034,alakazam-dudunsparce
12,120,p1,2942,beedrill-ex-cri,0355,kangaskhan-bouffalant
12,121,tie,2682,ogerpon-meganium-hydrapple,0205,dragapult-ex
12,122,tie,0946,n-zoroark,0653,slowking-scr
12,123,p1,0694,dragapult-ex,0649,hops-trevenant
12,124,p2,2783,festival-lead,2623,rockets-honchkrow
12,125,p2,2256,beedrill-ex-cri,3298,dragapult-ex
12,126,p1,3330,raging-bolt-ogerpon,1992,dragapult-ex
12,127,p2,2973,rockets-honchkrow,0621,dragapult-dusknoir
12,128,p2,2919,dragapult-ex,2184,dragapult-ex
12,129,p2,1544,dragapult-ex,3208,n-zoroark
12,130,p1,2368,basic-box-m,1710,lillie-clefairy
12,131,p2,3316,alakazam-dudunsparce,2456,n-zoroark
12,132,p1,2079,dragapult-ex,0478,dragapult-ex
12,133,p1,3089,mega-lucario-ex,2023,dragapult-ex
12,134,p1,2729,dragapult-ex,2389,dragapult-dudunsparce
12,135,p2,2947,festival-lead,2299,dragapult-ex
12,136,p2,2207,ogerpon-meganium-hydrapple,3116,dragapult-ex
12,137,p1,3346,dragapult-ex,1301,ogerpon-meganium-hydrapple
12,138,p1,2776,dragapult-ex,0120,dragapult-ex
12,139,p2,0369,alakazam-dudunsparce,0672,dragapult-ex
12,140,p2,2562,dragapult-ex,1006,dragapult-blaziken
12,141,tie,1727,festival-lead,0960,alakazam-dudunsparce
12,142,p2,0922,dragapult-ex,1562,dragapult-ex
12,143,p2,3651,dragapult-ex,3037,alakazam-dudunsparce
12,144,p1,0768,crustle-dri,0552,dragapult-ex
12,145,p2,2891,dragapult-ex,0126,dragapult-dusknoir
12,146,p2,2646,dragapult-dusknoir,1330,basic-box-m
12,147,p2,0235,ogerpon-meganium-hydrapple,2581,dragapult-ex
12,148,tie,3532,dragapult-ex,2551,dragapult-ex
12,149,p1,1888,alakazam-dudunsparce,1802,slowking-scr
12,150,p1,1897,alakazam-dudunsparce,1360,dragapult-ex
12,151,p1,0221,dragapult-ex,2602,dragapult-dusknoir
12,152,p1,0619,crustle-dri,2984,dragapult-ex
12,153,p2,3497,dragapult-ex,2672,slowking-scr
12,154,p1,0407,dragapult-ex,0335,mega-greninja-ex
12,156,p1,0406,slowking-scr,2105,n-zoroark
12,157,p2,0895,dragapult-ex,2103,cynthia-garchomp-ex
12,158,p2,0950,slowking-scr,2797,dragapult-ex
12,159,p2,2900,dragapult-dusknoir,0206,raging-bolt-ogerpon
12,160,p2,1945,dragapult-blaziken,0941,raging-bolt-ogerpon
12,161,tie,2305,dragapult-ex,1291,slowking-scr
12,162,p2,1578,alakazam-dudunsparce,1552,dragapult-ex
12,163,p1,3696,dragapult-ex,0651,dragapult-dusknoir
12,164,p1,0823,dragapult-ex,0416,alakazam-dudunsparce
12,165,p2,0872,dragapult-ex,2494,dragapult-ex
12,166,p1,2058,dragapult-froslass,2584,alakazam-dudunsparce
12,167,p1,0553,dragapult-ex,1713,grimmsnarl-froslass
12,168,p2,2439,dragapult-ex,0677,alakazam-dudunsparce
12,169,p2,1114,slowking-scr,1238,dragapult-ex
12,170,p2,3292,dragapult-dusknoir,0396,dragapult-dusknoir
12,171,tie,0849,dragapult-ex,2126,rockets-honchkrow
12,172,p2,3215,hops-trevenant,3001,dragapult-ex
12,173,p2,0770,dragapult-blaziken,3079,rockets-honchkrow
12,174,p1,2296,crustle-dri,0563,n-zoroark
12,175,p2,3431,dragapult-ex,3329,crustle-dri
12,176,p2,3392,lillie-clefairy,1107,dragapult-dusknoir
12,177,p1,3393,n-zoroark,2338,dragapult-ex
12,178,tie,0245,dragapult-ex,1431,ogerpon-meganium-hydrapple
12,179,p2,1600,dragapult-ex,1204,n-zoroark
12,180,p1,2007,ogerpon-meganium-hydrapple,2423,raging-bolt-ogerpon
12,181,p2,0772,ogerpon-meganium-hydrapple,1934,alakazam-dudunsparce
12,182,p2,0107,ogerpon-meganium-hydrapple,1198,dragapult-blaziken
12,183,p2,1518,dragapult-ex,2032,dragapult-blaziken
12,184,p1,0629,dragapult-ex,3707,dragapult-blaziken
12,185,p2,2009,dragapult-ex,1623,dragapult-ex
12,186,p1,0290,alakazam-dudunsparce,3588,dragapult-dusknoir
12,187,p1,1798,ogerpon-meganium-hydrapple,3604,dragapult-ex
12,188,p1,1110,dragapult-ex,2689,slowking-scr
12,189,p2,1210,dragapult-dusknoir,1472,dragapult-ex
12,190,tie,2786,dragapult-ex,0286,dragapult-ex
12,191,p1,0753,metagross-cri,1109,slowking-scr
12,192,tie,2618,dragapult-ex,2975,dragapult-ex
12,193,tie,2115,dragapult-dusknoir,0669,dragapult-ex
12,194,p1,2594,dragapult-ex,2501,lucario-hariyama
12,195,p1,3577,n-zoroark,2315,dragapult-ex
12,196,p2,2004,mega-greninja-ex,3103,dragapult-ex
12,197,p2,1019,dragapult-ex,0567,dragapult-ex
12,198,p1,1457,dragapult-ex,1808,ogerpon-meganium-hydrapple
12,199,tie,0473,n-zoroark,1645,dragapult-blaziken
12,200,p1,2692,crustle-dri,2443,dragapult-ex
12,201,p1,0894,festival-lead,0560,basic-box-m
12,202,p2,2517,dragapult-ex,1938,cynthia-garchomp-ex
12,203,p1,3611,dragapult-ex,2829,dragapult-ex
12,204,p2,1909,mega-greninja-ex,1927,raging-bolt-ogerpon
12,205,p2,1140,dragapult-dusknoir,1155,n-zoroark
12,206,p1,1706,slowking-scr,2180,dragapult-blaziken
12,207,p1,2264,slowking-scr,0953,dragapult-dudunsparce
12,208,p1,2236,rockets-honchkrow,0171,sylveon-pre
12,209,p2,1244,dragapult-dusknoir,2818,metagross-cri
12,210,tie,1400,sharpedo-toxtricity,2719,alakazam-dudunsparce
12,211,p2,0790,dragapult-ex,1555,dragapult-ex
12,212,p2,1455,rockets-honchkrow,0074,dragapult-ex
12,213,p1,2743,dragapult-ex,2503,alakazam-dudunsparce
12,214,p1,3712,dragapult-ex,3356,basic-box-m
12,215,p2,1148,starmie-froslass,0797,dragapult-ex
12,216,p2,0207,n-zoroark,1847,dragapult-ex
12,217,p1,2629,mega-lucario-ex,0483,dragapult-ex
12,218,p1,0106,dragapult-ex,1154,ogerpon-meganium-hydrapple
12,219,p2,1664,ogerpon-meganium-hydrapple,0932,alakazam-dudunsparce
12,220,p2,1024,alakazam-dudunsparce,1416,dragapult-blaziken
12,221,p1,3098,raging-bolt-ogerpon,2128,cynthia-garchomp-ex
12,222,p2,0244,dragapult-ex,3633,ogerpon-meganium-hydrapple
12,223,p1,1669,alakazam-dudunsparce,3128,crustle-dri
12,224,p2,2218,dragapult-ex,2836,dragapult-ex
12,225,p2,2085,dragapult-dusknoir,2089,crustle-dri
12,226,p1,0546,rocket-mewtwo-ex,1606,rockets-honchkrow
12,227,p2,1752,n-zoroark,1494,dragapult-ex
12,228,p1,1971,dragapult-blaziken,2606,dragapult-ex
12,229,p2,1131,dragapult-ex,0852,dragapult-dudunsparce
12,230,tie,2941,dragapult-ex,1365,ogerpon-meganium-hydrapple
12,231,p2,0805,dragapult-ex,3271,ogerpon-meganium-hydrapple
12,232,p1,2519,mega-absol-box,0239,dragapult-ex
12,233,p2,1166,slowking-scr,2764,dragapult-dusknoir
12,234,p2,3047,dragapult-ex,3570,beedrill-ex-cri
12,235,p1,2055,dragapult-dusknoir,3641,dragapult-dusknoir
12,236,p2,2763,dragapult-ex,0315,raging-bolt-ogerpon
12,237,p1,2744,alakazam-dudunsparce,2634,alakazam-dudunsparce
12,238,p1,2997,dragapult-ex,0102,n-zoroark
12,239,p2,0054,basic-box-m,2436,festival-lead
12,240,p2,3101,alakazam-dudunsparce,0635,ogerpon-meganium-arboliva
12,241,p1,1557,dragapult-ex,0149,metagross-cri
12,242,p1,0892,rockets-honchkrow,3162,dragapult-ex
12,243,p1,3560,ogerpon-meganium-hydrapple,1349,slowking-scr
12,244,p1,0727,crustle-dri,0435,dragapult-ex
12,245,p2,1463,raging-bolt-ogerpon,3100,dragapult-dusknoir
12,246,p1,0568,dragapult-ex,1750,basic-box-m
12,247,p2,0220,dragapult-ex,1338,ogerpon-meganium-hydrapple
12,248,p2,2670,ogerpon-meganium-hydrapple,3249,alakazam-dudunsparce
12,249,tie,1247,crustle-dri,3432,dragapult-ex
12,250,p2,2697,rockets-honchkrow,3573,alakazam-dudunsparce
12,251,p1,0268,dragapult-dusknoir,1193,dragapult-ex
12,252,p2,2330,dragapult-dusknoir,3408,dragapult-ex
12,253,p1,2186,lopunny-dudunsparce,2590,dragapult-ex
12,254,p1,1644,dragapult-ex,0723,dragapult-ex
12,255,p1,3481,dragapult-ex,1845,rocket-mewtwo-ex
12,256,p1,1044,basic-box-m,1147,n-zoroark
12,257,p1,3729,dragapult-ex,0200,alakazam-dudunsparce
12,258,p1,3303,dragapult-dusknoir,3190,mega-greninja-ex
12,259,p2,2856,rockets-honchkrow,2962,beedrill-ex-cri
12,260,p1,0404,dragapult-ex,0963,basic-box-m
12,261,p1,2411,okidogi-barbaracle,1574,lopunny-dudunsparce
12,262,p1,2569,dragapult-ex,3320,alakazam-dudunsparce
12,263,p1,0494,dragapult-ex,0873,basic-box-m
12,264,p1,1803,ogerpon-meganium-hydrapple,2258,dragapult-ex
12,265,p1,2790,kangaskhan-bouffalant,1816,alakazam-dudunsparce
12,266,p2,2349,dragapult-dusknoir,1872,crustle-dri
12,267,p1,1229,dragapult-ex,1253,greninja-ex
12,268,p2,0763,dragapult-blaziken,3243,basic-box-m
12,269,p1,0548,dragapult-ex,2777,hops-trevenant
12,270,p1,1180,dragapult-dusknoir,1105,joltik-box
12,271,p2,0646,crustle-dri,1270,n-zoroark
12,272,p2,0817,slowking-scr,3689,dragapult-ex
12,273,p2,3179,dragapult-ex,2660,dragapult-ex
12,274,p1,0412,dragapult-ex,1214,raging-bolt-ogerpon
12,275,p2,1634,festival-lead,0185,dragapult-dusknoir
12,276,p1,0325,slowking-scr,0434,n-zoroark
12,277,p2,0293,slowking-scr,0160,mega-greninja-ex
12,278,p2,1641,raging-bolt-ogerpon,1243,dragapult-ex
12,279,p2,0112,dragapult-ex,2040,basic-box-m
12,280,p1,2619,n-zoroark,2043,alakazam-dudunsparce
12,281,p1,3541,dragapult-ex,3404,alakazam-dudunsparce
12,282,p1,0962,dragapult-dusknoir,3029,rockets-honchkrow
12,283,p2,1178,basic-box-m,0135,crustle-dri
12,284,p2,3669,dragapult-dusknoir,1106,dragapult-ex
12,285,p2,2645,alakazam-dudunsparce,2460,dragapult-ex
12,286,p2,2182,alakazam-dudunsparce,1966,alakazam-dudunsparce
12,287,p1,0083,alakazam-dudunsparce,3059,raging-bolt-ogerpon
12,288,p2,2217,beedrill-ex-cri,0313,dragapult-ex
12,289,p1,2288,lucario-hariyama,2213,dragapult-dusknoir
12,290,p1,0961,dragapult-ex,1441,dragapult-ex
12,291,p1,1948,slowking-scr,3108,dragapult-dusknoir
12,292,tie,1122,dragapult-ex,0327,archaludon-dudunsparce
12,293,p2,0065,alakazam-dudunsparce,1394,dragapult-ex
12,294,p1,2316,dragapult-blaziken,1968,dragapult-ex
12,295,p2,1102,dragapult-ex,2220,n-zoroark
12,296,p2,0679,dragapult-ex,2758,dragapult-blaziken
12,297,p1,1295,crustle-dri,1864,lucario-hariyama
12,298,p1,0570,cynthia-garchomp-ex,3221,ethan-typhlosion
12,299,p1,2548,raging-bolt-ogerpon,1423,dragapult-ex
12,300,p1,2401,ogerpon-meganium-hydrapple,1303,slowking-scr
12,301,p1,2310,n-zoroark,2799,crustle-dri
12,302,tie,3594,basic-box-m,3027,dragapult-ex
12,303,p2,3065,dragapult-dusknoir,1086,alakazam-dudunsparce
12,304,p2,0376,dragapult-ex,1663,lopunny-dudunsparce
12,305,p1,0508,alakazam-dudunsparce,0034,n-zoroark
12,306,p1,1015,n-zoroark,3040,raging-bolt-ogerpon
12,307,p1,2201,dragapult-ex,0280,kangaskhan-bouffalant
12,308,p2,1298,lopunny-dudunsparce,2311,lillie-clefairy
12,309,p1,2495,dragapult-ex,2313,dragapult-dusknoir
12,310,p2,0826,beedrill-ex-cri,2485,dragapult-blaziken
12,311,p2,1090,dragapult-ex,0585,dragapult-blaziken
12,312,p1,1878,dragapult-ex,1040,beedrill-ex-cri
12,313,p2,0881,rocket-mewtwo-ex,1226,dragapult-ex
12,314,p1,3338,slowking-scr,0783,dragapult-blaziken
12,315,p1,1083,cynthia-garchomp-ex,3424,n-zoroark
12,316,p2,1124,raging-bolt-ogerpon,0592,n-zoroark
12,317,p1,1343,dragapult-ex,0297,n-zoroark
12,318,p2,2143,n-zoroark,3199,rockets-honchkrow
12,319,p2,0923,dragapult-ex,1340,dragapult-dusknoir
12,320,p2,0071,dragapult-ex,0501,stevens-metagross
12,321,p1,2934,n-zoroark,3325,starmie-froslass
12,322,tie,3265,dragapult-blaziken,1963,ogerpon-meganium-hydrapple
12,323,p1,1651,raging-bolt-ogerpon,2461,ethan-typhlosion
12,324,tie,0423,dragapult-ex,2960,rocket-mewtwo-ex
12,325,p1,1134,slowking-scr,3542,dragapult-ex
12,326,p1,0309,dragapult-ex,1299,mega-greninja-ex
12,327,p2,2642,ogerpon-meganium-hydrapple,1269,basic-box-m
12,328,p1,3563,dragapult-ex,3317,dragapult-dusknoir
12,329,p1,0198,alakazam-dudunsparce,2342,ogerpon-meganium-hydrapple
12,330,p2,1559,raging-bolt-ogerpon,0734,lucario-hariyama
12,331,p2,1929,greninja-ex,2469,raging-bolt-ogerpon
12,332,p2,1731,dragapult-dusknoir,2146,slowking-scr
12,333,p2,3341,dragapult-ex,0863,dragapult-ex
12,334,p2,1041,slowking-scr,3716,mega-greninja-ex
12,,bye,0281,dragapult-ex,,
13,1,tie,1519,crustle-dri,0558,rocket-mewtwo-ex
13,2,p1,2083,lillie-clefairy,0795,dragapult-ex
13,3,tie,0458,crustle-dri,3655,dragapult-ex
13,4,p2,0537,crustle-dri,1497,dragapult-ex
13,5,p2,3670,dragapult-blaziken,0030,dragapult-ex
13,6,p1,3286,dragapult-ex,2539,lucario-hariyama
13,7,p1,2454,crustle-dri,2901,basic-box-m
13,8,p1,2114,ogerpon-meganium-hydrapple,2373,slowking-scr
13,9,p1,2922,dragapult-dusknoir,1048,dragapult-ex
13,10,p1,3143,dragapult-blaziken,2533,raging-bolt-ogerpon
13,11,p2,0521,crustle-dri,3526,slowking-scr
13,12,p2,2572,crustle-dri,1095,n-zoroark
13,13,p2,0594,sylveon-pre,1582,n-zoroark
13,14,p1,3282,dragapult-dusknoir,0389,dragapult-ex
13,15,p2,1525,dragapult-dusknoir,3280,n-zoroark
13,16,p2,2134,dragapult-ex,3165,lillie-clefairy
13,17,p2,3379,dragapult-ex,3200,basic-box-m
13,18,p1,3196,dragapult-ex,3671,dragapult-blaziken
13,19,p1,3281,dragapult-ex,0188,alakazam-dudunsparce
13,20,p2,3130,n-zoroark,0697,dragapult-ex
13,21,p1,1844,crustle-dri,0136,lillie-clefairy
13,22,p1,1407,n-zoroark,1080,hops-trevenant
13,23,p1,3486,dragapult-dusknoir,2402,crustle-dri
13,24,p1,0010,n-zoroark,2966,dragapult-blaziken
13,25,p1,1611,dragapult-ex,0004,crustle-dri
13,26,p1,3595,dragapult-ex,2230,basic-box-m
13,27,tie,3339,dragapult-dusknoir,0231,dragapult-ex
13,28,p1,1467,ethan-typhlosion,3653,dragapult-dusknoir
13,29,p1,0444,lillie-clefairy,0942,dragapult-ex
13,30,p1,1461,dragapult-dusknoir,1924,slowking-scr
13,31,tie,0358,ogerpon-meganium-hydrapple,2809,n-zoroark
13,32,p2,2563,grimmsnarl-froslass,3721,n-zoroark
13,33,p1,1876,n-zoroark,3300,dragapult-dusknoir
13,34,p1,1764,clefairy-ogerpon,0015,n-zoroark
13,35,p1,1483,n-zoroark,3110,ceruledge-ex
13,36,p2,1516,crustle-dri,1290,dragapult-ex
13,37,p1,2722,dragapult-ex,1831,dragapult-blaziken
13,38,p2,2231,slowking-scr,1213,dragapult-blaziken
13,39,p1,1227,dragapult-ex,2679,dragapult-ex
13,40,p2,0226,basic-box-m,1965,dragapult-ex
13,41,p1,0920,ogerpon-meganium-hydrapple,0253,dragapult-ex
13,42,p1,0419,dragapult-ex,0167,dragapult-ex
13,43,p2,1319,dragapult-ex,3488,crustle-dri
13,44,p2,0465,dragapult-dusknoir,1783,dragapult-ex
13,45,p2,2149,slowking-scr,3711,n-zoroark
13,46,tie,3363,n-zoroark,0374,dragapult-ex
13,47,p1,3701,dragapult-ex,1961,dragapult-ex
13,48,p2,1104,cynthia-garchomp-ex,2864,dragapult-dusknoir
13,49,p2,1384,dragapult-dusknoir,0976,dragapult-dusknoir
13,50,p1,1863,dragapult-ex,0489,rockets-honchkrow
13,51,p1,2112,dragapult-dusknoir,0919,crustle-dri
13,52,p2,2978,crustle-dri,2831,dragapult-ex
13,53,p2,3123,slowking-scr,2724,n-zoroark
13,54,p2,1456,dragapult-ex,2160,n-zoroark
13,55,tie,3209,dragapult-ex,2813,dragapult-ex
13,56,p1,2227,n-zoroark,3214,dragapult-ex
13,57,p1,3422,dragapult-ex,3267,dragapult-ex
13,58,p1,2579,dragapult-ex,1743,dragapult-ex
13,59,p1,2855,n-zoroark,1848,slowking-scr
13,60,p1,0367,alakazam-dudunsparce,3163,basic-box-m
13,61,p2,1585,dragapult-ex,3106,dragapult-ex
13,62,p2,0729,mega-lucario-ex,1348,dragapult-ex
13,63,p2,2553,dragapult-ex,1855,dragapult-ex
13,64,p2,3622,alakazam-dudunsparce,0307,crustle-dri
13,65,p1,0827,alakazam-dudunsparce,1700,slowking-scr
13,66,p1,2633,dragapult-ex,1117,dragapult-ex
13,67,p1,0464,dragapult-ex,0499,dragapult-ex
13,68,p1,0192,dragapult-ex,3288,raging-bolt-ogerpon
13,69,p2,3483,n-zoroark,2608,n-zoroark
13,70,p2,2738,dragapult-ex,1746,alakazam-dudunsparce
13,71,p1,0165,alakazam-dudunsparce,2803,dragapult-ex
13,72,p2,1888,alakazam-dudunsparce,1595,dragapult-ex
13,73,p2,0619,crustle-dri,3299,slowking-scr
13,74,p2,1182,dragapult-ex,2554,ethan-typhlosion
13,75,p2,3371,dragapult-ex,3696,dragapult-ex
13,76,p1,0677,alakazam-dudunsparce,3658,slowking-scr
13,77,p1,2672,slowking-scr,3346,dragapult-ex
13,78,p2,2299,dragapult-ex,2797,dragapult-ex
13,79,p1,3326,dragapult-dusknoir,3283,dragapult-ex
13,80,p1,1852,dragapult-dusknoir,2368,basic-box-m
13,81,p1,3116,dragapult-ex,2536,basic-box-m
13,82,p2,3329,crustle-dri,1294,crustle-dri
13,83,p2,3025,dragapult-ex,0471,dragapult-dusknoir
13,84,p2,3079,rockets-honchkrow,1562,dragapult-ex
13,85,p1,1445,alakazam-dudunsparce,1006,dragapult-blaziken
13,86,p2,0621,dragapult-dusknoir,0672,dragapult-ex
13,87,p2,3575,crustle-dri,2776,dragapult-ex
13,88,p2,0206,raging-bolt-ogerpon,1333,ogerpon-meganium-hydrapple
13,89,p2,0915,dragapult-ex,0036,dragapult-ex
13,90,p1,2729,dragapult-ex,0221,dragapult-ex
13,91,p1,0553,dragapult-ex,2456,n-zoroark
13,92,p2,1486,basic-box-m,0694,dragapult-ex
13,93,p1,0124,dragapult-dusknoir,0941,raging-bolt-ogerpon
13,94,tie,2296,crustle-dri,0055,dragapult-ex
13,95,p1,3089,mega-lucario-ex,3037,alakazam-dudunsparce
13,96,p2,2880,dragapult-ex,3076,rocket-mewtwo-ex
13,97,p1,1238,dragapult-ex,0823,dragapult-ex
13,98,p2,2494,dragapult-ex,3208,n-zoroark
13,99,p1,1391,dragapult-ex,2942,beedrill-ex-cri
13,100,tie,3001,dragapult-ex,3330,raging-bolt-ogerpon
13,101,p1,3409,dragapult-dusknoir,1552,dragapult-ex
13,102,p2,0396,dragapult-dusknoir,1543,basic-box-m
13,103,p1,0126,dragapult-dusknoir,1330,basic-box-m
13,104,p2,3298,dragapult-ex,0407,dragapult-ex
13,105,p2,1897,alakazam-dudunsparce,2184,dragapult-ex
13,106,p2,0762,dragapult-ex,2419,dragapult-dusknoir
13,107,p1,1034,alakazam-dudunsparce,0768,crustle-dri
13,108,p2,0649,hops-trevenant,1927,raging-bolt-ogerpon
13,109,p1,1911,ogerpon-meganium-hydrapple,2040,basic-box-m
13,110,p1,2623,rockets-honchkrow,1029,n-zoroark
13,111,p1,0895,dragapult-ex,2058,dragapult-froslass
13,112,p1,2408,dragapult-ex,2581,dragapult-ex
13,113,tie,1011,dragapult-dusknoir,0629,dragapult-ex
13,114,p1,1685,dragapult-ex,0894,festival-lead
13,115,p2,1110,dragapult-ex,2950,n-zoroark
13,116,p2,1204,n-zoroark,1592,dragapult-ex
13,117,p1,3393,n-zoroark,0889,dragapult-ex
13,118,p1,3197,n-zoroark,0753,metagross-cri
13,119,p2,2032,dragapult-blaziken,0319,dragapult-ex
13,120,p1,2692,crustle-dri,3308,dragapult-ex
13,121,p1,1472,dragapult-ex,0290,alakazam-dudunsparce
13,122,p1,1451,dragapult-ex,2820,dragapult-ex
13,123,p1,1623,dragapult-ex,2216,alakazam-dudunsparce
13,124,p2,3103,dragapult-ex,1938,cynthia-garchomp-ex
13,125,p1,2025,dragapult-ex,1346,dragapult-ex
13,126,p1,1798,ogerpon-meganium-hydrapple,1457,dragapult-ex
13,127,p2,2985,ogerpon-meganium-hydrapple,0940,festival-lead
13,128,p1,3104,dragapult-ex,0567,dragapult-ex
13,129,p2,0368,dragapult-dusknoir,2772,crustle-dri
13,130,p1,2594,dragapult-ex,2739,metagross-cri
13,131,p1,3577,n-zoroark,2457,dragapult-ex
13,132,p1,2079,dragapult-ex,0978,festival-lead
13,133,p1,2023,dragapult-ex,0235,ogerpon-meganium-hydrapple
13,134,p2,0871,dragapult-ex,0630,dragapult-ex
13,135,p1,1198,dragapult-blaziken,1107,dragapult-dusknoir
13,136,p2,1669,alakazam-dudunsparce,0295,dragapult-dusknoir
13,137,p1,1847,dragapult-ex,0946,n-zoroark
13,138,p2,0852,dragapult-dudunsparce,1557,dragapult-ex
13,139,p1,3546,rocket-mewtwo-ex,1494,dragapult-ex
13,140,p2,0727,crustle-dri,1727,festival-lead
13,141,p1,0074,dragapult-ex,3570,beedrill-ex-cri
13,142,p2,2836,dragapult-ex,1232,n-zoroark
13,143,p1,1416,dragapult-blaziken,2177,dragapult-ex
13,144,p1,2818,metagross-cri,1706,slowking-scr
13,145,p2,0797,dragapult-ex,2236,rockets-honchkrow
13,146,p2,3049,dragapult-ex,0205,dragapult-ex
13,147,p1,0928,alakazam-dudunsparce,0849,dragapult-ex
13,148,p2,0960,alakazam-dudunsparce,0691,dragapult-ex
13,149,p1,3712,dragapult-ex,0998,dragapult-ex
13,150,tie,3723,ogerpon-meganium-arboliva,2764,dragapult-dusknoir
13,151,p2,1197,crustle-dri,1971,dragapult-blaziken
13,152,tie,3271,ogerpon-meganium-hydrapple,0568,dragapult-ex
13,153,p1,3624,dragapult-ex,3391,basic-box-m
13,154,p1,2519,mega-absol-box,3560,ogerpon-meganium-hydrapple
13,156,p2,1148,starmie-froslass,2105,n-zoroark
13,157,p1,1444,basic-box-m,2103,cynthia-garchomp-ex
13,158,p1,2305,dragapult-ex,1053,slowking-scr
13,159,p1,3094,dragapult-ex,0106,dragapult-ex
13,160,p2,2089,crustle-dri,0546,rocket-mewtwo-ex
13,161,p2,3098,raging-bolt-ogerpon,3633,ogerpon-meganium-hydrapple
13,162,p2,0031,dragapult-ex,2551,dragapult-ex
13,163,p2,1893,dragapult-ex,0892,rockets-honchkrow
13,164,p2,0635,ogerpon-meganium-arboliva,0175,slowking-scr
13,165,p2,0406,slowking-scr,1949,dragapult-ex
13,166,p1,1907,dragapult-ex,0932,alakazam-dudunsparce
13,167,p1,0517,dragapult-ex,1555,dragapult-ex
13,168,p2,2938,rocket-mewtwo-ex,2264,slowking-scr
13,169,p2,1916,dragapult-ex,1338,ogerpon-meganium-hydrapple
13,170,p2,1291,slowking-scr,2436,festival-lead
13,171,p1,2627,dragapult-ex,2682,ogerpon-meganium-hydrapple
13,172,p2,2055,dragapult-dusknoir,0059,crustle-dri
13,173,p2,1367,dragapult-dusknoir,0315,raging-bolt-ogerpon
13,174,p1,3532,dragapult-ex,3611,dragapult-ex
13,175,p2,0653,slowking-scr,2743,dragapult-ex
13,176,p1,1484,grimmsnarl-froslass,0918,cynthia-garchomp-ex
13,177,p1,1155,n-zoroark,2126,rockets-honchkrow
13,178,p1,3254,dragapult-ex,3140,festival-lead
13,179,p1,3249,alakazam-dudunsparce,2744,alakazam-dudunsparce
13,180,p2,3426,n-zoroark,2007,ogerpon-meganium-hydrapple
13,181,p2,1934,alakazam-dudunsparce,2310,n-zoroark
13,182,p2,2997,dragapult-ex,0869,ogerpon-meganium-hydrapple
13,183,p1,1314,dragapult-ex,2544,hops-trevenant
13,184,p2,2629,mega-lucario-ex,3021,dragapult-ex
13,185,p2,3100,dragapult-dusknoir,0669,dragapult-ex
13,186,p1,1394,dragapult-ex,0872,dragapult-ex
13,187,p2,3292,dragapult-dusknoir,0961,dragapult-ex
13,188,p2,0770,dragapult-blaziken,2758,dragapult-blaziken
13,189,p2,3573,alakazam-dudunsparce,1948,slowking-scr
13,190,p1,2569,dragapult-ex,3574,crustle-dri
13,191,p2,1758,beedrill-ex-cri,1872,crustle-dri
13,192,p1,1992,dragapult-ex,1945,dragapult-blaziken
13,193,p1,3651,dragapult-ex,2186,lopunny-dudunsparce
13,194,p2,2973,rockets-honchkrow,1713,grimmsnarl-froslass
13,195,p1,0355,kangaskhan-bouffalant,0325,slowking-scr
13,196,p1,0552,dragapult-ex,1802,slowking-scr
13,197,p1,1966,alakazam-dudunsparce,0416,alakazam-dudunsparce
13,198,p2,3431,dragapult-ex,1578,alakazam-dudunsparce
13,199,p1,2439,dragapult-ex,2786,dragapult-ex
13,200,p2,2907,ogerpon-meganium-hydrapple,1710,lillie-clefairy
13,201,p1,2619,n-zoroark,3729,dragapult-ex
13,202,p1,1544,dragapult-ex,3316,alakazam-dudunsparce
13,203,p1,0922,dragapult-ex,0185,dragapult-dusknoir
13,204,p2,1909,mega-greninja-ex,2590,dragapult-ex
13,205,p1,2962,beedrill-ex-cri,0120,dragapult-ex
13,206,tie,2584,alakazam-dudunsparce,2618,dragapult-ex
13,207,p2,0494,dragapult-ex,0473,n-zoroark
13,208,tie,3392,lillie-clefairy,0335,mega-greninja-ex
13,209,p1,3497,dragapult-ex,2411,okidogi-barbaracle
13,210,p2,2220,n-zoroark,0083,alakazam-dudunsparce
13,211,p2,3215,hops-trevenant,2660,dragapult-ex
13,212,p2,0245,dragapult-ex,1645,dragapult-blaziken
13,213,p2,3689,dragapult-ex,2646,dragapult-dusknoir
13,214,p2,3303,dragapult-dusknoir,1301,ogerpon-meganium-hydrapple
13,215,p1,1180,dragapult-dusknoir,2790,kangaskhan-bouffalant
13,216,p1,2602,dragapult-dusknoir,2115,dragapult-dusknoir
13,217,p1,2975,dragapult-ex,2984,dragapult-ex
13,218,p1,1644,dragapult-ex,2389,dragapult-dudunsparce
13,219,p1,0313,dragapult-ex,2947,festival-lead
13,220,tie,1243,dragapult-ex,2919,dragapult-ex
13,221,p2,0412,dragapult-ex,1114,slowking-scr
13,222,p1,3481,dragapult-ex,0962,dragapult-dusknoir
13,223,p1,1360,dragapult-ex,2891,dragapult-ex
13,224,p2,0404,dragapult-ex,3408,dragapult-ex
13,225,tie,0950,slowking-scr,1044,basic-box-m
13,226,p1,0268,dragapult-dusknoir,1431,ogerpon-meganium-hydrapple
13,227,p2,0286,dragapult-ex,3541,dragapult-ex
13,228,p2,2460,dragapult-ex,3243,basic-box-m
13,229,p1,1803,ogerpon-meganium-hydrapple,0548,dragapult-ex
13,230,p1,1295,crustle-dri,2256,beedrill-ex-cri
13,231,p1,2207,ogerpon-meganium-hydrapple,0563,n-zoroark
13,232,tie,2783,festival-lead,0369,alakazam-dudunsparce
13,233,p1,2562,dragapult-ex,0160,mega-greninja-ex
13,234,p1,2316,dragapult-blaziken,1229,dragapult-ex
13,235,p2,1106,dragapult-ex,1270,n-zoroark
13,236,p1,2288,lucario-hariyama,0651,dragapult-dusknoir
13,237,p1,0135,crustle-dri,3637,crustle-dri
13,238,p2,2548,raging-bolt-ogerpon,2443,dragapult-ex
13,239,p2,2517,dragapult-ex,2401,ogerpon-meganium-hydrapple
13,240,p1,2719,alakazam-dudunsparce,2315,dragapult-ex
13,241,p2,1015,n-zoroark,0570,cynthia-garchomp-ex
13,242,tie,0107,ogerpon-meganium-hydrapple,1400,sharpedo-toxtricity
13,243,p2,2501,lucario-hariyama,1518,dragapult-ex
13,244,p1,1210,dragapult-dusknoir,1808,ogerpon-meganium-hydrapple
13,245,p1,0560,basic-box-m,3707,dragapult-blaziken
13,246,tie,1663,lopunny-dudunsparce,0508,alakazam-dudunsparce
13,247,p1,3432,dragapult-ex,2004,mega-greninja-ex
13,248,p2,2009,dragapult-ex,3604,dragapult-ex
13,249,p2,2941,dragapult-ex,1600,dragapult-ex
13,250,p2,2689,slowking-scr,1019,dragapult-ex
13,251,tie,1086,alakazam-dudunsparce,1247,crustle-dri
13,252,p2,1109,slowking-scr,2338,dragapult-ex
13,253,p2,1365,ogerpon-meganium-hydrapple,3588,dragapult-dusknoir
13,254,tie,2829,dragapult-ex,0478,dragapult-ex
13,255,p2,3356,basic-box-m,3199,rockets-honchkrow
13,256,p1,2485,dragapult-blaziken,0585,dragapult-blaziken
13,257,p2,2423,raging-bolt-ogerpon,1343,dragapult-ex
13,258,p1,2670,ogerpon-meganium-hydrapple,1083,cynthia-garchomp-ex
13,259,p2,1664,ogerpon-meganium-hydrapple,2218,dragapult-ex
13,260,p2,0102,n-zoroark,2634,alakazam-dudunsparce
13,261,p2,0953,dragapult-dudunsparce,1463,raging-bolt-ogerpon
13,262,p2,1122,dragapult-ex,0790,dragapult-ex
13,263,p2,1131,dragapult-ex,1226,dragapult-ex
13,264,p1,1455,rockets-honchkrow,0054,basic-box-m
13,265,p1,3128,crustle-dri,0220,dragapult-ex
13,266,p1,2085,dragapult-dusknoir,0501,stevens-metagross
13,267,p1,1340,dragapult-dusknoir,0244,dragapult-ex
13,268,p2,1166,slowking-scr,3162,dragapult-ex
13,269,p2,2606,dragapult-ex,0239,dragapult-ex
13,270,p2,3101,alakazam-dudunsparce,1606,rockets-honchkrow
13,271,p2,0171,sylveon-pre,0327,archaludon-dudunsparce
13,272,p2,2763,dragapult-ex,0483,dragapult-ex
13,273,p1,1752,n-zoroark,1244,dragapult-dusknoir
13,274,p1,1878,dragapult-ex,3047,dragapult-ex
13,275,p2,1154,ogerpon-meganium-hydrapple,2180,dragapult-blaziken
13,276,p2,3338,slowking-scr,1750,basic-box-m
13,277,p2,2934,n-zoroark,2495,dragapult-ex
13,278,p1,0149,metagross-cri,2503,alakazam-dudunsparce
13,279,p1,1349,slowking-scr,0592,n-zoroark
13,280,p1,0207,n-zoroark,2311,lillie-clefairy
13,281,p1,1140,dragapult-dusknoir,2201,dragapult-ex
13,282,p1,0805,dragapult-ex,0435,dragapult-ex
13,283,tie,2128,cynthia-garchomp-ex,1024,alakazam-dudunsparce
13,284,p2,2213,dragapult-dusknoir,2469,raging-bolt-ogerpon
13,285,p1,0863,dragapult-ex,1634,festival-lead
13,286,p2,3179,dragapult-ex,1441,dragapult-ex
13,287,p1,1269,basic-box-m,2697,rockets-honchkrow
13,288,p2,3716,mega-greninja-ex,0763,dragapult-blaziken
13,289,p2,2182,alakazam-dudunsparce,0679,dragapult-ex
13,290,p1,1574,lopunny-dudunsparce,3669,dragapult-dusknoir
13,291,p1,2856,rockets-honchkrow,0281,dragapult-ex
13,292,p2,1253,greninja-ex,0198,alakazam-dudunsparce
13,293,p1,1816,alakazam-dudunsparce,1147,n-zoroark
13,294,p1,2043,alakazam-dudunsparce,3594,basic-box-m
13,295,tie,0723,dragapult-ex,0065,alakazam-dudunsparce
13,296,p1,1641,raging-bolt-ogerpon,3190,mega-greninja-ex
13,297,p2,0963,basic-box-m,0434,n-zoroark
13,298,p2,2349,dragapult-dusknoir,0293,slowking-scr
13,299,p1,2645,alakazam-dudunsparce,3108,dragapult-dusknoir
13,300,p1,1968,dragapult-ex,2330,dragapult-dusknoir
13,301,p1,0112,dragapult-ex,0200,alakazam-dudunsparce
13,302,p2,1845,rocket-mewtwo-ex,1134,slowking-scr
13,303,p1,1178,basic-box-m,1105,joltik-box
13,304,p1,1651,raging-bolt-ogerpon,0734,lucario-hariyama
13,305,p1,3029,rockets-honchkrow,3059,raging-bolt-ogerpon
13,306,p1,2777,hops-trevenant,3404,alakazam-dudunsparce
13,307,p2,1102,dragapult-ex,3027,dragapult-ex
13,308,p2,3563,dragapult-ex,2146,slowking-scr
13,309,p1,1193,dragapult-ex,3320,alakazam-dudunsparce
13,310,p1,2258,dragapult-ex,0309,dragapult-ex
13,311,p2,1303,slowking-scr,0376,dragapult-ex
13,312,p1,1864,lucario-hariyama,3065,dragapult-dusknoir
13,313,p1,2799,crustle-dri,0034,n-zoroark
13,314,p1,3265,dragapult-blaziken,0772,ogerpon-meganium-hydrapple
13,315,p2,1423,dragapult-ex,0826,beedrill-ex-cri
13,316,p2,0297,n-zoroark,3325,starmie-froslass
13,317,p1,3424,n-zoroark,1040,beedrill-ex-cri
13,318,p2,2960,rocket-mewtwo-ex,2313,dragapult-dusknoir
13,319,p1,0881,rocket-mewtwo-ex,2143,n-zoroark
13,320,tie,0783,dragapult-blaziken,1124,raging-bolt-ogerpon
13,321,p1,1963,ogerpon-meganium-hydrapple,0923,dragapult-ex
13,322,p2,0071,dragapult-ex,0280,kangaskhan-bouffalant
13,323,p1,0423,dragapult-ex,1298,lopunny-dudunsparce
13,324,p1,1090,dragapult-ex,2461,ethan-typhlosion
13,325,p2,1559,raging-bolt-ogerpon,1929,greninja-ex
13,326,p2,1041,slowking-scr,2642,ogerpon-meganium-hydrapple
13,327,p1,3317,dragapult-dusknoir,3341,dragapult-ex
13,328,p2,1731,dragapult-dusknoir,3542,dragapult-ex
13,329,p1,1299,mega-greninja-ex,2342,ogerpon-meganium-hydrapple
14,1,tie,2083,lillie-clefairy,1497,dragapult-ex
14,2,tie,1519,crustle-dri,3286,dragapult-ex
14,3,tie,0558,rocket-mewtwo-ex,0030,dragapult-ex
14,4,p2,2114,ogerpon-meganium-hydrapple,3143,dragapult-blaziken
14,5,p2,2454,crustle-dri,2922,dragapult-dusknoir
14,6,p2,3282,dragapult-dusknoir,0795,dragapult-ex
14,7,p1,1095,n-zoroark,0458,crustle-dri
14,8,p2,1582,n-zoroark,3526,slowking-scr
14,9,p2,3655,dragapult-ex,1444,basic-box-m
14,10,p2,1611,dragapult-ex,3595,dragapult-ex
14,11,p1,3196,dragapult-ex,0537,crustle-dri
14,12,p2,3200,basic-box-m,1407,n-zoroark
14,13,p1,3281,dragapult-ex,1467,ethan-typhlosion
14,14,p2,3165,lillie-clefairy,0010,n-zoroark
14,15,p1,3670,dragapult-blaziken,3280,n-zoroark
14,16,p1,3486,dragapult-dusknoir,1844,crustle-dri
14,17,tie,0697,dragapult-ex,1965,dragapult-ex
14,18,p2,1213,dragapult-blaziken,2901,basic-box-m
14,19,p1,2722,dragapult-ex,1461,dragapult-dusknoir
14,20,p2,1290,dragapult-ex,2373,slowking-scr
14,21,p2,1483,n-zoroark,0920,ogerpon-meganium-hydrapple
14,22,p1,3721,n-zoroark,1876,n-zoroark
14,23,p2,1764,clefairy-ogerpon,0444,lillie-clefairy
14,24,p2,2539,lucario-hariyama,1048,dragapult-ex
14,25,p1,1227,dragapult-ex,1863,dragapult-ex
14,26,p2,0389,dragapult-ex,3711,n-zoroark
14,27,p2,0827,alakazam-dudunsparce,3701,dragapult-ex
14,28,p1,2724,n-zoroark,0594,sylveon-pre
14,29,p1,2608,n-zoroark,1746,alakazam-dudunsparce
14,30,p2,0367,alakazam-dudunsparce,0419,dragapult-ex
14,31,p1,0165,alakazam-dudunsparce,0307,crustle-dri
14,32,p2,3339,dragapult-dusknoir,0464,dragapult-ex
14,33,p1,3422,dragapult-ex,2579,dragapult-ex
14,34,p2,2533,raging-bolt-ogerpon,2633,dragapult-ex
14,35,p2,2160,n-zoroark,0192,dragapult-ex
14,36,p1,0976,dragapult-dusknoir,1783,dragapult-ex
14,37,p2,0521,crustle-dri,3488,crustle-dri
14,38,p1,1348,dragapult-ex,2572,crustle-dri
14,39,p2,2855,n-zoroark,3106,dragapult-ex
14,40,p2,2227,n-zoroark,1855,dragapult-ex
14,41,p1,0231,dragapult-ex,2112,dragapult-dusknoir
14,42,p2,2831,dragapult-ex,2864,dragapult-dusknoir
14,43,p2,0124,dragapult-dusknoir,3379,dragapult-ex
14,44,tie,1080,hops-trevenant,2623,rockets-honchkrow
14,45,p1,0895,dragapult-ex,0677,alakazam-dudunsparce
14,46,p2,3696,dragapult-ex,3409,dragapult-dusknoir
14,47,p2,1525,dragapult-dusknoir,1562,dragapult-ex
14,48,tie,2230,basic-box-m,0004,crustle-dri
14,49,p2,2184,dragapult-ex,0471,dragapult-dusknoir
14,50,p1,0188,alakazam-dudunsparce,2809,n-zoroark
14,51,p2,1595,dragapult-ex,1238,dragapult-ex
14,52,p1,2729,dragapult-ex,0672,dragapult-ex
14,53,p1,3130,n-zoroark,2797,dragapult-ex
14,54,p1,0126,dragapult-dusknoir,3671,dragapult-blaziken
14,55,p1,0407,dragapult-ex,1034,alakazam-dudunsparce
14,56,p1,2402,crustle-dri,1543,basic-box-m
14,57,p2,3299,slowking-scr,2672,slowking-scr
14,58,p2,3653,dragapult-dusknoir,0553,dragapult-ex
14,59,p2,2776,dragapult-ex,0358,ogerpon-meganium-hydrapple
14,60,p1,3089,mega-lucario-ex,3076,rocket-mewtwo-ex
14,61,p1,2966,dragapult-blaziken,1391,dragapult-ex
14,62,p2,3116,dragapult-ex,2419,dragapult-dusknoir
14,63,p1,1333,ogerpon-meganium-hydrapple,0694,dragapult-ex
14,64,p1,1294,crustle-dri,0136,lillie-clefairy
14,65,p1,2134,dragapult-ex,1852,dragapult-dusknoir
14,66,p1,2408,dragapult-ex,3326,dragapult-dusknoir
14,67,p1,2554,ethan-typhlosion,3208,n-zoroark
14,68,p1,0036,dragapult-ex,3300,dragapult-dusknoir
14,69,p2,1472,dragapult-ex,0630,dragapult-ex
14,70,p2,1924,slowking-scr,3393,n-zoroark
14,71,p1,3110,ceruledge-ex,1685,dragapult-ex
14,72,p1,2950,n-zoroark,2563,grimmsnarl-froslass
14,73,p1,2692,crustle-dri,1798,ogerpon-meganium-hydrapple
14,74,p1,0374,dragapult-ex,2231,slowking-scr
14,75,p2,1831,dragapult-blaziken,1623,dragapult-ex
14,76,p1,3209,dragapult-ex,2679,dragapult-ex
14,77,p2,0226,basic-box-m,3197,n-zoroark
14,78,p2,1198,dragapult-blaziken,3363,n-zoroark
14,79,p2,1938,cynthia-garchomp-ex,3104,dragapult-ex
14,80,p1,2594,dragapult-ex,3577,n-zoroark
14,81,p1,0015,n-zoroark,1592,dragapult-ex
14,82,p2,0942,dragapult-ex,0319,dragapult-ex
14,83,p1,2025,dragapult-ex,0940,festival-lead
14,84,tie,1516,crustle-dri,2813,dragapult-ex
14,85,p1,2772,crustle-dri,1451,dragapult-ex
14,86,p1,3214,dragapult-ex,1585,dragapult-ex
14,87,p1,0059,crustle-dri,2519,mega-absol-box
14,88,p2,0869,ogerpon-meganium-hydrapple,1314,dragapult-ex
14,89,p2,1338,ogerpon-meganium-hydrapple,0055,dragapult-ex
14,90,p2,0928,alakazam-dudunsparce,1949,dragapult-ex
14,91,p2,2553,dragapult-ex,0315,raging-bolt-ogerpon
14,92,p1,1384,dragapult-dusknoir,1456,dragapult-ex
14,93,p2,3254,dragapult-ex,3546,rocket-mewtwo-ex
14,94,p2,0205,dragapult-ex,0465,dragapult-dusknoir
14,95,p2,0167,dragapult-ex,1557,dragapult-ex
14,96,p1,3712,dragapult-ex,0517,dragapult-ex
14,97,p1,0919,crustle-dri,3330,raging-bolt-ogerpon
14,98,p2,0499,dragapult-ex,3094,dragapult-ex
14,99,p1,1743,dragapult-ex,2818,metagross-cri
14,100,p1,0175,slowking-scr,2236,rockets-honchkrow
14,101,p2,0729,mega-lucario-ex,2627,dragapult-ex
14,102,p1,3021,dragapult-ex,2978,crustle-dri
14,103,p2,2149,slowking-scr,1971,dragapult-blaziken
14,104,p1,2743,dragapult-ex,3123,slowking-scr
14,105,p2,1232,n-zoroark,1104,cynthia-garchomp-ex
14,106,p2,2264,slowking-scr,2436,festival-lead
14,107,tie,3163,basic-box-m,1727,festival-lead
14,108,p2,1927,raging-bolt-ogerpon,1544,dragapult-ex
14,109,p2,1011,dragapult-dusknoir,1911,ogerpon-meganium-hydrapple
14,110,p2,3633,ogerpon-meganium-hydrapple,3267,dragapult-ex
14,111,p1,3624,dragapult-ex,1319,dragapult-ex
14,112,p2,3622,alakazam-dudunsparce,2738,dragapult-ex
14,113,p1,1847,dragapult-ex,0489,rockets-honchkrow
14,114,p1,1848,slowking-scr,1961,dragapult-ex
14,115,p1,0892,rockets-honchkrow,2296,crustle-dri
14,116,p1,2551,dragapult-ex,1416,dragapult-blaziken
14,117,p1,1700,slowking-scr,2803,dragapult-ex
14,118,p1,3532,dragapult-ex,3288,raging-bolt-ogerpon
14,119,p1,0295,dragapult-dusknoir,3249,alakazam-dudunsparce
14,120,p2,3483,n-zoroark,1155,n-zoroark
14,121,p2,3001,dragapult-ex,1117,dragapult-ex
14,122,p2,0074,dragapult-ex,0546,rocket-mewtwo-ex
14,123,tie,0253,dragapult-ex,0691,dragapult-ex
14,124,p1,1484,grimmsnarl-froslass,1114,slowking-scr
14,125,p1,3037,alakazam-dudunsparce,1713,grimmsnarl-froslass
14,126,p1,2660,dragapult-ex,3079,rockets-honchkrow
14,127,tie,2494,dragapult-ex,0922,dragapult-ex
14,128,p1,2562,dragapult-ex,2581,dragapult-ex
14,129,p1,2288,lucario-hariyama,0823,dragapult-ex
14,130,p1,2619,n-zoroark,0473,n-zoroark
14,131,p2,3658,slowking-scr,1710,lillie-clefairy
14,132,p2,2079,dragapult-ex,1907,dragapult-ex
14,133,tie,2023,dragapult-ex,1897,alakazam-dudunsparce
14,134,p2,2316,dragapult-blaziken,2602,dragapult-dusknoir
14,135,p1,0669,dragapult-ex,1966,alakazam-dudunsparce
14,136,tie,0621,dragapult-dusknoir,3575,crustle-dri
14,137,p2,0915,dragapult-ex,1486,basic-box-m
14,138,p2,2758,dragapult-blaziken,1888,alakazam-dudunsparce
14,139,p2,0268,dragapult-dusknoir,2536,basic-box-m
14,140,tie,1872,crustle-dri,3497,dragapult-ex
14,141,p2,1803,ogerpon-meganium-hydrapple,0768,crustle-dri
14,142,p2,1644,dragapult-ex,1029,n-zoroark
14,143,p2,1645,dragapult-blaziken,1992,dragapult-ex
14,144,p1,0629,dragapult-ex,2569,dragapult-ex
14,145,p2,0206,raging-bolt-ogerpon,2942,beedrill-ex-cri
14,146,p2,0135,crustle-dri,1578,alakazam-dudunsparce
14,147,p2,0552,dragapult-ex,1330,basic-box-m
14,148,p2,2368,basic-box-m,0083,alakazam-dudunsparce
14,149,p2,0221,dragapult-ex,3298,dragapult-ex
14,150,p2,1182,dragapult-ex,1552,dragapult-ex
14,151,p1,1394,dragapult-ex,2207,ogerpon-meganium-hydrapple
14,152,p1,1360,dragapult-ex,3481,dragapult-ex
14,153,p2,1180,dragapult-dusknoir,2439,dragapult-ex
14,154,p1,3283,dragapult-ex,1270,n-zoroark
14,156,p1,2105,n-zoroark,0106,dragapult-ex
14,157,p1,1445,alakazam-dudunsparce,2103,cynthia-garchomp-ex
14,158,tie,3541,dragapult-ex,2456,n-zoroark
14,159,p2,0313,dragapult-ex,3651,dragapult-ex
14,160,p1,0396,dragapult-dusknoir,1006,dragapult-blaziken
14,161,p2,3371,dragapult-ex,3025,dragapult-ex
14,162,p1,2299,dragapult-ex,0355,kangaskhan-bouffalant
14,163,p2,0961,dragapult-ex,0619,crustle-dri
14,164,p1,2646,dragapult-dusknoir,2962,beedrill-ex-cri
14,165,p2,2975,dragapult-ex,1301,ogerpon-meganium-hydrapple
14,166,p2,2880,dragapult-ex,1295,crustle-dri
14,167,p1,0762,dragapult-ex,2058,dragapult-froslass
14,168,p2,3408,dragapult-ex,3346,dragapult-ex
14,169,p2,0941,raging-bolt-ogerpon,1948,slowking-scr
14,170,p2,3243,basic-box-m,3329,crustle-dri
14,171,p2,1346,dragapult-ex,0753,metagross-cri
14,172,p2,1204,n-zoroark,2338,dragapult-ex
14,173,p2,1457,dragapult-ex,1600,dragapult-ex
14,174,p2,0889,dragapult-ex,2764,dragapult-dusknoir
14,175,p2,2820,dragapult-ex,1019,dragapult-ex
14,176,p1,0368,dragapult-dusknoir,3271,ogerpon-meganium-hydrapple
14,177,p1,2401,ogerpon-meganium-hydrapple,3723,ogerpon-meganium-arboliva
14,178,p2,1518,dragapult-ex,0290,alakazam-dudunsparce
14,179,p2,3604,dragapult-ex,0570,cynthia-garchomp-ex
14,180,p1,2007,ogerpon-meganium-hydrapple,2305,dragapult-ex
14,181,p1,2004,mega-greninja-ex,1934,alakazam-dudunsparce
14,182,p2,0568,dragapult-ex,0871,dragapult-ex
14,183,p1,2739,metagross-cri,3432,dragapult-ex
14,184,p2,3308,dragapult-ex,2443,dragapult-ex
14,185,p2,3103,dragapult-ex,0560,basic-box-m
14,186,p2,2985,ogerpon-meganium-hydrapple,2032,dragapult-blaziken
14,187,tie,2719,alakazam-dudunsparce,1110,dragapult-ex
14,188,p1,3588,dragapult-dusknoir,0567,dragapult-ex
14,189,p1,2310,n-zoroark,2216,alakazam-dudunsparce
14,190,p2,1107,dragapult-dusknoir,2457,dragapult-ex
14,191,p2,0894,festival-lead,1210,dragapult-dusknoir
14,192,p1,0805,dragapult-ex,3391,basic-box-m
14,193,p2,0369,alakazam-dudunsparce,1367,dragapult-dusknoir
14,194,p1,2495,dragapult-ex,2836,dragapult-ex
14,195,p2,0932,alakazam-dudunsparce,2584,alakazam-dudunsparce
14,196,p2,0327,archaludon-dudunsparce,0946,n-zoroark
14,197,tie,2997,dragapult-ex,2618,dragapult-ex
14,198,tie,1706,slowking-scr,2085,dragapult-dusknoir
14,199,p1,2180,dragapult-blaziken,2177,dragapult-ex
14,200,p1,3570,beedrill-ex-cri,3140,festival-lead
14,201,p1,0998,dragapult-ex,2682,ogerpon-meganium-hydrapple
14,202,p2,0335,mega-greninja-ex,0406,slowking-scr
14,203,p2,1750,basic-box-m,2629,mega-lucario-ex
14,204,p1,3320,alakazam-dudunsparce,1909,mega-greninja-ex
14,205,tie,1340,dragapult-dusknoir,0849,dragapult-ex
14,206,tie,1555,dragapult-ex,3162,dragapult-ex
14,207,p2,1343,dragapult-ex,2126,rockets-honchkrow
14,208,p1,3199,rockets-honchkrow,3128,crustle-dri
14,209,tie,2919,dragapult-ex,0960,alakazam-dudunsparce
14,210,p2,1669,alakazam-dudunsparce,0483,dragapult-ex
14,211,p1,1140,dragapult-dusknoir,0653,slowking-scr
14,212,p1,1752,n-zoroark,1226,dragapult-ex
14,213,p1,3049,dragapult-ex,0635,ogerpon-meganium-arboliva
14,214,p1,3611,dragapult-ex,3100,dragapult-dusknoir
14,215,p1,2634,alakazam-dudunsparce,1349,slowking-scr
14,216,p1,1243,dragapult-ex,1291,slowking-scr
14,217,p2,1878,dragapult-ex,1463,raging-bolt-ogerpon
14,218,p2,0239,dragapult-ex,2938,rocket-mewtwo-ex
14,219,p2,0797,dragapult-ex,2544,hops-trevenant
14,220,p1,0207,n-zoroark,2485,dragapult-blaziken
14,221,p1,1893,dragapult-ex,1455,rockets-honchkrow
14,222,p1,3426,n-zoroark,2670,ogerpon-meganium-hydrapple
14,223,tie,0031,dragapult-ex,0727,crustle-dri
14,224,tie,2218,dragapult-ex,0149,metagross-cri
14,225,p2,0790,dragapult-ex,0918,cynthia-garchomp-ex
14,226,p2,2744,alakazam-dudunsparce,3098,raging-bolt-ogerpon
14,227,p1,2783,festival-lead,3392,lillie-clefairy
14,228,p1,1916,dragapult-ex,1494,dragapult-ex
14,229,p1,2055,dragapult-dusknoir,3560,ogerpon-meganium-hydrapple
14,230,tie,0950,slowking-scr,1197,crustle-dri
14,231,tie,1044,basic-box-m,1053,slowking-scr
14,232,p1,2089,crustle-dri,0978,festival-lead
14,233,p1,0852,dragapult-dudunsparce,1606,rockets-honchkrow
14,234,p1,2220,n-zoroark,2590,dragapult-ex
14,235,p1,0198,alakazam-dudunsparce,0412,dragapult-ex
14,236,p1,0563,n-zoroark,2856,rockets-honchkrow
14,237,p1,2389,dragapult-dudunsparce,1651,raging-bolt-ogerpon
14,238,p1,3573,alakazam-dudunsparce,2460,dragapult-ex
14,239,p2,2973,rockets-honchkrow,0494,dragapult-ex
14,240,p1,1663,lopunny-dudunsparce,2040,basic-box-m
14,241,p2,2947,festival-lead,0649,hops-trevenant
14,242,p2,0112,dragapult-ex,1431,ogerpon-meganium-hydrapple
14,243,tie,1816,alakazam-dudunsparce,1247,crustle-dri
14,244,p1,0107,ogerpon-meganium-hydrapple,1106,dragapult-ex
14,245,p1,0404,dragapult-ex,1802,slowking-scr
14,246,p2,0962,dragapult-dusknoir,3637,crustle-dri
14,247,p1,0679,dragapult-ex,0235,ogerpon-meganium-hydrapple
14,248,p1,0185,dragapult-dusknoir,1758,beedrill-ex-cri
14,249,p2,3303,dragapult-dusknoir,0434,n-zoroark
14,250,p2,2984,dragapult-ex,2645,alakazam-dudunsparce
14,251,p2,1086,alakazam-dudunsparce,3029,rockets-honchkrow
14,252,p1,0293,slowking-scr,2786,dragapult-ex
14,253,p1,3729,dragapult-ex,2186,lopunny-dudunsparce
14,254,tie,2790,kangaskhan-bouffalant,0770,dragapult-blaziken
14,255,p2,1441,dragapult-ex,0863,dragapult-ex
14,256,p2,2146,slowking-scr,2891,dragapult-ex
14,257,p1,1945,dragapult-blaziken,0416,alakazam-dudunsparce
14,258,p1,2258,dragapult-ex,2256,beedrill-ex-cri
14,259,p2,3316,alakazam-dudunsparce,1269,basic-box-m
14,260,p2,0651,dragapult-dusknoir,3689,dragapult-ex
14,261,p1,2115,dragapult-dusknoir,2411,okidogi-barbaracle
14,262,tie,0872,dragapult-ex,2907,ogerpon-meganium-hydrapple
14,263,p2,0763,dragapult-blaziken,1178,basic-box-m
14,264,tie,1400,sharpedo-toxtricity,1968,dragapult-ex
14,265,p2,0508,alakazam-dudunsparce,3431,dragapult-ex
14,266,p1,1193,dragapult-ex,2043,alakazam-dudunsparce
14,267,p2,2469,raging-bolt-ogerpon,2777,hops-trevenant
14,268,p1,1229,dragapult-ex,3215,hops-trevenant
14,269,p2,1134,slowking-scr,1574,lopunny-dudunsparce
14,270,p2,0548,dragapult-ex,0286,dragapult-ex
14,271,p2,1641,raging-bolt-ogerpon,0245,dragapult-ex
14,272,p1,3027,dragapult-ex,0160,mega-greninja-ex
14,273,p1,3292,dragapult-dusknoir,0325,slowking-scr
14,274,p2,0120,dragapult-ex,2009,dragapult-ex
14,275,p2,2829,dragapult-ex,3265,dragapult-blaziken
14,276,p1,3707,dragapult-blaziken,1024,alakazam-dudunsparce
14,277,p1,2799,crustle-dri,1365,ogerpon-meganium-hydrapple
14,278,p1,1109,slowking-scr,1808,ogerpon-meganium-hydrapple
14,279,p2,0376,dragapult-ex,2517,dragapult-ex
14,280,p1,2548,raging-bolt-ogerpon,1015,n-zoroark
14,281,p1,2501,lucario-hariyama,2128,cynthia-garchomp-ex
14,282,p2,2941,dragapult-ex,2689,slowking-scr
14,283,p2,1864,lucario-hariyama,0478,dragapult-ex
14,284,p2,1122,dragapult-ex,1090,dragapult-ex
14,285,p1,2606,dragapult-ex,0220,dragapult-ex
14,286,p2,3338,slowking-scr,2503,alakazam-dudunsparce
14,287,p1,1131,dragapult-ex,2311,lillie-clefairy
14,288,p2,0881,rocket-mewtwo-ex,3325,starmie-froslass
14,289,p1,0585,dragapult-blaziken,1148,starmie-froslass
14,290,p2,3424,n-zoroark,0592,n-zoroark
14,291,p2,3356,basic-box-m,0065,alakazam-dudunsparce
14,292,p1,0171,sylveon-pre,0435,dragapult-ex
14,293,tie,0723,dragapult-ex,3101,alakazam-dudunsparce
14,294,p1,0826,beedrill-ex-cri,2423,raging-bolt-ogerpon
14,295,tie,1166,slowking-scr,3047,dragapult-ex
14,296,p1,0054,basic-box-m,1154,ogerpon-meganium-hydrapple
14,297,p1,2934,n-zoroark,0280,kangaskhan-bouffalant
14,298,p2,0423,dragapult-ex,0244,dragapult-ex
14,299,p2,0953,dragapult-dudunsparce,1083,cynthia-garchomp-ex
14,300,p1,1244,dragapult-dusknoir,0102,n-zoroark
14,301,p2,2201,dragapult-ex,0501,stevens-metagross
14,302,p2,1664,ogerpon-meganium-hydrapple,2313,dragapult-dusknoir
14,303,p1,1963,ogerpon-meganium-hydrapple,3716,mega-greninja-ex
14,304,p1,2330,dragapult-dusknoir,3594,basic-box-m
14,305,p2,1253,greninja-ex,1929,greninja-ex
14,306,p2,2642,ogerpon-meganium-hydrapple,2349,dragapult-dusknoir
14,307,p1,1634,festival-lead,0309,dragapult-ex
14,308,p2,3108,dragapult-dusknoir,3190,mega-greninja-ex
14,309,p1,2213,dragapult-dusknoir,0281,dragapult-ex
14,310,p2,1147,n-zoroark,3542,dragapult-ex
14,311,p2,0200,alakazam-dudunsparce,3059,raging-bolt-ogerpon
14,312,p1,0963,basic-box-m,1299,mega-greninja-ex
14,313,tie,0734,lucario-hariyama,3404,alakazam-dudunsparce
14,314,p1,3179,dragapult-ex,3317,dragapult-dusknoir
14,315,p2,3669,dragapult-dusknoir,0034,n-zoroark
14,316,p2,1124,raging-bolt-ogerpon,1303,slowking-scr
14,317,p2,0772,ogerpon-meganium-hydrapple,0783,dragapult-blaziken
14,318,p2,3065,dragapult-dusknoir,1423,dragapult-ex
14,319,p2,1298,lopunny-dudunsparce,0923,dragapult-ex
14,320,p2,2143,n-zoroark,2342,ogerpon-meganium-hydrapple
14,321,tie,1731,dragapult-dusknoir,2461,ethan-typhlosion
14,322,p2,1041,slowking-scr,3341,dragapult-ex
15,1,p1,3286,dragapult-ex,1095,n-zoroark
15,2,p2,0030,dragapult-ex,0558,rocket-mewtwo-ex
15,3,p2,1497,dragapult-ex,3526,slowking-scr
15,,bye,2083,lillie-clefairy,,
15,,bye,0795,dragapult-ex,,
15,,bye,3143,dragapult-blaziken,,
15,,bye,2922,dragapult-dusknoir,,
15,,bye,1519,crustle-dri,,
16,1,p1,2083,lillie-clefairy,3286,dragapult-ex
16,2,p1,0795,dragapult-ex,3143,dragapult-blaziken
16,3,p1,2922,dragapult-dusknoir,0558,rocket-mewtwo-ex
16,4,p1,3526,slowking-scr,1519,crustle-dri
17,1,p1,2083,lillie-clefairy,0795,dragapult-ex
17,2,p1,2922,dragapult-dusknoir,3526,slowking-scr
18,1,p1,2083,lillie-clefairy,2922,dragapult-dusknoir
