round,table,result,p1_id,p1_archetype_slug,p2_id,p2_archetype_slug
1,1,p2,0001,mega-absol-box,0002,gardevoir-ex-sv
1,2,p2,0003,hop-zacian,0004,ho-oh-armarouge
1,3,p1,0005,gholdengo-lunatone,0006,gardevoir-ex-sv
1,4,p1,0007,n-zoroark,0008,dragapult-dusknoir
1,5,p1,0009,crustle-dri,0010,grimmsnarl-froslass
1,6,p2,0011,n-zoroark,0012,grimmsnarl-froslass
1,7,tie,0013,dragapult-dusknoir,0014,great-tusk-tef
1,8,tie,0015,mega-absol-box,0016,raging-bolt-ogerpon
1,9,p1,0017,gholdengo-joltik-box,0018,joltik-box
1,10,p1,0019,grimmsnarl-froslass,0020,n-zoroark
1,11,tie,0021,dragapult-dusknoir,0022,gholdengo-lunatone
1,12,p2,0023,gardevoir-jellicent,0024,n-zoroark
1,13,p1,0025,crustle-dri,0026,raging-bolt-ogerpon
1,14,p1,0027,n-zoroark,0028,?
1,15,p2,0029,lucario-hariyama,0030,dragapult-dusknoir
1,16,p2,0031,joltik-box,0032,raging-bolt-ogerpon
1,17,tie,0033,froslass-munkidori,0034,dragapult-dusknoir
1,18,p1,0035,ceruledge-ex,0036,raging-bolt-ogerpon
1,19,p1,0037,mega-absol-box,0038,mega-venusaur-ex
1,20,p1,0039,dragapult-dusknoir,0040,dragapult-dusknoir
1,21,tie,0041,grimmsnarl-froslass,0042,raging-bolt-ogerpon
1,22,p1,0043,n-zoroark,0044,dragapult-dusknoir
1,23,tie,0045,n-zoroark,0046,joltik-box
1,24,tie,0047,dragapult-dusknoir,0048,grimmsnarl-froslass
1,25,p1,0049,festival-lead,0050,gholdengo-lunatone
1,26,p1,0051,raging-bolt-ogerpon,0052,n-zoroark
1,27,tie,0053,dragapult-ex,0054,gholdengo-lunatone
1,28,tie,0055,hydreigon-ex,0056,grimmsnarl-froslass
1,29,p2,0057,grimmsnarl-froslass,0058,dragapult-dusknoir
1,30,p1,0059,dragapult-charizard,0060,alakazam-dudunsparce
1,31,p1,0061,mega-absol-box,0062,gardevoir-ex-sv
1,32,tie,0063,gholdengo-lunatone,0064,grimmsnarl-froslass
1,33,p1,0065,ceruledge-ex,0066,dragapult-ex
1,34,p1,0067,froslass-munkidori,0068,gholdengo-lunatone
1,35,p1,0069,alakazam-dudunsparce,0070,greninja-ex
1,36,p2,0071,raging-bolt-ogerpon,0072,dragapult-dusknoir
1,37,p2,0073,?,0074,gholdengo-lunatone
1,38,p2,0075,dragapult-dusknoir,0076,mega-absol-box
1,39,p2,0077,gholdengo-lunatone,0078,gholdengo-lunatone
1,40,p1,0079,joltik-box,0080,ceruledge-ex
1,41,p1,0081,mega-absol-box,0082,grimmsnarl-froslass
1,42,p2,0083,grimmsnarl-froslass,0084,mega-lucario-ex
1,43,tie,0085,gholdengo-lunatone,0086,festival-lead
1,44,p2,0087,n-zoroark,0088,grimmsnarl-froslass
1,45,p2,0089,alakazam-dudunsparce,0090,dragapult-dusknoir
1,46,p2,0091,raging-bolt-ogerpon,0092,gholdengo-lunatone
1,47,tie,0093,gardevoir-ex-sv,0094,charizard-noctowl
1,48,p1,0095,gardevoir-jellicent,0096,ceruledge-ex
1,49,p1,0097,dragapult-dusknoir,0098,greninja-ex
1,50,p1,0099,charizard-noctowl,0100,raging-bolt-ogerpon
1,51,tie,0101,raging-bolt-ogerpon,0102,crustle-dri
1,52,p1,0103,raging-bolt-ogerpon,0104,sharpedo-toxtricity
1,53,p2,0105,charizard-noctowl,0106,flareon-noctowl
1,54,p2,0107,gardevoir-ex-sv,0108,dragapult-dusknoir
1,55,p2,0109,n-zoroark,0110,mega-absol-box
1,56,p1,0111,tera-box,0112,mega-absol-box
1,57,p2,0113,gholdengo-lunatone,0114,gholdengo-lunatone
1,58,p1,0115,grimmsnarl-froslass,0116,dragapult-dusknoir
1,59,p2,0117,mega-absol-box,0118,n-zoroark
1,60,p2,0119,grimmsnarl-froslass,0120,dragapult-dusknoir
1,61,p1,0121,raging-bolt-ogerpon,0122,dragapult-charizard
1,62,tie,0123,dragapult-dusknoir,0124,dragapult-dusknoir
1,63,tie,0125,n-zoroark,0126,raging-bolt-ogerpon
1,64,tie,0127,gardevoir-ex-sv,0128,n-zoroark
1,65,p2,0129,crustle-dri,0130,ethan-typhlosion
1,66,tie,0131,dragapult-charizard,0132,grimmsnarl-froslass
1,67,tie,0133,ethan-typhlosion,0134,alakazam-meg
1,68,tie,0135,gardevoir-jellicent,0136,other
1,69,p1,0137,mega-absol-box,0138,charizard-pidgeot
1,70,p2,0139,mega-venusaur-ex,0140,joltik-box
1,71,p2,0141,joltik-box,0142,dragapult-dusknoir
1,72,p2,0143,n-zoroark,0144,ceruledge-ex
1,73,p2,0145,dragapult-dusknoir,0146,dragapult-dusknoir
1,74,tie,0147,grimmsnarl-froslass,0148,dragapult-dusknoir
1,75,p1,0149,mega-absol-box,0150,gardevoir-ex-sv
1,76,p1,0151,mega-absol-box,0152,dragapult-dusknoir
1,77,p1,0153,dragapult-dusknoir,0154,ceruledge-ex
1,78,p2,0155,dragapult-dusknoir,0156,gardevoir-ex-sv
1,79,tie,0157,alakazam-dudunsparce,0158,dragapult-dusknoir
1,80,p1,0159,festival-lead,0160,alakazam-dudunsparce
1,81,p2,0161,grimmsnarl-froslass,0162,gholdengo-lunatone
1,82,p1,0163,dragapult-dusknoir,0164,dragapult-dusknoir
1,83,p2,0165,alakazam-dudunsparce,0166,dragapult-charizard
1,84,p2,0167,gholdengo-ex,0168,grimmsnarl-froslass
1,85,p1,0169,?,0170,archaludon-ex
1,86,p1,0171,froslass-munkidori,0172,raging-bolt-ogerpon
1,87,p2,0173,dragapult-dusknoir,0174,dragapult-dusknoir
1,88,p1,0175,gardevoir-ex-sv,0176,gholdengo-lunatone
1,89,p2,0177,n-zoroark,0178,charizard-noctowl
1,90,tie,0179,charizard-noctowl,0180,dragapult-charizard
1,91,tie,0181,n-zoroark,0182,gholdengo-lunatone
1,92,p2,0183,n-zoroark,0184,ceruledge-ex
1,93,p2,0185,dragapult-dusknoir,0186,greninja-ex
1,94,p1,0187,raging-bolt-ogerpon,0188,charizard-noctowl
1,95,p2,0189,n-zoroark,0190,ceruledge-ex
1,96,p1,0191,ogerpon-meganium,0192,charizard-noctowl
1,97,p1,0193,lucario-hariyama,0194,roaring-moon-ex
1,98,tie,0195,charizard-pidgeot,0196,flareon-noctowl
1,99,tie,0197,froslass-munkidori,0198,grimmsnarl-froslass
1,100,p2,0199,n-zoroark,0200,gholdengo-lunatone
1,101,p1,0201,gholdengo-lunatone,0202,gardevoir-ex-sv
1,102,tie,0203,n-zoroark,0204,charizard-noctowl
1,103,p1,0205,festival-lead,0206,raging-bolt-ogerpon
1,104,p2,0207,n-zoroark,0208,gardevoir-ex-sv
1,105,p2,0209,charizard-noctowl,0210,gholdengo-lunatone
1,106,p1,0211,dragapult-dusknoir,0212,gardevoir-ex-sv
1,107,p1,0213,dragapult-dusknoir,0214,n-zoroark
1,108,p2,0215,n-zoroark,0216,joltik-box
1,109,p2,0217,raging-bolt-ogerpon,0218,gardevoir-ex-sv
1,110,tie,0219,gholdengo-lunatone,0220,grimmsnarl-froslass
1,111,p1,0221,joltik-box,0222,slowking-scr
1,112,p2,0223,dragapult-dusknoir,0224,kangaskhan-bouffalant
1,113,p2,0225,festival-lead,0226,dragapult-dusknoir
1,114,p2,0227,dragapult-dusknoir,0228,n-zoroark
1,115,p1,0229,dragapult-dusknoir,0230,slowking-scr
1,116,tie,0231,dragapult-dusknoir,0232,charizard-noctowl
1,117,tie,0233,rocket-mewtwo-ex,0234,rocket-mewtwo-ex
1,118,p2,0235,dragapult-dusknoir,0236,ogerpon-meganium
1,119,p2,0237,dragapult-dusknoir,0238,gholdengo-lunatone
1,120,p2,0239,dragapult-dusknoir,0240,dragapult-dusknoir
1,121,p2,0241,dragapult-charizard,0242,charizard-pidgeot
1,122,p1,0243,gholdengo-lunatone,0244,dragapult-dusknoir
1,123,tie,0245,charizard-noctowl,0246,dragapult-dusknoir
1,124,p1,0247,gardevoir-jellicent,0248,flareon-noctowl
1,125,p1,0249,dragapult-dusknoir,0250,mega-absol-box
1,126,p2,0251,gardevoir-ex-sv,0252,grimmsnarl-froslass
1,127,tie,0253,raging-bolt-ogerpon,0254,joltik-box
1,128,p1,0255,dragapult-dusknoir,0256,gardevoir-ex-sv
1,129,p1,0257,crustle-dri,0258,charizard-pidgeot
1,130,tie,0259,gholdengo-lunatone,0260,n-zoroark
1,131,p2,0261,froslass-munkidori,0262,froslass-munkidori
1,132,p1,0263,charizard-pidgeot,0264,sharpedo-toxtricity
1,133,p1,0265,raging-bolt-ogerpon,0266,gholdengo-joltik-box
1,134,p1,0267,gardevoir-ex-sv,0268,crustle-dri
1,135,p1,0269,dragapult-dusknoir,0270,crustle-dri
1,136,p1,0271,grimmsnarl-froslass,0272,dragapult-dusknoir
1,137,tie,0273,dragapult-dusknoir,0274,gardevoir-ex-sv
1,138,p1,0275,gardevoir-ex-sv,0276,mega-venusaur-ex
1,139,p1,0277,raging-bolt-ogerpon,0278,gholdengo-lunatone
1,140,p2,0279,grimmsnarl-froslass,0280,alakazam-meg
1,141,p2,0281,greninja-ex,0282,gholdengo-lunatone
1,142,p1,0283,n-zoroark,0284,alakazam-dudunsparce
1,143,tie,0285,dragapult-dusknoir,0286,grimmsnarl-froslass
1,144,p2,0287,cynthia-garchomp-ex,0288,festival-lead
1,145,p1,0289,dragapult-dusknoir,0290,grimmsnarl-froslass
1,146,p1,0291,dragapult-dusknoir,0292,mega-absol-box
1,147,p2,0293,n-zoroark,0294,dragapult-dusknoir
1,148,p1,0295,mega-absol-box,0296,gardevoir-ex-sv
1,149,tie,0297,charizard-noctowl,0298,gholdengo-lunatone
1,150,p2,0299,dragapult-dusknoir,0300,dragapult-dusknoir
1,151,p2,0301,mega-venusaur-ex,0302,froslass-munkidori
1,152,p2,0303,gardevoir-ex-sv,0304,alakazam-dudunsparce
1,153,p1,0305,ceruledge-ex,0306,rocket-mewtwo-ex
1,154,p1,0307,dragapult-dusknoir,0308,gholdengo-lunatone
1,155,p2,0309,gholdengo-lunatone,0310,charizard-noctowl
1,156,p2,0311,gholdengo-lunatone,0312,mega-lucario-ex
1,157,p1,0313,grimmsnarl-froslass,0314,raging-bolt-ogerpon
1,158,p1,0315,gardevoir-ex-sv,0316,gardevoir-ex-sv
1,159,p2,0317,mega-absol-box,0318,other
1,160,p2,0319,mega-absol-box,0320,raging-bolt-ogerpon
1,161,p1,0321,ceruledge-ex,0322,lucario-hariyama
1,162,p1,0323,raging-bolt-ogerpon,0324,mega-venusaur-ex
1,163,p2,0325,dragapult-dusknoir,0326,raging-bolt-ogerpon
1,164,tie,0327,raging-bolt-ogerpon,0328,alakazam-dudunsparce
1,165,tie,0329,joltik-box,0330,dragapult-dusknoir
1,166,p2,0331,dragapult-dusknoir,0332,raging-bolt-ogerpon
1,167,p1,0333,charizard-pidgeot,0334,cynthia-garchomp-ex
1,168,p1,0335,gardevoir-ex-sv,0336,alakazam-dudunsparce
1,169,p2,0337,raging-bolt-ogerpon,0338,manectric-eelektrik
1,170,p1,0339,dragapult-dusknoir,0340,dragapult-dusknoir
1,171,p1,0341,charizard-noctowl,0342,dragapult-dusknoir
1,172,p1,0343,gardevoir-ex-sv,0344,grimmsnarl-froslass
1,173,p1,0345,mega-absol-box,0346,mega-absol-box
1,174,p2,0347,gholdengo-lunatone,0348,gardevoir-ex-sv
1,175,p1,0349,gardevoir-ex-sv,0350,hops-trevenant
1,176,p1,0351,dragapult-dusknoir,0352,hop-zacian
1,177,p2,0353,gardevoir-ex-sv,0354,grimmsnarl-froslass
1,178,p2,0355,dragapult-dusknoir,0356,gholdengo-lunatone
1,179,p1,0357,crustle-dri,0358,dragapult-dusknoir
1,180,p1,0359,gholdengo-lunatone,0360,grimmsnarl-froslass
1,181,p1,0361,dragapult-charizard,0362,dragapult-dusknoir
1,182,p2,0363,crustle-dri,0364,froslass-munkidori
1,183,p1,0365,dragapult-dusknoir,0366,dragapult-dusknoir
1,184,p2,0367,alakazam-dudunsparce,0368,dragapult-dusknoir
1,185,p2,0369,gardevoir-ex-sv,0370,gholdengo-lunatone
1,186,p1,0371,raging-bolt-ogerpon,0372,mega-absol-box
1,187,p1,0373,charizard-pidgeot,0374,gholdengo-joltik-box
1,188,p1,0375,dragapult-dusknoir,0376,dragapult-dusknoir
1,189,p2,0377,flareon-noctowl,0378,dragapult-dusknoir
1,190,p2,0379,n-zoroark,0380,joltik-box
1,191,p1,0381,poison-archaludon,0382,alakazam-dudunsparce
1,192,p1,0383,gholdengo-lunatone,0384,rockets-honchkrow
1,193,tie,0385,n-zoroark,0386,rocket-mewtwo-ex
1,194,tie,0387,grimmsnarl-froslass,0388,gholdengo-lunatone
1,195,p2,0389,dragapult-dusknoir,0390,n-zoroark
1,196,p2,0391,gardevoir-ex-sv,0392,grimmsnarl-froslass
1,197,p2,0393,dragapult-dusknoir,0394,raging-bolt-ogerpon
1,198,tie,0395,dragapult-charizard,0396,charizard-dusknoir
1,199,tie,0397,dragapult-dusknoir,0398,dragapult-dusknoir
1,200,p1,0399,dragapult-dusknoir,0400,gardevoir-ex-sv
1,201,tie,0401,dragapult-charizard,0402,lucario-hariyama
1,202,tie,0403,dragapult-dusknoir,0404,dragapult-dusknoir
1,203,p1,0405,charizard-pidgeot,0406,mega-charizard-x-ex
1,204,p1,0407,joltik-box,0408,froslass-munkidori
1,205,p1,0409,joltik-box,0410,dragapult-dusknoir
1,206,p2,0411,froslass-munkidori,0412,mega-absol-box
1,207,p1,0413,dragapult-dusknoir,0414,gardevoir-ex-sv
1,208,tie,0415,charizard-pidgeot,0416,tera-box
1,209,p2,0417,charizard-pidgeot,0418,dragapult-dusknoir
1,210,p2,0419,charizard-noctowl,0420,alakazam-dudunsparce
1,211,p1,0421,archaludon-ex,0422,raging-bolt-ogerpon
1,212,p2,0423,raging-bolt-ogerpon,0424,slowking-scr
1,213,p1,0425,dragapult-dusknoir,0426,mega-venusaur-ex
1,214,p1,0427,dragapult-dusknoir,0428,ceruledge-ex
1,215,p2,0429,greninja-ex,0430,tera-box
1,216,p2,0431,gholdengo-lunatone,0432,grimmsnarl-froslass
1,217,p1,0433,gholdengo-lunatone,0434,gardevoir-ex-sv
1,218,p2,0435,raging-bolt-ogerpon,0436,gardevoir-ex-sv
1,219,p1,0437,raging-bolt-ogerpon,0438,ceruledge-ex
1,220,tie,0439,alakazam-dudunsparce,0440,gholdengo-lunatone
1,221,tie,0441,gardevoir-ex-sv,0442,palafin-ex
1,222,p2,0443,gholdengo-lunatone,0444,dragapult-dusknoir
1,223,p1,0445,?,0446,grimmsnarl-froslass
1,224,p2,0447,flareon-noctowl,0448,charizard-noctowl
1,225,tie,0449,mega-absol-box,0450,dragapult-dusknoir
1,226,p2,0451,gardevoir-jellicent,0452,dragapult-dusknoir
1,227,p2,0453,dragapult-dusknoir,0454,dragapult-charizard
1,228,tie,0455,n-zoroark,0456,raging-bolt-ogerpon
1,229,p1,0457,cynthia-garchomp-ex,0458,mega-absol-box
1,230,p1,0459,n-zoroark,0460,dragapult-charizard
1,231,p1,0461,flareon-noctowl,0462,dragapult-dusknoir
1,232,p1,0463,alakazam-meg,0464,azumarill-ssp
1,233,p2,0465,stevens-metagross,0466,n-zoroark
1,234,p2,0467,gardevoir-ex-sv,0468,n-zoroark
1,235,p1,0469,joltik-box,0470,mega-absol-box
1,236,p1,0471,gardevoir-ex-sv,0472,dragapult-dusknoir
1,237,p1,0473,dragapult-dusknoir,0474,ceruledge-ex
1,238,p2,0475,dragapult-charizard,0476,gholdengo-lunatone
1,239,p1,0477,gholdengo-lunatone,0478,n-zoroark
1,240,p2,0479,froslass-munkidori,0480,tera-box
1,241,p2,0481,flareon-noctowl,0482,gardevoir-ex-sv
1,242,tie,0483,gholdengo-lunatone,0484,n-zoroark
1,243,p2,0485,dragapult-dusknoir,0486,dragapult-dusknoir
1,244,p2,0487,flareon-noctowl,0488,dragapult-charizard
1,245,tie,0489,flareon-noctowl,0490,gardevoir-ex-sv
1,246,tie,0491,raging-bolt-ogerpon,0492,mega-absol-box
1,247,p1,0493,crustle-dri,0494,gholdengo-lunatone
1,248,p1,0495,n-zoroark,0496,flareon-noctowl
1,249,p2,0497,manectric-eelektrik,0498,grimmsnarl-froslass
1,250,tie,0499,slowking-scr,0500,n-zoroark
1,251,p1,0501,raging-bolt-ogerpon,0502,gardevoir-jellicent
1,252,p2,0503,crustle-dri,0504,alakazam-dudunsparce
1,253,p1,0505,dragapult-charizard,0506,dragapult-dusknoir
1,254,p1,0507,grimmsnarl-froslass,0508,dragapult-charizard
1,255,p1,0509,manectric-eelektrik,0510,n-zoroark
1,256,p1,0511,gholdengo-lunatone,0512,raging-bolt-ogerpon
1,257,p1,0513,froslass-munkidori,0514,mega-gengar-ex
1,258,tie,0515,charizard-noctowl,0516,mega-absol-box
1,259,tie,0517,raging-bolt-ogerpon,0518,dragapult-charizard
1,260,p1,0519,dragapult-dusknoir,0520,raging-bolt-ogerpon
1,261,p1,0521,gholdengo-lunatone,0522,raging-bolt-ogerpon
1,262,tie,0523,dragapult-charizard,0524,gholdengo-lunatone
1,263,p1,0525,greninja-ex,0526,charizard-noctowl
1,264,tie,0527,grimmsnarl-froslass,0528,mega-absol-box
1,265,p2,0529,grimmsnarl-froslass,0530,dragapult-dusknoir
1,266,p2,0531,charizard-noctowl,0532,gardevoir-ex-sv
1,267,p1,0533,mega-absol-box,0534,dragapult-dusknoir
1,268,p1,0535,lucario-hariyama,0536,dragapult-dusknoir
1,269,p2,0537,gholdengo-ex,0538,dragapult-dusknoir
1,270,p1,0539,mega-lucario-ex,0540,gardevoir-jellicent
1,271,tie,0541,mega-absol-box,0542,grimmsnarl-froslass
1,272,p1,0543,grimmsnarl-froslass,0544,dragapult-dusknoir
1,273,tie,0545,dragapult-dusknoir,0546,n-zoroark
1,274,tie,0547,gholdengo-lunatone,0548,n-zoroark
1,275,p1,0549,grimmsnarl-froslass,0550,dragapult-dusknoir
1,276,p1,0551,gholdengo-lunatone,0552,dragapult-dusknoir
1,277,p2,0553,raging-bolt-ogerpon,0554,gholdengo-ex
1,278,p2,0555,dragapult-charizard,0556,grimmsnarl-froslass
1,279,p2,0557,gardevoir-ex-sv,0558,pidgeot-control
1,280,p2,0559,ceruledge-ex,0560,gardevoir-ex-sv
1,281,tie,0561,raging-bolt-ogerpon,0562,gardevoir-jellicent
1,282,p1,0563,dragapult-dusknoir,0564,mega-lopunny-ex
1,283,tie,0565,n-zoroark,0566,dragapult-charizard
1,284,p2,0567,iron-hands-magneton,0568,dragapult-dusknoir
1,285,p2,0569,gardevoir-ex-sv,0570,gardevoir-ex-sv
1,286,tie,0571,rocket-mewtwo-ex,0572,dragapult-dusknoir
1,287,tie,0573,gardevoir-ex-sv,0574,rockets-honchkrow
1,288,p1,0575,grimmsnarl-froslass,0576,gholdengo-lunatone
1,289,tie,0577,charizard-pidgeot,0578,raging-bolt-ogerpon
1,290,p2,0579,mega-absol-box,0580,gholdengo-lunatone
1,291,p1,0581,dragapult-dusknoir,0582,dragapult-dusknoir
1,292,p2,0583,grimmsnarl-froslass,0584,?
1,293,tie,0585,dragapult-dusknoir,0586,mega-venusaur-ex
1,294,tie,0587,charizard-noctowl,0588,charizard-noctowl
1,295,p2,0589,charizard-noctowl,0590,dragapult-dusknoir
1,296,p2,0591,kangaskhan-bouffalant,0592,dragapult-dusknoir
1,297,p2,0593,n-zoroark,0594,ceruledge-ex
1,298,p2,0595,n-zoroark,0596,raging-bolt-ogerpon
1,299,p2,0597,raging-bolt-ogerpon,0598,n-zoroark
1,300,tie,0599,mega-absol-box,0600,gholdengo-lunatone
1,301,p1,0601,mega-absol-box,0602,flareon-noctowl
1,302,p1,0603,dragapult-dusknoir,0604,dragapult-dusknoir
1,303,p1,0605,gardevoir-ex-sv,0606,grimmsnarl-froslass
1,304,p2,0607,grimmsnarl-froslass,0608,n-zoroark
1,305,p1,0609,grimmsnarl-froslass,0610,gardevoir-jellicent
1,306,p1,0611,froslass-munkidori,0612,charizard-noctowl
1,307,p2,0613,grimmsnarl-froslass,0614,gholdengo-lunatone
1,308,p2,0615,lopunny-dusknoir,0616,dragapult-dusknoir
1,309,p2,0617,gardevoir-ex-sv,0618,grimmsnarl-froslass
1,310,p1,0619,gholdengo-lunatone,0620,grimmsnarl-froslass
1,311,tie,0621,?,0622,dragapult-charizard
1,312,p2,0623,gholdengo-lunatone,0624,dragapult-dusknoir
1,313,p2,0625,joltik-box,0626,dragapult-charizard
1,314,p2,0627,grimmsnarl-froslass,0628,n-zoroark
1,315,p1,0629,festival-lead,0630,dragapult-dusknoir
1,316,p1,0631,charizard-pidgeot,0632,raging-bolt-ogerpon
1,317,tie,0633,n-zoroark,0634,dragapult-charizard
1,318,p2,0635,alakazam-dudunsparce,0636,joltik-box
1,319,p1,0637,dragapult-blaziken,0638,dragapult-dusknoir
1,320,p2,0639,n-zoroark,0640,grimmsnarl-froslass
1,321,p2,0641,slowking-scr,0642,crustle-dri
1,322,tie,0643,grimmsnarl-froslass,0644,froslass-munkidori
1,323,p1,0645,gholdengo-lunatone,0646,dragapult-dusknoir
1,324,p2,0647,raging-bolt-ogerpon,0648,ceruledge-ex
1,325,p1,0649,gholdengo-lunatone,0650,mega-froslass-ex
1,326,p2,0651,dragapult-dusknoir,0652,grimmsnarl-froslass
1,327,p2,0653,n-zoroark,0654,charizard-noctowl
1,328,tie,0655,raging-bolt-ogerpon,0656,grimmsnarl-froslass
1,329,p1,0657,hydrapple-ogerpon,0658,gardevoir-ex-sv
1,330,p2,0659,gardevoir-ex-sv,0660,gholdengo-lunatone
1,331,p1,0661,raging-bolt-ogerpon,0662,mega-absol-box
1,332,tie,0663,joltik-box,0664,dragapult-dusknoir
1,333,p1,0665,gardevoir-ex-sv,0666,mega-absol-box
1,334,tie,0667,raging-bolt-ogerpon,0668,gholdengo-lunatone
1,335,p1,0669,festival-lead,0670,dragapult-dusknoir
1,336,p2,0671,froslass-munkidori,0672,mega-absol-box
1,337,p2,0673,gardevoir-ex-sv,0674,slowking-scr
1,338,p1,0675,grimmsnarl-froslass,0676,n-zoroark
1,339,p2,0677,gholdengo-lunatone,0678,gholdengo-lunatone
1,340,p1,0679,n-zoroark,0680,gardevoir-ex-sv
1,341,p1,0681,n-zoroark,0682,n-zoroark
1,342,tie,0683,grimmsnarl-froslass,0684,mega-absol-box
1,343,p2,0685,festival-lead,0686,lucario-hariyama
1,344,p2,0687,mega-absol-box,0688,dragapult-dusknoir
1,345,p1,0689,n-zoroark,0690,tera-box
1,346,tie,0691,grimmsnarl-froslass,0692,gardevoir-ex-sv
1,347,p1,0693,mega-absol-box,0694,flareon-noctowl
1,348,tie,0695,gholdengo-lunatone,0696,gholdengo-lunatone
1,349,p1,0697,mega-absol-box,0698,dragapult-charizard
1,350,p1,0699,dragapult-dusknoir,0700,festival-lead
1,351,p1,0701,gholdengo-lunatone,0702,gholdengo-ex
1,352,tie,0703,charizard-pidgeot,0704,alakazam-dudunsparce
1,353,tie,0705,gardevoir-ex-sv,0706,archaludon-dudunsparce
1,354,p1,0707,raging-bolt-ogerpon,0708,dragapult-dusknoir
1,355,p2,0709,dragapult-charizard,0710,charizard-pidgeot
1,356,p1,0711,?,0712,n-zoroark
1,357,p1,0713,mega-lucario-ex,0714,festival-lead
1,358,p2,0715,dragapult-dusknoir,0716,dragapult-dusknoir
1,359,p2,0717,crustle-dri,0718,raging-bolt-ogerpon
1,360,p2,0719,gholdengo-lunatone,0720,dragapult-dusknoir
1,361,p1,0721,grimmsnarl-froslass,0722,dragapult-dusknoir
1,362,tie,0723,grimmsnarl-froslass,0724,dragapult-dusknoir
1,363,p2,0725,froslass-munkidori,0726,dragapult-dusknoir
1,364,tie,0727,froslass-munkidori,0728,n-zoroark
1,365,p1,0729,dragapult-dusknoir,0730,cynthia-garchomp-ex
1,366,p1,0731,n-zoroark,0732,gardevoir-ex-sv
1,367,p2,0733,dragapult-dusknoir,0734,gholdengo-lunatone
1,368,p2,0735,mega-venusaur-ex,0736,festival-lead
1,369,tie,0737,grimmsnarl-froslass,0738,tera-box
1,370,p1,0739,joltik-box,0740,froslass-munkidori
1,371,p1,0741,dragapult-dusknoir,0742,dragapult-charizard
1,372,p2,0743,alakazam-dudunsparce,0744,dragapult-dusknoir
1,373,p2,0745,greninja-blaziken,0746,ceruledge-ex
1,374,p1,0747,grimmsnarl-froslass,0748,gholdengo-lunatone
1,375,tie,0749,dragapult-ex,0750,gholdengo-lunatone
1,376,p1,0751,mega-absol-box,0752,mega-absol-box
1,377,p1,0753,dragapult-dusknoir,0754,alakazam-dudunsparce
1,378,tie,0755,gholdengo-lunatone,0756,grimmsnarl-froslass
1,379,p1,0757,festival-lead,0758,n-zoroark
1,380,p2,0759,other,0760,dragapult-dusknoir
1,381,p1,0761,joltik-box,0762,gardevoir-ex-sv
1,382,p2,0763,dragapult-dusknoir,0764,grimmsnarl-froslass
1,383,p1,0765,grimmsnarl-froslass,0766,dragapult-dusknoir
1,384,tie,0767,dragapult-dusknoir,0768,dragapult-dusknoir
1,385,p2,0769,dragapult-dusknoir,0770,ceruledge-ex
1,386,p2,0771,rocket-mewtwo-ex,0772,ethan-typhlosion
1,387,p2,0773,dragapult-dusknoir,0774,gardevoir-ex-sv
1,388,p1,0775,n-zoroark,0776,toxtricity-box
1,389,p1,0777,grimmsnarl-froslass,0778,festival-lead
1,390,p2,0779,mega-absol-box,0780,gholdengo-lunatone
1,391,p1,0781,charizard-noctowl,0782,dragapult-dusknoir
1,392,p1,0783,gardevoir-ex-sv,0784,n-zoroark
1,393,p2,0785,gardevoir-ex-sv,0786,grimmsnarl-froslass
1,394,p1,0787,grimmsnarl-froslass,0788,gardevoir-ex-sv
1,395,p2,0789,grimmsnarl-froslass,0790,grimmsnarl-froslass
1,396,tie,0791,gholdengo-lunatone,0792,charizard-noctowl
1,397,tie,0793,froslass-munkidori,0794,dragapult-charizard
1,398,tie,0795,dragapult-dusknoir,0796,cynthia-garchomp-ex
1,399,p1,0797,n-zoroark,0798,mega-absol-box
1,400,p2,0799,dragapult-dusknoir,0800,gardevoir-ex-sv
1,401,tie,0801,lucario-hariyama,0802,n-zoroark
1,402,p1,0803,raging-bolt-ogerpon,0804,n-zoroark
1,403,tie,0805,grimmsnarl-froslass,0806,raging-bolt-ogerpon
1,404,tie,0807,raging-bolt-ogerpon,0808,copperajah-ex
1,405,tie,0809,n-zoroark,0810,froslass-munkidori
1,406,p1,0811,gholdengo-lunatone,0812,kangaskhan-bouffalant
1,407,p1,0813,dragapult-charizard,0814,n-zoroark
1,408,tie,0815,n-zoroark,0816,dragapult-dusknoir
1,409,p2,0817,n-zoroark,0818,charizard-pidgeot
1,410,p1,0819,crustle-dri,0820,tera-box
1,411,p2,0821,ceruledge-ex,0822,flareon-noctowl
1,412,tie,0823,ceruledge-ex,0824,n-zoroark
1,413,p2,0825,froslass-munkidori,0826,n-zoroark
1,414,p2,0827,dragapult-charizard,0828,dragapult-dusknoir
1,415,p1,0829,grimmsnarl-froslass,0830,hydrapple-ogerpon
1,416,p2,0831,gholdengo-lunatone,0832,dragapult-dusknoir
1,417,p2,0833,ho-oh-armarouge,0834,dragapult-dusknoir
1,418,p1,0835,flareon-noctowl,0836,n-zoroark
1,419,p1,0837,dragapult-dusknoir,0838,festival-lead
1,420,p2,0839,gardevoir-ex-sv,0840,dragapult-dusknoir
1,421,p1,0841,gholdengo-lunatone,0842,dragapult-dusknoir
1,422,p1,0843,dragapult-dusknoir,0844,alakazam-meg
1,423,p2,0845,gardevoir-ex-sv,0846,ursaluna-lunatone
1,424,p1,0847,charizard-noctowl,0848,dragapult-blaziken
1,425,p1,0849,dragapult-dusknoir,0850,mega-absol-box
1,426,p2,0851,n-zoroark,0852,ceruledge-ex
1,427,p1,0853,alakazam-dudunsparce,0854,gholdengo-lunatone
1,428,tie,0855,gholdengo-lunatone,0856,festival-lead
1,429,p2,0857,raging-bolt-ogerpon,0858,n-zoroark
1,430,p2,0859,ceruledge-ex,0860,cynthia-garchomp-ex
1,431,tie,0861,charizard-pidgeot,0862,n-zoroark
1,432,p1,0863,dragapult-charizard,0864,ho-oh-armarouge
1,433,p2,0865,palafin-ex,0866,kangaskhan-bouffalant
1,434,p2,0867,mega-venusaur-ex,0868,dragapult-dusknoir
1,435,tie,0869,dragapult-dusknoir,0870,kangaskhan-bouffalant
1,436,p2,0871,okidogi-ex,0872,tera-box
1,437,p1,0873,gholdengo-lunatone,0874,raging-bolt-ogerpon
1,438,p1,0875,dragapult-dusknoir,0876,rocket-mewtwo-ex
1,439,tie,0877,charizard-noctowl,0878,alakazam-dudunsparce
1,440,tie,0879,froslass-munkidori,0880,charizard-noctowl
1,441,p2,0881,lucario-hariyama,0882,ceruledge-ex
1,442,p2,0883,grimmsnarl-froslass,0884,dragapult-dusknoir
1,443,p2,0885,n-zoroark,0886,dragapult-dusknoir
1,444,p2,0887,gardevoir-ex-sv,0888,grimmsnarl-froslass
1,445,tie,0889,n-zoroark,0890,n-zoroark
1,446,p1,0891,gardevoir-jellicent,0892,charizard-pidgeot
1,447,p1,0893,froslass-munkidori,0894,dragapult-dusknoir
1,448,p1,0895,dragapult-dusknoir,0896,charizard-noctowl
1,449,tie,0897,toxtricity-pfl,0898,gardevoir-ex-sv
1,450,tie,0899,mega-absol-box,0900,gholdengo-joltik-box
1,451,tie,0901,charizard-pidgeot,0902,gholdengo-lunatone
1,452,p1,0903,charizard-pidgeot,0904,ceruledge-ex
1,453,tie,0905,raging-bolt-ogerpon,0906,gholdengo-lunatone
1,454,p2,0907,froslass-munkidori,0908,dragapult-charizard
1,455,p2,0909,ceruledge-ex,0910,gholdengo-lunatone
1,456,p2,0911,ceruledge-ex,0912,dragapult-charizard
1,457,p2,0913,raging-bolt-ogerpon,0914,festival-lead
1,458,tie,0915,gholdengo-lunatone,0916,dragapult-charizard
1,459,tie,0917,gardevoir-ex-sv,0918,gardevoir-ex-sv
1,460,p2,0919,dragapult-dusknoir,0920,dragapult-dusknoir
1,461,p1,0921,n-zoroark,0922,mega-absol-box
1,462,p2,0923,rocket-mewtwo-ex,0924,charizard-noctowl
1,463,p2,0925,gholdengo-ex,0926,marnie-grimmsnarl-ex
1,464,p1,0927,dragapult-dusknoir,0928,chien-pao-baxcalibur
1,465,p1,0929,alakazam-dudunsparce,0930,festival-lead
1,466,p1,0931,n-zoroark,0932,gardevoir-ex-sv
1,467,tie,0933,joltik-box,0934,joltik-box
1,468,tie,0935,mega-charizard-x-ex,0936,froslass-munkidori
1,469,p2,0937,n-zoroark,0938,grimmsnarl-froslass
1,470,p2,0939,dragapult-dusknoir,0940,charizard-pidgeot
1,471,p2,0941,n-zoroark,0942,charizard-noctowl
1,472,p2,0943,rockets-honchkrow,0944,lucario-hariyama
1,473,p1,0945,flareon-noctowl,0946,mega-absol-box
1,474,p1,0947,dragapult-charizard,0948,n-zoroark
1,475,p1,0949,dragapult-dusknoir,0950,gardevoir-ex-sv
1,476,p2,0951,n-zoroark,0952,charizard-noctowl
1,477,p1,0953,ceruledge-ex,0954,mega-absol-box
1,478,p2,0955,charizard-pidgeot,0956,mega-absol-box
1,479,tie,0957,n-zoroark,0958,festival-lead
1,480,p2,0959,gardevoir-ex-sv,0960,gholdengo-lunatone
1,481,p1,0961,raging-bolt-ogerpon,0962,grimmsnarl-froslass
1,482,p2,0963,ceruledge-ex,0964,gholdengo-lunatone
1,483,p2,0965,dragapult-dusknoir,0966,n-zoroark
1,484,p2,0967,dragapult-dusknoir,0968,cynthia-garchomp-ex
1,485,p2,0969,dragapult-dusknoir,0970,dragapult-charizard
1,486,p1,0971,mega-absol-box,0972,charizard-noctowl
1,487,p1,0973,dragapult-dusknoir,0974,dragapult-dusknoir
1,488,p2,0975,gardevoir-jellicent,0976,dragapult-dusknoir
1,489,p2,0977,gholdengo-lunatone,0978,dragapult-dusknoir
1,490,p2,0979,charizard-noctowl,0980,tera-box
1,491,p2,0981,grimmsnarl-froslass,0982,n-zoroark
1,492,p1,0983,gardevoir-ex-sv,0984,mega-absol-box
1,493,p1,0985,lopunny-dusknoir,0986,dragapult-dusknoir
1,494,p2,0987,dragapult-dusknoir,0988,raging-bolt-ogerpon
1,495,p2,0989,festival-lead,0990,gardevoir-ex-sv
1,496,p2,0991,cynthia-garchomp-ex,0992,dragapult-dusknoir
1,497,p1,0993,ceruledge-ex,0994,cynthia-garchomp-ex
1,498,p1,0995,grimmsnarl-froslass,0996,grimmsnarl-froslass
1,499,p1,0997,grimmsnarl-froslass,0998,dragapult-dusknoir
1,500,tie,0999,n-zoroark,1000,rocket-mewtwo-ex
1,501,p2,1001,grimmsnarl-froslass,1002,n-zoroark
1,502,p1,1003,grimmsnarl-froslass,1004,gardevoir-ex-sv
1,503,p2,1005,froslass-munkidori,1006,mega-absol-box
1,504,p1,1007,dragapult-charizard,1008,other
1,505,tie,1009,dragapult-dusknoir,1010,froslass-munkidori
1,506,p1,1011,dragapult-charizard,1012,mega-absol-box
1,507,p2,1013,ogerpon-meganium,1014,joltik-box
1,508,p2,1015,gardevoir-ex-sv,1016,gholdengo-lunatone
1,509,p1,1017,gardevoir-ex-sv,1018,gholdengo-lunatone
1,510,p1,1019,cynthia-garchomp-ex,1020,dragapult-dusknoir
1,511,p2,1021,dragapult-dusknoir,1022,ceruledge-ex
1,512,tie,1023,gholdengo-lunatone,1024,flareon-noctowl
1,513,p1,1025,dragapult-dusknoir,1026,greninja-ex
1,514,p1,1027,dragapult-dusknoir,1028,dragapult-dusknoir
1,515,p1,1029,dragapult-dusknoir,1030,rockets-honchkrow
1,516,p1,1031,gholdengo-lunatone,1032,gholdengo-lunatone
1,517,p2,1033,charizard-ex,1034,grimmsnarl-froslass
1,518,p2,1035,hydrapple-ogerpon,1036,gardevoir-ex-sv
1,519,p1,1037,raging-bolt-ogerpon,1038,gholdengo-lunatone
1,520,p1,1039,charizard-pidgeot,1040,mega-absol-box
1,521,p2,1041,gholdengo-lunatone,1042,froslass-munkidori
1,522,p2,1043,gholdengo-lunatone,1044,raging-bolt-ogerpon
1,523,p1,1045,n-zoroark,1046,alakazam-dudunsparce
1,524,tie,1047,dragapult-dusknoir,1048,gardevoir-ex-sv
1,525,p2,1049,alakazam-dudunsparce,1050,charizard-noctowl
1,526,tie,1051,mega-venusaur-ex,1052,dragapult-dusknoir
1,527,p1,1053,dragapult-dusknoir,1054,dragapult-dusknoir
1,528,p1,1055,n-zoroark,1056,gholdengo-lunatone
1,529,p2,1057,kangaskhan-bouffalant,1058,n-zoroark
1,530,tie,1059,dragapult-dusknoir,1060,gardevoir-jellicent
1,531,tie,1061,alakazam-dudunsparce,1062,dragapult-dusknoir
1,532,p1,1063,n-zoroark,1064,gardevoir-ex-sv
1,533,tie,1065,rocket-mewtwo-ex,1066,n-zoroark
1,534,p2,1067,raging-bolt-ogerpon,1068,festival-lead
1,535,p1,1069,froslass-munkidori,1070,n-zoroark
1,536,p1,1071,joltik-box,1072,froslass-munkidori
1,537,p2,1073,raging-bolt-ogerpon,1074,gholdengo-lunatone
1,538,p2,1075,gholdengo-lunatone,1076,dragapult-dusknoir
1,539,p2,1077,gardevoir-jellicent,1078,n-zoroark
1,540,p2,1079,dragapult-dusknoir,1080,joltik-box
1,541,p2,1081,dragapult-dusknoir,1082,gholdengo-lunatone
1,542,p1,1083,dragapult-charizard,1084,dragapult-dusknoir
1,543,p2,1085,dragapult-froslass,1086,dragapult-dusknoir
1,544,p1,1087,tera-box,1088,dragapult-dusknoir
1,545,p2,1089,dragapult-charizard,1090,gholdengo-lunatone
1,546,p2,1091,dragapult-dusknoir,1092,gardevoir-ex-sv
1,547,p1,1093,?,1094,gholdengo-ex
1,548,tie,1095,gardevoir-ex-sv,1096,?
1,549,p1,1097,raging-bolt-ogerpon,1098,dragapult-dusknoir
1,550,p2,1099,raging-bolt-ogerpon,1100,dragapult-dusknoir
1,551,p1,1101,cynthia-garchomp-ex,1102,charizard-noctowl
1,552,tie,1103,n-zoroark,1104,alakazam-dudunsparce
1,553,p2,1105,dragapult-dusknoir,1106,charizard-noctowl
1,554,p2,1107,froslass-munkidori,1108,gholdengo-lunatone
1,555,tie,1109,mega-venusaur-ex,1110,raging-bolt-ogerpon
1,556,p1,1111,grimmsnarl-froslass,1112,n-zoroark
1,557,tie,1113,gholdengo-lunatone,1114,mega-absol-box
1,558,p1,1115,gholdengo-lunatone,1116,hydrapple-ex
1,559,tie,1117,alakazam-dudunsparce,1118,dragapult-charizard
1,560,tie,1119,grimmsnarl-froslass,1120,charizard-noctowl
1,561,p2,1121,charizard-ex,1122,grimmsnarl-froslass
1,562,p1,1123,grimmsnarl-froslass,1124,gholdengo-lunatone
1,563,tie,1125,ceruledge-ex,1126,cynthia-garchomp-ex
1,564,p2,1127,?,1128,joltik-box
1,565,p2,1129,charizard-pidgeot,1130,dragapult-dusknoir
1,566,tie,1131,charizard-noctowl,1132,gardevoir-jellicent
1,567,p1,1133,grimmsnarl-froslass,1134,n-zoroark
1,568,tie,1135,ceruledge-ex,1136,gholdengo-lunatone
1,569,p2,1137,mega-absol-box,1138,raging-bolt-ogerpon
1,570,p1,1139,gardevoir-ex-sv,1140,dragapult-dusknoir
1,571,p1,1141,grimmsnarl-froslass,1142,grimmsnarl-froslass
1,572,p1,1143,n-zoroark,1144,dragapult-dusknoir
1,573,p2,1145,tera-box,1146,n-zoroark
1,574,tie,1147,gardevoir-ex-sv,1148,gholdengo-lunatone
1,575,p2,1149,grimmsnarl-froslass,1150,joltik-box
1,576,p1,1151,charizard-pidgeot,1152,gholdengo-lunatone
1,577,tie,1153,gardevoir-ex-sv,1154,n-zoroark
1,578,p2,1155,n-zoroark,1156,gardevoir-jellicent
1,579,p2,1157,dragapult-dusknoir,1158,gholdengo-lunatone
1,580,p2,1159,cynthia-garchomp-ex,1160,ceruledge-ex
1,581,p1,1161,grimmsnarl-froslass,1162,lucario-hariyama
1,582,tie,1163,gardevoir-ex-sv,1164,raging-bolt-ogerpon
1,583,p2,1165,gardevoir-ex-sv,1166,n-zoroark
1,584,tie,1167,dragapult-dusknoir,1168,grimmsnarl-froslass
1,585,p2,1169,joltik-box,1170,charizard-noctowl
1,586,tie,1171,gardevoir-ex-sv,1172,dragapult-charizard
1,587,p2,1173,raging-bolt-ogerpon,1174,tera-box
1,588,p1,1175,n-zoroark,1176,alakazam-dudunsparce
1,589,tie,1177,kangaskhan-forretress,1178,mega-venusaur-ex
1,590,tie,1179,gardevoir-ex-sv,1180,gholdengo-lunatone
1,591,p1,1181,dragapult-charizard,1182,gardevoir-jellicent
1,592,tie,1183,lucario-hariyama,1184,dragapult-dusknoir
1,593,tie,1185,conkeldurr-twm,1186,raging-bolt-ogerpon
1,594,p1,1187,dragapult-charizard,1188,sharpedo-toxtricity
1,595,tie,1189,dragapult-dusknoir,1190,alakazam-dudunsparce
1,596,p1,1191,raging-bolt-ogerpon,1192,dragapult-dusknoir
1,597,p2,1193,mega-venusaur-ex,1194,grimmsnarl-froslass
1,598,p1,1195,grimmsnarl-froslass,1196,n-zoroark
1,599,p2,1197,mega-absol-box,1198,gholdengo-lunatone
1,600,p1,1199,mega-absol-box,1200,mega-absol-box
1,601,p2,1201,mega-absol-box,1202,n-zoroark
1,602,tie,1203,charizard-pidgeot,1204,dragapult-charizard
1,603,p2,1205,manectric-eelektrik,1206,gholdengo-lunatone
1,604,tie,1207,ursaluna-lunatone,1208,froslass-munkidori
1,605,tie,1209,gardevoir-jellicent,1210,gholdengo-lunatone
1,606,p2,1211,?,1212,dragapult-dusknoir
1,607,p2,1213,n-zoroark,1214,raging-bolt-ogerpon
1,608,p2,1215,n-zoroark,1216,dragapult-dusknoir
1,609,tie,1217,dragapult-dusknoir,1218,dragapult-charizard
1,610,p2,1219,dragapult-dusknoir,1220,grimmsnarl-froslass
1,611,p1,1221,mega-absol-box,1222,grimmsnarl-froslass
1,612,p1,1223,mega-absol-box,1224,raging-bolt-ogerpon
1,613,p1,1225,alakazam-dudunsparce,1226,mega-absol-box
1,614,p1,1227,dragapult-dusknoir,1228,lopunny-dusknoir
1,615,tie,1229,dragapult-dusknoir,1230,dragapult-dusknoir
1,616,p1,1231,gholdengo-lunatone,1232,alakazam-dudunsparce
1,617,p2,1233,raging-bolt-ogerpon,1234,charizard-noctowl
1,618,p2,1235,dragapult-dusknoir,1236,dragapult-dusknoir
1,619,p1,1237,tera-box,1238,gholdengo-lunatone
1,620,p2,1239,dragapult-dusknoir,1240,gholdengo-lunatone
1,621,tie,1241,gardevoir-ex-sv,1242,mega-absol-box
1,622,p1,1243,dragapult-dusknoir,1244,dragapult-dusknoir
1,623,p1,1245,festival-lead,1246,charizard-noctowl
1,624,tie,1247,gardevoir-jellicent,1248,gardevoir-ex-sv
1,625,p2,1249,gholdengo-lunatone,1250,froslass-munkidori
1,626,p1,1251,froslass-munkidori,1252,gardevoir-ex-sv
1,627,p1,1253,dragapult-dusknoir,1254,dragapult-dusknoir
1,628,tie,1255,gholdengo-lunatone,1256,gardevoir-ex-sv
1,629,p2,1257,grimmsnarl-froslass,1258,dragapult-dusknoir
1,630,p2,1259,gardevoir-jellicent,1260,grimmsnarl-froslass
1,631,p1,1261,raging-bolt-ogerpon,1262,rocket-mewtwo-ex
1,632,p1,1263,mega-absol-box,1264,gardevoir-ex-sv
1,633,tie,1265,froslass-munkidori,1266,rockets-honchkrow
1,634,tie,1267,n-zoroark,1268,grimmsnarl-froslass
1,635,p1,1269,froslass-munkidori,1270,n-zoroark
1,636,p2,1271,raging-bolt-ogerpon,1272,ursaluna-lunatone
1,637,tie,1273,charizard-noctowl,1274,mega-absol-box
1,638,p2,1275,alakazam-dudunsparce,1276,crustle-dri
1,639,p2,1277,charizard-noctowl,1278,hydrapple-ogerpon
1,640,p2,1279,festival-lead,1280,dragapult-dusknoir
1,641,p2,1281,marnie-grimmsnarl-ex,1282,gardevoir-ex-sv
1,642,p2,1283,flareon-noctowl,1284,alakazam-dudunsparce
1,643,p2,1285,mega-lucario-ex,1286,joltik-box
1,644,p2,1287,lucario-hariyama,1288,alakazam-dudunsparce
1,645,p2,1289,joltik-box,1290,grimmsnarl-froslass
1,646,p2,1291,dragapult-dusknoir,1292,mega-absol-box
1,647,p1,1293,n-zoroark,1294,festival-lead
1,648,p1,1295,gardevoir-ex-sv,1296,ogerpon-meganium
1,649,p2,1297,raging-bolt-ogerpon,1298,charizard-noctowl
1,650,p1,1299,n-zoroark,1300,mega-absol-box
1,651,p2,1301,gholdengo-lunatone,1302,dragapult-dusknoir
1,652,p1,1303,grimmsnarl-froslass,1304,tera-box
1,653,p1,1305,cynthia-garchomp-ex,1306,charizard-noctowl
1,654,p2,1307,dragapult-charizard,1308,charizard-pidgeot
1,655,p1,1309,crustle-dri,1310,n-zoroark
1,656,tie,1311,joltik-box,1312,dragapult-dusknoir
1,657,p2,1313,flareon-ex,1314,ceruledge-ex
1,658,p1,1315,dragapult-dusknoir,1316,ceruledge-ex
1,659,p1,1317,ceruledge-ex,1318,gardevoir-jellicent
1,660,tie,1319,n-zoroark,1320,dragapult-dusknoir
1,661,p1,1321,gholdengo-lunatone,1322,n-zoroark
1,662,p2,1323,dragapult-dusknoir,1324,dragapult-dusknoir
1,663,p1,1325,raging-bolt-ogerpon,1326,grimmsnarl-froslass
1,664,p2,1327,dragapult-dusknoir,1328,tera-box
1,665,tie,1329,gholdengo-lunatone,1330,dragapult-dusknoir
1,666,tie,1331,joltik-box,1332,ceruledge-ex
1,667,tie,1333,grimmsnarl-froslass,1334,gholdengo-lunatone
1,668,p2,1335,ceruledge-ex,1336,charizard-noctowl
1,669,p1,1337,gardevoir-ex-sv,1338,crustle-dri
1,670,p2,1339,dragapult-dusknoir,1340,n-zoroark
1,671,tie,1341,ceruledge-ex,1342,gardevoir-ex-sv
1,672,p2,1343,grimmsnarl-froslass,1344,gholdengo-lunatone
1,673,tie,1345,mega-lucario-ex,1346,gardevoir-ex-sv
1,674,p2,1347,dragapult-dusknoir,1348,poison-mega-latias
1,675,p1,1349,mega-absol-box,1350,crustle-dri
1,676,p2,1351,n-zoroark,1352,charizard-noctowl
1,677,p1,1353,gardevoir-ex-sv,1354,dragapult-dusknoir
1,678,p2,1355,mega-absol-box,1356,?
1,679,tie,1357,dragapult-ex,1358,gardevoir-ex-sv
1,680,p1,1359,charizard-noctowl,1360,gardevoir-ex-sv
1,681,p1,1361,dragapult-charizard,1362,raging-bolt-ogerpon
1,682,p2,1363,dragapult-dusknoir,1364,mega-absol-box
1,683,p1,1365,rockets-honchkrow,1366,gholdengo-lunatone
1,684,tie,1367,kangaskhan-bouffalant,1368,raging-bolt-ogerpon
1,685,p2,1369,dragapult-dusknoir,1370,raging-bolt-ogerpon
1,686,p2,1371,grimmsnarl-froslass,1372,lucario-hariyama
1,687,p1,1373,joltik-box,1374,froslass-munkidori
1,688,p1,1375,gardevoir-ex-sv,1376,gholdengo-lunatone
1,689,p2,1377,flareon-noctowl,1378,gardevoir-ex-sv
1,690,p1,1379,rocket-mewtwo-ex,1380,mega-charizard-x-ex
1,691,p2,1381,dragapult-dusknoir,1382,n-zoroark
1,692,p2,1383,n-zoroark,1384,froslass-munkidori
1,693,tie,1385,lucario-hariyama,1386,grimmsnarl-froslass
1,694,p2,1387,rocket-mewtwo-ex,1388,n-zoroark
1,695,tie,1389,n-zoroark,1390,grimmsnarl-froslass
1,696,p2,1391,dragapult-dusknoir,1392,crustle-dri
1,697,p2,1393,gardevoir-ex-sv,1394,gholdengo-lunatone
1,698,p1,1395,festival-lead,1396,alakazam-dudunsparce
1,699,p2,1397,dragapult-dusknoir,1398,rockets-honchkrow
1,700,p2,1399,hops-trevenant,1400,roaring-moon-dudunsparce
1,701,p1,1401,lucario-hariyama,1402,mega-absol-box
1,702,p2,1403,charizard-pidgeot,1404,n-zoroark
1,703,p2,1405,gholdengo-lunatone,1406,raging-bolt-ogerpon
1,704,tie,1407,gholdengo-lunatone,1408,ceruledge-ex
1,705,p2,1409,dragapult-dusknoir,1410,gholdengo-lunatone
1,706,p1,1411,grimmsnarl-froslass,1412,grimmsnarl-froslass
1,707,p1,1413,gardevoir-ex-sv,1414,n-zoroark
1,708,p1,1415,mega-venusaur-ex,1416,n-zoroark
1,709,tie,1417,froslass-munkidori,1418,n-zoroark
1,710,p1,1419,dragapult-charizard,1420,raging-bolt-ogerpon
1,711,tie,1421,dragapult-dusknoir,1422,dragapult-dusknoir
1,712,p2,1423,grimmsnarl-froslass,1424,ceruledge-ex
1,757,p1,1425,charizard-noctowl,1426,tera-box
1,758,p1,1427,grimmsnarl-froslass,1428,grimmsnarl-froslass
1,760,tie,1429,gardevoir-ex-sv,1430,festival-lead
1,761,p2,1431,froslass-munkidori,1432,gardevoir-ex-sv
1,762,p2,1433,alakazam-dudunsparce,1434,dragapult-dusknoir
1,,unpaired,1435,dragapult-dusknoir,,
1,,unpaired,1436,slowking-scr,,
1,,unpaired,1437,dragapult-dusknoir,,
1,,unpaired,1438,gardevoir-ex-sv,,
1,,unpaired,1439,n-zoroark,,
1,,unpaired,1440,gholdengo-lunatone,,
1,,unpaired,1441,alakazam-dudunsparce,,
1,,unpaired,1442,rockets-honchkrow,,
1,,unpaired,1443,gardevoir-ex-sv,,
1,,unpaired,1444,dragapult-dusknoir,,
1,,unpaired,1445,gholdengo-lunatone,,
1,,unpaired,1446,dragapult-dusknoir,,
2,1,tie,1090,gholdengo-lunatone,0660,gholdengo-lunatone
2,2,p1,0267,gardevoir-ex-sv,0418,dragapult-dusknoir
2,3,tie,1002,n-zoroark,0535,lucario-hariyama
2,4,p2,0629,festival-lead,0088,grimmsnarl-froslass
2,5,p2,0945,flareon-noctowl,1083,dragapult-charizard
2,6,tie,0338,manectric-eelektrik,0978,dragapult-dusknoir
2,7,p1,0908,dragapult-charizard,0513,froslass-munkidori
2,8,p1,1042,froslass-munkidori,0156,gardevoir-ex-sv
2,9,p2,0834,dragapult-dusknoir,0636,joltik-box
2,10,p2,1187,dragapult-charizard,0530,dragapult-dusknoir
2,11,p1,0726,dragapult-dusknoir,0777,grimmsnarl-froslass
2,12,p2,0409,joltik-box,0095,gardevoir-jellicent
2,13,p1,0226,dragapult-dusknoir,0931,n-zoroark
2,14,tie,1359,charizard-noctowl,0741,dragapult-dusknoir
2,15,p1,0888,grimmsnarl-froslass,0603,dragapult-dusknoir
2,16,p2,0162,gholdengo-lunatone,0471,gardevoir-ex-sv
2,17,p2,0348,gardevoir-ex-sv,0507,grimmsnarl-froslass
2,18,p2,0616,dragapult-dusknoir,0558,pidgeot-control
2,19,p2,0626,dragapult-charizard,1365,rockets-honchkrow
2,20,p2,0711,?,0832,dragapult-dusknoir
2,21,tie,0640,grimmsnarl-froslass,0049,festival-lead
2,22,p2,0637,dragapult-blaziken,1404,n-zoroark
2,23,p1,0581,dragapult-dusknoir,0818,charizard-pidgeot
2,24,p2,0448,charizard-noctowl,0473,dragapult-dusknoir
2,25,p1,1111,grimmsnarl-froslass,0781,charizard-noctowl
2,26,tie,1372,lucario-hariyama,0488,dragapult-charizard
2,27,p2,1139,gardevoir-ex-sv,0980,tera-box
2,28,p1,0061,mega-absol-box,0787,grimmsnarl-froslass
2,29,p1,1352,charizard-noctowl,0868,dragapult-dusknoir
2,30,p2,1034,grimmsnarl-froslass,1027,dragapult-dusknoir
2,31,p1,0103,raging-bolt-ogerpon,0108,dragapult-dusknoir
2,32,tie,1133,grimmsnarl-froslass,0144,ceruledge-ex
2,33,tie,0320,raging-bolt-ogerpon,0425,dragapult-dusknoir
2,34,p1,0611,froslass-munkidori,1237,tera-box
2,35,p2,1078,n-zoroark,1349,mega-absol-box
2,36,p1,0373,charizard-pidgeot,0243,gholdengo-lunatone
2,37,p2,0378,dragapult-dusknoir,0300,dragapult-dusknoir
2,38,p1,0424,slowking-scr,1295,gardevoir-ex-sv
2,39,p2,0860,cynthia-garchomp-ex,1250,froslass-munkidori
2,40,p2,0532,gardevoir-ex-sv,0059,dragapult-charizard
2,41,p1,0216,joltik-box,0115,grimmsnarl-froslass
2,42,p2,0280,alakazam-meg,1194,grimmsnarl-froslass
2,43,p1,0938,grimmsnarl-froslass,0454,dragapult-charizard
2,44,p1,1086,dragapult-dusknoir,1170,charizard-noctowl
2,45,p2,0669,festival-lead,0949,dragapult-dusknoir
2,46,p2,1216,dragapult-dusknoir,0679,n-zoroark
2,47,p1,0079,joltik-box,1336,charizard-noctowl
2,48,p1,1253,dragapult-dusknoir,0744,dragapult-dusknoir
2,49,tie,0533,mega-absol-box,0657,hydrapple-ogerpon
2,50,p2,0277,raging-bolt-ogerpon,0321,ceruledge-ex
2,51,p1,0563,dragapult-dusknoir,0459,n-zoroark
2,52,p2,1303,grimmsnarl-froslass,0421,archaludon-ex
2,53,p1,0039,dragapult-dusknoir,0973,dragapult-dusknoir
2,54,p2,0648,ceruledge-ex,0067,froslass-munkidori
2,55,tie,0137,mega-absol-box,0043,n-zoroark
2,56,tie,0007,n-zoroark,0927,dragapult-dusknoir
2,57,p2,1166,n-zoroark,0030,dragapult-dusknoir
2,58,tie,1308,charizard-pidgeot,0538,dragapult-dusknoir
2,59,p1,0159,festival-lead,0614,gholdengo-lunatone
2,60,p1,1364,mega-absol-box,0436,gardevoir-ex-sv
2,61,p1,0866,kangaskhan-bouffalant,0686,lucario-hariyama
2,62,tie,0294,dragapult-dusknoir,0035,ceruledge-ex
2,63,p1,1044,raging-bolt-ogerpon,0760,dragapult-dusknoir
2,64,p2,1382,n-zoroark,1398,rockets-honchkrow
2,65,p1,1269,froslass-munkidori,0381,poison-archaludon
2,66,tie,1003,grimmsnarl-froslass,0774,gardevoir-ex-sv
2,67,p2,1092,gardevoir-ex-sv,0407,joltik-box
2,68,p2,1019,cynthia-garchomp-ex,1206,gholdengo-lunatone
2,69,p2,0718,raging-bolt-ogerpon,1348,poison-mega-latias
2,70,p2,0257,crustle-dri,0505,dragapult-charizard
2,71,p2,0720,dragapult-dusknoir,0688,dragapult-dusknoir
2,72,p1,0847,charizard-noctowl,0390,n-zoroark
2,73,p1,0560,gardevoir-ex-sv,0371,raging-bolt-ogerpon
2,74,p2,0498,grimmsnarl-froslass,0665,gardevoir-ex-sv
2,75,p2,0914,festival-lead,0265,raging-bolt-ogerpon
2,76,p2,0920,dragapult-dusknoir,1174,tera-box
2,77,tie,0200,gholdengo-lunatone,1128,joltik-box
2,78,tie,1025,dragapult-dusknoir,0580,gholdengo-lunatone
2,79,p1,1220,grimmsnarl-froslass,0275,gardevoir-ex-sv
2,80,p1,0025,crustle-dri,1344,gholdengo-lunatone
2,81,p1,0592,dragapult-dusknoir,0873,gholdengo-lunatone
2,82,p2,1199,mega-absol-box,0997,grimmsnarl-froslass
2,83,p2,0983,gardevoir-ex-sv,0840,dragapult-dusknoir
2,84,p2,0315,gardevoir-ex-sv,0228,n-zoroark
2,85,p1,1272,ursaluna-lunatone,1305,cynthia-garchomp-ex
2,86,tie,0858,n-zoroark,0556,grimmsnarl-froslass
2,87,p1,1195,grimmsnarl-froslass,0803,raging-bolt-ogerpon
2,88,p2,0678,gholdengo-lunatone,0598,n-zoroark
2,89,p2,1181,dragapult-charizard,0689,n-zoroark
2,90,p2,0837,dragapult-dusknoir,0734,gholdengo-lunatone
2,91,p1,1022,ceruledge-ex,0065,ceruledge-ex
2,92,p2,0731,n-zoroark,1240,gholdengo-lunatone
2,93,p1,0437,raging-bolt-ogerpon,1050,charizard-noctowl
2,94,p2,1108,gholdengo-lunatone,0674,slowking-scr
2,95,p2,1317,ceruledge-ex,0608,n-zoroark
2,96,p1,0213,dragapult-dusknoir,0961,raging-bolt-ogerpon
2,97,p2,0910,gholdengo-lunatone,0509,manectric-eelektrik
2,98,p1,1280,dragapult-dusknoir,0304,alakazam-dudunsparce
2,99,p1,1432,gardevoir-ex-sv,0430,tera-box
2,100,tie,1394,gholdengo-lunatone,0310,charizard-noctowl
2,101,tie,0480,tera-box,1227,dragapult-dusknoir
2,102,p2,0171,froslass-munkidori,1324,dragapult-dusknoir
2,103,p2,0947,dragapult-charizard,1191,raging-bolt-ogerpon
2,104,p2,0841,gholdengo-lunatone,0765,grimmsnarl-froslass
2,105,tie,0252,grimmsnarl-froslass,0247,gardevoir-jellicent
2,106,p1,0944,lucario-hariyama,0993,ceruledge-ex
2,107,tie,0191,ogerpon-meganium,0739,joltik-box
2,108,p1,0976,dragapult-dusknoir,0813,dragapult-charizard
2,109,p2,0618,grimmsnarl-froslass,1314,ceruledge-ex
2,110,tie,0318,other,0412,mega-absol-box
2,111,p2,0519,dragapult-dusknoir,0142,dragapult-dusknoir
2,112,p1,1353,gardevoir-ex-sv,0713,mega-lucario-ex
2,113,p1,1292,mega-absol-box,0364,froslass-munkidori
2,114,p2,0539,mega-lucario-ex,1290,grimmsnarl-froslass
2,115,p2,0236,ogerpon-meganium,0891,gardevoir-jellicent
2,116,tie,1063,n-zoroark,1315,dragapult-dusknoir
2,117,tie,1234,charizard-noctowl,1071,joltik-box
2,118,p2,0262,froslass-munkidori,0326,raging-bolt-ogerpon
2,119,tie,0463,alakazam-meg,0672,mega-absol-box
2,120,p1,0521,gholdengo-lunatone,0921,n-zoroark
2,121,p1,0746,ceruledge-ex,1221,mega-absol-box
2,122,p2,0628,n-zoroark,0205,festival-lead
2,123,p1,1036,gardevoir-ex-sv,0853,alakazam-dudunsparce
2,124,p1,0271,grimmsnarl-froslass,0097,dragapult-dusknoir
2,125,tie,0645,gholdengo-lunatone,0146,dragapult-dusknoir
2,126,p1,0051,raging-bolt-ogerpon,0596,raging-bolt-ogerpon
2,127,p1,0289,dragapult-dusknoir,0069,alakazam-dudunsparce
2,128,p1,1361,dragapult-charizard,1379,rocket-mewtwo-ex
2,129,tie,1370,raging-bolt-ogerpon,1039,charizard-pidgeot
2,130,p1,1031,gholdengo-lunatone,1260,grimmsnarl-froslass
2,131,tie,0642,crustle-dri,1302,dragapult-dusknoir
2,132,p2,1016,gholdengo-lunatone,0019,grimmsnarl-froslass
2,133,p2,1007,dragapult-charizard,0178,charizard-noctowl
2,134,p2,0501,raging-bolt-ogerpon,1037,raging-bolt-ogerpon
2,135,p1,0343,gardevoir-ex-sv,0661,raging-bolt-ogerpon
2,136,tie,0699,dragapult-dusknoir,0305,ceruledge-ex
2,137,p2,1258,dragapult-dusknoir,0829,grimmsnarl-froslass
2,138,p2,0903,charizard-pidgeot,1293,n-zoroark
2,139,p2,0323,raging-bolt-ogerpon,0187,raging-bolt-ogerpon
2,140,p1,0751,mega-absol-box,1017,gardevoir-ex-sv
2,141,p2,1298,charizard-noctowl,0970,dragapult-charizard
2,142,p1,1082,gholdengo-lunatone,1434,dragapult-dusknoir
2,143,p2,0351,dragapult-dusknoir,1080,joltik-box
2,144,p1,0339,dragapult-dusknoir,1097,raging-bolt-ogerpon
2,145,p1,0468,n-zoroark,1068,festival-lead
2,146,p2,1223,mega-absol-box,0835,flareon-noctowl
2,147,p1,0349,gardevoir-ex-sv,1410,gholdengo-lunatone
2,148,p1,1158,gholdengo-lunatone,0151,mega-absol-box
2,149,p1,0929,alakazam-dudunsparce,0074,gholdengo-lunatone
2,150,tie,0770,ceruledge-ex,0800,gardevoir-ex-sv
2,151,p1,0811,gholdengo-lunatone,0822,flareon-noctowl
2,152,p1,1225,alakazam-dudunsparce,0394,raging-bolt-ogerpon
2,153,p2,0032,raging-bolt-ogerpon,0504,alakazam-dudunsparce
2,154,p2,1278,hydrapple-ogerpon,1378,gardevoir-ex-sv
2,155,p2,0940,charizard-pidgeot,0790,grimmsnarl-froslass
2,156,p1,0229,dragapult-dusknoir,0721,grimmsnarl-froslass
2,157,p2,1236,dragapult-dusknoir,0084,mega-lucario-ex
2,158,p2,1373,joltik-box,0852,ceruledge-ex
2,159,p2,0009,crustle-dri,0380,joltik-box
2,160,p1,1356,?,1150,joltik-box
2,161,tie,0584,?,0681,n-zoroark
2,162,p2,0554,gholdengo-ex,0631,charizard-pidgeot
2,163,tie,0863,dragapult-charizard,0964,gholdengo-lunatone
2,164,p2,1074,gholdengo-lunatone,0461,flareon-noctowl
2,165,p1,1251,froslass-munkidori,0076,mega-absol-box
2,166,p1,0609,grimmsnarl-froslass,0826,n-zoroark
2,167,p2,0701,gholdengo-lunatone,0392,grimmsnarl-froslass
2,168,p1,1309,crustle-dri,0476,gholdengo-lunatone
2,169,tie,0775,n-zoroark,0942,charizard-noctowl
2,170,p1,0368,dragapult-dusknoir,0163,dragapult-dusknoir
2,171,p2,0130,ethan-typhlosion,1406,raging-bolt-ogerpon
2,172,p1,1143,n-zoroark,0753,dragapult-dusknoir
2,173,p2,1384,froslass-munkidori,0605,gardevoir-ex-sv
2,174,p2,0288,festival-lead,0356,gholdengo-lunatone
2,175,p1,0399,dragapult-dusknoir,0283,n-zoroark
2,176,p2,0058,dragapult-dusknoir,0072,dragapult-dusknoir
2,177,p2,1212,dragapult-dusknoir,0375,dragapult-dusknoir
2,178,tie,0341,charizard-noctowl,0846,ursaluna-lunatone
2,179,p2,1388,n-zoroark,0184,ceruledge-ex
2,180,tie,0452,dragapult-dusknoir,1058,n-zoroark
2,181,p1,0282,gholdengo-lunatone,0427,dragapult-dusknoir
2,182,p2,1053,dragapult-dusknoir,0242,charizard-pidgeot
2,183,p2,0495,n-zoroark,0110,mega-absol-box
2,184,p1,0432,grimmsnarl-froslass,0619,gholdengo-lunatone
2,185,p2,1115,gholdengo-lunatone,0193,lucario-hariyama
2,186,p1,1069,froslass-munkidori,0111,tera-box
2,187,p1,0174,dragapult-dusknoir,0649,gholdengo-lunatone
2,188,p1,0783,gardevoir-ex-sv,0729,dragapult-dusknoir
2,189,p1,0477,gholdengo-lunatone,0697,mega-absol-box
2,190,p1,0693,mega-absol-box,0037,mega-absol-box
2,191,p2,1288,alakazam-dudunsparce,0208,gardevoir-ex-sv
2,192,p2,1138,raging-bolt-ogerpon,0413,dragapult-dusknoir
2,193,tie,0118,n-zoroark,0120,dragapult-dusknoir
2,194,p2,1087,tera-box,0493,crustle-dri
2,195,p2,0482,gardevoir-ex-sv,0210,gholdengo-lunatone
2,196,p2,0361,dragapult-charizard,1029,dragapult-dusknoir
2,197,p2,0895,dragapult-dusknoir,0761,joltik-box
2,198,p2,0956,mega-absol-box,1375,gardevoir-ex-sv
2,199,p1,0960,gholdengo-lunatone,0027,n-zoroark
2,200,p1,1261,raging-bolt-ogerpon,1130,dragapult-dusknoir
2,201,p1,1395,festival-lead,0444,dragapult-dusknoir
2,202,tie,0332,raging-bolt-ogerpon,1156,gardevoir-jellicent
2,203,p2,1243,dragapult-dusknoir,0168,grimmsnarl-froslass
2,204,tie,0466,n-zoroark,1045,n-zoroark
2,205,p2,1286,joltik-box,1419,dragapult-charizard
2,206,p2,0090,dragapult-dusknoir,0797,n-zoroark
2,207,p1,0249,dragapult-dusknoir,1245,festival-lead
2,208,p2,0312,mega-lucario-ex,0716,dragapult-dusknoir
2,209,p2,1100,dragapult-dusknoir,1400,roaring-moon-dudunsparce
2,210,p1,1282,gardevoir-ex-sv,0568,dragapult-dusknoir
2,211,p2,0543,grimmsnarl-froslass,0819,crustle-dri
2,212,tie,0169,?,0590,dragapult-dusknoir
2,213,p1,0594,ceruledge-ex,0893,froslass-munkidori
2,214,p2,0383,gholdengo-lunatone,0828,dragapult-dusknoir
2,215,tie,1401,lucario-hariyama,0295,mega-absol-box
2,216,tie,0005,gholdengo-lunatone,0445,?
2,217,p1,0953,ceruledge-ex,1263,mega-absol-box
2,218,tie,0092,gholdengo-lunatone,1299,n-zoroark
2,219,tie,0307,dragapult-dusknoir,0601,mega-absol-box
2,220,p1,1392,crustle-dri,0849,dragapult-dusknoir
2,221,tie,0995,grimmsnarl-froslass,0884,dragapult-dusknoir
2,222,tie,0968,cynthia-garchomp-ex,0772,ethan-typhlosion
2,223,p2,0302,froslass-munkidori,1014,joltik-box
2,224,p2,0988,raging-bolt-ogerpon,0747,grimmsnarl-froslass
2,225,p1,0255,dragapult-dusknoir,0924,charizard-noctowl
2,226,tie,0078,gholdengo-lunatone,0886,dragapult-dusknoir
2,227,tie,0952,charizard-noctowl,0570,gardevoir-ex-sv
2,228,p1,0153,dragapult-dusknoir,0114,gholdengo-lunatone
2,229,p2,1160,ceruledge-ex,1214,raging-bolt-ogerpon
2,230,p2,0469,joltik-box,0757,festival-lead
2,231,p2,0675,grimmsnarl-froslass,0175,gardevoir-ex-sv
2,232,p1,1337,gardevoir-ex-sv,0166,dragapult-charizard
2,233,tie,0359,gholdengo-lunatone,0875,dragapult-dusknoir
2,234,p2,0420,alakazam-dudunsparce,1076,dragapult-dusknoir
2,235,p2,0486,dragapult-dusknoir,0654,charizard-noctowl
2,236,tie,0511,gholdengo-lunatone,0405,charizard-pidgeot
2,237,tie,0218,gardevoir-ex-sv,0017,gholdengo-joltik-box
2,238,p2,0736,festival-lead,0882,ceruledge-ex
2,239,p2,1122,grimmsnarl-froslass,1141,grimmsnarl-froslass
2,240,p2,0186,greninja-ex,0764,grimmsnarl-froslass
2,241,p1,0786,grimmsnarl-froslass,0190,ceruledge-ex
2,242,p2,0652,grimmsnarl-froslass,0710,charizard-pidgeot
2,243,p2,0843,dragapult-dusknoir,0024,n-zoroark
2,244,p1,0990,gardevoir-ex-sv,0525,greninja-ex
2,245,p1,1011,dragapult-charizard,0370,gholdengo-lunatone
2,246,p1,0345,mega-absol-box,0551,gholdengo-lunatone
2,247,tie,0549,grimmsnarl-froslass,1415,mega-venusaur-ex
2,248,p2,1340,n-zoroark,0004,ho-oh-armarouge
2,249,p1,1284,alakazam-dudunsparce,0707,raging-bolt-ogerpon
2,250,p2,1093,?,1101,cynthia-garchomp-ex
2,251,p2,0012,grimmsnarl-froslass,0099,charizard-noctowl
2,252,p1,0221,joltik-box,0240,dragapult-dusknoir
2,253,p2,0433,gholdengo-lunatone,0354,grimmsnarl-froslass
2,254,p2,0926,marnie-grimmsnarl-ex,1321,gholdengo-lunatone
2,255,p2,0140,joltik-box,0201,gholdengo-lunatone
2,256,tie,0457,cynthia-garchomp-ex,1202,n-zoroark
2,257,p2,0624,dragapult-dusknoir,0211,dragapult-dusknoir
2,258,p1,1175,n-zoroark,1055,n-zoroark
2,259,p2,0971,mega-absol-box,0912,dragapult-charizard
2,260,p2,0106,flareon-noctowl,1106,charizard-noctowl
2,261,tie,0269,dragapult-dusknoir,0357,crustle-dri
2,262,p2,1424,ceruledge-ex,0291,dragapult-dusknoir
2,263,p1,0985,lopunny-dusknoir,0224,kangaskhan-bouffalant
2,264,p1,0149,mega-absol-box,0982,n-zoroark
2,265,p1,1123,grimmsnarl-froslass,1146,n-zoroark
2,266,tie,1006,mega-absol-box,0780,gholdengo-lunatone
2,267,p2,0081,mega-absol-box,1411,grimmsnarl-froslass
2,268,p1,1161,grimmsnarl-froslass,0575,grimmsnarl-froslass
2,269,p1,1413,gardevoir-ex-sv,0365,dragapult-dusknoir
2,270,tie,1151,charizard-pidgeot,0313,grimmsnarl-froslass
2,271,p1,1276,crustle-dri,0238,gholdengo-lunatone
2,272,p2,0335,gardevoir-ex-sv,0966,n-zoroark
2,273,p1,0121,raging-bolt-ogerpon,1325,raging-bolt-ogerpon
2,274,p1,0872,tera-box,0263,charizard-pidgeot
2,275,p1,1328,tera-box,1198,gholdengo-lunatone
2,276,p1,0992,dragapult-dusknoir,0879,froslass-munkidori
2,277,p1,0042,raging-bolt-ogerpon,0386,rocket-mewtwo-ex
2,278,tie,0548,n-zoroark,1171,gardevoir-ex-sv
2,279,tie,0767,dragapult-dusknoir,0220,grimmsnarl-froslass
2,280,p1,1189,dragapult-dusknoir,0791,gholdengo-lunatone
2,281,tie,0492,mega-absol-box,0274,gardevoir-ex-sv
2,282,p2,0724,dragapult-dusknoir,0231,dragapult-dusknoir
2,283,p1,0524,gholdengo-lunatone,1000,rocket-mewtwo-ex
2,284,tie,1386,grimmsnarl-froslass,0148,dragapult-dusknoir
2,285,p1,0809,n-zoroark,0723,grimmsnarl-froslass
2,286,p1,1255,gholdengo-lunatone,0415,charizard-pidgeot
2,287,p1,1096,?,1167,dragapult-dusknoir
2,288,p2,1177,kangaskhan-forretress,0402,lucario-hariyama
2,289,p2,0055,hydreigon-ex,1180,gholdengo-lunatone
2,290,p1,0048,grimmsnarl-froslass,0401,dragapult-charizard
2,291,p1,0815,n-zoroark,0439,alakazam-dudunsparce
2,292,p1,1429,gardevoir-ex-sv,0195,charizard-pidgeot
2,293,p1,1148,gholdengo-lunatone,0577,charizard-pidgeot
2,294,p1,0906,gholdengo-lunatone,0416,tera-box
2,295,p2,0565,n-zoroark,0234,rocket-mewtwo-ex
2,296,p1,0902,gholdengo-lunatone,1345,mega-lucario-ex
2,297,tie,0918,gardevoir-ex-sv,0086,festival-lead
2,298,p1,1329,gholdengo-lunatone,0093,gardevoir-ex-sv
2,299,tie,0668,gholdengo-lunatone,1274,mega-absol-box
2,300,p1,1204,dragapult-charizard,0915,gholdengo-lunatone
2,301,tie,0869,dragapult-dusknoir,0131,dragapult-charizard
2,302,p2,0768,dragapult-dusknoir,0655,raging-bolt-ogerpon
2,303,p2,0085,gholdengo-lunatone,1330,dragapult-dusknoir
2,304,p1,0102,crustle-dri,0656,grimmsnarl-froslass
2,305,tie,1332,ceruledge-ex,0022,gholdengo-lunatone
2,306,tie,0045,n-zoroark,1346,gardevoir-ex-sv
2,307,tie,1179,gardevoir-ex-sv,0738,tera-box
2,308,p2,0329,joltik-box,0254,joltik-box
2,309,p1,0260,n-zoroark,0124,dragapult-dusknoir
2,310,tie,0572,dragapult-dusknoir,0704,alakazam-dudunsparce
2,311,p2,0801,lucario-hariyama,0545,dragapult-dusknoir
2,312,p1,1408,ceruledge-ex,0802,n-zoroark
2,313,p1,0737,grimmsnarl-froslass,1358,gardevoir-ex-sv
2,314,p1,0298,gholdengo-lunatone,0046,joltik-box
2,315,p2,0388,gholdengo-lunatone,1422,dragapult-dusknoir
2,316,p1,1256,gardevoir-ex-sv,0021,dragapult-dusknoir
2,317,tie,0664,dragapult-dusknoir,0203,n-zoroark
2,318,p1,0547,gholdengo-lunatone,0692,gardevoir-ex-sv
2,319,p2,0695,gholdengo-lunatone,0147,grimmsnarl-froslass
2,320,p2,1418,n-zoroark,0644,froslass-munkidori
2,321,p1,1357,dragapult-ex,1109,mega-venusaur-ex
2,322,p1,0259,gholdengo-lunatone,0334,cynthia-garchomp-ex
2,323,tie,0795,dragapult-dusknoir,1119,grimmsnarl-froslass
2,324,tie,0491,raging-bolt-ogerpon,1342,gardevoir-ex-sv
2,325,tie,0527,grimmsnarl-froslass,1147,gardevoir-ex-sv
2,326,p1,0856,festival-lead,0101,raging-bolt-ogerpon
2,327,p1,0219,gholdengo-lunatone,0397,dragapult-dusknoir
2,328,p1,1163,gardevoir-ex-sv,0204,charizard-noctowl
2,329,p1,0297,charizard-noctowl,0600,gholdengo-lunatone
2,330,tie,0182,gholdengo-lunatone,0016,raging-bolt-ogerpon
2,331,tie,1320,dragapult-dusknoir,0515,charizard-noctowl
2,332,tie,0233,rocket-mewtwo-ex,1267,n-zoroark
2,333,tie,1210,gholdengo-lunatone,0198,grimmsnarl-froslass
2,334,p2,0897,toxtricity-pfl,0063,gholdengo-lunatone
2,335,p2,0180,dragapult-charizard,1184,dragapult-dusknoir
2,336,tie,1203,charizard-pidgeot,0905,raging-bolt-ogerpon
2,337,p1,0880,charizard-noctowl,1060,gardevoir-jellicent
2,338,p1,0132,grimmsnarl-froslass,0499,slowking-scr
2,339,p1,0034,dragapult-dusknoir,1421,dragapult-dusknoir
2,340,tie,0395,dragapult-charizard,0333,charizard-pidgeot
2,341,tie,0455,n-zoroark,1385,lucario-hariyama
2,342,p2,0449,mega-absol-box,0125,n-zoroark
2,343,tie,0683,grimmsnarl-froslass,0824,n-zoroark
2,344,tie,0561,raging-bolt-ogerpon,1117,alakazam-dudunsparce
2,345,p2,1136,gholdengo-lunatone,1208,froslass-munkidori
2,346,tie,0877,charizard-noctowl,0053,dragapult-ex
2,347,p2,0517,raging-bolt-ogerpon,0123,dragapult-dusknoir
2,348,p1,1172,dragapult-charizard,1218,dragapult-charizard
2,349,p2,1110,raging-bolt-ogerpon,1190,alakazam-dudunsparce
2,350,tie,1023,gholdengo-lunatone,0542,grimmsnarl-froslass
2,351,p2,1368,raging-bolt-ogerpon,0621,?
2,352,p2,0054,gholdengo-lunatone,0706,archaludon-dudunsparce
2,353,p2,1209,gardevoir-jellicent,0599,mega-absol-box
2,354,tie,0578,raging-bolt-ogerpon,0136,other
2,355,p2,1178,mega-venusaur-ex,0387,grimmsnarl-froslass
2,356,p2,0755,gholdengo-lunatone,1168,grimmsnarl-froslass
2,357,tie,0179,charizard-noctowl,0126,raging-bolt-ogerpon
2,358,p1,1135,ceruledge-ex,0056,grimmsnarl-froslass
2,359,p2,1125,ceruledge-ex,1185,conkeldurr-twm
2,360,p1,1247,gardevoir-jellicent,0728,n-zoroark
2,361,tie,1183,lucario-hariyama,0957,n-zoroark
2,362,p1,0127,gardevoir-ex-sv,1051,mega-venusaur-ex
2,363,tie,0691,grimmsnarl-froslass,0404,dragapult-dusknoir
2,364,tie,0808,copperajah-ex,0806,raging-bolt-ogerpon
2,365,p2,0181,n-zoroark,1229,dragapult-dusknoir
2,366,p1,1333,grimmsnarl-froslass,0862,n-zoroark
2,367,p1,1164,raging-bolt-ogerpon,1367,kangaskhan-bouffalant
2,368,p2,1024,flareon-noctowl,0246,dragapult-dusknoir
2,369,p1,1417,froslass-munkidori,0696,gholdengo-lunatone
2,370,tie,0749,dragapult-ex,1103,n-zoroark
2,371,tie,0041,grimmsnarl-froslass,0286,grimmsnarl-froslass
2,372,p1,0756,grimmsnarl-froslass,0134,alakazam-meg
2,373,p2,0456,raging-bolt-ogerpon,0064,grimmsnarl-froslass
2,374,tie,1104,alakazam-dudunsparce,0889,n-zoroark
2,375,p2,1266,rockets-honchkrow,0546,n-zoroark
2,376,p1,0890,n-zoroark,1132,gardevoir-jellicent
2,377,p1,0684,mega-absol-box,0585,dragapult-dusknoir
2,378,tie,0490,gardevoir-ex-sv,0917,gardevoir-ex-sv
2,379,p2,0586,mega-venusaur-ex,0396,charizard-dusknoir
2,380,p1,1010,froslass-munkidori,0633,n-zoroark
2,381,tie,0870,kangaskhan-bouffalant,0489,flareon-noctowl
2,382,p1,1186,raging-bolt-ogerpon,0273,dragapult-dusknoir
2,383,tie,0900,gholdengo-joltik-box,0936,froslass-munkidori
2,384,p1,0588,charizard-noctowl,1248,gardevoir-ex-sv
2,385,tie,0562,gardevoir-jellicent,1052,dragapult-dusknoir
2,386,p2,0440,gholdengo-lunatone,1066,n-zoroark
2,387,tie,0999,n-zoroark,0450,dragapult-dusknoir
2,388,p2,0157,alakazam-dudunsparce,0385,n-zoroark
2,389,p2,0750,gholdengo-lunatone,1207,ursaluna-lunatone
2,390,p1,1265,froslass-munkidori,1118,dragapult-charizard
2,391,p1,1341,ceruledge-ex,0573,gardevoir-ex-sv
2,392,p2,0528,mega-absol-box,0232,charizard-noctowl
2,393,p2,0015,mega-absol-box,1120,charizard-noctowl
2,394,p2,0916,dragapult-charizard,0810,froslass-munkidori
2,395,p2,0794,dragapult-charizard,0727,froslass-munkidori
2,396,p2,0094,charizard-noctowl,1113,gholdengo-lunatone
2,397,tie,0667,raging-bolt-ogerpon,1311,joltik-box
2,398,p2,0516,mega-absol-box,1241,gardevoir-ex-sv
2,399,p1,0328,alakazam-dudunsparce,0663,joltik-box
2,400,p2,0703,charizard-pidgeot,0934,joltik-box
2,401,p1,1407,gholdengo-lunatone,1319,n-zoroark
2,402,p2,0135,gardevoir-jellicent,0566,dragapult-charizard
2,403,tie,0933,joltik-box,0518,dragapult-charizard
2,404,p1,0014,great-tusk-tef,0793,froslass-munkidori
2,405,p1,0500,n-zoroark,1061,alakazam-dudunsparce
2,406,tie,0816,dragapult-dusknoir,0197,froslass-munkidori
2,407,tie,1048,gardevoir-ex-sv,0158,dragapult-dusknoir
2,408,tie,0861,charizard-pidgeot,0807,raging-bolt-ogerpon
2,409,p2,1059,dragapult-dusknoir,0047,dragapult-dusknoir
2,410,p2,1334,gholdengo-lunatone,1273,charizard-noctowl
2,411,p1,0792,charizard-noctowl,0033,froslass-munkidori
2,412,p1,1268,grimmsnarl-froslass,0571,rocket-mewtwo-ex
2,413,p2,0901,charizard-pidgeot,0327,raging-bolt-ogerpon
2,414,p2,0898,gardevoir-ex-sv,0484,n-zoroark
2,415,tie,0805,grimmsnarl-froslass,0013,dragapult-dusknoir
2,416,p2,0574,rockets-honchkrow,0855,gholdengo-lunatone
2,417,tie,0128,n-zoroark,1242,mega-absol-box
2,418,tie,0253,raging-bolt-ogerpon,1389,n-zoroark
2,419,p1,1095,gardevoir-ex-sv,0796,cynthia-garchomp-ex
2,420,tie,0483,gholdengo-lunatone,1390,grimmsnarl-froslass
2,421,tie,0643,grimmsnarl-froslass,1065,rocket-mewtwo-ex
2,422,p1,0823,ceruledge-ex,0133,ethan-typhlosion
2,423,p1,0330,dragapult-dusknoir,0878,alakazam-dudunsparce
2,424,p2,0935,mega-charizard-x-ex,0523,dragapult-charizard
2,425,tie,1217,dragapult-dusknoir,0245,charizard-noctowl
2,426,tie,1114,mega-absol-box,1153,gardevoir-ex-sv
2,427,tie,1009,dragapult-dusknoir,1331,joltik-box
2,428,p1,0705,gardevoir-ex-sv,0622,dragapult-charizard
2,429,p1,0634,dragapult-charizard,0285,dragapult-dusknoir
2,430,p2,1230,dragapult-dusknoir,0398,dragapult-dusknoir
2,431,p1,0442,palafin-ex,0196,flareon-noctowl
2,432,tie,1154,n-zoroark,0441,gardevoir-ex-sv
2,433,p1,1062,dragapult-dusknoir,1312,dragapult-dusknoir
2,434,p2,1131,charizard-noctowl,0899,mega-absol-box
2,435,p2,0541,mega-absol-box,0403,dragapult-dusknoir
2,436,p1,0958,festival-lead,1126,cynthia-garchomp-ex
2,437,tie,0587,charizard-noctowl,0987,dragapult-dusknoir
2,438,p1,0256,gardevoir-ex-sv,0465,stevens-metagross
2,439,p2,0104,sharpedo-toxtricity,1445,gholdengo-lunatone
2,440,p2,0717,crustle-dri,1020,dragapult-dusknoir
2,441,p2,0336,alakazam-dudunsparce,1436,slowking-scr
2,442,p2,0820,tera-box,0627,grimmsnarl-froslass
2,443,tie,1005,froslass-munkidori,0474,ceruledge-ex
2,444,p2,0615,lopunny-dusknoir,0185,dragapult-dusknoir
2,445,tie,0694,flareon-noctowl,0763,dragapult-dusknoir
2,446,p2,0919,dragapult-dusknoir,0537,gholdengo-ex
2,447,p1,1219,dragapult-dusknoir,0708,dragapult-dusknoir
2,448,p1,0050,gholdengo-lunatone,0066,dragapult-ex
2,449,p1,0331,dragapult-dusknoir,0827,dragapult-charizard
2,450,p1,0817,n-zoroark,0026,raging-bolt-ogerpon
2,451,p1,0981,grimmsnarl-froslass,0854,gholdengo-lunatone
2,452,p1,0850,mega-absol-box,0512,raging-bolt-ogerpon
2,453,p2,0225,festival-lead,0904,ceruledge-ex
2,454,p1,0317,mega-absol-box,0604,dragapult-dusknoir
2,455,p2,1318,gardevoir-jellicent,1423,grimmsnarl-froslass
2,456,p1,0680,gardevoir-ex-sv,1091,dragapult-dusknoir
2,457,tie,0008,dragapult-dusknoir,0306,rocket-mewtwo-ex
2,458,tie,0324,mega-venusaur-ex,0647,raging-bolt-ogerpon
2,459,tie,1440,gholdengo-lunatone,1416,n-zoroark
2,460,p1,0215,n-zoroark,1327,dragapult-dusknoir
2,461,p2,0766,dragapult-dusknoir,0485,dragapult-dusknoir
2,462,p1,0671,froslass-munkidori,1307,dragapult-charizard
2,463,p1,0167,gholdengo-ex,0458,mega-absol-box
2,464,tie,0278,gholdengo-lunatone,0419,charizard-noctowl
2,465,tie,0431,gholdengo-lunatone,1323,dragapult-dusknoir
2,466,p2,0833,ho-oh-armarouge,0057,grimmsnarl-froslass
2,467,p2,0930,festival-lead,1277,charizard-noctowl
2,468,p2,1049,alakazam-dudunsparce,1102,charizard-noctowl
2,469,p1,0682,n-zoroark,0400,gardevoir-ex-sv
2,470,tie,0411,froslass-munkidori,0138,charizard-pidgeot
2,471,p1,0673,gardevoir-ex-sv,1285,mega-lucario-ex
2,472,p1,0534,dragapult-dusknoir,0464,azumarill-ssp
2,473,p2,0779,mega-absol-box,0122,dragapult-charizard
2,474,p2,0311,gholdengo-lunatone,0258,charizard-pidgeot
2,475,p2,0844,alakazam-meg,0620,grimmsnarl-froslass
2,476,p1,0874,raging-bolt-ogerpon,0293,n-zoroark
2,477,p1,1252,gardevoir-ex-sv,0038,mega-venusaur-ex
2,478,tie,0322,lucario-hariyama,1057,kangaskhan-bouffalant
2,479,p2,0557,gardevoir-ex-sv,0646,dragapult-dusknoir
2,480,p2,0241,dragapult-charizard,1381,dragapult-dusknoir
2,481,p2,0986,dragapult-dusknoir,1355,mega-absol-box
2,482,tie,0112,mega-absol-box,0376,dragapult-dusknoir
2,483,p1,0963,ceruledge-ex,0923,rocket-mewtwo-ex
2,484,p2,0276,mega-venusaur-ex,0355,dragapult-dusknoir
2,485,p2,1188,sharpedo-toxtricity,0607,grimmsnarl-froslass
2,486,p2,0625,joltik-box,0347,gholdengo-lunatone
2,487,p1,0831,gholdengo-lunatone,0363,crustle-dri
2,488,p2,0100,raging-bolt-ogerpon,0526,charizard-noctowl
2,489,p2,1446,dragapult-dusknoir,0475,dragapult-charizard
2,490,p2,0748,gholdengo-lunatone,1326,grimmsnarl-froslass
2,491,p2,0965,dragapult-dusknoir,0559,ceruledge-ex
2,492,p2,1338,crustle-dri,0206,raging-bolt-ogerpon
2,493,p2,0070,greninja-ex,0089,alakazam-dudunsparce
2,494,tie,1226,mega-absol-box,0279,grimmsnarl-froslass
2,495,p2,0798,mega-absol-box,0991,cynthia-garchomp-ex
2,496,p2,0989,festival-lead,0502,gardevoir-jellicent
2,497,p2,0481,flareon-noctowl,1137,mega-absol-box
2,498,p2,1088,dragapult-dusknoir,1444,dragapult-dusknoir
2,499,tie,1033,charizard-ex,0083,grimmsnarl-froslass
2,500,p2,0540,gardevoir-jellicent,1249,gholdengo-lunatone
2,501,p1,1105,dragapult-dusknoir,0564,mega-lopunny-ex
2,502,p1,0367,alakazam-dudunsparce,0028,?
2,503,p1,0662,mega-absol-box,0773,dragapult-dusknoir
2,504,tie,1366,gholdengo-lunatone,1275,alakazam-dudunsparce
2,505,p1,1264,gardevoir-ex-sv,0531,charizard-noctowl
2,506,tie,0842,dragapult-dusknoir,1262,rocket-mewtwo-ex
2,507,p1,0044,dragapult-dusknoir,1270,n-zoroark
2,508,p1,1235,dragapult-dusknoir,1254,dragapult-dusknoir
2,509,p2,0494,gholdengo-lunatone,1041,gholdengo-lunatone
2,510,tie,1351,n-zoroark,0659,gardevoir-ex-sv
2,511,tie,0214,n-zoroark,1124,gholdengo-lunatone
2,512,tie,0909,ceruledge-ex,1200,mega-absol-box
2,513,p1,0003,hop-zacian,1238,gholdengo-lunatone
2,514,p2,0959,gardevoir-ex-sv,0745,greninja-blaziken
2,515,tie,0630,dragapult-dusknoir,0732,gardevoir-ex-sv
2,516,p1,1211,?,0979,charizard-noctowl
2,517,p1,0143,n-zoroark,0160,alakazam-dudunsparce
2,518,p1,1259,gardevoir-jellicent,0098,greninja-ex
2,519,tie,0771,rocket-mewtwo-ex,0316,gardevoir-ex-sv
2,520,p2,0036,raging-bolt-ogerpon,1142,grimmsnarl-froslass
2,521,p1,1350,crustle-dri,1289,joltik-box
2,522,p2,1397,dragapult-dusknoir,1438,gardevoir-ex-sv
2,523,p1,0962,grimmsnarl-froslass,0925,gholdengo-ex
2,524,tie,0595,n-zoroark,1244,dragapult-dusknoir
2,525,p1,0183,n-zoroark,0788,gardevoir-ex-sv
2,526,tie,1343,grimmsnarl-froslass,0954,mega-absol-box
2,527,p2,0946,mega-absol-box,0309,gholdengo-lunatone
2,528,p2,0758,n-zoroark,0109,n-zoroark
2,529,p2,0165,alakazam-dudunsparce,0207,n-zoroark
2,530,tie,1233,raging-bolt-ogerpon,0031,joltik-box
2,531,p1,0107,gardevoir-ex-sv,0776,toxtricity-box
2,532,p2,1281,marnie-grimmsnarl-ex,0141,joltik-box
2,533,p2,1030,rockets-honchkrow,0435,raging-bolt-ogerpon
2,534,p1,0052,n-zoroark,1140,dragapult-dusknoir
2,535,p2,0623,gholdengo-lunatone,0154,ceruledge-ex
2,536,p1,0116,dragapult-dusknoir,0358,dragapult-dusknoir
2,537,p2,0161,grimmsnarl-froslass,0702,gholdengo-ex
2,538,tie,0129,crustle-dri,0617,gardevoir-ex-sv
2,539,p2,1046,alakazam-dudunsparce,1008,other
2,540,p1,1134,n-zoroark,0977,gholdengo-lunatone
2,541,p2,1070,n-zoroark,0503,crustle-dri
2,542,p1,1339,dragapult-dusknoir,1084,dragapult-dusknoir
2,543,p2,0536,dragapult-dusknoir,0613,grimmsnarl-froslass
2,544,p2,1026,greninja-ex,0155,dragapult-dusknoir
2,545,p1,0235,dragapult-dusknoir,0602,flareon-noctowl
2,546,p1,1085,dragapult-froslass,1205,manectric-eelektrik
2,547,tie,1107,froslass-munkidori,0552,dragapult-dusknoir
2,548,tie,1116,hydrapple-ex,1369,dragapult-dusknoir
2,549,p1,0928,chien-pao-baxcalibur,1414,n-zoroark
2,550,p1,0740,froslass-munkidori,0117,mega-absol-box
2,551,p1,0639,n-zoroark,0272,dragapult-dusknoir
2,552,p1,0974,dragapult-dusknoir,0080,ceruledge-ex
2,553,p1,0984,mega-absol-box,0896,charizard-noctowl
2,554,p2,0769,dragapult-dusknoir,1157,dragapult-dusknoir
2,555,p1,0020,n-zoroark,1246,charizard-noctowl
2,556,tie,0360,grimmsnarl-froslass,0060,alakazam-dudunsparce
2,557,p1,0314,raging-bolt-ogerpon,1013,ogerpon-meganium
2,558,p1,0685,festival-lead,0666,mega-absol-box
2,559,p2,1409,dragapult-dusknoir,1015,gardevoir-ex-sv
2,560,p1,1079,dragapult-dusknoir,0217,raging-bolt-ogerpon
2,561,p2,0287,cynthia-garchomp-ex,0382,alakazam-dudunsparce
2,562,tie,0610,gardevoir-jellicent,1374,froslass-munkidori
2,563,p2,0222,slowking-scr,0799,dragapult-dusknoir
2,564,p2,0172,raging-bolt-ogerpon,0438,ceruledge-ex
2,565,p1,0062,gardevoir-ex-sv,1064,gardevoir-ex-sv
2,566,p2,0369,gardevoir-ex-sv,0296,gardevoir-ex-sv
2,567,p2,1228,lopunny-dusknoir,1075,gholdengo-lunatone
2,568,tie,1152,gholdengo-lunatone,0077,gholdengo-lunatone
2,569,tie,1296,ogerpon-meganium,0555,dragapult-charizard
2,570,p2,0821,ceruledge-ex,1038,gholdengo-lunatone
2,571,p2,0423,raging-bolt-ogerpon,0068,gholdengo-lunatone
2,572,tie,0443,gholdengo-lunatone,0955,charizard-pidgeot
2,573,p2,0250,mega-absol-box,1056,gholdengo-lunatone
2,574,p2,0754,alakazam-dudunsparce,0894,dragapult-dusknoir
2,575,p2,0470,mega-absol-box,0881,lucario-hariyama
2,576,tie,0426,mega-venusaur-ex,1402,mega-absol-box
2,577,tie,0472,dragapult-dusknoir,0170,archaludon-ex
2,578,p2,0522,raging-bolt-ogerpon,0722,dragapult-dusknoir
2,579,tie,0353,gardevoir-ex-sv,0284,alakazam-dudunsparce
2,580,p1,0632,raging-bolt-ogerpon,1162,lucario-hariyama
2,581,p2,1313,flareon-ex,0510,n-zoroark
2,582,p2,0529,grimmsnarl-froslass,0346,mega-absol-box
2,583,p1,0006,gardevoir-ex-sv,0709,dragapult-charizard
2,584,p1,0391,gardevoir-ex-sv,1094,gholdengo-ex
2,585,tie,0641,slowking-scr,0164,dragapult-dusknoir
2,586,p1,1437,dragapult-dusknoir,1306,charizard-noctowl
2,587,p1,1222,grimmsnarl-froslass,1279,festival-lead
2,588,p2,0778,festival-lead,1224,raging-bolt-ogerpon
2,589,tie,0687,mega-absol-box,0239,dragapult-dusknoir
2,590,tie,0653,n-zoroark,0451,gardevoir-jellicent
2,591,p1,1271,raging-bolt-ogerpon,1443,gardevoir-ex-sv
2,592,p2,0264,sharpedo-toxtricity,1387,rocket-mewtwo-ex
2,593,p1,1376,gholdengo-lunatone,0857,raging-bolt-ogerpon
2,594,tie,1380,mega-charizard-x-ex,0248,flareon-noctowl
2,595,p2,0177,n-zoroark,1089,dragapult-charizard
2,596,p1,0996,grimmsnarl-froslass,0762,gardevoir-ex-sv
2,597,p1,0366,dragapult-dusknoir,0725,froslass-munkidori
2,598,tie,0301,mega-venusaur-ex,0018,joltik-box
2,599,p2,0384,rockets-honchkrow,0784,n-zoroark
2,600,p1,0845,gardevoir-ex-sv,1196,n-zoroark
2,601,p1,0237,dragapult-dusknoir,0337,raging-bolt-ogerpon
2,602,tie,1257,grimmsnarl-froslass,1012,mega-absol-box
2,603,p2,0913,raging-bolt-ogerpon,1316,ceruledge-ex
2,604,p1,0150,gardevoir-ex-sv,1098,dragapult-dusknoir
2,605,p2,0804,n-zoroark,0506,dragapult-dusknoir
2,606,p1,0023,gardevoir-jellicent,1232,alakazam-dudunsparce
2,607,tie,0011,n-zoroark,0340,dragapult-dusknoir
2,608,p1,0544,dragapult-dusknoir,1081,dragapult-dusknoir
2,609,p1,1004,gardevoir-ex-sv,0462,dragapult-dusknoir
2,610,p1,1428,grimmsnarl-froslass,1159,cynthia-garchomp-ex
2,611,p2,1182,gardevoir-jellicent,0887,gardevoir-ex-sv
2,612,p1,0467,gardevoir-ex-sv,0859,ceruledge-ex
2,613,p1,1169,joltik-box,0362,dragapult-dusknoir
2,614,p2,1077,gardevoir-jellicent,1304,tera-box
2,615,p1,1287,lucario-hariyama,0582,dragapult-dusknoir
2,616,p1,0941,n-zoroark,0651,dragapult-dusknoir
2,617,p2,0429,greninja-ex,0742,dragapult-charizard
2,618,tie,0261,froslass-munkidori,0350,hops-trevenant
2,619,p1,0119,grimmsnarl-froslass,0937,n-zoroark
2,620,p2,0447,flareon-noctowl,0105,charizard-noctowl
2,621,p2,1294,festival-lead,0292,mega-absol-box
2,622,p2,0752,mega-absol-box,0406,mega-charizard-x-ex
2,623,p2,1215,n-zoroark,1426,tera-box
2,624,p2,1040,mega-absol-box,0001,mega-absol-box
2,625,p2,1335,ceruledge-ex,0268,crustle-dri
2,626,tie,0073,?,1239,dragapult-dusknoir
2,627,p2,0690,tera-box,0967,dragapult-dusknoir
2,628,p2,1018,gholdengo-lunatone,0785,gardevoir-ex-sv
2,629,p2,0417,charizard-pidgeot,0230,slowking-scr
2,630,tie,1145,tera-box,0379,n-zoroark
2,631,p2,1067,raging-bolt-ogerpon,0223,dragapult-dusknoir
2,632,p1,0374,gholdengo-joltik-box,0950,gardevoir-ex-sv
2,633,p2,0567,iron-hands-magneton,1360,gardevoir-ex-sv
2,634,p2,0408,froslass-munkidori,0589,charizard-noctowl
2,635,p2,0199,n-zoroark,1112,n-zoroark
2,636,tie,1362,raging-bolt-ogerpon,0227,dragapult-dusknoir
2,637,p2,0876,rocket-mewtwo-ex,1435,dragapult-dusknoir
2,638,p1,1441,alakazam-dudunsparce,0892,charizard-pidgeot
2,639,p1,0290,grimmsnarl-froslass,0479,froslass-munkidori
2,640,p1,0922,mega-absol-box,1393,gardevoir-ex-sv
2,641,p1,0497,manectric-eelektrik,0715,dragapult-dusknoir
2,642,p1,0299,dragapult-dusknoir,1412,grimmsnarl-froslass
2,643,p1,1072,froslass-munkidori,0281,greninja-ex
2,644,p2,0975,gardevoir-jellicent,0839,gardevoir-ex-sv
2,645,p1,0266,gholdengo-joltik-box,0194,roaring-moon-ex
2,646,tie,1403,charizard-pidgeot,0270,crustle-dri
2,647,p2,0735,mega-venusaur-ex,1391,dragapult-dusknoir
2,648,p1,0410,dragapult-dusknoir,1054,dragapult-dusknoir
2,649,p1,0871,okidogi-ex,0612,charizard-noctowl
2,650,p1,0885,n-zoroark,0932,gardevoir-ex-sv
2,651,p2,0939,dragapult-dusknoir,0836,n-zoroark
2,652,p2,1297,raging-bolt-ogerpon,0782,dragapult-dusknoir
2,653,p1,0969,dragapult-dusknoir,0830,hydrapple-ogerpon
2,654,tie,0998,dragapult-dusknoir,1201,mega-absol-box
2,655,p1,0342,dragapult-dusknoir,0145,dragapult-dusknoir
2,656,p1,0597,raging-bolt-ogerpon,0071,raging-bolt-ogerpon
2,657,p2,0520,raging-bolt-ogerpon,0087,n-zoroark
2,658,p2,0825,froslass-munkidori,0883,grimmsnarl-froslass
2,659,tie,0212,gardevoir-ex-sv,1149,grimmsnarl-froslass
2,660,p2,1176,alakazam-dudunsparce,0487,flareon-noctowl
2,661,p2,0377,flareon-noctowl,1347,dragapult-dusknoir
2,662,p2,1300,mega-absol-box,0075,dragapult-dusknoir
2,663,tie,0514,mega-gengar-ex,0251,gardevoir-ex-sv
2,664,tie,1405,gholdengo-lunatone,0319,mega-absol-box
2,665,p2,0202,gardevoir-ex-sv,0096,ceruledge-ex
2,666,p2,0176,gholdengo-lunatone,0972,charizard-noctowl
2,667,p1,0789,grimmsnarl-froslass,0569,gardevoir-ex-sv
2,668,p1,0658,gardevoir-ex-sv,1144,dragapult-dusknoir
2,669,tie,1371,grimmsnarl-froslass,1035,hydrapple-ogerpon
2,670,p1,0308,gholdengo-lunatone,1363,dragapult-dusknoir
2,671,tie,1155,n-zoroark,1173,raging-bolt-ogerpon
2,672,tie,1043,gholdengo-lunatone,1301,gholdengo-lunatone
2,673,p2,0389,dragapult-dusknoir,0434,gardevoir-ex-sv
2,674,p1,1283,flareon-noctowl,0344,grimmsnarl-froslass
2,675,p1,0496,flareon-noctowl,1213,n-zoroark
2,676,p1,1197,mega-absol-box,0759,other
2,677,p2,0948,n-zoroark,0189,n-zoroark
2,678,p2,0188,charizard-noctowl,0676,n-zoroark
2,679,p2,1193,mega-venusaur-ex,0091,raging-bolt-ogerpon
2,680,p2,0698,dragapult-charizard,1310,n-zoroark
2,681,tie,1001,grimmsnarl-froslass,1396,alakazam-dudunsparce
2,682,p2,0113,gholdengo-lunatone,0851,n-zoroark
2,683,p2,0173,dragapult-dusknoir,0393,dragapult-dusknoir
2,684,p2,0478,n-zoroark,0865,palafin-ex
2,685,p1,1354,dragapult-dusknoir,1032,gholdengo-lunatone
2,686,p1,0553,raging-bolt-ogerpon,0583,grimmsnarl-froslass
2,687,p1,0733,dragapult-dusknoir,0352,hop-zacian
2,688,p2,0943,rockets-honchkrow,0712,n-zoroark
2,689,p1,0814,n-zoroark,0593,n-zoroark
2,690,p1,0812,kangaskhan-bouffalant,1121,charizard-ex
2,691,p2,0414,gardevoir-ex-sv,0951,n-zoroark
2,692,tie,0635,alakazam-dudunsparce,1399,hops-trevenant
2,693,p1,0714,festival-lead,0244,dragapult-dusknoir
2,694,p2,0422,raging-bolt-ogerpon,0372,mega-absol-box
2,695,p2,0606,grimmsnarl-froslass,0192,charizard-noctowl
2,696,p1,0848,dragapult-blaziken,0152,dragapult-dusknoir
2,697,tie,0838,festival-lead,0550,dragapult-dusknoir
2,698,p2,1129,charizard-pidgeot,0700,festival-lead
2,699,tie,0670,dragapult-dusknoir,0010,grimmsnarl-froslass
2,700,p2,0591,kangaskhan-bouffalant,0638,dragapult-dusknoir
2,701,p1,1073,raging-bolt-ogerpon,0907,froslass-munkidori
2,702,p1,0719,gholdengo-lunatone,0576,gholdengo-lunatone
2,703,tie,0867,mega-venusaur-ex,0209,charizard-noctowl
2,704,tie,1099,raging-bolt-ogerpon,1192,dragapult-dusknoir
2,705,p1,0453,dragapult-dusknoir,0508,dragapult-charizard
2,706,p2,0994,cynthia-garchomp-ex,1165,gardevoir-ex-sv
2,707,p2,1291,dragapult-dusknoir,0428,ceruledge-ex
2,708,p2,0446,grimmsnarl-froslass,1377,flareon-noctowl
2,709,p2,1127,?,1442,rockets-honchkrow
2,757,p1,1425,charizard-noctowl,1231,gholdengo-lunatone
2,758,tie,0002,gardevoir-ex-sv,1427,grimmsnarl-froslass
2,759,p2,1439,n-zoroark,0650,mega-froslass-ex
2,760,p2,1430,festival-lead,1047,dragapult-dusknoir
2,761,tie,0579,mega-absol-box,1431,froslass-munkidori
2,762,p2,1433,alakazam-dudunsparce,1021,dragapult-dusknoir
2,,unpaired,0040,dragapult-dusknoir,,
2,,unpaired,0677,gholdengo-lunatone,,
2,,unpaired,0325,dragapult-dusknoir,,
2,,unpaired,0864,ho-oh-armarouge,,
3,1,p2,0121,raging-bolt-ogerpon,0980,tera-box
3,2,p2,0764,grimmsnarl-froslass,0271,grimmsnarl-froslass
3,3,p2,0757,festival-lead,0929,alakazam-dudunsparce
3,4,p1,1276,crustle-dri,1280,dragapult-dusknoir
3,5,p2,1353,gardevoir-ex-sv,1404,n-zoroark
3,6,p1,0835,flareon-noctowl,0159,festival-lead
3,7,tie,0421,archaludon-ex,0210,gholdengo-lunatone
3,8,p2,0039,dragapult-dusknoir,0004,ho-oh-armarouge
3,9,p1,0811,gholdengo-lunatone,0300,dragapult-dusknoir
3,10,p1,0221,joltik-box,0679,n-zoroark
3,11,tie,0349,gardevoir-ex-sv,1069,froslass-munkidori
3,12,p2,1395,festival-lead,0949,dragapult-dusknoir
3,13,p2,0563,dragapult-dusknoir,0960,gholdengo-lunatone
3,14,tie,0829,grimmsnarl-froslass,0326,raging-bolt-ogerpon
3,15,p2,0354,grimmsnarl-froslass,0747,grimmsnarl-froslass
3,16,p2,1337,gardevoir-ex-sv,0072,dragapult-dusknoir
3,17,p2,1411,grimmsnarl-froslass,0608,n-zoroark
3,18,p1,0099,charizard-noctowl,0953,ceruledge-ex
3,19,tie,0783,gardevoir-ex-sv,1143,n-zoroark
3,20,tie,0211,dragapult-dusknoir,1398,rockets-honchkrow
3,21,p1,1031,gholdengo-lunatone,0168,grimmsnarl-froslass
3,22,p2,0142,dragapult-dusknoir,1282,gardevoir-ex-sv
3,23,tie,0265,raging-bolt-ogerpon,0461,flareon-noctowl
3,24,p2,0944,lucario-hariyama,0437,raging-bolt-ogerpon
3,25,p2,1011,dragapult-charizard,1253,dragapult-dusknoir
3,26,p1,0997,grimmsnarl-froslass,0175,gardevoir-ex-sv
3,27,tie,0689,n-zoroark,0734,gholdengo-lunatone
3,28,p1,0847,charizard-noctowl,1220,grimmsnarl-froslass
3,29,p1,0187,raging-bolt-ogerpon,0205,festival-lead
3,30,p1,1042,froslass-munkidori,1044,raging-bolt-ogerpon
3,31,tie,0852,ceruledge-ex,0636,joltik-box
3,32,tie,0493,crustle-dri,1361,dragapult-charizard
3,33,p2,0746,ceruledge-ex,0380,joltik-box
3,34,tie,1240,gholdengo-lunatone,0095,gardevoir-jellicent
3,35,tie,0976,dragapult-dusknoir,1022,ceruledge-ex
3,36,p1,0084,mega-lucario-ex,0507,grimmsnarl-froslass
3,37,tie,0786,grimmsnarl-froslass,1290,grimmsnarl-froslass
3,38,p1,0790,grimmsnarl-froslass,1352,charizard-noctowl
3,39,p1,1432,gardevoir-ex-sv,0213,dragapult-dusknoir
3,40,p1,0343,gardevoir-ex-sv,0201,gholdengo-lunatone
3,41,tie,0888,grimmsnarl-froslass,0249,dragapult-dusknoir
3,42,p2,0828,dragapult-dusknoir,0356,gholdengo-lunatone
3,43,p1,0819,crustle-dri,1086,dragapult-dusknoir
3,44,p2,1029,dragapult-dusknoir,0216,joltik-box
3,45,p2,0103,raging-bolt-ogerpon,0407,joltik-box
3,46,p1,0432,grimmsnarl-froslass,0797,n-zoroark
3,47,p2,0110,mega-absol-box,0226,dragapult-dusknoir
3,48,p1,1400,roaring-moon-dudunsparce,0908,dragapult-charizard
3,49,tie,1191,raging-bolt-ogerpon,0990,gardevoir-ex-sv
3,50,p2,0424,slowking-scr,0509,manectric-eelektrik
3,51,p2,1206,gholdengo-lunatone,0030,dragapult-dusknoir
3,52,p2,0153,dragapult-dusknoir,0193,lucario-hariyama
3,53,p1,0504,alakazam-dudunsparce,0992,dragapult-dusknoir
3,54,p1,0505,dragapult-charizard,0605,gardevoir-ex-sv
3,55,tie,1269,froslass-munkidori,0693,mega-absol-box
3,56,p2,0985,lopunny-dusknoir,0019,grimmsnarl-froslass
3,57,p1,0174,dragapult-dusknoir,0208,gardevoir-ex-sv
3,58,p1,0178,charizard-noctowl,1174,tera-box
3,59,p1,1309,crustle-dri,1293,n-zoroark
3,60,p1,0751,mega-absol-box,1419,dragapult-charizard
3,61,p1,1375,gardevoir-ex-sv,0088,grimmsnarl-froslass
3,62,p1,1161,grimmsnarl-froslass,0581,dragapult-dusknoir
3,63,p1,1413,gardevoir-ex-sv,1225,alakazam-dudunsparce
3,64,p1,0761,joltik-box,1314,ceruledge-ex
3,65,tie,0184,ceruledge-ex,0228,n-zoroark
3,66,p2,0321,ceruledge-ex,1324,dragapult-dusknoir
3,67,tie,0521,gholdengo-lunatone,0229,dragapult-dusknoir
3,68,tie,0025,crustle-dri,1141,grimmsnarl-froslass
3,69,p2,0598,n-zoroark,1292,mega-absol-box
3,70,tie,1076,dragapult-dusknoir,0067,froslass-munkidori
3,71,tie,0061,mega-absol-box,0866,kangaskhan-bouffalant
3,72,p2,1194,grimmsnarl-froslass,1027,dragapult-dusknoir
3,73,p1,0882,ceruledge-ex,1082,gholdengo-lunatone
3,74,p1,0716,dragapult-dusknoir,0654,charizard-noctowl
3,75,p2,0059,dragapult-charizard,0530,dragapult-dusknoir
3,76,p1,0291,dragapult-dusknoir,1036,gardevoir-ex-sv
3,77,p2,0473,dragapult-dusknoir,0688,dragapult-dusknoir
3,78,p2,0832,dragapult-dusknoir,0765,grimmsnarl-froslass
3,79,tie,1158,gholdengo-lunatone,0631,charizard-pidgeot
3,80,p1,1037,raging-bolt-ogerpon,1392,crustle-dri
3,81,tie,0966,n-zoroark,1272,ursaluna-lunatone
3,82,p2,0840,dragapult-dusknoir,0079,joltik-box
3,83,p1,0345,mega-absol-box,0375,dragapult-dusknoir
3,84,tie,0413,dragapult-dusknoir,0339,dragapult-dusknoir
3,85,p2,1014,joltik-box,1378,gardevoir-ex-sv
3,86,p1,1284,alakazam-dudunsparce,0149,mega-absol-box
3,87,p1,0558,pidgeot-control,0710,charizard-pidgeot
3,88,tie,1111,grimmsnarl-froslass,1365,rockets-honchkrow
3,89,p1,0872,tera-box,1348,poison-mega-latias
3,90,p2,0392,grimmsnarl-froslass,1175,n-zoroark
3,91,p1,1364,mega-absol-box,0468,n-zoroark
3,92,p1,0368,dragapult-dusknoir,0970,dragapult-charizard
3,93,p2,1328,tera-box,1214,raging-bolt-ogerpon
3,94,p1,1250,froslass-munkidori,1083,dragapult-charizard
3,95,p2,0891,gardevoir-jellicent,0255,dragapult-dusknoir
3,96,p1,0594,ceruledge-ex,1321,gholdengo-lunatone
3,97,p2,1106,charizard-noctowl,0674,slowking-scr
3,98,p2,0477,gholdengo-lunatone,0938,grimmsnarl-froslass
3,99,p2,0267,gardevoir-ex-sv,0560,gardevoir-ex-sv
3,100,tie,1101,cynthia-garchomp-ex,0912,dragapult-charizard
3,101,p2,1251,froslass-munkidori,0051,raging-bolt-ogerpon
3,102,p1,0024,n-zoroark,0665,gardevoir-ex-sv
3,103,p2,1080,joltik-box,1123,grimmsnarl-froslass
3,104,tie,0611,froslass-munkidori,0609,grimmsnarl-froslass
3,105,tie,0726,dragapult-dusknoir,1349,mega-absol-box
3,106,p2,1406,raging-bolt-ogerpon,0471,gardevoir-ex-sv
3,107,p2,0592,dragapult-dusknoir,0282,gholdengo-lunatone
3,108,p1,0399,dragapult-dusknoir,1261,raging-bolt-ogerpon
3,109,tie,0373,charizard-pidgeot,1356,?
3,110,tie,0242,charizard-pidgeot,1195,grimmsnarl-froslass
3,111,tie,0118,n-zoroark,1265,froslass-munkidori
3,112,p1,0545,dragapult-dusknoir,0092,gholdengo-lunatone
3,113,tie,0330,dragapult-dusknoir,1063,n-zoroark
3,114,p2,0254,joltik-box,0642,crustle-dri
3,115,p2,0169,?,0120,dragapult-dusknoir
3,116,p2,1256,gardevoir-ex-sv,0705,gardevoir-ex-sv
3,117,p1,0387,grimmsnarl-froslass,1095,gardevoir-ex-sv
3,118,p1,0886,dragapult-dusknoir,1329,gholdengo-lunatone
3,119,p1,0927,dragapult-dusknoir,0660,gholdengo-lunatone
3,120,p2,1003,grimmsnarl-froslass,0584,?
3,121,p2,0890,n-zoroark,0259,gholdengo-lunatone
3,122,tie,1039,charizard-pidgeot,0466,n-zoroark
3,123,tie,1372,lucario-hariyama,0035,ceruledge-ex
3,124,p2,0500,n-zoroark,1010,froslass-munkidori
3,125,p2,0863,dragapult-charizard,0294,dragapult-dusknoir
3,126,p1,0672,mega-absol-box,0681,n-zoroark
3,127,tie,0590,dragapult-dusknoir,0137,mega-absol-box
3,128,p2,0699,dragapult-dusknoir,0269,dragapult-dusknoir
3,129,p2,1062,dragapult-dusknoir,0064,grimmsnarl-froslass
3,130,p1,1168,grimmsnarl-froslass,0774,gardevoir-ex-sv
3,131,tie,0780,gholdengo-lunatone,0034,dragapult-dusknoir
3,132,p2,0385,n-zoroark,0621,?
3,133,p2,0396,charizard-dusknoir,1090,gholdengo-lunatone
3,134,tie,0048,grimmsnarl-froslass,1156,gardevoir-jellicent
3,135,p2,0298,gholdengo-lunatone,1255,gholdengo-lunatone
3,136,p1,0318,other,0333,charizard-pidgeot
3,137,p2,0014,great-tusk-tef,0792,charizard-noctowl
3,138,p1,0958,festival-lead,1341,ceruledge-ex
3,139,p1,0902,gholdengo-lunatone,1151,charizard-pidgeot
3,140,p1,1330,dragapult-dusknoir,0634,dragapult-charizard
3,141,tie,0739,joltik-box,1401,lucario-hariyama
3,142,p1,0511,gholdengo-lunatone,1229,dragapult-dusknoir
3,143,p2,0147,grimmsnarl-froslass,1234,charizard-noctowl
3,144,p2,0995,grimmsnarl-froslass,0260,n-zoroark
3,145,p1,0906,gholdengo-lunatone,0523,dragapult-charizard
3,146,tie,0295,mega-absol-box,1302,dragapult-dusknoir
3,147,p1,0047,dragapult-dusknoir,1308,charizard-pidgeot
3,148,p2,1370,raging-bolt-ogerpon,1268,grimmsnarl-froslass
3,149,p2,0146,dragapult-dusknoir,0463,alakazam-meg
3,150,p1,1429,gardevoir-ex-sv,0332,raging-bolt-ogerpon
3,151,p2,0978,dragapult-dusknoir,0488,dragapult-charizard
3,152,p1,1202,n-zoroark,0556,grimmsnarl-froslass
3,153,p2,0327,raging-bolt-ogerpon,0078,gholdengo-lunatone
3,154,p1,1148,gholdengo-lunatone,0017,gholdengo-joltik-box
3,155,tie,0398,dragapult-dusknoir,0684,mega-absol-box
3,156,p2,0200,gholdengo-lunatone,0846,ursaluna-lunatone
3,157,p1,0442,palafin-ex,1357,dragapult-ex
3,158,p2,0934,joltik-box,0772,ethan-typhlosion
3,159,tie,0756,grimmsnarl-froslass,0063,gholdengo-lunatone
3,160,p2,0480,tera-box,0219,gholdengo-lunatone
3,161,p1,1208,froslass-munkidori,0310,charizard-noctowl
3,162,tie,0968,cynthia-garchomp-ex,0042,raging-bolt-ogerpon
3,163,p2,0533,mega-absol-box,1247,gardevoir-jellicent
3,164,p2,0566,dragapult-charizard,0328,alakazam-dudunsparce
3,165,p2,1113,gholdengo-lunatone,0823,ceruledge-ex
3,166,p2,0043,n-zoroark,0102,crustle-dri
3,167,tie,1415,mega-venusaur-ex,0775,n-zoroark
3,168,p2,1172,dragapult-charizard,0123,dragapult-dusknoir
3,169,tie,0132,grimmsnarl-froslass,0856,festival-lead
3,170,tie,0127,gardevoir-ex-sv,0655,raging-bolt-ogerpon
3,171,p2,0402,lucario-hariyama,1394,gholdengo-lunatone
3,172,tie,1066,n-zoroark,1120,charizard-noctowl
3,173,p1,0144,ceruledge-ex,0305,ceruledge-ex
3,174,p2,0815,n-zoroark,1408,ceruledge-ex
3,175,p2,0640,grimmsnarl-froslass,0425,dragapult-dusknoir
3,176,tie,0524,gholdengo-lunatone,0964,gholdengo-lunatone
3,177,p2,0952,charizard-noctowl,0657,hydrapple-ogerpon
3,178,p1,1002,n-zoroark,1315,dragapult-dusknoir
3,179,p1,1135,ceruledge-ex,1185,conkeldurr-twm
3,180,p2,0005,gholdengo-lunatone,1417,froslass-munkidori
3,181,tie,1204,dragapult-charizard,1207,ursaluna-lunatone
3,182,p1,1071,joltik-box,0741,dragapult-dusknoir
3,183,p2,1422,dragapult-dusknoir,0007,n-zoroark
3,184,p1,0297,charizard-noctowl,0341,charizard-noctowl
3,185,tie,0880,charizard-noctowl,0580,gholdengo-lunatone
3,186,p1,0599,mega-absol-box,0247,gardevoir-jellicent
3,187,p2,0125,n-zoroark,0457,cynthia-garchomp-ex
3,188,tie,0403,dragapult-dusknoir,1273,charizard-noctowl
3,189,p1,0535,lucario-hariyama,1163,gardevoir-ex-sv
3,190,tie,1359,charizard-noctowl,0546,n-zoroark
3,191,tie,0231,dragapult-dusknoir,0412,mega-absol-box
3,192,tie,0359,gholdengo-lunatone,0588,charizard-noctowl
3,193,p2,0858,n-zoroark,1128,joltik-box
3,194,p1,0218,gardevoir-ex-sv,1407,gholdengo-lunatone
3,195,p2,0601,mega-absol-box,0884,dragapult-dusknoir
3,196,p2,1184,dragapult-dusknoir,0547,gholdengo-lunatone
3,197,p1,0538,dragapult-dusknoir,0252,grimmsnarl-froslass
3,198,p2,0899,mega-absol-box,0320,raging-bolt-ogerpon
3,199,p1,0357,crustle-dri,0246,dragapult-dusknoir
3,200,p2,0405,charizard-pidgeot,0810,froslass-munkidori
3,201,p1,0445,?,0452,dragapult-dusknoir
3,202,p2,1058,n-zoroark,1227,dragapult-dusknoir
3,203,p2,1045,n-zoroark,0645,gholdengo-lunatone
3,204,p1,0770,ceruledge-ex,0706,archaludon-dudunsparce
3,205,p1,0727,froslass-munkidori,0644,froslass-munkidori
3,206,p1,1333,grimmsnarl-froslass,1006,mega-absol-box
3,207,p2,0570,gardevoir-ex-sv,1096,?
3,208,p1,1241,gardevoir-ex-sv,0942,charizard-noctowl
3,209,p2,1299,n-zoroark,1189,dragapult-dusknoir
3,210,p1,1133,grimmsnarl-froslass,0313,grimmsnarl-froslass
3,211,tie,0234,rocket-mewtwo-ex,0737,grimmsnarl-froslass
3,212,tie,1047,dragapult-dusknoir,1186,raging-bolt-ogerpon
3,213,p2,1025,dragapult-dusknoir,1164,raging-bolt-ogerpon
3,214,p1,0049,festival-lead,0191,ogerpon-meganium
3,215,p1,0338,manectric-eelektrik,0484,n-zoroark
3,216,p2,0002,gardevoir-ex-sv,1190,alakazam-dudunsparce
3,217,tie,0809,n-zoroark,1180,gholdengo-lunatone
3,218,p2,0875,dragapult-dusknoir,0549,grimmsnarl-froslass
3,219,p1,0307,dragapult-dusknoir,0800,gardevoir-ex-sv
3,220,p1,0428,ceruledge-ex,0032,raging-bolt-ogerpon
3,221,p1,0860,cynthia-garchomp-ex,0020,n-zoroark
3,222,p2,0406,mega-charizard-x-ex,1134,n-zoroark
3,223,p2,0434,gardevoir-ex-sv,0685,festival-lead
3,224,p2,1089,dragapult-charizard,0822,flareon-noctowl
3,225,tie,0506,dragapult-dusknoir,0275,gardevoir-ex-sv
3,226,tie,0513,froslass-munkidori,0680,gardevoir-ex-sv
3,227,tie,0410,dragapult-dusknoir,0618,grimmsnarl-froslass
3,228,tie,0895,dragapult-dusknoir,1304,tera-box
3,229,p1,0290,grimmsnarl-froslass,1222,grimmsnarl-froslass
3,230,p2,0638,dragapult-dusknoir,1436,slowking-scr
3,231,p1,0192,charizard-noctowl,0973,dragapult-dusknoir
3,232,p1,0575,grimmsnarl-froslass,0107,gardevoir-ex-sv
3,233,tie,0671,froslass-munkidori,0614,gholdengo-lunatone
3,234,p1,0367,alakazam-dudunsparce,1075,gholdengo-lunatone
3,235,p2,1219,dragapult-dusknoir,0235,dragapult-dusknoir
3,236,tie,0391,gardevoir-ex-sv,0817,n-zoroark
3,237,tie,0720,dragapult-dusknoir,0347,gholdengo-lunatone
3,238,p1,0348,gardevoir-ex-sv,0714,festival-lead
3,239,tie,0394,raging-bolt-ogerpon,1303,grimmsnarl-froslass
3,240,p1,0299,dragapult-dusknoir,1038,gholdengo-lunatone
3,241,p2,1388,n-zoroark,0237,dragapult-dusknoir
3,242,p1,0834,dragapult-dusknoir,0258,charizard-pidgeot
3,243,p2,0186,greninja-ex,0947,dragapult-charizard
3,244,p1,0268,crustle-dri,0648,ceruledge-ex
3,245,p2,1137,mega-absol-box,0843,dragapult-dusknoir
3,246,p2,1287,lucario-hariyama,0141,joltik-box
3,247,tie,1016,gholdengo-lunatone,1197,mega-absol-box
3,248,p2,0383,gholdengo-lunatone,0266,gholdengo-joltik-box
3,249,p1,0355,dragapult-dusknoir,0697,mega-absol-box
3,250,p1,0115,grimmsnarl-froslass,0963,ceruledge-ex
3,251,p2,0868,dragapult-dusknoir,1150,joltik-box
3,252,p2,0162,gholdengo-lunatone,1373,joltik-box
3,253,p1,0914,festival-lead,0961,raging-bolt-ogerpon
3,254,p1,0114,gholdengo-lunatone,0476,gholdengo-lunatone
3,255,p2,0283,n-zoroark,1146,n-zoroark
3,256,tie,0106,flareon-noctowl,1034,grimmsnarl-froslass
3,257,p2,1426,tera-box,0381,poison-archaludon
3,258,p1,0639,n-zoroark,0787,grimmsnarl-froslass
3,259,p2,0487,flareon-noctowl,1112,n-zoroark
3,260,tie,1165,gardevoir-ex-sv,1310,n-zoroark
3,261,p2,0596,raging-bolt-ogerpon,1237,tera-box
3,262,p1,0302,froslass-munkidori,0087,n-zoroark
3,263,p1,1360,gardevoir-ex-sv,0166,dragapult-charizard
3,264,p2,1283,flareon-noctowl,0871,okidogi-ex
3,265,p1,0215,n-zoroark,1015,gardevoir-ex-sv
3,266,p1,1286,joltik-box,0393,dragapult-dusknoir
3,267,tie,0951,n-zoroark,0364,froslass-munkidori
3,268,p1,1325,raging-bolt-ogerpon,0744,dragapult-dusknoir
3,269,p1,0826,n-zoroark,0996,grimmsnarl-froslass
3,270,p2,0240,dragapult-dusknoir,1259,gardevoir-jellicent
3,271,p1,0969,dragapult-dusknoir,1344,gholdengo-lunatone
3,272,p2,1347,dragapult-dusknoir,0459,n-zoroark
3,273,p2,0167,gholdengo-ex,0257,crustle-dri
3,274,p1,0315,gardevoir-ex-sv,0230,slowking-scr
3,275,tie,0448,charizard-noctowl,0910,gholdengo-lunatone
3,276,tie,0678,gholdengo-lunatone,0702,gholdengo-ex
3,277,p1,0185,dragapult-dusknoir,0156,gardevoir-ex-sv
3,278,p1,1384,froslass-munkidori,1277,charizard-noctowl
3,279,tie,1387,rocket-mewtwo-ex,0812,kangaskhan-bouffalant
3,280,p2,0206,raging-bolt-ogerpon,0065,ceruledge-ex
3,281,p1,0637,dragapult-blaziken,0496,flareon-noctowl
3,282,p2,0365,dragapult-dusknoir,0223,dragapult-dusknoir
3,283,tie,1004,gardevoir-ex-sv,0972,charizard-noctowl
3,284,tie,0940,charizard-pidgeot,0143,n-zoroark
3,285,p2,0003,hop-zacian,1169,joltik-box
3,286,p1,0543,grimmsnarl-froslass,0682,n-zoroark
3,287,p1,1166,n-zoroark,0983,gardevoir-ex-sv
3,288,p1,0119,grimmsnarl-froslass,0006,gardevoir-ex-sv
3,289,p2,0885,n-zoroark,0374,gholdengo-joltik-box
3,290,p2,0721,grimmsnarl-froslass,0001,mega-absol-box
3,291,p2,0105,charizard-noctowl,0837,dragapult-dusknoir
3,292,p1,1326,grimmsnarl-froslass,0853,alakazam-dudunsparce
3,293,tie,0984,mega-absol-box,0116,dragapult-dusknoir
3,294,p2,0068,gholdengo-lunatone,0323,raging-bolt-ogerpon
3,295,p2,0850,mega-absol-box,0288,festival-lead
3,296,p2,0044,dragapult-dusknoir,1053,dragapult-dusknoir
3,297,p1,0701,gholdengo-lunatone,0430,tera-box
3,298,p1,0280,alakazam-meg,1085,dragapult-froslass
3,299,p1,0589,charizard-noctowl,0658,gardevoir-ex-sv
3,300,tie,0444,dragapult-dusknoir,0789,grimmsnarl-froslass
3,301,p1,1339,dragapult-dusknoir,1073,raging-bolt-ogerpon
3,302,p2,0074,gholdengo-lunatone,1072,froslass-munkidori
3,303,p2,0921,n-zoroark,0712,n-zoroark
3,304,p1,0782,dragapult-dusknoir,0537,gholdengo-ex
3,305,tie,0069,alakazam-dudunsparce,1298,charizard-noctowl
3,306,p2,0050,gholdengo-lunatone,0469,joltik-box
3,307,p2,0707,raging-bolt-ogerpon,0627,grimmsnarl-froslass
3,308,p2,1017,gardevoir-ex-sv,1041,gholdengo-lunatone
3,309,p1,0848,dragapult-blaziken,0736,festival-lead
3,310,p2,0686,lucario-hariyama,0503,crustle-dri
3,311,p1,0851,n-zoroark,0926,marnie-grimmsnarl-ex
3,312,p1,0519,dragapult-dusknoir,0941,n-zoroark
3,313,p1,0551,gholdengo-lunatone,0836,n-zoroark
3,314,p1,0991,cynthia-garchomp-ex,1316,ceruledge-ex
3,315,tie,0554,gholdengo-ex,0525,greninja-ex
3,316,p2,0189,n-zoroark,0883,grimmsnarl-froslass
3,317,p2,0652,grimmsnarl-froslass,0731,n-zoroark
3,318,p1,0037,mega-absol-box,0839,gardevoir-ex-sv
3,319,p1,0616,dragapult-dusknoir,0497,manectric-eelektrik
3,320,p1,0370,gholdengo-lunatone,1264,gardevoir-ex-sv
3,321,tie,1271,raging-bolt-ogerpon,0023,gardevoir-jellicent
3,322,tie,0108,dragapult-dusknoir,0009,crustle-dri
3,323,p1,1074,gholdengo-lunatone,1381,dragapult-dusknoir
3,324,p2,1122,grimmsnarl-froslass,0346,mega-absol-box
3,325,p2,0781,charizard-noctowl,0661,raging-bolt-ogerpon
3,326,p1,1020,dragapult-dusknoir,1050,charizard-noctowl
3,327,p1,0628,n-zoroark,1336,charizard-noctowl
3,328,p2,1079,dragapult-dusknoir,1379,rocket-mewtwo-ex
3,329,p1,0982,n-zoroark,0150,gardevoir-ex-sv
3,330,p1,0818,charizard-pidgeot,1382,n-zoroark
3,331,p2,0993,ceruledge-ex,1105,dragapult-dusknoir
3,332,tie,0553,raging-bolt-ogerpon,0096,ceruledge-ex
3,333,p1,0089,alakazam-dudunsparce,0498,grimmsnarl-froslass
3,334,p2,1441,alakazam-dudunsparce,0314,raging-bolt-ogerpon
3,335,p2,0532,gardevoir-ex-sv,0090,dragapult-dusknoir
3,336,p2,0559,ceruledge-ex,1438,gardevoir-ex-sv
3,337,tie,0719,gholdengo-lunatone,0163,dragapult-dusknoir
3,338,p1,0091,raging-bolt-ogerpon,1068,festival-lead
3,339,p1,1021,dragapult-dusknoir,0799,dragapult-dusknoir
3,340,p1,1340,n-zoroark,0733,dragapult-dusknoir
3,341,tie,0971,mega-absol-box,1355,mega-absol-box
3,342,tie,0438,ceruledge-ex,0510,n-zoroark
3,343,tie,0626,dragapult-charizard,1138,raging-bolt-ogerpon
3,344,p1,0390,n-zoroark,1434,dragapult-dusknoir
3,345,p2,0372,mega-absol-box,0620,grimmsnarl-froslass
3,346,p2,0777,grimmsnarl-froslass,0097,dragapult-dusknoir
3,347,p2,1444,dragapult-dusknoir,1078,n-zoroark
3,348,p1,1223,mega-absol-box,1354,dragapult-dusknoir
3,349,p2,0486,dragapult-dusknoir,0650,mega-froslass-ex
3,350,p2,1093,?,0296,gardevoir-ex-sv
3,351,p2,0894,dragapult-dusknoir,1142,grimmsnarl-froslass
3,352,tie,0236,ogerpon-meganium,0841,gholdengo-lunatone
3,353,p2,0544,dragapult-dusknoir,0619,gholdengo-lunatone
3,354,p2,1007,dragapult-charizard,0873,gholdengo-lunatone
3,355,p1,1435,dragapult-dusknoir,1288,alakazam-dudunsparce
3,356,p1,0081,mega-absol-box,0062,gardevoir-ex-sv
3,357,p1,0814,n-zoroark,0974,dragapult-dusknoir
3,358,tie,0256,gardevoir-ex-sv,0409,joltik-box
3,359,p1,0713,mega-lucario-ex,1260,grimmsnarl-froslass
3,360,p1,0467,gardevoir-ex-sv,0742,dragapult-charizard
3,361,p1,0482,gardevoir-ex-sv,0700,festival-lead
3,362,p2,1245,festival-lead,0111,tera-box
3,363,tie,1295,gardevoir-ex-sv,0501,raging-bolt-ogerpon
3,364,p2,1108,gholdengo-lunatone,0207,n-zoroark
3,365,p2,0436,gardevoir-ex-sv,1187,dragapult-charizard
3,366,tie,0057,grimmsnarl-froslass,0012,grimmsnarl-froslass
3,367,p2,0351,dragapult-dusknoir,1055,n-zoroark
3,368,p1,1243,dragapult-dusknoir,0418,dragapult-dusknoir
3,369,p1,1258,dragapult-dusknoir,0887,gardevoir-ex-sv
3,370,p2,0109,n-zoroark,0155,dragapult-dusknoir
3,371,p1,0632,raging-bolt-ogerpon,0076,mega-absol-box
3,372,p2,0420,alakazam-dudunsparce,1198,gholdengo-lunatone
3,373,p1,0881,lucario-hariyama,0928,chien-pao-baxcalibur
3,374,tie,0052,n-zoroark,0865,palafin-ex
3,375,p1,0183,n-zoroark,0075,dragapult-dusknoir
3,376,p1,0945,flareon-noctowl,1410,gholdengo-lunatone
3,377,p1,0262,froslass-munkidori,0171,froslass-munkidori
3,378,p1,1130,dragapult-dusknoir,1231,gholdengo-lunatone
3,379,p2,1139,gardevoir-ex-sv,1249,gholdengo-lunatone
3,380,p2,0784,n-zoroark,0745,greninja-blaziken
3,381,p2,0669,festival-lead,1092,gardevoir-ex-sv
3,382,p1,0243,gholdengo-lunatone,0130,ethan-typhlosion
3,383,p2,1317,ceruledge-ex,0874,raging-bolt-ogerpon
3,384,p1,0729,dragapult-dusknoir,1221,mega-absol-box
3,385,tie,0331,dragapult-dusknoir,0495,n-zoroark
3,386,p1,1423,grimmsnarl-froslass,0662,mega-absol-box
3,387,p2,1199,mega-absol-box,0924,charizard-noctowl
3,388,p2,0224,kangaskhan-bouffalant,0845,gardevoir-ex-sv
3,389,p2,1097,raging-bolt-ogerpon,1102,charizard-noctowl
3,390,p1,1442,rockets-honchkrow,0342,dragapult-dusknoir
3,391,p1,0427,dragapult-dusknoir,0676,n-zoroark
3,392,p1,0312,mega-lucario-ex,1391,dragapult-dusknoir
3,393,tie,1160,ceruledge-ex,0366,dragapult-dusknoir
3,394,tie,0831,gholdengo-lunatone,0785,gardevoir-ex-sv
3,395,p2,0675,grimmsnarl-froslass,1211,?
3,396,p1,0613,grimmsnarl-froslass,1376,gholdengo-lunatone
3,397,tie,1157,dragapult-dusknoir,0711,?
3,398,p1,0760,dragapult-dusknoir,0539,mega-lucario-ex
3,399,p1,1224,raging-bolt-ogerpon,0981,grimmsnarl-froslass
3,400,p2,0931,n-zoroark,1216,dragapult-dusknoir
3,401,p2,0646,dragapult-dusknoir,0568,dragapult-dusknoir
3,402,tie,1181,dragapult-charizard,0475,dragapult-charizard
3,403,tie,0190,ceruledge-ex,1377,flareon-noctowl
3,404,p1,1170,charizard-noctowl,0526,charizard-noctowl
3,405,p2,1008,other,0277,raging-bolt-ogerpon
3,406,p2,0435,raging-bolt-ogerpon,1305,cynthia-garchomp-ex
3,407,p1,0603,dragapult-dusknoir,0317,mega-absol-box
3,408,p1,0263,charizard-pidgeot,0382,alakazam-dudunsparce
3,409,p1,0753,dragapult-dusknoir,0122,dragapult-charizard
3,410,p1,0534,dragapult-dusknoir,0433,gholdengo-lunatone
3,411,p2,0140,joltik-box,0722,dragapult-dusknoir
3,412,p2,1437,dragapult-dusknoir,0308,gholdengo-lunatone
3,413,p2,0154,ceruledge-ex,0378,dragapult-dusknoir
3,414,p1,0454,dragapult-charizard,0151,mega-absol-box
3,415,p2,0607,grimmsnarl-froslass,0849,dragapult-dusknoir
3,416,p2,0597,raging-bolt-ogerpon,0027,n-zoroark
3,417,p2,1087,tera-box,0058,dragapult-dusknoir
3,418,tie,0893,froslass-munkidori,1278,hydrapple-ogerpon
3,419,p2,1100,dragapult-dusknoir,0803,raging-bolt-ogerpon
3,420,p1,0718,raging-bolt-ogerpon,1019,cynthia-garchomp-ex
3,421,p1,0967,dragapult-dusknoir,1252,gardevoir-ex-sv
3,422,p1,0629,festival-lead,0361,dragapult-charizard
3,423,p2,0649,gholdengo-lunatone,0673,gardevoir-ex-sv
3,424,p1,0740,froslass-munkidori,1056,gholdengo-lunatone
3,425,p1,0335,gardevoir-ex-sv,0485,dragapult-dusknoir
3,426,p2,0904,ceruledge-ex,0813,dragapult-charizard
3,427,p2,0624,dragapult-dusknoir,1263,mega-absol-box
3,428,p1,0903,charizard-pidgeot,0238,gholdengo-lunatone
3,429,p1,0309,gholdengo-lunatone,1235,dragapult-dusknoir
3,430,p1,1350,crustle-dri,1236,dragapult-dusknoir
3,431,tie,0502,gardevoir-jellicent,0962,grimmsnarl-froslass
3,432,p1,1428,grimmsnarl-froslass,1445,gholdengo-lunatone
3,433,p1,1115,gholdengo-lunatone,0292,mega-absol-box
3,434,p1,1212,dragapult-dusknoir,0956,mega-absol-box
3,435,tie,0922,mega-absol-box,0453,dragapult-dusknoir
3,436,p1,0371,raging-bolt-ogerpon,0920,dragapult-dusknoir
3,437,tie,0988,raging-bolt-ogerpon,1424,ceruledge-ex
3,438,p2,0304,alakazam-dudunsparce,0148,dragapult-dusknoir
3,439,p1,0795,dragapult-dusknoir,1346,gardevoir-ex-sv
3,440,p1,0900,gholdengo-joltik-box,1217,dragapult-dusknoir
3,441,tie,0253,raging-bolt-ogerpon,1179,gardevoir-ex-sv
3,442,p2,1183,lucario-hariyama,0286,grimmsnarl-froslass
3,443,p1,0667,raging-bolt-ogerpon,0220,grimmsnarl-froslass
3,444,p2,1210,gholdengo-lunatone,0483,gholdengo-lunatone
3,445,p1,1153,gardevoir-ex-sv,0816,dragapult-dusknoir
3,446,p1,0197,froslass-munkidori,1065,rocket-mewtwo-ex
3,447,p2,0515,charizard-noctowl,0806,raging-bolt-ogerpon
3,448,p2,1103,n-zoroark,0999,n-zoroark
3,449,p1,0179,charizard-noctowl,0489,flareon-noctowl
3,450,tie,0013,dragapult-dusknoir,0245,charizard-noctowl
3,451,p1,0578,raging-bolt-ogerpon,1311,joltik-box
3,452,p1,1147,gardevoir-ex-sv,1117,alakazam-dudunsparce
3,453,p2,0933,joltik-box,1242,mega-absol-box
3,454,tie,1009,dragapult-dusknoir,1052,dragapult-dusknoir
3,455,p1,1331,joltik-box,1203,charizard-pidgeot
3,456,p2,0808,copperajah-ex,1389,n-zoroark
3,457,p1,0041,grimmsnarl-froslass,0441,gardevoir-ex-sv
3,458,p2,0491,raging-bolt-ogerpon,0805,grimmsnarl-froslass
3,459,p2,1342,gardevoir-ex-sv,0738,tera-box
3,460,p1,0022,gholdengo-lunatone,0404,dragapult-dusknoir
3,461,p2,0053,dragapult-ex,0905,raging-bolt-ogerpon
3,462,tie,1154,n-zoroark,0643,grimmsnarl-froslass
3,463,p1,0198,grimmsnarl-froslass,0936,froslass-munkidori
3,464,p2,0918,gardevoir-ex-sv,1114,mega-absol-box
3,465,tie,0870,kangaskhan-bouffalant,0527,grimmsnarl-froslass
3,466,tie,1104,alakazam-dudunsparce,1171,gardevoir-ex-sv
3,467,p1,0869,dragapult-dusknoir,1332,ceruledge-ex
3,468,tie,0668,gholdengo-lunatone,0807,raging-bolt-ogerpon
3,469,p1,0548,n-zoroark,0126,raging-bolt-ogerpon
3,470,p1,0749,dragapult-ex,0561,raging-bolt-ogerpon
3,471,p1,1048,gardevoir-ex-sv,0016,raging-bolt-ogerpon
3,472,tie,1390,grimmsnarl-froslass,0957,n-zoroark
3,473,tie,0877,charizard-noctowl,0664,dragapult-dusknoir
3,474,p2,0455,n-zoroark,0492,mega-absol-box
3,475,p2,0136,other,1023,gholdengo-lunatone
3,476,p1,0203,n-zoroark,0889,n-zoroark
3,477,p2,1385,lucario-hariyama,0572,dragapult-dusknoir
3,478,p2,1119,grimmsnarl-froslass,0917,gardevoir-ex-sv
3,479,p1,1267,n-zoroark,0274,gardevoir-ex-sv
3,480,p1,0086,festival-lead,0182,gholdengo-lunatone
3,481,tie,0683,grimmsnarl-froslass,0490,gardevoir-ex-sv
3,482,p2,1386,grimmsnarl-froslass,1274,mega-absol-box
3,483,p2,0158,dragapult-dusknoir,0542,grimmsnarl-froslass
3,484,tie,0128,n-zoroark,0767,dragapult-dusknoir
3,485,p1,1320,dragapult-dusknoir,0562,gardevoir-jellicent
3,486,p1,0450,dragapult-dusknoir,0395,dragapult-charizard
3,487,p2,0518,dragapult-charizard,0691,grimmsnarl-froslass
3,488,p1,0233,rocket-mewtwo-ex,0045,n-zoroark
3,489,tie,0131,dragapult-charizard,0587,charizard-noctowl
3,490,p1,0861,charizard-pidgeot,0824,n-zoroark
3,491,p1,0704,alakazam-dudunsparce,0101,raging-bolt-ogerpon
3,492,tie,1024,flareon-noctowl,0451,gardevoir-jellicent
3,493,p2,0214,n-zoroark,0270,crustle-dri
3,494,p2,1275,alakazam-dudunsparce,0670,dragapult-dusknoir
3,495,p2,0324,mega-venusaur-ex,1366,gholdengo-lunatone
3,496,p1,0350,hops-trevenant,0077,gholdengo-lunatone
3,497,p2,0157,alakazam-dudunsparce,0571,rocket-mewtwo-ex
3,498,p1,0862,n-zoroark,1001,grimmsnarl-froslass
3,499,p1,0401,dragapult-charizard,0232,charizard-noctowl
3,500,p1,0574,rockets-honchkrow,0793,froslass-munkidori
3,501,p1,0750,gholdengo-lunatone,1051,mega-venusaur-ex
3,502,p1,0728,n-zoroark,0094,charizard-noctowl
3,503,p1,1033,charizard-ex,1057,kangaskhan-bouffalant
3,504,tie,0909,ceruledge-ex,0010,grimmsnarl-froslass
3,505,p2,0316,gardevoir-ex-sv,1418,n-zoroark
3,506,p2,0415,charizard-pidgeot,0600,gholdengo-lunatone
3,507,p2,0301,mega-venusaur-ex,1262,rocket-mewtwo-ex
3,508,tie,1248,gardevoir-ex-sv,1319,n-zoroark
3,509,p2,1371,grimmsnarl-froslass,0573,gardevoir-ex-sv
3,510,tie,0692,gardevoir-ex-sv,0915,gholdengo-lunatone
3,511,p1,1312,dragapult-dusknoir,0138,charizard-pidgeot
3,512,p1,0791,gholdengo-lunatone,0723,grimmsnarl-froslass
3,513,p1,1374,froslass-munkidori,0134,alakazam-meg
3,514,tie,0011,n-zoroark,0794,dragapult-charizard
3,515,p1,1005,froslass-munkidori,0284,alakazam-dudunsparce
3,516,p1,1043,gholdengo-lunatone,1351,n-zoroark
3,517,p2,0577,charizard-pidgeot,1343,grimmsnarl-froslass
3,518,p1,1244,dragapult-dusknoir,1233,raging-bolt-ogerpon
3,519,p1,0472,dragapult-dusknoir,1152,gholdengo-lunatone
3,520,p2,1367,kangaskhan-bouffalant,0867,mega-venusaur-ex
3,521,p1,1209,gardevoir-jellicent,1110,raging-bolt-ogerpon
3,522,p2,0015,mega-absol-box,0195,charizard-pidgeot
3,523,p1,1201,mega-absol-box,1440,gholdengo-lunatone
3,524,p1,0439,alakazam-dudunsparce,0248,flareon-noctowl
3,525,p2,0135,gardevoir-jellicent,0879,froslass-munkidori
3,526,p2,0133,ethan-typhlosion,0541,mega-absol-box
3,527,p2,1107,froslass-munkidori,1399,hops-trevenant
3,528,tie,0209,charizard-noctowl,0085,gholdengo-lunatone
3,529,p2,0514,mega-gengar-ex,1167,dragapult-dusknoir
3,530,p2,0633,n-zoroark,0630,dragapult-dusknoir
3,531,p1,1257,grimmsnarl-froslass,0204,charizard-noctowl
3,532,p2,0703,charizard-pidgeot,1369,dragapult-dusknoir
3,533,tie,0763,dragapult-dusknoir,1403,charizard-pidgeot
3,534,p2,0474,ceruledge-ex,1396,alakazam-dudunsparce
3,535,p2,1301,gholdengo-lunatone,0340,dragapult-dusknoir
3,536,p1,0112,mega-absol-box,1296,ogerpon-meganium
3,537,p1,0046,joltik-box,0329,joltik-box
3,538,p1,0129,crustle-dri,0935,mega-charizard-x-ex
3,539,tie,0426,mega-venusaur-ex,1060,gardevoir-jellicent
3,540,p2,0212,gardevoir-ex-sv,1116,hydrapple-ex
3,541,p1,1405,gholdengo-lunatone,0695,gholdengo-lunatone
3,542,p1,1155,n-zoroark,0555,dragapult-charizard
3,543,tie,0322,lucario-hariyama,0261,froslass-munkidori
3,544,p2,0585,dragapult-dusknoir,0181,n-zoroark
3,545,p2,0411,froslass-munkidori,0641,slowking-scr
3,546,p1,1362,raging-bolt-ogerpon,0021,dragapult-dusknoir
3,547,p2,0755,gholdengo-lunatone,0617,gardevoir-ex-sv
3,548,p1,1109,mega-venusaur-ex,1000,rocket-mewtwo-ex
3,549,p1,0663,joltik-box,0595,n-zoroark
3,550,p1,0416,tera-box,0516,mega-absol-box
3,551,p2,0878,alakazam-dudunsparce,1173,raging-bolt-ogerpon
3,552,p2,1035,hydrapple-ogerpon,1345,mega-lucario-ex
3,553,tie,0033,froslass-munkidori,0517,raging-bolt-ogerpon
3,554,p1,0565,n-zoroark,0376,dragapult-dusknoir
3,555,p2,0273,dragapult-dusknoir,0285,dragapult-dusknoir
3,556,p2,1099,raging-bolt-ogerpon,0440,gholdengo-lunatone
3,557,p1,1178,mega-venusaur-ex,0528,mega-absol-box
3,558,p1,0647,raging-bolt-ogerpon,0998,dragapult-dusknoir
3,559,p2,1358,gardevoir-ex-sv,0279,grimmsnarl-froslass
3,560,p2,0278,gholdengo-lunatone,0499,slowking-scr
3,561,p1,0018,joltik-box,0353,gardevoir-ex-sv
3,562,tie,1149,grimmsnarl-froslass,0796,cynthia-garchomp-ex
3,563,p1,0579,mega-absol-box,1218,dragapult-charizard
3,564,p2,0802,n-zoroark,0319,mega-absol-box
3,565,p2,0987,dragapult-dusknoir,0635,alakazam-dudunsparce
3,566,p2,0386,rocket-mewtwo-ex,1416,n-zoroark
3,567,p1,1192,dragapult-dusknoir,0696,gholdengo-lunatone
3,568,p1,0073,?,0060,alakazam-dudunsparce
3,569,tie,1126,cynthia-garchomp-ex,0897,toxtricity-pfl
3,570,tie,1124,gholdengo-lunatone,0656,grimmsnarl-froslass
3,571,p2,1136,gholdengo-lunatone,1266,rockets-honchkrow
3,572,tie,0694,flareon-noctowl,1012,mega-absol-box
3,573,p2,0622,dragapult-charizard,0164,dragapult-dusknoir
3,574,tie,1421,dragapult-dusknoir,1125,ceruledge-ex
3,575,p2,1380,mega-charizard-x-ex,1230,dragapult-dusknoir
3,576,tie,0443,gholdengo-lunatone,1132,gardevoir-jellicent
3,577,p1,0180,dragapult-charizard,0842,dragapult-dusknoir
3,578,p2,1402,mega-absol-box,0955,charizard-pidgeot
3,579,p2,0732,gardevoir-ex-sv,1131,charizard-noctowl
3,580,p1,0586,mega-venusaur-ex,0306,rocket-mewtwo-ex
3,581,p2,1118,dragapult-charizard,1334,gholdengo-lunatone
3,582,p2,0055,hydreigon-ex,0431,gholdengo-lunatone
3,583,tie,0379,n-zoroark,0083,grimmsnarl-froslass
3,584,p1,0901,charizard-pidgeot,0239,dragapult-dusknoir
3,585,p1,0801,lucario-hariyama,0838,festival-lead
3,586,p2,1239,dragapult-dusknoir,0397,dragapult-dusknoir
3,587,p2,0093,gardevoir-ex-sv,0659,gardevoir-ex-sv
3,588,tie,0360,grimmsnarl-froslass,0388,gholdengo-lunatone
3,589,p2,1200,mega-absol-box,0196,flareon-noctowl
3,590,p2,1177,kangaskhan-forretress,0054,gholdengo-lunatone
3,591,tie,0653,n-zoroark,0056,grimmsnarl-froslass
3,592,p2,0916,dragapult-charizard,0031,joltik-box
3,593,p2,1059,dragapult-dusknoir,0610,gardevoir-jellicent
3,594,p2,0449,mega-absol-box,0008,dragapult-dusknoir
3,595,p2,0124,dragapult-dusknoir,0552,dragapult-dusknoir
3,596,tie,1368,raging-bolt-ogerpon,1323,dragapult-dusknoir
3,597,p2,0768,dragapult-dusknoir,0251,gardevoir-ex-sv
3,598,p1,0898,gardevoir-ex-sv,1226,mega-absol-box
3,599,tie,0456,raging-bolt-ogerpon,0550,dragapult-dusknoir
3,600,p1,0771,rocket-mewtwo-ex,0227,dragapult-dusknoir
3,601,p2,0954,mega-absol-box,1145,tera-box
3,602,p2,1061,alakazam-dudunsparce,0170,archaludon-ex
3,603,p2,0687,mega-absol-box,1279,festival-lead
3,604,p2,0038,mega-venusaur-ex,0422,raging-bolt-ogerpon
3,605,p1,0820,tera-box,1205,manectric-eelektrik
3,606,tie,1121,charizard-ex,0758,n-zoroark
3,607,p1,1040,mega-absol-box,0465,stevens-metagross
3,608,tie,0833,ho-oh-armarouge,0864,ho-oh-armarouge
3,609,tie,0773,dragapult-dusknoir,1443,gardevoir-ex-sv
3,610,p2,0759,other,0113,gholdengo-lunatone
3,611,p1,0173,dragapult-dusknoir,0923,rocket-mewtwo-ex
3,612,tie,1215,n-zoroark,1088,dragapult-dusknoir
3,613,tie,0494,gholdengo-lunatone,0311,gholdengo-lunatone
3,614,p2,0892,charizard-pidgeot,0612,charizard-noctowl
3,615,p2,1254,dragapult-dusknoir,0287,cynthia-garchomp-ex
3,616,p2,0369,gardevoir-ex-sv,0225,festival-lead
3,617,p1,1412,grimmsnarl-froslass,0276,mega-venusaur-ex
3,618,p1,0606,grimmsnarl-froslass,0384,rockets-honchkrow
3,619,p2,1300,mega-absol-box,0930,festival-lead
3,620,tie,0717,crustle-dri,0925,gholdengo-ex
3,621,tie,1414,n-zoroark,1289,joltik-box
3,622,p2,0202,gardevoir-ex-sv,1054,dragapult-dusknoir
3,623,p1,0414,gardevoir-ex-sv,0593,n-zoroark
3,624,p1,1127,?,1176,alakazam-dudunsparce
3,625,p1,0160,alakazam-dudunsparce,0417,charizard-pidgeot
3,626,p2,1049,alakazam-dudunsparce,0907,froslass-munkidori
3,627,tie,0690,tera-box,0567,iron-hands-magneton
3,628,p1,1281,marnie-grimmsnarl-ex,0522,raging-bolt-ogerpon
3,629,p2,0152,dragapult-dusknoir,0798,mega-absol-box
3,630,p1,1064,gardevoir-ex-sv,0217,raging-bolt-ogerpon
3,631,p2,0377,flareon-noctowl,0932,gardevoir-ex-sv
3,632,p1,1270,n-zoroark,0540,gardevoir-jellicent
3,633,tie,1409,dragapult-dusknoir,0161,grimmsnarl-froslass
3,634,p2,0754,alakazam-dudunsparce,0336,alakazam-dudunsparce
3,635,p1,0986,dragapult-dusknoir,0176,gholdengo-lunatone
3,636,p1,0769,dragapult-dusknoir,0677,gholdengo-lunatone
3,637,tie,0943,rockets-honchkrow,0965,dragapult-dusknoir
3,638,p2,1046,alakazam-dudunsparce,0748,gholdengo-lunatone
3,639,p2,0975,gardevoir-jellicent,1018,gholdengo-lunatone
3,640,p2,1228,lopunny-dusknoir,1094,gholdengo-ex
3,641,p2,0666,mega-absol-box,1067,raging-bolt-ogerpon
3,642,p2,1196,n-zoroark,0281,greninja-ex
3,643,tie,0715,dragapult-dusknoir,0458,mega-absol-box
3,644,p1,1030,rockets-honchkrow,0363,crustle-dri
3,645,p2,0698,dragapult-charizard,0735,mega-venusaur-ex
3,646,p2,1327,dragapult-dusknoir,0429,greninja-ex
3,647,p2,0804,n-zoroark,0959,gardevoir-ex-sv
3,648,p1,0536,dragapult-dusknoir,0389,dragapult-dusknoir
3,649,p2,1363,dragapult-dusknoir,1159,cynthia-garchomp-ex
3,650,tie,1338,crustle-dri,0913,raging-bolt-ogerpon
3,651,tie,0520,raging-bolt-ogerpon,0512,raging-bolt-ogerpon
3,652,p1,0100,raging-bolt-ogerpon,1032,gholdengo-lunatone
3,653,tie,0293,n-zoroark,0583,grimmsnarl-froslass
3,654,p1,0948,n-zoroark,0325,dragapult-dusknoir
3,655,p1,0625,joltik-box,1081,dragapult-dusknoir
3,656,p1,0857,raging-bolt-ogerpon,0447,flareon-noctowl
3,657,p1,0529,grimmsnarl-froslass,0821,ceruledge-ex
3,658,tie,0762,gardevoir-ex-sv,0825,froslass-munkidori
3,659,p2,0602,flareon-noctowl,0752,mega-absol-box
3,660,tie,0766,dragapult-dusknoir,0222,slowking-scr
3,661,p2,0994,cynthia-garchomp-ex,0071,raging-bolt-ogerpon
3,662,p1,0977,gholdengo-lunatone,0557,gardevoir-ex-sv
3,663,p1,0827,dragapult-charizard,0830,hydrapple-ogerpon
3,664,p1,0036,raging-bolt-ogerpon,0708,dragapult-dusknoir
3,665,p2,1285,mega-lucario-ex,1335,ceruledge-ex
3,666,p2,0779,mega-absol-box,0623,gholdengo-lunatone
3,667,p1,1307,dragapult-charizard,0564,mega-lopunny-ex
3,668,p2,0479,froslass-munkidori,0264,sharpedo-toxtricity
3,669,p2,1077,gardevoir-jellicent,1446,dragapult-dusknoir
3,670,p1,0478,n-zoroark,0241,dragapult-charizard
3,671,p1,0937,n-zoroark,0194,roaring-moon-ex
3,672,p2,1238,gholdengo-lunatone,1144,dragapult-dusknoir
3,673,p2,1213,n-zoroark,0979,charizard-noctowl
3,674,p1,0145,dragapult-dusknoir,0462,dragapult-dusknoir
3,675,tie,1313,flareon-ex,0098,greninja-ex
3,676,p1,0989,festival-lead,1246,charizard-noctowl
3,677,p1,0446,grimmsnarl-froslass,0950,gardevoir-ex-sv
3,678,p2,1232,alakazam-dudunsparce,0876,rocket-mewtwo-ex
3,679,tie,0080,ceruledge-ex,0919,dragapult-dusknoir
3,680,p1,0040,dragapult-dusknoir,1013,ogerpon-meganium
3,681,p2,0591,kangaskhan-bouffalant,0408,froslass-munkidori
3,682,p2,1297,raging-bolt-ogerpon,0362,dragapult-dusknoir
3,683,p2,1294,festival-lead,0250,mega-absol-box
3,684,p2,0788,gardevoir-ex-sv,0400,gardevoir-ex-sv
3,685,p1,0423,raging-bolt-ogerpon,0569,gardevoir-ex-sv
3,686,p2,0464,azumarill-ssp,0337,raging-bolt-ogerpon
3,687,tie,0272,dragapult-dusknoir,0358,dragapult-dusknoir
3,688,tie,0481,flareon-noctowl,0651,dragapult-dusknoir
3,689,p1,1193,mega-venusaur-ex,1182,gardevoir-jellicent
3,690,p1,0778,festival-lead,0844,alakazam-meg
3,691,tie,0026,raging-bolt-ogerpon,1129,charizard-pidgeot
3,692,p2,0896,charizard-noctowl,0177,n-zoroark
3,693,p2,1318,gardevoir-jellicent,1084,dragapult-dusknoir
3,694,p1,1306,charizard-noctowl,1162,lucario-hariyama
3,695,p2,0244,dragapult-dusknoir,1026,greninja-ex
3,696,p2,0531,charizard-noctowl,0576,gholdengo-lunatone
3,697,p1,1188,sharpedo-toxtricity,0188,charizard-noctowl
3,698,tie,0070,greninja-ex,1393,gardevoir-ex-sv
3,699,p2,0104,sharpedo-toxtricity,0939,dragapult-dusknoir
3,700,p2,0117,mega-absol-box,0470,mega-absol-box
3,701,tie,0859,ceruledge-ex,1098,dragapult-dusknoir
3,702,p2,0776,toxtricity-box,1397,dragapult-dusknoir
3,703,tie,0172,raging-bolt-ogerpon,0604,dragapult-dusknoir
3,704,p2,1070,n-zoroark,1140,dragapult-dusknoir
3,705,tie,0582,dragapult-dusknoir,0066,dragapult-ex
3,706,p2,1291,dragapult-dusknoir,0725,froslass-munkidori
3,707,p2,0165,alakazam-dudunsparce,0709,dragapult-charizard
3,708,tie,0508,dragapult-charizard,0854,gholdengo-lunatone
3,709,p2,1091,dragapult-dusknoir,0615,lopunny-dusknoir
3,756,tie,0028,?,0199,n-zoroark
3,757,p1,0289,dragapult-dusknoir,1425,charizard-noctowl
3,758,p2,1427,grimmsnarl-froslass,0855,gholdengo-lunatone
3,759,p1,1439,n-zoroark,0352,hop-zacian
3,760,p1,0419,charizard-noctowl,1430,festival-lead
3,761,p2,0724,dragapult-dusknoir,1431,froslass-munkidori
3,762,tie,0344,grimmsnarl-froslass,1433,alakazam-dudunsparce
3,,bye,0946,mega-absol-box,,
4,1,p1,0938,grimmsnarl-froslass,1432,gardevoir-ex-sv
4,2,p1,1282,gardevoir-ex-sv,0399,dragapult-dusknoir
4,3,p2,0509,manectric-eelektrik,0226,dragapult-dusknoir
4,4,p2,0765,grimmsnarl-froslass,0291,dragapult-dusknoir
4,5,p2,0751,mega-absol-box,0407,joltik-box
4,6,p1,0255,dragapult-dusknoir,0187,raging-bolt-ogerpon
4,7,p1,0368,dragapult-dusknoir,1375,gardevoir-ex-sv
4,8,p1,0193,lucario-hariyama,0997,grimmsnarl-froslass
4,9,p2,1400,roaring-moon-dudunsparce,1292,mega-absol-box
4,10,p2,0594,ceruledge-ex,0471,gardevoir-ex-sv
4,11,p2,1364,mega-absol-box,0079,joltik-box
4,12,tie,1378,gardevoir-ex-sv,0174,dragapult-dusknoir
4,13,p2,0343,gardevoir-ex-sv,1175,n-zoroark
4,14,p1,0747,grimmsnarl-froslass,0560,gardevoir-ex-sv
4,15,tie,0847,charizard-noctowl,0960,gholdengo-lunatone
4,16,p1,0030,dragapult-dusknoir,0835,flareon-noctowl
4,17,tie,1324,dragapult-dusknoir,1250,froslass-munkidori
4,18,tie,0019,grimmsnarl-froslass,0872,tera-box
4,19,p2,0530,dragapult-dusknoir,0811,gholdengo-lunatone
4,20,p1,0282,gholdengo-lunatone,0084,mega-lucario-ex
4,21,p1,0608,n-zoroark,0504,alakazam-dudunsparce
4,22,p2,1214,raging-bolt-ogerpon,1413,gardevoir-ex-sv
4,23,p1,0024,n-zoroark,0271,grimmsnarl-froslass
4,24,p2,1404,n-zoroark,0178,charizard-noctowl
4,25,p1,0004,ho-oh-armarouge,1276,crustle-dri
4,26,tie,1042,froslass-munkidori,0356,gholdengo-lunatone
4,27,p2,0221,joltik-box,1161,grimmsnarl-froslass
4,28,p1,0688,dragapult-dusknoir,0437,raging-bolt-ogerpon
4,29,p2,0819,crustle-dri,0432,grimmsnarl-froslass
4,30,p1,0216,joltik-box,0345,mega-absol-box
4,31,p1,0505,dragapult-charizard,0949,dragapult-dusknoir
4,32,tie,1037,raging-bolt-ogerpon,0072,dragapult-dusknoir
4,33,p1,0929,alakazam-dudunsparce,0674,slowking-scr
4,34,p2,1284,alakazam-dudunsparce,1123,grimmsnarl-froslass
4,35,p1,0099,charizard-noctowl,1253,dragapult-dusknoir
4,36,p1,1031,gholdengo-lunatone,0790,grimmsnarl-froslass
4,37,p2,0882,ceruledge-ex,0289,dragapult-dusknoir
4,38,p2,1309,crustle-dri,0558,pidgeot-control
4,39,p1,0980,tera-box,0051,raging-bolt-ogerpon
4,40,p1,0761,joltik-box,1027,dragapult-dusknoir
4,41,p2,0716,dragapult-dusknoir,0380,joltik-box
4,42,p1,0672,mega-absol-box,0328,alakazam-dudunsparce
4,43,p2,0184,ceruledge-ex,0621,?
4,44,p1,0421,archaludon-ex,0269,dragapult-dusknoir
4,45,p1,0025,crustle-dri,1234,charizard-noctowl
4,46,p2,0445,?,1022,ceruledge-ex
4,47,p2,0260,n-zoroark,0866,kangaskhan-bouffalant
4,48,tie,1394,gholdengo-lunatone,1429,gardevoir-ex-sv
4,49,p1,0545,dragapult-dusknoir,1002,n-zoroark
4,50,p1,0976,dragapult-dusknoir,1190,alakazam-dudunsparce
4,51,p1,0123,dragapult-dusknoir,1191,raging-bolt-ogerpon
4,52,p1,0511,gholdengo-lunatone,0846,ursaluna-lunatone
4,53,p2,0320,raging-bolt-ogerpon,1398,rockets-honchkrow
4,54,p1,0064,grimmsnarl-froslass,0425,dragapult-dusknoir
4,55,tie,0829,grimmsnarl-froslass,1143,n-zoroark
4,56,p1,0823,ceruledge-ex,0547,gholdengo-lunatone
4,57,p2,0734,gholdengo-lunatone,0120,dragapult-dusknoir
4,58,p2,0339,dragapult-dusknoir,0549,grimmsnarl-froslass
4,59,p1,0049,festival-lead,0373,charizard-pidgeot
4,60,p2,0726,dragapult-dusknoir,0642,crustle-dri
4,61,p2,1241,gardevoir-ex-sv,1417,froslass-munkidori
4,62,p2,0488,dragapult-charizard,0067,froslass-munkidori
4,63,p2,0927,dragapult-dusknoir,0357,crustle-dri
4,64,p2,1101,cynthia-garchomp-ex,1330,dragapult-dusknoir
4,65,p1,0599,mega-absol-box,0609,grimmsnarl-froslass
4,66,p1,0210,gholdengo-lunatone,0611,froslass-munkidori
4,67,p2,0636,joltik-box,0259,gholdengo-lunatone
4,68,tie,0078,gholdengo-lunatone,0855,gholdengo-lunatone
4,69,p2,0689,n-zoroark,0061,mega-absol-box
4,70,tie,1208,froslass-munkidori,0772,ethan-typhlosion
4,71,p2,1272,ursaluna-lunatone,0242,charizard-pidgeot
4,72,p1,0886,dragapult-dusknoir,1133,grimmsnarl-froslass
4,73,tie,0211,dragapult-dusknoir,0007,n-zoroark
4,74,p2,0705,gardevoir-ex-sv,1128,joltik-box
4,75,p1,1290,grimmsnarl-froslass,1148,gholdengo-lunatone
4,76,p2,0852,ceruledge-ex,1365,rockets-honchkrow
4,77,p1,1361,dragapult-charizard,0144,ceruledge-ex
4,78,p1,1168,grimmsnarl-froslass,1135,ceruledge-ex
4,79,p2,0727,froslass-munkidori,0902,gholdengo-lunatone
4,80,p1,1010,froslass-munkidori,1090,gholdengo-lunatone
4,81,p1,0229,dragapult-dusknoir,0265,raging-bolt-ogerpon
4,82,tie,1069,froslass-munkidori,0888,grimmsnarl-froslass
4,83,p2,1333,grimmsnarl-froslass,0770,ceruledge-ex
4,84,p1,1195,grimmsnarl-froslass,0442,palafin-ex
4,85,p1,0657,hydrapple-ogerpon,0912,dragapult-charizard
4,86,tie,1076,dragapult-dusknoir,0584,?
4,87,p1,1255,gholdengo-lunatone,1141,grimmsnarl-froslass
4,88,p1,1189,dragapult-dusknoir,0218,gardevoir-ex-sv
4,89,p1,1111,grimmsnarl-froslass,0631,charizard-pidgeot
4,90,p1,0810,froslass-munkidori,1202,n-zoroark
4,91,p2,0387,grimmsnarl-froslass,0297,charizard-noctowl
4,92,p2,0783,gardevoir-ex-sv,1240,gholdengo-lunatone
4,93,tie,1247,gardevoir-jellicent,0906,gholdengo-lunatone
4,94,p1,0102,crustle-dri,1268,grimmsnarl-froslass
4,95,tie,1227,dragapult-dusknoir,0463,alakazam-meg
4,96,p1,0338,manectric-eelektrik,0413,dragapult-dusknoir
4,97,p2,0095,gardevoir-jellicent,0249,dragapult-dusknoir
4,98,p2,1408,ceruledge-ex,1158,gholdengo-lunatone
4,99,p2,0318,other,1269,froslass-munkidori
4,100,p2,0326,raging-bolt-ogerpon,0786,grimmsnarl-froslass
4,101,tie,0219,gholdengo-lunatone,0521,gholdengo-lunatone
4,102,p2,0047,dragapult-dusknoir,0966,n-zoroark
4,103,p1,0535,lucario-hariyama,1096,?
4,104,p2,0958,festival-lead,1164,raging-bolt-ogerpon
4,105,p1,1349,mega-absol-box,0307,dragapult-dusknoir
4,106,tie,0538,dragapult-dusknoir,0693,mega-absol-box
4,107,tie,0493,crustle-dri,0349,gardevoir-ex-sv
4,108,p1,0228,n-zoroark,0461,flareon-noctowl
4,109,p2,0884,dragapult-dusknoir,0457,cynthia-garchomp-ex
4,110,tie,0294,dragapult-dusknoir,0645,gholdengo-lunatone
4,111,tie,0792,charizard-noctowl,1356,?
4,112,p1,1071,joltik-box,0990,gardevoir-ex-sv
4,113,tie,0288,festival-lead,1384,froslass-munkidori
4,114,p1,0843,dragapult-dusknoir,0840,dragapult-dusknoir
4,115,p2,0348,gardevoir-ex-sv,0654,charizard-noctowl
4,116,tie,0848,dragapult-blaziken,0262,froslass-munkidori
4,117,tie,0110,mega-absol-box,0834,dragapult-dusknoir
4,118,p2,0665,gardevoir-ex-sv,0201,gholdengo-lunatone
4,119,p2,1305,cynthia-garchomp-ex,0121,raging-bolt-ogerpon
4,120,p1,1083,dragapult-charizard,1078,n-zoroark
4,121,tie,1237,tera-box,0627,grimmsnarl-froslass
4,122,p2,0603,dragapult-dusknoir,1321,gholdengo-lunatone
4,123,p1,0141,joltik-box,1406,raging-bolt-ogerpon
4,124,p2,1259,gardevoir-jellicent,0991,cynthia-garchomp-ex
4,125,p2,1021,dragapult-dusknoir,0091,raging-bolt-ogerpon
4,126,p1,1392,crustle-dri,0718,raging-bolt-ogerpon
4,127,tie,1353,gardevoir-ex-sv,0159,festival-lead
4,128,p2,1014,joltik-box,0208,gardevoir-ex-sv
4,129,p2,0355,dragapult-dusknoir,1130,dragapult-dusknoir
4,130,p2,0967,dragapult-dusknoir,1080,joltik-box
4,131,p2,1055,n-zoroark,0215,n-zoroark
4,132,p2,1360,gardevoir-ex-sv,0598,n-zoroark
4,133,p1,0467,gardevoir-ex-sv,1166,n-zoroark
4,134,p1,1350,crustle-dri,0482,gardevoir-ex-sv
4,135,p1,0650,mega-froslass-ex,0945,flareon-noctowl
4,136,p1,0729,dragapult-dusknoir,0103,raging-bolt-ogerpon
4,137,p2,1261,raging-bolt-ogerpon,1134,n-zoroark
4,138,p2,0335,gardevoir-ex-sv,1211,?
4,139,p2,1249,gholdengo-lunatone,0454,dragapult-charizard
4,140,p2,0605,gardevoir-ex-sv,0192,charizard-noctowl
4,141,p2,0375,dragapult-dusknoir,0832,dragapult-dusknoir
4,142,p1,0115,grimmsnarl-froslass,0469,joltik-box
4,143,p2,0001,mega-absol-box,0168,grimmsnarl-froslass
4,144,tie,0970,dragapult-charizard,0299,dragapult-dusknoir
4,145,tie,1115,gholdengo-lunatone,0257,crustle-dri
4,146,tie,0575,grimmsnarl-froslass,0713,mega-lucario-ex
4,147,p1,0883,grimmsnarl-froslass,0891,gardevoir-jellicent
4,148,p2,1348,poison-mega-latias,0813,dragapult-charizard
4,149,tie,1036,gardevoir-ex-sv,1106,charizard-noctowl
4,150,p1,0314,raging-bolt-ogerpon,1395,festival-lead
4,151,p2,0370,gholdengo-lunatone,0701,gholdengo-lunatone
4,152,p1,0616,dragapult-dusknoir,0059,dragapult-charizard
4,153,tie,1053,dragapult-dusknoir,0620,grimmsnarl-froslass
4,154,p2,0207,n-zoroark,1072,froslass-munkidori
4,155,p1,0881,lucario-hariyama,1112,n-zoroark
4,156,p1,1198,gholdengo-lunatone,0818,charizard-pidgeot
4,157,p2,0760,dragapult-dusknoir,1251,froslass-munkidori
4,158,tie,0568,dragapult-dusknoir,0312,mega-lucario-ex
4,159,p1,0266,gholdengo-joltik-box,0119,grimmsnarl-froslass
4,160,p1,0903,charizard-pidgeot,1206,gholdengo-lunatone
4,161,p2,0323,raging-bolt-ogerpon,0589,charizard-noctowl
4,162,p2,1224,raging-bolt-ogerpon,0874,raging-bolt-ogerpon
4,163,p1,1086,dragapult-dusknoir,0392,grimmsnarl-froslass
4,164,p2,1442,rockets-honchkrow,0237,dragapult-dusknoir
4,165,tie,1102,charizard-noctowl,0427,dragapult-dusknoir
4,166,p2,0280,alakazam-meg,1325,raging-bolt-ogerpon
4,167,p2,0873,gholdengo-lunatone,0473,dragapult-dusknoir
4,168,p2,0205,festival-lead,1029,dragapult-dusknoir
4,169,p2,0543,grimmsnarl-froslass,0712,n-zoroark
4,170,p1,1082,gholdengo-lunatone,0153,dragapult-dusknoir
4,171,p2,0851,n-zoroark,0637,dragapult-blaziken
4,172,tie,0519,dragapult-dusknoir,1352,charizard-noctowl
4,173,p1,1286,joltik-box,1243,dragapult-dusknoir
4,174,p1,0551,gholdengo-lunatone,0822,flareon-noctowl
4,175,p1,0309,gholdengo-lunatone,0428,ceruledge-ex
4,176,p2,0114,gholdengo-lunatone,1223,mega-absol-box
4,177,tie,0354,grimmsnarl-froslass,1438,gardevoir-ex-sv
4,178,p2,0300,dragapult-dusknoir,0908,dragapult-charizard
4,179,p1,0185,dragapult-dusknoir,0058,dragapult-dusknoir
4,180,p1,0390,n-zoroark,0753,dragapult-dusknoir
4,181,p1,0346,mega-absol-box,0037,mega-absol-box
4,182,tie,0613,grimmsnarl-froslass,1326,grimmsnarl-froslass
4,183,tie,0969,dragapult-dusknoir,0243,gholdengo-lunatone
4,184,p1,0661,raging-bolt-ogerpon,1436,slowking-scr
4,185,p1,0685,festival-lead,0632,raging-bolt-ogerpon
4,186,p1,0860,cynthia-garchomp-ex,0985,lopunny-dusknoir
4,187,p2,0629,festival-lead,0155,dragapult-dusknoir
4,188,p1,0089,alakazam-dudunsparce,0183,n-zoroark
4,189,tie,0849,dragapult-dusknoir,0679,n-zoroark
4,190,p1,0563,dragapult-dusknoir,0953,ceruledge-ex
4,191,p2,0468,n-zoroark,0507,grimmsnarl-froslass
4,192,p1,1258,dragapult-dusknoir,0924,charizard-noctowl
4,193,tie,0619,gholdengo-lunatone,0814,n-zoroark
4,194,p2,1092,gardevoir-ex-sv,0290,grimmsnarl-froslass
4,195,tie,0235,dragapult-dusknoir,0740,froslass-munkidori
4,196,p1,1044,raging-bolt-ogerpon,0745,greninja-blaziken
4,197,p1,1169,joltik-box,0628,n-zoroark
4,198,p2,0797,n-zoroark,0534,dragapult-dusknoir
4,199,p2,0378,dragapult-dusknoir,0757,festival-lead
4,200,p1,0367,alakazam-dudunsparce,1263,mega-absol-box
4,201,p1,1041,gholdengo-lunatone,0459,n-zoroark
4,202,p2,1419,dragapult-charizard,0477,gholdengo-lunatone
4,203,p1,1194,grimmsnarl-froslass,1216,dragapult-dusknoir
4,204,tie,1411,grimmsnarl-froslass,0027,n-zoroark
4,205,p2,1435,dragapult-dusknoir,0142,dragapult-dusknoir
4,206,tie,0381,poison-archaludon,1328,tera-box
4,207,tie,1280,dragapult-dusknoir,1170,charizard-noctowl
4,208,p1,0845,gardevoir-ex-sv,0871,okidogi-ex
4,209,p1,1074,gholdengo-lunatone,0710,charizard-pidgeot
4,210,p2,0944,lucario-hariyama,0722,dragapult-dusknoir
4,211,p1,0267,gardevoir-ex-sv,0914,festival-lead
4,212,p1,1373,joltik-box,1337,gardevoir-ex-sv
4,213,p2,0039,dragapult-dusknoir,1105,dragapult-dusknoir
4,214,tie,0065,ceruledge-ex,0731,n-zoroark
4,215,p2,1212,dragapult-dusknoir,0746,ceruledge-ex
4,216,p2,0213,dragapult-dusknoir,0837,dragapult-dusknoir
4,217,p1,1423,grimmsnarl-froslass,0315,gardevoir-ex-sv
4,218,p1,1011,dragapult-charizard,0782,dragapult-dusknoir
4,219,p1,1187,dragapult-charizard,1150,joltik-box
4,220,tie,0826,n-zoroark,0673,gardevoir-ex-sv
4,221,tie,0321,ceruledge-ex,0081,mega-absol-box
4,222,p1,1340,n-zoroark,0111,tera-box
4,223,p2,0947,dragapult-charizard,0639,n-zoroark
4,224,p1,0296,gardevoir-ex-sv,0982,n-zoroark
4,225,tie,1428,grimmsnarl-froslass,0308,gholdengo-lunatone
4,226,p2,0090,dragapult-dusknoir,0088,grimmsnarl-froslass
4,227,p1,1379,rocket-mewtwo-ex,1174,tera-box
4,228,p2,0592,dragapult-dusknoir,1146,n-zoroark
4,229,p2,1220,grimmsnarl-froslass,0277,raging-bolt-ogerpon
4,230,tie,0764,grimmsnarl-froslass,0263,charizard-pidgeot
4,231,tie,0992,dragapult-dusknoir,0149,mega-absol-box
4,232,p2,1293,n-zoroark,0374,gholdengo-joltik-box
4,233,p2,0503,crustle-dri,0424,slowking-scr
4,234,tie,0803,raging-bolt-ogerpon,0581,dragapult-dusknoir
4,235,tie,1339,dragapult-dusknoir,0302,froslass-munkidori
4,236,p2,0097,dragapult-dusknoir,1020,dragapult-dusknoir
4,237,p2,0371,raging-bolt-ogerpon,0268,crustle-dri
4,238,p2,0223,dragapult-dusknoir,0175,gardevoir-ex-sv
4,239,tie,1314,ceruledge-ex,1142,grimmsnarl-froslass
4,240,p1,0828,dragapult-dusknoir,0330,dragapult-dusknoir
4,241,tie,1153,gardevoir-ex-sv,0580,gholdengo-lunatone
4,242,p2,0127,gardevoir-ex-sv,0999,n-zoroark
4,243,p2,1274,mega-absol-box,0412,mega-absol-box
4,244,tie,0148,dragapult-dusknoir,1204,dragapult-charizard
4,245,p2,0048,grimmsnarl-froslass,1120,charizard-noctowl
4,246,p1,0524,gholdengo-lunatone,0806,raging-bolt-ogerpon
4,247,tie,0869,dragapult-dusknoir,0578,raging-bolt-ogerpon
4,248,p2,1331,joltik-box,1359,charizard-noctowl
4,249,p1,1063,n-zoroark,0704,alakazam-dudunsparce
4,250,tie,0856,festival-lead,1302,dragapult-dusknoir
4,251,p2,0739,joltik-box,0795,dragapult-dusknoir
4,252,p2,0749,dragapult-ex,0691,grimmsnarl-froslass
4,253,tie,0403,dragapult-dusknoir,0118,n-zoroark
4,254,tie,0964,gholdengo-lunatone,0492,mega-absol-box
4,255,p2,1389,n-zoroark,0198,grimmsnarl-froslass
4,256,p1,0737,grimmsnarl-froslass,1415,mega-venusaur-ex
4,257,p2,0861,charizard-pidgeot,0234,rocket-mewtwo-ex
4,258,p1,0775,n-zoroark,0738,tera-box
4,259,tie,0466,n-zoroark,0546,n-zoroark
4,260,tie,0022,gholdengo-lunatone,1372,lucario-hariyama
4,261,p1,0483,gholdengo-lunatone,1023,gholdengo-lunatone
4,262,p2,0968,cynthia-garchomp-ex,0588,charizard-noctowl
4,263,tie,1242,mega-absol-box,1180,gholdengo-lunatone
4,264,p1,1147,gardevoir-ex-sv,0805,grimmsnarl-froslass
4,265,tie,1048,gardevoir-ex-sv,0137,mega-absol-box
4,266,p2,0035,ceruledge-ex,1267,n-zoroark
4,267,p2,0900,gholdengo-joltik-box,0132,grimmsnarl-froslass
4,268,tie,0179,charizard-noctowl,0197,froslass-munkidori
4,269,p1,0203,n-zoroark,1401,lucario-hariyama
4,270,p2,1273,charizard-noctowl,0572,dragapult-dusknoir
4,271,p2,0655,raging-bolt-ogerpon,1265,froslass-munkidori
4,272,p2,0295,mega-absol-box,0880,charizard-noctowl
4,273,p1,0917,gardevoir-ex-sv,1114,mega-absol-box
4,274,p2,0034,dragapult-dusknoir,0684,mega-absol-box
4,275,p1,0233,rocket-mewtwo-ex,0450,dragapult-dusknoir
4,276,p2,0063,gholdengo-lunatone,1039,charizard-pidgeot
4,277,p1,1066,n-zoroark,1207,ursaluna-lunatone
4,278,p2,0548,n-zoroark,0590,dragapult-dusknoir
4,279,p2,0780,gholdengo-lunatone,0398,dragapult-dusknoir
4,280,p1,0286,grimmsnarl-froslass,1047,dragapult-dusknoir
4,281,p1,0231,dragapult-dusknoir,1320,dragapult-dusknoir
4,282,tie,0809,n-zoroark,0756,grimmsnarl-froslass
4,283,p2,0086,festival-lead,1186,raging-bolt-ogerpon
4,284,p1,0042,raging-bolt-ogerpon,1156,gardevoir-jellicent
4,285,p1,0359,gholdengo-lunatone,0667,raging-bolt-ogerpon
4,286,p1,0905,raging-bolt-ogerpon,0542,grimmsnarl-froslass
4,287,p2,0041,grimmsnarl-froslass,1370,raging-bolt-ogerpon
4,288,p1,1229,dragapult-dusknoir,0246,dragapult-dusknoir
4,289,p1,1004,gardevoir-ex-sv,0397,dragapult-dusknoir
4,290,tie,0800,gardevoir-ex-sv,0475,dragapult-charizard
4,291,tie,0340,dragapult-dusknoir,1181,dragapult-charizard
4,292,tie,0232,charizard-noctowl,0680,gardevoir-ex-sv
4,293,tie,0678,gholdengo-lunatone,0525,greninja-ex
4,294,p1,1244,dragapult-dusknoir,0626,dragapult-charizard
4,295,p1,0972,charizard-noctowl,1405,gholdengo-lunatone
4,296,tie,0863,dragapult-charizard,0815,n-zoroark
4,297,p1,0169,?,1369,dragapult-dusknoir
4,298,tie,0506,dragapult-dusknoir,1151,charizard-pidgeot
4,299,p2,0472,dragapult-dusknoir,1165,gardevoir-ex-sv
4,300,tie,0247,gardevoir-jellicent,0831,gholdengo-lunatone
4,301,tie,0298,gholdengo-lunatone,0052,n-zoroark
4,302,p1,0163,dragapult-dusknoir,0401,dragapult-charizard
4,303,p2,0942,charizard-noctowl,0720,dragapult-dusknoir
4,304,p2,0647,raging-bolt-ogerpon,1178,mega-venusaur-ex
4,305,tie,1173,raging-bolt-ogerpon,0438,ceruledge-ex
4,306,tie,0319,mega-absol-box,0995,grimmsnarl-froslass
4,307,p1,0523,dragapult-charizard,0313,grimmsnarl-froslass
4,308,p1,0566,dragapult-charizard,0347,gholdengo-lunatone
4,309,p1,0129,crustle-dri,0922,mega-absol-box
4,310,tie,0901,charizard-pidgeot,0009,crustle-dri
4,311,p1,1407,gholdengo-lunatone,0660,gholdengo-lunatone
4,312,tie,1416,n-zoroark,0617,gardevoir-ex-sv
4,313,p1,1184,dragapult-dusknoir,1377,flareon-noctowl
4,314,double_loss,0711,?,0073,?
4,315,p1,0556,grimmsnarl-froslass,0350,hops-trevenant
4,316,p1,0108,dragapult-dusknoir,0391,gardevoir-ex-sv
4,317,p2,0955,charizard-pidgeot,1062,dragapult-dusknoir
4,318,p1,0310,charizard-noctowl,1197,mega-absol-box
4,319,p2,0431,gholdengo-lunatone,0409,joltik-box
4,320,p2,1043,gholdengo-lunatone,0402,lucario-hariyama
4,321,p2,0275,gardevoir-ex-sv,0495,n-zoroark
4,322,p2,1341,ceruledge-ex,1299,n-zoroark
4,323,p2,0331,dragapult-dusknoir,0164,dragapult-dusknoir
4,324,p1,1366,gholdengo-lunatone,0634,dragapult-charizard
4,325,p1,1145,tera-box,0978,dragapult-dusknoir
4,326,p1,0541,mega-absol-box,1003,grimmsnarl-froslass
4,327,p1,0699,dragapult-dusknoir,1095,gardevoir-ex-sv
4,328,p1,0116,dragapult-dusknoir,0448,charizard-noctowl
4,329,p2,0057,grimmsnarl-froslass,1422,dragapult-dusknoir
4,330,p1,0254,joltik-box,0510,n-zoroark
4,331,p1,0333,charizard-pidgeot,1167,dragapult-dusknoir
4,332,p2,0444,dragapult-dusknoir,1329,gholdengo-lunatone
4,333,tie,0106,flareon-noctowl,1315,dragapult-dusknoir
4,334,p2,1418,n-zoroark,1362,raging-bolt-ogerpon
4,335,p1,0663,joltik-box,0858,n-zoroark
4,336,p1,0112,mega-absol-box,0789,grimmsnarl-froslass
4,337,p2,0008,dragapult-dusknoir,0988,raging-bolt-ogerpon
4,338,p2,0012,grimmsnarl-froslass,0252,grimmsnarl-froslass
4,339,p1,1005,froslass-munkidori,0195,charizard-pidgeot
4,340,p2,1160,ceruledge-ex,1396,alakazam-dudunsparce
4,341,p1,0875,dragapult-dusknoir,1278,hydrapple-ogerpon
4,342,p1,1357,dragapult-ex,1201,mega-absol-box
4,343,p1,1034,grimmsnarl-froslass,0332,raging-bolt-ogerpon
4,344,p1,0984,mega-absol-box,0043,n-zoroark
4,345,p1,0270,crustle-dri,0394,raging-bolt-ogerpon
4,346,p2,1006,mega-absol-box,0484,n-zoroark
4,347,p2,0410,dragapult-dusknoir,0671,froslass-munkidori
4,348,p1,1310,n-zoroark,0147,grimmsnarl-froslass
4,349,p1,0002,gardevoir-ex-sv,0635,alakazam-dudunsparce
4,350,p1,1271,raging-bolt-ogerpon,0741,dragapult-dusknoir
4,351,p2,1109,mega-venusaur-ex,0570,gardevoir-ex-sv
4,352,tie,0452,dragapult-dusknoir,1312,dragapult-dusknoir
4,353,p2,0670,dragapult-dusknoir,1016,gholdengo-lunatone
4,354,p1,0719,gholdengo-lunatone,1192,dragapult-dusknoir
4,355,p2,1387,rocket-mewtwo-ex,0579,mega-absol-box
4,356,tie,0190,ceruledge-ex,0774,gardevoir-ex-sv
4,357,p2,0501,raging-bolt-ogerpon,0191,ogerpon-meganium
4,358,p2,0890,n-zoroark,0125,n-zoroark
4,359,tie,0440,gholdengo-lunatone,0500,n-zoroark
4,360,tie,0096,ceruledge-ex,1343,grimmsnarl-froslass
4,361,p2,0867,mega-venusaur-ex,1266,rockets-honchkrow
4,362,p1,1209,gardevoir-jellicent,0728,n-zoroark
4,363,p2,1257,grimmsnarl-froslass,0630,dragapult-dusknoir
4,364,p2,0586,mega-venusaur-ex,0092,gholdengo-lunatone
4,365,tie,0327,raging-bolt-ogerpon,0341,charizard-noctowl
4,366,p2,1424,ceruledge-ex,1230,dragapult-dusknoir
4,367,tie,0895,dragapult-dusknoir,1334,gholdengo-lunatone
4,368,p1,0251,gardevoir-ex-sv,0771,rocket-mewtwo-ex
4,369,tie,0513,froslass-munkidori,1033,charizard-ex
4,370,tie,0305,ceruledge-ex,1131,charizard-noctowl
4,371,p2,0396,charizard-dusknoir,0023,gardevoir-jellicent
4,372,p1,1113,gholdengo-lunatone,0054,gholdengo-lunatone
4,373,tie,0146,dragapult-dusknoir,0364,froslass-munkidori
4,374,tie,0791,gholdengo-lunatone,0706,archaludon-dudunsparce
4,375,p1,0801,lucario-hariyama,0681,n-zoroark
4,376,p1,0143,n-zoroark,0952,charizard-noctowl
4,377,p1,0200,gholdengo-lunatone,0702,gholdengo-ex
4,378,p2,0565,n-zoroark,0962,grimmsnarl-froslass
4,379,p2,0817,n-zoroark,0017,gholdengo-joltik-box
4,380,p1,0181,n-zoroark,0898,gardevoir-ex-sv
4,381,p2,0573,gardevoir-ex-sv,1155,n-zoroark
4,382,p1,0366,dragapult-dusknoir,0279,grimmsnarl-froslass
4,383,p1,0601,mega-absol-box,1399,hops-trevenant
4,384,tie,0812,kangaskhan-bouffalant,0533,mega-absol-box
4,385,p2,1025,dragapult-dusknoir,0180,dragapult-charizard
4,386,p2,1157,dragapult-dusknoir,0236,ogerpon-meganium
4,387,p1,1303,grimmsnarl-froslass,1345,mega-lucario-ex
4,388,p1,0600,gholdengo-lunatone,1262,rocket-mewtwo-ex
4,389,p1,0951,n-zoroark,0170,archaludon-ex
4,390,p1,1185,conkeldurr-twm,1256,gardevoir-ex-sv
4,391,p1,1138,raging-bolt-ogerpon,0014,great-tusk-tef
4,392,p1,0571,rocket-mewtwo-ex,0285,dragapult-dusknoir
4,393,p2,1304,tera-box,0659,gardevoir-ex-sv
4,394,tie,0841,gholdengo-lunatone,0005,gholdengo-lunatone
4,395,p1,0419,charizard-noctowl,0971,mega-absol-box
4,396,p2,0416,tera-box,0552,dragapult-dusknoir
4,397,p1,0256,gardevoir-ex-sv,0574,rockets-honchkrow
4,398,p2,0031,joltik-box,0644,froslass-munkidori
4,399,p1,0640,grimmsnarl-froslass,0910,gholdengo-lunatone
4,400,p2,0554,gholdengo-ex,1298,charizard-noctowl
4,401,p2,1116,hydrapple-ex,0196,flareon-noctowl
4,402,p2,0899,mega-absol-box,0940,charizard-pidgeot
4,403,tie,0453,dragapult-dusknoir,0502,gardevoir-jellicent
4,404,p2,0439,alakazam-dudunsparce,1172,dragapult-charizard
4,405,p2,0018,joltik-box,0069,alakazam-dudunsparce
4,406,p2,0553,raging-bolt-ogerpon,0785,gardevoir-ex-sv
4,407,p1,1058,n-zoroark,0610,gardevoir-jellicent
4,408,p1,0641,slowking-scr,1308,charizard-pidgeot
4,409,p1,0614,gholdengo-lunatone,0046,joltik-box
4,410,p1,0862,n-zoroark,1163,gardevoir-ex-sv
4,411,p1,0934,joltik-box,0385,n-zoroark
4,412,p2,1374,froslass-munkidori,0480,tera-box
4,413,p1,0750,gholdengo-lunatone,0879,froslass-munkidori
4,414,p2,0618,grimmsnarl-froslass,0893,froslass-munkidori
4,415,p1,0865,palafin-ex,0499,slowking-scr
4,416,p1,1295,gardevoir-ex-sv,0405,charizard-pidgeot
4,417,p2,0979,charizard-noctowl,0498,grimmsnarl-froslass
4,418,p2,0074,gholdengo-lunatone,1093,?
4,419,p1,0020,n-zoroark,0807,raging-bolt-ogerpon
4,420,tie,0287,cynthia-garchomp-ex,0006,gardevoir-ex-sv
4,421,p2,0087,n-zoroark,1097,raging-bolt-ogerpon
4,422,tie,0981,grimmsnarl-froslass,0607,grimmsnarl-froslass
4,423,p1,1064,gardevoir-ex-sv,0336,alakazam-dudunsparce
4,424,p1,0939,dragapult-dusknoir,0372,mega-absol-box
4,425,p2,1381,dragapult-dusknoir,0870,kangaskhan-bouffalant
4,426,p1,1270,n-zoroark,1277,charizard-noctowl
4,427,p1,1288,alakazam-dudunsparce,0423,raging-bolt-ogerpon
4,428,p1,0799,dragapult-dusknoir,0040,dragapult-dusknoir
4,429,tie,0615,lopunny-dusknoir,1079,dragapult-dusknoir
4,430,tie,1344,gholdengo-lunatone,0700,festival-lead
4,431,tie,1281,marnie-grimmsnarl-ex,0105,charizard-noctowl
4,432,p2,0435,raging-bolt-ogerpon,0707,raging-bolt-ogerpon
4,433,tie,0131,dragapult-charizard,0485,dragapult-dusknoir
4,434,p2,1144,dragapult-dusknoir,0253,raging-bolt-ogerpon
4,435,p2,1441,alakazam-dudunsparce,0669,festival-lead
4,436,tie,1140,dragapult-dusknoir,1008,other
4,437,p1,0446,grimmsnarl-froslass,0013,dragapult-dusknoir
4,438,p2,1279,festival-lead,0240,dragapult-dusknoir
4,439,p2,1221,mega-absol-box,0486,dragapult-dusknoir
4,440,p1,1026,greninja-ex,0926,marnie-grimmsnarl-ex
4,441,tie,1382,n-zoroark,0529,grimmsnarl-froslass
4,442,p2,1306,charizard-noctowl,0907,froslass-munkidori
4,443,p1,1391,dragapult-dusknoir,0956,mega-absol-box
4,444,p2,0941,n-zoroark,1127,?
4,445,p1,1056,gholdengo-lunatone,0733,dragapult-dusknoir
4,446,tie,0406,mega-charizard-x-ex,0487,flareon-noctowl
4,447,p1,1067,raging-bolt-ogerpon,1397,dragapult-dusknoir
4,448,p2,0658,gardevoir-ex-sv,0977,gholdengo-lunatone
4,449,p1,1219,dragapult-dusknoir,0709,dragapult-charizard
4,450,p2,0963,ceruledge-ex,0113,gholdengo-lunatone
4,451,tie,1410,gholdengo-lunatone,0820,tera-box
4,452,p2,0885,n-zoroark,0434,gardevoir-ex-sv
4,453,p1,0937,n-zoroark,0983,gardevoir-ex-sv
4,454,p1,1412,grimmsnarl-froslass,0559,ceruledge-ex
4,455,p2,1122,grimmsnarl-froslass,0623,gholdengo-lunatone
4,456,p2,1179,gardevoir-ex-sv,0068,gholdengo-lunatone
4,457,p1,1019,cynthia-garchomp-ex,0798,mega-absol-box
4,458,p1,1068,festival-lead,0317,mega-absol-box
4,459,p2,0166,dragapult-charizard,0649,gholdengo-lunatone
4,460,p1,0337,raging-bolt-ogerpon,1390,grimmsnarl-froslass
4,461,p1,1085,dragapult-froslass,0032,raging-bolt-ogerpon
4,462,p2,1104,alakazam-dudunsparce,0638,dragapult-dusknoir
4,463,p2,0497,manectric-eelektrik,0526,charizard-noctowl
4,464,p2,1388,n-zoroark,1084,dragapult-dusknoir
4,465,p1,0420,alakazam-dudunsparce,0683,grimmsnarl-froslass
4,466,tie,0928,chien-pao-baxcalibur,1437,dragapult-dusknoir
4,467,tie,0996,grimmsnarl-froslass,1075,gholdengo-lunatone
4,468,p2,0606,grimmsnarl-froslass,0044,dragapult-dusknoir
4,469,p1,0787,grimmsnarl-froslass,0725,froslass-munkidori
4,470,p2,0245,charizard-noctowl,0206,raging-bolt-ogerpon
4,471,p2,0904,ceruledge-ex,0993,ceruledge-ex
4,472,p1,0894,dragapult-dusknoir,0974,dragapult-dusknoir
4,473,p2,1073,raging-bolt-ogerpon,0382,alakazam-dudunsparce
4,474,p1,0430,tera-box,0744,dragapult-dusknoir
4,475,p1,0527,grimmsnarl-froslass,0177,n-zoroark
4,476,p2,1040,mega-absol-box,0877,charizard-noctowl
4,477,p1,0961,raging-bolt-ogerpon,0868,dragapult-dusknoir
4,478,p1,0652,grimmsnarl-froslass,0682,n-zoroark
4,479,p2,0003,hop-zacian,1347,dragapult-dusknoir
4,480,p2,0490,gardevoir-ex-sv,0422,raging-bolt-ogerpon
4,481,p1,0476,gholdengo-lunatone,1283,flareon-noctowl
4,482,p2,0948,n-zoroark,0876,rocket-mewtwo-ex
4,483,tie,0946,mega-absol-box,0857,raging-bolt-ogerpon
4,484,tie,0478,n-zoroark,1199,mega-absol-box
4,485,p2,0714,festival-lead,1007,dragapult-charizard
4,486,p1,0429,greninja-ex,0748,gholdengo-lunatone
4,487,p2,0361,dragapult-charizard,1030,rockets-honchkrow
4,488,p1,0162,gholdengo-lunatone,0887,gardevoir-ex-sv
4,489,p2,0186,greninja-ex,1336,charizard-noctowl
4,490,p2,0351,dragapult-dusknoir,0189,n-zoroark
4,491,p1,0167,gholdengo-ex,0920,dragapult-dusknoir
4,492,p2,0230,slowking-scr,1316,ceruledge-ex
4,493,p2,1154,n-zoroark,0752,mega-absol-box
4,494,p1,1231,gholdengo-lunatone,0735,mega-venusaur-ex
4,495,p2,0536,dragapult-dusknoir,0281,greninja-ex
4,496,p2,0264,sharpedo-toxtricity,0648,ceruledge-ex
4,497,p1,0769,dragapult-dusknoir,0160,alakazam-dudunsparce
4,498,p2,0393,dragapult-dusknoir,0777,grimmsnarl-froslass
4,499,p2,0292,mega-absol-box,1052,dragapult-dusknoir
4,500,p2,0930,festival-lead,0643,grimmsnarl-froslass
4,501,p2,1017,gardevoir-ex-sv,1137,mega-absol-box
4,502,p2,0383,gholdengo-lunatone,0408,froslass-munkidori
4,503,p2,0151,mega-absol-box,0921,n-zoroark
4,504,p2,0036,raging-bolt-ogerpon,0418,dragapult-dusknoir
4,505,p1,1188,sharpedo-toxtricity,0365,dragapult-dusknoir
4,506,tie,0686,lucario-hariyama,1445,gholdengo-lunatone
4,507,p1,1038,gholdengo-lunatone,0224,kangaskhan-bouffalant
4,508,p2,0781,charizard-noctowl,0778,festival-lead
4,509,p2,0122,dragapult-charizard,0050,gholdengo-lunatone
4,510,tie,1222,grimmsnarl-froslass,0827,dragapult-charizard
4,511,p1,1171,gardevoir-ex-sv,0075,dragapult-dusknoir
4,512,p1,0140,joltik-box,0697,mega-absol-box
4,513,p1,0742,dragapult-charizard,0470,mega-absol-box
4,514,p2,0496,flareon-noctowl,0173,dragapult-dusknoir
4,515,p1,0625,joltik-box,0664,dragapult-dusknoir
4,516,p1,1252,gardevoir-ex-sv,0156,gardevoir-ex-sv
4,517,p1,1446,dragapult-dusknoir,0283,n-zoroark
4,518,p2,1087,tera-box,0957,n-zoroark
4,519,tie,0784,n-zoroark,0596,raging-bolt-ogerpon
4,520,p1,0668,gholdengo-lunatone,0853,alakazam-dudunsparce
4,521,tie,0587,charizard-noctowl,1089,dragapult-charizard
4,522,p2,1015,gardevoir-ex-sv,0436,gardevoir-ex-sv
4,523,p1,0986,dragapult-dusknoir,0130,ethan-typhlosion
4,524,p1,1317,ceruledge-ex,1444,dragapult-dusknoir
4,525,p2,0433,gholdengo-lunatone,0662,mega-absol-box
4,526,p2,0539,mega-lucario-ex,0258,charizard-pidgeot
4,527,p1,0537,gholdengo-ex,0850,mega-absol-box
4,528,p2,0932,gardevoir-ex-sv,1018,gholdengo-lunatone
4,529,p2,0836,n-zoroark,0109,n-zoroark
4,530,p1,0675,grimmsnarl-froslass,0062,gardevoir-ex-sv
4,531,tie,0400,gardevoir-ex-sv,1354,dragapult-dusknoir
4,532,p1,0989,festival-lead,0414,gardevoir-ex-sv
4,533,p2,0171,froslass-munkidori,1245,festival-lead
4,534,p1,1335,ceruledge-ex,1054,dragapult-dusknoir
4,535,p1,1050,charizard-noctowl,0100,raging-bolt-ogerpon
4,536,p1,0576,gholdengo-lunatone,0959,gardevoir-ex-sv
4,537,p1,0767,dragapult-dusknoir,0544,dragapult-dusknoir
4,538,p2,0107,gardevoir-ex-sv,1094,gholdengo-ex
4,539,p1,1100,dragapult-dusknoir,0145,dragapult-dusknoir
4,540,p1,0150,gardevoir-ex-sv,0304,alakazam-dudunsparce
4,541,p2,0532,gardevoir-ex-sv,1139,gardevoir-ex-sv
4,542,p1,1260,grimmsnarl-froslass,0362,dragapult-dusknoir
4,543,p1,1426,tera-box,0931,n-zoroark
4,544,p2,0839,gardevoir-ex-sv,0250,mega-absol-box
4,545,p2,0128,n-zoroark,1193,mega-venusaur-ex
4,546,p1,1376,gholdengo-lunatone,0646,dragapult-dusknoir
4,547,p2,0154,ceruledge-ex,0973,dragapult-dusknoir
4,548,p2,1434,dragapult-dusknoir,1159,cynthia-garchomp-ex
4,549,p1,1236,dragapult-dusknoir,0071,raging-bolt-ogerpon
4,550,p1,1108,gholdengo-lunatone,1287,lucario-hariyama
4,551,p2,0624,dragapult-dusknoir,0597,raging-bolt-ogerpon
4,552,p1,1009,dragapult-dusknoir,0612,charizard-noctowl
4,553,p2,1235,dragapult-dusknoir,1264,gardevoir-ex-sv
4,554,tie,0076,mega-absol-box,0225,festival-lead
4,555,p2,0342,dragapult-dusknoir,0736,festival-lead
4,556,p1,0721,grimmsnarl-froslass,0238,gholdengo-lunatone
4,557,p1,0676,n-zoroark,0209,charizard-noctowl
4,558,p2,0045,n-zoroark,0561,raging-bolt-ogerpon
4,559,p2,1126,cynthia-garchomp-ex,0936,froslass-munkidori
4,560,p1,0010,grimmsnarl-froslass,0515,charizard-noctowl
4,561,p2,0550,dragapult-dusknoir,0824,n-zoroark
4,562,p2,0455,n-zoroark,0889,n-zoroark
4,563,p2,0933,joltik-box,1342,gardevoir-ex-sv
4,564,p1,1124,gholdengo-lunatone,1386,grimmsnarl-froslass
4,565,tie,1117,alakazam-dudunsparce,0808,copperajah-ex
4,566,p2,0653,n-zoroark,0261,froslass-munkidori
4,567,p2,1421,dragapult-dusknoir,1132,gardevoir-jellicent
4,568,p1,0491,raging-bolt-ogerpon,0816,dragapult-dusknoir
4,569,p2,1346,gardevoir-ex-sv,0518,dragapult-charizard
4,570,p2,1332,ceruledge-ex,1149,grimmsnarl-froslass
4,571,p1,0083,grimmsnarl-froslass,0011,n-zoroark
4,572,p1,1103,n-zoroark,0379,n-zoroark
4,573,tie,0404,dragapult-dusknoir,1385,lucario-hariyama
4,574,p1,0489,flareon-noctowl,0796,cynthia-garchomp-ex
4,575,p2,0136,other,0182,gholdengo-lunatone
4,576,p2,0763,dragapult-dusknoir,0451,gardevoir-jellicent
4,577,p1,1217,dragapult-dusknoir,0126,raging-bolt-ogerpon
4,578,p1,1119,grimmsnarl-froslass,1060,gardevoir-jellicent
4,579,p2,0053,dragapult-ex,0517,raging-bolt-ogerpon
4,580,p1,0656,grimmsnarl-froslass,0456,raging-bolt-ogerpon
4,581,p2,1024,flareon-noctowl,0692,gardevoir-ex-sv
4,582,p2,1319,n-zoroark,1210,gholdengo-lunatone
4,583,p1,0897,toxtricity-pfl,1012,mega-absol-box
4,584,p2,0694,flareon-noctowl,0158,dragapult-dusknoir
4,585,tie,0033,froslass-munkidori,0443,gholdengo-lunatone
4,586,p2,0360,grimmsnarl-froslass,0056,grimmsnarl-froslass
4,587,p1,0915,gholdengo-lunatone,0274,gardevoir-ex-sv
4,588,p2,0322,lucario-hariyama,0909,ceruledge-ex
4,589,p2,1183,lucario-hariyama,1311,joltik-box
4,590,p2,0395,dragapult-charizard,1368,raging-bolt-ogerpon
4,591,p2,1203,charizard-pidgeot,0918,gardevoir-ex-sv
4,592,p1,1403,charizard-pidgeot,0441,gardevoir-ex-sv
4,593,p1,0085,gholdengo-lunatone,1248,gardevoir-ex-sv
4,594,p1,0220,grimmsnarl-froslass,1323,dragapult-dusknoir
4,595,p1,0426,mega-venusaur-ex,0562,gardevoir-jellicent
4,596,p1,0016,raging-bolt-ogerpon,0388,gholdengo-lunatone
4,597,p2,0794,dragapult-charizard,1065,rocket-mewtwo-ex
4,598,p2,1125,ceruledge-ex,1000,rocket-mewtwo-ex
4,599,p2,0015,mega-absol-box,1358,gardevoir-ex-sv
4,600,p2,1380,mega-charizard-x-ex,0026,raging-bolt-ogerpon
4,601,p2,0094,charizard-noctowl,0762,gardevoir-ex-sv
4,602,p2,0077,gholdengo-lunatone,0925,gholdengo-ex
4,603,p2,0060,alakazam-dudunsparce,1226,mega-absol-box
4,604,p1,0998,dragapult-dusknoir,0724,dragapult-dusknoir
4,605,p2,0583,grimmsnarl-froslass,0376,dragapult-dusknoir
4,606,p1,0508,dragapult-charizard,1129,charizard-pidgeot
4,607,p2,0212,gardevoir-ex-sv,0520,raging-bolt-ogerpon
4,608,tie,0353,gardevoir-ex-sv,0134,alakazam-meg
4,609,p2,0838,festival-lead,1289,joltik-box
4,610,p1,0555,dragapult-charizard,0582,dragapult-dusknoir
4,611,tie,0512,raging-bolt-ogerpon,0916,dragapult-charizard
4,612,p2,0773,dragapult-dusknoir,0516,mega-absol-box
4,613,p1,0124,dragapult-dusknoir,0278,gholdengo-lunatone
4,614,p2,0878,alakazam-dudunsparce,0272,dragapult-dusknoir
4,615,p2,1402,mega-absol-box,1098,dragapult-dusknoir
4,616,p2,1001,grimmsnarl-froslass,1099,raging-bolt-ogerpon
4,617,p2,0222,slowking-scr,0070,greninja-ex
4,618,p2,1371,grimmsnarl-froslass,0157,alakazam-dudunsparce
4,619,p1,0411,froslass-munkidori,0133,ethan-typhlosion
4,620,p2,0135,gardevoir-jellicent,0687,mega-absol-box
4,621,p2,0732,gardevoir-ex-sv,0703,charizard-pidgeot
4,622,p1,0101,raging-bolt-ogerpon,0859,ceruledge-ex
4,623,p1,0825,froslass-munkidori,0055,hydreigon-ex
4,624,p1,0585,dragapult-dusknoir,0474,ceruledge-ex
4,625,p2,0802,n-zoroark,0690,tera-box
4,626,p2,0723,grimmsnarl-froslass,1440,gholdengo-lunatone
4,627,p2,0633,n-zoroark,0595,n-zoroark
4,628,p2,1118,dragapult-charizard,0622,dragapult-charizard
4,629,p1,1057,kangaskhan-bouffalant,0494,gholdengo-lunatone
4,630,p1,0284,alakazam-dudunsparce,1233,raging-bolt-ogerpon
4,631,p1,1351,n-zoroark,1301,gholdengo-lunatone
4,632,p1,1061,alakazam-dudunsparce,1338,crustle-dri
4,633,tie,1152,gholdengo-lunatone,0239,dragapult-dusknoir
4,634,p1,0766,dragapult-dusknoir,0755,gholdengo-lunatone
4,635,p1,0528,mega-absol-box,0514,mega-gengar-ex
4,636,p2,0604,dragapult-dusknoir,1200,mega-absol-box
4,637,tie,0316,gardevoir-ex-sv,1414,n-zoroark
4,638,p1,0715,dragapult-dusknoir,1088,dragapult-dusknoir
4,639,tie,0204,charizard-noctowl,1110,raging-bolt-ogerpon
4,640,p2,1136,gholdengo-lunatone,1107,froslass-munkidori
4,641,p2,0324,mega-venusaur-ex,1051,mega-venusaur-ex
4,642,p1,0021,dragapult-dusknoir,0293,n-zoroark
4,643,p1,1218,dragapult-charizard,0199,n-zoroark
4,644,p2,1296,ogerpon-meganium,0481,flareon-noctowl
4,645,p2,0306,rocket-mewtwo-ex,0854,gholdengo-lunatone
4,646,p1,0386,rocket-mewtwo-ex,1059,dragapult-dusknoir
4,647,p1,1367,kangaskhan-bouffalant,1313,flareon-ex
4,648,p2,0066,dragapult-ex,0768,dragapult-dusknoir
4,649,p1,0329,joltik-box,0172,raging-bolt-ogerpon
4,650,p1,1409,dragapult-dusknoir,0301,mega-venusaur-ex
4,651,p2,1121,charizard-ex,0311,gholdengo-lunatone
4,652,p2,0913,raging-bolt-ogerpon,0449,mega-absol-box
4,653,p1,0214,n-zoroark,0695,gholdengo-lunatone
4,654,p1,0415,charizard-pidgeot,0577,charizard-pidgeot
4,655,p1,1215,n-zoroark,1393,gardevoir-ex-sv
4,656,p1,0717,crustle-dri,0965,dragapult-dusknoir
4,657,p2,1239,dragapult-dusknoir,0138,charizard-pidgeot
4,658,p1,0842,dragapult-dusknoir,0098,greninja-ex
4,659,p1,0833,ho-oh-armarouge,0943,rockets-honchkrow
4,660,p2,0864,ho-oh-armarouge,0161,grimmsnarl-froslass
4,661,p1,0273,dragapult-dusknoir,0758,n-zoroark
4,662,p2,1443,gardevoir-ex-sv,0458,mega-absol-box
4,663,p2,1177,kangaskhan-forretress,0358,dragapult-dusknoir
4,664,p1,0651,dragapult-dusknoir,0935,mega-charizard-x-ex
4,665,tie,0227,dragapult-dusknoir,0080,ceruledge-ex
4,666,p1,0344,grimmsnarl-froslass,0093,gardevoir-ex-sv
4,667,p1,0567,iron-hands-magneton,0793,froslass-munkidori
4,668,p2,1035,hydrapple-ogerpon,0954,mega-absol-box
4,669,p2,0696,gholdengo-lunatone,0248,flareon-noctowl
4,670,p2,0389,dragapult-dusknoir,1294,festival-lead
4,671,p1,0923,rocket-mewtwo-ex,1091,dragapult-dusknoir
4,672,tie,0447,flareon-noctowl,0104,sharpedo-toxtricity
4,673,p2,0540,gardevoir-jellicent,0593,n-zoroark
4,674,p1,1046,alakazam-dudunsparce,1228,lopunny-dusknoir
4,675,p1,0666,mega-absol-box,0759,other
4,676,p2,0377,flareon-noctowl,1205,manectric-eelektrik
4,677,p1,0821,ceruledge-ex,1300,mega-absol-box
4,678,p1,0994,cynthia-garchomp-ex,1246,charizard-noctowl
4,679,p1,0464,azumarill-ssp,0892,charizard-pidgeot
4,680,p1,0465,stevens-metagross,0038,mega-venusaur-ex
4,681,p1,1077,gardevoir-jellicent,1327,dragapult-dusknoir
4,682,p1,0188,charizard-noctowl,0176,gholdengo-lunatone
4,683,p1,1232,alakazam-dudunsparce,0276,mega-venusaur-ex
4,684,p1,1070,n-zoroark,0369,gardevoir-ex-sv
4,685,p1,0779,mega-absol-box,0708,dragapult-dusknoir
4,686,p2,0217,raging-bolt-ogerpon,0896,charizard-noctowl
4,687,tie,1182,gardevoir-jellicent,1176,alakazam-dudunsparce
4,688,tie,0363,crustle-dri,0564,mega-lopunny-ex
4,689,p1,1213,n-zoroark,0165,alakazam-dudunsparce
4,690,p2,0462,dragapult-dusknoir,1318,gardevoir-jellicent
4,691,p2,0950,gardevoir-ex-sv,0754,alakazam-dudunsparce
4,692,p1,0202,gardevoir-ex-sv,0384,rockets-honchkrow
4,693,p2,1254,dragapult-dusknoir,1049,alakazam-dudunsparce
4,694,p1,0804,n-zoroark,0569,gardevoir-ex-sv
4,695,p1,1363,dragapult-dusknoir,0844,alakazam-meg
4,696,p2,0417,charizard-pidgeot,0591,kangaskhan-bouffalant
4,697,p1,1013,ogerpon-meganium,1081,dragapult-dusknoir
4,698,p1,1285,mega-lucario-ex,0776,toxtricity-box
4,699,tie,0244,dragapult-dusknoir,0975,gardevoir-jellicent
4,700,p1,0152,dragapult-dusknoir,0241,dragapult-charizard
4,701,p2,0557,gardevoir-ex-sv,0698,dragapult-charizard
4,702,p1,1162,lucario-hariyama,0830,hydrapple-ogerpon
4,703,tie,0788,gardevoir-ex-sv,1032,gholdengo-lunatone
4,704,p2,0352,hop-zacian,0325,dragapult-dusknoir
4,705,p1,1291,dragapult-dusknoir,1238,gholdengo-lunatone
4,706,p2,0194,roaring-moon-ex,1196,n-zoroark
4,707,p1,0531,charizard-noctowl,0677,gholdengo-lunatone
4,708,p1,0117,mega-absol-box,0602,flareon-noctowl
4,709,p1,0522,raging-bolt-ogerpon,0479,froslass-munkidori
4,756,tie,1275,alakazam-dudunsparce,0028,?
4,757,p1,1225,alakazam-dudunsparce,1425,charizard-noctowl
4,758,p1,1427,grimmsnarl-froslass,1045,n-zoroark
4,759,p1,1439,n-zoroark,1307,dragapult-charizard
4,760,p1,0987,dragapult-dusknoir,1430,festival-lead
4,761,p2,1431,froslass-munkidori,1355,mega-absol-box
4,762,p1,1433,alakazam-dudunsparce,0919,dragapult-dusknoir
5,1,p1,0368,dragapult-dusknoir,0761,joltik-box
5,2,p1,0380,joltik-box,0938,grimmsnarl-froslass
5,3,p2,0178,charizard-noctowl,0255,dragapult-dusknoir
5,4,p1,0291,dragapult-dusknoir,0688,dragapult-dusknoir
5,5,p1,1282,gardevoir-ex-sv,0471,gardevoir-ex-sv
5,6,p2,1175,n-zoroark,0407,joltik-box
5,7,tie,0929,alakazam-dudunsparce,0004,ho-oh-armarouge
5,8,tie,0432,grimmsnarl-froslass,1031,gholdengo-lunatone
5,9,p1,0980,tera-box,0282,gholdengo-lunatone
5,10,p2,0024,n-zoroark,1161,grimmsnarl-froslass
5,11,tie,0747,grimmsnarl-froslass,0079,joltik-box
5,12,p1,0226,dragapult-dusknoir,0099,charizard-noctowl
5,13,p2,0558,pidgeot-control,1123,grimmsnarl-froslass
5,14,p2,0505,dragapult-charizard,1292,mega-absol-box
5,15,p1,0608,n-zoroark,1413,gardevoir-ex-sv
5,16,p2,0289,dragapult-dusknoir,0193,lucario-hariyama
5,17,tie,0216,joltik-box,0030,dragapult-dusknoir
5,18,p1,0811,gholdengo-lunatone,0249,dragapult-dusknoir
5,19,tie,0960,gholdengo-lunatone,0535,lucario-hariyama
5,20,p1,0242,charizard-pidgeot,0067,froslass-munkidori
5,21,p1,0672,mega-absol-box,1361,dragapult-charizard
5,22,p2,1365,rockets-honchkrow,1071,joltik-box
5,23,p2,0297,charizard-noctowl,1417,froslass-munkidori
5,24,tie,1042,froslass-munkidori,0770,ceruledge-ex
5,25,tie,0642,crustle-dri,0657,hydrapple-ogerpon
5,26,p1,1349,mega-absol-box,1022,ceruledge-ex
5,27,p2,0049,festival-lead,0511,gholdengo-lunatone
5,28,tie,1195,grimmsnarl-froslass,1324,dragapult-dusknoir
5,29,p1,0786,grimmsnarl-froslass,0866,kangaskhan-bouffalant
5,30,p1,1290,grimmsnarl-froslass,0872,tera-box
5,31,p1,0064,grimmsnarl-froslass,0549,grimmsnarl-froslass
5,32,tie,1037,raging-bolt-ogerpon,1398,rockets-honchkrow
5,33,p2,0421,archaludon-ex,1255,gholdengo-lunatone
5,34,p2,1010,froslass-munkidori,0823,ceruledge-ex
5,35,p1,0120,dragapult-dusknoir,0457,cynthia-garchomp-ex
5,36,p2,1111,grimmsnarl-froslass,0259,gholdengo-lunatone
5,37,p1,1330,dragapult-dusknoir,0072,dragapult-dusknoir
5,38,p1,0210,gholdengo-lunatone,0966,n-zoroark
5,39,p2,0228,n-zoroark,0338,manectric-eelektrik
5,40,p2,0545,dragapult-dusknoir,1158,gholdengo-lunatone
5,41,p1,1189,dragapult-dusknoir,1168,grimmsnarl-froslass
5,42,p1,1128,joltik-box,1164,raging-bolt-ogerpon
5,43,p1,0810,froslass-munkidori,0847,charizard-noctowl
5,44,p2,0621,?,0019,grimmsnarl-froslass
5,45,p2,0123,dragapult-dusknoir,1240,gholdengo-lunatone
5,46,tie,0102,crustle-dri,0356,gholdengo-lunatone
5,47,p2,0061,mega-absol-box,0902,gholdengo-lunatone
5,48,p2,1250,froslass-munkidori,0229,dragapult-dusknoir
5,49,tie,0886,dragapult-dusknoir,0357,crustle-dri
5,50,p2,0976,dragapult-dusknoir,0599,mega-absol-box
5,51,p1,0174,dragapult-dusknoir,1269,froslass-munkidori
5,52,p1,1378,gardevoir-ex-sv,0025,crustle-dri
5,53,p1,0271,grimmsnarl-froslass,1400,roaring-moon-dudunsparce
5,54,p2,0765,grimmsnarl-froslass,0088,grimmsnarl-froslass
5,55,p1,0175,gardevoir-ex-sv,0084,mega-lucario-ex
5,56,tie,0845,gardevoir-ex-sv,0089,alakazam-dudunsparce
5,57,p2,0345,mega-absol-box,0424,slowking-scr
5,58,tie,0208,gardevoir-ex-sv,0637,dragapult-blaziken
5,59,tie,0563,dragapult-dusknoir,1325,raging-bolt-ogerpon
5,60,p1,1214,raging-bolt-ogerpon,1011,dragapult-charizard
5,61,p1,0051,raging-bolt-ogerpon,1105,dragapult-dusknoir
5,62,p1,0674,slowking-scr,0654,charizard-noctowl
5,63,p1,0155,dragapult-dusknoir,0729,dragapult-dusknoir
5,64,p1,0504,alakazam-dudunsparce,0790,grimmsnarl-froslass
5,65,p2,0437,raging-bolt-ogerpon,0266,gholdengo-joltik-box
5,66,p1,0828,dragapult-dusknoir,1404,n-zoroark
5,67,p1,0221,joltik-box,1083,dragapult-charizard
5,68,p2,1253,dragapult-dusknoir,0141,joltik-box
5,69,p2,0837,dragapult-dusknoir,1194,grimmsnarl-froslass
5,70,p2,1041,gholdengo-lunatone,1350,crustle-dri
5,71,tie,0201,gholdengo-lunatone,1082,gholdengo-lunatone
5,72,p1,0746,ceruledge-ex,0843,dragapult-dusknoir
5,73,tie,0309,gholdengo-lunatone,0374,gholdengo-joltik-box
5,74,tie,0616,dragapult-dusknoir,0267,gardevoir-ex-sv
5,75,tie,0277,raging-bolt-ogerpon,0716,dragapult-dusknoir
5,76,p2,0881,lucario-hariyama,0530,dragapult-dusknoir
5,77,p1,0882,ceruledge-ex,0473,dragapult-dusknoir
5,78,p1,1130,dragapult-dusknoir,1080,joltik-box
5,79,p2,0560,gardevoir-ex-sv,1286,joltik-box
5,80,p2,0997,grimmsnarl-froslass,0639,n-zoroark
5,81,p2,1379,rocket-mewtwo-ex,1251,froslass-munkidori
5,82,p1,0346,mega-absol-box,1364,mega-absol-box
5,83,p2,1086,dragapult-dusknoir,0237,dragapult-dusknoir
5,84,p1,1284,alakazam-dudunsparce,0121,raging-bolt-ogerpon
5,85,p1,1074,gholdengo-lunatone,0908,dragapult-charizard
5,86,p1,0594,ceruledge-ex,0399,dragapult-dusknoir
5,87,p1,1321,gholdengo-lunatone,0390,n-zoroark
5,88,tie,1223,mega-absol-box,1309,crustle-dri
5,89,p2,0467,gardevoir-ex-sv,0290,grimmsnarl-froslass
5,90,p2,1340,n-zoroark,0757,festival-lead
5,91,p1,0185,dragapult-dusknoir,0819,crustle-dri
5,92,tie,1072,froslass-munkidori,0813,dragapult-charizard
5,93,p2,1276,crustle-dri,0874,raging-bolt-ogerpon
5,94,p2,0712,n-zoroark,0883,grimmsnarl-froslass
5,95,p1,1020,dragapult-dusknoir,0991,cynthia-garchomp-ex
5,96,p2,1044,raging-bolt-ogerpon,0949,dragapult-dusknoir
5,97,p2,1392,crustle-dri,0168,grimmsnarl-froslass
5,98,p1,0268,crustle-dri,0860,cynthia-garchomp-ex
5,99,p1,0367,alakazam-dudunsparce,0142,dragapult-dusknoir
5,100,p1,0477,gholdengo-lunatone,1375,gardevoir-ex-sv
5,101,p1,1027,dragapult-dusknoir,0296,gardevoir-ex-sv
5,102,p2,1225,alakazam-dudunsparce,1258,dragapult-dusknoir
5,103,tie,0115,grimmsnarl-froslass,1432,gardevoir-ex-sv
5,104,p1,0215,n-zoroark,0192,charizard-noctowl
5,105,p2,0534,dragapult-dusknoir,1211,?
5,106,p2,0685,festival-lead,1198,gholdengo-lunatone
5,107,p1,0650,mega-froslass-ex,0722,dragapult-dusknoir
5,108,tie,1146,n-zoroark,0509,manectric-eelektrik
5,109,p1,0598,n-zoroark,0507,grimmsnarl-froslass
5,110,p1,0091,raging-bolt-ogerpon,0835,flareon-noctowl
5,111,p1,0751,mega-absol-box,0903,charizard-pidgeot
5,112,p1,0187,raging-bolt-ogerpon,0661,raging-bolt-ogerpon
5,113,tie,1423,grimmsnarl-froslass,0343,gardevoir-ex-sv
5,114,tie,1187,dragapult-charizard,0454,dragapult-charizard
5,115,tie,1169,joltik-box,0551,gholdengo-lunatone
5,116,tie,1134,n-zoroark,0314,raging-bolt-ogerpon
5,117,tie,1029,dragapult-dusknoir,0701,gholdengo-lunatone
5,118,p2,0832,dragapult-dusknoir,1373,joltik-box
5,119,p2,0493,crustle-dri,0211,dragapult-dusknoir
5,120,p1,0737,grimmsnarl-froslass,1147,gardevoir-ex-sv
5,121,p1,0463,alakazam-meg,0684,mega-absol-box
5,122,p1,0905,raging-bolt-ogerpon,1120,charizard-noctowl
5,123,p1,0521,gholdengo-lunatone,0645,gholdengo-lunatone
5,124,p2,1227,dragapult-dusknoir,0359,gholdengo-lunatone
5,125,p1,0572,dragapult-dusknoir,0999,n-zoroark
5,126,tie,1429,gardevoir-ex-sv,0294,dragapult-dusknoir
5,127,tie,0132,grimmsnarl-froslass,0829,grimmsnarl-froslass
5,128,p2,0007,n-zoroark,0349,gardevoir-ex-sv
5,129,p1,0880,charizard-noctowl,0233,rocket-mewtwo-ex
5,130,p1,1265,froslass-munkidori,0584,?
5,131,p2,0775,n-zoroark,0219,gholdengo-lunatone
5,132,p1,0888,grimmsnarl-froslass,0538,dragapult-dusknoir
5,133,tie,1186,raging-bolt-ogerpon,0691,grimmsnarl-froslass
5,134,p1,0078,gholdengo-lunatone,1076,dragapult-dusknoir
5,135,p1,1356,?,0524,gholdengo-lunatone
5,136,p1,1394,gholdengo-lunatone,1069,froslass-munkidori
5,137,p2,0203,n-zoroark,1267,n-zoroark
5,138,tie,0588,charizard-noctowl,0792,charizard-noctowl
5,139,p1,1208,froslass-munkidori,1247,gardevoir-jellicent
5,140,p1,0483,gholdengo-lunatone,1039,charizard-pidgeot
5,141,p1,0198,grimmsnarl-froslass,1359,charizard-noctowl
5,142,tie,0906,gholdengo-lunatone,0795,dragapult-dusknoir
5,143,p1,0234,rocket-mewtwo-ex,1063,n-zoroark
5,144,p2,0231,dragapult-dusknoir,0286,grimmsnarl-froslass
5,145,p1,0412,mega-absol-box,0917,gardevoir-ex-sv
5,146,p1,1066,n-zoroark,0693,mega-absol-box
5,147,p2,1143,n-zoroark,0772,ethan-typhlosion
5,148,p1,0398,dragapult-dusknoir,0855,gholdengo-lunatone
5,149,p2,0042,raging-bolt-ogerpon,0590,dragapult-dusknoir
5,150,p2,0263,charizard-pidgeot,1370,raging-bolt-ogerpon
5,151,p1,0601,mega-absol-box,1185,conkeldurr-twm
5,152,p2,1339,dragapult-dusknoir,1310,n-zoroark
5,153,tie,0620,grimmsnarl-froslass,0579,mega-absol-box
5,154,p1,0600,gholdengo-lunatone,0834,dragapult-dusknoir
5,155,tie,0484,n-zoroark,1237,tera-box
5,156,tie,0940,charizard-pidgeot,0191,ogerpon-meganium
5,157,tie,0631,charizard-pidgeot,1155,n-zoroark
5,158,p2,0552,dragapult-dusknoir,1053,dragapult-dusknoir
5,159,p2,0312,mega-lucario-ex,0254,joltik-box
5,160,p2,0381,poison-archaludon,0252,grimmsnarl-froslass
5,161,p1,1298,charizard-noctowl,1438,gardevoir-ex-sv
5,162,tie,1329,gholdengo-lunatone,0144,ceruledge-ex
5,163,p1,1135,ceruledge-ex,1326,grimmsnarl-froslass
5,164,p1,1396,alakazam-dudunsparce,0713,mega-lucario-ex
5,165,p1,0659,gardevoir-ex-sv,1362,raging-bolt-ogerpon
5,166,p1,0673,gardevoir-ex-sv,0636,joltik-box
5,167,p1,1190,alakazam-dudunsparce,1407,gholdengo-lunatone
5,168,p1,0108,dragapult-dusknoir,0427,dragapult-dusknoir
5,169,tie,0159,festival-lead,0570,gardevoir-ex-sv
5,170,p1,0912,dragapult-charizard,0671,froslass-munkidori
5,171,p1,1229,dragapult-dusknoir,0571,rocket-mewtwo-ex
5,172,tie,1303,grimmsnarl-froslass,0069,alakazam-dudunsparce
5,173,p1,0480,tera-box,0927,dragapult-dusknoir
5,174,tie,0969,dragapult-dusknoir,0523,dragapult-charizard
5,175,p1,0581,dragapult-dusknoir,0235,dragapult-dusknoir
5,176,tie,0644,froslass-munkidori,0461,flareon-noctowl
5,177,p2,0972,charizard-noctowl,0731,n-zoroark
5,178,p1,1036,gardevoir-ex-sv,0445,?
5,179,tie,0609,grimmsnarl-froslass,1034,grimmsnarl-froslass
5,180,p2,1244,dragapult-dusknoir,0990,gardevoir-ex-sv
5,181,p1,0243,gholdengo-lunatone,0865,palafin-ex
5,182,p1,0663,joltik-box,0630,dragapult-dusknoir
5,183,tie,0419,charizard-noctowl,1230,dragapult-dusknoir
5,184,p1,1004,gardevoir-ex-sv,1165,gardevoir-ex-sv
5,185,p2,0333,charizard-pidgeot,0164,dragapult-dusknoir
5,186,p1,0425,dragapult-dusknoir,0180,dragapult-charizard
5,187,p2,0326,raging-bolt-ogerpon,0373,charizard-pidgeot
5,188,p2,1062,dragapult-dusknoir,1366,gholdengo-lunatone
5,189,p2,0541,mega-absol-box,1271,raging-bolt-ogerpon
5,190,tie,1178,mega-venusaur-ex,0568,dragapult-dusknoir
5,191,p2,1408,ceruledge-ex,0409,joltik-box
5,192,p1,0047,dragapult-dusknoir,0095,gardevoir-jellicent
5,193,p1,0218,gardevoir-ex-sv,0366,dragapult-dusknoir
5,194,p1,0269,dragapult-dusknoir,1145,tera-box
5,195,p2,0308,gholdengo-lunatone,0547,gholdengo-lunatone
5,196,p1,0302,froslass-munkidori,1234,charizard-noctowl
5,197,p1,0970,dragapult-charizard,1266,rockets-honchkrow
5,198,p2,1096,?,0092,gholdengo-lunatone
5,199,tie,0116,dragapult-dusknoir,0354,grimmsnarl-froslass
5,200,p1,0734,gholdengo-lunatone,0236,ogerpon-meganium
5,201,p2,0260,n-zoroark,0958,festival-lead
5,202,p1,1272,ursaluna-lunatone,0184,ceruledge-ex
5,203,p1,0307,dragapult-dusknoir,1106,charizard-noctowl
5,204,p2,0951,n-zoroark,1138,raging-bolt-ogerpon
5,205,tie,0270,crustle-dri,1411,grimmsnarl-froslass
5,206,p2,1299,n-zoroark,1172,dragapult-charizard
5,207,p1,1102,charizard-noctowl,0852,ceruledge-ex
5,208,p1,0310,charizard-noctowl,0750,gholdengo-lunatone
5,209,p2,0328,alakazam-dudunsparce,0764,grimmsnarl-froslass
5,210,p2,0299,dragapult-dusknoir,0265,raging-bolt-ogerpon
5,211,tie,0065,ceruledge-ex,1170,charizard-noctowl
5,212,p2,0488,dragapult-charizard,1113,gholdengo-lunatone
5,213,p1,1353,gardevoir-ex-sv,1184,dragapult-dusknoir
5,214,p1,1328,tera-box,1268,grimmsnarl-froslass
5,215,p1,1355,mega-absol-box,0081,mega-absol-box
5,216,p1,0027,n-zoroark,0495,n-zoroark
5,217,tie,0196,flareon-noctowl,1295,gardevoir-ex-sv
5,218,tie,0705,gardevoir-ex-sv,1141,grimmsnarl-froslass
5,219,tie,1058,n-zoroark,1133,grimmsnarl-froslass
5,220,tie,0112,mega-absol-box,0875,dragapult-dusknoir
5,221,p1,0689,n-zoroark,0566,dragapult-charizard
5,222,p1,0442,palafin-ex,0556,grimmsnarl-froslass
5,223,p1,0803,raging-bolt-ogerpon,1428,grimmsnarl-froslass
5,224,p2,0720,dragapult-dusknoir,0129,crustle-dri
5,225,p2,0017,gholdengo-joltik-box,0169,?
5,226,p1,1202,n-zoroark,0862,n-zoroark
5,227,p1,1280,dragapult-dusknoir,1005,froslass-munkidori
5,228,p2,0339,dragapult-dusknoir,0727,froslass-munkidori
5,229,p1,0002,gardevoir-ex-sv,0801,lucario-hariyama
5,230,p2,0992,dragapult-dusknoir,1002,n-zoroark
5,231,p2,0321,ceruledge-ex,0934,joltik-box
5,232,p1,0699,dragapult-dusknoir,0200,gholdengo-lunatone
5,233,p1,0613,grimmsnarl-froslass,0826,n-zoroark
5,234,p2,0740,froslass-munkidori,1333,grimmsnarl-froslass
5,235,p1,0962,grimmsnarl-froslass,0257,crustle-dri
5,236,tie,0679,n-zoroark,1352,charizard-noctowl
5,237,p1,1115,gholdengo-lunatone,1314,ceruledge-ex
5,238,p2,0023,gardevoir-jellicent,0288,festival-lead
5,239,p2,0785,gardevoir-ex-sv,1148,gholdengo-lunatone
5,240,p2,0614,gholdengo-lunatone,0320,raging-bolt-ogerpon
5,241,tie,0575,grimmsnarl-froslass,0387,grimmsnarl-froslass
5,242,p1,0893,froslass-munkidori,0251,gardevoir-ex-sv
5,243,p1,0143,n-zoroark,0783,gardevoir-ex-sv
5,244,tie,0149,mega-absol-box,0413,dragapult-dusknoir
5,245,p1,0640,grimmsnarl-froslass,0163,dragapult-dusknoir
5,246,p1,0848,dragapult-blaziken,0726,dragapult-dusknoir
5,247,p1,0262,froslass-munkidori,1422,dragapult-dusknoir
5,248,p1,0988,raging-bolt-ogerpon,0884,dragapult-dusknoir
5,249,p1,0519,dragapult-dusknoir,1142,grimmsnarl-froslass
5,250,p1,0318,other,1357,dragapult-ex
5,251,tie,0719,gholdengo-lunatone,1241,gardevoir-ex-sv
5,252,p2,1384,froslass-munkidori,0814,n-zoroark
5,253,tie,0125,n-zoroark,0627,grimmsnarl-froslass
5,254,p2,1101,cynthia-garchomp-ex,0619,gholdengo-lunatone
5,255,p2,0641,slowking-scr,0984,mega-absol-box
5,256,p1,0110,mega-absol-box,1209,gardevoir-jellicent
5,257,tie,0256,gardevoir-ex-sv,0846,ursaluna-lunatone
5,258,p2,0402,lucario-hariyama,0611,froslass-munkidori
5,259,p1,1090,gholdengo-lunatone,1191,raging-bolt-ogerpon
5,260,p1,0849,dragapult-dusknoir,1016,gholdengo-lunatone
5,261,p2,1336,charizard-noctowl,1056,gholdengo-lunatone
5,262,p2,1188,sharpedo-toxtricity,0044,dragapult-dusknoir
5,263,p2,0355,dragapult-dusknoir,0707,raging-bolt-ogerpon
5,264,p1,0189,n-zoroark,0213,dragapult-dusknoir
5,265,p1,0114,gholdengo-lunatone,0118,n-zoroark
5,266,p2,0597,raging-bolt-ogerpon,1092,gardevoir-ex-sv
5,267,p2,0914,festival-lead,1204,dragapult-charizard
5,268,p1,1395,festival-lead,1249,gholdengo-lunatone
5,269,tie,0498,grimmsnarl-froslass,0953,ceruledge-ex
5,270,p1,0418,dragapult-dusknoir,1019,cynthia-garchomp-ex
5,271,p2,0466,n-zoroark,1435,dragapult-dusknoir
5,272,p1,0111,tera-box,0756,grimmsnarl-froslass
5,273,p2,0148,dragapult-dusknoir,1391,dragapult-dusknoir
5,274,p1,0103,raging-bolt-ogerpon,0375,dragapult-dusknoir
5,275,p1,1021,dragapult-dusknoir,1442,rockets-honchkrow
5,276,p1,0546,n-zoroark,0603,dragapult-dusknoir
5,277,p2,1406,raging-bolt-ogerpon,0446,grimmsnarl-froslass
5,278,p1,1180,gholdengo-lunatone,0253,raging-bolt-ogerpon
5,279,p2,0985,lopunny-dusknoir,0753,dragapult-dusknoir
5,280,p1,1376,gholdengo-lunatone,0877,charizard-noctowl
5,281,p1,0207,n-zoroark,0167,gholdengo-ex
5,282,p2,1078,n-zoroark,1174,tera-box
5,283,p1,0119,grimmsnarl-froslass,1316,ceruledge-ex
5,284,p1,1335,ceruledge-ex,1219,dragapult-dusknoir
5,285,p2,0944,lucario-hariyama,0840,dragapult-dusknoir
5,286,p2,1097,raging-bolt-ogerpon,1317,ceruledge-ex
5,287,tie,0428,ceruledge-ex,0973,dragapult-dusknoir
5,288,p1,0967,dragapult-dusknoir,0989,festival-lead
5,289,p1,0050,gholdengo-lunatone,0434,gardevoir-ex-sv
5,290,tie,0777,grimmsnarl-froslass,0623,gholdengo-lunatone
5,291,p2,0809,n-zoroark,0197,froslass-munkidori
5,292,p2,1288,alakazam-dudunsparce,0778,festival-lead
5,293,tie,0605,gardevoir-ex-sv,0871,okidogi-ex
5,294,tie,1084,dragapult-dusknoir,0526,charizard-noctowl
5,295,p2,0109,n-zoroark,0223,dragapult-dusknoir
5,296,tie,0068,gholdengo-lunatone,0576,gholdengo-lunatone
5,297,tie,0459,n-zoroark,0977,gholdengo-lunatone
5,298,p1,1050,charizard-noctowl,0589,charizard-noctowl
5,299,tie,0258,charizard-pidgeot,0280,alakazam-meg
5,300,p2,1206,gholdengo-lunatone,0468,n-zoroark
5,301,tie,0745,greninja-blaziken,0335,gardevoir-ex-sv
5,302,p1,0649,gholdengo-lunatone,0250,mega-absol-box
5,303,p2,0543,grimmsnarl-froslass,0037,mega-absol-box
5,304,p1,1094,gholdengo-ex,1026,greninja-ex
5,305,p1,0205,festival-lead,1426,tera-box
5,306,tie,0870,kangaskhan-bouffalant,0001,mega-absol-box
5,307,p1,0625,joltik-box,0876,rocket-mewtwo-ex
5,308,tie,0668,gholdengo-lunatone,0137,mega-absol-box
5,309,p2,0382,alakazam-dudunsparce,0856,festival-lead
5,310,p2,1153,gardevoir-ex-sv,1112,n-zoroark
5,311,tie,1038,gholdengo-lunatone,0348,gardevoir-ex-sv
5,312,p2,0150,gardevoir-ex-sv,1259,gardevoir-jellicent
5,313,p2,0429,greninja-ex,1236,dragapult-dusknoir
5,314,p2,0315,gardevoir-ex-sv,0652,grimmsnarl-froslass
5,315,p2,0937,n-zoroark,0503,crustle-dri
5,316,p2,0422,raging-bolt-ogerpon,0020,n-zoroark
5,317,p1,0818,charizard-pidgeot,0378,dragapult-dusknoir
5,318,tie,0675,grimmsnarl-froslass,0486,dragapult-dusknoir
5,319,tie,0058,dragapult-dusknoir,1305,cynthia-garchomp-ex
5,320,p2,1064,gardevoir-ex-sv,0537,gholdengo-ex
5,321,p2,1009,dragapult-dusknoir,1108,gholdengo-lunatone
5,322,p2,0179,charizard-noctowl,0628,n-zoroark
5,323,p1,0891,gardevoir-jellicent,1030,rockets-honchkrow
5,324,p2,0752,mega-absol-box,0592,dragapult-dusknoir
5,325,p1,0742,dragapult-charizard,0993,ceruledge-ex
5,326,p1,0736,festival-lead,1055,n-zoroark
5,327,p2,0799,dragapult-dusknoir,0961,raging-bolt-ogerpon
5,328,p1,0921,n-zoroark,0436,gardevoir-ex-sv
5,329,p2,0281,greninja-ex,0894,dragapult-dusknoir
5,330,p1,0097,dragapult-dusknoir,1293,n-zoroark
5,331,p1,0162,gholdengo-lunatone,0153,dragapult-dusknoir
5,332,p2,0403,dragapult-dusknoir,0113,gholdengo-lunatone
5,333,p1,0822,flareon-noctowl,0039,dragapult-dusknoir
5,334,p1,0957,n-zoroark,0206,raging-bolt-ogerpon
5,335,tie,0648,ceruledge-ex,0787,grimmsnarl-froslass
5,336,p2,1166,n-zoroark,0638,dragapult-dusknoir
5,337,p1,0947,dragapult-charizard,1360,gardevoir-ex-sv
5,338,p1,0022,gholdengo-lunatone,0469,joltik-box
5,339,p2,1067,raging-bolt-ogerpon,0527,grimmsnarl-froslass
5,340,p1,0420,alakazam-dudunsparce,1224,raging-bolt-ogerpon
5,341,p1,0721,grimmsnarl-froslass,0240,dragapult-dusknoir
5,342,p2,0323,raging-bolt-ogerpon,1052,dragapult-dusknoir
5,343,p2,0629,festival-lead,0718,raging-bolt-ogerpon
5,344,p2,0662,mega-absol-box,0580,gholdengo-lunatone
5,345,p1,1436,slowking-scr,0337,raging-bolt-ogerpon
5,346,p2,0939,dragapult-dusknoir,0632,raging-bolt-ogerpon
5,347,p2,1412,grimmsnarl-froslass,0476,gholdengo-lunatone
5,348,tie,1093,?,0760,dragapult-dusknoir
5,349,p2,0059,dragapult-charizard,1159,cynthia-garchomp-ex
5,350,p1,1252,gardevoir-ex-sv,1048,gardevoir-ex-sv
5,351,p1,1419,dragapult-charizard,0492,mega-absol-box
5,352,tie,0140,joltik-box,1085,dragapult-froslass
5,353,p1,1216,dragapult-dusknoir,1068,festival-lead
5,354,tie,1127,?,0392,grimmsnarl-froslass
5,355,p2,1242,mega-absol-box,0482,gardevoir-ex-sv
5,356,p2,0173,dragapult-dusknoir,1100,dragapult-dusknoir
5,357,tie,1264,gardevoir-ex-sv,1260,grimmsnarl-froslass
5,358,p2,1263,mega-absol-box,1014,joltik-box
5,359,p2,1302,dragapult-dusknoir,0924,charizard-noctowl
5,360,p2,0676,n-zoroark,0665,gardevoir-ex-sv
5,361,p1,0371,raging-bolt-ogerpon,1245,festival-lead
5,362,p2,0430,tera-box,0873,gholdengo-lunatone
5,363,p2,1261,raging-bolt-ogerpon,0578,raging-bolt-ogerpon
5,364,p2,1212,dragapult-dusknoir,1337,gardevoir-ex-sv
5,365,tie,1007,dragapult-charizard,1348,poison-mega-latias
5,366,p1,1193,mega-venusaur-ex,1243,dragapult-dusknoir
5,367,p2,0945,flareon-noctowl,0643,grimmsnarl-froslass
5,368,p2,0710,charizard-pidgeot,1231,gholdengo-lunatone
5,369,tie,1150,joltik-box,1220,grimmsnarl-froslass
5,370,tie,0851,n-zoroark,0370,gholdengo-lunatone
5,371,p1,0869,dragapult-dusknoir,1347,dragapult-dusknoir
5,372,p2,0767,dragapult-dusknoir,0300,dragapult-dusknoir
5,373,p2,1270,n-zoroark,1446,dragapult-dusknoir
5,374,tie,1018,gholdengo-lunatone,1171,gardevoir-ex-sv
5,375,p2,0782,dragapult-dusknoir,0183,n-zoroark
5,376,p1,0408,froslass-munkidori,0797,n-zoroark
5,377,tie,0090,dragapult-dusknoir,0907,froslass-munkidori
5,378,tie,0986,dragapult-dusknoir,1137,mega-absol-box
5,379,p1,0669,festival-lead,0982,n-zoroark
5,380,p1,0964,gholdengo-lunatone,1139,gardevoir-ex-sv
5,381,p2,0305,ceruledge-ex,0009,crustle-dri
5,382,p2,0452,dragapult-dusknoir,0909,ceruledge-ex
5,383,p2,0897,toxtricity-pfl,0010,grimmsnarl-froslass
5,384,p2,1124,gholdengo-lunatone,0190,ceruledge-ex
5,385,p1,0561,raging-bolt-ogerpon,0327,raging-bolt-ogerpon
5,386,p2,1131,charizard-noctowl,0774,gardevoir-ex-sv
5,387,p2,0319,mega-absol-box,1401,lucario-hariyama
5,388,tie,1416,n-zoroark,0086,festival-lead
5,389,tie,0182,gholdengo-lunatone,0812,kangaskhan-bouffalant
5,390,p2,0298,gholdengo-lunatone,0518,dragapult-charizard
5,391,p2,1274,mega-absol-box,0680,gardevoir-ex-sv
5,392,tie,0127,gardevoir-ex-sv,0491,raging-bolt-ogerpon
5,393,p1,1217,dragapult-dusknoir,0440,gholdengo-lunatone
5,394,p2,1312,dragapult-dusknoir,0831,gholdengo-lunatone
5,395,p1,0247,gardevoir-jellicent,0063,gholdengo-lunatone
5,396,p2,0340,dragapult-dusknoir,1023,gholdengo-lunatone
5,397,p1,0158,dragapult-dusknoir,0426,mega-venusaur-ex
5,398,p1,0655,raging-bolt-ogerpon,1149,grimmsnarl-froslass
5,399,p1,0096,ceruledge-ex,0824,n-zoroark
5,400,p1,0900,gholdengo-joltik-box,0692,gardevoir-ex-sv
5,401,p1,0806,raging-bolt-ogerpon,0330,dragapult-dusknoir
5,402,p2,0617,gardevoir-ex-sv,1114,mega-absol-box
5,403,p2,0513,froslass-munkidori,0738,tera-box
5,404,p2,1389,n-zoroark,1151,charizard-pidgeot
5,405,tie,0438,ceruledge-ex,0035,ceruledge-ex
5,406,tie,0749,dragapult-ex,0261,froslass-munkidori
5,407,p1,0861,charizard-pidgeot,0502,gardevoir-jellicent
5,408,p2,0295,mega-absol-box,0889,n-zoroark
5,409,p2,0034,dragapult-dusknoir,0739,joltik-box
5,410,p1,0704,alakazam-dudunsparce,1334,gholdengo-lunatone
5,411,p1,1047,dragapult-dusknoir,1273,charizard-noctowl
5,412,p2,1119,grimmsnarl-froslass,0533,mega-absol-box
5,413,tie,0506,dragapult-dusknoir,0451,gardevoir-jellicent
5,414,p1,0805,grimmsnarl-froslass,0800,gardevoir-ex-sv
5,415,p2,1403,charizard-pidgeot,1210,gholdengo-lunatone
5,416,p2,0005,gholdengo-lunatone,0052,n-zoroark
5,417,p1,1033,charizard-ex,0106,flareon-noctowl
5,418,p2,0525,greninja-ex,1103,n-zoroark
5,419,p1,0220,grimmsnarl-froslass,0678,gholdengo-lunatone
5,420,p2,1315,dragapult-dusknoir,1181,dragapult-charizard
5,421,p2,0364,froslass-munkidori,1331,joltik-box
5,422,p1,1207,ursaluna-lunatone,0016,raging-bolt-ogerpon
5,423,p2,0453,dragapult-dusknoir,0085,gholdengo-lunatone
5,424,p2,0048,grimmsnarl-froslass,0489,flareon-noctowl
5,425,p2,0517,raging-bolt-ogerpon,0548,n-zoroark
5,426,p2,1132,gardevoir-jellicent,0968,cynthia-garchomp-ex
5,427,p2,0475,dragapult-charizard,1368,raging-bolt-ogerpon
5,428,p2,0815,n-zoroark,0341,charizard-noctowl
5,429,p2,0706,archaludon-dudunsparce,0863,dragapult-charizard
5,430,p1,1320,dragapult-dusknoir,0656,grimmsnarl-froslass
5,431,p2,0056,grimmsnarl-froslass,0901,charizard-pidgeot
5,432,p1,1415,mega-venusaur-ex,0915,gholdengo-lunatone
5,433,p1,0232,charizard-noctowl,0918,gardevoir-ex-sv
5,434,p1,1156,gardevoir-jellicent,1311,joltik-box
5,435,p2,1065,rocket-mewtwo-ex,0841,gholdengo-lunatone
5,436,p2,0146,dragapult-dusknoir,0791,gholdengo-lunatone
5,437,p1,0083,grimmsnarl-froslass,0995,grimmsnarl-froslass
5,438,p2,0500,n-zoroark,0041,grimmsnarl-froslass
5,439,p2,0542,grimmsnarl-froslass,0936,froslass-munkidori
5,440,p2,1342,gardevoir-ex-sv,0667,raging-bolt-ogerpon
5,441,p1,0450,dragapult-dusknoir,0895,dragapult-dusknoir
5,442,p1,0780,gholdengo-lunatone,1343,grimmsnarl-froslass
5,443,p2,1173,raging-bolt-ogerpon,0376,dragapult-dusknoir
5,444,p2,0487,flareon-noctowl,1163,gardevoir-ex-sv
5,445,p1,0817,n-zoroark,0284,alakazam-dudunsparce
5,446,p2,0565,n-zoroark,0618,grimmsnarl-froslass
5,447,p2,0501,raging-bolt-ogerpon,0101,raging-bolt-ogerpon
5,448,p2,0825,froslass-munkidori,0386,rocket-mewtwo-ex
5,449,p1,1424,ceruledge-ex,1201,mega-absol-box
5,450,p2,0702,gholdengo-ex,0138,charizard-pidgeot
5,451,p1,0394,raging-bolt-ogerpon,1200,mega-absol-box
5,452,p1,0350,hops-trevenant,1308,charizard-pidgeot
5,453,p1,0728,n-zoroark,0214,n-zoroark
5,454,p2,0978,dragapult-dusknoir,1354,dragapult-dusknoir
5,455,p1,0634,dragapult-charizard,1358,gardevoir-ex-sv
5,456,p1,1099,raging-bolt-ogerpon,0587,charizard-noctowl
5,457,p1,0858,n-zoroark,0195,charizard-pidgeot
5,458,tie,1256,gardevoir-ex-sv,0681,n-zoroark
5,459,p1,0273,dragapult-dusknoir,0396,charizard-dusknoir
5,460,p1,0922,mega-absol-box,1304,tera-box
5,461,p2,0898,gardevoir-ex-sv,0170,archaludon-ex
5,462,p1,1075,gholdengo-lunatone,0344,grimmsnarl-froslass
5,463,p1,0043,n-zoroark,1157,dragapult-dusknoir
5,464,p2,0516,mega-absol-box,1098,dragapult-dusknoir
5,465,tie,0857,raging-bolt-ogerpon,0715,dragapult-dusknoir
5,466,p2,0391,gardevoir-ex-sv,0400,gardevoir-ex-sv
5,467,p2,0472,dragapult-dusknoir,0686,lucario-hariyama
5,468,p2,0458,mega-absol-box,0651,dragapult-dusknoir
5,469,p1,0952,charizard-noctowl,1409,dragapult-dusknoir
5,470,p1,0285,dragapult-dusknoir,1000,rocket-mewtwo-ex
5,471,p2,0225,festival-lead,0147,grimmsnarl-froslass
5,472,tie,0508,dragapult-charizard,0981,grimmsnarl-froslass
5,473,p1,0131,dragapult-charizard,0586,mega-venusaur-ex
5,474,p1,0955,charizard-pidgeot,0971,mega-absol-box
5,475,p1,0021,dragapult-dusknoir,0622,dragapult-charizard
5,476,p1,0607,grimmsnarl-froslass,0910,gholdengo-lunatone
5,477,tie,1057,kangaskhan-bouffalant,0842,dragapult-dusknoir
5,478,p2,0161,grimmsnarl-froslass,0431,gholdengo-lunatone
5,479,p1,0647,raging-bolt-ogerpon,1344,gholdengo-lunatone
5,480,p1,1079,dragapult-dusknoir,0827,dragapult-charizard
5,481,p1,1222,grimmsnarl-froslass,1008,other
5,482,p2,0406,mega-charizard-x-ex,0499,slowking-scr
5,483,p2,1192,dragapult-dusknoir,0899,mega-absol-box
5,484,p2,0987,dragapult-dusknoir,0416,tera-box
5,485,p1,0124,dragapult-dusknoir,0026,raging-bolt-ogerpon
5,486,p2,1345,mega-lucario-ex,1061,alakazam-dudunsparce
5,487,p1,0405,charizard-pidgeot,0687,mega-absol-box
5,488,p2,1045,n-zoroark,0046,joltik-box
5,489,p2,1369,dragapult-dusknoir,1003,grimmsnarl-froslass
5,490,p1,0329,joltik-box,0771,rocket-mewtwo-ex
5,491,p1,1197,mega-absol-box,0996,grimmsnarl-froslass
5,492,p1,1382,n-zoroark,0762,gardevoir-ex-sv
5,493,p2,0012,grimmsnarl-froslass,1377,flareon-noctowl
5,494,p2,1374,froslass-munkidori,0574,rockets-honchkrow
5,495,p1,1367,kangaskhan-bouffalant,0942,charizard-noctowl
5,496,tie,1445,gholdengo-lunatone,0411,froslass-munkidori
5,497,p1,1440,gholdengo-lunatone,0410,dragapult-dusknoir
5,498,tie,0615,lopunny-dusknoir,0105,charizard-noctowl
5,499,p1,0784,n-zoroark,0006,gardevoir-ex-sv
5,500,p1,1399,hops-trevenant,0014,great-tusk-tef
5,501,p1,0573,gardevoir-ex-sv,0879,froslass-munkidori
5,502,p2,0397,dragapult-dusknoir,0018,joltik-box
5,503,p2,0415,charizard-pidgeot,0401,dragapult-charizard
5,504,p1,0054,gholdengo-lunatone,0358,dragapult-dusknoir
5,505,p2,1167,dragapult-dusknoir,0626,dragapult-charizard
5,506,p1,0444,dragapult-dusknoir,0635,alakazam-dudunsparce
5,507,tie,1351,n-zoroark,0008,dragapult-dusknoir
5,508,p2,1089,dragapult-charizard,0272,dragapult-dusknoir
5,509,p1,1418,n-zoroark,0820,tera-box
5,510,p1,0332,raging-bolt-ogerpon,1116,hydrapple-ex
5,511,p1,0449,mega-absol-box,0510,n-zoroark
5,512,p1,1095,gardevoir-ex-sv,0481,flareon-noctowl
5,513,p2,0690,tera-box,0385,n-zoroark
5,514,p2,1107,froslass-munkidori,0248,flareon-noctowl
5,515,p2,0520,raging-bolt-ogerpon,1257,grimmsnarl-froslass
5,516,p2,0070,greninja-ex,0610,gardevoir-jellicent
5,517,p2,1405,gholdengo-lunatone,1278,hydrapple-ogerpon
5,518,p2,0768,dragapult-dusknoir,0275,gardevoir-ex-sv
5,519,tie,0998,dragapult-dusknoir,0485,dragapult-dusknoir
5,520,p2,1262,rocket-mewtwo-ex,0347,gholdengo-lunatone
5,521,p1,0157,alakazam-dudunsparce,0311,gholdengo-lunatone
5,522,p1,0596,raging-bolt-ogerpon,1281,marnie-grimmsnarl-ex
5,523,p2,0867,mega-venusaur-ex,0703,charizard-pidgeot
5,524,tie,0925,gholdengo-ex,1051,mega-venusaur-ex
5,525,p2,0833,ho-oh-armarouge,0554,gholdengo-ex
5,526,p2,0741,dragapult-dusknoir,1341,ceruledge-ex
5,527,p2,0076,mega-absol-box,0246,dragapult-dusknoir
5,528,p2,0031,joltik-box,0789,grimmsnarl-froslass
5,529,p1,0279,grimmsnarl-froslass,1140,dragapult-dusknoir
5,530,p2,1289,joltik-box,0700,festival-lead
5,531,p2,0890,n-zoroark,1410,gholdengo-lunatone
5,532,p1,0553,raging-bolt-ogerpon,1226,mega-absol-box
5,533,p2,0567,iron-hands-magneton,0287,cynthia-garchomp-ex
5,534,p2,0331,dragapult-dusknoir,0555,dragapult-charizard
5,535,p2,0717,crustle-dri,0946,mega-absol-box
5,536,p1,1043,gholdengo-lunatone,0854,gholdengo-lunatone
5,537,p1,1387,rocket-mewtwo-ex,1215,n-zoroark
5,538,p2,1160,ceruledge-ex,0670,dragapult-dusknoir
5,539,p2,0595,n-zoroark,0585,dragapult-dusknoir
5,540,p1,1006,mega-absol-box,0928,chien-pao-baxcalibur
5,541,p2,0313,grimmsnarl-froslass,0660,gholdengo-lunatone
5,542,p1,1109,mega-venusaur-ex,1218,dragapult-charizard
5,543,p1,1025,dragapult-dusknoir,0528,mega-absol-box
5,544,p2,0478,n-zoroark,0529,grimmsnarl-froslass
5,545,p2,0448,charizard-noctowl,0766,dragapult-dusknoir
5,546,p1,0954,mega-absol-box,0439,alakazam-dudunsparce
5,547,p1,1285,mega-lucario-ex,0779,mega-absol-box
5,548,p1,0683,grimmsnarl-froslass,1307,dragapult-charizard
5,549,p1,0735,mega-venusaur-ex,0664,dragapult-dusknoir
5,550,p1,1221,mega-absol-box,0698,dragapult-charizard
5,551,p1,0956,mega-absol-box,0365,dragapult-dusknoir
5,552,p2,0100,raging-bolt-ogerpon,0536,dragapult-dusknoir
5,553,p1,0074,gholdengo-lunatone,0465,stevens-metagross
5,554,p1,1077,gardevoir-jellicent,0317,mega-absol-box
5,555,p2,0128,n-zoroark,1388,n-zoroark
5,556,tie,1017,gardevoir-ex-sv,0154,ceruledge-ex
5,557,p2,0612,charizard-noctowl,0821,ceruledge-ex
5,558,tie,1444,dragapult-dusknoir,0156,gardevoir-ex-sv
5,559,p1,1015,gardevoir-ex-sv,0979,charizard-noctowl
5,560,tie,1013,ogerpon-meganium,0122,dragapult-charizard
5,561,p1,1179,gardevoir-ex-sv,0166,dragapult-charizard
5,562,p2,0646,dragapult-dusknoir,0591,kangaskhan-bouffalant
5,563,p2,0003,hop-zacian,0959,gardevoir-ex-sv
5,564,p1,0075,dragapult-dusknoir,0522,raging-bolt-ogerpon
5,565,tie,0325,dragapult-dusknoir,1381,dragapult-dusknoir
5,566,double_loss,0393,dragapult-dusknoir,0697,mega-absol-box
5,567,p1,0404,dragapult-dusknoir,0941,n-zoroark
5,568,p2,0264,sharpedo-toxtricity,0032,raging-bolt-ogerpon
5,569,p1,0062,gardevoir-ex-sv,0336,alakazam-dudunsparce
5,570,p1,0435,raging-bolt-ogerpon,0885,n-zoroark
5,571,p1,0414,gardevoir-ex-sv,0238,gholdengo-lunatone
5,572,p2,0433,gholdengo-lunatone,0130,ethan-typhlosion
5,573,p1,0372,mega-absol-box,0040,dragapult-dusknoir
5,574,p2,0171,froslass-munkidori,0087,n-zoroark
5,575,p2,0292,mega-absol-box,1073,raging-bolt-ogerpon
5,576,p1,0013,dragapult-dusknoir,1104,alakazam-dudunsparce
5,577,p1,0798,mega-absol-box,0423,raging-bolt-ogerpon
5,578,p1,0666,mega-absol-box,1294,festival-lead
5,579,p2,0033,froslass-munkidori,0804,n-zoroark
5,580,p2,0160,alakazam-dudunsparce,1213,n-zoroark
5,581,p1,0188,charizard-noctowl,0836,n-zoroark
5,582,p2,1070,n-zoroark,0808,copperajah-ex
5,583,p2,1054,dragapult-dusknoir,1117,alakazam-dudunsparce
5,584,tie,1122,grimmsnarl-froslass,0532,gardevoir-ex-sv
5,585,p2,0351,dragapult-dusknoir,0362,dragapult-dusknoir
5,586,p2,0853,alakazam-dudunsparce,0931,n-zoroark
5,587,p1,0490,gardevoir-ex-sv,1287,lucario-hariyama
5,588,p1,1046,alakazam-dudunsparce,0923,rocket-mewtwo-ex
5,589,p1,0624,dragapult-dusknoir,1162,lucario-hariyama
5,590,p2,0709,dragapult-charizard,0850,mega-absol-box
5,591,tie,0202,gardevoir-ex-sv,0230,slowking-scr
5,592,p1,0682,n-zoroark,0117,mega-absol-box
5,593,p1,1205,manectric-eelektrik,0920,dragapult-dusknoir
5,594,p1,0733,dragapult-dusknoir,0926,marnie-grimmsnarl-ex
5,595,tie,0606,grimmsnarl-froslass,0714,festival-lead
5,596,p2,1144,dragapult-dusknoir,0496,flareon-noctowl
5,597,tie,1277,charizard-noctowl,0932,gardevoir-ex-sv
5,598,p1,0930,festival-lead,0283,n-zoroark
5,599,p1,1291,dragapult-dusknoir,0245,charizard-noctowl
5,600,p2,0983,gardevoir-ex-sv,1196,n-zoroark
5,601,p2,0559,ceruledge-ex,0748,gholdengo-lunatone
5,602,p1,0443,gholdengo-lunatone,0754,alakazam-dudunsparce
5,603,p2,0186,greninja-ex,0948,n-zoroark
5,604,p2,1363,dragapult-dusknoir,0145,dragapult-dusknoir
5,605,p1,0781,charizard-noctowl,0593,n-zoroark
5,606,p2,0744,dragapult-dusknoir,0658,gardevoir-ex-sv
5,607,p2,0361,dragapult-charizard,0896,charizard-noctowl
5,608,p1,0464,azumarill-ssp,0071,raging-bolt-ogerpon
5,609,tie,0544,dragapult-dusknoir,1434,dragapult-dusknoir
5,610,p1,0304,alakazam-dudunsparce,1283,flareon-noctowl
5,611,p2,1385,lucario-hariyama,0807,raging-bolt-ogerpon
5,612,p2,0152,dragapult-dusknoir,0224,kangaskhan-bouffalant
5,613,tie,0994,cynthia-garchomp-ex,1441,alakazam-dudunsparce
5,614,p2,1235,dragapult-dusknoir,0531,charizard-noctowl
5,615,p1,0177,n-zoroark,1318,gardevoir-jellicent
5,616,p2,0539,mega-lucario-ex,0725,froslass-munkidori
5,617,p2,1232,alakazam-dudunsparce,1306,charizard-noctowl
5,618,p2,0904,ceruledge-ex,0887,gardevoir-ex-sv
5,619,p1,0151,mega-absol-box,1049,alakazam-dudunsparce
5,620,p2,0974,dragapult-dusknoir,0963,ceruledge-ex
5,621,p2,0839,gardevoir-ex-sv,1279,festival-lead
5,622,p2,1154,n-zoroark,0470,mega-absol-box
5,623,p1,0342,dragapult-dusknoir,0036,raging-bolt-ogerpon
5,624,p1,1397,dragapult-dusknoir,0515,charizard-noctowl
5,625,p1,0441,gardevoir-ex-sv,0316,gardevoir-ex-sv
5,626,p2,1414,n-zoroark,1012,mega-absol-box
5,627,p2,0816,dragapult-dusknoir,0379,n-zoroark
5,628,p1,0550,dragapult-dusknoir,0562,gardevoir-jellicent
5,629,p1,0456,raging-bolt-ogerpon,1275,alakazam-dudunsparce
5,630,p2,0045,n-zoroark,0239,dragapult-dusknoir
5,631,p1,1110,raging-bolt-ogerpon,1386,grimmsnarl-froslass
5,632,p1,0395,dragapult-charizard,0794,dragapult-charizard
5,633,p2,1332,ceruledge-ex,0694,flareon-noctowl
5,634,p1,0353,gardevoir-ex-sv,1203,charizard-pidgeot
5,635,p2,1060,gardevoir-jellicent,1319,n-zoroark
5,636,p1,0455,n-zoroark,0763,dragapult-dusknoir
5,637,p1,0388,gholdengo-lunatone,1421,dragapult-dusknoir
5,638,p2,0916,dragapult-charizard,1323,dragapult-dusknoir
5,639,p2,0011,n-zoroark,1152,gholdengo-lunatone
5,640,p2,0512,raging-bolt-ogerpon,0322,lucario-hariyama
5,641,tie,0053,dragapult-ex,0080,ceruledge-ex
5,642,p1,1248,gardevoir-ex-sv,1346,gardevoir-ex-sv
5,643,p2,1024,flareon-noctowl,1126,cynthia-garchomp-ex
5,644,p2,0933,joltik-box,0204,charizard-noctowl
5,645,p2,0227,dragapult-dusknoir,1125,ceruledge-ex
5,646,tie,0796,cynthia-garchomp-ex,0274,gardevoir-ex-sv
5,647,p2,0134,alakazam-meg,0278,gholdengo-lunatone
5,648,p1,0755,gholdengo-lunatone,1001,grimmsnarl-froslass
5,649,tie,1182,gardevoir-jellicent,0633,n-zoroark
5,650,p2,0582,dragapult-dusknoir,1177,kangaskhan-forretress
5,651,p2,0060,alakazam-dudunsparce,0838,festival-lead
5,652,p1,0878,alakazam-dudunsparce,0577,charizard-pidgeot
5,653,p2,0363,crustle-dri,1129,charizard-pidgeot
5,654,p1,0066,dragapult-ex,0172,raging-bolt-ogerpon
5,655,p2,0564,mega-lopunny-ex,0943,rockets-honchkrow
5,656,p2,0919,dragapult-dusknoir,1136,gholdengo-lunatone
5,657,p2,0965,dragapult-dusknoir,0015,mega-absol-box
5,658,p1,0306,rocket-mewtwo-ex,0788,gardevoir-ex-sv
5,659,p2,0723,grimmsnarl-froslass,1176,alakazam-dudunsparce
5,660,tie,0802,n-zoroark,0514,mega-gengar-ex
5,661,p1,0324,mega-venusaur-ex,0975,gardevoir-jellicent
5,662,p2,0935,mega-charizard-x-ex,0104,sharpedo-toxtricity
5,663,p1,0732,gardevoir-ex-sv,1233,raging-bolt-ogerpon
5,664,p1,0135,gardevoir-jellicent,0695,gholdengo-lunatone
5,665,p1,1338,crustle-dri,1313,flareon-ex
5,666,p2,1443,gardevoir-ex-sv,0094,charizard-noctowl
5,667,tie,0098,greninja-ex,0222,slowking-scr
5,668,p1,0212,gardevoir-ex-sv,1059,dragapult-dusknoir
5,669,p1,0494,gholdengo-lunatone,0093,gardevoir-ex-sv
5,670,p2,0077,gholdengo-lunatone,1296,ogerpon-meganium
5,671,p2,0913,raging-bolt-ogerpon,1121,charizard-ex
5,672,p1,0055,hydreigon-ex,0724,dragapult-dusknoir
5,673,p2,1239,dragapult-dusknoir,0793,froslass-munkidori
5,674,p1,0293,n-zoroark,0604,dragapult-dusknoir
5,675,tie,1402,mega-absol-box,1118,dragapult-charizard
5,676,p2,0696,gholdengo-lunatone,0133,ethan-typhlosion
5,677,p1,0199,n-zoroark,0773,dragapult-dusknoir
5,678,tie,0301,mega-venusaur-ex,0474,ceruledge-ex
5,679,p2,0244,dragapult-dusknoir,0447,flareon-noctowl
5,680,tie,1371,grimmsnarl-froslass,1393,gardevoir-ex-sv
5,681,tie,0864,ho-oh-armarouge,1088,dragapult-dusknoir
5,682,p2,1032,gholdengo-lunatone,0276,mega-venusaur-ex
5,683,double_loss,1238,gholdengo-lunatone,0369,gardevoir-ex-sv
5,684,p1,0950,gardevoir-ex-sv,0479,froslass-munkidori
5,685,p2,0569,gardevoir-ex-sv,1228,lopunny-dusknoir
5,686,tie,0776,toxtricity-box,0602,flareon-noctowl
5,687,p1,0557,gardevoir-ex-sv,0352,hop-zacian
5,688,tie,0165,alakazam-dudunsparce,1081,dragapult-dusknoir
5,689,p2,0844,alakazam-meg,1246,charizard-noctowl
5,690,p1,0759,other,0217,raging-bolt-ogerpon
5,691,p2,0830,hydrapple-ogerpon,0194,roaring-moon-ex
5,692,p2,0176,gholdengo-lunatone,1254,dragapult-dusknoir
5,693,p2,1300,mega-absol-box,0892,charizard-pidgeot
5,694,p1,0377,flareon-noctowl,0241,dragapult-charizard
5,757,p1,1425,charizard-noctowl,1372,lucario-hariyama
5,758,p1,0181,n-zoroark,1427,grimmsnarl-froslass
5,759,p1,1439,n-zoroark,0769,dragapult-dusknoir
5,760,tie,0583,grimmsnarl-froslass,1430,festival-lead
5,761,p2,1199,mega-absol-box,1431,froslass-munkidori
5,762,p2,1437,dragapult-dusknoir,1433,alakazam-dudunsparce
5,,bye,0677,gholdengo-lunatone,,
6,1,p2,0193,lucario-hariyama,0255,dragapult-dusknoir
6,2,p1,0291,dragapult-dusknoir,0608,n-zoroark
6,3,p1,0811,gholdengo-lunatone,0380,joltik-box
6,4,p2,0407,joltik-box,1123,grimmsnarl-froslass
6,5,p1,0980,tera-box,0368,dragapult-dusknoir
6,6,p1,1292,mega-absol-box,0226,dragapult-dusknoir
6,7,p2,1282,gardevoir-ex-sv,1161,grimmsnarl-froslass
6,8,p1,0259,gholdengo-lunatone,0511,gholdengo-lunatone
6,9,p2,1290,grimmsnarl-froslass,0079,joltik-box
6,10,p2,0120,dragapult-dusknoir,1128,joltik-box
6,11,p1,0216,joltik-box,0929,alakazam-dudunsparce
6,12,tie,1349,mega-absol-box,0019,grimmsnarl-froslass
6,13,p1,1071,joltik-box,1330,dragapult-dusknoir
6,14,tie,0004,ho-oh-armarouge,0242,charizard-pidgeot
6,15,tie,0747,grimmsnarl-froslass,1240,gholdengo-lunatone
6,16,tie,0174,dragapult-dusknoir,1031,gholdengo-lunatone
6,17,tie,0432,grimmsnarl-froslass,0338,manectric-eelektrik
6,18,p2,0810,froslass-munkidori,0786,grimmsnarl-froslass
6,19,p1,0902,gholdengo-lunatone,1378,gardevoir-ex-sv
6,20,p1,0030,dragapult-dusknoir,1189,dragapult-dusknoir
6,21,tie,0210,gholdengo-lunatone,1417,froslass-munkidori
6,22,tie,0229,dragapult-dusknoir,0599,mega-absol-box
6,23,p2,1255,gholdengo-lunatone,0823,ceruledge-ex
6,24,p1,1158,gholdengo-lunatone,0672,mega-absol-box
6,25,p2,0064,grimmsnarl-froslass,0874,raging-bolt-ogerpon
6,26,p1,0938,grimmsnarl-froslass,0505,dragapult-charizard
6,27,p1,1286,joltik-box,0099,charizard-noctowl
6,28,p2,0290,grimmsnarl-froslass,0266,gholdengo-joltik-box
6,29,p2,0221,joltik-box,0175,gardevoir-ex-sv
6,30,p1,1130,dragapult-dusknoir,0751,mega-absol-box
6,31,p2,1413,gardevoir-ex-sv,0504,alakazam-dudunsparce
6,32,p1,0471,gardevoir-ex-sv,0882,ceruledge-ex
6,33,p2,1284,alakazam-dudunsparce,1198,gholdengo-lunatone
6,34,p2,0346,mega-absol-box,1214,raging-bolt-ogerpon
6,35,tie,1175,n-zoroark,0088,grimmsnarl-froslass
6,36,p2,0237,dragapult-dusknoir,0949,dragapult-dusknoir
6,37,p1,0761,joltik-box,0155,dragapult-dusknoir
6,38,p1,0674,slowking-scr,1211,?
6,39,tie,0215,n-zoroark,1074,gholdengo-lunatone
6,40,p2,0185,dragapult-dusknoir,1027,dragapult-dusknoir
6,41,p2,0530,dragapult-dusknoir,0091,raging-bolt-ogerpon
6,42,p1,0598,n-zoroark,0168,grimmsnarl-froslass
6,43,p1,0141,joltik-box,0594,ceruledge-ex
6,44,p2,1194,grimmsnarl-froslass,0178,charizard-noctowl
6,45,p2,0024,n-zoroark,0757,festival-lead
6,46,p1,0271,grimmsnarl-froslass,1258,dragapult-dusknoir
6,47,p1,0639,n-zoroark,1020,dragapult-dusknoir
6,48,p1,1251,froslass-munkidori,1321,gholdengo-lunatone
6,49,p2,0746,ceruledge-ex,0650,mega-froslass-ex
6,50,tie,1350,crustle-dri,1373,joltik-box
6,51,p1,0883,grimmsnarl-froslass,0558,pidgeot-control
6,52,p2,0828,dragapult-dusknoir,0268,crustle-dri
6,53,p1,0424,slowking-scr,0477,gholdengo-lunatone
6,54,p2,0282,gholdengo-lunatone,0367,alakazam-dudunsparce
6,55,p2,0688,dragapult-dusknoir,0051,raging-bolt-ogerpon
6,56,p2,0289,dragapult-dusknoir,0187,raging-bolt-ogerpon
6,57,p2,1042,froslass-munkidori,0960,gholdengo-lunatone
6,58,p2,1398,rockets-honchkrow,1208,froslass-munkidori
6,59,p1,0521,gholdengo-lunatone,1356,?
6,60,p1,0219,gholdengo-lunatone,0357,crustle-dri
6,61,p2,0198,grimmsnarl-froslass,0483,gholdengo-lunatone
6,62,p2,1037,raging-bolt-ogerpon,0412,mega-absol-box
6,63,p2,1066,n-zoroark,1195,grimmsnarl-froslass
6,64,tie,1394,gholdengo-lunatone,1265,froslass-munkidori
6,65,p1,1267,n-zoroark,0572,dragapult-dusknoir
6,66,p1,0772,ethan-typhlosion,0880,charizard-noctowl
6,67,p2,0642,crustle-dri,0886,dragapult-dusknoir
6,68,p2,0657,hydrapple-ogerpon,0286,grimmsnarl-froslass
6,69,tie,0359,gholdengo-lunatone,0888,grimmsnarl-froslass
6,70,tie,0463,alakazam-meg,0356,gholdengo-lunatone
6,71,p1,0535,lucario-hariyama,0737,grimmsnarl-froslass
6,72,p1,0905,raging-bolt-ogerpon,0770,ceruledge-ex
6,73,p2,0590,dragapult-dusknoir,0398,dragapult-dusknoir
6,74,p1,0078,gholdengo-lunatone,0234,rocket-mewtwo-ex
6,75,p2,0349,gardevoir-ex-sv,1324,dragapult-dusknoir
6,76,tie,0211,dragapult-dusknoir,0102,crustle-dri
6,77,p1,0218,gardevoir-ex-sv,1229,dragapult-dusknoir
6,78,p2,0727,froslass-munkidori,0731,n-zoroark
6,79,p1,0893,froslass-munkidori,0640,grimmsnarl-froslass
6,80,p1,0637,dragapult-blaziken,0976,dragapult-dusknoir
6,81,p1,0509,manectric-eelektrik,1280,dragapult-dusknoir
6,82,p1,0049,festival-lead,0277,raging-bolt-ogerpon
6,83,tie,0201,gholdengo-lunatone,0108,dragapult-dusknoir
6,84,p1,0716,dragapult-dusknoir,1396,alakazam-dudunsparce
6,85,p2,0621,?,0764,grimmsnarl-froslass
6,86,p1,0129,crustle-dri,0803,raging-bolt-ogerpon
6,87,tie,0734,gholdengo-lunatone,1134,n-zoroark
6,88,p1,0480,tera-box,0872,tera-box
6,89,p2,0813,dragapult-charizard,1333,grimmsnarl-froslass
6,90,tie,0457,cynthia-garchomp-ex,0089,alakazam-dudunsparce
6,91,p1,1102,charizard-noctowl,0663,joltik-box
6,92,p1,0115,grimmsnarl-froslass,0912,dragapult-charizard
6,93,p1,1365,rockets-honchkrow,1053,dragapult-dusknoir
6,94,p1,0164,dragapult-dusknoir,0374,gholdengo-joltik-box
6,95,p2,0267,gardevoir-ex-sv,0143,n-zoroark
6,96,p1,0343,gardevoir-ex-sv,0454,dragapult-charizard
6,97,tie,0581,dragapult-dusknoir,0990,gardevoir-ex-sv
6,98,p2,0848,dragapult-blaziken,0269,dragapult-dusknoir
6,99,p2,1135,ceruledge-ex,0701,gholdengo-lunatone
6,100,tie,0866,kangaskhan-bouffalant,0814,n-zoroark
6,101,p2,0169,?,1004,gardevoir-ex-sv
6,102,p2,1010,froslass-munkidori,1250,froslass-munkidori
6,103,p1,1072,froslass-munkidori,0619,gholdengo-lunatone
6,104,p1,0288,festival-lead,1310,n-zoroark
6,105,tie,1353,gardevoir-ex-sv,0067,froslass-munkidori
6,106,p1,0307,dragapult-dusknoir,0123,dragapult-dusknoir
6,107,tie,0425,dragapult-dusknoir,0002,gardevoir-ex-sv
6,108,p1,0243,gholdengo-lunatone,0110,mega-absol-box
6,109,tie,1432,gardevoir-ex-sv,1111,grimmsnarl-froslass
6,110,tie,1361,dragapult-charizard,1146,n-zoroark
6,111,p1,1113,gholdengo-lunatone,1423,grimmsnarl-froslass
6,112,p1,0966,n-zoroark,1115,gholdengo-lunatone
6,113,p1,1138,raging-bolt-ogerpon,0314,raging-bolt-ogerpon
6,114,p1,0659,gardevoir-ex-sv,0373,charizard-pidgeot
6,115,p2,1370,raging-bolt-ogerpon,0673,gardevoir-ex-sv
6,116,tie,0228,n-zoroark,1168,grimmsnarl-froslass
6,117,p1,0845,gardevoir-ex-sv,0442,palafin-ex
6,118,p2,0984,mega-absol-box,0613,grimmsnarl-froslass
6,119,p1,1090,gholdengo-lunatone,1269,froslass-munkidori
6,120,p2,0254,joltik-box,0699,dragapult-dusknoir
6,121,p1,0318,other,0409,joltik-box
6,122,p2,0027,n-zoroark,0181,n-zoroark
6,123,tie,1187,dragapult-charizard,1298,charizard-noctowl
6,124,p2,0549,grimmsnarl-froslass,0061,mega-absol-box
6,125,p2,0302,froslass-munkidori,0252,grimmsnarl-froslass
6,126,p1,0551,gholdengo-lunatone,0689,n-zoroark
6,127,p1,1223,mega-absol-box,0519,dragapult-dusknoir
6,128,tie,1309,crustle-dri,1271,raging-bolt-ogerpon
6,129,tie,1029,dragapult-dusknoir,0249,dragapult-dusknoir
6,130,tie,1328,tera-box,0600,gholdengo-lunatone
6,131,p2,0563,dragapult-dusknoir,1036,gardevoir-ex-sv
6,132,p1,0934,joltik-box,0970,dragapult-charizard
6,133,p1,0025,crustle-dri,0310,charizard-noctowl
6,134,p1,0601,mega-absol-box,0616,dragapult-dusknoir
6,135,p1,1272,ursaluna-lunatone,0320,raging-bolt-ogerpon
6,136,p1,1202,n-zoroark,0545,dragapult-dusknoir
6,137,p2,1190,alakazam-dudunsparce,0611,froslass-munkidori
6,138,p2,0962,grimmsnarl-froslass,0262,froslass-munkidori
6,139,p1,0047,dragapult-dusknoir,1172,dragapult-charizard
6,140,p1,1366,gholdengo-lunatone,0988,raging-bolt-ogerpon
6,141,p2,0849,dragapult-dusknoir,0208,gardevoir-ex-sv
6,142,p1,1169,joltik-box,1002,n-zoroark
6,143,p1,1082,gholdengo-lunatone,1022,ceruledge-ex
6,144,p1,1325,raging-bolt-ogerpon,0309,gholdengo-lunatone
6,145,tie,0958,festival-lead,0847,charizard-noctowl
6,146,tie,0547,gholdengo-lunatone,0072,dragapult-dusknoir
6,147,p2,0265,raging-bolt-ogerpon,0421,archaludon-ex
6,148,p1,0297,charizard-noctowl,0092,gholdengo-lunatone
6,149,p1,1355,mega-absol-box,1148,gholdengo-lunatone
6,150,p2,1164,raging-bolt-ogerpon,0408,froslass-munkidori
6,151,p1,0873,gholdengo-lunatone,0665,gardevoir-ex-sv
6,152,p1,1395,festival-lead,0084,mega-lucario-ex
6,153,p1,0119,grimmsnarl-froslass,0957,n-zoroark
6,154,tie,0924,charizard-noctowl,0580,gholdengo-lunatone
6,155,p2,1108,gholdengo-lunatone,0792,charizard-noctowl
6,156,tie,0661,raging-bolt-ogerpon,1376,gholdengo-lunatone
6,157,tie,0296,gardevoir-ex-sv,0162,gholdengo-lunatone
6,158,p1,0869,dragapult-dusknoir,1041,gholdengo-lunatone
6,159,p1,0840,dragapult-dusknoir,0534,dragapult-dusknoir
6,160,p2,1092,gardevoir-ex-sv,0467,gardevoir-ex-sv
6,161,p2,0142,dragapult-dusknoir,0022,gholdengo-lunatone
6,162,p2,1100,dragapult-dusknoir,0835,flareon-noctowl
6,163,p1,1216,dragapult-dusknoir,0778,festival-lead
6,164,p1,1204,dragapult-charizard,0685,festival-lead
6,165,p1,0721,grimmsnarl-froslass,0818,charizard-pidgeot
6,166,p2,0829,grimmsnarl-froslass,1180,gholdengo-lunatone
6,167,p2,0881,lucario-hariyama,0111,tera-box
6,168,p2,1105,dragapult-dusknoir,1404,n-zoroark
6,169,tie,0560,gardevoir-ex-sv,0418,dragapult-dusknoir
6,170,p1,0856,festival-lead,0712,n-zoroark
6,171,p1,1364,mega-absol-box,0300,dragapult-dusknoir
6,172,p1,1236,dragapult-dusknoir,0843,dragapult-dusknoir
6,173,tie,0819,crustle-dri,0476,gholdengo-lunatone
6,174,tie,1392,crustle-dri,0628,n-zoroark
6,175,p2,0183,n-zoroark,0037,mega-absol-box
6,176,p2,0437,raging-bolt-ogerpon,0669,festival-lead
6,177,p2,1112,n-zoroark,0205,festival-lead
6,178,p2,1056,gholdengo-lunatone,0967,dragapult-dusknoir
6,179,p1,0588,charizard-noctowl,1014,joltik-box
6,180,p2,0537,gholdengo-ex,0371,raging-bolt-ogerpon
6,181,tie,0997,grimmsnarl-froslass,0638,dragapult-dusknoir
6,182,tie,0822,flareon-noctowl,1419,dragapult-charizard
6,183,p2,1317,ceruledge-ex,0765,grimmsnarl-froslass
6,184,p2,1231,gholdengo-lunatone,0482,gardevoir-ex-sv
6,185,p1,0192,charizard-noctowl,1044,raging-bolt-ogerpon
6,186,p1,0891,gardevoir-jellicent,0223,dragapult-dusknoir
6,187,p1,1335,ceruledge-ex,1186,raging-bolt-ogerpon
6,188,p1,1259,gardevoir-jellicent,0044,dragapult-dusknoir
6,189,p1,1446,dragapult-dusknoir,0345,mega-absol-box
6,190,tie,0503,crustle-dri,1435,dragapult-dusknoir
6,191,p1,0742,dragapult-charizard,0991,cynthia-garchomp-ex
6,192,p2,0736,festival-lead,0722,dragapult-dusknoir
6,193,p1,0103,raging-bolt-ogerpon,0446,grimmsnarl-froslass
6,194,p2,0189,n-zoroark,1080,joltik-box
6,195,p2,0753,dragapult-dusknoir,1050,charizard-noctowl
6,196,tie,0546,n-zoroark,0207,n-zoroark
6,197,p2,1193,mega-venusaur-ex,1083,dragapult-charizard
6,198,p1,0718,raging-bolt-ogerpon,1252,gardevoir-ex-sv
6,199,p1,0114,gholdengo-lunatone,0654,charizard-noctowl
6,200,p1,0113,gholdengo-lunatone,0790,grimmsnarl-froslass
6,201,p1,0729,dragapult-dusknoir,1253,dragapult-dusknoir
6,202,tie,1052,dragapult-dusknoir,0294,dragapult-dusknoir
6,203,p2,1379,rocket-mewtwo-ex,0197,froslass-munkidori
6,204,p1,0527,grimmsnarl-froslass,1159,cynthia-garchomp-ex
6,205,p1,0894,dragapult-dusknoir,1429,gardevoir-ex-sv
6,206,p2,1094,gholdengo-ex,0832,dragapult-dusknoir
6,207,p2,0132,grimmsnarl-froslass,0649,gholdengo-lunatone
6,208,p2,1340,n-zoroark,0691,grimmsnarl-froslass
6,209,p1,0468,n-zoroark,0707,raging-bolt-ogerpon
6,210,p2,0795,dragapult-dusknoir,1086,dragapult-dusknoir
6,211,p1,0121,raging-bolt-ogerpon,0589,charizard-noctowl
6,212,p1,0964,gholdengo-lunatone,0473,dragapult-dusknoir
6,213,tie,1225,alakazam-dudunsparce,0592,dragapult-dusknoir
6,214,tie,0399,dragapult-dusknoir,0652,grimmsnarl-froslass
6,215,p2,1337,gardevoir-ex-sv,0903,charizard-pidgeot
6,216,p1,1400,roaring-moon-dudunsparce,1375,gardevoir-ex-sv
6,217,tie,0020,n-zoroark,0837,dragapult-dusknoir
6,218,p2,0390,n-zoroark,0420,alakazam-dudunsparce
6,219,p2,0632,raging-bolt-ogerpon,0947,dragapult-charizard
6,220,p2,1276,crustle-dri,0097,dragapult-dusknoir
6,221,p2,0961,raging-bolt-ogerpon,0625,joltik-box
6,222,p2,1436,slowking-scr,0643,grimmsnarl-froslass
6,223,p1,0578,raging-bolt-ogerpon,0860,cynthia-garchomp-ex
6,224,p2,1011,dragapult-charizard,1021,dragapult-dusknoir
6,225,p1,0908,dragapult-charizard,1391,dragapult-dusknoir
6,226,p2,0050,gholdengo-lunatone,0507,grimmsnarl-froslass
6,227,p2,1174,tera-box,1210,gholdengo-lunatone
6,228,p2,0069,alakazam-dudunsparce,0159,festival-lead
6,229,p1,0999,n-zoroark,1076,dragapult-dusknoir
6,230,p2,0450,dragapult-dusknoir,0679,n-zoroark
6,231,p2,1329,gholdengo-lunatone,0461,flareon-noctowl
6,232,p2,0780,gholdengo-lunatone,0739,joltik-box
6,233,tie,1069,froslass-munkidori,1178,mega-venusaur-ex
6,234,p1,0158,dragapult-dusknoir,0719,gholdengo-lunatone
6,235,p1,0354,grimmsnarl-froslass,0247,gardevoir-jellicent
6,236,p2,1227,dragapult-dusknoir,0007,n-zoroark
6,237,p2,1352,charizard-noctowl,0112,mega-absol-box
6,238,p2,0341,charizard-noctowl,0538,dragapult-dusknoir
6,239,p2,0805,grimmsnarl-froslass,1207,ursaluna-lunatone
6,240,p1,1331,joltik-box,0190,ceruledge-ex
6,241,p2,0575,grimmsnarl-froslass,0232,charizard-noctowl
6,242,p1,0831,gholdengo-lunatone,1320,dragapult-dusknoir
6,243,p2,0917,gardevoir-ex-sv,1103,n-zoroark
6,244,p1,1401,lucario-hariyama,0413,dragapult-dusknoir
6,245,p2,1359,charizard-noctowl,0083,grimmsnarl-froslass
6,246,p2,0096,ceruledge-ex,0846,ursaluna-lunatone
6,247,tie,0009,crustle-dri,1114,mega-absol-box
6,248,p2,0909,ceruledge-ex,0419,charizard-noctowl
6,249,p2,0042,raging-bolt-ogerpon,0806,raging-bolt-ogerpon
6,250,tie,0968,cynthia-garchomp-ex,0561,raging-bolt-ogerpon
6,251,p2,0609,grimmsnarl-froslass,1295,gardevoir-ex-sv
6,252,p1,0579,mega-absol-box,0256,gardevoir-ex-sv
6,253,p1,0693,mega-absol-box,0774,gardevoir-ex-sv
6,254,p1,0570,gardevoir-ex-sv,0489,flareon-noctowl
6,255,p2,0191,ogerpon-meganium,0901,charizard-pidgeot
6,256,p1,0203,n-zoroark,0387,grimmsnarl-froslass
6,257,p2,0644,froslass-munkidori,1063,n-zoroark
6,258,p2,0704,alakazam-dudunsparce,1133,grimmsnarl-froslass
6,259,p1,0196,flareon-noctowl,1303,grimmsnarl-froslass
6,260,p2,0231,dragapult-dusknoir,0010,grimmsnarl-froslass
6,261,p1,1237,tera-box,0052,n-zoroark
6,262,p1,1047,dragapult-dusknoir,0936,froslass-munkidori
6,263,p1,1120,charizard-noctowl,0085,gholdengo-lunatone
6,264,p1,0684,mega-absol-box,0667,raging-bolt-ogerpon
6,265,p2,0568,dragapult-dusknoir,1147,gardevoir-ex-sv
6,266,p2,0969,dragapult-dusknoir,0855,gholdengo-lunatone
6,267,p2,0775,n-zoroark,1230,dragapult-dusknoir
6,268,p1,0940,charizard-pidgeot,0861,charizard-pidgeot
6,269,p2,0875,dragapult-dusknoir,0548,n-zoroark
6,270,p2,0631,charizard-pidgeot,1058,n-zoroark
6,271,p2,1155,n-zoroark,1034,grimmsnarl-froslass
6,272,tie,1141,grimmsnarl-froslass,0065,ceruledge-ex
6,273,p2,0523,dragapult-charizard,1151,charizard-pidgeot
6,274,p2,1023,gholdengo-lunatone,0270,crustle-dri
6,275,tie,1368,raging-bolt-ogerpon,0680,gardevoir-ex-sv
6,276,p2,1247,gardevoir-jellicent,0791,gholdengo-lunatone
6,277,p1,0493,crustle-dri,0116,dragapult-dusknoir
6,278,p2,0863,dragapult-charizard,0524,gholdengo-lunatone
6,279,p2,0645,gholdengo-lunatone,1181,dragapult-charizard
6,280,tie,1415,mega-venusaur-ex,0889,n-zoroark
6,281,p1,0041,grimmsnarl-froslass,0627,grimmsnarl-froslass
6,282,p2,1170,charizard-noctowl,0705,gardevoir-ex-sv
6,283,p2,1039,charizard-pidgeot,0620,grimmsnarl-froslass
6,284,p2,0518,dragapult-charizard,0125,n-zoroark
6,285,p1,0220,grimmsnarl-froslass,1217,dragapult-dusknoir
6,286,p2,0484,n-zoroark,1033,charizard-ex
6,287,p1,0738,tera-box,0841,gholdengo-lunatone
6,288,p1,1411,grimmsnarl-froslass,1143,n-zoroark
6,289,tie,1241,gardevoir-ex-sv,0900,gholdengo-joltik-box
6,290,p1,0584,?,0149,mega-absol-box
6,291,p1,0144,ceruledge-ex,0655,raging-bolt-ogerpon
6,292,p1,1156,gardevoir-jellicent,0233,rocket-mewtwo-ex
6,293,p1,1408,ceruledge-ex,0081,mega-absol-box
6,294,p2,0138,charizard-pidgeot,0246,dragapult-dusknoir
6,295,p1,0862,n-zoroark,1191,raging-bolt-ogerpon
6,296,p1,1025,dragapult-dusknoir,0023,gardevoir-jellicent
6,297,tie,0826,n-zoroark,1084,dragapult-dusknoir
6,298,p2,0124,dragapult-dusknoir,0784,n-zoroark
6,299,p2,0700,festival-lead,0068,gholdengo-lunatone
6,300,p1,0907,froslass-munkidori,1106,charizard-noctowl
6,301,tie,1357,dragapult-ex,0170,archaludon-ex
6,302,p1,1185,conkeldurr-twm,0789,grimmsnarl-froslass
6,303,p1,0607,grimmsnarl-froslass,0260,n-zoroark
6,304,p2,1079,dragapult-dusknoir,0750,gholdengo-lunatone
6,305,p2,0573,gardevoir-ex-sv,0248,flareon-noctowl
6,306,p2,0180,dragapult-charizard,0554,gholdengo-ex
6,307,p1,0405,charizard-pidgeot,1165,gardevoir-ex-sv
6,308,p2,0785,gardevoir-ex-sv,0870,kangaskhan-bouffalant
6,309,p1,1101,cynthia-garchomp-ex,0641,slowking-scr
6,310,p1,0670,dragapult-dusknoir,0236,ogerpon-meganium
6,311,p1,0787,grimmsnarl-froslass,0444,dragapult-dusknoir
6,312,p2,0954,mega-absol-box,1006,mega-absol-box
6,313,p2,0235,dragapult-dusknoir,0610,gardevoir-jellicent
6,314,p2,0137,mega-absol-box,0972,charizard-noctowl
6,315,p2,0777,grimmsnarl-froslass,0858,n-zoroark
6,316,p2,0140,joltik-box,0922,mega-absol-box
6,317,p2,1314,ceruledge-ex,0308,gholdengo-lunatone
6,318,tie,0651,dragapult-dusknoir,0392,grimmsnarl-froslass
6,319,p2,0326,raging-bolt-ogerpon,0675,grimmsnarl-froslass
6,320,p2,0348,gardevoir-ex-sv,1440,gholdengo-lunatone
6,321,p2,0992,dragapult-dusknoir,1305,cynthia-garchomp-ex
6,322,p1,1096,?,0333,charizard-pidgeot
6,323,p2,0555,dragapult-charizard,0648,ceruledge-ex
6,324,p1,0636,joltik-box,1278,hydrapple-ogerpon
6,325,p1,0745,greninja-blaziken,0556,grimmsnarl-froslass
6,326,p1,0095,gardevoir-jellicent,1244,dragapult-dusknoir
6,327,p2,0350,hops-trevenant,0495,n-zoroark
6,328,p1,1093,?,0251,gardevoir-ex-sv
6,329,p1,0946,mega-absol-box,0366,dragapult-dusknoir
6,330,p1,0321,ceruledge-ex,1407,gholdengo-lunatone
6,331,p1,0671,froslass-munkidori,0280,alakazam-meg
6,332,p1,0865,palafin-ex,0200,gholdengo-lunatone
6,333,tie,1410,gholdengo-lunatone,0043,n-zoroark
6,334,p1,1299,n-zoroark,0760,dragapult-dusknoir
6,335,p1,1377,flareon-noctowl,0955,charizard-pidgeot
6,336,tie,0021,dragapult-dusknoir,0529,grimmsnarl-froslass
6,337,p1,0046,joltik-box,0416,tera-box
6,338,p2,1145,tera-box,1257,grimmsnarl-froslass
6,339,p1,0596,raging-bolt-ogerpon,0400,gardevoir-ex-sv
6,340,p2,0571,rocket-mewtwo-ex,0626,dragapult-charizard
6,341,p2,0328,alakazam-dudunsparce,1127,?
6,342,p1,1171,gardevoir-ex-sv,0871,okidogi-ex
6,343,p1,0445,?,1260,grimmsnarl-froslass
6,344,p2,0499,slowking-scr,0576,gholdengo-lunatone
6,345,p2,0623,gholdengo-lunatone,0431,gholdengo-lunatone
6,346,p1,1075,gholdengo-lunatone,1005,froslass-munkidori
6,347,p2,0386,rocket-mewtwo-ex,0553,raging-bolt-ogerpon
6,348,p2,0630,dragapult-dusknoir,1362,raging-bolt-ogerpon
6,349,tie,1197,mega-absol-box,0618,grimmsnarl-froslass
6,350,p1,0273,dragapult-dusknoir,0526,charizard-noctowl
6,351,p2,0370,gholdengo-lunatone,1384,froslass-munkidori
6,352,p2,0977,gholdengo-lunatone,0184,ceruledge-ex
6,353,p2,1354,dragapult-dusknoir,0783,gardevoir-ex-sv
6,354,p2,1007,dragapult-charizard,0258,charizard-pidgeot
6,355,p1,0953,ceruledge-ex,0927,dragapult-dusknoir
6,356,p1,0634,dragapult-charizard,0884,dragapult-dusknoir
6,357,p2,1348,poison-mega-latias,1018,gholdengo-lunatone
6,358,tie,1062,dragapult-dusknoir,0703,charizard-pidgeot
6,359,p1,0287,cynthia-garchomp-ex,0332,raging-bolt-ogerpon
6,360,p2,1428,grimmsnarl-froslass,1438,gardevoir-ex-sv
6,361,p2,0566,dragapult-charizard,0801,lucario-hariyama
6,362,p2,0376,dragapult-dusknoir,1418,n-zoroark
6,363,p1,0552,dragapult-dusknoir,0299,dragapult-dusknoir
6,364,p2,0986,dragapult-dusknoir,0952,charizard-noctowl
6,365,p2,1137,mega-absol-box,1367,kangaskhan-bouffalant
6,366,tie,0686,lucario-hariyama,0275,gardevoir-ex-sv
6,367,tie,0668,gholdengo-lunatone,0851,n-zoroark
6,368,p2,0720,dragapult-dusknoir,1098,dragapult-dusknoir
6,369,p2,0486,dragapult-dusknoir,0101,raging-bolt-ogerpon
6,370,p1,0131,dragapult-charizard,0312,mega-lucario-ex
6,371,p1,1268,grimmsnarl-froslass,0574,rockets-honchkrow
6,372,p2,0660,gholdengo-lunatone,0001,mega-absol-box
6,373,p2,1163,gardevoir-ex-sv,1209,gardevoir-jellicent
6,374,p1,0817,n-zoroark,0263,charizard-pidgeot
6,375,p1,0329,joltik-box,0449,mega-absol-box
6,376,p2,0285,dragapult-dusknoir,0017,gholdengo-joltik-box
6,377,p2,0335,gardevoir-ex-sv,0605,gardevoir-ex-sv
6,378,p1,0740,froslass-munkidori,0973,dragapult-dusknoir
6,379,p1,0647,raging-bolt-ogerpon,0728,n-zoroark
6,380,p1,0899,mega-absol-box,1234,charizard-noctowl
6,381,tie,1043,gholdengo-lunatone,1220,grimmsnarl-froslass
6,382,p1,0428,ceruledge-ex,1038,gholdengo-lunatone
6,383,p2,0834,dragapult-dusknoir,0713,mega-lucario-ex
6,384,p1,0058,dragapult-dusknoir,0394,raging-bolt-ogerpon
6,385,p1,1016,gholdengo-lunatone,1382,n-zoroark
6,386,p1,1085,dragapult-froslass,0726,dragapult-dusknoir
6,387,p2,1061,alakazam-dudunsparce,1341,ceruledge-ex
6,388,p1,1109,mega-venusaur-ex,1184,dragapult-dusknoir
6,389,p2,1264,gardevoir-ex-sv,0385,n-zoroark
6,390,p2,0585,dragapult-dusknoir,0402,lucario-hariyama
6,391,tie,0488,dragapult-charizard,0766,dragapult-dusknoir
6,392,p2,0163,dragapult-dusknoir,0614,gholdengo-lunatone
6,393,p1,0951,n-zoroark,0347,gholdengo-lunatone
6,394,tie,0852,ceruledge-ex,0090,dragapult-dusknoir
6,395,p1,1099,raging-bolt-ogerpon,1387,rocket-mewtwo-ex
6,396,p1,0381,poison-archaludon,1399,hops-trevenant
6,397,p2,1339,dragapult-dusknoir,0427,dragapult-dusknoir
6,398,p1,1424,ceruledge-ex,0541,mega-absol-box
6,399,p2,0147,grimmsnarl-froslass,0157,alakazam-dudunsparce
6,400,p1,1142,grimmsnarl-froslass,1095,gardevoir-ex-sv
6,401,p1,1003,grimmsnarl-froslass,1326,grimmsnarl-froslass
6,402,p2,0279,grimmsnarl-froslass,1150,joltik-box
6,403,p2,1266,rockets-honchkrow,0401,dragapult-charizard
6,404,p1,0054,gholdengo-lunatone,0257,crustle-dri
6,405,p1,0498,grimmsnarl-froslass,1222,grimmsnarl-froslass
6,406,p2,0272,dragapult-dusknoir,0339,dragapult-dusknoir
6,407,p1,0018,joltik-box,0781,charizard-noctowl
6,408,p2,1213,n-zoroark,0506,dragapult-dusknoir
6,409,p2,0250,mega-absol-box,0767,dragapult-dusknoir
6,410,p1,0443,gholdengo-lunatone,1048,gardevoir-ex-sv
6,411,p2,0315,gardevoir-ex-sv,0956,mega-absol-box
6,412,p2,0725,froslass-munkidori,0496,flareon-noctowl
6,413,p2,0438,ceruledge-ex,0797,n-zoroark
6,414,tie,0887,gardevoir-ex-sv,0658,gardevoir-ex-sv
6,415,p1,1347,dragapult-dusknoir,0948,n-zoroark
6,416,p1,1360,gardevoir-ex-sv,1205,manectric-eelektrik
6,417,p1,0434,gardevoir-ex-sv,0710,charizard-pidgeot
6,418,p2,1442,rockets-honchkrow,0896,charizard-noctowl
6,419,p1,1406,raging-bolt-ogerpon,0807,raging-bolt-ogerpon
6,420,p1,1336,charizard-noctowl,1412,grimmsnarl-froslass
6,421,tie,0013,dragapult-dusknoir,0536,dragapult-dusknoir
6,422,p1,0666,mega-absol-box,0812,kangaskhan-bouffalant
6,423,p1,0963,ceruledge-ex,0118,n-zoroark
6,424,p1,0930,festival-lead,1316,ceruledge-ex
6,425,p1,0809,n-zoroark,0151,mega-absol-box
6,426,p2,0469,joltik-box,0733,dragapult-dusknoir
6,427,p2,0253,raging-bolt-ogerpon,0624,dragapult-dusknoir
6,428,p2,1026,greninja-ex,0603,dragapult-dusknoir
6,429,p1,0086,festival-lead,1117,alakazam-dudunsparce
6,430,p2,0375,dragapult-dusknoir,1270,n-zoroark
6,431,p1,0429,greninja-ex,0756,grimmsnarl-froslass
6,432,p1,0059,dragapult-charizard,0403,dragapult-dusknoir
6,433,p2,0993,ceruledge-ex,1221,mega-absol-box
6,434,tie,0372,mega-absol-box,0876,rocket-mewtwo-ex
6,435,p2,0662,mega-absol-box,0035,ceruledge-ex
6,436,p1,0422,raging-bolt-ogerpon,0982,n-zoroark
6,437,p2,0798,mega-absol-box,1139,gardevoir-ex-sv
6,438,p1,1242,mega-absol-box,0799,dragapult-dusknoir
6,439,tie,0261,froslass-munkidori,0782,dragapult-dusknoir
6,440,p2,0382,alakazam-dudunsparce,1306,charizard-noctowl
6,441,p2,0676,n-zoroark,1030,rockets-honchkrow
6,442,p1,0337,raging-bolt-ogerpon,0087,n-zoroark
6,443,p2,0451,gardevoir-jellicent,1073,raging-bolt-ogerpon
6,444,p1,1245,festival-lead,0470,mega-absol-box
6,445,tie,0491,raging-bolt-ogerpon,0939,dragapult-dusknoir
6,446,tie,1397,dragapult-dusknoir,0414,gardevoir-ex-sv
6,447,p1,0435,raging-bolt-ogerpon,1249,gholdengo-lunatone
6,448,p2,0153,dragapult-dusknoir,1009,dragapult-dusknoir
6,449,p2,1064,gardevoir-ex-sv,0179,charizard-noctowl
6,450,p1,0074,gholdengo-lunatone,0937,n-zoroark
6,451,p1,0490,gardevoir-ex-sv,0150,gardevoir-ex-sv
6,452,p2,0985,lopunny-dusknoir,0404,dragapult-dusknoir
6,453,p2,0177,n-zoroark,1279,festival-lead
6,454,p2,0597,raging-bolt-ogerpon,0959,gardevoir-ex-sv
6,455,p1,1019,cynthia-garchomp-ex,0543,grimmsnarl-froslass
6,456,p1,1219,dragapult-dusknoir,0989,festival-lead
6,457,p1,0629,festival-lead,0466,n-zoroark
6,458,tie,0130,ethan-typhlosion,0224,kangaskhan-bouffalant
6,459,p1,0682,n-zoroark,1067,raging-bolt-ogerpon
6,460,p2,1302,dragapult-dusknoir,1196,n-zoroark
6,461,p1,0735,mega-venusaur-ex,1046,alakazam-dudunsparce
6,462,p1,0355,dragapult-dusknoir,0032,raging-bolt-ogerpon
6,463,p2,0683,grimmsnarl-froslass,0945,flareon-noctowl
6,464,double_loss,0039,dragapult-dusknoir,0323,raging-bolt-ogerpon
6,465,tie,1426,tera-box,1416,n-zoroark
6,466,p2,0062,gardevoir-ex-sv,0109,n-zoroark
6,467,p1,0769,dragapult-dusknoir,0342,dragapult-dusknoir
6,468,tie,0877,charizard-noctowl,0075,dragapult-dusknoir
6,469,p1,1293,n-zoroark,1097,raging-bolt-ogerpon
6,470,p2,0436,gardevoir-ex-sv,0850,mega-absol-box
6,471,tie,0944,lucario-hariyama,0167,gholdengo-ex
6,472,p2,0464,azumarill-ssp,0213,dragapult-dusknoir
6,473,p1,0492,mega-absol-box,0752,mega-absol-box
6,474,p1,0188,charizard-noctowl,1077,gardevoir-jellicent
6,475,tie,1285,mega-lucario-ex,0304,alakazam-dudunsparce
6,476,p2,1068,festival-lead,0808,copperajah-ex
6,477,p1,0378,dragapult-dusknoir,1224,raging-bolt-ogerpon
6,478,tie,0821,ceruledge-ex,0804,n-zoroark
6,479,p2,1015,gardevoir-ex-sv,1291,dragapult-dusknoir
6,480,p2,1055,n-zoroark,1243,dragapult-dusknoir
6,481,p1,1372,lucario-hariyama,0591,kangaskhan-bouffalant
6,482,p1,1179,gardevoir-ex-sv,0173,dragapult-dusknoir
6,483,p2,0748,gholdengo-lunatone,0931,n-zoroark
6,484,double_loss,0240,dragapult-dusknoir,0206,raging-bolt-ogerpon
6,485,p2,0531,charizard-noctowl,0749,dragapult-ex
6,486,p2,1166,n-zoroark,1261,raging-bolt-ogerpon
6,487,p2,1153,gardevoir-ex-sv,0182,gholdengo-lunatone
6,488,p1,0430,tera-box,0362,dragapult-dusknoir
6,489,p1,1206,gholdengo-lunatone,1263,mega-absol-box
6,490,p1,1188,sharpedo-toxtricity,1212,dragapult-dusknoir
6,491,p2,1078,n-zoroark,1288,alakazam-dudunsparce
6,492,p1,0281,greninja-ex,1388,n-zoroark
6,493,tie,0148,dragapult-dusknoir,0127,gardevoir-ex-sv
6,494,p2,0914,festival-lead,0995,grimmsnarl-froslass
6,495,p2,1312,dragapult-dusknoir,0298,gholdengo-lunatone
6,496,p1,1256,gardevoir-ex-sv,0340,dragapult-dusknoir
6,497,p2,1323,dragapult-dusknoir,0842,dragapult-dusknoir
6,498,p2,1012,mega-absol-box,1057,kangaskhan-bouffalant
6,499,p1,0008,dragapult-dusknoir,0998,dragapult-dusknoir
6,500,p1,0981,grimmsnarl-froslass,0706,archaludon-dudunsparce
6,501,tie,0056,grimmsnarl-froslass,0615,lopunny-dusknoir
6,502,p2,1334,gholdengo-lunatone,1152,gholdengo-lunatone
6,503,p1,0379,n-zoroark,1315,dragapult-dusknoir
6,504,p2,0550,dragapult-dusknoir,1274,mega-absol-box
6,505,p1,1173,raging-bolt-ogerpon,0048,grimmsnarl-froslass
6,506,p2,0502,gardevoir-jellicent,0295,mega-absol-box
6,507,p1,1342,gardevoir-ex-sv,0322,lucario-hariyama
6,508,p1,1125,ceruledge-ex,1445,gholdengo-lunatone
6,509,tie,0426,mega-venusaur-ex,0388,gholdengo-lunatone
6,510,p1,0525,greninja-ex,0441,gardevoir-ex-sv
6,511,p1,1132,gardevoir-jellicent,0475,dragapult-charizard
6,512,p1,0656,grimmsnarl-froslass,0353,gardevoir-ex-sv
6,513,p2,0146,dragapult-dusknoir,1311,joltik-box
6,514,tie,0513,froslass-munkidori,1273,charizard-noctowl
6,515,p1,0330,dragapult-dusknoir,1126,cynthia-garchomp-ex
6,516,p2,0395,dragapult-charizard,0456,raging-bolt-ogerpon
6,517,p1,0500,n-zoroark,1351,n-zoroark
6,518,p1,1119,grimmsnarl-froslass,0681,n-zoroark
6,519,p1,0915,gholdengo-lunatone,1149,grimmsnarl-froslass
6,520,p2,0508,dragapult-charizard,0857,raging-bolt-ogerpon
6,521,p1,0895,dragapult-dusknoir,1131,charizard-noctowl
6,522,p2,0319,mega-absol-box,0305,ceruledge-ex
6,523,tie,0815,n-zoroark,1389,n-zoroark
6,524,p1,1403,charizard-pidgeot,0692,gardevoir-ex-sv
6,525,p1,1343,grimmsnarl-froslass,0239,dragapult-dusknoir
6,526,p2,0440,gholdengo-lunatone,0678,gholdengo-lunatone
6,527,p2,0364,froslass-munkidori,0016,raging-bolt-ogerpon
6,528,tie,0542,grimmsnarl-froslass,1248,gardevoir-ex-sv
6,529,p2,0897,toxtricity-pfl,0105,charizard-noctowl
6,530,p2,1124,gholdengo-lunatone,1051,mega-venusaur-ex
6,531,tie,0204,charizard-noctowl,0453,dragapult-dusknoir
6,532,tie,0694,flareon-noctowl,0327,raging-bolt-ogerpon
6,533,p2,0517,raging-bolt-ogerpon,0455,n-zoroark
6,534,tie,0485,dragapult-dusknoir,1110,raging-bolt-ogerpon
6,535,p2,1065,rocket-mewtwo-ex,0824,n-zoroark
6,536,p1,0005,gholdengo-lunatone,0918,gardevoir-ex-sv
6,537,p1,0617,gardevoir-ex-sv,0800,gardevoir-ex-sv
6,538,tie,0925,gholdengo-ex,1319,n-zoroark
6,539,p2,0411,froslass-munkidori,1405,gholdengo-lunatone
6,540,tie,1381,dragapult-dusknoir,0528,mega-absol-box
6,541,p1,1338,crustle-dri,1013,ogerpon-meganium
6,542,p2,0012,grimmsnarl-froslass,0762,gardevoir-ex-sv
6,543,tie,0156,gardevoir-ex-sv,0587,charizard-noctowl
6,544,p1,0971,mega-absol-box,0478,n-zoroark
6,545,double_loss,1358,gardevoir-ex-sv,1345,mega-lucario-ex
6,546,double_loss,0225,festival-lead,1176,alakazam-dudunsparce
6,547,p1,0565,n-zoroark,0833,ho-oh-armarouge
6,548,p1,0635,alakazam-dudunsparce,1107,froslass-munkidori
6,549,p2,0154,ceruledge-ex,0306,rocket-mewtwo-ex
6,550,tie,1437,dragapult-dusknoir,0494,gholdengo-lunatone
6,551,p1,0544,dragapult-dusknoir,0987,dragapult-dusknoir
6,552,p2,0771,rocket-mewtwo-ex,0202,gardevoir-ex-sv
6,553,p1,0055,hydreigon-ex,0458,mega-absol-box
6,554,tie,1200,mega-absol-box,0793,froslass-munkidori
6,555,p2,0447,flareon-noctowl,0702,gholdengo-ex
6,556,p2,0406,mega-charizard-x-ex,0410,dragapult-dusknoir
6,557,p1,1262,rocket-mewtwo-ex,0898,gardevoir-ex-sv
6,558,tie,1409,dragapult-dusknoir,0278,gholdengo-lunatone
6,559,p2,0358,dragapult-dusknoir,0066,dragapult-ex
6,560,p1,0687,mega-absol-box,0567,iron-hands-magneton
6,561,p2,0133,ethan-typhlosion,0755,gholdengo-lunatone
6,562,p2,0942,charizard-noctowl,0094,charizard-noctowl
6,563,p1,0324,mega-venusaur-ex,0472,dragapult-dusknoir
6,564,tie,0415,charizard-pidgeot,1116,hydrapple-ex
6,565,p2,1121,charizard-ex,0313,grimmsnarl-froslass
6,566,double_loss,1344,gholdengo-lunatone,0396,charizard-dusknoir
6,567,p1,0606,grimmsnarl-froslass,0195,charizard-pidgeot
6,568,p1,0943,rockets-honchkrow,1122,grimmsnarl-froslass
6,569,tie,1374,froslass-munkidori,0878,alakazam-dudunsparce
6,570,p1,1308,charizard-pidgeot,0135,gardevoir-jellicent
6,571,p1,0978,dragapult-dusknoir,0717,crustle-dri
6,572,double_loss,0331,dragapult-dusknoir,0595,n-zoroark
6,573,p2,0910,gholdengo-lunatone,0827,dragapult-charizard
6,574,p1,0031,joltik-box,0520,raging-bolt-ogerpon
6,575,p2,0487,flareon-noctowl,1129,charizard-pidgeot
6,576,p1,1281,marnie-grimmsnarl-ex,1304,tera-box
6,577,p1,0854,gholdengo-lunatone,0014,great-tusk-tef
6,578,p2,0104,sharpedo-toxtricity,1296,ogerpon-meganium
6,579,p2,1000,rocket-mewtwo-ex,1434,dragapult-dusknoir
6,580,p1,0510,n-zoroark,0006,gardevoir-ex-sv
6,581,p1,0284,alakazam-dudunsparce,0230,slowking-scr
6,582,p1,0879,froslass-munkidori,0928,chien-pao-baxcalibur
6,583,p2,0714,festival-lead,0199,n-zoroark
6,584,p2,1277,charizard-noctowl,1215,n-zoroark
6,585,p1,0481,flareon-noctowl,1008,other
6,586,tie,1157,dragapult-dusknoir,1369,dragapult-dusknoir
6,587,p2,0732,gardevoir-ex-sv,0293,n-zoroark
6,588,p1,0161,grimmsnarl-froslass,0501,raging-bolt-ogerpon
6,589,tie,0015,mega-absol-box,0867,mega-venusaur-ex
6,590,p2,1136,gholdengo-lunatone,0838,festival-lead
6,591,p2,0325,dragapult-dusknoir,1201,mega-absol-box
6,592,tie,0932,gardevoir-ex-sv,1218,dragapult-charizard
6,593,p2,1140,dragapult-dusknoir,0212,gardevoir-ex-sv
6,594,p1,0391,gardevoir-ex-sv,0622,dragapult-charizard
6,595,p1,0516,mega-absol-box,0890,n-zoroark
6,596,p2,0397,dragapult-dusknoir,1017,gardevoir-ex-sv
6,597,p1,0820,tera-box,0690,tera-box
6,598,p1,1160,ceruledge-ex,0439,alakazam-dudunsparce
6,599,p2,1199,mega-absol-box,1441,alakazam-dudunsparce
6,600,tie,0994,cynthia-garchomp-ex,0586,mega-venusaur-ex
6,601,p1,0214,n-zoroark,0122,dragapult-charizard
6,602,tie,0344,grimmsnarl-froslass,0996,grimmsnarl-froslass
6,603,p1,1192,dragapult-dusknoir,0026,raging-bolt-ogerpon
6,604,p1,1089,dragapult-charizard,1167,dragapult-dusknoir
6,605,tie,1226,mega-absol-box,0311,gholdengo-lunatone
6,606,p2,1045,n-zoroark,1289,joltik-box
6,607,p1,0768,dragapult-dusknoir,0532,gardevoir-ex-sv
6,608,p1,0076,mega-absol-box,0741,dragapult-dusknoir
6,609,p1,1444,dragapult-dusknoir,0070,greninja-ex
6,610,p2,1177,kangaskhan-forretress,0003,hop-zacian
6,611,p2,1054,dragapult-dusknoir,0754,alakazam-dudunsparce
6,612,p1,0036,raging-bolt-ogerpon,0593,n-zoroark
6,613,tie,0040,dragapult-dusknoir,0744,dragapult-dusknoir
6,614,p1,1254,dragapult-dusknoir,0539,mega-lucario-ex
6,615,tie,0839,gardevoir-ex-sv,0941,n-zoroark
6,616,p1,0885,n-zoroark,0351,dragapult-dusknoir
6,617,p2,0904,ceruledge-ex,1228,lopunny-dusknoir
6,618,p2,1363,dragapult-dusknoir,0274,gardevoir-ex-sv
6,619,p1,0264,sharpedo-toxtricity,0923,rocket-mewtwo-ex
6,620,p1,0983,gardevoir-ex-sv,0276,mega-venusaur-ex
6,621,p1,0709,dragapult-charizard,0646,dragapult-dusknoir
6,622,p1,0160,alakazam-dudunsparce,0759,other
6,623,p1,1283,flareon-noctowl,1162,lucario-hariyama
6,624,tie,1232,alakazam-dudunsparce,0053,dragapult-ex
6,625,p2,0853,alakazam-dudunsparce,1294,festival-lead
6,626,tie,1385,lucario-hariyama,0128,n-zoroark
6,627,p1,0979,charizard-noctowl,0194,roaring-moon-ex
6,628,p2,0117,mega-absol-box,0522,raging-bolt-ogerpon
6,629,tie,0377,flareon-noctowl,0423,raging-bolt-ogerpon
6,630,p1,0152,dragapult-dusknoir,1235,dragapult-dusknoir
6,631,p2,0080,ceruledge-ex,0796,cynthia-garchomp-ex
6,632,tie,1318,gardevoir-jellicent,1144,dragapult-dusknoir
6,633,p1,1246,charizard-noctowl,0317,mega-absol-box
6,634,p2,0677,gholdengo-lunatone,0292,mega-absol-box
6,635,p2,0238,gholdengo-lunatone,0245,charizard-noctowl
6,636,p1,1307,dragapult-charizard,0186,greninja-ex
6,637,p1,0433,gholdengo-lunatone,0926,marnie-grimmsnarl-ex
6,638,p1,0779,mega-absol-box,1154,n-zoroark
6,639,tie,0698,dragapult-charizard,0361,dragapult-charizard
6,640,tie,0950,gardevoir-ex-sv,0336,alakazam-dudunsparce
6,641,p2,1287,lucario-hariyama,0892,charizard-pidgeot
6,642,tie,0465,stevens-metagross,0365,dragapult-dusknoir
6,643,p2,0559,ceruledge-ex,0557,gardevoir-ex-sv
6,644,p2,0098,greninja-ex,0816,dragapult-dusknoir
6,645,p2,0316,gardevoir-ex-sv,1024,flareon-noctowl
6,646,tie,0794,dragapult-charizard,0562,gardevoir-jellicent
6,647,p2,1402,mega-absol-box,0301,mega-venusaur-ex
6,648,p2,1371,grimmsnarl-froslass,0011,n-zoroark
6,649,p2,1393,gardevoir-ex-sv,0916,dragapult-charizard
6,650,p2,0474,ceruledge-ex,1118,dragapult-charizard
6,651,p2,0802,n-zoroark,0583,grimmsnarl-froslass
6,652,p2,1275,alakazam-dudunsparce,0514,mega-gengar-ex
6,653,p1,0633,n-zoroark,1414,n-zoroark
6,654,p1,0222,slowking-scr,0134,alakazam-meg
6,655,p1,1182,gardevoir-jellicent,0515,charizard-noctowl
6,656,p2,0227,dragapult-dusknoir,1088,dragapult-dusknoir
6,657,p1,0933,joltik-box,1386,grimmsnarl-froslass
6,658,p1,1421,dragapult-dusknoir,0975,gardevoir-jellicent
6,659,p1,1059,dragapult-dusknoir,0913,raging-bolt-ogerpon
6,660,tie,0776,toxtricity-box,0919,dragapult-dusknoir
6,661,p1,0935,mega-charizard-x-ex,1239,dragapult-dusknoir
6,662,p2,0244,dragapult-dusknoir,0965,dragapult-dusknoir
6,663,p1,0172,raging-bolt-ogerpon,0577,charizard-pidgeot
6,664,p1,0604,dragapult-dusknoir,0696,gholdengo-lunatone
6,665,p2,0093,gardevoir-ex-sv,1313,flareon-ex
6,666,p2,0773,dragapult-dusknoir,1081,dragapult-dusknoir
6,667,tie,0060,alakazam-dudunsparce,0165,alakazam-dudunsparce
6,668,tie,0363,crustle-dri,0602,flareon-noctowl
6,669,p2,0569,gardevoir-ex-sv,0830,hydrapple-ogerpon
6,670,p1,0844,alakazam-meg,1300,mega-absol-box
6,671,p1,0352,hop-zacian,0241,dragapult-charizard
6,757,p1,1425,charizard-noctowl,0921,n-zoroark
6,758,p2,1422,dragapult-dusknoir,1427,grimmsnarl-froslass
6,759,p1,0906,gholdengo-lunatone,1439,n-zoroark
6,760,p1,1430,festival-lead,0864,ho-oh-armarouge
6,761,p2,0533,mega-absol-box,1431,froslass-munkidori
6,762,tie,1433,alakazam-dudunsparce,0459,n-zoroark
6,,bye,0176,gholdengo-lunatone,,
7,1,p2,0811,gholdengo-lunatone,1123,grimmsnarl-froslass
7,2,p1,0291,dragapult-dusknoir,0255,dragapult-dusknoir
7,3,p2,0980,tera-box,1292,mega-absol-box
7,4,p2,1161,grimmsnarl-froslass,0786,grimmsnarl-froslass
7,5,p1,0902,gholdengo-lunatone,0030,dragapult-dusknoir
7,6,p2,0079,joltik-box,0216,joltik-box
7,7,p2,1128,joltik-box,0259,gholdengo-lunatone
7,8,p1,1158,gholdengo-lunatone,1071,joltik-box
7,9,p1,0823,ceruledge-ex,0266,gholdengo-joltik-box
7,10,p2,0187,raging-bolt-ogerpon,0407,joltik-box
7,11,p1,0091,raging-bolt-ogerpon,0380,joltik-box
7,12,p2,0141,joltik-box,0271,grimmsnarl-froslass
7,13,p1,0938,grimmsnarl-froslass,1027,dragapult-dusknoir
7,14,p2,0650,mega-froslass-ex,0268,crustle-dri
7,15,p1,1251,froslass-munkidori,0639,n-zoroark
7,16,tie,0051,raging-bolt-ogerpon,1282,gardevoir-ex-sv
7,17,p1,0226,dragapult-dusknoir,0367,alakazam-dudunsparce
7,18,p2,0761,joltik-box,0883,grimmsnarl-froslass
7,19,p1,1130,dragapult-dusknoir,0424,slowking-scr
7,20,p1,1214,raging-bolt-ogerpon,0674,slowking-scr
7,21,p1,0471,gardevoir-ex-sv,0193,lucario-hariyama
7,22,tie,0178,charizard-noctowl,0608,n-zoroark
7,23,tie,0175,gardevoir-ex-sv,0874,raging-bolt-ogerpon
7,24,p2,1286,joltik-box,0504,alakazam-dudunsparce
7,25,tie,0757,festival-lead,0949,dragapult-dusknoir
7,26,tie,0598,n-zoroark,0368,dragapult-dusknoir
7,27,tie,1198,gholdengo-lunatone,0174,dragapult-dusknoir
7,28,tie,0521,gholdengo-lunatone,0398,dragapult-dusknoir
7,29,p2,0338,manectric-eelektrik,1031,gholdengo-lunatone
7,30,p1,0960,gholdengo-lunatone,1349,mega-absol-box
7,31,tie,0535,lucario-hariyama,0747,grimmsnarl-froslass
7,32,p1,1267,n-zoroark,1240,gholdengo-lunatone
7,33,p2,0210,gholdengo-lunatone,0412,mega-absol-box
7,34,p1,1324,dragapult-dusknoir,0219,gholdengo-lunatone
7,35,p2,0242,charizard-pidgeot,0599,mega-absol-box
7,36,p1,1195,grimmsnarl-froslass,0432,grimmsnarl-froslass
7,37,tie,1208,froslass-munkidori,0078,gholdengo-lunatone
7,38,tie,0772,ethan-typhlosion,0004,ho-oh-armarouge
7,39,p1,0229,dragapult-dusknoir,0886,dragapult-dusknoir
7,40,tie,0019,grimmsnarl-froslass,0286,grimmsnarl-froslass
7,41,p2,0483,gholdengo-lunatone,0905,raging-bolt-ogerpon
7,42,tie,1417,froslass-munkidori,1169,joltik-box
7,43,p1,0343,gardevoir-ex-sv,0164,dragapult-dusknoir
7,44,tie,1072,froslass-munkidori,0511,gholdengo-lunatone
7,45,tie,0049,festival-lead,1036,gardevoir-ex-sv
7,46,p1,0966,n-zoroark,0551,gholdengo-lunatone
7,47,p1,0480,tera-box,0318,other
7,48,p1,1365,rockets-honchkrow,0672,mega-absol-box
7,49,p1,1113,gholdengo-lunatone,0181,n-zoroark
7,50,tie,0115,grimmsnarl-froslass,0143,n-zoroark
7,51,p1,0613,grimmsnarl-froslass,0269,dragapult-dusknoir
7,52,p1,0673,gardevoir-ex-sv,0129,crustle-dri
7,53,tie,0218,gardevoir-ex-sv,0208,gardevoir-ex-sv
7,54,p1,1378,gardevoir-ex-sv,1175,n-zoroark
7,55,p2,0637,dragapult-blaziken,0699,dragapult-dusknoir
7,56,p1,1333,grimmsnarl-froslass,0701,gholdengo-lunatone
7,57,p2,1290,grimmsnarl-froslass,1202,n-zoroark
7,58,tie,0262,froslass-munkidori,0893,froslass-munkidori
7,59,p2,1330,dragapult-dusknoir,1223,mega-absol-box
7,60,p1,0025,crustle-dri,1350,crustle-dri
7,61,tie,1189,dragapult-dusknoir,0716,dragapult-dusknoir
7,62,p1,0088,grimmsnarl-froslass,1366,gholdengo-lunatone
7,63,p2,0215,n-zoroark,1355,mega-absol-box
7,64,p1,0252,grimmsnarl-froslass,0307,dragapult-dusknoir
7,65,p1,0659,gardevoir-ex-sv,1250,froslass-munkidori
7,66,p2,1255,gholdengo-lunatone,0764,grimmsnarl-froslass
7,67,p1,0810,froslass-munkidori,0243,gholdengo-lunatone
7,68,p2,1325,raging-bolt-ogerpon,1004,gardevoir-ex-sv
7,69,p1,0421,archaludon-ex,1074,gholdengo-lunatone
7,70,tie,1272,ursaluna-lunatone,0611,froslass-munkidori
7,71,p1,0929,alakazam-dudunsparce,1082,gholdengo-lunatone
7,72,p2,0120,dragapult-dusknoir,0601,mega-absol-box
7,73,p2,0934,joltik-box,0731,n-zoroark
7,74,p1,1138,raging-bolt-ogerpon,1373,joltik-box
7,75,p1,0064,grimmsnarl-froslass,0047,dragapult-dusknoir
7,76,p1,0297,charizard-noctowl,0845,gardevoir-ex-sv
7,77,p2,1102,charizard-noctowl,0288,festival-lead
7,78,p2,0061,mega-absol-box,1090,gholdengo-lunatone
7,79,p2,0729,dragapult-dusknoir,0097,dragapult-dusknoir
7,80,p2,0103,raging-bolt-ogerpon,0722,dragapult-dusknoir
7,81,p2,1080,joltik-box,0221,joltik-box
7,82,p1,0891,gardevoir-jellicent,0906,gholdengo-lunatone
7,83,p1,0022,gholdengo-lunatone,0888,grimmsnarl-froslass
7,84,tie,1086,dragapult-dusknoir,0468,n-zoroark
7,85,p2,0289,dragapult-dusknoir,0908,dragapult-charizard
7,86,p1,0024,n-zoroark,0114,gholdengo-lunatone
7,87,p1,0873,gholdengo-lunatone,0669,festival-lead
7,88,p2,1020,dragapult-dusknoir,0578,raging-bolt-ogerpon
7,89,p1,0356,gholdengo-lunatone,1258,dragapult-dusknoir
7,90,p2,0482,gardevoir-ex-sv,1021,dragapult-dusknoir
7,91,p2,1180,gholdengo-lunatone,0751,mega-absol-box
7,92,p1,0964,gholdengo-lunatone,0894,dragapult-dusknoir
7,93,tie,0121,raging-bolt-ogerpon,0527,grimmsnarl-froslass
7,94,p1,0505,dragapult-charizard,0211,dragapult-dusknoir
7,95,p2,1413,gardevoir-ex-sv,1265,froslass-munkidori
7,96,tie,0625,joltik-box,0420,alakazam-dudunsparce
7,97,p2,0477,gholdengo-lunatone,0869,dragapult-dusknoir
7,98,p2,1394,gholdengo-lunatone,0102,crustle-dri
7,99,p1,1395,festival-lead,1404,n-zoroark
7,100,p1,1211,?,0947,dragapult-charizard
7,101,p1,0746,ceruledge-ex,0282,gholdengo-lunatone
7,102,tie,0832,dragapult-dusknoir,0903,charizard-pidgeot
7,103,tie,0467,gardevoir-ex-sv,1335,ceruledge-ex
7,104,p1,0237,dragapult-dusknoir,0185,dragapult-dusknoir
7,105,p1,0111,tera-box,1364,mega-absol-box
7,106,p2,0205,festival-lead,0155,dragapult-dusknoir
7,107,tie,1236,dragapult-dusknoir,0037,mega-absol-box
7,108,p2,0119,grimmsnarl-froslass,1216,dragapult-dusknoir
7,109,tie,0192,charizard-noctowl,0558,pidgeot-control
7,110,p2,0882,ceruledge-ex,1400,roaring-moon-dudunsparce
7,111,tie,0835,flareon-noctowl,1204,dragapult-charizard
7,112,p2,0099,charizard-noctowl,1284,alakazam-dudunsparce
7,113,p2,0649,gholdengo-lunatone,0507,grimmsnarl-froslass
7,114,tie,0594,ceruledge-ex,0346,mega-absol-box
7,115,p2,1083,dragapult-charizard,0691,grimmsnarl-froslass
7,116,p2,0197,froslass-munkidori,0113,gholdengo-lunatone
7,117,p2,0463,alakazam-meg,1050,charizard-noctowl
7,118,p1,0742,dragapult-charizard,1259,gardevoir-jellicent
7,119,p1,0967,dragapult-dusknoir,0718,raging-bolt-ogerpon
7,120,p2,0530,dragapult-dusknoir,0168,grimmsnarl-froslass
7,121,p1,1446,dragapult-dusknoir,1321,gholdengo-lunatone
7,122,p2,0765,grimmsnarl-froslass,0290,grimmsnarl-froslass
7,123,p1,0688,dragapult-dusknoir,0588,charizard-noctowl
7,124,p1,0828,dragapult-dusknoir,0792,charizard-noctowl
7,125,p2,0408,froslass-munkidori,1194,grimmsnarl-froslass
7,126,p1,0371,raging-bolt-ogerpon,0359,gholdengo-lunatone
7,127,p1,0856,festival-lead,0721,grimmsnarl-froslass
7,128,tie,0643,grimmsnarl-froslass,0840,dragapult-dusknoir
7,129,p1,0846,ursaluna-lunatone,0579,mega-absol-box
7,130,p1,1295,gardevoir-ex-sv,1103,n-zoroark
7,131,p2,0679,n-zoroark,0493,crustle-dri
7,132,p1,1133,grimmsnarl-froslass,1353,gardevoir-ex-sv
7,133,p2,0198,grimmsnarl-froslass,1432,gardevoir-ex-sv
7,134,p2,1120,charizard-noctowl,0144,ceruledge-ex
7,135,p1,0349,gardevoir-ex-sv,0806,raging-bolt-ogerpon
7,136,p2,0158,dragapult-dusknoir,0684,mega-absol-box
7,137,p2,1328,tera-box,1298,charizard-noctowl
7,138,p2,0620,grimmsnarl-froslass,0201,gholdengo-lunatone
7,139,p1,1029,dragapult-dusknoir,0547,gholdengo-lunatone
7,140,double_loss,1356,?,0584,?
7,141,p1,0572,dragapult-dusknoir,1401,lucario-hariyama
7,142,p2,0041,grimmsnarl-froslass,0002,gardevoir-ex-sv
7,143,p2,1063,n-zoroark,1237,tera-box
7,144,p1,1134,n-zoroark,0901,charizard-pidgeot
7,145,p1,1398,rockets-honchkrow,1034,grimmsnarl-froslass
7,146,p1,0270,crustle-dri,0125,n-zoroark
7,147,p2,0419,charizard-noctowl,0425,dragapult-dusknoir
7,148,p2,1033,charizard-ex,0203,n-zoroark
7,149,p2,0232,charizard-noctowl,1147,gardevoir-ex-sv
7,150,p1,1309,crustle-dri,0600,gholdengo-lunatone
7,151,tie,1210,gholdengo-lunatone,0958,festival-lead
7,152,p1,0228,n-zoroark,0880,charizard-noctowl
7,153,p1,0083,grimmsnarl-froslass,0737,grimmsnarl-froslass
7,154,p2,0010,grimmsnarl-froslass,0457,cynthia-garchomp-ex
7,155,tie,1331,joltik-box,0855,gholdengo-lunatone
7,156,p2,0590,dragapult-dusknoir,0196,flareon-noctowl
7,157,tie,0642,crustle-dri,1037,raging-bolt-ogerpon
7,158,p1,1111,grimmsnarl-froslass,0354,grimmsnarl-froslass
7,159,p2,1181,dragapult-charizard,0866,kangaskhan-bouffalant
7,160,p2,0234,rocket-mewtwo-ex,1361,dragapult-charizard
7,161,p2,0693,mega-absol-box,0089,alakazam-dudunsparce
7,162,p1,0538,dragapult-dusknoir,0657,hydrapple-ogerpon
7,163,p2,0990,gardevoir-ex-sv,0999,n-zoroark
7,164,p2,1066,n-zoroark,1411,grimmsnarl-froslass
7,165,p2,1151,charizard-pidgeot,0548,n-zoroark
7,166,p2,0739,joltik-box,1058,n-zoroark
7,167,p2,1230,dragapult-dusknoir,0112,mega-absol-box
7,168,tie,0831,gholdengo-lunatone,0791,gholdengo-lunatone
7,169,p2,0581,dragapult-dusknoir,0570,gardevoir-ex-sv
7,170,p1,0249,dragapult-dusknoir,0738,tera-box
7,171,p1,0220,grimmsnarl-froslass,0705,gardevoir-ex-sv
7,172,p2,0814,n-zoroark,0847,charizard-noctowl
7,173,p2,0734,gholdengo-lunatone,0007,n-zoroark
7,174,p1,0072,dragapult-dusknoir,1207,ursaluna-lunatone
7,175,p1,1156,gardevoir-jellicent,0108,dragapult-dusknoir
7,176,p2,1146,n-zoroark,0940,charizard-pidgeot
7,177,p2,0770,ceruledge-ex,0357,crustle-dri
7,178,p2,0461,flareon-noctowl,0159,festival-lead
7,179,p1,1168,grimmsnarl-froslass,1042,froslass-munkidori
7,180,p2,0524,gholdengo-lunatone,1271,raging-bolt-ogerpon
7,181,p1,1047,dragapult-dusknoir,1187,dragapult-charizard
7,182,tie,0067,froslass-munkidori,0661,raging-bolt-ogerpon
7,183,p1,1098,dragapult-dusknoir,0822,flareon-noctowl
7,184,p1,0399,dragapult-dusknoir,0972,charizard-noctowl
7,185,p2,0273,dragapult-dusknoir,0296,gardevoir-ex-sv
7,186,p1,0418,dragapult-dusknoir,0373,charizard-pidgeot
7,187,tie,0027,n-zoroark,0552,dragapult-dusknoir
7,188,p1,0321,ceruledge-ex,1053,dragapult-dusknoir
7,189,p1,1190,alakazam-dudunsparce,0162,gholdengo-lunatone
7,190,p2,0495,n-zoroark,0277,raging-bolt-ogerpon
7,191,p1,1396,alakazam-dudunsparce,0858,n-zoroark
7,192,double_loss,1093,?,1127,?
7,193,p1,0922,mega-absol-box,0092,gholdengo-lunatone
7,194,p2,1376,gholdengo-lunatone,0409,joltik-box
7,195,p2,1148,gholdengo-lunatone,0545,dragapult-dusknoir
7,196,p1,0745,greninja-blaziken,1377,flareon-noctowl
7,197,p1,0560,gardevoir-ex-sv,0819,crustle-dri
7,198,p2,0783,gardevoir-ex-sv,0619,gholdengo-lunatone
7,199,p1,0592,dragapult-dusknoir,1142,grimmsnarl-froslass
7,200,p1,0621,?,0110,mega-absol-box
7,201,p1,1392,crustle-dri,1229,dragapult-dusknoir
7,202,p1,1419,dragapult-charizard,0265,raging-bolt-ogerpon
7,203,p2,0652,grimmsnarl-froslass,0329,joltik-box
7,204,p2,0803,raging-bolt-ogerpon,0801,lucario-hariyama
7,205,p2,0970,dragapult-charizard,0054,gholdengo-lunatone
7,206,p2,0431,gholdengo-lunatone,0131,dragapult-charizard
7,207,tie,0976,dragapult-dusknoir,1006,mega-absol-box
7,208,p2,0519,dragapult-dusknoir,0553,raging-bolt-ogerpon
7,209,p1,0287,cynthia-garchomp-ex,0671,froslass-munkidori
7,210,double_loss,0445,?,1096,?
7,211,p1,0309,gholdengo-lunatone,0727,froslass-munkidori
7,212,p1,1384,froslass-munkidori,1440,gholdengo-lunatone
7,213,p2,0907,froslass-munkidori,1115,gholdengo-lunatone
7,214,p1,1150,joltik-box,1018,gholdengo-lunatone
7,215,p2,0310,charizard-noctowl,1305,cynthia-garchomp-ex
7,216,p1,1109,mega-venusaur-ex,0580,gholdengo-lunatone
7,217,p1,0554,gholdengo-ex,0001,mega-absol-box
7,218,p1,0405,charizard-pidgeot,0549,grimmsnarl-froslass
7,219,p1,1408,ceruledge-ex,0626,dragapult-charizard
7,220,p1,1101,cynthia-garchomp-ex,0258,charizard-pidgeot
7,221,p2,1424,ceruledge-ex,1225,alakazam-dudunsparce
7,222,p2,0401,dragapult-charizard,0784,n-zoroark
7,223,p1,1257,grimmsnarl-froslass,0636,joltik-box
7,224,p1,0314,raging-bolt-ogerpon,1310,n-zoroark
7,225,p2,0442,palafin-ex,0740,froslass-munkidori
7,226,p1,0018,joltik-box,0951,n-zoroark
7,227,p1,0320,raging-bolt-ogerpon,0498,grimmsnarl-froslass
7,228,tie,0476,gholdengo-lunatone,0750,gholdengo-lunatone
7,229,p2,1423,grimmsnarl-froslass,1002,n-zoroark
7,230,p1,0576,gholdengo-lunatone,0953,ceruledge-ex
7,231,p1,1367,kangaskhan-bouffalant,1135,ceruledge-ex
7,232,p1,0837,dragapult-dusknoir,0017,gholdengo-joltik-box
7,233,p2,0787,grimmsnarl-froslass,0872,tera-box
7,234,p2,1185,conkeldurr-twm,0339,dragapult-dusknoir
7,235,p2,0101,raging-bolt-ogerpon,0640,grimmsnarl-froslass
7,236,p2,0638,dragapult-dusknoir,1052,dragapult-dusknoir
7,237,p1,1022,ceruledge-ex,0428,ceruledge-ex
7,238,p2,0663,joltik-box,0605,gardevoir-ex-sv
7,239,p1,1299,n-zoroark,1010,froslass-munkidori
7,240,tie,1172,dragapult-charizard,1003,grimmsnarl-froslass
7,241,p1,0563,dragapult-dusknoir,0246,dragapult-dusknoir
7,242,p2,0713,mega-lucario-ex,0849,dragapult-dusknoir
7,243,p2,0058,dragapult-dusknoir,0984,mega-absol-box
7,244,p2,1164,raging-bolt-ogerpon,0267,gardevoir-ex-sv
7,245,p2,0068,gholdengo-lunatone,1171,gardevoir-ex-sv
7,246,p2,0596,raging-bolt-ogerpon,1269,froslass-munkidori
7,247,p1,0675,grimmsnarl-froslass,0813,dragapult-charizard
7,248,p1,1099,raging-bolt-ogerpon,0020,n-zoroark
7,249,p1,1435,dragapult-dusknoir,0454,dragapult-charizard
7,250,tie,1025,dragapult-dusknoir,0628,n-zoroark
7,251,p2,1209,gardevoir-jellicent,0997,grimmsnarl-froslass
7,252,p1,0123,dragapult-dusknoir,0988,raging-bolt-ogerpon
7,253,p1,0184,ceruledge-ex,0648,ceruledge-ex
7,254,p2,0046,joltik-box,0157,alakazam-dudunsparce
7,255,p2,0546,n-zoroark,0294,dragapult-dusknoir
7,256,p1,0899,mega-absol-box,0095,gardevoir-jellicent
7,257,p1,1341,ceruledge-ex,1280,dragapult-dusknoir
7,258,p2,0207,n-zoroark,1268,grimmsnarl-froslass
7,259,p2,0865,palafin-ex,0647,raging-bolt-ogerpon
7,260,p2,1370,raging-bolt-ogerpon,0924,charizard-noctowl
7,261,p2,0374,gholdengo-joltik-box,0670,dragapult-dusknoir
7,262,p1,1362,raging-bolt-ogerpon,0385,n-zoroark
7,263,p1,0946,mega-absol-box,0381,poison-archaludon
7,264,p1,0962,grimmsnarl-froslass,0912,dragapult-charizard
7,265,p1,0870,kangaskhan-bouffalant,0689,n-zoroark
7,266,p2,0308,gholdengo-lunatone,0503,crustle-dri
7,267,p1,0848,dragapult-blaziken,1075,gholdengo-lunatone
7,268,p1,0952,charizard-noctowl,1085,dragapult-froslass
7,269,p1,0616,dragapult-dusknoir,1438,gardevoir-ex-sv
7,270,p2,0302,froslass-munkidori,0634,dragapult-charizard
7,271,p2,0402,lucario-hariyama,0427,dragapult-dusknoir
7,272,p2,0610,gardevoir-jellicent,1016,gholdengo-lunatone
7,273,p2,0862,n-zoroark,0169,?
7,274,p2,0817,n-zoroark,1418,n-zoroark
7,275,p1,0607,grimmsnarl-froslass,0614,gholdengo-lunatone
7,276,p1,0430,tera-box,0189,n-zoroark
7,277,p2,1179,gardevoir-ex-sv,0889,n-zoroark
7,278,p2,1174,tera-box,0959,gardevoir-ex-sv
7,279,p1,0429,greninja-ex,0666,mega-absol-box
7,280,p2,0434,gardevoir-ex-sv,0009,crustle-dri
7,281,p1,0829,grimmsnarl-froslass,0767,dragapult-dusknoir
7,282,p1,0589,charizard-noctowl,1360,gardevoir-ex-sv
7,283,p2,1261,raging-bolt-ogerpon,1279,festival-lead
7,284,p1,0390,n-zoroark,1243,dragapult-dusknoir
7,285,tie,0179,charizard-noctowl,1092,gardevoir-ex-sv
7,286,p1,1019,cynthia-garchomp-ex,1293,n-zoroark
7,287,p1,0534,dragapult-dusknoir,0707,raging-bolt-ogerpon
7,288,p2,1276,crustle-dri,1288,alakazam-dudunsparce
7,289,p1,1336,charizard-noctowl,0733,dragapult-dusknoir
7,290,p1,0603,dragapult-dusknoir,0355,dragapult-dusknoir
7,291,p2,0778,festival-lead,0035,ceruledge-ex
7,292,tie,0809,n-zoroark,1112,n-zoroark
7,293,p2,1241,gardevoir-ex-sv,0629,festival-lead
7,294,p2,1114,mega-absol-box,1186,raging-bolt-ogerpon
7,295,p1,0808,copperajah-ex,1009,dragapult-dusknoir
7,296,p2,0223,dragapult-dusknoir,0074,gholdengo-lunatone
7,297,p1,0065,ceruledge-ex,1340,n-zoroark
7,298,p2,1306,charizard-noctowl,1044,raging-bolt-ogerpon
7,299,p2,0945,flareon-noctowl,0345,mega-absol-box
7,300,p2,0506,dragapult-dusknoir,0930,festival-lead
7,301,p2,0991,cynthia-garchomp-ex,1011,dragapult-charizard
7,302,p1,0921,n-zoroark,1196,n-zoroark
7,303,p2,1317,ceruledge-ex,1429,gardevoir-ex-sv
7,304,p1,1375,gardevoir-ex-sv,1105,dragapult-dusknoir
7,305,p1,0896,charizard-noctowl,0931,n-zoroark
7,306,tie,0797,n-zoroark,0900,gholdengo-joltik-box
7,307,p2,0446,grimmsnarl-froslass,0084,mega-lucario-ex
7,308,p2,0300,dragapult-dusknoir,1108,gholdengo-lunatone
7,309,tie,0378,dragapult-dusknoir,1372,lucario-hariyama
7,310,p2,0561,raging-bolt-ogerpon,1252,gardevoir-ex-sv
7,311,p1,1253,dragapult-dusknoir,1188,sharpedo-toxtricity
7,312,p1,1415,mega-venusaur-ex,0490,gardevoir-ex-sv
7,313,p2,0473,dragapult-dusknoir,1379,rocket-mewtwo-ex
7,314,p2,0435,raging-bolt-ogerpon,1139,gardevoir-ex-sv
7,315,p1,1242,mega-absol-box,0749,dragapult-ex
7,316,p1,1245,festival-lead,0059,dragapult-charizard
7,317,p2,1141,grimmsnarl-froslass,0443,gholdengo-lunatone
7,318,p1,0850,mega-absol-box,0183,n-zoroark
7,319,p1,0624,dragapult-dusknoir,0790,grimmsnarl-froslass
7,320,p2,1270,n-zoroark,0957,n-zoroark
7,321,p1,0654,charizard-noctowl,0753,dragapult-dusknoir
7,322,p1,1221,mega-absol-box,1206,gholdengo-lunatone
7,323,p1,1073,raging-bolt-ogerpon,0680,gardevoir-ex-sv
7,324,p2,0769,dragapult-dusknoir,0188,charizard-noctowl
7,325,p2,1100,dragapult-dusknoir,1436,slowking-scr
7,326,p2,0712,n-zoroark,0956,mega-absol-box
7,327,tie,0632,raging-bolt-ogerpon,1219,dragapult-dusknoir
7,328,p2,0109,n-zoroark,1291,dragapult-dusknoir
7,329,tie,0795,dragapult-dusknoir,0496,flareon-noctowl
7,330,p1,0968,cynthia-garchomp-ex,0818,charizard-pidgeot
7,331,p1,0142,dragapult-dusknoir,0736,festival-lead
7,332,p1,0685,festival-lead,1014,joltik-box
7,333,p2,1391,dragapult-dusknoir,0182,gholdengo-lunatone
7,334,p1,0337,raging-bolt-ogerpon,1368,raging-bolt-ogerpon
7,335,tie,0437,raging-bolt-ogerpon,1231,gholdengo-lunatone
7,336,p1,0860,cynthia-garchomp-ex,0281,greninja-ex
7,337,p1,1069,froslass-munkidori,0050,gholdengo-lunatone
7,338,p1,1337,gardevoir-ex-sv,0086,festival-lead
7,339,tie,0422,raging-bolt-ogerpon,1041,gholdengo-lunatone
7,340,tie,0963,ceruledge-ex,1159,cynthia-garchomp-ex
7,341,p2,0404,dragapult-dusknoir,0881,lucario-hariyama
7,342,p2,1030,rockets-honchkrow,1193,mega-venusaur-ex
7,343,p2,1178,mega-venusaur-ex,1406,raging-bolt-ogerpon
7,344,p2,0132,grimmsnarl-froslass,0682,n-zoroark
7,345,p2,0936,froslass-munkidori,0191,ogerpon-meganium
7,346,p2,0042,raging-bolt-ogerpon,0459,n-zoroark
7,347,p1,0170,archaludon-ex,1217,dragapult-dusknoir
7,348,tie,0488,dragapult-charizard,0618,grimmsnarl-froslass
7,349,p2,1084,dragapult-dusknoir,0703,charizard-pidgeot
7,350,tie,0826,n-zoroark,0090,dragapult-dusknoir
7,351,p1,0824,n-zoroark,0085,gholdengo-lunatone
7,352,p2,1155,n-zoroark,0644,froslass-munkidori
7,353,p1,1320,dragapult-dusknoir,0981,grimmsnarl-froslass
7,354,p1,1342,gardevoir-ex-sv,0231,dragapult-dusknoir
7,355,p2,0008,dragapult-dusknoir,1173,raging-bolt-ogerpon
7,356,p1,0456,raging-bolt-ogerpon,0766,dragapult-dusknoir
7,357,tie,0645,gholdengo-lunatone,0895,dragapult-dusknoir
7,358,tie,0298,gholdengo-lunatone,1303,grimmsnarl-froslass
7,359,p1,1311,joltik-box,0719,gholdengo-lunatone
7,360,tie,0305,ceruledge-ex,1132,gardevoir-jellicent
7,361,p1,0256,gardevoir-ex-sv,0568,dragapult-dusknoir
7,362,p1,0105,charizard-noctowl,0651,dragapult-dusknoir
7,363,p1,1359,charizard-noctowl,0330,dragapult-dusknoir
7,364,p1,0842,dragapult-dusknoir,0379,n-zoroark
7,365,p1,0455,n-zoroark,0489,flareon-noctowl
7,366,p1,1023,gholdengo-lunatone,0861,charizard-pidgeot
7,367,p2,0775,n-zoroark,0523,dragapult-charizard
7,368,p2,1076,dragapult-dusknoir,1119,grimmsnarl-froslass
7,369,p2,1410,gholdengo-lunatone,1062,dragapult-dusknoir
7,370,tie,1357,dragapult-ex,1125,ceruledge-ex
7,371,p1,0247,gardevoir-jellicent,0533,mega-absol-box
7,372,p2,0915,gholdengo-lunatone,0774,gardevoir-ex-sv
7,373,p1,0851,n-zoroark,0069,alakazam-dudunsparce
7,374,p1,1343,grimmsnarl-froslass,0863,dragapult-charizard
7,375,p2,0500,n-zoroark,1227,dragapult-dusknoir
7,376,p1,0392,grimmsnarl-froslass,0275,gardevoir-ex-sv
7,377,p2,0909,ceruledge-ex,0450,dragapult-dusknoir
7,378,p2,0780,gholdengo-lunatone,1057,kangaskhan-bouffalant
7,379,p2,1352,charizard-noctowl,0668,gholdengo-lunatone
7,380,p2,0995,grimmsnarl-froslass,0043,n-zoroark
7,381,p2,0096,ceruledge-ex,1043,gholdengo-lunatone
7,382,p1,0841,gholdengo-lunatone,0052,n-zoroark
7,383,p2,0875,dragapult-dusknoir,0016,raging-bolt-ogerpon
7,384,p2,1220,grimmsnarl-froslass,0917,gardevoir-ex-sv
7,385,p1,0852,ceruledge-ex,1039,charizard-pidgeot
7,386,p1,0295,mega-absol-box,0484,n-zoroark
7,387,p2,1143,n-zoroark,0805,grimmsnarl-froslass
7,388,p1,0190,ceruledge-ex,1403,charizard-pidgeot
7,389,p1,1274,mega-absol-box,0575,grimmsnarl-froslass
7,390,p1,0021,dragapult-dusknoir,1197,mega-absol-box
7,391,p1,0655,raging-bolt-ogerpon,1152,gholdengo-lunatone
7,392,p1,0518,dragapult-charizard,0627,grimmsnarl-froslass
7,393,p2,0005,gholdengo-lunatone,0341,charizard-noctowl
7,394,p2,0631,charizard-pidgeot,1247,gardevoir-jellicent
7,395,p1,0413,dragapult-dusknoir,0656,grimmsnarl-froslass
7,396,p2,0617,gardevoir-ex-sv,0678,gholdengo-lunatone
7,397,tie,0857,raging-bolt-ogerpon,0387,grimmsnarl-froslass
7,398,p2,1329,gholdengo-lunatone,0116,dragapult-dusknoir
7,399,p1,0529,grimmsnarl-froslass,0686,lucario-hariyama
7,400,p2,0609,grimmsnarl-froslass,0525,greninja-ex
7,401,p2,0149,mega-absol-box,1256,gardevoir-ex-sv
7,402,tie,1051,mega-venusaur-ex,1416,n-zoroark
7,403,p1,0785,gardevoir-ex-sv,0161,grimmsnarl-froslass
7,404,p2,1348,poison-mega-latias,0333,charizard-pidgeot
7,405,p2,1007,dragapult-charizard,0887,gardevoir-ex-sv
7,406,p2,1399,hops-trevenant,1308,charizard-pidgeot
7,407,p2,0955,charizard-pidgeot,0573,gardevoir-ex-sv
7,408,p1,1129,charizard-pidgeot,0414,gardevoir-ex-sv
7,409,tie,0877,charizard-noctowl,0526,charizard-noctowl
7,410,p1,0943,rockets-honchkrow,1281,marnie-grimmsnarl-ex
7,411,p2,0700,festival-lead,1260,grimmsnarl-froslass
7,412,p2,0293,n-zoroark,0702,gholdengo-ex
7,413,p2,0076,mega-absol-box,0214,n-zoroark
7,414,p1,1201,mega-absol-box,1407,gholdengo-lunatone
7,415,p2,1266,rockets-honchkrow,0978,dragapult-dusknoir
7,416,p1,0954,mega-absol-box,1285,mega-lucario-ex
7,417,p1,0574,rockets-honchkrow,0124,dragapult-dusknoir
7,418,p1,0486,dragapult-dusknoir,0285,dragapult-dusknoir
7,419,p1,0066,dragapult-ex,0556,grimmsnarl-froslass
7,420,p1,1089,dragapult-charizard,0081,mega-absol-box
7,421,p1,0687,mega-absol-box,1405,gholdengo-lunatone
7,422,p2,0031,joltik-box,1262,rocket-mewtwo-ex
7,423,p2,0372,mega-absol-box,0260,n-zoroark
7,424,tie,0444,dragapult-dusknoir,0261,froslass-munkidori
7,425,p1,1289,joltik-box,0147,grimmsnarl-froslass
7,426,p2,0768,dragapult-dusknoir,0394,raging-bolt-ogerpon
7,427,p2,0140,joltik-box,0585,dragapult-dusknoir
7,428,p1,0939,dragapult-dusknoir,1444,dragapult-dusknoir
7,429,p2,0820,tera-box,0927,dragapult-dusknoir
7,430,p1,1079,dragapult-dusknoir,0834,dragapult-dusknoir
7,431,p2,1314,ceruledge-ex,0366,dragapult-dusknoir
7,432,p2,0789,grimmsnarl-froslass,0827,dragapult-charizard
7,433,p1,0944,lucario-hariyama,0326,raging-bolt-ogerpon
7,434,p2,0306,rocket-mewtwo-ex,0630,dragapult-dusknoir
7,435,p2,0272,dragapult-dusknoir,0335,gardevoir-ex-sv
7,436,p1,0481,flareon-noctowl,1354,dragapult-dusknoir
7,437,p1,0313,grimmsnarl-froslass,1428,grimmsnarl-froslass
7,438,p2,1061,alakazam-dudunsparce,0013,dragapult-dusknoir
7,439,p2,0263,charizard-pidgeot,1005,froslass-munkidori
7,440,p1,1192,dragapult-dusknoir,0760,dragapult-dusknoir
7,441,p1,1017,gardevoir-ex-sv,0536,dragapult-dusknoir
7,442,p1,0720,dragapult-dusknoir,1222,grimmsnarl-froslass
7,443,p1,0212,gardevoir-ex-sv,0200,gholdengo-lunatone
7,444,p1,0606,grimmsnarl-froslass,0376,dragapult-dusknoir
7,445,double_loss,1191,raging-bolt-ogerpon,0986,dragapult-dusknoir
7,446,p2,0491,raging-bolt-ogerpon,0879,froslass-munkidori
7,447,p2,0499,slowking-scr,0973,dragapult-dusknoir
7,448,p1,1338,crustle-dri,0167,gholdengo-ex
7,449,p1,0199,n-zoroark,1326,grimmsnarl-froslass
7,450,p2,0565,n-zoroark,0328,alakazam-dudunsparce
7,451,p1,0137,mega-absol-box,0541,mega-absol-box
7,452,p2,0728,n-zoroark,0410,dragapult-dusknoir
7,453,double_loss,0876,rocket-mewtwo-ex,1234,charizard-noctowl
7,454,p1,1434,dragapult-dusknoir,0400,gardevoir-ex-sv
7,455,p1,0544,dragapult-dusknoir,0094,charizard-noctowl
7,456,p1,1106,charizard-noctowl,0804,n-zoroark
7,457,p1,1296,ogerpon-meganium,0279,grimmsnarl-froslass
7,458,p2,0992,dragapult-dusknoir,0854,gholdengo-lunatone
7,459,p1,0977,gholdengo-lunatone,0386,rocket-mewtwo-ex
7,460,p2,1163,gardevoir-ex-sv,1397,dragapult-dusknoir
7,461,p2,1422,dragapult-dusknoir,1038,gholdengo-lunatone
7,462,p1,1095,gardevoir-ex-sv,1387,rocket-mewtwo-ex
7,463,p2,1339,dragapult-dusknoir,0871,okidogi-ex
7,464,p1,0202,gardevoir-ex-sv,0884,dragapult-dusknoir
7,465,p1,0235,dragapult-dusknoir,0280,alakazam-meg
7,466,p1,0782,dragapult-dusknoir,0416,tera-box
7,467,p2,1160,ceruledge-ex,0163,dragapult-dusknoir
7,468,p1,0304,alakazam-dudunsparce,0138,charizard-pidgeot
7,469,tie,0762,gardevoir-ex-sv,0284,alakazam-dudunsparce
7,470,tie,0257,crustle-dri,0224,kangaskhan-bouffalant
7,471,p1,0251,gardevoir-ex-sv,0555,dragapult-charizard
7,472,p2,1215,n-zoroark,0299,dragapult-dusknoir
7,473,p2,0755,gholdengo-lunatone,0635,alakazam-dudunsparce
7,474,p1,0726,dragapult-dusknoir,0350,hops-trevenant
7,475,p1,1184,dragapult-dusknoir,1278,hydrapple-ogerpon
7,476,p1,0324,mega-venusaur-ex,0370,gholdengo-lunatone
7,477,p2,0236,ogerpon-meganium,1244,dragapult-dusknoir
7,478,p2,0510,n-zoroark,0838,festival-lead
7,479,p2,1382,n-zoroark,0391,gardevoir-ex-sv
7,480,p2,0075,dragapult-dusknoir,0347,gholdengo-lunatone
7,481,p2,1165,gardevoir-ex-sv,0148,dragapult-dusknoir
7,482,p2,0658,gardevoir-ex-sv,1441,alakazam-dudunsparce
7,483,p2,1426,tera-box,0660,gholdengo-lunatone
7,484,p1,0332,raging-bolt-ogerpon,0566,dragapult-charizard
7,485,p2,1145,tera-box,0821,ceruledge-ex
7,486,p1,0055,hydreigon-ex,0130,ethan-typhlosion
7,487,p1,0571,rocket-mewtwo-ex,0312,mega-lucario-ex
7,488,p1,0516,mega-absol-box,0348,gardevoir-ex-sv
7,489,p2,0023,gardevoir-jellicent,0971,mega-absol-box
7,490,p1,0127,gardevoir-ex-sv,0777,grimmsnarl-froslass
7,491,p1,0641,slowking-scr,0388,gholdengo-lunatone
7,492,p1,0543,grimmsnarl-froslass,1273,charizard-noctowl
7,493,p1,1283,flareon-noctowl,0403,dragapult-dusknoir
7,494,p2,0451,gardevoir-jellicent,0531,charizard-noctowl
7,495,p1,1254,dragapult-dusknoir,1302,dragapult-dusknoir
7,496,p2,0382,alakazam-dudunsparce,0177,n-zoroark
7,497,p1,1026,greninja-ex,1153,gardevoir-ex-sv
7,498,p2,1205,manectric-eelektrik,1046,alakazam-dudunsparce
7,499,p1,0513,froslass-munkidori,0989,festival-lead
7,500,p2,0615,lopunny-dusknoir,0796,cynthia-garchomp-ex
7,501,p1,1015,gardevoir-ex-sv,0245,charizard-noctowl
7,502,p2,0464,azumarill-ssp,0812,kangaskhan-bouffalant
7,503,p1,0152,dragapult-dusknoir,1048,gardevoir-ex-sv
7,504,p2,0453,dragapult-dusknoir,0983,gardevoir-ex-sv
7,505,p2,0087,n-zoroark,0032,raging-bolt-ogerpon
7,506,tie,0754,alakazam-dudunsparce,0150,gardevoir-ex-sv
7,507,tie,0253,raging-bolt-ogerpon,0485,dragapult-dusknoir
7,508,tie,0799,dragapult-dusknoir,0264,sharpedo-toxtricity
7,509,tie,0982,n-zoroark,0436,gardevoir-ex-sv
7,510,p1,0522,raging-bolt-ogerpon,0948,n-zoroark
7,511,p2,1228,lopunny-dusknoir,0683,grimmsnarl-froslass
7,512,p2,1412,grimmsnarl-froslass,0003,hop-zacian
7,513,p1,0925,gholdengo-ex,0694,flareon-noctowl
7,514,tie,0557,gardevoir-ex-sv,0342,dragapult-dusknoir
7,515,p2,0160,alakazam-dudunsparce,1248,gardevoir-ex-sv
7,516,p1,0885,n-zoroark,1064,gardevoir-ex-sv
7,517,tie,0798,mega-absol-box,0979,charizard-noctowl
7,518,p1,0591,kangaskhan-bouffalant,0993,ceruledge-ex
7,519,double_loss,0597,raging-bolt-ogerpon,0153,dragapult-dusknoir
7,520,p1,1294,festival-lead,1246,charizard-noctowl
7,521,p2,0292,mega-absol-box,0036,raging-bolt-ogerpon
7,522,p1,0892,charizard-pidgeot,1117,alakazam-dudunsparce
7,523,p2,0781,charizard-noctowl,1388,n-zoroark
7,524,p1,0662,mega-absol-box,1213,n-zoroark
7,525,p1,0807,raging-bolt-ogerpon,1263,mega-absol-box
7,526,double_loss,0204,charizard-noctowl,0173,dragapult-dusknoir
7,527,p2,0056,grimmsnarl-froslass,1442,rockets-honchkrow
7,528,p1,0779,mega-absol-box,1097,raging-bolt-ogerpon
7,529,tie,1389,n-zoroark,0274,gardevoir-ex-sv
7,530,p1,1068,festival-lead,0542,grimmsnarl-froslass
7,531,tie,0433,gholdengo-lunatone,0362,dragapult-dusknoir
7,532,p2,1224,raging-bolt-ogerpon,1055,n-zoroark
7,533,p1,0466,n-zoroark,0815,n-zoroark
7,534,p1,0315,gardevoir-ex-sv,0151,mega-absol-box
7,535,p1,1319,n-zoroark,0937,n-zoroark
7,536,tie,1078,n-zoroark,0438,ceruledge-ex
7,537,p2,0725,froslass-munkidori,0327,raging-bolt-ogerpon
7,538,p1,0914,festival-lead,1110,raging-bolt-ogerpon
7,539,p1,0756,grimmsnarl-froslass,1307,dragapult-charizard
7,540,p1,0426,mega-venusaur-ex,0395,dragapult-charizard
7,541,tie,0015,mega-absol-box,0800,gardevoir-ex-sv
7,542,p2,0918,gardevoir-ex-sv,1024,flareon-noctowl
7,543,p1,1118,dragapult-charizard,0011,n-zoroark
7,544,p1,0586,mega-venusaur-ex,1226,mega-absol-box
7,545,tie,0517,raging-bolt-ogerpon,1369,dragapult-dusknoir
7,546,tie,0222,slowking-scr,1126,cynthia-garchomp-ex
7,547,p2,0933,joltik-box,0998,dragapult-dusknoir
7,548,p2,0932,gardevoir-ex-sv,0440,gholdengo-lunatone
7,549,p1,1334,gholdengo-lunatone,1065,rocket-mewtwo-ex
7,550,p2,0319,mega-absol-box,0916,dragapult-charizard
7,551,p2,0878,alakazam-dudunsparce,0301,mega-venusaur-ex
7,552,p1,0441,gardevoir-ex-sv,0146,dragapult-dusknoir
7,553,p1,1351,n-zoroark,1437,dragapult-dusknoir
7,554,p2,1131,charizard-noctowl,1157,dragapult-dusknoir
7,555,p2,0494,gholdengo-lunatone,0502,gardevoir-jellicent
7,556,p2,1200,mega-absol-box,1409,dragapult-dusknoir
7,557,tie,0816,dragapult-dusknoir,1381,dragapult-dusknoir
7,558,p1,0311,gholdengo-lunatone,0994,cynthia-garchomp-ex
7,559,p1,0278,gholdengo-lunatone,0411,froslass-munkidori
7,560,tie,0550,dragapult-dusknoir,0156,gardevoir-ex-sv
7,561,p1,1421,dragapult-dusknoir,0353,gardevoir-ex-sv
7,562,p1,0996,grimmsnarl-froslass,0681,n-zoroark
7,563,p1,0528,mega-absol-box,0867,mega-venusaur-ex
7,564,p1,0340,dragapult-dusknoir,0322,lucario-hariyama
7,565,tie,0706,archaludon-dudunsparce,1312,dragapult-dusknoir
7,566,p1,1374,froslass-munkidori,1315,dragapult-dusknoir
7,567,p2,1116,hydrapple-ex,0692,gardevoir-ex-sv
7,568,p2,0514,mega-gengar-ex,1088,dragapult-dusknoir
7,569,p2,0239,dragapult-dusknoir,1182,gardevoir-jellicent
7,570,p1,0587,charizard-noctowl,1218,dragapult-charizard
7,571,p1,0344,grimmsnarl-froslass,0633,n-zoroark
7,572,p2,0415,charizard-pidgeot,0508,dragapult-charizard
7,573,p2,1140,dragapult-dusknoir,0040,dragapult-dusknoir
7,574,p1,0135,gardevoir-jellicent,0478,n-zoroark
7,575,tie,0622,dragapult-charizard,0898,gardevoir-ex-sv
7,576,p2,0230,slowking-scr,0172,raging-bolt-ogerpon
7,577,tie,0447,flareon-noctowl,0006,gardevoir-ex-sv
7,578,p1,1385,lucario-hariyama,0195,charizard-pidgeot
7,579,p1,0133,ethan-typhlosion,0941,n-zoroark
7,580,p2,0122,dragapult-charizard,0741,dragapult-dusknoir
7,581,tie,0154,ceruledge-ex,0465,stevens-metagross
7,582,p1,1081,dragapult-dusknoir,0472,dragapult-dusknoir
7,583,p1,1144,dragapult-dusknoir,0358,dragapult-dusknoir
7,584,tie,0690,tera-box,0487,flareon-noctowl
7,585,p1,0987,dragapult-dusknoir,0950,gardevoir-ex-sv
7,586,p1,0698,dragapult-charizard,0336,alakazam-dudunsparce
7,587,p1,0361,dragapult-charizard,0458,mega-absol-box
7,588,tie,0053,dragapult-ex,1199,mega-absol-box
7,589,p1,0965,dragapult-dusknoir,0942,charizard-noctowl
7,590,p1,1318,gardevoir-jellicent,0365,dragapult-dusknoir
7,591,p2,0423,raging-bolt-ogerpon,1177,kangaskhan-forretress
7,592,p2,0717,crustle-dri,1059,dragapult-dusknoir
7,593,tie,0839,gardevoir-ex-sv,1277,charizard-noctowl
7,594,p1,0439,alakazam-dudunsparce,0104,sharpedo-toxtricity
7,595,p2,1232,alakazam-dudunsparce,0501,raging-bolt-ogerpon
7,596,p2,0732,gardevoir-ex-sv,0935,mega-charizard-x-ex
7,597,tie,1045,n-zoroark,0744,dragapult-dusknoir
7,598,tie,0325,dragapult-dusknoir,0604,dragapult-dusknoir
7,599,p2,0406,mega-charizard-x-ex,1313,flareon-ex
7,600,p2,0377,flareon-noctowl,0128,n-zoroark
7,601,p2,1121,charizard-ex,0794,dragapult-charizard
7,602,p1,0830,hydrapple-ogerpon,0844,alakazam-meg
7,603,p1,0926,marnie-grimmsnarl-ex,0352,hop-zacian
7,604,p1,1287,lucario-hariyama,0923,rocket-mewtwo-ex
7,605,p1,1162,lucario-hariyama,0539,mega-lucario-ex
7,606,p2,0904,ceruledge-ex,0853,alakazam-dudunsparce
7,607,p1,1363,dragapult-dusknoir,0593,n-zoroark
7,608,p1,1054,dragapult-dusknoir,0646,dragapult-dusknoir
7,609,p2,0186,greninja-ex,0276,mega-venusaur-ex
7,610,p1,0080,ceruledge-ex,0759,other
7,611,tie,0677,gholdengo-lunatone,0562,gardevoir-jellicent
7,612,double_loss,0176,gholdengo-lunatone,0559,ceruledge-ex
7,613,tie,0117,mega-absol-box,1235,dragapult-dusknoir
7,614,p2,0317,mega-absol-box,0194,roaring-moon-ex
7,615,p1,0165,alakazam-dudunsparce,0316,gardevoir-ex-sv
7,616,p1,1414,n-zoroark,1371,grimmsnarl-froslass
7,617,p1,0060,alakazam-dudunsparce,0802,n-zoroark
7,618,p2,1402,mega-absol-box,0363,crustle-dri
7,619,p2,0515,charizard-noctowl,1393,gardevoir-ex-sv
7,620,tie,1275,alakazam-dudunsparce,0919,dragapult-dusknoir
7,621,p2,0776,toxtricity-box,1386,grimmsnarl-froslass
7,622,tie,0227,dragapult-dusknoir,0474,ceruledge-ex
7,623,p2,0244,dragapult-dusknoir,1239,dragapult-dusknoir
7,624,p1,0975,gardevoir-jellicent,0913,raging-bolt-ogerpon
7,625,p2,0696,gholdengo-lunatone,0773,dragapult-dusknoir
7,757,tie,0509,manectric-eelektrik,1425,charizard-noctowl
7,758,p2,0248,flareon-noctowl,1427,grimmsnarl-froslass
7,759,p1,1439,n-zoroark,0213,dragapult-dusknoir
7,760,tie,1430,festival-lead,0793,froslass-munkidori
7,761,p2,0254,joltik-box,1431,froslass-munkidori
7,762,p2,1433,alakazam-dudunsparce,0233,rocket-mewtwo-ex
8,1,tie,1123,grimmsnarl-froslass,1292,mega-absol-box
8,2,p2,0291,dragapult-dusknoir,0216,joltik-box
8,3,p1,0786,grimmsnarl-froslass,0902,gholdengo-lunatone
8,4,p2,0823,ceruledge-ex,1158,gholdengo-lunatone
8,5,p2,0259,gholdengo-lunatone,0471,gardevoir-ex-sv
8,6,p1,0091,raging-bolt-ogerpon,0811,gholdengo-lunatone
8,7,p1,0883,grimmsnarl-froslass,1214,raging-bolt-ogerpon
8,8,p1,0271,grimmsnarl-froslass,0226,dragapult-dusknoir
8,9,p2,1251,froslass-munkidori,1161,grimmsnarl-froslass
8,10,p1,1130,dragapult-dusknoir,0938,grimmsnarl-froslass
8,11,p1,0504,alakazam-dudunsparce,0407,joltik-box
8,12,tie,0268,crustle-dri,0255,dragapult-dusknoir
8,13,p2,0980,tera-box,1267,n-zoroark
8,14,p1,0599,mega-absol-box,1195,grimmsnarl-froslass
8,15,p2,1324,dragapult-dusknoir,0905,raging-bolt-ogerpon
8,16,p2,0412,mega-absol-box,0960,gholdengo-lunatone
8,17,tie,0229,dragapult-dusknoir,1031,gholdengo-lunatone
8,18,p2,0757,festival-lead,0613,grimmsnarl-froslass
8,19,p1,1282,gardevoir-ex-sv,1071,joltik-box
8,20,p2,0608,n-zoroark,0966,n-zoroark
8,21,tie,1128,joltik-box,1198,gholdengo-lunatone
8,22,tie,0731,n-zoroark,0252,grimmsnarl-froslass
8,23,p2,0699,dragapult-dusknoir,1365,rockets-honchkrow
8,24,p1,0030,dragapult-dusknoir,0601,mega-absol-box
8,25,p2,1223,mega-absol-box,1138,raging-bolt-ogerpon
8,26,p1,1333,grimmsnarl-froslass,0064,grimmsnarl-froslass
8,27,p2,1004,gardevoir-ex-sv,1202,n-zoroark
8,28,p2,0929,alakazam-dudunsparce,0178,charizard-noctowl
8,29,tie,1355,mega-absol-box,0598,n-zoroark
8,30,p1,0088,grimmsnarl-froslass,0421,archaludon-ex
8,31,p1,0368,dragapult-dusknoir,0079,joltik-box
8,32,tie,0480,tera-box,0025,crustle-dri
8,33,p1,0343,gardevoir-ex-sv,0051,raging-bolt-ogerpon
8,34,p1,0949,dragapult-dusknoir,1113,gholdengo-lunatone
8,35,p2,0175,gardevoir-ex-sv,0659,gardevoir-ex-sv
8,36,p1,0874,raging-bolt-ogerpon,0810,froslass-munkidori
8,37,p1,0288,festival-lead,1090,gholdengo-lunatone
8,38,tie,0764,grimmsnarl-froslass,0673,gardevoir-ex-sv
8,39,p1,1378,gardevoir-ex-sv,0297,charizard-noctowl
8,40,tie,0024,n-zoroark,0578,raging-bolt-ogerpon
8,41,tie,0398,dragapult-dusknoir,1446,dragapult-dusknoir
8,42,tie,0639,n-zoroark,1265,froslass-munkidori
8,43,tie,0221,joltik-box,0266,gholdengo-joltik-box
8,44,tie,0967,dragapult-dusknoir,0761,joltik-box
8,45,tie,0751,mega-absol-box,1208,froslass-munkidori
8,46,tie,0174,dragapult-dusknoir,0722,dragapult-dusknoir
8,47,tie,0424,slowking-scr,1211,?
8,48,tie,0019,grimmsnarl-froslass,1216,dragapult-dusknoir
8,49,tie,0022,gholdengo-lunatone,0097,dragapult-dusknoir
8,50,tie,1050,charizard-noctowl,1194,grimmsnarl-froslass
8,51,tie,0141,joltik-box,0507,grimmsnarl-froslass
8,52,tie,0155,dragapult-dusknoir,0286,grimmsnarl-froslass
8,53,tie,0113,gholdengo-lunatone,0102,crustle-dri
8,54,tie,0521,gholdengo-lunatone,1395,festival-lead
8,55,tie,0746,ceruledge-ex,0535,lucario-hariyama
8,56,tie,0380,joltik-box,1286,joltik-box
8,57,tie,0908,dragapult-charizard,0193,lucario-hariyama
8,58,tie,0964,gholdengo-lunatone,0873,gholdengo-lunatone
8,59,tie,0691,grimmsnarl-froslass,1400,roaring-moon-dudunsparce
8,60,tie,1417,froslass-munkidori,0111,tera-box
8,61,tie,0688,dragapult-dusknoir,0650,mega-froslass-ex
8,62,tie,1027,dragapult-dusknoir,0168,grimmsnarl-froslass
8,63,tie,0772,ethan-typhlosion,0891,gardevoir-jellicent
8,64,tie,0290,grimmsnarl-froslass,0371,raging-bolt-ogerpon
8,65,tie,0856,festival-lead,0078,gholdengo-lunatone
8,66,tie,0747,grimmsnarl-froslass,0004,ho-oh-armarouge
8,67,tie,0828,dragapult-dusknoir,0237,dragapult-dusknoir
8,68,tie,1284,alakazam-dudunsparce,1021,dragapult-dusknoir
8,69,p2,0187,raging-bolt-ogerpon,0367,alakazam-dudunsparce
8,70,tie,0742,dragapult-charizard,0674,slowking-scr
8,71,tie,0356,gholdengo-lunatone,0505,dragapult-charizard
8,72,p1,0869,dragapult-dusknoir,1295,gardevoir-ex-sv
8,73,p1,0262,froslass-munkidori,1309,crustle-dri
8,74,p1,0893,froslass-munkidori,0143,n-zoroark
8,75,p2,0570,gardevoir-ex-sv,0112,mega-absol-box
8,76,p1,0572,dragapult-dusknoir,0716,dragapult-dusknoir
8,77,p1,1272,ursaluna-lunatone,0493,crustle-dri
8,78,p2,0357,crustle-dri,0270,crustle-dri
8,79,p1,0684,mega-absol-box,0115,grimmsnarl-froslass
8,80,tie,0511,gholdengo-lunatone,1036,gardevoir-ex-sv
8,81,p2,0201,gholdengo-lunatone,1237,tera-box
8,82,p2,0218,gardevoir-ex-sv,0483,gholdengo-lunatone
8,83,p2,0208,gardevoir-ex-sv,1058,n-zoroark
8,84,p2,1361,dragapult-charizard,0999,n-zoroark
8,85,p1,0196,flareon-noctowl,0457,cynthia-garchomp-ex
8,86,p1,0049,festival-lead,1029,dragapult-dusknoir
8,87,p1,1349,mega-absol-box,0509,manectric-eelektrik
8,88,p1,1111,grimmsnarl-froslass,1156,gardevoir-jellicent
8,89,p1,0846,ursaluna-lunatone,0144,ceruledge-ex
8,90,p1,1411,grimmsnarl-froslass,0072,dragapult-dusknoir
8,91,p1,0228,n-zoroark,0538,dragapult-dusknoir
8,92,p2,0203,n-zoroark,1168,grimmsnarl-froslass
8,93,p1,1432,gardevoir-ex-sv,1398,rockets-honchkrow
8,94,p2,0210,gholdengo-lunatone,0866,kangaskhan-bouffalant
8,95,p1,0548,n-zoroark,0083,grimmsnarl-froslass
8,96,p2,0611,froslass-munkidori,0002,gardevoir-ex-sv
8,97,p2,0886,dragapult-dusknoir,0159,festival-lead
8,98,p2,0338,manectric-eelektrik,1240,gholdengo-lunatone
8,99,tie,0425,dragapult-dusknoir,1133,grimmsnarl-froslass
8,100,p2,0940,charizard-pidgeot,0242,charizard-pidgeot
8,101,p1,0007,n-zoroark,1271,raging-bolt-ogerpon
8,102,p2,0219,gholdengo-lunatone,1072,froslass-munkidori
8,103,p1,1147,gardevoir-ex-sv,1134,n-zoroark
8,104,p2,0349,gardevoir-ex-sv,0432,grimmsnarl-froslass
8,105,p1,0220,grimmsnarl-froslass,1169,joltik-box
8,106,p1,0847,charizard-noctowl,1189,dragapult-dusknoir
8,107,p2,0089,alakazam-dudunsparce,0249,dragapult-dusknoir
8,108,p1,1298,charizard-noctowl,1047,dragapult-dusknoir
8,109,p2,0558,pidgeot-control,0984,mega-absol-box
8,110,p1,1350,crustle-dri,0675,grimmsnarl-froslass
8,111,p2,1305,cynthia-garchomp-ex,0553,raging-bolt-ogerpon
8,112,p1,0837,dragapult-dusknoir,1250,froslass-munkidori
8,113,p1,0832,dragapult-dusknoir,0634,dragapult-charizard
8,114,p2,1236,dragapult-dusknoir,1418,n-zoroark
8,115,p1,0576,gholdengo-lunatone,1373,joltik-box
8,116,p1,1255,gholdengo-lunatone,1341,ceruledge-ex
8,117,p1,0924,charizard-noctowl,0320,raging-bolt-ogerpon
8,118,p2,0346,mega-absol-box,1366,gholdengo-lunatone
8,119,p1,1115,gholdengo-lunatone,0903,charizard-pidgeot
8,120,p1,0952,charizard-noctowl,0672,mega-absol-box
8,121,p1,0607,grimmsnarl-froslass,0018,joltik-box
8,122,p2,1204,dragapult-charizard,1082,gholdengo-lunatone
8,123,p1,0560,gardevoir-ex-sv,0314,raging-bolt-ogerpon
8,124,p1,0309,gholdengo-lunatone,1435,dragapult-dusknoir
8,125,p1,0047,dragapult-dusknoir,0418,dragapult-dusknoir
8,126,p2,0405,charizard-pidgeot,0399,dragapult-dusknoir
8,127,p2,0120,dragapult-dusknoir,0554,gholdengo-ex
8,128,tie,1225,alakazam-dudunsparce,0563,dragapult-dusknoir
8,129,p1,0267,gardevoir-ex-sv,0339,dragapult-dusknoir
8,130,p2,0215,n-zoroark,0467,gardevoir-ex-sv
8,131,p1,1002,n-zoroark,0922,mega-absol-box
8,132,p1,0840,dragapult-dusknoir,0037,mega-absol-box
8,133,p2,0503,crustle-dri,1171,gardevoir-ex-sv
8,134,p1,1299,n-zoroark,1325,raging-bolt-ogerpon
8,135,p1,0129,crustle-dri,1102,charizard-noctowl
8,136,p2,1392,crustle-dri,1290,grimmsnarl-froslass
8,137,p1,0181,n-zoroark,0551,gholdengo-lunatone
8,138,p2,0997,grimmsnarl-froslass,0192,charizard-noctowl
8,139,p2,0318,other,1175,n-zoroark
8,140,tie,1257,grimmsnarl-froslass,0594,ceruledge-ex
8,141,p2,0121,raging-bolt-ogerpon,0592,dragapult-dusknoir
8,142,p2,0872,tera-box,0054,gholdengo-lunatone
8,143,p2,0740,froslass-munkidori,1269,froslass-munkidori
8,144,p2,0784,n-zoroark,0243,gholdengo-lunatone
8,145,p1,0131,dragapult-charizard,0061,mega-absol-box
8,146,p1,0643,grimmsnarl-froslass,1335,ceruledge-ex
8,147,p1,0427,dragapult-dusknoir,0801,lucario-hariyama
8,148,p1,0269,dragapult-dusknoir,1396,alakazam-dudunsparce
8,149,p1,1362,raging-bolt-ogerpon,1098,dragapult-dusknoir
8,150,double_loss,0169,?,0621,?
8,151,p2,0637,dragapult-blaziken,0277,raging-bolt-ogerpon
8,152,p1,0307,dragapult-dusknoir,0321,ceruledge-ex
8,153,p1,0946,mega-absol-box,1408,ceruledge-ex
8,154,p1,0835,flareon-noctowl,0745,greninja-blaziken
8,155,p1,0849,dragapult-dusknoir,0184,ceruledge-ex
8,156,p1,0625,joltik-box,1150,joltik-box
8,157,p1,0409,joltik-box,1384,froslass-munkidori
8,158,p2,0647,raging-bolt-ogerpon,0848,dragapult-blaziken
8,159,p1,1074,gholdengo-lunatone,1052,dragapult-dusknoir
8,160,p1,0329,joltik-box,0605,gardevoir-ex-sv
8,161,p1,0640,grimmsnarl-froslass,0468,n-zoroark
8,162,p2,0670,dragapult-dusknoir,1086,dragapult-dusknoir
8,163,p1,0545,dragapult-dusknoir,1268,grimmsnarl-froslass
8,164,p2,0701,gholdengo-lunatone,0157,alakazam-dudunsparce
8,165,p1,0619,gholdengo-lunatone,1109,mega-venusaur-ex
8,166,p1,0527,grimmsnarl-froslass,0962,grimmsnarl-froslass
8,167,p1,1016,gholdengo-lunatone,0845,gardevoir-ex-sv
8,168,p2,0287,cynthia-garchomp-ex,0164,dragapult-dusknoir
8,169,p1,1367,kangaskhan-bouffalant,0123,dragapult-dusknoir
8,170,p1,0899,mega-absol-box,0616,dragapult-dusknoir
8,171,p2,0420,alakazam-dudunsparce,1330,dragapult-dusknoir
8,172,p2,0296,gardevoir-ex-sv,1099,raging-bolt-ogerpon
8,173,p1,0294,dragapult-dusknoir,0870,kangaskhan-bouffalant
8,174,p1,1101,cynthia-garchomp-ex,1190,alakazam-dudunsparce
8,175,p1,1022,ceruledge-ex,1419,dragapult-charizard
8,176,p2,0463,alakazam-meg,0959,gardevoir-ex-sv
8,177,p2,1413,gardevoir-ex-sv,0185,dragapult-dusknoir
8,178,p2,1073,raging-bolt-ogerpon,1375,gardevoir-ex-sv
8,179,p1,0067,froslass-munkidori,0888,grimmsnarl-froslass
8,180,p2,0649,gholdengo-lunatone,0337,raging-bolt-ogerpon
8,181,p2,1044,raging-bolt-ogerpon,1245,festival-lead
8,182,p1,1139,gardevoir-ex-sv,1210,gholdengo-lunatone
8,183,p2,1336,charizard-noctowl,1404,n-zoroark
8,184,p1,0289,dragapult-dusknoir,0429,greninja-ex
8,185,p1,0182,gholdengo-lunatone,1186,raging-bolt-ogerpon
8,186,p1,1180,gholdengo-lunatone,1108,gholdengo-lunatone
8,187,p2,0957,n-zoroark,0629,festival-lead
8,188,p2,0791,gholdengo-lunatone,0074,gholdengo-lunatone
8,189,tie,0197,froslass-munkidori,0921,n-zoroark
8,190,p1,1291,dragapult-dusknoir,0765,grimmsnarl-froslass
8,191,p1,1436,slowking-scr,0009,crustle-dri
8,192,p1,0808,copperajah-ex,0119,grimmsnarl-froslass
8,193,p2,1259,gardevoir-jellicent,1080,joltik-box
8,194,p1,0896,charizard-noctowl,1242,mega-absol-box
8,195,p2,0482,gardevoir-ex-sv,0430,tera-box
8,196,p1,1011,dragapult-charizard,0065,ceruledge-ex
8,197,p1,1019,cynthia-garchomp-ex,1364,mega-absol-box
8,198,p1,0792,charizard-noctowl,0103,raging-bolt-ogerpon
8,199,p2,0588,charizard-noctowl,0685,festival-lead
8,200,p1,1069,froslass-munkidori,0603,dragapult-dusknoir
8,201,p1,0831,gholdengo-lunatone,0642,crustle-dri
8,202,p2,0589,charizard-noctowl,0881,lucario-hariyama
8,203,p2,1083,dragapult-charizard,0930,festival-lead
8,204,p2,0882,ceruledge-ex,0188,charizard-noctowl
8,205,p1,0359,gholdengo-lunatone,0099,charizard-noctowl
8,206,p2,1193,mega-venusaur-ex,1020,dragapult-dusknoir
8,207,tie,0390,n-zoroark,0408,froslass-munkidori
8,208,p2,0850,mega-absol-box,1394,gholdengo-lunatone
8,209,p2,1258,dragapult-dusknoir,0721,grimmsnarl-froslass
8,210,p2,0282,gholdengo-lunatone,0142,dragapult-dusknoir
8,211,p2,1279,festival-lead,0345,mega-absol-box
8,212,p1,0624,dragapult-dusknoir,0860,cynthia-garchomp-ex
8,213,p1,0669,festival-lead,1429,gardevoir-ex-sv
8,214,p2,0114,gholdengo-lunatone,0477,gholdengo-lunatone
8,215,p1,0205,festival-lead,0906,gholdengo-lunatone
8,216,tie,0829,grimmsnarl-froslass,0682,n-zoroark
8,217,p2,1037,raging-bolt-ogerpon,1415,mega-venusaur-ex
8,218,p2,0084,mega-lucario-ex,0035,ceruledge-ex
8,219,p2,1379,rocket-mewtwo-ex,0534,dragapult-dusknoir
8,220,tie,0211,dragapult-dusknoir,1406,raging-bolt-ogerpon
8,221,tie,1337,gardevoir-ex-sv,0889,n-zoroark
8,222,p1,1321,gholdengo-lunatone,1288,alakazam-dudunsparce
8,223,p2,1252,gardevoir-ex-sv,1331,joltik-box
8,224,p1,1221,mega-absol-box,0968,cynthia-garchomp-ex
8,225,p2,0729,dragapult-dusknoir,0530,dragapult-dusknoir
8,226,tie,1253,dragapult-dusknoir,0654,charizard-noctowl
8,227,p2,0958,festival-lead,0443,gholdengo-lunatone
8,228,p2,0894,dragapult-dusknoir,0956,mega-absol-box
8,229,p2,1359,charizard-noctowl,1057,kangaskhan-bouffalant
8,230,p2,0841,gholdengo-lunatone,0116,dragapult-dusknoir
8,231,tie,0524,gholdengo-lunatone,1172,dragapult-charizard
8,232,p1,0774,gardevoir-ex-sv,0738,tera-box
8,233,p1,0976,dragapult-dusknoir,0678,gholdengo-lunatone
8,234,p1,0191,ogerpon-meganium,0413,dragapult-dusknoir
8,235,p1,1181,dragapult-charizard,0851,n-zoroark
8,236,p2,1328,tera-box,0456,raging-bolt-ogerpon
8,237,tie,1342,gardevoir-ex-sv,0703,charizard-pidgeot
8,238,p2,0705,gardevoir-ex-sv,0125,n-zoroark
8,239,tie,0027,n-zoroark,0105,charizard-noctowl
8,240,p2,1006,mega-absol-box,0737,grimmsnarl-froslass
8,241,p2,0170,archaludon-ex,0256,gardevoir-ex-sv
8,242,p2,0547,gholdengo-lunatone,0655,raging-bolt-ogerpon
8,243,p1,0010,grimmsnarl-froslass,0901,charizard-pidgeot
8,244,p2,1120,charizard-noctowl,0824,n-zoroark
8,245,p2,0679,n-zoroark,0880,charizard-noctowl
8,246,tie,0657,hydrapple-ogerpon,0806,raging-bolt-ogerpon
8,247,p1,0295,mega-absol-box,1146,n-zoroark
8,248,tie,0041,grimmsnarl-froslass,1043,gholdengo-lunatone
8,249,p1,0419,charizard-noctowl,1247,gardevoir-jellicent
8,250,p1,0108,dragapult-dusknoir,1023,gholdengo-lunatone
8,251,p1,0529,grimmsnarl-froslass,0518,dragapult-charizard
8,252,p1,1187,dragapult-charizard,1025,dragapult-dusknoir
8,253,p1,0770,ceruledge-ex,0579,mega-absol-box
8,254,double_loss,1230,dragapult-dusknoir,0354,grimmsnarl-froslass
8,255,tie,1151,charizard-pidgeot,0581,dragapult-dusknoir
8,256,p2,0990,gardevoir-ex-sv,1353,gardevoir-ex-sv
8,257,p2,0644,froslass-munkidori,1401,lucario-hariyama
8,258,tie,1003,grimmsnarl-froslass,1227,dragapult-dusknoir
8,259,p2,0600,gholdengo-lunatone,0247,gardevoir-jellicent
8,260,tie,0459,n-zoroark,0814,n-zoroark
8,261,p2,0461,flareon-noctowl,0620,grimmsnarl-froslass
8,262,p1,0233,rocket-mewtwo-ex,0805,grimmsnarl-froslass
8,263,p1,0852,ceruledge-ex,0552,dragapult-dusknoir
8,264,tie,0693,mega-absol-box,0842,dragapult-dusknoir
8,265,p1,0750,gholdengo-lunatone,1311,joltik-box
8,266,p2,0523,dragapult-charizard,1063,n-zoroark
8,267,tie,0232,charizard-noctowl,1343,grimmsnarl-froslass
8,268,p2,0668,gholdengo-lunatone,0455,n-zoroark
8,269,p1,0158,dragapult-dusknoir,1062,dragapult-dusknoir
8,270,tie,1103,n-zoroark,0392,grimmsnarl-froslass
8,271,p1,0734,gholdengo-lunatone,1274,mega-absol-box
8,272,p1,0661,raging-bolt-ogerpon,1173,raging-bolt-ogerpon
8,273,p2,0341,charizard-noctowl,1042,froslass-munkidori
8,274,p1,0917,gardevoir-ex-sv,0739,joltik-box
8,275,p2,1207,ursaluna-lunatone,0450,dragapult-dusknoir
8,276,p2,0021,dragapult-dusknoir,1034,grimmsnarl-froslass
8,277,p2,0016,raging-bolt-ogerpon,0043,n-zoroark
8,278,tie,1119,grimmsnarl-froslass,1256,gardevoir-ex-sv
8,279,p1,1033,charizard-ex,0234,rocket-mewtwo-ex
8,280,p2,0628,n-zoroark,1320,dragapult-dusknoir
8,281,p2,0476,gholdengo-lunatone,0190,ceruledge-ex
8,282,p1,0590,dragapult-dusknoir,0525,greninja-ex
8,283,p1,0198,grimmsnarl-froslass,0573,gardevoir-ex-sv
8,284,p2,0809,n-zoroark,1209,gardevoir-jellicent
8,285,p1,0596,raging-bolt-ogerpon,0214,n-zoroark
8,286,p2,0385,n-zoroark,1231,gholdengo-lunatone
8,287,p2,0199,n-zoroark,0431,gholdengo-lunatone
8,288,tie,0713,mega-lucario-ex,0822,flareon-noctowl
8,289,p2,0580,gholdengo-lunatone,0879,froslass-munkidori
8,290,p2,1164,raging-bolt-ogerpon,0258,charizard-pidgeot
8,291,tie,0332,raging-bolt-ogerpon,0046,joltik-box
8,292,p1,1075,gholdengo-lunatone,0137,mega-absol-box
8,293,p2,1219,dragapult-dusknoir,0660,gholdengo-lunatone
8,294,p2,1296,ogerpon-meganium,1135,ceruledge-ex
8,295,p1,0374,gholdengo-joltik-box,0546,n-zoroark
8,296,p2,1440,gholdengo-lunatone,1260,grimmsnarl-froslass
8,297,tie,0963,ceruledge-ex,1010,froslass-munkidori
8,298,tie,0148,dragapult-dusknoir,0324,mega-venusaur-ex
8,299,p1,0782,dragapult-dusknoir,0304,alakazam-dudunsparce
8,300,tie,0437,raging-bolt-ogerpon,0727,froslass-munkidori
8,301,p1,1129,charizard-pidgeot,0610,gardevoir-jellicent
8,302,p1,0887,gardevoir-ex-sv,0410,dragapult-dusknoir
8,303,tie,0687,mega-absol-box,0251,gardevoir-ex-sv
8,304,p1,0163,dragapult-dusknoir,0971,mega-absol-box
8,305,p1,0212,gardevoir-ex-sv,1438,gardevoir-ex-sv
8,306,p2,0328,alakazam-dudunsparce,0927,dragapult-dusknoir
8,307,p2,0486,dragapult-dusknoir,0970,dragapult-charizard
8,308,p2,1372,lucario-hariyama,0912,dragapult-charizard
8,309,p1,0516,mega-absol-box,0671,froslass-munkidori
8,310,tie,0481,flareon-noctowl,0943,rockets-honchkrow
8,311,tie,1184,dragapult-dusknoir,0207,n-zoroark
8,312,tie,0803,raging-bolt-ogerpon,0020,n-zoroark
8,313,p1,0260,n-zoroark,0248,flareon-noctowl
8,314,p1,0663,joltik-box,0101,raging-bolt-ogerpon
8,315,p1,0402,lucario-hariyama,1441,alakazam-dudunsparce
8,316,p1,1041,gholdengo-lunatone,0783,gardevoir-ex-sv
8,317,p2,0907,froslass-munkidori,0549,grimmsnarl-froslass
8,318,p1,0381,poison-archaludon,0496,flareon-noctowl
8,319,p2,0606,grimmsnarl-froslass,0988,raging-bolt-ogerpon
8,320,p1,1280,dragapult-dusknoir,0571,rocket-mewtwo-ex
8,321,tie,1289,joltik-box,0977,gholdengo-lunatone
8,322,p2,0246,dragapult-dusknoir,0862,n-zoroark
8,323,p1,1192,dragapult-dusknoir,0973,dragapult-dusknoir
8,324,tie,1038,gholdengo-lunatone,1424,ceruledge-ex
8,325,tie,1092,gardevoir-ex-sv,1148,gholdengo-lunatone
8,326,p2,0092,gholdengo-lunatone,0058,dragapult-dusknoir
8,327,p1,0066,dragapult-ex,1005,froslass-munkidori
8,328,p2,0299,dragapult-dusknoir,1310,n-zoroark
8,329,tie,0720,dragapult-dusknoir,0871,okidogi-ex
8,330,p2,1397,dragapult-dusknoir,0689,n-zoroark
8,331,p1,1089,dragapult-charizard,0574,rockets-honchkrow
8,332,p2,0202,gardevoir-ex-sv,0495,n-zoroark
8,333,tie,0273,dragapult-dusknoir,0632,raging-bolt-ogerpon
8,334,p2,0454,dragapult-charizard,0347,gholdengo-lunatone
8,335,tie,0162,gholdengo-lunatone,0652,grimmsnarl-froslass
8,336,p2,0939,dragapult-dusknoir,1095,gardevoir-ex-sv
8,337,p1,0308,gholdengo-lunatone,0813,dragapult-charizard
8,338,p2,0544,dragapult-dusknoir,0797,n-zoroark
8,339,tie,0254,joltik-box,0179,charizard-noctowl
8,340,p2,0017,gholdengo-joltik-box,0068,gholdengo-lunatone
8,341,p2,1185,conkeldurr-twm,0785,gardevoir-ex-sv
8,342,p2,0001,mega-absol-box,0638,dragapult-dusknoir
8,343,p1,0127,gardevoir-ex-sv,0953,ceruledge-ex
8,344,p1,0235,dragapult-dusknoir,0442,palafin-ex
8,345,p2,0854,gholdengo-lunatone,0900,gholdengo-joltik-box
8,346,p1,0401,dragapult-charizard,0394,raging-bolt-ogerpon
8,347,p1,0110,mega-absol-box,0095,gardevoir-jellicent
8,348,p2,0313,grimmsnarl-froslass,1112,n-zoroark
8,349,p2,0951,n-zoroark,0614,gholdengo-lunatone
8,350,tie,0702,gholdengo-ex,0630,dragapult-dusknoir
8,351,tie,0827,dragapult-charizard,1262,rocket-mewtwo-ex
8,352,p2,1338,crustle-dri,0838,festival-lead
8,353,p2,1377,flareon-noctowl,1085,dragapult-froslass
8,354,tie,0726,dragapult-dusknoir,0373,charizard-pidgeot
8,355,p1,0422,raging-bolt-ogerpon,0498,grimmsnarl-froslass
8,356,p1,1423,grimmsnarl-froslass,0978,dragapult-dusknoir
8,357,tie,0302,froslass-munkidori,1053,dragapult-dusknoir
8,358,p2,1201,mega-absol-box,0819,crustle-dri
8,359,p1,0519,dragapult-dusknoir,0585,dragapult-dusknoir
8,360,p2,1142,grimmsnarl-froslass,0635,alakazam-dudunsparce
8,361,p1,0944,lucario-hariyama,0821,ceruledge-ex
8,362,p1,0972,charizard-noctowl,1079,dragapult-dusknoir
8,363,p1,0817,n-zoroark,0626,dragapult-charizard
8,364,p2,0055,hydreigon-ex,1106,charizard-noctowl
8,365,p2,1370,raging-bolt-ogerpon,0954,mega-absol-box
8,366,p2,0333,charizard-pidgeot,0787,grimmsnarl-froslass
8,367,p2,1229,dragapult-dusknoir,1159,cynthia-garchomp-ex
8,368,p2,0335,gardevoir-ex-sv,1017,gardevoir-ex-sv
8,369,tie,0428,ceruledge-ex,1308,charizard-pidgeot
8,370,p1,0366,dragapult-dusknoir,0378,dragapult-dusknoir
8,371,p1,0013,dragapult-dusknoir,0865,palafin-ex
8,372,p1,0795,dragapult-dusknoir,0648,ceruledge-ex
8,373,p1,1434,dragapult-dusknoir,1376,gholdengo-lunatone
8,374,tie,0310,charizard-noctowl,1196,n-zoroark
8,375,p1,0426,mega-venusaur-ex,0189,n-zoroark
8,376,p1,1026,greninja-ex,0818,charizard-pidgeot
8,377,p2,1105,dragapult-dusknoir,1276,crustle-dri
8,378,p1,0812,kangaskhan-bouffalant,0315,gardevoir-ex-sv
8,379,tie,0305,ceruledge-ex,0983,gardevoir-ex-sv
8,380,tie,1241,gardevoir-ex-sv,0355,dragapult-dusknoir
8,381,p2,0223,dragapult-dusknoir,1125,ceruledge-ex
8,382,p1,1293,n-zoroark,0790,grimmsnarl-froslass
8,383,p2,0050,gholdengo-lunatone,0767,dragapult-dusknoir
8,384,p2,0712,n-zoroark,0298,gholdengo-lunatone
8,385,tie,1248,gardevoir-ex-sv,0152,dragapult-dusknoir
8,386,tie,0618,grimmsnarl-froslass,0506,dragapult-dusknoir
8,387,p2,1254,dragapult-dusknoir,0807,raging-bolt-ogerpon
8,388,p1,0059,dragapult-charizard,1294,festival-lead
8,389,p1,0707,raging-bolt-ogerpon,1030,rockets-honchkrow
8,390,tie,0513,froslass-munkidori,1270,n-zoroark
8,391,p2,0662,mega-absol-box,1283,flareon-noctowl
8,392,p2,1046,alakazam-dudunsparce,0645,gholdengo-lunatone
8,393,p1,0914,festival-lead,1261,raging-bolt-ogerpon
8,394,p1,0132,grimmsnarl-froslass,1319,n-zoroark
8,395,p1,1174,tera-box,1303,grimmsnarl-froslass
8,396,p1,1243,dragapult-dusknoir,0666,mega-absol-box
8,397,tie,0032,raging-bolt-ogerpon,1055,n-zoroark
8,398,p2,0183,n-zoroark,0435,raging-bolt-ogerpon
8,399,p2,0857,raging-bolt-ogerpon,0281,greninja-ex
8,400,p1,0796,cynthia-garchomp-ex,0404,dragapult-dusknoir
8,401,p1,1068,festival-lead,0683,grimmsnarl-froslass
8,402,tie,0109,n-zoroark,1100,dragapult-dusknoir
8,403,p1,0177,n-zoroark,1179,gardevoir-ex-sv
8,404,tie,0090,dragapult-dusknoir,0779,mega-absol-box
8,405,p1,0300,dragapult-dusknoir,0466,n-zoroark
8,406,p1,1015,gardevoir-ex-sv,1009,dragapult-dusknoir
8,407,p2,0892,charizard-pidgeot,1368,raging-bolt-ogerpon
8,408,p2,0769,dragapult-dusknoir,0522,raging-bolt-ogerpon
8,409,p1,1132,gardevoir-jellicent,0488,dragapult-charizard
8,410,tie,1188,sharpedo-toxtricity,0434,gardevoir-ex-sv
8,411,p1,0925,gholdengo-ex,0756,grimmsnarl-froslass
8,412,p2,1360,gardevoir-ex-sv,0591,kangaskhan-bouffalant
8,413,p1,0213,dragapult-dusknoir,0733,dragapult-dusknoir
8,414,p2,0895,dragapult-dusknoir,1357,dragapult-ex
8,415,p2,1178,mega-venusaur-ex,1442,rockets-honchkrow
8,416,p2,0736,festival-lead,0885,n-zoroark
8,417,p2,0543,grimmsnarl-froslass,0327,raging-bolt-ogerpon
8,418,p1,0749,dragapult-ex,1051,mega-venusaur-ex
8,419,p1,0387,grimmsnarl-froslass,0036,raging-bolt-ogerpon
8,420,p2,0003,hop-zacian,1306,charizard-noctowl
8,421,p2,1206,gholdengo-lunatone,0531,charizard-noctowl
8,422,p1,0086,festival-lead,1114,mega-absol-box
8,423,tie,0826,n-zoroark,1388,n-zoroark
8,424,tie,0490,gardevoir-ex-sv,0916,dragapult-charizard
8,425,tie,0278,gholdengo-lunatone,0311,gholdengo-lunatone
8,426,p1,1329,gholdengo-lunatone,1410,gholdengo-lunatone
8,427,p2,0379,n-zoroark,1024,flareon-noctowl
8,428,p2,1039,charizard-pidgeot,0052,n-zoroark
8,429,p1,0301,mega-venusaur-ex,0284,alakazam-dudunsparce
8,430,p2,0651,dragapult-dusknoir,0996,grimmsnarl-froslass
8,431,p1,1182,gardevoir-jellicent,0096,ceruledge-ex
8,432,p1,0340,dragapult-dusknoir,0692,gardevoir-ex-sv
8,433,p1,0998,dragapult-dusknoir,0502,gardevoir-jellicent
8,434,p2,0915,gholdengo-lunatone,1351,n-zoroark
8,435,p1,0528,mega-absol-box,0257,crustle-dri
8,436,p1,0275,gardevoir-ex-sv,0441,gardevoir-ex-sv
8,437,p2,1084,dragapult-dusknoir,0775,n-zoroark
8,438,p1,1374,froslass-munkidori,0587,charizard-noctowl
8,439,p1,0981,grimmsnarl-froslass,0008,dragapult-dusknoir
8,440,p2,0085,gholdengo-lunatone,0995,grimmsnarl-froslass
8,441,tie,0508,dragapult-charizard,1421,dragapult-dusknoir
8,442,p1,1155,n-zoroark,1409,dragapult-dusknoir
8,443,p1,0762,gardevoir-ex-sv,1334,gholdengo-lunatone
8,444,p1,1352,charizard-noctowl,0936,froslass-munkidori
8,445,p1,0526,charizard-noctowl,1157,dragapult-dusknoir
8,446,p1,0863,dragapult-charizard,0069,alakazam-dudunsparce
8,447,p1,0261,froslass-munkidori,0224,kangaskhan-bouffalant
8,448,p1,0344,grimmsnarl-froslass,0617,gardevoir-ex-sv
8,449,tie,1076,dragapult-dusknoir,0631,charizard-pidgeot
8,450,p2,0568,dragapult-dusknoir,1403,charizard-pidgeot
8,451,p1,0330,dragapult-dusknoir,0440,gholdengo-lunatone
8,452,p2,1088,dragapult-dusknoir,0586,mega-venusaur-ex
8,453,p2,0909,ceruledge-ex,0766,dragapult-dusknoir
8,454,tie,0444,dragapult-dusknoir,1416,n-zoroark
8,455,p1,0231,dragapult-dusknoir,0877,charizard-noctowl
8,456,p2,0656,grimmsnarl-froslass,1220,grimmsnarl-froslass
8,457,p2,0150,gardevoir-ex-sv,0135,gardevoir-jellicent
8,458,tie,0279,grimmsnarl-froslass,0955,charizard-pidgeot
8,459,p2,0040,dragapult-dusknoir,0485,dragapult-dusknoir
8,460,p2,1354,dragapult-dusknoir,0147,grimmsnarl-froslass
8,461,p1,1165,gardevoir-ex-sv,0023,gardevoir-jellicent
8,462,p1,1177,kangaskhan-forretress,1387,rocket-mewtwo-ex
8,463,p1,0820,tera-box,0094,charizard-noctowl
8,464,p1,0342,dragapult-dusknoir,0236,ogerpon-meganium
8,465,double_loss,0565,n-zoroark,0400,gardevoir-ex-sv
8,466,p1,1405,gholdengo-lunatone,0076,mega-absol-box
8,467,p1,0075,dragapult-dusknoir,1348,poison-mega-latias
8,468,p1,0935,mega-charizard-x-ex,0510,n-zoroark
8,469,p1,1059,dragapult-dusknoir,0698,dragapult-charizard
8,470,p2,0755,gholdengo-lunatone,0167,gholdengo-ex
8,471,double_loss,0499,slowking-scr,0438,ceruledge-ex
8,472,p1,0326,raging-bolt-ogerpon,0768,dragapult-dusknoir
8,473,p2,0491,raging-bolt-ogerpon,0884,dragapult-dusknoir
8,474,p1,0658,gardevoir-ex-sv,0263,charizard-pidgeot
8,475,p1,0376,dragapult-dusknoir,0274,gardevoir-ex-sv
8,476,p1,0741,dragapult-dusknoir,0798,mega-absol-box
8,477,tie,0293,n-zoroark,0361,dragapult-charizard
8,478,p1,1339,dragapult-dusknoir,0161,grimmsnarl-froslass
8,479,p2,0979,charizard-noctowl,1313,flareon-ex
8,480,p1,1061,alakazam-dudunsparce,0172,raging-bolt-ogerpon
8,481,p2,0433,gholdengo-lunatone,0439,alakazam-dudunsparce
8,482,p1,1281,marnie-grimmsnarl-ex,1163,gardevoir-ex-sv
8,483,p1,0987,dragapult-dusknoir,1385,lucario-hariyama
8,484,p1,0436,gardevoir-ex-sv,0031,joltik-box
8,485,p1,1285,mega-lucario-ex,1160,ceruledge-ex
8,486,double_loss,1278,hydrapple-ogerpon,1145,tera-box
8,487,double_loss,1215,n-zoroark,0416,tera-box
8,488,p2,0700,festival-lead,0754,alakazam-dudunsparce
8,489,p1,0982,n-zoroark,0965,dragapult-dusknoir
8,490,p1,1314,ceruledge-ex,0804,n-zoroark
8,491,p2,0200,gholdengo-lunatone,0501,raging-bolt-ogerpon
8,492,p2,0128,n-zoroark,0306,rocket-mewtwo-ex
8,493,p2,0555,dragapult-charizard,0264,sharpedo-toxtricity
8,494,p2,0557,gardevoir-ex-sv,0372,mega-absol-box
8,495,p1,1407,gholdengo-lunatone,1426,tera-box
8,496,p1,0133,ethan-typhlosion,0130,ethan-typhlosion
8,497,p1,1081,dragapult-dusknoir,1389,n-zoroark
8,498,p1,0536,dragapult-dusknoir,0362,dragapult-dusknoir
8,499,p2,1144,dragapult-dusknoir,1007,dragapult-charizard
8,500,p1,1318,gardevoir-jellicent,0312,mega-lucario-ex
8,501,p2,0799,dragapult-dusknoir,0253,raging-bolt-ogerpon
8,502,p2,0706,archaludon-dudunsparce,0794,dragapult-charizard
8,503,p1,1369,dragapult-dusknoir,0087,n-zoroark
8,504,p2,1363,dragapult-dusknoir,0222,slowking-scr
8,505,p1,0156,gardevoir-ex-sv,1054,dragapult-dusknoir
8,506,p2,0382,alakazam-dudunsparce,0853,alakazam-dudunsparce
8,507,p2,1228,lopunny-dusknoir,1312,dragapult-dusknoir
8,508,p1,0194,roaring-moon-ex,1287,lucario-hariyama
8,509,p2,1307,dragapult-charizard,0926,marnie-grimmsnarl-ex
8,510,p1,0993,ceruledge-ex,0403,dragapult-dusknoir
8,511,p2,0080,ceruledge-ex,0292,mega-absol-box
8,512,p2,0816,dragapult-dusknoir,1048,gardevoir-ex-sv
8,513,p1,1153,gardevoir-ex-sv,0948,n-zoroark
8,514,p2,0160,alakazam-dudunsparce,0056,grimmsnarl-froslass
8,515,p2,1110,raging-bolt-ogerpon,0550,dragapult-dusknoir
8,516,p1,1224,raging-bolt-ogerpon,0453,dragapult-dusknoir
8,517,p1,0815,n-zoroark,1263,mega-absol-box
8,518,p1,0464,azumarill-ssp,0989,festival-lead
8,519,p2,0694,flareon-noctowl,1381,dragapult-dusknoir
8,520,p2,0015,mega-absol-box,0517,raging-bolt-ogerpon
8,521,p1,0245,charizard-noctowl,0542,grimmsnarl-froslass
8,522,tie,0615,lopunny-dusknoir,1273,charizard-noctowl
8,523,p1,0781,charizard-noctowl,0151,mega-absol-box
8,524,p2,1097,raging-bolt-ogerpon,0388,gholdengo-lunatone
8,525,p2,0276,mega-venusaur-ex,1117,alakazam-dudunsparce
8,526,p2,1162,lucario-hariyama,0800,gardevoir-ex-sv
8,527,p2,0830,hydrapple-ogerpon,0053,dragapult-ex
8,528,p1,0363,crustle-dri,0622,dragapult-charizard
8,529,p2,1386,grimmsnarl-froslass,0932,gardevoir-ex-sv
8,530,p1,1218,dragapult-charizard,0353,gardevoir-ex-sv
8,531,p1,0411,froslass-munkidori,0146,dragapult-dusknoir
8,532,p1,0878,alakazam-dudunsparce,1045,n-zoroark
8,533,p2,0633,n-zoroark,1437,dragapult-dusknoir
8,534,tie,0011,n-zoroark,0060,alakazam-dudunsparce
8,535,p2,0933,joltik-box,0839,gardevoir-ex-sv
8,536,p2,0514,mega-gengar-ex,0690,tera-box
8,537,p1,1226,mega-absol-box,0604,dragapult-dusknoir
8,538,p1,0898,gardevoir-ex-sv,0744,dragapult-dusknoir
8,539,p1,1393,gardevoir-ex-sv,0465,stevens-metagross
8,540,p2,0395,dragapult-charizard,0867,mega-venusaur-ex
8,541,p1,0415,charizard-pidgeot,0487,flareon-noctowl
8,542,p2,0006,gardevoir-ex-sv,0681,n-zoroark
8,543,tie,1199,mega-absol-box,1414,n-zoroark
8,544,p1,0165,alakazam-dudunsparce,0994,cynthia-garchomp-ex
8,545,p2,1277,charizard-noctowl,0325,dragapult-dusknoir
8,546,p2,0319,mega-absol-box,0154,ceruledge-ex
8,547,p1,0239,dragapult-dusknoir,0447,flareon-noctowl
8,548,double_loss,1200,mega-absol-box,0358,dragapult-dusknoir
8,549,tie,0677,gholdengo-lunatone,0104,sharpedo-toxtricity
8,550,p1,0562,gardevoir-jellicent,0942,charizard-noctowl
8,551,p1,0365,dragapult-dusknoir,0950,gardevoir-ex-sv
8,552,p1,0195,charizard-pidgeot,0732,gardevoir-ex-sv
8,553,p1,0230,slowking-scr,0773,dragapult-dusknoir
8,554,p2,0478,n-zoroark,0377,flareon-noctowl
8,555,p1,1121,charizard-ex,0458,mega-absol-box
8,556,tie,1239,dragapult-dusknoir,0975,gardevoir-jellicent
8,557,tie,0117,mega-absol-box,0423,raging-bolt-ogerpon
8,558,p1,1235,dragapult-dusknoir,0646,dragapult-dusknoir
8,559,p1,0352,hop-zacian,0904,ceruledge-ex
8,560,double_loss,0919,dragapult-dusknoir,0844,alakazam-meg
8,561,p1,0317,mega-absol-box,0593,n-zoroark
8,562,p1,0227,dragapult-dusknoir,0759,other
8,563,p1,0474,ceruledge-ex,1402,mega-absol-box
8,564,p2,0776,toxtricity-box,1371,grimmsnarl-froslass
8,565,p2,0316,gardevoir-ex-sv,0515,charizard-noctowl
8,566,p2,0802,n-zoroark,0244,dragapult-dusknoir
8,567,p2,0913,raging-bolt-ogerpon,0696,gholdengo-lunatone
8,758,p2,1427,grimmsnarl-froslass,0934,joltik-box
8,759,p2,0718,raging-bolt-ogerpon,1439,n-zoroark
8,760,p2,1126,cynthia-garchomp-ex,1430,festival-lead
8,761,p1,1431,froslass-munkidori,1425,charizard-noctowl
8,762,p2,1433,alakazam-dudunsparce,0500,n-zoroark
9,1,p1,1292,mega-absol-box,0786,grimmsnarl-froslass
9,2,p1,1123,grimmsnarl-froslass,0216,joltik-box
9,3,p2,1158,gholdengo-lunatone,0471,gardevoir-ex-sv
9,4,p2,0504,alakazam-dudunsparce,1130,dragapult-dusknoir
9,5,p2,0091,raging-bolt-ogerpon,0291,dragapult-dusknoir
9,6,p2,1161,grimmsnarl-froslass,0271,grimmsnarl-froslass
9,7,p1,0883,grimmsnarl-froslass,0905,raging-bolt-ogerpon
9,8,tie,1267,n-zoroark,0599,mega-absol-box
9,9,tie,0960,gholdengo-lunatone,0030,dragapult-dusknoir
9,10,tie,0368,dragapult-dusknoir,1202,n-zoroark
9,11,p2,0255,dragapult-dusknoir,0659,gardevoir-ex-sv
9,12,p1,1378,gardevoir-ex-sv,0966,n-zoroark
9,13,p1,0288,festival-lead,0823,ceruledge-ex
9,14,p2,0874,raging-bolt-ogerpon,0178,charizard-noctowl
9,15,p1,1282,gardevoir-ex-sv,0268,crustle-dri
9,16,p1,0088,grimmsnarl-froslass,0259,gholdengo-lunatone
9,17,p1,0343,gardevoir-ex-sv,0949,dragapult-dusknoir
9,18,tie,1333,grimmsnarl-froslass,0902,gholdengo-lunatone
9,19,tie,1138,raging-bolt-ogerpon,0613,grimmsnarl-froslass
9,20,p2,1365,rockets-honchkrow,0811,gholdengo-lunatone
9,21,tie,1031,gholdengo-lunatone,0869,dragapult-dusknoir
9,22,p1,0938,grimmsnarl-froslass,1214,raging-bolt-ogerpon
9,23,tie,0980,tera-box,1251,froslass-munkidori
9,24,p2,0407,joltik-box,0367,alakazam-dudunsparce
9,25,p1,0226,dragapult-dusknoir,0229,dragapult-dusknoir
9,26,p2,0242,charizard-pidgeot,0893,froslass-munkidori
9,27,p2,0548,n-zoroark,0483,gholdengo-lunatone
9,28,tie,0159,festival-lead,1128,joltik-box
9,29,p1,1432,gardevoir-ex-sv,0025,crustle-dri
9,30,p2,1411,grimmsnarl-froslass,0866,kangaskhan-bouffalant
9,31,p1,0270,crustle-dri,1072,froslass-munkidori
9,32,p2,1349,mega-absol-box,0220,grimmsnarl-froslass
9,33,tie,1195,grimmsnarl-froslass,1240,gholdengo-lunatone
9,34,p1,0764,grimmsnarl-froslass,1111,grimmsnarl-froslass
9,35,p1,1237,tera-box,0412,mega-absol-box
9,36,p1,1058,n-zoroark,0432,grimmsnarl-froslass
9,37,p2,0731,n-zoroark,1198,gholdengo-lunatone
9,38,p1,0049,festival-lead,0007,n-zoroark
9,39,p2,0598,n-zoroark,0847,charizard-noctowl
9,40,p2,0112,mega-absol-box,0196,flareon-noctowl
9,41,p1,0262,froslass-munkidori,1298,charizard-noctowl
9,42,p2,1355,mega-absol-box,1324,dragapult-dusknoir
9,43,p1,1168,grimmsnarl-froslass,0572,dragapult-dusknoir
9,44,p2,0252,grimmsnarl-froslass,0002,gardevoir-ex-sv
9,45,p1,0480,tera-box,1147,gardevoir-ex-sv
9,46,tie,0673,gardevoir-ex-sv,0846,ursaluna-lunatone
9,47,tie,0684,mega-absol-box,0249,dragapult-dusknoir
9,48,p1,0999,n-zoroark,0228,n-zoroark
9,49,p2,1272,ursaluna-lunatone,0181,n-zoroark
9,50,p1,0019,grimmsnarl-froslass,0929,alakazam-dudunsparce
9,51,p2,0267,gardevoir-ex-sv,0266,gholdengo-joltik-box
9,52,p2,0409,joltik-box,0984,mega-absol-box
9,53,p1,0141,joltik-box,0424,slowking-scr
9,54,p1,1299,n-zoroark,1446,dragapult-dusknoir
9,55,p2,1071,joltik-box,0761,joltik-box
9,56,p2,0578,raging-bolt-ogerpon,1290,grimmsnarl-froslass
9,57,p2,0625,joltik-box,1367,kangaskhan-bouffalant
9,58,p1,0507,grimmsnarl-froslass,1255,gholdengo-lunatone
9,59,p1,0835,flareon-noctowl,0527,grimmsnarl-froslass
9,60,p2,0064,grimmsnarl-froslass,0004,ho-oh-armarouge
9,61,p1,1366,gholdengo-lunatone,0309,gholdengo-lunatone
9,62,p1,0849,dragapult-dusknoir,1082,gholdengo-lunatone
9,63,p1,0290,grimmsnarl-froslass,0560,gardevoir-ex-sv
9,64,p1,1284,alakazam-dudunsparce,0810,froslass-munkidori
9,65,p2,1350,crustle-dri,0467,gardevoir-ex-sv
9,66,p1,0952,charizard-noctowl,0307,dragapult-dusknoir
9,67,p2,0746,ceruledge-ex,0639,n-zoroark
9,68,p1,0640,grimmsnarl-froslass,0837,dragapult-dusknoir
9,69,tie,0742,dragapult-charizard,0193,lucario-hariyama
9,70,tie,1400,roaring-moon-dudunsparce,0554,gholdengo-ex
9,71,tie,1211,?,0113,gholdengo-lunatone
9,72,p1,0054,gholdengo-lunatone,0398,dragapult-dusknoir
9,73,p1,1418,n-zoroark,0269,dragapult-dusknoir
9,74,p2,1330,dragapult-dusknoir,0722,dragapult-dusknoir
9,75,p1,0751,mega-absol-box,0608,n-zoroark
9,76,p1,0286,grimmsnarl-froslass,0277,raging-bolt-ogerpon
9,77,p1,0553,raging-bolt-ogerpon,0619,gholdengo-lunatone
9,78,p1,0699,dragapult-dusknoir,0840,dragapult-dusknoir
9,79,p1,0757,festival-lead,1002,n-zoroark
9,80,tie,1216,dragapult-dusknoir,0329,joltik-box
9,81,p1,0427,dragapult-dusknoir,0243,gholdengo-lunatone
9,82,p1,0051,raging-bolt-ogerpon,1101,cynthia-garchomp-ex
9,83,p1,0097,dragapult-dusknoir,1175,n-zoroark
9,84,p1,1004,gardevoir-ex-sv,0399,dragapult-dusknoir
9,85,p2,0545,dragapult-dusknoir,0772,ethan-typhlosion
9,86,p2,1050,charizard-noctowl,0078,gholdengo-lunatone
9,87,p2,1021,dragapult-dusknoir,0131,dragapult-charizard
9,88,p1,0688,dragapult-dusknoir,0079,joltik-box
9,89,tie,1027,dragapult-dusknoir,0421,archaludon-ex
9,90,tie,1269,froslass-munkidori,0168,grimmsnarl-froslass
9,91,p2,0174,dragapult-dusknoir,0297,charizard-noctowl
9,92,p2,0102,crustle-dri,0164,dragapult-dusknoir
9,93,p1,0832,dragapult-dusknoir,0643,grimmsnarl-froslass
9,94,p2,0047,dragapult-dusknoir,0899,mega-absol-box
9,95,tie,0505,dragapult-charizard,0891,gardevoir-jellicent
9,96,tie,0607,grimmsnarl-froslass,0111,tera-box
9,97,p2,1208,froslass-munkidori,0221,joltik-box
9,98,tie,0828,dragapult-dusknoir,1090,gholdengo-lunatone
9,99,p1,0175,gardevoir-ex-sv,0967,dragapult-dusknoir
9,100,p1,1417,froslass-munkidori,0908,dragapult-charizard
9,101,p1,0934,joltik-box,1194,grimmsnarl-froslass
9,102,p1,0521,gholdengo-lunatone,0535,lucario-hariyama
9,103,p2,0848,dragapult-blaziken,1022,ceruledge-ex
9,104,tie,1074,gholdengo-lunatone,1286,joltik-box
9,105,p2,0022,gholdengo-lunatone,0747,grimmsnarl-froslass
9,106,p1,1113,gholdengo-lunatone,0356,gholdengo-lunatone
9,107,p2,1099,raging-bolt-ogerpon,0294,dragapult-dusknoir
9,108,p1,0873,gholdengo-lunatone,1086,dragapult-dusknoir
9,109,p2,0592,dragapult-dusknoir,0674,slowking-scr
9,110,p2,1171,gardevoir-ex-sv,1223,mega-absol-box
9,111,p2,1115,gholdengo-lunatone,0946,mega-absol-box
9,112,tie,0129,crustle-dri,1265,froslass-munkidori
9,113,p2,0157,alakazam-dudunsparce,0856,festival-lead
9,114,p2,0237,dragapult-dusknoir,0024,n-zoroark
9,115,tie,0964,gholdengo-lunatone,1362,raging-bolt-ogerpon
9,116,p2,1395,festival-lead,0192,charizard-noctowl
9,117,tie,0371,raging-bolt-ogerpon,0380,joltik-box
9,118,p1,0691,grimmsnarl-froslass,0650,mega-froslass-ex
9,119,p2,0924,charizard-noctowl,1016,gholdengo-lunatone
9,120,p1,0601,mega-absol-box,0155,dragapult-dusknoir
9,761,tie,0576,gholdengo-lunatone,1431,froslass-munkidori
10,1,p2,1265,froslass-munkidori,1431,froslass-munkidori
10,2,p2,1123,grimmsnarl-froslass,0271,grimmsnarl-froslass
10,3,p2,1292,mega-absol-box,0883,grimmsnarl-froslass
10,4,p2,0471,gardevoir-ex-sv,0291,dragapult-dusknoir
10,5,p1,1130,dragapult-dusknoir,0288,festival-lead
10,6,p1,0216,joltik-box,0178,charizard-noctowl
10,7,tie,0659,gardevoir-ex-sv,1378,gardevoir-ex-sv
10,8,p2,1158,gholdengo-lunatone,0786,grimmsnarl-froslass
10,9,p1,0088,grimmsnarl-froslass,0343,gardevoir-ex-sv
10,10,p1,1282,gardevoir-ex-sv,0226,dragapult-dusknoir
10,11,p1,0960,gholdengo-lunatone,0091,raging-bolt-ogerpon
10,12,p2,0938,grimmsnarl-froslass,0367,alakazam-dudunsparce
10,13,p1,1267,n-zoroark,0504,alakazam-dudunsparce
10,14,p1,0599,mega-absol-box,0811,gholdengo-lunatone
10,15,p2,1161,grimmsnarl-froslass,0196,flareon-noctowl
10,16,p2,0030,dragapult-dusknoir,0480,tera-box
10,17,p2,1168,grimmsnarl-froslass,0905,raging-bolt-ogerpon
10,18,p1,0866,kangaskhan-bouffalant,0483,gholdengo-lunatone
10,19,p1,0893,froslass-munkidori,0764,grimmsnarl-froslass
10,20,p2,0847,charizard-noctowl,0270,crustle-dri
10,21,tie,0368,dragapult-dusknoir,0613,grimmsnarl-froslass
10,22,p2,1202,n-zoroark,0220,grimmsnarl-froslass
10,23,p2,1138,raging-bolt-ogerpon,0999,n-zoroark
10,24,p1,0902,gholdengo-lunatone,1058,n-zoroark
10,25,p1,1333,grimmsnarl-froslass,0262,froslass-munkidori
10,26,p2,0049,festival-lead,1324,dragapult-dusknoir
10,27,tie,1432,gardevoir-ex-sv,0002,gardevoir-ex-sv
10,28,p1,1198,gholdengo-lunatone,1237,tera-box
10,29,p1,1031,gholdengo-lunatone,0294,dragapult-dusknoir
10,30,p2,0054,gholdengo-lunatone,0507,grimmsnarl-froslass
10,31,p2,1299,n-zoroark,1251,froslass-munkidori
10,32,p1,0266,gholdengo-joltik-box,1284,alakazam-dudunsparce
10,33,p1,0835,flareon-noctowl,0952,charizard-noctowl
10,34,p1,0849,dragapult-dusknoir,0856,festival-lead
10,35,p2,1365,rockets-honchkrow,0674,slowking-scr
10,36,p1,1223,mega-absol-box,0051,raging-bolt-ogerpon
10,37,tie,0691,grimmsnarl-froslass,0869,dragapult-dusknoir
10,38,p1,0640,grimmsnarl-froslass,0722,dragapult-dusknoir
10,39,p2,0757,festival-lead,0747,grimmsnarl-froslass
10,40,tie,0899,mega-absol-box,0639,n-zoroark
10,41,tie,0688,dragapult-dusknoir,0521,gholdengo-lunatone
10,42,p2,0427,dragapult-dusknoir,0946,mega-absol-box
10,43,p2,0286,grimmsnarl-froslass,1290,grimmsnarl-froslass
10,44,p1,1417,froslass-munkidori,0097,dragapult-dusknoir
10,45,tie,0131,dragapult-charizard,1366,gholdengo-lunatone
10,46,tie,0164,dragapult-dusknoir,0181,n-zoroark
10,47,p2,0141,joltik-box,1016,gholdengo-lunatone
10,48,p1,0966,n-zoroark,0192,charizard-noctowl
10,49,p2,0980,tera-box,0297,charizard-noctowl
10,50,p1,0832,dragapult-dusknoir,1022,ceruledge-ex
10,51,p2,0078,gholdengo-lunatone,0601,mega-absol-box
10,52,p1,0290,grimmsnarl-froslass,1367,kangaskhan-bouffalant
10,53,p1,0761,joltik-box,0949,dragapult-dusknoir
10,54,p2,0024,n-zoroark,0553,raging-bolt-ogerpon
10,55,p1,0467,gardevoir-ex-sv,0984,mega-absol-box
10,56,p2,0751,mega-absol-box,1113,gholdengo-lunatone
10,57,p1,0873,gholdengo-lunatone,0259,gholdengo-lunatone
10,58,p2,0874,raging-bolt-ogerpon,0221,joltik-box
10,59,p2,1418,n-zoroark,0255,dragapult-dusknoir
10,60,p2,0934,joltik-box,0699,dragapult-dusknoir
10,61,p1,0268,crustle-dri,0823,ceruledge-ex
10,62,tie,0772,ethan-typhlosion,0175,gardevoir-ex-sv
10,63,tie,0004,ho-oh-armarouge,1004,gardevoir-ex-sv
10,64,p2,0019,grimmsnarl-froslass,1214,raging-bolt-ogerpon
10,65,tie,0249,dragapult-dusknoir,0229,dragapult-dusknoir
10,66,p2,0684,mega-absol-box,0846,ursaluna-lunatone
10,67,p2,1195,grimmsnarl-froslass,1128,joltik-box
10,68,p2,0159,festival-lead,0407,joltik-box
10,69,p1,0673,gardevoir-ex-sv,1240,gholdengo-lunatone
10,70,p2,0111,tera-box,0228,n-zoroark
10,71,tie,0412,mega-absol-box,1074,gholdengo-lunatone
10,72,p2,0129,crustle-dri,1400,roaring-moon-dudunsparce
10,73,tie,0828,dragapult-dusknoir,0113,gholdengo-lunatone
10,74,p2,0505,dragapult-charizard,1269,froslass-munkidori
10,75,p2,0554,gholdengo-ex,1027,dragapult-dusknoir
10,76,p1,0252,grimmsnarl-froslass,1298,charizard-noctowl
10,77,tie,1286,joltik-box,0112,mega-absol-box
10,78,tie,1272,ursaluna-lunatone,1211,?
10,79,p1,0432,grimmsnarl-froslass,0598,n-zoroark
10,80,p1,1355,mega-absol-box,1111,grimmsnarl-froslass
10,81,tie,1072,froslass-munkidori,0242,charizard-pidgeot
10,82,p2,0742,dragapult-charizard,0380,joltik-box
10,83,p2,0607,grimmsnarl-froslass,1147,gardevoir-ex-sv
10,84,p2,1349,mega-absol-box,0007,n-zoroark
10,85,tie,1216,dragapult-dusknoir,0025,crustle-dri
10,86,p2,0371,raging-bolt-ogerpon,0421,archaludon-ex
10,87,tie,0964,gholdengo-lunatone,0572,dragapult-dusknoir
10,88,p2,0168,grimmsnarl-froslass,0329,joltik-box
10,89,p1,0193,lucario-hariyama,0731,n-zoroark
10,90,p2,0891,gardevoir-jellicent,0548,n-zoroark
10,91,p1,1362,raging-bolt-ogerpon,1090,gholdengo-lunatone
10,92,p1,0576,gholdengo-lunatone,1411,grimmsnarl-froslass
10,93,tie,1175,n-zoroark,0309,gholdengo-lunatone
10,94,p2,0424,slowking-scr,0840,dragapult-dusknoir
10,95,p1,0619,gholdengo-lunatone,1115,gholdengo-lunatone
10,96,p2,1082,gholdengo-lunatone,0409,joltik-box
10,97,p1,0174,dragapult-dusknoir,0848,dragapult-blaziken
10,98,tie,0643,grimmsnarl-froslass,0625,joltik-box
10,99,p1,0022,gholdengo-lunatone,1002,n-zoroark
10,100,p2,0307,dragapult-dusknoir,0929,alakazam-dudunsparce
10,101,p1,1255,gholdengo-lunatone,1395,festival-lead
10,102,p2,1071,joltik-box,1350,crustle-dri
10,103,p1,0545,dragapult-dusknoir,0064,grimmsnarl-froslass
10,104,p2,0578,raging-bolt-ogerpon,0277,raging-bolt-ogerpon
10,105,p2,1021,dragapult-dusknoir,1101,cynthia-garchomp-ex
10,106,p1,0079,joltik-box,0967,dragapult-dusknoir
10,107,p2,0356,gholdengo-lunatone,0243,gholdengo-lunatone
10,108,p1,1330,dragapult-dusknoir,1086,dragapult-dusknoir
10,109,p2,0535,lucario-hariyama,0269,dragapult-dusknoir
10,110,p1,1208,froslass-munkidori,0267,gardevoir-ex-sv
10,111,tie,1171,gardevoir-ex-sv,0924,charizard-noctowl
10,112,p2,0592,dragapult-dusknoir,0047,dragapult-dusknoir
10,113,p2,0810,froslass-munkidori,1194,grimmsnarl-froslass
10,114,p1,0102,crustle-dri,0746,ceruledge-ex
10,115,tie,0237,dragapult-dusknoir,0399,dragapult-dusknoir
10,116,p2,1446,dragapult-dusknoir,0527,grimmsnarl-froslass
10,117,p2,0650,mega-froslass-ex,0560,gardevoir-ex-sv
10,118,p1,0155,dragapult-dusknoir,0608,n-zoroark
10,119,tie,0837,dragapult-dusknoir,0908,dragapult-charizard
10,120,tie,1050,charizard-noctowl,0157,alakazam-dudunsparce
10,121,p2,1099,raging-bolt-ogerpon,0398,dragapult-dusknoir
11,1,p2,0899,mega-absol-box,1431,froslass-munkidori
11,2,p2,1130,dragapult-dusknoir,0883,grimmsnarl-froslass
11,3,p2,0291,dragapult-dusknoir,0271,grimmsnarl-froslass
11,4,p2,1282,gardevoir-ex-sv,0786,grimmsnarl-froslass
11,5,p1,1123,grimmsnarl-froslass,0088,grimmsnarl-froslass
11,6,p1,1292,mega-absol-box,0216,joltik-box
11,7,tie,0960,gholdengo-lunatone,0367,alakazam-dudunsparce
11,8,tie,0471,gardevoir-ex-sv,1267,n-zoroark
11,9,p1,0599,mega-absol-box,0659,gardevoir-ex-sv
11,10,p1,0893,froslass-munkidori,0905,raging-bolt-ogerpon
11,11,p1,1198,gholdengo-lunatone,1378,gardevoir-ex-sv
11,12,tie,0866,kangaskhan-bouffalant,0480,tera-box
11,13,p2,1333,grimmsnarl-froslass,0270,crustle-dri
11,14,tie,0220,grimmsnarl-froslass,0999,n-zoroark
11,15,p2,0196,flareon-noctowl,1324,dragapult-dusknoir
11,16,p2,0902,gholdengo-lunatone,0832,dragapult-dusknoir
11,17,p2,0674,slowking-scr,0640,grimmsnarl-froslass
11,18,tie,1290,grimmsnarl-froslass,1417,froslass-munkidori
11,19,tie,0966,n-zoroark,0946,mega-absol-box
11,20,p2,0297,charizard-noctowl,0699,dragapult-dusknoir
11,21,p1,0288,festival-lead,1016,gholdengo-lunatone
11,22,p1,0553,raging-bolt-ogerpon,0873,gholdengo-lunatone
11,23,p1,0255,dragapult-dusknoir,0266,gholdengo-joltik-box
11,24,p1,0290,grimmsnarl-froslass,1113,gholdengo-lunatone
11,25,p1,0835,flareon-noctowl,1251,froslass-munkidori
11,26,p1,0507,grimmsnarl-froslass,0849,dragapult-dusknoir
11,27,p1,0467,gardevoir-ex-sv,0343,gardevoir-ex-sv
11,28,p2,0178,charizard-noctowl,0747,grimmsnarl-froslass
11,29,p1,1158,gholdengo-lunatone,0761,joltik-box
11,30,p2,1223,mega-absol-box,0268,crustle-dri
11,31,tie,0221,joltik-box,0601,mega-absol-box
11,32,p2,1031,gholdengo-lunatone,0091,raging-bolt-ogerpon
11,33,p1,0846,ursaluna-lunatone,0811,gholdengo-lunatone
11,34,tie,0613,grimmsnarl-froslass,0504,alakazam-dudunsparce
11,35,p2,0002,gardevoir-ex-sv,0938,grimmsnarl-froslass
11,36,tie,0673,gardevoir-ex-sv,1161,grimmsnarl-froslass
11,37,p1,0407,joltik-box,0368,dragapult-dusknoir
11,38,p2,1128,joltik-box,1214,raging-bolt-ogerpon
11,39,p1,0226,dragapult-dusknoir,1432,gardevoir-ex-sv
11,40,p1,0262,froslass-munkidori,0175,gardevoir-ex-sv
11,41,p1,1362,raging-bolt-ogerpon,0131,dragapult-charizard
11,42,p1,0432,grimmsnarl-froslass,0764,grimmsnarl-froslass
11,43,p1,1058,n-zoroark,0007,n-zoroark
11,44,tie,0228,n-zoroark,0193,lucario-hariyama
11,45,p1,0548,n-zoroark,0688,dragapult-dusknoir
11,46,p1,0869,dragapult-dusknoir,0049,festival-lead
11,47,p2,0421,archaludon-ex,0164,dragapult-dusknoir
11,48,p2,1355,mega-absol-box,0521,gholdengo-lunatone
11,49,p1,0329,joltik-box,1202,n-zoroark
11,50,p2,0252,grimmsnarl-froslass,1269,froslass-munkidori
11,51,p1,1168,grimmsnarl-froslass,0691,grimmsnarl-froslass
11,52,tie,1147,gardevoir-ex-sv,1400,roaring-moon-dudunsparce
11,53,p1,0004,ho-oh-armarouge,0483,gholdengo-lunatone
11,54,tie,1366,gholdengo-lunatone,1138,raging-bolt-ogerpon
11,55,p2,1004,gardevoir-ex-sv,0181,n-zoroark
11,56,p2,0576,gholdengo-lunatone,0772,ethan-typhlosion
11,57,p2,0639,n-zoroark,0380,joltik-box
11,58,p1,0847,charizard-noctowl,0030,dragapult-dusknoir
11,59,p1,1237,tera-box,1027,dragapult-dusknoir
11,60,p2,0934,joltik-box,0277,raging-bolt-ogerpon
11,61,p1,0840,dragapult-dusknoir,0249,dragapult-dusknoir
11,62,p1,1418,n-zoroark,0751,mega-absol-box
11,63,p2,0229,dragapult-dusknoir,0022,gholdengo-lunatone
11,64,tie,1350,crustle-dri,1284,alakazam-dudunsparce
11,65,p1,0051,raging-bolt-ogerpon,1022,ceruledge-ex
11,66,p1,0269,dragapult-dusknoir,0079,joltik-box
11,67,p1,1101,cynthia-garchomp-ex,0019,grimmsnarl-froslass
11,68,p2,0856,festival-lead,0527,grimmsnarl-froslass
11,69,p1,0259,gholdengo-lunatone,0619,gholdengo-lunatone
11,70,p2,0823,ceruledge-ex,0174,dragapult-dusknoir
11,71,p1,1365,rockets-honchkrow,0024,n-zoroark
11,72,p2,0047,dragapult-dusknoir,0757,festival-lead
11,73,tie,0294,dragapult-dusknoir,0054,gholdengo-lunatone
11,74,p2,0984,mega-absol-box,0952,charizard-noctowl
11,75,p1,0102,crustle-dri,0243,gholdengo-lunatone
11,76,p1,0286,grimmsnarl-froslass,0409,joltik-box
11,77,tie,0155,dragapult-dusknoir,1255,gholdengo-lunatone
11,78,p1,0545,dragapult-dusknoir,0427,dragapult-dusknoir
11,79,p2,0141,joltik-box,0949,dragapult-dusknoir
11,80,p1,0874,raging-bolt-ogerpon,0929,alakazam-dudunsparce
11,81,p1,1367,kangaskhan-bouffalant,0192,charizard-noctowl
11,82,p1,1299,n-zoroark,0560,gardevoir-ex-sv
11,83,tie,1194,grimmsnarl-froslass,0097,dragapult-dusknoir
11,84,p1,0980,tera-box,0078,gholdengo-lunatone
11,85,p1,0722,dragapult-dusknoir,1208,froslass-munkidori
11,86,p1,1330,dragapult-dusknoir,0398,dragapult-dusknoir
11,87,tie,1074,gholdengo-lunatone,1272,ursaluna-lunatone
11,88,p1,1286,joltik-box,0159,festival-lead
11,89,p2,0112,mega-absol-box,0572,dragapult-dusknoir
11,90,tie,0025,crustle-dri,0964,gholdengo-lunatone
11,91,p2,1216,dragapult-dusknoir,0828,dragapult-dusknoir
11,92,p2,1211,?,0684,mega-absol-box
11,93,tie,1195,grimmsnarl-froslass,1072,froslass-munkidori
11,94,p1,0113,gholdengo-lunatone,0242,charizard-pidgeot
11,95,p1,1240,gholdengo-lunatone,0412,mega-absol-box
11,96,tie,1111,grimmsnarl-froslass,1090,gholdengo-lunatone
11,97,p2,1349,mega-absol-box,0598,n-zoroark
11,98,p1,1265,froslass-munkidori,0908,dragapult-charizard
11,99,p2,0607,grimmsnarl-froslass,0837,dragapult-dusknoir
11,100,p1,0731,n-zoroark,0168,grimmsnarl-froslass
11,101,p1,0891,gardevoir-jellicent,0625,joltik-box
11,102,p2,0505,dragapult-charizard,0742,dragapult-charizard
11,103,p2,1175,n-zoroark,1298,charizard-noctowl
11,104,p2,0129,crustle-dri,0924,charizard-noctowl
11,105,p1,0111,tera-box,0554,gholdengo-ex
11,106,tie,0157,alakazam-dudunsparce,0309,gholdengo-lunatone
11,107,p2,0399,dragapult-dusknoir,0371,raging-bolt-ogerpon
11,108,p2,0237,dragapult-dusknoir,1050,charizard-noctowl
11,109,p2,1411,grimmsnarl-froslass,0643,grimmsnarl-froslass
11,110,tie,1171,gardevoir-ex-sv,0746,ceruledge-ex
11,111,p2,0535,lucario-hariyama,1086,dragapult-dusknoir
11,112,p2,0307,dragapult-dusknoir,1002,n-zoroark
11,113,p1,1082,gholdengo-lunatone,1021,dragapult-dusknoir
11,114,p1,0592,dragapult-dusknoir,0650,mega-froslass-ex
11,115,p2,1115,gholdengo-lunatone,0424,slowking-scr
11,116,p1,0578,raging-bolt-ogerpon,0608,n-zoroark
11,117,p1,1395,festival-lead,1099,raging-bolt-ogerpon
11,118,p1,0064,grimmsnarl-froslass,1071,joltik-box
11,119,p2,0356,gholdengo-lunatone,0267,gardevoir-ex-sv
11,120,p1,1446,dragapult-dusknoir,0810,froslass-munkidori
12,1,p1,1431,froslass-munkidori,0196,flareon-noctowl
12,2,tie,0883,grimmsnarl-froslass,0271,grimmsnarl-froslass
12,3,p2,0786,grimmsnarl-froslass,1123,grimmsnarl-froslass
12,4,tie,1292,mega-absol-box,1130,dragapult-dusknoir
12,5,p2,0291,dragapult-dusknoir,0599,mega-absol-box
12,6,p1,0893,froslass-munkidori,0270,crustle-dri
12,7,p1,1324,dragapult-dusknoir,1198,gholdengo-lunatone
12,8,p2,0747,grimmsnarl-froslass,1158,gholdengo-lunatone
12,9,p2,0467,gardevoir-ex-sv,0255,dragapult-dusknoir
12,10,p1,0088,grimmsnarl-froslass,0640,grimmsnarl-froslass
12,11,p1,0268,crustle-dri,0216,joltik-box
12,12,p1,0288,festival-lead,0290,grimmsnarl-froslass
12,13,p2,0367,alakazam-dudunsparce,1282,gardevoir-ex-sv
12,14,p2,1267,n-zoroark,0699,dragapult-dusknoir
12,15,p2,0471,gardevoir-ex-sv,0507,grimmsnarl-froslass
12,16,tie,0960,gholdengo-lunatone,0553,raging-bolt-ogerpon
12,17,tie,0835,flareon-noctowl,0220,grimmsnarl-froslass
12,18,p2,0480,tera-box,0407,joltik-box
12,19,p2,0091,raging-bolt-ogerpon,1214,raging-bolt-ogerpon
12,20,p2,0902,gholdengo-lunatone,0846,ursaluna-lunatone
12,21,p1,0866,kangaskhan-bouffalant,0226,dragapult-dusknoir
12,22,p2,0938,grimmsnarl-froslass,0999,n-zoroark
12,23,p2,1237,tera-box,0164,dragapult-dusknoir
12,24,p1,0548,n-zoroark,0905,raging-bolt-ogerpon
12,25,p1,0946,mega-absol-box,1333,grimmsnarl-froslass
12,26,p2,0772,ethan-typhlosion,0832,dragapult-dusknoir
12,27,p2,0847,charizard-noctowl,0380,joltik-box
12,28,tie,1417,froslass-munkidori,1362,raging-bolt-ogerpon
12,29,p1,0329,joltik-box,0601,mega-absol-box
12,30,tie,0659,gardevoir-ex-sv,0521,gholdengo-lunatone
12,31,p2,1058,n-zoroark,1290,grimmsnarl-froslass
12,32,tie,0432,grimmsnarl-froslass,0004,ho-oh-armarouge
12,33,p2,0869,dragapult-dusknoir,1269,froslass-munkidori
12,34,p2,0966,n-zoroark,0221,joltik-box
12,35,tie,1378,gardevoir-ex-sv,0262,froslass-munkidori
12,36,p2,0181,n-zoroark,1168,grimmsnarl-froslass
12,37,p1,0022,gholdengo-lunatone,0757,festival-lead
12,38,p1,0174,dragapult-dusknoir,0504,alakazam-dudunsparce
12,39,tie,1367,kangaskhan-bouffalant,0178,charizard-noctowl
12,40,p1,0259,gholdengo-lunatone,1031,gholdengo-lunatone
12,41,p1,0286,grimmsnarl-froslass,1330,dragapult-dusknoir
12,42,p1,0873,gholdengo-lunatone,0266,gholdengo-joltik-box
12,43,tie,0849,dragapult-dusknoir,0343,gardevoir-ex-sv
12,44,tie,1418,n-zoroark,1223,mega-absol-box
12,45,p1,0840,dragapult-dusknoir,0949,dragapult-dusknoir
12,46,p1,0527,grimmsnarl-froslass,1161,grimmsnarl-froslass
12,47,p1,0980,tera-box,0674,slowking-scr
12,48,p2,1016,gholdengo-lunatone,1365,rockets-honchkrow
12,49,tie,0952,charizard-noctowl,0613,grimmsnarl-froslass
12,50,p1,1251,froslass-munkidori,0673,gardevoir-ex-sv
12,51,p2,0761,joltik-box,1101,cynthia-garchomp-ex
12,52,tie,0277,raging-bolt-ogerpon,0874,raging-bolt-ogerpon
12,53,p2,0102,crustle-dri,0269,dragapult-dusknoir
12,54,p1,0722,dragapult-dusknoir,1113,gholdengo-lunatone
12,55,p2,1299,n-zoroark,0051,raging-bolt-ogerpon
12,56,p2,0297,charizard-noctowl,0545,dragapult-dusknoir
12,57,p1,1432,gardevoir-ex-sv,1147,gardevoir-ex-sv
12,58,p2,1286,joltik-box,0193,lucario-hariyama
12,59,p2,1128,joltik-box,0113,gholdengo-lunatone
12,60,p1,0572,dragapult-dusknoir,0002,gardevoir-ex-sv
12,61,p1,0811,gholdengo-lunatone,1366,gholdengo-lunatone
12,62,p1,0228,n-zoroark,1400,roaring-moon-dudunsparce
12,63,p2,1138,raging-bolt-ogerpon,1240,gholdengo-lunatone
12,64,p2,0828,dragapult-dusknoir,0684,mega-absol-box
12,65,tie,0368,dragapult-dusknoir,0731,n-zoroark
12,66,p2,1255,gholdengo-lunatone,0899,mega-absol-box
12,67,p2,0111,tera-box,1202,n-zoroark
12,68,p1,1298,charizard-noctowl,0639,n-zoroark
12,69,p2,0155,dragapult-dusknoir,0371,raging-bolt-ogerpon
12,70,p1,0576,gholdengo-lunatone,0049,festival-lead
12,71,p2,0030,dragapult-dusknoir,1027,dragapult-dusknoir
12,72,p1,1284,alakazam-dudunsparce,0007,n-zoroark
12,73,p1,1355,mega-absol-box,0131,dragapult-charizard
12,74,p1,0097,dragapult-dusknoir,0924,charizard-noctowl
12,75,p2,1004,gardevoir-ex-sv,0252,grimmsnarl-froslass
12,76,p2,0643,grimmsnarl-froslass,0837,dragapult-dusknoir
12,77,tie,0294,dragapult-dusknoir,0688,dragapult-dusknoir
12,78,p2,0054,gholdengo-lunatone,0891,gardevoir-jellicent
12,79,p1,0598,n-zoroark,0691,grimmsnarl-froslass
12,80,p2,1265,froslass-munkidori,0421,archaludon-ex
12,81,p2,1194,grimmsnarl-froslass,0742,dragapult-charizard
12,82,p2,0483,gholdengo-lunatone,0175,gardevoir-ex-sv
12,83,p2,0764,grimmsnarl-froslass,1350,crustle-dri
12,84,p2,1050,charizard-noctowl,0619,gholdengo-lunatone
12,85,p1,0019,grimmsnarl-froslass,1072,froslass-munkidori
12,86,tie,0578,raging-bolt-ogerpon,0929,alakazam-dudunsparce
12,87,p2,1082,gholdengo-lunatone,0249,dragapult-dusknoir
12,88,p2,0984,mega-absol-box,0141,joltik-box
12,89,p1,0409,joltik-box,0064,grimmsnarl-froslass
12,90,p2,0964,gholdengo-lunatone,1395,festival-lead
12,91,p2,0078,gholdengo-lunatone,0823,ceruledge-ex
12,92,tie,0025,crustle-dri,1074,gholdengo-lunatone
12,93,p1,0424,slowking-scr,1272,ursaluna-lunatone
12,94,tie,1022,ceruledge-ex,1208,froslass-munkidori
12,95,p2,0024,n-zoroark,1086,dragapult-dusknoir
12,96,p2,0427,dragapult-dusknoir,1002,n-zoroark
12,97,p2,1195,grimmsnarl-froslass,0079,joltik-box
12,98,p2,0856,festival-lead,0047,dragapult-dusknoir
12,99,p1,0243,gholdengo-lunatone,0592,dragapult-dusknoir
12,100,p1,1446,dragapult-dusknoir,0751,mega-absol-box
12,101,p1,0560,gardevoir-ex-sv,0229,dragapult-dusknoir
12,102,p2,0267,gardevoir-ex-sv,0398,dragapult-dusknoir
12,103,p2,0934,joltik-box,0192,charizard-noctowl
12,104,p1,1171,gardevoir-ex-sv,1216,dragapult-dusknoir
12,105,tie,0242,charizard-pidgeot,0157,alakazam-dudunsparce
12,106,tie,1090,gholdengo-lunatone,0309,gholdengo-lunatone
12,107,p2,0159,festival-lead,1111,grimmsnarl-froslass
12,108,tie,0412,mega-absol-box,0112,mega-absol-box
12,109,p1,0237,dragapult-dusknoir,0505,dragapult-charizard
12,110,p1,0129,crustle-dri,0399,dragapult-dusknoir
12,111,p1,0746,ceruledge-ex,0908,dragapult-charizard
12,112,p1,1175,n-zoroark,1349,mega-absol-box
12,113,p1,0168,grimmsnarl-froslass,0625,joltik-box
12,114,p1,0607,grimmsnarl-froslass,1411,grimmsnarl-froslass
12,115,p1,0554,gholdengo-ex,0650,mega-froslass-ex
12,116,p2,0535,lucario-hariyama,1099,raging-bolt-ogerpon
12,117,p1,0608,n-zoroark,1071,joltik-box
12,118,p1,0307,dragapult-dusknoir,0810,froslass-munkidori
12,119,p2,1115,gholdengo-lunatone,1021,dragapult-dusknoir
12,,bye,0356,gholdengo-lunatone,,
13,1,p2,1431,froslass-munkidori,0329,joltik-box
13,2,tie,1123,grimmsnarl-froslass,0883,grimmsnarl-froslass
13,3,tie,0271,grimmsnarl-froslass,0599,mega-absol-box
13,4,p2,1292,mega-absol-box,1324,dragapult-dusknoir
13,5,p1,0893,froslass-munkidori,0786,grimmsnarl-froslass
13,6,p1,0507,grimmsnarl-froslass,0255,dragapult-dusknoir
13,7,p2,1130,dragapult-dusknoir,0832,dragapult-dusknoir
13,8,p2,0699,dragapult-dusknoir,1158,gholdengo-lunatone
13,9,p1,1282,gardevoir-ex-sv,0288,festival-lead
13,10,p1,0268,crustle-dri,0088,grimmsnarl-froslass
13,11,tie,0866,kangaskhan-bouffalant,0407,joltik-box
13,12,p1,0291,dragapult-dusknoir,0846,ursaluna-lunatone
13,13,p2,1214,raging-bolt-ogerpon,0999,n-zoroark
13,14,p1,0960,gholdengo-lunatone,1198,gholdengo-lunatone
13,15,p1,1269,froslass-munkidori,0221,joltik-box
13,16,p2,1290,grimmsnarl-froslass,0946,mega-absol-box
13,17,tie,0835,flareon-noctowl,0548,n-zoroark
13,18,p1,0380,joltik-box,0164,dragapult-dusknoir
13,19,p2,1168,grimmsnarl-froslass,0553,raging-bolt-ogerpon
13,20,p1,0270,crustle-dri,0220,grimmsnarl-froslass
13,21,p1,0467,gardevoir-ex-sv,0722,dragapult-dusknoir
13,22,p1,0216,joltik-box,0290,grimmsnarl-froslass
13,23,p1,1267,n-zoroark,0269,dragapult-dusknoir
13,24,p2,0286,grimmsnarl-froslass,0747,grimmsnarl-froslass
13,25,p1,0022,gholdengo-lunatone,1365,rockets-honchkrow
13,26,p2,0471,gardevoir-ex-sv,0527,grimmsnarl-froslass
13,27,p2,0259,gholdengo-lunatone,0051,raging-bolt-ogerpon
13,28,tie,0873,gholdengo-lunatone,0174,dragapult-dusknoir
13,29,p2,0840,dragapult-dusknoir,1251,froslass-munkidori
13,30,p2,1101,cynthia-garchomp-ex,0640,grimmsnarl-froslass
13,31,p1,0545,dragapult-dusknoir,0980,tera-box
13,32,p1,0367,alakazam-dudunsparce,0480,tera-box
13,33,p2,0113,gholdengo-lunatone,0091,raging-bolt-ogerpon
13,34,tie,0262,froslass-munkidori,0811,gholdengo-lunatone
13,35,p2,0572,dragapult-dusknoir,0004,ho-oh-armarouge
13,36,p2,0659,gardevoir-ex-sv,1417,froslass-munkidori
13,37,p2,0521,gholdengo-lunatone,0938,grimmsnarl-froslass
13,38,p2,0226,dragapult-dusknoir,0432,grimmsnarl-froslass
13,39,p1,1240,gholdengo-lunatone,1432,gardevoir-ex-sv
13,40,p1,0193,lucario-hariyama,0684,mega-absol-box
13,41,tie,1362,raging-bolt-ogerpon,1378,gardevoir-ex-sv
13,42,p2,0228,n-zoroark,0837,dragapult-dusknoir
13,43,p1,1223,mega-absol-box,0598,n-zoroark
13,44,p1,0874,raging-bolt-ogerpon,0869,dragapult-dusknoir
13,45,p2,0902,gholdengo-lunatone,1298,charizard-noctowl
13,46,tie,0601,mega-absol-box,0613,grimmsnarl-froslass
13,47,tie,1058,n-zoroark,0899,mega-absol-box
13,48,p1,0847,charizard-noctowl,0891,gardevoir-jellicent
13,49,p1,0097,dragapult-dusknoir,1418,n-zoroark
13,50,p2,0952,charizard-noctowl,1237,tera-box
13,51,p2,1333,grimmsnarl-froslass,1027,dragapult-dusknoir
13,52,p1,0966,n-zoroark,0421,archaludon-ex
13,53,p1,0181,n-zoroark,0175,gardevoir-ex-sv
13,54,p1,1350,crustle-dri,1355,mega-absol-box
13,55,p1,0178,charizard-noctowl,1284,alakazam-dudunsparce
13,56,tie,1367,kangaskhan-bouffalant,0849,dragapult-dusknoir
13,57,tie,0252,grimmsnarl-froslass,1202,n-zoroark
13,58,p2,0742,dragapult-charizard,0772,ethan-typhlosion
13,59,p2,0371,raging-bolt-ogerpon,0196,flareon-noctowl
13,60,p2,0277,raging-bolt-ogerpon,0343,gardevoir-ex-sv
13,61,p1,0905,raging-bolt-ogerpon,0576,gholdengo-lunatone
13,62,p2,0398,dragapult-dusknoir,0266,gholdengo-joltik-box
13,63,p2,1446,dragapult-dusknoir,1031,gholdengo-lunatone
13,64,p1,1113,gholdengo-lunatone,1330,dragapult-dusknoir
13,65,p1,1161,grimmsnarl-froslass,0243,gholdengo-lunatone
13,66,p1,0249,dragapult-dusknoir,0297,charizard-noctowl
13,67,tie,0424,slowking-scr,0674,slowking-scr
13,68,p1,1002,n-zoroark,0673,gardevoir-ex-sv
13,69,p2,0619,gholdengo-lunatone,0757,festival-lead
13,70,p2,1086,dragapult-dusknoir,1016,gholdengo-lunatone
13,71,p1,0019,grimmsnarl-froslass,0761,joltik-box
13,72,p2,0560,gardevoir-ex-sv,0079,joltik-box
13,73,p2,0192,charizard-noctowl,0368,dragapult-dusknoir
13,74,p2,0047,dragapult-dusknoir,0409,joltik-box
13,75,p2,0504,alakazam-dudunsparce,0102,crustle-dri
13,76,p1,1299,n-zoroark,0949,dragapult-dusknoir
13,77,p1,1395,festival-lead,0823,ceruledge-ex
13,78,p2,0141,joltik-box,1147,gardevoir-ex-sv
13,79,p1,0731,n-zoroark,0688,dragapult-dusknoir
13,80,p2,1138,raging-bolt-ogerpon,1128,joltik-box
13,81,p2,0002,gardevoir-ex-sv,1366,gholdengo-lunatone
13,82,p2,0828,dragapult-dusknoir,1286,joltik-box
13,83,p1,1400,roaring-moon-dudunsparce,1111,grimmsnarl-froslass
13,84,p2,0294,dragapult-dusknoir,1171,gardevoir-ex-sv
13,85,p2,1004,gardevoir-ex-sv,0643,grimmsnarl-froslass
13,86,p1,0030,dragapult-dusknoir,0554,gholdengo-ex
13,87,p2,0054,gholdengo-lunatone,1022,ceruledge-ex
13,88,p1,0155,dragapult-dusknoir,0639,n-zoroark
13,89,p1,1074,gholdengo-lunatone,1175,n-zoroark
13,90,p2,0131,dragapult-charizard,1050,charizard-noctowl
13,91,p1,0483,gholdengo-lunatone,0746,ceruledge-ex
13,92,p1,0607,grimmsnarl-froslass,1255,gholdengo-lunatone
13,93,p2,1265,froslass-munkidori,0764,grimmsnarl-froslass
13,94,tie,0007,n-zoroark,0237,dragapult-dusknoir
13,95,p1,1194,grimmsnarl-froslass,0111,tera-box
13,96,p2,0578,raging-bolt-ogerpon,0129,crustle-dri
13,97,p2,0929,alakazam-dudunsparce,1208,froslass-munkidori
13,98,p2,0049,festival-lead,0168,grimmsnarl-froslass
13,99,p2,0924,charizard-noctowl,0025,crustle-dri
13,100,tie,0691,grimmsnarl-froslass,0412,mega-absol-box
13,101,p1,1195,grimmsnarl-froslass,0157,alakazam-dudunsparce
13,102,p2,0078,gholdengo-lunatone,0592,dragapult-dusknoir
13,103,p2,1099,raging-bolt-ogerpon,0856,festival-lead
13,104,p2,1082,gholdengo-lunatone,0064,grimmsnarl-froslass
13,105,p2,0307,dragapult-dusknoir,1090,gholdengo-lunatone
13,106,p1,1272,ursaluna-lunatone,0608,n-zoroark
13,107,tie,0751,mega-absol-box,0309,gholdengo-lunatone
13,108,p1,0229,dragapult-dusknoir,0427,dragapult-dusknoir
13,109,p2,0934,joltik-box,0024,n-zoroark
13,110,p2,0356,gholdengo-lunatone,0984,mega-absol-box
13,111,tie,1021,dragapult-dusknoir,0112,mega-absol-box
13,112,p1,1072,froslass-munkidori,0964,gholdengo-lunatone
13,113,tie,0242,charizard-pidgeot,0267,gardevoir-ex-sv
13,114,p2,0159,festival-lead,1216,dragapult-dusknoir
13,115,p2,1349,mega-absol-box,0505,dragapult-charizard
13,116,p1,0625,joltik-box,0399,dragapult-dusknoir
13,117,tie,0908,dragapult-charizard,1411,grimmsnarl-froslass
13,118,p2,1115,gholdengo-lunatone,1071,joltik-box
13,119,p2,0810,froslass-munkidori,0535,lucario-hariyama
13,,bye,0650,mega-froslass-ex,,
14,2,p2,1158,gholdengo-lunatone,0268,crustle-dri
14,3,p2,0507,grimmsnarl-froslass,0599,mega-absol-box
14,4,p1,1282,gardevoir-ex-sv,0832,dragapult-dusknoir
14,,bye,1123,grimmsnarl-froslass,,
14,,bye,1324,dragapult-dusknoir,,
14,,bye,0883,grimmsnarl-froslass,,
14,,bye,0893,froslass-munkidori,,
14,,bye,0271,grimmsnarl-froslass,,
15,2,p1,1123,grimmsnarl-froslass,0268,crustle-dri
15,3,p2,1324,dragapult-dusknoir,0883,grimmsnarl-froslass
15,4,p2,0893,froslass-munkidori,0599,mega-absol-box
15,5,p2,1282,gardevoir-ex-sv,0271,grimmsnarl-froslass
16,2,p2,1123,grimmsnarl-froslass,0883,grimmsnarl-froslass
16,3,p1,0599,mega-absol-box,0271,grimmsnarl-froslass
17,2,p2,0883,grimmsnarl-froslass,0599,mega-absol-box
