round,table,result,p1_id,p1_archetype_slug,p2_id,p2_archetype_slug
1,251,p1,0001,raging-bolt-ogerpon,0002,lopunny-dudunsparce
1,253,p2,0003,dragapult-dudunsparce,0004,mega-venusaur-ex
1,254,p1,0005,festival-lead,0006,dragapult-blaziken
1,255,p1,0007,dragapult-dusknoir,0008,n-zoroark
1,256,p1,0009,lucario-hariyama,0010,lopunny-dudunsparce
1,257,p2,0011,dragapult-dudunsparce,0012,dragapult-dusknoir
1,258,p2,0013,n-zoroark,0014,lopunny-dudunsparce
1,259,p2,0015,other,0016,rockets-honchkrow
1,260,p1,0017,raging-bolt-ogerpon,0018,starmie-dusknoir
1,261,tie,0019,lucario-hariyama,0020,dragapult-ex
1,262,p1,0021,ogerpon-meganium,0022,mega-abomasnow-ex
1,263,p1,0023,dragapult-dusknoir,0024,cynthia-garchomp-ex
1,264,p2,0025,other,0026,ogerpon-meganium-hydrapple
1,265,p1,0027,dragapult-ex,0028,festival-lead
1,266,tie,0029,festival-lead,0030,alakazam-dudunsparce
1,267,p2,0031,dragapult-ex,0032,starmie-froslass
1,268,tie,0033,lucario-hariyama,0034,dragapult-dudunsparce
1,269,p1,0035,dragapult-dudunsparce,0036,flareon-noctowl
1,270,p1,0037,rocket-mewtwo-ex,0038,crustle-dri
1,271,p1,0039,cynthia-garchomp-ex,0040,dragapult-dusknoir
1,272,p2,0041,starmie-froslass,0042,lopunny-dudunsparce
1,273,p2,0043,dragapult-dudunsparce,0044,slowking-scr
1,274,p1,0045,dragapult-dudunsparce,0046,starmie-dusknoir
1,275,p2,0047,mega-zygarde-ex,0048,alakazam-dudunsparce
1,276,p2,0049,dragapult-dusknoir,0050,archaludon-dudunsparce
1,277,p2,0051,starmie-froslass,0052,ogerpon-meganium-hydrapple
1,278,p1,0053,alakazam-dudunsparce,0054,dragapult-blaziken
1,279,p2,0055,dragapult-ex,0056,raging-bolt-ogerpon
1,280,p1,0057,ogerpon-meganium-arboliva,0058,festival-lead
1,281,p1,0059,alakazam-dudunsparce,0060,mega-lucario-ex
1,282,p2,0061,rocket-mewtwo-ex,0062,dragapult-dudunsparce
1,283,p2,0063,dragapult-ex,0064,lopunny-dudunsparce
1,284,p1,0065,cynthia-garchomp-ex,0066,lopunny-dudunsparce
1,285,p1,0067,n-zoroark,0068,dragapult-ex
1,286,p2,0069,dragapult-dudunsparce,0070,starmie-froslass
1,287,p1,0071,n-zoroark,0072,dragapult-dudunsparce
1,288,tie,0073,ogerpon-meganium-arboliva,0074,rocket-mewtwo-ex
1,289,p1,0075,dragapult-ex,0076,festival-lead
1,290,p1,0077,cynthia-garchomp-ex,0078,dragapult-ex
1,291,tie,0079,lucario-hariyama,0080,dragapult-blaziken
1,292,tie,0081,other,0082,?
1,293,p2,0083,dragapult-dudunsparce,0084,dragapult-ex
1,294,tie,0085,dragapult-blaziken,0086,lucario-hariyama
1,295,p1,0087,dragapult-blaziken,0088,rocket-mewtwo-ex
1,296,p1,0089,dragapult-dudunsparce,0090,raging-bolt-ogerpon
1,297,p1,0091,dragapult-dudunsparce,0092,starmie-dusknoir
1,298,tie,0093,lopunny-dudunsparce,0094,lopunny-dudunsparce
1,299,p2,0095,ethan-typhlosion,0096,lopunny-dudunsparce
1,300,tie,0097,raging-bolt-ogerpon,0098,dragapult-blaziken
1,301,tie,0099,lucario-hariyama,0100,alakazam-dudunsparce
1,302,tie,0101,dragapult-dusknoir,0102,clefairy-ogerpon
1,303,p1,0103,festival-lead,0104,mega-starmie-ex
1,304,tie,0105,crustle-dri,0106,dragapult-dusknoir
1,305,p2,0107,cynthia-garchomp-ex,0108,festival-lead
1,306,p2,0109,rocket-mewtwo-ex,0110,clefairy-ogerpon
1,307,p1,0111,alakazam-dudunsparce,0112,mega-abomasnow-ex
1,308,tie,0113,lucario-hariyama,0114,mega-lucario-ex
1,309,tie,0115,rockets-honchkrow,0116,lopunny-dudunsparce
1,310,p1,0117,okidogi-barbaracle,0118,cynthia-garchomp-ex
1,311,p1,0119,slowking-scr,0120,starmie-froslass
1,312,p2,0121,jellicent-dusknoir,0122,raging-bolt-ogerpon
1,313,p2,0123,alakazam-dudunsparce,0124,dragapult-dudunsparce
1,314,p1,0125,slowking-scr,0126,lopunny-dudunsparce
1,315,p2,0127,raging-bolt-ogerpon,0128,raging-bolt-ogerpon
1,316,p2,0129,raging-bolt-ogerpon,0130,ogerpon-meganium
1,317,p2,0131,flareon-noctowl,0132,dragapult-ex
1,318,tie,0133,dragapult-blaziken,0134,dragapult-blaziken
1,319,p2,0135,manectric-eelektrik,0136,ogerpon-meganium-hydrapple
1,320,p2,0137,dragapult-dusknoir,0138,n-zoroark
1,321,p2,0139,decidueye-ex,0140,raging-bolt-ogerpon
1,322,p1,0141,dragapult-ex,0142,eelektrik-blk
1,323,p1,0143,rockets-honchkrow,0144,cynthia-garchomp-ex
1,324,p2,0145,diancie-dusknoir,0146,dragapult-dusknoir
1,325,p1,0147,lopunny-dudunsparce,0148,dragapult-dudunsparce
1,326,tie,0149,n-zoroark,0150,dragapult-dusknoir
1,327,p2,0151,raging-bolt-ogerpon,0152,dragapult-blaziken
1,328,p1,0153,lopunny-dudunsparce,0154,ogerpon-meganium-arboliva
1,329,p1,0155,dragapult-dusknoir,0156,dragapult-dusknoir
1,330,p2,0157,rocket-mewtwo-ex,0158,hydreigon-ex
1,331,p1,0159,raging-bolt-ogerpon,0160,starmie-dusknoir
1,332,p2,0161,mega-lucario-ex,0162,raging-bolt-ogerpon
1,333,p2,0163,dragapult-ex,0164,raging-bolt-ogerpon
1,334,p2,0165,decidueye-ex,0166,lopunny-dudunsparce
1,335,p1,0167,alakazam-dudunsparce,0168,slowking-scr
1,336,p2,0169,mega-lucario-ex,0170,dragapult-dudunsparce
1,337,p2,0171,dragapult-blaziken,0172,other
1,338,tie,0173,ogerpon-meganium-arboliva,0174,dragapult-dudunsparce
1,339,p2,0175,ogerpon-meganium-arboliva,0176,raging-bolt-ogerpon
1,340,p2,0177,rocket-mewtwo-ex,0178,raging-bolt-ogerpon
1,341,p2,0179,rocket-mewtwo-ex,0180,ogerpon-meganium-arboliva
1,342,p2,0181,starmie-froslass,0182,festival-lead
1,343,p1,0183,dragapult-ex,0184,rocket-mewtwo-ex
1,344,p1,0185,ogerpon-meganium-hydrapple,0186,toxtricity-box
1,345,p1,0187,starmie-froslass,0188,rocket-mewtwo-ex
1,346,p2,0189,dragapult-ex,0190,n-zoroark
1,347,p2,0191,other,0192,dragapult-blaziken
1,348,tie,0193,n-zoroark,0194,dragapult-blaziken
1,349,tie,0195,n-zoroark,0196,rocket-mewtwo-ex
1,350,p2,0197,crustle-dri,0198,dragapult-dudunsparce
1,351,p1,0199,dragapult-ex,0200,mega-lopunny-ex
1,352,p2,0201,dragapult-dusknoir,0202,n-zoroark
1,353,p1,0203,alakazam-dudunsparce,0204,raging-bolt-ogerpon
1,354,p2,0205,cynthia-garchomp-ex,0206,dragapult-ex
1,355,p2,0207,rocket-mewtwo-ex,0208,lopunny-dudunsparce
1,356,p2,0209,dragapult-dudunsparce,0210,dragapult-ex
1,357,p2,0211,raging-bolt-ogerpon,0212,mega-lucario-ex
1,358,tie,0213,lucario-hariyama,0214,dudunsparce-control
1,359,p2,0215,n-zoroark,0216,cynthia-garchomp-ex
1,360,p2,0217,okidogi-barbaracle,0218,lucario-hariyama
1,361,p2,0219,clefairy-ogerpon,0220,cynthia-garchomp-ex
1,362,p2,0221,dragapult-blaziken,0222,dragapult-ex
1,363,p1,0223,festival-lead,0224,lucario-hariyama
1,364,p2,0225,starmie-froslass,0226,raging-bolt-ogerpon
1,365,tie,0227,dragapult-ex,0228,rocket-mewtwo-ex
1,366,p2,0229,crustle-dri,0230,cynthia-garchomp-ex
1,367,p2,0231,dragapult-dudunsparce,0232,ogerpon-meganium-hydrapple
1,368,p1,0233,rockets-honchkrow,0234,stevens-metagross
1,369,p1,0235,dragapult-blaziken,0236,raging-bolt-ogerpon
1,370,p1,0237,lucario-hariyama,0238,festival-lead
1,371,p2,0239,starmie-froslass,0240,cynthia-garchomp-ex
1,372,p2,0241,rocket-mewtwo-ex,0242,festival-lead
1,373,p1,0243,dragapult-blaziken,0244,hops-trevenant
1,374,p1,0245,grimmsnarl-froslass,0246,alakazam-dudunsparce
1,375,tie,0247,dragapult-blaziken,0248,rockets-honchkrow
1,376,tie,0249,alakazam-dudunsparce,0250,dragapult-dudunsparce
1,377,p2,0251,cynthia-garchomp-ex,0252,raging-bolt-ogerpon
1,378,tie,0253,alakazam-dudunsparce,0254,dragapult-dusknoir
1,379,p1,0255,ursaluna-lunatone,0256,dragapult-dusknoir
1,380,tie,0257,basic-box-m,0258,rocket-mewtwo-ex
1,381,p1,0259,lopunny-dudunsparce,0260,raging-bolt-ogerpon
1,382,p1,0261,ogerpon-meganium-arboliva,0262,other
1,383,p1,0263,alakazam-dudunsparce,0264,dragapult-ex
1,384,p1,0265,dragapult-dusknoir,0266,cynthia-garchomp-ex
1,385,p2,0267,hop-zacian,0268,flareon-noctowl
1,386,p1,0269,slowking-scr,0270,dragapult-dudunsparce
1,387,p2,0271,crustle-dri,0272,greninja-ex
1,388,p1,0273,dragapult-dusknoir,0274,dragapult-blaziken
1,389,p2,0275,flareon-noctowl,0276,rockets-honchkrow
1,390,p1,0277,basic-box-m,0278,raging-bolt-ogerpon
1,391,p2,0279,ogerpon-meganium-hydrapple,0280,dragapult-ex
1,392,p1,0281,raging-bolt-ogerpon,0282,dragapult-ex
1,393,tie,0283,alakazam-dudunsparce,0284,rocket-mewtwo-ex
1,394,p2,0285,lucario-hariyama,0286,dragapult-dusknoir
1,395,p2,0287,crustle-dri,0288,starmie-froslass
1,396,p2,0289,festival-lead,0290,alakazam-dudunsparce
1,397,p1,0291,alakazam-dudunsparce,0292,rockets-honchkrow
1,398,p1,0293,raging-bolt-ogerpon,0294,yanmega-ex
1,399,p2,0295,dragapult-ex,0296,lopunny-dudunsparce
1,400,p2,0297,dragapult-ex,0298,dragapult-ex
1,401,p2,0299,rocket-mewtwo-ex,0300,n-zoroark
1,402,p2,0301,?,0302,dragapult-dusknoir
1,403,p1,0303,rocket-mewtwo-ex,0304,dragapult-dudunsparce
1,404,p2,0305,dragapult-dudunsparce,0306,alakazam-dudunsparce
1,405,p1,0307,starmie-froslass,0308,cynthia-garchomp-ex
1,406,p2,0309,rockets-honchkrow,0310,n-zoroark
1,407,p1,0311,rockets-honchkrow,0312,alakazam-dudunsparce
1,408,p2,0313,basic-box-m,0314,dragapult-dusknoir
1,409,tie,0315,dragapult-dusknoir,0316,mega-venusaur-ex
1,410,p1,0317,dragapult-ex,0318,starmie-dusknoir
1,411,p1,0319,rocket-mewtwo-ex,0320,n-zoroark
1,412,p2,0321,n-zoroark,0322,festival-lead
1,413,p2,0323,greninja-ex,0324,dragapult-blaziken
1,414,p1,0325,raging-bolt-ogerpon,0326,cynthia-garchomp-ex
1,415,p2,0327,crustle-dri,0328,mega-venusaur-ex
1,416,p2,0329,dragapult-blaziken,0330,slowking-scr
1,417,p2,0331,iono-bellibolt,0332,dragapult-dudunsparce
1,418,p1,0333,basic-box-m,0334,dragapult-blaziken
1,419,p1,0335,dragapult-ex,0336,other
1,420,tie,0337,n-zoroark,0338,dragapult-ex
1,421,p2,0339,n-zoroark,0340,other
1,422,p1,0341,raging-bolt-ogerpon,0342,starmie-froslass
1,423,p2,0343,cynthia-garchomp-ex,0344,lopunny-dudunsparce
1,424,p1,0345,dragapult-dusknoir,0346,starmie-dusknoir
1,425,p1,0347,dragapult-dudunsparce,0348,mega-feraligatr-ex
1,426,p1,0349,ogerpon-meganium-arboliva,0350,dragapult-dusknoir
1,427,p2,0351,rocket-mewtwo-ex,0352,greninja-ex
1,428,p2,0353,yanmega-ex,0354,mega-froslass-ex
1,429,p1,0355,festival-lead,0356,crustle-dri
1,430,tie,0357,greninja-froslass,0358,tera-box
1,431,p1,0359,rocket-mewtwo-ex,0360,cynthia-garchomp-ex
1,432,p1,0361,n-zoroark,0362,starmie-dusknoir
1,433,p2,0363,cynthia-garchomp-ex,0364,festival-lead
1,434,p2,0365,dragapult-ex,0366,dragapult-ex
1,435,p2,0367,mega-absol-box,0368,dragapult-ex
1,436,p1,0369,mega-absol-box,0370,slowking-scr
1,437,p2,0371,festival-lead,0372,lopunny-dudunsparce
1,438,tie,0373,cynthia-garchomp-ex,0374,rockets-honchkrow
1,439,p2,0375,dragapult-dudunsparce,0376,dragapult-dusknoir
1,440,p1,0377,festival-lead,0378,cynthia-garchomp-ex
1,441,p2,0379,ogerpon-meganium-arboliva,0380,greninja-ex
1,442,p2,0381,rocket-mewtwo-ex,0382,clefairy-ogerpon
1,443,p1,0383,festival-lead,0384,cynthia-garchomp-ex
1,444,tie,0385,dragapult-ex,0386,n-zoroark
1,445,p1,0387,dragapult-dudunsparce,0388,lopunny-dudunsparce
1,446,tie,0389,raging-bolt-ogerpon,0390,dragapult-dusknoir
1,447,p1,0391,alakazam-dudunsparce,0392,ceruledge-ex
1,448,p2,0393,rocket-mewtwo-ex,0394,basic-box-m
1,449,p2,0395,lucario-hariyama,0396,dragapult-dusknoir
1,450,p1,0397,lopunny-dudunsparce,0398,cynthia-garchomp-ex
1,451,p1,0399,dragapult-dusknoir,0400,lucario-hariyama
1,452,p2,0401,lopunny-dudunsparce,0402,dragapult-ex
1,453,p1,0403,mega-lucario-ex,0404,n-zoroark
1,454,p1,0405,dragapult-blaziken,0406,archaludon-dudunsparce
1,455,p2,0407,alakazam-dudunsparce,0408,rocket-mewtwo-ex
1,456,p1,0409,lopunny-dudunsparce,0410,hops-trevenant
1,457,p1,0411,dragapult-dusknoir,0412,doublade-por
1,458,tie,0413,rockets-honchkrow,0414,ogerpon-meganium-arboliva
1,459,p1,0415,rocket-mewtwo-ex,0416,alakazam-dudunsparce
1,460,p1,0417,dragapult-dusknoir,0418,lopunny-dudunsparce
1,461,p2,0419,lucario-hariyama,0420,ogerpon-meganium
1,462,p1,0421,starmie-dusknoir,0422,dragapult-ex
1,463,p2,0423,dragapult-blaziken,0424,archaludon-dudunsparce
1,464,p1,0425,dragapult-ex,0426,starmie-dusknoir
1,465,p2,0427,rocket-mewtwo-ex,0428,dragapult-dusknoir
1,466,p1,0429,dragapult-dusknoir,0430,starmie-dusknoir
1,467,p1,0431,festival-lead,0432,rocket-mewtwo-ex
1,468,p1,0433,mega-lucario-ex,0434,raging-bolt-ogerpon
1,469,tie,0435,hops-trevenant,0436,lopunny-dudunsparce
1,470,p2,0437,crustle-dri,0438,n-zoroark
1,471,p1,0439,dragapult-ex,0440,greninja-ex
1,472,p2,0441,other,0442,lopunny-dudunsparce
1,473,p2,0443,decidueye-ex,0444,lucario-hariyama
1,474,p1,0445,dragapult-dusknoir,0446,dragapult-dusknoir
1,475,p1,0447,dragapult-dudunsparce,0448,n-zoroark
1,476,p2,0449,grimmsnarl-froslass,0450,lopunny-dudunsparce
1,477,p1,0451,ogerpon-meganium-arboliva,0452,rocket-mewtwo-ex
1,478,p2,0453,raging-bolt-ogerpon,0454,festival-lead
1,479,p1,0455,n-zoroark,0456,ceruledge-ex
1,480,p2,0457,lopunny-dudunsparce,0458,ogerpon-meganium-arboliva
1,481,p1,0459,festival-lead,0460,festival-lead
1,482,tie,0461,cynthia-garchomp-ex,0462,starmie-froslass
1,483,p1,0463,ogerpon-meganium-arboliva,0464,alakazam-dudunsparce
1,484,p2,0465,dragapult-blaziken,0466,raging-bolt-ogerpon
1,485,p1,0467,festival-lead,0468,n-zoroark
1,486,tie,0469,dragapult-ex,0470,dragapult-dusknoir
1,487,p1,0471,crustle-dri,0472,rocket-mewtwo-ex
1,488,p2,0473,stevens-metagross,0474,cynthia-garchomp-ex
1,489,p1,0475,dragapult-dudunsparce,0476,festival-lead
1,490,p2,0477,rocket-mewtwo-ex,0478,dragapult-dudunsparce
1,491,p2,0479,starmie-froslass,0480,archaludon-ex
1,492,tie,0481,grimmsnarl-froslass,0482,raging-bolt-ogerpon
1,493,tie,0483,cynthia-garchomp-ex,0484,dragapult-dusknoir
1,494,p1,0485,alakazam-dudunsparce,0486,mega-absol-box
1,495,p2,0487,n-zoroark,0488,dragapult-ex
1,496,p1,0489,dragapult-ex,0490,ogerpon-meganium-arboliva
1,497,p2,0491,raging-bolt-ogerpon,0492,dragapult-dusknoir
1,498,p1,0493,crustle-dri,0494,n-zoroark
1,499,p1,0495,festival-lead,0496,cynthia-garchomp-ex
1,500,p1,0497,dragapult-dudunsparce,0498,alakazam-dudunsparce
1,501,p2,0499,lucario-hariyama,0500,raging-bolt-ogerpon
1,502,p1,0501,dragapult-dudunsparce,0502,dragapult-blaziken
1,503,p1,0503,raging-bolt-ogerpon,0504,dragapult-ex
1,504,p1,0505,basic-box-m,0506,slowking-scr
1,505,p1,0507,slowking-scr,0508,okidogi-barbaracle
1,506,tie,0509,raging-bolt-ogerpon,0510,alakazam-dudunsparce
1,507,p2,0511,n-zoroark,0512,ogerpon-meganium-hydrapple
1,508,p2,0513,lopunny-dudunsparce,0514,rockets-honchkrow
1,509,p2,0515,slowking-scr,0516,ogerpon-meganium-hydrapple
1,510,p2,0517,cynthia-garchomp-ex,0518,archaludon-dudunsparce
1,511,p2,0519,hops-trevenant,0520,n-zoroark
1,512,p1,0521,lopunny-dudunsparce,0522,ogerpon-meganium-hydrapple
1,513,p1,0523,lopunny-dudunsparce,0524,hops-trevenant
1,514,tie,0525,lucario-hariyama,0526,festival-lead
1,515,p2,0527,diancie-dusknoir,0528,rocket-spidops
1,516,p1,0529,dragapult-dusknoir,0530,dragapult-dudunsparce
1,517,tie,0531,n-zoroark,0532,okidogi-barbaracle
1,518,p1,0533,hops-trevenant,0534,dragapult-dudunsparce
1,519,p1,0535,dragapult-dusknoir,0536,festival-lead
1,520,p2,0537,slowking-scr,0538,dragapult-ex
1,521,p1,0539,mega-dragonite-ex,0540,rockets-honchkrow
1,522,tie,0541,ogerpon-meganium,0542,rockets-honchkrow
1,523,tie,0543,dragapult-ex,0544,lopunny-dudunsparce
1,524,p1,0545,dragapult-ex,0546,mega-venusaur-ex
1,525,p1,0547,dragapult-dudunsparce,0548,clefairy-ogerpon
1,526,p1,0549,alakazam-dudunsparce,0550,dragapult-blaziken
1,527,p1,0551,dragapult-dudunsparce,0552,alakazam-dudunsparce
1,528,p2,0553,rocket-mewtwo-ex,0554,slowking-scr
1,529,tie,0555,ogerpon-meganium-hydrapple,0556,dragapult-blaziken
1,530,p1,0557,rocket-mewtwo-ex,0558,ogerpon-meganium-hydrapple
1,531,p2,0559,cynthia-garchomp-ex,0560,dragapult-dudunsparce
1,532,p1,0561,rocket-mewtwo-ex,0562,dragapult-ex
1,533,p1,0563,mega-lucario-ex,0564,dragapult-dusknoir
1,534,p1,0565,rockets-honchkrow,0566,dragapult-blaziken
1,535,p2,0567,clefairy-ogerpon,0568,raging-bolt-ogerpon
1,536,p1,0569,diancie-dusknoir,0570,n-zoroark
1,537,p1,0571,dragapult-dudunsparce,0572,grimmsnarl-froslass
1,538,p1,0573,dragapult-dusknoir,0574,slowking-scr
1,539,tie,0575,crustle-dri,0576,dragapult-blaziken
1,540,p1,0577,n-zoroark,0578,dragapult-dudunsparce
1,541,p2,0579,dragapult-dudunsparce,0580,dragapult-dudunsparce
1,542,p2,0581,n-zoroark,0582,dragapult-ex
1,543,p1,0583,dragapult-blaziken,0584,dragapult-ex
1,544,tie,0585,alakazam-dudunsparce,0586,clefairy-ogerpon
1,545,p2,0587,ogerpon-meganium,0588,dragapult-dusknoir
1,546,p1,0589,basic-box-m,0590,dragapult-dusknoir
1,547,p2,0591,azumarill-ssp,0592,cynthia-garchomp-ex
1,548,p1,0593,raging-bolt-ogerpon,0594,dragapult-dusknoir
1,549,p1,0595,n-zoroark,0596,dragapult-ex
1,550,p2,0597,crustle-dri,0598,mega-absol-box
1,551,p2,0599,n-zoroark,0600,starmie-froslass
1,552,p2,0601,flareon-noctowl,0602,raging-bolt-ogerpon
1,553,tie,0603,okidogi-barbaracle,0604,starmie-dusknoir
1,554,p1,0605,rockets-honchkrow,0606,n-zoroark
1,555,p1,0607,other,0608,dragapult-blaziken
1,556,p1,0609,okidogi-barbaracle,0610,raging-bolt-ogerpon
1,557,p2,0611,dragapult-dusknoir,0612,starmie-froslass
1,558,p2,0613,dragapult-dudunsparce,0614,n-zoroark
1,559,p1,0615,dragapult-ex,0616,rockets-honchkrow
1,560,p2,0617,alakazam-dudunsparce,0618,raging-bolt-ogerpon
1,561,p1,0619,lopunny-dudunsparce,0620,mega-venusaur-ex
1,562,p2,0621,dragapult-dudunsparce,0622,rocket-mewtwo-ex
1,563,p1,0623,raging-bolt-ogerpon,0624,ogerpon-meganium
1,564,p1,0625,rocket-mewtwo-ex,0626,dragapult-ex
1,565,tie,0627,dragapult-dudunsparce,0628,dragapult-blaziken
1,566,p2,0629,n-zoroark,0630,basic-box-m
1,567,p1,0631,jellicent-dusknoir,0632,starmie-froslass
1,568,p1,0633,dragapult-dudunsparce,0634,lopunny-dudunsparce
1,569,p1,0635,festival-lead,0636,eelektrik-blk
1,570,p1,0637,dragapult-ex,0638,ogerpon-meganium-arboliva
1,571,p2,0639,dragapult-ex,0640,dragapult-ex
1,572,p2,0641,cynthia-garchomp-ex,0642,n-zoroark
1,573,p2,0643,alakazam-dudunsparce,0644,raging-bolt-ogerpon
1,574,tie,0645,raging-bolt-ogerpon,0646,raging-bolt-ogerpon
1,575,p1,0647,raging-bolt-ogerpon,0648,dragapult-dudunsparce
1,576,p2,0649,other,0650,lopunny-dudunsparce
1,577,p1,0651,lopunny-dudunsparce,0652,ogerpon-meganium
1,578,p2,0653,lopunny-dudunsparce,0654,rockets-honchkrow
1,579,tie,0655,lopunny-dudunsparce,0656,okidogi-barbaracle
1,580,p1,0657,rocket-mewtwo-ex,0658,festival-lead
1,581,p2,0659,raging-bolt-ogerpon,0660,ogerpon-meganium-hydrapple
1,582,p1,0661,n-zoroark,0662,dragapult-dudunsparce
1,583,p1,0663,raging-bolt-ogerpon,0664,dragapult-ex
1,584,tie,0665,kangaskhan-bouffalant,0666,ogerpon-meganium-arboliva
1,585,tie,0667,festival-lead,0668,rockets-honchkrow
1,586,p1,0669,lopunny-dudunsparce,0670,lucario-hariyama
1,587,tie,0671,dragapult-dudunsparce,0672,grimmsnarl-froslass
1,588,p2,0673,rocket-mewtwo-ex,0674,cynthia-garchomp-ex
1,589,p1,0675,dragapult-ex,0676,n-zoroark
1,590,p2,0677,alakazam-dudunsparce,0678,lopunny-dudunsparce
1,591,p2,0679,dragapult-dusknoir,0680,alakazam-dudunsparce
1,592,p2,0681,raging-bolt-ogerpon,0682,ogerpon-meganium-hydrapple
1,593,p2,0683,rockets-honchkrow,0684,dragapult-ex
1,594,p2,0685,n-zoroark,0686,basic-box-m
1,595,p1,0687,dragapult-dudunsparce,0688,n-zoroark
1,596,p1,0689,slowking-scr,0690,lucario-hariyama
1,597,p1,0691,lucario-hariyama,0692,dragapult-dusknoir
1,598,tie,0693,festival-lead,0694,dragapult-ex
1,599,p2,0695,toxtricity-box,0696,cynthia-garchomp-ex
1,600,p2,0697,grimmsnarl-froslass,0698,rocket-mewtwo-ex
1,601,p1,0699,dragapult-ex,0700,other
1,602,p1,0701,dragapult-ex,0702,n-zoroark
1,603,p2,0703,lucario-hariyama,0704,rocket-mewtwo-ex
1,604,p1,0705,lucario-hariyama,0706,dragapult-dusknoir
1,605,p1,0707,mega-lucario-ex,0708,alakazam-dudunsparce
1,606,p1,0709,stevens-metagross,0710,diancie-dusknoir
1,607,p1,0711,lopunny-dudunsparce,0712,dragapult-ex
1,608,p2,0713,dragapult-ex,0714,dragapult-dudunsparce
1,609,p1,0715,cynthia-garchomp-ex,0716,mega-absol-box
1,610,p1,0717,lucario-hariyama,0718,lopunny-dudunsparce
1,611,p2,0719,raging-bolt-ogerpon,0720,rocket-mewtwo-ex
1,612,p1,0721,dragapult-dusknoir,0722,starmie-froslass
1,613,tie,0723,alakazam-dudunsparce,0724,starmie-froslass
1,614,p2,0725,froslass-munkidori,0726,stevens-metagross
1,615,tie,0727,dragapult-blaziken,0728,dragapult-ex
1,616,tie,0729,lucario-hariyama,0730,dragapult-dusknoir
1,617,p1,0731,dragapult-dusknoir,0732,kangaskhan-bouffalant
1,618,p1,0733,dragapult-ex,0734,ogerpon-meganium-hydrapple
1,619,p2,0735,cynthia-garchomp-ex,0736,lopunny-dudunsparce
1,620,p2,0737,dragapult-blaziken,0738,cynthia-garchomp-ex
1,621,p2,0739,n-zoroark,0740,sharpedo-toxtricity
1,622,p2,0741,n-zoroark,0742,ethan-typhlosion
1,623,p2,0743,other,0744,grimmsnarl-froslass
1,624,p1,0745,festival-lead,0746,raging-bolt-ogerpon
1,625,p1,0747,raging-bolt-ogerpon,0748,cynthia-garchomp-ex
1,626,tie,0749,lopunny-dudunsparce,0750,basic-box-m
1,627,p1,0751,okidogi-barbaracle,0752,alakazam-dudunsparce
1,628,p2,0753,grimmsnarl-froslass,0754,dragapult-ex
1,629,p1,0755,dragapult-dudunsparce,0756,starmie-froslass
1,630,p1,0757,mega-froslass-ex,0758,lopunny-dudunsparce
1,631,p2,0759,dragapult-dudunsparce,0760,cynthia-garchomp-ex
1,632,p2,0761,ogerpon-meganium-arboliva,0762,dragapult-blaziken
1,633,p2,0763,cynthia-garchomp-ex,0764,dragapult-dudunsparce
1,634,p2,0765,basic-box-m,0766,starmie-dusknoir
1,635,tie,0767,dragapult-dudunsparce,0768,dragapult-ex
1,636,p1,0769,clefairy-ogerpon,0770,dragapult-ex
1,637,p2,0771,other,0772,alakazam-dudunsparce
1,638,p1,0773,dragapult-ex,0774,ogerpon-meganium-arboliva
1,639,p2,0775,alakazam-dudunsparce,0776,alakazam-dudunsparce
1,640,p1,0777,starmie-froslass,0778,ogerpon-meganium-hydrapple
1,641,p2,0779,dragapult-ex,0780,cynthia-garchomp-ex
1,642,p1,0781,dragapult-blaziken,0782,festival-lead
1,643,tie,0783,dragapult-dusknoir,0784,flareon-noctowl
1,644,p1,0785,cynthia-garchomp-ex,0786,dragapult-blaziken
1,645,p2,0787,rocket-mewtwo-ex,0788,ogerpon-meganium-arboliva
1,646,p2,0789,dragapult-dudunsparce,0790,dragapult-ex
1,647,p2,0791,n-zoroark,0792,basic-box-m
1,648,p2,0793,raging-bolt-ogerpon,0794,lopunny-dudunsparce
1,649,p1,0795,stevens-metagross,0796,hops-trevenant
1,650,p2,0797,milotic-ex,0798,lucario-hariyama
1,651,p1,0799,dragapult-ex,0800,stevens-metagross
1,652,p2,0801,starmie-froslass,0802,ogerpon-meganium-hydrapple
1,653,p2,0803,dragapult-blaziken,0804,lopunny-dudunsparce
1,654,tie,0805,dragapult-dusknoir,0806,ogerpon-meganium-arboliva
1,655,p2,0807,starmie-froslass,0808,dragapult-blaziken
1,656,tie,0809,other,0810,crustle-dri
1,657,p1,0811,starmie-froslass,0812,n-zoroark
1,658,p2,0813,starmie-froslass,0814,alakazam-dudunsparce
1,659,p2,0815,n-zoroark,0816,lucario-hariyama
1,660,p1,0817,dragapult-blaziken,0818,slowking-scr
1,661,p1,0819,raging-bolt-ogerpon,0820,cynthia-garchomp-ex
1,662,p1,0821,mega-lucario-ex,0822,mega-venusaur-ex
1,663,p2,0823,lopunny-dudunsparce,0824,dragapult-ex
1,664,p1,0825,dragapult-dudunsparce,0826,ogerpon-meganium-arboliva
1,665,tie,0827,dragapult-dudunsparce,0828,festival-lead
1,666,p2,0829,alakazam-dudunsparce,0830,dragapult-dusknoir
1,667,p1,0831,basic-box-m,0832,raging-bolt-ogerpon
1,668,tie,0833,rocket-mewtwo-ex,0834,lopunny-dudunsparce
1,669,p1,0835,dragapult-dudunsparce,0836,raging-bolt-ogerpon
1,670,p1,0837,raging-bolt-ogerpon,0838,rocket-mewtwo-ex
1,671,p1,0839,ogerpon-meganium-hydrapple,0840,raging-bolt-ogerpon
1,672,tie,0841,lopunny-dudunsparce,0842,n-zoroark
1,673,p1,0843,rocket-mewtwo-ex,0844,?
1,674,p2,0845,festival-lead,0846,rockets-honchkrow
1,675,p2,0847,dragapult-dusknoir,0848,dragapult-dudunsparce
1,676,p1,0849,n-zoroark,0850,dragapult-ex
1,677,p2,0851,dragapult-ex,0852,ogerpon-meganium-arboliva
1,678,p2,0853,flareon-noctowl,0854,festival-lead
1,679,tie,0855,mega-venusaur-ex,0856,mega-starmie-ex
1,680,p1,0857,lopunny-dudunsparce,0858,hops-trevenant
1,681,tie,0859,dragapult-ex,0860,okidogi-barbaracle
1,682,p2,0861,dragapult-ex,0862,alakazam-dudunsparce
1,683,p2,0863,dragapult-dusknoir,0864,dragapult-ex
1,684,p2,0865,starmie-froslass,0866,ogerpon-meganium-arboliva
1,685,p1,0867,ogerpon-meganium-hydrapple,0868,raging-bolt-ogerpon
1,686,p1,0869,dragapult-dudunsparce,0870,dragapult-blaziken
1,687,p1,0871,lopunny-dudunsparce,0872,lopunny-dusknoir
1,688,p2,0873,dragapult-ex,0874,dragapult-ex
1,689,p2,0875,crustle-dri,0876,rocket-mewtwo-ex
1,690,p1,0877,raging-bolt-ogerpon,0878,dragapult-blaziken
1,691,tie,0879,alakazam-dudunsparce,0880,other
1,692,p2,0881,toxtricity-box,0882,other
1,693,p1,0883,lopunny-dudunsparce,0884,dragapult-dusknoir
1,694,p1,0885,dragapult-dudunsparce,0886,raging-bolt-ogerpon
1,695,p2,0887,ogerpon-meganium-arboliva,0888,slowking-scr
1,696,tie,0889,dragapult-blaziken,0890,dragapult-ex
1,697,tie,0891,okidogi-barbaracle,0892,toxtricity-box
1,698,p2,0893,dragapult-dusknoir,0894,cynthia-garchomp-ex
1,699,p2,0895,raging-bolt-ogerpon,0896,dragapult-dudunsparce
1,700,p1,0897,starmie-froslass,0898,festival-lead
1,701,p2,0899,n-zoroark,0900,cynthia-garchomp-ex
1,702,tie,0901,rocket-spidops,0902,dragapult-dusknoir
1,703,p2,0903,lopunny-dudunsparce,0904,raging-bolt-ogerpon
1,704,tie,0905,lucario-hariyama,0906,mega-feraligatr-ex
1,705,p1,0907,dragapult-dusknoir,0908,dragapult-ex
1,706,p2,0909,starmie-froslass,0910,alakazam-dudunsparce
1,707,p2,0911,dragonite-eelektrik,0912,dragapult-dusknoir
1,708,p1,0913,lucario-hariyama,0914,greninja-froslass
1,709,p2,0915,lopunny-dudunsparce,0916,dragapult-dusknoir
1,710,p2,0917,rocket-mewtwo-ex,0918,ogerpon-meganium-arboliva
1,711,p2,0919,hops-trevenant,0920,ceruledge-ex
1,712,p2,0921,ogerpon-meganium-arboliva,0922,dragapult-dudunsparce
1,713,p1,0923,rocket-mewtwo-ex,0924,raging-bolt-ogerpon
1,714,p2,0925,lopunny-dudunsparce,0926,dragapult-dusknoir
1,715,tie,0927,greninja-ex,0928,lucario-hariyama
1,716,p1,0929,raging-bolt-ogerpon,0930,cynthia-garchomp-ex
1,717,p1,0931,lucario-hariyama,0932,starmie-dusknoir
1,718,p1,0933,lucario-hariyama,0934,dragapult-ex
1,719,tie,0935,dragapult-dusknoir,0936,crustle-dri
1,720,p2,0937,rockets-honchkrow,0938,n-zoroark
1,721,p1,0939,festival-lead,0940,lopunny-dudunsparce
1,722,p2,0941,dragapult-dusknoir,0942,crustle-dri
1,723,p1,0943,greninja-ex,0944,crustle-dri
1,724,p2,0945,festival-lead,0946,dragapult-dudunsparce
1,725,p2,0947,other,0948,lopunny-dudunsparce
1,726,p1,0949,cynthia-garchomp-ex,0950,dragapult-dusknoir
1,727,p2,0951,rockets-honchkrow,0952,hops-trevenant
1,728,p2,0953,rocket-mewtwo-ex,0954,lopunny-dudunsparce
1,729,p1,0955,lucario-hariyama,0956,lucario-hariyama
1,730,tie,0957,festival-lead,0958,starmie-froslass
1,731,tie,0959,dragapult-blaziken,0960,festival-lead
1,732,p2,0961,archaludon-dudunsparce,0962,dragapult-ex
1,733,p1,0963,dragapult-blaziken,0964,other
1,734,p2,0965,dragapult-blaziken,0966,n-zoroark
1,735,tie,0967,dragapult-blaziken,0968,lucario-hariyama
1,736,p2,0969,slowking-scr,0970,n-zoroark
1,737,p1,0971,dragapult-ex,0972,starmie-froslass
1,738,p1,0973,ethan-typhlosion,0974,greninja-ex
1,739,p2,0975,mega-venusaur-ex,0976,lopunny-dudunsparce
1,740,tie,0977,lopunny-dudunsparce,0978,dragapult-ex
1,741,p1,0979,raging-bolt-ogerpon,0980,dragapult-dusknoir
1,742,p2,0981,basic-box-m,0982,okidogi-barbaracle
1,743,p1,0983,dragapult-ex,0984,starmie-dusknoir
1,744,tie,0985,rocket-mewtwo-ex,0986,dragapult-dudunsparce
1,745,p2,0987,raging-bolt-ogerpon,0988,rocket-mewtwo-ex
1,746,p2,0989,cynthia-garchomp-ex,0990,alakazam-dudunsparce
1,747,p2,0991,festival-lead,0992,greninja-ex
1,748,p1,0993,diancie-dusknoir,0994,ogerpon-meganium-hydrapple
1,749,p2,0995,dragapult-dusknoir,0996,raging-bolt-ogerpon
1,750,p2,0997,ogerpon-meganium-hydrapple,0998,alakazam-dudunsparce
1,751,tie,0999,rocket-mewtwo-ex,1000,ceruledge-ex
1,752,p2,1001,alakazam-dudunsparce,1002,lopunny-dudunsparce
1,753,p2,1003,slowking-scr,1004,rockets-honchkrow
1,754,p1,1005,clefairy-ogerpon,1006,cynthia-garchomp-ex
1,755,p1,1007,clefairy-ogerpon,1008,dragapult-dusknoir
1,756,tie,1009,rockets-honchkrow,1010,festival-lead
1,757,p2,1011,basic-box-m,1012,starmie-froslass
1,758,p1,1013,lopunny-dudunsparce,1014,ogerpon-meganium-arboliva
1,759,p1,1015,raging-bolt-ogerpon,1016,cynthia-garchomp-ex
1,760,tie,1017,rockets-honchkrow,1018,dragapult-blaziken
1,761,p2,1019,dragapult-froslass,1020,dragapult-dudunsparce
1,762,p2,1021,dragapult-dudunsparce,1022,ursaluna-lunatone
1,763,p1,1023,dragapult-dudunsparce,1024,ursaluna-lunatone
1,764,p1,1025,starmie-froslass,1026,ogerpon-meganium-arboliva
1,765,p1,1027,festival-lead,1028,dragapult-dudunsparce
1,766,tie,1029,rocket-mewtwo-ex,1030,festival-lead
1,767,p1,1031,dragapult-dusknoir,1032,dragapult-blaziken
1,768,tie,1033,rocket-mewtwo-ex,1034,flareon-noctowl
1,769,p1,1035,festival-lead,1036,lopunny-dudunsparce
1,770,p2,1037,lucario-hariyama,1038,lucario-hariyama
1,771,p2,1039,cynthia-garchomp-ex,1040,cynthia-garchomp-ex
1,772,p2,1041,starmie-dusknoir,1042,dragapult-blaziken
1,773,tie,1043,rocket-mewtwo-ex,1044,festival-lead
1,774,p2,1045,dragapult-ex,1046,lopunny-dudunsparce
1,775,p2,1047,raging-bolt-ogerpon,1048,raging-bolt-ogerpon
1,776,p2,1049,alakazam-dudunsparce,1050,ogerpon-meganium-arboliva
1,777,p2,1051,okidogi-barbaracle,1052,festival-lead
1,778,p2,1053,greninja-froslass,1054,joltik-box
1,779,p2,1055,lucario-hariyama,1056,hops-trevenant
1,780,p2,1057,clefairy-ogerpon,1058,rockets-honchkrow
1,781,p1,1059,n-zoroark,1060,dragapult-dusknoir
1,782,p2,1061,raging-bolt-ogerpon,1062,ogerpon-meganium-arboliva
1,783,p1,1063,lopunny-dudunsparce,1064,lucario-hariyama
1,784,p2,1065,dragapult-ex,1066,dragapult-ex
1,785,p1,1067,lopunny-dudunsparce,1068,ogerpon-meganium-hydrapple
1,786,p2,1069,raging-bolt-ogerpon,1070,alakazam-dudunsparce
1,787,p2,1071,n-zoroark,1072,festival-lead
1,788,tie,1073,dragapult-ex,1074,festival-lead
1,789,p2,1075,cynthia-garchomp-ex,1076,festival-lead
1,790,p1,1077,lopunny-dudunsparce,1078,raging-bolt-ogerpon
1,791,tie,1079,ethan-typhlosion,1080,hops-trevenant
1,792,p2,1081,raging-bolt-ogerpon,1082,raging-bolt-ogerpon
1,793,p1,1083,n-zoroark,1084,dragapult-dusknoir
1,794,p2,1085,cynthia-garchomp-ex,1086,ogerpon-meganium-hydrapple
1,795,p2,1087,n-zoroark,1088,n-zoroark
1,796,p1,1089,ogerpon-meganium-arboliva,1090,rocket-mewtwo-ex
1,797,p1,1091,starmie-dusknoir,1092,festival-lead
1,798,p2,1093,okidogi-barbaracle,1094,mega-venusaur-ex
1,799,p2,1095,n-zoroark,1096,starmie-dusknoir
1,800,p2,1097,lopunny-dudunsparce,1098,cynthia-garchomp-ex
1,801,p2,1099,dragapult-dudunsparce,1100,dragapult-dusknoir
1,802,p2,1101,ogerpon-meganium-arboliva,1102,starmie-dusknoir
1,803,p2,1103,stevens-metagross,1104,raging-bolt-ogerpon
1,804,p1,1105,ogerpon-meganium-hydrapple,1106,doublade-por
1,805,p1,1107,cynthia-garchomp-ex,1108,dragapult-dudunsparce
1,806,p1,1109,flareon-noctowl,1110,rocket-mewtwo-ex
1,807,p2,1111,starmie-froslass,1112,rockets-honchkrow
1,808,p2,1113,grimmsnarl-froslass,1114,dragapult-dudunsparce
1,809,tie,1115,dragapult-dusknoir,1116,mega-absol-box
1,810,p2,1117,raging-bolt-ogerpon,1118,dragapult-blaziken
1,811,p2,1119,raging-bolt-ogerpon,1120,alakazam-dudunsparce
1,812,p2,1121,flareon-noctowl,1122,lopunny-dudunsparce
1,813,tie,1123,okidogi-barbaracle,1124,other
1,814,p1,1125,n-zoroark,1126,lucario-hariyama
1,815,p2,1127,dragapult-dudunsparce,1128,alakazam-dudunsparce
1,816,p1,1129,starmie-froslass,1130,rockets-honchkrow
1,817,p1,1131,raging-bolt-ogerpon,1132,dragapult-blaziken
1,818,tie,1133,ogerpon-meganium-arboliva,1134,flareon-noctowl
1,819,p1,1135,n-zoroark,1136,hops-trevenant
1,820,p2,1137,rocket-mewtwo-ex,1138,lopunny-dudunsparce
1,821,p1,1139,cynthia-garchomp-ex,1140,n-zoroark
1,822,p2,1141,archaludon-ex,1142,yanmega-ex
1,823,p2,1143,dragapult-dudunsparce,1144,dragapult-blaziken
1,824,p1,1145,n-zoroark,1146,n-zoroark
1,825,p2,1147,ursaluna-lunatone,1148,festival-lead
1,826,p1,1149,dragapult-dudunsparce,1150,starmie-dusknoir
1,827,p2,1151,dragapult-dudunsparce,1152,lucario-hariyama
1,828,p1,1153,starmie-froslass,1154,lucario-hariyama
1,829,p2,1155,ogerpon-meganium,1156,dragapult-ex
1,830,p1,1157,lopunny-dudunsparce,1158,dragapult-dusknoir
1,831,p2,1159,toxtricity-pfl,1160,other
1,832,p2,1161,starmie-froslass,1162,dragapult-ex
1,833,p2,1163,n-zoroark,1164,rockets-honchkrow
1,834,p1,1165,festival-lead,1166,n-zoroark
1,835,tie,1167,starmie-froslass,1168,lucario-hariyama
1,836,p1,1169,starmie-froslass,1170,raging-bolt-ogerpon
1,837,p2,1171,ogerpon-meganium-hydrapple,1172,raging-bolt-ogerpon
1,838,p1,1173,raging-bolt-ogerpon,1174,rocket-mewtwo-ex
1,839,p1,1175,lopunny-dudunsparce,1176,lucario-hariyama
1,840,p2,1177,cynthia-garchomp-ex,1178,grimmsnarl-froslass
1,841,p1,1179,rocket-mewtwo-ex,1180,ogerpon-meganium-hydrapple
1,842,p2,1181,dragapult-dusknoir,1182,starmie-dusknoir
1,843,p2,1183,dragapult-dusknoir,1184,ogerpon-meganium-arboliva
1,844,tie,1185,cynthia-garchomp-ex,1186,dragapult-blaziken
1,845,p1,1187,raging-bolt-ogerpon,1188,rocket-mewtwo-ex
1,846,p2,1189,ogerpon-meganium-hydrapple,1190,raging-bolt-ogerpon
1,847,p2,1191,lopunny-dusknoir,1192,starmie-froslass
1,848,p2,1193,ogerpon-meganium-hydrapple,1194,dragapult-dusknoir
1,849,p2,1195,dragapult-dudunsparce,1196,cynthia-garchomp-ex
1,850,p1,1197,basic-box-m,1198,festival-lead
1,851,p1,1199,rockets-honchkrow,1200,starmie-froslass
1,852,p2,1201,dragapult-dusknoir,1202,other
1,853,p2,1203,n-zoroark,1204,festival-lead
1,854,tie,1205,dragapult-ex,1206,grimmsnarl-froslass
1,855,p1,1207,dragapult-dudunsparce,1208,stevens-metagross
1,856,p1,1209,dragapult-blaziken,1210,lopunny-dudunsparce
1,857,p1,1211,dragapult-blaziken,1212,alakazam-dudunsparce
1,858,p2,1213,lopunny-dudunsparce,1214,terapagos-noctowl
1,859,p2,1215,rocket-mewtwo-ex,1216,lopunny-dudunsparce
1,860,p2,1217,cynthia-garchomp-ex,1218,starmie-froslass
1,861,p2,1219,other,1220,dragapult-ex
1,862,p1,1221,clefairy-ogerpon,1222,lopunny-dudunsparce
1,863,p1,1223,ogerpon-meganium-arboliva,1224,dragapult-dusknoir
1,864,p1,1225,cynthia-garchomp-ex,1226,lopunny-dudunsparce
1,865,p1,1227,grimmsnarl-froslass,1228,slowking-scr
1,866,p2,1229,hops-trevenant,1230,starmie-dusknoir
1,867,tie,1231,rocket-spidops,1232,raging-bolt-ogerpon
1,868,p1,1233,dragapult-dusknoir,1234,ogerpon-meganium-hydrapple
1,869,p2,1235,cynthia-garchomp-ex,1236,clefairy-ogerpon
1,870,p2,1237,flareon-noctowl,1238,dragapult-dudunsparce
1,871,p1,1239,rocket-mewtwo-ex,1240,sharpedo-toxtricity
1,872,p1,1241,basic-box-m,1242,dragapult-dudunsparce
1,873,p2,1243,lopunny-dudunsparce,1244,dragapult-dusknoir
1,874,p1,1245,alakazam-dudunsparce,1246,other
1,875,p2,1247,starmie-dusknoir,1248,alakazam-dudunsparce
1,876,p2,1249,lopunny-dudunsparce,1250,festival-lead
1,877,p2,1251,starmie-froslass,1252,rocket-mewtwo-ex
1,878,p1,1253,dragapult-ex,1254,lucario-hariyama
1,879,p1,1255,dragapult-ex,1256,basic-box-m
1,880,tie,1257,raging-bolt-ogerpon,1258,dragapult-dudunsparce
1,881,p1,1259,dragapult-dusknoir,1260,cynthia-garchomp-ex
1,882,tie,1261,n-zoroark,1262,lucario-hariyama
1,883,p1,1263,dragapult-dudunsparce,1264,lucario-hariyama
1,884,p1,1265,alakazam-dudunsparce,1266,basic-box-m
1,885,p2,1267,dragapult-dusknoir,1268,raging-bolt-ogerpon
1,886,tie,1269,dragapult-blaziken,1270,rocket-mewtwo-ex
1,887,p1,1271,dragapult-dusknoir,1272,okidogi-barbaracle
1,888,p2,1273,basic-box-m,1274,ogerpon-meganium-arboliva
1,889,p1,1275,lopunny-dudunsparce,1276,dragapult-ex
1,890,p1,1277,dragapult-ex,1278,ogerpon-meganium
1,891,p2,1279,n-zoroark,1280,lopunny-dudunsparce
1,892,p2,1281,starmie-dusknoir,1282,dragapult-dusknoir
1,893,p2,1283,basic-box-m,1284,lopunny-dudunsparce
1,894,tie,1285,slowking-scr,1286,rocket-mewtwo-ex
1,895,p1,1287,alakazam-dudunsparce,1288,crustle-dri
1,896,p1,1289,ogerpon-meganium-hydrapple,1290,n-zoroark
1,897,tie,1291,starmie-froslass,1292,lopunny-dudunsparce
1,898,p1,1293,cynthia-garchomp-ex,1294,dragapult-ex
1,899,p2,1295,dragapult-blaziken,1296,dragapult-ex
1,900,p1,1297,raging-bolt-ogerpon,1298,slowking-scr
1,901,p1,1299,n-zoroark,1300,starmie-dusknoir
1,902,p1,1301,alakazam-dudunsparce,1302,alakazam-dudunsparce
1,903,p2,1303,ethan-typhlosion,1304,dragapult-dudunsparce
1,904,p2,1305,festival-lead,1306,n-zoroark
1,905,p2,1307,ogerpon-meganium,1308,alakazam-dudunsparce
1,906,p2,1309,basic-box-m,1310,rocket-mewtwo-ex
1,907,p2,1311,starmie-froslass,1312,rocket-mewtwo-ex
1,908,tie,1313,lopunny-dudunsparce,1314,dragapult-dusknoir
1,909,p1,1315,raging-bolt-ogerpon,1316,jellicent-dusknoir
1,910,p1,1317,starmie-froslass,1318,diancie-dusknoir
1,911,p2,1319,lopunny-dudunsparce,1320,cynthia-garchomp-ex
1,912,p1,1321,clefairy-ogerpon,1322,n-zoroark
1,913,p1,1323,festival-lead,1324,mega-starmie-ex
1,914,p1,1325,dragapult-ex,1326,starmie-froslass
1,915,p1,1327,lopunny-dudunsparce,1328,crustle-dri
1,916,p2,1329,dragapult-blaziken,1330,raging-bolt-ogerpon
1,917,p2,1331,starmie-froslass,1332,lucario-hariyama
1,918,p2,1333,froslass-munkidori,1334,okidogi-barbaracle
1,919,tie,1335,dragapult-dudunsparce,1336,dragapult-dusknoir
1,920,p1,1337,starmie-froslass,1338,cynthia-garchomp-ex
1,921,tie,1339,dragapult-ex,1340,sharpedo-toxtricity
1,922,tie,1341,dragapult-ex,1342,rocket-mewtwo-ex
1,923,p2,1343,other,1344,lopunny-dudunsparce
1,924,p1,1345,raging-bolt-ogerpon,1346,n-zoroark
1,925,p1,1347,ogerpon-meganium-arboliva,1348,dragapult-dusknoir
1,926,p1,1349,dragapult-dusknoir,1350,dragapult-dusknoir
1,927,p2,1351,festival-lead,1352,grimmsnarl-froslass
1,928,p2,1353,grimmsnarl-froslass,1354,dragapult-ex
1,929,p1,1355,ogerpon-meganium-hydrapple,1356,ogerpon-meganium-arboliva
1,930,tie,1357,dragapult-dusknoir,1358,festival-lead
1,931,p1,1359,rockets-honchkrow,1360,hop-zacian
1,932,p2,1361,starmie-dusknoir,1362,grimmsnarl-froslass
1,933,p2,1363,rockets-honchkrow,1364,dragapult-dudunsparce
1,934,p2,1365,starmie-dusknoir,1366,lucario-hariyama
1,935,p1,1367,raging-bolt-ogerpon,1368,dragapult-dusknoir
1,936,p2,1369,rocket-mewtwo-ex,1370,dragapult-dusknoir
1,937,p2,1371,raging-bolt-ogerpon,1372,starmie-froslass
1,938,tie,1373,alakazam-dudunsparce,1374,okidogi-twm
1,939,p2,1375,lopunny-dudunsparce,1376,dragapult-ex
1,940,p1,1377,cynthia-garchomp-ex,1378,lucario-hariyama
1,941,p1,1379,palafin-ex,1380,mega-abomasnow-ex
1,942,p2,1381,starmie-froslass,1382,n-zoroark
1,943,p1,1383,alakazam-dudunsparce,1384,alakazam-dudunsparce
1,944,p2,1385,starmie-froslass,1386,ogerpon-meganium-hydrapple
1,945,p1,1387,dragapult-dudunsparce,1388,alakazam-dudunsparce
1,946,tie,1389,alakazam-dudunsparce,1390,ethan-typhlosion
1,947,p1,1391,alakazam-dudunsparce,1392,lucario-hariyama
1,948,p1,1393,dragapult-blaziken,1394,rocket-mewtwo-ex
1,949,p1,1395,alakazam-dudunsparce,1396,lucario-hariyama
1,950,p1,1397,festival-lead,1398,lucario-hariyama
1,951,p2,1399,grimmsnarl-froslass,1400,starmie-dusknoir
1,952,p2,1401,festival-lead,1402,dragapult-dusknoir
1,953,p2,1403,lucario-hariyama,1404,n-zoroark
1,954,p1,1405,dragapult-dudunsparce,1406,okidogi-barbaracle
1,955,p2,1407,starmie-froslass,1408,lucario-hariyama
1,956,p2,1409,cynthia-garchomp-ex,1410,decidueye-ex
1,957,p2,1411,dragapult-dudunsparce,1412,rocket-mewtwo-ex
1,958,p2,1413,dragapult-ex,1414,lopunny-dudunsparce
1,959,p2,1415,mega-venusaur-ex,1416,rocket-mewtwo-ex
1,960,p1,1417,dragapult-ex,1418,dragapult-ex
1,961,p2,1419,ursaluna-lunatone,1420,rocket-mewtwo-ex
1,962,p2,1421,lopunny-dudunsparce,1422,grimmsnarl-froslass
1,963,p2,1423,basic-box-m,1424,lopunny-dudunsparce
1,964,p1,1425,mega-charizard-x-ex,1426,mega-abomasnow-ex
1,965,tie,1427,dragapult-ex,1428,cynthia-garchomp-ex
1,966,tie,1429,lopunny-dudunsparce,1430,rocket-mewtwo-ex
1,967,p1,1431,dragapult-dusknoir,1432,dragapult-ex
1,968,p2,1433,starmie-froslass,1434,basic-box-m
1,969,p1,1435,dragapult-ex,1436,grimmsnarl-froslass
1,970,p2,1437,cynthia-garchomp-ex,1438,festival-lead
1,971,tie,1439,dragapult-ex,1440,cynthia-garchomp-ex
1,972,p2,1441,dragapult-blaziken,1442,n-zoroark
1,973,p1,1443,lopunny-dudunsparce,1444,festival-lead
1,974,p2,1445,greninja-ex,1446,lucario-hariyama
1,975,tie,1447,dragapult-dudunsparce,1448,starmie-froslass
1,976,p1,1449,lopunny-dudunsparce,1450,dragapult-dudunsparce
1,977,p1,1451,dragapult-ex,1452,tera-box
1,978,p1,1453,ethan-typhlosion,1454,dragapult-blaziken
1,979,tie,1455,lopunny-dudunsparce,1456,dragapult-ex
1,980,p2,1457,dragapult-ex,1458,grimmsnarl-froslass
1,981,p2,1459,rocket-mewtwo-ex,1460,raging-bolt-ogerpon
1,982,p1,1461,dragapult-dusknoir,1462,dragapult-dudunsparce
1,983,p1,1463,dragapult-dusknoir,1464,blaziken-ex-jtg
1,984,p1,1465,flareon-noctowl,1466,dragapult-ex
1,985,p1,1467,raging-bolt-ogerpon,1468,dragapult-dudunsparce
1,986,tie,1469,rocket-mewtwo-ex,1470,lopunny-dudunsparce
1,987,p2,1471,starmie-froslass,1472,dragapult-ex
1,988,p2,1473,sharpedo-toxtricity,1474,lucario-hariyama
1,989,p2,1475,alakazam-dudunsparce,1476,grimmsnarl-froslass
1,990,p1,1477,rockets-honchkrow,1478,cynthia-garchomp-ex
1,991,p2,1479,cynthia-garchomp-ex,1480,dragapult-dusknoir
1,992,p2,1481,dragapult-ex,1482,kangaskhan-bouffalant
1,993,p1,1483,rocket-mewtwo-ex,1484,lopunny-dudunsparce
1,994,p1,1485,rocket-mewtwo-ex,1486,cynthia-garchomp-ex
1,995,tie,1487,alakazam-dudunsparce,1488,dragapult-dusknoir
1,996,tie,1489,crustle-dri,1490,mega-venusaur-ex
1,997,p2,1491,okidogi-barbaracle,1492,cynthia-garchomp-ex
1,998,p1,1493,ogerpon-meganium-arboliva,1494,n-zoroark
1,999,p1,1495,lucario-hariyama,1496,raging-bolt-ogerpon
1,1000,p1,1497,dragapult-ex,1498,lopunny-dudunsparce
1,1001,p1,1499,lucario-hariyama,1500,crustle-dri
1,1002,p2,1501,blaziken-ex-jtg,1502,rockets-honchkrow
1,1003,p1,1503,rockets-honchkrow,1504,basic-box-m
1,1004,p1,1505,mega-lucario-ex,1506,ogerpon-meganium-arboliva
1,1005,p2,1507,dragapult-ex,1508,rockets-honchkrow
1,1006,p1,1509,cynthia-garchomp-ex,1510,cynthia-garchomp-ex
1,1007,tie,1511,mega-lucario-ex,1512,dragapult-ex
1,1008,tie,1513,greninja-ex,1514,ethan-typhlosion
1,1009,p2,1515,dragapult-dusknoir,1516,ogerpon-meganium
1,1010,p2,1517,rocket-mewtwo-ex,1518,lopunny-dudunsparce
1,1011,p2,1519,dragapult-ex,1520,crustle-dri
1,1012,p1,1521,dragapult-ex,1522,rocket-mewtwo-ex
1,1013,p2,1523,greninja-ex,1524,dragapult-ex
1,1014,p2,1525,dragapult-dusknoir,1526,cynthia-garchomp-ex
1,1015,p1,1527,dragapult-ex,1528,dragapult-dudunsparce
1,1016,tie,1529,dragapult-dudunsparce,1530,blaziken-zoroark
1,1017,p1,1531,raging-bolt-ogerpon,1532,?
1,1018,tie,1533,n-zoroark,1534,starmie-froslass
1,1019,p1,1535,ogerpon-meganium-hydrapple,1536,dragapult-ex
1,1020,p1,1537,festival-lead,1538,cynthia-garchomp-ex
1,1021,p2,1539,slowking-scr,1540,grimmsnarl-froslass
1,1022,p2,1541,dragapult-dusknoir,1542,mega-lucario-ex
1,1023,p1,1543,lopunny-dudunsparce,1544,grimmsnarl-froslass
1,1024,tie,1545,other,1546,dragapult-ex
1,1025,p1,1547,cynthia-garchomp-ex,1548,okidogi-barbaracle
1,1026,p1,1549,dragapult-ex,1550,ogerpon-meganium-arboliva
1,1027,p2,1551,dragapult-dudunsparce,1552,starmie-froslass
1,1028,p1,1553,rockets-honchkrow,1554,raging-bolt-ogerpon
1,1029,p1,1555,rocket-mewtwo-ex,1556,grimmsnarl-froslass
1,1030,p2,1557,greninja-ex,1558,clefairy-ogerpon
1,1031,p1,1559,okidogi-barbaracle,1560,lopunny-dudunsparce
1,1032,tie,1561,rocket-mewtwo-ex,1562,rockets-honchkrow
1,1033,p2,1563,n-zoroark,1564,cynthia-garchomp-ex
1,1034,p1,1565,lucario-hariyama,1566,starmie-froslass
1,1035,p1,1567,dragapult-ex,1568,dragapult-dudunsparce
1,1036,p2,1569,raging-bolt-ogerpon,1570,n-zoroark
1,1037,p1,1571,toxtricity-box,1572,lopunny-dudunsparce
1,1038,tie,1573,dragapult-dudunsparce,1574,ogerpon-meganium-hydrapple
1,1039,p2,1575,raging-bolt-ogerpon,1576,starmie-dusknoir
1,1040,p1,1577,mega-lucario-ex,1578,starmie-froslass
1,1041,p1,1579,dragapult-dudunsparce,1580,ogerpon-meganium-arboliva
1,1042,tie,1581,festival-lead,1582,dragapult-ex
1,1043,p2,1583,archaludon-dudunsparce,1584,alakazam-dudunsparce
1,1044,p2,1585,starmie-froslass,1586,dragapult-blaziken
1,1045,p1,1587,starmie-dusknoir,1588,dragapult-dudunsparce
1,1046,p2,1589,dragapult-ex,1590,ogerpon-meganium-arboliva
1,1047,p2,1591,raging-bolt-ogerpon,1592,starmie-froslass
1,1048,p2,1593,festival-lead,1594,starmie-froslass
1,1049,p2,1595,cynthia-garchomp-ex,1596,festival-lead
1,1050,p1,1597,dragapult-dudunsparce,1598,grimmsnarl-froslass
1,1051,tie,1599,mega-venusaur-ex,1600,rockets-honchkrow
1,1052,p2,1601,dragapult-dusknoir,1602,ogerpon-meganium-arboliva
1,1053,tie,1603,ogerpon-meganium-hydrapple,1604,grimmsnarl-froslass
1,1054,p2,1605,starmie-dusknoir,1606,dragapult-ex
1,1055,p2,1607,dragapult-dusknoir,1608,dragapult-ex
1,1056,tie,1609,rocket-mewtwo-ex,1610,dragapult-blaziken
1,1057,p2,1611,archaludon-dudunsparce,1612,rocket-mewtwo-ex
1,1058,p1,1613,dragapult-dusknoir,1614,mega-starmie-ex
1,1059,p2,1615,cynthia-garchomp-ex,1616,festival-lead
1,1060,p2,1617,rocket-mewtwo-ex,1618,starmie-froslass
1,1061,p1,1619,starmie-froslass,1620,dragapult-dusknoir
1,1062,tie,1621,dragapult-dusknoir,1622,n-zoroark
1,1063,p2,1623,raging-bolt-ogerpon,1624,dragapult-blaziken
1,1064,tie,1625,festival-lead,1626,rocket-mewtwo-ex
1,1065,p1,1627,raging-bolt-ogerpon,1628,kangaskhan-bouffalant
1,1066,p2,1629,dragapult-ex,1630,hops-trevenant
1,1067,p2,1631,rocket-mewtwo-ex,1632,dragapult-dusknoir
1,1068,p2,1633,greninja-ex,1634,lopunny-dudunsparce
1,1069,tie,1635,dragapult-blaziken,1636,dragapult-dusknoir
1,1070,p2,1637,doublade-por,1638,dragapult-ex
1,1071,tie,1639,lopunny-dudunsparce,1640,diancie-dusknoir
1,1072,p1,1641,n-zoroark,1642,rocket-mewtwo-ex
1,1073,p1,1643,starmie-froslass,1644,lopunny-dudunsparce
1,1074,p2,1645,raging-bolt-ogerpon,1646,alakazam-dudunsparce
1,1075,p2,1647,raging-bolt-ogerpon,1648,okidogi-barbaracle
1,1076,p1,1649,dragapult-ex,1650,dragapult-ex
1,1077,p1,1651,dragapult-dudunsparce,1652,dragapult-blaziken
1,1078,tie,1653,dragapult-blaziken,1654,alakazam-dudunsparce
1,1079,p2,1655,alakazam-dudunsparce,1656,rocket-mewtwo-ex
1,1080,p2,1657,rocket-mewtwo-ex,1658,dragapult-dusknoir
1,1081,p2,1659,rocket-mewtwo-ex,1660,dragapult-ex
1,1082,p2,1661,lopunny-dudunsparce,1662,lucario-hariyama
1,1083,p2,1663,eelektrik-blk,1664,clefairy-ogerpon
1,1084,tie,1665,crustle-dri,1666,dragapult-dudunsparce
1,1085,p2,1667,lopunny-dudunsparce,1668,greninja-ex
1,1086,tie,1669,lopunny-dudunsparce,1670,lucario-hariyama
1,1087,p1,1671,alakazam-dudunsparce,1672,mega-lucario-ex
1,1088,p1,1673,dragapult-blaziken,1674,dragapult-dudunsparce
1,1089,p1,1675,ogerpon-meganium-arboliva,1676,lucario-hariyama
1,1090,p1,1677,starmie-dusknoir,1678,flareon-noctowl
1,1091,p1,1679,dragapult-dudunsparce,1680,alakazam-dudunsparce
1,1092,p1,1681,dragapult-ex,1682,alakazam-dudunsparce
1,1093,p2,1683,lucario-hariyama,1684,dragapult-blaziken
1,1094,p2,1685,dragapult-blaziken,1686,cynthia-garchomp-ex
1,1095,p2,1687,cynthia-garchomp-ex,1688,ogerpon-meganium-arboliva
1,1096,p1,1689,ogerpon-meganium-hydrapple,1690,hops-trevenant
1,1097,p1,1691,alakazam-dudunsparce,1692,starmie-froslass
1,1098,p1,1693,ogerpon-meganium-arboliva,1694,cynthia-garchomp-ex
1,1099,p1,1695,dragapult-ex,1696,dragapult-ex
1,1100,p1,1697,festival-lead,1698,flareon-noctowl
1,1101,p2,1699,dragapult-ex,1700,n-zoroark
1,1102,p1,1701,dragapult-dudunsparce,1702,n-zoroark
1,1103,p2,1703,rocket-mewtwo-ex,1704,ogerpon-meganium-arboliva
1,1104,p1,1705,alakazam-dudunsparce,1706,mega-venusaur-ex
1,1105,tie,1707,lopunny-dudunsparce,1708,dragapult-blaziken
1,1106,p1,1709,dragapult-ex,1710,cynthia-garchomp-ex
1,1107,p1,1711,dragapult-ex,1712,decidueye-ex
1,1108,p2,1713,diancie-dusknoir,1714,cynthia-garchomp-ex
1,1109,p2,1715,other,1716,cynthia-garchomp-ex
1,1110,tie,1717,hops-trevenant,1718,mega-lucario-ex
1,1111,p1,1719,festival-lead,1720,alakazam-dudunsparce
1,1112,p2,1721,lopunny-dudunsparce,1722,n-zoroark
1,1113,p1,1723,dragapult-dudunsparce,1724,dragapult-dudunsparce
1,1114,p1,1725,raging-bolt-ogerpon,1726,dragapult-dudunsparce
1,1115,p1,1727,dragapult-ex,1728,mega-froslass-ex
1,1116,p1,1729,rocket-mewtwo-ex,1730,n-zoroark
1,1117,tie,1731,alakazam-dudunsparce,1732,dragapult-dudunsparce
1,1118,tie,1733,archaludon-dudunsparce,1734,festival-lead
1,1119,p2,1735,flareon-noctowl,1736,basic-box-m
1,1120,p1,1737,cynthia-garchomp-ex,1738,starmie-froslass
1,1121,tie,1739,cynthia-garchomp-ex,1740,dragapult-ex
1,1122,p1,1741,starmie-froslass,1742,starmie-dusknoir
1,1123,p1,1743,dragapult-blaziken,1744,kangaskhan-bouffalant
1,1124,tie,1745,raging-bolt-ogerpon,1746,stevens-metagross
1,1125,p2,1747,toxtricity-box,1748,dragapult-dudunsparce
1,1126,p1,1749,raging-bolt-ogerpon,1750,dragapult-blaziken
1,1127,tie,1751,dragapult-ex,1752,cynthia-garchomp-ex
1,1128,p2,1753,raging-bolt-ogerpon,1754,dragapult-dusknoir
1,1129,tie,1755,dragapult-dusknoir,1756,dragapult-ex
1,1130,p2,1757,zygarde-barbaracle,1758,alakazam-dudunsparce
1,1131,p1,1759,dragapult-ex,1760,alakazam-dudunsparce
1,1132,tie,1761,dragapult-ex,1762,lucario-hariyama
1,1133,p2,1763,diancie-dusknoir,1764,festival-lead
1,1134,p2,1765,mega-charizard-x-ex,1766,lopunny-dudunsparce
1,1135,p2,1767,festival-lead,1768,dragapult-dusknoir
1,1136,p1,1769,ogerpon-meganium-arboliva,1770,n-zoroark
1,1137,p1,1771,raging-bolt-ogerpon,1772,lucario-hariyama
1,1138,tie,1773,grimmsnarl-froslass,1774,rockets-honchkrow
1,1139,p2,1775,raging-bolt-ogerpon,1776,toxtricity-pfl
1,1140,p1,1777,dragapult-ex,1778,festival-lead
1,1141,tie,1779,rockets-honchkrow,1780,rocket-mewtwo-ex
1,1142,tie,1781,dragapult-dusknoir,1782,lopunny-dudunsparce
1,1143,p2,1783,?,1784,raging-bolt-ogerpon
1,1144,p2,1785,greninja-ex,1786,lopunny-dudunsparce
1,1145,p2,1787,dragapult-dusknoir,1788,dragapult-ex
1,1146,tie,1789,tera-box,1790,rockets-honchkrow
1,1147,tie,1791,crustle-dri,1792,cynthia-garchomp-ex
1,1148,p1,1793,?,1794,rockets-honchkrow
1,1149,tie,1795,raging-bolt-ogerpon,1796,ogerpon-meganium-hydrapple
1,1150,p2,1797,grimmsnarl-froslass,1798,festival-lead
1,1151,p1,1799,cynthia-garchomp-ex,1800,cynthia-garchomp-ex
1,1152,p2,1801,rocket-mewtwo-ex,1802,starmie-froslass
1,1153,p1,1803,tera-box,1804,lopunny-dudunsparce
1,1154,p2,1805,raging-bolt-ogerpon,1806,raging-bolt-ogerpon
1,1155,p1,1807,n-zoroark,1808,other
1,1156,p1,1809,cynthia-garchomp-ex,1810,rocket-mewtwo-ex
1,1157,p1,1811,rocket-mewtwo-ex,1812,alakazam-dudunsparce
1,1158,tie,1813,rocket-mewtwo-ex,1814,starmie-froslass
1,1159,p1,1815,rocket-mewtwo-ex,1816,raging-bolt-ogerpon
1,1160,tie,1817,alakazam-dudunsparce,1818,rockets-honchkrow
1,1161,p1,1819,n-zoroark,1820,mega-venusaur-ex
1,1162,p2,1821,cynthia-garchomp-ex,1822,festival-lead
1,1163,p1,1823,alakazam-dudunsparce,1824,n-zoroark
1,1164,tie,1825,dragapult-blaziken,1826,dragapult-blaziken
1,1165,p1,1827,ogerpon-meganium-hydrapple,1828,cynthia-garchomp-ex
1,1166,tie,1829,dragapult-ex,1830,azumarill-ssp
1,1167,p1,1831,dragapult-dudunsparce,1832,festival-lead
1,1168,p1,1833,lopunny-dudunsparce,1834,dragapult-ex
1,1169,p1,1835,dragapult-ex,1836,grimmsnarl-froslass
1,1170,p1,1837,lucario-hariyama,1838,ogerpon-meganium-hydrapple
1,1171,p1,1839,dragapult-ex,1840,festival-lead
1,1172,p1,1841,dragapult-dusknoir,1842,n-zoroark
1,1173,p1,1843,hops-trevenant,1844,dragapult-dudunsparce
1,1174,p2,1845,tera-box,1846,dragapult-blaziken
1,1175,p2,1847,lopunny-dudunsparce,1848,raging-bolt-ogerpon
1,1176,tie,1849,mega-absol-box,1850,dragapult-blaziken
1,1177,p1,1851,okidogi-barbaracle,1852,alakazam-dudunsparce
1,1178,p2,1853,crustle-dri,1854,grimmsnarl-froslass
1,1179,p1,1855,lucario-hariyama,1856,mega-camerupt-ex
1,1180,p1,1857,dragapult-dusknoir,1858,grimmsnarl-froslass
1,1181,p2,1859,dragapult-ex,1860,ursaluna-lunatone
1,1182,p1,1861,alakazam-dudunsparce,1862,n-zoroark
1,1183,tie,1863,dragapult-dudunsparce,1864,n-zoroark
1,1184,tie,1865,n-zoroark,1866,crustle-dri
1,1185,p1,1867,lopunny-dudunsparce,1868,dragapult-blaziken
1,1186,tie,1869,crustle-dri,1870,rocket-mewtwo-ex
1,1187,tie,1871,dragapult-dusknoir,1872,dragapult-dusknoir
1,1188,tie,1873,lucario-hariyama,1874,dragapult-ex
1,1189,p1,1875,alakazam-dudunsparce,1876,flareon-noctowl
1,1190,p2,1877,n-zoroark,1878,rocket-mewtwo-ex
1,1191,p1,1879,alakazam-dudunsparce,1880,okidogi-barbaracle
1,1192,tie,1881,cynthia-garchomp-ex,1882,dragapult-blaziken
1,1193,p1,1883,dragapult-ex,1884,dragapult-ex
1,1194,p2,1885,starmie-froslass,1886,ogerpon-meganium-hydrapple
1,1195,p2,1887,dragapult-blaziken,1888,raging-bolt-ogerpon
1,1196,p2,1889,dragapult-dusknoir,1890,raging-bolt-ogerpon
1,1197,p2,1891,greninja-blaziken,1892,dragapult-ex
1,1198,p2,1893,n-zoroark,1894,ogerpon-meganium-hydrapple
1,1199,p2,1895,archaludon-ex,1896,dragapult-ex
1,1200,p1,1897,dragapult-ex,1898,dragapult-blaziken
1,1201,p1,1899,festival-lead,1900,mega-absol-box
1,1202,p2,1901,raging-bolt-ogerpon,1902,rockets-honchkrow
1,1203,tie,1903,starmie-dusknoir,1904,other
1,1204,p2,1905,alakazam-dudunsparce,1906,mega-lucario-ex
1,1205,p1,1907,toxtricity-box,1908,dragapult-ex
1,1206,tie,1909,dragapult-ex,1910,rockets-honchkrow
1,1207,tie,1911,rockets-honchkrow,1912,dragapult-dudunsparce
1,1208,tie,1913,ursaluna-lunatone,1914,ogerpon-meganium-hydrapple
1,1209,p1,1915,dragapult-dusknoir,1916,alakazam-dudunsparce
1,1210,tie,1917,starmie-froslass,1918,manectric-eelektrik
1,1211,p2,1919,cynthia-garchomp-ex,1920,cynthia-garchomp-ex
1,1212,p1,1921,rocket-mewtwo-ex,1922,alakazam-dudunsparce
1,1213,tie,1923,dragapult-dusknoir,1924,dragapult-ex
1,1214,p2,1925,lopunny-dudunsparce,1926,dragapult-dudunsparce
1,1215,p1,1927,dragapult-dusknoir,1928,lopunny-dudunsparce
1,1216,p2,1929,mega-absol-box,1930,dragapult-ex
1,1217,p2,1931,alakazam-dudunsparce,1932,rocket-mewtwo-ex
1,1218,p1,1933,lucario-hariyama,1934,lopunny-dudunsparce
1,1219,p2,1935,festival-lead,1936,dragapult-dudunsparce
1,1220,p1,1937,mega-froslass-ex,1938,ogerpon-meganium-arboliva
1,1221,p2,1939,dragapult-dusknoir,1940,ogerpon-meganium-hydrapple
1,1222,p1,1941,lucario-hariyama,1942,alakazam-dudunsparce
1,1223,p2,1943,raging-bolt-ogerpon,1944,raging-bolt-ogerpon
1,1224,p1,1945,dragapult-blaziken,1946,ogerpon-meganium-hydrapple
1,1225,p1,1947,dragapult-ex,1948,starmie-froslass
1,1226,tie,1949,cynthia-garchomp-ex,1950,alakazam-dudunsparce
1,1227,tie,1951,dragapult-blaziken,1952,raging-bolt-ogerpon
1,1228,tie,1953,yanmega-ex,1954,dragapult-dudunsparce
1,1229,p1,1955,cynthia-garchomp-ex,1956,rockets-honchkrow
1,1230,p1,1957,grimmsnarl-froslass,1958,rockets-honchkrow
1,1231,p1,1959,n-zoroark,1960,flareon-noctowl
1,1232,tie,1961,dragapult-dusknoir,1962,rockets-honchkrow
1,1233,p1,1963,alakazam-dudunsparce,1964,festival-lead
1,1234,p2,1965,dragapult-ex,1966,n-zoroark
1,1235,p1,1967,raging-bolt-ogerpon,1968,dragapult-ex
1,1236,p1,1969,alakazam-dudunsparce,1970,ogerpon-meganium-hydrapple
1,1237,p2,1971,dragapult-dudunsparce,1972,n-zoroark
1,1238,p1,1973,alakazam-dudunsparce,1974,ogerpon-meganium-hydrapple
1,1239,p1,1975,cynthia-garchomp-ex,1976,rockets-honchkrow
1,1240,p2,1977,dragapult-dudunsparce,1978,raging-bolt-ogerpon
1,1241,tie,1979,lopunny-dudunsparce,1980,n-zoroark
1,1242,tie,1981,okidogi-barbaracle,1982,dragapult-ex
1,1243,p1,1983,dragapult-dudunsparce,1984,ceruledge-ex
1,1244,p2,1985,n-zoroark,1986,dragapult-dudunsparce
1,1245,p2,1987,n-zoroark,1988,rocket-mewtwo-ex
1,1246,tie,1989,ogerpon-meganium-arboliva,1990,dragapult-blaziken
1,1247,p1,1991,dragapult-dusknoir,1992,dragapult-dusknoir
1,1248,p2,1993,festival-lead,1994,dragapult-blaziken
1,1249,p2,1995,dragapult-dusknoir,1996,n-zoroark
1,1250,tie,1997,cynthia-garchomp-ex,1998,lucario-hariyama
1,1251,p2,1999,lopunny-dudunsparce,2000,dragapult-dusknoir
1,1252,p2,2001,dragapult-ex,2002,other
1,1253,p2,2003,rocket-mewtwo-ex,2004,raging-bolt-ogerpon
1,1254,p1,2005,ethan-typhlosion,2006,ogerpon-meganium-arboliva
1,1255,p1,2007,dragapult-ex,2008,mega-venusaur-ex
1,1256,p2,2009,cynthia-garchomp-ex,2010,starmie-froslass
1,1257,p1,2011,festival-lead,2012,starmie-froslass
1,1258,p1,2013,mega-lucario-ex,2014,mega-lucario-ex
1,1259,p1,2015,ogerpon-meganium-hydrapple,2016,dragapult-dusknoir
1,1260,tie,2017,raging-bolt-ogerpon,2018,dragapult-dudunsparce
1,1261,tie,2019,mega-lucario-ex,2020,rockets-honchkrow
1,1262,tie,2021,?,2022,rocket-mewtwo-ex
1,1263,p1,2023,dragapult-blaziken,2024,ogerpon-meganium-arboliva
1,1264,p2,2025,lucario-hariyama,2026,starmie-dusknoir
1,1265,p2,2027,dragapult-ex,2028,dragapult-ex
1,1266,p2,2029,rocket-mewtwo-ex,2030,dragapult-ex
1,1267,p1,2031,dragapult-dudunsparce,2032,starmie-dusknoir
1,1268,p2,2033,dragapult-dusknoir,2034,hydreigon-ex
1,1269,p1,2035,raging-bolt-ogerpon,2036,raging-bolt-ogerpon
1,1270,p1,2037,mega-lucario-ex,2038,starmie-froslass
1,1271,p1,2039,dragapult-dudunsparce,2040,ogerpon-meganium-hydrapple
1,1272,p2,2041,dragapult-dusknoir,2042,cynthia-garchomp-ex
1,1273,p1,2043,dragapult-ex,2044,kangaskhan-bouffalant
1,1274,p1,2045,rocket-mewtwo-ex,2046,slowking-scr
1,1275,p1,2047,lopunny-dudunsparce,2048,festival-lead
1,1276,p2,2049,dragapult-dudunsparce,2050,raging-bolt-ogerpon
1,1277,p2,2051,toxtricity-box,2052,dragapult-ex
1,1278,p2,2053,n-zoroark,2054,festival-lead
1,1279,p2,2055,mega-absol-box,2056,lopunny-dudunsparce
1,1280,tie,2057,festival-lead,2058,stevens-metagross
1,1281,p2,2059,other,2060,okidogi-barbaracle
1,1282,p1,2061,dragapult-dudunsparce,2062,lopunny-dudunsparce
1,1283,p2,2063,rocket-mewtwo-ex,2064,greninja-ex
1,1284,p1,2065,n-zoroark,2066,dragapult-blaziken
1,1285,p1,2067,mega-lucario-ex,2068,mega-venusaur-ex
1,1286,p1,2069,clefairy-ogerpon,2070,crustle-dri
1,1287,p2,2071,crustle-dri,2072,mega-absol-box
1,1288,tie,2073,rockets-honchkrow,2074,ogerpon-meganium-arboliva
1,1289,p2,2075,dragapult-blaziken,2076,rocket-mewtwo-ex
1,1290,tie,2077,flareon-noctowl,2078,alakazam-dudunsparce
1,1291,p2,2079,rocket-mewtwo-ex,2080,dragapult-ex
1,1292,tie,2081,cynthia-garchomp-ex,2082,lopunny-dudunsparce
1,1293,tie,2083,rocket-mewtwo-ex,2084,mega-abomasnow-ex
1,1294,p2,2085,cynthia-garchomp-ex,2086,dragapult-dudunsparce
1,1295,p2,2087,ogerpon-meganium-hydrapple,2088,dragapult-blaziken
1,1296,p1,2089,basic-box-m,2090,n-zoroark
1,1297,p1,2091,ogerpon-meganium-arboliva,2092,mega-lucario-ex
1,1298,p2,2093,okidogi-barbaracle,2094,greninja-ex
1,1299,tie,2095,mega-lucario-ex,2096,archaludon-dudunsparce
1,1300,p1,2097,raging-bolt-ogerpon,2098,starmie-froslass
1,1301,p2,2099,dragapult-blaziken,2100,dragapult-dusknoir
1,1302,p2,2101,okidogi-barbaracle,2102,starmie-froslass
1,1303,p2,2103,mega-lucario-ex,2104,lucario-hariyama
1,1304,p1,2105,dragapult-blaziken,2106,lopunny-dudunsparce
1,1305,p1,2107,alakazam-dudunsparce,2108,lopunny-dudunsparce
1,1306,p1,2109,dragapult-dudunsparce,2110,lopunny-dudunsparce
1,1307,p1,2111,alakazam-dudunsparce,2112,dragapult-blaziken
1,1308,tie,2113,basic-box-m,2114,n-zoroark
1,1309,tie,2115,clefairy-ogerpon,2116,grimmsnarl-froslass
1,1310,p1,2117,cynthia-garchomp-ex,2118,mega-lucario-ex
1,1311,p1,2119,alakazam-dudunsparce,2120,starmie-dusknoir
1,1312,p1,2121,mega-lucario-ex,2122,ethan-typhlosion
1,1313,p2,2123,festival-lead,2124,dragapult-blaziken
1,1314,p1,2125,raging-bolt-ogerpon,2126,dragapult-dudunsparce
1,1315,p1,2127,dragapult-ex,2128,n-zoroark
1,1316,p2,2129,rocket-mewtwo-ex,2130,lopunny-dudunsparce
1,1317,p1,2131,raging-bolt-ogerpon,2132,lucario-hariyama
1,1318,p2,2133,rocket-mewtwo-ex,2134,raging-bolt-ogerpon
1,1319,p1,2135,starmie-froslass,2136,dragapult-dusknoir
1,,unpaired,2137,lopunny-dudunsparce,,
1,,unpaired,2138,dragapult-ex,,
1,,unpaired,2139,dragapult-ex,,
1,,unpaired,2140,festival-lead,,
1,,unpaired,2141,raging-bolt-ogerpon,,
1,,unpaired,2142,n-zoroark,,
1,,unpaired,2143,lucario-hariyama,,
1,,unpaired,2144,cynthia-garchomp-ex,,
1,,unpaired,2145,cynthia-garchomp-ex,,
1,,unpaired,2146,ogerpon-meganium-hydrapple,,
1,,unpaired,2147,rocket-porygon-z,,
1,,unpaired,2148,dragapult-dudunsparce,,
1,,unpaired,2149,alakazam-dudunsparce,,
1,,unpaired,2150,ogerpon-meganium-arboliva,,
2,251,p2,0001,raging-bolt-ogerpon,0992,greninja-ex
2,252,p1,0426,starmie-dusknoir,0006,dragapult-blaziken
2,253,p1,1151,dragapult-dudunsparce,0003,dragapult-dudunsparce
2,254,p2,0005,festival-lead,2072,mega-absol-box
2,255,p2,0008,n-zoroark,2036,raging-bolt-ogerpon
2,256,p1,0513,lopunny-dudunsparce,0010,lopunny-dudunsparce
2,257,tie,1155,ogerpon-meganium,0011,dragapult-dudunsparce
2,258,p2,1786,lopunny-dudunsparce,0014,lopunny-dudunsparce
2,259,tie,1053,greninja-froslass,0015,other
2,260,p1,0401,lopunny-dudunsparce,0018,starmie-dusknoir
2,261,p2,1390,ethan-typhlosion,0020,dragapult-ex
2,262,p2,0022,mega-abomasnow-ex,0826,ogerpon-meganium-arboliva
2,263,p2,1333,froslass-munkidori,0024,cynthia-garchomp-ex
2,264,p2,0352,greninja-ex,0026,ogerpon-meganium-hydrapple
2,265,tie,0027,dragapult-ex,0178,raging-bolt-ogerpon
2,266,p1,1373,alakazam-dudunsparce,0030,alakazam-dudunsparce
2,267,p2,1586,dragapult-blaziken,0032,starmie-froslass
2,268,tie,0033,lucario-hariyama,1909,dragapult-ex
2,269,p1,0524,hops-trevenant,0036,flareon-noctowl
2,270,p1,1958,rockets-honchkrow,0038,crustle-dri
2,271,p2,1947,dragapult-ex,0039,cynthia-garchomp-ex
2,272,p1,1699,dragapult-ex,0041,starmie-froslass
2,273,p1,0043,dragapult-dudunsparce,1783,?
2,274,p2,0046,starmie-dusknoir,0617,alakazam-dudunsparce
2,275,p2,0929,raging-bolt-ogerpon,0048,alakazam-dudunsparce
2,276,p2,1697,festival-lead,0125,slowking-scr
2,277,p2,0127,raging-bolt-ogerpon,1642,rocket-mewtwo-ex
2,278,p1,0053,alakazam-dudunsparce,0894,cynthia-garchomp-ex
2,279,p1,0056,raging-bolt-ogerpon,0699,dragapult-ex
2,280,tie,0631,jellicent-dusknoir,1233,dragapult-dusknoir
2,281,p2,1426,mega-abomasnow-ex,0209,dragapult-dudunsparce
2,282,p2,1222,lopunny-dudunsparce,0142,eelektrik-blk
2,284,p1,0051,starmie-froslass,1450,dragapult-dudunsparce
2,285,p1,1248,alakazam-dudunsparce,0425,dragapult-ex
2,286,p1,1364,dragapult-dudunsparce,2045,rocket-mewtwo-ex
2,287,tie,1255,dragapult-ex,1531,raging-bolt-ogerpon
2,288,p2,0021,ogerpon-meganium,0433,mega-lucario-ex
2,289,p1,0485,alakazam-dudunsparce,0333,basic-box-m
2,290,p1,0199,dragapult-ex,1334,okidogi-barbaracle
2,291,p1,2043,dragapult-ex,1197,basic-box-m
2,292,p2,0167,alakazam-dudunsparce,0444,lucario-hariyama
2,293,p1,0454,festival-lead,0983,dragapult-ex
2,294,p1,0086,lucario-hariyama,1621,dragapult-dusknoir
2,295,p1,1438,festival-lead,1412,rocket-mewtwo-ex
2,296,p1,0445,dragapult-dusknoir,1218,starmie-froslass
2,297,p2,1467,raging-bolt-ogerpon,0657,rocket-mewtwo-ex
2,298,p1,1857,dragapult-dusknoir,1565,lucario-hariyama
2,299,p2,0907,dragapult-dusknoir,0864,dragapult-ex
2,300,p1,1259,dragapult-dusknoir,1202,other
2,301,tie,0785,cynthia-garchomp-ex,1453,ethan-typhlosion
2,302,tie,0545,dragapult-ex,0598,mega-absol-box
2,303,p2,1244,dragapult-dusknoir,1330,raging-bolt-ogerpon
2,304,p2,0459,festival-lead,1602,ogerpon-meganium-arboliva
2,305,tie,0846,rockets-honchkrow,1100,dragapult-dusknoir
2,306,p2,1855,lucario-hariyama,0488,dragapult-ex
2,307,p1,1031,dragapult-dusknoir,1606,dragapult-ex
2,308,p1,1066,dragapult-ex,1807,n-zoroark
2,309,p2,1723,dragapult-dudunsparce,1477,rockets-honchkrow
2,310,p2,2130,lopunny-dudunsparce,0117,okidogi-barbaracle
2,311,p1,0119,slowking-scr,1516,ogerpon-meganium
2,312,p1,0141,dragapult-ex,0843,rocket-mewtwo-ex
2,313,p2,1839,dragapult-ex,1387,dragapult-dudunsparce
2,314,p1,1967,raging-bolt-ogerpon,1263,dragapult-dudunsparce
2,315,p1,0429,dragapult-dusknoir,0383,festival-lead
2,316,p1,1268,raging-bolt-ogerpon,1160,other
2,317,p2,1524,dragapult-ex,1771,raging-bolt-ogerpon
2,318,tie,1689,ogerpon-meganium-hydrapple,0571,dragapult-dudunsparce
2,319,p2,1252,rocket-mewtwo-ex,1347,ogerpon-meganium-arboliva
2,320,p2,0993,diancie-dusknoir,0411,dragapult-dusknoir
2,321,p2,1584,alakazam-dudunsparce,0630,basic-box-m
2,322,p2,0192,dragapult-blaziken,1613,dragapult-dusknoir
2,323,p1,1558,clefairy-ogerpon,1321,clefairy-ogerpon
2,324,p1,1612,rocket-mewtwo-ex,1559,okidogi-barbaracle
2,325,p2,1809,cynthia-garchomp-ex,0605,rockets-honchkrow
2,326,p2,0839,ogerpon-meganium-hydrapple,1366,lucario-hariyama
2,327,tie,1540,grimmsnarl-froslass,0896,dragapult-dudunsparce
2,328,p2,1695,dragapult-ex,0252,raging-bolt-ogerpon
2,329,p1,0698,rocket-mewtwo-ex,1841,dragapult-dusknoir
2,330,p2,0618,raging-bolt-ogerpon,0111,alakazam-dudunsparce
2,331,p2,1831,dragapult-dudunsparce,0206,dragapult-ex
2,332,p2,1046,lopunny-dudunsparce,1553,rockets-honchkrow
2,333,p2,1892,dragapult-ex,1152,lucario-hariyama
2,334,tie,0332,dragapult-dudunsparce,0314,dragapult-dusknoir
2,335,p2,1766,lopunny-dudunsparce,0176,raging-bolt-ogerpon
2,336,p1,0714,dragapult-dudunsparce,0897,starmie-froslass
2,337,p1,1192,starmie-froslass,0554,slowking-scr
2,338,tie,0819,raging-bolt-ogerpon,1823,alakazam-dudunsparce
2,339,p2,1861,alakazam-dudunsparce,0857,lopunny-dudunsparce
2,340,tie,0218,lucario-hariyama,0288,starmie-froslass
2,341,p1,0696,cynthia-garchomp-ex,1107,cynthia-garchomp-ex
2,342,p2,1271,dragapult-dusknoir,1758,alakazam-dudunsparce
2,343,p1,0355,festival-lead,1382,n-zoroark
2,344,p1,0280,dragapult-ex,0916,dragapult-dusknoir
2,345,p1,1592,starmie-froslass,1317,starmie-froslass
2,346,p2,1434,basic-box-m,1691,alakazam-dudunsparce
2,347,p1,0222,dragapult-ex,0341,raging-bolt-ogerpon
2,348,p2,0926,dragapult-dusknoir,1894,ogerpon-meganium-hydrapple
2,349,p2,1182,starmie-dusknoir,2121,mega-lucario-ex
2,350,p1,0124,dragapult-dudunsparce,0539,mega-dragonite-ex
2,351,tie,2011,festival-lead,1681,dragapult-ex
2,352,p1,0335,dragapult-ex,1737,cynthia-garchomp-ex
2,353,p2,1883,dragapult-ex,1241,basic-box-m
2,354,p2,1424,lopunny-dudunsparce,2102,starmie-froslass
2,355,p1,1480,dragapult-dusknoir,0306,alakazam-dudunsparce
2,356,p1,1383,alakazam-dudunsparce,0340,other
2,357,p2,1618,starmie-froslass,0210,dragapult-ex
2,358,p1,0644,raging-bolt-ogerpon,1059,n-zoroark
2,359,p2,0862,alakazam-dudunsparce,2026,starmie-dusknoir
2,360,p2,1149,dragapult-dudunsparce,0450,lopunny-dudunsparce
2,361,p2,1393,dragapult-blaziken,1417,dragapult-ex
2,362,p2,1236,clefairy-ogerpon,0394,basic-box-m
2,363,p2,0042,lopunny-dudunsparce,0366,dragapult-ex
2,364,p1,1458,grimmsnarl-froslass,0625,rocket-mewtwo-ex
2,365,p2,1776,toxtricity-pfl,0764,dragapult-dudunsparce
2,366,p2,1709,dragapult-ex,1280,lopunny-dudunsparce
2,367,p2,1416,rocket-mewtwo-ex,1867,lopunny-dudunsparce
2,368,p2,1927,dragapult-dusknoir,1474,lucario-hariyama
2,369,p1,0198,dragapult-dudunsparce,0602,raging-bolt-ogerpon
2,370,p1,1048,raging-bolt-ogerpon,1013,lopunny-dudunsparce
2,371,p1,1890,raging-bolt-ogerpon,1035,festival-lead
2,372,p1,1749,raging-bolt-ogerpon,1105,ogerpon-meganium-hydrapple
2,373,p2,1630,hops-trevenant,1400,starmie-dusknoir
2,374,p1,1230,starmie-dusknoir,1172,raging-bolt-ogerpon
2,375,p2,1827,ogerpon-meganium-hydrapple,0317,dragapult-ex
2,376,p1,0122,raging-bolt-ogerpon,0573,dragapult-dusknoir
2,377,tie,0738,cynthia-garchomp-ex,1662,lucario-hariyama
2,378,p2,1287,alakazam-dudunsparce,0808,dragapult-blaziken
2,379,p1,1098,cynthia-garchomp-ex,1907,toxtricity-box
2,380,p2,2054,festival-lead,1940,ogerpon-meganium-hydrapple
2,381,p2,1142,yanmega-ex,0948,lopunny-dudunsparce
2,382,p2,0560,dragapult-dudunsparce,1983,dragapult-dudunsparce
2,383,p1,1023,dragapult-dudunsparce,0190,n-zoroark
2,384,p1,0962,dragapult-ex,0307,starmie-froslass
2,385,p2,1301,alakazam-dudunsparce,0744,grimmsnarl-froslass
2,386,p2,0721,dragapult-dusknoir,0825,dragapult-dudunsparce
2,387,p1,1225,cynthia-garchomp-ex,1005,clefairy-ogerpon
2,388,p2,0237,lucario-hariyama,1077,lopunny-dudunsparce
2,389,tie,0751,okidogi-barbaracle,0869,dragapult-dudunsparce
2,390,p1,0514,rockets-honchkrow,0607,other
2,391,p1,1435,dragapult-ex,0966,n-zoroark
2,392,p1,0467,festival-lead,0180,ogerpon-meganium-arboliva
2,393,p1,0233,rockets-honchkrow,0140,raging-bolt-ogerpon
2,394,p1,2028,dragapult-ex,2094,greninja-ex
2,395,p2,1521,dragapult-ex,2125,raging-bolt-ogerpon
2,396,p1,1391,alakazam-dudunsparce,0691,lucario-hariyama
2,397,p1,0212,mega-lucario-ex,0067,n-zoroark
2,398,p2,1518,lopunny-dudunsparce,1552,starmie-froslass
2,399,p2,1564,cynthia-garchomp-ex,1297,raging-bolt-ogerpon
2,400,tie,1704,ogerpon-meganium-arboliva,1520,crustle-dri
2,401,p1,2131,raging-bolt-ogerpon,0243,dragapult-blaziken
2,402,tie,1579,dragapult-dudunsparce,1325,dragapult-ex
2,403,p1,1052,festival-lead,1275,lopunny-dudunsparce
2,404,p1,1086,ogerpon-meganium-hydrapple,2010,starmie-froslass
2,405,p1,0518,archaludon-dudunsparce,0876,rocket-mewtwo-ex
2,406,p2,0852,ogerpon-meganium-arboliva,1701,dragapult-dudunsparce
2,407,p2,0848,dragapult-dudunsparce,1112,rockets-honchkrow
2,408,p1,0166,lopunny-dudunsparce,0790,dragapult-ex
2,409,p1,2031,dragapult-dudunsparce,1764,festival-lead
2,410,p2,0023,dragapult-dusknoir,0501,dragapult-dudunsparce
2,411,tie,0900,cynthia-garchomp-ex,1352,grimmsnarl-froslass
2,412,p1,1955,cynthia-garchomp-ex,0933,lucario-hariyama
2,413,p1,0773,dragapult-ex,0788,ogerpon-meganium-arboliva
2,414,tie,0954,lopunny-dudunsparce,0044,slowking-scr
2,415,p2,1936,dragapult-dudunsparce,1327,lopunny-dudunsparce
2,416,p2,1076,festival-lead,0755,dragapult-dudunsparce
2,417,p2,1944,raging-bolt-ogerpon,0380,greninja-ex
2,418,p2,1768,dragapult-dusknoir,1109,flareon-noctowl
2,419,p1,1754,dragapult-dusknoir,0202,n-zoroark
2,420,p1,1144,dragapult-blaziken,0551,dragapult-dudunsparce
2,421,p1,1209,dragapult-blaziken,1289,ogerpon-meganium-hydrapple
2,422,p1,1165,festival-lead,0164,raging-bolt-ogerpon
2,423,p1,1571,toxtricity-box,0942,crustle-dri
2,424,p2,0096,lopunny-dudunsparce,1988,rocket-mewtwo-ex
2,425,p2,0359,rocket-mewtwo-ex,1978,raging-bolt-ogerpon
2,426,p2,1966,n-zoroark,1483,rocket-mewtwo-ex
2,427,p2,1973,alakazam-dudunsparce,1677,starmie-dusknoir
2,428,p1,0463,ogerpon-meganium-arboliva,1135,n-zoroark
2,429,p2,1495,lucario-hariyama,2117,cynthia-garchomp-ex
2,430,tie,0982,okidogi-barbaracle,1420,rocket-mewtwo-ex
2,431,p1,1508,rockets-honchkrow,0549,alakazam-dudunsparce
2,432,p1,1485,rocket-mewtwo-ex,0913,lucario-hariyama
2,433,p2,0377,festival-lead,1535,ogerpon-meganium-hydrapple
2,434,p2,0705,lucario-hariyama,1537,festival-lead
2,435,tie,1878,rocket-mewtwo-ex,0701,dragapult-ex
2,436,p2,0955,lucario-hariyama,1104,raging-bolt-ogerpon
2,437,tie,1875,alakazam-dudunsparce,1597,dragapult-dudunsparce
2,438,p2,1446,lucario-hariyama,0103,festival-lead
2,439,p1,1277,dragapult-ex,0345,dragapult-dusknoir
2,440,p2,2056,lopunny-dudunsparce,1570,n-zoroark
2,441,p1,1184,ogerpon-meganium-arboliva,0438,n-zoroark
2,442,p2,0007,dragapult-dusknoir,0065,cynthia-garchomp-ex
2,443,p2,0319,rocket-mewtwo-ex,1194,dragapult-dusknoir
2,444,p1,0349,ogerpon-meganium-arboliva,1627,raging-bolt-ogerpon
2,445,p2,0583,dragapult-blaziken,0804,lopunny-dudunsparce
2,446,tie,0495,festival-lead,0415,rocket-mewtwo-ex
2,447,tie,0216,cynthia-garchomp-ex,1714,cynthia-garchomp-ex
2,448,p1,0799,dragapult-ex,0609,okidogi-barbaracle
2,449,p1,1963,alakazam-dudunsparce,2107,alakazam-dudunsparce
2,450,p1,0322,festival-lead,1345,raging-bolt-ogerpon
2,451,p2,0009,lucario-hariyama,1253,dragapult-ex
2,452,p1,2042,cynthia-garchomp-ex,0577,n-zoroark
2,453,p1,0762,dragapult-blaziken,1493,ogerpon-meganium-arboliva
2,454,p1,1860,ursaluna-lunatone,1576,starmie-dusknoir
2,455,p2,1315,raging-bolt-ogerpon,1372,starmie-froslass
2,456,p1,0680,alakazam-dudunsparce,0661,n-zoroark
2,457,p2,1221,clefairy-ogerpon,0963,dragapult-blaziken
2,458,p2,0660,ogerpon-meganium-hydrapple,1930,dragapult-ex
2,459,p1,0153,lopunny-dudunsparce,0830,dragapult-dusknoir
2,460,p1,0296,lopunny-dudunsparce,0682,ogerpon-meganium-hydrapple
2,461,p1,2134,raging-bolt-ogerpon,2052,dragapult-ex
2,462,tie,0220,cynthia-garchomp-ex,1634,lopunny-dudunsparce
2,463,p1,1957,grimmsnarl-froslass,0059,alakazam-dudunsparce
2,464,p1,0458,ogerpon-meganium-arboliva,1002,lopunny-dudunsparce
2,465,p2,0130,ogerpon-meganium,0223,festival-lead
2,466,p2,0409,lopunny-dudunsparce,0687,dragapult-dudunsparce
2,467,p1,1414,lopunny-dudunsparce,0417,dragapult-dusknoir
2,468,p2,0651,lopunny-dudunsparce,0232,ogerpon-meganium-hydrapple
2,469,p1,1888,raging-bolt-ogerpon,1054,joltik-box
2,470,p1,1651,dragapult-dudunsparce,1367,raging-bolt-ogerpon
2,471,tie,1499,lucario-hariyama,0492,dragapult-dusknoir
2,472,tie,1349,dragapult-dusknoir,2076,rocket-mewtwo-ex
2,473,p2,0091,dragapult-dudunsparce,1675,ogerpon-meganium-arboliva
2,474,tie,1062,ogerpon-meganium-arboliva,1164,rockets-honchkrow
2,475,p1,0910,alakazam-dudunsparce,0447,dragapult-dudunsparce
2,476,p2,1050,ogerpon-meganium-arboliva,2089,basic-box-m
2,477,p1,0330,slowking-scr,0949,cynthia-garchomp-ex
2,478,p2,0293,raging-bolt-ogerpon,1646,alakazam-dudunsparce
2,479,p1,1822,festival-lead,1996,n-zoroark
2,480,p2,0569,diancie-dusknoir,0866,ogerpon-meganium-arboliva
2,481,p1,0938,n-zoroark,0259,lopunny-dudunsparce
2,482,p1,1729,rocket-mewtwo-ex,1555,rocket-mewtwo-ex
2,483,tie,1299,n-zoroark,0455,n-zoroark
2,484,p2,1811,rocket-mewtwo-ex,1798,festival-lead
2,485,p1,0185,ogerpon-meganium-hydrapple,0595,n-zoroark
2,486,p1,1769,ogerpon-meganium-arboliva,1306,n-zoroark
2,487,tie,1684,dragapult-blaziken,1503,rockets-honchkrow
2,488,p2,1153,starmie-froslass,1819,n-zoroark
2,489,p2,0521,lopunny-dudunsparce,1190,raging-bolt-ogerpon
2,490,p2,0016,rockets-honchkrow,1020,dragapult-dudunsparce
2,491,p1,1169,starmie-froslass,0382,clefairy-ogerpon
2,492,p2,2037,mega-lucario-ex,0642,n-zoroark
2,493,p1,2097,raging-bolt-ogerpon,1094,mega-venusaur-ex
2,494,p1,0451,ogerpon-meganium-arboliva,1879,alakazam-dudunsparce
2,495,p2,1145,n-zoroark,1296,dragapult-ex
2,496,p2,1906,mega-lucario-ex,1122,lopunny-dudunsparce
2,497,p1,1542,mega-lucario-ex,0711,lopunny-dudunsparce
2,498,p2,1211,dragapult-blaziken,1596,festival-lead
2,499,p2,0172,other,0265,dragapult-dusknoir
2,500,p1,2064,greninja-ex,0035,dragapult-dudunsparce
2,501,p1,0849,n-zoroark,1673,dragapult-blaziken
2,502,p1,1148,festival-lead,0780,cynthia-garchomp-ex
2,503,tie,1743,dragapult-blaziken,0976,lopunny-dudunsparce
2,504,tie,1038,lucario-hariyama,0811,starmie-froslass
2,505,tie,0070,starmie-froslass,1777,dragapult-ex
2,506,p1,0052,ogerpon-meganium-hydrapple,0208,lopunny-dudunsparce
2,507,p1,1118,dragapult-blaziken,0777,starmie-froslass
2,508,p1,1359,rockets-honchkrow,1175,lopunny-dudunsparce
2,509,p2,0704,rocket-mewtwo-ex,0817,dragapult-blaziken
2,510,p1,2007,dragapult-ex,1587,starmie-dusknoir
2,511,p1,2100,dragapult-dusknoir,1803,tera-box
2,512,tie,2104,lucario-hariyama,1759,dragapult-ex
2,513,p2,0420,ogerpon-meganium,0528,rocket-spidops
2,514,p1,0354,mega-froslass-ex,2035,raging-bolt-ogerpon
2,515,p2,0745,festival-lead,1282,dragapult-dusknoir
2,516,tie,1649,dragapult-ex,1451,dragapult-ex
2,517,p1,0062,dragapult-dudunsparce,0931,lucario-hariyama
2,518,p1,0619,lopunny-dudunsparce,0152,dragapult-blaziken
2,519,p1,0328,mega-venusaur-ex,0230,cynthia-garchomp-ex
2,520,p1,0310,n-zoroark,0255,ursaluna-lunatone
2,521,tie,1082,raging-bolt-ogerpon,0050,archaludon-dudunsparce
2,522,p2,0261,ogerpon-meganium-arboliva,1933,lucario-hariyama
2,523,p2,0760,cynthia-garchomp-ex,0475,dragapult-dudunsparce
2,524,p2,1284,lopunny-dudunsparce,0675,dragapult-ex
2,525,tie,2047,lopunny-dudunsparce,2069,clefairy-ogerpon
2,526,p2,0674,cynthia-garchomp-ex,1991,dragapult-dusknoir
2,527,p1,0757,mega-froslass-ex,1705,alakazam-dudunsparce
2,528,tie,1472,dragapult-ex,1293,cynthia-garchomp-ex
2,529,p1,0183,dragapult-ex,1616,festival-lead
2,530,p1,0372,lopunny-dudunsparce,0489,dragapult-ex
2,531,tie,1362,grimmsnarl-froslass,0580,dragapult-dudunsparce
2,532,tie,0747,raging-bolt-ogerpon,0654,rockets-honchkrow
2,533,p1,1265,alakazam-dudunsparce,0920,ceruledge-ex
2,534,p1,0391,alakazam-dudunsparce,2088,dragapult-blaziken
2,535,p1,1899,festival-lead,0877,raging-bolt-ogerpon
2,536,p1,0480,archaludon-ex,1937,mega-froslass-ex
2,537,p1,0912,dragapult-dusknoir,1425,mega-charizard-x-ex
2,538,tie,2080,dragapult-ex,1083,n-zoroark
2,539,tie,1945,dragapult-blaziken,0794,lopunny-dudunsparce
2,540,tie,1405,dragapult-dudunsparce,1442,n-zoroark
2,541,p2,0240,cynthia-garchomp-ex,0529,dragapult-dusknoir
2,542,p2,2060,okidogi-barbaracle,1509,cynthia-garchomp-ex
2,543,p2,1846,dragapult-blaziken,2135,starmie-froslass
2,544,tie,1449,lopunny-dudunsparce,0633,dragapult-dudunsparce
2,545,tie,0269,slowking-scr,0740,sharpedo-toxtricity
2,546,p1,1502,rockets-honchkrow,0988,rocket-mewtwo-ex
2,547,tie,0535,dragapult-dusknoir,0923,rocket-mewtwo-ex
2,548,p2,2005,ethan-typhlosion,2023,dragapult-blaziken
2,549,p2,2034,hydreigon-ex,0533,hops-trevenant
2,550,tie,1482,kangaskhan-bouffalant,1138,lopunny-dudunsparce
2,551,p1,0589,basic-box-m,0226,raging-bolt-ogerpon
2,552,p2,1727,dragapult-ex,0402,dragapult-ex
2,553,p1,1067,lopunny-dudunsparce,1656,rocket-mewtwo-ex
2,554,p2,1941,lucario-hariyama,1815,rocket-mewtwo-ex
2,555,p2,1022,ursaluna-lunatone,1354,dragapult-ex
2,556,p1,0311,rockets-honchkrow,1323,festival-lead
2,557,p2,1543,lopunny-dudunsparce,0503,raging-bolt-ogerpon
2,558,p2,0904,raging-bolt-ogerpon,0600,starmie-froslass
2,559,p1,1848,raging-bolt-ogerpon,0568,raging-bolt-ogerpon
2,560,p1,1337,starmie-froslass,1386,ogerpon-meganium-hydrapple
2,561,p1,0686,basic-box-m,0110,clefairy-ogerpon
2,562,tie,1802,starmie-froslass,1549,dragapult-ex
2,563,p1,1660,dragapult-ex,1641,n-zoroark
2,564,p2,1304,dragapult-dudunsparce,0717,lucario-hariyama
2,565,p1,1679,dragapult-dudunsparce,1173,raging-bolt-ogerpon
2,566,p2,1007,clefairy-ogerpon,1986,dragapult-dudunsparce
2,567,tie,0973,ethan-typhlosion,0512,ogerpon-meganium-hydrapple
2,568,tie,0235,dragapult-blaziken,1162,dragapult-ex
2,569,p1,1402,dragapult-dusknoir,1711,dragapult-ex
2,570,tie,0565,rockets-honchkrow,0424,archaludon-dudunsparce
2,571,tie,0403,mega-lucario-ex,0431,festival-lead
2,572,tie,0442,lopunny-dudunsparce,0277,basic-box-m
2,573,tie,1058,rockets-honchkrow,1688,ogerpon-meganium-arboliva
2,574,p2,1837,lucario-hariyama,0516,ogerpon-meganium-hydrapple
2,575,tie,2000,dragapult-dusknoir,0557,rocket-mewtwo-ex
2,576,p1,1274,ogerpon-meganium-arboliva,0325,raging-bolt-ogerpon
2,577,p2,2127,dragapult-ex,1577,mega-lucario-ex
2,578,p1,2109,dragapult-dudunsparce,0263,alakazam-dudunsparce
2,579,p1,1886,ogerpon-meganium-hydrapple,0273,dragapult-dusknoir
2,580,p2,1799,cynthia-garchomp-ex,1463,dragapult-dusknoir
2,581,p1,1379,palafin-ex,0493,crustle-dri
2,582,p2,0182,festival-lead,1788,dragapult-ex
2,583,p2,1806,raging-bolt-ogerpon,2013,mega-lucario-ex
2,584,p1,1070,alakazam-dudunsparce,2067,mega-lucario-ex
2,585,p2,1216,lopunny-dudunsparce,0871,lopunny-dudunsparce
2,586,p2,1408,lucario-hariyama,0155,dragapult-dusknoir
2,587,p2,1120,alakazam-dudunsparce,0563,mega-lucario-ex
2,588,p1,0302,dragapult-dusknoir,1896,dragapult-ex
2,589,p2,0158,hydreigon-ex,0245,grimmsnarl-froslass
2,590,p2,0939,festival-lead,1959,n-zoroark
2,591,p1,1643,starmie-froslass,0159,raging-bolt-ogerpon
2,592,tie,0835,dragapult-dudunsparce,1969,alakazam-dudunsparce
2,593,p2,0089,dragapult-dudunsparce,0792,basic-box-m
2,594,p1,0561,rocket-mewtwo-ex,1072,festival-lead
2,595,p1,0769,clefairy-ogerpon,0478,dragapult-dudunsparce
2,596,p2,1156,dragapult-ex,0669,lopunny-dudunsparce
2,597,p2,1042,dragapult-blaziken,0707,mega-lucario-ex
2,598,tie,1725,raging-bolt-ogerpon,0678,lopunny-dudunsparce
2,599,p2,1700,n-zoroark,1250,festival-lead
2,600,tie,1658,dragapult-dusknoir,0428,dragapult-dusknoir
2,601,p1,0802,ogerpon-meganium-hydrapple,0612,starmie-froslass
2,602,p2,1410,decidueye-ex,0077,cynthia-garchomp-ex
2,603,p1,0885,dragapult-dudunsparce,0816,lucario-hariyama
2,604,tie,1355,ogerpon-meganium-hydrapple,1312,rocket-mewtwo-ex
2,605,p2,0795,stevens-metagross,0821,mega-lucario-ex
2,606,p2,1505,mega-lucario-ex,0128,raging-bolt-ogerpon
2,607,p1,0888,slowking-scr,2111,alakazam-dudunsparce
2,608,p1,0376,dragapult-dusknoir,0242,festival-lead
2,609,p1,1245,alakazam-dudunsparce,1854,grimmsnarl-froslass
2,610,p2,0970,n-zoroark,1619,starmie-froslass
2,611,tie,0466,raging-bolt-ogerpon,1310,rocket-mewtwo-ex
2,612,p2,1096,starmie-dusknoir,1833,lopunny-dudunsparce
2,613,p1,1975,cynthia-garchomp-ex,1915,dragapult-dusknoir
2,614,tie,0084,dragapult-ex,0324,dragapult-blaziken
2,615,p2,0369,mega-absol-box,0408,rocket-mewtwo-ex
2,616,p1,1004,rockets-honchkrow,1926,dragapult-dudunsparce
2,617,p1,2065,n-zoroark,1214,terapagos-noctowl
2,618,p1,0952,hops-trevenant,0471,crustle-dri
2,619,p2,0286,dragapult-dusknoir,0146,dragapult-dusknoir
2,620,p2,0637,dragapult-ex,1547,cynthia-garchomp-ex
2,621,tie,0474,cynthia-garchomp-ex,1686,cynthia-garchomp-ex
2,622,p2,0037,rocket-mewtwo-ex,1422,grimmsnarl-froslass
2,623,tie,0831,basic-box-m,1129,starmie-froslass
2,624,p2,1843,hops-trevenant,0291,alakazam-dudunsparce
2,625,p2,0505,basic-box-m,1624,dragapult-blaziken
2,626,p1,0344,lopunny-dudunsparce,0588,dragapult-dusknoir
2,627,tie,0650,lopunny-dudunsparce,0347,dragapult-dudunsparce
2,628,tie,0004,mega-venusaur-ex,0640,dragapult-ex
2,629,p1,0946,dragapult-dudunsparce,1102,starmie-dusknoir
2,630,p1,1377,cynthia-garchomp-ex,1179,rocket-mewtwo-ex
2,631,tie,0523,lopunny-dudunsparce,0387,dragapult-dudunsparce
2,632,p2,1460,raging-bolt-ogerpon,0290,alakazam-dudunsparce
2,633,p1,2039,dragapult-dudunsparce,1015,raging-bolt-ogerpon
2,634,tie,0715,cynthia-garchomp-ex,1114,dragapult-dudunsparce
2,635,p1,1012,starmie-froslass,1920,cynthia-garchomp-ex
2,636,tie,0203,alakazam-dudunsparce,0143,rockets-honchkrow
2,637,p1,1431,dragapult-dusknoir,1741,starmie-froslass
2,638,p1,0132,dragapult-ex,1207,dragapult-dudunsparce
2,639,p1,1199,rockets-honchkrow,0268,flareon-noctowl
2,640,p1,1157,lopunny-dudunsparce,1091,starmie-dusknoir
2,641,p2,0396,dragapult-dusknoir,0045,dragapult-dudunsparce
2,642,tie,1223,ogerpon-meganium-arboliva,0731,dragapult-dusknoir
2,643,p2,0689,slowking-scr,1590,ogerpon-meganium-arboliva
2,644,tie,0399,dragapult-dusknoir,1178,grimmsnarl-froslass
2,645,p1,0733,dragapult-ex,0087,dragapult-blaziken
2,646,p2,1921,rocket-mewtwo-ex,0538,dragapult-ex
2,647,p2,1851,okidogi-barbaracle,2119,alakazam-dudunsparce
2,648,p2,1671,alakazam-dudunsparce,0622,rocket-mewtwo-ex
2,649,p2,0663,raging-bolt-ogerpon,0276,rockets-honchkrow
2,650,p2,0647,raging-bolt-ogerpon,0593,raging-bolt-ogerpon
2,651,p1,1238,dragapult-dudunsparce,1056,hops-trevenant
2,652,p1,1370,dragapult-dusknoir,0882,other
2,653,tie,0439,dragapult-ex,1239,rocket-mewtwo-ex
2,654,p1,1204,festival-lead,1397,festival-lead
2,655,p2,1088,n-zoroark,0281,raging-bolt-ogerpon
2,656,p2,1220,dragapult-ex,1376,dragapult-ex
2,657,p2,1693,ogerpon-meganium-arboliva,0405,dragapult-blaziken
2,658,p1,0547,dragapult-dudunsparce,1492,cynthia-garchomp-ex
2,659,p2,1443,lopunny-dudunsparce,1308,alakazam-dudunsparce
2,660,p1,0138,n-zoroark,0824,dragapult-ex
2,661,p2,2105,dragapult-blaziken,2030,dragapult-ex
2,662,p1,0057,ogerpon-meganium-arboliva,1668,greninja-ex
2,663,p1,0874,dragapult-ex,1227,grimmsnarl-froslass
2,664,p2,1835,dragapult-ex,2050,raging-bolt-ogerpon
2,665,p2,2015,ogerpon-meganium-hydrapple,0272,greninja-ex
2,666,p1,0364,festival-lead,0017,raging-bolt-ogerpon
2,667,p2,1719,festival-lead,1027,festival-lead
2,668,p2,1736,basic-box-m,0623,raging-bolt-ogerpon
2,669,p1,0300,n-zoroark,0726,stevens-metagross
2,670,p2,2002,other,0814,alakazam-dudunsparce
2,671,p2,2124,dragapult-blaziken,0781,dragapult-blaziken
2,672,p1,0684,dragapult-ex,1476,grimmsnarl-froslass
2,673,p2,0922,dragapult-dudunsparce,0397,lopunny-dudunsparce
2,674,p1,1089,ogerpon-meganium-arboliva,0837,raging-bolt-ogerpon
2,675,p2,1594,starmie-froslass,1131,raging-bolt-ogerpon
2,676,p2,0635,festival-lead,0298,dragapult-ex
2,677,p2,0798,lucario-hariyama,1638,dragapult-ex
2,678,p2,1063,lopunny-dudunsparce,0883,lopunny-dudunsparce
2,679,p1,1040,cynthia-garchomp-ex,1994,dragapult-blaziken
2,680,p2,0421,starmie-dusknoir,1320,cynthia-garchomp-ex
2,681,p1,1972,n-zoroark,0136,ogerpon-meganium-hydrapple
2,682,p2,2061,dragapult-dudunsparce,0736,lopunny-dudunsparce
2,683,p2,0854,festival-lead,0742,ethan-typhlosion
2,684,p2,1902,rockets-honchkrow,2091,ogerpon-meganium-arboliva
2,685,p1,1648,okidogi-barbaracle,0720,rocket-mewtwo-ex
2,686,tie,1395,alakazam-dudunsparce,1784,raging-bolt-ogerpon
2,687,p2,0709,stevens-metagross,0766,starmie-dusknoir
2,688,p1,1344,lopunny-dudunsparce,0943,greninja-ex
2,689,p1,0012,dragapult-dusknoir,0108,festival-lead
2,690,tie,1187,raging-bolt-ogerpon,0162,raging-bolt-ogerpon
2,691,p2,2086,dragapult-dudunsparce,2004,raging-bolt-ogerpon
2,692,tie,1461,dragapult-dusknoir,0368,dragapult-ex
2,693,p2,0170,dragapult-dudunsparce,0996,raging-bolt-ogerpon
2,694,p2,1196,cynthia-garchomp-ex,0979,raging-bolt-ogerpon
2,695,p2,0776,alakazam-dudunsparce,0998,alakazam-dudunsparce
2,696,p2,0754,dragapult-ex,0497,dragapult-dudunsparce
2,697,p1,0064,lopunny-dudunsparce,1465,flareon-noctowl
2,698,p2,1332,lucario-hariyama,1664,clefairy-ogerpon
2,699,p1,0520,n-zoroark,0582,dragapult-ex
2,700,p2,0918,ogerpon-meganium-arboliva,0500,raging-bolt-ogerpon
2,701,tie,1793,?,0772,alakazam-dudunsparce
2,702,p2,0075,dragapult-ex,0614,n-zoroark
2,703,p2,1722,n-zoroark,0147,lopunny-dudunsparce
2,704,p2,1125,n-zoroark,1716,cynthia-garchomp-ex
2,705,p2,0361,n-zoroark,1932,rocket-mewtwo-ex
2,706,p2,0867,ogerpon-meganium-hydrapple,1567,dragapult-ex
2,707,p2,1025,starmie-froslass,0071,n-zoroark
2,708,tie,1748,dragapult-dudunsparce,0592,cynthia-garchomp-ex
2,709,p1,0971,dragapult-ex,1632,dragapult-dusknoir
2,710,p1,1608,dragapult-ex,0507,slowking-scr
2,711,p2,1527,dragapult-ex,0615,dragapult-ex
2,712,tie,1526,cynthia-garchomp-ex,1497,dragapult-ex
2,713,p2,0990,alakazam-dudunsparce,0303,rocket-mewtwo-ex
2,714,p2,0187,starmie-froslass,1897,dragapult-ex
2,715,p1,1404,n-zoroark,1128,alakazam-dudunsparce
2,716,p1,1139,cynthia-garchomp-ex,2096,archaludon-dudunsparce
2,717,p2,0604,starmie-dusknoir,0585,alakazam-dudunsparce
2,718,p1,0085,dragapult-blaziken,1870,rocket-mewtwo-ex
2,719,p2,2115,clefairy-ogerpon,0414,ogerpon-meganium-arboliva
2,720,p2,1791,crustle-dri,0668,rockets-honchkrow
2,721,p1,0694,dragapult-ex,0889,dragapult-blaziken
2,722,p1,2018,dragapult-dudunsparce,1774,rockets-honchkrow
2,723,p1,1603,ogerpon-meganium-hydrapple,0856,mega-starmie-ex
2,724,p2,0809,other,0257,basic-box-m
2,725,p1,0827,dragapult-dudunsparce,0928,lucario-hariyama
2,726,p2,0196,rocket-mewtwo-ex,0080,dragapult-blaziken
2,727,p2,0214,dudunsparce-control,1981,okidogi-barbaracle
2,728,tie,0115,rockets-honchkrow,1779,rockets-honchkrow
2,729,p1,1185,cynthia-garchomp-ex,1168,lucario-hariyama
2,730,p2,1773,grimmsnarl-froslass,1574,ogerpon-meganium-hydrapple
2,731,p1,1186,dragapult-blaziken,0543,dragapult-ex
2,732,tie,1205,dragapult-ex,1342,rocket-mewtwo-ex
2,733,p2,1134,flareon-noctowl,1489,crustle-dri
2,734,p1,0525,lucario-hariyama,0656,okidogi-barbaracle
2,735,tie,1980,n-zoroark,1866,crustle-dri
2,736,p1,0672,grimmsnarl-froslass,2021,?
2,737,p2,0509,raging-bolt-ogerpon,1582,dragapult-ex
2,738,p1,0646,raging-bolt-ogerpon,1133,ogerpon-meganium-arboliva
2,739,p2,0390,dragapult-dusknoir,1904,other
2,740,p2,1231,rocket-spidops,0173,ogerpon-meganium-arboliva
2,741,tie,1313,lopunny-dudunsparce,1513,greninja-ex
2,742,p2,0097,raging-bolt-ogerpon,1990,dragapult-blaziken
2,743,p1,1206,grimmsnarl-froslass,0556,dragapult-blaziken
2,744,p1,0727,dragapult-blaziken,0960,festival-lead
2,745,p2,1952,raging-bolt-ogerpon,1917,starmie-froslass
2,746,p2,1670,lucario-hariyama,0985,rocket-mewtwo-ex
2,747,p1,0283,alakazam-dudunsparce,1427,dragapult-ex
2,748,p1,1751,dragapult-ex,0967,dragapult-blaziken
2,749,p1,1009,rockets-honchkrow,1529,dragapult-dudunsparce
2,750,p1,0250,dragapult-dudunsparce,1044,festival-lead
2,751,tie,0555,ogerpon-meganium-hydrapple,0435,hops-trevenant
2,752,p1,1873,lucario-hariyama,0724,starmie-froslass
2,753,p2,0315,dragapult-dusknoir,1533,n-zoroark
2,754,p2,0098,dragapult-blaziken,1470,lopunny-dudunsparce
2,755,p2,0481,grimmsnarl-froslass,0194,dragapult-blaziken
2,756,p2,2084,mega-abomasnow-ex,0526,festival-lead
2,757,p1,1511,mega-lucario-ex,1732,dragapult-dudunsparce
2,758,p1,1440,cynthia-garchomp-ex,1488,dragapult-dusknoir
2,759,p2,0134,dragapult-blaziken,1534,starmie-froslass
2,760,p1,1018,dragapult-blaziken,0927,greninja-ex
2,761,tie,1034,flareon-noctowl,0254,dragapult-dusknoir
2,762,p1,0357,greninja-froslass,0073,ogerpon-meganium-arboliva
2,763,p2,0666,ogerpon-meganium-arboliva,1740,dragapult-ex
2,764,p1,1829,dragapult-ex,1314,dragapult-dusknoir
2,765,p2,1262,lucario-hariyama,2081,cynthia-garchomp-ex
2,766,p1,0859,dragapult-ex,0082,?
2,767,p2,2116,grimmsnarl-froslass,0385,dragapult-ex
2,768,p1,1717,hops-trevenant,0213,lucario-hariyama
2,769,tie,0116,lopunny-dudunsparce,1982,dragapult-ex
2,770,p1,0079,lucario-hariyama,1530,blaziken-zoroark
2,771,p2,1708,dragapult-blaziken,0905,lucario-hariyama
2,772,p1,0810,crustle-dri,1881,cynthia-garchomp-ex
2,773,p2,1270,rocket-mewtwo-ex,1790,rockets-honchkrow
2,774,tie,1962,rockets-honchkrow,1825,dragapult-blaziken
2,775,tie,0730,dragapult-dusknoir,1389,alakazam-dudunsparce
2,776,p1,1789,tera-box,1167,starmie-froslass
2,777,p1,1080,hops-trevenant,0891,okidogi-barbaracle
2,778,tie,0834,lopunny-dudunsparce,0029,festival-lead
2,779,p2,1599,mega-venusaur-ex,1865,n-zoroark
2,780,tie,1756,dragapult-ex,2095,mega-lucario-ex
2,781,p2,0469,dragapult-ex,0227,dragapult-ex
2,782,p1,1258,dragapult-dudunsparce,1911,rockets-honchkrow
2,783,p2,0645,raging-bolt-ogerpon,0150,dragapult-dusknoir
2,784,p1,1869,crustle-dri,1430,rocket-mewtwo-ex
2,785,p2,1849,mega-absol-box,1545,other
2,786,p1,1796,ogerpon-meganium-hydrapple,0284,rocket-mewtwo-ex
2,787,p1,1030,festival-lead,1903,starmie-dusknoir
2,788,p2,1033,rocket-mewtwo-ex,1010,festival-lead
2,789,p2,0461,cynthia-garchomp-ex,1358,festival-lead
2,790,p2,1997,cynthia-garchomp-ex,1626,rocket-mewtwo-ex
2,791,tie,1636,dragapult-dusknoir,1261,n-zoroark
2,792,p2,1910,rockets-honchkrow,0728,dragapult-ex
2,793,p1,0337,n-zoroark,1456,dragapult-ex
2,794,p2,1622,n-zoroark,1989,ogerpon-meganium-arboliva
2,795,p2,2083,rocket-mewtwo-ex,0358,tera-box
2,796,p2,1291,starmie-froslass,1792,cynthia-garchomp-ex
2,797,p1,1954,dragapult-dudunsparce,1079,ethan-typhlosion
2,798,p2,1733,archaludon-dudunsparce,1447,dragapult-dudunsparce
2,799,p1,1490,mega-venusaur-ex,0906,mega-feraligatr-ex
2,800,p2,0470,dragapult-dusknoir,1666,dragapult-dudunsparce
2,801,p2,0544,lopunny-dudunsparce,1429,lopunny-dudunsparce
2,802,p1,2078,alakazam-dudunsparce,1339,dragapult-ex
2,803,tie,1439,dragapult-ex,0102,clefairy-ogerpon
2,804,p1,1232,raging-bolt-ogerpon,2058,stevens-metagross
2,805,tie,1514,ethan-typhlosion,0958,starmie-froslass
2,806,p1,1951,dragapult-blaziken,0105,crustle-dri
2,807,p2,0936,crustle-dri,1374,okidogi-twm
2,808,tie,1635,dragapult-blaziken,0784,flareon-noctowl
2,809,p2,0093,lopunny-dudunsparce,0768,dragapult-ex
2,810,tie,0977,lopunny-dudunsparce,0806,ogerpon-meganium-arboliva
2,811,p1,0484,dragapult-dusknoir,0671,dragapult-dudunsparce
2,812,p2,0628,dragapult-blaziken,0783,dragapult-dusknoir
2,813,p2,1782,lopunny-dudunsparce,1961,dragapult-dusknoir
2,814,p2,1073,dragapult-ex,0586,clefairy-ogerpon
2,815,p1,1923,dragapult-dusknoir,1625,festival-lead
2,816,tie,0729,lucario-hariyama,0101,dragapult-dusknoir
2,817,tie,1871,dragapult-dusknoir,1341,dragapult-ex
2,818,p2,1448,starmie-froslass,2082,lopunny-dudunsparce
2,819,p2,0253,alakazam-dudunsparce,1286,rocket-mewtwo-ex
2,820,p2,1285,slowking-scr,1600,rockets-honchkrow
2,821,tie,0667,festival-lead,1654,alakazam-dudunsparce
2,822,p1,1734,festival-lead,1781,dragapult-dusknoir
2,823,p2,1863,dragapult-dudunsparce,1562,rockets-honchkrow
2,824,p2,1998,lucario-hariyama,1761,dragapult-ex
2,825,p2,1817,alakazam-dudunsparce,1512,dragapult-ex
2,826,p2,0986,dragapult-dudunsparce,0901,rocket-spidops
2,827,p2,2020,rockets-honchkrow,0860,okidogi-barbaracle
2,828,p1,0655,lopunny-dudunsparce,1257,raging-bolt-ogerpon
2,829,p1,0627,dragapult-dudunsparce,1455,lopunny-dudunsparce
2,830,p1,0603,okidogi-barbaracle,0413,rockets-honchkrow
2,831,p2,0248,rockets-honchkrow,1864,n-zoroark
2,832,tie,1573,dragapult-dudunsparce,0389,raging-bolt-ogerpon
2,833,p1,0750,basic-box-m,1850,dragapult-blaziken
2,834,p1,1640,diancie-dusknoir,1336,dragapult-dusknoir
2,835,p2,1609,rocket-mewtwo-ex,1718,mega-lucario-ex
2,836,p1,0195,n-zoroark,0106,dragapult-dusknoir
2,837,p1,0999,rocket-mewtwo-ex,1731,alakazam-dudunsparce
2,838,p2,1124,other,1428,cynthia-garchomp-ex
2,839,p1,1123,okidogi-barbaracle,2073,rockets-honchkrow
2,840,p1,0174,dragapult-dudunsparce,0374,rockets-honchkrow
2,841,p1,0842,n-zoroark,0113,lucario-hariyama
2,842,p2,2077,flareon-noctowl,1745,raging-bolt-ogerpon
2,843,p2,2017,raging-bolt-ogerpon,1830,azumarill-ssp
2,844,p2,0193,n-zoroark,1487,alakazam-dudunsparce
2,845,p1,0532,okidogi-barbaracle,1292,lopunny-dudunsparce
2,846,p1,0149,n-zoroark,1561,rocket-mewtwo-ex
2,847,p2,1665,crustle-dri,0462,starmie-froslass
2,848,p2,1826,dragapult-blaziken,1000,ceruledge-ex
2,849,p2,1913,ursaluna-lunatone,0541,ogerpon-meganium
2,850,tie,0723,alakazam-dudunsparce,0935,dragapult-dusknoir
2,851,p2,0855,mega-venusaur-ex,1707,lopunny-dudunsparce
2,852,p1,0880,other,1546,dragapult-ex
2,853,p2,0258,rocket-mewtwo-ex,0386,n-zoroark
2,854,p1,2074,ogerpon-meganium-arboliva,2022,rocket-mewtwo-ex
2,855,tie,0316,mega-venusaur-ex,1918,manectric-eelektrik
2,856,p2,0542,rockets-honchkrow,1755,dragapult-dusknoir
2,857,p1,0978,dragapult-ex,1269,dragapult-blaziken
2,858,tie,0100,alakazam-dudunsparce,1604,grimmsnarl-froslass
2,859,p1,0693,festival-lead,1818,rockets-honchkrow
2,860,p1,0247,dragapult-blaziken,0436,lopunny-dudunsparce
2,861,tie,0879,alakazam-dudunsparce,1115,dragapult-dusknoir
2,862,p1,1874,dragapult-ex,1610,dragapult-blaziken
2,863,p2,0099,lucario-hariyama,0249,alakazam-dudunsparce
2,864,p2,1752,cynthia-garchomp-ex,0749,lopunny-dudunsparce
2,865,p2,0074,rocket-mewtwo-ex,1357,dragapult-dusknoir
2,866,p1,0228,rocket-mewtwo-ex,2114,n-zoroark
2,867,p2,0114,mega-lucario-ex,0665,kangaskhan-bouffalant
2,868,p1,2057,festival-lead,1669,lopunny-dudunsparce
2,869,p1,0890,dragapult-ex,0828,festival-lead
2,870,p1,0034,dragapult-dudunsparce,1581,festival-lead
2,871,p2,0968,lucario-hariyama,0338,dragapult-ex
2,872,p1,0833,rocket-mewtwo-ex,0902,dragapult-dusknoir
2,873,p1,0767,dragapult-dudunsparce,1912,dragapult-dudunsparce
2,874,p2,0892,toxtricity-box,0483,cynthia-garchomp-ex
2,875,p1,1795,raging-bolt-ogerpon,2019,mega-lucario-ex
2,876,tie,0133,dragapult-blaziken,1872,dragapult-dusknoir
2,877,p1,1340,sharpedo-toxtricity,0482,raging-bolt-ogerpon
2,878,p2,1746,stevens-metagross,0957,festival-lead
2,879,p2,0081,other,1639,lopunny-dudunsparce
2,880,p2,1739,cynthia-garchomp-ex,0805,dragapult-dusknoir
2,881,p2,1469,rocket-mewtwo-ex,0373,cynthia-garchomp-ex
2,882,p2,1914,ogerpon-meganium-hydrapple,0019,lucario-hariyama
2,883,p2,1653,dragapult-blaziken,1043,rocket-mewtwo-ex
2,884,p2,1979,lopunny-dudunsparce,0531,n-zoroark
2,885,tie,1029,rocket-mewtwo-ex,0094,lopunny-dudunsparce
2,886,p2,1762,lucario-hariyama,0576,dragapult-blaziken
2,887,p2,1780,rocket-mewtwo-ex,1813,rocket-mewtwo-ex
2,888,p2,0959,dragapult-blaziken,0575,crustle-dri
2,889,p1,1017,rockets-honchkrow,1116,mega-absol-box
2,890,tie,0510,alakazam-dudunsparce,1814,starmie-froslass
2,891,p1,1074,festival-lead,1950,alakazam-dudunsparce
2,892,p1,1953,yanmega-ex,1949,cynthia-garchomp-ex
2,893,p2,0841,lopunny-dudunsparce,1924,dragapult-ex
2,894,p2,2113,basic-box-m,1882,dragapult-blaziken
2,895,p1,1680,alakazam-dudunsparce,0770,dragapult-ex
2,896,p2,1130,rockets-honchkrow,0061,rocket-mewtwo-ex
2,897,p1,0260,raging-bolt-ogerpon,0200,mega-lopunny-ex
2,898,p1,2141,raging-bolt-ogerpon,0025,other
2,899,p2,1956,rockets-honchkrow,1069,raging-bolt-ogerpon
2,900,p2,0188,rocket-mewtwo-ex,0498,alakazam-dudunsparce
2,901,p1,0567,clefairy-ogerpon,0499,lucario-hariyama
2,902,p2,1617,rocket-mewtwo-ex,1629,dragapult-ex
2,903,p1,1496,raging-bolt-ogerpon,0375,dragapult-dudunsparce
2,904,p1,1385,starmie-froslass,1657,rocket-mewtwo-ex
2,905,p1,1356,ogerpon-meganium-arboliva,0601,flareon-noctowl
2,906,p2,0522,ogerpon-meganium-hydrapple,1413,dragapult-ex
2,907,p1,0171,dragapult-blaziken,1378,lucario-hariyama
2,908,p1,2063,rocket-mewtwo-ex,0815,n-zoroark
2,909,p2,0692,dragapult-dusknoir,1444,festival-lead
2,910,p2,2009,cynthia-garchomp-ex,1350,dragapult-dusknoir
2,911,tie,1014,ogerpon-meganium-arboliva,0168,slowking-scr
2,912,p1,0550,dragapult-blaziken,1278,ogerpon-meganium
2,913,p1,1999,lopunny-dudunsparce,1742,starmie-dusknoir
2,914,p1,1834,dragapult-ex,1726,dragapult-dudunsparce
2,915,p2,0370,slowking-scr,0217,okidogi-barbaracle
2,916,p2,0145,diancie-dusknoir,1484,lopunny-dudunsparce
2,917,p2,1644,lopunny-dudunsparce,2108,lopunny-dudunsparce
2,918,tie,0054,dragapult-blaziken,0812,n-zoroark
2,919,p1,0318,starmie-dusknoir,1219,other
2,920,p1,0713,dragapult-ex,1045,dragapult-ex
2,921,p1,0477,rocket-mewtwo-ex,0981,basic-box-m
2,922,p1,1623,raging-bolt-ogerpon,0175,ogerpon-meganium-arboliva
2,923,p2,1338,cynthia-garchomp-ex,0616,rockets-honchkrow
2,924,p1,0732,kangaskhan-bouffalant,1519,dragapult-ex
2,925,p1,1922,alakazam-dudunsparce,1583,archaludon-dudunsparce
2,926,p2,0384,cynthia-garchomp-ex,1578,starmie-froslass
2,927,p2,1931,alakazam-dudunsparce,2001,dragapult-ex
2,928,p1,1281,starmie-dusknoir,0559,cynthia-garchomp-ex
2,929,p2,0270,dragapult-dudunsparce,1353,grimmsnarl-froslass
2,930,p2,1369,rocket-mewtwo-ex,0225,starmie-froslass
2,931,tie,1585,starmie-froslass,1523,greninja-ex
2,932,p2,0639,dragapult-ex,1763,diancie-dusknoir
2,933,p2,1392,lucario-hariyama,1525,dragapult-dusknoir
2,934,p2,0365,dragapult-ex,0118,cynthia-garchomp-ex
2,935,p2,0135,manectric-eelektrik,0658,festival-lead
2,936,tie,2055,mega-absol-box,1750,dragapult-blaziken
2,937,p1,0334,dragapult-blaziken,1237,flareon-noctowl
2,938,p2,1348,dragapult-dusknoir,0537,slowking-scr
2,939,p2,0893,dragapult-dusknoir,1506,ogerpon-meganium-arboliva
2,940,p2,0793,raging-bolt-ogerpon,2087,ogerpon-meganium-hydrapple
2,941,p1,0917,rocket-mewtwo-ex,0184,rocket-mewtwo-ex
2,942,p2,1772,lucario-hariyama,0735,cynthia-garchomp-ex
2,943,p1,0028,festival-lead,0078,dragapult-ex
2,944,p2,0508,okidogi-barbaracle,2136,dragapult-dusknoir
2,945,p2,0165,decidueye-ex,1441,dragapult-blaziken
2,946,p1,0688,n-zoroark,1847,lopunny-dudunsparce
2,947,tie,0234,stevens-metagross,0881,toxtricity-box
2,948,tie,0937,rockets-honchkrow,1032,dragapult-blaziken
2,949,p1,0197,crustle-dri,0179,rocket-mewtwo-ex
2,950,p2,1824,n-zoroark,1840,festival-lead
2,951,p2,0256,dragapult-dusknoir,1928,lopunny-dudunsparce
2,952,p1,1423,basic-box-m,0215,n-zoroark
2,953,p2,1108,dragapult-dudunsparce,1051,okidogi-barbaracle
2,954,tie,1181,dragapult-dusknoir,0570,n-zoroark
2,955,p1,1468,dragapult-dudunsparce,0432,rocket-mewtwo-ex
2,956,p2,0980,dragapult-dusknoir,0964,other
2,957,tie,0884,dragapult-dusknoir,2066,dragapult-blaziken
2,958,tie,0944,crustle-dri,0572,grimmsnarl-froslass
2,959,p1,1283,basic-box-m,1563,n-zoroark
2,960,p1,0157,rocket-mewtwo-ex,1242,dragapult-dudunsparce
2,961,p2,2110,lopunny-dudunsparce,1971,dragapult-dudunsparce
2,962,tie,1645,raging-bolt-ogerpon,0865,starmie-froslass
2,963,tie,0275,flareon-noctowl,1566,starmie-froslass
2,964,tie,1041,starmie-dusknoir,1510,cynthia-garchomp-ex
2,965,p2,1110,rocket-mewtwo-ex,0584,dragapult-ex
2,966,p2,2068,mega-venusaur-ex,1170,raging-bolt-ogerpon
2,967,p2,1970,ogerpon-meganium-hydrapple,1884,dragapult-ex
2,968,tie,0886,raging-bolt-ogerpon,0236,raging-bolt-ogerpon
2,969,p2,0596,dragapult-ex,0072,dragapult-dudunsparce
2,970,p1,0473,stevens-metagross,0238,festival-lead
2,971,p2,0144,cynthia-garchomp-ex,0151,raging-bolt-ogerpon
2,972,p2,0312,alakazam-dudunsparce,0638,ogerpon-meganium-arboliva
2,973,p2,1993,festival-lead,2071,crustle-dri
2,974,p1,0068,dragapult-ex,0722,starmie-froslass
2,975,p1,1055,lucario-hariyama,1200,starmie-froslass
2,976,p1,1191,lopunny-dusknoir,0743,other
2,977,tie,2142,n-zoroark,1551,dragapult-dudunsparce
2,978,p1,1674,dragapult-dudunsparce,1208,stevens-metagross
2,979,p1,0407,alakazam-dudunsparce,0278,raging-bolt-ogerpon
2,980,tie,1092,festival-lead,0679,dragapult-dusknoir
2,981,p2,1965,dragapult-ex,0423,dragapult-blaziken
2,982,p2,1710,cynthia-garchomp-ex,1974,ogerpon-meganium-hydrapple
2,983,p2,0297,dragapult-ex,1290,n-zoroark
2,984,p1,1226,lopunny-dudunsparce,0789,dragapult-dudunsparce
2,985,p2,1655,alakazam-dudunsparce,0782,festival-lead
2,986,p1,2092,mega-lucario-ex,0504,dragapult-ex
2,987,p1,0515,slowking-scr,0342,starmie-froslass
2,988,p1,0919,hops-trevenant,0597,crustle-dri
2,989,p2,1177,cynthia-garchomp-ex,0719,raging-bolt-ogerpon
2,990,p1,0326,cynthia-garchomp-ex,0049,dragapult-dusknoir
2,991,p2,1371,raging-bolt-ogerpon,1889,dragapult-dusknoir
2,992,tie,0437,crustle-dri,0703,lucario-hariyama
2,993,p2,1721,lopunny-dudunsparce,0861,dragapult-ex
2,994,tie,1384,alakazam-dudunsparce,0323,greninja-ex
2,995,p1,1663,eelektrik-blk,0903,lopunny-dudunsparce
2,996,p1,0626,dragapult-ex,1650,dragapult-ex
2,997,p1,1154,lucario-hariyama,1828,cynthia-garchomp-ex
2,998,p1,0925,lopunny-dudunsparce,1939,dragapult-dusknoir
2,999,p2,1683,lucario-hariyama,1260,cynthia-garchomp-ex
2,1000,p2,1778,festival-lead,0840,raging-bolt-ogerpon
2,1001,p2,2024,ogerpon-meganium-arboliva,0850,dragapult-ex
2,1002,p1,0608,dragapult-blaziken,0914,greninja-froslass
2,1003,p2,0591,azumarill-ssp,0490,ogerpon-meganium-arboliva
2,1004,p1,0875,crustle-dri,1189,ogerpon-meganium-hydrapple
2,1005,p1,1935,festival-lead,0329,dragapult-blaziken
2,1006,p2,1810,rocket-mewtwo-ex,1264,lucario-hariyama
2,1007,p2,0753,grimmsnarl-froslass,1075,cynthia-garchomp-ex
2,1008,p1,1433,starmie-froslass,1591,raging-bolt-ogerpon
2,1009,p2,0932,starmie-dusknoir,2070,crustle-dri
2,1010,p2,0863,dragapult-dusknoir,2041,dragapult-dusknoir
2,1011,p1,1266,basic-box-m,2144,cynthia-garchomp-ex
2,1012,p1,1095,n-zoroark,2137,lopunny-dudunsparce
2,1013,p1,1877,n-zoroark,0725,froslass-munkidori
2,1014,tie,1346,n-zoroark,0578,dragapult-dudunsparce
2,1015,p2,0621,dragapult-dudunsparce,0536,festival-lead
2,1016,p2,0587,ogerpon-meganium,0648,dragapult-dudunsparce
2,1017,tie,1388,alakazam-dudunsparce,0040,dragapult-dusknoir
2,1018,tie,0083,dragapult-dudunsparce,0763,cynthia-garchomp-ex
2,1019,tie,0422,dragapult-ex,1478,cynthia-garchomp-ex
2,1020,p1,2129,rocket-mewtwo-ex,1929,mega-absol-box
2,1021,p1,1249,lopunny-dudunsparce,1698,flareon-noctowl
2,1022,p1,1682,alakazam-dudunsparce,0299,rocket-mewtwo-ex
2,1023,p2,2140,festival-lead,0350,dragapult-dusknoir
2,1024,tie,0031,dragapult-ex,1406,okidogi-barbaracle
2,1025,p2,0321,n-zoroark,1925,lopunny-dudunsparce
2,1026,p2,0452,rocket-mewtwo-ex,1331,starmie-froslass
2,1027,p1,1473,sharpedo-toxtricity,0606,n-zoroark
2,1028,p1,1008,dragapult-dusknoir,0887,ogerpon-meganium-arboliva
2,1029,tie,0801,starmie-froslass,1757,zygarde-barbaracle
2,1030,p1,0878,dragapult-blaziken,1620,dragapult-dusknoir
2,1031,p1,0446,dragapult-dusknoir,0947,other
2,1032,p1,0440,greninja-ex,1113,grimmsnarl-froslass
2,1033,p1,0161,mega-lucario-ex,0221,dragapult-blaziken
2,1034,p2,0708,alakazam-dudunsparce,0803,dragapult-blaziken
2,1035,p1,1081,raging-bolt-ogerpon,0013,n-zoroark
2,1036,p1,2025,lucario-hariyama,0870,dragapult-blaziken
2,1037,p1,0351,rocket-mewtwo-ex,1676,lucario-hariyama
2,1038,p1,0820,cynthia-garchomp-ex,0348,mega-feraligatr-ex
2,1039,p1,0934,dragapult-ex,1309,basic-box-m
2,1040,p2,1859,dragapult-ex,1078,raging-bolt-ogerpon
2,1041,p2,0872,lopunny-dusknoir,1235,cynthia-garchomp-ex
2,1042,p2,0305,dragapult-dudunsparce,1647,raging-bolt-ogerpon
2,1043,p2,1195,dragapult-dudunsparce,1068,ogerpon-meganium-hydrapple
2,1044,p2,1316,jellicent-dusknoir,1842,n-zoroark
2,1045,p2,1770,n-zoroark,0456,ceruledge-ex
2,1046,p1,1322,n-zoroark,0449,grimmsnarl-froslass
2,1047,p2,0786,dragapult-blaziken,1557,greninja-ex
2,1048,p1,0941,dragapult-dusknoir,0778,ogerpon-meganium-hydrapple
2,1049,tie,1475,alakazam-dudunsparce,0267,hop-zacian
2,1050,tie,0748,cynthia-garchomp-ex,1712,decidueye-ex
2,1051,p1,1201,dragapult-dusknoir,0331,iono-bellibolt
2,1052,p2,0987,raging-bolt-ogerpon,1418,dragapult-ex
2,1053,p1,0282,dragapult-ex,1084,dragapult-dusknoir
2,1054,p2,1329,dragapult-blaziken,2085,cynthia-garchomp-ex
2,1055,p1,1900,mega-absol-box,1858,grimmsnarl-froslass
2,1056,p2,0443,decidueye-ex,1832,festival-lead
2,1057,p2,0139,decidueye-ex,0201,dragapult-dusknoir
2,1058,p1,1011,basic-box-m,0472,rocket-mewtwo-ex
2,1059,p1,1217,cynthia-garchomp-ex,1303,ethan-typhlosion
2,1060,p1,0109,rocket-mewtwo-ex,0775,alakazam-dudunsparce
2,1061,p2,1787,dragapult-dusknoir,0308,cynthia-garchomp-ex
2,1062,p1,2038,starmie-froslass,0154,ogerpon-meganium-arboliva
2,1063,p2,1560,lopunny-dudunsparce,0851,dragapult-ex
2,1064,p1,1532,?,1637,doublade-por
2,1065,p1,0392,ceruledge-ex,1117,raging-bolt-ogerpon
2,1066,p1,0416,alakazam-dudunsparce,1224,dragapult-dusknoir
2,1067,p1,1504,basic-box-m,1821,cynthia-garchomp-ex
2,1068,p1,0266,cynthia-garchomp-ex,0486,mega-absol-box
2,1069,p1,0320,n-zoroark,0363,cynthia-garchomp-ex
2,1070,p2,1678,flareon-noctowl,1071,n-zoroark
2,1071,p2,1311,starmie-froslass,0205,cynthia-garchomp-ex
2,1072,p2,0759,dragapult-dudunsparce,1407,starmie-froslass
2,1073,p1,0930,cynthia-garchomp-ex,1036,lopunny-dudunsparce
2,1074,p1,0313,basic-box-m,1844,dragapult-dudunsparce
2,1075,p2,2147,rocket-porygon-z,0566,dragapult-blaziken
2,1076,tie,0548,clefairy-ogerpon,0629,n-zoroark
2,1077,p2,0995,dragapult-dusknoir,0121,jellicent-dusknoir
2,1078,p1,0956,lucario-hariyama,1808,other
2,1079,tie,0829,alakazam-dudunsparce,1760,alakazam-dudunsparce
2,1080,p2,1462,dragapult-dudunsparce,0558,ogerpon-meganium-hydrapple
2,1081,p1,1816,raging-bolt-ogerpon,2075,dragapult-blaziken
2,1082,p2,0845,festival-lead,1471,starmie-froslass
2,1083,p1,1992,dragapult-dusknoir,0695,toxtricity-box
2,1084,p2,2048,festival-lead,1898,dragapult-blaziken
2,1085,tie,2122,ethan-typhlosion,1728,mega-froslass-ex
2,1086,p1,1550,ogerpon-meganium-arboliva,0813,starmie-froslass
2,1087,p2,0400,lucario-hariyama,1580,ogerpon-meganium-arboliva
2,1088,p2,0752,alakazam-dudunsparce,0899,n-zoroark
2,1089,p1,1093,okidogi-barbaracle,1198,festival-lead
2,1090,p1,2053,n-zoroark,1464,blaziken-ex-jtg
2,1091,p2,2106,lopunny-dudunsparce,0641,cynthia-garchomp-ex
2,1092,p2,0756,starmie-froslass,1730,n-zoroark
2,1093,p1,0107,cynthia-garchomp-ex,1272,okidogi-barbaracle
2,1094,p2,1588,dragapult-dudunsparce,1409,cynthia-garchomp-ex
2,1095,p2,0362,starmie-dusknoir,1183,dragapult-dusknoir
2,1096,p2,1801,rocket-mewtwo-ex,1934,lopunny-dudunsparce
2,1097,p2,1432,dragapult-ex,1515,dragapult-dusknoir
2,1098,p1,1767,festival-lead,0496,cynthia-garchomp-ex
2,1099,p1,0287,crustle-dri,1595,cynthia-garchomp-ex
2,1100,p1,1598,grimmsnarl-froslass,0156,dragapult-dusknoir
2,1101,p1,0610,raging-bolt-ogerpon,2133,rocket-mewtwo-ex
2,1102,p2,0822,mega-venusaur-ex,1856,mega-camerupt-ex
2,1103,tie,1747,toxtricity-box,1047,raging-bolt-ogerpon
2,1104,p2,1328,crustle-dri,1267,dragapult-dusknoir
2,1105,p2,1119,raging-bolt-ogerpon,1569,raging-bolt-ogerpon
2,1106,tie,1158,dragapult-dusknoir,0681,raging-bolt-ogerpon
2,1107,p2,1146,n-zoroark,0779,dragapult-ex
2,1108,p1,0434,raging-bolt-ogerpon,1481,dragapult-ex
2,1109,p1,0818,slowking-scr,1797,grimmsnarl-froslass
2,1110,p1,0564,dragapult-dusknoir,0712,dragapult-ex
2,1111,tie,1136,hops-trevenant,0453,raging-bolt-ogerpon
2,1112,p1,0002,lopunny-dudunsparce,0624,ogerpon-meganium
2,1113,tie,2008,mega-venusaur-ex,1633,greninja-ex
2,1114,p1,2101,okidogi-barbaracle,1256,basic-box-m
2,1115,p2,1279,n-zoroark,1887,dragapult-blaziken
2,1116,p1,0457,lopunny-dudunsparce,0131,flareon-noctowl
2,1117,tie,1159,toxtricity-pfl,0410,hops-trevenant
2,1118,tie,2049,dragapult-dudunsparce,2138,dragapult-ex
2,1119,p2,1365,starmie-dusknoir,0327,crustle-dri
2,1120,p2,1016,cynthia-garchomp-ex,1800,cynthia-garchomp-ex
2,1121,tie,1459,rocket-mewtwo-ex,0965,dragapult-blaziken
2,1122,p1,0494,n-zoroark,0975,mega-venusaur-ex
2,1123,p1,2059,other,0285,lucario-hariyama
2,1124,p1,1147,ursaluna-lunatone,0271,crustle-dri
2,1125,p2,0160,starmie-dusknoir,1193,ogerpon-meganium-hydrapple
2,1126,p1,0718,lopunny-dudunsparce,0090,raging-bolt-ogerpon
2,1127,p1,1885,starmie-froslass,1137,rocket-mewtwo-ex
2,1128,p1,0590,dragapult-dusknoir,1479,cynthia-garchomp-ex
2,1129,tie,0104,mega-starmie-ex,1240,sharpedo-toxtricity
2,1130,p1,1891,greninja-blaziken,1103,stevens-metagross
2,1131,tie,0961,archaludon-dudunsparce,1398,lucario-hariyama
2,1132,p1,1690,hops-trevenant,1908,dragapult-ex
2,1133,p1,1028,dragapult-dudunsparce,0662,dragapult-dudunsparce
2,1134,p1,0774,ogerpon-meganium-arboliva,0398,cynthia-garchomp-ex
2,1135,p1,0972,starmie-froslass,1775,raging-bolt-ogerpon
2,1136,p2,1498,lopunny-dudunsparce,0761,ogerpon-meganium-arboliva
2,1137,p2,0911,dragonite-eelektrik,0685,n-zoroark
2,1138,p1,1437,cynthia-garchomp-ex,1987,n-zoroark
2,1139,p2,0294,yanmega-ex,1403,lucario-hariyama
2,1140,p2,1672,mega-lucario-ex,0088,rocket-mewtwo-ex
2,1141,p1,1916,alakazam-dudunsparce,1415,mega-venusaur-ex
2,1142,p2,0989,cynthia-garchomp-ex,0076,festival-lead
2,1143,p2,2033,dragapult-dusknoir,0204,raging-bolt-ogerpon
2,1144,tie,1021,dragapult-dudunsparce,0506,slowking-scr
2,1145,tie,0066,lopunny-dudunsparce,2123,festival-lead
2,1146,p1,1121,flareon-noctowl,1229,hops-trevenant
2,1147,p1,0295,dragapult-ex,1363,rockets-honchkrow
2,1148,p2,0393,rocket-mewtwo-ex,1381,starmie-froslass
2,1149,p2,1804,lopunny-dudunsparce,1572,lopunny-dudunsparce
2,1150,p1,1111,starmie-froslass,0765,basic-box-m
2,1151,p1,0381,rocket-mewtwo-ex,1605,starmie-dusknoir
2,1152,p1,1845,tera-box,1106,doublade-por
2,1153,tie,0613,dragapult-dudunsparce,1985,n-zoroark
2,1154,p1,0224,lucario-hariyama,2146,ogerpon-meganium-hydrapple
2,1155,p2,2051,toxtricity-box,0360,cynthia-garchomp-ex
2,1156,p2,1541,dragapult-dusknoir,1880,okidogi-barbaracle
2,1157,p1,1305,festival-lead,0427,rocket-mewtwo-ex
2,1158,p2,0120,starmie-froslass,2040,ogerpon-meganium-hydrapple
2,1159,p2,0797,milotic-ex,1302,alakazam-dudunsparce
2,1160,p2,0336,other,1419,ursaluna-lunatone
2,1161,p2,1628,kangaskhan-bouffalant,2098,starmie-froslass
2,1162,p2,0908,dragapult-ex,2014,mega-lucario-ex
2,1163,p2,0844,?,1247,starmie-dusknoir
2,1164,p2,0649,other,1943,raging-bolt-ogerpon
2,1165,p1,0634,lopunny-dudunsparce,1319,lopunny-dudunsparce
2,1166,p2,0412,doublade-por,0746,raging-bolt-ogerpon
2,1167,p2,1794,rockets-honchkrow,0991,festival-lead
2,1168,p2,1163,n-zoroark,0279,ogerpon-meganium-hydrapple
2,1169,tie,1968,dragapult-ex,1853,crustle-dri
2,1170,p1,1049,alakazam-dudunsparce,1685,dragapult-blaziken
2,1171,p1,0734,ogerpon-meganium-hydrapple,1024,ursaluna-lunatone
2,1172,p2,1713,diancie-dusknoir,2128,n-zoroark
2,1173,p2,1421,lopunny-dudunsparce,0476,festival-lead
2,1174,p2,0231,dragapult-dudunsparce,1568,dragapult-dudunsparce
2,1175,p1,1132,dragapult-blaziken,1589,dragapult-ex
2,1176,p2,0479,starmie-froslass,0468,n-zoroark
2,1177,p1,0534,dragapult-dudunsparce,1065,dragapult-ex
2,1178,p2,1003,slowking-scr,1213,lopunny-dudunsparce
2,1179,p2,1868,dragapult-blaziken,1895,archaludon-ex
2,1180,p2,0579,dragapult-dudunsparce,0502,dragapult-blaziken
2,1181,tie,0378,cynthia-garchomp-ex,0594,dragapult-dusknoir
2,1182,p1,0511,n-zoroark,0527,diancie-dusknoir
2,1183,p1,0984,starmie-dusknoir,0251,cynthia-garchomp-ex
2,1184,p2,1026,ogerpon-meganium-arboliva,1411,dragapult-dudunsparce
2,1185,p2,0262,other,0112,mega-abomasnow-ex
2,1186,tie,1294,dragapult-ex,1538,cynthia-garchomp-ex
2,1187,p2,0177,rocket-mewtwo-ex,0239,starmie-froslass
2,1188,p2,2126,dragapult-dudunsparce,1946,ogerpon-meganium-hydrapple
2,1189,p1,1006,cynthia-garchomp-ex,1090,rocket-mewtwo-ex
2,1190,p1,1753,raging-bolt-ogerpon,1375,lopunny-dudunsparce
2,1191,p2,1234,ogerpon-meganium-hydrapple,0758,lopunny-dudunsparce
2,1192,p1,0129,raging-bolt-ogerpon,0219,clefairy-ogerpon
2,1193,p1,0853,flareon-noctowl,2006,ogerpon-meganium-arboliva
2,1194,p1,0419,lucario-hariyama,1836,grimmsnarl-froslass
2,1195,p2,0697,grimmsnarl-froslass,1396,lucario-hariyama
2,1196,p2,1276,dragapult-ex,0921,ogerpon-meganium-arboliva
2,1197,p2,0186,toxtricity-box,1307,ogerpon-meganium
2,1198,p1,0632,starmie-froslass,0737,dragapult-blaziken
2,1199,p2,1614,mega-starmie-ex,1554,raging-bolt-ogerpon
2,1200,p1,2003,rocket-mewtwo-ex,0371,festival-lead
2,1201,p2,1919,cynthia-garchomp-ex,1039,cynthia-garchomp-ex
2,1202,p2,0677,alakazam-dudunsparce,0643,alakazam-dudunsparce
2,1203,p2,2143,lucario-hariyama,0974,greninja-ex
2,1204,p2,0211,raging-bolt-ogerpon,0823,lopunny-dudunsparce
2,1205,p1,0659,raging-bolt-ogerpon,0796,hops-trevenant
2,1206,p2,0599,n-zoroark,1522,rocket-mewtwo-ex
2,1207,p2,0739,n-zoroark,1254,lucario-hariyama
2,1208,p1,0517,cynthia-garchomp-ex,0915,lopunny-dudunsparce
2,1209,p1,2150,ogerpon-meganium-arboliva,1517,rocket-mewtwo-ex
2,1210,p2,1507,dragapult-ex,0207,rocket-mewtwo-ex
2,1211,tie,0787,rocket-mewtwo-ex,1368,dragapult-dusknoir
2,1212,p1,1140,n-zoroark,1298,slowking-scr
2,1213,p2,0292,rockets-honchkrow,1243,lopunny-dudunsparce
2,1214,tie,0940,lopunny-dudunsparce,0229,crustle-dri
2,1215,p1,0997,ogerpon-meganium-hydrapple,0690,lucario-hariyama
2,1216,p2,1343,other,0530,dragapult-dudunsparce
2,1217,p1,1615,cynthia-garchomp-ex,1295,dragapult-blaziken
2,1218,p2,1001,alakazam-dudunsparce,1901,raging-bolt-ogerpon
2,1219,p2,1976,rockets-honchkrow,0367,mega-absol-box
2,1220,p1,0552,alakazam-dudunsparce,1171,ogerpon-meganium-hydrapple
2,1221,p2,2149,alakazam-dudunsparce,1544,grimmsnarl-froslass
2,1222,p1,1744,kangaskhan-bouffalant,0189,dragapult-ex
2,1223,p2,1706,mega-venusaur-ex,0055,dragapult-ex
2,1224,p2,2148,dragapult-dudunsparce,0895,raging-bolt-ogerpon
2,1225,p1,0676,n-zoroark,1326,starmie-froslass
2,1226,p1,0123,alakazam-dudunsparce,1097,lopunny-dudunsparce
2,1227,p2,1862,n-zoroark,1852,alakazam-dudunsparce
2,1228,p1,1394,rocket-mewtwo-ex,0487,n-zoroark
2,1229,p1,1720,alakazam-dudunsparce,1667,lopunny-dudunsparce
2,1230,p1,1785,greninja-ex,0241,rocket-mewtwo-ex
2,1231,p1,0246,alakazam-dudunsparce,0546,mega-venusaur-ex
2,1232,p2,1061,raging-bolt-ogerpon,0832,raging-bolt-ogerpon
2,1233,p1,0309,rockets-honchkrow,0379,ogerpon-meganium-arboliva
2,1234,tie,1738,starmie-froslass,2012,starmie-froslass
2,1235,p1,2032,starmie-dusknoir,0673,rocket-mewtwo-ex
2,1236,p2,1820,mega-venusaur-ex,0060,mega-lucario-ex
2,1237,p1,1575,raging-bolt-ogerpon,0069,dragapult-dudunsparce
2,1238,p1,0353,yanmega-ex,0652,ogerpon-meganium
2,1239,p1,1037,lucario-hariyama,2132,lucario-hariyama
2,1240,p1,0404,n-zoroark,0047,mega-zygarde-ex
2,1241,p1,1019,dragapult-froslass,1659,rocket-mewtwo-ex
2,1242,tie,1401,festival-lead,1288,crustle-dri
2,1243,p1,0702,n-zoroark,0611,dragapult-dusknoir
2,1244,p2,1126,lucario-hariyama,0301,?
2,1245,p2,2120,starmie-dusknoir,2090,n-zoroark
2,1246,p2,0683,rockets-honchkrow,0058,festival-lead
2,1247,p2,1702,n-zoroark,1556,grimmsnarl-froslass
2,1248,p1,1486,cynthia-garchomp-ex,0460,festival-lead
2,1249,p2,0847,dragapult-dusknoir,2118,mega-lucario-ex
2,1250,p1,1938,ogerpon-meganium-arboliva,1893,n-zoroark
2,1251,p2,0441,other,0945,festival-lead
2,1252,p2,1318,diancie-dusknoir,0406,archaludon-dudunsparce
2,1253,p2,1977,dragapult-dudunsparce,1085,cynthia-garchomp-ex
2,1254,p1,0264,dragapult-ex,0553,rocket-mewtwo-ex
2,1255,p2,1501,blaziken-ex-jtg,0339,n-zoroark
2,1256,p2,1948,starmie-froslass,1176,lucario-hariyama
2,1257,p2,0924,raging-bolt-ogerpon,1528,dragapult-dudunsparce
2,1258,tie,1703,rocket-mewtwo-ex,1536,dragapult-ex
2,1259,p2,1812,alakazam-dudunsparce,1631,rocket-mewtwo-ex
2,1260,p2,1724,dragapult-dudunsparce,1593,festival-lead
2,1261,p2,0791,n-zoroark,1494,n-zoroark
2,1262,p1,2046,slowking-scr,1765,mega-charizard-x-ex
2,1263,p2,0095,ethan-typhlosion,1466,dragapult-ex
2,1264,tie,0741,n-zoroark,1607,dragapult-dusknoir
2,1265,p2,1127,dragapult-dudunsparce,1351,festival-lead
2,1266,p1,2112,dragapult-blaziken,1099,dragapult-dudunsparce
2,1267,p1,2145,cynthia-garchomp-ex,1087,n-zoroark
2,1268,p1,0950,dragapult-dusknoir,0244,hops-trevenant
2,1269,p1,1661,lopunny-dudunsparce,1960,flareon-noctowl
2,1270,p1,0092,starmie-dusknoir,0670,lucario-hariyama
2,1271,p2,1942,alakazam-dudunsparce,2029,rocket-mewtwo-ex
2,1272,p2,1161,starmie-froslass,0169,mega-lucario-ex
2,1273,p1,0836,raging-bolt-ogerpon,2079,rocket-mewtwo-ex
2,1274,tie,0063,dragapult-ex,0873,dragapult-ex
2,1275,p2,1436,grimmsnarl-froslass,0395,lucario-hariyama
2,1276,p1,0710,diancie-dusknoir,0448,n-zoroark
2,1277,p1,1805,raging-bolt-ogerpon,1696,dragapult-ex
2,1278,p1,1548,okidogi-barbaracle,1324,mega-starmie-ex
2,1279,p2,1060,dragapult-dusknoir,2062,lopunny-dudunsparce
2,1280,tie,0519,hops-trevenant,0465,dragapult-blaziken
2,1281,p1,1166,n-zoroark,1611,archaludon-dudunsparce
2,1282,p1,0562,dragapult-ex,1212,alakazam-dudunsparce
2,1283,p2,1876,flareon-noctowl,0304,dragapult-dudunsparce
2,1284,p2,1273,basic-box-m,1601,dragapult-dusknoir
2,1285,tie,0388,lopunny-dudunsparce,2099,dragapult-blaziken
2,1286,p2,1188,rocket-mewtwo-ex,1251,starmie-froslass
2,1287,tie,2093,okidogi-barbaracle,0491,raging-bolt-ogerpon
2,1288,p2,1445,greninja-ex,1452,tera-box
2,1289,p2,1687,cynthia-garchomp-ex,1964,festival-lead
2,1290,p1,1141,archaludon-ex,0430,starmie-dusknoir
2,1291,p2,0620,mega-venusaur-ex,0858,hops-trevenant
2,1292,p1,0953,rocket-mewtwo-ex,0636,eelektrik-blk
2,1293,p1,1652,dragapult-blaziken,1361,starmie-dusknoir
2,1294,p1,1692,starmie-froslass,1500,crustle-dri
2,1295,p2,1210,lopunny-dudunsparce,0148,dragapult-dudunsparce
2,1296,p2,1064,lucario-hariyama,2139,dragapult-ex
2,1297,tie,0126,lopunny-dudunsparce,0181,starmie-froslass
2,1298,p2,1150,starmie-dusknoir,0137,dragapult-dusknoir
2,1299,p2,0664,dragapult-ex,0909,starmie-froslass
2,1300,p1,0838,rocket-mewtwo-ex,1457,dragapult-ex
2,1301,tie,0951,rockets-honchkrow,2016,dragapult-dusknoir
2,1302,p2,0574,slowking-scr,0771,other
2,1303,p1,1143,dragapult-dudunsparce,0807,starmie-froslass
2,1304,tie,1905,alakazam-dudunsparce,1203,n-zoroark
2,1305,p1,0653,lopunny-dudunsparce,1057,clefairy-ogerpon
2,1306,p2,1491,okidogi-barbaracle,1539,slowking-scr
2,1307,p1,1174,rocket-mewtwo-ex,0868,raging-bolt-ogerpon
2,1308,p2,0289,festival-lead,0581,n-zoroark
2,1309,p2,0700,other,0706,dragapult-dusknoir
2,1310,p2,1380,mega-abomasnow-ex,1694,cynthia-garchomp-ex
2,1311,p1,1399,grimmsnarl-froslass,1300,starmie-dusknoir
2,1312,p2,0994,ogerpon-meganium-hydrapple,2044,kangaskhan-bouffalant
2,1313,p2,1360,hop-zacian,2103,mega-lucario-ex
2,1314,p1,1995,dragapult-dusknoir,0898,festival-lead
2,1315,p1,1215,rocket-mewtwo-ex,0800,stevens-metagross
2,1316,p1,1180,ogerpon-meganium-hydrapple,0540,rockets-honchkrow
2,1317,p2,1228,slowking-scr,0464,alakazam-dudunsparce
2,,bye,0356,crustle-dri,,
2,,unpaired,1838,ogerpon-meganium-hydrapple,,
3,251,p1,0001,raging-bolt-ogerpon,0121,jellicent-dusknoir
3,252,p1,0006,dragapult-blaziken,1343,other
3,253,p2,1724,dragapult-dudunsparce,0003,dragapult-dudunsparce
3,254,p2,1107,cynthia-garchomp-ex,0005,festival-lead
3,255,p2,0522,ogerpon-meganium-hydrapple,0008,n-zoroark
3,256,p2,0845,festival-lead,0010,lopunny-dudunsparce
3,257,p2,2083,rocket-mewtwo-ex,0011,dragapult-dudunsparce
3,258,tie,0014,lopunny-dudunsparce,1930,dragapult-ex
3,259,p1,0015,other,0214,dudunsparce-control
3,260,p1,0018,starmie-dusknoir,0188,rocket-mewtwo-ex
3,261,p2,1429,lopunny-dudunsparce,0020,dragapult-ex
3,262,tie,0186,toxtricity-box,0022,mega-abomasnow-ex
3,263,p1,0024,cynthia-garchomp-ex,0897,starmie-froslass
3,264,p1,0026,ogerpon-meganium-hydrapple,0451,ogerpon-meganium-arboliva
3,265,p1,0027,dragapult-ex,0314,dragapult-dusknoir
3,266,p1,0113,lucario-hariyama,0030,alakazam-dudunsparce
3,267,p2,0454,festival-lead,0032,starmie-froslass
3,268,tie,0033,lucario-hariyama,1313,lopunny-dudunsparce
3,269,p1,0036,flareon-noctowl,0636,eelektrik-blk
3,270,p2,0038,crustle-dri,1993,festival-lead
3,271,tie,0039,cynthia-garchomp-ex,0335,dragapult-ex
3,272,p2,2143,lucario-hariyama,0041,starmie-froslass
3,273,p1,0919,hops-trevenant,0043,dragapult-dudunsparce
3,274,p2,0046,starmie-dusknoir,1222,lopunny-dudunsparce
3,275,p1,0048,alakazam-dudunsparce,0272,greninja-ex
3,276,p1,0243,dragapult-blaziken,1697,festival-lead
3,277,p1,0722,starmie-froslass,0127,raging-bolt-ogerpon
3,278,p2,0053,alakazam-dudunsparce,0276,rockets-honchkrow
3,279,tie,1066,dragapult-ex,0056,raging-bolt-ogerpon
3,280,p2,1233,dragapult-dusknoir,1759,dragapult-ex
3,281,tie,1426,mega-abomasnow-ex,0375,dragapult-dudunsparce
3,284,p2,1516,ogerpon-meganium,0051,starmie-froslass
3,285,p2,1279,n-zoroark,0175,ogerpon-meganium-arboliva
3,286,p1,1867,lopunny-dudunsparce,1077,lopunny-dudunsparce
3,287,p1,1297,raging-bolt-ogerpon,2125,raging-bolt-ogerpon
3,288,p2,0355,festival-lead,1596,festival-lead
3,289,p2,0450,lopunny-dudunsparce,1414,lopunny-dudunsparce
3,290,p1,0630,basic-box-m,0463,ogerpon-meganium-arboliva
3,291,tie,1435,dragapult-ex,1245,alakazam-dudunsparce
3,292,p2,0642,n-zoroark,0488,dragapult-ex
3,293,p2,1040,cynthia-garchomp-ex,2064,greninja-ex
3,294,p2,0086,lucario-hariyama,1482,kangaskhan-bouffalant
3,295,p2,0433,mega-lucario-ex,1749,raging-bolt-ogerpon
3,296,p2,0265,dragapult-dusknoir,1070,alakazam-dudunsparce
3,297,p2,2030,dragapult-ex,0736,lopunny-dudunsparce
3,298,p1,1888,raging-bolt-ogerpon,0998,alakazam-dudunsparce
3,299,p2,1959,n-zoroark,0769,clefairy-ogerpon
3,300,p2,1372,starmie-froslass,1387,dragapult-dudunsparce
3,301,p1,1788,dragapult-ex,1250,festival-lead
3,302,p1,0687,dragapult-dudunsparce,1978,raging-bolt-ogerpon
3,303,p1,0503,raging-bolt-ogerpon,0742,ethan-typhlosion
3,304,p2,1327,lopunny-dudunsparce,0792,basic-box-m
3,305,p1,1238,dragapult-dudunsparce,0141,dragapult-ex
3,306,p1,1225,cynthia-garchomp-ex,1480,dragapult-dusknoir
3,307,p1,0176,raging-bolt-ogerpon,0103,festival-lead
3,308,p1,1833,lopunny-dudunsparce,2028,dragapult-ex
3,309,p1,0128,raging-bolt-ogerpon,1194,dragapult-dusknoir
3,310,tie,1277,dragapult-ex,0117,okidogi-barbaracle
3,311,tie,0119,slowking-scr,1320,cynthia-garchomp-ex
3,312,tie,0411,dragapult-dusknoir,0280,dragapult-ex
3,313,p2,0212,mega-lucario-ex,2007,dragapult-ex
3,314,tie,1458,grimmsnarl-froslass,0206,dragapult-ex
3,315,p1,1474,lucario-hariyama,1347,ogerpon-meganium-arboliva
3,316,p1,1253,dragapult-ex,1344,lopunny-dudunsparce
3,317,p1,0963,dragapult-blaziken,1860,ursaluna-lunatone
3,318,tie,0946,dragapult-dudunsparce,0138,n-zoroark
3,319,p2,1027,festival-lead,1608,dragapult-ex
3,320,tie,0391,alakazam-dudunsparce,0547,dragapult-dudunsparce
3,321,tie,0802,ogerpon-meganium-hydrapple,1679,dragapult-dudunsparce
3,322,p2,1857,dragapult-dusknoir,1729,rocket-mewtwo-ex
3,323,p1,0071,n-zoroark,1337,starmie-froslass
3,324,p2,0996,raging-bolt-ogerpon,0344,lopunny-dudunsparce
3,325,p1,1535,ogerpon-meganium-hydrapple,0883,lopunny-dudunsparce
3,326,tie,0296,lopunny-dudunsparce,1199,rockets-honchkrow
3,327,p1,1509,cynthia-garchomp-ex,1004,rockets-honchkrow
3,328,p1,0364,festival-lead,1542,mega-lucario-ex
3,329,p2,1612,rocket-mewtwo-ex,0210,dragapult-ex
3,330,p1,0146,dragapult-dusknoir,1391,alakazam-dudunsparce
3,331,tie,0281,raging-bolt-ogerpon,0733,dragapult-ex
3,332,p2,1638,dragapult-ex,0317,dragapult-ex
3,333,p1,1991,dragapult-dusknoir,0480,archaludon-ex
3,334,p1,1023,dragapult-dudunsparce,1067,lopunny-dudunsparce
3,335,p2,1677,starmie-dusknoir,1972,n-zoroark
3,336,p2,2102,starmie-froslass,1975,cynthia-garchomp-ex
3,337,p2,0744,grimmsnarl-froslass,0062,dragapult-dudunsparce
3,338,p2,0467,festival-lead,1383,alakazam-dudunsparce
3,339,p1,1104,raging-bolt-ogerpon,0012,dragapult-dusknoir
3,340,tie,2089,basic-box-m,1359,rockets-honchkrow
3,341,p1,0064,lopunny-dudunsparce,1402,dragapult-dusknoir
3,342,p2,2117,cynthia-garchomp-ex,0223,festival-lead
3,343,tie,0222,dragapult-ex,1122,lopunny-dudunsparce
3,344,p2,1552,starmie-froslass,1660,dragapult-ex
3,345,p2,1148,festival-lead,1118,dragapult-blaziken
3,346,p1,1754,dragapult-dusknoir,2013,mega-lucario-ex
3,347,p1,0675,dragapult-ex,1169,starmie-froslass
3,348,p1,0992,greninja-ex,0514,rockets-honchkrow
3,349,p2,1086,ogerpon-meganium-hydrapple,0866,ogerpon-meganium-arboliva
3,350,tie,1152,lucario-hariyama,1354,dragapult-ex
3,351,p2,1485,rocket-mewtwo-ex,1192,starmie-froslass
3,352,p1,0444,lucario-hariyama,0773,dragapult-ex
3,353,p1,2031,dragapult-dudunsparce,0330,slowking-scr
3,354,p1,0857,lopunny-dudunsparce,0952,hops-trevenant
3,355,p1,1112,rockets-honchkrow,1165,festival-lead
3,356,p1,0766,starmie-dusknoir,1366,lucario-hariyama
3,357,p2,1848,raging-bolt-ogerpon,0885,dragapult-dudunsparce
3,358,tie,0394,basic-box-m,1157,lopunny-dudunsparce
3,359,p1,1537,festival-lead,0533,hops-trevenant
3,360,p1,1592,starmie-froslass,1955,cynthia-garchomp-ex
3,361,p2,0622,rocket-mewtwo-ex,0500,raging-bolt-ogerpon
3,362,p2,2026,starmie-dusknoir,0199,dragapult-ex
3,363,p1,0563,mega-lucario-ex,1547,cynthia-garchomp-ex
3,364,p2,1602,ogerpon-meganium-arboliva,0979,raging-bolt-ogerpon
3,365,p1,0349,ogerpon-meganium-arboliva,0405,dragapult-blaziken
3,366,p2,0077,cynthia-garchomp-ex,0298,dragapult-ex
3,367,p1,0310,n-zoroark,0762,dragapult-blaziken
3,368,p1,0686,basic-box-m,0755,dragapult-dudunsparce
3,369,p1,1483,rocket-mewtwo-ex,1052,festival-lead
3,370,p2,1567,dragapult-ex,0589,basic-box-m
3,371,p1,0166,lopunny-dudunsparce,1020,dragapult-dudunsparce
3,372,p2,1209,dragapult-blaziken,0644,raging-bolt-ogerpon
3,373,p1,0475,dragapult-dudunsparce,1558,clefairy-ogerpon
3,374,p1,1463,dragapult-dusknoir,0198,dragapult-dudunsparce
3,375,p2,0825,dragapult-dudunsparce,1933,lucario-hariyama
3,376,p2,1957,grimmsnarl-froslass,0804,lopunny-dudunsparce
3,377,p2,1109,flareon-noctowl,1131,raging-bolt-ogerpon
3,378,p1,0232,ogerpon-meganium-hydrapple,1988,rocket-mewtwo-ex
3,379,p1,0290,alakazam-dudunsparce,0380,greninja-ex
3,380,p2,0707,mega-lucario-ex,1798,festival-lead
3,381,tie,1894,ogerpon-meganium-hydrapple,1571,toxtricity-box
3,382,p1,0366,dragapult-ex,0322,festival-lead
3,383,tie,1139,cynthia-garchomp-ex,0132,dragapult-ex
3,384,p2,0245,grimmsnarl-froslass,0781,dragapult-blaziken
3,385,p1,1477,rockets-honchkrow,0445,dragapult-dusknoir
3,386,p2,1701,dragapult-dudunsparce,0147,lopunny-dudunsparce
3,387,p1,0912,dragapult-dusknoir,0328,mega-venusaur-ex
3,388,p1,1624,dragapult-blaziken,1815,rocket-mewtwo-ex
3,389,p2,1098,cynthia-garchomp-ex,1230,starmie-dusknoir
3,390,p1,1431,dragapult-dusknoir,1648,okidogi-barbaracle
3,391,p1,0864,dragapult-ex,0817,dragapult-blaziken
3,392,p1,0397,lopunny-dudunsparce,0605,rockets-honchkrow
3,393,p2,1570,n-zoroark,1031,dragapult-dusknoir
3,394,p1,0538,dragapult-ex,1758,alakazam-dudunsparce
3,395,tie,1613,dragapult-dusknoir,1983,dragapult-dudunsparce
3,396,p2,1404,n-zoroark,1890,raging-bolt-ogerpon
3,397,p1,1675,ogerpon-meganium-arboliva,0938,n-zoroark
3,398,p2,0698,rocket-mewtwo-ex,0185,ogerpon-meganium-hydrapple
3,399,p2,0696,cynthia-garchomp-ex,2134,raging-bolt-ogerpon
3,400,p1,1771,raging-bolt-ogerpon,0799,dragapult-ex
3,401,p1,1502,rockets-honchkrow,0065,cynthia-garchomp-ex
3,402,tie,0714,dragapult-dudunsparce,1508,rockets-honchkrow
3,403,p1,0619,lopunny-dudunsparce,0971,dragapult-ex
3,404,p2,1590,ogerpon-meganium-arboliva,1204,festival-lead
3,405,p2,0429,dragapult-dusknoir,2091,ogerpon-meganium-arboliva
3,406,p2,1819,n-zoroark,2050,raging-bolt-ogerpon
3,407,p1,1144,dragapult-blaziken,0303,rocket-mewtwo-ex
3,408,p2,0458,ogerpon-meganium-arboliva,1822,festival-lead
3,409,p2,2039,dragapult-dudunsparce,0252,raging-bolt-ogerpon
3,410,p2,1308,alakazam-dudunsparce,0528,rocket-spidops
3,411,tie,0669,lopunny-dudunsparce,0561,rocket-mewtwo-ex
3,412,p1,1664,clefairy-ogerpon,1089,ogerpon-meganium-arboliva
3,413,tie,2023,dragapult-blaziken,2131,raging-bolt-ogerpon
3,414,p1,0153,lopunny-dudunsparce,1932,rocket-mewtwo-ex
3,415,p2,1241,basic-box-m,2121,mega-lucario-ex
3,416,p2,1377,cynthia-garchomp-ex,0302,dragapult-dusknoir
3,417,p2,1886,ogerpon-meganium-hydrapple,1963,alakazam-dudunsparce
3,418,p1,0614,n-zoroark,0518,archaludon-dudunsparce
3,419,tie,0874,dragapult-ex,1265,alakazam-dudunsparce
3,420,tie,2100,dragapult-dusknoir,0910,alakazam-dudunsparce
3,421,p1,0408,rocket-mewtwo-ex,0124,dragapult-dudunsparce
3,422,tie,1577,mega-lucario-ex,0717,lucario-hariyama
3,423,tie,1268,raging-bolt-ogerpon,1012,starmie-froslass
3,424,p1,2097,raging-bolt-ogerpon,1417,dragapult-ex
3,425,p2,1643,starmie-froslass,0155,dragapult-dusknoir
3,426,p1,1296,dragapult-ex,0593,raging-bolt-ogerpon
3,427,p1,1184,ogerpon-meganium-arboliva,0657,rocket-mewtwo-ex
3,428,p2,0125,slowking-scr,0497,dragapult-dudunsparce
3,429,p1,1940,ogerpon-meganium-hydrapple,2004,raging-bolt-ogerpon
3,430,tie,1376,dragapult-ex,0485,alakazam-dudunsparce
3,431,p2,0045,dragapult-dudunsparce,1370,dragapult-dusknoir
3,432,p1,1259,dragapult-dusknoir,1897,dragapult-ex
3,433,p2,0948,lopunny-dudunsparce,1438,festival-lead
3,434,p2,2109,dragapult-dudunsparce,0183,dragapult-ex
3,435,p1,2042,cynthia-garchomp-ex,0372,lopunny-dudunsparce
3,436,p1,0764,dragapult-dudunsparce,1364,dragapult-dudunsparce
3,437,tie,1691,alakazam-dudunsparce,0057,ogerpon-meganium-arboliva
3,438,tie,2135,starmie-froslass,1282,dragapult-dusknoir
3,439,p2,1048,raging-bolt-ogerpon,0684,dragapult-ex
3,440,p2,0354,mega-froslass-ex,0888,slowking-scr
3,441,p2,0623,raging-bolt-ogerpon,0311,rockets-honchkrow
3,442,p1,0402,dragapult-ex,0808,dragapult-blaziken
3,443,tie,1274,ogerpon-meganium-arboliva,1422,grimmsnarl-froslass
3,444,p1,0529,dragapult-dusknoir,0849,n-zoroark
3,445,p1,1646,alakazam-dudunsparce,2072,mega-absol-box
3,446,p2,1986,dragapult-dudunsparce,2065,n-zoroark
3,447,p2,1651,dragapult-dudunsparce,0052,ogerpon-meganium-hydrapple
3,448,p1,1190,raging-bolt-ogerpon,0233,rockets-honchkrow
3,449,p2,0814,alakazam-dudunsparce,1899,festival-lead
3,450,p1,0600,starmie-froslass,0376,dragapult-dusknoir
3,451,p2,1379,palafin-ex,0516,ogerpon-meganium-hydrapple
3,452,p1,1967,raging-bolt-ogerpon,1716,cynthia-garchomp-ex
3,453,p1,0821,mega-lucario-ex,0300,n-zoroark
3,454,p2,1248,alakazam-dudunsparce,0871,lopunny-dudunsparce
3,455,p2,0520,n-zoroark,1553,rockets-honchkrow
3,456,p1,2043,dragapult-ex,1400,starmie-dusknoir
3,457,p1,0501,dragapult-dudunsparce,1330,raging-bolt-ogerpon
3,458,p1,0122,raging-bolt-ogerpon,1280,lopunny-dudunsparce
3,459,p2,0680,alakazam-dudunsparce,0111,alakazam-dudunsparce
3,460,p1,0757,mega-froslass-ex,0962,dragapult-ex
3,461,p2,0615,dragapult-ex,1769,ogerpon-meganium-arboliva
3,462,p2,1619,starmie-froslass,2119,alakazam-dudunsparce
3,463,p2,0291,alakazam-dudunsparce,1453,ethan-typhlosion
3,464,tie,1549,dragapult-ex,0220,cynthia-garchomp-ex
3,465,p1,0751,okidogi-barbaracle,1795,raging-bolt-ogerpon
3,466,p1,0149,n-zoroark,0541,ogerpon-meganium
3,467,p2,0575,crustle-dri,1718,mega-lucario-ex
3,468,p2,1512,dragapult-ex,1185,cynthia-garchomp-ex
3,469,p2,0495,festival-lead,1793,?
3,470,p1,0693,festival-lead,1969,alakazam-dudunsparce
3,471,p2,0954,lopunny-dudunsparce,1796,ogerpon-meganium-hydrapple
3,472,p1,0985,rocket-mewtwo-ex,1293,cynthia-garchomp-ex
3,473,p2,0403,mega-lucario-ex,1792,cynthia-garchomp-ex
3,474,p2,0978,dragapult-ex,0373,cynthia-garchomp-ex
3,475,p1,0747,raging-bolt-ogerpon,1232,raging-bolt-ogerpon
3,476,p2,0269,slowking-scr,0150,dragapult-dusknoir
3,477,p1,1634,lopunny-dudunsparce,0257,basic-box-m
3,478,p1,0247,dragapult-blaziken,1990,dragapult-blaziken
3,479,p2,0085,dragapult-blaziken,1000,ceruledge-ex
3,480,p1,1451,dragapult-ex,0288,starmie-froslass
3,481,p1,1917,starmie-froslass,1286,rocket-mewtwo-ex
3,482,p2,1740,dragapult-ex,1352,grimmsnarl-froslass
3,483,p2,1038,lucario-hariyama,1579,dragapult-dudunsparce
3,484,p2,0668,rockets-honchkrow,1734,festival-lead
3,485,p2,1534,starmie-froslass,1449,lopunny-dudunsparce
3,486,p1,0004,mega-venusaur-ex,1789,tera-box
3,487,p1,0466,raging-bolt-ogerpon,0337,n-zoroark
3,488,p2,0084,dragapult-ex,1597,dragapult-dudunsparce
3,489,p1,0627,dragapult-dudunsparce,1582,dragapult-ex
3,490,p2,0772,alakazam-dudunsparce,1178,grimmsnarl-froslass
3,491,tie,0162,raging-bolt-ogerpon,0439,dragapult-ex
3,492,p1,1499,lucario-hariyama,1349,dragapult-dusknoir
3,493,tie,1689,ogerpon-meganium-hydrapple,2011,festival-lead
3,494,p2,0957,festival-lead,0512,ogerpon-meganium-hydrapple
3,495,tie,1802,starmie-froslass,0631,jellicent-dusknoir
3,496,p2,0484,dragapult-dusknoir,1865,n-zoroark
3,497,p1,1503,rockets-honchkrow,1953,yanmega-ex
3,498,p1,0194,dragapult-blaziken,1989,ogerpon-meganium-arboliva
3,499,p2,0859,dragapult-ex,0749,lopunny-dudunsparce
3,500,p1,0586,clefairy-ogerpon,1206,grimmsnarl-froslass
3,501,p2,2057,festival-lead,1864,n-zoroark
3,502,p2,1062,ogerpon-meganium-arboliva,1470,lopunny-dudunsparce
3,503,tie,2074,ogerpon-meganium-arboliva,0143,rockets-honchkrow
3,504,p1,1009,rockets-honchkrow,1461,dragapult-dusknoir
3,505,p1,0532,okidogi-barbaracle,1600,rockets-honchkrow
3,506,tie,0358,tera-box,0592,cynthia-garchomp-ex
3,507,p2,0338,dragapult-ex,0896,dragapult-dudunsparce
3,508,p2,0842,n-zoroark,1362,grimmsnarl-froslass
3,509,p2,1357,dragapult-dusknoir,0767,dragapult-dudunsparce
3,510,p2,1873,lucario-hariyama,1082,raging-bolt-ogerpon
3,511,p2,1440,cynthia-garchomp-ex,1043,rocket-mewtwo-ex
3,512,tie,0880,other,0835,dragapult-dudunsparce
3,513,p2,1748,dragapult-dudunsparce,0831,basic-box-m
3,514,p1,1869,crustle-dri,1777,dragapult-ex
3,515,p1,1790,rockets-honchkrow,0347,dragapult-dudunsparce
3,516,tie,1447,dragapult-dudunsparce,0535,dragapult-dusknoir
3,517,p2,1878,rocket-mewtwo-ex,0385,dragapult-ex
3,518,p1,0483,cynthia-garchomp-ex,1442,n-zoroark
3,519,p1,0531,n-zoroark,0640,dragapult-ex
3,520,p1,1875,alakazam-dudunsparce,2080,dragapult-ex
3,521,p2,1640,diancie-dusknoir,0462,starmie-froslass
3,522,p2,1961,dragapult-dusknoir,0424,archaludon-dudunsparce
3,523,p1,1340,sharpedo-toxtricity,0228,rocket-mewtwo-ex
3,524,p1,1358,festival-lead,0250,dragapult-dudunsparce
3,525,p2,0455,n-zoroark,0827,dragapult-dudunsparce
3,526,p1,1312,rocket-mewtwo-ex,0678,lopunny-dudunsparce
3,527,p1,1258,dragapult-dudunsparce,1830,azumarill-ssp
3,528,tie,0565,rockets-honchkrow,1129,starmie-froslass
3,529,p2,1533,n-zoroark,1497,dragapult-ex
3,530,p1,0545,dragapult-ex,1299,n-zoroark
3,531,p2,1123,okidogi-barbaracle,0523,lopunny-dudunsparce
3,532,p2,1954,dragapult-dudunsparce,2081,cynthia-garchomp-ex
3,533,tie,0571,dragapult-dudunsparce,0598,mega-absol-box
3,534,p2,1164,rockets-honchkrow,1725,raging-bolt-ogerpon
3,535,p2,0785,cynthia-garchomp-ex,0079,lucario-hariyama
3,536,p1,1490,mega-venusaur-ex,1355,ogerpon-meganium-hydrapple
3,537,p2,0174,dragapult-dudunsparce,0973,ethan-typhlosion
3,538,p1,2082,lopunny-dudunsparce,1255,dragapult-ex
3,539,p1,1755,dragapult-dusknoir,0332,dragapult-dudunsparce
3,540,p2,0603,okidogi-barbaracle,0890,dragapult-ex
3,541,tie,1223,ogerpon-meganium-arboliva,0846,rockets-honchkrow
3,542,p1,1030,festival-lead,1686,cynthia-garchomp-ex
3,543,p1,1707,lopunny-dudunsparce,1074,festival-lead
3,544,p1,0277,basic-box-m,1813,rocket-mewtwo-ex
3,545,p1,1428,cynthia-garchomp-ex,0999,rocket-mewtwo-ex
3,546,p2,1684,dragapult-blaziken,1904,other
3,547,p2,0811,starmie-froslass,0414,ogerpon-meganium-arboliva
3,548,p2,0655,lopunny-dudunsparce,1743,dragapult-blaziken
3,549,tie,0833,rocket-mewtwo-ex,1058,rockets-honchkrow
3,550,tie,0731,dragapult-dusknoir,0768,dragapult-ex
3,551,tie,0794,lopunny-dudunsparce,0034,dragapult-dudunsparce
3,552,p2,0195,n-zoroark,1186,dragapult-blaziken
3,553,p1,1405,dragapult-dudunsparce,0399,dragapult-dusknoir
3,554,tie,0905,lucario-hariyama,0218,lucario-hariyama
3,555,p2,1874,dragapult-ex,0654,rockets-honchkrow
3,556,p2,2104,lucario-hariyama,2078,alakazam-dudunsparce
3,557,p2,1018,dragapult-blaziken,1951,dragapult-blaziken
3,558,tie,1420,rocket-mewtwo-ex,1761,dragapult-ex
3,559,p1,1487,alakazam-dudunsparce,0474,cynthia-garchomp-ex
3,560,p2,0783,dragapult-dusknoir,1829,dragapult-ex
3,561,p1,0694,dragapult-ex,0525,lucario-hariyama
3,562,tie,0178,raging-bolt-ogerpon,0557,rocket-mewtwo-ex
3,563,p2,1882,dragapult-blaziken,2000,dragapult-dusknoir
3,564,p1,0526,festival-lead,0810,crustle-dri
3,565,p1,0740,sharpedo-toxtricity,1017,rockets-honchkrow
3,566,p1,1662,lucario-hariyama,0283,alakazam-dudunsparce
3,567,p1,0728,dragapult-ex,0019,lucario-hariyama
3,568,p2,0070,starmie-froslass,0750,basic-box-m
3,569,p2,0324,dragapult-blaziken,1325,dragapult-ex
3,570,p2,1511,mega-lucario-ex,1010,festival-lead
3,571,tie,1531,raging-bolt-ogerpon,0050,archaludon-dudunsparce
3,572,p1,0386,n-zoroark,0860,okidogi-barbaracle
3,573,tie,1751,dragapult-ex,0227,dragapult-ex
3,574,p2,0900,cynthia-garchomp-ex,1924,dragapult-ex
3,575,p1,0715,cynthia-garchomp-ex,1374,okidogi-twm
3,576,p2,0646,raging-bolt-ogerpon,0819,raging-bolt-ogerpon
3,577,p2,0442,lopunny-dudunsparce,2076,rocket-mewtwo-ex
3,578,tie,0203,alakazam-dudunsparce,1373,alakazam-dudunsparce
3,579,tie,1520,crustle-dri,0415,rocket-mewtwo-ex
3,580,tie,1823,alakazam-dudunsparce,0869,dragapult-dudunsparce
3,581,p2,1603,ogerpon-meganium-hydrapple,1981,okidogi-barbaracle
3,582,p1,0701,dragapult-ex,1526,cynthia-garchomp-ex
3,583,p2,1187,raging-bolt-ogerpon,1395,alakazam-dudunsparce
3,584,p2,0044,slowking-scr,1945,dragapult-blaziken
3,585,p1,0672,grimmsnarl-froslass,0982,okidogi-barbaracle
3,586,p1,1666,dragapult-dudunsparce,1717,hops-trevenant
3,587,p1,2018,dragapult-dudunsparce,0080,dragapult-blaziken
3,588,tie,1704,ogerpon-meganium-arboliva,0585,alakazam-dudunsparce
3,589,p2,1545,other,1784,raging-bolt-ogerpon
3,590,p1,1162,dragapult-ex,1745,raging-bolt-ogerpon
3,591,tie,0235,dragapult-blaziken,0633,dragapult-dudunsparce
3,592,p1,1562,rockets-honchkrow,0249,alakazam-dudunsparce
3,593,p1,0923,rocket-mewtwo-ex,1114,dragapult-dudunsparce
3,594,tie,1310,rocket-mewtwo-ex,1574,ogerpon-meganium-hydrapple
3,595,tie,1080,hops-trevenant,2069,clefairy-ogerpon
3,596,tie,1083,n-zoroark,1472,dragapult-ex
3,597,p1,1138,lopunny-dudunsparce,0173,ogerpon-meganium-arboliva
3,598,p1,0357,greninja-froslass,1923,dragapult-dusknoir
3,599,p1,0492,dragapult-dusknoir,0901,rocket-spidops
3,600,p1,0387,dragapult-dudunsparce,1658,dragapult-dusknoir
3,601,p1,0665,kangaskhan-bouffalant,1239,rocket-mewtwo-ex
3,602,p2,0976,lopunny-dudunsparce,1639,lopunny-dudunsparce
3,603,tie,1688,ogerpon-meganium-arboliva,0428,dragapult-dusknoir
3,604,p1,0216,cynthia-garchomp-ex,0805,dragapult-dusknoir
3,605,p1,1626,rocket-mewtwo-ex,1714,cynthia-garchomp-ex
3,606,tie,2047,lopunny-dudunsparce,0368,dragapult-ex
3,607,p2,0738,cynthia-garchomp-ex,0576,dragapult-blaziken
3,608,p2,0727,dragapult-blaziken,1540,grimmsnarl-froslass
3,609,p1,0580,dragapult-dudunsparce,1489,crustle-dri
3,610,p2,0431,festival-lead,1649,dragapult-ex
3,611,p1,1100,dragapult-dusknoir,1681,dragapult-ex
3,612,p1,0650,lopunny-dudunsparce,1215,rocket-mewtwo-ex
3,613,p2,0583,dragapult-blaziken,1753,raging-bolt-ogerpon
3,614,p1,1584,alakazam-dudunsparce,1160,other
3,615,p2,2045,rocket-mewtwo-ex,0926,dragapult-dusknoir
3,616,p2,0711,lopunny-dudunsparce,1226,lopunny-dudunsparce
3,617,p1,0282,dragapult-ex,0142,eelektrik-blk
3,618,p2,0916,dragapult-dusknoir,0713,dragapult-ex
3,619,p2,0309,rockets-honchkrow,0417,dragapult-dusknoir
3,620,p2,0381,rocket-mewtwo-ex,1544,grimmsnarl-froslass
3,621,p1,1172,raging-bolt-ogerpon,0392,ceruledge-ex
3,622,p1,0172,other,0425,dragapult-ex
3,623,p2,0875,crustle-dri,0263,alakazam-dudunsparce
3,624,p1,1846,dragapult-blaziken,1598,grimmsnarl-froslass
3,625,p1,1476,grimmsnarl-froslass,0187,starmie-froslass
3,626,p1,2052,dragapult-ex,2034,hydreigon-ex
3,627,p1,1915,dragapult-dusknoir,0217,okidogi-barbaracle
3,628,p2,2025,lucario-hariyama,0826,ogerpon-meganium-arboliva
3,629,p1,1630,hops-trevenant,0564,dragapult-dusknoir
3,630,p2,1941,lucario-hariyama,0204,raging-bolt-ogerpon
3,631,p2,1006,cynthia-garchomp-ex,1412,rocket-mewtwo-ex
3,632,p1,0635,festival-lead,0608,dragapult-blaziken
3,633,p2,1437,cynthia-garchomp-ex,1744,kangaskhan-bouffalant
3,634,p2,0876,rocket-mewtwo-ex,0997,ogerpon-meganium-hydrapple
3,635,p2,2085,cynthia-garchomp-ex,0779,dragapult-ex
3,636,p1,2105,dragapult-blaziken,1393,dragapult-blaziken
3,637,p2,0843,rocket-mewtwo-ex,2062,lopunny-dudunsparce
3,638,p1,0230,cynthia-garchomp-ex,1059,n-zoroark
3,639,p2,0447,dragapult-dudunsparce,1719,festival-lead
3,640,p1,0803,dragapult-blaziken,1356,ogerpon-meganium-arboliva
3,641,p1,1367,raging-bolt-ogerpon,0530,dragapult-dudunsparce
3,642,p2,1492,cynthia-garchomp-ex,1466,dragapult-ex
3,643,p1,1673,dragapult-blaziken,0339,n-zoroark
3,644,p2,0377,festival-lead,1543,lopunny-dudunsparce
3,645,p1,1002,lopunny-dudunsparce,0993,diancie-dusknoir
3,646,p1,1564,cynthia-garchomp-ex,1182,starmie-dusknoir
3,647,p2,0820,cynthia-garchomp-ex,1601,dragapult-dusknoir
3,648,p2,1518,lopunny-dudunsparce,1271,dragapult-dusknoir
3,649,tie,0780,cynthia-garchomp-ex,1022,ursaluna-lunatone
3,650,p1,0440,greninja-ex,2145,cynthia-garchomp-ex
3,651,tie,0682,ogerpon-meganium-hydrapple,0851,dragapult-ex
3,652,p2,1425,mega-charizard-x-ex,0333,basic-box-m
3,653,p2,0060,mega-lucario-ex,0306,alakazam-dudunsparce
3,654,p2,0790,dragapult-ex,1569,raging-bolt-ogerpon
3,655,p2,0534,dragapult-dudunsparce,1927,dragapult-dusknoir
3,656,p2,1580,ogerpon-meganium-arboliva,0171,dragapult-blaziken
3,657,p2,0663,raging-bolt-ogerpon,1861,alakazam-dudunsparce
3,658,p1,1221,clefairy-ogerpon,1105,ogerpon-meganium-hydrapple
3,659,p2,0983,dragapult-ex,0848,dragapult-dudunsparce
3,660,p1,2046,slowking-scr,1699,dragapult-ex
3,661,tie,1382,n-zoroark,1419,ursaluna-lunatone
3,662,p2,0456,ceruledge-ex,0824,dragapult-ex
3,663,p2,0367,mega-absol-box,1528,dragapult-dudunsparce
3,664,p2,1141,archaludon-ex,1093,okidogi-barbaracle
3,665,tie,0507,slowking-scr,0107,cynthia-garchomp-ex
3,666,tie,1243,lopunny-dudunsparce,1008,dragapult-dusknoir
3,667,p1,1521,dragapult-ex,2128,n-zoroark
3,668,tie,0867,ogerpon-meganium-hydrapple,1776,toxtricity-pfl
3,669,tie,0734,ogerpon-meganium-hydrapple,0489,dragapult-ex
3,670,p1,2036,raging-bolt-ogerpon,0136,ogerpon-meganium-hydrapple
3,671,p1,1306,n-zoroark,0689,slowking-scr
3,672,p2,0192,dragapult-blaziken,0421,starmie-dusknoir
3,673,p1,0059,alakazam-dudunsparce,1943,raging-bolt-ogerpon
3,674,p1,1015,raging-bolt-ogerpon,0878,dragapult-blaziken
3,675,p2,1011,basic-box-m,1197,basic-box-m
3,676,tie,1094,mega-venusaur-ex,1522,rocket-mewtwo-ex
3,677,p2,0882,other,0661,n-zoroark
3,678,p2,0970,n-zoroark,0536,festival-lead
3,679,p2,1550,ogerpon-meganium-arboliva,0023,dragapult-dusknoir
3,680,tie,1275,lopunny-dudunsparce,0406,archaludon-dudunsparce
3,681,p1,1883,dragapult-ex,2098,starmie-froslass
3,682,p1,1076,festival-lead,0909,starmie-froslass
3,683,p2,0617,alakazam-dudunsparce,1928,lopunny-dudunsparce
3,684,p2,1907,toxtricity-box,0118,cynthia-garchomp-ex
3,685,p2,2094,greninja-ex,0761,ogerpon-meganium-arboliva
3,686,tie,0550,dragapult-blaziken,1334,okidogi-barbaracle
3,687,p2,1247,starmie-dusknoir,1695,dragapult-ex
3,688,p1,1996,n-zoroark,1350,dragapult-dusknoir
3,689,p2,1353,grimmsnarl-froslass,0207,rocket-mewtwo-ex
3,690,p2,1486,cynthia-garchomp-ex,0949,cynthia-garchomp-ex
3,691,p2,0075,dragapult-ex,2139,dragapult-ex
3,692,p2,1317,starmie-froslass,0279,ogerpon-meganium-hydrapple
3,693,p1,1880,okidogi-barbaracle,1403,lucario-hariyama
3,694,p2,1515,dragapult-dusknoir,1618,starmie-froslass
3,695,p1,1832,festival-lead,1264,lucario-hariyama
3,696,tie,1627,raging-bolt-ogerpon,0861,dragapult-ex
3,697,p1,0718,lopunny-dudunsparce,1895,archaludon-ex
3,698,tie,0539,mega-dragonite-ex,1852,alakazam-dudunsparce
3,699,p2,0092,starmie-dusknoir,0602,raging-bolt-ogerpon
3,700,p1,0457,lopunny-dudunsparce,0356,crustle-dri
3,701,tie,1054,joltik-box,2037,mega-lucario-ex
3,702,p2,1934,lopunny-dudunsparce,1385,starmie-froslass
3,703,p2,1125,n-zoroark,1926,dragapult-dudunsparce
3,704,tie,1831,dragapult-dudunsparce,1120,alakazam-dudunsparce
3,705,p2,1900,mega-absol-box,0634,lopunny-dudunsparce
3,706,p2,1995,dragapult-dusknoir,0513,lopunny-dudunsparce
3,707,tie,0929,raging-bolt-ogerpon,1652,dragapult-blaziken
3,708,p2,1055,lucario-hariyama,0108,festival-lead
3,709,p1,1213,lopunny-dudunsparce,0239,starmie-froslass
3,710,p1,0702,n-zoroark,1191,lopunny-dusknoir
3,711,p1,0326,cynthia-garchomp-ex,0709,stevens-metagross
3,712,p2,1267,dragapult-dusknoir,1766,lopunny-dudunsparce
3,713,p2,0616,rockets-honchkrow,1049,alakazam-dudunsparce
3,714,p1,0776,alakazam-dudunsparce,0798,lucario-hariyama
3,715,tie,0732,kangaskhan-bouffalant,0352,greninja-ex
3,716,p2,1217,cynthia-garchomp-ex,1446,lucario-hariyama
3,717,p1,0618,raging-bolt-ogerpon,1629,dragapult-ex
3,718,p1,1166,n-zoroark,0423,dragapult-blaziken
3,719,p1,1692,starmie-froslass,0964,other
3,720,tie,0087,dragapult-blaziken,0072,dragapult-dudunsparce
3,721,p1,1906,mega-lucario-ex,1835,dragapult-ex
3,722,p2,0777,starmie-froslass,1568,dragapult-dudunsparce
3,723,p2,1042,dragapult-blaziken,0148,dragapult-dudunsparce
3,724,p2,1837,lucario-hariyama,1183,dragapult-dusknoir
3,725,p1,1539,slowking-scr,1690,hops-trevenant
3,726,p1,0255,ursaluna-lunatone,0308,cynthia-garchomp-ex
3,727,tie,0942,crustle-dri,0945,festival-lead
3,728,p2,1096,starmie-dusknoir,0017,raging-bolt-ogerpon
3,729,tie,0157,rocket-mewtwo-ex,0478,dragapult-dudunsparce
3,730,p1,0002,lopunny-dudunsparce,1525,dragapult-dusknoir
3,731,tie,1700,n-zoroark,0260,raging-bolt-ogerpon
3,732,tie,1322,n-zoroark,0918,ogerpon-meganium-arboliva
3,733,p2,0921,ogerpon-meganium-arboliva,0068,dragapult-ex
3,734,p1,0632,starmie-froslass,0161,mega-lucario-ex
3,735,p2,0577,n-zoroark,0836,raging-bolt-ogerpon
3,736,p2,0517,cynthia-garchomp-ex,0588,dragapult-dusknoir
3,737,p2,0201,dragapult-dusknoir,0537,slowking-scr
3,738,p1,1227,grimmsnarl-froslass,2130,lopunny-dudunsparce
3,739,p2,0721,dragapult-dusknoir,1806,raging-bolt-ogerpon
3,740,p2,0782,festival-lead,0659,raging-bolt-ogerpon
3,741,p1,0955,lucario-hariyama,1263,dragapult-dudunsparce
3,742,p1,1741,starmie-froslass,1994,dragapult-blaziken
3,743,p1,2088,dragapult-blaziken,1102,starmie-dusknoir
3,744,p2,0197,crustle-dri,1720,alakazam-dudunsparce
3,745,p1,1671,alakazam-dudunsparce,0505,basic-box-m
3,746,p2,2005,ethan-typhlosion,1709,dragapult-ex
3,747,p2,1441,dragapult-blaziken,1423,basic-box-m
3,748,p2,0651,lopunny-dudunsparce,2032,starmie-dusknoir
3,749,p1,0395,lucario-hariyama,1284,lopunny-dudunsparce
3,750,p1,1143,dragapult-dudunsparce,0685,n-zoroark
3,751,p2,0225,starmie-froslass,0758,lopunny-dudunsparce
3,752,tie,0524,hops-trevenant,1663,eelektrik-blk
3,753,p1,1938,ogerpon-meganium-arboliva,1839,dragapult-ex
3,754,p1,1218,starmie-froslass,1135,n-zoroark
3,755,p1,0401,lopunny-dudunsparce,1674,dragapult-dudunsparce
3,756,tie,0167,alakazam-dudunsparce,0641,cynthia-garchomp-ex
3,757,p1,0573,dragapult-dusknoir,0205,cynthia-garchomp-ex
3,758,tie,1236,clefairy-ogerpon,1723,dragapult-dudunsparce
3,759,p1,1202,other,0917,rocket-mewtwo-ex
3,760,p1,0648,dragapult-dudunsparce,1594,starmie-froslass
3,761,p2,1884,dragapult-ex,0551,dragapult-dudunsparce
3,762,p1,1266,basic-box-m,0237,lucario-hariyama
3,763,p2,0511,n-zoroark,1315,raging-bolt-ogerpon
3,764,p1,0502,dragapult-blaziken,2124,dragapult-blaziken
3,765,p1,0840,raging-bolt-ogerpon,0021,ogerpon-meganium
3,766,p2,1722,n-zoroark,1631,rocket-mewtwo-ex
3,767,p2,0345,dragapult-dusknoir,1407,starmie-froslass
3,768,tie,0123,alakazam-dudunsparce,2003,rocket-mewtwo-ex
3,769,p1,0626,dragapult-ex,2141,raging-bolt-ogerpon
3,770,p1,1642,rocket-mewtwo-ex,1304,dragapult-dudunsparce
3,771,p1,1287,alakazam-dudunsparce,1937,mega-froslass-ex
3,772,p1,0566,dragapult-blaziken,2092,mega-lucario-ex
3,773,p1,0242,festival-lead,0293,raging-bolt-ogerpon
3,774,p2,0129,raging-bolt-ogerpon,1851,okidogi-barbaracle
3,775,p2,0468,n-zoroark,0933,lucario-hariyama
3,776,tie,0839,ogerpon-meganium-hydrapple,1174,rocket-mewtwo-ex
3,777,tie,1111,starmie-froslass,0438,n-zoroark
3,778,p2,1142,yanmega-ex,0350,dragapult-dusknoir
3,779,p2,1974,ogerpon-meganium-hydrapple,2014,mega-lucario-ex
3,780,p1,2087,ogerpon-meganium-hydrapple,1091,starmie-dusknoir
3,781,p2,0795,stevens-metagross,0688,n-zoroark
3,782,p1,1578,starmie-froslass,0313,basic-box-m
3,783,tie,1244,dragapult-dusknoir,0287,crustle-dri
3,784,p2,0988,rocket-mewtwo-ex,1843,hops-trevenant
3,785,tie,0643,alakazam-dudunsparce,0334,dragapult-blaziken
3,786,p1,2090,n-zoroark,1964,festival-lead
3,787,p2,0637,dragapult-ex,1025,starmie-froslass
3,788,p2,1331,starmie-froslass,0653,lopunny-dudunsparce
3,789,p2,0340,other,1889,dragapult-dusknoir
3,790,p2,1736,basic-box-m,0286,dragapult-dusknoir
3,791,p2,0590,dragapult-dusknoir,1179,rocket-mewtwo-ex
3,792,p2,0922,dragapult-dudunsparce,1803,tera-box
3,793,p2,0862,alakazam-dudunsparce,0369,mega-absol-box
3,794,tie,0409,lopunny-dudunsparce,1556,grimmsnarl-froslass
3,795,p2,0726,stevens-metagross,2054,festival-lead
3,796,p2,1504,basic-box-m,1072,festival-lead
3,797,tie,1196,cynthia-garchomp-ex,1145,n-zoroark
3,798,p2,0674,cynthia-garchomp-ex,0471,crustle-dri
3,799,p1,0169,mega-lucario-ex,0907,dragapult-dusknoir
3,800,p1,0446,dragapult-dusknoir,0404,n-zoroark
3,801,p1,1966,n-zoroark,1885,starmie-froslass
3,802,p1,0477,rocket-mewtwo-ex,2015,ogerpon-meganium-hydrapple
3,803,p2,0774,ogerpon-meganium-arboliva,1452,tera-box
3,804,p1,1809,cynthia-garchomp-ex,0307,starmie-froslass
3,805,p1,1623,raging-bolt-ogerpon,1576,starmie-dusknoir
3,806,p1,1460,raging-bolt-ogerpon,0745,festival-lead
3,807,p1,0609,okidogi-barbaracle,1854,grimmsnarl-froslass
3,808,p2,1140,n-zoroark,2056,lopunny-dudunsparce
3,809,p2,1711,dragapult-ex,1668,greninja-ex
3,810,p1,0706,dragapult-dusknoir,1409,cynthia-garchomp-ex
3,811,p1,1855,lucario-hariyama,1444,festival-lead
3,812,p2,1764,festival-lead,0273,dragapult-dusknoir
3,813,p2,1992,dragapult-dusknoir,0956,lucario-hariyama
3,814,p1,1641,n-zoroark,0899,n-zoroark
3,815,p1,1128,alakazam-dudunsparce,1301,alakazam-dudunsparce
3,816,tie,0705,lucario-hariyama,0246,alakazam-dudunsparce
3,817,p2,1399,grimmsnarl-froslass,1332,lucario-hariyama
3,818,p1,0301,?,0416,alakazam-dudunsparce
3,819,p1,0925,lopunny-dudunsparce,2002,other
3,820,p1,0459,festival-lead,0625,rocket-mewtwo-ex
3,821,p2,1251,starmie-froslass,0170,dragapult-dudunsparce
3,822,p1,0383,festival-lead,1214,terapagos-noctowl
3,823,tie,1922,alakazam-dudunsparce,1386,ogerpon-meganium-hydrapple
3,824,p1,1887,dragapult-blaziken,0158,hydreigon-ex
3,825,p1,0581,n-zoroark,0699,dragapult-ex
3,826,p2,0224,lucario-hariyama,0341,raging-bolt-ogerpon
3,827,p1,0816,lucario-hariyama,0109,rocket-mewtwo-ex
3,828,p2,2038,starmie-froslass,1877,n-zoroark
3,829,tie,1896,dragapult-ex,0493,crustle-dri
3,830,p1,0818,slowking-scr,0760,cynthia-garchomp-ex
3,831,p1,1345,raging-bolt-ogerpon,0295,dragapult-ex
3,832,p2,0420,ogerpon-meganium,0558,ogerpon-meganium-hydrapple
3,833,p1,2063,rocket-mewtwo-ex,0554,slowking-scr
3,834,p1,0028,festival-lead,1944,raging-bolt-ogerpon
3,835,p2,0208,lopunny-dudunsparce,1593,festival-lead
3,836,p2,0691,lucario-hariyama,1028,dragapult-dudunsparce
3,837,p2,0549,alakazam-dudunsparce,0974,greninja-ex
3,838,p1,1056,hops-trevenant,0498,alakazam-dudunsparce
3,839,p2,1572,lopunny-dudunsparce,0180,ogerpon-meganium-arboliva
3,840,p2,1156,dragapult-ex,0568,raging-bolt-ogerpon
3,841,p2,1800,cynthia-garchomp-ex,1433,starmie-froslass
3,842,p2,1845,tera-box,1494,n-zoroark
3,843,tie,0434,raging-bolt-ogerpon,1680,alakazam-dudunsparce
3,844,p2,0359,rocket-mewtwo-ex,0612,starmie-froslass
3,845,p1,0660,ogerpon-meganium-hydrapple,1149,dragapult-dudunsparce
3,846,p1,1947,dragapult-ex,0931,lucario-hariyama
3,847,p2,1834,dragapult-ex,1496,raging-bolt-ogerpon
3,848,p2,0473,stevens-metagross,1473,sharpedo-toxtricity
3,849,p1,0984,starmie-dusknoir,1548,okidogi-barbaracle
3,850,p2,0941,dragapult-dusknoir,1088,n-zoroark
3,851,p1,0096,lopunny-dudunsparce,0327,crustle-dri
3,852,p1,1616,festival-lead,1351,festival-lead
3,853,tie,1661,lopunny-dudunsparce,0137,dragapult-dusknoir
3,854,p2,1416,rocket-mewtwo-ex,2101,okidogi-barbaracle
3,855,p1,0895,raging-bolt-ogerpon,2053,n-zoroark
3,856,p1,1799,cynthia-garchomp-ex,1768,dragapult-dusknoir
3,857,p1,2044,kangaskhan-bouffalant,0658,festival-lead
3,858,p1,1085,cynthia-garchomp-ex,1946,ogerpon-meganium-hydrapple
3,859,p2,1235,cynthia-garchomp-ex,0351,rocket-mewtwo-ex
3,860,tie,1175,lopunny-dudunsparce,0304,dragapult-dudunsparce
3,861,p1,2071,crustle-dri,1554,raging-bolt-ogerpon
3,862,p1,0991,festival-lead,1973,alakazam-dudunsparce
3,863,p2,0920,ceruledge-ex,2118,mega-lucario-ex
3,864,p1,0058,festival-lead,2127,dragapult-ex
3,865,p2,1786,lopunny-dudunsparce,0076,festival-lead
3,866,p1,2035,raging-bolt-ogerpon,1220,dragapult-ex
3,867,p1,0850,dragapult-ex,1465,flareon-noctowl
3,868,tie,0853,flareon-noctowl,2041,dragapult-dusknoir
3,869,tie,0353,yanmega-ex,1305,festival-lead
3,870,p2,1555,rocket-mewtwo-ex,0382,clefairy-ogerpon
3,871,p1,1216,lopunny-dudunsparce,2061,dragapult-dudunsparce
3,872,p2,0035,dragapult-dudunsparce,0159,raging-bolt-ogerpon
3,873,p2,2136,dragapult-dusknoir,0746,raging-bolt-ogerpon
3,874,p1,1132,dragapult-blaziken,2111,alakazam-dudunsparce
3,875,p1,0007,dragapult-dusknoir,0226,raging-bolt-ogerpon
3,876,p2,0130,ogerpon-meganium,0788,ogerpon-meganium-arboliva
3,877,p1,0240,cynthia-garchomp-ex,0582,dragapult-ex
3,878,p1,1471,starmie-froslass,2112,dragapult-blaziken
3,879,p2,2060,okidogi-barbaracle,0552,alakazam-dudunsparce
3,880,p2,1565,lucario-hariyama,0140,raging-bolt-ogerpon
3,881,tie,1081,raging-bolt-ogerpon,1321,clefairy-ogerpon
3,882,tie,0016,rockets-honchkrow,1632,dragapult-dusknoir
3,883,p2,0361,n-zoroark,0719,raging-bolt-ogerpon
3,884,p2,1307,ogerpon-meganium,1201,dragapult-dusknoir
3,885,tie,1606,dragapult-ex,1071,n-zoroark
3,886,p2,0426,starmie-dusknoir,1971,dragapult-dudunsparce
3,887,tie,0584,dragapult-ex,1302,alakazam-dudunsparce
3,888,p1,1180,ogerpon-meganium-hydrapple,0476,festival-lead
3,889,p1,0266,cynthia-garchomp-ex,2103,mega-lucario-ex
3,890,p2,0832,raging-bolt-ogerpon,1249,lopunny-dudunsparce
3,891,p2,1916,alakazam-dudunsparce,1410,decidueye-ex
3,892,p2,0567,clefairy-ogerpon,1879,alakazam-dudunsparce
3,893,p1,2067,mega-lucario-ex,1397,festival-lead
3,894,p2,1891,greninja-blaziken,1506,ogerpon-meganium-arboliva
3,895,p2,2070,crustle-dri,1468,dragapult-dudunsparce
3,896,p2,0089,dragapult-dudunsparce,0521,lopunny-dudunsparce
3,897,p2,0088,rocket-mewtwo-ex,0858,hops-trevenant
3,898,p2,1095,n-zoroark,0823,lopunny-dudunsparce
3,899,p2,1495,lucario-hariyama,0209,dragapult-dudunsparce
3,900,p2,1856,mega-camerupt-ex,1063,lopunny-dudunsparce
3,901,p2,1484,lopunny-dudunsparce,1505,mega-lucario-ex
3,902,p1,2150,ogerpon-meganium-arboliva,1381,starmie-froslass
3,903,p1,1007,clefairy-ogerpon,1121,flareon-noctowl
3,904,p1,0037,rocket-mewtwo-ex,0934,dragapult-ex
3,905,p2,1827,ogerpon-meganium-hydrapple,0490,ogerpon-meganium-arboliva
3,906,p1,0930,cynthia-garchomp-ex,0264,dragapult-ex
3,907,p1,0009,lucario-hariyama,1424,lopunny-dudunsparce
3,908,p2,0055,dragapult-ex,0164,raging-bolt-ogerpon
3,909,p1,0704,rocket-mewtwo-ex,1254,lucario-hariyama
3,910,p2,1841,dragapult-dusknoir,0710,diancie-dusknoir
3,911,p1,0953,rocket-mewtwo-ex,1842,n-zoroark
3,912,p2,1207,dragapult-dudunsparce,0562,dragapult-ex
3,913,tie,1527,dragapult-ex,1958,rockets-honchkrow
3,914,tie,0838,rocket-mewtwo-ex,1260,cynthia-garchomp-ex
3,915,p2,0972,starmie-froslass,1892,dragapult-ex
3,916,p2,0610,raging-bolt-ogerpon,1211,dragapult-blaziken
3,917,tie,0950,dragapult-dusknoir,1413,dragapult-ex
3,918,tie,0894,cynthia-garchomp-ex,0320,n-zoroark
3,919,p1,0182,festival-lead,1902,rockets-honchkrow
3,920,p2,0735,cynthia-garchomp-ex,0939,festival-lead
3,921,p2,1411,dragapult-dudunsparce,0904,raging-bolt-ogerpon
3,922,p1,0771,other,1035,festival-lead
3,923,p2,1656,rocket-mewtwo-ex,1013,lopunny-dudunsparce
3,924,p2,0913,lucario-hariyama,0061,rocket-mewtwo-ex
3,925,p1,0318,starmie-dusknoir,2059,other
3,926,p2,1694,cynthia-garchomp-ex,1763,diancie-dusknoir
3,927,p1,0638,ogerpon-meganium-arboliva,0720,rocket-mewtwo-ex
3,928,p1,0112,mega-abomasnow-ex,1925,lopunny-dudunsparce
3,929,p1,0202,n-zoroark,0042,lopunny-dudunsparce
3,930,tie,0190,n-zoroark,1151,dragapult-dudunsparce
3,931,p1,1467,raging-bolt-ogerpon,1281,starmie-dusknoir
3,932,p1,1682,alakazam-dudunsparce,1290,n-zoroark
3,933,p2,1727,dragapult-ex,0569,diancie-dusknoir
3,934,p2,1737,cynthia-garchomp-ex,1078,raging-bolt-ogerpon
3,935,p2,1587,starmie-dusknoir,1898,dragapult-blaziken
3,936,p2,0595,n-zoroark,0837,raging-bolt-ogerpon
3,937,p2,1147,ursaluna-lunatone,0319,rocket-mewtwo-ex
3,938,p2,0990,alakazam-dudunsparce,1767,festival-lead
3,939,p2,1154,lucario-hariyama,1705,alakazam-dudunsparce
3,940,p1,0647,raging-bolt-ogerpon,1176,lucario-hariyama
3,941,p2,1647,raging-bolt-ogerpon,1434,basic-box-m
3,942,p2,1050,ogerpon-meganium-arboliva,1068,ogerpon-meganium-hydrapple
3,943,p1,0676,n-zoroark,2010,starmie-froslass
3,944,p1,1901,raging-bolt-ogerpon,1999,lopunny-dudunsparce
3,945,p1,0261,ogerpon-meganium-arboliva,1524,dragapult-ex
3,946,p1,0943,greninja-ex,1921,rocket-mewtwo-ex
3,947,p1,1493,ogerpon-meganium-arboliva,0110,clefairy-ogerpon
3,948,tie,0852,ogerpon-meganium-arboliva,0325,raging-bolt-ogerpon
3,949,tie,1559,okidogi-barbaracle,0419,lucario-hariyama
3,950,p2,1051,okidogi-barbaracle,0830,dragapult-dusknoir
3,951,p2,0091,dragapult-dudunsparce,0151,raging-bolt-ogerpon
3,952,p2,1586,dragapult-blaziken,1615,cynthia-garchomp-ex
3,953,p2,0259,lopunny-dudunsparce,0515,slowking-scr
3,954,p1,1408,lucario-hariyama,1396,lucario-hariyama
3,955,p2,1323,festival-lead,0854,festival-lead
3,956,p2,1816,raging-bolt-ogerpon,0407,alakazam-dudunsparce
3,957,p2,0754,dragapult-ex,1935,festival-lead
3,958,p2,1840,festival-lead,1557,greninja-ex
3,959,p1,0607,other,1037,lucario-hariyama
3,960,p2,0152,dragapult-blaziken,1443,lopunny-dudunsparce
3,961,p1,2040,ogerpon-meganium-hydrapple,1394,rocket-mewtwo-ex
3,962,tie,0966,n-zoroark,1170,raging-bolt-ogerpon
3,963,p2,0464,alakazam-dudunsparce,1252,rocket-mewtwo-ex
3,964,p2,0067,n-zoroark,1069,raging-bolt-ogerpon
3,965,p2,2129,rocket-mewtwo-ex,1046,lopunny-dudunsparce
3,966,p2,1153,starmie-froslass,1730,n-zoroark
3,967,p2,0560,dragapult-dudunsparce,0268,flareon-noctowl
3,968,p2,2001,dragapult-ex,1532,?
3,969,p1,1811,rocket-mewtwo-ex,1920,cynthia-garchomp-ex
3,970,p2,1283,basic-box-m,1019,dragapult-froslass
3,971,p1,1785,greninja-ex,0396,dragapult-dusknoir
3,972,tie,1173,raging-bolt-ogerpon,1289,ogerpon-meganium-hydrapple
3,973,p2,1936,dragapult-dudunsparce,1075,cynthia-garchomp-ex
3,974,p2,0494,n-zoroark,2107,alakazam-dudunsparce
3,975,p2,2108,lopunny-dudunsparce,1693,ogerpon-meganium-arboliva
3,976,p1,2086,dragapult-dudunsparce,0360,cynthia-garchomp-ex
3,977,p2,1807,n-zoroark,2029,rocket-mewtwo-ex
3,978,p1,1005,clefairy-ogerpon,1039,cynthia-garchomp-ex
3,979,p2,1575,raging-bolt-ogerpon,1418,dragapult-ex
3,980,p2,0877,raging-bolt-ogerpon,1805,raging-bolt-ogerpon
3,981,p2,1193,ogerpon-meganium-hydrapple,0094,lopunny-dudunsparce
3,982,p1,0958,starmie-froslass,1341,dragapult-ex
3,983,p1,1029,rocket-mewtwo-ex,0879,alakazam-dudunsparce
3,984,p1,1205,dragapult-ex,0133,dragapult-blaziken
3,985,p2,1636,dragapult-dusknoir,0254,dragapult-dusknoir
3,986,p1,1756,dragapult-ex,1962,rockets-honchkrow
3,987,p1,1982,dragapult-ex,1779,rockets-honchkrow
3,988,p2,1513,greninja-ex,1866,crustle-dri
3,989,p2,1918,manectric-eelektrik,1034,flareon-noctowl
3,990,tie,1871,dragapult-dusknoir,1389,alakazam-dudunsparce
3,991,p2,2095,mega-lucario-ex,1825,dragapult-blaziken
3,992,tie,0729,lucario-hariyama,1342,rocket-mewtwo-ex
3,993,p1,0389,raging-bolt-ogerpon,0102,clefairy-ogerpon
3,994,p1,1261,n-zoroark,1814,starmie-froslass
3,995,tie,0806,ogerpon-meganium-arboliva,0555,ogerpon-meganium-hydrapple
3,996,p2,0667,festival-lead,1980,n-zoroark
3,997,tie,1604,grimmsnarl-froslass,0116,lopunny-dudunsparce
3,998,tie,0935,dragapult-dusknoir,0115,rockets-honchkrow
3,999,p1,0100,alakazam-dudunsparce,1514,ethan-typhlosion
3,1000,p2,1573,dragapult-dudunsparce,1909,dragapult-ex
3,1001,p2,0029,festival-lead,0510,alakazam-dudunsparce
3,1002,tie,0834,lopunny-dudunsparce,0101,dragapult-dusknoir
3,1003,p2,1439,dragapult-ex,1872,dragapult-dusknoir
3,1004,p1,1115,dragapult-dusknoir,0784,flareon-noctowl
3,1005,p2,0316,mega-venusaur-ex,0977,lopunny-dudunsparce
3,1006,tie,1654,alakazam-dudunsparce,0435,hops-trevenant
3,1007,p2,0730,dragapult-dusknoir,0723,alakazam-dudunsparce
3,1008,tie,1635,dragapult-blaziken,1033,rocket-mewtwo-ex
3,1009,p1,0114,mega-lucario-ex,0236,raging-bolt-ogerpon
3,1010,p2,0671,dragapult-dudunsparce,0248,rockets-honchkrow
3,1011,p2,0134,dragapult-blaziken,1538,cynthia-garchomp-ex
3,1012,p1,0763,cynthia-garchomp-ex,0544,lopunny-dudunsparce
3,1013,p1,2020,rockets-honchkrow,1818,rockets-honchkrow
3,1014,p1,1911,rockets-honchkrow,0548,clefairy-ogerpon
3,1015,p1,0873,dragapult-ex,0323,greninja-ex
3,1016,p1,0374,rockets-honchkrow,2058,stevens-metagross
3,1017,p2,1849,mega-absol-box,2021,?
3,1018,p1,0413,rockets-honchkrow,0509,raging-bolt-ogerpon
3,1019,p1,0253,alakazam-dudunsparce,0469,dragapult-ex
3,1020,p1,2093,okidogi-barbaracle,1997,cynthia-garchomp-ex
3,1021,p1,1708,dragapult-blaziken,1633,greninja-ex
3,1022,p1,1750,dragapult-blaziken,1581,festival-lead
3,1023,p2,1231,rocket-spidops,1712,decidueye-ex
3,1024,p2,2077,flareon-noctowl,0944,crustle-dri
3,1025,p1,2049,dragapult-dudunsparce,1285,slowking-scr
3,1026,p2,1288,crustle-dri,0613,dragapult-dudunsparce
3,1027,tie,0229,crustle-dri,1546,dragapult-ex
3,1028,tie,1167,starmie-froslass,1155,ogerpon-meganium
3,1029,p1,0437,crustle-dri,1905,alakazam-dudunsparce
3,1030,tie,1913,ursaluna-lunatone,1181,dragapult-dusknoir
3,1031,p2,2123,festival-lead,1733,archaludon-dudunsparce
3,1032,p1,1610,dragapult-blaziken,0855,mega-venusaur-ex
3,1033,p1,2099,dragapult-blaziken,0082,?
3,1034,tie,1133,ogerpon-meganium-arboliva,1979,lopunny-dudunsparce
3,1035,p2,0482,raging-bolt-ogerpon,1388,alakazam-dudunsparce
3,1036,tie,1427,dragapult-ex,2113,basic-box-m
3,1037,p2,1728,mega-froslass-ex,1390,ethan-typhlosion
3,1038,p1,1448,starmie-froslass,0267,hop-zacian
3,1039,p2,0213,lucario-hariyama,0967,dragapult-blaziken
3,1040,p1,0812,n-zoroark,0031,dragapult-ex
3,1041,p1,2116,grimmsnarl-froslass,0906,mega-feraligatr-ex
3,1042,p1,0284,rocket-mewtwo-ex,0681,raging-bolt-ogerpon
3,1043,p2,1014,ogerpon-meganium-arboliva,2122,ethan-typhlosion
3,1044,p2,1870,rocket-mewtwo-ex,0315,dragapult-dusknoir
3,1045,p1,1291,starmie-froslass,0809,other
3,1046,tie,0097,raging-bolt-ogerpon,0422,dragapult-ex
3,1047,p2,0040,dragapult-dusknoir,1621,dragapult-dusknoir
3,1048,p2,0074,rocket-mewtwo-ex,0470,dragapult-dusknoir
3,1049,p2,1346,n-zoroark,1952,raging-bolt-ogerpon
3,1050,tie,0936,crustle-dri,1739,cynthia-garchomp-ex
3,1051,p2,0959,dragapult-blaziken,0063,dragapult-ex
3,1052,p1,1914,ogerpon-meganium-hydrapple,1257,raging-bolt-ogerpon
3,1053,tie,1262,lucario-hariyama,1203,n-zoroark
3,1054,p1,0724,starmie-froslass,0506,slowking-scr
3,1055,p2,1047,raging-bolt-ogerpon,2016,dragapult-dusknoir
3,1056,p2,1240,sharpedo-toxtricity,0126,lopunny-dudunsparce
3,1057,p1,1561,rocket-mewtwo-ex,1041,starmie-dusknoir
3,1058,p1,0099,lucario-hariyama,1053,greninja-froslass
3,1059,p2,0594,dragapult-dusknoir,1529,dragapult-dudunsparce
3,1060,p2,1159,toxtricity-pfl,1669,lopunny-dudunsparce
3,1061,p2,0491,raging-bolt-ogerpon,1950,alakazam-dudunsparce
3,1062,p1,0645,raging-bolt-ogerpon,0927,greninja-ex
3,1063,p1,0378,cynthia-garchomp-ex,1585,starmie-froslass
3,1064,p1,0093,lopunny-dudunsparce,1136,hops-trevenant
3,1065,p1,1270,rocket-mewtwo-ex,0937,rockets-honchkrow
3,1066,p2,1401,festival-lead,1653,dragapult-blaziken
3,1067,p2,0801,starmie-froslass,0193,n-zoroark
3,1068,p2,1850,dragapult-blaziken,1478,cynthia-garchomp-ex
3,1069,p2,1607,dragapult-dusknoir,1368,dragapult-dusknoir
3,1070,p2,0481,grimmsnarl-froslass,0234,stevens-metagross
3,1071,p2,0679,dragapult-dusknoir,0104,mega-starmie-ex
3,1072,tie,0556,dragapult-blaziken,1747,toxtricity-box
3,1073,p1,0461,cynthia-garchomp-ex,1746,stevens-metagross
3,1074,p1,1774,rockets-honchkrow,1817,alakazam-dudunsparce
3,1075,p1,2073,rockets-honchkrow,0787,rocket-mewtwo-ex
3,1076,p1,1863,dragapult-dudunsparce,0054,dragapult-blaziken
3,1077,tie,1032,dragapult-blaziken,1044,festival-lead
3,1078,p1,0073,ogerpon-meganium-arboliva,1269,dragapult-blaziken
3,1079,p1,1116,mega-absol-box,1406,okidogi-barbaracle
3,1080,p2,0436,lopunny-dudunsparce,2115,clefairy-ogerpon
3,1081,p2,1134,flareon-noctowl,0951,rockets-honchkrow
3,1082,tie,1781,dragapult-dusknoir,0542,rockets-honchkrow
3,1083,p1,0098,dragapult-blaziken,1456,dragapult-ex
3,1084,p2,1998,lucario-hariyama,2055,mega-absol-box
3,1085,p2,0196,rocket-mewtwo-ex,0881,toxtricity-box
3,1086,tie,1566,starmie-froslass,1168,lucario-hariyama
3,1087,p2,0066,lopunny-dudunsparce,1665,crustle-dri
3,1088,p2,1609,rocket-mewtwo-ex,1469,rocket-mewtwo-ex
3,1089,tie,0083,dragapult-dudunsparce,0656,okidogi-barbaracle
3,1090,p1,0570,n-zoroark,0865,starmie-froslass
3,1091,p1,1732,dragapult-dudunsparce,1757,zygarde-barbaracle
3,1092,p1,0940,lopunny-dudunsparce,1826,dragapult-blaziken
3,1093,p2,1985,n-zoroark,1731,alakazam-dudunsparce
3,1094,p1,1551,dragapult-dudunsparce,0390,dragapult-dusknoir
3,1095,p1,0572,grimmsnarl-froslass,0703,lucario-hariyama
3,1096,p2,0629,n-zoroark,0960,festival-lead
3,1097,p2,2066,dragapult-blaziken,1903,starmie-dusknoir
3,1098,p2,1430,rocket-mewtwo-ex,0543,dragapult-ex
3,1099,p1,1073,dragapult-ex,2012,starmie-froslass
3,1100,tie,0106,dragapult-dusknoir,2096,archaludon-dudunsparce
3,1101,tie,0578,dragapult-dudunsparce,1645,raging-bolt-ogerpon
3,1102,p2,1079,ethan-typhlosion,0928,lucario-hariyama
3,1103,p2,0388,lopunny-dudunsparce,1384,alakazam-dudunsparce
3,1104,p2,0856,mega-starmie-ex,1910,rockets-honchkrow
3,1105,p1,1092,festival-lead,0666,ogerpon-meganium-arboliva
3,1106,tie,1339,dragapult-ex,0741,n-zoroark
3,1107,p2,0168,slowking-scr,1782,lopunny-dudunsparce
3,1108,p1,1488,dragapult-dusknoir,0081,other
3,1109,p1,1459,rocket-mewtwo-ex,0892,toxtricity-box
3,1110,p1,1158,dragapult-dusknoir,1455,lopunny-dudunsparce
3,1111,p1,1510,cynthia-garchomp-ex,1670,lucario-hariyama
3,1112,p2,2138,dragapult-ex,1292,lopunny-dudunsparce
3,1113,p1,0828,festival-lead,1949,cynthia-garchomp-ex
3,1114,p2,1523,greninja-ex,2022,rocket-mewtwo-ex
3,1115,tie,1780,rocket-mewtwo-ex,0410,hops-trevenant
3,1116,tie,1912,dragapult-dudunsparce,0453,raging-bolt-ogerpon
3,1117,p1,0968,lucario-hariyama,2084,mega-abomasnow-ex
3,1118,p2,1124,other,0465,dragapult-blaziken
3,1119,p2,1599,mega-venusaur-ex,1762,lucario-hariyama
3,1120,tie,0841,lopunny-dudunsparce,2008,mega-venusaur-ex
3,1121,p1,1881,cynthia-garchomp-ex,1738,starmie-froslass
3,1122,tie,1752,cynthia-garchomp-ex,0961,archaludon-dudunsparce
3,1123,p2,1294,dragapult-ex,0628,dragapult-blaziken
3,1124,p1,1622,n-zoroark,2142,n-zoroark
3,1125,p1,0748,cynthia-garchomp-ex,0902,dragapult-dusknoir
3,1126,p1,0829,alakazam-dudunsparce,1530,blaziken-zoroark
3,1127,p1,0181,starmie-froslass,1021,dragapult-dudunsparce
3,1128,p2,1314,dragapult-dusknoir,0886,raging-bolt-ogerpon
3,1129,p1,2019,mega-lucario-ex,0891,okidogi-barbaracle
3,1130,p2,0884,dragapult-dusknoir,1760,alakazam-dudunsparce
3,1131,p1,1703,rocket-mewtwo-ex,1475,alakazam-dudunsparce
3,1132,tie,0986,dragapult-dudunsparce,2114,n-zoroark
3,1133,p1,1336,dragapult-dusknoir,0604,starmie-dusknoir
3,1134,p1,0519,hops-trevenant,0105,crustle-dri
3,1135,p1,0965,dragapult-blaziken,1398,lucario-hariyama
3,1136,p2,0889,dragapult-blaziken,1853,crustle-dri
3,1137,p1,2017,raging-bolt-ogerpon,1773,grimmsnarl-froslass
3,1138,p1,1968,dragapult-ex,0258,rocket-mewtwo-ex
3,1139,p1,1536,dragapult-ex,0275,flareon-noctowl
3,1140,tie,1791,crustle-dri,0807,starmie-froslass
3,1141,tie,1563,n-zoroark,1491,okidogi-barbaracle
3,1142,p1,0739,n-zoroark,1672,mega-lucario-ex
3,1143,p1,1363,rockets-honchkrow,0145,diancie-dusknoir
3,1144,tie,0177,rocket-mewtwo-ex,2133,rocket-mewtwo-ex
3,1145,p2,0813,starmie-froslass,0606,n-zoroark
3,1146,p2,0244,hops-trevenant,1309,basic-box-m
3,1147,p2,0527,diancie-dusknoir,1844,dragapult-dudunsparce
3,1148,tie,1836,grimmsnarl-froslass,1919,cynthia-garchomp-ex
3,1149,p2,0599,n-zoroark,0793,raging-bolt-ogerpon
3,1150,p1,1212,alakazam-dudunsparce,0652,ogerpon-meganium
3,1151,p1,1057,clefairy-ogerpon,1893,n-zoroark
3,1152,p2,1210,lopunny-dudunsparce,0370,slowking-scr
3,1153,p1,0800,stevens-metagross,0649,other
3,1154,p2,0700,other,0778,ogerpon-meganium-hydrapple
3,1155,p1,1797,grimmsnarl-froslass,1517,rocket-mewtwo-ex
3,1156,p1,1611,archaludon-dudunsparce,0449,grimmsnarl-froslass
3,1157,p2,0299,rocket-mewtwo-ex,1371,raging-bolt-ogerpon
3,1158,p2,1026,ogerpon-meganium-arboliva,0221,dragapult-blaziken
3,1159,p1,0179,rocket-mewtwo-ex,1479,cynthia-garchomp-ex
3,1160,p1,0256,dragapult-dusknoir,0708,alakazam-dudunsparce
3,1161,p2,1939,dragapult-dusknoir,0887,ogerpon-meganium-arboliva
3,1162,p1,1200,starmie-froslass,0430,starmie-dusknoir
3,1163,p1,1588,dragapult-dudunsparce,1706,mega-venusaur-ex
3,1164,p1,2132,lucario-hariyama,0995,dragapult-dusknoir
3,1165,tie,2137,lopunny-dudunsparce,0432,rocket-mewtwo-ex
3,1166,tie,2144,cynthia-garchomp-ex,0448,n-zoroark
3,1167,p2,1859,dragapult-ex,1276,dragapult-ex
3,1168,p2,1637,doublade-por,1117,raging-bolt-ogerpon
3,1169,tie,1219,other,0597,crustle-dri
3,1170,p2,0872,lopunny-dusknoir,0400,lucario-hariyama
3,1171,p2,1726,dragapult-dudunsparce,0297,dragapult-ex
3,1172,p1,1812,alakazam-dudunsparce,0587,ogerpon-meganium
3,1173,tie,0443,decidueye-ex,1338,cynthia-garchomp-ex
3,1174,p1,1778,festival-lead,1820,mega-venusaur-ex
3,1175,p1,1137,rocket-mewtwo-ex,1237,flareon-noctowl
3,1176,p2,1278,ogerpon-meganium,1150,starmie-dusknoir
3,1177,p1,1678,flareon-noctowl,0611,dragapult-dusknoir
3,1178,p1,0496,cynthia-garchomp-ex,0025,other
3,1179,p1,1876,flareon-noctowl,2079,rocket-mewtwo-ex
3,1180,p2,0947,other,1311,starmie-froslass
3,1181,tie,0796,hops-trevenant,1024,ursaluna-lunatone
3,1182,p2,0452,rocket-mewtwo-ex,2126,dragapult-dudunsparce
3,1183,p2,1171,ogerpon-meganium-hydrapple,1655,alakazam-dudunsparce
3,1184,p2,1644,lopunny-dudunsparce,2120,starmie-dusknoir
3,1185,p2,1090,rocket-mewtwo-ex,1589,dragapult-ex
3,1186,p1,2110,lopunny-dudunsparce,0924,raging-bolt-ogerpon
3,1187,p1,1110,rocket-mewtwo-ex,0670,lucario-hariyama
3,1188,p1,1273,basic-box-m,1464,blaziken-ex-jtg
3,1189,p2,0331,iono-bellibolt,1931,alakazam-dudunsparce
3,1190,p2,0069,dragapult-dudunsparce,0184,rocket-mewtwo-ex
3,1191,p2,1687,cynthia-garchomp-ex,1228,slowking-scr
3,1192,p2,1436,grimmsnarl-froslass,0911,dragonite-eelektrik
3,1193,p2,0219,clefairy-ogerpon,0980,dragapult-dusknoir
3,1194,tie,1130,rockets-honchkrow,1804,lopunny-dudunsparce
3,1195,tie,1821,cynthia-garchomp-ex,0251,cynthia-garchomp-ex
3,1196,tie,1316,jellicent-dusknoir,1501,blaziken-ex-jtg
3,1197,p1,0712,dragapult-ex,0348,mega-feraligatr-ex
3,1198,p1,0915,lopunny-dudunsparce,0305,dragapult-dudunsparce
3,1199,p2,1956,rockets-honchkrow,0215,n-zoroark
3,1200,p1,1161,starmie-froslass,0285,lucario-hariyama
3,1201,p2,0673,rocket-mewtwo-ex,0898,festival-lead
3,1202,p1,1462,dragapult-dudunsparce,1721,lopunny-dudunsparce
3,1203,p2,0789,dragapult-dudunsparce,1300,starmie-dusknoir
3,1204,p1,1375,lopunny-dudunsparce,0047,mega-zygarde-ex
3,1205,p1,0553,rocket-mewtwo-ex,0847,dragapult-dusknoir
3,1206,p1,0384,cynthia-garchomp-ex,0329,dragapult-blaziken
3,1207,p1,0271,crustle-dri,1045,dragapult-ex
3,1208,tie,1108,dragapult-dudunsparce,1685,dragapult-blaziken
3,1209,p1,0756,starmie-froslass,2033,dragapult-dusknoir
3,1210,p1,1765,mega-charizard-x-ex,0499,lucario-hariyama
3,1211,p1,1189,ogerpon-meganium-hydrapple,0987,raging-bolt-ogerpon
3,1212,p1,0596,dragapult-ex,0427,rocket-mewtwo-ex
3,1213,p1,0479,starmie-froslass,1583,archaludon-dudunsparce
3,1214,p2,1392,lucario-hariyama,0822,mega-venusaur-ex
3,1215,p2,1097,lopunny-dudunsparce,0135,manectric-eelektrik
3,1216,p1,1450,dragapult-dudunsparce,1775,raging-bolt-ogerpon
3,1217,p2,0870,dragapult-blaziken,2146,ogerpon-meganium-hydrapple
3,1218,p1,1113,grimmsnarl-froslass,1824,n-zoroark
3,1219,p1,1862,n-zoroark,1060,dragapult-dusknoir
3,1220,p1,1620,dragapult-dusknoir,1126,lucario-hariyama
3,1221,p2,0156,dragapult-dusknoir,1329,dragapult-blaziken
3,1222,p2,1659,rocket-mewtwo-ex,1560,lopunny-dudunsparce
3,1223,p2,1303,ethan-typhlosion,1378,lucario-hariyama
3,1224,p2,1272,okidogi-barbaracle,1242,dragapult-dudunsparce
3,1225,p2,0770,dragapult-ex,1976,rockets-honchkrow
3,1226,p1,1650,dragapult-ex,0932,starmie-dusknoir
3,1227,tie,1667,lopunny-dudunsparce,1188,rocket-mewtwo-ex
3,1228,p1,1810,rocket-mewtwo-ex,1710,cynthia-garchomp-ex
3,1229,p1,0362,starmie-dusknoir,0131,flareon-noctowl
3,1230,p2,1772,lucario-hariyama,0868,raging-bolt-ogerpon
3,1231,p1,1208,stevens-metagross,0759,dragapult-dudunsparce
3,1232,p2,0677,alakazam-dudunsparce,0078,dragapult-ex
3,1233,p1,1001,alakazam-dudunsparce,2024,ogerpon-meganium-arboliva
3,1234,tie,0574,slowking-scr,0786,dragapult-blaziken
3,1235,p2,1683,lucario-hariyama,1713,diancie-dusknoir
3,1236,p1,0752,alakazam-dudunsparce,1970,ogerpon-meganium-hydrapple
3,1237,p2,0095,ethan-typhlosion,0559,cynthia-garchomp-ex
3,1238,p2,1432,dragapult-ex,0393,rocket-mewtwo-ex
3,1239,p2,0664,dragapult-ex,1103,stevens-metagross
3,1240,tie,0508,okidogi-barbaracle,0165,decidueye-ex
3,1241,p2,1948,starmie-froslass,2006,ogerpon-meganium-arboliva
3,1242,tie,1295,dragapult-blaziken,0695,toxtricity-box
3,1243,p1,0975,mega-venusaur-ex,1324,mega-starmie-ex
3,1244,tie,1119,raging-bolt-ogerpon,0231,dragapult-dudunsparce
3,1245,p1,0797,milotic-ex,0753,grimmsnarl-froslass
3,1246,p2,0238,festival-lead,0639,dragapult-ex
3,1247,p1,0262,other,2051,toxtricity-box
3,1248,p1,1084,dragapult-dusknoir,0013,n-zoroark
3,1249,p2,1360,hop-zacian,0601,flareon-noctowl
3,1250,p2,1702,n-zoroark,1808,other
3,1251,p2,1605,starmie-dusknoir,1942,alakazam-dudunsparce
3,1252,tie,1415,mega-venusaur-ex,1929,mega-absol-box
3,1253,p1,1500,crustle-dri,0211,raging-bolt-ogerpon
3,1254,p1,0994,ogerpon-meganium-hydrapple,0540,rockets-honchkrow
3,1255,p1,1591,raging-bolt-ogerpon,0144,cynthia-garchomp-ex
3,1256,p1,0737,dragapult-blaziken,1457,dragapult-ex
3,1257,tie,0270,dragapult-dudunsparce,2148,dragapult-dudunsparce
3,1258,p1,0487,n-zoroark,0486,mega-absol-box
3,1259,p2,0139,decidueye-ex,0908,dragapult-ex
3,1260,tie,1256,basic-box-m,1676,lucario-hariyama
3,1261,p2,0989,cynthia-garchomp-ex,0379,ogerpon-meganium-arboliva
3,1262,p1,0363,cynthia-garchomp-ex,1507,dragapult-ex
3,1263,p1,0441,other,1828,cynthia-garchomp-ex
3,1264,tie,1770,n-zoroark,0683,rockets-honchkrow
3,1265,p2,0342,starmie-froslass,1614,mega-starmie-ex
3,1266,p1,1838,ogerpon-meganium-hydrapple,0914,greninja-froslass
3,1267,p1,0398,cynthia-garchomp-ex,1698,flareon-noctowl
3,1268,tie,1628,kangaskhan-bouffalant,0621,dragapult-dudunsparce
3,1269,p2,1908,dragapult-ex,0893,dragapult-dusknoir
3,1270,p2,0591,azumarill-ssp,0189,dragapult-ex
3,1271,p2,0241,rocket-mewtwo-ex,0160,starmie-dusknoir
3,1272,p1,1696,dragapult-ex,0090,raging-bolt-ogerpon
3,1273,p2,1036,lopunny-dudunsparce,2149,alakazam-dudunsparce
3,1274,tie,2048,festival-lead,2147,rocket-porygon-z
3,1275,p2,0775,alakazam-dudunsparce,1787,dragapult-dusknoir
3,1276,p1,1177,cynthia-garchomp-ex,0743,other
3,1277,p1,0321,n-zoroark,0903,lopunny-dudunsparce
3,1278,p2,2106,lopunny-dudunsparce,1198,festival-lead
3,1279,p2,1657,rocket-mewtwo-ex,0336,other
3,1280,tie,1617,rocket-mewtwo-ex,0697,grimmsnarl-froslass
3,1281,p1,0371,festival-lead,1380,mega-abomasnow-ex
3,1282,p1,0579,dragapult-dudunsparce,1234,ogerpon-meganium-hydrapple
3,1283,p2,1801,rocket-mewtwo-ex,1361,starmie-dusknoir
3,1284,p1,0662,dragapult-dudunsparce,1326,starmie-froslass
3,1285,p2,1127,dragapult-dudunsparce,1099,dragapult-dudunsparce
3,1286,p2,0120,starmie-froslass,0504,dragapult-ex
3,1287,p1,0472,rocket-mewtwo-ex,1087,n-zoroark
3,1288,p2,0294,yanmega-ex,2009,cynthia-garchomp-ex
3,1289,p2,0154,ogerpon-meganium-arboliva,2075,dragapult-blaziken
3,1290,p1,0049,dragapult-dusknoir,1960,flareon-noctowl
3,1291,p2,2068,mega-venusaur-ex,0863,dragapult-dusknoir
3,1292,p1,1146,n-zoroark,1742,starmie-dusknoir
3,1293,tie,1106,doublade-por,0624,ogerpon-meganium
3,1294,p2,0620,mega-venusaur-ex,1333,froslass-munkidori
3,1295,p2,1163,n-zoroark,1328,crustle-dri
3,1296,p2,1987,n-zoroark,0289,festival-lead
3,1297,p2,0844,?,0690,lucario-hariyama
3,1298,p2,1965,dragapult-ex,1369,rocket-mewtwo-ex
3,1299,p2,1858,grimmsnarl-froslass,0278,raging-bolt-ogerpon
3,1300,p2,1481,dragapult-ex,0815,n-zoroark
3,1301,p2,0365,dragapult-ex,1783,?
3,1302,p1,0312,alakazam-dudunsparce,1298,slowking-scr
3,1303,p1,1224,dragapult-dusknoir,1365,starmie-dusknoir
3,1304,p2,1498,lopunny-dudunsparce,0412,doublade-por
3,1305,p1,1445,greninja-ex,1065,dragapult-ex
3,1306,p1,1977,dragapult-dudunsparce,0725,froslass-munkidori
3,1307,p2,1318,diancie-dusknoir,0200,mega-lopunny-ex
3,1308,p1,1519,dragapult-ex,1421,lopunny-dudunsparce
3,1309,p1,0292,rockets-honchkrow,1348,dragapult-dusknoir
3,1310,p2,0692,dragapult-dusknoir,1319,lopunny-dudunsparce
3,1311,p2,1061,raging-bolt-ogerpon,0460,festival-lead
3,1312,p2,0791,n-zoroark,1016,cynthia-garchomp-ex
3,1313,p1,0546,mega-venusaur-ex,2140,festival-lead
3,1314,p2,1064,lucario-hariyama,0981,basic-box-m
3,1315,tie,1868,dragapult-blaziken,1847,lopunny-dudunsparce
3,1316,tie,1595,cynthia-garchomp-ex,1195,dragapult-dudunsparce
3,,bye,0765,basic-box-m,,
4,251,p1,2105,dragapult-blaziken,0001,raging-bolt-ogerpon
4,252,p2,0006,dragapult-blaziken,1999,lopunny-dudunsparce
4,253,p1,0893,dragapult-dusknoir,0003,dragapult-dudunsparce
4,254,p1,0713,dragapult-ex,0005,festival-lead
4,255,p1,1845,tera-box,0008,n-zoroark
4,256,p1,1055,lucario-hariyama,0010,lopunny-dudunsparce
4,257,tie,1911,rockets-honchkrow,0011,dragapult-dudunsparce
4,258,p2,0014,lopunny-dudunsparce,2131,raging-bolt-ogerpon
4,259,p1,0474,cynthia-garchomp-ex,0015,other
4,260,p1,0595,n-zoroark,0018,starmie-dusknoir
4,261,tie,1458,grimmsnarl-froslass,0020,dragapult-ex
4,262,p2,0022,mega-abomasnow-ex,1024,ursaluna-lunatone
4,263,p1,0265,dragapult-dusknoir,0024,cynthia-garchomp-ex
4,264,p2,2134,raging-bolt-ogerpon,0026,ogerpon-meganium-hydrapple
4,265,p1,0027,dragapult-ex,0985,rocket-mewtwo-ex
4,266,p1,0030,alakazam-dudunsparce,1316,jellicent-dusknoir
4,267,p1,1967,raging-bolt-ogerpon,0032,starmie-froslass
4,268,p2,0601,flareon-noctowl,0033,lucario-hariyama
4,269,p1,1153,starmie-froslass,0036,flareon-noctowl
4,270,p2,0038,crustle-dri,1742,starmie-dusknoir
4,271,p2,0039,cynthia-garchomp-ex,1030,festival-lead
4,272,p1,0041,starmie-froslass,1462,dragapult-dudunsparce
4,273,p2,1096,starmie-dusknoir,0043,dragapult-dudunsparce
4,275,p1,0048,alakazam-dudunsparce,1798,festival-lead
4,276,p2,1697,festival-lead,0362,starmie-dusknoir
4,277,p1,0365,dragapult-ex,0127,raging-bolt-ogerpon
4,278,p1,0243,dragapult-blaziken,0053,alakazam-dudunsparce
4,279,p1,0056,raging-bolt-ogerpon,1138,lopunny-dudunsparce
4,280,tie,1322,n-zoroark,1233,dragapult-dusknoir
4,281,p1,1426,mega-abomasnow-ex,0906,mega-feraligatr-ex
4,282,p1,2092,mega-lucario-ex,1222,lopunny-dudunsparce
4,284,p1,0051,starmie-froslass,0858,hops-trevenant
4,285,tie,0398,cynthia-garchomp-ex,0175,ogerpon-meganium-arboliva
4,286,p2,1252,rocket-mewtwo-ex,0513,lopunny-dudunsparce
4,287,p2,1118,dragapult-blaziken,0686,basic-box-m
4,288,p1,0210,dragapult-ex,0563,mega-lucario-ex
4,289,p1,0675,dragapult-ex,1592,starmie-froslass
4,290,p1,0488,dragapult-ex,1553,rockets-honchkrow
4,291,p2,1230,starmie-dusknoir,1754,dragapult-dusknoir
4,292,tie,1184,ogerpon-meganium-arboliva,0302,dragapult-dusknoir
4,293,p2,1370,dragapult-dusknoir,1664,clefairy-ogerpon
4,294,p2,1382,n-zoroark,0086,lucario-hariyama
4,295,p1,0979,raging-bolt-ogerpon,1031,dragapult-dusknoir
4,296,p2,0764,dragapult-dudunsparce,0052,ogerpon-meganium-hydrapple
4,297,p2,1297,raging-bolt-ogerpon,0166,lopunny-dudunsparce
4,298,tie,0864,dragapult-ex,1867,lopunny-dudunsparce
4,299,p2,1596,festival-lead,0402,dragapult-ex
4,300,p2,1535,ogerpon-meganium-hydrapple,1483,rocket-mewtwo-ex
4,301,p2,2064,greninja-ex,0781,dragapult-blaziken
4,302,p1,0364,festival-lead,0344,lopunny-dudunsparce
4,303,p2,2065,n-zoroark,1972,n-zoroark
4,304,p1,0223,festival-lead,0122,raging-bolt-ogerpon
4,305,p2,0516,ogerpon-meganium-hydrapple,0146,dragapult-dusknoir
4,306,p1,1502,rockets-honchkrow,0644,raging-bolt-ogerpon
4,307,p2,0298,dragapult-ex,1729,rocket-mewtwo-ex
4,308,p2,1537,festival-lead,0199,dragapult-ex
4,309,p1,1204,festival-lead,1963,alakazam-dudunsparce
4,310,p2,0117,okidogi-barbaracle,0391,alakazam-dudunsparce
4,311,tie,1639,lopunny-dudunsparce,0119,slowking-scr
4,312,p1,1431,dragapult-dusknoir,1225,cynthia-garchomp-ex
4,313,p1,1259,dragapult-dusknoir,0290,alakazam-dudunsparce
4,314,p1,1238,dragapult-dudunsparce,1749,raging-bolt-ogerpon
4,315,p2,0804,lopunny-dudunsparce,2042,cynthia-garchomp-ex
4,316,p1,1890,raging-bolt-ogerpon,0766,starmie-dusknoir
4,317,p1,1296,dragapult-ex,1675,ogerpon-meganium-arboliva
4,318,p2,0600,starmie-froslass,0529,dragapult-dusknoir
4,319,p1,0064,lopunny-dudunsparce,0475,dragapult-dudunsparce
4,320,tie,1387,dragapult-dudunsparce,0912,dragapult-dusknoir
4,321,p1,0821,mega-lucario-ex,1463,dragapult-dusknoir
4,322,p1,1253,dragapult-ex,0185,ogerpon-meganium-hydrapple
4,323,p2,1933,lucario-hariyama,0176,raging-bolt-ogerpon
4,324,p1,1144,dragapult-blaziken,1070,alakazam-dudunsparce
4,325,tie,1769,ogerpon-meganium-arboliva,0503,raging-bolt-ogerpon
4,326,p1,1414,lopunny-dudunsparce,0757,mega-froslass-ex
4,327,p2,1899,festival-lead,0619,lopunny-dudunsparce
4,328,p2,0071,n-zoroark,1660,dragapult-ex
4,329,p2,0687,dragapult-dudunsparce,1624,dragapult-blaziken
4,330,p1,0684,dragapult-ex,0792,basic-box-m
4,331,p2,1833,lopunny-dudunsparce,0062,dragapult-dudunsparce
4,332,p1,1888,raging-bolt-ogerpon,0857,lopunny-dudunsparce
4,333,tie,0614,n-zoroark,0128,raging-bolt-ogerpon
4,334,p1,1383,alakazam-dudunsparce,0310,n-zoroark
4,335,tie,0317,dragapult-ex,0349,ogerpon-meganium-arboliva
4,336,p2,0888,slowking-scr,0963,dragapult-blaziken
4,337,p1,1477,rockets-honchkrow,0408,rocket-mewtwo-ex
4,338,p1,2119,alakazam-dudunsparce,2097,raging-bolt-ogerpon
4,339,tie,2091,ogerpon-meganium-arboliva,1192,starmie-froslass
4,340,p1,0311,rockets-honchkrow,0153,lopunny-dudunsparce
4,341,p2,1608,dragapult-ex,0397,lopunny-dudunsparce
4,342,p1,0232,ogerpon-meganium-hydrapple,1023,dragapult-dudunsparce
4,343,p2,0769,clefairy-ogerpon,0155,dragapult-dusknoir
4,344,p2,0589,basic-box-m,1509,cynthia-garchomp-ex
4,345,p1,0538,dragapult-ex,1991,dragapult-dusknoir
4,346,p2,0871,lopunny-dudunsparce,0252,raging-bolt-ogerpon
4,347,p1,0366,dragapult-ex,0528,rocket-spidops
4,348,p1,0630,basic-box-m,1822,festival-lead
4,349,p1,2043,dragapult-ex,0501,dragapult-dudunsparce
4,350,tie,1131,raging-bolt-ogerpon,1190,raging-bolt-ogerpon
4,351,p1,1112,rockets-honchkrow,1940,ogerpon-meganium-hydrapple
4,352,tie,0276,rockets-honchkrow,0500,raging-bolt-ogerpon
4,353,p1,1975,cynthia-garchomp-ex,0885,dragapult-dudunsparce
4,354,p2,0866,ogerpon-meganium-arboliva,1788,dragapult-ex
4,355,p2,0444,lucario-hariyama,1474,lucario-hariyama
4,356,p2,2031,dragapult-dudunsparce,2121,mega-lucario-ex
4,357,p1,0497,dragapult-dudunsparce,0183,dragapult-ex
4,358,p1,1646,alakazam-dudunsparce,2050,raging-bolt-ogerpon
4,359,p2,1438,festival-lead,0736,lopunny-dudunsparce
4,360,p1,1771,raging-bolt-ogerpon,0992,greninja-ex
4,361,p2,1104,raging-bolt-ogerpon,0111,alakazam-dudunsparce
4,362,p1,0147,lopunny-dudunsparce,2007,dragapult-ex
4,363,p2,1864,n-zoroark,1009,rockets-honchkrow
4,364,p2,0890,dragapult-ex,1894,ogerpon-meganium-hydrapple
4,365,p2,0492,dragapult-dusknoir,0357,greninja-froslass
4,366,p2,1451,dragapult-ex,0694,dragapult-ex
4,367,p1,1649,dragapult-ex,1571,toxtricity-box
4,368,p2,0910,alakazam-dudunsparce,1924,dragapult-ex
4,369,p2,0532,okidogi-barbaracle,1422,grimmsnarl-froslass
4,370,p2,0150,dragapult-dusknoir,1325,dragapult-ex
4,371,p2,0561,rocket-mewtwo-ex,1082,raging-bolt-ogerpon
4,372,p1,0280,dragapult-ex,1274,ogerpon-meganium-arboliva
4,373,p2,0414,ogerpon-meganium-arboliva,0586,clefairy-ogerpon
4,374,tie,0523,lopunny-dudunsparce,1268,raging-bolt-ogerpon
4,375,p2,1043,rocket-mewtwo-ex,0717,lucario-hariyama
4,376,p1,0802,ogerpon-meganium-hydrapple,1691,alakazam-dudunsparce
4,377,p2,1482,kangaskhan-bouffalant,1784,raging-bolt-ogerpon
4,378,p1,0923,rocket-mewtwo-ex,1000,ceruledge-ex
4,379,p1,1796,ogerpon-meganium-hydrapple,0138,n-zoroark
4,380,tie,0715,cynthia-garchomp-ex,1790,rockets-honchkrow
4,381,p2,1185,cynthia-garchomp-ex,1562,rockets-honchkrow
4,382,tie,0526,festival-lead,1869,crustle-dri
4,383,p2,1613,dragapult-dusknoir,1352,grimmsnarl-froslass
4,384,tie,1340,sharpedo-toxtricity,1634,lopunny-dudunsparce
4,385,p1,0149,n-zoroark,0545,dragapult-ex
4,386,p2,1540,grimmsnarl-froslass,1503,rockets-honchkrow
4,387,tie,0580,dragapult-dudunsparce,1258,dragapult-dudunsparce
4,388,p1,0650,lopunny-dudunsparce,1793,?
4,389,p1,1945,dragapult-blaziken,0424,archaludon-dudunsparce
4,390,p2,1679,dragapult-dudunsparce,0132,dragapult-ex
4,391,p2,1917,starmie-froslass,1012,starmie-froslass
4,392,p2,1577,mega-lucario-ex,0194,dragapult-blaziken
4,393,tie,0335,dragapult-ex,1470,lopunny-dudunsparce
4,394,p1,1875,alakazam-dudunsparce,0827,dragapult-dudunsparce
4,395,p2,0701,dragapult-ex,1139,cynthia-garchomp-ex
4,396,p2,0714,dragapult-dudunsparce,0206,dragapult-ex
4,397,p2,1666,dragapult-dudunsparce,1122,lopunny-dudunsparce
4,398,tie,1162,dragapult-ex,1010,festival-lead
4,399,tie,1359,rockets-honchkrow,1865,n-zoroark
4,400,p1,2082,lopunny-dudunsparce,0277,basic-box-m
4,401,p2,0512,ogerpon-meganium-hydrapple,1499,lucario-hariyama
4,402,p1,1186,dragapult-blaziken,0531,n-zoroark
4,403,tie,0740,sharpedo-toxtricity,1428,cynthia-garchomp-ex
4,404,p2,0485,alakazam-dudunsparce,1435,dragapult-ex
4,405,p1,0819,raging-bolt-ogerpon,2081,cynthia-garchomp-ex
4,406,p2,1707,lopunny-dudunsparce,1157,lopunny-dudunsparce
4,407,p1,1718,mega-lucario-ex,1066,dragapult-ex
4,408,p2,2135,starmie-froslass,2018,dragapult-dudunsparce
4,409,p1,0547,dragapult-dudunsparce,0672,grimmsnarl-froslass
4,410,p2,0079,lucario-hariyama,2078,alakazam-dudunsparce
4,411,p1,0222,dragapult-ex,0386,n-zoroark
4,412,p2,0767,dragapult-dudunsparce,1487,alakazam-dudunsparce
4,413,p2,1626,rocket-mewtwo-ex,0749,lopunny-dudunsparce
4,414,p2,0747,raging-bolt-ogerpon,0387,dragapult-dudunsparce
4,415,tie,0693,festival-lead,0874,dragapult-ex
4,416,p2,0831,basic-box-m,0483,cynthia-garchomp-ex
4,417,p2,1930,dragapult-ex,1358,festival-lead
4,418,p1,1792,cynthia-garchomp-ex,0281,raging-bolt-ogerpon
4,419,p1,0247,dragapult-blaziken,2089,basic-box-m
4,420,p2,1983,dragapult-dudunsparce,2076,rocket-mewtwo-ex
4,421,p2,1178,grimmsnarl-froslass,0733,dragapult-ex
4,422,tie,1199,rockets-honchkrow,1277,dragapult-ex
4,423,p2,0216,cynthia-garchomp-ex,1759,dragapult-ex
4,424,p2,1829,dragapult-ex,0750,basic-box-m
4,425,p1,0385,dragapult-ex,2000,dragapult-dusknoir
4,426,p1,2100,dragapult-dusknoir,1497,dragapult-ex
4,427,p2,1312,rocket-mewtwo-ex,0466,raging-bolt-ogerpon
4,428,p1,1453,ethan-typhlosion,1152,lucario-hariyama
4,429,p2,1951,dragapult-blaziken,0728,dragapult-ex
4,430,p2,0669,lopunny-dudunsparce,0373,cynthia-garchomp-ex
4,431,p1,0946,dragapult-dudunsparce,1245,alakazam-dudunsparce
4,432,p1,1100,dragapult-dusknoir,1320,cynthia-garchomp-ex
4,433,p2,1490,mega-venusaur-ex,0751,okidogi-barbaracle
4,434,p2,1579,dragapult-dudunsparce,1265,alakazam-dudunsparce
4,435,p2,0654,rockets-honchkrow,1282,dragapult-dusknoir
4,436,p2,0973,ethan-typhlosion,0627,dragapult-dudunsparce
4,437,p2,1743,dragapult-blaziken,1449,lopunny-dudunsparce
4,438,p1,0576,dragapult-blaziken,0394,basic-box-m
4,439,p2,0665,kangaskhan-bouffalant,0057,ogerpon-meganium-arboliva
4,440,p2,0411,dragapult-dusknoir,1405,dragapult-dudunsparce
4,441,p1,1904,other,1734,festival-lead
4,442,p2,0296,lopunny-dudunsparce,1755,dragapult-dusknoir
4,443,p1,0004,mega-venusaur-ex,1597,dragapult-dudunsparce
4,444,p2,1354,dragapult-ex,2023,dragapult-blaziken
4,445,p2,0462,starmie-froslass,1376,dragapult-ex
4,446,p1,1362,grimmsnarl-froslass,1981,okidogi-barbaracle
4,447,p1,1662,lucario-hariyama,1725,raging-bolt-ogerpon
4,448,p2,1508,rockets-honchkrow,0896,dragapult-dudunsparce
4,449,p2,1395,alakazam-dudunsparce,0704,rocket-mewtwo-ex
4,450,p1,0380,greninja-ex,1221,clefairy-ogerpon
4,451,p1,2107,alakazam-dudunsparce,0626,dragapult-ex
4,452,p1,0962,dragapult-ex,0268,flareon-noctowl
4,453,p1,1372,starmie-froslass,0266,cynthia-garchomp-ex
4,454,p2,0467,festival-lead,0634,lopunny-dudunsparce
4,455,p1,0429,dragapult-dusknoir,1020,dragapult-dudunsparce
4,456,p2,1506,ogerpon-meganium-arboliva,1226,lopunny-dudunsparce
4,457,p2,1799,cynthia-garchomp-ex,0451,ogerpon-meganium-arboliva
4,458,p2,1410,decidueye-ex,0803,dragapult-blaziken
4,459,p1,0002,lopunny-dudunsparce,0558,ogerpon-meganium-hydrapple
4,460,tie,1926,dragapult-dudunsparce,0622,rocket-mewtwo-ex
4,461,p1,1886,ogerpon-meganium-hydrapple,2118,mega-lucario-ex
4,462,tie,2039,dragapult-dudunsparce,0746,raging-bolt-ogerpon
4,463,p2,0818,slowking-scr,1569,raging-bolt-ogerpon
4,464,p1,1935,festival-lead,1367,raging-bolt-ogerpon
4,465,p1,0830,dragapult-dusknoir,0103,festival-lead
4,466,p2,0028,festival-lead,0354,mega-froslass-ex
4,467,p1,0291,alakazam-dudunsparce,1601,dragapult-dusknoir
4,468,p2,1040,cynthia-garchomp-ex,1543,lopunny-dudunsparce
4,469,p2,1641,n-zoroark,1932,rocket-mewtwo-ex
4,470,p2,1452,tera-box,1861,alakazam-dudunsparce
4,471,p2,0515,slowking-scr,0458,ogerpon-meganium-arboliva
4,472,p1,0702,n-zoroark,1855,lucario-hariyama
4,473,p1,0502,dragapult-blaziken,0209,dragapult-dudunsparce
4,474,p2,1402,dragapult-dusknoir,2117,cynthia-garchomp-ex
4,475,p2,0568,raging-bolt-ogerpon,1013,lopunny-dudunsparce
4,476,p2,1677,starmie-dusknoir,0837,raging-bolt-ogerpon
4,477,p1,1648,okidogi-barbaracle,0518,archaludon-dudunsparce
4,478,p1,0459,festival-lead,1612,rocket-mewtwo-ex
4,479,p1,1148,festival-lead,1741,starmie-froslass
4,480,p1,1417,dragapult-ex,1496,raging-bolt-ogerpon
4,481,p1,1971,dragapult-dudunsparce,0330,slowking-scr
4,482,p2,0521,lopunny-dudunsparce,0895,raging-bolt-ogerpon
4,483,p2,0680,alakazam-dudunsparce,0883,lopunny-dudunsparce
4,484,p2,1578,starmie-froslass,2040,ogerpon-meganium-hydrapple
4,485,tie,1473,sharpedo-toxtricity,1093,okidogi-barbaracle
4,486,p1,1643,starmie-froslass,1763,diancie-dusknoir
4,487,tie,1197,basic-box-m,0706,dragapult-dusknoir
4,488,tie,0761,ogerpon-meganium-arboliva,1860,ursaluna-lunatone
4,489,p1,0755,dragapult-dudunsparce,0588,dragapult-dusknoir
4,490,p1,1642,rocket-mewtwo-ex,0417,dragapult-dusknoir
4,491,p2,1337,starmie-froslass,1391,alakazam-dudunsparce
4,492,p1,1327,lopunny-dudunsparce,2139,dragapult-ex
4,493,p2,1915,dragapult-dusknoir,1630,hops-trevenant
4,494,p2,0698,rocket-mewtwo-ex,1280,lopunny-dudunsparce
4,495,p1,0533,hops-trevenant,0719,raging-bolt-ogerpon
4,496,p1,0065,cynthia-garchomp-ex,1213,lopunny-dudunsparce
4,497,p1,0207,rocket-mewtwo-ex,1638,dragapult-ex
4,498,p1,2044,kangaskhan-bouffalant,0245,grimmsnarl-froslass
4,499,tie,1651,dragapult-dudunsparce,1505,mega-lucario-ex
4,500,p1,1623,raging-bolt-ogerpon,0148,dragapult-dudunsparce
4,501,p2,2030,dragapult-ex,1089,ogerpon-meganium-arboliva
4,502,p1,0061,rocket-mewtwo-ex,0953,rocket-mewtwo-ex
4,503,p1,1086,ogerpon-meganium-hydrapple,1631,rocket-mewtwo-ex
4,504,p2,0383,festival-lead,0657,rocket-mewtwo-ex
4,505,p2,0520,n-zoroark,0996,raging-bolt-ogerpon
4,506,p2,1385,starmie-froslass,0445,dragapult-dusknoir
4,507,p1,1927,dragapult-dusknoir,1568,dragapult-dudunsparce
4,508,tie,1996,n-zoroark,2062,lopunny-dudunsparce
4,509,p1,1007,clefairy-ogerpon,1701,dragapult-dudunsparce
4,510,p2,1471,starmie-froslass,0171,dragapult-blaziken
4,511,p1,1069,raging-bolt-ogerpon,2036,raging-bolt-ogerpon
4,512,tie,1494,n-zoroark,0823,lopunny-dudunsparce
4,513,p1,1287,alakazam-dudunsparce,0573,dragapult-dusknoir
4,514,p2,1418,dragapult-ex,1673,dragapult-blaziken
4,515,tie,1433,starmie-froslass,0233,rockets-honchkrow
4,516,p1,0642,n-zoroark,0369,mega-absol-box
4,517,p1,1467,raging-bolt-ogerpon,0569,diancie-dusknoir
4,518,p2,1364,dragapult-dudunsparce,0710,diancie-dusknoir
4,519,tie,1682,alakazam-dudunsparce,1408,lucario-hariyama
4,520,p1,0058,festival-lead,0998,alakazam-dudunsparce
4,521,p1,0776,alakazam-dudunsparce,1805,raging-bolt-ogerpon
4,522,p2,1928,lopunny-dudunsparce,0463,ogerpon-meganium-arboliva
4,523,p2,2072,mega-absol-box,1468,dragapult-dudunsparce
4,524,tie,0351,rocket-mewtwo-ex,1877,n-zoroark
4,525,p1,0407,alakazam-dudunsparce,0125,slowking-scr
4,526,p2,1957,grimmsnarl-froslass,0440,greninja-ex
4,527,p2,0140,raging-bolt-ogerpon,0279,ogerpon-meganium-hydrapple
4,528,p1,0405,dragapult-blaziken,0742,ethan-typhlosion
4,529,p2,2004,raging-bolt-ogerpon,0635,festival-lead
4,530,p2,1767,festival-lead,1806,raging-bolt-ogerpon
4,531,p1,0514,rockets-honchkrow,1819,n-zoroark
4,532,p1,1705,alakazam-dudunsparce,0609,okidogi-barbaracle
4,533,p2,1567,dragapult-ex,0045,dragapult-dudunsparce
4,534,p2,0744,grimmsnarl-froslass,0318,starmie-dusknoir
4,535,tie,1019,dragapult-froslass,1557,greninja-ex
4,536,p1,0817,dragapult-blaziken,2063,rocket-mewtwo-ex
4,537,p2,0151,raging-bolt-ogerpon,0322,festival-lead
4,538,p2,0341,raging-bolt-ogerpon,1056,hops-trevenant
4,539,p2,1434,basic-box-m,0607,other
4,540,p2,1098,cynthia-garchomp-ex,0328,mega-venusaur-ex
4,541,p1,1493,ogerpon-meganium-arboliva,0350,dragapult-dusknoir
4,542,p2,1671,alakazam-dudunsparce,0401,lopunny-dudunsparce
4,543,p2,1172,raging-bolt-ogerpon,1480,dragapult-dusknoir
4,544,p1,2054,festival-lead,0376,dragapult-dusknoir
4,545,p2,1241,basic-box-m,0826,ogerpon-meganium-arboliva
4,546,p1,1109,flareon-noctowl,1570,n-zoroark
4,547,p1,0660,ogerpon-meganium-hydrapple,1075,cynthia-garchomp-ex
4,548,p1,1166,n-zoroark,0659,raging-bolt-ogerpon
4,549,p2,0612,starmie-froslass,0848,dragapult-dudunsparce
4,550,p1,0773,dragapult-ex,1901,raging-bolt-ogerpon
4,551,p1,1766,lopunny-dudunsparce,0814,alakazam-dudunsparce
4,552,tie,0023,dragapult-dusknoir,1027,festival-lead
4,553,tie,0997,ogerpon-meganium-hydrapple,0971,dragapult-ex
4,554,p2,1466,dragapult-ex,1898,dragapult-blaziken
4,555,p2,1843,hops-trevenant,0638,ogerpon-meganium-arboliva
4,556,p2,1938,ogerpon-meganium-arboliva,1002,lopunny-dudunsparce
4,557,p2,1218,starmie-froslass,1249,lopunny-dudunsparce
4,558,p2,1619,starmie-froslass,0007,dragapult-dusknoir
4,559,p1,0286,dragapult-dusknoir,1892,dragapult-ex
4,560,p1,0490,ogerpon-meganium-arboliva,1330,raging-bolt-ogerpon
4,561,p2,0836,raging-bolt-ogerpon,0172,other
4,562,p1,0849,n-zoroark,0382,clefairy-ogerpon
4,563,p2,2046,slowking-scr,1978,raging-bolt-ogerpon
4,564,p2,0112,mega-abomasnow-ex,1955,cynthia-garchomp-ex
4,565,p2,0198,dragapult-dudunsparce,1308,alakazam-dudunsparce
4,566,p1,1616,festival-lead,0372,lopunny-dudunsparce
4,567,p1,0037,rocket-mewtwo-ex,1544,grimmsnarl-froslass
4,568,tie,0926,dragapult-dusknoir,0446,dragapult-dusknoir
4,569,p1,1400,starmie-dusknoir,0395,lucario-hariyama
4,570,tie,1004,rockets-honchkrow,1695,dragapult-ex
4,571,tie,1959,n-zoroark,1809,cynthia-garchomp-ex
4,572,p2,0240,cynthia-garchomp-ex,0263,alakazam-dudunsparce
4,573,p2,0974,greninja-ex,1709,dragapult-ex
4,574,p1,0273,dragapult-dusknoir,0648,dragapult-dudunsparce
4,575,p2,0618,raging-bolt-ogerpon,0306,alakazam-dudunsparce
4,576,tie,1532,?,0623,raging-bolt-ogerpon
4,577,p1,0303,rocket-mewtwo-ex,0581,n-zoroark
4,578,p1,0077,cynthia-garchomp-ex,0948,lopunny-dudunsparce
4,579,p1,0261,ogerpon-meganium-arboliva,0230,cynthia-garchomp-ex
4,580,p2,0933,lucario-hariyama,0779,dragapult-ex
4,581,p2,0956,lucario-hariyama,1412,rocket-mewtwo-ex
4,582,p1,1088,n-zoroark,0536,festival-lead
4,583,p2,2029,rocket-mewtwo-ex,1068,ogerpon-meganium-hydrapple
4,584,p2,1211,dragapult-blaziken,1266,basic-box-m
4,585,p1,0108,festival-lead,1179,rocket-mewtwo-ex
4,586,p1,0562,dragapult-ex,0471,crustle-dri
4,587,p1,0762,dragapult-blaziken,2067,mega-lucario-ex
4,588,p2,1344,lopunny-dudunsparce,2013,mega-lucario-ex
4,589,tie,1227,grimmsnarl-froslass,0593,raging-bolt-ogerpon
4,590,p1,1615,cynthia-garchomp-ex,2109,dragapult-dudunsparce
4,591,p1,1693,ogerpon-meganium-arboliva,0355,festival-lead
4,592,p1,0718,lopunny-dudunsparce,1811,rocket-mewtwo-ex
4,593,p2,0009,lucario-hariyama,1132,dragapult-blaziken
4,594,p1,1143,dragapult-dudunsparce,1785,greninja-ex
4,595,p2,1521,dragapult-ex,1753,raging-bolt-ogerpon
4,596,p1,1072,festival-lead,2087,ogerpon-meganium-hydrapple
4,597,p1,1046,lopunny-dudunsparce,1692,starmie-froslass
4,598,p2,2101,okidogi-barbaracle,1851,okidogi-barbaracle
4,599,p2,0615,dragapult-ex,0647,raging-bolt-ogerpon
4,600,p2,1846,dragapult-blaziken,0272,greninja-ex
4,601,p2,1015,raging-bolt-ogerpon,0707,mega-lucario-ex
4,602,p1,1404,n-zoroark,1423,basic-box-m
4,603,p1,2150,ogerpon-meganium-arboliva,2035,raging-bolt-ogerpon
4,604,tie,1379,palafin-ex,1443,lopunny-dudunsparce
4,605,p2,1857,dragapult-dusknoir,2090,n-zoroark
4,606,p2,0984,starmie-dusknoir,1542,mega-lucario-ex
4,607,tie,1076,festival-lead,1590,ogerpon-meganium-arboliva
4,608,p1,1602,ogerpon-meganium-arboliva,1988,rocket-mewtwo-ex
4,609,p1,1377,cynthia-garchomp-ex,0816,lucario-hariyama
4,610,p2,0758,lopunny-dudunsparce,1250,festival-lead
4,611,p2,0653,lopunny-dudunsparce,0605,rockets-honchkrow
4,612,p1,0840,raging-bolt-ogerpon,1528,dragapult-dudunsparce
4,613,p2,1897,dragapult-ex,1078,raging-bolt-ogerpon
4,614,p2,1883,dragapult-ex,2086,dragapult-dudunsparce
4,615,p1,0955,lucario-hariyama,1048,raging-bolt-ogerpon
4,616,p1,0788,ogerpon-meganium-arboliva,0204,raging-bolt-ogerpon
4,617,tie,0552,alakazam-dudunsparce,0212,mega-lucario-ex
4,618,p2,1815,rocket-mewtwo-ex,1889,dragapult-dusknoir
4,619,p1,0242,festival-lead,0939,festival-lead
4,620,tie,1209,dragapult-blaziken,1758,alakazam-dudunsparce
4,621,p2,0300,n-zoroark,1832,festival-lead
4,622,p1,0319,rocket-mewtwo-ex,1049,alakazam-dudunsparce
4,623,p1,1085,cynthia-garchomp-ex,0919,hops-trevenant
4,624,p1,2088,dragapult-blaziken,0017,raging-bolt-ogerpon
4,625,p2,1966,n-zoroark,0433,mega-lucario-ex
4,626,p1,1407,starmie-froslass,1803,tera-box
4,627,p1,1183,dragapult-dusknoir,0180,ogerpon-meganium-arboliva
4,628,p1,2028,dragapult-ex,0076,festival-lead
4,629,p2,1052,festival-lead,1476,grimmsnarl-froslass
4,630,p2,1906,mega-lucario-ex,0164,raging-bolt-ogerpon
4,631,p1,1202,other,1879,alakazam-dudunsparce
4,632,p1,0141,dragapult-ex,1248,alakazam-dudunsparce
4,633,p1,1558,clefairy-ogerpon,1880,okidogi-barbaracle
4,634,p1,0182,festival-lead,0477,rocket-mewtwo-ex
4,635,p1,0551,dragapult-dudunsparce,1201,dragapult-dusknoir
4,636,tie,1460,raging-bolt-ogerpon,0301,?
4,637,p1,1730,n-zoroark,0118,cynthia-garchomp-ex
4,638,p1,1720,alakazam-dudunsparce,2102,starmie-froslass
4,639,p2,0255,ursaluna-lunatone,0696,cynthia-garchomp-ex
4,640,p2,1668,greninja-ex,0012,dragapult-dusknoir
4,641,p1,1552,starmie-froslass,0808,dragapult-blaziken
4,642,p2,1564,cynthia-garchomp-ex,0991,festival-lead
4,643,p1,0688,n-zoroark,0537,slowking-scr
4,644,p2,0566,dragapult-blaziken,0824,dragapult-ex
4,645,p2,0661,n-zoroark,2014,mega-lucario-ex
4,646,p1,1005,clefairy-ogerpon,1025,starmie-froslass
4,647,p2,1887,dragapult-blaziken,1180,ogerpon-meganium-hydrapple
4,648,p2,2071,crustle-dri,0170,dragapult-dudunsparce
4,649,p2,1128,alakazam-dudunsparce,1315,raging-bolt-ogerpon
4,650,p1,1584,alakazam-dudunsparce,0799,dragapult-ex
4,651,p1,1986,dragapult-dudunsparce,0602,raging-bolt-ogerpon
4,652,p2,1067,lopunny-dudunsparce,0943,greninja-ex
4,653,p1,0457,lopunny-dudunsparce,2032,starmie-dusknoir
4,654,p2,0676,n-zoroark,1077,lopunny-dudunsparce
4,655,p1,0096,lopunny-dudunsparce,0480,archaludon-ex
4,656,p2,0632,starmie-froslass,1345,raging-bolt-ogerpon
4,657,p1,1547,cynthia-garchomp-ex,1446,lucario-hariyama
4,658,p2,0450,lopunny-dudunsparce,0059,alakazam-dudunsparce
4,659,p2,0850,dragapult-ex,2125,raging-bolt-ogerpon
4,660,p1,1366,lucario-hariyama,2056,lopunny-dudunsparce
4,661,p2,0159,raging-bolt-ogerpon,0333,basic-box-m
4,662,p2,1063,lopunny-dudunsparce,1848,raging-bolt-ogerpon
4,663,p1,1539,slowking-scr,1332,lucario-hariyama
4,664,p1,1165,festival-lead,0202,n-zoroark
4,665,p2,1347,ogerpon-meganium-arboliva,2026,starmie-dusknoir
4,666,p1,0938,n-zoroark,1618,starmie-froslass
4,667,p1,0282,dragapult-ex,0930,cynthia-garchomp-ex
4,668,p2,1028,dragapult-dudunsparce,1716,cynthia-garchomp-ex
4,669,p1,0421,starmie-dusknoir,0949,cynthia-garchomp-ex
4,670,p2,1744,kangaskhan-bouffalant,0925,lopunny-dudunsparce
4,671,p2,0454,festival-lead,0068,dragapult-ex
4,672,p1,1169,starmie-froslass,1593,festival-lead
4,673,tie,1216,lopunny-dudunsparce,0124,dragapult-dudunsparce
4,674,p2,0952,hops-trevenant,0326,cynthia-garchomp-ex
4,675,p1,0825,dragapult-dudunsparce,1485,rocket-mewtwo-ex
4,676,p1,2052,dragapult-ex,0771,other
4,677,p2,0854,festival-lead,1947,dragapult-ex
4,678,p1,0904,raging-bolt-ogerpon,1194,dragapult-dusknoir
4,679,p2,1271,dragapult-dusknoir,1306,n-zoroark
4,680,p1,0169,mega-lucario-ex,0631,jellicent-dusknoir
4,681,p1,0880,other,0143,rockets-honchkrow
4,682,p1,1472,dragapult-ex,1549,dragapult-ex
4,683,p2,0218,lucario-hariyama,0571,dragapult-dudunsparce
4,684,p1,0203,alakazam-dudunsparce,0958,starmie-froslass
4,685,p1,1872,dragapult-dusknoir,0415,rocket-mewtwo-ex
4,686,p2,0633,dragapult-dudunsparce,0592,cynthia-garchomp-ex
4,687,p1,0565,rockets-honchkrow,1058,rockets-honchkrow
4,688,p1,1909,dragapult-ex,0598,mega-absol-box
4,689,p2,0723,alakazam-dudunsparce,0100,alakazam-dudunsparce
4,690,p1,2069,clefairy-ogerpon,1447,dragapult-dudunsparce
4,691,p1,1080,hops-trevenant,0731,dragapult-dusknoir
4,692,p1,1520,crustle-dri,0178,raging-bolt-ogerpon
4,693,p2,0358,tera-box,1982,dragapult-ex
4,694,tie,0389,raging-bolt-ogerpon,1420,rocket-mewtwo-ex
4,695,p1,1261,n-zoroark,0368,dragapult-ex
4,696,tie,0034,dragapult-dudunsparce,0535,dragapult-dusknoir
4,697,p2,1373,alakazam-dudunsparce,1825,dragapult-blaziken
4,698,p2,1761,dragapult-ex,0768,dragapult-ex
4,699,tie,1574,ogerpon-meganium-hydrapple,0833,rocket-mewtwo-ex
4,700,p1,1310,rocket-mewtwo-ex,1823,alakazam-dudunsparce
4,701,p2,0510,alakazam-dudunsparce,1029,rocket-mewtwo-ex
4,702,p1,0869,dragapult-dudunsparce,1129,starmie-froslass
4,703,p2,2074,ogerpon-meganium-arboliva,1034,flareon-noctowl
4,704,p2,0585,alakazam-dudunsparce,1751,dragapult-ex
4,705,p2,1689,ogerpon-meganium-hydrapple,1205,dragapult-ex
4,706,p1,1688,ogerpon-meganium-arboliva,0557,rocket-mewtwo-ex
4,707,p1,0050,archaludon-dudunsparce,0162,raging-bolt-ogerpon
4,708,p2,0846,rockets-honchkrow,0905,lucario-hariyama
4,709,tie,0428,dragapult-dusknoir,1756,dragapult-ex
4,710,p2,0254,dragapult-dusknoir,0094,lopunny-dudunsparce
4,711,p1,0439,dragapult-ex,1704,ogerpon-meganium-arboliva
4,712,p2,2047,lopunny-dudunsparce,0977,lopunny-dudunsparce
4,713,p2,1115,dragapult-dusknoir,0794,lopunny-dudunsparce
4,714,p2,1802,starmie-froslass,0235,dragapult-blaziken
4,715,tie,1866,crustle-dri,0220,cynthia-garchomp-ex
4,716,p2,1223,ogerpon-meganium-arboliva,2011,festival-lead
4,717,p2,0835,dragapult-dudunsparce,0227,dragapult-ex
4,718,p2,1083,n-zoroark,1531,raging-bolt-ogerpon
4,719,tie,1980,n-zoroark,0705,lucario-hariyama
4,720,p2,1853,crustle-dri,1173,raging-bolt-ogerpon
4,721,p2,0409,lopunny-dudunsparce,0828,festival-lead
4,722,tie,0195,n-zoroark,0253,alakazam-dudunsparce
4,723,p1,0084,dragapult-ex,1522,rocket-mewtwo-ex
4,724,p1,1461,dragapult-dusknoir,0099,lucario-hariyama
4,725,p1,1989,ogerpon-meganium-arboliva,1559,okidogi-barbaracle
4,726,tie,2104,lucario-hariyama,1700,n-zoroark
4,727,p2,0950,dragapult-dusknoir,0107,cynthia-garchomp-ex
4,728,p1,1777,dragapult-ex,0314,dragapult-dusknoir
4,729,p2,0842,n-zoroark,1459,rocket-mewtwo-ex
4,730,tie,1640,diancie-dusknoir,0966,n-zoroark
4,731,p2,1774,rockets-honchkrow,1292,lopunny-dudunsparce
4,732,p2,1621,dragapult-dusknoir,1368,dragapult-dusknoir
4,733,p2,1896,dragapult-ex,0478,dragapult-dudunsparce
4,734,tie,0431,festival-lead,1681,dragapult-ex
4,735,p2,1653,dragapult-blaziken,0646,raging-bolt-ogerpon
4,736,p1,1632,dragapult-dusknoir,0783,dragapult-dusknoir
4,737,p1,0173,ogerpon-meganium-arboliva,1286,rocket-mewtwo-ex
4,738,p2,1123,okidogi-barbaracle,0810,crustle-dri
4,739,p2,0978,dragapult-ex,1536,dragapult-ex
4,740,tie,0104,mega-starmie-ex,0851,dragapult-ex
4,741,p1,0461,cynthia-garchomp-ex,0016,rockets-honchkrow
4,742,p2,0944,crustle-dri,2057,festival-lead
4,743,p1,0603,okidogi-barbaracle,0352,greninja-ex
4,744,p2,1881,cynthia-garchomp-ex,1321,clefairy-ogerpon
4,745,p1,0780,cynthia-garchomp-ex,2049,dragapult-dudunsparce
4,746,p1,0098,dragapult-blaziken,1114,dragapult-dudunsparce
4,747,tie,1170,raging-bolt-ogerpon,1990,dragapult-blaziken
4,748,p2,0543,dragapult-ex,1538,cynthia-garchomp-ex
4,749,p2,1244,dragapult-dusknoir,0248,rockets-honchkrow
4,750,p2,0643,alakazam-dudunsparce,0332,dragapult-dudunsparce
4,751,p1,1652,dragapult-blaziken,1953,yanmega-ex
4,752,p1,1748,dragapult-dudunsparce,0861,dragapult-ex
4,753,p1,1529,dragapult-dudunsparce,0489,dragapult-ex
4,754,p2,1293,cynthia-garchomp-ex,1703,rocket-mewtwo-ex
4,755,tie,1196,cynthia-garchomp-ex,0260,raging-bolt-ogerpon
4,756,p1,1270,rocket-mewtwo-ex,0785,cynthia-garchomp-ex
4,757,p2,0584,dragapult-ex,1022,ursaluna-lunatone
4,758,p1,1018,dragapult-blaziken,2019,mega-lucario-ex
4,759,p1,0181,starmie-froslass,0287,crustle-dri
4,760,p2,2115,clefairy-ogerpon,0324,dragapult-blaziken
4,761,p1,1789,tera-box,0434,raging-bolt-ogerpon
4,762,p1,0929,raging-bolt-ogerpon,1526,cynthia-garchomp-ex
4,763,p1,0829,alakazam-dudunsparce,2020,rockets-honchkrow
4,764,p2,0283,alakazam-dudunsparce,0347,dragapult-dudunsparce
4,765,tie,1289,ogerpon-meganium-hydrapple,0114,mega-lucario-ex
4,766,p2,0838,rocket-mewtwo-ex,1762,lucario-hariyama
4,767,p2,0378,cynthia-garchomp-ex,0437,crustle-dri
4,768,p1,0641,cynthia-garchomp-ex,0976,lopunny-dudunsparce
4,769,p1,1830,azumarill-ssp,1511,mega-lucario-ex
4,770,tie,1442,n-zoroark,0918,ogerpon-meganium-arboliva
4,771,p2,0940,lopunny-dudunsparce,0763,cynthia-garchomp-ex
4,772,p2,1355,ogerpon-meganium-hydrapple,0113,lucario-hariyama
4,773,tie,1187,raging-bolt-ogerpon,1686,cynthia-garchomp-ex
4,774,tie,0772,alakazam-dudunsparce,1291,starmie-froslass
4,775,p1,0269,slowking-scr,0748,cynthia-garchomp-ex
4,776,p1,1732,dragapult-dudunsparce,0337,n-zoroark
4,777,p2,1239,rocket-mewtwo-ex,1017,rockets-honchkrow
4,778,p2,1661,lopunny-dudunsparce,0019,lucario-hariyama
4,779,p2,1551,dragapult-dudunsparce,1878,rocket-mewtwo-ex
4,780,p1,1750,dragapult-blaziken,0257,basic-box-m
4,781,p2,1731,alakazam-dudunsparce,1708,dragapult-blaziken
4,782,p2,0678,lopunny-dudunsparce,1092,festival-lead
4,783,p2,1120,alakazam-dudunsparce,0738,cynthia-garchomp-ex
4,784,p2,2016,dragapult-dusknoir,1610,dragapult-blaziken
4,785,p2,0374,rockets-honchkrow,0668,rockets-honchkrow
4,786,p1,1556,grimmsnarl-froslass,1863,dragapult-dudunsparce
4,787,p2,1469,rocket-mewtwo-ex,0413,rockets-honchkrow
4,788,p2,1374,okidogi-twm,1958,rockets-honchkrow
4,789,p2,0982,okidogi-barbaracle,0465,dragapult-blaziken
4,790,p1,1606,dragapult-ex,1873,lucario-hariyama
4,791,p2,1054,joltik-box,1116,mega-absol-box
4,792,p1,1243,lopunny-dudunsparce,0403,mega-lucario-ex
4,793,p2,1733,archaludon-dudunsparce,1302,alakazam-dudunsparce
4,794,p2,0900,cynthia-garchomp-ex,1038,lucario-hariyama
4,795,p2,1073,dragapult-ex,1561,rocket-mewtwo-ex
4,796,p1,0087,dragapult-blaziken,0063,dragapult-ex
4,797,p1,1158,dragapult-dusknoir,0945,festival-lead
4,798,p2,1388,alakazam-dudunsparce,0338,dragapult-ex
4,799,p2,0645,raging-bolt-ogerpon,1795,raging-bolt-ogerpon
4,800,p2,0447,dragapult-dudunsparce,0727,dragapult-blaziken
4,801,p1,1386,ogerpon-meganium-hydrapple,2003,rocket-mewtwo-ex
4,802,p1,1680,alakazam-dudunsparce,1950,alakazam-dudunsparce
4,803,p1,1719,festival-lead,1255,dragapult-ex
4,804,p2,1206,grimmsnarl-froslass,0853,flareon-noctowl
4,805,p1,0960,festival-lead,1305,festival-lead
4,806,p2,2122,ethan-typhlosion,1357,dragapult-dusknoir
4,807,p2,2017,raging-bolt-ogerpon,0174,dragapult-dudunsparce
4,808,p1,1527,dragapult-ex,0812,n-zoroark
4,809,p1,1349,dragapult-dusknoir,1275,lopunny-dudunsparce
4,810,p2,0942,crustle-dri,1164,rockets-honchkrow
4,811,tie,1419,ursaluna-lunatone,0353,yanmega-ex
4,812,p1,0852,ogerpon-meganium-arboliva,0539,mega-dragonite-ex
4,813,p1,0954,lopunny-dudunsparce,0811,starmie-froslass
4,814,p1,0967,dragapult-blaziken,1622,n-zoroark
4,815,p1,0470,dragapult-dusknoir,2116,grimmsnarl-froslass
4,816,tie,0525,lucario-hariyama,0484,dragapult-dusknoir
4,817,p1,0839,ogerpon-meganium-hydrapple,0928,lucario-hariyama
4,818,tie,1740,dragapult-ex,1723,dragapult-dudunsparce
4,819,tie,1760,alakazam-dudunsparce,0304,dragapult-dudunsparce
4,820,p1,0438,n-zoroark,2055,mega-absol-box
4,821,p2,0157,rocket-mewtwo-ex,1961,dragapult-dusknoir
4,822,p1,1952,raging-bolt-ogerpon,0442,lopunny-dudunsparce
4,823,p2,2037,mega-lucario-ex,0419,lucario-hariyama
4,824,p2,0126,lopunny-dudunsparce,0570,n-zoroark
4,825,p1,0734,ogerpon-meganium-hydrapple,1440,cynthia-garchomp-ex
4,826,p1,2073,rockets-honchkrow,0234,stevens-metagross
4,827,p1,0860,okidogi-barbaracle,1008,dragapult-dusknoir
4,828,p1,1776,toxtricity-pfl,0951,rockets-honchkrow
4,829,p2,1954,dragapult-dudunsparce,1489,crustle-dri
4,830,p2,1081,raging-bolt-ogerpon,0193,n-zoroark
4,831,p2,0507,slowking-scr,1684,dragapult-blaziken
4,832,p2,0137,dragapult-dusknoir,0284,rocket-mewtwo-ex
4,833,p1,0886,raging-bolt-ogerpon,1071,n-zoroark
4,834,p2,0575,crustle-dri,0572,grimmsnarl-froslass
4,835,p2,1545,other,1260,cynthia-garchomp-ex
4,836,p2,0288,starmie-froslass,1669,lopunny-dudunsparce
4,837,p2,1429,lopunny-dudunsparce,1151,dragapult-dudunsparce
4,838,p1,0228,rocket-mewtwo-ex,1714,cynthia-garchomp-ex
4,839,tie,1062,ogerpon-meganium-arboliva,0250,dragapult-dudunsparce
4,840,tie,1658,dragapult-dusknoir,0044,slowking-scr
4,841,p2,1174,rocket-mewtwo-ex,0999,rocket-mewtwo-ex
4,842,p2,1782,lopunny-dudunsparce,0455,n-zoroark
4,843,p2,0399,dragapult-dusknoir,0859,dragapult-ex
4,844,p1,0613,dragapult-dudunsparce,2099,dragapult-blaziken
4,845,p1,0901,rocket-spidops,0805,dragapult-dusknoir
4,846,tie,1145,n-zoroark,0894,cynthia-garchomp-ex
4,847,p1,1600,rockets-honchkrow,0867,ogerpon-meganium-hydrapple
4,848,p2,1665,crustle-dri,0519,hops-trevenant
4,849,p1,0541,ogerpon-meganium,1663,eelektrik-blk
4,850,p1,1336,dragapult-dusknoir,0640,dragapult-ex
4,851,p2,0732,kangaskhan-bouffalant,2080,dragapult-ex
4,852,p2,1533,n-zoroark,1813,rocket-mewtwo-ex
4,853,p1,1914,ogerpon-meganium-hydrapple,1111,starmie-froslass
4,854,p2,0724,starmie-froslass,0123,alakazam-dudunsparce
4,855,p1,1488,dragapult-dusknoir,1094,mega-venusaur-ex
4,856,p1,0093,lopunny-dudunsparce,0320,n-zoroark
4,857,p2,1384,alakazam-dudunsparce,0072,dragapult-dudunsparce
4,858,p2,1510,cynthia-garchomp-ex,0246,alakazam-dudunsparce
4,859,p2,1413,dragapult-ex,1236,clefairy-ogerpon
4,860,p2,0080,dragapult-blaziken,0249,alakazam-dudunsparce
4,861,p2,1582,dragapult-ex,1299,n-zoroark
4,862,tie,0524,hops-trevenant,1512,dragapult-ex
4,863,p2,0073,ogerpon-meganium-arboliva,0493,crustle-dri
4,864,p1,1745,raging-bolt-ogerpon,0315,dragapult-dusknoir
4,865,tie,1968,dragapult-ex,1448,starmie-froslass
4,866,p1,0085,dragapult-blaziken,1874,dragapult-ex
4,867,p2,2093,okidogi-barbaracle,0655,lopunny-dudunsparce
4,868,p1,0550,dragapult-blaziken,1534,starmie-froslass
4,869,p1,0495,festival-lead,1969,alakazam-dudunsparce
4,870,p1,0873,dragapult-ex,1478,cynthia-garchomp-ex
4,871,p2,1627,raging-bolt-ogerpon,2021,?
4,872,p1,1923,dragapult-dusknoir,1232,raging-bolt-ogerpon
4,873,p2,0190,n-zoroark,1334,okidogi-barbaracle
4,874,p1,1910,rockets-honchkrow,0325,raging-bolt-ogerpon
4,875,p2,0406,archaludon-dudunsparce,1831,dragapult-dudunsparce
4,876,p2,0167,alakazam-dudunsparce,0957,festival-lead
4,877,tie,0334,dragapult-blaziken,1074,festival-lead
4,878,p2,1712,decidueye-ex,0965,dragapult-blaziken
4,879,p1,0682,ogerpon-meganium-hydrapple,1922,alakazam-dudunsparce
4,880,tie,1717,hops-trevenant,1882,dragapult-blaziken
4,881,p1,2041,dragapult-dusknoir,1390,ethan-typhlosion
4,882,p2,1175,lopunny-dudunsparce,0070,starmie-froslass
4,883,p1,1852,alakazam-dudunsparce,1903,starmie-dusknoir
4,884,p2,1603,ogerpon-meganium-hydrapple,0968,lucario-hariyama
4,885,tie,0628,dragapult-blaziken,1936,dragapult-dudunsparce
4,886,p1,0152,dragapult-blaziken,1871,dragapult-dusknoir
4,887,p2,0494,n-zoroark,0129,raging-bolt-ogerpon
4,888,tie,0765,basic-box-m,1177,cynthia-garchomp-ex
4,889,p2,0161,mega-lucario-ex,1444,festival-lead
4,890,p1,0189,dragapult-ex,1057,clefairy-ogerpon
4,891,p2,1856,mega-camerupt-ex,0089,dragapult-dudunsparce
4,892,p1,1369,rocket-mewtwo-ex,0278,raging-bolt-ogerpon
4,893,p1,0729,lucario-hariyama,1281,starmie-dusknoir
4,894,p2,0760,cynthia-garchomp-ex,0136,ogerpon-meganium-hydrapple
4,895,p2,2010,starmie-froslass,1931,alakazam-dudunsparce
4,896,p2,0200,mega-lopunny-ex,0441,other
4,897,p1,0981,basic-box-m,1844,dragapult-dudunsparce
4,898,p1,0970,n-zoroark,0795,stevens-metagross
4,899,p1,1397,festival-lead,1699,dragapult-ex
4,900,p2,0363,cynthia-garchomp-ex,0790,dragapult-ex
4,901,p1,0735,cynthia-garchomp-ex,1884,dragapult-ex
4,902,p2,0101,dragapult-dusknoir,0221,dragapult-blaziken
4,903,p2,0577,n-zoroark,0699,dragapult-ex
4,904,tie,1586,dragapult-blaziken,0197,crustle-dri
4,905,p1,2130,lopunny-dudunsparce,0487,n-zoroark
4,906,p1,1500,crustle-dri,0610,raging-bolt-ogerpon
4,907,tie,0179,rocket-mewtwo-ex,0806,ogerpon-meganium-arboliva
4,908,p1,2132,lucario-hariyama,1516,ogerpon-meganium
4,909,p2,0530,dragapult-dudunsparce,1995,dragapult-dusknoir
4,910,p2,1363,rockets-honchkrow,1902,rockets-honchkrow
4,911,p2,1323,festival-lead,1515,dragapult-dusknoir
4,912,p2,1235,cynthia-garchomp-ex,0582,dragapult-ex
4,913,p2,0843,rocket-mewtwo-ex,2075,dragapult-blaziken
4,914,tie,0336,other,0637,dragapult-ex
4,915,p2,1135,n-zoroark,1224,dragapult-dusknoir
4,916,p2,2126,dragapult-dudunsparce,1812,alakazam-dudunsparce
4,917,p1,0752,alakazam-dudunsparce,0941,dragapult-dusknoir
4,918,p1,0360,cynthia-garchomp-ex,1113,grimmsnarl-froslass
4,919,p1,0392,ceruledge-ex,1307,ogerpon-meganium
4,920,p2,1594,starmie-froslass,0504,dragapult-ex
4,921,p2,0187,starmie-froslass,0934,dragapult-ex
4,922,p2,1160,other,1189,ogerpon-meganium-hydrapple
4,923,p1,0021,ogerpon-meganium,0685,n-zoroark
4,924,p1,0560,dragapult-dudunsparce,1263,dragapult-dudunsparce
4,925,p2,0990,alakazam-dudunsparce,0109,rocket-mewtwo-ex
4,926,p2,1696,dragapult-ex,0135,manectric-eelektrik
4,927,tie,0088,rocket-mewtwo-ex,0237,lucario-hariyama
4,928,p2,0517,cynthia-garchomp-ex,0564,dragapult-dusknoir
4,929,tie,1361,starmie-dusknoir,1403,lucario-hariyama
4,930,p1,0868,raging-bolt-ogerpon,2112,dragapult-blaziken
4,931,p1,0259,lopunny-dudunsparce,0922,dragapult-dudunsparce
4,932,p2,0579,dragapult-dudunsparce,0416,alakazam-dudunsparce
4,933,p2,1301,alakazam-dudunsparce,1393,dragapult-blaziken
4,934,p1,1399,grimmsnarl-froslass,2061,dragapult-dudunsparce
4,935,p1,0060,mega-lucario-ex,0931,lucario-hariyama
4,936,p2,1042,dragapult-blaziken,0972,starmie-froslass
4,937,p1,1445,greninja-ex,2103,mega-lucario-ex
4,938,p1,1576,starmie-dusknoir,1331,starmie-froslass
4,939,p2,0256,dragapult-dusknoir,0711,lopunny-dudunsparce
4,940,p2,0834,lopunny-dudunsparce,2110,lopunny-dudunsparce
4,941,p2,1102,starmie-dusknoir,0321,n-zoroark
4,942,p2,0426,starmie-dusknoir,0916,dragapult-dusknoir
4,943,p1,0778,ogerpon-meganium-hydrapple,0226,raging-bolt-ogerpon
4,944,tie,0596,dragapult-ex,1200,starmie-froslass
4,945,p2,1492,cynthia-garchomp-ex,0460,festival-lead
4,946,p2,0782,festival-lead,0800,stevens-metagross
4,947,p1,1424,lopunny-dudunsparce,0381,rocket-mewtwo-ex
4,948,tie,1778,festival-lead,0208,lopunny-dudunsparce
4,949,p1,1885,starmie-froslass,0464,alakazam-dudunsparce
4,950,p2,1228,slowking-scr,0472,rocket-mewtwo-ex
4,951,p2,1016,cynthia-garchomp-ex,2015,ogerpon-meganium-hydrapple
4,952,p2,1943,raging-bolt-ogerpon,1319,lopunny-dudunsparce
4,953,p2,2124,dragapult-blaziken,1110,rocket-mewtwo-ex
4,954,p2,0863,dragapult-dusknoir,2025,lucario-hariyama
4,955,p2,1495,lucario-hariyama,0473,stevens-metagross
4,956,tie,1215,rocket-mewtwo-ex,0663,raging-bolt-ogerpon
4,957,p1,0625,rocket-mewtwo-ex,0555,ogerpon-meganium-hydrapple
4,958,p1,1095,n-zoroark,1117,raging-bolt-ogerpon
4,959,p2,0546,mega-venusaur-ex,1565,lucario-hariyama
4,960,p2,1964,festival-lead,0994,ogerpon-meganium-hydrapple
4,961,tie,0420,ogerpon-meganium,0975,mega-venusaur-ex
4,962,p1,1604,grimmsnarl-froslass,1137,rocket-mewtwo-ex
4,963,p1,0289,festival-lead,1342,rocket-mewtwo-ex
4,964,tie,1329,dragapult-blaziken,1389,alakazam-dudunsparce
4,965,p1,1035,festival-lead,1140,n-zoroark
4,966,p1,2128,n-zoroark,0690,lucario-hariyama
4,967,tie,0882,other,1764,festival-lead
4,968,p1,1800,cynthia-garchomp-ex,2098,starmie-froslass
4,969,p1,1141,archaludon-ex,1920,cynthia-garchomp-ex
4,970,tie,1977,dragapult-dudunsparce,1524,dragapult-ex
4,971,p2,1838,ogerpon-meganium-hydrapple,0739,n-zoroark
4,972,p1,1994,dragapult-blaziken,1182,starmie-dusknoir
4,973,p1,1993,festival-lead,1635,dragapult-blaziken
4,974,tie,1907,toxtricity-box,1807,n-zoroark
4,975,p2,0224,lucario-hariyama,0917,rocket-mewtwo-ex
4,976,p2,0130,ogerpon-meganium,1655,alakazam-dudunsparce
4,977,p2,0511,n-zoroark,1560,lopunny-dudunsparce
4,978,p2,0425,dragapult-ex,1835,dragapult-ex
4,979,p2,0878,dragapult-blaziken,1300,starmie-dusknoir
4,980,p2,1394,rocket-mewtwo-ex,0479,starmie-froslass
4,981,p2,0035,dragapult-dudunsparce,1518,lopunny-dudunsparce
4,982,p2,0340,other,1037,lucario-hariyama
4,983,p1,1006,cynthia-garchomp-ex,0553,rocket-mewtwo-ex
4,984,p2,1217,cynthia-garchomp-ex,1598,grimmsnarl-froslass
4,985,p1,0384,cynthia-garchomp-ex,0608,dragapult-blaziken
4,986,p2,2006,ogerpon-meganium-arboliva,0498,alakazam-dudunsparce
4,987,p2,1854,grimmsnarl-froslass,2149,alakazam-dudunsparce
4,988,p1,2060,okidogi-barbaracle,1333,froslass-munkidori
4,989,p2,0292,rockets-honchkrow,1580,ogerpon-meganium-arboliva
4,990,p2,2009,cynthia-garchomp-ex,0297,dragapult-ex
4,991,p2,1525,dragapult-dusknoir,0726,stevens-metagross
4,992,tie,0662,dragapult-dudunsparce,1937,mega-froslass-ex
4,993,p1,1654,alakazam-dudunsparce,1973,alakazam-dudunsparce
4,994,p2,1039,cynthia-garchomp-ex,1976,rockets-honchkrow
4,995,p2,0898,festival-lead,2045,rocket-mewtwo-ex
4,996,p2,1356,ogerpon-meganium-arboliva,2127,dragapult-ex
4,997,p2,1437,cynthia-garchomp-ex,1059,n-zoroark
4,998,p2,0774,ogerpon-meganium-arboliva,0361,n-zoroark
4,999,p1,1273,basic-box-m,0496,cynthia-garchomp-ex
4,1000,p2,1425,mega-charizard-x-ex,0312,alakazam-dudunsparce
4,1001,p2,0993,diancie-dusknoir,0092,starmie-dusknoir
4,1002,p1,0876,rocket-mewtwo-ex,1176,lucario-hariyama
4,1003,p2,1678,flareon-noctowl,0067,n-zoroark
4,1004,p1,1411,dragapult-dudunsparce,1548,okidogi-barbaracle
4,1005,p1,0983,dragapult-ex,0606,n-zoroark
4,1006,p2,0295,dragapult-ex,1284,lopunny-dudunsparce
4,1007,p1,1381,starmie-froslass,0142,eelektrik-blk
4,1008,tie,0915,lopunny-dudunsparce,1786,lopunny-dudunsparce
4,1009,p1,1589,dragapult-ex,0505,basic-box-m
4,1010,tie,1121,flareon-noctowl,0192,dragapult-blaziken
4,1011,p1,1946,ogerpon-meganium-hydrapple,0367,mega-absol-box
4,1012,p1,1264,lucario-hariyama,1198,festival-lead
4,1013,p1,1942,alakazam-dudunsparce,1895,archaludon-ex
4,1014,p1,1309,basic-box-m,1254,lucario-hariyama
4,1015,p1,0797,milotic-ex,0911,dragonite-eelektrik
4,1016,p2,0345,dragapult-dusknoir,0658,festival-lead
4,1017,p2,2005,ethan-typhlosion,0897,starmie-froslass
4,1018,p2,1841,dragapult-dusknoir,0907,dragapult-dusknoir
4,1019,p1,0371,festival-lead,0616,rockets-honchkrow
4,1020,tie,0674,cynthia-garchomp-ex,0908,dragapult-ex
4,1021,p2,1156,dragapult-ex,2053,n-zoroark
4,1022,p2,1142,yanmega-ex,1925,lopunny-dudunsparce
4,1023,p1,1328,crustle-dri,0377,festival-lead
4,1024,p2,0720,rocket-mewtwo-ex,2070,crustle-dri
4,1025,tie,1711,dragapult-ex,1839,dragapult-ex
4,1026,p2,0313,basic-box-m,1916,alakazam-dudunsparce
4,1027,p1,1808,other,1276,dragapult-ex
4,1028,p2,2136,dragapult-dusknoir,0935,dragapult-dusknoir
4,1029,tie,1921,rocket-mewtwo-ex,1351,festival-lead
4,1030,p2,0639,dragapult-ex,2129,rocket-mewtwo-ex
4,1031,p1,2111,alakazam-dudunsparce,0400,lucario-hariyama
4,1032,p1,1891,greninja-blaziken,0359,rocket-mewtwo-ex
4,1033,p1,1900,mega-absol-box,0583,dragapult-blaziken
4,1034,p2,0534,dragapult-dudunsparce,0412,doublade-por
4,1035,p1,0756,starmie-froslass,0055,dragapult-ex
4,1036,p1,0404,n-zoroark,0875,crustle-dri
4,1037,p2,0078,dragapult-ex,1727,dragapult-ex
4,1038,p1,1519,dragapult-ex,0877,raging-bolt-ogerpon
4,1039,p1,1484,lopunny-dudunsparce,0554,slowking-scr
4,1040,p1,1247,starmie-dusknoir,1001,alakazam-dudunsparce
4,1041,p1,1650,dragapult-ex,0225,starmie-froslass
4,1042,p2,1290,n-zoroark,1614,mega-starmie-ex
4,1043,p1,2002,other,0590,dragapult-dusknoir
4,1044,p2,1944,raging-bolt-ogerpon,1486,cynthia-garchomp-ex
4,1045,tie,1242,dragapult-dudunsparce,0456,ceruledge-ex
4,1046,p1,1629,dragapult-ex,0042,lopunny-dudunsparce
4,1047,p2,0820,cynthia-garchomp-ex,1554,raging-bolt-ogerpon
4,1048,p2,1575,raging-bolt-ogerpon,0423,dragapult-blaziken
4,1049,tie,0339,n-zoroark,0691,lucario-hariyama
4,1050,p1,0309,rockets-honchkrow,0737,dragapult-blaziken
4,1051,p2,0075,dragapult-ex,1317,starmie-froslass
4,1052,p2,1587,starmie-dusknoir,0110,clefairy-ogerpon
4,1053,p2,1207,dragapult-dudunsparce,0754,dragapult-ex
4,1054,p1,1371,raging-bolt-ogerpon,1842,n-zoroark
4,1055,p1,1787,dragapult-dusknoir,1694,cynthia-garchomp-ex
4,1056,p2,0909,starmie-froslass,1572,lopunny-dudunsparce
4,1057,tie,0920,ceruledge-ex,1611,archaludon-dudunsparce
4,1058,p2,1146,n-zoroark,1465,flareon-noctowl
4,1059,p2,0567,clefairy-ogerpon,1934,lopunny-dudunsparce
4,1060,p1,2085,cynthia-garchomp-ex,0745,festival-lead
4,1061,p1,0793,raging-bolt-ogerpon,1876,flareon-noctowl
4,1062,p1,0777,starmie-froslass,0712,dragapult-ex
4,1063,p1,1149,dragapult-dudunsparce,0899,n-zoroark
4,1064,p2,1313,lopunny-dudunsparce,1837,lucario-hariyama
4,1065,p1,1620,dragapult-dusknoir,1311,starmie-froslass
4,1066,p1,1378,lucario-hariyama,0988,rocket-mewtwo-ex
4,1067,p1,2001,dragapult-ex,0435,hops-trevenant
4,1068,p2,1161,starmie-froslass,2108,lopunny-dudunsparce
4,1069,p1,1409,cynthia-garchomp-ex,0049,dragapult-dusknoir
4,1070,p1,0980,dragapult-dusknoir,0617,alakazam-dudunsparce
4,1071,tie,1208,stevens-metagross,2059,other
4,1072,tie,0327,crustle-dri,0815,n-zoroark
4,1073,p2,1765,mega-charizard-x-ex,1504,basic-box-m
4,1074,p1,0832,raging-bolt-ogerpon,1737,cynthia-garchomp-ex
4,1075,p1,0721,dragapult-dusknoir,1191,lopunny-dusknoir
4,1076,p1,0217,okidogi-barbaracle,1591,raging-bolt-ogerpon
4,1077,p2,1193,ogerpon-meganium-hydrapple,1154,lucario-hariyama
4,1078,tie,0651,lopunny-dudunsparce,0468,n-zoroark
4,1079,p2,0271,crustle-dri,0798,lucario-hariyama
4,1080,p2,1214,terapagos-noctowl,0396,dragapult-dusknoir
4,1081,p2,1220,dragapult-ex,1862,n-zoroark
4,1082,p1,1396,lucario-hariyama,1834,dragapult-ex
4,1083,p2,1450,dragapult-dudunsparce,0689,slowking-scr
4,1084,p2,0393,rocket-mewtwo-ex,1555,rocket-mewtwo-ex
4,1085,p2,1125,n-zoroark,0205,cynthia-garchomp-ex
4,1086,p2,0160,starmie-dusknoir,0215,n-zoroark
4,1087,p1,1051,okidogi-barbaracle,0964,other
4,1088,p1,0262,other,0239,starmie-froslass
4,1089,p1,1816,raging-bolt-ogerpon,0264,dragapult-ex
4,1090,p1,1375,lopunny-dudunsparce,0121,jellicent-dusknoir
4,1091,p2,1304,dragapult-dudunsparce,1150,starmie-dusknoir
4,1092,tie,1416,rocket-mewtwo-ex,1147,ursaluna-lunatone
4,1093,p1,2038,starmie-froslass,1084,dragapult-dusknoir
4,1094,p2,1783,?,1350,dragapult-dusknoir
4,1095,p1,0476,festival-lead,2094,greninja-ex
4,1096,p2,1267,dragapult-dusknoir,0293,raging-bolt-ogerpon
4,1097,p1,1091,starmie-dusknoir,0115,rockets-honchkrow
4,1098,p2,0356,crustle-dri,1647,raging-bolt-ogerpon
4,1099,p2,1690,hops-trevenant,0116,lopunny-dudunsparce
4,1100,p1,1050,ogerpon-meganium-arboliva,0308,cynthia-garchomp-ex
4,1101,p2,1656,rocket-mewtwo-ex,0379,ogerpon-meganium-arboliva
4,1102,p2,0091,dragapult-dudunsparce,2034,hydreigon-ex
4,1103,p2,1992,dragapult-dusknoir,1827,ogerpon-meganium-hydrapple
4,1104,p2,1283,basic-box-m,1736,basic-box-m
4,1105,p2,1105,ogerpon-meganium-hydrapple,2120,starmie-dusknoir
4,1106,p1,0887,ogerpon-meganium-arboliva,1353,grimmsnarl-froslass
4,1107,p2,1722,n-zoroark,2146,ogerpon-meganium-hydrapple
4,1108,p2,0722,starmie-froslass,0862,alakazam-dudunsparce
4,1109,tie,1441,dragapult-blaziken,1810,rocket-mewtwo-ex
4,1110,p2,1797,grimmsnarl-froslass,1941,lucario-hariyama
4,1111,tie,1251,starmie-froslass,1011,basic-box-m
4,1112,p2,0201,dragapult-dusknoir,0921,ogerpon-meganium-arboliva
4,1113,p2,0307,starmie-froslass,1674,dragapult-dudunsparce
4,1114,p1,1107,cynthia-garchomp-ex,0158,hydreigon-ex
4,1115,p2,1768,dragapult-dusknoir,1212,alakazam-dudunsparce
4,1116,p1,0709,stevens-metagross,1550,ogerpon-meganium-arboliva
4,1117,p1,0913,lucario-hariyama,0822,mega-venusaur-ex
4,1118,tie,1974,ogerpon-meganium-hydrapple,0184,rocket-mewtwo-ex
4,1119,p2,1840,festival-lead,1588,dragapult-dudunsparce
4,1120,p1,0559,cynthia-garchomp-ex,2141,raging-bolt-ogerpon
4,1121,p1,0370,slowking-scr,2145,cynthia-garchomp-ex
4,1122,p2,0549,alakazam-dudunsparce,1103,stevens-metagross
4,1123,p2,1099,dragapult-dudunsparce,0410,hops-trevenant
4,1124,p1,1033,rocket-mewtwo-ex,1779,rockets-honchkrow
4,1125,p1,1155,ogerpon-meganium,1747,toxtricity-box
4,1126,p2,0102,clefairy-ogerpon,2096,archaludon-dudunsparce
4,1127,tie,2008,mega-venusaur-ex,1044,festival-lead
4,1128,p2,0556,dragapult-blaziken,1339,dragapult-ex
4,1129,p2,0741,n-zoroark,1780,rocket-mewtwo-ex
4,1130,p2,1032,dragapult-blaziken,1791,crustle-dri
4,1131,p1,0453,raging-bolt-ogerpon,1979,lopunny-dudunsparce
4,1132,p2,1546,dragapult-ex,1752,cynthia-garchomp-ex
4,1133,p2,1181,dragapult-dusknoir,1636,dragapult-dusknoir
4,1134,p2,0029,festival-lead,0936,crustle-dri
4,1135,p1,1573,dragapult-dudunsparce,1513,greninja-ex
4,1136,p2,1739,cynthia-garchomp-ex,1781,dragapult-dusknoir
4,1137,p1,0730,dragapult-dusknoir,1262,lucario-hariyama
4,1138,p1,0656,okidogi-barbaracle,0667,festival-lead
4,1139,tie,1167,starmie-froslass,1814,starmie-froslass
4,1140,p1,0133,dragapult-blaziken,0106,dragapult-dusknoir
4,1141,p2,1439,dragapult-ex,0422,dragapult-ex
4,1142,p2,1514,ethan-typhlosion,1913,ursaluna-lunatone
4,1143,p1,2022,rocket-mewtwo-ex,1203,n-zoroark
4,1144,p1,0879,alakazam-dudunsparce,2114,n-zoroark
4,1145,p2,1341,dragapult-ex,0578,dragapult-dudunsparce
4,1146,p2,0316,mega-venusaur-ex,0542,rockets-honchkrow
4,1147,p2,1962,rockets-honchkrow,1523,greninja-ex
4,1148,p2,1566,starmie-froslass,1133,ogerpon-meganium-arboliva
4,1149,p2,1427,dragapult-ex,1168,lucario-hariyama
4,1150,p1,0784,flareon-noctowl,0097,raging-bolt-ogerpon
4,1151,p1,0083,dragapult-dudunsparce,0961,archaludon-dudunsparce
4,1152,p2,1645,raging-bolt-ogerpon,0841,lopunny-dudunsparce
4,1153,p1,1912,dragapult-dudunsparce,1918,manectric-eelektrik
4,1154,p2,0229,crustle-dri,2113,basic-box-m
4,1155,p1,0986,dragapult-dudunsparce,0388,lopunny-dudunsparce
4,1156,p2,0275,flareon-noctowl,1868,dragapult-blaziken
4,1157,p1,1746,stevens-metagross,0548,clefairy-ogerpon
4,1158,p1,0884,dragapult-dusknoir,0927,greninja-ex
4,1159,tie,1231,rocket-spidops,1821,cynthia-garchomp-ex
4,1160,p1,1530,blaziken-zoroark,0031,dragapult-ex
4,1161,p2,1269,dragapult-blaziken,0544,lopunny-dudunsparce
4,1162,p1,0323,greninja-ex,1041,starmie-dusknoir
4,1163,p2,1047,raging-bolt-ogerpon,0683,rockets-honchkrow
4,1164,p2,0809,other,1219,other
4,1165,p2,0679,dragapult-dusknoir,0432,rocket-mewtwo-ex
4,1166,p1,1997,cynthia-garchomp-ex,0695,toxtricity-box
4,1167,p2,1136,hops-trevenant,1599,mega-venusaur-ex
4,1168,p1,0040,dragapult-dusknoir,0390,dragapult-dusknoir
4,1169,p1,2066,dragapult-blaziken,1773,grimmsnarl-froslass
4,1170,p1,1818,rockets-honchkrow,0624,ogerpon-meganium
4,1171,p2,0629,n-zoroark,0236,raging-bolt-ogerpon
4,1172,p2,1609,rocket-mewtwo-ex,0436,lopunny-dudunsparce
4,1173,p2,2137,lopunny-dudunsparce,0889,dragapult-blaziken
4,1174,p2,1685,dragapult-blaziken,0865,starmie-froslass
4,1175,p2,0959,dragapult-blaziken,0574,slowking-scr
4,1176,p1,1826,dragapult-blaziken,0105,crustle-dri
4,1177,p1,0892,toxtricity-box,0213,lucario-hariyama
4,1178,p1,1804,lopunny-dudunsparce,0597,crustle-dri
4,1179,p1,1295,dragapult-blaziken,1581,festival-lead
4,1180,tie,1849,mega-absol-box,1294,dragapult-ex
4,1181,p2,0855,mega-venusaur-ex,0508,okidogi-barbaracle
4,1182,p2,1021,dragapult-dudunsparce,0681,raging-bolt-ogerpon
4,1183,p2,1106,doublade-por,1188,rocket-mewtwo-ex
4,1184,tie,1159,toxtricity-pfl,1346,n-zoroark
4,1185,tie,0469,dragapult-ex,0801,starmie-froslass
4,1186,p1,1919,cynthia-garchomp-ex,1124,other
4,1187,tie,1607,dragapult-dusknoir,0186,toxtricity-box
4,1188,p2,0074,rocket-mewtwo-ex,2048,festival-lead
4,1189,p2,1617,rocket-mewtwo-ex,1949,cynthia-garchomp-ex
4,1190,p1,0697,grimmsnarl-froslass,1633,greninja-ex
4,1191,p1,0481,grimmsnarl-froslass,0491,raging-bolt-ogerpon
4,1192,p2,1491,okidogi-barbaracle,0165,decidueye-ex
4,1193,p1,0177,rocket-mewtwo-ex,0258,rocket-mewtwo-ex
4,1194,p2,1406,okidogi-barbaracle,1847,lopunny-dudunsparce
4,1195,p1,1850,dragapult-blaziken,0081,other
4,1196,p2,0443,decidueye-ex,0214,dudunsparce-control
4,1197,p2,2084,mega-abomasnow-ex,2144,cynthia-garchomp-ex
4,1198,p1,0787,rocket-mewtwo-ex,0891,okidogi-barbaracle
4,1199,p2,1079,ethan-typhlosion,2123,festival-lead
4,1200,p2,2058,stevens-metagross,1985,n-zoroark
4,1201,p2,1905,alakazam-dudunsparce,0937,rockets-honchkrow
4,1202,tie,0671,dragapult-dudunsparce,1585,starmie-froslass
4,1203,p1,0196,rocket-mewtwo-ex,1256,basic-box-m
4,1204,p2,0168,slowking-scr,1475,alakazam-dudunsparce
4,1205,p1,1119,raging-bolt-ogerpon,1108,dragapult-dudunsparce
4,1206,p2,1836,grimmsnarl-froslass,1430,rocket-mewtwo-ex
4,1207,p1,1628,kangaskhan-bouffalant,1053,greninja-froslass
4,1208,p2,0856,mega-starmie-ex,2147,rocket-porygon-z
4,1209,p1,2012,starmie-froslass,2133,rocket-mewtwo-ex
4,1210,p1,2083,rocket-mewtwo-ex,0054,dragapult-blaziken
4,1211,p2,1757,zygarde-barbaracle,0375,dragapult-dudunsparce
4,1212,p1,1398,lucario-hariyama,0703,lucario-hariyama
4,1213,p2,1501,blaziken-ex-jtg,1014,ogerpon-meganium-arboliva
4,1214,p1,0604,starmie-dusknoir,1563,n-zoroark
4,1215,p2,0902,dragapult-dusknoir,1257,raging-bolt-ogerpon
4,1216,p1,0066,lopunny-dudunsparce,0134,dragapult-blaziken
4,1217,p2,0270,dragapult-dudunsparce,1998,lucario-hariyama
4,1218,p2,0786,dragapult-blaziken,1134,flareon-noctowl
4,1219,p1,1456,dragapult-ex,1728,mega-froslass-ex
4,1220,p2,1929,mega-absol-box,1817,alakazam-dudunsparce
4,1221,p2,0267,hop-zacian,1870,rocket-mewtwo-ex
4,1222,p1,1676,lucario-hariyama,1455,lopunny-dudunsparce
4,1223,p1,2077,flareon-noctowl,0482,raging-bolt-ogerpon
4,1224,p1,1415,mega-venusaur-ex,1401,festival-lead
4,1225,p2,1314,dragapult-dusknoir,2142,n-zoroark
4,1226,p2,1595,cynthia-garchomp-ex,1285,slowking-scr
4,1227,p1,1338,cynthia-garchomp-ex,1770,n-zoroark
4,1228,p1,2138,dragapult-ex,0082,?
4,1229,p2,0796,hops-trevenant,1667,lopunny-dudunsparce
4,1230,p1,0594,dragapult-dusknoir,1130,rockets-honchkrow
4,1231,p2,1240,sharpedo-toxtricity,0807,starmie-froslass
4,1232,p2,2148,dragapult-dudunsparce,0231,dragapult-dudunsparce
4,1233,p1,1195,dragapult-dudunsparce,1670,lucario-hariyama
4,1234,p1,0251,cynthia-garchomp-ex,0621,dragapult-dudunsparce
4,1235,p1,0448,n-zoroark,1288,crustle-dri
4,1236,p1,0666,ogerpon-meganium-arboliva,0987,raging-bolt-ogerpon
4,1237,p2,0139,decidueye-ex,0611,dragapult-dusknoir
4,1238,tie,1318,diancie-dusknoir,0047,mega-zygarde-ex
4,1239,p1,1828,cynthia-garchomp-ex,0285,lucario-hariyama
4,1240,p1,0599,n-zoroark,0636,eelektrik-blk
4,1241,tie,0753,grimmsnarl-froslass,0329,dragapult-blaziken
4,1242,tie,0156,dragapult-dusknoir,0924,raging-bolt-ogerpon
4,1243,p2,0154,ogerpon-meganium-arboliva,1392,lucario-hariyama
4,1244,p2,1279,n-zoroark,0452,rocket-mewtwo-ex
4,1245,p1,0770,dragapult-ex,1583,archaludon-dudunsparce
4,1246,p1,1775,raging-bolt-ogerpon,1698,flareon-noctowl
4,1247,p1,0847,dragapult-dusknoir,1064,lucario-hariyama
4,1248,p2,1893,n-zoroark,1683,lucario-hariyama
4,1249,p1,0664,dragapult-ex,1360,hop-zacian
4,1250,p1,0540,rockets-honchkrow,0348,mega-feraligatr-ex
4,1251,p1,1097,lopunny-dudunsparce,1939,dragapult-dusknoir
4,1252,p2,1858,grimmsnarl-froslass,1298,slowking-scr
4,1253,p2,0947,other,1706,mega-venusaur-ex
4,1254,p2,1960,flareon-noctowl,1210,lopunny-dudunsparce
4,1255,p2,0145,diancie-dusknoir,1036,lopunny-dudunsparce
4,1256,p1,1637,doublade-por,1507,dragapult-ex
4,1257,p2,0238,festival-lead,1380,mega-abomasnow-ex
4,1258,p1,1421,lopunny-dudunsparce,0144,cynthia-garchomp-ex
4,1259,tie,0188,rocket-mewtwo-ex,0591,azumarill-ssp
4,1260,tie,1272,okidogi-barbaracle,1303,ethan-typhlosion
4,1261,tie,0305,dragapult-dudunsparce,1457,dragapult-ex
4,1262,p2,1672,mega-lucario-ex,0673,rocket-mewtwo-ex
4,1263,p2,0449,grimmsnarl-froslass,1087,n-zoroark
4,1264,p1,1061,raging-bolt-ogerpon,1237,flareon-noctowl
4,1265,tie,0131,flareon-noctowl,1820,mega-venusaur-ex
4,1266,p2,0932,starmie-dusknoir,2024,ogerpon-meganium-arboliva
4,1267,p1,0872,lopunny-dusknoir,1987,n-zoroark
4,1268,p2,0025,other,0342,starmie-froslass
4,1269,tie,0743,other,0499,lucario-hariyama
4,1270,p2,1464,blaziken-ex-jtg,0211,raging-bolt-ogerpon
4,1271,p1,1498,lopunny-dudunsparce,1710,cynthia-garchomp-ex
4,1272,p2,0903,lopunny-dudunsparce,0813,starmie-froslass
4,1273,p2,0692,dragapult-dusknoir,1090,rocket-mewtwo-ex
4,1274,p2,1702,n-zoroark,0652,ogerpon-meganium
4,1275,p1,0845,festival-lead,1343,other
4,1276,p2,0870,dragapult-blaziken,1234,ogerpon-meganium-hydrapple
4,1277,p1,0244,hops-trevenant,0095,ethan-typhlosion
4,1278,tie,0708,alakazam-dudunsparce,0725,froslass-munkidori
4,1279,tie,0759,dragapult-dudunsparce,1481,dragapult-ex
4,1280,p1,1163,n-zoroark,1479,cynthia-garchomp-ex
4,1281,p1,0013,n-zoroark,1026,ogerpon-meganium-arboliva
4,1282,p1,0331,iono-bellibolt,2051,toxtricity-box
4,1283,p2,0677,alakazam-dudunsparce,0427,rocket-mewtwo-ex
4,1284,p2,0587,ogerpon-meganium,0670,lucario-hariyama
4,1285,p2,0069,dragapult-dudunsparce,1127,dragapult-dudunsparce
4,1286,p2,0241,rocket-mewtwo-ex,1859,dragapult-ex
4,1287,tie,0700,other,1171,ogerpon-meganium-hydrapple
4,1288,p1,2143,lucario-hariyama,0914,greninja-froslass
4,1289,p1,0430,starmie-dusknoir,1436,grimmsnarl-froslass
4,1290,tie,1687,cynthia-garchomp-ex,1126,lucario-hariyama
4,1291,p2,2033,dragapult-dusknoir,0219,clefairy-ogerpon
4,1292,p2,1659,rocket-mewtwo-ex,0620,mega-venusaur-ex
4,1293,tie,0775,alakazam-dudunsparce,1772,lucario-hariyama
4,1294,p1,1605,starmie-dusknoir,1970,ogerpon-meganium-hydrapple
4,1295,p1,1278,ogerpon-meganium,0844,?
4,1296,p1,0791,n-zoroark,2068,mega-venusaur-ex
4,1297,p1,0522,ogerpon-meganium-hydrapple,0989,cynthia-garchomp-ex
4,1298,p2,2106,lopunny-dudunsparce,0995,dragapult-dusknoir
4,1299,p2,1324,mega-starmie-ex,1908,dragapult-ex
4,1300,p2,0294,yanmega-ex,1724,dragapult-dudunsparce
4,1301,p1,0299,rocket-mewtwo-ex,1824,n-zoroark
4,1302,p2,1517,rocket-mewtwo-ex,1045,dragapult-ex
4,,bye,1948,starmie-froslass,,
5,251,p1,0001,raging-bolt-ogerpon,2045,rocket-mewtwo-ex
5,254,tie,2129,rocket-mewtwo-ex,0005,festival-lead
5,255,p1,1828,cynthia-garchomp-ex,0008,n-zoroark
5,256,p1,0010,lopunny-dudunsparce,0271,crustle-dri
5,257,p2,0011,dragapult-dudunsparce,0879,alakazam-dudunsparce
5,258,tie,0014,lopunny-dudunsparce,1679,dragapult-dudunsparce
5,259,p1,0015,other,1374,okidogi-twm
5,260,p2,1356,ogerpon-meganium-arboliva,0018,starmie-dusknoir
5,261,p1,0020,dragapult-ex,0100,alakazam-dudunsparce
5,262,p2,1314,dragapult-dusknoir,0022,mega-abomasnow-ex
5,263,p1,1075,cynthia-garchomp-ex,0024,cynthia-garchomp-ex
5,264,p1,0963,dragapult-blaziken,0026,ogerpon-meganium-hydrapple
5,265,p1,0802,ogerpon-meganium-hydrapple,0027,dragapult-ex
5,266,p2,0030,alakazam-dudunsparce,0314,dragapult-dusknoir
5,267,p2,1716,cynthia-garchomp-ex,0032,starmie-froslass
5,268,p1,0033,lucario-hariyama,0116,lopunny-dudunsparce
5,269,p2,0555,ogerpon-meganium-hydrapple,0036,flareon-noctowl
5,270,p1,0144,cynthia-garchomp-ex,0038,crustle-dri
5,271,p1,0039,cynthia-garchomp-ex,1813,rocket-mewtwo-ex
5,272,p2,0041,starmie-froslass,0756,starmie-froslass
5,273,p2,0043,dragapult-dudunsparce,0659,raging-bolt-ogerpon
5,275,tie,1975,cynthia-garchomp-ex,0048,alakazam-dudunsparce
5,276,tie,1871,dragapult-dusknoir,1697,festival-lead
5,278,p2,0266,cynthia-garchomp-ex,0053,alakazam-dudunsparce
5,279,tie,0056,raging-bolt-ogerpon,1924,dragapult-ex
5,280,p2,0846,rockets-honchkrow,1233,dragapult-dusknoir
5,281,p1,0691,lucario-hariyama,1426,mega-abomasnow-ex
5,282,p1,1222,lopunny-dudunsparce,0219,clefairy-ogerpon
5,284,p1,0051,starmie-froslass,1109,flareon-noctowl
5,285,p2,0175,ogerpon-meganium-arboliva,1870,rocket-mewtwo-ex
5,286,tie,0830,dragapult-dusknoir,0513,lopunny-dudunsparce
5,287,p1,1253,dragapult-ex,1771,raging-bolt-ogerpon
5,288,p1,0364,festival-lead,0166,lopunny-dudunsparce
5,289,p2,1259,dragapult-dusknoir,2042,cynthia-garchomp-ex
5,290,p2,0052,ogerpon-meganium-hydrapple,1296,dragapult-ex
5,291,p1,0366,dragapult-ex,1646,alakazam-dudunsparce
5,292,tie,1431,dragapult-dusknoir,1383,alakazam-dudunsparce
5,293,p2,0979,raging-bolt-ogerpon,1477,rockets-honchkrow
5,294,p2,0086,lucario-hariyama,1831,dragapult-dudunsparce
5,295,p1,0064,lopunny-dudunsparce,0252,raging-bolt-ogerpon
5,296,p2,0529,dragapult-dusknoir,0488,dragapult-ex
5,297,p2,1509,cynthia-garchomp-ex,0684,dragapult-ex
5,298,p1,2043,dragapult-ex,1502,rockets-honchkrow
5,299,p2,0619,lopunny-dudunsparce,0111,alakazam-dudunsparce
5,300,p1,0781,dragapult-blaziken,0497,dragapult-dudunsparce
5,301,p1,0223,festival-lead,0630,basic-box-m
5,302,p2,1112,rockets-honchkrow,1624,dragapult-blaziken
5,303,p2,0176,raging-bolt-ogerpon,0062,dragapult-dudunsparce
5,304,p2,1754,dragapult-dusknoir,0210,dragapult-ex
5,305,p2,0146,dragapult-dusknoir,0155,dragapult-dusknoir
5,306,p1,0397,lopunny-dudunsparce,1729,rocket-mewtwo-ex
5,307,p1,1972,n-zoroark,1788,dragapult-ex
5,308,tie,1144,dragapult-blaziken,1483,rocket-mewtwo-ex
5,309,p2,1204,festival-lead,1660,dragapult-ex
5,310,tie,1299,n-zoroark,0117,okidogi-barbaracle
5,311,p2,0119,slowking-scr,0977,lopunny-dudunsparce
5,312,p1,2119,alakazam-dudunsparce,1888,raging-bolt-ogerpon
5,313,p2,0199,dragapult-ex,1414,lopunny-dudunsparce
5,314,tie,1967,raging-bolt-ogerpon,0538,dragapult-ex
5,315,p1,0402,dragapult-ex,0736,lopunny-dudunsparce
5,316,p1,1474,lucario-hariyama,0821,mega-lucario-ex
5,317,p1,1664,clefairy-ogerpon,0675,dragapult-ex
5,318,p1,0232,ogerpon-meganium-hydrapple,2121,mega-lucario-ex
5,319,p1,0686,basic-box-m,1890,raging-bolt-ogerpon
5,320,p2,0147,lopunny-dudunsparce,1238,dragapult-dudunsparce
5,321,tie,0311,rockets-honchkrow,1362,grimmsnarl-froslass
5,322,tie,0733,dragapult-ex,1867,lopunny-dudunsparce
5,323,p1,1139,cynthia-garchomp-ex,0912,dragapult-dusknoir
5,324,p2,0128,raging-bolt-ogerpon,2018,dragapult-dudunsparce
5,325,p2,0004,mega-venusaur-ex,0149,n-zoroark
5,326,p1,1012,starmie-froslass,1358,festival-lead
5,327,p1,1082,raging-bolt-ogerpon,0302,dragapult-dusknoir
5,328,p1,0650,lopunny-dudunsparce,0385,dragapult-ex
5,329,tie,2078,alakazam-dudunsparce,0387,dragapult-dudunsparce
5,330,p2,0694,dragapult-ex,1904,other
5,331,p2,0357,greninja-froslass,0946,dragapult-dudunsparce
5,332,p1,0819,raging-bolt-ogerpon,1192,starmie-froslass
5,333,p1,0923,rocket-mewtwo-ex,2100,dragapult-dusknoir
5,334,p1,0547,dragapult-dudunsparce,2091,ogerpon-meganium-arboliva
5,335,p1,1030,festival-lead,0483,cynthia-garchomp-ex
5,336,p1,1422,grimmsnarl-froslass,1499,lucario-hariyama
5,337,tie,1649,dragapult-ex,1325,dragapult-ex
5,338,tie,0276,rockets-honchkrow,1282,dragapult-dusknoir
5,339,p2,0500,raging-bolt-ogerpon,1265,alakazam-dudunsparce
5,340,p2,0349,ogerpon-meganium-arboliva,1769,ogerpon-meganium-arboliva
5,341,p2,1562,rockets-honchkrow,0627,dragapult-dudunsparce
5,342,p1,1435,dragapult-ex,1503,rockets-honchkrow
5,343,tie,0728,dragapult-ex,0896,dragapult-dudunsparce
5,344,p2,1792,cynthia-garchomp-ex,0864,dragapult-ex
5,345,p1,0717,lucario-hariyama,0751,okidogi-barbaracle
5,346,p2,1487,alakazam-dudunsparce,0576,dragapult-blaziken
5,347,p1,0280,dragapult-ex,1100,dragapult-dusknoir
5,348,p2,0247,dragapult-blaziken,1875,alakazam-dudunsparce
5,349,p1,1009,rockets-honchkrow,1157,lopunny-dudunsparce
5,350,p1,0466,raging-bolt-ogerpon,0749,lopunny-dudunsparce
5,351,p2,1352,grimmsnarl-froslass,2131,raging-bolt-ogerpon
5,352,p1,0373,cynthia-garchomp-ex,1122,lopunny-dudunsparce
5,353,tie,1376,dragapult-ex,1894,ogerpon-meganium-hydrapple
5,354,p1,0317,dragapult-ex,0194,dragapult-blaziken
5,355,p2,1186,dragapult-blaziken,1784,raging-bolt-ogerpon
5,356,p2,0222,dragapult-ex,1184,ogerpon-meganium-arboliva
5,357,p2,1755,dragapult-dusknoir,1662,lucario-hariyama
5,358,p1,2076,rocket-mewtwo-ex,1796,ogerpon-meganium-hydrapple
5,359,p2,1759,dragapult-ex,0132,dragapult-ex
5,360,p2,1453,ethan-typhlosion,1405,dragapult-dudunsparce
5,361,p2,0503,raging-bolt-ogerpon,0391,alakazam-dudunsparce
5,362,tie,1945,dragapult-blaziken,2082,lopunny-dudunsparce
5,363,p2,1131,raging-bolt-ogerpon,1387,dragapult-dudunsparce
5,364,p2,0750,basic-box-m,1449,lopunny-dudunsparce
5,365,tie,2023,dragapult-blaziken,0586,clefairy-ogerpon
5,366,p2,1718,mega-lucario-ex,0206,dragapult-ex
5,367,p2,0614,n-zoroark,0057,ogerpon-meganium-arboliva
5,368,p1,1190,raging-bolt-ogerpon,1407,starmie-froslass
5,369,p2,0061,rocket-mewtwo-ex,2117,cynthia-garchomp-ex
5,370,p1,0866,ogerpon-meganium-arboliva,1749,raging-bolt-ogerpon
5,371,p2,1971,dragapult-dudunsparce,1280,lopunny-dudunsparce
5,372,p1,0490,ogerpon-meganium-arboliva,0303,rocket-mewtwo-ex
5,373,p2,0642,n-zoroark,1072,festival-lead
5,374,p1,0718,lopunny-dudunsparce,2125,raging-bolt-ogerpon
5,375,p1,1086,ogerpon-meganium-hydrapple,1013,lopunny-dudunsparce
5,376,p1,0272,greninja-ex,0077,cynthia-garchomp-ex
5,377,tie,0707,mega-lucario-ex,0463,ogerpon-meganium-arboliva
5,378,p1,1833,lopunny-dudunsparce,1088,n-zoroark
5,379,p2,1183,dragapult-dusknoir,0688,n-zoroark
5,380,p2,0354,mega-froslass-ex,0306,alakazam-dudunsparce
5,381,p2,0108,festival-lead,0938,n-zoroark
5,382,p1,1933,lucario-hariyama,0769,clefairy-ogerpon
5,383,p1,0779,dragapult-ex,0514,rockets-honchkrow
5,384,p1,1056,hops-trevenant,0440,greninja-ex
5,385,p2,0607,other,1165,festival-lead
5,386,p1,1643,starmie-froslass,0848,dragapult-dudunsparce
5,387,p1,0638,ogerpon-meganium-arboliva,1070,alakazam-dudunsparce
5,388,p2,1225,cynthia-garchomp-ex,0991,festival-lead
5,389,p1,0319,rocket-mewtwo-ex,0992,greninja-ex
5,390,p1,1467,raging-bolt-ogerpon,1608,dragapult-ex
5,391,p2,1822,festival-lead,1480,dragapult-dusknoir
5,392,p2,1592,starmie-froslass,2007,dragapult-ex
5,393,tie,2097,raging-bolt-ogerpon,1673,dragapult-blaziken
5,394,tie,1547,cynthia-garchomp-ex,2107,alakazam-dudunsparce
5,395,p1,0955,lucario-hariyama,1886,ogerpon-meganium-hydrapple
5,396,p2,0433,mega-lucario-ex,0273,dragapult-dusknoir
5,397,p2,0318,starmie-dusknoir,0263,alakazam-dudunsparce
5,398,p2,0164,raging-bolt-ogerpon,1584,alakazam-dudunsparce
5,399,p2,1798,festival-lead,2134,raging-bolt-ogerpon
5,400,p1,0286,dragapult-dusknoir,0696,cynthia-garchomp-ex
5,401,p1,2052,dragapult-ex,1169,starmie-froslass
5,402,p2,0634,lopunny-dudunsparce,1104,raging-bolt-ogerpon
5,403,p2,1315,raging-bolt-ogerpon,2064,greninja-ex
5,404,p1,1720,alakazam-dudunsparce,0996,raging-bolt-ogerpon
5,405,p1,0563,mega-lucario-ex,1046,lopunny-dudunsparce
5,406,p2,1978,raging-bolt-ogerpon,0059,alakazam-dudunsparce
5,407,p1,0380,greninja-ex,0401,lopunny-dudunsparce
5,408,p2,1031,dragapult-dusknoir,0171,dragapult-blaziken
5,409,p1,1832,festival-lead,0445,dragapult-dusknoir
5,410,p2,1753,raging-bolt-ogerpon,1250,festival-lead
5,411,p1,0516,ogerpon-meganium-hydrapple,0291,alakazam-dudunsparce
5,412,p1,1602,ogerpon-meganium-arboliva,0605,rockets-honchkrow
5,413,p1,0122,raging-bolt-ogerpon,2088,dragapult-blaziken
5,414,p2,0037,rocket-mewtwo-ex,1297,raging-bolt-ogerpon
5,415,p2,1537,festival-lead,1002,lopunny-dudunsparce
5,416,p2,1569,raging-bolt-ogerpon,2150,ogerpon-meganium-arboliva
5,417,p1,0788,ogerpon-meganium-arboliva,1077,lopunny-dudunsparce
5,418,p1,0773,dragapult-ex,0501,dragapult-dudunsparce
5,419,p1,0242,festival-lead,1068,ogerpon-meganium-hydrapple
5,420,tie,1709,dragapult-ex,1986,dragapult-dudunsparce
5,421,p2,0757,mega-froslass-ex,1202,other
5,422,p2,1417,dragapult-ex,0710,diancie-dusknoir
5,423,p2,1089,ogerpon-meganium-arboliva,1539,slowking-scr
5,424,p1,1069,raging-bolt-ogerpon,0328,mega-venusaur-ex
5,425,tie,0895,raging-bolt-ogerpon,1630,hops-trevenant
5,426,p2,0282,dragapult-ex,1963,alakazam-dudunsparce
5,427,p2,1463,dragapult-dusknoir,2014,mega-lucario-ex
5,428,p2,1372,starmie-froslass,2013,mega-lucario-ex
5,429,p1,1391,alakazam-dudunsparce,0840,raging-bolt-ogerpon
5,430,p2,2040,ogerpon-meganium-hydrapple,1078,raging-bolt-ogerpon
5,431,p2,0826,ogerpon-meganium-arboliva,0421,starmie-dusknoir
5,432,p1,0326,cynthia-garchomp-ex,0657,rocket-mewtwo-ex
5,433,p2,1327,lopunny-dudunsparce,0857,lopunny-dudunsparce
5,434,p2,0183,dragapult-ex,0444,lucario-hariyama
5,435,p1,1085,cynthia-garchomp-ex,1226,lopunny-dudunsparce
5,436,p2,1404,n-zoroark,1615,cynthia-garchomp-ex
5,437,p2,1543,lopunny-dudunsparce,2105,dragapult-blaziken
5,438,p1,0644,raging-bolt-ogerpon,0065,cynthia-garchomp-ex
5,439,p2,1558,clefairy-ogerpon,0528,rocket-spidops
5,440,p1,1132,dragapult-blaziken,0170,dragapult-dudunsparce
5,441,p1,0925,lopunny-dudunsparce,1552,starmie-froslass
5,442,p2,0279,ogerpon-meganium-hydrapple,1935,festival-lead
5,443,p1,2065,n-zoroark,0713,dragapult-ex
5,444,p2,1596,festival-lead,0298,dragapult-ex
5,445,p1,0704,rocket-mewtwo-ex,2031,dragapult-dudunsparce
5,446,p1,0333,basic-box-m,1166,n-zoroark
5,447,p1,1927,dragapult-dusknoir,0071,n-zoroark
5,448,p1,2026,starmie-dusknoir,1118,dragapult-blaziken
5,449,p1,2086,dragapult-dudunsparce,0407,alakazam-dudunsparce
5,450,p1,2090,n-zoroark,0012,dragapult-dusknoir
5,451,p1,0600,starmie-froslass,1693,ogerpon-meganium-arboliva
5,452,p2,0172,other,1553,rockets-honchkrow
5,453,p1,0459,festival-lead,1468,dragapult-dudunsparce
5,454,p1,0755,dragapult-dudunsparce,1623,raging-bolt-ogerpon
5,455,p1,0702,n-zoroark,0792,basic-box-m
5,456,p1,0096,lopunny-dudunsparce,0776,alakazam-dudunsparce
5,457,p1,2050,raging-bolt-ogerpon,0849,n-zoroark
5,458,p1,1889,dragapult-dusknoir,1851,okidogi-barbaracle
5,459,tie,0888,slowking-scr,0660,ogerpon-meganium-hydrapple
5,460,p1,1705,alakazam-dudunsparce,0883,lopunny-dudunsparce
5,461,p2,0185,ogerpon-meganium-hydrapple,2054,festival-lead
5,462,tie,0502,dragapult-blaziken,0405,dragapult-blaziken
5,463,tie,0322,festival-lead,0261,ogerpon-meganium-arboliva
5,464,p2,0475,dragapult-dudunsparce,1180,ogerpon-meganium-hydrapple
5,465,p2,0885,dragapult-dudunsparce,1366,lucario-hariyama
5,466,p1,1249,lopunny-dudunsparce,0687,dragapult-dudunsparce
5,467,p2,1861,alakazam-dudunsparce,0182,festival-lead
5,468,p1,0290,alakazam-dudunsparce,1991,dragapult-dusknoir
5,469,p1,0408,rocket-mewtwo-ex,1007,clefairy-ogerpon
5,470,p1,1400,starmie-dusknoir,0562,dragapult-ex
5,471,p1,0429,dragapult-dusknoir,0825,dragapult-dudunsparce
5,472,p2,1955,cynthia-garchomp-ex,0207,rocket-mewtwo-ex
5,473,p1,1370,dragapult-dusknoir,1438,festival-lead
5,474,p1,2044,kangaskhan-bouffalant,1766,lopunny-dudunsparce
5,475,p1,0068,dragapult-ex,1230,starmie-dusknoir
5,476,p1,0169,mega-lucario-ex,0871,lopunny-dudunsparce
5,477,p1,0647,raging-bolt-ogerpon,0153,lopunny-dudunsparce
5,478,p2,1148,festival-lead,1308,alakazam-dudunsparce
5,479,p1,1287,alakazam-dudunsparce,0310,n-zoroark
5,480,p1,0457,lopunny-dudunsparce,0589,basic-box-m
5,481,p1,0817,dragapult-blaziken,1940,ogerpon-meganium-hydrapple
5,482,tie,1642,rocket-mewtwo-ex,1005,clefairy-ogerpon
5,483,p2,0635,festival-lead,0243,dragapult-blaziken
5,484,p1,0007,dragapult-dusknoir,2028,dragapult-ex
5,485,p1,1476,grimmsnarl-froslass,0533,hops-trevenant
5,486,p1,1542,mega-lucario-ex,0766,starmie-dusknoir
5,487,p1,1306,n-zoroark,0002,lopunny-dudunsparce
5,488,p1,1143,dragapult-dudunsparce,1616,festival-lead
5,489,p1,1898,dragapult-blaziken,0458,ogerpon-meganium-arboliva
5,490,p1,1947,dragapult-ex,0764,dragapult-dudunsparce
5,491,p1,0141,dragapult-ex,1377,cynthia-garchomp-ex
5,492,p1,1493,ogerpon-meganium-arboliva,1730,n-zoroark
5,493,p1,0837,raging-bolt-ogerpon,0943,greninja-ex
5,494,p1,1023,dragapult-dudunsparce,1675,ogerpon-meganium-arboliva
5,495,p1,1648,okidogi-barbaracle,0962,dragapult-ex
5,496,p1,0804,lopunny-dudunsparce,1345,raging-bolt-ogerpon
5,497,p1,1806,raging-bolt-ogerpon,1266,basic-box-m
5,498,p2,0451,ogerpon-meganium-arboliva,0824,dragapult-ex
5,499,p2,1932,rocket-mewtwo-ex,0045,dragapult-dudunsparce
5,500,p1,0904,raging-bolt-ogerpon,1848,raging-bolt-ogerpon
5,501,p1,1535,ogerpon-meganium-hydrapple,0344,lopunny-dudunsparce
5,502,p1,0265,dragapult-dusknoir,1899,festival-lead
5,503,tie,1412,rocket-mewtwo-ex,0803,dragapult-blaziken
5,504,p1,0058,festival-lead,0551,dragapult-dudunsparce
5,505,p1,0762,dragapult-blaziken,1719,festival-lead
5,506,p2,1982,dragapult-ex,1531,raging-bolt-ogerpon
5,507,tie,1470,lopunny-dudunsparce,1688,ogerpon-meganium-arboliva
5,508,p1,0580,dragapult-dudunsparce,2069,clefairy-ogerpon
5,509,p1,0523,lopunny-dudunsparce,0715,cynthia-garchomp-ex
5,510,p1,1029,rocket-mewtwo-ex,0203,alakazam-dudunsparce
5,511,p2,1790,rockets-honchkrow,0439,dragapult-ex
5,512,tie,1340,sharpedo-toxtricity,0565,rockets-honchkrow
5,513,p2,1639,lopunny-dudunsparce,0874,dragapult-ex
5,514,p2,1359,rockets-honchkrow,1825,dragapult-blaziken
5,515,p1,0693,festival-lead,1872,dragapult-dusknoir
5,516,p2,1865,n-zoroark,0235,dragapult-blaziken
5,517,tie,1268,raging-bolt-ogerpon,0768,dragapult-ex
5,518,p1,1520,crustle-dri,1458,grimmsnarl-froslass
5,519,p2,1205,dragapult-ex,0526,festival-lead
5,520,p1,0050,archaludon-dudunsparce,0227,dragapult-ex
5,521,p1,0794,lopunny-dudunsparce,0740,sharpedo-toxtricity
5,522,tie,1258,dragapult-dudunsparce,0592,cynthia-garchomp-ex
5,523,p2,1199,rockets-honchkrow,0880,other
5,524,p1,1634,lopunny-dudunsparce,0905,lucario-hariyama
5,525,tie,1909,dragapult-ex,0869,dragapult-dudunsparce
5,526,p2,1034,flareon-noctowl,1162,dragapult-ex
5,527,p1,2011,festival-lead,1080,hops-trevenant
5,528,p2,1261,n-zoroark,1310,rocket-mewtwo-ex
5,529,tie,1277,dragapult-ex,1751,dragapult-ex
5,530,p1,1010,festival-lead,1428,cynthia-garchomp-ex
5,531,p1,0335,dragapult-ex,0094,lopunny-dudunsparce
5,532,p1,1472,dragapult-ex,0571,dragapult-dudunsparce
5,533,p1,1869,crustle-dri,1357,dragapult-dusknoir
5,534,p2,1952,raging-bolt-ogerpon,1368,dragapult-dusknoir
5,535,p1,1158,dragapult-dusknoir,1270,rocket-mewtwo-ex
5,536,p1,1497,dragapult-ex,0087,dragapult-blaziken
5,537,p2,0512,ogerpon-meganium-hydrapple,1197,basic-box-m
5,538,p2,0957,festival-lead,0492,dragapult-dusknoir
5,539,p1,0519,hops-trevenant,0823,lopunny-dudunsparce
5,540,p2,1386,ogerpon-meganium-hydrapple,1489,crustle-dri
5,541,p2,1795,raging-bolt-ogerpon,0123,alakazam-dudunsparce
5,542,p2,1732,dragapult-dudunsparce,0485,alakazam-dudunsparce
5,543,p2,0967,dragapult-blaziken,0767,dragapult-dudunsparce
5,544,p1,0216,cynthia-garchomp-ex,1923,dragapult-dusknoir
5,545,tie,0079,lucario-hariyama,0890,dragapult-ex
5,546,p1,0347,dragapult-dudunsparce,1408,lucario-hariyama
5,547,p1,1017,rockets-honchkrow,1022,ursaluna-lunatone
5,548,p1,0338,dragapult-ex,0150,dragapult-dusknoir
5,549,p1,1926,dragapult-dudunsparce,1951,dragapult-blaziken
5,550,p2,0655,lopunny-dudunsparce,1334,okidogi-barbaracle
5,551,p1,0714,dragapult-dudunsparce,0552,alakazam-dudunsparce
5,552,p2,0281,raging-bolt-ogerpon,1666,dragapult-dudunsparce
5,553,p1,1494,n-zoroark,0233,rockets-honchkrow
5,554,p2,0531,n-zoroark,0747,raging-bolt-ogerpon
5,555,tie,1652,dragapult-blaziken,0098,dragapult-blaziken
5,556,p1,0084,dragapult-ex,0706,dragapult-dusknoir
5,557,p2,1027,festival-lead,0572,grimmsnarl-froslass
5,558,p1,0954,lopunny-dudunsparce,1561,rocket-mewtwo-ex
5,559,p1,0019,lucario-hariyama,1734,festival-lead
5,560,p1,0474,cynthia-garchomp-ex,1877,n-zoroark
5,561,p1,0284,rocket-mewtwo-ex,0873,dragapult-ex
5,562,p2,0545,dragapult-ex,0386,n-zoroark
5,563,p2,0780,cynthia-garchomp-ex,1460,raging-bolt-ogerpon
5,564,p1,1758,alakazam-dudunsparce,0968,lucario-hariyama
5,565,p2,1354,dragapult-ex,1989,ogerpon-meganium-arboliva
5,566,p2,0973,ethan-typhlosion,0212,mega-lucario-ex
5,567,p1,1930,dragapult-ex,0886,raging-bolt-ogerpon
5,568,p1,1651,dragapult-dudunsparce,0668,rockets-honchkrow
5,569,p1,0761,ogerpon-meganium-arboliva,2062,lopunny-dudunsparce
5,570,p2,1529,dragapult-dudunsparce,0455,n-zoroark
5,571,p1,0269,slowking-scr,0465,dragapult-blaziken
5,572,p1,1830,azumarill-ssp,1577,mega-lucario-ex
5,573,p1,1451,dragapult-ex,0622,rocket-mewtwo-ex
5,574,p2,1000,ceruledge-ex,0860,okidogi-barbaracle
5,575,p1,2073,rockets-honchkrow,1178,grimmsnarl-froslass
5,576,p2,0853,flareon-noctowl,1860,ursaluna-lunatone
5,577,tie,1164,rockets-honchkrow,1981,okidogi-barbaracle
5,578,p2,1829,dragapult-ex,0424,archaludon-dudunsparce
5,579,p1,1482,kangaskhan-bouffalant,1789,tera-box
5,580,tie,1914,ogerpon-meganium-hydrapple,1600,rockets-honchkrow
5,581,tie,1209,dragapult-blaziken,2039,dragapult-dudunsparce
5,582,p1,1910,rockets-honchkrow,1610,dragapult-blaziken
5,583,tie,1590,ogerpon-meganium-arboliva,0550,dragapult-blaziken
5,584,p2,1691,alakazam-dudunsparce,1292,lopunny-dudunsparce
5,585,tie,2022,rocket-mewtwo-ex,0411,dragapult-dusknoir
5,586,p1,0746,raging-bolt-ogerpon,0413,rockets-honchkrow
5,587,p1,1236,clefairy-ogerpon,1260,cynthia-garchomp-ex
5,588,p2,0228,rocket-mewtwo-ex,0828,festival-lead
5,589,p1,0682,ogerpon-meganium-hydrapple,0332,dragapult-dudunsparce
5,590,p2,1793,?,0859,dragapult-ex
5,591,p2,1606,dragapult-ex,1684,dragapult-blaziken
5,592,p2,0470,dragapult-dusknoir,0738,cynthia-garchomp-ex
5,593,p1,0124,dragapult-dudunsparce,1488,dragapult-dusknoir
5,594,p2,1336,dragapult-dusknoir,0570,n-zoroark
5,595,p2,0532,okidogi-barbaracle,0437,crustle-dri
5,596,p1,1038,lucario-hariyama,1917,starmie-froslass
5,597,p1,1626,rocket-mewtwo-ex,1682,alakazam-dudunsparce
5,598,p1,2089,basic-box-m,1959,n-zoroark
5,599,p2,0839,ogerpon-meganium-hydrapple,1395,alakazam-dudunsparce
5,600,p1,0174,dragapult-dudunsparce,1379,palafin-ex
5,601,p1,0296,lopunny-dudunsparce,0493,crustle-dri
5,602,tie,1725,raging-bolt-ogerpon,0665,kangaskhan-bouffalant
5,603,p2,1703,rocket-mewtwo-ex,0701,dragapult-ex
5,604,tie,0107,cynthia-garchomp-ex,1996,n-zoroark
5,605,p1,0193,n-zoroark,1320,cynthia-garchomp-ex
5,606,tie,1185,cynthia-garchomp-ex,1227,grimmsnarl-froslass
5,607,p1,0997,ogerpon-meganium-hydrapple,1540,grimmsnarl-froslass
5,608,p2,1245,alakazam-dudunsparce,0829,alakazam-dudunsparce
5,609,p2,0249,alakazam-dudunsparce,1321,clefairy-ogerpon
5,610,p2,1776,toxtricity-pfl,0023,dragapult-dusknoir
5,611,p2,0613,dragapult-dudunsparce,0394,basic-box-m
5,612,tie,1018,dragapult-blaziken,0999,rocket-mewtwo-ex
5,613,p2,0727,dragapult-blaziken,2041,dragapult-dusknoir
5,614,p2,1312,rocket-mewtwo-ex,1536,dragapult-ex
5,615,p2,0926,dragapult-dusknoir,1473,sharpedo-toxtricity
5,616,tie,0446,dragapult-dusknoir,1983,dragapult-dudunsparce
5,617,p2,1019,dragapult-froslass,0324,dragapult-blaziken
5,618,p1,0603,okidogi-barbaracle,0654,rockets-honchkrow
5,619,p1,1809,cynthia-garchomp-ex,1707,lopunny-dudunsparce
5,620,p2,0419,lucario-hariyama,1349,dragapult-dusknoir
5,621,p2,1092,festival-lead,1093,okidogi-barbaracle
5,622,p1,1274,ogerpon-meganium-arboliva,0623,raging-bolt-ogerpon
5,623,p2,0852,ogerpon-meganium-arboliva,1669,lopunny-dudunsparce
5,624,tie,0763,cynthia-garchomp-ex,0985,rocket-mewtwo-ex
5,625,p1,1116,mega-absol-box,1579,dragapult-dudunsparce
5,626,p2,1302,alakazam-dudunsparce,0478,dragapult-dudunsparce
5,627,p2,1490,mega-venusaur-ex,0669,lopunny-dudunsparce
5,628,tie,1597,dragapult-dudunsparce,1505,mega-lucario-ex
5,629,p2,1852,alakazam-dudunsparce,0138,n-zoroark
5,630,p2,1961,dragapult-dusknoir,0085,dragapult-blaziken
5,631,p1,0248,rockets-honchkrow,0672,grimmsnarl-froslass
5,632,p2,1878,rocket-mewtwo-ex,0495,festival-lead
5,633,tie,0461,cynthia-garchomp-ex,1632,dragapult-dusknoir
5,634,tie,1743,dragapult-blaziken,0831,basic-box-m
5,635,tie,1243,lopunny-dudunsparce,1152,lucario-hariyama
5,636,tie,1762,lucario-hariyama,1216,lopunny-dudunsparce
5,637,p1,1556,grimmsnarl-froslass,2000,dragapult-dusknoir
5,638,p1,1745,raging-bolt-ogerpon,0438,n-zoroark
5,639,p2,1571,toxtricity-box,1066,dragapult-ex
5,640,p2,2081,cynthia-garchomp-ex,1527,dragapult-ex
5,641,p2,0093,lopunny-dudunsparce,1508,rockets-honchkrow
5,642,p1,0561,rocket-mewtwo-ex,1695,dragapult-ex
5,643,p1,0277,basic-box-m,1708,dragapult-blaziken
5,644,p2,0910,alakazam-dudunsparce,1004,rockets-honchkrow
5,645,p2,1777,dragapult-ex,0301,?
5,646,p2,1538,cynthia-garchomp-ex,1748,dragapult-dudunsparce
5,647,tie,1173,raging-bolt-ogerpon,0734,ogerpon-meganium-hydrapple
5,648,p2,0593,raging-bolt-ogerpon,0960,festival-lead
5,649,p2,2021,?,2080,dragapult-ex
5,650,p1,0173,ogerpon-meganium-arboliva,0541,ogerpon-meganium
5,651,p2,0181,starmie-froslass,2135,starmie-froslass
5,652,p1,1076,festival-lead,1557,greninja-ex
5,653,tie,1864,n-zoroark,1532,?
5,654,p2,0113,lucario-hariyama,1151,dragapult-dudunsparce
5,655,p2,0827,dragapult-dudunsparce,0965,dragapult-blaziken
5,656,tie,2057,festival-lead,1043,rocket-mewtwo-ex
5,657,p2,0072,dragapult-dudunsparce,1433,starmie-froslass
5,658,p1,1958,rockets-honchkrow,1443,lopunny-dudunsparce
5,659,p2,0351,rocket-mewtwo-ex,1750,dragapult-blaziken
5,660,p1,0971,dragapult-ex,0414,ogerpon-meganium-arboliva
5,661,tie,0462,starmie-froslass,1680,alakazam-dudunsparce
5,662,p1,0246,alakazam-dudunsparce,1138,lopunny-dudunsparce
5,663,p1,0810,crustle-dri,1613,dragapult-dusknoir
5,664,p2,1459,rocket-mewtwo-ex,0646,raging-bolt-ogerpon
5,665,p1,0070,starmie-froslass,0641,cynthia-garchomp-ex
5,666,p1,0901,rocket-spidops,1461,dragapult-dusknoir
5,667,p1,0929,raging-bolt-ogerpon,1593,festival-lead
5,668,p1,1568,dragapult-dudunsparce,1880,okidogi-barbaracle
5,669,p1,0729,lucario-hariyama,1800,cynthia-garchomp-ex
5,670,p1,0790,dragapult-ex,1107,cynthia-garchomp-ex
5,671,p2,0289,festival-lead,1647,raging-bolt-ogerpon
5,672,p2,1095,n-zoroark,0312,alakazam-dudunsparce
5,673,p2,1598,grimmsnarl-froslass,0389,raging-bolt-ogerpon
5,674,tie,1808,other,1799,cynthia-garchomp-ex
5,675,p2,0798,lucario-hariyama,0473,stevens-metagross
5,676,p2,1309,basic-box-m,0793,raging-bolt-ogerpon
5,677,tie,1141,archaludon-ex,0009,lucario-hariyama
5,678,p2,1500,crustle-dri,0799,dragapult-ex
5,679,p2,1567,dragapult-ex,1212,alakazam-dudunsparce
5,680,p1,2092,mega-lucario-ex,2102,starmie-froslass
5,681,p2,1418,dragapult-ex,1367,raging-bolt-ogerpon
5,682,p2,0658,festival-lead,1677,starmie-dusknoir
5,683,tie,1957,grimmsnarl-froslass,0404,n-zoroark
5,684,p2,0676,n-zoroark,2002,other
5,685,tie,1149,dragapult-dudunsparce,1264,lucario-hariyama
5,686,p2,1701,dragapult-dudunsparce,0974,greninja-ex
5,687,p2,1928,lopunny-dudunsparce,0472,rocket-mewtwo-ex
5,688,p1,1572,lopunny-dudunsparce,1843,hops-trevenant
5,689,tie,2130,lopunny-dudunsparce,0735,cynthia-garchomp-ex
5,690,p1,0152,dragapult-blaziken,0159,raging-bolt-ogerpon
5,691,p1,0189,dragapult-ex,1564,cynthia-garchomp-ex
5,692,p1,0521,lopunny-dudunsparce,0612,starmie-froslass
5,693,tie,0742,ethan-typhlosion,1201,dragapult-dusknoir
5,694,p2,0833,rocket-mewtwo-ex,0217,okidogi-barbaracle
5,695,p1,0984,starmie-dusknoir,0518,archaludon-dudunsparce
5,696,p2,1128,alakazam-dudunsparce,1576,starmie-dusknoir
5,697,p1,1179,rocket-mewtwo-ex,1364,dragapult-dudunsparce
5,698,tie,1887,dragapult-blaziken,1248,alakazam-dudunsparce
5,699,p2,1051,okidogi-barbaracle,1604,grimmsnarl-froslass
5,700,p1,1052,festival-lead,0467,festival-lead
5,701,p1,1385,starmie-froslass,1803,tera-box
5,702,p1,0876,rocket-mewtwo-ex,1554,raging-bolt-ogerpon
5,703,p2,0777,starmie-froslass,1570,n-zoroark
5,704,tie,2070,crustle-dri,1692,starmie-froslass
5,705,p2,1855,lucario-hariyama,1504,basic-box-m
5,706,p2,1420,rocket-mewtwo-ex,0360,cynthia-garchomp-ex
5,707,p1,1515,dragapult-dusknoir,0893,dragapult-dusknoir
5,708,p2,2109,dragapult-dudunsparce,1999,lopunny-dudunsparce
5,709,p1,0067,n-zoroark,1560,lopunny-dudunsparce
5,710,tie,2046,slowking-scr,2015,ogerpon-meganium-hydrapple
5,711,p1,1411,dragapult-dudunsparce,1409,cynthia-garchomp-ex
5,712,p1,0341,raging-bolt-ogerpon,0076,festival-lead
5,713,p1,0699,dragapult-ex,1671,alakazam-dudunsparce
5,714,p2,0202,n-zoroark,1347,ogerpon-meganium-arboliva
5,715,p2,0719,raging-bolt-ogerpon,1020,dragapult-dudunsparce
5,716,p2,1444,festival-lead,1471,starmie-froslass
5,717,p2,1629,dragapult-ex,0204,raging-bolt-ogerpon
5,718,tie,0758,lopunny-dudunsparce,1938,ogerpon-meganium-arboliva
5,719,p1,1942,alakazam-dudunsparce,0661,n-zoroark
5,720,p1,0370,slowking-scr,0198,dragapult-dudunsparce
5,721,p2,1812,alakazam-dudunsparce,1110,rocket-mewtwo-ex
5,722,tie,1916,alakazam-dudunsparce,0935,dragapult-dusknoir
5,723,p1,0721,dragapult-dusknoir,1328,crustle-dri
5,724,tie,0297,dragapult-ex,1966,n-zoroark
5,725,p2,1727,dragapult-ex,0441,other
5,726,p1,1827,ogerpon-meganium-hydrapple,1668,greninja-ex
5,727,tie,2053,n-zoroark,0560,dragapult-dudunsparce
5,728,p1,0350,dragapult-dusknoir,2111,alakazam-dudunsparce
5,729,p2,1378,lucario-hariyama,2067,mega-lucario-ex
5,730,p2,1756,dragapult-ex,1273,basic-box-m
5,731,p1,1402,dragapult-dusknoir,0136,ogerpon-meganium-hydrapple
5,732,p1,0972,starmie-froslass,2034,hydreigon-ex
5,733,tie,0372,lopunny-dudunsparce,1424,lopunny-dudunsparce
5,734,p2,0739,n-zoroark,0573,dragapult-dusknoir
5,735,p1,0921,ogerpon-meganium-arboliva,1785,greninja-ex
5,736,p2,2139,dragapult-ex,0887,ogerpon-meganium-arboliva
5,737,p2,2036,raging-bolt-ogerpon,0850,dragapult-ex
5,738,p2,0376,dragapult-dusknoir,0588,dragapult-dusknoir
5,739,p1,1221,clefairy-ogerpon,1815,rocket-mewtwo-ex
5,740,p2,0726,stevens-metagross,1578,starmie-froslass
5,741,p2,1317,starmie-froslass,1040,cynthia-garchomp-ex
5,742,p2,1866,crustle-dri,1612,rocket-mewtwo-ex
5,743,p1,1934,lopunny-dudunsparce,0797,milotic-ex
5,744,p2,1452,tera-box,0897,starmie-froslass
5,745,p2,1485,rocket-mewtwo-ex,1067,lopunny-dudunsparce
5,746,p2,0520,n-zoroark,1654,alakazam-dudunsparce
5,747,p1,2071,crustle-dri,1655,alakazam-dudunsparce
5,748,p2,0109,rocket-mewtwo-ex,0948,lopunny-dudunsparce
5,749,p2,1620,dragapult-dusknoir,0504,dragapult-ex
5,750,p2,1619,starmie-froslass,0017,raging-bolt-ogerpon
5,751,p2,1319,lopunny-dudunsparce,2087,ogerpon-meganium-hydrapple
5,752,p1,0092,starmie-dusknoir,0255,ursaluna-lunatone
5,753,p2,1446,lucario-hariyama,1393,dragapult-blaziken
5,754,tie,0479,starmie-froslass,2118,mega-lucario-ex
5,755,tie,0814,alakazam-dudunsparce,0450,lopunny-dudunsparce
5,756,p1,0384,cynthia-garchomp-ex,0330,slowking-scr
5,757,p2,0559,cynthia-garchomp-ex,1434,basic-box-m
5,758,p1,0754,dragapult-ex,0994,ogerpon-meganium-hydrapple
5,759,p2,0268,flareon-noctowl,1994,dragapult-blaziken
5,760,p2,0148,dragapult-dudunsparce,1150,starmie-dusknoir
5,761,p2,1846,dragapult-blaziken,1816,raging-bolt-ogerpon
5,762,p1,1466,dragapult-ex,1891,greninja-blaziken
5,763,p2,1496,raging-bolt-ogerpon,1241,basic-box-m
5,764,p1,0428,dragapult-dusknoir,0240,cynthia-garchomp-ex
5,765,p1,1332,lucario-hariyama,1614,mega-starmie-ex
5,766,p2,1980,n-zoroark,0709,stevens-metagross
5,767,p2,1189,ogerpon-meganium-hydrapple,1518,lopunny-dudunsparce
5,768,p2,0412,doublade-por,2128,n-zoroark
5,769,p2,2063,rocket-mewtwo-ex,0832,raging-bolt-ogerpon
5,770,p1,1946,ogerpon-meganium-hydrapple,1028,dragapult-dudunsparce
5,771,tie,0361,n-zoroark,1381,starmie-froslass
5,772,p1,1300,starmie-dusknoir,1103,stevens-metagross
5,773,p1,1521,dragapult-ex,1397,festival-lead
5,774,tie,1350,dragapult-dusknoir,0476,festival-lead
5,775,tie,0615,dragapult-ex,0569,diancie-dusknoir
5,776,p1,1763,diancie-dusknoir,1925,lopunny-dudunsparce
5,777,p1,0471,crustle-dri,1465,flareon-noctowl
5,778,p1,0309,rockets-honchkrow,1375,lopunny-dudunsparce
5,779,p2,2030,dragapult-ex,1885,starmie-froslass
5,780,tie,0395,lucario-hariyama,0983,dragapult-ex
5,781,p2,0752,alakazam-dudunsparce,0939,festival-lead
5,782,tie,0632,starmie-froslass,1528,dragapult-dudunsparce
5,783,tie,0416,alakazam-dudunsparce,1589,dragapult-ex
5,784,p2,1410,decidueye-ex,0209,dragapult-dudunsparce
5,785,tie,1736,basic-box-m,1153,starmie-froslass
5,786,p2,0970,n-zoroark,1337,starmie-froslass
5,787,tie,0259,lopunny-dudunsparce,1091,starmie-dusknoir
5,788,tie,0698,rocket-mewtwo-ex,2060,okidogi-barbaracle
5,789,p2,0933,lucario-hariyama,0568,raging-bolt-ogerpon
5,790,p1,1015,raging-bolt-ogerpon,0392,ceruledge-ex
5,791,p2,1857,dragapult-dusknoir,0535,dragapult-dusknoir
5,792,p2,0582,dragapult-ex,0140,raging-bolt-ogerpon
5,793,p2,0595,n-zoroark,1879,alakazam-dudunsparce
5,794,p2,1050,ogerpon-meganium-arboliva,0711,lopunny-dudunsparce
5,795,p2,1049,alakazam-dudunsparce,1931,alakazam-dudunsparce
5,796,p1,2001,dragapult-ex,0262,other
5,797,p2,0609,okidogi-barbaracle,0028,festival-lead
5,798,p1,1423,basic-box-m,0981,basic-box-m
5,799,p1,1484,lopunny-dudunsparce,0021,ogerpon-meganium
5,800,tie,1674,dragapult-dudunsparce,0564,dragapult-dusknoir
5,801,p1,0618,raging-bolt-ogerpon,0103,festival-lead
5,802,p1,1744,kangaskhan-bouffalant,0818,slowking-scr
5,803,p2,1059,n-zoroark,1837,lucario-hariyama
5,804,p1,1055,lucario-hariyama,1897,dragapult-ex
5,805,p2,0369,mega-absol-box,0558,ogerpon-meganium-hydrapple
5,806,p2,0205,cynthia-garchomp-ex,0515,slowking-scr
5,807,p2,0816,lucario-hariyama,0221,dragapult-blaziken
5,808,p1,0907,dragapult-dusknoir,1901,raging-bolt-ogerpon
5,809,p2,0300,n-zoroark,0625,rocket-mewtwo-ex
5,810,tie,0689,slowking-scr,0917,rocket-mewtwo-ex
5,811,p2,1787,dragapult-dusknoir,0112,mega-abomasnow-ex
5,812,tie,0396,dragapult-dusknoir,0417,dragapult-dusknoir
5,813,p2,1631,rocket-mewtwo-ex,1900,mega-absol-box
5,814,p2,1588,dragapult-dudunsparce,0916,dragapult-dusknoir
5,815,p1,1641,n-zoroark,0653,lopunny-dudunsparce
5,816,p1,0371,festival-lead,0930,cynthia-garchomp-ex
5,817,p1,2035,raging-bolt-ogerpon,0480,archaludon-ex
5,818,tie,0151,raging-bolt-ogerpon,0744,grimmsnarl-froslass
5,819,p1,1555,rocket-mewtwo-ex,0862,alakazam-dudunsparce
5,820,p2,2029,rocket-mewtwo-ex,1063,lopunny-dudunsparce
5,821,p1,0808,dragapult-blaziken,0460,festival-lead
5,822,p2,1995,dragapult-dusknoir,1519,dragapult-ex
5,823,p1,2110,lopunny-dudunsparce,0680,alakazam-dudunsparce
5,824,p2,0230,cynthia-garchomp-ex,0382,clefairy-ogerpon
5,825,p2,1213,lopunny-dudunsparce,1574,ogerpon-meganium-hydrapple
5,826,p2,1819,n-zoroark,1811,rocket-mewtwo-ex
5,827,p1,2072,mega-absol-box,1271,dragapult-dusknoir
5,828,p1,2120,starmie-dusknoir,1194,dragapult-dusknoir
5,829,p1,1835,dragapult-ex,1580,ogerpon-meganium-arboliva
5,830,p2,0934,dragapult-ex,1224,dragapult-dusknoir
5,831,p2,2085,cynthia-garchomp-ex,0379,ogerpon-meganium-arboliva
5,832,p1,0034,dragapult-dudunsparce,1988,rocket-mewtwo-ex
5,833,p2,1330,raging-bolt-ogerpon,1902,rockets-honchkrow
5,834,p1,2101,okidogi-barbaracle,1941,lucario-hariyama
5,835,p2,1506,ogerpon-meganium-arboliva,1218,starmie-froslass
5,836,p1,0383,festival-lead,0293,raging-bolt-ogerpon
5,837,p2,1618,starmie-froslass,0952,hops-trevenant
5,838,p1,1976,rockets-honchkrow,2146,ogerpon-meganium-hydrapple
5,839,p2,1154,lucario-hariyama,2038,starmie-froslass
5,840,p1,0868,raging-bolt-ogerpon,1098,cynthia-garchomp-ex
5,841,p2,0477,rocket-mewtwo-ex,0602,raging-bolt-ogerpon
5,842,p2,1247,starmie-dusknoir,0919,hops-trevenant
5,843,p1,1486,cynthia-garchomp-ex,0129,raging-bolt-ogerpon
5,844,p1,0355,festival-lead,0135,manectric-eelektrik
5,845,p2,0321,n-zoroark,0454,festival-lead
5,846,p1,1883,dragapult-ex,1399,grimmsnarl-froslass
5,847,p1,2056,lopunny-dudunsparce,2025,lucario-hariyama
5,848,p1,1025,starmie-froslass,0089,dragapult-dudunsparce
5,849,p2,1741,starmie-froslass,0566,dragapult-blaziken
5,850,p2,0110,clefairy-ogerpon,1601,dragapult-dusknoir
5,851,p1,2132,lucario-hariyama,2032,starmie-dusknoir
5,852,p1,0836,raging-bolt-ogerpon,1252,rocket-mewtwo-ex
5,853,p2,0778,ogerpon-meganium-hydrapple,1284,lopunny-dudunsparce
5,854,p1,1035,festival-lead,1892,dragapult-ex
5,855,p2,1650,dragapult-ex,0125,slowking-scr
5,856,p2,0854,festival-lead,2127,dragapult-ex
5,857,p1,0949,cynthia-garchomp-ex,0215,n-zoroark
5,858,p1,1048,raging-bolt-ogerpon,1638,dragapult-ex
5,859,p2,0118,cynthia-garchomp-ex,0858,hops-trevenant
5,860,p2,1172,raging-bolt-ogerpon,1445,greninja-ex
5,861,p1,2075,dragapult-blaziken,0180,ogerpon-meganium-arboliva
5,862,p2,2004,raging-bolt-ogerpon,1037,lucario-hariyama
5,863,p1,1006,cynthia-garchomp-ex,1906,mega-lucario-ex
5,864,p1,1211,dragapult-blaziken,0913,lucario-hariyama
5,865,tie,0980,dragapult-dusknoir,1344,lopunny-dudunsparce
5,866,p2,0800,stevens-metagross,1565,lucario-hariyama
5,867,p1,0245,grimmsnarl-froslass,0953,rocket-mewtwo-ex
5,868,p1,1396,lucario-hariyama,0498,alakazam-dudunsparce
5,869,p1,1845,tera-box,1862,n-zoroark
5,870,p2,0362,starmie-dusknoir,0771,other
5,871,tie,1993,festival-lead,0536,festival-lead
5,872,p2,0998,alakazam-dudunsparce,0626,dragapult-ex
5,873,p2,0220,cynthia-garchomp-ex,1369,rocket-mewtwo-ex
5,874,p1,1371,raging-bolt-ogerpon,2108,lopunny-dudunsparce
5,875,p2,0956,lucario-hariyama,0423,dragapult-blaziken
5,876,p2,0060,mega-lucario-ex,0537,slowking-scr
5,877,p2,0648,dragapult-dudunsparce,0581,n-zoroark
5,878,p1,2149,alakazam-dudunsparce,1805,raging-bolt-ogerpon
5,879,p1,1767,festival-lead,0633,dragapult-dudunsparce
5,880,p1,1681,dragapult-ex,1636,dragapult-dusknoir
5,881,p1,1968,dragapult-ex,0894,cynthia-garchomp-ex
5,882,tie,1133,ogerpon-meganium-arboliva,0705,lucario-hariyama
5,883,p2,2074,ogerpon-meganium-arboliva,1740,dragapult-ex
5,884,p2,1704,ogerpon-meganium-arboliva,0143,rockets-honchkrow
5,885,p1,1990,dragapult-blaziken,0730,dragapult-dusknoir
5,886,p1,1689,ogerpon-meganium-hydrapple,0542,rockets-honchkrow
5,887,p2,0958,starmie-froslass,1074,festival-lead
5,888,p1,1058,rockets-honchkrow,1129,starmie-froslass
5,889,p1,1752,cynthia-garchomp-ex,0525,lucario-hariyama
5,890,p2,1155,ogerpon-meganium,0431,festival-lead
5,891,p2,0044,slowking-scr,2096,archaludon-dudunsparce
5,892,p2,0253,alakazam-dudunsparce,0250,dragapult-dudunsparce
5,893,tie,1168,lucario-hariyama,0585,alakazam-dudunsparce
5,894,tie,0104,mega-starmie-ex,0358,tera-box
5,895,p1,1761,dragapult-ex,1658,dragapult-dusknoir
5,896,p2,1289,ogerpon-meganium-hydrapple,0415,rocket-mewtwo-ex
5,897,p2,0784,flareon-noctowl,1549,dragapult-ex
5,898,p1,0731,dragapult-dusknoir,0524,hops-trevenant
5,899,p2,1780,rocket-mewtwo-ex,0578,dragapult-dudunsparce
5,900,tie,0936,crustle-dri,0422,dragapult-ex
5,901,p2,1573,dragapult-dudunsparce,0631,jellicent-dusknoir
5,902,p2,0628,dragapult-blaziken,0918,ogerpon-meganium-arboliva
5,903,p2,0835,dragapult-dudunsparce,1640,diancie-dusknoir
5,904,p1,0598,mega-absol-box,0162,raging-bolt-ogerpon
5,905,p2,0260,raging-bolt-ogerpon,1791,crustle-dri
5,906,tie,0114,mega-lucario-ex,1291,starmie-froslass
5,907,p2,0510,alakazam-dudunsparce,0851,dragapult-ex
5,908,p1,1115,dragapult-dusknoir,0772,alakazam-dudunsparce
5,909,p1,1686,cynthia-garchomp-ex,1760,alakazam-dudunsparce
5,910,p1,0133,dragapult-blaziken,0410,hops-trevenant
5,911,p1,1145,n-zoroark,0254,dragapult-dusknoir
5,912,p2,2104,lucario-hariyama,1823,alakazam-dudunsparce
5,913,p1,0334,dragapult-blaziken,0195,n-zoroark
5,914,p1,0986,dragapult-dudunsparce,0656,okidogi-barbaracle
5,915,p2,0083,dragapult-dudunsparce,1911,rockets-honchkrow
5,916,p2,0557,rocket-mewtwo-ex,1912,dragapult-dudunsparce
5,917,p1,1062,ogerpon-meganium-arboliva,0484,dragapult-dusknoir
5,918,p2,0453,raging-bolt-ogerpon,0304,dragapult-dudunsparce
5,919,p1,0841,lopunny-dudunsparce,1187,raging-bolt-ogerpon
5,920,p2,0353,yanmega-ex,0723,alakazam-dudunsparce
5,921,p2,1781,dragapult-dusknoir,0368,dragapult-ex
5,922,tie,1223,ogerpon-meganium-arboliva,1339,dragapult-ex
5,923,p1,1448,starmie-froslass,1170,raging-bolt-ogerpon
5,924,p1,1802,starmie-froslass,1723,dragapult-dudunsparce
5,925,p2,0178,raging-bolt-ogerpon,1322,n-zoroark
5,926,p1,2113,basic-box-m,0966,n-zoroark
5,927,p2,2047,lopunny-dudunsparce,1196,cynthia-garchomp-ex
5,928,p2,1442,n-zoroark,1033,rocket-mewtwo-ex
5,929,p2,1447,dragapult-dudunsparce,1700,n-zoroark
5,930,tie,1512,dragapult-ex,1717,hops-trevenant
5,931,p1,1913,ursaluna-lunatone,1419,ursaluna-lunatone
5,932,p2,1882,dragapult-blaziken,0218,lucario-hariyama
5,933,p2,1351,festival-lead,0126,lopunny-dudunsparce
5,934,tie,0975,mega-venusaur-ex,0192,dragapult-blaziken
5,935,p2,0637,dragapult-ex,1239,rocket-mewtwo-ex
5,936,p2,2122,ethan-typhlosion,2077,flareon-noctowl
5,937,p1,0177,rocket-mewtwo-ex,1219,other
5,938,p2,1014,ogerpon-meganium-arboliva,1275,lopunny-dudunsparce
5,939,tie,0683,rockets-honchkrow,1530,blaziken-zoroark
5,940,p2,0666,ogerpon-meganium-arboliva,2138,dragapult-ex
5,941,p2,0179,rocket-mewtwo-ex,0489,dragapult-ex
5,942,p1,1622,n-zoroark,0375,dragapult-dudunsparce
5,943,p1,1953,yanmega-ex,1774,rockets-honchkrow
5,944,p1,1523,greninja-ex,2020,rockets-honchkrow
5,945,p2,1361,starmie-dusknoir,0645,raging-bolt-ogerpon
5,946,p1,1896,dragapult-ex,0420,ogerpon-meganium
5,947,p2,2147,rocket-porygon-z,0507,slowking-scr
5,948,tie,0920,ceruledge-ex,1807,n-zoroark
5,949,p2,1071,n-zoroark,1073,dragapult-ex
5,950,p2,1661,lopunny-dudunsparce,2093,okidogi-barbaracle
5,951,p2,1998,lucario-hariyama,1524,dragapult-ex
5,952,tie,1551,dragapult-dudunsparce,0785,cynthia-garchomp-ex
5,953,p1,1526,cynthia-garchomp-ex,1534,starmie-froslass
5,954,p2,0165,decidueye-ex,0805,dragapult-dusknoir
5,955,tie,0157,rocket-mewtwo-ex,1874,dragapult-ex
5,956,p1,0257,basic-box-m,1599,mega-venusaur-ex
5,957,p1,1810,rocket-mewtwo-ex,0099,lucario-hariyama
5,958,p2,1839,dragapult-ex,1382,n-zoroark
5,959,tie,1390,ethan-typhlosion,1215,rocket-mewtwo-ex
5,960,p1,1175,lopunny-dudunsparce,0214,dudunsparce-control
5,961,tie,0812,n-zoroark,1850,dragapult-blaziken
5,962,p1,1114,dragapult-dudunsparce,1389,alakazam-dudunsparce
5,963,p1,0787,rocket-mewtwo-ex,1295,dragapult-blaziken
5,964,p2,0336,other,0288,starmie-froslass
5,965,p2,1853,crustle-dri,1478,cynthia-garchomp-ex
5,966,p2,2037,mega-lucario-ex,0807,starmie-froslass
5,967,p1,1081,raging-bolt-ogerpon,0539,mega-dragonite-ex
5,968,p1,1111,starmie-froslass,1119,raging-bolt-ogerpon
5,969,p2,1338,cynthia-garchomp-ex,0674,cynthia-garchomp-ex
5,970,p2,0339,n-zoroark,1937,mega-froslass-ex
5,971,p2,0184,rocket-mewtwo-ex,0861,dragapult-ex
5,972,p1,0378,cynthia-garchomp-ex,0040,dragapult-dusknoir
5,973,p1,0596,dragapult-ex,0323,greninja-ex
5,974,p1,0236,raging-bolt-ogerpon,1922,alakazam-dudunsparce
5,975,p1,0724,starmie-froslass,1954,dragapult-dudunsparce
5,976,p1,1475,alakazam-dudunsparce,1440,cynthia-garchomp-ex
5,977,p1,0208,lopunny-dudunsparce,1441,dragapult-blaziken
5,978,tie,1950,alakazam-dudunsparce,2017,raging-bolt-ogerpon
5,979,tie,1200,starmie-froslass,2144,cynthia-garchomp-ex
5,980,tie,1921,rocket-mewtwo-ex,1134,flareon-noctowl
5,981,p2,2049,dragapult-dudunsparce,1627,raging-bolt-ogerpon
5,982,p2,0976,lopunny-dudunsparce,1997,cynthia-garchomp-ex
5,983,p2,1663,eelektrik-blk,1510,cynthia-garchomp-ex
5,984,p1,0137,dragapult-dusknoir,0882,other
5,985,tie,1533,n-zoroark,2123,festival-lead
5,986,tie,0315,dragapult-dusknoir,1667,lopunny-dudunsparce
5,987,p2,1653,dragapult-blaziken,0190,n-zoroark
5,988,p1,1621,dragapult-dusknoir,0900,cynthia-garchomp-ex
5,989,p2,1469,rocket-mewtwo-ex,1782,lopunny-dudunsparce
5,990,p2,0337,n-zoroark,1008,dragapult-dusknoir
5,991,tie,0432,rocket-mewtwo-ex,1778,festival-lead
5,992,p1,2003,rocket-mewtwo-ex,0251,cynthia-garchomp-ex
5,993,tie,2115,clefairy-ogerpon,1285,slowking-scr
5,994,p2,1305,festival-lead,0088,rocket-mewtwo-ex
5,995,tie,0399,dragapult-dusknoir,0928,lucario-hariyama
5,996,p2,1746,stevens-metagross,0080,dragapult-blaziken
5,997,tie,1522,rocket-mewtwo-ex,0838,rocket-mewtwo-ex
5,998,p2,1429,lopunny-dudunsparce,1903,starmie-dusknoir
5,999,p1,0409,lopunny-dudunsparce,2012,starmie-froslass
5,1000,p1,0940,lopunny-dudunsparce,1355,ogerpon-meganium-hydrapple
5,1001,p1,1804,lopunny-dudunsparce,0783,dragapult-dusknoir
5,1002,p1,0643,alakazam-dudunsparce,1907,toxtricity-box
5,1003,p2,2048,festival-lead,0575,crustle-dri
5,1004,p2,1388,alakazam-dudunsparce,1416,rocket-mewtwo-ex
5,1005,tie,1731,alakazam-dudunsparce,0697,grimmsnarl-froslass
5,1006,p1,1456,dragapult-ex,1628,kangaskhan-bouffalant
5,1007,p2,0544,lopunny-dudunsparce,1257,raging-bolt-ogerpon
5,1008,p1,1054,joltik-box,0016,rockets-honchkrow
5,1009,p1,0468,n-zoroark,0406,archaludon-dudunsparce
5,1010,p1,1817,alakazam-dudunsparce,0442,lopunny-dudunsparce
5,1011,tie,0403,mega-lucario-ex,0283,alakazam-dudunsparce
5,1012,p1,1413,dragapult-ex,1974,ogerpon-meganium-hydrapple
5,1013,p1,1208,stevens-metagross,0651,lopunny-dudunsparce
5,1014,p1,1711,dragapult-ex,0448,n-zoroark
5,1015,p2,0063,dragapult-ex,1969,alakazam-dudunsparce
5,1016,tie,1177,cynthia-garchomp-ex,0978,dragapult-ex
5,1017,p1,1586,dragapult-blaziken,1024,ursaluna-lunatone
5,1018,p2,0594,dragapult-dusknoir,2099,dragapult-blaziken
5,1019,tie,0543,dragapult-ex,0908,dragapult-ex
5,1020,p1,1665,crustle-dri,1603,ogerpon-meganium-hydrapple
5,1021,p1,0374,rockets-honchkrow,1545,other
5,1022,p1,0950,dragapult-dusknoir,1985,n-zoroark
5,1023,p2,1511,mega-lucario-ex,1919,cynthia-garchomp-ex
5,1024,p2,0937,rockets-honchkrow,0982,okidogi-barbaracle
5,1025,p2,1094,mega-venusaur-ex,0073,ogerpon-meganium-arboliva
5,1026,p2,0456,ceruledge-ex,1881,cynthia-garchomp-ex
5,1027,p2,0197,crustle-dri,0234,stevens-metagross
5,1028,p1,0481,grimmsnarl-froslass,1123,okidogi-barbaracle
5,1029,p1,0892,toxtricity-box,0584,dragapult-ex
5,1030,p1,0663,raging-bolt-ogerpon,0865,starmie-froslass
5,1031,p1,1120,alakazam-dudunsparce,0436,lopunny-dudunsparce
5,1032,p2,1712,decidueye-ex,0942,crustle-dri
5,1033,p2,0287,crustle-dri,0604,starmie-dusknoir
5,1034,p2,1403,lucario-hariyama,1863,dragapult-dudunsparce
5,1035,p2,2055,mega-absol-box,1121,flareon-noctowl
5,1036,tie,1977,dragapult-dudunsparce,0842,n-zoroark
5,1037,p1,1818,rockets-honchkrow,1384,alakazam-dudunsparce
5,1038,p2,1242,dragapult-dudunsparce,0320,n-zoroark
5,1039,p1,1764,festival-lead,1293,cynthia-garchomp-ex
5,1040,p2,0748,cynthia-garchomp-ex,0508,okidogi-barbaracle
5,1041,p1,1949,cynthia-garchomp-ex,0765,basic-box-m
5,1042,p2,1559,okidogi-barbaracle,2116,grimmsnarl-froslass
5,1043,p2,1582,dragapult-ex,2016,dragapult-dusknoir
5,1044,p2,0951,rockets-honchkrow,1398,lucario-hariyama
5,1045,p1,0325,raging-bolt-ogerpon,1430,rocket-mewtwo-ex
5,1046,p2,0945,festival-lead,1251,starmie-froslass
5,1047,p1,0196,rocket-mewtwo-ex,0398,cynthia-garchomp-ex
5,1048,p1,1188,rocket-mewtwo-ex,1714,cynthia-garchomp-ex
5,1049,p2,1147,ursaluna-lunatone,0237,lucario-hariyama
5,1050,p2,1676,lucario-hariyama,0167,alakazam-dudunsparce
5,1051,p2,0811,starmie-froslass,1195,dragapult-dudunsparce
5,1052,p2,1936,dragapult-dudunsparce,0889,dragapult-blaziken
5,1053,p1,1611,archaludon-dudunsparce,1255,dragapult-ex
5,1054,p2,1011,basic-box-m,0732,kangaskhan-bouffalant
5,1055,p1,0815,n-zoroark,0231,dragapult-dudunsparce
5,1056,p1,0574,slowking-scr,1868,dragapult-blaziken
5,1057,p2,1206,grimmsnarl-froslass,0806,ogerpon-meganium-arboliva
5,1058,p2,1786,lopunny-dudunsparce,0678,lopunny-dudunsparce
5,1059,p1,2059,other,1244,dragapult-dusknoir
5,1060,p2,0884,dragapult-dusknoir,0327,crustle-dri
5,1061,p2,1286,rocket-mewtwo-ex,2066,dragapult-blaziken
5,1062,p2,1329,dragapult-blaziken,1873,lucario-hariyama
5,1063,p1,2142,n-zoroark,1826,dragapult-blaziken
5,1064,p1,1174,rocket-mewtwo-ex,0434,raging-bolt-ogerpon
5,1065,p2,1733,archaludon-dudunsparce,2019,mega-lucario-ex
5,1066,p1,0066,lopunny-dudunsparce,0681,raging-bolt-ogerpon
5,1067,p2,1415,mega-venusaur-ex,0662,dragapult-dudunsparce
5,1068,p2,1232,raging-bolt-ogerpon,1847,lopunny-dudunsparce
5,1069,p1,0352,greninja-ex,0640,dragapult-ex
5,1070,p2,0944,crustle-dri,0915,lopunny-dudunsparce
5,1071,p1,2083,rocket-mewtwo-ex,1783,?
5,1072,p1,0487,n-zoroark,2145,cynthia-garchomp-ex
5,1073,p1,0435,hops-trevenant,1656,rocket-mewtwo-ex
5,1074,p2,1278,ogerpon-meganium,0035,dragapult-dudunsparce
5,1075,p2,0608,dragapult-blaziken,1895,archaludon-ex
5,1076,p2,2008,mega-venusaur-ex,1964,festival-lead
5,1077,p2,0941,dragapult-dusknoir,0720,rocket-mewtwo-ex
5,1078,tie,0295,dragapult-ex,1167,starmie-froslass
5,1079,p1,0834,lopunny-dudunsparce,0055,dragapult-ex
5,1080,p1,0845,festival-lead,0130,ogerpon-meganium
5,1081,p1,0494,n-zoroark,2005,ethan-typhlosion
5,1082,p2,2124,dragapult-blaziken,1137,rocket-mewtwo-ex
5,1083,p1,0292,rockets-honchkrow,1045,dragapult-ex
5,1084,p2,0496,cynthia-garchomp-ex,0426,starmie-dusknoir
5,1085,p2,0911,dragonite-eelektrik,1724,dragapult-dudunsparce
5,1086,p2,1605,starmie-dusknoir,0820,cynthia-garchomp-ex
5,1087,p2,1854,grimmsnarl-froslass,1548,okidogi-barbaracle
5,1088,p1,1097,lopunny-dudunsparce,0909,starmie-froslass
5,1089,p2,1421,lopunny-dudunsparce,0990,alakazam-dudunsparce
5,1090,p1,1841,dragapult-dusknoir,1161,starmie-froslass
5,1091,p2,1036,lopunny-dudunsparce,1594,starmie-froslass
5,1092,p1,0722,starmie-froslass,0712,dragapult-ex
5,1093,p2,1044,festival-lead,0211,raging-bolt-ogerpon
5,1094,p1,1834,dragapult-ex,1301,alakazam-dudunsparce
5,1095,p1,1220,dragapult-ex,1696,dragapult-ex
5,1096,tie,1135,n-zoroark,0617,alakazam-dudunsparce
5,1097,p1,1125,n-zoroark,0685,n-zoroark
5,1098,tie,1363,rockets-honchkrow,0464,alakazam-dudunsparce
5,1099,p2,1102,starmie-dusknoir,1437,cynthia-garchomp-ex
5,1100,p1,1498,lopunny-dudunsparce,0522,ogerpon-meganium-hydrapple
5,1101,tie,1311,starmie-froslass,1737,cynthia-garchomp-ex
5,1102,p2,1084,dragapult-dusknoir,1948,starmie-froslass
5,1103,p1,1163,n-zoroark,1140,n-zoroark
5,1104,p1,1856,mega-camerupt-ex,1765,mega-charizard-x-ex
5,1105,p1,1217,cynthia-garchomp-ex,0673,rocket-mewtwo-ex
5,1106,p2,0158,hydreigon-ex,0042,lopunny-dudunsparce
5,1107,tie,1425,mega-charizard-x-ex,1637,doublade-por
5,1108,p1,0899,n-zoroark,0540,rockets-honchkrow
5,1109,p2,0670,lucario-hariyama,0567,clefairy-ogerpon
5,1110,tie,0430,starmie-dusknoir,1087,n-zoroark
5,1111,p2,1392,lucario-hariyama,1283,basic-box-m
5,1112,p2,0872,lopunny-dusknoir,0264,dragapult-ex
5,1113,p2,1298,slowking-scr,0770,dragapult-ex
5,1114,p2,1775,raging-bolt-ogerpon,0546,mega-venusaur-ex
5,1115,p2,0299,rocket-mewtwo-ex,1462,dragapult-dudunsparce
5,1116,p2,0664,dragapult-ex,0774,ogerpon-meganium-arboliva
5,1117,p2,0822,mega-venusaur-ex,1254,lucario-hariyama
5,1118,p2,0606,n-zoroark,1876,flareon-noctowl
5,1119,p1,0877,raging-bolt-ogerpon,0843,rocket-mewtwo-ex
5,1120,p1,0049,dragapult-dusknoir,2112,dragapult-blaziken
5,1121,p2,0530,dragapult-dudunsparce,0875,crustle-dri
5,1122,p2,1267,dragapult-dusknoir,1492,cynthia-garchomp-ex
5,1123,p1,0161,mega-lucario-ex,0898,festival-lead
5,1124,p1,0791,n-zoroark,1228,slowking-scr
5,1125,p2,1992,dragapult-dusknoir,1039,cynthia-garchomp-ex
5,1126,p2,0931,lucario-hariyama,1844,dragapult-dudunsparce
5,1127,p1,1142,yanmega-ex,1117,raging-bolt-ogerpon
5,1128,p2,0356,crustle-dri,0652,ogerpon-meganium
5,1129,tie,1722,n-zoroark,0745,festival-lead
5,1130,p2,1525,dragapult-dusknoir,0993,diancie-dusknoir
5,1131,p1,1690,hops-trevenant,0601,flareon-noctowl
5,1132,p2,0620,mega-venusaur-ex,1276,dragapult-ex
5,1133,p2,0308,cynthia-garchomp-ex,0393,rocket-mewtwo-ex
5,1134,tie,0590,dragapult-dusknoir,0345,dragapult-dusknoir
5,1135,p1,1234,ogerpon-meganium-hydrapple,0610,raging-bolt-ogerpon
5,1136,tie,1042,dragapult-blaziken,1342,rocket-mewtwo-ex
5,1137,p1,1814,starmie-froslass,0200,mega-lopunny-ex
5,1138,p1,0307,starmie-froslass,1156,dragapult-ex
5,1139,p2,0365,dragapult-ex,1090,rocket-mewtwo-ex
5,1140,p2,1694,cynthia-garchomp-ex,0313,basic-box-m
5,1141,tie,0964,other,0256,dragapult-dusknoir
5,1142,p1,0075,dragapult-ex,2141,raging-bolt-ogerpon
5,1143,p1,0425,dragapult-ex,0331,iono-bellibolt
5,1144,p2,1290,n-zoroark,0505,basic-box-m
5,1145,p1,2103,mega-lucario-ex,0367,mega-absol-box
5,1146,p1,0795,stevens-metagross,1635,dragapult-blaziken
5,1147,p2,0534,dragapult-dudunsparce,0554,slowking-scr
5,1148,p2,0995,dragapult-dusknoir,0553,rocket-mewtwo-ex
5,1149,p1,1920,cynthia-garchomp-ex,1742,starmie-dusknoir
5,1150,p1,1096,starmie-dusknoir,1678,flareon-noctowl
5,1151,p1,0577,n-zoroark,1313,lopunny-dudunsparce
5,1152,p2,0782,festival-lead,1207,dragapult-dudunsparce
5,1153,p1,0813,starmie-froslass,0121,jellicent-dusknoir
5,1154,tie,1908,dragapult-ex,0377,festival-lead
5,1155,p1,0225,starmie-froslass,2009,cynthia-garchomp-ex
5,1156,p1,0342,starmie-froslass,1587,starmie-dusknoir
5,1157,p1,1859,dragapult-ex,1706,mega-venusaur-ex
5,1158,tie,1353,grimmsnarl-froslass,0115,rockets-honchkrow
5,1159,p1,0400,lucario-hariyama,1307,ogerpon-meganium
5,1160,p2,0427,rocket-mewtwo-ex,2024,ogerpon-meganium-arboliva
5,1161,p2,0863,dragapult-dusknoir,0517,cynthia-garchomp-ex
5,1162,p2,0013,n-zoroark,2094,greninja-ex
5,1163,p2,0160,starmie-dusknoir,0639,dragapult-ex
5,1164,tie,0091,dragapult-dudunsparce,0101,dragapult-dusknoir
5,1165,p2,0381,rocket-mewtwo-ex,0599,n-zoroark
5,1166,tie,0616,rockets-honchkrow,1699,dragapult-ex
5,1167,p2,1160,other,0988,rocket-mewtwo-ex
5,1168,p1,2098,starmie-froslass,1113,grimmsnarl-froslass
5,1169,p2,1061,raging-bolt-ogerpon,1973,alakazam-dudunsparce
5,1170,p2,1235,cynthia-garchomp-ex,0244,hops-trevenant
5,1171,p2,1323,festival-lead,0611,dragapult-dusknoir
5,1172,p2,0847,dragapult-dusknoir,0511,n-zoroark
5,1173,p1,2136,dragapult-dusknoir,1840,festival-lead
5,1174,p1,1105,ogerpon-meganium-hydrapple,0142,eelektrik-blk
5,1175,p1,1263,dragapult-dudunsparce,1176,lucario-hariyama
5,1176,p1,1001,alakazam-dudunsparce,1281,starmie-dusknoir
5,1177,p1,0239,starmie-froslass,1198,festival-lead
5,1178,p2,1380,mega-abomasnow-ex,1057,clefairy-ogerpon
5,1179,p2,1797,grimmsnarl-froslass,1191,lopunny-dusknoir
5,1180,p1,1304,dragapult-dudunsparce,1575,raging-bolt-ogerpon
5,1181,p1,1683,lucario-hariyama,1127,dragapult-dudunsparce
5,1182,p1,1210,lopunny-dudunsparce,0579,dragapult-dudunsparce
5,1183,tie,0469,dragapult-ex,1346,n-zoroark
5,1184,p2,1546,dragapult-ex,2114,n-zoroark
5,1185,p2,0316,mega-venusaur-ex,1439,dragapult-ex
5,1186,p2,0102,clefairy-ogerpon,0229,crustle-dri
5,1187,tie,1918,manectric-eelektrik,0741,n-zoroark
5,1188,p2,1585,starmie-froslass,1645,raging-bolt-ogerpon
5,1189,p2,0801,starmie-froslass,0961,archaludon-dudunsparce
5,1190,p2,1159,toxtricity-pfl,1962,rockets-honchkrow
5,1191,p1,1779,rockets-honchkrow,0671,dragapult-dudunsparce
5,1192,p1,1427,dragapult-ex,0186,toxtricity-box
5,1193,tie,1181,dragapult-dusknoir,0029,festival-lead
5,1194,p1,0097,raging-bolt-ogerpon,1849,mega-absol-box
5,1195,p1,1566,starmie-froslass,1607,dragapult-dusknoir
5,1196,p2,0556,dragapult-blaziken,1514,ethan-typhlosion
5,1197,tie,1747,toxtricity-box,1513,greninja-ex
5,1198,p1,1821,cynthia-garchomp-ex,1979,lopunny-dudunsparce
5,1199,p2,1341,dragapult-ex,0106,dragapult-dusknoir
5,1200,tie,1032,dragapult-blaziken,1231,rocket-spidops
5,1201,tie,1294,dragapult-ex,0959,dragapult-blaziken
5,1202,p2,0156,dragapult-dusknoir,1318,diancie-dusknoir
5,1203,p1,0753,grimmsnarl-froslass,1929,mega-absol-box
5,1204,p2,0329,dragapult-blaziken,0390,dragapult-dusknoir
5,1205,p1,0703,lucario-hariyama,0267,hop-zacian
5,1206,p2,1108,dragapult-dudunsparce,0725,froslass-munkidori
5,1207,p2,1136,hops-trevenant,0134,dragapult-blaziken
5,1208,p2,0074,rocket-mewtwo-ex,0786,dragapult-blaziken
5,1209,p1,1288,crustle-dri,0275,flareon-noctowl
5,1210,p2,1240,sharpedo-toxtricity,0131,flareon-noctowl
5,1211,p1,0809,other,0388,lopunny-dudunsparce
5,1212,p1,1670,lucario-hariyama,0443,decidueye-ex
5,1213,p1,0743,other,0258,rocket-mewtwo-ex
5,1214,p2,0695,toxtricity-box,0679,dragapult-dusknoir
5,1215,tie,1079,ethan-typhlosion,2084,mega-abomasnow-ex
5,1216,p2,2133,rocket-mewtwo-ex,1581,festival-lead
5,1217,p1,0031,dragapult-ex,0047,mega-zygarde-ex
5,1218,p2,0305,dragapult-dudunsparce,1757,zygarde-barbaracle
5,1219,p2,1687,cynthia-garchomp-ex,0213,lucario-hariyama
5,1220,p2,0891,okidogi-barbaracle,1617,rocket-mewtwo-ex
5,1221,p1,0499,lucario-hariyama,1053,greninja-froslass
5,1222,p1,0700,other,0624,ogerpon-meganium
5,1223,p2,0188,rocket-mewtwo-ex,1130,rockets-honchkrow
5,1224,p2,1041,starmie-dusknoir,1126,lucario-hariyama
5,1225,p1,1685,dragapult-blaziken,1106,doublade-por
5,1226,p1,0855,mega-venusaur-ex,0105,crustle-dri
5,1227,p2,0082,?,0491,raging-bolt-ogerpon
5,1228,tie,0906,mega-feraligatr-ex,1401,festival-lead
5,1229,tie,1481,dragapult-ex,0270,dragapult-dudunsparce
5,1230,p2,0775,alakazam-dudunsparce,0927,greninja-ex
5,1231,p2,0708,alakazam-dudunsparce,1728,mega-froslass-ex
5,1232,p1,0856,mega-starmie-ex,1501,blaziken-ex-jtg
5,1233,p2,1269,dragapult-blaziken,1770,n-zoroark
5,1234,p2,1772,lucario-hariyama,0168,slowking-scr
5,1235,p2,2058,stevens-metagross,0054,dragapult-blaziken
5,1236,p1,1047,raging-bolt-ogerpon,0902,dragapult-dusknoir
5,1237,p2,1820,mega-venusaur-ex,1836,grimmsnarl-froslass
5,1238,p2,1316,jellicent-dusknoir,1171,ogerpon-meganium-hydrapple
5,1239,p1,2137,lopunny-dudunsparce,1457,dragapult-ex
5,1240,p1,0548,clefairy-ogerpon,0759,dragapult-dudunsparce
5,1241,p1,1595,cynthia-garchomp-ex,0591,azumarill-ssp
5,1242,p2,0924,raging-bolt-ogerpon,1406,okidogi-barbaracle
5,1243,p2,1272,okidogi-barbaracle,0482,raging-bolt-ogerpon
5,1244,p1,1124,other,2106,lopunny-dudunsparce
5,1245,p2,0348,mega-feraligatr-ex,0587,ogerpon-meganium
5,1246,p2,0636,eelektrik-blk,2068,mega-venusaur-ex
5,1247,p2,1237,flareon-noctowl,1987,n-zoroark
5,1248,p1,1064,lucario-hariyama,0844,?
5,1249,p2,0238,festival-lead,1710,cynthia-garchomp-ex
5,1250,tie,1507,dragapult-ex,0025,other
5,1251,p2,1939,dragapult-dusknoir,1672,mega-lucario-ex
5,1252,p1,0987,raging-bolt-ogerpon,1343,other
5,1253,p1,0947,other,0870,dragapult-blaziken
5,1254,p2,0095,ethan-typhlosion,1360,hop-zacian
5,1255,p2,1324,mega-starmie-ex,1970,ogerpon-meganium-hydrapple
5,1256,p2,2051,toxtricity-box,0449,grimmsnarl-froslass
5,1257,p1,0989,cynthia-garchomp-ex,0145,diancie-dusknoir
5,1258,p2,0285,lucario-hariyama,0241,rocket-mewtwo-ex
5,1259,p2,1702,n-zoroark,0903,lopunny-dudunsparce
5,1260,p1,1464,blaziken-ex-jtg,0069,dragapult-dudunsparce
5,1261,p1,1583,archaludon-dudunsparce,1659,rocket-mewtwo-ex
5,1262,tie,1893,n-zoroark,0677,alakazam-dudunsparce
5,1263,p1,1436,grimmsnarl-froslass,1517,rocket-mewtwo-ex
5,1264,p1,0294,yanmega-ex,0139,decidueye-ex
6,251,tie,1407,starmie-froslass,0001,raging-bolt-ogerpon
6,254,p2,0889,dragapult-blaziken,0005,festival-lead
6,255,p2,0008,n-zoroark,1156,dragapult-ex
6,256,p1,1668,greninja-ex,0010,lopunny-dudunsparce
6,257,tie,1921,rocket-mewtwo-ex,0011,dragapult-dudunsparce
6,258,tie,0014,lopunny-dudunsparce,0550,dragapult-blaziken
6,259,p1,0917,rocket-mewtwo-ex,0015,other
6,260,p2,0018,starmie-dusknoir,1125,n-zoroark
6,261,p1,0439,dragapult-ex,0020,dragapult-ex
6,262,p2,0022,mega-abomasnow-ex,2049,dragapult-dudunsparce
6,263,tie,0024,cynthia-garchomp-ex,0244,hops-trevenant
6,264,p1,0026,ogerpon-meganium-hydrapple,0821,mega-lucario-ex
6,265,p2,2097,raging-bolt-ogerpon,0027,dragapult-ex
6,267,p1,0457,lopunny-dudunsparce,0032,starmie-froslass
6,268,p1,0974,greninja-ex,0033,lucario-hariyama
6,269,p2,0036,flareon-noctowl,1039,cynthia-garchomp-ex
6,270,p1,0285,lucario-hariyama,0038,crustle-dri
6,271,tie,0039,cynthia-garchomp-ex,0682,ogerpon-meganium-hydrapple
6,272,p2,0041,starmie-froslass,1095,n-zoroark
6,275,p2,0048,alakazam-dudunsparce,1662,lucario-hariyama
6,278,p1,1693,ogerpon-meganium-arboliva,0053,alakazam-dudunsparce
6,279,p2,2023,dragapult-blaziken,0056,raging-bolt-ogerpon
6,280,p1,1080,hops-trevenant,1233,dragapult-dusknoir
6,281,p1,1441,dragapult-blaziken,1426,mega-abomasnow-ex
6,282,p1,1222,lopunny-dudunsparce,2004,raging-bolt-ogerpon
6,284,p2,0408,rocket-mewtwo-ex,0051,starmie-froslass
6,285,p2,0175,ogerpon-meganium-arboliva,0377,festival-lead
6,286,tie,0513,lopunny-dudunsparce,0084,dragapult-ex
6,287,p1,0111,alakazam-dudunsparce,0781,dragapult-blaziken
6,288,p1,2119,alakazam-dudunsparce,1972,n-zoroark
6,289,p2,0155,dragapult-dusknoir,0488,dragapult-ex
6,290,p2,1414,lopunny-dudunsparce,0402,dragapult-ex
6,291,p1,0686,basic-box-m,0364,festival-lead
6,292,p2,1477,rockets-honchkrow,0232,ogerpon-meganium-hydrapple
6,293,p2,1660,dragapult-ex,0366,dragapult-ex
6,294,p2,0086,lucario-hariyama,0574,slowking-scr
6,295,p1,0062,dragapult-dudunsparce,0684,dragapult-ex
6,296,tie,1474,lucario-hariyama,1624,dragapult-blaziken
6,297,tie,1296,dragapult-ex,2042,cynthia-garchomp-ex
6,298,tie,0223,festival-lead,0064,lopunny-dudunsparce
6,299,p2,1664,clefairy-ogerpon,0397,lopunny-dudunsparce
6,300,p2,0210,dragapult-ex,2043,dragapult-ex
6,301,p2,1238,dragapult-dudunsparce,0963,dragapult-blaziken
6,302,p1,1253,dragapult-ex,0311,rockets-honchkrow
6,303,p2,1190,raging-bolt-ogerpon,2131,raging-bolt-ogerpon
6,304,p1,0650,lopunny-dudunsparce,2076,rocket-mewtwo-ex
6,305,p2,1405,dragapult-dudunsparce,1967,raging-bolt-ogerpon
6,306,p2,1012,starmie-froslass,1975,cynthia-garchomp-ex
6,307,p2,2018,dragapult-dudunsparce,1435,dragapult-ex
6,308,p1,1769,ogerpon-meganium-arboliva,0864,dragapult-ex
6,309,p2,0946,dragapult-dudunsparce,1422,grimmsnarl-froslass
6,310,p2,0117,okidogi-barbaracle,1458,grimmsnarl-froslass
6,311,p1,1743,dragapult-blaziken,0119,slowking-scr
6,312,p2,1184,ogerpon-meganium-arboliva,0280,dragapult-ex
6,313,p1,1383,alakazam-dudunsparce,1144,dragapult-blaziken
6,314,tie,0206,dragapult-ex,1030,festival-lead
6,315,p2,1449,lopunny-dudunsparce,1009,rockets-honchkrow
6,316,p1,1387,dragapult-dudunsparce,0923,rocket-mewtwo-ex
6,317,p2,0057,ogerpon-meganium-arboliva,1082,raging-bolt-ogerpon
6,318,p2,0538,dragapult-ex,0466,raging-bolt-ogerpon
6,319,p1,1875,alakazam-dudunsparce,1139,cynthia-garchomp-ex
6,320,p2,1784,raging-bolt-ogerpon,0627,dragapult-dudunsparce
6,321,p2,0576,dragapult-blaziken,0317,dragapult-ex
6,322,p2,1265,alakazam-dudunsparce,0717,lucario-hariyama
6,323,p2,0132,dragapult-ex,1431,dragapult-dusknoir
6,324,tie,0391,alakazam-dudunsparce,1483,rocket-mewtwo-ex
6,325,p1,0802,ogerpon-meganium-hydrapple,0149,n-zoroark
6,326,p2,1904,other,0819,raging-bolt-ogerpon
6,327,p1,0547,dragapult-dudunsparce,0373,cynthia-garchomp-ex
6,328,p1,0704,rocket-mewtwo-ex,0272,greninja-ex
6,329,p2,0837,raging-bolt-ogerpon,0052,ogerpon-meganium-hydrapple
6,330,p1,2054,festival-lead,0096,lopunny-dudunsparce
6,331,p1,2090,n-zoroark,0290,alakazam-dudunsparce
6,332,p2,1202,other,1553,rockets-honchkrow
6,333,tie,0490,ogerpon-meganium-arboliva,0333,basic-box-m
6,334,tie,1280,lopunny-dudunsparce,1705,alakazam-dudunsparce
6,335,p1,2044,kangaskhan-bouffalant,0045,dragapult-dudunsparce
6,336,p1,0755,dragapult-dudunsparce,0243,dragapult-blaziken
6,337,p1,1078,raging-bolt-ogerpon,1493,ogerpon-meganium-arboliva
6,338,p2,0263,alakazam-dudunsparce,0273,dragapult-dusknoir
6,339,p1,0068,dragapult-ex,0059,alakazam-dudunsparce
6,340,p1,0647,raging-bolt-ogerpon,0736,lopunny-dudunsparce
6,341,p2,0326,cynthia-garchomp-ex,0444,lucario-hariyama
6,342,p2,1935,festival-lead,1370,dragapult-dusknoir
6,343,p2,2007,dragapult-ex,1086,ogerpon-meganium-hydrapple
6,344,p1,1391,alakazam-dudunsparce,1132,dragapult-blaziken
6,345,p2,0147,lopunny-dudunsparce,1509,cynthia-garchomp-ex
6,346,p1,0199,dragapult-ex,1947,dragapult-ex
6,347,p1,1480,dragapult-dusknoir,1788,dragapult-ex
6,348,tie,1602,ogerpon-meganium-arboliva,1112,rockets-honchkrow
6,349,p1,1287,alakazam-dudunsparce,2013,mega-lucario-ex
6,350,p1,0938,n-zoroark,0925,lopunny-dudunsparce
6,351,tie,0007,dragapult-dusknoir,1615,cynthia-garchomp-ex
6,352,p1,1963,alakazam-dudunsparce,1890,raging-bolt-ogerpon
6,353,p1,0824,dragapult-ex,0979,raging-bolt-ogerpon
6,354,p2,0788,ogerpon-meganium-arboliva,2014,mega-lucario-ex
6,355,p1,1250,festival-lead,1143,dragapult-dudunsparce
6,356,p2,1297,raging-bolt-ogerpon,1833,lopunny-dudunsparce
6,357,p1,1467,raging-bolt-ogerpon,0528,rocket-spidops
6,358,p1,0146,dragapult-dusknoir,1204,festival-lead
6,359,p2,0286,dragapult-dusknoir,2121,mega-lucario-ex
6,360,p1,0252,raging-bolt-ogerpon,1259,dragapult-dusknoir
6,361,p2,1023,dragapult-dudunsparce,0516,ogerpon-meganium-hydrapple
6,362,p1,0702,n-zoroark,0141,dragapult-ex
6,363,p1,1648,okidogi-barbaracle,1056,hops-trevenant
6,364,p2,0058,festival-lead,1249,lopunny-dudunsparce
6,365,p1,0710,diancie-dusknoir,0171,dragapult-blaziken
6,366,p1,2026,starmie-dusknoir,0991,festival-lead
6,367,p1,1889,dragapult-dusknoir,1754,dragapult-dusknoir
6,368,p2,0718,lopunny-dudunsparce,1180,ogerpon-meganium-hydrapple
6,369,p2,2086,dragapult-dudunsparce,0563,mega-lucario-ex
6,370,p2,1729,rocket-mewtwo-ex,1085,cynthia-garchomp-ex
6,371,p2,1806,raging-bolt-ogerpon,1898,dragapult-blaziken
6,372,p1,2117,cynthia-garchomp-ex,2134,raging-bolt-ogerpon
6,373,p1,1306,n-zoroark,0779,dragapult-ex
6,374,p2,2052,dragapult-ex,0122,raging-bolt-ogerpon
6,375,p1,0630,basic-box-m,0298,dragapult-ex
6,376,p1,1646,alakazam-dudunsparce,2150,ogerpon-meganium-arboliva
6,377,p1,2064,greninja-ex,1502,rockets-honchkrow
6,378,p2,0529,dragapult-dusknoir,1542,mega-lucario-ex
6,379,p2,1927,dragapult-dusknoir,0497,dragapult-dudunsparce
6,380,p1,0429,dragapult-dusknoir,1165,festival-lead
6,381,p2,1539,slowking-scr,1771,raging-bolt-ogerpon
6,382,p2,1308,alakazam-dudunsparce,0207,rocket-mewtwo-ex
6,383,p2,0421,starmie-dusknoir,0675,dragapult-ex
6,384,p2,2065,n-zoroark,0166,lopunny-dudunsparce
6,385,p1,0319,rocket-mewtwo-ex,1720,alakazam-dudunsparce
6,386,p2,1888,raging-bolt-ogerpon,0817,dragapult-blaziken
6,387,p1,1643,starmie-froslass,0955,lucario-hariyama
6,388,p2,2105,dragapult-blaziken,0688,n-zoroark
6,389,p1,0866,ogerpon-meganium-arboliva,1072,festival-lead
6,390,p1,0600,starmie-froslass,0459,festival-lead
6,391,tie,0644,raging-bolt-ogerpon,0904,raging-bolt-ogerpon
6,392,p2,0638,ogerpon-meganium-arboliva,1002,lopunny-dudunsparce
6,393,p2,0182,festival-lead,1933,lucario-hariyama
6,394,p1,0176,raging-bolt-ogerpon,0306,alakazam-dudunsparce
6,395,p2,2050,raging-bolt-ogerpon,0804,lopunny-dudunsparce
6,396,p1,0773,dragapult-ex,0857,lopunny-dudunsparce
6,397,p1,1104,raging-bolt-ogerpon,1400,starmie-dusknoir
6,398,p1,1069,raging-bolt-ogerpon,1476,grimmsnarl-froslass
6,399,p1,1535,ogerpon-meganium-hydrapple,0619,lopunny-dudunsparce
6,400,p1,0762,dragapult-blaziken,1366,lucario-hariyama
6,401,p2,0380,greninja-ex,0169,mega-lucario-ex
6,402,p2,0265,dragapult-dusknoir,0242,festival-lead
6,403,p1,1832,festival-lead,1584,alakazam-dudunsparce
6,404,p1,1362,grimmsnarl-froslass,1472,dragapult-ex
6,405,p1,0977,lopunny-dudunsparce,0586,clefairy-ogerpon
6,406,p1,1649,dragapult-ex,0235,dragapult-blaziken
6,407,p1,0880,other,1029,rocket-mewtwo-ex
6,408,p1,1634,lopunny-dudunsparce,1825,dragapult-blaziken
6,409,p1,2078,alakazam-dudunsparce,1869,crustle-dri
6,410,p2,0733,dragapult-ex,1325,dragapult-ex
6,411,p1,1282,dragapult-dusknoir,0874,dragapult-ex
6,412,p2,0794,lopunny-dudunsparce,2082,lopunny-dudunsparce
6,413,p2,1894,ogerpon-meganium-hydrapple,0335,dragapult-ex
6,414,p2,1867,lopunny-dudunsparce,0526,festival-lead
6,415,p1,1010,festival-lead,1924,dragapult-ex
6,416,p1,0580,dragapult-dudunsparce,1531,raging-bolt-ogerpon
6,417,tie,0523,lopunny-dudunsparce,0896,dragapult-dudunsparce
6,418,p2,1520,crustle-dri,0050,archaludon-dudunsparce
6,419,p2,0387,dragapult-dudunsparce,0728,dragapult-ex
6,420,p1,1310,rocket-mewtwo-ex,1162,dragapult-ex
6,421,p2,0693,festival-lead,1376,dragapult-ex
6,422,p2,2011,festival-lead,1945,dragapult-blaziken
6,423,p1,0284,rocket-mewtwo-ex,0912,dragapult-dusknoir
6,424,p2,1192,starmie-froslass,0455,n-zoroark
6,425,p2,1473,sharpedo-toxtricity,1368,dragapult-dusknoir
6,426,tie,1926,dragapult-dudunsparce,1508,rockets-honchkrow
6,427,p2,1503,rockets-honchkrow,1630,hops-trevenant
6,428,tie,0614,n-zoroark,1527,dragapult-ex
6,429,p2,1038,lucario-hariyama,0750,basic-box-m
6,430,p2,1489,crustle-dri,0749,lopunny-dudunsparce
6,431,tie,0269,slowking-scr,2100,dragapult-dusknoir
6,432,p1,0386,n-zoroark,1536,dragapult-ex
6,433,p1,1412,rocket-mewtwo-ex,1792,cynthia-garchomp-ex
6,434,p2,1482,kangaskhan-bouffalant,0669,lopunny-dudunsparce
6,435,p1,1352,grimmsnarl-froslass,2091,ogerpon-meganium-arboliva
6,436,tie,1358,festival-lead,0714,dragapult-dudunsparce
6,437,p2,1497,dragapult-ex,0965,dragapult-blaziken
6,438,p1,1236,clefairy-ogerpon,1151,dragapult-dudunsparce
6,439,tie,0738,cynthia-garchomp-ex,0483,cynthia-garchomp-ex
6,440,p2,0570,n-zoroark,0212,mega-lucario-ex
6,441,p1,1831,dragapult-dudunsparce,0437,crustle-dri
6,442,p2,1651,dragapult-dudunsparce,0124,dragapult-dudunsparce
6,443,p1,0751,okidogi-barbaracle,0803,dragapult-blaziken
6,444,tie,1292,lopunny-dudunsparce,2041,dragapult-dusknoir
6,445,p2,1494,n-zoroark,1433,starmie-froslass
6,446,p2,1989,ogerpon-meganium-arboliva,1453,ethan-typhlosion
6,447,p1,1076,festival-lead,1958,rockets-honchkrow
6,448,p1,1122,lopunny-dudunsparce,0405,dragapult-blaziken
6,449,p1,0767,dragapult-dudunsparce,1349,dragapult-dusknoir
6,450,p1,0895,raging-bolt-ogerpon,1673,dragapult-blaziken
6,451,p1,1100,dragapult-dusknoir,0123,alakazam-dudunsparce
6,452,tie,1005,clefairy-ogerpon,1395,alakazam-dudunsparce
6,453,p2,1755,dragapult-dusknoir,1158,dragapult-dusknoir
6,454,p2,1642,rocket-mewtwo-ex,0070,starmie-froslass
6,455,p1,0394,basic-box-m,0746,raging-bolt-ogerpon
6,456,p1,1066,dragapult-ex,0349,ogerpon-meganium-arboliva
6,457,p2,0694,dragapult-ex,0810,crustle-dri
6,458,p1,1809,cynthia-garchomp-ex,1669,lopunny-dudunsparce
6,459,p1,0828,festival-lead,1116,mega-absol-box
6,460,p2,1986,dragapult-dudunsparce,2080,dragapult-ex
6,461,p1,0194,dragapult-blaziken,1718,mega-lucario-ex
6,462,p1,0474,cynthia-garchomp-ex,0324,dragapult-blaziken
6,463,p1,0193,n-zoroark,1460,raging-bolt-ogerpon
6,464,p1,0888,slowking-scr,0860,okidogi-barbaracle
6,465,p2,0174,dragapult-dudunsparce,0277,basic-box-m
6,466,p2,0971,dragapult-ex,1321,clefairy-ogerpon
6,467,p2,0561,rocket-mewtwo-ex,0997,ogerpon-meganium-hydrapple
6,468,p1,1487,alakazam-dudunsparce,1666,dragapult-dudunsparce
6,469,p2,1930,dragapult-ex,1004,rockets-honchkrow
6,470,p1,0216,cynthia-garchomp-ex,0247,dragapult-blaziken
6,471,p1,1796,ogerpon-meganium-hydrapple,0830,dragapult-dusknoir
6,472,tie,1197,basic-box-m,1562,rockets-honchkrow
6,473,p1,1759,dragapult-ex,0646,raging-bolt-ogerpon
6,474,p2,0302,dragapult-dusknoir,0503,raging-bolt-ogerpon
6,475,p2,0603,okidogi-barbaracle,1684,dragapult-blaziken
6,476,p1,1093,okidogi-barbaracle,0707,mega-lucario-ex
6,477,tie,1758,alakazam-dudunsparce,0301,?
6,478,p2,0023,dragapult-dusknoir,1745,raging-bolt-ogerpon
6,479,p1,1157,lopunny-dudunsparce,0463,ogerpon-meganium-arboliva
6,480,p2,0859,dragapult-ex,0385,dragapult-ex
6,481,p1,1131,raging-bolt-ogerpon,1626,rocket-mewtwo-ex
6,482,p2,1750,dragapult-blaziken,1499,lucario-hariyama
6,483,p1,0347,dragapult-dudunsparce,2135,starmie-froslass
6,484,p2,1748,dragapult-dudunsparce,0572,grimmsnarl-froslass
6,485,p1,0019,lucario-hariyama,0246,alakazam-dudunsparce
6,486,p1,1556,grimmsnarl-froslass,0747,raging-bolt-ogerpon
6,487,p2,0660,ogerpon-meganium-hydrapple,1186,dragapult-blaziken
6,488,p1,0829,alakazam-dudunsparce,1830,azumarill-ssp
6,489,tie,1547,cynthia-garchomp-ex,1910,rockets-honchkrow
6,490,p1,0173,ogerpon-meganium-arboliva,0357,greninja-froslass
6,491,p1,1334,okidogi-barbaracle,0929,raging-bolt-ogerpon
6,492,p2,0492,dragapult-dusknoir,0138,n-zoroark
6,493,tie,0495,festival-lead,0296,lopunny-dudunsparce
6,494,p2,0004,mega-venusaur-ex,0761,ogerpon-meganium-arboliva
6,495,tie,1017,rockets-honchkrow,0960,festival-lead
6,496,p1,2107,alakazam-dudunsparce,0248,rockets-honchkrow
6,497,p1,0128,raging-bolt-ogerpon,0478,dragapult-dudunsparce
6,498,p1,0261,ogerpon-meganium-arboliva,0901,rocket-spidops
6,499,p2,1274,ogerpon-meganium-arboliva,1451,dragapult-ex
6,500,p2,0701,dragapult-ex,0222,dragapult-ex
6,501,p1,2073,rockets-honchkrow,0338,dragapult-ex
6,502,p2,0519,hops-trevenant,0954,lopunny-dudunsparce
6,503,p2,0085,dragapult-blaziken,0322,festival-lead
6,504,p1,0502,dragapult-blaziken,1709,dragapult-ex
6,505,p2,1860,ursaluna-lunatone,0485,alakazam-dudunsparce
6,506,p1,0424,archaludon-dudunsparce,0500,raging-bolt-ogerpon
6,507,p1,2089,basic-box-m,1327,lopunny-dudunsparce
6,508,p1,0885,dragapult-dudunsparce,1543,lopunny-dudunsparce
6,509,p2,0699,dragapult-ex,1035,festival-lead
6,510,p2,2092,mega-lucario-ex,1932,rocket-mewtwo-ex
6,511,p1,0607,other,1827,ogerpon-meganium-hydrapple
6,512,p1,2071,crustle-dri,0071,n-zoroark
6,513,p2,1976,rockets-honchkrow,0793,raging-bolt-ogerpon
6,514,p1,0441,other,1486,cynthia-garchomp-ex
6,515,p2,1767,festival-lead,0659,raging-bolt-ogerpon
6,516,p1,1025,starmie-froslass,1677,starmie-dusknoir
6,517,p1,1688,ogerpon-meganium-arboliva,1601,dragapult-dusknoir
6,518,p1,1273,basic-box-m,0790,dragapult-ex
6,519,p1,1015,raging-bolt-ogerpon,1345,raging-bolt-ogerpon
6,520,p2,0515,slowking-scr,1150,starmie-dusknoir
6,521,p2,1006,cynthia-garchomp-ex,1931,alakazam-dudunsparce
6,522,p1,1423,basic-box-m,2035,raging-bolt-ogerpon
6,523,p1,1994,dragapult-blaziken,1089,ogerpon-meganium-arboliva
6,524,p1,0754,dragapult-ex,0729,lucario-hariyama
6,525,p1,1978,raging-bolt-ogerpon,0883,lopunny-dudunsparce
6,526,p2,1570,n-zoroark,2132,lucario-hariyama
6,527,tie,1861,alakazam-dudunsparce,0709,stevens-metagross
6,528,p1,0185,ogerpon-meganium-hydrapple,1744,kangaskhan-bouffalant
6,529,p1,0017,raging-bolt-ogerpon,0152,dragapult-blaziken
6,530,p2,2072,mega-absol-box,1946,ogerpon-meganium-hydrapple
6,531,p2,1934,lopunny-dudunsparce,0379,ogerpon-meganium-arboliva
6,532,p1,1077,lopunny-dudunsparce,0209,dragapult-dudunsparce
6,533,tie,0183,dragapult-ex,0996,raging-bolt-ogerpon
6,534,tie,0533,hops-trevenant,0037,rocket-mewtwo-ex
6,535,p1,0328,mega-venusaur-ex,1576,starmie-dusknoir
6,536,p2,1568,dragapult-dudunsparce,0876,rocket-mewtwo-ex
6,537,p1,0721,dragapult-dusknoir,1971,dragapult-dudunsparce
6,538,p2,0318,starmie-dusknoir,1284,lopunny-dudunsparce
6,539,p2,0849,n-zoroark,1063,lopunny-dudunsparce
6,540,p2,0713,dragapult-ex,0535,dragapult-dusknoir
6,541,tie,0764,dragapult-dudunsparce,0825,dragapult-dudunsparce
6,542,tie,0217,okidogi-barbaracle,1340,sharpedo-toxtricity
6,543,p2,0433,mega-lucario-ex,1088,n-zoroark
6,544,p1,0303,rocket-mewtwo-ex,1991,dragapult-dusknoir
6,545,p2,0401,lopunny-dudunsparce,2087,ogerpon-meganium-hydrapple
6,546,p2,1572,lopunny-dudunsparce,0871,lopunny-dudunsparce
6,547,tie,1266,basic-box-m,1118,dragapult-blaziken
6,548,p1,1385,starmie-froslass,0061,rocket-mewtwo-ex
6,549,p1,1504,basic-box-m,0687,dragapult-dudunsparce
6,550,p2,1068,ogerpon-meganium-hydrapple,1623,raging-bolt-ogerpon
6,551,p1,0371,festival-lead,1885,starmie-froslass
6,552,p1,1749,raging-bolt-ogerpon,2128,n-zoroark
6,553,p1,0360,cynthia-garchomp-ex,2088,dragapult-blaziken
6,554,p1,0501,dragapult-dudunsparce,0164,raging-bolt-ogerpon
6,555,p1,0939,festival-lead,0558,ogerpon-meganium-hydrapple
6,556,tie,1070,alakazam-dudunsparce,0551,dragapult-dudunsparce
6,557,p2,0350,dragapult-dusknoir,0921,ogerpon-meganium-arboliva
6,558,p2,0562,dragapult-ex,0972,starmie-froslass
6,559,tie,0341,raging-bolt-ogerpon,1654,alakazam-dudunsparce
6,560,p1,0382,clefairy-ogerpon,0618,raging-bolt-ogerpon
6,561,p1,0984,starmie-dusknoir,0475,dragapult-dudunsparce
6,562,p2,0279,ogerpon-meganium-hydrapple,0067,n-zoroark
6,563,p1,0423,dragapult-blaziken,1337,starmie-froslass
6,564,p1,1372,starmie-froslass,0383,festival-lead
6,565,p2,2038,starmie-froslass,1719,festival-lead
6,566,p2,1048,raging-bolt-ogerpon,0451,ogerpon-meganium-arboliva
6,567,tie,1798,festival-lead,0310,n-zoroark
6,568,p1,1955,cynthia-garchomp-ex,1075,cynthia-garchomp-ex
6,569,tie,1110,rocket-mewtwo-ex,1369,rocket-mewtwo-ex
6,570,p2,1417,dragapult-ex,1519,dragapult-ex
6,571,p2,1466,dragapult-ex,0840,raging-bolt-ogerpon
6,572,p1,0869,dragapult-dudunsparce,1109,flareon-noctowl
6,573,tie,1212,alakazam-dudunsparce,1999,lopunny-dudunsparce
6,574,p2,2001,dragapult-ex,1899,festival-lead
6,575,p2,0962,dragapult-ex,0389,raging-bolt-ogerpon
6,576,p2,2075,dragapult-blaziken,1521,dragapult-ex
6,577,p1,0766,starmie-dusknoir,0605,rockets-honchkrow
6,578,p1,0454,festival-lead,0836,raging-bolt-ogerpon
6,579,p2,2028,dragapult-ex,0221,dragapult-blaziken
6,580,p2,1377,cynthia-garchomp-ex,1837,lucario-hariyama
6,581,p2,0771,other,1258,dragapult-dudunsparce
6,582,tie,1332,lucario-hariyama,0354,mega-froslass-ex
6,583,p2,0458,ogerpon-meganium-arboliva,0077,cynthia-garchomp-ex
6,584,p2,1596,festival-lead,1592,starmie-froslass
6,585,p2,1037,lucario-hariyama,1753,raging-bolt-ogerpon
6,586,p2,1224,dragapult-dusknoir,0473,stevens-metagross
6,587,p2,1226,lopunny-dudunsparce,1445,greninja-ex
6,588,p2,1716,cynthia-garchomp-ex,1822,festival-lead
6,589,p1,1225,cynthia-garchomp-ex,2056,lopunny-dudunsparce
6,590,p2,0312,alakazam-dudunsparce,0034,dragapult-dudunsparce
6,591,p1,1013,lopunny-dudunsparce,1468,dragapult-dudunsparce
6,592,p2,0537,slowking-scr,1230,starmie-dusknoir
6,593,p2,1612,rocket-mewtwo-ex,2125,raging-bolt-ogerpon
6,594,p2,0521,lopunny-dudunsparce,1641,n-zoroark
6,595,p2,0943,greninja-ex,1055,lucario-hariyama
6,596,p1,1851,okidogi-barbaracle,0112,mega-abomasnow-ex
6,597,p2,2110,lopunny-dudunsparce,2127,dragapult-ex
6,598,p2,0344,lopunny-dudunsparce,0370,slowking-scr
6,599,p1,1396,lucario-hariyama,1463,dragapult-dusknoir
6,600,p1,0768,dragapult-ex,1616,festival-lead
6,601,p2,0696,cynthia-garchomp-ex,1148,festival-lead
6,602,p2,0952,hops-trevenant,1484,lopunny-dudunsparce
6,603,p2,0012,dragapult-dusknoir,1766,lopunny-dudunsparce
6,604,p2,1848,raging-bolt-ogerpon,1886,ogerpon-meganium-hydrapple
6,605,p2,0832,raging-bolt-ogerpon,1879,alakazam-dudunsparce
6,606,p1,0792,basic-box-m,1763,diancie-dusknoir
6,607,p1,0635,festival-lead,0282,dragapult-ex
6,608,p1,0428,dragapult-dusknoir,1565,lucario-hariyama
6,609,p1,1434,basic-box-m,1902,rockets-honchkrow
6,610,p1,2031,dragapult-dudunsparce,0776,alakazam-dudunsparce
6,611,p1,0602,raging-bolt-ogerpon,1367,raging-bolt-ogerpon
6,612,p2,0566,dragapult-blaziken,1277,dragapult-ex
6,613,p1,1067,lopunny-dudunsparce,0808,dragapult-blaziken
6,614,p2,0581,n-zoroark,1052,festival-lead
6,615,p1,2120,starmie-dusknoir,0028,festival-lead
6,616,p2,0384,cynthia-garchomp-ex,0245,grimmsnarl-froslass
6,617,tie,1166,n-zoroark,0355,festival-lead
6,618,p2,1883,dragapult-ex,1221,clefairy-ogerpon
6,619,p1,0626,dragapult-ex,1515,dragapult-dusknoir
6,620,p1,0887,ogerpon-meganium-arboliva,0858,hops-trevenant
6,621,p1,0170,dragapult-dudunsparce,0565,rockets-honchkrow
6,622,p2,0634,lopunny-dudunsparce,1470,lopunny-dudunsparce
6,623,p1,1211,dragapult-blaziken,1552,starmie-froslass
6,624,p1,0125,slowking-scr,1811,rocket-mewtwo-ex
6,625,p1,1393,dragapult-blaziken,0919,hops-trevenant
6,626,p2,0588,dragapult-dusknoir,0472,rocket-mewtwo-ex
6,627,tie,0916,dragapult-dusknoir,0769,clefairy-ogerpon
6,628,p2,0108,festival-lead,0756,starmie-froslass
6,629,p1,0140,raging-bolt-ogerpon,0625,rocket-mewtwo-ex
6,630,p1,1942,alakazam-dudunsparce,1569,raging-bolt-ogerpon
6,631,p2,1300,starmie-dusknoir,0153,lopunny-dudunsparce
6,632,p2,0065,cynthia-garchomp-ex,0589,basic-box-m
6,633,p1,2040,ogerpon-meganium-hydrapple,1007,clefairy-ogerpon
6,634,tie,1241,basic-box-m,1404,n-zoroark
6,635,p2,0642,n-zoroark,1411,dragapult-dudunsparce
6,636,p1,0711,lopunny-dudunsparce,1675,ogerpon-meganium-arboliva
6,637,p1,2002,other,1900,mega-absol-box
6,638,p1,1608,dragapult-ex,1555,rocket-mewtwo-ex
6,639,p2,0948,lopunny-dudunsparce,1816,raging-bolt-ogerpon
6,640,p1,0407,alakazam-dudunsparce,1438,festival-lead
6,641,p2,1183,dragapult-dusknoir,0504,dragapult-ex
6,642,p2,1518,lopunny-dudunsparce,0592,cynthia-garchomp-ex
6,643,p1,0440,greninja-ex,0471,crustle-dri
6,644,p1,0445,dragapult-dusknoir,0657,rocket-mewtwo-ex
6,645,p1,2067,mega-lucario-ex,0309,rockets-honchkrow
6,646,p1,2149,alakazam-dudunsparce,1471,starmie-froslass
6,647,p2,1347,ogerpon-meganium-arboliva,1218,starmie-froslass
6,648,tie,0757,mega-froslass-ex,0799,dragapult-ex
6,649,p1,1315,raging-bolt-ogerpon,1031,dragapult-dusknoir
6,650,p2,0848,dragapult-dudunsparce,1040,cynthia-garchomp-ex
6,651,p1,1574,ogerpon-meganium-hydrapple,1578,starmie-froslass
6,652,p1,1730,n-zoroark,0514,rockets-honchkrow
6,653,p2,0868,raging-bolt-ogerpon,0568,raging-bolt-ogerpon
6,654,p2,1909,dragapult-ex,0992,greninja-ex
6,655,p1,1169,starmie-froslass,1940,ogerpon-meganium-hydrapple
6,656,p1,1402,dragapult-dusknoir,0897,starmie-froslass
6,657,p2,1046,lopunny-dudunsparce,0907,dragapult-dusknoir
6,658,p1,0949,cynthia-garchomp-ex,0850,dragapult-ex
6,659,p1,0204,raging-bolt-ogerpon,1268,raging-bolt-ogerpon
6,660,p2,1835,dragapult-ex,1751,dragapult-ex
6,661,p2,1537,festival-lead,0172,other
6,662,p2,1558,clefairy-ogerpon,0291,alakazam-dudunsparce
6,663,p1,1647,raging-bolt-ogerpon,1020,dragapult-dudunsparce
6,664,tie,0002,lopunny-dudunsparce,0573,dragapult-dusknoir
6,665,p2,0092,starmie-dusknoir,1845,tera-box
6,666,p1,0826,ogerpon-meganium-arboliva,1179,rocket-mewtwo-ex
6,667,p2,1371,raging-bolt-ogerpon,1604,grimmsnarl-froslass
6,668,p1,0189,dragapult-ex,1914,ogerpon-meganium-hydrapple
6,669,p2,1790,rockets-honchkrow,1196,cynthia-garchomp-ex
6,670,p1,0107,cynthia-garchomp-ex,1639,lopunny-dudunsparce
6,671,tie,1549,dragapult-ex,0731,dragapult-dusknoir
6,672,p2,1681,dragapult-ex,1034,flareon-noctowl
6,673,tie,0415,rocket-mewtwo-ex,2096,archaludon-dudunsparce
6,674,p2,1911,rockets-honchkrow,1689,ogerpon-meganium-hydrapple
6,675,p1,1968,dragapult-ex,0461,cynthia-garchomp-ex
6,676,p1,1058,rockets-honchkrow,0879,alakazam-dudunsparce
6,677,p2,1018,dragapult-blaziken,0079,lucario-hariyama
6,678,p2,0999,rocket-mewtwo-ex,0831,basic-box-m
6,679,p2,1632,dragapult-dusknoir,0665,kangaskhan-bouffalant
6,680,tie,1680,alakazam-dudunsparce,1872,dragapult-dusknoir
6,681,p2,0723,alakazam-dudunsparce,0250,dragapult-dudunsparce
6,682,p2,1216,lopunny-dudunsparce,1912,dragapult-dudunsparce
6,683,p1,1802,starmie-froslass,1983,dragapult-dudunsparce
6,684,p2,1227,grimmsnarl-froslass,1725,raging-bolt-ogerpon
6,685,p2,1865,n-zoroark,0203,alakazam-dudunsparce
6,686,p1,1597,dragapult-dudunsparce,1652,dragapult-blaziken
6,687,p1,2057,festival-lead,0098,dragapult-blaziken
6,688,p2,1762,lucario-hariyama,0411,dragapult-dusknoir
6,689,p1,0462,starmie-froslass,1913,ursaluna-lunatone
6,690,p1,2022,rocket-mewtwo-ex,1505,mega-lucario-ex
6,691,p2,1074,festival-lead,1791,crustle-dri
6,692,p2,1062,ogerpon-meganium-arboliva,1982,dragapult-ex
6,693,tie,1209,dragapult-blaziken,1359,rockets-honchkrow
6,694,tie,1448,starmie-froslass,1205,dragapult-ex
6,695,p1,0304,dragapult-dudunsparce,1033,rocket-mewtwo-ex
6,696,p2,1428,cynthia-garchomp-ex,1752,cynthia-garchomp-ex
6,697,p2,1115,dragapult-dusknoir,0851,dragapult-ex
6,698,p2,1152,lucario-hariyama,1996,n-zoroark
6,699,p1,1243,lopunny-dudunsparce,0985,rocket-mewtwo-ex
6,700,p1,0094,lopunny-dudunsparce,0986,dragapult-dudunsparce
6,701,p1,1173,raging-bolt-ogerpon,0890,dragapult-ex
6,702,p1,1679,dragapult-dudunsparce,1981,okidogi-barbaracle
6,703,p2,0598,mega-absol-box,0578,dragapult-dudunsparce
6,704,p1,1199,rockets-honchkrow,1761,dragapult-ex
6,705,p2,0143,rockets-honchkrow,0446,dragapult-dusknoir
6,706,p1,0100,alakazam-dudunsparce,0763,cynthia-garchomp-ex
6,707,p2,0841,lopunny-dudunsparce,0334,dragapult-blaziken
6,708,tie,1322,n-zoroark,0227,dragapult-ex
6,709,p2,1164,rockets-honchkrow,1686,cynthia-garchomp-ex
6,710,p1,0905,lucario-hariyama,0133,dragapult-blaziken
6,711,p1,0431,festival-lead,0715,cynthia-garchomp-ex
6,712,p2,1823,alakazam-dudunsparce,0571,dragapult-dudunsparce
6,713,p2,1600,rockets-honchkrow,1640,diancie-dusknoir
6,714,p2,2039,dragapult-dudunsparce,2069,clefairy-ogerpon
6,715,p1,2113,basic-box-m,1261,n-zoroark
6,716,p1,0918,ogerpon-meganium-arboliva,1700,n-zoroark
6,717,p1,1990,dragapult-blaziken,1590,ogerpon-meganium-arboliva
6,718,p2,0734,ogerpon-meganium-hydrapple,0631,jellicent-dusknoir
6,719,p1,0218,lucario-hariyama,1185,cynthia-garchomp-ex
6,720,p1,1532,?,0740,sharpedo-toxtricity
6,721,tie,0368,dragapult-ex,1043,rocket-mewtwo-ex
6,722,p2,1864,n-zoroark,1740,dragapult-ex
6,723,tie,1145,n-zoroark,1299,n-zoroark
6,724,p2,0396,dragapult-dusknoir,1054,joltik-box
6,725,tie,2016,dragapult-dusknoir,2118,mega-lucario-ex
6,726,p2,0780,cynthia-garchomp-ex,1248,alakazam-dudunsparce
6,727,p2,0493,crustle-dri,0465,dragapult-blaziken
6,728,p2,0541,ogerpon-meganium,1344,lopunny-dudunsparce
6,729,p2,1475,alakazam-dudunsparce,1878,rocket-mewtwo-ex
6,730,p1,1092,festival-lead,1919,cynthia-garchomp-ex
6,731,p1,0814,alakazam-dudunsparce,0641,cynthia-garchomp-ex
6,732,p2,1579,dragapult-dudunsparce,0615,dragapult-ex
6,733,p1,1260,cynthia-garchomp-ex,1961,dragapult-dusknoir
6,734,p2,1175,lopunny-dudunsparce,1863,dragapult-dudunsparce
6,735,p1,1589,dragapult-ex,1523,greninja-ex
6,736,p1,1896,dragapult-ex,1538,cynthia-garchomp-ex
6,737,p2,1917,starmie-froslass,1949,cynthia-garchomp-ex
6,738,p1,1957,grimmsnarl-froslass,0668,rockets-honchkrow
6,739,p2,2066,dragapult-blaziken,1188,rocket-mewtwo-ex
6,740,p2,1903,starmie-dusknoir,0080,dragapult-blaziken
6,741,p1,2142,n-zoroark,0281,raging-bolt-ogerpon
6,742,p2,0236,raging-bolt-ogerpon,0942,crustle-dri
6,743,p2,1000,ceruledge-ex,2138,dragapult-ex
6,744,p1,0698,rocket-mewtwo-ex,1923,dragapult-dusknoir
6,745,p1,1736,basic-box-m,0926,dragapult-dusknoir
6,746,p2,1611,archaludon-dudunsparce,0950,dragapult-dusknoir
6,747,tie,1764,festival-lead,1302,alakazam-dudunsparce
6,748,p2,0257,basic-box-m,0181,starmie-froslass
6,749,p2,0823,lopunny-dudunsparce,0980,dragapult-dusknoir
6,750,p1,1691,alakazam-dudunsparce,1847,lopunny-dudunsparce
6,751,tie,0724,starmie-froslass,1959,n-zoroark
6,752,p2,1606,dragapult-ex,0575,crustle-dri
6,753,tie,1682,alakazam-dudunsparce,0259,lopunny-dudunsparce
6,754,p2,0450,lopunny-dudunsparce,1881,cynthia-garchomp-ex
6,755,p1,1813,rocket-mewtwo-ex,1114,dragapult-dudunsparce
6,756,tie,1622,n-zoroark,0732,kangaskhan-bouffalant
6,757,p1,1459,rocket-mewtwo-ex,1829,dragapult-ex
6,758,p1,0560,dragapult-dudunsparce,1111,starmie-froslass
6,759,p2,0593,raging-bolt-ogerpon,0167,alakazam-dudunsparce
6,760,p2,2077,flareon-noctowl,1810,rocket-mewtwo-ex
6,761,p2,1386,ogerpon-meganium-hydrapple,0137,dragapult-dusknoir
6,762,p2,0807,starmie-froslass,1938,ogerpon-meganium-arboliva
6,763,p2,0645,raging-bolt-ogerpon,0569,diancie-dusknoir
6,764,tie,0409,lopunny-dudunsparce,0512,ogerpon-meganium-hydrapple
6,765,p2,1818,rockets-honchkrow,1275,lopunny-dudunsparce
6,766,p1,1711,dragapult-ex,1081,raging-bolt-ogerpon
6,767,p2,1870,rocket-mewtwo-ex,0479,starmie-froslass
6,768,p2,0654,rockets-honchkrow,1789,tera-box
6,769,p2,1777,dragapult-ex,0623,raging-bolt-ogerpon
6,770,p1,0508,okidogi-barbaracle,0372,lopunny-dudunsparce
6,771,p2,0249,alakazam-dudunsparce,0413,rockets-honchkrow
6,772,p2,0622,rocket-mewtwo-ex,1695,dragapult-ex
6,773,p1,0332,dragapult-dudunsparce,1019,dragapult-froslass
6,774,p1,0177,rocket-mewtwo-ex,2019,mega-lucario-ex
6,775,p1,0531,n-zoroark,1966,n-zoroark
6,776,p2,0806,ogerpon-meganium-arboliva,1379,palafin-ex
6,777,p2,1488,dragapult-dusknoir,0935,dragapult-dusknoir
6,778,p2,0507,slowking-scr,1795,raging-bolt-ogerpon
6,779,tie,1873,lucario-hariyama,1887,dragapult-blaziken
6,780,p2,1270,rocket-mewtwo-ex,0853,flareon-noctowl
6,781,p1,0744,grimmsnarl-froslass,0374,rockets-honchkrow
6,782,p2,1456,dragapult-ex,0066,lopunny-dudunsparce
6,783,p1,0228,rocket-mewtwo-ex,0361,n-zoroark
6,784,p2,0468,n-zoroark,1424,lopunny-dudunsparce
6,785,p2,0190,n-zoroark,0489,dragapult-ex
6,786,p1,1586,dragapult-blaziken,1174,rocket-mewtwo-ex
6,787,p2,0604,starmie-dusknoir,0417,dragapult-dusknoir
6,788,p1,1251,starmie-froslass,2129,rocket-mewtwo-ex
6,789,p1,1529,dragapult-dudunsparce,1524,dragapult-ex
6,790,p2,0886,raging-bolt-ogerpon,1008,dragapult-dusknoir
6,791,p1,0087,dragapult-blaziken,1208,stevens-metagross
6,792,p1,0662,dragapult-dudunsparce,0735,cynthia-garchomp-ex
6,793,p1,2003,rocket-mewtwo-ex,0873,dragapult-ex
6,794,p2,1817,alakazam-dudunsparce,1734,festival-lead
6,795,p1,0861,dragapult-ex,1264,lucario-hariyama
6,796,p1,0352,greninja-ex,1808,other
6,797,p1,1478,cynthia-garchomp-ex,1357,dragapult-dusknoir
6,798,p1,0643,alakazam-dudunsparce,1526,cynthia-garchomp-ex
6,799,p2,1708,dragapult-blaziken,1381,starmie-froslass
6,800,p1,1561,rocket-mewtwo-ex,0237,lucario-hariyama
6,801,p1,1312,rocket-mewtwo-ex,0234,stevens-metagross
6,802,p1,0536,festival-lead,0009,lucario-hariyama
6,803,p1,0073,ogerpon-meganium-arboliva,1350,dragapult-dusknoir
6,804,p2,1336,dragapult-dusknoir,2093,okidogi-barbaracle
6,805,p2,0632,starmie-froslass,0288,starmie-froslass
6,806,p2,0150,dragapult-dusknoir,1239,rocket-mewtwo-ex
6,807,p2,0476,festival-lead,0327,crustle-dri
6,808,p1,0596,dragapult-ex,1799,cynthia-garchomp-ex
6,809,p2,2130,lopunny-dudunsparce,1257,raging-bolt-ogerpon
6,810,p2,0940,lopunny-dudunsparce,1952,raging-bolt-ogerpon
6,811,p1,0545,dragapult-ex,0983,dragapult-ex
6,812,p1,1382,n-zoroark,2000,dragapult-dusknoir
6,813,p2,1510,cynthia-garchomp-ex,1490,mega-venusaur-ex
6,814,p2,1178,grimmsnarl-froslass,1027,festival-lead
6,815,p1,1852,alakazam-dudunsparce,0706,dragapult-dusknoir
6,816,p2,0674,cynthia-garchomp-ex,1073,dragapult-ex
6,817,p2,0378,cynthia-garchomp-ex,0613,dragapult-dudunsparce
6,818,p1,0072,dragapult-dudunsparce,1997,cynthia-garchomp-ex
6,819,p2,2070,crustle-dri,0839,ogerpon-meganium-hydrapple
6,820,p1,2046,slowking-scr,1201,dragapult-dusknoir
6,821,p2,0351,rocket-mewtwo-ex,0395,lucario-hariyama
6,822,p2,0552,alakazam-dudunsparce,0787,rocket-mewtwo-ex
6,823,p2,0727,dragapult-blaziken,0564,dragapult-dusknoir
6,824,p2,0416,alakazam-dudunsparce,1245,alakazam-dudunsparce
6,825,p1,1610,dragapult-blaziken,0678,lopunny-dudunsparce
6,826,p2,1953,yanmega-ex,1354,dragapult-ex
6,827,p1,0419,lucario-hariyama,0967,dragapult-blaziken
6,828,tie,1022,ursaluna-lunatone,2083,rocket-mewtwo-ex
6,829,p2,0973,ethan-typhlosion,1398,lucario-hariyama
6,830,p2,0113,lucario-hariyama,1877,n-zoroark
6,831,p2,1120,alakazam-dudunsparce,2116,grimmsnarl-froslass
6,832,p2,1443,lopunny-dudunsparce,1195,dragapult-dudunsparce
6,833,p1,1621,dragapult-dusknoir,0805,dragapult-dusknoir
6,834,p1,1993,festival-lead,1320,cynthia-garchomp-ex
6,835,p1,1692,starmie-froslass,0532,okidogi-barbaracle
6,836,tie,0481,grimmsnarl-froslass,0088,rocket-mewtwo-ex
6,837,p1,1571,toxtricity-box,2059,other
6,838,p1,0892,toxtricity-box,0742,ethan-typhlosion
6,839,p1,1776,toxtricity-pfl,0297,dragapult-ex
6,840,p1,0208,lopunny-dudunsparce,1141,archaludon-ex
6,841,p1,0815,n-zoroark,1703,rocket-mewtwo-ex
6,842,p1,1793,?,2021,?
6,843,p1,0691,lucario-hariyama,1153,starmie-froslass
6,844,p1,0093,lopunny-dudunsparce,1916,alakazam-dudunsparce
6,845,p1,1461,dragapult-dusknoir,2062,lopunny-dudunsparce
6,846,tie,1804,lopunny-dudunsparce,1782,lopunny-dudunsparce
6,847,p1,0968,lucario-hariyama,2015,ogerpon-meganium-hydrapple
6,848,p2,1408,lucario-hariyama,1732,dragapult-dudunsparce
6,849,p1,1540,grimmsnarl-froslass,0663,raging-bolt-ogerpon
6,850,p1,2053,n-zoroark,0915,lopunny-dudunsparce
6,851,p2,0414,ogerpon-meganium-arboliva,1969,alakazam-dudunsparce
6,852,p2,0320,n-zoroark,1121,flareon-noctowl
6,853,p2,1674,dragapult-dudunsparce,1091,starmie-dusknoir
6,854,p2,0672,grimmsnarl-froslass,0126,lopunny-dudunsparce
6,855,p2,0233,rockets-honchkrow,0314,dragapult-dusknoir
6,856,p1,1613,dragapult-dusknoir,1627,raging-bolt-ogerpon
6,857,tie,1413,dragapult-ex,1557,greninja-ex
6,858,p2,1577,mega-lucario-ex,2099,dragapult-blaziken
6,859,p2,1416,rocket-mewtwo-ex,1951,dragapult-blaziken
6,860,p2,0758,lopunny-dudunsparce,1707,lopunny-dudunsparce
6,861,p2,0404,n-zoroark,0852,ogerpon-meganium-arboliva
6,862,p1,0957,festival-lead,0438,n-zoroark
6,863,p1,0151,raging-bolt-ogerpon,0196,rocket-mewtwo-ex
6,864,p1,1149,dragapult-dudunsparce,0470,dragapult-dusknoir
6,865,p1,0827,dragapult-dudunsparce,0689,slowking-scr
6,866,p2,1138,lopunny-dudunsparce,1665,crustle-dri
6,867,p1,1528,dragapult-dudunsparce,0325,raging-bolt-ogerpon
6,868,p2,2060,okidogi-barbaracle,2081,cynthia-garchomp-ex
6,869,p1,1937,mega-froslass-ex,0982,okidogi-barbaracle
6,870,p2,1330,raging-bolt-ogerpon,1207,dragapult-dudunsparce
6,871,p1,1948,starmie-froslass,1051,okidogi-barbaracle
6,872,p1,0205,cynthia-garchomp-ex,0554,slowking-scr
6,873,tie,0264,dragapult-ex,1846,dragapult-blaziken
6,874,p1,2146,ogerpon-meganium-hydrapple,0118,cynthia-garchomp-ex
6,875,p2,0426,starmie-dusknoir,1057,clefairy-ogerpon
6,876,p2,1276,dragapult-ex,0726,stevens-metagross
6,877,p2,1995,dragapult-dusknoir,0049,dragapult-dusknoir
6,878,p1,0268,flareon-noctowl,1876,flareon-noctowl
6,879,p1,2098,starmie-froslass,2136,dragapult-dusknoir
6,880,p2,0990,alakazam-dudunsparce,1787,dragapult-dusknoir
6,881,tie,1328,crustle-dri,0494,n-zoroark
6,882,tie,0798,lucario-hariyama,1194,dragapult-dusknoir
6,883,p2,0720,rocket-mewtwo-ex,0161,mega-lucario-ex
6,884,p2,1492,cynthia-garchomp-ex,1920,cynthia-garchomp-ex
6,885,p1,0498,alakazam-dudunsparce,1964,festival-lead
6,886,p2,2030,dragapult-ex,0553,rocket-mewtwo-ex
6,887,p2,0845,festival-lead,1803,tera-box
6,888,p2,2025,lucario-hariyama,0739,n-zoroark
6,889,p2,1189,ogerpon-meganium-hydrapple,1567,dragapult-ex
6,890,p1,1812,alakazam-dudunsparce,0293,raging-bolt-ogerpon
6,891,p2,1498,lopunny-dudunsparce,0611,dragapult-dusknoir
6,892,p2,1895,archaludon-ex,0266,cynthia-garchomp-ex
6,893,p2,0480,archaludon-ex,0705,lucario-hariyama
6,894,tie,1701,dragapult-dudunsparce,0953,rocket-mewtwo-ex
6,895,p1,1283,basic-box-m,1437,cynthia-garchomp-ex
6,896,p1,1137,rocket-mewtwo-ex,2024,ogerpon-meganium-arboliva
6,897,p1,1496,raging-bolt-ogerpon,0376,dragapult-dusknoir
6,898,p1,0211,raging-bolt-ogerpon,2102,starmie-froslass
6,899,p1,1418,dragapult-ex,0129,raging-bolt-ogerpon
6,900,p2,1638,dragapult-ex,1906,mega-lucario-ex
6,901,p2,0567,clefairy-ogerpon,0517,cynthia-garchomp-ex
6,902,p1,2032,starmie-dusknoir,1785,greninja-ex
6,903,p2,2111,alakazam-dudunsparce,0518,archaludon-dudunsparce
6,904,p1,0467,festival-lead,1819,n-zoroark
6,905,p2,0981,basic-box-m,1220,dragapult-ex
6,906,p1,0358,tera-box,1588,dragapult-dudunsparce
6,907,p2,0135,manectric-eelektrik,0639,dragapult-ex
6,908,p2,1554,raging-bolt-ogerpon,1856,mega-camerupt-ex
6,909,p2,1420,rocket-mewtwo-ex,1834,dragapult-ex
6,910,p2,1594,starmie-froslass,1814,starmie-froslass
6,911,p2,1452,tera-box,0136,ogerpon-meganium-hydrapple
6,912,p1,1217,cynthia-garchomp-ex,1213,lopunny-dudunsparce
6,913,p2,0998,alakazam-dudunsparce,0795,stevens-metagross
6,914,p2,1844,dragapult-dudunsparce,1090,rocket-mewtwo-ex
6,915,p2,0612,starmie-froslass,0075,dragapult-ex
6,916,p1,2103,mega-lucario-ex,1891,greninja-blaziken
6,917,tie,1309,basic-box-m,0307,starmie-froslass
6,918,tie,1500,crustle-dri,0422,dragapult-ex
6,919,p2,1154,lucario-hariyama,0313,basic-box-m
6,920,p2,0042,lopunny-dudunsparce,1397,festival-lead
6,921,p2,1897,dragapult-ex,0215,n-zoroark
6,922,p1,0652,ogerpon-meganium,0676,n-zoroark
6,923,p1,0321,n-zoroark,0661,n-zoroark
6,924,p1,1560,lopunny-dudunsparce,1650,dragapult-ex
6,925,p1,1841,dragapult-dusknoir,1263,dragapult-dudunsparce
6,926,p2,1105,ogerpon-meganium-hydrapple,0021,ogerpon-meganium
6,927,tie,1103,stevens-metagross,1724,dragapult-dudunsparce
6,928,p2,0818,slowking-scr,0680,alakazam-dudunsparce
6,929,tie,0994,ogerpon-meganium-hydrapple,1973,alakazam-dudunsparce
6,930,p1,0877,raging-bolt-ogerpon,0970,n-zoroark
6,931,p1,1805,raging-bolt-ogerpon,0833,rocket-mewtwo-ex
6,932,p2,0114,mega-lucario-ex,0505,basic-box-m
6,933,p1,0582,dragapult-ex,1098,cynthia-garchomp-ex
6,934,tie,0240,cynthia-garchomp-ex,0875,crustle-dri
6,935,p1,0658,festival-lead,0400,lucario-hariyama
6,936,p1,0813,starmie-froslass,2045,rocket-mewtwo-ex
6,937,tie,0585,alakazam-dudunsparce,0225,starmie-froslass
6,938,p2,0239,starmie-froslass,1234,ogerpon-meganium-hydrapple
6,939,p2,1399,grimmsnarl-froslass,1163,n-zoroark
6,940,p1,1223,ogerpon-meganium-arboliva,0089,dragapult-dudunsparce
6,941,p1,1172,raging-bolt-ogerpon,0262,other
6,942,p2,0752,alakazam-dudunsparce,1304,dragapult-dudunsparce
6,943,p1,0834,lopunny-dudunsparce,0425,dragapult-ex
6,944,p2,1028,dragapult-dudunsparce,0934,dragapult-ex
6,945,tie,1375,lopunny-dudunsparce,0110,clefairy-ogerpon
6,946,p1,0180,ogerpon-meganium-arboliva,2085,cynthia-garchomp-ex
6,947,p2,0159,raging-bolt-ogerpon,0289,festival-lead
6,948,tie,0599,n-zoroark,0392,ceruledge-ex
6,949,p2,0342,starmie-froslass,0893,dragapult-dusknoir
6,950,p2,1580,ogerpon-meganium-arboliva,0460,festival-lead
6,951,p1,0913,lucario-hariyama,1210,lopunny-dudunsparce
6,952,p1,0800,stevens-metagross,1168,lucario-hariyama
6,953,p1,0362,starmie-dusknoir,1892,dragapult-ex
6,954,p1,0653,lopunny-dudunsparce,1364,dragapult-dudunsparce
6,955,tie,1614,mega-starmie-ex,0820,cynthia-garchomp-ex
6,956,p2,0511,n-zoroark,0595,n-zoroark
6,957,p1,1133,ogerpon-meganium-arboliva,0230,cynthia-garchomp-ex
6,958,p2,0899,n-zoroark,1319,lopunny-dudunsparce
6,959,tie,1727,dragapult-ex,0609,okidogi-barbaracle
6,960,p2,0487,n-zoroark,0300,n-zoroark
6,961,p1,0255,ursaluna-lunatone,1620,dragapult-dusknoir
6,962,p2,1862,n-zoroark,1097,lopunny-dudunsparce
6,963,p1,0369,mega-absol-box,0035,dragapult-dudunsparce
6,964,p2,1828,cynthia-garchomp-ex,1593,festival-lead
6,965,p2,0993,diancie-dusknoir,0148,dragapult-dudunsparce
6,966,tie,1683,lucario-hariyama,0412,doublade-por
6,967,p2,1855,lucario-hariyama,1465,flareon-noctowl
6,968,p1,0988,rocket-mewtwo-ex,1271,dragapult-dusknoir
6,969,p1,2036,raging-bolt-ogerpon,1410,decidueye-ex
6,970,p1,1001,alakazam-dudunsparce,1980,n-zoroark
6,971,p1,1741,starmie-froslass,0393,rocket-mewtwo-ex
6,972,p1,1548,okidogi-barbaracle,1107,cynthia-garchomp-ex
6,973,p2,0477,rocket-mewtwo-ex,0862,alakazam-dudunsparce
6,974,p1,1049,alakazam-dudunsparce,1317,starmie-froslass
6,975,tie,1866,crustle-dri,1988,rocket-mewtwo-ex
6,976,p1,0060,mega-lucario-ex,1629,dragapult-ex
6,977,p2,0109,rocket-mewtwo-ex,0722,starmie-froslass
6,978,p1,0103,festival-lead,0577,n-zoroark
6,979,p1,2034,hydreigon-ex,1859,dragapult-ex
6,980,p1,1291,starmie-froslass,0559,cynthia-garchomp-ex
6,981,tie,0797,milotic-ex,1815,rocket-mewtwo-ex
6,982,p2,1857,dragapult-dusknoir,0936,crustle-dri
6,983,p1,1928,lopunny-dudunsparce,2139,dragapult-ex
6,984,p1,0435,hops-trevenant,0816,lucario-hariyama
6,985,p2,0774,ogerpon-meganium-arboliva,1409,cynthia-garchomp-ex
6,986,p2,0933,lucario-hariyama,0956,lucario-hariyama
6,987,p1,1598,grimmsnarl-froslass,1446,lucario-hariyama
6,988,p2,0104,mega-starmie-ex,1254,lucario-hariyama
6,989,p2,0648,dragapult-dudunsparce,0330,slowking-scr
6,990,p2,2108,lopunny-dudunsparce,1800,cynthia-garchomp-ex
6,991,p1,1506,ogerpon-meganium-arboliva,1880,okidogi-barbaracle
6,992,p2,1191,lopunny-dusknoir,2094,greninja-ex
6,993,p2,1462,dragapult-dudunsparce,0791,n-zoroark
6,994,tie,1142,yanmega-ex,1285,slowking-scr
6,995,tie,0510,alakazam-dudunsparce,1390,ethan-typhlosion
6,996,p2,1807,n-zoroark,1731,alakazam-dudunsparce
6,997,p2,0432,rocket-mewtwo-ex,2114,n-zoroark
6,998,p2,0908,dragapult-ex,1658,dragapult-dusknoir
6,999,p2,1427,dragapult-ex,1439,dragapult-ex
6,1000,tie,1530,blaziken-zoroark,0195,n-zoroark
6,1001,p2,0162,raging-bolt-ogerpon,1566,starmie-froslass
6,1002,p2,0966,n-zoroark,0260,raging-bolt-ogerpon
6,1003,p1,1882,dragapult-blaziken,0961,archaludon-dudunsparce
6,1004,p1,0697,grimmsnarl-froslass,2017,raging-bolt-ogerpon
6,1005,p2,1779,rockets-honchkrow,1850,dragapult-blaziken
6,1006,p2,0484,dragapult-dusknoir,0399,dragapult-dusknoir
6,1007,p1,0846,rockets-honchkrow,1129,starmie-froslass
6,1008,p1,1447,dragapult-dudunsparce,2123,festival-lead
6,1009,p1,2104,lucario-hariyama,1704,ogerpon-meganium-arboliva
6,1010,tie,0542,rockets-honchkrow,1723,dragapult-dudunsparce
6,1011,p2,0229,crustle-dri,1442,n-zoroark
6,1012,p2,0894,cynthia-garchomp-ex,0044,slowking-scr
6,1013,p1,1134,flareon-noctowl,1187,raging-bolt-ogerpon
6,1014,p1,1170,raging-bolt-ogerpon,0453,raging-bolt-ogerpon
6,1015,p1,0633,dragapult-dudunsparce,1645,raging-bolt-ogerpon
6,1016,p1,0106,dragapult-dusknoir,0283,alakazam-dudunsparce
6,1017,p2,0958,starmie-froslass,0772,alakazam-dudunsparce
6,1018,p2,1778,festival-lead,0083,dragapult-dudunsparce
6,1019,p2,0253,alakazam-dudunsparce,1215,rocket-mewtwo-ex
6,1020,tie,1289,ogerpon-meganium-hydrapple,1874,dragapult-ex
6,1021,tie,2047,lopunny-dudunsparce,1551,dragapult-dudunsparce
6,1022,p2,0784,flareon-noctowl,1200,starmie-froslass
6,1023,tie,0628,dragapult-blaziken,0928,lucario-hariyama
6,1024,p1,1533,n-zoroark,0097,raging-bolt-ogerpon
6,1025,p1,0978,dragapult-ex,0975,mega-venusaur-ex
6,1026,p2,0683,rockets-honchkrow,1821,cynthia-garchomp-ex
6,1027,p1,0842,n-zoroark,0812,n-zoroark
6,1028,p2,1780,rocket-mewtwo-ex,0785,cynthia-garchomp-ex
6,1029,tie,1522,rocket-mewtwo-ex,0192,dragapult-blaziken
6,1030,p2,0410,hops-trevenant,2115,clefairy-ogerpon
6,1031,p1,1781,dragapult-dusknoir,0403,mega-lucario-ex
6,1032,p1,1155,ogerpon-meganium,1950,alakazam-dudunsparce
6,1033,p1,0157,rocket-mewtwo-ex,1977,dragapult-dudunsparce
6,1034,p2,1177,cynthia-garchomp-ex,0838,rocket-mewtwo-ex
6,1035,tie,0315,dragapult-dusknoir,1636,dragapult-dusknoir
6,1036,p2,2144,cynthia-garchomp-ex,0730,dragapult-dusknoir
6,1037,p1,0920,ceruledge-ex,1757,zygarde-barbaracle
6,1038,p2,1123,okidogi-barbaracle,2037,mega-lucario-ex
6,1039,p2,1206,grimmsnarl-froslass,0499,lucario-hariyama
6,1040,p2,1676,lucario-hariyama,0584,dragapult-ex
6,1041,p1,1595,cynthia-garchomp-ex,1985,n-zoroark
6,1042,p2,0336,other,0811,starmie-froslass
6,1043,p2,1582,dragapult-ex,0964,other
6,1044,p1,1355,ogerpon-meganium-hydrapple,0134,dragapult-blaziken
6,1045,p2,0040,dragapult-dusknoir,1295,dragapult-blaziken
6,1046,tie,1374,okidogi-twm,2012,starmie-froslass
6,1047,p2,1559,okidogi-barbaracle,0214,dudunsparce-control
6,1048,p1,1469,rocket-mewtwo-ex,0101,dragapult-dusknoir
6,1049,p2,1353,grimmsnarl-froslass,0168,slowking-scr
6,1050,p1,0430,starmie-dusknoir,0745,festival-lead
6,1051,p1,1288,crustle-dri,1406,okidogi-barbaracle
6,1052,p1,1126,lucario-hariyama,1871,dragapult-dusknoir
6,1053,p2,0637,dragapult-ex,0548,clefairy-ogerpon
6,1054,p1,1425,mega-charizard-x-ex,1628,kangaskhan-bouffalant
6,1055,p1,2122,ethan-typhlosion,1071,n-zoroark
6,1056,tie,1305,festival-lead,1728,mega-froslass-ex
6,1057,p1,1293,cynthia-garchomp-ex,0256,dragapult-dusknoir
6,1058,tie,0345,dragapult-dusknoir,1534,starmie-froslass
6,1059,tie,0131,flareon-noctowl,1637,doublade-por
6,1060,p1,1124,other,1011,basic-box-m
6,1061,tie,2020,rockets-honchkrow,1826,dragapult-blaziken
6,1062,p1,1440,cynthia-garchomp-ex,0375,dragapult-dudunsparce
6,1063,tie,1255,dragapult-ex,1936,dragapult-dudunsparce
6,1064,tie,1342,rocket-mewtwo-ex,0390,dragapult-dusknoir
6,1065,p1,0937,rockets-honchkrow,0945,festival-lead
6,1066,p1,0251,cynthia-garchomp-ex,1286,rocket-mewtwo-ex
6,1067,p1,0700,other,0783,dragapult-dusknoir
6,1068,p1,1171,ogerpon-meganium-hydrapple,0436,lopunny-dudunsparce
6,1069,p1,1617,rocket-mewtwo-ex,0900,cynthia-garchomp-ex
6,1070,p2,0420,ogerpon-meganium,0539,mega-dragonite-ex
6,1071,p1,1047,raging-bolt-ogerpon,1361,starmie-dusknoir
6,1072,tie,0031,dragapult-ex,0339,n-zoroark
6,1073,p2,2055,mega-absol-box,1135,n-zoroark
6,1074,p2,0398,cynthia-garchomp-ex,0855,mega-venusaur-ex
6,1075,tie,0197,crustle-dri,1415,mega-venusaur-ex
6,1076,p2,0765,basic-box-m,1351,festival-lead
6,1077,tie,1389,alakazam-dudunsparce,1974,ogerpon-meganium-hydrapple
6,1078,p2,0884,dragapult-dusknoir,0951,rockets-honchkrow
6,1079,p1,1363,rockets-honchkrow,1853,crustle-dri
6,1080,tie,1868,dragapult-blaziken,1998,lucario-hariyama
6,1081,p2,0456,ceruledge-ex,0927,greninja-ex
6,1082,p1,1242,dragapult-dudunsparce,1685,dragapult-blaziken
6,1083,p1,1653,dragapult-blaziken,0091,dragapult-dudunsparce
6,1084,p1,1219,other,1746,stevens-metagross
6,1085,p1,0544,lopunny-dudunsparce,0666,ogerpon-meganium-arboliva
6,1086,p2,0063,dragapult-ex,0464,alakazam-dudunsparce
6,1087,tie,1024,ursaluna-lunatone,0786,dragapult-blaziken
6,1088,p2,1714,cynthia-garchomp-ex,1014,ogerpon-meganium-arboliva
6,1089,p2,0287,crustle-dri,1581,festival-lead
6,1090,tie,1318,diancie-dusknoir,1836,grimmsnarl-froslass
6,1091,p2,1839,dragapult-ex,0482,raging-bolt-ogerpon
6,1092,p1,0640,dragapult-ex,0703,lucario-hariyama
6,1093,tie,2048,festival-lead,0679,dragapult-dusknoir
6,1094,p1,0491,raging-bolt-ogerpon,1232,raging-bolt-ogerpon
6,1095,p1,0406,archaludon-dudunsparce,1311,starmie-froslass
6,1096,p2,0882,other,0442,lopunny-dudunsparce
6,1097,p1,1511,mega-lucario-ex,0594,dragapult-dusknoir
6,1098,p2,0743,other,0856,mega-starmie-ex
6,1099,p2,1663,eelektrik-blk,1770,n-zoroark
6,1100,tie,1130,rockets-honchkrow,1699,dragapult-ex
6,1101,p1,0976,lopunny-dudunsparce,1774,rockets-honchkrow
6,1102,p1,1670,lucario-hariyama,1954,dragapult-dudunsparce
6,1103,tie,0295,dragapult-ex,0616,rockets-honchkrow
6,1104,p1,1733,archaludon-dudunsparce,0179,rocket-mewtwo-ex
6,1105,p1,1167,starmie-froslass,1403,lucario-hariyama
6,1106,p1,1737,cynthia-garchomp-ex,0753,grimmsnarl-froslass
6,1107,p1,1119,raging-bolt-ogerpon,0054,dragapult-blaziken
6,1108,p2,1430,rocket-mewtwo-ex,1661,lopunny-dudunsparce
6,1109,p1,1922,alakazam-dudunsparce,0681,raging-bolt-ogerpon
6,1110,p2,0748,cynthia-garchomp-ex,0590,dragapult-dusknoir
6,1111,p1,1712,decidueye-ex,0617,alakazam-dudunsparce
6,1112,p2,1360,hop-zacian,1583,archaludon-dudunsparce
6,1113,p2,1181,dragapult-dusknoir,0847,dragapult-dusknoir
6,1114,p1,0294,yanmega-ex,0449,grimmsnarl-froslass
6,1115,p2,1587,starmie-dusknoir,1278,ogerpon-meganium
6,1116,p2,0534,dragapult-dudunsparce,0608,dragapult-blaziken
6,1117,tie,0664,dragapult-ex,1313,lopunny-dudunsparce
6,1118,p2,0987,raging-bolt-ogerpon,0522,ogerpon-meganium-hydrapple
6,1119,p2,1294,dragapult-ex,1513,greninja-ex
6,1120,p1,0989,cynthia-garchomp-ex,1281,starmie-dusknoir
6,1121,p2,0496,cynthia-garchomp-ex,0822,mega-venusaur-ex
6,1122,p1,1710,cynthia-garchomp-ex,1036,lopunny-dudunsparce
6,1123,p1,0947,other,0469,dragapult-ex
6,1124,p1,0241,rocket-mewtwo-ex,1783,?
6,1125,p1,0685,n-zoroark,0427,rocket-mewtwo-ex
6,1126,p2,0782,festival-lead,1084,dragapult-dusknoir
6,1127,p2,1672,mega-lucario-ex,0121,jellicent-dusknoir
6,1128,p1,0872,lopunny-dusknoir,0670,lucario-hariyama
6,1129,tie,1044,festival-lead,1421,lopunny-dudunsparce
6,1130,p2,1290,n-zoroark,1235,cynthia-garchomp-ex
6,1131,p1,1992,dragapult-dusknoir,1356,ogerpon-meganium-arboliva
6,1132,p2,0673,rocket-mewtwo-ex,1102,starmie-dusknoir
6,1133,tie,1970,ogerpon-meganium-hydrapple,0712,dragapult-ex
6,1134,p1,1605,starmie-dusknoir,1635,dragapult-blaziken
6,1135,p2,0365,dragapult-ex,1854,grimmsnarl-froslass
6,1136,p1,1918,manectric-eelektrik,0158,hydreigon-ex
6,1137,p1,1231,rocket-spidops,1298,slowking-scr
6,1138,p1,0540,rockets-honchkrow,2141,raging-bolt-ogerpon
6,1139,p2,0130,ogerpon-meganium,0620,mega-venusaur-ex
6,1140,tie,1117,raging-bolt-ogerpon,1436,grimmsnarl-froslass
6,1141,p1,0610,raging-bolt-ogerpon,2005,ethan-typhlosion
6,1142,tie,0741,n-zoroark,0142,eelektrik-blk
6,1143,p1,1113,grimmsnarl-froslass,1061,raging-bolt-ogerpon
6,1144,p1,1575,raging-bolt-ogerpon,0911,dragonite-eelektrik
6,1145,p1,1267,dragapult-dusknoir,1323,festival-lead
6,1146,p2,1392,lucario-hariyama,1694,cynthia-garchomp-ex
6,1147,p1,1301,alakazam-dudunsparce,2145,cynthia-garchomp-ex
6,1148,tie,1678,flareon-noctowl,1840,festival-lead
6,1149,p2,0898,festival-lead,1176,lucario-hariyama
6,1150,p2,0931,lucario-hariyama,1987,n-zoroark
6,1151,p1,1380,mega-abomasnow-ex,1032,dragapult-blaziken
6,1152,p2,0381,rocket-mewtwo-ex,2112,dragapult-blaziken
6,1153,p2,0013,n-zoroark,0299,rocket-mewtwo-ex
6,1154,p2,0144,cynthia-garchomp-ex,0587,ogerpon-meganium
6,1155,p2,1064,lucario-hariyama,0219,clefairy-ogerpon
6,1156,p2,1346,n-zoroark,0160,starmie-dusknoir
6,1157,p1,0903,lopunny-dudunsparce,2068,mega-venusaur-ex
6,1158,p2,1656,rocket-mewtwo-ex,1161,starmie-froslass
6,1159,tie,1747,toxtricity-box,1464,blaziken-ex-jtg
6,1160,p2,1797,grimmsnarl-froslass,0941,dragapult-dusknoir
6,1161,p2,0995,dragapult-dusknoir,0200,mega-lopunny-ex
6,1162,p1,0029,festival-lead,0308,cynthia-garchomp-ex
6,1163,p2,0055,dragapult-ex,0367,mega-absol-box
6,1164,p1,1696,dragapult-ex,1228,slowking-scr
6,1165,p2,1159,toxtricity-pfl,1607,dragapult-dusknoir
6,1166,p2,0906,mega-feraligatr-ex,1979,lopunny-dudunsparce
6,1167,p1,0316,mega-venusaur-ex,0186,toxtricity-box
6,1168,p1,1401,festival-lead,1481,dragapult-ex
6,1169,p1,0959,dragapult-blaziken,0270,dragapult-dudunsparce
6,1170,tie,1341,dragapult-ex,0556,dragapult-blaziken
6,1171,p1,1079,ethan-typhlosion,0591,azumarill-ssp
6,1172,p1,1501,blaziken-ex-jtg,0267,hop-zacian
6,1173,p1,1041,starmie-dusknoir,0624,ogerpon-meganium
6,1174,tie,0074,rocket-mewtwo-ex,0902,dragapult-dusknoir
6,1175,p1,0082,?,1269,dragapult-blaziken
6,1176,p2,0025,other,0695,toxtricity-box
6,1177,p2,1820,mega-venusaur-ex,1108,dragapult-dudunsparce
6,1178,p2,2058,stevens-metagross,1687,cynthia-garchomp-ex
6,1179,tie,0443,decidueye-ex,0677,alakazam-dudunsparce
6,1180,p2,1316,jellicent-dusknoir,0305,dragapult-dudunsparce
6,1181,p2,0329,dragapult-blaziken,0258,rocket-mewtwo-ex
6,1182,p2,0047,mega-zygarde-ex,0105,crustle-dri
6,1183,p2,1929,mega-absol-box,1053,greninja-froslass
6,1184,p1,2133,rocket-mewtwo-ex,1507,dragapult-ex
6,1185,tie,1457,dragapult-ex,0188,rocket-mewtwo-ex
6,1186,tie,1240,sharpedo-toxtricity,1272,okidogi-barbaracle
6,1187,p2,0924,raging-bolt-ogerpon,0870,dragapult-blaziken
6,1188,p1,1659,rocket-mewtwo-ex,1324,mega-starmie-ex
6,1189,p1,0145,diancie-dusknoir,0348,mega-feraligatr-ex
6,1190,p1,0095,ethan-typhlosion,1939,dragapult-dusknoir
6,1191,p2,0139,decidueye-ex,1343,other
6,1192,p2,0238,festival-lead,0636,eelektrik-blk
7,251,p2,0001,raging-bolt-ogerpon,1192,starmie-froslass
7,254,p1,1482,kangaskhan-bouffalant,0005,festival-lead
7,256,p2,1874,dragapult-ex,0010,lopunny-dudunsparce
7,257,tie,0011,dragapult-dudunsparce,2045,rocket-mewtwo-ex
7,258,p2,0014,lopunny-dudunsparce,0021,ogerpon-meganium
7,261,p1,0235,dragapult-blaziken,0020,dragapult-ex
7,262,p1,0594,dragapult-dusknoir,0022,mega-abomasnow-ex
7,263,p1,0024,cynthia-garchomp-ex,1295,dragapult-blaziken
7,264,p2,0210,dragapult-ex,0026,ogerpon-meganium-hydrapple
7,265,p2,0027,dragapult-ex,0864,dragapult-ex
7,267,p2,0032,starmie-froslass,2031,dragapult-dudunsparce
7,268,p2,1137,rocket-mewtwo-ex,0033,lucario-hariyama
7,269,p1,0036,flareon-noctowl,0620,mega-venusaur-ex
7,270,p2,0348,mega-feraligatr-ex,0038,crustle-dri
7,271,p2,0039,cynthia-garchomp-ex,1926,dragapult-dudunsparce
7,272,p1,0041,starmie-froslass,1551,dragapult-dudunsparce
7,275,tie,0888,slowking-scr,0048,alakazam-dudunsparce
7,278,p2,0834,lopunny-dudunsparce,0053,alakazam-dudunsparce
7,279,tie,1634,lopunny-dudunsparce,0056,raging-bolt-ogerpon
7,280,p1,1233,dragapult-dusknoir,1505,mega-lucario-ex
7,282,p2,0330,slowking-scr,1222,lopunny-dudunsparce
7,284,p2,2054,festival-lead,0051,starmie-froslass
7,285,p2,1839,dragapult-ex,0175,ogerpon-meganium-arboliva
7,286,p1,0513,lopunny-dudunsparce,1017,rockets-honchkrow
7,287,p1,0402,dragapult-ex,0232,ogerpon-meganium-hydrapple
7,288,p2,0488,dragapult-ex,0366,dragapult-ex
7,289,p1,0062,dragapult-dudunsparce,0397,lopunny-dudunsparce
7,290,p2,2119,alakazam-dudunsparce,1253,dragapult-ex
7,291,p1,0111,alakazam-dudunsparce,0963,dragapult-blaziken
7,292,p2,2043,dragapult-ex,0686,basic-box-m
7,293,p2,0317,dragapult-ex,0650,lopunny-dudunsparce
7,294,p1,0430,starmie-dusknoir,0086,lucario-hariyama
7,295,tie,0717,lucario-hariyama,1662,lucario-hariyama
7,296,p1,1435,dragapult-ex,1431,dragapult-dusknoir
7,297,p2,2131,raging-bolt-ogerpon,0802,ogerpon-meganium-hydrapple
7,298,p1,1387,dragapult-dudunsparce,1082,raging-bolt-ogerpon
7,299,tie,1967,raging-bolt-ogerpon,1296,dragapult-ex
7,300,p2,2042,cynthia-garchomp-ex,0466,raging-bolt-ogerpon
7,301,tie,1624,dragapult-blaziken,0547,dragapult-dudunsparce
7,302,p1,1383,alakazam-dudunsparce,1422,grimmsnarl-froslass
7,303,p1,1875,alakazam-dudunsparce,0627,dragapult-dudunsparce
7,304,p2,1975,cynthia-garchomp-ex,0280,dragapult-ex
7,305,p1,0223,festival-lead,1474,lucario-hariyama
7,306,p1,0064,lopunny-dudunsparce,1769,ogerpon-meganium-arboliva
7,307,p1,0819,raging-bolt-ogerpon,1009,rockets-honchkrow
7,308,p2,1086,ogerpon-meganium-hydrapple,0516,ogerpon-meganium-hydrapple
7,309,p1,1477,rockets-honchkrow,0497,dragapult-dudunsparce
7,310,tie,0117,okidogi-barbaracle,0481,grimmsnarl-froslass
7,311,tie,1790,rockets-honchkrow,0119,slowking-scr
7,312,tie,0319,rocket-mewtwo-ex,0773,dragapult-ex
7,313,p2,0199,dragapult-ex,0675,dragapult-ex
7,314,p1,1414,lopunny-dudunsparce,2044,kangaskhan-bouffalant
7,315,p1,1250,festival-lead,1002,lopunny-dudunsparce
7,316,p1,1370,dragapult-dusknoir,1553,rockets-honchkrow
7,317,tie,1660,dragapult-ex,0817,dragapult-blaziken
7,318,p2,0866,ogerpon-meganium-arboliva,1391,alakazam-dudunsparce
7,319,tie,1963,alakazam-dudunsparce,2117,cynthia-garchomp-ex
7,320,p1,2014,mega-lucario-ex,0647,raging-bolt-ogerpon
7,321,tie,1648,okidogi-barbaracle,1972,n-zoroark
7,322,tie,0702,n-zoroark,1646,alakazam-dudunsparce
7,323,p2,1238,dragapult-dudunsparce,0166,lopunny-dudunsparce
7,324,p2,1643,starmie-froslass,2121,mega-lucario-ex
7,325,p1,0563,mega-lucario-ex,1889,dragapult-dusknoir
7,326,p1,1180,ogerpon-meganium-hydrapple,1509,cynthia-garchomp-ex
7,327,p1,0252,raging-bolt-ogerpon,0122,raging-bolt-ogerpon
7,328,tie,0429,dragapult-dusknoir,0710,diancie-dusknoir
7,329,p2,0146,dragapult-dusknoir,1480,dragapult-dusknoir
7,330,p2,1542,mega-lucario-ex,0762,dragapult-blaziken
7,331,tie,0824,dragapult-ex,1069,raging-bolt-ogerpon
7,332,tie,1306,n-zoroark,1833,lopunny-dudunsparce
7,333,tie,0444,lucario-hariyama,1535,ogerpon-meganium-hydrapple
7,334,p2,1933,lucario-hariyama,0781,dragapult-blaziken
7,335,p1,0364,festival-lead,0804,lopunny-dudunsparce
7,336,p2,1104,raging-bolt-ogerpon,1664,clefairy-ogerpon
7,337,tie,0155,dragapult-dusknoir,2090,n-zoroark
7,338,tie,0242,festival-lead,0600,starmie-froslass
7,339,p1,0938,n-zoroark,0052,ogerpon-meganium-hydrapple
7,340,p1,2026,starmie-dusknoir,1832,festival-lead
7,341,tie,1078,raging-bolt-ogerpon,0630,basic-box-m
7,342,p2,1249,lopunny-dudunsparce,1771,raging-bolt-ogerpon
7,343,p2,0273,dragapult-dusknoir,0755,dragapult-dudunsparce
7,344,p2,1898,dragapult-blaziken,0684,dragapult-ex
7,345,p1,1287,alakazam-dudunsparce,0457,lopunny-dudunsparce
7,346,p2,0207,rocket-mewtwo-ex,0068,dragapult-ex
7,347,p2,0176,raging-bolt-ogerpon,1085,cynthia-garchomp-ex
7,348,p1,1467,raging-bolt-ogerpon,0688,n-zoroark
7,349,p1,2064,greninja-ex,0169,mega-lucario-ex
7,350,p2,0704,rocket-mewtwo-ex,1030,festival-lead
7,351,p2,1376,dragapult-ex,1649,dragapult-ex
7,352,p1,0439,dragapult-ex,0580,dragapult-dudunsparce
7,353,p1,1945,dragapult-blaziken,0977,lopunny-dudunsparce
7,354,p1,2082,lopunny-dudunsparce,1310,rocket-mewtwo-ex
7,355,tie,1362,grimmsnarl-froslass,0050,archaludon-dudunsparce
7,356,p2,0880,other,1282,dragapult-dusknoir
7,357,p1,1325,dragapult-ex,1483,rocket-mewtwo-ex
7,358,p2,0526,festival-lead,0206,dragapult-ex
7,359,tie,0335,dragapult-ex,2078,alakazam-dudunsparce
7,360,p1,0728,dragapult-ex,1010,festival-lead
7,361,p2,0391,alakazam-dudunsparce,0954,lopunny-dudunsparce
7,362,p1,2073,rockets-honchkrow,0424,archaludon-dudunsparce
7,363,p2,0669,lopunny-dudunsparce,0347,dragapult-dudunsparce
7,364,tie,0128,raging-bolt-ogerpon,1334,okidogi-barbaracle
7,365,p1,0965,dragapult-blaziken,0895,raging-bolt-ogerpon
7,366,p2,1449,lopunny-dudunsparce,1265,alakazam-dudunsparce
7,367,p2,0538,dragapult-ex,0149,n-zoroark
7,368,p1,0222,dragapult-ex,1012,starmie-froslass
7,369,p1,1131,raging-bolt-ogerpon,0576,dragapult-blaziken
7,370,p1,1100,dragapult-dusknoir,1139,cynthia-garchomp-ex
7,371,p2,1352,grimmsnarl-froslass,0385,dragapult-ex
7,372,p1,1705,alakazam-dudunsparce,0193,n-zoroark
7,373,p1,1144,dragapult-blaziken,1076,festival-lead
7,374,p1,0138,n-zoroark,0386,n-zoroark
7,375,p2,0019,lucario-hariyama,1684,dragapult-blaziken
7,376,p1,1831,dragapult-dudunsparce,1615,cynthia-garchomp-ex
7,377,p1,0333,basic-box-m,1321,clefairy-ogerpon
7,378,p2,0373,cynthia-garchomp-ex,0828,festival-lead
7,379,p1,1066,dragapult-ex,0644,raging-bolt-ogerpon
7,380,p2,1809,cynthia-garchomp-ex,1004,rockets-honchkrow
7,381,p2,0474,cynthia-garchomp-ex,0322,festival-lead
7,382,p1,1796,ogerpon-meganium-hydrapple,0572,grimmsnarl-froslass
7,383,tie,0503,raging-bolt-ogerpon,0904,raging-bolt-ogerpon
7,384,tie,1368,dragapult-dusknoir,1487,alakazam-dudunsparce
7,385,p1,1904,other,2018,dragapult-dudunsparce
7,386,tie,0749,lopunny-dudunsparce,1112,rockets-honchkrow
7,387,p2,1451,dragapult-ex,0751,okidogi-barbaracle
7,388,p2,0997,ogerpon-meganium-hydrapple,1157,lopunny-dudunsparce
7,389,p2,0194,dragapult-blaziken,1784,raging-bolt-ogerpon
7,390,p2,1190,raging-bolt-ogerpon,0277,basic-box-m
7,391,p1,2089,basic-box-m,2080,dragapult-ex
7,392,p2,1280,lopunny-dudunsparce,1186,dragapult-blaziken
7,393,p1,2107,alakazam-dudunsparce,1630,hops-trevenant
7,394,tie,1405,dragapult-dudunsparce,0173,ogerpon-meganium-arboliva
7,395,p2,0124,dragapult-dudunsparce,0212,mega-lucario-ex
7,396,p1,0485,alakazam-dudunsparce,0007,dragapult-dusknoir
7,397,tie,1556,grimmsnarl-froslass,1093,okidogi-barbaracle
7,398,tie,0132,dragapult-ex,0455,n-zoroark
7,399,p2,0261,ogerpon-meganium-arboliva,0767,dragapult-dudunsparce
7,400,p2,1184,ogerpon-meganium-arboliva,1759,dragapult-ex
7,401,p2,1602,ogerpon-meganium-arboliva,1122,lopunny-dudunsparce
7,402,p2,0216,cynthia-garchomp-ex,1433,starmie-froslass
7,403,p1,1158,dragapult-dusknoir,0761,ogerpon-meganium-arboliva
7,404,p2,0923,rocket-mewtwo-ex,2076,rocket-mewtwo-ex
7,405,p1,0490,ogerpon-meganium-arboliva,0284,rocket-mewtwo-ex
7,406,p2,0311,rockets-honchkrow,1745,raging-bolt-ogerpon
7,407,p1,0057,ogerpon-meganium-arboliva,0502,dragapult-blaziken
7,408,p1,1412,rocket-mewtwo-ex,0946,dragapult-dudunsparce
7,409,p1,1499,lucario-hariyama,0070,starmie-froslass
7,410,p1,1453,ethan-typhlosion,1236,clefairy-ogerpon
7,411,p1,0810,crustle-dri,0829,alakazam-dudunsparce
7,412,p2,0394,basic-box-m,0750,basic-box-m
7,413,p1,0445,dragapult-dusknoir,0379,ogerpon-meganium-arboliva
7,414,p2,1273,basic-box-m,0059,alakazam-dudunsparce
7,415,p1,1258,dragapult-dudunsparce,1931,alakazam-dudunsparce
7,416,p2,1641,n-zoroark,1055,lucario-hariyama
7,417,p1,0171,dragapult-blaziken,0718,lopunny-dudunsparce
7,418,tie,1385,starmie-froslass,0441,other
7,419,p1,1132,dragapult-blaziken,0821,mega-lucario-ex
7,420,p1,1719,festival-lead,0602,raging-bolt-ogerpon
7,421,p2,1165,festival-lead,1521,dragapult-ex
7,422,p1,1935,festival-lead,1890,raging-bolt-ogerpon
7,423,p1,1720,alakazam-dudunsparce,0939,festival-lead
7,424,p1,1013,lopunny-dudunsparce,0017,raging-bolt-ogerpon
7,425,p2,1148,festival-lead,1025,starmie-froslass
7,426,p2,0885,dragapult-dudunsparce,1202,other
7,427,p1,1396,lucario-hariyama,1259,dragapult-dusknoir
7,428,p1,0370,slowking-scr,0766,starmie-dusknoir
7,429,p1,1932,rocket-mewtwo-ex,0607,other
7,430,p1,0736,lopunny-dudunsparce,0170,dragapult-dudunsparce
7,431,p2,1623,raging-bolt-ogerpon,0140,raging-bolt-ogerpon
7,432,p2,0326,cynthia-garchomp-ex,1845,tera-box
7,433,p2,2052,dragapult-ex,1088,n-zoroark
7,434,p2,2150,ogerpon-meganium-arboliva,2071,crustle-dri
7,435,p2,0535,dragapult-dusknoir,0382,clefairy-ogerpon
7,436,tie,0125,slowking-scr,1040,cynthia-garchomp-ex
7,437,p2,0826,ogerpon-meganium-arboliva,0291,alakazam-dudunsparce
7,438,p1,0371,festival-lead,0779,dragapult-ex
7,439,p1,1297,raging-bolt-ogerpon,0328,mega-venusaur-ex
7,440,p1,2132,lucario-hariyama,1308,alakazam-dudunsparce
7,441,p2,1476,grimmsnarl-froslass,1693,ogerpon-meganium-arboliva
7,442,p1,0871,lopunny-dudunsparce,0887,ogerpon-meganium-arboliva
7,443,p1,0638,ogerpon-meganium-arboliva,1470,lopunny-dudunsparce
7,444,p2,0619,lopunny-dudunsparce,1284,lopunny-dudunsparce
7,445,p2,1978,raging-bolt-ogerpon,0921,ogerpon-meganium-arboliva
7,446,tie,0298,dragapult-ex,0568,raging-bolt-ogerpon
7,447,p2,0754,dragapult-ex,0045,dragapult-dudunsparce
7,448,tie,0955,lucario-hariyama,1751,dragapult-ex
7,449,p1,2125,raging-bolt-ogerpon,0984,starmie-dusknoir
7,450,p2,1400,starmie-dusknoir,0440,greninja-ex
7,451,p2,1608,dragapult-ex,2050,raging-bolt-ogerpon
7,452,p2,1484,lopunny-dudunsparce,1366,lucario-hariyama
7,453,tie,1886,ogerpon-meganium-hydrapple,0263,alakazam-dudunsparce
7,454,p2,1077,lopunny-dudunsparce,0407,alakazam-dudunsparce
7,455,p2,1539,slowking-scr,1753,raging-bolt-ogerpon
7,456,tie,2127,dragapult-ex,2065,n-zoroark
7,457,p1,0992,greninja-ex,0659,raging-bolt-ogerpon
7,458,p1,1067,lopunny-dudunsparce,1749,raging-bolt-ogerpon
7,459,p1,1816,raging-bolt-ogerpon,0837,raging-bolt-ogerpon
7,460,p1,0141,dragapult-ex,0792,basic-box-m
7,461,p1,1604,grimmsnarl-froslass,0245,grimmsnarl-froslass
7,462,p2,0423,dragapult-blaziken,0949,cynthia-garchomp-ex
7,463,tie,0523,lopunny-dudunsparce,1423,basic-box-m
7,464,p2,1688,ogerpon-meganium-arboliva,0501,dragapult-dudunsparce
7,465,p2,0389,raging-bolt-ogerpon,0153,lopunny-dudunsparce
7,466,p1,2040,ogerpon-meganium-hydrapple,1730,n-zoroark
7,467,p1,1230,starmie-dusknoir,0221,dragapult-blaziken
7,468,tie,1927,dragapult-dusknoir,1946,ogerpon-meganium-hydrapple
7,469,p1,0857,lopunny-dudunsparce,2149,alakazam-dudunsparce
7,470,tie,1788,dragapult-ex,1806,raging-bolt-ogerpon
7,471,p2,0840,raging-bolt-ogerpon,0182,festival-lead
7,472,p1,0306,alakazam-dudunsparce,1766,lopunny-dudunsparce
7,473,p2,1994,dragapult-blaziken,1315,raging-bolt-ogerpon
7,474,tie,1947,dragapult-ex,0925,lopunny-dudunsparce
7,475,tie,1218,starmie-froslass,0185,ogerpon-meganium-hydrapple
7,476,p1,1143,dragapult-dudunsparce,2105,dragapult-blaziken
7,477,p1,1072,festival-lead,1851,okidogi-barbaracle
7,478,p1,2086,dragapult-dudunsparce,1211,dragapult-blaziken
7,479,p1,0592,cynthia-garchomp-ex,2002,other
7,480,p2,0077,cynthia-garchomp-ex,0635,festival-lead
7,481,p1,0421,starmie-dusknoir,1035,festival-lead
7,482,p2,0428,dragapult-dusknoir,0034,dragapult-dudunsparce
7,483,p1,1574,ogerpon-meganium-hydrapple,0451,ogerpon-meganium-arboliva
7,484,p2,2134,raging-bolt-ogerpon,1502,rockets-honchkrow
7,485,p2,0793,raging-bolt-ogerpon,0974,greninja-ex
7,486,p1,1204,festival-lead,0907,dragapult-dusknoir
7,487,p1,0286,dragapult-dusknoir,0788,ogerpon-meganium-arboliva
7,488,p2,0265,dragapult-dusknoir,0589,basic-box-m
7,489,p2,0147,lopunny-dudunsparce,0360,cynthia-garchomp-ex
7,490,p1,0869,dragapult-dudunsparce,1150,starmie-dusknoir
7,491,p2,1493,ogerpon-meganium-arboliva,1899,festival-lead
7,492,p2,2087,ogerpon-meganium-hydrapple,1402,dragapult-dusknoir
7,493,p2,0528,rocket-spidops,1822,festival-lead
7,494,p1,1754,dragapult-dusknoir,0711,lopunny-dudunsparce
7,495,p2,1393,dragapult-blaziken,0058,festival-lead
7,496,p2,0756,starmie-froslass,1056,hops-trevenant
7,497,p1,2007,dragapult-ex,0189,dragapult-ex
7,498,p2,1592,starmie-froslass,1837,lucario-hariyama
7,499,p1,0272,greninja-ex,0979,raging-bolt-ogerpon
7,500,p2,0096,lopunny-dudunsparce,1411,dragapult-dudunsparce
7,501,p1,0721,dragapult-dusknoir,1023,dragapult-dudunsparce
7,502,p2,0380,greninja-ex,1888,raging-bolt-ogerpon
7,503,p2,0459,festival-lead,0303,rocket-mewtwo-ex
7,504,p2,0768,dragapult-ex,0626,dragapult-ex
7,505,p1,0972,starmie-froslass,1729,rocket-mewtwo-ex
7,506,p1,2067,mega-lucario-ex,1277,dragapult-ex
7,507,p2,0473,stevens-metagross,0067,n-zoroark
7,508,p1,0243,dragapult-blaziken,0408,rocket-mewtwo-ex
7,509,p2,1063,lopunny-dudunsparce,1942,alakazam-dudunsparce
7,510,p1,1015,raging-bolt-ogerpon,0991,festival-lead
7,511,p2,1504,basic-box-m,2120,starmie-dusknoir
7,512,p1,1955,cynthia-garchomp-ex,1169,starmie-froslass
7,513,tie,0504,dragapult-ex,0896,dragapult-dudunsparce
7,514,p2,1225,cynthia-garchomp-ex,1445,greninja-ex
7,515,p2,1647,raging-bolt-ogerpon,0454,festival-lead
7,516,p1,1584,alakazam-dudunsparce,1372,starmie-froslass
7,517,p2,1879,alakazam-dudunsparce,2013,mega-lucario-ex
7,518,p1,1221,clefairy-ogerpon,0172,other
7,519,p1,0204,raging-bolt-ogerpon,0529,dragapult-dusknoir
7,520,p2,1434,basic-box-m,1519,dragapult-ex
7,521,p1,0472,rocket-mewtwo-ex,0876,rocket-mewtwo-ex
7,522,p2,1052,festival-lead,0290,alakazam-dudunsparce
7,523,p1,1597,dragapult-dudunsparce,1912,dragapult-dudunsparce
7,524,p1,1058,rockets-honchkrow,0614,n-zoroark
7,525,double_loss,1532,?,0301,?
7,526,p2,0107,cynthia-garchomp-ex,0851,dragapult-ex
7,527,p1,1173,raging-bolt-ogerpon,2041,dragapult-dusknoir
7,528,p1,2011,festival-lead,1562,rockets-honchkrow
7,529,p1,1080,hops-trevenant,0905,lucario-hariyama
7,530,p1,0665,kangaskhan-bouffalant,1395,alakazam-dudunsparce
7,531,p1,1869,crustle-dri,0203,alakazam-dudunsparce
7,532,p2,1758,alakazam-dudunsparce,2023,dragapult-blaziken
7,533,p2,1679,dragapult-dudunsparce,0431,festival-lead
7,534,p2,1508,rockets-honchkrow,0296,lopunny-dudunsparce
7,535,p1,0462,starmie-froslass,0094,lopunny-dudunsparce
7,536,p1,2069,clefairy-ogerpon,0733,dragapult-ex
7,537,p1,1527,dragapult-ex,1029,rocket-mewtwo-ex
7,538,p2,1199,rockets-honchkrow,0693,festival-lead
7,539,p2,1752,cynthia-garchomp-ex,0387,dragapult-dudunsparce
7,540,p2,1802,starmie-froslass,1825,dragapult-blaziken
7,541,p2,1197,basic-box-m,1791,crustle-dri
7,542,p1,0631,jellicent-dusknoir,1924,dragapult-ex
7,543,p2,1910,rockets-honchkrow,2100,dragapult-dusknoir
7,544,p2,1968,dragapult-ex,1894,ogerpon-meganium-hydrapple
7,545,p1,0483,cynthia-garchomp-ex,1867,lopunny-dudunsparce
7,546,p1,0218,lucario-hariyama,0250,dragapult-dudunsparce
7,547,tie,0682,ogerpon-meganium-hydrapple,1531,raging-bolt-ogerpon
7,548,p1,0495,festival-lead,0304,dragapult-dudunsparce
7,549,p1,0918,ogerpon-meganium-arboliva,1725,raging-bolt-ogerpon
7,550,p2,1034,flareon-noctowl,1996,n-zoroark
7,551,p2,1640,diancie-dusknoir,0831,basic-box-m
7,552,p2,1196,cynthia-garchomp-ex,1743,dragapult-blaziken
7,553,p2,0586,clefairy-ogerpon,0714,dragapult-dudunsparce
7,554,p2,0446,dragapult-dusknoir,1162,dragapult-ex
7,555,p2,1520,crustle-dri,0334,dragapult-blaziken
7,556,p1,1689,ogerpon-meganium-hydrapple,0874,dragapult-ex
7,557,p1,0960,festival-lead,1243,lopunny-dudunsparce
7,558,tie,0571,dragapult-dudunsparce,0738,cynthia-garchomp-ex
7,559,p1,1686,cynthia-garchomp-ex,2022,rocket-mewtwo-ex
7,560,p1,1458,grimmsnarl-froslass,1547,cynthia-garchomp-ex
7,561,p1,0269,slowking-scr,2113,basic-box-m
7,562,p1,0100,alakazam-dudunsparce,0411,dragapult-dusknoir
7,563,p2,0079,lucario-hariyama,1292,lopunny-dudunsparce
7,564,p2,0084,dragapult-ex,1358,festival-lead
7,565,p2,1740,dragapult-ex,1982,dragapult-ex
7,566,p1,1005,clefairy-ogerpon,1472,dragapult-ex
7,567,tie,2057,festival-lead,1990,dragapult-blaziken
7,568,p2,0794,lopunny-dudunsparce,0578,dragapult-dudunsparce
7,569,p1,1755,dragapult-dusknoir,0355,festival-lead
7,570,p1,0574,slowking-scr,1789,tera-box
7,571,p2,0437,crustle-dri,1795,raging-bolt-ogerpon
7,572,p2,1711,dragapult-ex,0971,dragapult-ex
7,573,p2,1989,ogerpon-meganium-arboliva,0167,alakazam-dudunsparce
7,574,p1,0560,dragapult-dudunsparce,2093,okidogi-barbaracle
7,575,p2,1251,starmie-froslass,1529,dragapult-dudunsparce
7,576,p2,1952,raging-bolt-ogerpon,0660,ogerpon-meganium-hydrapple
7,577,tie,0825,dragapult-dudunsparce,0519,hops-trevenant
7,578,p1,2142,n-zoroark,1610,dragapult-blaziken
7,579,p1,1810,rocket-mewtwo-ex,0815,n-zoroark
7,580,p2,2097,raging-bolt-ogerpon,0942,crustle-dri
7,581,p1,1666,dragapult-dudunsparce,0137,dragapult-dusknoir
7,582,p2,2091,ogerpon-meganium-arboliva,0551,dragapult-dudunsparce
7,583,p1,1489,crustle-dri,1460,raging-bolt-ogerpon
7,584,p1,0332,dragapult-dudunsparce,0827,dragapult-dudunsparce
7,585,p2,0181,starmie-froslass,1241,basic-box-m
7,586,p2,1212,alakazam-dudunsparce,0093,lopunny-dudunsparce
7,587,p1,1691,alakazam-dudunsparce,1736,basic-box-m
7,588,p2,0929,raging-bolt-ogerpon,1354,dragapult-ex
7,589,p1,0352,greninja-ex,0228,rocket-mewtwo-ex
7,590,p2,2138,dragapult-ex,1561,rocket-mewtwo-ex
7,591,p2,0302,dragapult-dusknoir,0861,dragapult-ex
7,592,p2,0465,dragapult-blaziken,1540,grimmsnarl-froslass
7,593,p1,0341,raging-bolt-ogerpon,0037,rocket-mewtwo-ex
7,594,p1,0545,dragapult-ex,0980,dragapult-dusknoir
7,595,p2,1881,cynthia-garchomp-ex,1878,rocket-mewtwo-ex
7,596,p2,0747,raging-bolt-ogerpon,0996,raging-bolt-ogerpon
7,597,p2,1257,raging-bolt-ogerpon,0413,rockets-honchkrow
7,598,p1,0349,ogerpon-meganium-arboliva,1260,cynthia-garchomp-ex
7,599,p1,0123,alakazam-dudunsparce,0419,lucario-hariyama
7,600,p1,2116,grimmsnarl-froslass,0613,dragapult-dudunsparce
7,601,p2,1651,dragapult-dudunsparce,1695,dragapult-ex
7,602,p2,0603,okidogi-barbaracle,1958,rockets-honchkrow
7,603,p2,0691,lucario-hariyama,0860,okidogi-barbaracle
7,604,tie,0570,n-zoroark,1718,mega-lucario-ex
7,605,p2,1332,lucario-hariyama,1798,festival-lead
7,606,tie,0536,festival-lead,0839,ogerpon-meganium-hydrapple
7,607,p1,0707,mega-lucario-ex,1503,rockets-honchkrow
7,608,tie,1938,ogerpon-meganium-arboliva,1379,palafin-ex
7,609,p1,1245,alakazam-dudunsparce,0066,lopunny-dudunsparce
7,610,p1,0417,dragapult-dusknoir,0354,mega-froslass-ex
7,611,p1,0561,rocket-mewtwo-ex,0643,alakazam-dudunsparce
7,612,p1,0080,dragapult-blaziken,1239,rocket-mewtwo-ex
7,613,p2,0479,starmie-froslass,0002,lopunny-dudunsparce
7,614,p2,1494,n-zoroark,0662,dragapult-dudunsparce
7,615,tie,0709,stevens-metagross,0803,dragapult-blaziken
7,616,p1,0183,dragapult-ex,0073,ogerpon-meganium-arboliva
7,617,p1,2053,n-zoroark,0892,toxtricity-box
7,618,p1,2046,slowking-scr,1073,dragapult-ex
7,619,p2,0395,lucario-hariyama,1536,dragapult-ex
7,620,p1,1473,sharpedo-toxtricity,0701,dragapult-ex
7,621,p1,1861,alakazam-dudunsparce,0623,raging-bolt-ogerpon
7,622,p1,0126,lopunny-dudunsparce,1665,crustle-dri
7,623,p2,0596,dragapult-ex,1877,n-zoroark
7,624,p2,1776,toxtricity-pfl,1709,dragapult-ex
7,625,p2,0151,raging-bolt-ogerpon,1986,dragapult-dudunsparce
7,626,p2,1860,ursaluna-lunatone,1673,dragapult-blaziken
7,627,p1,0004,mega-venusaur-ex,0698,rocket-mewtwo-ex
7,628,p2,1957,grimmsnarl-froslass,0852,ogerpon-meganium-arboliva
7,629,p1,1151,dragapult-dudunsparce,1248,alakazam-dudunsparce
7,630,p1,1118,dragapult-blaziken,1188,rocket-mewtwo-ex
7,631,p1,0087,dragapult-blaziken,0917,rocket-mewtwo-ex
7,632,p1,0746,raging-bolt-ogerpon,1091,starmie-dusknoir
7,633,p1,1642,rocket-mewtwo-ex,0569,diancie-dusknoir
7,634,p2,0912,dragapult-dusknoir,1461,dragapult-dusknoir
7,635,p1,0935,dragapult-dusknoir,1586,dragapult-blaziken
7,636,p2,0288,starmie-froslass,0023,dragapult-dusknoir
7,637,p2,0757,mega-froslass-ex,1692,starmie-froslass
7,638,p1,0744,grimmsnarl-froslass,2135,starmie-froslass
7,639,p1,0533,hops-trevenant,1398,lucario-hariyama
7,640,p2,2081,cynthia-garchomp-ex,0324,dragapult-blaziken
7,641,p2,1732,dragapult-dudunsparce,0564,dragapult-dusknoir
7,642,p1,1589,dragapult-ex,1949,cynthia-garchomp-ex
7,643,p2,1490,mega-venusaur-ex,1813,rocket-mewtwo-ex
7,644,p1,1830,azumarill-ssp,0478,dragapult-dudunsparce
7,645,p1,0853,flareon-noctowl,1054,joltik-box
7,646,p1,1312,rocket-mewtwo-ex,1613,dragapult-dusknoir
7,647,p2,1852,alakazam-dudunsparce,0177,rocket-mewtwo-ex
7,648,p1,1110,rocket-mewtwo-ex,0615,dragapult-ex
7,649,p1,1863,dragapult-dudunsparce,0217,okidogi-barbaracle
7,650,p2,1407,starmie-froslass,1195,dragapult-dudunsparce
7,651,p1,1070,alakazam-dudunsparce,1478,cynthia-garchomp-ex
7,652,p2,1896,dragapult-ex,1266,basic-box-m
7,653,p1,0072,dragapult-dudunsparce,0901,rocket-spidops
7,654,p1,0957,festival-lead,0769,clefairy-ogerpon
7,655,tie,0463,ogerpon-meganium-arboliva,1930,dragapult-ex
7,656,p1,0327,crustle-dri,1734,festival-lead
7,657,p1,0508,okidogi-barbaracle,0208,lopunny-dudunsparce
7,658,p1,0814,alakazam-dudunsparce,0174,dragapult-dudunsparce
7,659,tie,0968,lucario-hariyama,1008,dragapult-dusknoir
7,660,p1,1344,lopunny-dudunsparce,1459,rocket-mewtwo-ex
7,661,p2,1621,dragapult-dusknoir,0492,dragapult-dusknoir
7,662,p1,0694,dragapult-ex,1369,rocket-mewtwo-ex
7,663,p2,0916,dragapult-dusknoir,1654,alakazam-dudunsparce
7,664,p2,1793,?,0799,dragapult-ex
7,665,p1,1969,alakazam-dudunsparce,1669,lopunny-dudunsparce
7,666,p2,1792,cynthia-garchomp-ex,1497,dragapult-ex
7,667,tie,1951,dragapult-blaziken,0085,dragapult-blaziken
7,668,p2,1626,rocket-mewtwo-ex,0338,dragapult-ex
7,669,p2,1707,lopunny-dudunsparce,0357,greninja-froslass
7,670,p2,1748,dragapult-dudunsparce,0646,raging-bolt-ogerpon
7,671,p1,2099,dragapult-blaziken,0950,dragapult-dusknoir
7,672,p1,1382,n-zoroark,1149,dragapult-dudunsparce
7,673,tie,0573,dragapult-dusknoir,0248,rockets-honchkrow
7,674,tie,1993,festival-lead,1999,lopunny-dudunsparce
7,675,p2,0764,dragapult-dudunsparce,0575,crustle-dri
7,676,p1,1340,sharpedo-toxtricity,1381,starmie-froslass
7,677,p1,1092,festival-lead,0246,alakazam-dudunsparce
7,678,p1,1349,dragapult-dusknoir,0531,n-zoroark
7,679,p1,0247,dragapult-blaziken,0405,dragapult-blaziken
7,680,p1,1027,festival-lead,0787,rocket-mewtwo-ex
7,681,p1,1424,lopunny-dudunsparce,1275,lopunny-dudunsparce
7,682,p1,1528,dragapult-dudunsparce,1937,mega-froslass-ex
7,683,p1,1404,n-zoroark,1038,lucario-hariyama
7,684,p1,0314,dragapult-dusknoir,1166,n-zoroark
7,685,p2,0859,dragapult-ex,1571,toxtricity-box
7,686,p2,0830,dragapult-dusknoir,0489,dragapult-ex
7,687,p2,1121,flareon-noctowl,2003,rocket-mewtwo-ex
7,688,p1,1750,dragapult-blaziken,0500,raging-bolt-ogerpon
7,689,p1,0310,n-zoroark,1920,cynthia-garchomp-ex
7,690,p2,1812,alakazam-dudunsparce,2110,lopunny-dudunsparce
7,691,p2,1593,festival-lead,0722,starmie-froslass
7,692,p1,0268,flareon-noctowl,2034,hydreigon-ex
7,693,p1,1327,lopunny-dudunsparce,1397,festival-lead
7,694,p2,1900,mega-absol-box,1827,ogerpon-meganium-hydrapple
7,695,p1,1668,greninja-ex,1020,dragapult-dudunsparce
7,696,p2,1576,starmie-dusknoir,1552,starmie-froslass
7,697,p1,0653,lopunny-dudunsparce,0384,cynthia-garchomp-ex
7,698,p2,0518,archaludon-dudunsparce,0136,ogerpon-meganium-hydrapple
7,699,p2,0729,lucario-hariyama,0605,rockets-honchkrow
7,700,tie,1319,lopunny-dudunsparce,0731,dragapult-dusknoir
7,701,tie,0618,raging-bolt-ogerpon,1463,dragapult-dusknoir
7,702,p1,0514,rockets-honchkrow,1172,raging-bolt-ogerpon
7,703,p1,0103,festival-lead,1928,lopunny-dudunsparce
7,704,p1,1057,clefairy-ogerpon,0112,mega-abomasnow-ex
7,705,p2,0582,dragapult-ex,0433,mega-lucario-ex
7,706,p1,1205,dragapult-ex,2056,lopunny-dudunsparce
7,707,p1,0795,stevens-metagross,0282,dragapult-ex
7,708,p1,0893,dragapult-dusknoir,0505,basic-box-m
7,709,p2,0415,rocket-mewtwo-ex,1090,rocket-mewtwo-ex
7,710,p2,1207,dragapult-dudunsparce,1097,lopunny-dudunsparce
7,711,p1,0467,festival-lead,1902,rockets-honchkrow
7,712,p1,0858,hops-trevenant,0060,mega-lucario-ex
7,713,tie,1543,lopunny-dudunsparce,0776,alakazam-dudunsparce
7,714,p2,1322,n-zoroark,0205,cynthia-garchomp-ex
7,715,p1,0458,ogerpon-meganium-arboliva,0943,greninja-ex
7,716,p2,1037,lucario-hariyama,0897,starmie-froslass
7,717,p1,2038,starmie-froslass,1560,lopunny-dudunsparce
7,718,p2,0108,festival-lead,0562,dragapult-ex
7,719,p2,1466,dragapult-ex,1209,dragapult-blaziken
7,720,p1,2072,mega-absol-box,0368,dragapult-ex
7,721,p2,0848,dragapult-dudunsparce,0658,festival-lead
7,722,p2,2035,raging-bolt-ogerpon,1095,n-zoroark
7,723,p2,1741,starmie-froslass,0565,rockets-honchkrow
7,724,p1,1909,dragapult-ex,1496,raging-bolt-ogerpon
7,725,tie,1680,alakazam-dudunsparce,1814,starmie-froslass
7,726,p2,1486,cynthia-garchomp-ex,1976,rockets-honchkrow
7,727,p2,1183,dragapult-dusknoir,1518,lopunny-dudunsparce
7,728,p1,1835,dragapult-ex,0849,n-zoroark
7,729,p1,1007,clefairy-ogerpon,0255,ursaluna-lunatone
7,730,p1,1612,rocket-mewtwo-ex,1304,dragapult-dudunsparce
7,731,p1,0211,raging-bolt-ogerpon,1283,basic-box-m
7,732,tie,1133,ogerpon-meganium-arboliva,0313,basic-box-m
7,733,p2,1371,raging-bolt-ogerpon,1299,n-zoroark
7,734,p1,0369,mega-absol-box,0049,dragapult-dusknoir
7,735,p2,0634,lopunny-dudunsparce,0581,n-zoroark
7,736,tie,1834,dragapult-ex,0988,rocket-mewtwo-ex
7,737,p2,1906,mega-lucario-ex,1763,diancie-dusknoir
7,738,p1,0687,dragapult-dudunsparce,0836,raging-bolt-ogerpon
7,739,p1,0705,lucario-hariyama,1046,lopunny-dudunsparce
7,740,p1,0312,alakazam-dudunsparce,1848,raging-bolt-ogerpon
7,741,p1,1031,dragapult-dusknoir,1872,dragapult-dusknoir
7,742,p2,1418,dragapult-ex,0936,crustle-dri
7,743,p1,0537,slowking-scr,0521,lopunny-dudunsparce
7,744,tie,1268,raging-bolt-ogerpon,1572,lopunny-dudunsparce
7,745,p1,1043,rocket-mewtwo-ex,2028,dragapult-ex
7,746,p1,1471,starmie-froslass,2075,dragapult-blaziken
7,747,p1,0309,rockets-honchkrow,1068,ogerpon-meganium-hydrapple
7,748,p2,1465,flareon-noctowl,0595,n-zoroark
7,749,p1,0152,dragapult-blaziken,1787,dragapult-dusknoir
7,750,tie,0266,cynthia-garchomp-ex,1220,dragapult-ex
7,751,tie,0956,lucario-hariyama,1856,mega-camerupt-ex
7,752,tie,0358,tera-box,0813,starmie-froslass
7,753,tie,0934,dragapult-ex,1049,alakazam-dudunsparce
7,754,p1,1537,festival-lead,1075,cynthia-garchomp-ex
7,755,p2,1948,starmie-froslass,1223,ogerpon-meganium-arboliva
7,756,p2,1145,n-zoroark,1224,dragapult-dusknoir
7,757,p1,1291,starmie-froslass,0460,festival-lead
7,758,p2,0289,festival-lead,0850,dragapult-ex
7,759,p1,1109,flareon-noctowl,0739,n-zoroark
7,760,tie,1991,dragapult-dusknoir,1548,okidogi-barbaracle
7,761,p2,1337,starmie-froslass,0028,festival-lead
7,762,p1,0639,dragapult-ex,0164,raging-bolt-ogerpon
7,763,p1,1596,festival-lead,1558,clefairy-ogerpon
7,764,p2,0588,dragapult-dusknoir,1048,raging-bolt-ogerpon
7,765,p1,2036,raging-bolt-ogerpon,1254,lucario-hariyama
7,766,p1,1883,dragapult-ex,0321,n-zoroark
7,767,p1,0517,cynthia-garchomp-ex,1800,cynthia-garchomp-ex
7,768,p1,2096,archaludon-dudunsparce,0227,dragapult-ex
7,769,p2,1217,cynthia-garchomp-ex,0401,lopunny-dudunsparce
7,770,p1,0318,starmie-dusknoir,0075,dragapult-ex
7,771,p1,1568,dragapult-dudunsparce,1570,n-zoroark
7,772,p2,2103,mega-lucario-ex,1089,ogerpon-meganium-arboliva
7,773,p2,1377,cynthia-garchomp-ex,0092,starmie-dusknoir
7,774,p1,1359,rockets-honchkrow,1578,starmie-froslass
7,775,tie,0771,other,1001,alakazam-dudunsparce
7,776,p1,0148,dragapult-dudunsparce,0962,dragapult-ex
7,777,p2,0471,crustle-dri,1438,festival-lead
7,778,p2,1616,festival-lead,0515,slowking-scr
7,779,p2,1163,n-zoroark,0071,n-zoroark
7,780,tie,2098,starmie-froslass,0877,raging-bolt-ogerpon
7,781,p2,1125,n-zoroark,1767,festival-lead
7,782,p2,1716,cynthia-garchomp-ex,1006,cynthia-garchomp-ex
7,783,p2,1409,cynthia-garchomp-ex,0553,rocket-mewtwo-ex
7,784,p1,0726,stevens-metagross,0279,ogerpon-meganium-hydrapple
7,785,p2,0862,alakazam-dudunsparce,1549,dragapult-ex
7,786,p1,1601,dragapult-dusknoir,2032,starmie-dusknoir
7,787,p2,0362,starmie-dusknoir,1367,raging-bolt-ogerpon
7,788,p2,0061,rocket-mewtwo-ex,0868,raging-bolt-ogerpon
7,789,p2,0913,lucario-hariyama,1971,dragapult-dudunsparce
7,790,p2,0952,hops-trevenant,0791,n-zoroark
7,791,p1,1598,grimmsnarl-froslass,0657,rocket-mewtwo-ex
7,792,p2,1567,dragapult-ex,1744,kangaskhan-bouffalant
7,793,p2,0300,n-zoroark,1448,starmie-froslass
7,794,p2,2094,greninja-ex,2088,dragapult-blaziken
7,795,p1,1506,ogerpon-meganium-arboliva,1677,starmie-dusknoir
7,796,p1,0790,dragapult-ex,0383,festival-lead
7,797,p1,0680,alakazam-dudunsparce,0180,ogerpon-meganium-arboliva
7,798,p2,0919,hops-trevenant,1811,rocket-mewtwo-ex
7,799,p1,0215,n-zoroark,0498,alakazam-dudunsparce
7,800,p1,1885,starmie-froslass,1841,dragapult-dusknoir
7,801,p1,1803,tera-box,0566,dragapult-blaziken
7,802,p2,0652,ogerpon-meganium,0713,dragapult-ex
7,803,p2,1345,raging-bolt-ogerpon,2128,n-zoroark
7,804,p2,0435,hops-trevenant,1555,rocket-mewtwo-ex
7,805,p1,1234,ogerpon-meganium-hydrapple,2001,dragapult-ex
7,806,p1,2092,mega-lucario-ex,1805,raging-bolt-ogerpon
7,807,p1,2146,ogerpon-meganium-hydrapple,0800,stevens-metagross
7,808,p2,1039,cynthia-garchomp-ex,0350,dragapult-dusknoir
7,809,p2,0846,rockets-honchkrow,1215,rocket-mewtwo-ex
7,810,p1,2104,lucario-hariyama,1134,flareon-noctowl
7,811,p2,1261,n-zoroark,0106,dragapult-dusknoir
7,812,p2,0785,cynthia-garchomp-ex,1062,ogerpon-meganium-arboliva
7,813,p1,1447,dragapult-dudunsparce,0985,rocket-mewtwo-ex
7,814,p1,1658,dragapult-dusknoir,0999,rocket-mewtwo-ex
7,815,p1,1622,n-zoroark,0740,sharpedo-toxtricity
7,816,p1,1155,ogerpon-meganium,0512,ogerpon-meganium-hydrapple
7,817,p2,1632,dragapult-dusknoir,1115,dragapult-dusknoir
7,818,tie,0890,dragapult-ex,2016,dragapult-dusknoir
7,819,p2,0763,cynthia-garchomp-ex,1652,dragapult-blaziken
7,820,p2,1152,lucario-hariyama,2118,mega-lucario-ex
7,821,p1,1782,lopunny-dudunsparce,1185,cynthia-garchomp-ex
7,822,p1,0260,raging-bolt-ogerpon,1439,dragapult-ex
7,823,p2,1302,alakazam-dudunsparce,1600,rockets-honchkrow
7,824,tie,1227,grimmsnarl-froslass,0772,alakazam-dudunsparce
7,825,tie,0838,rocket-mewtwo-ex,0088,rocket-mewtwo-ex
7,826,p1,1590,ogerpon-meganium-arboliva,1804,lopunny-dudunsparce
7,827,p1,2039,dragapult-dudunsparce,0732,kangaskhan-bouffalant
7,828,p2,1533,n-zoroark,1682,alakazam-dudunsparce
7,829,p1,0409,lopunny-dudunsparce,0044,slowking-scr
7,830,tie,1428,cynthia-garchomp-ex,0633,dragapult-dudunsparce
7,831,p1,0157,rocket-mewtwo-ex,0461,cynthia-garchomp-ex
7,832,p1,2114,n-zoroark,0598,mega-absol-box
7,833,tie,1018,dragapult-blaziken,1882,dragapult-blaziken
7,834,p2,1781,dragapult-dusknoir,1731,alakazam-dudunsparce
7,835,tie,1821,cynthia-garchomp-ex,0730,dragapult-dusknoir
7,836,p1,1887,dragapult-blaziken,1762,lucario-hariyama
7,837,p2,1681,dragapult-ex,0259,lopunny-dudunsparce
7,838,p1,1700,n-zoroark,1033,rocket-mewtwo-ex
7,839,p2,1170,raging-bolt-ogerpon,1074,festival-lead
7,840,p1,0083,dragapult-dudunsparce,1200,starmie-froslass
7,841,p1,1873,lucario-hariyama,0399,dragapult-dusknoir
7,842,p2,0098,dragapult-blaziken,1557,greninja-ex
7,843,tie,1983,dragapult-dudunsparce,1864,n-zoroark
7,844,tie,1413,dragapult-ex,1164,rockets-honchkrow
7,845,tie,1022,ursaluna-lunatone,2115,clefairy-ogerpon
7,846,p1,1566,starmie-froslass,0978,dragapult-ex
7,847,p1,0723,alakazam-dudunsparce,1764,festival-lead
7,848,p1,0724,starmie-froslass,1216,lopunny-dudunsparce
7,849,p2,0841,lopunny-dudunsparce,0697,grimmsnarl-froslass
7,850,p2,2083,rocket-mewtwo-ex,0879,alakazam-dudunsparce
7,851,p2,0920,ceruledge-ex,1442,n-zoroark
7,852,p1,0842,n-zoroark,0133,dragapult-blaziken
7,853,p2,0886,raging-bolt-ogerpon,1973,alakazam-dudunsparce
7,854,p2,1538,cynthia-garchomp-ex,1081,raging-bolt-ogerpon
7,855,p2,1441,dragapult-blaziken,1000,ceruledge-ex
7,856,p2,0464,alakazam-dudunsparce,0622,rocket-mewtwo-ex
7,857,p1,2049,dragapult-dudunsparce,1171,ogerpon-meganium-hydrapple
7,858,p1,1997,cynthia-garchomp-ex,1124,other
7,859,p2,1727,dragapult-ex,0406,archaludon-dudunsparce
7,860,p2,0780,cynthia-garchomp-ex,1701,dragapult-dudunsparce
7,861,p1,1336,dragapult-dusknoir,0470,dragapult-dusknoir
7,862,p2,0233,rockets-honchkrow,0438,n-zoroark
7,863,p2,0251,cynthia-garchomp-ex,1351,festival-lead
7,864,p2,1577,mega-lucario-ex,0641,cynthia-garchomp-ex
7,865,p2,1611,archaludon-dudunsparce,0009,lucario-hariyama
7,866,p2,1047,raging-bolt-ogerpon,1770,n-zoroark
7,867,p1,0404,n-zoroark,1617,rocket-mewtwo-ex
7,868,p1,0168,slowking-scr,1923,dragapult-dusknoir
7,869,p2,1443,lopunny-dudunsparce,2066,dragapult-blaziken
7,870,p2,1903,starmie-dusknoir,1114,dragapult-dudunsparce
7,871,p1,0544,lopunny-dudunsparce,0797,milotic-ex
7,872,p2,0494,n-zoroark,0281,raging-bolt-ogerpon
7,873,p1,1661,lopunny-dudunsparce,0806,ogerpon-meganium-arboliva
7,874,p1,1135,n-zoroark,0539,mega-dragonite-ex
7,875,p2,0672,grimmsnarl-froslass,1595,cynthia-garchomp-ex
7,876,p2,1606,dragapult-ex,0422,dragapult-ex
7,877,p2,0855,mega-venusaur-ex,0973,ethan-typhlosion
7,878,p2,0953,rocket-mewtwo-ex,0982,okidogi-barbaracle
7,879,p1,0584,dragapult-ex,1961,dragapult-dusknoir
7,880,p1,1141,archaludon-ex,0307,starmie-froslass
7,881,p2,1320,cynthia-garchomp-ex,0798,lucario-hariyama
7,882,p1,1922,alakazam-dudunsparce,1264,lucario-hariyama
7,883,p2,1708,dragapult-blaziken,0414,ogerpon-meganium-arboliva
7,884,p1,2122,ethan-typhlosion,2070,crustle-dri
7,885,p2,0351,rocket-mewtwo-ex,1416,rocket-mewtwo-ex
7,886,p2,1733,archaludon-dudunsparce,0811,starmie-froslass
7,887,p1,1579,dragapult-dudunsparce,0875,crustle-dri
7,888,p1,0491,raging-bolt-ogerpon,0735,cynthia-garchomp-ex
7,889,tie,1653,dragapult-blaziken,0967,dragapult-blaziken
7,890,p1,0976,lopunny-dudunsparce,0482,raging-bolt-ogerpon
7,891,p1,1111,starmie-froslass,0110,clefairy-ogerpon
7,892,p1,1488,dragapult-dusknoir,2021,?
7,893,p1,0994,ogerpon-meganium-hydrapple,1919,cynthia-garchomp-ex
7,894,p1,0416,alakazam-dudunsparce,1511,mega-lucario-ex
7,895,p2,0499,lucario-hariyama,1328,crustle-dri
7,896,tie,1815,rocket-mewtwo-ex,1712,decidueye-ex
7,897,p1,0532,okidogi-barbaracle,1683,lucario-hariyama
7,898,p2,1309,basic-box-m,0450,lopunny-dudunsparce
7,899,tie,1614,mega-starmie-ex,0468,n-zoroark
7,900,p2,1475,alakazam-dudunsparce,1208,stevens-metagross
7,901,p2,2129,rocket-mewtwo-ex,0889,dragapult-blaziken
7,902,tie,0609,okidogi-barbaracle,0244,hops-trevenant
7,903,p2,2062,lopunny-dudunsparce,0372,lopunny-dudunsparce
7,904,p2,0604,starmie-dusknoir,0856,mega-starmie-ex
7,905,p2,1363,rockets-honchkrow,1014,ogerpon-meganium-arboliva
7,906,p2,0654,rockets-honchkrow,1355,ogerpon-meganium-hydrapple
7,907,p2,1581,festival-lead,2077,flareon-noctowl
7,908,p1,0951,rockets-honchkrow,0476,festival-lead
7,909,tie,0320,n-zoroark,0700,other
7,910,p1,1126,lucario-hariyama,1469,rocket-mewtwo-ex
7,911,p1,0926,dragapult-dusknoir,1357,dragapult-dusknoir
7,912,p2,0264,dragapult-ex,0820,cynthia-garchomp-ex
7,913,p1,0236,raging-bolt-ogerpon,0927,greninja-ex
7,914,p1,1846,dragapult-blaziken,0964,other
7,915,tie,0873,dragapult-ex,0674,cynthia-garchomp-ex
7,916,p2,0668,rockets-honchkrow,1847,lopunny-dudunsparce
7,917,p1,1386,ogerpon-meganium-hydrapple,0240,cynthia-garchomp-ex
7,918,p2,0113,lucario-hariyama,1523,greninja-ex
7,919,p2,1456,dragapult-ex,1175,lopunny-dudunsparce
7,920,p2,0915,lopunny-dudunsparce,1219,other
7,921,p2,2000,dragapult-dusknoir,1799,cynthia-garchomp-ex
7,922,p1,0823,lopunny-dudunsparce,0249,alakazam-dudunsparce
7,923,p1,1242,dragapult-dudunsparce,0392,ceruledge-ex
7,924,p1,1408,lucario-hariyama,1916,alakazam-dudunsparce
7,925,p2,1288,crustle-dri,0412,doublade-por
7,926,p1,0196,rocket-mewtwo-ex,1808,other
7,927,tie,1627,raging-bolt-ogerpon,0225,starmie-froslass
7,928,p2,1293,cynthia-garchomp-ex,0640,dragapult-ex
7,929,p1,1375,lopunny-dudunsparce,0493,crustle-dri
7,930,p1,1524,dragapult-ex,0807,starmie-froslass
7,931,p1,2130,lopunny-dudunsparce,0377,festival-lead
7,932,p1,0645,raging-bolt-ogerpon,2037,mega-lucario-ex
7,933,p1,0237,lucario-hariyama,0507,slowking-scr
7,934,p1,2060,okidogi-barbaracle,1440,cynthia-garchomp-ex
7,935,p1,0548,clefairy-ogerpon,2019,mega-lucario-ex
7,936,tie,0689,slowking-scr,1194,dragapult-dusknoir
7,937,p1,1818,rockets-honchkrow,0742,ethan-typhlosion
7,938,tie,0325,raging-bolt-ogerpon,1425,mega-charizard-x-ex
7,939,p2,1019,dragapult-froslass,0593,raging-bolt-ogerpon
7,940,p2,0590,dragapult-dusknoir,1737,cynthia-garchomp-ex
7,941,p2,0214,dudunsparce-control,1670,lucario-hariyama
7,942,p1,0663,raging-bolt-ogerpon,1119,raging-bolt-ogerpon
7,943,tie,1167,starmie-froslass,0297,dragapult-ex
7,944,tie,0442,lopunny-dudunsparce,0599,n-zoroark
7,945,tie,1953,yanmega-ex,0937,rockets-honchkrow
7,946,p1,0150,dragapult-dusknoir,1103,stevens-metagross
7,947,p2,2059,other,0378,cynthia-garchomp-ex
7,948,tie,1142,yanmega-ex,1138,lopunny-dudunsparce
7,949,tie,1674,dragapult-dudunsparce,0315,dragapult-dusknoir
7,950,tie,1210,lopunny-dudunsparce,1620,dragapult-dusknoir
7,951,p1,1105,ogerpon-meganium-hydrapple,0847,dragapult-dusknoir
7,952,p2,1638,dragapult-ex,1895,archaludon-ex
7,953,tie,2139,dragapult-ex,0628,dragapult-blaziken
7,954,p1,1844,dragapult-dudunsparce,0089,dragapult-dudunsparce
7,955,p1,2004,raging-bolt-ogerpon,1892,dragapult-ex
7,956,p2,1891,greninja-blaziken,0192,dragapult-blaziken
7,957,p2,0426,starmie-dusknoir,0129,raging-bolt-ogerpon
7,958,p1,1289,ogerpon-meganium-hydrapple,2024,ogerpon-meganium-arboliva
7,959,p2,0928,lucario-hariyama,1154,lucario-hariyama
7,960,p1,1191,lopunny-dusknoir,1410,decidueye-ex
7,961,p1,1855,lucario-hariyama,0872,lopunny-dusknoir
7,962,p1,0559,cynthia-garchomp-ex,1235,cynthia-garchomp-ex
7,963,p2,0480,archaludon-ex,1189,ogerpon-meganium-hydrapple
7,964,p1,1399,grimmsnarl-froslass,0121,jellicent-dusknoir
7,965,p2,1513,greninja-ex,1231,rocket-spidops
7,966,tie,0367,mega-absol-box,0822,mega-venusaur-ex
7,967,p1,2108,lopunny-dudunsparce,1594,starmie-froslass
7,968,tie,0487,n-zoroark,0845,festival-lead
7,969,p1,1452,tera-box,1554,raging-bolt-ogerpon
7,970,p2,0114,mega-lucario-ex,1921,rocket-mewtwo-ex
7,971,p1,2047,lopunny-dudunsparce,0239,starmie-froslass
7,972,p1,0998,alakazam-dudunsparce,1462,dragapult-dudunsparce
7,973,p1,2136,dragapult-dusknoir,2025,lucario-hariyama
7,974,p1,0342,starmie-froslass,1492,cynthia-garchomp-ex
7,975,tie,1854,grimmsnarl-froslass,0947,other
7,976,p2,1828,cynthia-garchomp-ex,0400,lucario-hariyama
7,977,tie,0262,other,1575,raging-bolt-ogerpon
7,978,p1,0135,manectric-eelektrik,1161,starmie-froslass
7,979,p1,0293,raging-bolt-ogerpon,0042,lopunny-dudunsparce
7,980,p2,1330,raging-bolt-ogerpon,0294,yanmega-ex
7,981,p2,0903,lopunny-dudunsparce,1102,starmie-dusknoir
7,982,tie,0540,rockets-honchkrow,0035,dragapult-dudunsparce
7,983,p1,1785,greninja-ex,0816,lucario-hariyama
7,984,p1,1857,dragapult-dusknoir,1390,ethan-typhlosion
7,985,tie,0720,rocket-mewtwo-ex,1176,lucario-hariyama
7,986,p2,1278,ogerpon-meganium,1723,dragapult-dudunsparce
7,987,tie,0299,rocket-mewtwo-ex,0608,dragapult-blaziken
7,988,p2,0159,raging-bolt-ogerpon,1156,dragapult-ex
7,989,p1,1107,cynthia-garchomp-ex,1819,n-zoroark
7,990,p1,1285,slowking-scr,1317,starmie-froslass
7,991,p1,0554,slowking-scr,1276,dragapult-ex
7,992,p2,0989,cynthia-garchomp-ex,2112,dragapult-blaziken
7,993,p1,1980,n-zoroark,1876,flareon-noctowl
7,994,tie,0511,n-zoroark,1583,archaludon-dudunsparce
7,995,p1,0899,n-zoroark,2030,dragapult-ex
7,996,p1,1605,starmie-dusknoir,1084,dragapult-dusknoir
7,997,p2,0029,festival-lead,1267,dragapult-dusknoir
7,998,p2,0685,n-zoroark,0522,ogerpon-meganium-hydrapple
7,999,tie,2102,starmie-froslass,0219,clefairy-ogerpon
7,1000,p1,1694,cynthia-garchomp-ex,0567,clefairy-ogerpon
7,1001,tie,1051,okidogi-barbaracle,1168,lucario-hariyama
7,1002,p1,1918,manectric-eelektrik,1696,dragapult-ex
7,1003,p2,0160,starmie-dusknoir,1498,lopunny-dudunsparce
7,1004,p2,1710,cynthia-garchomp-ex,0425,dragapult-ex
7,1005,p1,0933,lucario-hariyama,0612,starmie-froslass
7,1006,p1,1271,dragapult-dusknoir,0833,rocket-mewtwo-ex
7,1007,p2,1992,dragapult-dusknoir,1301,alakazam-dudunsparce
7,1008,p1,0577,n-zoroark,0200,mega-lopunny-ex
7,1009,p2,0818,slowking-scr,0610,raging-bolt-ogerpon
7,1010,p2,0587,ogerpon-meganium,1987,n-zoroark
7,1011,p1,0195,n-zoroark,0941,dragapult-dusknoir
7,1012,p1,1437,cynthia-garchomp-ex,0993,diancie-dusknoir
7,1013,p1,0241,rocket-mewtwo-ex,1380,mega-abomasnow-ex
7,1014,p1,0542,rockets-honchkrow,0104,mega-starmie-ex
7,1015,p2,1522,rocket-mewtwo-ex,1636,dragapult-dusknoir
7,1016,tie,0648,dragapult-dudunsparce,1113,grimmsnarl-froslass
7,1017,p2,2012,starmie-froslass,1130,rockets-honchkrow
7,1018,p1,0197,crustle-dri,0484,dragapult-dusknoir
7,1019,p1,1389,alakazam-dudunsparce,0162,raging-bolt-ogerpon
7,1020,tie,1637,doublade-por,1374,okidogi-twm
7,1021,p1,2020,rockets-honchkrow,2144,cynthia-garchomp-ex
7,1022,p2,1728,mega-froslass-ex,1187,raging-bolt-ogerpon
7,1023,p2,1079,ethan-typhlosion,1129,starmie-froslass
7,1024,p2,1998,lucario-hariyama,1974,ogerpon-meganium-hydrapple
7,1025,p1,0253,alakazam-dudunsparce,1534,starmie-froslass
7,1026,p1,0908,dragapult-ex,1305,festival-lead
7,1027,p2,1318,diancie-dusknoir,1255,dragapult-ex
7,1028,p1,1704,ogerpon-meganium-arboliva,0031,dragapult-ex
7,1029,p2,1177,cynthia-garchomp-ex,1401,festival-lead
7,1030,p2,0894,cynthia-garchomp-ex,0683,rockets-honchkrow
7,1031,tie,0432,rocket-mewtwo-ex,1024,ursaluna-lunatone
7,1032,p2,1826,dragapult-blaziken,1342,rocket-mewtwo-ex
7,1033,p2,0339,n-zoroark,0966,n-zoroark
7,1034,p2,0131,flareon-noctowl,0961,archaludon-dudunsparce
7,1035,p1,0295,dragapult-ex,0316,mega-venusaur-ex
7,1036,p2,2048,festival-lead,1779,rockets-honchkrow
7,1037,p2,2017,raging-bolt-ogerpon,1645,raging-bolt-ogerpon
7,1038,p1,0410,hops-trevenant,0679,dragapult-dusknoir
7,1039,p2,0345,dragapult-dusknoir,1979,lopunny-dudunsparce
7,1040,p2,1607,dragapult-dusknoir,2123,festival-lead
7,1041,p2,0403,mega-lucario-ex,1415,mega-venusaur-ex
7,1042,p1,1977,dragapult-dudunsparce,0390,dragapult-dusknoir
7,1043,tie,0812,n-zoroark,1699,dragapult-ex
7,1044,p2,0743,other,0179,rocket-mewtwo-ex
7,1045,tie,0054,dragapult-blaziken,1117,raging-bolt-ogerpon
7,1046,p2,1436,grimmsnarl-froslass,1041,starmie-dusknoir
7,1047,tie,2133,rocket-mewtwo-ex,0375,dragapult-dudunsparce
7,1048,p1,0741,n-zoroark,0105,crustle-dri
7,1049,p1,1663,eelektrik-blk,0256,dragapult-dusknoir
7,1050,p1,1361,starmie-dusknoir,0703,lucario-hariyama
7,1051,p2,1871,dragapult-dusknoir,1313,lopunny-dudunsparce
7,1052,p1,1406,okidogi-barbaracle,1954,dragapult-dudunsparce
7,1053,p2,1206,grimmsnarl-froslass,1421,lopunny-dudunsparce
7,1054,p2,1053,greninja-froslass,1011,basic-box-m
7,1055,tie,0305,dragapult-dudunsparce,0882,other
7,1056,tie,0287,crustle-dri,1044,festival-lead
7,1057,tie,0091,dragapult-dudunsparce,1757,zygarde-barbaracle
7,1058,p1,1123,okidogi-barbaracle,0695,toxtricity-box
7,1059,tie,1774,rockets-honchkrow,0142,eelektrik-blk
7,1060,p1,1108,dragapult-dudunsparce,0748,cynthia-garchomp-ex
7,1061,p2,0082,?,1853,crustle-dri
7,1062,p2,0101,dragapult-dusknoir,0436,lopunny-dudunsparce
7,1063,p2,1501,blaziken-ex-jtg,0637,dragapult-ex
7,1064,tie,0753,grimmsnarl-froslass,1676,lucario-hariyama
7,1065,p1,1687,cynthia-garchomp-ex,0664,dragapult-ex
7,1066,p2,0945,festival-lead,0745,festival-lead
7,1067,tie,0666,ogerpon-meganium-arboliva,0712,dragapult-ex
7,1068,p2,1403,lucario-hariyama,1678,flareon-noctowl
7,1069,p1,1071,n-zoroark,0040,dragapult-dusknoir
7,1070,p2,1970,ogerpon-meganium-hydrapple,1747,toxtricity-box
7,1071,p1,1714,cynthia-garchomp-ex,0336,other
7,1072,p1,0258,rocket-mewtwo-ex,0134,dragapult-blaziken
7,1073,tie,0884,dragapult-dusknoir,0398,cynthia-garchomp-ex
7,1074,p2,1628,kangaskhan-bouffalant,0681,raging-bolt-ogerpon
7,1075,p2,1294,dragapult-ex,2005,ethan-typhlosion
7,1076,p1,0145,diancie-dusknoir,1672,mega-lucario-ex
7,1077,p2,1341,dragapult-ex,1298,slowking-scr
7,1078,p2,0055,dragapult-ex,1797,grimmsnarl-froslass
7,1079,p1,0365,dragapult-ex,1343,other
7,1080,p2,0995,dragapult-dusknoir,1659,rocket-mewtwo-ex
7,1081,tie,0898,festival-lead,0130,ogerpon-meganium
7,1082,p2,0870,dragapult-blaziken,1346,n-zoroark
7,1083,tie,0534,dragapult-dudunsparce,1783,?
7,1084,p2,0449,grimmsnarl-froslass,1061,raging-bolt-ogerpon
7,1085,p1,1181,dragapult-dusknoir,0911,dragonite-eelektrik
7,1086,p2,0144,cynthia-garchomp-ex,2068,mega-venusaur-ex
7,1087,p2,0931,lucario-hariyama,1032,dragapult-blaziken
7,1088,p1,1587,starmie-dusknoir,0782,festival-lead
7,1089,p1,0013,n-zoroark,0987,raging-bolt-ogerpon
7,1090,p2,0158,hydreigon-ex,2145,cynthia-garchomp-ex
7,1091,tie,0673,rocket-mewtwo-ex,0308,cynthia-garchomp-ex
7,1092,p1,0469,dragapult-ex,1064,lucario-hariyama
7,1093,p1,0285,lucario-hariyama,1392,lucario-hariyama
7,1094,p2,1290,n-zoroark,0095,ethan-typhlosion
7,1095,p1,2141,raging-bolt-ogerpon,0381,rocket-mewtwo-ex
7,1096,p1,0556,dragapult-blaziken,0636,eelektrik-blk
7,1097,p2,1281,starmie-dusknoir,0902,dragapult-dusknoir
7,1098,p1,1457,dragapult-ex,1272,okidogi-barbaracle
7,1099,p2,1240,sharpedo-toxtricity,0677,alakazam-dudunsparce
7,1100,p1,0443,decidueye-ex,0906,mega-feraligatr-ex
7,1101,p2,1481,dragapult-ex,0188,rocket-mewtwo-ex
7,1102,p1,0270,dragapult-dudunsparce,1159,toxtricity-pfl
7,1103,p2,0074,rocket-mewtwo-ex,0924,raging-bolt-ogerpon
7,1104,p1,1507,dragapult-ex,0624,ogerpon-meganium
7,1105,p2,1929,mega-absol-box,0047,mega-zygarde-ex
7,1106,p1,1820,mega-venusaur-ex,1316,jellicent-dusknoir
7,1107,p2,0025,other,0267,hop-zacian
7,1108,p1,2058,stevens-metagross,1939,dragapult-dusknoir
7,1109,p1,0139,decidueye-ex,0238,festival-lead
7,,bye,1324,mega-starmie-ex,,
8,251,tie,1054,joltik-box,0001,raging-bolt-ogerpon
8,254,p1,1126,lucario-hariyama,0005,festival-lead
8,256,tie,0010,lopunny-dudunsparce,1741,starmie-froslass
8,258,p1,0014,lopunny-dudunsparce,0425,dragapult-ex
8,261,p1,0020,dragapult-ex,1993,festival-lead
8,262,p2,1970,ogerpon-meganium-hydrapple,0022,mega-abomasnow-ex
8,263,p2,0024,cynthia-garchomp-ex,1248,alakazam-dudunsparce
8,264,tie,0026,ogerpon-meganium-hydrapple,0166,lopunny-dudunsparce
8,265,p2,0660,ogerpon-meganium-hydrapple,0027,dragapult-ex
8,267,p2,1006,cynthia-garchomp-ex,0032,starmie-froslass
8,268,p1,1608,dragapult-ex,0033,lucario-hariyama
8,269,tie,0036,flareon-noctowl,1723,dragapult-dudunsparce
8,270,p2,0038,crustle-dri,1481,dragapult-ex
8,271,p2,1938,ogerpon-meganium-arboliva,0039,cynthia-garchomp-ex
8,272,p1,1154,lucario-hariyama,0041,starmie-froslass
8,275,tie,0048,alakazam-dudunsparce,1405,dragapult-dudunsparce
8,278,p2,1885,starmie-froslass,0053,alakazam-dudunsparce
8,279,tie,0056,raging-bolt-ogerpon,1643,starmie-froslass
8,280,p1,1233,dragapult-dusknoir,0733,dragapult-ex
8,282,tie,1291,starmie-froslass,1222,lopunny-dudunsparce
8,284,p1,0397,lopunny-dudunsparce,0051,starmie-froslass
8,285,p1,0262,other,0175,ogerpon-meganium-arboliva
8,286,p1,0513,lopunny-dudunsparce,1825,dragapult-blaziken
8,287,p1,1253,dragapult-ex,0111,alakazam-dudunsparce
8,288,tie,0062,dragapult-dudunsparce,0402,dragapult-ex
8,289,p1,0366,dragapult-ex,0686,basic-box-m
8,290,p1,0802,ogerpon-meganium-hydrapple,0650,lopunny-dudunsparce
8,291,tie,1387,dragapult-dudunsparce,1435,dragapult-ex
8,292,p1,0819,raging-bolt-ogerpon,0223,festival-lead
8,293,p1,0280,dragapult-ex,1383,alakazam-dudunsparce
8,294,tie,0845,festival-lead,0086,lucario-hariyama
8,295,p2,0466,raging-bolt-ogerpon,1875,alakazam-dudunsparce
8,296,p1,0064,lopunny-dudunsparce,2026,starmie-dusknoir
8,297,p1,1477,rockets-honchkrow,1370,dragapult-dusknoir
8,298,p1,1771,raging-bolt-ogerpon,0675,dragapult-ex
8,299,tie,0963,dragapult-blaziken,0755,dragapult-dudunsparce
8,300,p2,0252,raging-bolt-ogerpon,1391,alakazam-dudunsparce
8,301,p1,2043,dragapult-ex,1287,alakazam-dudunsparce
8,302,p1,1414,lopunny-dudunsparce,0781,dragapult-blaziken
8,303,p2,0516,ogerpon-meganium-hydrapple,2119,alakazam-dudunsparce
8,304,p2,1664,clefairy-ogerpon,1180,ogerpon-meganium-hydrapple
8,305,tie,0488,dragapult-ex,0938,n-zoroark
8,306,p1,0762,dragapult-blaziken,2014,mega-lucario-ex
8,307,p2,0684,dragapult-ex,1085,cynthia-garchomp-ex
8,308,p2,2064,greninja-ex,0232,ogerpon-meganium-hydrapple
8,309,p2,1467,raging-bolt-ogerpon,0068,dragapult-ex
8,310,p1,0117,okidogi-barbaracle,1033,rocket-mewtwo-ex
8,311,p1,0119,slowking-scr,1267,dragapult-dusknoir
8,312,p1,2121,mega-lucario-ex,1480,dragapult-dusknoir
8,313,p2,0563,mega-lucario-ex,0364,festival-lead
8,314,tie,1250,festival-lead,1624,dragapult-blaziken
8,315,p1,2082,lopunny-dudunsparce,0728,dragapult-ex
8,316,p2,1662,lucario-hariyama,1649,dragapult-ex
8,317,p2,0439,dragapult-ex,1945,dragapult-blaziken
8,318,p1,1282,dragapult-dusknoir,0547,dragapult-dudunsparce
8,319,p1,1325,dragapult-ex,1030,festival-lead
8,320,p2,0717,lucario-hariyama,1296,dragapult-ex
8,321,p2,1967,raging-bolt-ogerpon,0206,dragapult-ex
8,322,p1,0242,festival-lead,0750,basic-box-m
8,323,p1,1066,dragapult-ex,0627,dragapult-dudunsparce
8,324,p1,1660,dragapult-ex,0429,dragapult-dusknoir
8,325,p1,0222,dragapult-ex,0828,festival-lead
8,326,p2,0277,basic-box-m,2076,rocket-mewtwo-ex
8,327,p1,1422,grimmsnarl-froslass,1705,alakazam-dudunsparce
8,328,p1,1265,alakazam-dudunsparce,2042,cynthia-garchomp-ex
8,329,p1,0600,starmie-froslass,1158,dragapult-dusknoir
8,330,p1,1784,raging-bolt-ogerpon,1474,lucario-hariyama
8,331,p2,0864,dragapult-ex,2117,cynthia-garchomp-ex
8,332,p2,1833,lopunny-dudunsparce,1684,dragapult-blaziken
8,333,p2,0319,rocket-mewtwo-ex,1082,raging-bolt-ogerpon
8,334,p2,1648,okidogi-barbaracle,1004,rockets-honchkrow
8,335,p2,0490,ogerpon-meganium-arboliva,1100,dragapult-dusknoir
8,336,p1,1433,starmie-froslass,2073,rockets-honchkrow
8,337,p1,0485,alakazam-dudunsparce,0057,ogerpon-meganium-arboliva
8,338,p2,0817,dragapult-blaziken,0751,okidogi-barbaracle
8,339,p1,1646,alakazam-dudunsparce,1769,ogerpon-meganium-arboliva
8,340,p1,1009,rockets-honchkrow,1745,raging-bolt-ogerpon
8,341,p1,1759,dragapult-ex,1831,dragapult-dudunsparce
8,342,p1,0317,dragapult-ex,0444,lucario-hariyama
8,343,p1,0773,dragapult-ex,1157,lopunny-dudunsparce
8,344,p1,1431,dragapult-dusknoir,1412,rocket-mewtwo-ex
8,345,p2,0322,festival-lead,2090,n-zoroark
8,346,p2,2089,basic-box-m,0965,dragapult-blaziken
8,347,tie,1535,ogerpon-meganium-hydrapple,2107,alakazam-dudunsparce
8,348,p2,0138,n-zoroark,0767,dragapult-dudunsparce
8,349,p1,0630,basic-box-m,1963,alakazam-dudunsparce
8,350,p1,1904,other,1122,lopunny-dudunsparce
8,351,p1,1796,ogerpon-meganium-hydrapple,1078,raging-bolt-ogerpon
8,352,p2,0824,dragapult-ex,1186,dragapult-blaziken
8,353,tie,1144,dragapult-blaziken,0333,basic-box-m
8,354,p1,1453,ethan-typhlosion,0702,n-zoroark
8,355,p1,1131,raging-bolt-ogerpon,1975,cynthia-garchomp-ex
8,356,p1,0954,lopunny-dudunsparce,1069,raging-bolt-ogerpon
8,357,p1,2131,raging-bolt-ogerpon,0155,dragapult-dusknoir
8,358,tie,1972,n-zoroark,0385,dragapult-ex
8,359,p1,0212,mega-lucario-ex,0347,dragapult-dudunsparce
8,360,p1,1499,lucario-hariyama,1306,n-zoroark
8,361,p2,0149,n-zoroark,0710,diancie-dusknoir
8,362,p2,0810,crustle-dri,2120,starmie-dusknoir
8,363,tie,0335,dragapult-ex,1086,ogerpon-meganium-hydrapple
8,364,tie,0501,dragapult-dudunsparce,0291,alakazam-dudunsparce
8,365,tie,1362,grimmsnarl-froslass,2044,kangaskhan-bouffalant
8,366,tie,0067,n-zoroark,0360,cynthia-garchomp-ex
8,367,tie,1055,lucario-hariyama,0445,dragapult-dusknoir
8,368,tie,1604,grimmsnarl-froslass,1411,dragapult-dudunsparce
8,369,tie,2040,ogerpon-meganium-hydrapple,0804,lopunny-dudunsparce
8,370,tie,1521,dragapult-ex,0871,lopunny-dudunsparce
8,371,tie,0857,lopunny-dudunsparce,0171,dragapult-blaziken
8,372,tie,1845,tera-box,1143,dragapult-dudunsparce
8,373,tie,1888,raging-bolt-ogerpon,0286,dragapult-dusknoir
8,374,tie,0382,clefairy-ogerpon,0169,mega-lucario-ex
8,375,tie,1104,raging-bolt-ogerpon,0921,ogerpon-meganium-arboliva
8,376,tie,2067,mega-lucario-ex,0058,festival-lead
8,377,tie,0421,starmie-dusknoir,0736,lopunny-dudunsparce
8,378,tie,1899,festival-lead,1889,dragapult-dusknoir
8,379,p1,0045,dragapult-dudunsparce,0454,festival-lead
8,380,tie,2125,raging-bolt-ogerpon,0199,dragapult-ex
8,381,tie,0140,raging-bolt-ogerpon,0869,dragapult-dudunsparce
8,382,tie,0182,festival-lead,1932,rocket-mewtwo-ex
8,383,tie,0059,alakazam-dudunsparce,1898,dragapult-blaziken
8,384,tie,1396,lucario-hariyama,0704,rocket-mewtwo-ex
8,385,tie,1249,lopunny-dudunsparce,0207,rocket-mewtwo-ex
8,386,tie,0303,rocket-mewtwo-ex,1056,hops-trevenant
8,387,tie,0153,lopunny-dudunsparce,0949,cynthia-garchomp-ex
8,388,tie,1942,alakazam-dudunsparce,0052,ogerpon-meganium-hydrapple
8,389,tie,0272,greninja-ex,1072,festival-lead
8,390,tie,0370,slowking-scr,1366,lucario-hariyama
8,391,tie,1719,festival-lead,1822,festival-lead
8,392,tie,1221,clefairy-ogerpon,0141,dragapult-ex
8,393,tie,0210,dragapult-ex,1933,lucario-hariyama
8,394,tie,0243,dragapult-blaziken,0306,alakazam-dudunsparce
8,395,tie,0146,dragapult-dusknoir,2078,alakazam-dudunsparce
8,396,tie,1584,alakazam-dudunsparce,0592,cynthia-garchomp-ex
8,397,tie,2007,dragapult-ex,1955,cynthia-garchomp-ex
8,398,tie,0050,archaludon-dudunsparce,1753,raging-bolt-ogerpon
8,399,tie,1837,lucario-hariyama,1832,festival-lead
8,400,tie,1720,alakazam-dudunsparce,0371,festival-lead
8,401,tie,1025,starmie-froslass,1202,other
8,402,tie,1816,raging-bolt-ogerpon,0688,n-zoroark
8,403,tie,2071,crustle-dri,1935,festival-lead
8,404,tie,2031,dragapult-dudunsparce,1754,dragapult-dusknoir
8,405,tie,0440,greninja-ex,0204,raging-bolt-ogerpon
8,406,p2,1013,lopunny-dudunsparce,2054,festival-lead
8,407,tie,1553,rockets-honchkrow,1574,ogerpon-meganium-hydrapple
8,408,tie,2086,dragapult-dudunsparce,0273,dragapult-dusknoir
8,409,tie,1634,lopunny-dudunsparce,1693,ogerpon-meganium-arboliva
8,410,tie,2050,raging-bolt-ogerpon,0407,alakazam-dudunsparce
8,411,tie,0992,greninja-ex,1002,lopunny-dudunsparce
8,412,tie,1315,raging-bolt-ogerpon,1067,lopunny-dudunsparce
8,413,tie,0866,ogerpon-meganium-arboliva,1297,raging-bolt-ogerpon
8,414,p1,0589,basic-box-m,1284,lopunny-dudunsparce
8,415,p2,1509,cynthia-garchomp-ex,2013,mega-lucario-ex
8,416,p2,1519,dragapult-ex,1258,dragapult-dudunsparce
8,417,p2,1502,rockets-honchkrow,0176,raging-bolt-ogerpon
8,418,p2,0638,ogerpon-meganium-arboliva,1542,mega-lucario-ex
8,419,p2,0626,dragapult-ex,1445,greninja-ex
8,420,tie,0122,raging-bolt-ogerpon,0721,dragapult-dusknoir
8,421,tie,1402,dragapult-dusknoir,0472,rocket-mewtwo-ex
8,422,tie,1132,dragapult-blaziken,1204,festival-lead
8,423,tie,0647,raging-bolt-ogerpon,1088,n-zoroark
8,424,tie,0497,dragapult-dudunsparce,1238,dragapult-dudunsparce
8,425,tie,2132,lucario-hariyama,1015,raging-bolt-ogerpon
8,426,tie,0034,dragapult-dudunsparce,0635,festival-lead
8,427,tie,0290,alakazam-dudunsparce,0974,greninja-ex
8,428,tie,1230,starmie-dusknoir,0457,lopunny-dudunsparce
8,429,p2,0972,starmie-froslass,0387,dragapult-dudunsparce
8,430,p2,0455,n-zoroark,1310,rocket-mewtwo-ex
8,431,p2,0128,raging-bolt-ogerpon,1869,crustle-dri
8,432,p1,1292,lopunny-dudunsparce,0831,basic-box-m
8,433,p1,0580,dragapult-dudunsparce,0918,ogerpon-meganium-arboliva
8,434,p1,0132,dragapult-ex,2011,festival-lead
8,435,p1,1162,dragapult-ex,1458,grimmsnarl-froslass
8,436,p1,2069,clefairy-ogerpon,0977,lopunny-dudunsparce
8,437,p2,0431,festival-lead,1791,crustle-dri
8,438,p2,0904,raging-bolt-ogerpon,1894,ogerpon-meganium-hydrapple
8,439,p2,0880,other,1689,ogerpon-meganium-hydrapple
8,440,p1,0665,kangaskhan-bouffalant,0495,festival-lead
8,441,tie,1376,dragapult-ex,0503,raging-bolt-ogerpon
8,442,p2,1093,okidogi-barbaracle,0714,dragapult-dudunsparce
8,443,p2,0526,festival-lead,0960,festival-lead
8,444,p2,0218,lucario-hariyama,1982,dragapult-ex
8,445,p1,1487,alakazam-dudunsparce,1556,grimmsnarl-froslass
8,446,p2,1058,rockets-honchkrow,1483,rocket-mewtwo-ex
8,447,p1,1112,rockets-honchkrow,1173,raging-bolt-ogerpon
8,448,p1,0578,dragapult-dudunsparce,1926,dragapult-dudunsparce
8,449,p2,0391,alakazam-dudunsparce,1368,dragapult-dusknoir
8,450,p1,0100,alakazam-dudunsparce,1527,dragapult-ex
8,451,p1,0888,slowking-scr,1080,hops-trevenant
8,452,p2,1686,cynthia-garchomp-ex,0693,festival-lead
8,453,p2,2023,dragapult-blaziken,0269,slowking-scr
8,454,p1,0173,ogerpon-meganium-arboliva,0462,starmie-froslass
8,455,p1,1010,festival-lead,0631,jellicent-dusknoir
8,456,p2,0749,lopunny-dudunsparce,1358,festival-lead
8,457,p1,1334,okidogi-barbaracle,0483,cynthia-garchomp-ex
8,458,p1,0296,lopunny-dudunsparce,1996,n-zoroark
8,459,p1,1597,dragapult-dudunsparce,0851,dragapult-ex
8,460,p1,1743,dragapult-blaziken,0334,dragapult-blaziken
8,461,p1,2100,dragapult-dusknoir,0235,dragapult-blaziken
8,462,p1,1005,clefairy-ogerpon,1461,dragapult-dusknoir
8,463,p1,0829,alakazam-dudunsparce,0194,dragapult-blaziken
8,464,p2,1861,alakazam-dudunsparce,1118,dragapult-blaziken
8,465,p2,0352,greninja-ex,1798,festival-lead
8,466,tie,1809,cynthia-garchomp-ex,0646,raging-bolt-ogerpon
8,467,p1,0895,raging-bolt-ogerpon,0183,dragapult-ex
8,468,p1,0019,lucario-hariyama,1352,grimmsnarl-froslass
8,469,p2,0694,dragapult-ex,0413,rockets-honchkrow
8,470,p1,1190,raging-bolt-ogerpon,0575,crustle-dri
8,471,tie,1404,n-zoroark,0093,lopunny-dudunsparce
8,472,p1,0284,rocket-mewtwo-ex,1986,dragapult-dudunsparce
8,473,p2,1877,n-zoroark,0386,n-zoroark
8,474,p1,0124,dragapult-dudunsparce,0923,rocket-mewtwo-ex
8,475,p2,1692,starmie-froslass,1947,dragapult-ex
8,476,p2,0946,dragapult-dudunsparce,2127,dragapult-ex
8,477,p2,0761,ogerpon-meganium-arboliva,0925,lopunny-dudunsparce
8,478,p1,0996,raging-bolt-ogerpon,1192,starmie-froslass
8,479,p1,1195,dragapult-dudunsparce,0814,alakazam-dudunsparce
8,480,p2,0564,dragapult-dusknoir,1795,raging-bolt-ogerpon
8,481,p1,0441,other,0338,dragapult-ex
8,482,p2,1830,azumarill-ssp,0669,lopunny-dudunsparce
8,483,p1,0574,slowking-scr,0572,grimmsnarl-froslass
8,484,p2,1344,lopunny-dudunsparce,0324,dragapult-blaziken
8,485,p1,0424,archaludon-dudunsparce,0185,ogerpon-meganium-hydrapple
8,486,p2,1642,rocket-mewtwo-ex,1630,hops-trevenant
8,487,p2,1691,alakazam-dudunsparce,0417,dragapult-dusknoir
8,488,p2,1695,dragapult-ex,1878,rocket-mewtwo-ex
8,489,p2,0004,mega-venusaur-ex,0508,okidogi-barbaracle
8,490,p2,1540,grimmsnarl-froslass,2080,dragapult-ex
8,491,p1,0394,basic-box-m,2116,grimmsnarl-froslass
8,492,p1,1482,kangaskhan-bouffalant,0502,dragapult-blaziken
8,493,p2,0997,ogerpon-meganium-hydrapple,0504,dragapult-ex
8,494,p1,1927,dragapult-dusknoir,1654,alakazam-dudunsparce
8,495,p1,0523,lopunny-dudunsparce,1354,dragapult-ex
8,496,p1,0349,ogerpon-meganium-arboliva,0357,greninja-froslass
8,497,tie,1536,dragapult-ex,0311,rockets-honchkrow
8,498,p1,1151,dragapult-dudunsparce,2046,slowking-scr
8,499,p1,0023,dragapult-dusknoir,1602,ogerpon-meganium-arboliva
8,500,p2,1451,dragapult-ex,0167,alakazam-dudunsparce
8,501,p2,0177,rocket-mewtwo-ex,1218,starmie-froslass
8,502,p2,0332,dragapult-dudunsparce,0341,raging-bolt-ogerpon
8,503,tie,1755,dragapult-dusknoir,2018,dragapult-dudunsparce
8,504,p2,1529,dragapult-dudunsparce,0492,dragapult-dusknoir
8,505,p1,1473,sharpedo-toxtricity,2053,n-zoroark
8,506,p1,1382,n-zoroark,0744,grimmsnarl-froslass
8,507,p1,1027,festival-lead,0560,dragapult-dudunsparce
8,508,p1,0007,dragapult-dusknoir,1666,dragapult-dudunsparce
8,509,p1,0662,dragapult-dudunsparce,2065,n-zoroark
8,510,p2,0644,raging-bolt-ogerpon,1750,dragapult-blaziken
8,511,p2,0551,dragapult-dudunsparce,1863,dragapult-dudunsparce
8,512,p2,1810,rocket-mewtwo-ex,0261,ogerpon-meganium-arboliva
8,513,p2,1946,ogerpon-meganium-hydrapple,0935,dragapult-dusknoir
8,514,p1,1886,ogerpon-meganium-hydrapple,1236,clefairy-ogerpon
8,515,p2,0799,dragapult-ex,0561,rocket-mewtwo-ex
8,516,p1,1969,alakazam-dudunsparce,0327,crustle-dri
8,517,p1,1709,dragapult-ex,1321,clefairy-ogerpon
8,518,p2,0861,dragapult-ex,1110,rocket-mewtwo-ex
8,519,p2,0489,dragapult-ex,0576,dragapult-blaziken
8,520,tie,0545,dragapult-ex,0896,dragapult-dudunsparce
8,521,p1,0707,mega-lucario-ex,1070,alakazam-dudunsparce
8,522,p2,1449,lopunny-dudunsparce,0971,dragapult-ex
8,523,p1,1788,dragapult-ex,0853,flareon-noctowl
8,524,p2,1813,rocket-mewtwo-ex,1349,dragapult-dusknoir
8,525,p1,0860,okidogi-barbaracle,0072,dragapult-dudunsparce
8,526,p1,0746,raging-bolt-ogerpon,1139,cynthia-garchomp-ex
8,527,p1,1751,dragapult-ex,1076,festival-lead
8,528,p2,1040,cynthia-garchomp-ex,0852,ogerpon-meganium-arboliva
8,529,p2,0373,cynthia-garchomp-ex,0070,starmie-froslass
8,530,p1,0298,dragapult-ex,1615,cynthia-garchomp-ex
8,531,p2,0568,raging-bolt-ogerpon,0087,dragapult-blaziken
8,532,p2,0474,cynthia-garchomp-ex,0942,crustle-dri
8,533,p2,0955,lucario-hariyama,0263,alakazam-dudunsparce
8,534,p2,1673,dragapult-blaziken,2099,dragapult-blaziken
8,535,tie,1571,toxtricity-box,1423,basic-box-m
8,536,p2,1092,festival-lead,2003,rocket-mewtwo-ex
8,537,p2,1266,basic-box-m,1561,rocket-mewtwo-ex
8,538,p1,0193,n-zoroark,0247,dragapult-blaziken
8,539,p1,1489,crustle-dri,0538,dragapult-ex
8,540,p1,1497,dragapult-ex,0123,alakazam-dudunsparce
8,541,p1,1589,dragapult-ex,1241,basic-box-m
8,542,p2,0002,lopunny-dudunsparce,1958,rockets-honchkrow
8,543,p2,1340,sharpedo-toxtricity,1424,lopunny-dudunsparce
8,544,p1,0957,festival-lead,0216,cynthia-garchomp-ex
8,545,p2,0125,slowking-scr,1806,raging-bolt-ogerpon
8,546,p1,1280,lopunny-dudunsparce,0533,hops-trevenant
8,547,p2,1012,starmie-froslass,0314,dragapult-dusknoir
8,548,p2,2142,n-zoroark,0080,dragapult-blaziken
8,549,p2,1245,alakazam-dudunsparce,1312,rocket-mewtwo-ex
8,550,p1,0310,n-zoroark,1385,starmie-froslass
8,551,p2,1184,ogerpon-meganium-arboliva,1528,dragapult-dudunsparce
8,552,p1,0126,lopunny-dudunsparce,1471,starmie-froslass
8,553,p2,0821,mega-lucario-ex,1169,starmie-froslass
8,554,p1,1273,basic-box-m,0071,n-zoroark
8,555,p2,0795,stevens-metagross,1623,raging-bolt-ogerpon
8,556,p2,0876,rocket-mewtwo-ex,0328,mega-venusaur-ex
8,557,p2,0189,dragapult-ex,1097,lopunny-dudunsparce
8,558,p2,0605,rockets-honchkrow,0788,ogerpon-meganium-arboliva
8,559,p1,0459,festival-lead,1931,alakazam-dudunsparce
8,560,p1,2134,raging-bolt-ogerpon,2038,starmie-froslass
8,561,p1,0639,dragapult-ex,1448,starmie-froslass
8,562,p2,1549,dragapult-ex,0553,rocket-mewtwo-ex
8,563,p2,1109,flareon-noctowl,1592,starmie-froslass
8,564,p2,1539,slowking-scr,1048,raging-bolt-ogerpon
8,565,p1,1211,dragapult-blaziken,0312,alakazam-dudunsparce
8,566,p1,1763,diancie-dusknoir,0790,dragapult-ex
8,567,p2,0245,grimmsnarl-froslass,1504,basic-box-m
8,568,p1,1057,clefairy-ogerpon,1209,dragapult-blaziken
8,569,p2,1598,grimmsnarl-froslass,1470,lopunny-dudunsparce
8,570,p1,1052,festival-lead,1095,n-zoroark
8,571,p1,1766,lopunny-dudunsparce,1077,lopunny-dudunsparce
8,572,p2,0562,dragapult-ex,1729,rocket-mewtwo-ex
8,573,p1,1552,starmie-froslass,1205,dragapult-ex
8,574,p2,2096,archaludon-dudunsparce,0705,lucario-hariyama
8,575,p1,0380,greninja-ex,0021,ogerpon-meganium
8,576,tie,1990,dragapult-blaziken,0205,cynthia-garchomp-ex
8,577,p1,1518,lopunny-dudunsparce,1393,dragapult-blaziken
8,578,p1,2036,raging-bolt-ogerpon,0756,starmie-froslass
8,579,p2,0215,n-zoroark,0433,mega-lucario-ex
8,580,p1,0565,rockets-honchkrow,1612,rocket-mewtwo-ex
8,581,p2,0738,cynthia-garchomp-ex,1223,ogerpon-meganium-arboliva
8,582,p1,1372,starmie-froslass,1007,clefairy-ogerpon
8,583,p1,1150,starmie-dusknoir,0581,n-zoroark
8,584,p2,0401,lopunny-dudunsparce,1367,raging-bolt-ogerpon
8,585,p1,0473,stevens-metagross,0136,ogerpon-meganium-hydrapple
8,586,p2,0653,lopunny-dudunsparce,0172,other
8,587,tie,1596,festival-lead,0868,raging-bolt-ogerpon
8,588,p2,0528,rocket-spidops,0793,raging-bolt-ogerpon
8,589,tie,0423,dragapult-blaziken,2149,alakazam-dudunsparce
8,590,p2,0148,dragapult-dudunsparce,0887,ogerpon-meganium-arboliva
8,591,p1,1089,ogerpon-meganium-arboliva,1647,raging-bolt-ogerpon
8,592,p2,1277,dragapult-ex,0369,mega-absol-box
8,593,p2,1803,tera-box,0840,raging-bolt-ogerpon
8,594,p1,0103,festival-lead,1730,n-zoroark
8,595,p2,0467,festival-lead,0602,raging-bolt-ogerpon
8,596,p2,1148,festival-lead,1031,dragapult-dusknoir
8,597,p2,0326,cynthia-garchomp-ex,1224,dragapult-dusknoir
8,598,tie,1688,ogerpon-meganium-arboliva,1299,n-zoroark
8,599,p1,0428,dragapult-dusknoir,0682,ogerpon-meganium-hydrapple
8,600,p2,1043,rocket-mewtwo-ex,0268,flareon-noctowl
8,601,p2,1327,lopunny-dudunsparce,1165,festival-lead
8,602,p2,0897,starmie-froslass,2072,mega-absol-box
8,603,p1,1023,dragapult-dudunsparce,1484,lopunny-dudunsparce
8,604,p2,0514,rockets-honchkrow,1438,festival-lead
8,605,p1,0885,dragapult-dudunsparce,0028,festival-lead
8,606,p1,0379,ogerpon-meganium-arboliva,1063,lopunny-dudunsparce
8,607,p2,0211,raging-bolt-ogerpon,1259,dragapult-dusknoir
8,608,p2,0858,hops-trevenant,1308,alakazam-dudunsparce
8,609,p1,1883,dragapult-ex,1531,raging-bolt-ogerpon
8,610,p2,1744,kangaskhan-bouffalant,1225,cynthia-garchomp-ex
8,611,p1,0221,dragapult-blaziken,1668,greninja-ex
8,612,p1,1568,dragapult-dudunsparce,1359,rockets-honchkrow
8,613,p2,1400,starmie-dusknoir,1641,n-zoroark
8,614,p2,1767,festival-lead,0265,dragapult-dusknoir
8,615,p2,0722,starmie-froslass,0939,festival-lead
8,616,p2,1890,raging-bolt-ogerpon,2052,dragapult-ex
8,617,p1,1234,ogerpon-meganium-hydrapple,0517,cynthia-garchomp-ex
8,618,p2,1994,dragapult-blaziken,1976,rockets-honchkrow
8,619,p2,0170,dragapult-dudunsparce,1090,rocket-mewtwo-ex
8,620,p1,0826,ogerpon-meganium-arboliva,0318,starmie-dusknoir
8,621,tie,0595,n-zoroark,1851,okidogi-barbaracle
8,622,p1,1434,basic-box-m,1537,festival-lead
8,623,p2,1978,raging-bolt-ogerpon,0779,dragapult-ex
8,624,p1,0991,festival-lead,0713,dragapult-ex
8,625,p1,0451,ogerpon-meganium-arboliva,2146,ogerpon-meganium-hydrapple
8,626,p1,1601,dragapult-dusknoir,0791,n-zoroark
8,627,p2,1506,ogerpon-meganium-arboliva,2087,ogerpon-meganium-hydrapple
8,628,tie,2088,dragapult-blaziken,0687,dragapult-dudunsparce
8,629,p1,1835,dragapult-ex,0979,raging-bolt-ogerpon
8,630,p2,2105,dragapult-blaziken,1493,ogerpon-meganium-arboliva
8,631,p1,1827,ogerpon-meganium-hydrapple,0537,slowking-scr
8,632,p1,0680,alakazam-dudunsparce,0515,slowking-scr
8,633,p2,0607,other,2092,mega-lucario-ex
8,634,tie,0535,dragapult-dusknoir,0092,starmie-dusknoir
8,635,p1,0658,festival-lead,0718,lopunny-dudunsparce
8,636,tie,0711,lopunny-dudunsparce,2128,n-zoroark
8,637,p1,1749,raging-bolt-ogerpon,1811,rocket-mewtwo-ex
8,638,p1,0768,dragapult-ex,1971,dragapult-dudunsparce
8,639,p1,0619,lopunny-dudunsparce,0726,stevens-metagross
8,640,p1,2002,other,0529,dragapult-dusknoir
8,641,p2,1555,rocket-mewtwo-ex,0152,dragapult-blaziken
8,642,p1,0837,raging-bolt-ogerpon,0389,raging-bolt-ogerpon
8,643,p2,0096,lopunny-dudunsparce,2110,lopunny-dudunsparce
8,644,p1,0571,dragapult-dudunsparce,1879,alakazam-dudunsparce
8,645,p1,0766,starmie-dusknoir,2150,ogerpon-meganium-arboliva
8,646,p1,0850,dragapult-ex,0350,dragapult-dusknoir
8,647,p2,0458,ogerpon-meganium-arboliva,0659,raging-bolt-ogerpon
8,648,p1,0893,dragapult-dusknoir,2057,festival-lead
8,649,p1,1909,dragapult-ex,0309,rockets-honchkrow
8,650,p2,1725,raging-bolt-ogerpon,0260,raging-bolt-ogerpon
8,651,p2,1029,rocket-mewtwo-ex,1999,lopunny-dudunsparce
8,652,p1,1017,rockets-honchkrow,0614,n-zoroark
8,653,p1,1600,rockets-honchkrow,2113,basic-box-m
8,654,p2,1951,dragapult-blaziken,0411,dragapult-dusknoir
8,655,p2,2114,n-zoroark,0463,ogerpon-meganium-arboliva
8,656,p1,2039,dragapult-dudunsparce,1910,rockets-honchkrow
8,657,p2,2104,lucario-hariyama,1740,dragapult-ex
8,658,p2,1442,n-zoroark,1508,rockets-honchkrow
8,659,p2,1700,n-zoroark,0083,dragapult-dudunsparce
8,660,p1,1199,rockets-honchkrow,1379,palafin-ex
8,661,p1,0874,dragapult-ex,0519,hops-trevenant
8,662,tie,0879,alakazam-dudunsparce,1243,lopunny-dudunsparce
8,663,p1,0573,dragapult-dusknoir,1034,flareon-noctowl
8,664,p2,1395,alakazam-dudunsparce,2022,rocket-mewtwo-ex
8,665,p2,0248,rockets-honchkrow,1547,cynthia-garchomp-ex
8,666,p1,1658,dragapult-dusknoir,1074,festival-lead
8,667,p2,0586,clefairy-ogerpon,1652,dragapult-blaziken
8,668,tie,1062,ogerpon-meganium-arboliva,0304,dragapult-dudunsparce
8,669,p1,1155,ogerpon-meganium,1873,lucario-hariyama
8,670,p1,1968,dragapult-ex,0697,grimmsnarl-froslass
8,671,p2,0794,lopunny-dudunsparce,1622,n-zoroark
8,672,tie,1782,lopunny-dudunsparce,0259,lopunny-dudunsparce
8,673,p2,0709,stevens-metagross,1679,dragapult-dudunsparce
8,674,p1,0803,dragapult-blaziken,1682,alakazam-dudunsparce
8,675,p2,2118,mega-lucario-ex,1718,mega-lucario-ex
8,676,p2,1731,alakazam-dudunsparce,0079,lucario-hariyama
8,677,p1,1520,crustle-dri,0570,n-zoroark
8,678,p2,1008,dragapult-dusknoir,1447,dragapult-dudunsparce
8,679,p1,1115,dragapult-dusknoir,0968,lucario-hariyama
8,680,p2,0203,alakazam-dudunsparce,1566,starmie-froslass
8,681,p1,1472,dragapult-ex,0157,rocket-mewtwo-ex
8,682,p1,1930,dragapult-ex,0106,dragapult-dusknoir
8,683,p2,1590,ogerpon-meganium-arboliva,1640,diancie-dusknoir
8,684,p1,0085,dragapult-blaziken,0724,starmie-froslass
8,685,p2,1802,starmie-froslass,0094,lopunny-dudunsparce
8,686,p2,1197,basic-box-m,1215,rocket-mewtwo-ex
8,687,p2,1562,rockets-honchkrow,0842,n-zoroark
8,688,p1,0409,lopunny-dudunsparce,0723,alakazam-dudunsparce
8,689,p1,1912,dragapult-dudunsparce,1557,greninja-ex
8,690,p2,1758,alakazam-dudunsparce,2041,dragapult-dusknoir
8,691,p1,1887,dragapult-blaziken,1973,alakazam-dudunsparce
8,692,p2,1478,cynthia-garchomp-ex,1208,stevens-metagross
8,693,p1,0246,alakazam-dudunsparce,0856,mega-starmie-ex
8,694,tie,0823,lopunny-dudunsparce,0830,dragapult-dusknoir
8,695,p1,0623,raging-bolt-ogerpon,0450,lopunny-dudunsparce
8,696,p2,0820,cynthia-garchomp-ex,0302,dragapult-dusknoir
8,697,tie,0196,rocket-mewtwo-ex,1737,cynthia-garchomp-ex
8,698,p1,1268,raging-bolt-ogerpon,1463,dragapult-dusknoir
8,699,tie,0217,okidogi-barbaracle,0618,raging-bolt-ogerpon
8,700,p2,1260,cynthia-garchomp-ex,0950,dragapult-dusknoir
8,701,p1,0787,rocket-mewtwo-ex,1523,greninja-ex
8,702,p1,0994,ogerpon-meganium-hydrapple,1332,lucario-hariyama
8,703,tie,1661,lopunny-dudunsparce,1814,starmie-froslass
8,704,tie,0073,ogerpon-meganium-arboliva,0419,lucario-hariyama
8,705,p1,1621,dragapult-dusknoir,0288,starmie-froslass
8,706,p1,1991,dragapult-dusknoir,2077,flareon-noctowl
8,707,p2,0354,mega-froslass-ex,2130,lopunny-dudunsparce
8,708,p2,0372,lopunny-dudunsparce,0976,lopunny-dudunsparce
8,709,p1,0478,dragapult-dudunsparce,1381,starmie-froslass
8,710,p2,1038,lucario-hariyama,2135,starmie-froslass
8,711,p1,0776,alakazam-dudunsparce,1610,dragapult-blaziken
8,712,p1,0544,lopunny-dudunsparce,1711,dragapult-ex
8,713,p1,0593,raging-bolt-ogerpon,1488,dragapult-dusknoir
8,714,p1,0569,diancie-dusknoir,1680,alakazam-dudunsparce
8,715,tie,1701,dragapult-dudunsparce,0479,starmie-froslass
8,716,tie,1049,alakazam-dudunsparce,2093,okidogi-barbaracle
8,717,p1,1579,dragapult-dudunsparce,1460,raging-bolt-ogerpon
8,718,p1,1319,lopunny-dudunsparce,1416,rocket-mewtwo-ex
8,719,p1,0009,lucario-hariyama,1799,cynthia-garchomp-ex
8,720,p1,1922,alakazam-dudunsparce,1626,rocket-mewtwo-ex
8,721,p1,1375,lopunny-dudunsparce,0757,mega-froslass-ex
8,722,p1,1257,raging-bolt-ogerpon,0641,cynthia-garchomp-ex
8,723,p1,1212,alakazam-dudunsparce,0313,basic-box-m
8,724,p1,0150,dragapult-dusknoir,1952,raging-bolt-ogerpon
8,725,p1,1351,festival-lead,1860,ursaluna-lunatone
8,726,p2,0037,rocket-mewtwo-ex,0973,ethan-typhlosion
8,727,p1,2091,ogerpon-meganium-arboliva,1490,mega-venusaur-ex
8,728,p2,2098,starmie-froslass,0281,raging-bolt-ogerpon
8,729,p1,0355,festival-lead,2138,dragapult-ex
8,730,p2,1834,dragapult-ex,0532,okidogi-barbaracle
8,731,p1,0228,rocket-mewtwo-ex,0691,lucario-hariyama
8,732,p2,1503,rockets-honchkrow,1776,toxtricity-pfl
8,733,p1,0815,n-zoroark,1748,dragapult-dudunsparce
8,734,p2,1949,cynthia-garchomp-ex,1957,grimmsnarl-froslass
8,735,tie,1220,dragapult-ex,0237,lucario-hariyama
8,736,p1,1494,n-zoroark,1141,archaludon-ex
8,737,p2,1670,lucario-hariyama,0951,rockets-honchkrow
8,738,p1,0613,dragapult-dudunsparce,0236,raging-bolt-ogerpon
8,739,p2,1459,rocket-mewtwo-ex,1336,dragapult-dusknoir
8,740,p2,1408,lucario-hariyama,0859,dragapult-ex
8,741,tie,1121,flareon-noctowl,0584,dragapult-ex
8,742,p1,2081,cynthia-garchomp-ex,0208,lopunny-dudunsparce
8,743,p1,0151,raging-bolt-ogerpon,1239,rocket-mewtwo-ex
8,744,tie,1135,n-zoroark,1665,crustle-dri
8,745,p1,0982,okidogi-barbaracle,0168,slowking-scr
8,746,p1,1114,dragapult-dudunsparce,0889,dragapult-blaziken
8,747,p2,1355,ogerpon-meganium-hydrapple,2066,dragapult-blaziken
8,748,p1,2060,okidogi-barbaracle,1219,other
8,749,p2,0929,raging-bolt-ogerpon,0174,dragapult-dudunsparce
8,750,p2,0901,rocket-spidops,0877,raging-bolt-ogerpon
8,751,p2,0698,rocket-mewtwo-ex,0438,n-zoroark
8,752,p1,1014,ogerpon-meganium-arboliva,1001,alakazam-dudunsparce
8,753,p2,0813,starmie-froslass,1000,ceruledge-ex
8,754,tie,1896,dragapult-ex,1188,rocket-mewtwo-ex
8,755,p1,0956,lucario-hariyama,1572,lopunny-dudunsparce
8,756,p2,1328,crustle-dri,1386,ogerpon-meganium-hydrapple
8,757,p1,0181,starmie-froslass,1407,starmie-froslass
8,758,p1,1275,lopunny-dudunsparce,0811,starmie-froslass
8,759,p2,1524,dragapult-ex,0769,clefairy-ogerpon
8,760,p2,0465,dragapult-blaziken,2049,dragapult-dudunsparce
8,761,p1,1595,cynthia-garchomp-ex,0596,dragapult-ex
8,762,p2,1989,ogerpon-meganium-arboliva,1937,mega-froslass-ex
8,763,tie,0405,dragapult-blaziken,2122,ethan-typhlosion
8,764,p2,1651,dragapult-dudunsparce,1548,okidogi-barbaracle
8,765,p2,1242,dragapult-dudunsparce,1852,alakazam-dudunsparce
8,766,p2,0934,dragapult-ex,0731,dragapult-dusknoir
8,767,p2,1081,raging-bolt-ogerpon,1789,tera-box
8,768,p1,1856,mega-camerupt-ex,0622,rocket-mewtwo-ex
8,769,p2,0548,clefairy-ogerpon,0266,cynthia-garchomp-ex
8,770,p2,0137,dragapult-dusknoir,1847,lopunny-dudunsparce
8,771,p2,0412,doublade-por,0663,raging-bolt-ogerpon
8,772,tie,0395,lucario-hariyama,0640,dragapult-ex
8,773,p2,0430,starmie-dusknoir,1149,dragapult-dudunsparce
8,774,p2,1251,starmie-froslass,1613,dragapult-dusknoir
8,775,p2,1792,cynthia-garchomp-ex,0917,rocket-mewtwo-ex
8,776,p1,1818,rockets-honchkrow,1175,lopunny-dudunsparce
8,777,p1,1111,starmie-froslass,0798,lucario-hariyama
8,778,p1,1166,n-zoroark,1732,dragapult-dudunsparce
8,779,p2,1586,dragapult-blaziken,0500,raging-bolt-ogerpon
8,780,p1,1369,rocket-mewtwo-ex,0404,n-zoroark
8,781,p1,0422,dragapult-ex,0926,dragapult-dusknoir
8,782,p2,0771,other,1997,cynthia-garchomp-ex
8,783,tie,0747,raging-bolt-ogerpon,0827,dragapult-dudunsparce
8,784,p1,0406,archaludon-dudunsparce,1770,n-zoroark
8,785,p1,0764,dragapult-dudunsparce,1846,dragapult-blaziken
8,786,p1,0531,n-zoroark,1881,cynthia-garchomp-ex
8,787,p1,0414,ogerpon-meganium-arboliva,0988,rocket-mewtwo-ex
8,788,p2,1707,lopunny-dudunsparce,1133,ogerpon-meganium-arboliva
8,789,p2,0912,dragapult-dusknoir,0358,tera-box
8,790,tie,0916,dragapult-dusknoir,0491,raging-bolt-ogerpon
8,791,p1,0416,alakazam-dudunsparce,0645,raging-bolt-ogerpon
8,792,p2,1857,dragapult-dusknoir,0554,slowking-scr
8,793,p1,0943,greninja-ex,1413,dragapult-ex
8,794,p2,0739,n-zoroark,1844,dragapult-dudunsparce
8,795,p1,1105,ogerpon-meganium-hydrapple,1560,lopunny-dudunsparce
8,796,p1,0255,ursaluna-lunatone,1022,ursaluna-lunatone
8,797,p2,0049,dragapult-dusknoir,0838,rocket-mewtwo-ex
8,798,p1,1902,rockets-honchkrow,0075,dragapult-ex
8,799,p1,1039,cynthia-garchomp-ex,1787,dragapult-dusknoir
8,800,tie,1107,cynthia-garchomp-ex,0800,stevens-metagross
8,801,p1,1821,cynthia-garchomp-ex,1928,lopunny-dudunsparce
8,802,p2,0522,ogerpon-meganium-hydrapple,0730,dragapult-dusknoir
8,803,p1,1304,dragapult-dudunsparce,0164,raging-bolt-ogerpon
8,804,p1,0836,raging-bolt-ogerpon,1337,starmie-froslass
8,805,p2,0962,dragapult-ex,1466,dragapult-ex
8,806,p1,1397,festival-lead,0849,n-zoroark
8,807,p1,2115,clefairy-ogerpon,2016,dragapult-dusknoir
8,808,tie,0362,starmie-dusknoir,1855,lucario-hariyama
8,809,p2,0112,mega-abomasnow-ex,0862,alakazam-dudunsparce
8,810,p2,1790,rockets-honchkrow,0435,hops-trevenant
8,811,p2,1921,rocket-mewtwo-ex,1677,starmie-dusknoir
8,812,p2,1576,starmie-dusknoir,1805,raging-bolt-ogerpon
8,813,p2,0998,alakazam-dudunsparce,0400,lucario-hariyama
8,814,p2,0588,dragapult-dusknoir,1285,slowking-scr
8,815,p1,1636,dragapult-dusknoir,1906,mega-lucario-ex
8,816,p2,1872,dragapult-dusknoir,1558,clefairy-ogerpon
8,817,p1,1125,n-zoroark,2108,lopunny-dudunsparce
8,818,p2,0294,yanmega-ex,1020,dragapult-dudunsparce
8,819,tie,0566,dragapult-blaziken,1864,n-zoroark
8,820,p1,1271,dragapult-dusknoir,0772,alakazam-dudunsparce
8,821,tie,1217,cynthia-garchomp-ex,1983,dragapult-dudunsparce
8,822,p1,0342,starmie-froslass,0088,rocket-mewtwo-ex
8,823,p2,2001,dragapult-ex,1848,raging-bolt-ogerpon
8,824,p1,0279,ogerpon-meganium-hydrapple,1486,cynthia-garchomp-ex
8,825,p1,1163,n-zoroark,1137,rocket-mewtwo-ex
8,826,p2,0652,ogerpon-meganium,1227,grimmsnarl-froslass
8,827,p1,0559,cynthia-garchomp-ex,1605,starmie-dusknoir
8,828,p2,2004,raging-bolt-ogerpon,0542,rockets-honchkrow
8,829,tie,1289,ogerpon-meganium-hydrapple,0890,dragapult-ex
8,830,p1,1191,lopunny-dusknoir,0505,basic-box-m
8,831,p2,0293,raging-bolt-ogerpon,0498,alakazam-dudunsparce
8,832,p1,0834,lopunny-dudunsparce,1498,lopunny-dudunsparce
8,833,p1,1046,lopunny-dudunsparce,0135,manectric-eelektrik
8,834,tie,0129,raging-bolt-ogerpon,0289,festival-lead
8,835,p1,1785,greninja-ex,1231,rocket-spidops
8,836,p1,2103,mega-lucario-ex,1920,cynthia-garchomp-ex
8,837,p1,1800,cynthia-garchomp-ex,0518,archaludon-dudunsparce
8,838,p2,1465,flareon-noctowl,2047,lopunny-dudunsparce
8,839,p2,0384,cynthia-garchomp-ex,0610,raging-bolt-ogerpon
8,840,p2,1987,n-zoroark,1496,raging-bolt-ogerpon
8,841,p2,0282,dragapult-ex,2034,hydreigon-ex
8,842,p2,0471,crustle-dri,0933,lucario-hariyama
8,843,p1,1399,grimmsnarl-froslass,0729,lucario-hariyama
8,844,p2,0657,rocket-mewtwo-ex,0060,mega-lucario-ex
8,845,p2,0919,hops-trevenant,0415,rocket-mewtwo-ex
8,846,tie,1694,cynthia-garchomp-ex,1428,cynthia-garchomp-ex
8,847,p1,0330,slowking-scr,0913,lucario-hariyama
8,848,p1,1716,cynthia-garchomp-ex,1841,dragapult-dusknoir
8,849,p1,1371,raging-bolt-ogerpon,0195,n-zoroark
8,850,p1,1102,starmie-dusknoir,0952,hops-trevenant
8,851,p1,1437,cynthia-garchomp-ex,1900,mega-absol-box
8,852,p2,2094,greninja-ex,1948,starmie-froslass
8,853,p1,0899,n-zoroark,1895,archaludon-ex
8,854,tie,2112,dragapult-blaziken,0521,lopunny-dudunsparce
8,855,p2,1918,manectric-eelektrik,1322,n-zoroark
8,856,p1,1145,n-zoroark,1156,dragapult-ex
8,857,p1,1172,raging-bolt-ogerpon,1578,starmie-froslass
8,858,p1,1068,ogerpon-meganium-hydrapple,0180,ogerpon-meganium-arboliva
8,859,p1,0383,festival-lead,1452,tera-box
8,860,tie,1593,festival-lead,1164,rockets-honchkrow
8,861,p2,1882,dragapult-blaziken,1207,dragapult-dudunsparce
8,862,p2,1018,dragapult-blaziken,0241,rocket-mewtwo-ex
8,863,p1,0227,dragapult-ex,0192,dragapult-blaziken
8,864,tie,1980,n-zoroark,2056,lopunny-dudunsparce
8,865,p2,1301,alakazam-dudunsparce,0577,n-zoroark
8,866,tie,0368,dragapult-ex,1567,dragapult-ex
8,867,p1,1037,lucario-hariyama,0848,dragapult-dudunsparce
8,868,p1,2136,dragapult-dusknoir,0481,grimmsnarl-froslass
8,869,p2,1134,flareon-noctowl,0683,rockets-honchkrow
8,870,p2,0700,other,0846,rockets-honchkrow
8,871,p1,0244,hops-trevenant,1704,ogerpon-meganium-arboliva
8,872,p2,1342,rocket-mewtwo-ex,1187,raging-bolt-ogerpon
8,873,p2,0937,rockets-honchkrow,1645,raging-bolt-ogerpon
8,874,p2,1261,n-zoroark,1764,festival-lead
8,875,p1,0785,cynthia-garchomp-ex,0966,n-zoroark
8,876,p2,1953,yanmega-ex,1674,dragapult-dudunsparce
8,877,p1,1681,dragapult-ex,0985,rocket-mewtwo-ex
8,878,p1,1167,starmie-froslass,1389,alakazam-dudunsparce
8,879,p1,1815,rocket-mewtwo-ex,1439,dragapult-ex
8,880,p2,1152,lucario-hariyama,0978,dragapult-ex
8,881,p1,1142,yanmega-ex,0763,cynthia-garchomp-ex
8,882,p2,0999,rocket-mewtwo-ex,2020,rockets-honchkrow
8,883,tie,0133,dragapult-blaziken,0873,dragapult-ex
8,884,p1,1977,dragapult-dudunsparce,1627,raging-bolt-ogerpon
8,885,p2,0598,mega-absol-box,0740,sharpedo-toxtricity
8,886,p2,1762,lucario-hariyama,0689,slowking-scr
8,887,p2,1974,ogerpon-meganium-hydrapple,1425,mega-charizard-x-ex
8,888,p2,1779,rockets-honchkrow,1185,cynthia-garchomp-ex
8,889,tie,1401,festival-lead,0908,dragapult-ex
8,890,p1,0044,slowking-scr,0961,archaludon-dudunsparce
8,891,p2,0609,okidogi-barbaracle,0674,cynthia-garchomp-ex
8,892,p2,0399,dragapult-dusknoir,0295,dragapult-ex
8,893,p2,1653,dragapult-blaziken,1129,starmie-froslass
8,894,tie,0967,dragapult-blaziken,0410,hops-trevenant
8,895,p1,0225,starmie-froslass,2123,festival-lead
8,896,p1,0599,n-zoroark,0841,lopunny-dudunsparce
8,897,p1,0297,dragapult-ex,0442,lopunny-dudunsparce
8,898,p1,0512,ogerpon-meganium-hydrapple,0320,n-zoroark
8,899,tie,1712,decidueye-ex,1255,dragapult-ex
8,900,tie,1979,lopunny-dudunsparce,1130,rockets-honchkrow
8,901,p2,0325,raging-bolt-ogerpon,1216,lopunny-dudunsparce
8,902,p2,1194,dragapult-dusknoir,0197,crustle-dri
8,903,p2,1415,mega-venusaur-ex,1804,lopunny-dudunsparce
8,904,p1,1505,mega-lucario-ex,1200,starmie-froslass
8,905,p1,1170,raging-bolt-ogerpon,0468,n-zoroark
8,906,p2,1632,dragapult-dusknoir,0732,kangaskhan-bouffalant
8,907,p2,0461,cynthia-garchomp-ex,1123,okidogi-barbaracle
8,908,p1,0219,clefairy-ogerpon,1923,dragapult-dusknoir
8,909,p1,0249,alakazam-dudunsparce,1611,archaludon-dudunsparce
8,910,tie,1113,grimmsnarl-froslass,0780,cynthia-garchomp-ex
8,911,tie,1620,dragapult-dusknoir,0487,n-zoroark
8,912,p2,2139,dragapult-ex,0179,rocket-mewtwo-ex
8,913,p2,1071,n-zoroark,1103,stevens-metagross
8,914,p1,0822,mega-venusaur-ex,2070,crustle-dri
8,915,p1,2037,mega-lucario-ex,1577,mega-lucario-ex
8,916,tie,0668,rockets-honchkrow,0539,mega-dragonite-ex
8,917,p2,1320,cynthia-garchomp-ex,1041,starmie-dusknoir
8,918,p1,1808,other,0499,lucario-hariyama
8,919,p2,1708,dragapult-blaziken,1733,archaludon-dudunsparce
8,920,p1,1538,cynthia-garchomp-ex,1583,archaludon-dudunsparce
8,921,tie,1511,mega-lucario-ex,1210,lopunny-dudunsparce
8,922,p2,0927,greninja-ex,1011,basic-box-m
8,923,p1,0436,lopunny-dudunsparce,0113,lucario-hariyama
8,924,p1,1469,rocket-mewtwo-ex,1293,cynthia-garchomp-ex
8,925,p2,0590,dragapult-dusknoir,1663,eelektrik-blk
8,926,p2,2019,mega-lucario-ex,0745,festival-lead
8,927,tie,1617,rocket-mewtwo-ex,1475,alakazam-dudunsparce
8,928,tie,1853,crustle-dri,0720,rocket-mewtwo-ex
8,929,p2,1575,raging-bolt-ogerpon,1406,okidogi-barbaracle
8,930,p2,1916,alakazam-dudunsparce,1295,dragapult-blaziken
8,931,p2,1727,dragapult-ex,0604,starmie-dusknoir
8,932,p1,0806,ogerpon-meganium-arboliva,0735,cynthia-garchomp-ex
8,933,p1,1919,cynthia-garchomp-ex,1441,dragapult-blaziken
8,934,p2,1309,basic-box-m,0797,milotic-ex
8,935,p2,1361,starmie-dusknoir,0264,dragapult-ex
8,936,p1,1678,flareon-noctowl,1176,lucario-hariyama
8,937,p1,0476,festival-lead,1108,dragapult-dudunsparce
8,938,p1,0855,mega-venusaur-ex,0392,ceruledge-ex
8,939,p1,1714,cynthia-garchomp-ex,1171,ogerpon-meganium-hydrapple
8,940,p1,0482,raging-bolt-ogerpon,0511,n-zoroark
8,941,p1,1683,lucario-hariyama,0351,rocket-mewtwo-ex
8,942,p2,1961,dragapult-dusknoir,0628,dragapult-blaziken
8,943,p2,0741,n-zoroark,2129,rocket-mewtwo-ex
8,944,p2,0594,dragapult-dusknoir,0035,dragapult-dudunsparce
8,945,p2,1051,okidogi-barbaracle,0233,rockets-honchkrow
8,946,p1,0315,dragapult-dusknoir,0648,dragapult-dudunsparce
8,947,p1,0742,ethan-typhlosion,1119,raging-bolt-ogerpon
8,948,p2,1421,lopunny-dudunsparce,2062,lopunny-dudunsparce
8,949,p2,0964,other,2102,starmie-froslass
8,950,p1,0299,rocket-mewtwo-ex,0214,dudunsparce-control
8,951,p1,1443,lopunny-dudunsparce,0681,raging-bolt-ogerpon
8,952,p1,1168,lucario-hariyama,0251,cynthia-garchomp-ex
8,953,p2,0637,dragapult-ex,1288,crustle-dri
8,954,p1,0110,clefairy-ogerpon,0367,mega-absol-box
8,955,p1,0654,rockets-honchkrow,0307,starmie-froslass
8,956,p2,0875,crustle-dri,1581,festival-lead
8,957,p1,0377,festival-lead,0240,cynthia-garchomp-ex
8,958,p1,1313,lopunny-dudunsparce,0258,rocket-mewtwo-ex
8,959,p1,0540,rockets-honchkrow,1747,toxtricity-box
8,960,p2,1854,grimmsnarl-froslass,0915,lopunny-dudunsparce
8,961,p1,0608,dragapult-blaziken,1687,cynthia-garchomp-ex
8,962,p1,0947,other,0872,lopunny-dusknoir
8,963,p2,1828,cynthia-garchomp-ex,0121,jellicent-dusknoir
8,964,p2,0426,starmie-dusknoir,2068,mega-venusaur-ex
8,965,p1,0480,archaludon-ex,1659,rocket-mewtwo-ex
8,966,p2,1696,dragapult-ex,1235,cynthia-garchomp-ex
8,967,p1,2005,ethan-typhlosion,2145,cynthia-garchomp-ex
8,968,p1,1380,mega-abomasnow-ex,1181,dragapult-dusknoir
8,969,p2,0029,festival-lead,2024,ogerpon-meganium-arboliva
8,970,p1,1522,rocket-mewtwo-ex,1819,n-zoroark
8,971,tie,0200,mega-lopunny-ex,1346,n-zoroark
8,972,p1,0620,mega-venusaur-ex,1710,cynthia-garchomp-ex
8,973,p1,1317,starmie-froslass,1638,dragapult-ex
8,974,tie,1410,decidueye-ex,0928,lucario-hariyama
8,975,p1,0567,clefairy-ogerpon,2025,lucario-hariyama
8,976,tie,0013,n-zoroark,0365,dragapult-ex
8,977,p2,0818,slowking-scr,1084,dragapult-dusknoir
8,978,tie,1061,raging-bolt-ogerpon,0556,dragapult-blaziken
8,979,p2,1492,cynthia-garchomp-ex,1032,dragapult-blaziken
8,980,p1,0042,lopunny-dudunsparce,0145,diancie-dusknoir
8,981,p1,0812,n-zoroark,1024,ursaluna-lunatone
8,982,p1,0989,cynthia-garchomp-ex,0816,lucario-hariyama
8,983,p2,0685,n-zoroark,0285,lucario-hariyama
8,984,p2,1587,starmie-dusknoir,1797,grimmsnarl-froslass
8,985,p1,1161,starmie-froslass,0941,dragapult-dusknoir
8,986,tie,0239,starmie-froslass,1637,doublade-por
8,987,p2,0095,ethan-typhlosion,2141,raging-bolt-ogerpon
8,988,tie,1594,starmie-froslass,0903,lopunny-dudunsparce
8,989,p1,0469,dragapult-ex,0104,mega-starmie-ex
8,990,p1,1876,flareon-noctowl,0587,ogerpon-meganium
8,991,p2,0160,starmie-dusknoir,1374,okidogi-twm
8,992,p2,1278,ogerpon-meganium,0089,dragapult-dudunsparce
8,993,p2,0847,dragapult-dusknoir,1699,dragapult-ex
8,994,p1,1992,dragapult-dusknoir,0114,mega-lucario-ex
8,995,p2,1892,dragapult-ex,0432,rocket-mewtwo-ex
8,996,p1,1891,greninja-blaziken,0305,dragapult-dudunsparce
8,997,p2,1177,cynthia-garchomp-ex,1044,festival-lead
8,998,tie,1079,ethan-typhlosion,0031,dragapult-ex
8,999,p1,1757,zygarde-barbaracle,0679,dragapult-dusknoir
8,1000,p2,1826,dragapult-blaziken,0287,crustle-dri
8,1001,p2,0677,alakazam-dudunsparce,0882,other
8,1002,p1,0484,dragapult-dusknoir,0398,cynthia-garchomp-ex
8,1003,p1,1676,lucario-hariyama,0902,dragapult-dusknoir
8,1004,tie,2012,starmie-froslass,2144,cynthia-garchomp-ex
8,1005,p1,2048,festival-lead,2133,rocket-mewtwo-ex
8,1006,p2,1534,starmie-froslass,1117,raging-bolt-ogerpon
8,1007,p2,0894,cynthia-garchomp-ex,0403,mega-lucario-ex
8,1008,p2,1607,dragapult-dusknoir,0162,raging-bolt-ogerpon
8,1009,p2,0270,dragapult-dudunsparce,2017,raging-bolt-ogerpon
8,1010,tie,0188,rocket-mewtwo-ex,0091,dragapult-dudunsparce
8,1011,tie,1457,dragapult-ex,0390,dragapult-dusknoir
8,1012,p2,0375,dragapult-dudunsparce,0753,grimmsnarl-froslass
8,1013,p1,0884,dragapult-dusknoir,0345,dragapult-dusknoir
8,1014,p1,0142,eelektrik-blk,1998,lucario-hariyama
8,1015,tie,0666,ogerpon-meganium-arboliva,0443,decidueye-ex
8,1016,p1,0316,mega-venusaur-ex,0712,dragapult-ex
8,1017,p1,1628,kangaskhan-bouffalant,1839,dragapult-ex
8,1018,p2,0673,rocket-mewtwo-ex,0130,ogerpon-meganium
8,1019,p2,0748,cynthia-garchomp-ex,1783,?
8,1020,p1,1501,blaziken-ex-jtg,0743,other
8,1021,tie,0105,crustle-dri,0134,dragapult-blaziken
8,1022,p1,0924,raging-bolt-ogerpon,0703,lucario-hariyama
8,1023,p2,2058,stevens-metagross,1403,lucario-hariyama
8,1024,p2,1053,greninja-froslass,0534,dragapult-dudunsparce
8,1025,p1,0101,dragapult-dusknoir,0898,festival-lead
8,1026,tie,1436,grimmsnarl-froslass,0336,other
8,1027,p2,0308,cynthia-garchomp-ex,1820,mega-venusaur-ex
8,1028,p1,0082,?,0267,hop-zacian
8,1029,p1,1871,dragapult-dusknoir,1507,dragapult-ex
8,1030,p2,0040,dragapult-dusknoir,0047,mega-zygarde-ex
8,1031,tie,0664,dragapult-ex,1064,lucario-hariyama
8,1032,p2,0987,raging-bolt-ogerpon,1672,mega-lucario-ex
8,1033,p1,0449,grimmsnarl-froslass,0381,rocket-mewtwo-ex
8,1034,p1,0931,lucario-hariyama,0144,cynthia-garchomp-ex
8,1035,p1,0995,dragapult-dusknoir,0055,dragapult-ex
8,1036,tie,0158,hydreigon-ex,0139,decidueye-ex
8,1037,p2,1343,other,0782,festival-lead
8,1038,tie,0870,dragapult-blaziken,1290,n-zoroark
8,1039,p1,1392,lucario-hariyama,1324,mega-starmie-ex
8,1040,p1,0906,mega-feraligatr-ex,1240,sharpedo-toxtricity
8,1041,p2,1272,okidogi-barbaracle,0074,rocket-mewtwo-ex
8,1042,tie,1316,jellicent-dusknoir,1929,mega-absol-box
8,1043,p1,0624,ogerpon-meganium,0348,mega-feraligatr-ex
8,1044,p2,0238,festival-lead,1939,dragapult-dusknoir
9,251,tie,0366,dragapult-ex,1253,dragapult-ex
9,252,tie,0819,raging-bolt-ogerpon,0402,dragapult-ex
9,253,p1,0064,lopunny-dudunsparce,0280,dragapult-ex
9,254,p2,1875,alakazam-dudunsparce,0062,dragapult-dudunsparce
9,255,p2,0802,ogerpon-meganium-hydrapple,1414,lopunny-dudunsparce
9,256,p2,1771,raging-bolt-ogerpon,2119,alakazam-dudunsparce
9,257,p1,2121,mega-lucario-ex,0762,dragapult-blaziken
9,258,p2,1391,alakazam-dudunsparce,1477,rockets-honchkrow
9,259,p1,0111,alakazam-dudunsparce,0232,ogerpon-meganium-hydrapple
9,260,tie,0364,festival-lead,1180,ogerpon-meganium-hydrapple
9,261,p2,0397,lopunny-dudunsparce,0686,basic-box-m
9,262,p2,0068,dragapult-ex,1085,cynthia-garchomp-ex
9,263,p2,2043,dragapult-ex,1435,dragapult-ex
9,264,p2,0026,ogerpon-meganium-hydrapple,1422,grimmsnarl-froslass
9,265,p1,0277,basic-box-m,0027,dragapult-ex
9,266,p2,1296,dragapult-ex,2082,lopunny-dudunsparce
9,267,p2,1945,dragapult-blaziken,1387,dragapult-dudunsparce
9,268,p2,1325,dragapult-ex,0206,dragapult-ex
9,269,tie,1282,dragapult-dusknoir,1649,dragapult-ex
9,270,p1,0485,alakazam-dudunsparce,0938,n-zoroark
9,271,p1,1759,dragapult-ex,0242,festival-lead
9,272,p2,1433,starmie-froslass,0488,dragapult-ex
9,273,p2,1784,raging-bolt-ogerpon,1431,dragapult-dusknoir
9,274,p2,1186,dragapult-blaziken,2090,n-zoroark
9,275,p1,0773,dragapult-ex,0317,dragapult-ex
9,276,p2,1499,lucario-hariyama,1660,dragapult-ex
9,277,p1,1004,rockets-honchkrow,1684,dragapult-blaziken
9,278,p2,0466,raging-bolt-ogerpon,1453,ethan-typhlosion
9,279,p2,0056,raging-bolt-ogerpon,0347,dragapult-dudunsparce
9,280,p2,1009,rockets-honchkrow,1131,raging-bolt-ogerpon
9,281,p2,1904,other,1796,ogerpon-meganium-hydrapple
9,282,p2,0600,starmie-froslass,0963,dragapult-blaziken
9,283,p2,1250,festival-lead,0751,okidogi-barbaracle
9,284,p1,2026,starmie-dusknoir,0051,starmie-froslass
9,285,p2,1082,raging-bolt-ogerpon,0223,festival-lead
9,286,p2,0665,kangaskhan-bouffalant,0513,lopunny-dudunsparce
9,287,p2,0710,diancie-dusknoir,0755,dragapult-dudunsparce
9,288,p1,0630,basic-box-m,1383,alakazam-dudunsparce
9,289,p2,0767,dragapult-dudunsparce,1100,dragapult-dusknoir
9,290,p2,0965,dragapult-blaziken,0954,lopunny-dudunsparce
9,291,tie,2117,cynthia-garchomp-ex,1265,alakazam-dudunsparce
9,292,p2,2131,raging-bolt-ogerpon,1646,alakazam-dudunsparce
9,293,tie,0222,dragapult-ex,0650,lopunny-dudunsparce
9,294,p1,0212,mega-lucario-ex,0166,lopunny-dudunsparce
9,295,tie,2076,rocket-mewtwo-ex,1066,dragapult-ex
9,296,p1,1445,greninja-ex,1480,dragapult-dusknoir
9,297,p1,1370,dragapult-dusknoir,2064,greninja-ex
9,298,p1,2014,mega-lucario-ex,1287,alakazam-dudunsparce
9,299,p2,2013,mega-lucario-ex,1542,mega-lucario-ex
9,300,p2,0563,mega-lucario-ex,0781,dragapult-blaziken
9,301,p1,1467,raging-bolt-ogerpon,0684,dragapult-ex
9,302,tie,0675,dragapult-ex,1258,dragapult-dudunsparce
9,303,p2,1664,clefairy-ogerpon,0589,basic-box-m
9,304,p2,0252,raging-bolt-ogerpon,2054,festival-lead
9,305,p2,1624,dragapult-blaziken,2120,starmie-dusknoir
9,306,p1,0045,dragapult-dudunsparce,0176,raging-bolt-ogerpon
9,307,p1,0516,ogerpon-meganium-hydrapple,0173,ogerpon-meganium-arboliva
9,308,p2,0693,festival-lead,0132,dragapult-ex
9,309,tie,1791,crustle-dri,1662,lucario-hariyama
9,310,p1,0547,dragapult-dudunsparce,1982,dragapult-ex
9,311,p1,1334,okidogi-barbaracle,0100,alakazam-dudunsparce
9,312,p2,1368,dragapult-dusknoir,0714,dragapult-dudunsparce
9,313,p2,1005,clefairy-ogerpon,0387,dragapult-dudunsparce
9,314,p1,1894,ogerpon-meganium-hydrapple,1162,dragapult-ex
9,315,p2,2107,alakazam-dudunsparce,2100,dragapult-dusknoir
9,316,tie,0717,lucario-hariyama,1030,festival-lead
9,317,p1,0578,dragapult-dudunsparce,0385,dragapult-ex
9,318,p2,0333,basic-box-m,0296,lopunny-dudunsparce
9,319,p1,1112,rockets-honchkrow,1967,raging-bolt-ogerpon
9,320,p1,1487,alakazam-dudunsparce,1535,ogerpon-meganium-hydrapple
9,321,p1,2069,clefairy-ogerpon,0960,festival-lead
9,322,p2,1972,n-zoroark,1144,dragapult-blaziken
9,323,p2,1597,dragapult-dudunsparce,1869,crustle-dri
9,324,tie,0439,dragapult-ex,1689,ogerpon-meganium-hydrapple
9,325,p2,0888,slowking-scr,1743,dragapult-blaziken
9,326,p2,0728,dragapult-ex,1358,festival-lead
9,327,p1,1310,rocket-mewtwo-ex,0580,dragapult-dudunsparce
9,328,p2,1483,rocket-mewtwo-ex,1010,festival-lead
9,329,p1,0269,slowking-scr,1292,lopunny-dudunsparce
9,330,p1,2003,rocket-mewtwo-ex,0272,greninja-ex
9,331,p1,1932,rocket-mewtwo-ex,0925,lopunny-dudunsparce
9,332,p1,0140,raging-bolt-ogerpon,0034,dragapult-dudunsparce
9,333,p1,1798,festival-lead,0441,other
9,334,tie,1072,festival-lead,0921,ogerpon-meganium-arboliva
9,335,p1,0286,dragapult-dusknoir,1474,lucario-hariyama
9,336,p2,1634,lopunny-dudunsparce,2042,cynthia-garchomp-ex
9,337,p2,0457,lopunny-dudunsparce,0662,dragapult-dudunsparce
9,338,p2,0413,rockets-honchkrow,1056,hops-trevenant
9,339,p1,0864,dragapult-ex,1230,starmie-dusknoir
9,340,p1,1845,tera-box,0721,dragapult-dusknoir
9,341,p2,0182,festival-lead,0122,raging-bolt-ogerpon
9,342,tie,0087,dragapult-blaziken,1745,raging-bolt-ogerpon
9,343,p1,0023,dragapult-dusknoir,0314,dragapult-dusknoir
9,344,p1,1482,kangaskhan-bouffalant,0126,lopunny-dudunsparce
9,345,p2,0942,crustle-dri,0736,lopunny-dudunsparce
9,346,tie,0504,dragapult-ex,1411,dragapult-dudunsparce
9,347,p2,2044,kangaskhan-bouffalant,1280,lopunny-dudunsparce
9,348,p1,1709,dragapult-ex,0957,festival-lead
9,349,tie,0291,alakazam-dudunsparce,0243,dragapult-blaziken
9,350,p1,0860,okidogi-barbaracle,0857,lopunny-dudunsparce
9,351,p1,0207,rocket-mewtwo-ex,1489,crustle-dri
9,352,p2,0371,festival-lead,2127,dragapult-ex
9,353,p2,0746,raging-bolt-ogerpon,1942,alakazam-dudunsparce
9,354,tie,1069,raging-bolt-ogerpon,0204,raging-bolt-ogerpon
9,355,p2,1927,dragapult-dusknoir,1561,rocket-mewtwo-ex
9,356,p1,1110,rocket-mewtwo-ex,1832,festival-lead
9,357,p2,0445,dragapult-dusknoir,1788,dragapult-ex
9,358,p1,0974,greninja-ex,1143,dragapult-dudunsparce
9,359,p2,0153,lopunny-dudunsparce,0508,okidogi-barbaracle
9,360,p1,0273,dragapult-dusknoir,0440,greninja-ex
9,361,p2,1349,dragapult-dusknoir,0702,n-zoroark
9,362,p2,0124,dragapult-dudunsparce,0310,n-zoroark
9,363,p2,1751,dragapult-ex,0971,dragapult-ex
9,364,p2,1158,dragapult-dusknoir,2078,alakazam-dudunsparce
9,365,p1,1863,dragapult-dudunsparce,0394,basic-box-m
9,366,p2,1412,rocket-mewtwo-ex,1297,raging-bolt-ogerpon
9,367,p2,1648,okidogi-barbaracle,0824,dragapult-ex
9,368,p1,0019,lucario-hariyama,1528,dragapult-dudunsparce
9,369,p1,1078,raging-bolt-ogerpon,1002,lopunny-dudunsparce
9,370,p2,0490,ogerpon-meganium-arboliva,1795,raging-bolt-ogerpon
9,371,tie,0935,dragapult-dusknoir,1584,alakazam-dudunsparce
9,372,p1,1753,raging-bolt-ogerpon,0869,dragapult-dudunsparce
9,373,p1,1837,lucario-hariyama,0050,archaludon-dudunsparce
9,374,p1,0688,n-zoroark,0319,rocket-mewtwo-ex
9,375,p2,1553,rockets-honchkrow,1402,dragapult-dusknoir
9,376,p2,1132,dragapult-blaziken,0417,dragapult-dusknoir
9,377,p2,0007,dragapult-dusknoir,0382,clefairy-ogerpon
9,378,p1,2071,crustle-dri,1190,raging-bolt-ogerpon
9,379,p2,1630,hops-trevenant,1249,lopunny-dudunsparce
9,380,tie,0324,dragapult-blaziken,0810,crustle-dri
9,381,p2,2132,lucario-hariyama,0561,rocket-mewtwo-ex
9,382,p1,1705,alakazam-dudunsparce,0370,slowking-scr
9,383,p2,1067,lopunny-dudunsparce,0169,mega-lucario-ex
9,384,p2,1888,raging-bolt-ogerpon,0057,ogerpon-meganium-arboliva
9,385,p1,0501,dragapult-dudunsparce,1396,lucario-hariyama
9,386,tie,0335,dragapult-ex,0592,cynthia-garchomp-ex
9,387,p1,2089,basic-box-m,2050,raging-bolt-ogerpon
9,388,p1,1315,raging-bolt-ogerpon,2067,mega-lucario-ex
9,389,p1,1878,rocket-mewtwo-ex,1899,festival-lead
9,390,p2,1118,dragapult-blaziken,2086,dragapult-dudunsparce
9,391,p1,0199,dragapult-ex,2099,dragapult-blaziken
9,392,p1,1693,ogerpon-meganium-arboliva,1933,lucario-hariyama
9,393,p1,0949,cynthia-garchomp-ex,0067,n-zoroark
9,394,p1,0429,dragapult-dusknoir,0635,festival-lead
9,395,p1,1362,grimmsnarl-froslass,0704,rocket-mewtwo-ex
9,396,tie,1366,lucario-hariyama,0290,alakazam-dudunsparce
9,397,p2,1088,n-zoroark,1221,clefairy-ogerpon
9,398,p1,1935,festival-lead,0141,dragapult-ex
9,399,tie,2031,dragapult-dudunsparce,1104,raging-bolt-ogerpon
9,400,p2,0804,lopunny-dudunsparce,1574,ogerpon-meganium-hydrapple
9,401,p1,0210,dragapult-ex,0080,dragapult-blaziken
9,402,p2,1015,raging-bolt-ogerpon,2080,dragapult-ex
9,403,p1,1886,ogerpon-meganium-hydrapple,1643,starmie-froslass
9,404,p1,0360,cynthia-garchomp-ex,0341,raging-bolt-ogerpon
9,405,p2,1218,starmie-froslass,0284,rocket-mewtwo-ex
9,406,p1,0669,lopunny-dudunsparce,0303,rocket-mewtwo-ex
9,407,p2,1238,dragapult-dudunsparce,0472,rocket-mewtwo-ex
9,408,p1,1202,other,1889,dragapult-dusknoir
9,409,p1,0647,raging-bolt-ogerpon,1122,lopunny-dudunsparce
9,410,p2,0424,archaludon-dudunsparce,0576,dragapult-blaziken
9,411,p2,2125,raging-bolt-ogerpon,1816,raging-bolt-ogerpon
9,412,p1,1822,festival-lead,1963,alakazam-dudunsparce
9,413,p2,0492,dragapult-dusknoir,1382,n-zoroark
9,414,p1,0992,greninja-ex,0386,n-zoroark
9,415,p1,0828,festival-lead,0193,n-zoroark
9,416,p1,0155,dragapult-dusknoir,1720,alakazam-dudunsparce
9,417,p2,0817,dragapult-blaziken,1497,dragapult-ex
9,418,p1,1027,festival-lead,0750,basic-box-m
9,419,p2,0444,lucario-hariyama,0996,raging-bolt-ogerpon
9,420,tie,0058,festival-lead,0167,alakazam-dudunsparce
9,421,p2,1204,festival-lead,0895,raging-bolt-ogerpon
9,422,p2,1157,lopunny-dudunsparce,1424,lopunny-dudunsparce
9,423,p2,0298,dragapult-ex,0138,n-zoroark
9,424,p1,0171,dragapult-blaziken,0497,dragapult-dudunsparce
9,425,p1,1769,ogerpon-meganium-arboliva,2073,rockets-honchkrow
9,426,p1,1898,dragapult-blaziken,0421,starmie-dusknoir
9,427,tie,1195,dragapult-dudunsparce,1955,cynthia-garchomp-ex
9,428,tie,0149,n-zoroark,0871,lopunny-dudunsparce
9,429,p1,1975,cynthia-garchomp-ex,1833,lopunny-dudunsparce
9,430,p2,1521,dragapult-ex,1025,starmie-froslass
9,431,p1,1947,dragapult-ex,0829,alakazam-dudunsparce
9,432,p2,0866,ogerpon-meganium-arboliva,0852,ogerpon-meganium-arboliva
9,433,p1,0627,dragapult-dudunsparce,0146,dragapult-dusknoir
9,434,tie,0574,slowking-scr,1604,grimmsnarl-froslass
9,435,p2,1831,dragapult-dudunsparce,1306,n-zoroark
9,436,p1,0261,ogerpon-meganium-arboliva,1750,dragapult-blaziken
9,437,p1,0306,alakazam-dudunsparce,1969,alakazam-dudunsparce
9,438,p1,1589,dragapult-ex,0407,alakazam-dudunsparce
9,439,p1,0052,ogerpon-meganium-hydrapple,0707,mega-lucario-ex
9,440,p2,0523,lopunny-dudunsparce,0070,starmie-froslass
9,441,p1,1086,ogerpon-meganium-hydrapple,1473,sharpedo-toxtricity
9,442,p1,2007,dragapult-ex,2040,ogerpon-meganium-hydrapple
9,443,p1,0322,festival-lead,1719,festival-lead
9,444,p1,1312,rocket-mewtwo-ex,0349,ogerpon-meganium-arboliva
9,445,p2,0263,alakazam-dudunsparce,1055,lucario-hariyama
9,446,p1,1754,dragapult-dusknoir,0059,alakazam-dudunsparce
9,447,p1,1806,raging-bolt-ogerpon,1151,dragapult-dudunsparce
9,,bye,1958,rockets-honchkrow,,
10,251,p1,0062,dragapult-dudunsparce,1253,dragapult-ex
10,252,p1,0064,lopunny-dudunsparce,0366,dragapult-ex
10,253,p2,2121,mega-lucario-ex,2119,alakazam-dudunsparce
10,254,p1,0686,basic-box-m,1414,lopunny-dudunsparce
10,255,p2,0111,alakazam-dudunsparce,1085,cynthia-garchomp-ex
10,256,p1,1477,rockets-honchkrow,2082,lopunny-dudunsparce
10,257,p1,0402,dragapult-ex,1435,dragapult-ex
10,258,p1,0206,dragapult-ex,0819,raging-bolt-ogerpon
10,259,p2,1387,dragapult-dudunsparce,0755,dragapult-dudunsparce
10,260,p1,2090,n-zoroark,0963,dragapult-blaziken
10,261,tie,0488,dragapult-ex,1875,alakazam-dudunsparce
10,262,p1,0485,alakazam-dudunsparce,0751,okidogi-barbaracle
10,263,p1,0954,lopunny-dudunsparce,0630,basic-box-m
10,264,p1,0662,dragapult-dudunsparce,0026,ogerpon-meganium-hydrapple
10,265,p1,0027,dragapult-ex,1158,dragapult-dusknoir
10,266,p1,1131,raging-bolt-ogerpon,0802,ogerpon-meganium-hydrapple
10,267,p2,1422,grimmsnarl-froslass,1796,ogerpon-meganium-hydrapple
10,268,p1,1100,dragapult-dusknoir,1004,rockets-honchkrow
10,269,p1,1180,ogerpon-meganium-hydrapple,0223,festival-lead
10,270,p2,0364,festival-lead,1453,ethan-typhlosion
10,271,p2,0280,dragapult-ex,0212,mega-lucario-ex
10,272,p1,1660,dragapult-ex,1759,dragapult-ex
10,273,p2,0773,dragapult-ex,1431,dragapult-dusknoir
10,274,p2,1646,alakazam-dudunsparce,1370,dragapult-dusknoir
10,275,p2,1467,raging-bolt-ogerpon,0762,dragapult-blaziken
10,276,p2,2120,starmie-dusknoir,2026,starmie-dusknoir
10,277,p1,0589,basic-box-m,1282,dragapult-dusknoir
10,278,p2,2054,festival-lead,0781,dragapult-blaziken
10,279,tie,0341,raging-bolt-ogerpon,0056,raging-bolt-ogerpon
10,280,p2,0516,ogerpon-meganium-hydrapple,1542,mega-lucario-ex
10,281,p1,0232,ogerpon-meganium-hydrapple,0397,lopunny-dudunsparce
10,282,p2,0045,dragapult-dudunsparce,0068,dragapult-ex
10,283,p1,2043,dragapult-ex,2014,mega-lucario-ex
10,284,p2,0051,starmie-froslass,1480,dragapult-dusknoir
10,285,tie,1771,raging-bolt-ogerpon,1649,dragapult-ex
10,286,p2,0513,lopunny-dudunsparce,1945,dragapult-blaziken
10,287,p2,1445,greninja-ex,1391,alakazam-dudunsparce
10,288,tie,0650,lopunny-dudunsparce,1144,dragapult-blaziken
10,289,p1,2100,dragapult-dusknoir,1112,rockets-honchkrow
10,290,p1,1066,dragapult-ex,1325,dragapult-ex
10,291,tie,1358,festival-lead,1265,alakazam-dudunsparce
10,292,tie,0296,lopunny-dudunsparce,0132,dragapult-ex
10,293,tie,0387,dragapult-dudunsparce,1487,alakazam-dudunsparce
10,294,p2,1010,festival-lead,0222,dragapult-ex
10,295,p1,1743,dragapult-blaziken,0578,dragapult-dudunsparce
10,296,p1,1310,rocket-mewtwo-ex,0714,dragapult-dudunsparce
10,297,p1,2076,rocket-mewtwo-ex,1869,crustle-dri
10,298,p1,1296,dragapult-ex,1334,okidogi-barbaracle
10,299,p1,1894,ogerpon-meganium-hydrapple,0547,dragapult-dudunsparce
10,300,p1,2069,clefairy-ogerpon,2117,cynthia-garchomp-ex
10,301,p2,0269,slowking-scr,2007,dragapult-ex
10,302,p1,1795,raging-bolt-ogerpon,2131,raging-bolt-ogerpon
10,303,p1,0023,dragapult-dusknoir,1886,ogerpon-meganium-hydrapple
10,304,p2,1027,festival-lead,0242,festival-lead
10,305,p1,1845,tera-box,0974,greninja-ex
10,306,p1,0710,diancie-dusknoir,0828,festival-lead
10,307,tie,0052,ogerpon-meganium-hydrapple,1589,dragapult-ex
10,308,p2,0965,dragapult-blaziken,2071,crustle-dri
10,309,p2,1382,n-zoroark,1297,raging-bolt-ogerpon
10,310,p1,1754,dragapult-dusknoir,0576,dragapult-blaziken
10,311,p2,1186,dragapult-blaziken,0561,rocket-mewtwo-ex
10,312,p2,1561,rocket-mewtwo-ex,2086,dragapult-dudunsparce
10,313,p1,1705,alakazam-dudunsparce,0317,dragapult-ex
10,314,p2,0767,dragapult-dudunsparce,1315,raging-bolt-ogerpon
10,315,p1,0310,n-zoroark,0171,dragapult-blaziken
10,316,p1,1306,n-zoroark,1932,rocket-mewtwo-ex
10,317,p2,0501,dragapult-dudunsparce,0122,raging-bolt-ogerpon
10,318,p2,0284,rocket-mewtwo-ex,0070,starmie-froslass
10,319,p1,1082,raging-bolt-ogerpon,1250,festival-lead
10,320,p2,1258,dragapult-dudunsparce,0138,n-zoroark
10,321,p1,0286,dragapult-dusknoir,1383,alakazam-dudunsparce
10,322,p2,1499,lucario-hariyama,0472,rocket-mewtwo-ex
10,323,p2,1878,rocket-mewtwo-ex,1837,lucario-hariyama
10,324,p1,1784,raging-bolt-ogerpon,0199,dragapult-ex
10,325,p2,1056,hops-trevenant,0261,ogerpon-meganium-arboliva
10,326,tie,1898,dragapult-blaziken,1086,ogerpon-meganium-hydrapple
10,327,p2,0140,raging-bolt-ogerpon,0277,basic-box-m
10,328,p2,1975,cynthia-garchomp-ex,2080,dragapult-ex
10,329,p1,0166,lopunny-dudunsparce,1863,dragapult-dudunsparce
10,330,p2,0306,alakazam-dudunsparce,1947,dragapult-ex
10,331,p1,0647,raging-bolt-ogerpon,1402,dragapult-dusknoir
10,332,p1,1249,lopunny-dudunsparce,1362,grimmsnarl-froslass
10,333,p1,1202,other,0600,starmie-froslass
10,334,tie,0864,dragapult-ex,0627,dragapult-dudunsparce
10,335,p1,2078,alakazam-dudunsparce,1904,other
10,336,p2,2042,cynthia-garchomp-ex,1753,raging-bolt-ogerpon
10,337,p2,0466,raging-bolt-ogerpon,0992,greninja-ex
10,338,p2,0852,ogerpon-meganium-arboliva,1935,festival-lead
10,339,p2,0207,rocket-mewtwo-ex,0210,dragapult-ex
10,340,p1,1025,starmie-froslass,2127,dragapult-ex
10,341,p2,0860,okidogi-barbaracle,2003,rocket-mewtwo-ex
10,342,p1,0675,dragapult-ex,0996,raging-bolt-ogerpon
10,343,p1,0382,clefairy-ogerpon,0429,dragapult-dusknoir
10,344,tie,1009,rockets-honchkrow,0347,dragapult-dudunsparce
10,345,p2,1312,rocket-mewtwo-ex,1822,festival-lead
10,346,tie,0057,ogerpon-meganium-arboliva,1110,rocket-mewtwo-ex
10,347,p1,0273,dragapult-dusknoir,2089,basic-box-m
10,348,p2,0322,festival-lead,0155,dragapult-dusknoir
10,349,p2,0949,cynthia-garchomp-ex,1684,dragapult-blaziken
10,350,p1,0360,cynthia-garchomp-ex,0938,n-zoroark
10,351,p1,1942,alakazam-dudunsparce,1806,raging-bolt-ogerpon
10,352,tie,0019,lucario-hariyama,0508,okidogi-barbaracle
10,353,p2,1798,festival-lead,1424,lopunny-dudunsparce
10,354,p2,1769,ogerpon-meganium-arboliva,0971,dragapult-ex
10,355,p2,0824,dragapult-ex,0688,n-zoroark
10,356,p2,1280,lopunny-dudunsparce,1816,raging-bolt-ogerpon
10,357,p2,0417,dragapult-dusknoir,1574,ogerpon-meganium-hydrapple
10,358,p1,1709,dragapult-ex,1078,raging-bolt-ogerpon
10,359,p1,1433,starmie-froslass,1221,clefairy-ogerpon
10,360,p1,1788,dragapult-ex,1958,rockets-honchkrow
10,361,p2,0669,lopunny-dudunsparce,1693,ogerpon-meganium-arboliva
10,362,p1,0736,lopunny-dudunsparce,1482,kangaskhan-bouffalant
10,363,p2,1497,dragapult-ex,0895,raging-bolt-ogerpon
10,364,p2,1055,lucario-hariyama,0702,n-zoroark
10,365,p2,0169,mega-lucario-ex,1624,dragapult-blaziken
10,366,p2,1689,ogerpon-meganium-hydrapple,0252,raging-bolt-ogerpon
10,367,p1,0439,dragapult-ex,0684,dragapult-ex
10,368,p1,2064,greninja-ex,1791,crustle-dri
10,369,p1,1030,festival-lead,1287,alakazam-dudunsparce
10,370,p2,0717,lucario-hariyama,0176,raging-bolt-ogerpon
10,371,tie,1662,lucario-hariyama,2013,mega-lucario-ex
10,372,p2,0563,mega-lucario-ex,1664,clefairy-ogerpon
10,373,p1,1368,dragapult-dusknoir,0100,alakazam-dudunsparce
10,374,p1,0149,n-zoroark,1745,raging-bolt-ogerpon
10,375,p1,0290,alakazam-dudunsparce,1292,lopunny-dudunsparce
10,376,p1,1967,raging-bolt-ogerpon,1104,raging-bolt-ogerpon
10,377,p2,0173,ogerpon-meganium-arboliva,0385,dragapult-ex
10,378,p2,0087,dragapult-blaziken,0324,dragapult-blaziken
10,379,p1,0665,kangaskhan-bouffalant,0693,festival-lead
10,380,p2,0574,slowking-scr,0167,alakazam-dudunsparce
10,381,p1,1584,alakazam-dudunsparce,1195,dragapult-dudunsparce
10,382,p2,1604,grimmsnarl-froslass,1069,raging-bolt-ogerpon
10,383,p1,0058,festival-lead,0504,dragapult-ex
10,384,p2,1972,n-zoroark,1072,festival-lead
10,385,tie,0935,dragapult-dusknoir,0921,ogerpon-meganium-arboliva
10,386,p2,2107,alakazam-dudunsparce,0204,raging-bolt-ogerpon
10,387,p2,1483,rocket-mewtwo-ex,0243,dragapult-blaziken
10,388,tie,0335,dragapult-ex,1411,dragapult-dudunsparce
10,389,p2,2031,dragapult-dudunsparce,1005,clefairy-ogerpon
10,390,p1,1535,ogerpon-meganium-hydrapple,0592,cynthia-garchomp-ex
10,391,p2,0960,festival-lead,0871,lopunny-dudunsparce
10,392,p2,0291,alakazam-dudunsparce,0580,dragapult-dudunsparce
10,393,p1,1597,dragapult-dudunsparce,0728,dragapult-ex
10,394,p2,1982,dragapult-ex,0333,basic-box-m
10,395,p2,1162,dragapult-ex,1366,lucario-hariyama
10,396,p1,0810,crustle-dri,0141,dragapult-ex
10,397,p1,0314,dragapult-dusknoir,0034,dragapult-dudunsparce
10,398,tie,0857,lopunny-dudunsparce,1720,alakazam-dudunsparce
10,399,tie,0523,lopunny-dudunsparce,1831,dragapult-dudunsparce
10,400,tie,1927,dragapult-dusknoir,0704,rocket-mewtwo-ex
10,401,p2,2067,mega-lucario-ex,1238,dragapult-dudunsparce
10,402,tie,1643,starmie-froslass,0441,other
10,403,p2,0866,ogerpon-meganium-arboliva,0750,basic-box-m
10,404,p1,1204,festival-lead,1833,lopunny-dudunsparce
10,405,tie,1190,raging-bolt-ogerpon,0153,lopunny-dudunsparce
10,406,p1,1634,lopunny-dudunsparce,0421,starmie-dusknoir
10,407,p2,0263,alakazam-dudunsparce,1002,lopunny-dudunsparce
10,408,p2,1750,dragapult-blaziken,1088,n-zoroark
10,409,tie,0298,dragapult-ex,0407,alakazam-dudunsparce
10,410,p1,1157,lopunny-dudunsparce,2050,raging-bolt-ogerpon
10,411,p1,2125,raging-bolt-ogerpon,0497,dragapult-dudunsparce
10,412,p1,1889,dragapult-dusknoir,0050,archaludon-dudunsparce
10,413,p2,1396,lucario-hariyama,0957,festival-lead
10,414,p1,0386,n-zoroark,0492,dragapult-dusknoir
10,415,p2,0424,archaludon-dudunsparce,1473,sharpedo-toxtricity
10,416,p1,0007,dragapult-dusknoir,2040,ogerpon-meganium-hydrapple
10,417,p2,0440,greninja-ex,0721,dragapult-dusknoir
10,418,tie,1067,lopunny-dudunsparce,0080,dragapult-blaziken
10,419,p1,1132,dragapult-blaziken,0394,basic-box-m
10,420,p1,1630,hops-trevenant,0371,festival-lead
10,421,p1,0182,festival-lead,2073,rockets-honchkrow
10,422,p2,0635,festival-lead,1118,dragapult-blaziken
10,423,p1,1963,alakazam-dudunsparce,0817,dragapult-blaziken
10,424,p1,0925,lopunny-dudunsparce,1489,crustle-dri
10,425,p2,0319,rocket-mewtwo-ex,1719,festival-lead
10,426,p1,0829,alakazam-dudunsparce,1888,raging-bolt-ogerpon
10,427,p1,1143,dragapult-dudunsparce,1474,lucario-hariyama
10,428,p1,1899,festival-lead,1521,dragapult-ex
10,429,tie,1528,dragapult-dudunsparce,0445,dragapult-dusknoir
10,430,p1,1832,festival-lead,1751,dragapult-ex
10,431,p2,0349,ogerpon-meganium-arboliva,1151,dragapult-dudunsparce
10,432,tie,1933,lucario-hariyama,1553,rockets-honchkrow
10,433,p2,1969,alakazam-dudunsparce,0146,dragapult-dusknoir
10,434,p1,1218,starmie-froslass,2099,dragapult-blaziken
10,435,p1,0490,ogerpon-meganium-arboliva,0067,n-zoroark
10,436,p1,0804,lopunny-dudunsparce,0413,rockets-honchkrow
10,437,p1,0444,lucario-hariyama,1648,okidogi-barbaracle
10,438,p1,0457,lopunny-dudunsparce,0370,slowking-scr
10,439,p1,1230,starmie-dusknoir,0942,crustle-dri
10,440,p1,0707,mega-lucario-ex,2132,lucario-hariyama
10,441,tie,1015,raging-bolt-ogerpon,0746,raging-bolt-ogerpon
10,442,p2,0193,n-zoroark,2044,kangaskhan-bouffalant
10,443,p2,1122,lopunny-dudunsparce,0059,alakazam-dudunsparce
10,444,tie,0124,dragapult-dudunsparce,1349,dragapult-dusknoir
10,445,p1,0126,lopunny-dudunsparce,1412,rocket-mewtwo-ex
10,446,p2,0272,greninja-ex,0869,dragapult-dudunsparce
10,,bye,0303,rocket-mewtwo-ex,,
11,251,tie,0062,dragapult-dudunsparce,0064,lopunny-dudunsparce
11,252,tie,0686,basic-box-m,2119,alakazam-dudunsparce
11,253,p1,1477,rockets-honchkrow,1085,cynthia-garchomp-ex
11,254,p1,0402,dragapult-ex,0206,dragapult-ex
11,255,p1,1453,ethan-typhlosion,2090,n-zoroark
11,256,p1,1431,dragapult-dusknoir,0954,lopunny-dudunsparce
11,257,p1,0366,dragapult-ex,1100,dragapult-dusknoir
11,258,p2,1180,ogerpon-meganium-hydrapple,0485,alakazam-dudunsparce
11,259,tie,1131,raging-bolt-ogerpon,0212,mega-lucario-ex
11,260,p2,1796,ogerpon-meganium-hydrapple,1253,dragapult-ex
11,261,p1,1660,dragapult-ex,0755,dragapult-dudunsparce
11,262,p2,1414,lopunny-dudunsparce,1542,mega-lucario-ex
11,263,p1,0589,basic-box-m,0781,dragapult-blaziken
11,264,p1,0322,festival-lead,0026,ogerpon-meganium-hydrapple
11,265,tie,2013,mega-lucario-ex,0027,dragapult-ex
11,266,p2,0111,alakazam-dudunsparce,2043,dragapult-ex
11,267,tie,1370,dragapult-dusknoir,0232,ogerpon-meganium-hydrapple
11,268,p2,2121,mega-lucario-ex,0068,dragapult-ex
11,269,p1,0762,dragapult-blaziken,1391,alakazam-dudunsparce
11,270,p2,2026,starmie-dusknoir,1387,dragapult-dudunsparce
11,271,p1,1945,dragapult-blaziken,2076,rocket-mewtwo-ex
11,272,p2,1875,alakazam-dudunsparce,2069,clefairy-ogerpon
11,273,p1,2082,lopunny-dudunsparce,2100,dragapult-dusknoir
11,274,p1,1743,dragapult-blaziken,1894,ogerpon-meganium-hydrapple
11,275,p2,1296,dragapult-ex,1066,dragapult-ex
11,276,p2,1310,rocket-mewtwo-ex,0819,raging-bolt-ogerpon
11,277,p1,0222,dragapult-ex,0488,dragapult-ex
11,278,p1,1435,dragapult-ex,1845,tera-box
11,279,p2,1104,raging-bolt-ogerpon,0056,raging-bolt-ogerpon
11,280,p1,1249,lopunny-dudunsparce,0223,festival-lead
11,281,p2,1649,dragapult-ex,0138,n-zoroark
11,282,p1,0802,ogerpon-meganium-hydrapple,0971,dragapult-ex
11,283,p2,0242,festival-lead,1574,ogerpon-meganium-hydrapple
11,284,p1,0051,starmie-froslass,1791,crustle-dri
11,285,p2,0630,basic-box-m,2080,dragapult-ex
11,286,p1,0513,lopunny-dudunsparce,1010,festival-lead
11,287,tie,1942,alakazam-dudunsparce,1422,grimmsnarl-froslass
11,288,p2,0273,dragapult-dusknoir,1709,dragapult-ex
11,289,p2,0122,raging-bolt-ogerpon,1082,raging-bolt-ogerpon
11,290,p2,0688,n-zoroark,0277,basic-box-m
11,291,p1,1705,alakazam-dudunsparce,1693,ogerpon-meganium-arboliva
11,292,p2,0472,rocket-mewtwo-ex,2007,dragapult-ex
11,293,p1,1822,festival-lead,0702,n-zoroark
11,294,p1,1816,raging-bolt-ogerpon,1935,festival-lead
11,295,p1,1771,raging-bolt-ogerpon,1025,starmie-froslass
11,296,p1,0710,diancie-dusknoir,0773,dragapult-ex
11,297,p2,1784,raging-bolt-ogerpon,0166,lopunny-dudunsparce
11,298,tie,1646,alakazam-dudunsparce,0310,n-zoroark
11,299,p2,0155,dragapult-dusknoir,1004,rockets-honchkrow
11,300,tie,0070,starmie-froslass,1795,raging-bolt-ogerpon
11,301,p2,2071,crustle-dri,1433,starmie-froslass
11,302,p2,0736,lopunny-dudunsparce,0675,dragapult-ex
11,303,p1,0647,raging-bolt-ogerpon,0561,rocket-mewtwo-ex
11,304,p2,2078,alakazam-dudunsparce,0023,dragapult-dusknoir
11,305,p1,0286,dragapult-dusknoir,1315,raging-bolt-ogerpon
11,306,p1,0895,raging-bolt-ogerpon,0382,clefairy-ogerpon
11,307,p1,1202,other,1424,lopunny-dudunsparce
11,308,p2,0360,cynthia-garchomp-ex,1754,dragapult-dusknoir
11,309,p2,2086,dragapult-dudunsparce,0210,dragapult-ex
11,310,p2,2003,rocket-mewtwo-ex,1788,dragapult-ex
11,311,p1,0364,festival-lead,1306,n-zoroark
11,312,tie,1759,dragapult-ex,0662,dragapult-dudunsparce
11,313,p2,0751,okidogi-barbaracle,0992,greninja-ex
11,314,p1,1297,raging-bolt-ogerpon,0261,ogerpon-meganium-arboliva
11,315,p1,0280,dragapult-ex,1947,dragapult-ex
11,316,p1,0963,dragapult-blaziken,1684,dragapult-blaziken
11,317,p1,1753,raging-bolt-ogerpon,1837,lucario-hariyama
11,318,p1,2014,mega-lucario-ex,0650,lopunny-dudunsparce
11,319,p2,0516,ogerpon-meganium-hydrapple,1664,clefairy-ogerpon
11,320,p1,2064,greninja-ex,1144,dragapult-blaziken
11,321,p1,1282,dragapult-dusknoir,1030,festival-lead
11,322,p2,0387,dragapult-dudunsparce,1358,festival-lead
11,323,p1,1480,dragapult-dusknoir,0176,raging-bolt-ogerpon
11,324,p1,0132,dragapult-ex,1624,dragapult-blaziken
11,325,p2,0439,dragapult-ex,0045,dragapult-dudunsparce
11,326,p1,1265,alakazam-dudunsparce,2054,festival-lead
11,327,p2,1467,raging-bolt-ogerpon,1487,alakazam-dudunsparce
11,328,p2,0252,raging-bolt-ogerpon,0397,lopunny-dudunsparce
11,329,p2,2120,starmie-dusknoir,0296,lopunny-dudunsparce
11,330,p1,1445,greninja-ex,0547,dragapult-dudunsparce
11,331,tie,1584,alakazam-dudunsparce,0019,lucario-hariyama
11,332,p2,1112,rockets-honchkrow,0058,festival-lead
11,333,p2,1898,dragapult-blaziken,1967,raging-bolt-ogerpon
11,334,p2,0204,raging-bolt-ogerpon,0508,okidogi-barbaracle
11,335,p2,0871,lopunny-dudunsparce,2117,cynthia-garchomp-ex
11,336,p1,1535,ogerpon-meganium-hydrapple,0810,crustle-dri
11,337,tie,1110,rocket-mewtwo-ex,0269,slowking-scr
11,338,p1,0864,dragapult-ex,1069,raging-bolt-ogerpon
11,339,p2,0333,basic-box-m,1072,festival-lead
11,340,p2,0052,ogerpon-meganium-hydrapple,0324,dragapult-blaziken
11,341,tie,1005,clefairy-ogerpon,1334,okidogi-barbaracle
11,342,p1,0243,dragapult-blaziken,0057,ogerpon-meganium-arboliva
11,343,p2,0627,dragapult-dudunsparce,1589,dragapult-ex
11,344,p2,0149,n-zoroark,0167,alakazam-dudunsparce
11,345,tie,1086,ogerpon-meganium-hydrapple,0347,dragapult-dudunsparce
11,346,p1,0578,dragapult-dudunsparce,0665,kangaskhan-bouffalant
11,347,p2,0290,alakazam-dudunsparce,1325,dragapult-ex
11,348,p2,1366,lucario-hariyama,1009,rockets-honchkrow
11,349,p1,1869,crustle-dri,0385,dragapult-ex
11,350,p1,1368,dragapult-dusknoir,0580,dragapult-dudunsparce
11,351,p1,1597,dragapult-dudunsparce,1932,rocket-mewtwo-ex
11,352,p1,1832,festival-lead,1904,other
11,353,p2,1362,grimmsnarl-froslass,2042,cynthia-garchomp-ex
11,354,p1,1889,dragapult-dusknoir,1806,raging-bolt-ogerpon
11,355,p2,2125,raging-bolt-ogerpon,1473,sharpedo-toxtricity
11,356,p1,2131,raging-bolt-ogerpon,0707,mega-lucario-ex
11,357,p1,0721,dragapult-dusknoir,0284,rocket-mewtwo-ex
11,358,p2,0869,dragapult-dudunsparce,1402,dragapult-dusknoir
11,359,p2,1204,festival-lead,0957,festival-lead
11,360,tie,1132,dragapult-blaziken,1312,rocket-mewtwo-ex
11,361,tie,0417,dragapult-dusknoir,1382,n-zoroark
11,362,tie,0007,dragapult-dusknoir,0444,lucario-hariyama
11,363,p2,1769,ogerpon-meganium-arboliva,1798,festival-lead
11,364,p1,0750,basic-box-m,1630,hops-trevenant
11,365,p2,1151,dragapult-dudunsparce,1963,alakazam-dudunsparce
11,366,p1,1499,lucario-hariyama,1118,dragapult-blaziken
11,367,p1,0767,dragapult-dudunsparce,0860,okidogi-barbaracle
11,368,p2,1634,lopunny-dudunsparce,0600,starmie-froslass
11,369,p2,0965,dragapult-blaziken,1258,dragapult-dudunsparce
11,370,p2,0140,raging-bolt-ogerpon,0974,greninja-ex
11,371,tie,0317,dragapult-ex,1482,kangaskhan-bouffalant
11,372,p1,0949,cynthia-garchomp-ex,1157,lopunny-dudunsparce
11,373,p1,2044,kangaskhan-bouffalant,1230,starmie-dusknoir
11,374,p2,1002,lopunny-dudunsparce,0828,festival-lead
11,375,p1,0490,ogerpon-meganium-arboliva,1975,cynthia-garchomp-ex
11,376,p1,1383,alakazam-dudunsparce,1186,dragapult-blaziken
11,377,p2,0938,n-zoroark,1221,clefairy-ogerpon
11,378,p2,0429,dragapult-dusknoir,0466,raging-bolt-ogerpon
11,379,tie,0126,lopunny-dudunsparce,0386,n-zoroark
11,380,p2,0306,alakazam-dudunsparce,1561,rocket-mewtwo-ex
11,381,p1,1238,dragapult-dudunsparce,0182,festival-lead
11,382,p2,0852,ogerpon-meganium-arboliva,0303,rocket-mewtwo-ex
11,383,p1,1497,dragapult-ex,1027,festival-lead
11,384,p1,1143,dragapult-dudunsparce,1078,raging-bolt-ogerpon
11,385,p2,2127,dragapult-ex,0146,dragapult-dusknoir
11,386,p1,1719,festival-lead,0207,rocket-mewtwo-ex
11,387,p2,1056,hops-trevenant,0059,alakazam-dudunsparce
11,388,tie,0829,alakazam-dudunsparce,2089,basic-box-m
11,389,p1,0171,dragapult-blaziken,0199,dragapult-ex
11,390,p1,0169,mega-lucario-ex,1662,lucario-hariyama
11,391,p2,1088,n-zoroark,0996,raging-bolt-ogerpon
11,392,p2,0457,lopunny-dudunsparce,1250,festival-lead
11,393,p1,0925,lopunny-dudunsparce,0669,lopunny-dudunsparce
11,394,p2,0501,dragapult-dudunsparce,0804,lopunny-dudunsparce
11,395,p1,1886,ogerpon-meganium-hydrapple,1899,festival-lead
11,396,tie,0314,dragapult-dusknoir,1958,rockets-honchkrow
11,397,p2,1218,starmie-froslass,1863,dragapult-dudunsparce
11,398,p1,0576,dragapult-blaziken,0824,dragapult-ex
11,399,p2,1280,lopunny-dudunsparce,1055,lucario-hariyama
11,400,p1,0684,dragapult-ex,0921,ogerpon-meganium-arboliva
11,401,p1,1689,ogerpon-meganium-hydrapple,0717,lucario-hariyama
11,402,p1,0563,mega-lucario-ex,1411,dragapult-dudunsparce
11,403,tie,1287,alakazam-dudunsparce,0335,dragapult-ex
11,404,p2,0935,dragapult-dusknoir,1528,dragapult-dudunsparce
11,405,p2,1643,starmie-froslass,0523,lopunny-dudunsparce
11,406,p2,0728,dragapult-ex,2107,alakazam-dudunsparce
11,407,p1,1349,dragapult-dusknoir,2031,dragapult-dudunsparce
11,408,p2,0341,raging-bolt-ogerpon,1190,raging-bolt-ogerpon
11,409,tie,0441,other,0087,dragapult-blaziken
11,410,tie,0080,dragapult-blaziken,0100,alakazam-dudunsparce
11,411,p2,0173,ogerpon-meganium-arboliva,1982,dragapult-ex
11,412,p1,0746,raging-bolt-ogerpon,0857,lopunny-dudunsparce
11,413,p1,1015,raging-bolt-ogerpon,0445,dragapult-dusknoir
11,414,p1,0960,festival-lead,1604,grimmsnarl-froslass
11,415,p1,0704,rocket-mewtwo-ex,1972,n-zoroark
11,416,p2,0592,cynthia-garchomp-ex,1720,alakazam-dudunsparce
11,417,p1,0574,slowking-scr,0124,dragapult-dudunsparce
11,418,p2,1292,lopunny-dudunsparce,0153,lopunny-dudunsparce
11,419,p1,0407,alakazam-dudunsparce,0504,dragapult-ex
11,420,p2,1553,rockets-honchkrow,1483,rocket-mewtwo-ex
11,421,tie,1195,dragapult-dudunsparce,1927,dragapult-dusknoir
11,422,p2,0298,dragapult-ex,1745,raging-bolt-ogerpon
11,423,p1,0291,alakazam-dudunsparce,0693,festival-lead
11,424,p1,1831,dragapult-dudunsparce,1933,lucario-hariyama
11,425,tie,1162,dragapult-ex,1067,lopunny-dudunsparce
11,426,p1,0050,archaludon-dudunsparce,1833,lopunny-dudunsparce
11,427,p2,0141,dragapult-ex,0635,festival-lead
11,428,p2,1489,crustle-dri,1396,lucario-hariyama
11,429,p1,2099,dragapult-blaziken,1521,dragapult-ex
11,430,p2,0413,rockets-honchkrow,0272,greninja-ex
11,431,p2,2132,lucario-hariyama,2040,ogerpon-meganium-hydrapple
11,432,p1,0817,dragapult-blaziken,0034,dragapult-dudunsparce
11,433,p2,0394,basic-box-m,1412,rocket-mewtwo-ex
11,434,p1,0492,dragapult-dusknoir,0319,rocket-mewtwo-ex
11,435,p1,0067,n-zoroark,2073,rockets-honchkrow
11,436,p1,1888,raging-bolt-ogerpon,0349,ogerpon-meganium-arboliva
11,437,p2,0942,crustle-dri,1751,dragapult-ex
11,438,p1,0497,dragapult-dudunsparce,0263,alakazam-dudunsparce
11,439,p2,0193,n-zoroark,1648,okidogi-barbaracle
11,440,p1,0371,festival-lead,1969,alakazam-dudunsparce
11,441,p1,1122,lopunny-dudunsparce,0866,ogerpon-meganium-arboliva
11,442,tie,1750,dragapult-blaziken,2067,mega-lucario-ex
11,443,p1,1158,dragapult-dusknoir,2050,raging-bolt-ogerpon
11,444,p1,0370,slowking-scr,0421,starmie-dusknoir
11,445,p1,0424,archaludon-dudunsparce,0440,greninja-ex
11,,unpaired,0714,dragapult-dudunsparce,,
12,251,p1,1477,rockets-honchkrow,0062,dragapult-dudunsparce
12,252,p1,0402,dragapult-ex,0064,lopunny-dudunsparce
12,253,p2,2119,alakazam-dudunsparce,1431,dragapult-dusknoir
12,254,p2,0485,alakazam-dudunsparce,0366,dragapult-ex
12,255,p2,0686,basic-box-m,1453,ethan-typhlosion
12,256,p1,1660,dragapult-ex,1253,dragapult-ex
12,257,p1,0068,dragapult-ex,2043,dragapult-ex
12,258,p2,0762,dragapult-blaziken,1085,cynthia-garchomp-ex
12,259,p1,0589,basic-box-m,1542,mega-lucario-ex
12,260,p2,0206,dragapult-ex,1435,dragapult-ex
12,261,p2,0212,mega-lucario-ex,1387,dragapult-dudunsparce
12,262,p1,1131,raging-bolt-ogerpon,0222,dragapult-ex
12,263,p2,2082,lopunny-dudunsparce,1743,dragapult-blaziken
12,264,p1,0026,ogerpon-meganium-hydrapple,1218,starmie-froslass
12,265,tie,0027,dragapult-ex,2089,basic-box-m
12,266,p1,2069,clefairy-ogerpon,1066,dragapult-ex
12,267,p2,1945,dragapult-blaziken,0819,raging-bolt-ogerpon
12,268,p1,0895,raging-bolt-ogerpon,1709,dragapult-ex
12,269,p2,0802,ogerpon-meganium-hydrapple,0023,dragapult-dusknoir
12,270,p1,1822,festival-lead,0954,lopunny-dudunsparce
12,271,p2,1249,lopunny-dudunsparce,0675,dragapult-ex
12,272,p2,1004,rockets-honchkrow,0232,ogerpon-meganium-hydrapple
12,273,p2,1753,raging-bolt-ogerpon,1788,dragapult-ex
12,274,p2,2007,dragapult-ex,0992,greninja-ex
12,275,p2,1433,starmie-froslass,1297,raging-bolt-ogerpon
12,276,p2,2080,dragapult-ex,0647,raging-bolt-ogerpon
12,277,p2,0166,lopunny-dudunsparce,1574,ogerpon-meganium-hydrapple
12,278,p1,0755,dragapult-dudunsparce,1771,raging-bolt-ogerpon
12,279,p2,0056,raging-bolt-ogerpon,0444,lucario-hariyama
12,280,p2,0963,dragapult-blaziken,0280,dragapult-ex
12,281,p2,0286,dragapult-dusknoir,1705,alakazam-dudunsparce
12,282,p1,1796,ogerpon-meganium-hydrapple,0364,festival-lead
12,283,p1,0138,n-zoroark,1100,dragapult-dusknoir
12,284,p1,0051,starmie-froslass,0516,ogerpon-meganium-hydrapple
12,285,p2,2090,n-zoroark,0710,diancie-dusknoir
12,286,p2,0513,lopunny-dudunsparce,0070,starmie-froslass
12,287,p2,0277,basic-box-m,1370,dragapult-dusknoir
12,288,p2,1202,other,1816,raging-bolt-ogerpon
12,289,p2,1082,raging-bolt-ogerpon,0210,dragapult-ex
12,290,p1,1754,dragapult-dusknoir,1180,ogerpon-meganium-hydrapple
12,291,p1,2121,mega-lucario-ex,1414,lopunny-dudunsparce
12,292,p2,1480,dragapult-dusknoir,2064,greninja-ex
12,293,p2,0045,dragapult-dudunsparce,1282,dragapult-dusknoir
12,294,p1,0111,alakazam-dudunsparce,0296,lopunny-dudunsparce
12,295,p1,0781,dragapult-blaziken,1358,festival-lead
12,296,p2,0397,lopunny-dudunsparce,2014,mega-lucario-ex
12,297,p1,1664,clefairy-ogerpon,0132,dragapult-ex
12,298,p1,1391,alakazam-dudunsparce,1487,alakazam-dudunsparce
12,299,p1,2026,starmie-dusknoir,1265,alakazam-dudunsparce
12,300,p1,1445,greninja-ex,1597,dragapult-dudunsparce
12,301,p1,2100,dragapult-dusknoir,1646,alakazam-dudunsparce
12,302,p2,1310,rocket-mewtwo-ex,1422,grimmsnarl-froslass
12,303,p1,1894,ogerpon-meganium-hydrapple,1072,festival-lead
12,304,p1,0864,dragapult-ex,1795,raging-bolt-ogerpon
12,305,p2,0488,dragapult-ex,1535,ogerpon-meganium-hydrapple
12,306,p2,0508,okidogi-barbaracle,0167,alakazam-dudunsparce
12,307,p2,1759,dragapult-ex,0324,dragapult-blaziken
12,308,p2,1368,dragapult-dusknoir,1325,dragapult-ex
12,309,p1,2076,rocket-mewtwo-ex,1942,alakazam-dudunsparce
12,310,tie,1589,dragapult-ex,1009,rockets-honchkrow
12,311,p1,1869,crustle-dri,1967,raging-bolt-ogerpon
12,312,p1,1875,alakazam-dudunsparce,0243,dragapult-blaziken
12,313,p2,2117,cynthia-garchomp-ex,0662,dragapult-dudunsparce
12,314,p2,0058,festival-lead,0310,n-zoroark
12,315,p1,1296,dragapult-ex,0578,dragapult-dudunsparce
12,316,p2,0767,dragapult-dudunsparce,1306,n-zoroark
12,317,p1,1863,dragapult-dudunsparce,0925,lopunny-dudunsparce
12,318,p1,0490,ogerpon-meganium-arboliva,1258,dragapult-dudunsparce
12,319,p1,0382,clefairy-ogerpon,0322,festival-lead
12,320,p1,1250,festival-lead,2131,raging-bolt-ogerpon
12,321,p1,1684,dragapult-blaziken,1947,dragapult-ex
12,322,p1,0773,dragapult-ex,0242,festival-lead
12,323,p1,2042,cynthia-garchomp-ex,0600,starmie-froslass
12,324,p1,1649,dragapult-ex,0751,okidogi-barbaracle
12,325,p2,0702,n-zoroark,0949,cynthia-garchomp-ex
12,326,p2,1424,lopunny-dudunsparce,1221,clefairy-ogerpon
12,327,tie,0750,basic-box-m,1845,tera-box
12,328,p1,0303,rocket-mewtwo-ex,0360,cynthia-garchomp-ex
12,329,p2,1383,alakazam-dudunsparce,1238,dragapult-dudunsparce
12,330,p2,2003,rocket-mewtwo-ex,0146,dragapult-dusknoir
12,331,p1,1798,festival-lead,1935,festival-lead
12,332,p1,1055,lucario-hariyama,1719,festival-lead
12,333,p1,1143,dragapult-dudunsparce,0721,dragapult-dusknoir
12,334,p2,0122,raging-bolt-ogerpon,0261,ogerpon-meganium-arboliva
12,335,p1,0171,dragapult-blaziken,0957,festival-lead
12,336,p2,1497,dragapult-ex,1473,sharpedo-toxtricity
12,337,p1,0561,rocket-mewtwo-ex,0273,dragapult-dusknoir
12,338,p2,0974,greninja-ex,0472,rocket-mewtwo-ex
12,339,p1,1561,rocket-mewtwo-ex,0828,festival-lead
12,340,p1,0688,n-zoroark,0804,lopunny-dudunsparce
12,341,tie,0059,alakazam-dudunsparce,2078,alakazam-dudunsparce
12,342,p1,0576,dragapult-blaziken,1693,ogerpon-meganium-arboliva
12,343,p2,1784,raging-bolt-ogerpon,2071,crustle-dri
12,344,p2,2086,dragapult-dudunsparce,1837,lucario-hariyama
12,345,p2,1886,ogerpon-meganium-hydrapple,0155,dragapult-dusknoir
12,346,p1,1499,lucario-hariyama,0736,lopunny-dudunsparce
12,347,p2,0630,basic-box-m,1315,raging-bolt-ogerpon
12,348,p2,0466,raging-bolt-ogerpon,0971,dragapult-ex
12,349,p2,1402,dragapult-dusknoir,0996,raging-bolt-ogerpon
12,350,p2,2044,kangaskhan-bouffalant,1889,dragapult-dusknoir
12,351,p1,1832,festival-lead,0223,festival-lead
12,352,p2,1025,starmie-froslass,0169,mega-lucario-ex
12,353,p2,1963,alakazam-dudunsparce,1467,raging-bolt-ogerpon
12,354,p1,0176,raging-bolt-ogerpon,0269,slowking-scr
12,355,p2,1030,festival-lead,1086,ogerpon-meganium-hydrapple
12,356,p2,1144,dragapult-blaziken,0387,dragapult-dudunsparce
12,357,tie,2120,starmie-dusknoir,1334,okidogi-barbaracle
12,358,p1,0347,dragapult-dudunsparce,0252,raging-bolt-ogerpon
12,359,p2,1005,clefairy-ogerpon,1584,alakazam-dudunsparce
12,360,p2,2054,festival-lead,0684,dragapult-ex
12,361,p2,1624,dragapult-blaziken,0650,lopunny-dudunsparce
12,362,p1,0019,lucario-hariyama,0439,dragapult-ex
12,363,p2,0563,mega-lucario-ex,1110,rocket-mewtwo-ex
12,364,tie,1689,ogerpon-meganium-hydrapple,1112,rockets-honchkrow
12,365,p1,0829,alakazam-dudunsparce,0385,dragapult-ex
12,366,p1,0627,dragapult-dudunsparce,1382,n-zoroark
12,367,tie,1010,festival-lead,0007,dragapult-dusknoir
12,368,tie,0746,raging-bolt-ogerpon,0291,alakazam-dudunsparce
12,369,p2,0960,festival-lead,1482,kangaskhan-bouffalant
12,370,p1,1069,raging-bolt-ogerpon,0810,crustle-dri
12,371,p1,0314,dragapult-dusknoir,2107,alakazam-dudunsparce
12,372,p2,0665,kangaskhan-bouffalant,0704,rocket-mewtwo-ex
12,373,p1,1982,dragapult-ex,0386,n-zoroark
12,374,p1,1349,dragapult-dusknoir,0407,alakazam-dudunsparce
12,375,p2,0547,dragapult-dudunsparce,0580,dragapult-dudunsparce
12,376,p2,0153,lopunny-dudunsparce,0149,n-zoroark
12,377,p1,1312,rocket-mewtwo-ex,2013,mega-lucario-ex
12,378,tie,0290,alakazam-dudunsparce,1015,raging-bolt-ogerpon
12,379,p1,1831,dragapult-dudunsparce,0714,dragapult-dudunsparce
12,380,p1,0574,slowking-scr,1898,dragapult-blaziken
12,381,p1,1483,rocket-mewtwo-ex,1720,alakazam-dudunsparce
12,382,p2,1366,lucario-hariyama,1190,raging-bolt-ogerpon
12,383,p1,0052,ogerpon-meganium-hydrapple,0126,lopunny-dudunsparce
12,384,tie,1958,rockets-honchkrow,1528,dragapult-dudunsparce
12,385,p1,0523,lopunny-dudunsparce,0333,basic-box-m
12,386,p2,0057,ogerpon-meganium-arboliva,0417,dragapult-dusknoir
12,387,p2,0871,lopunny-dudunsparce,1745,raging-bolt-ogerpon
12,388,p2,0317,dragapult-ex,0204,raging-bolt-ogerpon
12,389,tie,1132,dragapult-blaziken,1634,lopunny-dudunsparce
12,390,p2,0852,ogerpon-meganium-arboliva,1904,other
12,391,p1,0182,festival-lead,0284,rocket-mewtwo-ex
12,392,p2,0429,dragapult-dusknoir,0424,archaludon-dudunsparce
12,393,p2,1078,raging-bolt-ogerpon,0492,dragapult-dusknoir
12,394,p2,0860,okidogi-barbaracle,0669,lopunny-dudunsparce
12,395,p1,0824,dragapult-ex,2127,dragapult-ex
12,396,p2,0272,greninja-ex,0707,mega-lucario-ex
12,397,p1,1287,alakazam-dudunsparce,0371,festival-lead
12,398,p2,1362,grimmsnarl-froslass,2125,raging-bolt-ogerpon
12,399,p1,1122,lopunny-dudunsparce,1412,rocket-mewtwo-ex
12,400,p2,0306,alakazam-dudunsparce,1932,rocket-mewtwo-ex
12,401,p2,1204,festival-lead,1002,lopunny-dudunsparce
12,402,p1,1118,dragapult-blaziken,0199,dragapult-ex
12,403,p1,1806,raging-bolt-ogerpon,1158,dragapult-dusknoir
12,404,tie,1157,lopunny-dudunsparce,2040,ogerpon-meganium-hydrapple
12,405,p2,1280,lopunny-dudunsparce,1396,lucario-hariyama
12,406,p1,0457,lopunny-dudunsparce,1769,ogerpon-meganium-arboliva
12,407,p2,0938,n-zoroark,1975,cynthia-garchomp-ex
12,408,p2,0370,slowking-scr,1630,hops-trevenant
12,409,p1,0965,dragapult-blaziken,0635,festival-lead
12,410,p2,0140,raging-bolt-ogerpon,0817,dragapult-blaziken
12,411,p2,1056,hops-trevenant,0497,dragapult-dudunsparce
12,412,p2,1230,starmie-dusknoir,0050,archaludon-dudunsparce
12,413,p1,1186,dragapult-blaziken,1151,dragapult-dudunsparce
12,414,p2,1662,lucario-hariyama,0335,dragapult-ex
12,415,p2,0207,rocket-mewtwo-ex,1899,festival-lead
12,416,p1,0869,dragapult-dudunsparce,2099,dragapult-blaziken
12,417,p1,0501,dragapult-dudunsparce,1888,raging-bolt-ogerpon
12,418,p2,0067,n-zoroark,1751,dragapult-ex
12,419,p2,1088,n-zoroark,1027,festival-lead
12,420,p2,1648,okidogi-barbaracle,1411,dragapult-dudunsparce
12,421,p1,0717,lucario-hariyama,0087,dragapult-blaziken
12,422,tie,1927,dragapult-dusknoir,0441,other
12,423,p2,1791,crustle-dri,0080,dragapult-blaziken
12,424,tie,1195,dragapult-dudunsparce,0100,alakazam-dudunsparce
12,425,p1,1067,lopunny-dudunsparce,0935,dragapult-dusknoir
12,426,p2,1162,dragapult-ex,0921,ogerpon-meganium-arboliva
12,427,p2,1972,n-zoroark,1933,lucario-hariyama
12,428,p1,0857,lopunny-dudunsparce,0504,dragapult-ex
12,429,p2,1604,grimmsnarl-froslass,1553,rockets-honchkrow
12,430,p1,2067,mega-lucario-ex,1104,raging-bolt-ogerpon
12,431,p2,1750,dragapult-blaziken,0124,dragapult-dudunsparce
12,432,p1,0341,raging-bolt-ogerpon,0592,cynthia-garchomp-ex
12,433,p1,2031,dragapult-dudunsparce,1292,lopunny-dudunsparce
12,434,tie,0728,dragapult-ex,0173,ogerpon-meganium-arboliva
12,435,p2,1643,starmie-froslass,0445,dragapult-dusknoir
12,436,p1,1833,lopunny-dudunsparce,0193,n-zoroark
12,437,p2,0319,rocket-mewtwo-ex,0942,crustle-dri
12,438,p1,0141,dragapult-ex,0349,ogerpon-meganium-arboliva
12,439,p2,0421,starmie-dusknoir,2050,raging-bolt-ogerpon
12,440,p1,0413,rockets-honchkrow,2132,lucario-hariyama
12,441,p2,1489,crustle-dri,2073,rockets-honchkrow
12,442,p2,0394,basic-box-m,0263,alakazam-dudunsparce
12,443,tie,0866,ogerpon-meganium-arboliva,1969,alakazam-dudunsparce
12,444,p1,0034,dragapult-dudunsparce,0440,greninja-ex
12,,bye,1521,dragapult-ex,,
13,251,tie,1477,rockets-honchkrow,0402,dragapult-ex
13,252,p1,1660,dragapult-ex,1453,ethan-typhlosion
13,253,p1,0366,dragapult-ex,1431,dragapult-dusknoir
13,254,p1,0589,basic-box-m,0068,dragapult-ex
13,255,p2,1085,cynthia-garchomp-ex,0062,dragapult-dudunsparce
13,256,p1,0064,lopunny-dudunsparce,1435,dragapult-ex
13,257,p1,1743,dragapult-blaziken,0819,raging-bolt-ogerpon
13,258,p2,2069,clefairy-ogerpon,1387,dragapult-dudunsparce
13,259,p2,1131,raging-bolt-ogerpon,0675,dragapult-ex
13,260,p2,1705,alakazam-dudunsparce,0138,n-zoroark
13,261,p1,1370,dragapult-dusknoir,1788,dragapult-ex
13,262,p2,1574,ogerpon-meganium-hydrapple,1297,raging-bolt-ogerpon
13,263,tie,0232,ogerpon-meganium-hydrapple,0686,basic-box-m
13,264,p2,1904,other,0026,ogerpon-meganium-hydrapple
13,265,tie,0027,dragapult-ex,1624,dragapult-blaziken
13,266,p2,1796,ogerpon-meganium-hydrapple,0280,dragapult-ex
13,267,p2,0992,greninja-ex,0895,raging-bolt-ogerpon
13,268,p2,1822,festival-lead,0755,dragapult-dudunsparce
13,269,p2,1816,raging-bolt-ogerpon,0710,diancie-dusknoir
13,270,tie,0210,dragapult-ex,0647,raging-bolt-ogerpon
13,271,p1,1253,dragapult-ex,1754,dragapult-dusknoir
13,272,p1,2119,alakazam-dudunsparce,0023,dragapult-dusknoir
13,273,tie,0485,alakazam-dudunsparce,1542,mega-lucario-ex
13,274,p2,1445,greninja-ex,1282,dragapult-dusknoir
13,275,p2,2121,mega-lucario-ex,0111,alakazam-dudunsparce
13,276,p2,2026,starmie-dusknoir,2014,mega-lucario-ex
13,277,p1,2064,greninja-ex,0762,dragapult-blaziken
13,278,p1,2043,dragapult-ex,1391,alakazam-dudunsparce
13,279,p2,0056,raging-bolt-ogerpon,0810,crustle-dri
13,280,p2,1664,clefairy-ogerpon,0781,dragapult-blaziken
13,281,p2,0222,dragapult-ex,0167,alakazam-dudunsparce
13,282,p1,2076,rocket-mewtwo-ex,0324,dragapult-blaziken
13,283,p1,0206,dragapult-ex,2082,lopunny-dudunsparce
13,284,p1,0051,starmie-froslass,1358,festival-lead
13,285,p1,2100,dragapult-dusknoir,0662,dragapult-dudunsparce
13,286,p1,0513,lopunny-dudunsparce,1759,dragapult-ex
13,287,p1,1296,dragapult-ex,0310,n-zoroark
13,288,p2,1875,alakazam-dudunsparce,1325,dragapult-ex
13,289,p1,1894,ogerpon-meganium-hydrapple,1066,dragapult-ex
13,290,p2,1422,grimmsnarl-froslass,1945,dragapult-blaziken
13,291,p2,1869,crustle-dri,0070,starmie-froslass
13,292,p2,1535,ogerpon-meganium-hydrapple,0212,mega-lucario-ex
13,293,p2,0864,dragapult-ex,1649,dragapult-ex
13,294,p1,0155,dragapult-dusknoir,2080,dragapult-ex
13,295,p1,1561,rocket-mewtwo-ex,2042,cynthia-garchomp-ex
13,296,p2,0971,dragapult-ex,0277,basic-box-m
13,297,p1,1221,clefairy-ogerpon,1709,dragapult-ex
13,298,p1,0576,dragapult-blaziken,1315,raging-bolt-ogerpon
13,299,p2,1004,rockets-honchkrow,0802,ogerpon-meganium-hydrapple
13,300,p2,0996,raging-bolt-ogerpon,0171,dragapult-blaziken
13,301,p1,0472,rocket-mewtwo-ex,1863,dragapult-dudunsparce
13,302,p2,1473,sharpedo-toxtricity,1889,dragapult-dusknoir
13,303,p2,1771,raging-bolt-ogerpon,1798,festival-lead
13,304,p2,0490,ogerpon-meganium-arboliva,1055,lucario-hariyama
13,305,p2,1433,starmie-froslass,0261,ogerpon-meganium-arboliva
13,306,p1,1832,festival-lead,0561,rocket-mewtwo-ex
13,307,p1,1082,raging-bolt-ogerpon,1143,dragapult-dudunsparce
13,308,p1,1499,lucario-hariyama,2007,dragapult-ex
13,309,p2,1306,n-zoroark,2071,crustle-dri
13,310,p2,1249,lopunny-dudunsparce,1753,raging-bolt-ogerpon
13,311,p2,0688,n-zoroark,0364,festival-lead
13,312,p2,0954,lopunny-dudunsparce,0773,dragapult-ex
13,313,p2,1250,festival-lead,0963,dragapult-blaziken
13,314,p2,1180,ogerpon-meganium-hydrapple,1100,dragapult-dusknoir
13,315,p1,1238,dragapult-dudunsparce,0169,mega-lucario-ex
13,316,p2,1837,lucario-hariyama,0382,clefairy-ogerpon
13,317,p2,1202,other,0166,lopunny-dudunsparce
13,318,p2,0146,dragapult-dusknoir,2090,n-zoroark
13,319,p1,0949,cynthia-garchomp-ex,0286,dragapult-dusknoir
13,320,p2,0303,rocket-mewtwo-ex,1684,dragapult-blaziken
13,321,p2,0296,lopunny-dudunsparce,1487,alakazam-dudunsparce
13,322,p2,1086,ogerpon-meganium-hydrapple,1009,rockets-honchkrow
13,323,tie,1584,alakazam-dudunsparce,0387,dragapult-dudunsparce
13,324,p2,0019,lucario-hariyama,0176,raging-bolt-ogerpon
13,325,p1,0684,dragapult-ex,0347,dragapult-dudunsparce
13,326,p2,1110,rocket-mewtwo-ex,1467,raging-bolt-ogerpon
13,327,p1,0045,dragapult-dudunsparce,0650,lopunny-dudunsparce
13,328,p2,1480,dragapult-dusknoir,1414,lopunny-dudunsparce
13,329,tie,0132,dragapult-ex,0397,lopunny-dudunsparce
13,330,p1,1265,alakazam-dudunsparce,1589,dragapult-ex
13,331,p2,1349,dragapult-dusknoir,1967,raging-bolt-ogerpon
13,332,p1,0058,festival-lead,1190,raging-bolt-ogerpon
13,333,p2,1482,kangaskhan-bouffalant,0750,basic-box-m
13,334,p2,2117,cynthia-garchomp-ex,0417,dragapult-dusknoir
13,335,p2,0059,alakazam-dudunsparce,1982,dragapult-ex
13,336,p1,1368,dragapult-dusknoir,0243,dragapult-blaziken
13,337,p2,1942,alakazam-dudunsparce,1483,rocket-mewtwo-ex
13,338,p1,1069,raging-bolt-ogerpon,1312,rocket-mewtwo-ex
13,339,p2,1745,raging-bolt-ogerpon,0829,alakazam-dudunsparce
13,340,p1,0052,ogerpon-meganium-hydrapple,1072,festival-lead
13,341,p2,2078,alakazam-dudunsparce,0578,dragapult-dudunsparce
13,342,p2,0627,dragapult-dudunsparce,0488,dragapult-ex
13,343,p2,1597,dragapult-dudunsparce,0444,lucario-hariyama
13,344,p2,1310,rocket-mewtwo-ex,0523,lopunny-dudunsparce
13,345,p2,0574,slowking-scr,1845,tera-box
13,346,p1,0580,dragapult-dudunsparce,0314,dragapult-dusknoir
13,347,tie,0149,n-zoroark,0704,rocket-mewtwo-ex
13,348,p1,1646,alakazam-dudunsparce,1831,dragapult-dudunsparce
13,349,tie,0204,raging-bolt-ogerpon,1795,raging-bolt-ogerpon
13,350,p2,0508,okidogi-barbaracle,0630,basic-box-m
13,351,p2,2120,starmie-dusknoir,2044,kangaskhan-bouffalant
13,352,p1,1784,raging-bolt-ogerpon,0817,dragapult-blaziken
13,353,p2,0702,n-zoroark,1424,lopunny-dudunsparce
13,354,tie,1719,festival-lead,1334,okidogi-barbaracle
13,355,p2,2086,dragapult-dudunsparce,1693,ogerpon-meganium-arboliva
13,356,p1,1932,rocket-mewtwo-ex,1396,lucario-hariyama
13,357,p1,0965,dragapult-blaziken,2003,rocket-mewtwo-ex
13,358,p1,0767,dragapult-dudunsparce,0360,cynthia-garchomp-ex
13,359,tie,1122,lopunny-dudunsparce,1751,dragapult-ex
13,360,p2,0182,festival-lead,0751,okidogi-barbaracle
13,361,p2,0457,lopunny-dudunsparce,0869,dragapult-dudunsparce
13,362,p2,1383,alakazam-dudunsparce,0322,festival-lead
13,363,p1,1287,alakazam-dudunsparce,2125,raging-bolt-ogerpon
13,364,p1,0492,dragapult-dusknoir,1118,dragapult-blaziken
13,365,p2,0501,dragapult-dudunsparce,1630,hops-trevenant
13,366,p2,1963,alakazam-dudunsparce,1947,dragapult-ex
13,367,p1,0122,raging-bolt-ogerpon,0707,mega-lucario-ex
13,368,p1,1027,festival-lead,1899,festival-lead
13,369,p2,0424,archaludon-dudunsparce,0335,dragapult-ex
13,370,p2,0974,greninja-ex,0824,dragapult-ex
13,371,p1,0736,lopunny-dudunsparce,1002,lopunny-dudunsparce
13,372,p2,0828,festival-lead,0497,dragapult-dudunsparce
13,373,p2,0669,lopunny-dudunsparce,0242,festival-lead
13,374,p2,0804,lopunny-dudunsparce,0957,festival-lead
13,375,p2,0925,lopunny-dudunsparce,1935,festival-lead
13,376,p2,1975,cynthia-garchomp-ex,0223,festival-lead
13,377,p1,0466,raging-bolt-ogerpon,1258,dragapult-dudunsparce
13,378,p1,0273,dragapult-dusknoir,0600,starmie-froslass
13,379,p1,1886,ogerpon-meganium-hydrapple,1402,dragapult-dusknoir
13,380,p1,2131,raging-bolt-ogerpon,1025,starmie-froslass
13,381,p1,1186,dragapult-blaziken,0721,dragapult-dusknoir
13,382,p1,1497,dragapult-ex,1806,raging-bolt-ogerpon
13,383,p2,0050,archaludon-dudunsparce,1689,ogerpon-meganium-hydrapple
13,384,p2,0007,dragapult-dusknoir,0291,alakazam-dudunsparce
13,385,tie,1958,rockets-honchkrow,0921,ogerpon-meganium-arboliva
13,386,p1,1005,clefairy-ogerpon,1030,festival-lead
13,387,p1,0080,dragapult-blaziken,1112,rockets-honchkrow
13,388,p1,0717,lucario-hariyama,1015,raging-bolt-ogerpon
13,389,p1,0269,slowking-scr,0746,raging-bolt-ogerpon
13,390,p2,1067,lopunny-dudunsparce,0563,mega-lucario-ex
13,391,p1,0439,dragapult-ex,2054,festival-lead
13,392,p1,1411,dragapult-dudunsparce,0252,raging-bolt-ogerpon
13,393,p2,1010,festival-lead,1144,dragapult-blaziken
13,394,p2,1132,dragapult-blaziken,1528,dragapult-dudunsparce
13,395,p2,0516,ogerpon-meganium-hydrapple,0290,alakazam-dudunsparce
13,396,p2,0665,kangaskhan-bouffalant,1157,lopunny-dudunsparce
13,397,p1,1898,dragapult-blaziken,1553,rockets-honchkrow
13,398,p1,0871,lopunny-dudunsparce,0126,lopunny-dudunsparce
13,399,p1,0407,alakazam-dudunsparce,2031,dragapult-dudunsparce
13,400,p2,0333,basic-box-m,0124,dragapult-dudunsparce
13,401,p1,0153,lopunny-dudunsparce,0960,festival-lead
13,402,p2,0857,lopunny-dudunsparce,0714,dragapult-dudunsparce
13,403,p1,2107,alakazam-dudunsparce,0547,dragapult-dudunsparce
13,404,p2,1382,n-zoroark,2067,mega-lucario-ex
13,405,p2,2040,ogerpon-meganium-hydrapple,1366,lucario-hariyama
13,406,p2,2013,mega-lucario-ex,0385,dragapult-ex
13,407,p2,0057,ogerpon-meganium-arboliva,0341,raging-bolt-ogerpon
13,408,p1,1933,lucario-hariyama,0317,dragapult-ex
13,409,p2,0445,dragapult-dusknoir,0386,n-zoroark
13,410,p2,1634,lopunny-dudunsparce,1521,dragapult-ex
13,411,p2,1151,dragapult-dudunsparce,0140,raging-bolt-ogerpon
13,412,p2,1078,raging-bolt-ogerpon,0860,okidogi-barbaracle
13,413,p2,0852,ogerpon-meganium-arboliva,2050,raging-bolt-ogerpon
13,414,p2,0272,greninja-ex,0067,n-zoroark
13,415,p1,0371,festival-lead,1088,n-zoroark
13,416,p2,0263,alakazam-dudunsparce,0413,rockets-honchkrow
13,417,p2,0207,rocket-mewtwo-ex,1362,grimmsnarl-froslass
13,418,p1,0441,other,1218,starmie-froslass
13,419,p2,2127,dragapult-ex,1888,raging-bolt-ogerpon
13,420,p2,0199,dragapult-ex,1769,ogerpon-meganium-arboliva
13,421,p2,1648,okidogi-barbaracle,1833,lopunny-dudunsparce
13,422,p1,2099,dragapult-blaziken,1280,lopunny-dudunsparce
13,423,p1,0370,slowking-scr,0284,rocket-mewtwo-ex
13,424,p1,0938,n-zoroark,1204,festival-lead
13,425,p2,1412,rocket-mewtwo-ex,1927,dragapult-dusknoir
13,426,p2,0100,alakazam-dudunsparce,0942,crustle-dri
13,427,p1,1158,dragapult-dusknoir,2073,rockets-honchkrow
13,428,p1,0141,dragapult-ex,0034,dragapult-dudunsparce
13,429,tie,1195,dragapult-dudunsparce,0635,festival-lead
13,430,p2,1230,starmie-dusknoir,0429,dragapult-dusknoir
13,431,p2,1056,hops-trevenant,0306,alakazam-dudunsparce
13,432,tie,0087,dragapult-blaziken,1791,crustle-dri
13,433,p2,0935,dragapult-dusknoir,0173,ogerpon-meganium-arboliva
13,434,p1,0728,dragapult-ex,1162,dragapult-ex
13,435,p1,1104,raging-bolt-ogerpon,1604,grimmsnarl-froslass
13,436,tie,1969,alakazam-dudunsparce,0592,cynthia-garchomp-ex
13,437,p2,0866,ogerpon-meganium-arboliva,1972,n-zoroark
13,438,p2,1292,lopunny-dudunsparce,1750,dragapult-blaziken
13,439,p2,0421,starmie-dusknoir,0394,basic-box-m
13,440,p2,0440,greninja-ex,0193,n-zoroark
13,441,p1,1489,crustle-dri,0319,rocket-mewtwo-ex
13,442,p1,0349,ogerpon-meganium-arboliva,2132,lucario-hariyama
14,251,tie,1660,dragapult-ex,1477,rockets-honchkrow
14,252,tie,0366,dragapult-ex,0589,basic-box-m
14,253,p1,0402,dragapult-ex,1387,dragapult-dudunsparce
14,254,p1,0064,lopunny-dudunsparce,1743,dragapult-blaziken
14,255,p2,0062,dragapult-dudunsparce,0138,n-zoroark
14,256,p1,1253,dragapult-ex,0755,dragapult-dudunsparce
14,257,tie,2119,alakazam-dudunsparce,0710,diancie-dusknoir
14,258,p1,1431,dragapult-dusknoir,1297,raging-bolt-ogerpon
14,259,p1,0280,dragapult-ex,1370,dragapult-dusknoir
14,260,p2,1453,ethan-typhlosion,0675,dragapult-ex
14,261,p2,0895,raging-bolt-ogerpon,0111,alakazam-dudunsparce
14,262,p1,1085,cynthia-garchomp-ex,1282,dragapult-dusknoir
14,263,tie,2043,dragapult-ex,0781,dragapult-blaziken
14,264,p1,1693,ogerpon-meganium-arboliva,0026,ogerpon-meganium-hydrapple
14,265,p1,0669,lopunny-dudunsparce,0027,dragapult-ex
14,266,p2,2014,mega-lucario-ex,2064,greninja-ex
14,267,p2,0068,dragapult-ex,2076,rocket-mewtwo-ex
14,268,p1,0485,alakazam-dudunsparce,1296,dragapult-ex
14,269,p2,1945,dragapult-blaziken,2069,clefairy-ogerpon
14,270,tie,2100,dragapult-dusknoir,1325,dragapult-ex
14,271,p1,1131,raging-bolt-ogerpon,0206,dragapult-ex
14,272,p2,0212,mega-lucario-ex,0819,raging-bolt-ogerpon
14,273,p2,1894,ogerpon-meganium-hydrapple,0210,dragapult-ex
14,274,p2,1435,dragapult-ex,0232,ogerpon-meganium-hydrapple
14,275,p1,0167,alakazam-dudunsparce,0647,raging-bolt-ogerpon
14,276,p2,0686,basic-box-m,0070,starmie-froslass
14,277,p1,0155,dragapult-dusknoir,1561,rocket-mewtwo-ex
14,278,p1,0364,festival-lead,1055,lucario-hariyama
14,279,p1,0746,raging-bolt-ogerpon,0056,raging-bolt-ogerpon
14,280,p1,0802,ogerpon-meganium-hydrapple,1788,dragapult-ex
14,281,p1,0576,dragapult-blaziken,1798,festival-lead
14,282,p2,1796,ogerpon-meganium-hydrapple,0963,dragapult-blaziken
14,283,p2,2071,crustle-dri,1238,dragapult-dudunsparce
14,284,p1,0051,starmie-froslass,1664,clefairy-ogerpon
14,285,tie,1649,dragapult-ex,1705,alakazam-dudunsparce
14,286,p2,0513,lopunny-dudunsparce,1066,dragapult-ex
14,287,p2,1221,clefairy-ogerpon,1100,dragapult-dusknoir
14,288,p1,1753,raging-bolt-ogerpon,0023,dragapult-dusknoir
14,289,p1,0472,rocket-mewtwo-ex,1889,dragapult-dusknoir
14,290,p1,1822,festival-lead,1542,mega-lucario-ex
14,291,p1,0773,dragapult-ex,0382,clefairy-ogerpon
14,292,p2,1082,raging-bolt-ogerpon,1574,ogerpon-meganium-hydrapple
14,293,p2,0261,ogerpon-meganium-arboliva,0166,lopunny-dudunsparce
14,294,p2,2090,n-zoroark,1832,festival-lead
14,295,p1,0992,greninja-ex,1684,dragapult-blaziken
14,296,p1,0949,cynthia-garchomp-ex,0171,dragapult-blaziken
14,297,tie,1754,dragapult-dusknoir,1816,raging-bolt-ogerpon
14,298,p2,1499,lucario-hariyama,0277,basic-box-m
14,299,p1,1009,rockets-honchkrow,1391,alakazam-dudunsparce
14,300,p2,1414,lopunny-dudunsparce,1487,alakazam-dudunsparce
14,301,p2,0176,raging-bolt-ogerpon,2121,mega-lucario-ex
14,302,p1,0762,dragapult-blaziken,1445,greninja-ex
14,303,p2,1265,alakazam-dudunsparce,0045,dragapult-dudunsparce
14,304,p2,2026,starmie-dusknoir,0684,dragapult-ex
14,305,p2,1467,raging-bolt-ogerpon,2082,lopunny-dudunsparce
14,306,p1,0222,dragapult-ex,1483,rocket-mewtwo-ex
14,307,p2,1535,ogerpon-meganium-hydrapple,1875,alakazam-dudunsparce
14,308,p1,1069,raging-bolt-ogerpon,0058,festival-lead
14,309,p2,1646,alakazam-dudunsparce,1422,grimmsnarl-froslass
14,310,tie,1982,dragapult-ex,1845,tera-box
14,311,p1,0750,basic-box-m,0324,dragapult-blaziken
14,312,p1,0662,dragapult-dudunsparce,0310,n-zoroark
14,313,p2,0578,dragapult-dudunsparce,0444,lucario-hariyama
14,314,p2,0417,dragapult-dusknoir,0488,dragapult-ex
14,315,p1,0052,ogerpon-meganium-hydrapple,0523,lopunny-dudunsparce
14,316,p1,1869,crustle-dri,0580,dragapult-dudunsparce
14,317,p2,0864,dragapult-ex,0829,alakazam-dudunsparce
14,318,p1,1967,raging-bolt-ogerpon,1368,dragapult-dusknoir
14,319,p1,1143,dragapult-dudunsparce,1202,other
14,320,p2,1584,alakazam-dudunsparce,2044,kangaskhan-bouffalant
14,321,p1,0146,dragapult-dusknoir,1424,lopunny-dudunsparce
14,322,p1,0169,mega-lucario-ex,1771,raging-bolt-ogerpon
14,323,p2,0303,rocket-mewtwo-ex,0223,festival-lead
14,324,p1,1287,alakazam-dudunsparce,1689,ogerpon-meganium-hydrapple
14,325,p2,0322,festival-lead,0273,dragapult-dusknoir
14,326,p1,0965,dragapult-blaziken,1315,raging-bolt-ogerpon
14,327,p1,1709,dragapult-ex,1932,rocket-mewtwo-ex
14,328,p2,0751,okidogi-barbaracle,0954,lopunny-dudunsparce
14,329,p2,1433,starmie-froslass,0466,raging-bolt-ogerpon
14,330,p1,0824,dragapult-ex,0490,ogerpon-meganium-arboliva
14,331,p1,0630,basic-box-m,1837,lucario-hariyama
14,332,p2,1947,dragapult-ex,0286,dragapult-dusknoir
14,333,p1,1250,festival-lead,0688,n-zoroark
14,334,p2,1863,dragapult-dudunsparce,0561,rocket-mewtwo-ex
14,335,p1,2080,dragapult-ex,0957,festival-lead
14,336,p2,2007,dragapult-ex,1180,ogerpon-meganium-hydrapple
14,337,tie,1186,dragapult-blaziken,0387,dragapult-dudunsparce
14,338,p1,1004,rockets-honchkrow,0492,dragapult-dusknoir
14,339,p1,0736,lopunny-dudunsparce,0335,dragapult-ex
14,340,p2,0767,dragapult-dudunsparce,0122,raging-bolt-ogerpon
14,341,p2,0132,dragapult-ex,2042,cynthia-garchomp-ex
14,342,p2,0242,festival-lead,0497,dragapult-dudunsparce
14,343,tie,1306,n-zoroark,1630,hops-trevenant
14,344,p1,1027,festival-lead,1784,raging-bolt-ogerpon
14,345,p1,1886,ogerpon-meganium-hydrapple,1473,sharpedo-toxtricity
14,346,p2,0971,dragapult-ex,1935,festival-lead
14,347,p2,0996,raging-bolt-ogerpon,2131,raging-bolt-ogerpon
14,348,tie,0397,lopunny-dudunsparce,1497,dragapult-ex
14,349,p2,1249,lopunny-dudunsparce,0869,dragapult-dudunsparce
14,350,p2,0563,mega-lucario-ex,0439,dragapult-ex
14,351,tie,1411,dragapult-dudunsparce,0290,alakazam-dudunsparce
14,352,p2,1005,clefairy-ogerpon,0149,n-zoroark
14,353,p1,0650,lopunny-dudunsparce,0204,raging-bolt-ogerpon
14,354,p1,1589,dragapult-ex,0717,lucario-hariyama
14,355,p2,1110,rocket-mewtwo-ex,1480,dragapult-dusknoir
14,356,tie,1795,raging-bolt-ogerpon,0296,lopunny-dudunsparce
14,357,p1,0269,slowking-scr,0347,dragapult-dudunsparce
14,358,p1,1144,dragapult-blaziken,1528,dragapult-dudunsparce
14,359,tie,0291,alakazam-dudunsparce,0019,lucario-hariyama
14,360,tie,0080,dragapult-blaziken,0704,rocket-mewtwo-ex
14,361,p1,1358,festival-lead,1086,ogerpon-meganium-hydrapple
14,362,p1,0314,dragapult-dusknoir,1482,kangaskhan-bouffalant
14,363,tie,0810,crustle-dri,0124,dragapult-dudunsparce
14,364,p2,1334,okidogi-barbaracle,0508,okidogi-barbaracle
14,365,p1,0341,raging-bolt-ogerpon,1310,rocket-mewtwo-ex
14,366,p2,1719,festival-lead,0871,lopunny-dudunsparce
14,367,p2,1349,dragapult-dusknoir,1942,alakazam-dudunsparce
14,368,tie,1190,raging-bolt-ogerpon,1122,lopunny-dudunsparce
14,369,p1,0243,dragapult-blaziken,1072,festival-lead
14,370,p2,1157,lopunny-dudunsparce,1933,lucario-hariyama
14,371,p2,1751,dragapult-ex,0627,dragapult-dudunsparce
14,372,tie,0153,lopunny-dudunsparce,1759,dragapult-ex
14,373,p1,0407,alakazam-dudunsparce,0574,slowking-scr
14,374,p2,0714,dragapult-dudunsparce,0386,n-zoroark
14,375,p1,2078,alakazam-dudunsparce,2117,cynthia-garchomp-ex
14,376,p1,1898,dragapult-blaziken,1831,dragapult-dudunsparce
14,377,p2,1366,lucario-hariyama,1312,rocket-mewtwo-ex
14,378,p2,0385,dragapult-ex,2107,alakazam-dudunsparce
14,379,p2,2067,mega-lucario-ex,0059,alakazam-dudunsparce
14,380,p1,1745,raging-bolt-ogerpon,1002,lopunny-dudunsparce
14,381,p1,1958,rockets-honchkrow,1904,other
14,382,p1,2086,dragapult-dudunsparce,0860,okidogi-barbaracle
14,383,p1,0067,n-zoroark,0370,slowking-scr
14,384,p2,0938,n-zoroark,1258,dragapult-dudunsparce
14,385,p2,0921,ogerpon-meganium-arboliva,2099,dragapult-blaziken
14,386,p2,2125,raging-bolt-ogerpon,0925,lopunny-dudunsparce
14,387,p1,0182,festival-lead,1769,ogerpon-meganium-arboliva
14,388,p1,0441,other,1158,dragapult-dusknoir
14,389,p2,1362,grimmsnarl-froslass,1624,dragapult-blaziken
14,390,p1,1888,raging-bolt-ogerpon,0360,cynthia-garchomp-ex
14,391,p1,1402,dragapult-dusknoir,0371,festival-lead
14,392,p2,0424,archaludon-dudunsparce,0457,lopunny-dudunsparce
14,393,p2,0974,greninja-ex,1806,raging-bolt-ogerpon
14,394,p1,2003,rocket-mewtwo-ex,0141,dragapult-ex
14,395,tie,1521,dragapult-ex,1833,lopunny-dudunsparce
14,396,p1,0140,raging-bolt-ogerpon,2120,starmie-dusknoir
14,397,p2,1383,alakazam-dudunsparce,1975,cynthia-garchomp-ex
14,398,p2,0804,lopunny-dudunsparce,0306,alakazam-dudunsparce
14,399,p2,0702,n-zoroark,1963,alakazam-dudunsparce
14,400,p2,0817,dragapult-blaziken,0721,dragapult-dusknoir
14,401,p2,0501,dragapult-dudunsparce,0707,mega-lucario-ex
14,402,p1,0942,crustle-dri,1025,starmie-froslass
14,403,p1,1396,lucario-hariyama,0600,starmie-froslass
14,404,p2,0828,festival-lead,1899,festival-lead
14,405,p1,2050,raging-bolt-ogerpon,0050,archaludon-dudunsparce
14,406,p2,1118,dragapult-blaziken,1927,dragapult-dusknoir
14,407,p2,0413,rockets-honchkrow,0429,dragapult-dusknoir
14,408,p1,1030,festival-lead,0516,ogerpon-meganium-hydrapple
14,409,p2,0728,dragapult-ex,1015,raging-bolt-ogerpon
14,410,p2,0173,ogerpon-meganium-arboliva,0252,raging-bolt-ogerpon
14,411,tie,0007,dragapult-dusknoir,1132,dragapult-blaziken
14,412,p1,2054,festival-lead,1112,rockets-honchkrow
14,413,p1,1067,lopunny-dudunsparce,1010,festival-lead
14,414,p1,2031,dragapult-dudunsparce,1553,rockets-honchkrow
14,415,p2,0317,dragapult-ex,1972,n-zoroark
14,416,p1,2040,ogerpon-meganium-hydrapple,1382,n-zoroark
14,417,p1,1750,dragapult-blaziken,0665,kangaskhan-bouffalant
14,418,p1,1195,dragapult-dudunsparce,0126,lopunny-dudunsparce
14,419,p1,0333,basic-box-m,0445,dragapult-dusknoir
14,420,p2,0857,lopunny-dudunsparce,2013,mega-lucario-ex
14,421,p2,0547,dragapult-dudunsparce,1634,lopunny-dudunsparce
14,422,p1,0635,festival-lead,0960,festival-lead
14,423,p2,1104,raging-bolt-ogerpon,0057,ogerpon-meganium-arboliva
14,424,p1,1218,starmie-froslass,1791,crustle-dri
14,425,tie,0087,dragapult-blaziken,0100,alakazam-dudunsparce
14,426,p1,1412,rocket-mewtwo-ex,0263,alakazam-dudunsparce
14,427,p2,1489,crustle-dri,1280,lopunny-dudunsparce
14,428,p1,0207,rocket-mewtwo-ex,1078,raging-bolt-ogerpon
14,429,p1,0199,dragapult-ex,0852,ogerpon-meganium-arboliva
14,430,p1,0034,dragapult-dudunsparce,1204,festival-lead
14,431,p1,2127,dragapult-ex,2073,rockets-honchkrow
14,432,p1,1230,starmie-dusknoir,0349,ogerpon-meganium-arboliva
14,433,p2,0193,n-zoroark,0394,basic-box-m
14,434,p2,1648,okidogi-barbaracle,1088,n-zoroark
14,435,p1,1056,hops-trevenant,0272,greninja-ex
14,436,p1,1151,dragapult-dudunsparce,0284,rocket-mewtwo-ex
14,437,p2,1969,alakazam-dudunsparce,0935,dragapult-dusknoir
14,438,tie,0592,cynthia-garchomp-ex,1162,dragapult-ex
14,439,p1,0866,ogerpon-meganium-arboliva,1292,lopunny-dudunsparce
14,440,p2,1604,grimmsnarl-froslass,0440,greninja-ex
14,441,p2,0421,starmie-dusknoir,2132,lucario-hariyama
14,,bye,0319,rocket-mewtwo-ex,,
15,251,p1,1431,dragapult-dusknoir,0138,n-zoroark
15,252,p1,0589,basic-box-m,1253,dragapult-ex
15,253,p2,0280,dragapult-ex,0675,dragapult-ex
15,,bye,0402,dragapult-ex,,
15,,bye,1660,dragapult-ex,,
15,,bye,0064,lopunny-dudunsparce,,
15,,bye,1477,rockets-honchkrow,,
15,,bye,0366,dragapult-ex,,
16,251,p1,0402,dragapult-ex,1431,dragapult-dusknoir
16,252,p2,1660,dragapult-ex,0064,lopunny-dudunsparce
16,253,p1,1477,rockets-honchkrow,0589,basic-box-m
16,254,p1,0675,dragapult-ex,0366,dragapult-ex
17,251,p2,0402,dragapult-ex,0064,lopunny-dudunsparce
17,252,p2,1477,rockets-honchkrow,0675,dragapult-ex
18,251,p1,0064,lopunny-dudunsparce,0675,dragapult-ex
