card_id,set_id,code,number,name,supertype,subtypes,regulation_mark,hp,types,evolves_from,rarity,functional_id
swsh1-1,swsh1,SSH,1,Celebi V,Pokémon,Basic|V,D,180,Grass,,Rare Holo V,cd4a2d19cd06
swsh1-2,swsh1,SSH,2,Roselia,Pokémon,Basic,D,70,Grass,,Common,6414799dcd99
swsh1-3,swsh1,SSH,3,Roselia,Pokémon,Basic,D,70,Grass,,Common,3a3c582b750d
swsh1-4,swsh1,SSH,4,Roserade,Pokémon,Stage 1,D,120,Grass,Roselia,Rare,9b603750b928
swsh1-5,swsh1,SSH,5,Cottonee,Pokémon,Basic,D,60,Grass,,Common,f443deb16a55
swsh1-6,swsh1,SSH,6,Whimsicott,Pokémon,Stage 1,D,100,Grass,Cottonee,Rare,f5939f3a0748
swsh1-7,swsh1,SSH,7,Maractus,Pokémon,Basic,D,110,Grass,,Common,a49af7d6ad17
swsh1-8,swsh1,SSH,8,Durant,Pokémon,Basic,D,110,Grass,,Rare,58d23c4b1c7f
swsh1-9,swsh1,SSH,9,Dhelmise V,Pokémon,Basic|V,D,220,Grass,,Rare Holo V,798fb0bbe26d
swsh1-10,swsh1,SSH,10,Grookey,Pokémon,Basic,D,60,Grass,,Common,502c113d0a65
swsh1-11,swsh1,SSH,11,Grookey,Pokémon,Basic,D,70,Grass,,Common,78d678fa36e8
swsh1-12,swsh1,SSH,12,Thwackey,Pokémon,Stage 1,D,100,Grass,Grookey,Uncommon,ed564a1d89a5
swsh1-13,swsh1,SSH,13,Thwackey,Pokémon,Stage 1,D,100,Grass,Grookey,Uncommon,c0886c1689b7
swsh1-14,swsh1,SSH,14,Rillaboom,Pokémon,Stage 2,D,170,Grass,Thwackey,Rare Holo,ef0b002cdf52
swsh1-15,swsh1,SSH,15,Rillaboom,Pokémon,Stage 2,D,190,Grass,Thwackey,Rare,07ae32ce597f
swsh1-16,swsh1,SSH,16,Blipbug,Pokémon,Basic,D,50,Grass,,Common,3c6b6e237590
swsh1-17,swsh1,SSH,17,Blipbug,Pokémon,Basic,D,40,Grass,,Common,5ba11d266b4c
swsh1-18,swsh1,SSH,18,Dottler,Pokémon,Stage 1,D,70,Grass,Blipbug,Uncommon,27f9e43f6768
swsh1-19,swsh1,SSH,19,Orbeetle,Pokémon,Stage 2,D,130,Grass,Dottler,Rare,dc5b92808ee1
swsh1-20,swsh1,SSH,20,Gossifleur,Pokémon,Basic,D,50,Grass,,Common,35c14957d875
swsh1-21,swsh1,SSH,21,Eldegoss,Pokémon,Stage 1,D,80,Grass,Gossifleur,Uncommon,fffab1e47b20
swsh1-22,swsh1,SSH,22,Vulpix,Pokémon,Basic,D,70,Fire,,Common,a4b31fa1773e
swsh1-23,swsh1,SSH,23,Ninetales,Pokémon,Stage 1,D,120,Fire,Vulpix,Rare,707bebc5b20e
swsh1-24,swsh1,SSH,24,Torkoal V,Pokémon,Basic|V,D,210,Fire,,Rare Holo V,9049e6fddaea
swsh1-25,swsh1,SSH,25,Victini V,Pokémon,Basic|V,D,190,Fire,,Rare Holo V,bbd711d46ee2
swsh1-26,swsh1,SSH,26,Heatmor,Pokémon,Basic,D,110,Fire,,Uncommon,818b3e3bcecd
swsh1-27,swsh1,SSH,27,Salandit,Pokémon,Basic,D,70,Fire,,Common,9e25e6eb8533
swsh1-28,swsh1,SSH,28,Salazzle,Pokémon,Stage 1,D,120,Fire,Salandit,Uncommon,6c0a972a6846
swsh1-29,swsh1,SSH,29,Turtonator,Pokémon,Basic,D,130,Fire,,Rare,67fe4da3d2e7
swsh1-30,swsh1,SSH,30,Scorbunny,Pokémon,Basic,D,60,Fire,,Common,fab6f1a7ad0e
swsh1-31,swsh1,SSH,31,Scorbunny,Pokémon,Basic,D,70,Fire,,Common,a663914b3444
swsh1-32,swsh1,SSH,32,Raboot,Pokémon,Stage 1,D,90,Fire,Scorbunny,Uncommon,6e1978a4c2a5
swsh1-33,swsh1,SSH,33,Raboot,Pokémon,Stage 1,D,90,Fire,Scorbunny,Uncommon,44fa522b2a6a
swsh1-34,swsh1,SSH,34,Cinderace,Pokémon,Stage 2,D,170,Fire,Raboot,Rare Holo,302ca9f9f38a
swsh1-35,swsh1,SSH,35,Cinderace,Pokémon,Stage 2,D,170,Fire,Raboot,Rare Holo,a4f09f487100
swsh1-36,swsh1,SSH,36,Cinderace,Pokémon,Stage 2,D,170,Fire,Raboot,Rare,5ea1479c7ad0
swsh1-37,swsh1,SSH,37,Sizzlipede,Pokémon,Basic,D,70,Fire,,Common,582d74b8e1c7
swsh1-38,swsh1,SSH,38,Sizzlipede,Pokémon,Basic,D,70,Fire,,Common,6ff1003cbb34
swsh1-39,swsh1,SSH,39,Centiskorch,Pokémon,Stage 1,D,130,Fire,Sizzlipede,Rare,ba639588a851
swsh1-40,swsh1,SSH,40,Shellder,Pokémon,Basic,D,70,Water,,Common,74dad3885a46
swsh1-41,swsh1,SSH,41,Cloyster,Pokémon,Stage 1,D,130,Water,Shellder,Rare,543966f6db47
swsh1-42,swsh1,SSH,42,Krabby,Pokémon,Basic,D,80,Water,,Common,3d03790f9981
swsh1-43,swsh1,SSH,43,Krabby,Pokémon,Basic,D,80,Water,,Common,2e0773d14896
swsh1-44,swsh1,SSH,44,Kingler,Pokémon,Stage 1,D,130,Water,Krabby,Uncommon,add43dafd8aa
swsh1-45,swsh1,SSH,45,Goldeen,Pokémon,Basic,D,70,Water,,Common,32163e4077af
swsh1-46,swsh1,SSH,46,Goldeen,Pokémon,Basic,D,70,Water,,Common,44c4d35c5bc3
swsh1-47,swsh1,SSH,47,Seaking,Pokémon,Stage 1,D,110,Water,Goldeen,Uncommon,8e2fa0f6dad8
swsh1-48,swsh1,SSH,48,Lapras,Pokémon,Basic,D,130,Water,,Rare,2c252e407736
swsh1-49,swsh1,SSH,49,Lapras V,Pokémon,Basic|V,D,210,Water,,Rare Holo V,b8851bf2d316
swsh1-50,swsh1,SSH,50,Lapras VMAX,Pokémon,VMAX,D,320,Water,Lapras V,Rare Holo VMAX,f5f3d8c86a61
swsh1-51,swsh1,SSH,51,Qwilfish,Pokémon,Basic,D,90,Water,,Uncommon,b2caf73abe4c
swsh1-52,swsh1,SSH,52,Mantine,Pokémon,Basic,D,110,Water,,Uncommon,41f97ce28b5c
swsh1-53,swsh1,SSH,53,Keldeo V,Pokémon,Basic|V,D,210,Water,,Rare Holo V,3a15fe0c80c0
swsh1-54,swsh1,SSH,54,Sobble,Pokémon,Basic,D,60,Water,,Common,068e01a80538
swsh1-55,swsh1,SSH,55,Sobble,Pokémon,Basic,D,70,Water,,Common,e4939af2153a
swsh1-56,swsh1,SSH,56,Drizzile,Pokémon,Stage 1,D,90,Water,Sobble,Uncommon,6999ceeac968
swsh1-57,swsh1,SSH,57,Drizzile,Pokémon,Stage 1,D,90,Water,Sobble,Uncommon,ddf90e6cfda0
swsh1-58,swsh1,SSH,58,Inteleon,Pokémon,Stage 2,D,160,Water,Drizzile,Rare Holo,d1db4a7af4a6
swsh1-59,swsh1,SSH,59,Inteleon,Pokémon,Stage 2,D,160,Water,Drizzile,Rare,977ad090ca34
swsh1-60,swsh1,SSH,60,Chewtle,Pokémon,Basic,D,80,Water,,Common,92b9e0c2c1da
swsh1-61,swsh1,SSH,61,Drednaw,Pokémon,Stage 1,D,130,Water,Chewtle,Rare,30c1482eb1a7
swsh1-62,swsh1,SSH,62,Cramorant,Pokémon,Basic,D,110,Water,,Rare,9d585f6a4c03
swsh1-63,swsh1,SSH,63,Snom,Pokémon,Basic,D,50,Water,,Common,1dce9b3ff9dc
swsh1-64,swsh1,SSH,64,Frosmoth,Pokémon,Stage 1,D,90,Water,Snom,Rare Holo,385460ef12c5
swsh1-65,swsh1,SSH,65,Pikachu,Pokémon,Basic,D,60,Lightning,,Common,c23d25520b4d
swsh1-66,swsh1,SSH,66,Raichu,Pokémon,Stage 1,D,130,Lightning,Pikachu,Rare,91ea1ee3fd3f
swsh1-67,swsh1,SSH,67,Chinchou,Pokémon,Basic,D,70,Lightning,,Common,6f96e6fba901
swsh1-68,swsh1,SSH,68,Chinchou,Pokémon,Basic,D,60,Lightning,,Common,da9839e06445
swsh1-69,swsh1,SSH,69,Lanturn,Pokémon,Stage 1,D,120,Lightning,Chinchou,Rare,55b592ef3280
swsh1-70,swsh1,SSH,70,Joltik,Pokémon,Basic,D,50,Lightning,,Common,aa7da4d7f160
swsh1-71,swsh1,SSH,71,Galvantula,Pokémon,Stage 1,D,100,Lightning,Joltik,Uncommon,cedb8982e8c3
swsh1-72,swsh1,SSH,72,Tapu Koko V,Pokémon,Basic|V,D,200,Lightning,,Rare Holo V,9129c9b2d59f
swsh1-73,swsh1,SSH,73,Yamper,Pokémon,Basic,D,70,Lightning,,Common,c1d4542068d7
swsh1-74,swsh1,SSH,74,Yamper,Pokémon,Basic,D,70,Lightning,,Common,33f988f3feed
swsh1-75,swsh1,SSH,75,Boltund,Pokémon,Stage 1,D,130,Lightning,Yamper,Rare Holo,d193204dfec1
swsh1-76,swsh1,SSH,76,Boltund,Pokémon,Stage 1,D,120,Lightning,Yamper,Rare Holo,c9c10b1b1ea8
swsh1-77,swsh1,SSH,77,Pincurchin,Pokémon,Basic,D,80,Lightning,,Common,43b292374697
swsh1-78,swsh1,SSH,78,Morpeko,Pokémon,Basic,D,90,Lightning,,Rare,3c0ecedfedd6
swsh1-79,swsh1,SSH,79,Morpeko V,Pokémon,Basic|V,D,170,Lightning,,Rare Holo V,a0ec0ad3b318
swsh1-80,swsh1,SSH,80,Morpeko VMAX,Pokémon,VMAX,D,300,Lightning,Morpeko V,Rare Holo VMAX,fea6215d08d8
swsh1-81,swsh1,SSH,81,Galarian Ponyta,Pokémon,Basic,D,70,Psychic,,Common,508d292ad3b3
swsh1-82,swsh1,SSH,82,Galarian Rapidash,Pokémon,Stage 1,D,100,Psychic,Galarian Ponyta,Rare,a9d7c4feac13
swsh1-83,swsh1,SSH,83,Gastly,Pokémon,Basic,D,60,Psychic,,Common,17180ab5484e
swsh1-84,swsh1,SSH,84,Haunter,Pokémon,Stage 1,D,70,Psychic,Gastly,Uncommon,b50ede134cc8
swsh1-85,swsh1,SSH,85,Gengar,Pokémon,Stage 2,D,110,Psychic,Haunter,Rare Holo,5546f73e8b49
swsh1-86,swsh1,SSH,86,Wobbuffet V,Pokémon,Basic|V,D,220,Psychic,,Rare Holo V,ebf5e0060b6f
swsh1-87,swsh1,SSH,87,Munna,Pokémon,Basic,D,70,Psychic,,Common,700e382964ae
swsh1-88,swsh1,SSH,88,Musharna,Pokémon,Stage 1,D,120,Psychic,Munna,Rare,79fc1887398f
swsh1-89,swsh1,SSH,89,Sinistea,Pokémon,Basic,D,30,Psychic,,Common,3729c476cb6f
swsh1-90,swsh1,SSH,90,Polteageist,Pokémon,Stage 1,D,60,Psychic,Sinistea,Rare,be8f3a2c228c
swsh1-91,swsh1,SSH,91,Indeedee V,Pokémon,Basic|V,D,180,Psychic,,Rare Holo V,b71886940972
swsh1-92,swsh1,SSH,92,Diglett,Pokémon,Basic,D,60,Fighting,,Common,ca817f168a2a
swsh1-93,swsh1,SSH,93,Dugtrio,Pokémon,Stage 1,D,90,Fighting,Diglett,Uncommon,e7ed254b51e8
swsh1-94,swsh1,SSH,94,Hitmonlee,Pokémon,Basic,D,120,Fighting,,Uncommon,a524614d34c7
swsh1-95,swsh1,SSH,95,Hitmonchan,Pokémon,Basic,D,120,Fighting,,Uncommon,6680d4c1dc37
swsh1-96,swsh1,SSH,96,Rhyhorn,Pokémon,Basic,D,100,Fighting,,Common,e864b8843233
swsh1-97,swsh1,SSH,97,Rhyhorn,Pokémon,Basic,D,90,Fighting,,Common,cec4a7d4522e
swsh1-98,swsh1,SSH,98,Rhydon,Pokémon,Stage 1,D,120,Fighting,Rhyhorn,Uncommon,257cead56fed
swsh1-99,swsh1,SSH,99,Rhyperior,Pokémon,Stage 2,D,190,Fighting,Rhydon,Rare Holo,c8b915e90b93
swsh1-100,swsh1,SSH,100,Sudowoodo,Pokémon,Basic,D,100,Fighting,,Uncommon,904801043463
swsh1-101,swsh1,SSH,101,Baltoy,Pokémon,Basic,D,70,Fighting,,Common,ede8abe32f00
swsh1-102,swsh1,SSH,102,Baltoy,Pokémon,Basic,D,60,Fighting,,Common,3f66deb5bb7b
swsh1-103,swsh1,SSH,103,Claydol,Pokémon,Stage 1,D,120,Fighting,Baltoy,Rare,0e5149444d5d
swsh1-104,swsh1,SSH,104,Regirock V,Pokémon,Basic|V,D,220,Fighting,,Rare Holo V,6846c0323191
swsh1-105,swsh1,SSH,105,Mudbray,Pokémon,Basic,D,80,Fighting,,Common,b52142397894
swsh1-106,swsh1,SSH,106,Mudsdale,Pokémon,Stage 1,D,150,Fighting,Mudbray,Rare,4583b89b58cf
swsh1-107,swsh1,SSH,107,Silicobra,Pokémon,Basic,D,80,Fighting,,Common,da34e4690e7e
swsh1-108,swsh1,SSH,108,Silicobra,Pokémon,Basic,D,70,Fighting,,Common,c76ecfa81164
swsh1-109,swsh1,SSH,109,Sandaconda,Pokémon,Stage 1,D,140,Fighting,Silicobra,Rare,e27d38a11490
swsh1-110,swsh1,SSH,110,Sandaconda,Pokémon,Stage 1,D,130,Fighting,Silicobra,Rare Holo,aa129a6b3862
swsh1-111,swsh1,SSH,111,Clobbopus,Pokémon,Basic,D,60,Fighting,,Common,781cfc505cb9
swsh1-112,swsh1,SSH,112,Clobbopus,Pokémon,Basic,D,80,Fighting,,Common,e6d1c8819abc
swsh1-113,swsh1,SSH,113,Grapploct,Pokémon,Stage 1,D,130,Fighting,Clobbopus,Rare,7c1e3518a4ad
swsh1-114,swsh1,SSH,114,Stonjourner,Pokémon,Basic,D,120,Fighting,,Rare,cff36897111e
swsh1-115,swsh1,SSH,115,Stonjourner V,Pokémon,Basic|V,D,220,Fighting,,Rare Holo V,9ea4a24320fa
swsh1-116,swsh1,SSH,116,Stonjourner VMAX,Pokémon,VMAX,D,330,Fighting,Stonjourner V,Rare Holo VMAX,a7b4b9a62b45
swsh1-117,swsh1,SSH,117,Galarian Zigzagoon,Pokémon,Basic,D,70,Darkness,,Common,5c68a766a1dc
swsh1-118,swsh1,SSH,118,Galarian Linoone,Pokémon,Stage 1,D,100,Darkness,Galarian Zigzagoon,Uncommon,de4964454bf5
swsh1-119,swsh1,SSH,119,Galarian Obstagoon,Pokémon,Stage 2,D,160,Darkness,Galarian Linoone,Rare Holo,540955ffb4db
swsh1-120,swsh1,SSH,120,Sableye V,Pokémon,Basic|V,D,170,Darkness,,Rare Holo V,08f1f60a5558
swsh1-121,swsh1,SSH,121,Skorupi,Pokémon,Basic,D,80,Darkness,,Common,fd67c51dfa83
swsh1-122,swsh1,SSH,122,Drapion,Pokémon,Stage 1,D,140,Darkness,Skorupi,Rare,e919d027e19e
swsh1-123,swsh1,SSH,123,Croagunk,Pokémon,Basic,D,70,Darkness,,Common,86f3d7322ccd
swsh1-124,swsh1,SSH,124,Toxicroak,Pokémon,Stage 1,D,110,Darkness,Croagunk,Rare Holo,50e1215a193c
swsh1-125,swsh1,SSH,125,Nickit,Pokémon,Basic,D,70,Darkness,,Common,c704837cb4f2
swsh1-126,swsh1,SSH,126,Thievul,Pokémon,Stage 1,D,100,Darkness,Nickit,Rare,62504bb75571
swsh1-127,swsh1,SSH,127,Galarian Meowth,Pokémon,Basic,D,70,Metal,,Common,2506090df5bd
swsh1-128,swsh1,SSH,128,Galarian Perrserker,Pokémon,Stage 1,D,120,Metal,Galarian Meowth,Rare Holo,5b33283b75c2
swsh1-129,swsh1,SSH,129,Mawile,Pokémon,Basic,D,90,Metal,,Common,1d22437923e4
swsh1-130,swsh1,SSH,130,Ferroseed,Pokémon,Basic,D,70,Metal,,Common,0421af56b21e
swsh1-131,swsh1,SSH,131,Ferrothorn,Pokémon,Stage 1,D,130,Metal,Ferroseed,Uncommon,0884a6026edc
swsh1-132,swsh1,SSH,132,Galarian Stunfisk,Pokémon,Basic,D,120,Metal,,Uncommon,40b64797d193
swsh1-133,swsh1,SSH,133,Pawniard,Pokémon,Basic,D,70,Metal,,Common,a81317167882
swsh1-134,swsh1,SSH,134,Bisharp,Pokémon,Stage 1,D,120,Metal,Pawniard,Uncommon,fbe206378481
swsh1-135,swsh1,SSH,135,Corviknight,Pokémon,Stage 2,D,170,Metal,Corvisquire,Rare,1ebd987e9dda
swsh1-136,swsh1,SSH,136,Cufant,Pokémon,Basic,D,100,Metal,,Common,d54fc282d9dd
swsh1-137,swsh1,SSH,137,Copperajah,Pokémon,Stage 1,D,190,Metal,Cufant,Rare Holo,4116f8676da7
swsh1-138,swsh1,SSH,138,Zacian V,Pokémon,Basic|V,D,220,Metal,,Rare Holo V,53bc36e6e9e6
swsh1-139,swsh1,SSH,139,Zamazenta V,Pokémon,Basic|V,D,230,Metal,,Rare Holo V,c634fe5f06c2
swsh1-140,swsh1,SSH,140,Snorlax,Pokémon,Basic,D,150,Colorless,,Rare,6e99da24c26b
swsh1-141,swsh1,SSH,141,Snorlax V,Pokémon,Basic|V,D,220,Colorless,,Rare Holo V,082e31a280f4
swsh1-142,swsh1,SSH,142,Snorlax VMAX,Pokémon,VMAX,D,340,Colorless,Snorlax V,Rare Holo VMAX,f30791511dc2
swsh1-143,swsh1,SSH,143,Hoothoot,Pokémon,Basic,D,70,Colorless,,Common,d0853eeacb00
swsh1-144,swsh1,SSH,144,Noctowl,Pokémon,Stage 1,D,110,Colorless,Hoothoot,Rare,82263e0e1e94
swsh1-145,swsh1,SSH,145,Minccino,Pokémon,Basic,D,70,Colorless,,Common,203adadb9504
swsh1-146,swsh1,SSH,146,Minccino,Pokémon,Basic,D,60,Colorless,,Common,b649932d4547
swsh1-147,swsh1,SSH,147,Cinccino,Pokémon,Stage 1,D,90,Colorless,Minccino,Rare,5f19d1e1650e
swsh1-148,swsh1,SSH,148,Oranguru,Pokémon,Basic,D,120,Colorless,,Rare Holo,8cfde548bea3
swsh1-149,swsh1,SSH,149,Drampa,Pokémon,Basic,D,130,Colorless,,Rare,427decf1e94f
swsh1-150,swsh1,SSH,150,Rookidee,Pokémon,Basic,D,60,Colorless,,Common,16d0935ff273
swsh1-151,swsh1,SSH,151,Corvisquire,Pokémon,Stage 1,D,80,Colorless,Rookidee,Uncommon,3b82bd27c124
swsh1-152,swsh1,SSH,152,Wooloo,Pokémon,Basic,D,70,Colorless,,Common,be9bd569bbea
swsh1-153,swsh1,SSH,153,Wooloo,Pokémon,Basic,D,70,Colorless,,Common,3a7656ce467b
swsh1-154,swsh1,SSH,154,Dubwool,Pokémon,Stage 1,D,130,Colorless,Wooloo,Uncommon,4fc7ebdace2d
swsh1-155,swsh1,SSH,155,Cramorant V,Pokémon,Basic|V,D,200,Colorless,,Rare Holo V,d607a9502d92
swsh1-156,swsh1,SSH,156,Air Balloon,Trainer,Pokémon Tool,D,,,,Uncommon,d5195d25baf6
swsh1-157,swsh1,SSH,157,Bede,Trainer,Supporter,D,,,,Uncommon,669af4aa86c7
swsh1-158,swsh1,SSH,158,Big Charm,Trainer,Pokémon Tool,D,,,,Uncommon,37a9b973dc74
swsh1-159,swsh1,SSH,159,Crushing Hammer,Trainer,Item,D,,,,Uncommon,b2b78553107f
swsh1-160,swsh1,SSH,160,Energy Retrieval,Trainer,Item,D,,,,Uncommon,8954b3071828
swsh1-161,swsh1,SSH,161,Energy Search,Trainer,Item,D,,,,Uncommon,48ec6b01f17b
swsh1-162,swsh1,SSH,162,Energy Switch,Trainer,Item,D,,,,Uncommon,8468f21119cc
swsh1-163,swsh1,SSH,163,Evolution Incense,Trainer,Item,D,,,,Uncommon,81bca6a018c7
swsh1-164,swsh1,SSH,164,Great Ball,Trainer,Item,D,,,,Uncommon,5751e84ff013
swsh1-165,swsh1,SSH,165,Hop,Trainer,Supporter,D,,,,Uncommon,529340cfca9a
swsh1-166,swsh1,SSH,166,Hyper Potion,Trainer,Item,D,,,,Uncommon,8ac2eff92713
swsh1-167,swsh1,SSH,167,Lucky Egg,Trainer,Pokémon Tool,D,,,,Uncommon,6ca7ad98570d
swsh1-168,swsh1,SSH,168,Lum Berry,Trainer,Pokémon Tool,D,,,,Uncommon,7f1436577e89
swsh1-169,swsh1,SSH,169,Marnie,Trainer,Supporter,D,,,,Rare Holo,93a16f6b8bda
swsh1-170,swsh1,SSH,170,Metal Saucer,Trainer,Item,D,,,,Uncommon,0aa60a5d252b
swsh1-171,swsh1,SSH,171,Ordinary Rod,Trainer,Item,D,,,,Uncommon,fe4ef0afe1c4
swsh1-172,swsh1,SSH,172,Pal Pad,Trainer,Item,D,,,,Uncommon,86618db2fcba
swsh1-173,swsh1,SSH,173,Poké Kid,Trainer,Supporter,D,,,,Uncommon,c9cf7743913a
swsh1-174,swsh1,SSH,174,Pokégear 3.0,Trainer,Item,D,,,,Uncommon,f96a702397ec
swsh1-175,swsh1,SSH,175,Pokémon Catcher,Trainer,Item,D,,,,Uncommon,6e02182c874a
swsh1-176,swsh1,SSH,176,Pokémon Center Lady,Trainer,Supporter,D,,,,Uncommon,d2a0a7956cad
swsh1-177,swsh1,SSH,177,Potion,Trainer,Item,D,,,,Uncommon,69f07683c39b
swsh1-178,swsh1,SSH,178,Professor's Research (Professor Magnolia),Trainer,Supporter,D,,,,Rare Holo,f2b21bf3fd60
swsh1-179,swsh1,SSH,179,Quick Ball,Trainer,Item,D,,,,Uncommon,f53a0cad814f
swsh1-180,swsh1,SSH,180,Rare Candy,Trainer,Item,D,,,,Uncommon,9857fbd6f8d3
swsh1-181,swsh1,SSH,181,Rotom Bike,Trainer,Item,D,,,,Uncommon,241bd25e6d28
swsh1-182,swsh1,SSH,182,Sitrus Berry,Trainer,Pokémon Tool,D,,,,Uncommon,5dac7cbd6505
swsh1-183,swsh1,SSH,183,Switch,Trainer,Item,D,,,,Uncommon,431905d775bf
swsh1-184,swsh1,SSH,184,Team Yell Grunt,Trainer,Supporter,D,,,,Uncommon,e9e5e5d2082b
swsh1-185,swsh1,SSH,185,Vitality Band,Trainer,Pokémon Tool,D,,,,Uncommon,9f65260b4b86
swsh1-186,swsh1,SSH,186,Aurora Energy,Energy,Special,D,,,,Uncommon,86bf180540c0
swsh1-187,swsh1,SSH,187,Dhelmise V,Pokémon,Basic|V,D,220,Grass,,Rare Ultra,798fb0bbe26d
swsh1-188,swsh1,SSH,188,Torkoal V,Pokémon,Basic|V,D,210,Fire,,Rare Ultra,9049e6fddaea
swsh1-189,swsh1,SSH,189,Lapras V,Pokémon,Basic|V,D,210,Water,,Rare Ultra,b8851bf2d316
swsh1-190,swsh1,SSH,190,Morpeko V,Pokémon,Basic|V,D,170,Lightning,,Rare Ultra,a0ec0ad3b318
swsh1-191,swsh1,SSH,191,Wobbuffet V,Pokémon,Basic|V,D,220,Psychic,,Rare Ultra,ebf5e0060b6f
swsh1-192,swsh1,SSH,192,Indeedee V,Pokémon,Basic|V,D,180,Psychic,,Rare Ultra,b71886940972
swsh1-193,swsh1,SSH,193,Stonjourner V,Pokémon,Basic|V,D,220,Fighting,,Rare Ultra,9ea4a24320fa
swsh1-194,swsh1,SSH,194,Sableye V,Pokémon,Basic|V,D,170,Darkness,,Rare Ultra,08f1f60a5558
swsh1-195,swsh1,SSH,195,Zacian V,Pokémon,Basic|V,D,220,Metal,,Rare Ultra,53bc36e6e9e6
swsh1-196,swsh1,SSH,196,Zamazenta V,Pokémon,Basic|V,D,230,Metal,,Rare Ultra,c634fe5f06c2
swsh1-197,swsh1,SSH,197,Snorlax V,Pokémon,Basic|V,D,220,Colorless,,Rare Ultra,082e31a280f4
swsh1-198,swsh1,SSH,198,Cramorant V,Pokémon,Basic|V,D,200,Colorless,,Rare Ultra,d607a9502d92
swsh1-199,swsh1,SSH,199,Bede,Trainer,Supporter,D,,,,Rare Ultra,669af4aa86c7
swsh1-200,swsh1,SSH,200,Marnie,Trainer,Supporter,D,,,,Rare Ultra,93a16f6b8bda
swsh1-201,swsh1,SSH,201,Professor's Research (Professor Magnolia),Trainer,Supporter,D,,,,Rare Ultra,f2b21bf3fd60
swsh1-202,swsh1,SSH,202,Team Yell Grunt,Trainer,Supporter,D,,,,Rare Ultra,e9e5e5d2082b
swsh1-203,swsh1,SSH,203,Lapras VMAX,Pokémon,VMAX,D,320,Water,Lapras V,Rare Rainbow,f5f3d8c86a61
swsh1-204,swsh1,SSH,204,Morpeko VMAX,Pokémon,VMAX,D,300,Lightning,Morpeko V,Rare Rainbow,fea6215d08d8
swsh1-205,swsh1,SSH,205,Stonjourner VMAX,Pokémon,VMAX,D,330,Fighting,Stonjourner V,Rare Rainbow,a7b4b9a62b45
swsh1-206,swsh1,SSH,206,Snorlax VMAX,Pokémon,VMAX,D,340,Colorless,Snorlax V,Rare Rainbow,f30791511dc2
swsh1-207,swsh1,SSH,207,Bede,Trainer,Supporter,D,,,,Rare Rainbow,669af4aa86c7
swsh1-208,swsh1,SSH,208,Marnie,Trainer,Supporter,D,,,,Rare Rainbow,93a16f6b8bda
swsh1-209,swsh1,SSH,209,Professor's Research (Professor Magnolia),Trainer,Supporter,D,,,,Rare Rainbow,f2b21bf3fd60
swsh1-210,swsh1,SSH,210,Team Yell Grunt,Trainer,Supporter,D,,,,Rare Rainbow,e9e5e5d2082b
swsh1-211,swsh1,SSH,211,Zacian V,Pokémon,Basic|V,D,220,Metal,,Rare Secret,53bc36e6e9e6
swsh1-212,swsh1,SSH,212,Zamazenta V,Pokémon,Basic|V,D,230,Metal,,Rare Secret,c634fe5f06c2
swsh1-213,swsh1,SSH,213,Air Balloon,Trainer,Pokémon Tool,D,,,,Rare Secret,d5195d25baf6
swsh1-214,swsh1,SSH,214,Metal Saucer,Trainer,Item,D,,,,Rare Secret,0aa60a5d252b
swsh1-215,swsh1,SSH,215,Ordinary Rod,Trainer,Item,D,,,,Rare Secret,fe4ef0afe1c4
swsh1-216,swsh1,SSH,216,Quick Ball,Trainer,Item,D,,,,Rare Secret,f53a0cad814f
swsh2-1,swsh2,RCL,1,Caterpie,Pokémon,Basic,D,50,Grass,,Common,0f2a0e55825d
swsh2-2,swsh2,RCL,2,Metapod,Pokémon,Stage 1,D,80,Grass,Caterpie,Uncommon,15d01f8112af
swsh2-3,swsh2,RCL,3,Butterfree,Pokémon,Stage 2,D,140,Grass,Metapod,Rare,1d6a88da7651
swsh2-4,swsh2,RCL,4,Scyther,Pokémon,Basic,D,80,Grass,,Common,37653da84f08
swsh2-5,swsh2,RCL,5,Shuckle,Pokémon,Basic,D,80,Grass,,Uncommon,5ccaa94f3715
swsh2-6,swsh2,RCL,6,Heracross,Pokémon,Basic,D,130,Grass,,Uncommon,71de09542377
swsh2-7,swsh2,RCL,7,Lotad,Pokémon,Basic,D,60,Grass,,Common,8aa6578d8652
swsh2-8,swsh2,RCL,8,Lombre,Pokémon,Stage 1,D,90,Grass,Lotad,Uncommon,fdd1a23a90bc
swsh2-9,swsh2,RCL,9,Ludicolo,Pokémon,Stage 2,D,160,Grass,Lombre,Rare,ff0f88991f0b
swsh2-10,swsh2,RCL,10,Surskit,Pokémon,Basic,D,50,Grass,,Common,51f15e99b226
swsh2-11,swsh2,RCL,11,Masquerain,Pokémon,Stage 1,D,90,Grass,Surskit,Uncommon,c29b438dc3ff
swsh2-12,swsh2,RCL,12,Snover,Pokémon,Basic,D,90,Grass,,Common,697474122014
swsh2-13,swsh2,RCL,13,Abomasnow,Pokémon,Stage 1,D,140,Grass,Snover,Rare,6a611daab08c
swsh2-14,swsh2,RCL,14,Phantump,Pokémon,Basic,D,60,Grass,,Common,3b322f66b9f3
swsh2-15,swsh2,RCL,15,Trevenant,Pokémon,Stage 1,D,130,Grass,Phantump,Rare,da6df3d93a96
swsh2-16,swsh2,RCL,16,Grubbin,Pokémon,Basic,D,60,Grass,,Common,ad8480e1bf54
swsh2-17,swsh2,RCL,17,Rillaboom V,Pokémon,Basic|V,D,220,Grass,,Rare Holo V,f55daea17e1c
swsh2-18,swsh2,RCL,18,Rillaboom VMAX,Pokémon,VMAX,D,330,Grass,Rillaboom V,Rare Holo VMAX,0f0dafa582f2
swsh2-19,swsh2,RCL,19,Eldegoss V,Pokémon,Basic|V,D,180,Grass,,Rare Holo V,be60a18f7d5a
swsh2-20,swsh2,RCL,20,Applin,Pokémon,Basic,D,40,Grass,,Common,a6ff6e6390ec
swsh2-21,swsh2,RCL,21,Applin,Pokémon,Basic,D,40,Grass,,Common,8a00f73dcc0c
swsh2-22,swsh2,RCL,22,Flapple,Pokémon,Stage 1,D,80,Grass,Applin,Rare Holo,8f2eba0560da
swsh2-23,swsh2,RCL,23,Appletun,Pokémon,Stage 1,D,90,Grass,Applin,Rare Holo,15a95837a166
swsh2-24,swsh2,RCL,24,Vulpix,Pokémon,Basic,D,60,Fire,,Common,ce37f4e2cb70
swsh2-25,swsh2,RCL,25,Ninetales,Pokémon,Stage 1,D,120,Fire,Vulpix,Rare,fca2b344b913
swsh2-26,swsh2,RCL,26,Ninetales V,Pokémon,Basic|V,D,200,Fire,,Rare Holo V,5de3d4e9dc8c
swsh2-27,swsh2,RCL,27,Growlithe,Pokémon,Basic,D,80,Fire,,Common,251793cfc330
swsh2-28,swsh2,RCL,28,Arcanine,Pokémon,Stage 1,D,130,Fire,Growlithe,Rare,03fc2ce95d3d
swsh2-29,swsh2,RCL,29,Magmar,Pokémon,Basic,D,90,Fire,,Common,a318b29f578b
swsh2-30,swsh2,RCL,30,Magmortar,Pokémon,Stage 1,D,140,Fire,Magmar,Rare,8ed75553a47a
swsh2-31,swsh2,RCL,31,Litwick,Pokémon,Basic,D,60,Fire,,Common,89fe025dbbe1
swsh2-32,swsh2,RCL,32,Lampent,Pokémon,Stage 1,D,80,Fire,Litwick,Uncommon,70087124ee67
swsh2-33,swsh2,RCL,33,Chandelure,Pokémon,Stage 2,D,140,Fire,Lampent,Rare Holo,6f6ba08a6e9a
swsh2-34,swsh2,RCL,34,Heatmor,Pokémon,Basic,D,120,Fire,,Uncommon,6e331915e607
swsh2-35,swsh2,RCL,35,Cinderace V,Pokémon,Basic|V,D,210,Fire,,Rare Holo V,16bd0cefef5b
swsh2-36,swsh2,RCL,36,Cinderace VMAX,Pokémon,VMAX,D,320,Fire,Cinderace V,Rare Holo VMAX,20ba037cd66c
swsh2-37,swsh2,RCL,37,Galarian Mr. Mime,Pokémon,Basic,D,80,Water,,Common,d474e29ba5a6
swsh2-38,swsh2,RCL,38,Galarian Mr. Rime,Pokémon,Stage 1,D,110,Water,Galarian Mr. Mime,Rare,30d4aa7d7847
swsh2-39,swsh2,RCL,39,Magikarp,Pokémon,Basic,D,30,Water,,Common,4311eb795dce
swsh2-40,swsh2,RCL,40,Gyarados,Pokémon,Stage 1,D,180,Water,Magikarp,Rare Holo,cc8f43f45f80
swsh2-41,swsh2,RCL,41,Wingull,Pokémon,Basic,D,70,Water,,Common,d9df5834f797
swsh2-42,swsh2,RCL,42,Pelipper,Pokémon,Stage 1,D,120,Water,Wingull,Uncommon,b287d496079e
swsh2-43,swsh2,RCL,43,Milotic V,Pokémon,Basic|V,D,210,Water,,Rare Holo V,47ba370dbff3
swsh2-44,swsh2,RCL,44,Tympole,Pokémon,Basic,D,60,Water,,Common,e880f1599b66
swsh2-45,swsh2,RCL,45,Palpitoad,Pokémon,Stage 1,D,90,Water,Tympole,Uncommon,65de5a20e76a
swsh2-46,swsh2,RCL,46,Seismitoad,Pokémon,Stage 2,D,170,Water,Palpitoad,Rare,16c73b3baa03
swsh2-47,swsh2,RCL,47,Galarian Darumaka,Pokémon,Basic,D,80,Water,,Common,ed2456bd7280
swsh2-48,swsh2,RCL,48,Galarian Darmanitan,Pokémon,Stage 1,D,140,Water,Galarian Darumaka,Rare,f6ad5ca56ae1
swsh2-49,swsh2,RCL,49,Inteleon V,Pokémon,Basic|V,D,200,Water,,Rare Holo V,7390b5f74486
swsh2-50,swsh2,RCL,50,Inteleon VMAX,Pokémon,VMAX,D,320,Water,Inteleon V,Rare Holo VMAX,d2b70fdad18a
swsh2-51,swsh2,RCL,51,Cramorant,Pokémon,Basic,D,110,Water,,Rare,71e2bd4071f7
swsh2-52,swsh2,RCL,52,Arrokuda,Pokémon,Basic,D,60,Water,,Common,127db1d9e2b5
swsh2-53,swsh2,RCL,53,Barraskewda,Pokémon,Stage 1,D,120,Water,Arrokuda,Rare,45088a0958b6
swsh2-54,swsh2,RCL,54,Eiscue,Pokémon,Basic,D,120,Water,,Rare Holo,c6ce1199d629
swsh2-55,swsh2,RCL,55,Eiscue V,Pokémon,Basic|V,D,210,Water,,Rare Holo V,fa2492e7af54
swsh2-56,swsh2,RCL,56,Voltorb,Pokémon,Basic,D,50,Lightning,,Common,1900fdc899c2
swsh2-57,swsh2,RCL,57,Electrode,Pokémon,Stage 1,D,90,Lightning,Voltorb,Uncommon,3a48a9d0af6f
swsh2-58,swsh2,RCL,58,Electabuzz,Pokémon,Basic,D,90,Lightning,,Common,2186a7e8c244
swsh2-59,swsh2,RCL,59,Electivire,Pokémon,Stage 1,D,140,Lightning,Electabuzz,Rare,8cefa2723b3c
swsh2-60,swsh2,RCL,60,Shinx,Pokémon,Basic,D,60,Lightning,,Common,5b655c23f474
swsh2-61,swsh2,RCL,61,Luxio,Pokémon,Stage 1,D,90,Lightning,Shinx,Uncommon,c8680b22091e
swsh2-62,swsh2,RCL,62,Luxray,Pokémon,Stage 2,D,160,Lightning,Luxio,Rare Holo,9103d0c2bc5c
swsh2-63,swsh2,RCL,63,Helioptile,Pokémon,Basic,D,70,Lightning,,Common,acf29876b7af
swsh2-64,swsh2,RCL,64,Heliolisk,Pokémon,Stage 1,D,110,Lightning,Helioptile,Uncommon,6c9bca9443e8
swsh2-65,swsh2,RCL,65,Charjabug,Pokémon,Stage 1,D,90,Lightning,Grubbin,Uncommon,37301c8c5f6d
swsh2-66,swsh2,RCL,66,Vikavolt,Pokémon,Stage 2,D,150,Lightning,Charjabug,Rare Holo,8caceb796d03
swsh2-67,swsh2,RCL,67,Boltund V,Pokémon,Basic|V,D,200,Lightning,,Rare Holo V,b5e43851c9de
swsh2-68,swsh2,RCL,68,Toxel,Pokémon,Basic,D,70,Lightning,,Common,eaf309445e23
swsh2-69,swsh2,RCL,69,Toxtricity,Pokémon,Stage 1,D,130,Lightning,Toxel,Rare,6c014823ad6c
swsh2-70,swsh2,RCL,70,Toxtricity V,Pokémon,Basic|V,D,210,Lightning,,Rare Holo V,2c3259d13a45
swsh2-71,swsh2,RCL,71,Toxtricity VMAX,Pokémon,VMAX,D,320,Lightning,Toxtricity V,Rare Holo VMAX,9e1e54080891
swsh2-72,swsh2,RCL,72,Pincurchin V,Pokémon,Basic|V,D,170,Lightning,,Rare Holo V,fd2743d71e56
swsh2-73,swsh2,RCL,73,Morpeko,Pokémon,Basic,D,80,Lightning,,Uncommon,5f242ad22aed
swsh2-74,swsh2,RCL,74,Clefairy,Pokémon,Basic,D,60,Psychic,,Common,38bbd4555158
swsh2-75,swsh2,RCL,75,Clefable,Pokémon,Stage 1,D,110,Psychic,Clefairy,Rare Holo,da88cd319dda
swsh2-76,swsh2,RCL,76,Natu,Pokémon,Basic,D,60,Psychic,,Common,029a28a246cc
swsh2-77,swsh2,RCL,77,Xatu,Pokémon,Stage 1,D,120,Psychic,Natu,Uncommon,812f39fc37d8
swsh2-78,swsh2,RCL,78,Galarian Corsola,Pokémon,Basic,D,80,Psychic,,Common,cc99c01aefcc
swsh2-79,swsh2,RCL,79,Galarian Cursola,Pokémon,Stage 1,D,100,Psychic,Galarian Corsola,Rare Holo,99c79b189f18
swsh2-80,swsh2,RCL,80,Sigilyph,Pokémon,Basic,D,110,Psychic,,Rare,2c06e8aae39b
swsh2-81,swsh2,RCL,81,Sandygast,Pokémon,Basic,D,80,Psychic,,Common,c8771e506563
swsh2-82,swsh2,RCL,82,Palossand,Pokémon,Stage 1,D,140,Psychic,Sandygast,Uncommon,f75415d0424a
swsh2-83,swsh2,RCL,83,Hatenna,Pokémon,Basic,D,60,Psychic,,Common,a629b21c2a01
swsh2-84,swsh2,RCL,84,Hattrem,Pokémon,Stage 1,D,80,Psychic,Hatenna,Uncommon,30294f3d4333
swsh2-85,swsh2,RCL,85,Hatterene,Pokémon,Stage 2,D,150,Psychic,Hattrem,Rare Holo,a9586580d9b5
swsh2-86,swsh2,RCL,86,Milcery,Pokémon,Basic,D,50,Psychic,,Common,ae7273c145a2
swsh2-87,swsh2,RCL,87,Alcremie,Pokémon,Stage 1,D,110,Psychic,Milcery,Rare,6acdd1f62d0b
swsh2-88,swsh2,RCL,88,Indeedee,Pokémon,Basic,D,100,Psychic,,Uncommon,436e62a03961
swsh2-89,swsh2,RCL,89,Dreepy,Pokémon,Basic,D,60,Psychic,,Common,785b69acadf7
swsh2-90,swsh2,RCL,90,Drakloak,Pokémon,Stage 1,D,90,Psychic,Dreepy,Uncommon,9187aecdb3dd
swsh2-91,swsh2,RCL,91,Dragapult,Pokémon,Stage 2,D,150,Psychic,Drakloak,Rare Holo,442748877952
swsh2-92,swsh2,RCL,92,Dragapult V,Pokémon,Basic|V,D,210,Psychic,,Rare Holo V,cb91026dc507
swsh2-93,swsh2,RCL,93,Dragapult VMAX,Pokémon,VMAX,D,320,Psychic,Dragapult V,Rare Holo VMAX,938edf7348e8
swsh2-94,swsh2,RCL,94,Galarian Farfetch'd,Pokémon,Basic,D,80,Fighting,,Common,b88c86d03686
swsh2-95,swsh2,RCL,95,Galarian Sirfetch'd,Pokémon,Stage 1,D,130,Fighting,Galarian Farfetch'd,Rare Holo,58c229a55936
swsh2-96,swsh2,RCL,96,Nosepass,Pokémon,Basic,D,80,Fighting,,Common,1214ab24e58e
swsh2-97,swsh2,RCL,97,Meditite,Pokémon,Basic,D,70,Fighting,,Common,2525efd454e0
swsh2-98,swsh2,RCL,98,Medicham,Pokémon,Stage 1,D,110,Fighting,Meditite,Uncommon,3f64ae8ad82c
swsh2-99,swsh2,RCL,99,Barboach,Pokémon,Basic,D,70,Fighting,,Common,48515a448d1c
swsh2-100,swsh2,RCL,100,Whiscash,Pokémon,Stage 1,D,140,Fighting,Barboach,Rare,a487218399ca
swsh2-101,swsh2,RCL,101,Galarian Yamask,Pokémon,Basic,D,70,Fighting,,Common,823d9f7731a5
swsh2-102,swsh2,RCL,102,Galarian Runerigus,Pokémon,Stage 1,D,100,Fighting,Galarian Yamask,Rare,e57cbed10870
swsh2-103,swsh2,RCL,103,Binacle,Pokémon,Basic,D,80,Fighting,,Common,4122f9f67290
swsh2-104,swsh2,RCL,104,Barbaracle,Pokémon,Stage 1,D,120,Fighting,Binacle,Rare,9cf2ba18b6a6
swsh2-105,swsh2,RCL,105,Rolycoly,Pokémon,Basic,D,70,Fighting,,Common,c7503d76e509
swsh2-106,swsh2,RCL,106,Carkol,Pokémon,Stage 1,D,100,Fighting,Rolycoly,Uncommon,09a4b9273f25
swsh2-107,swsh2,RCL,107,Coalossal,Pokémon,Stage 2,D,160,Fighting,Carkol,Rare Holo,48f09eccbf79
swsh2-108,swsh2,RCL,108,Sandaconda V,Pokémon,Basic|V,D,220,Fighting,,Rare Holo V,b6b7d325ab3f
swsh2-109,swsh2,RCL,109,Falinks,Pokémon,Basic,D,90,Fighting,,Uncommon,bcb14244cfb2
swsh2-110,swsh2,RCL,110,Falinks V,Pokémon,Basic|V,D,160,Fighting,,Rare Holo V,1de5eaadf75e
swsh2-111,swsh2,RCL,111,Stonjourner,Pokémon,Basic,D,140,Fighting,,Rare Holo,3e9ed763e9fc
swsh2-112,swsh2,RCL,112,Koffing,Pokémon,Basic,D,70,Darkness,,Common,0b5d75885411
swsh2-113,swsh2,RCL,113,Galarian Weezing,Pokémon,Stage 1,D,130,Darkness,Koffing,Rare Holo,7cdd4499d943
swsh2-114,swsh2,RCL,114,Stunky,Pokémon,Basic,D,70,Darkness,,Common,69117d20b2c3
swsh2-115,swsh2,RCL,115,Skuntank,Pokémon,Stage 1,D,120,Darkness,Stunky,Uncommon,97731eff2479
swsh2-116,swsh2,RCL,116,Spiritomb,Pokémon,Basic,D,60,Darkness,,Rare,4e52227b5e1b
swsh2-117,swsh2,RCL,117,Trubbish,Pokémon,Basic,D,60,Darkness,,Common,57e7581598d4
swsh2-118,swsh2,RCL,118,Garbodor,Pokémon,Stage 1,D,120,Darkness,Trubbish,Rare,f569f23b711c
swsh2-119,swsh2,RCL,119,Vullaby,Pokémon,Basic,D,60,Darkness,,Common,7221fcb07d84
swsh2-120,swsh2,RCL,120,Mandibuzz,Pokémon,Stage 1,D,120,Darkness,Vullaby,Rare,5699b0d4e268
swsh2-121,swsh2,RCL,121,Malamar V,Pokémon,Basic|V,D,210,Darkness,,Rare Holo V,ae14deb41d0a
swsh2-122,swsh2,RCL,122,Malamar VMAX,Pokémon,VMAX,D,310,Darkness,Malamar V,Rare Holo VMAX,f89505b27cc1
swsh2-123,swsh2,RCL,123,Impidimp,Pokémon,Basic,D,70,Darkness,,Common,8b6626432288
swsh2-124,swsh2,RCL,124,Morgrem,Pokémon,Stage 1,D,90,Darkness,Impidimp,Uncommon,1a8581e66236
swsh2-125,swsh2,RCL,125,Grimmsnarl,Pokémon,Stage 2,D,170,Darkness,Morgrem,Rare Holo,77e0136f846b
swsh2-126,swsh2,RCL,126,Galarian Meowth,Pokémon,Basic,D,60,Metal,,Common,9ed3dd16221c
swsh2-127,swsh2,RCL,127,Galarian Perrserker,Pokémon,Stage 1,D,120,Metal,Galarian Meowth,Rare,41a495937fd2
swsh2-128,swsh2,RCL,128,Scizor,Pokémon,Stage 1,D,130,Metal,Scyther,Rare,ef5944d6ff5b
swsh2-129,swsh2,RCL,129,Bronzor,Pokémon,Basic,D,60,Metal,,Common,08786119cf9e
swsh2-130,swsh2,RCL,130,Bronzong,Pokémon,Stage 1,D,130,Metal,Bronzor,Uncommon,53344163a54d
swsh2-131,swsh2,RCL,131,Probopass,Pokémon,Stage 1,D,140,Metal,Nosepass,Rare,8bc77583d9a7
swsh2-132,swsh2,RCL,132,Durant,Pokémon,Basic,D,100,Metal,,Uncommon,3003c17a64a8
swsh2-133,swsh2,RCL,133,Honedge,Pokémon,Basic,D,60,Metal,,Common,d4846de3c9af
swsh2-134,swsh2,RCL,134,Doublade,Pokémon,Stage 1,D,90,Metal,Honedge,Uncommon,e8aff7a069ae
swsh2-135,swsh2,RCL,135,Aegislash,Pokémon,Stage 2,D,140,Metal,Doublade,Rare,7c3cf7bfccd6
swsh2-136,swsh2,RCL,136,Copperajah V,Pokémon,Basic|V,D,220,Metal,,Rare Holo V,709dec7ce901
swsh2-137,swsh2,RCL,137,Copperajah VMAX,Pokémon,VMAX,D,340,Metal,Copperajah V,Rare Holo VMAX,08043e0ad1eb
swsh2-138,swsh2,RCL,138,Duraludon,Pokémon,Basic,D,130,Metal,,Rare Holo,99b65ca41a95
swsh2-139,swsh2,RCL,139,Zacian,Pokémon,Basic,D,120,Metal,,Rare,b6ce130a6429
swsh2-140,swsh2,RCL,140,Zamazenta,Pokémon,Basic,D,120,Metal,,Rare,b554f13284c7
swsh2-141,swsh2,RCL,141,Snorlax,Pokémon,Basic,D,150,Colorless,,Rare,3a9e8961bd28
swsh2-142,swsh2,RCL,142,Chatot,Pokémon,Basic,D,70,Colorless,,Uncommon,1b4bce8e75c7
swsh2-143,swsh2,RCL,143,Pidove,Pokémon,Basic,D,60,Colorless,,Common,92d8c83e13fa
swsh2-144,swsh2,RCL,144,Tranquill,Pokémon,Stage 1,D,80,Colorless,Pidove,Uncommon,8d83da7f0e97
swsh2-145,swsh2,RCL,145,Unfezant,Pokémon,Stage 2,D,150,Colorless,Tranquill,Rare,138e9b381cb4
swsh2-146,swsh2,RCL,146,Bunnelby,Pokémon,Basic,D,70,Colorless,,Common,743071b7ae56
swsh2-147,swsh2,RCL,147,Diggersby,Pokémon,Stage 1,D,130,Colorless,Bunnelby,Rare,855562bf7fa2
swsh2-148,swsh2,RCL,148,Hawlucha,Pokémon,Basic,D,90,Colorless,,Uncommon,47fa615ba68c
swsh2-149,swsh2,RCL,149,Stufful,Pokémon,Basic,D,80,Colorless,,Common,da47650533de
swsh2-150,swsh2,RCL,150,Bewear,Pokémon,Stage 1,D,140,Colorless,Stufful,Uncommon,1fa72a8bb354
swsh2-151,swsh2,RCL,151,Skwovet,Pokémon,Basic,D,70,Colorless,,Common,9614b771ced4
swsh2-152,swsh2,RCL,152,Greedent,Pokémon,Stage 1,D,120,Colorless,Skwovet,Rare,2da290b0f0d7
swsh2-153,swsh2,RCL,153,Dubwool V,Pokémon,Basic|V,D,210,Colorless,,Rare Holo V,54f6c13bdb4b
swsh2-154,swsh2,RCL,154,Boss's Orders,Trainer,Supporter,D,,,,Rare Holo,5fd64782cdc8
swsh2-155,swsh2,RCL,155,Burning Scarf,Trainer,Pokémon Tool,D,,,,Uncommon,97103795dfd9
swsh2-156,swsh2,RCL,156,Capacious Bucket,Trainer,Item,D,,,,Uncommon,99d790c5db99
swsh2-157,swsh2,RCL,157,Cursed Shovel,Trainer,Pokémon Tool,D,,,,Uncommon,db3714432163
swsh2-158,swsh2,RCL,158,Dan,Trainer,Supporter,D,,,,Uncommon,70d5ec60458b
swsh2-159,swsh2,RCL,159,Full Heal,Trainer,Item,D,,,,Uncommon,4ac4589d709f
swsh2-160,swsh2,RCL,160,Galar Mine,Trainer,Stadium,D,,,,Uncommon,0f4530c18930
swsh2-161,swsh2,RCL,161,Milo,Trainer,Supporter,D,,,,Uncommon,8c2569e9573f
swsh2-162,swsh2,RCL,162,Nugget,Trainer,Item,D,,,,Uncommon,0ebe19a395dc
swsh2-163,swsh2,RCL,163,Oleana,Trainer,Supporter,D,,,,Uncommon,d205694378c5
swsh2-164,swsh2,RCL,164,Poké Ball,Trainer,Item,D,,,,Uncommon,c14217c41051
swsh2-165,swsh2,RCL,165,Scoop Up Net,Trainer,Item,D,,,,Uncommon,b684428fa19a
swsh2-166,swsh2,RCL,166,Skyla,Trainer,Supporter,D,,,,Uncommon,822b8bbe3c42
swsh2-167,swsh2,RCL,167,Sonia,Trainer,Supporter,D,,,,Uncommon,2f1c0792ad42
swsh2-168,swsh2,RCL,168,Tool Scrapper,Trainer,Item,D,,,,Uncommon,aad3fcc9ac5f
swsh2-169,swsh2,RCL,169,Training Court,Trainer,Stadium,D,,,,Uncommon,f8c08131c1d2
swsh2-170,swsh2,RCL,170,Turffield Stadium,Trainer,Stadium,D,,,,Uncommon,0c60573b0049
swsh2-171,swsh2,RCL,171,Capture Energy,Energy,Special,D,,,,Uncommon,6b4f818303eb
swsh2-172,swsh2,RCL,172,Horror Psychic Energy,Energy,Special,D,,,,Uncommon,4b78df6925db
swsh2-173,swsh2,RCL,173,Speed Lightning Energy,Energy,Special,D,,,,Uncommon,9599afe67d1d
swsh2-174,swsh2,RCL,174,Twin Energy,Energy,Special,D,,,,Uncommon,caad4bbe82cc
swsh2-175,swsh2,RCL,175,Rillaboom V,Pokémon,Basic|V,D,220,Grass,,Rare Ultra,f55daea17e1c
swsh2-176,swsh2,RCL,176,Eldegoss V,Pokémon,Basic|V,D,180,Grass,,Rare Ultra,be60a18f7d5a
swsh2-177,swsh2,RCL,177,Ninetales V,Pokémon,Basic|V,D,200,Fire,,Rare Ultra,5de3d4e9dc8c
swsh2-178,swsh2,RCL,178,Cinderace V,Pokémon,Basic|V,D,210,Fire,,Rare Ultra,16bd0cefef5b
swsh2-179,swsh2,RCL,179,Milotic V,Pokémon,Basic|V,D,210,Water,,Rare Ultra,47ba370dbff3
swsh2-180,swsh2,RCL,180,Inteleon V,Pokémon,Basic|V,D,200,Water,,Rare Ultra,7390b5f74486
swsh2-181,swsh2,RCL,181,Boltund V,Pokémon,Basic|V,D,200,Lightning,,Rare Ultra,b5e43851c9de
swsh2-182,swsh2,RCL,182,Toxtricity V,Pokémon,Basic|V,D,210,Lightning,,Rare Ultra,2c3259d13a45
swsh2-183,swsh2,RCL,183,Dragapult V,Pokémon,Basic|V,D,210,Psychic,,Rare Ultra,cb91026dc507
swsh2-184,swsh2,RCL,184,Sandaconda V,Pokémon,Basic|V,D,220,Fighting,,Rare Ultra,b6b7d325ab3f
swsh2-185,swsh2,RCL,185,Falinks V,Pokémon,Basic|V,D,160,Fighting,,Rare Ultra,1de5eaadf75e
swsh2-186,swsh2,RCL,186,Malamar V,Pokémon,Basic|V,D,210,Darkness,,Rare Ultra,ae14deb41d0a
swsh2-187,swsh2,RCL,187,Copperajah V,Pokémon,Basic|V,D,220,Metal,,Rare Ultra,709dec7ce901
swsh2-188,swsh2,RCL,188,Dubwool V,Pokémon,Basic|V,D,210,Colorless,,Rare Ultra,54f6c13bdb4b
swsh2-189,swsh2,RCL,189,Boss's Orders,Trainer,Supporter,D,,,,Rare Ultra,5fd64782cdc8
swsh2-190,swsh2,RCL,190,Milo,Trainer,Supporter,D,,,,Rare Ultra,8c2569e9573f
swsh2-191,swsh2,RCL,191,Oleana,Trainer,Supporter,D,,,,Rare Ultra,d205694378c5
swsh2-192,swsh2,RCL,192,Sonia,Trainer,Supporter,D,,,,Rare Ultra,2f1c0792ad42
swsh2-193,swsh2,RCL,193,Rillaboom VMAX,Pokémon,VMAX,D,330,Grass,Rillaboom V,Rare Rainbow,0f0dafa582f2
swsh2-194,swsh2,RCL,194,Cinderace VMAX,Pokémon,VMAX,D,320,Fire,Cinderace V,Rare Rainbow,20ba037cd66c
swsh2-195,swsh2,RCL,195,Inteleon VMAX,Pokémon,VMAX,D,320,Water,Inteleon V,Rare Rainbow,d2b70fdad18a
swsh2-196,swsh2,RCL,196,Toxtricity VMAX,Pokémon,VMAX,D,320,Lightning,Toxtricity V,Rare Rainbow,9e1e54080891
swsh2-197,swsh2,RCL,197,Dragapult VMAX,Pokémon,VMAX,D,320,Psychic,Dragapult V,Rare Rainbow,938edf7348e8
swsh2-198,swsh2,RCL,198,Malamar VMAX,Pokémon,VMAX,D,310,Darkness,Malamar V,Rare Rainbow,f89505b27cc1
swsh2-199,swsh2,RCL,199,Copperajah VMAX,Pokémon,VMAX,D,340,Metal,Copperajah V,Rare Rainbow,08043e0ad1eb
swsh2-200,swsh2,RCL,200,Boss's Orders,Trainer,Supporter,D,,,,Rare Rainbow,5fd64782cdc8
swsh2-201,swsh2,RCL,201,Milo,Trainer,Supporter,D,,,,Rare Rainbow,8c2569e9573f
swsh2-202,swsh2,RCL,202,Oleana,Trainer,Supporter,D,,,,Rare Rainbow,d205694378c5
swsh2-203,swsh2,RCL,203,Sonia,Trainer,Supporter,D,,,,Rare Rainbow,2f1c0792ad42
swsh2-204,swsh2,RCL,204,Frosmoth,Pokémon,Stage 1,D,90,Water,Snom,Rare Secret,385460ef12c5
swsh2-205,swsh2,RCL,205,Galarian Perrserker,Pokémon,Stage 1,D,120,Metal,Galarian Meowth,Rare Secret,5b33283b75c2
swsh2-206,swsh2,RCL,206,Big Charm,Trainer,Pokémon Tool,D,,,,Rare Secret,37a9b973dc74
swsh2-207,swsh2,RCL,207,Scoop Up Net,Trainer,Item,D,,,,Rare Secret,b684428fa19a
swsh2-208,swsh2,RCL,208,Tool Scrapper,Trainer,Item,D,,,,Rare Secret,aad3fcc9ac5f
swsh2-209,swsh2,RCL,209,Twin Energy,Energy,Special,D,,,,Rare Secret,caad4bbe82cc
swsh3-1,swsh3,DAA,1,Butterfree V,Pokémon,Basic|V,D,190,Grass,,Rare Holo V,00b2bdb918eb
swsh3-2,swsh3,DAA,2,Butterfree VMAX,Pokémon,VMAX,D,300,Grass,Butterfree V,Rare Holo VMAX,92c40da573e8
swsh3-3,swsh3,DAA,3,Paras,Pokémon,Basic,D,60,Grass,,Common,beea5788ac6b
swsh3-4,swsh3,DAA,4,Parasect,Pokémon,Stage 1,D,120,Grass,Paras,Uncommon,3e39367dc6cc
swsh3-5,swsh3,DAA,5,Carnivine,Pokémon,Basic,D,90,Grass,,Uncommon,15199c0d7cc8
swsh3-6,swsh3,DAA,6,Pansage,Pokémon,Basic,D,60,Grass,,Common,763ce7cb0777
swsh3-7,swsh3,DAA,7,Simisage,Pokémon,Stage 1,D,100,Grass,Pansage,Uncommon,27fab1aade4a
swsh3-8,swsh3,DAA,8,Karrablast,Pokémon,Basic,D,60,Grass,,Common,f85b49777a82
swsh3-9,swsh3,DAA,9,Shelmet,Pokémon,Basic,D,70,Grass,,Common,edf16d22ca76
swsh3-10,swsh3,DAA,10,Accelgor,Pokémon,Stage 1,D,90,Grass,Shelmet,Rare,785092aa5b1c
swsh3-11,swsh3,DAA,11,Rowlet,Pokémon,Basic,D,50,Grass,,Common,b32dd5f2ccf2
swsh3-12,swsh3,DAA,12,Dartrix,Pokémon,Stage 1,D,80,Grass,Rowlet,Uncommon,cc99fac9aa8a
swsh3-13,swsh3,DAA,13,Decidueye,Pokémon,Stage 2,D,140,Grass,Dartrix,Rare Holo,f4f11e8ecfb5
swsh3-14,swsh3,DAA,14,Bounsweet,Pokémon,Basic,D,60,Grass,,Common,dd2e489764c6
swsh3-15,swsh3,DAA,15,Steenee,Pokémon,Stage 1,D,80,Grass,Bounsweet,Uncommon,869d21ce3c94
swsh3-16,swsh3,DAA,16,Tsareena,Pokémon,Stage 2,D,150,Grass,Steenee,Rare,4ab390ec1dc6
swsh3-17,swsh3,DAA,17,Wimpod,Pokémon,Basic,D,70,Grass,,Common,3996a16e6868
swsh3-18,swsh3,DAA,18,Golisopod,Pokémon,Stage 1,D,130,Grass,Wimpod,Rare Holo,9ebb32d425d8
swsh3-19,swsh3,DAA,19,Charizard V,Pokémon,Basic|V,D,220,Fire,,Rare Holo V,5803118ee64f
swsh3-20,swsh3,DAA,20,Charizard VMAX,Pokémon,VMAX,D,330,Fire,Charizard V,Rare Holo VMAX,fc5ab40b2af6
swsh3-21,swsh3,DAA,21,Houndoom V,Pokémon,Basic|V,D,210,Fire,,Rare Holo V,ec1f73e13000
swsh3-22,swsh3,DAA,22,Torchic,Pokémon,Basic,D,60,Fire,,Common,1adb5f7d1493
swsh3-23,swsh3,DAA,23,Combusken,Pokémon,Stage 1,D,90,Fire,Torchic,Uncommon,3458c1e25625
swsh3-24,swsh3,DAA,24,Blaziken,Pokémon,Stage 2,D,170,Fire,Combusken,Rare Holo,a4d925db2cae
swsh3-25,swsh3,DAA,25,Heatran,Pokémon,Basic,D,130,Fire,,Rare Holo,ecee5de4e56e
swsh3-26,swsh3,DAA,26,Pansear,Pokémon,Basic,D,60,Fire,,Common,ffa9e453cf0e
swsh3-27,swsh3,DAA,27,Simisear,Pokémon,Stage 1,D,100,Fire,Pansear,Uncommon,fedabcf10a2e
swsh3-28,swsh3,DAA,28,Galarian Darmanitan,Pokémon,Stage 1,D,140,Fire,Galarian Darumaka,Rare,e9baed3efaeb
swsh3-29,swsh3,DAA,29,Larvesta,Pokémon,Basic,D,70,Fire,,Common,9f1c03646fe0
swsh3-30,swsh3,DAA,30,Volcarona,Pokémon,Stage 1,D,120,Fire,Larvesta,Rare,775d1d542105
swsh3-31,swsh3,DAA,31,Fletchinder,Pokémon,Stage 1,D,70,Fire,Fletchling,Uncommon,70a56023004b
swsh3-32,swsh3,DAA,32,Talonflame,Pokémon,Stage 2,D,140,Fire,Fletchinder,Rare,7ed6ed565ca5
swsh3-33,swsh3,DAA,33,Centiskorch V,Pokémon,Basic|V,D,210,Fire,,Rare Holo V,b965d63e9f60
swsh3-34,swsh3,DAA,34,Centiskorch VMAX,Pokémon,VMAX,D,320,Fire,Centiskorch V,Rare Holo VMAX,ac4b4d512499
swsh3-35,swsh3,DAA,35,Galarian Mr. Mime,Pokémon,Basic,D,80,Water,,Common,63dd113e46ab
swsh3-36,swsh3,DAA,36,Galarian Mr. Rime,Pokémon,Stage 1,D,120,Water,Galarian Mr. Mime,Rare,557a74314f16
swsh3-37,swsh3,DAA,37,Suicune,Pokémon,Basic,D,120,Water,,Rare Holo,ca79e0a3ed32
swsh3-38,swsh3,DAA,38,Feebas,Pokémon,Basic,D,30,Water,,Common,4f4f7a133c22
swsh3-39,swsh3,DAA,39,Milotic,Pokémon,Stage 1,D,120,Water,Feebas,Rare Holo,cc4a9aa1746a
swsh3-40,swsh3,DAA,40,Relicanth,Pokémon,Basic,D,90,Water,,Uncommon,9f5150e1d7bc
swsh3-41,swsh3,DAA,41,Panpour,Pokémon,Basic,D,60,Water,,Common,df2db568d556
swsh3-42,swsh3,DAA,42,Simipour,Pokémon,Stage 1,D,100,Water,Panpour,Uncommon,6f80a1008e07
swsh3-43,swsh3,DAA,43,Galarian Darumaka,Pokémon,Basic,D,70,Water,,Common,6c9bd1520304
swsh3-44,swsh3,DAA,44,Galarian Darmanitan,Pokémon,Stage 1,D,140,Water,Galarian Darumaka,Rare,f6ad5ca56ae1
swsh3-45,swsh3,DAA,45,Vanillite,Pokémon,Basic,D,60,Water,,Common,6c88955ee26b
swsh3-46,swsh3,DAA,46,Vanillish,Pokémon,Stage 1,D,80,Water,Vanillite,Uncommon,907029fff4ab
swsh3-47,swsh3,DAA,47,Vanilluxe,Pokémon,Stage 2,D,150,Water,Vanillish,Rare,08f8a7ee4ff9
swsh3-48,swsh3,DAA,48,Cubchoo,Pokémon,Basic,D,70,Water,,Common,21a9768d5650
swsh3-49,swsh3,DAA,49,Beartic,Pokémon,Stage 1,D,140,Water,Cubchoo,Rare,cdc3b7344652
swsh3-50,swsh3,DAA,50,Wishiwashi,Pokémon,Basic,D,30,Water,,Common,18f8c1ff06cb
swsh3-51,swsh3,DAA,51,Mareanie,Pokémon,Basic,D,70,Water,,Common,bc144a2d2484
swsh3-52,swsh3,DAA,52,Toxapex,Pokémon,Stage 1,D,130,Water,Mareanie,Uncommon,3f0c7f3891af
swsh3-53,swsh3,DAA,53,Dracovish,Pokémon,Stage 1,D,150,Water,Rare Fossil,Rare Holo,5221b7652b79
swsh3-54,swsh3,DAA,54,Arctovish,Pokémon,Stage 1,D,150,Water,Rare Fossil,Rare,43f15737565b
swsh3-55,swsh3,DAA,55,Mareep,Pokémon,Basic,D,60,Lightning,,Common,d536c00464af
swsh3-56,swsh3,DAA,56,Flaaffy,Pokémon,Stage 1,D,90,Lightning,Mareep,Uncommon,905ea6c82da3
swsh3-57,swsh3,DAA,57,Ampharos,Pokémon,Stage 2,D,150,Lightning,Flaaffy,Rare,54fde84431a6
swsh3-58,swsh3,DAA,58,Electrike,Pokémon,Basic,D,60,Lightning,,Common,45ea4ac176fa
swsh3-59,swsh3,DAA,59,Manectric,Pokémon,Stage 1,D,110,Lightning,Electrike,Rare,5786810e2100
swsh3-60,swsh3,DAA,60,Vikavolt V,Pokémon,Basic|V,D,210,Lightning,,Rare Holo V,9a46323b9442
swsh3-61,swsh3,DAA,61,Tapu Koko,Pokémon,Basic,D,110,Lightning,,Rare Holo,73934e6ff0f9
swsh3-62,swsh3,DAA,62,Toxel,Pokémon,Basic,D,70,Lightning,,Common,02084bfe5bff
swsh3-63,swsh3,DAA,63,Toxtricity,Pokémon,Stage 1,D,120,Lightning,Toxel,Rare Holo,820496c807a0
swsh3-64,swsh3,DAA,64,Pincurchin,Pokémon,Basic,D,80,Lightning,,Rare Holo,9f502d139d3e
swsh3-65,swsh3,DAA,65,Dracozolt,Pokémon,Stage 1,D,160,Lightning,Rare Fossil,Rare,dffb97166a5b
swsh3-66,swsh3,DAA,66,Arctozolt,Pokémon,Stage 1,D,130,Lightning,Rare Fossil,Rare Holo,26655452141c
swsh3-67,swsh3,DAA,67,Jigglypuff,Pokémon,Basic,D,70,Psychic,,Common,ad30f7a611b4
swsh3-68,swsh3,DAA,68,Wigglytuff,Pokémon,Stage 1,D,120,Psychic,Jigglypuff,Rare,704d8af49c5b
swsh3-69,swsh3,DAA,69,Mew V,Pokémon,Basic|V,D,180,Psychic,,Rare Holo V,dfdd55303f23
swsh3-70,swsh3,DAA,70,Snubbull,Pokémon,Basic,D,80,Psychic,,Common,dc2f31a3345d
swsh3-71,swsh3,DAA,71,Granbull,Pokémon,Stage 1,D,130,Psychic,Snubbull,Rare,44dee541649b
swsh3-72,swsh3,DAA,72,Lunatone,Pokémon,Basic,D,90,Psychic,,Uncommon,2c0d1cb0c844
swsh3-73,swsh3,DAA,73,Gothita,Pokémon,Basic,D,60,Psychic,,Common,fac9b09d0efe
swsh3-74,swsh3,DAA,74,Gothorita,Pokémon,Stage 1,D,80,Psychic,Gothita,Uncommon,55d2028007da
swsh3-75,swsh3,DAA,75,Gothitelle,Pokémon,Stage 2,D,140,Psychic,Gothorita,Rare,08de96dd8d91
swsh3-76,swsh3,DAA,76,Golett,Pokémon,Basic,D,90,Psychic,,Common,862ec7c119ca
swsh3-77,swsh3,DAA,77,Golurk,Pokémon,Stage 1,D,150,Psychic,Golett,Rare,dccf08ea506b
swsh3-78,swsh3,DAA,78,Dedenne,Pokémon,Basic,D,70,Psychic,,Uncommon,397ffe974dc6
swsh3-79,swsh3,DAA,79,Morelull,Pokémon,Basic,D,60,Psychic,,Common,6dc5aaa72452
swsh3-80,swsh3,DAA,80,Shiinotic,Pokémon,Stage 1,D,110,Psychic,Morelull,Uncommon,a89c1d963d5c
swsh3-81,swsh3,DAA,81,Mimikyu,Pokémon,Basic,D,70,Psychic,,Rare,ac9174b93fcf
swsh3-82,swsh3,DAA,82,Sinistea,Pokémon,Basic,D,30,Psychic,,Common,a32338c1b2e5
swsh3-83,swsh3,DAA,83,Polteageist,Pokémon,Stage 1,D,60,Psychic,Sinistea,Uncommon,da663b2af3ee
swsh3-84,swsh3,DAA,84,Diglett,Pokémon,Basic,D,50,Fighting,,Common,795cd2d9366f
swsh3-85,swsh3,DAA,85,Dugtrio,Pokémon,Stage 1,D,90,Fighting,Diglett,Uncommon,254fe1cca91b
swsh3-86,swsh3,DAA,86,Larvitar,Pokémon,Basic,D,70,Fighting,,Common,984cbe6dfec1
swsh3-87,swsh3,DAA,87,Pupitar,Pokémon,Stage 1,D,80,Fighting,Larvitar,Uncommon,b65bb2a8899b
swsh3-88,swsh3,DAA,88,Tyranitar,Pokémon,Stage 2,D,180,Fighting,Pupitar,Rare Holo,a2704baa5b23
swsh3-89,swsh3,DAA,89,Trapinch,Pokémon,Basic,D,60,Fighting,,Common,72b509721a64
swsh3-90,swsh3,DAA,90,Vibrava,Pokémon,Stage 1,D,80,Fighting,Trapinch,Uncommon,8210f6c48f07
swsh3-91,swsh3,DAA,91,Flygon,Pokémon,Stage 2,D,150,Fighting,Vibrava,Rare,b99172c49d2b
swsh3-92,swsh3,DAA,92,Solrock,Pokémon,Basic,D,90,Fighting,,Uncommon,95fc0205fd81
swsh3-93,swsh3,DAA,93,Hippopotas,Pokémon,Basic,D,100,Fighting,,Common,f6716d66e5af
swsh3-94,swsh3,DAA,94,Hippowdon,Pokémon,Stage 1,D,150,Fighting,Hippopotas,Rare,d357985ee941
swsh3-95,swsh3,DAA,95,Rhyperior V,Pokémon,Basic|V,D,230,Fighting,,Rare Holo V,6f08a50dfbc9
swsh3-96,swsh3,DAA,96,Diggersby,Pokémon,Stage 1,D,130,Fighting,Bunnelby,Rare,503b1232c999
swsh3-97,swsh3,DAA,97,Passimian,Pokémon,Basic,D,110,Fighting,,Common,33bae5e20565
swsh3-98,swsh3,DAA,98,Galarian Sirfetch'd,Pokémon,Stage 1,D,130,Fighting,Galarian Farfetch'd,Rare,58c229a55936
swsh3-99,swsh3,DAA,99,Galarian Slowbro V,Pokémon,Basic|V,D,210,Darkness,,Rare Holo V,167482821bcb
swsh3-100,swsh3,DAA,100,Grimer,Pokémon,Basic,D,80,Darkness,,Common,ea06514e6806
swsh3-101,swsh3,DAA,101,Muk,Pokémon,Stage 1,D,140,Darkness,Grimer,Rare,f41297cc02e1
swsh3-102,swsh3,DAA,102,Spinarak,Pokémon,Basic,D,60,Darkness,,Common,a12959a5cd04
swsh3-103,swsh3,DAA,103,Ariados,Pokémon,Stage 1,D,110,Darkness,Spinarak,Uncommon,932586aa08d1
swsh3-104,swsh3,DAA,104,Crobat V,Pokémon,Basic|V,D,180,Darkness,,Rare Holo V,7aedae499ab9
swsh3-105,swsh3,DAA,105,Darkrai,Pokémon,Basic,D,120,Darkness,,Rare Holo,e32a43001d6d
swsh3-106,swsh3,DAA,106,Purrloin,Pokémon,Basic,D,70,Darkness,,Common,b0cebb2c1a15
swsh3-107,swsh3,DAA,107,Liepard,Pokémon,Stage 1,D,100,Darkness,Purrloin,Rare,fb9c2b22bc0c
swsh3-108,swsh3,DAA,108,Deino,Pokémon,Basic,D,60,Darkness,,Common,3e3e7961e0dd
swsh3-109,swsh3,DAA,109,Zweilous,Pokémon,Stage 1,D,100,Darkness,Deino,Uncommon,e71e0820f9e7
swsh3-110,swsh3,DAA,110,Hydreigon,Pokémon,Stage 2,D,160,Darkness,Zweilous,Rare,4978c7eb5048
swsh3-111,swsh3,DAA,111,Hoopa,Pokémon,Basic,D,120,Darkness,,Rare Holo,1b570069fdec
swsh3-112,swsh3,DAA,112,Nickit,Pokémon,Basic,D,70,Darkness,,Common,647f2a59ed7f
swsh3-113,swsh3,DAA,113,Thievul,Pokémon,Stage 1,D,100,Darkness,Nickit,Rare,75f3bca4ce15
swsh3-114,swsh3,DAA,114,Grimmsnarl V,Pokémon,Basic|V,D,220,Darkness,,Rare Holo V,fc9ea358d0d2
swsh3-115,swsh3,DAA,115,Grimmsnarl VMAX,Pokémon,VMAX,D,330,Darkness,Grimmsnarl V,Rare Holo VMAX,d910301c28ef
swsh3-116,swsh3,DAA,116,Eternatus V,Pokémon,Basic|V,D,220,Darkness,,Rare Holo V,0a20fa53046a
swsh3-117,swsh3,DAA,117,Eternatus VMAX,Pokémon,VMAX,D,340,Darkness,Eternatus V,Rare Holo VMAX,06d9df3a42b9
swsh3-118,swsh3,DAA,118,Scizor V,Pokémon,Basic|V,D,210,Metal,,Rare Holo V,08bdde2581a9
swsh3-119,swsh3,DAA,119,Scizor VMAX,Pokémon,VMAX,D,320,Metal,Scizor V,Rare Holo VMAX,3b95ae79aeac
swsh3-120,swsh3,DAA,120,Skarmory,Pokémon,Basic,D,120,Metal,,Common,fd41755f0458
swsh3-121,swsh3,DAA,121,Aron,Pokémon,Basic,D,70,Metal,,Common,275054d47648
swsh3-122,swsh3,DAA,122,Lairon,Pokémon,Stage 1,D,100,Metal,Aron,Uncommon,7a993b624548
swsh3-123,swsh3,DAA,123,Aggron,Pokémon,Stage 2,D,160,Metal,Lairon,Rare Holo,e8f6356f03fd
swsh3-124,swsh3,DAA,124,Escavalier,Pokémon,Stage 1,D,120,Metal,Karrablast,Rare,ad514ac39652
swsh3-125,swsh3,DAA,125,Klink,Pokémon,Basic,D,60,Metal,,Common,dbd5bc0d168e
swsh3-126,swsh3,DAA,126,Klang,Pokémon,Stage 1,D,90,Metal,Klink,Uncommon,cd26334f9965
swsh3-127,swsh3,DAA,127,Klinklang,Pokémon,Stage 2,D,150,Metal,Klang,Rare,230228986eca
swsh3-128,swsh3,DAA,128,Galarian Stunfisk V,Pokémon,Basic|V,D,200,Metal,,Rare Holo V,8cad1d5459b3
swsh3-129,swsh3,DAA,129,Meltan,Pokémon,Basic,D,70,Metal,,Common,368f0549f6af
swsh3-130,swsh3,DAA,130,Melmetal,Pokémon,Stage 1,D,150,Metal,Meltan,Rare,b456237d671b
swsh3-131,swsh3,DAA,131,Cufant,Pokémon,Basic,D,100,Metal,,Common,f56fdff11ee9
swsh3-132,swsh3,DAA,132,Copperajah,Pokémon,Stage 1,D,190,Metal,Cufant,Rare Holo,1f687a8f3f2d
swsh3-133,swsh3,DAA,133,Kangaskhan,Pokémon,Basic,D,130,Colorless,,Rare Holo,2955f66efdad
swsh3-134,swsh3,DAA,134,Tauros,Pokémon,Basic,D,110,Colorless,,Common,f8185fcad790
swsh3-135,swsh3,DAA,135,Sentret,Pokémon,Basic,D,60,Colorless,,Common,a870c1dc054c
swsh3-136,swsh3,DAA,136,Furret,Pokémon,Stage 1,D,110,Colorless,Sentret,Uncommon,2ae0792abf0d
swsh3-137,swsh3,DAA,137,Dunsparce,Pokémon,Basic,D,60,Colorless,,Common,fd058ca047d1
swsh3-138,swsh3,DAA,138,Teddiursa,Pokémon,Basic,D,70,Colorless,,Common,f4441d07424f
swsh3-139,swsh3,DAA,139,Ursaring,Pokémon,Stage 1,D,140,Colorless,Teddiursa,Uncommon,d33eeff61e72
swsh3-140,swsh3,DAA,140,Lugia,Pokémon,Basic,D,130,Colorless,,Rare,2d19439c2387
swsh3-141,swsh3,DAA,141,Skitty,Pokémon,Basic,D,60,Colorless,,Common,563e357252f3
swsh3-142,swsh3,DAA,142,Delcatty,Pokémon,Stage 1,D,100,Colorless,Skitty,Rare,8f13431976eb
swsh3-143,swsh3,DAA,143,Salamence V,Pokémon,Basic|V,D,220,Colorless,,Rare Holo V,012393981764
swsh3-144,swsh3,DAA,144,Salamence VMAX,Pokémon,VMAX,D,320,Colorless,Salamence V,Rare Holo VMAX,59c1797f1c58
swsh3-145,swsh3,DAA,145,Starly,Pokémon,Basic,D,50,Colorless,,Common,27b2a610249e
swsh3-146,swsh3,DAA,146,Staravia,Pokémon,Stage 1,D,80,Colorless,Starly,Uncommon,d71215402cea
swsh3-147,swsh3,DAA,147,Staraptor,Pokémon,Stage 2,D,150,Colorless,Staravia,Rare,e209fe8f234e
swsh3-148,swsh3,DAA,148,Ducklett,Pokémon,Basic,D,50,Colorless,,Common,8d22aa0c2bb9
swsh3-149,swsh3,DAA,149,Swanna,Pokémon,Stage 1,D,110,Colorless,Ducklett,Rare,861d74e31bad
swsh3-150,swsh3,DAA,150,Bunnelby,Pokémon,Basic,D,40,Colorless,,Common,bb01fec06c18
swsh3-151,swsh3,DAA,151,Fletchling,Pokémon,Basic,D,60,Colorless,,Common,68183708f466
swsh3-152,swsh3,DAA,152,Skwovet,Pokémon,Basic,D,70,Colorless,,Common,e848b1781f70
swsh3-153,swsh3,DAA,153,Greedent,Pokémon,Stage 1,D,120,Colorless,Skwovet,Rare,de593592dbde
swsh3-154,swsh3,DAA,154,Rookidee,Pokémon,Basic,D,60,Colorless,,Common,2d79d903daaa
swsh3-155,swsh3,DAA,155,Corvisquire,Pokémon,Stage 1,D,80,Colorless,Rookidee,Uncommon,36f9d50a7037
swsh3-156,swsh3,DAA,156,Corviknight,Pokémon,Stage 2,D,160,Colorless,Corvisquire,Rare Holo,83a6add7f992
swsh3-157,swsh3,DAA,157,Big Parasol,Trainer,Pokémon Tool,D,,,,Uncommon,9b676c0a2d84
swsh3-158,swsh3,DAA,158,Billowing Smoke,Trainer,Pokémon Tool,D,,,,Uncommon,06521b0230fd
swsh3-159,swsh3,DAA,159,Bird Keeper,Trainer,Supporter,D,,,,Uncommon,d14e05157fa4
swsh3-160,swsh3,DAA,160,Cape of Toughness,Trainer,Pokémon Tool,D,,,,Uncommon,4ed13c78abc7
swsh3-161,swsh3,DAA,161,Familiar Bell,Trainer,Item,D,,,,Uncommon,81092cee2131
swsh3-162,swsh3,DAA,162,Glimwood Tangle,Trainer,Stadium,D,,,,Uncommon,02238aeeec3d
swsh3-163,swsh3,DAA,163,Kabu,Trainer,Supporter,D,,,,Uncommon,5426ca6dafa5
swsh3-164,swsh3,DAA,164,Old PC,Trainer,Item,D,,,,Uncommon,8fe1b11c324a
swsh3-165,swsh3,DAA,165,Piers,Trainer,Supporter,D,,,,Uncommon,a2055234538d
swsh3-166,swsh3,DAA,166,Pokémon Breeder's Nurturing,Trainer,Supporter,D,,,,Uncommon,0759b71a339f
swsh3-167,swsh3,DAA,167,Rare Fossil,Trainer,Item,D,70,,,Uncommon,63bc71197f50
swsh3-168,swsh3,DAA,168,Rose,Trainer,Supporter,D,,,,Uncommon,a88fabec210c
swsh3-169,swsh3,DAA,169,Rose Tower,Trainer,Stadium,D,,,,Uncommon,aa4292ad48fc
swsh3-170,swsh3,DAA,170,Spikemuth,Trainer,Stadium,D,,,,Uncommon,ed213814ddb4
swsh3-171,swsh3,DAA,171,Struggle Gloves,Trainer,Pokémon Tool,D,,,,Uncommon,da4ab886d0a6
swsh3-172,swsh3,DAA,172,Turbo Patch,Trainer,Item,D,,,,Uncommon,427cd0f487b9
swsh3-173,swsh3,DAA,173,Yell Horn,Trainer,Item,D,,,,Uncommon,f82db86896e9
swsh3-174,swsh3,DAA,174,Heat Fire Energy,Energy,Special,D,,,,Uncommon,e9a764210bc9
swsh3-175,swsh3,DAA,175,Hiding Darkness Energy,Energy,Special,D,,,,Uncommon,eb84e73686c9
swsh3-176,swsh3,DAA,176,Powerful Colorless Energy,Energy,Special,D,,,,Uncommon,010a81e86a49
swsh3-177,swsh3,DAA,177,Butterfree V,Pokémon,Basic|V,D,190,Grass,,Rare Ultra,00b2bdb918eb
swsh3-178,swsh3,DAA,178,Houndoom V,Pokémon,Basic|V,D,210,Fire,,Rare Ultra,ec1f73e13000
swsh3-179,swsh3,DAA,179,Centiskorch V,Pokémon,Basic|V,D,210,Fire,,Rare Ultra,b965d63e9f60
swsh3-180,swsh3,DAA,180,Vikavolt V,Pokémon,Basic|V,D,210,Lightning,,Rare Ultra,9a46323b9442
swsh3-181,swsh3,DAA,181,Rhyperior V,Pokémon,Basic|V,D,230,Fighting,,Rare Ultra,6f08a50dfbc9
swsh3-182,swsh3,DAA,182,Crobat V,Pokémon,Basic|V,D,180,Darkness,,Rare Ultra,7aedae499ab9
swsh3-183,swsh3,DAA,183,Scizor V,Pokémon,Basic|V,D,210,Metal,,Rare Ultra,08bdde2581a9
swsh3-184,swsh3,DAA,184,Galarian Stunfisk V,Pokémon,Basic|V,D,200,Metal,,Rare Ultra,8cad1d5459b3
swsh3-185,swsh3,DAA,185,Salamence V,Pokémon,Basic|V,D,220,Colorless,,Rare Ultra,012393981764
swsh3-186,swsh3,DAA,186,Kabu,Trainer,Supporter,D,,,,Rare Ultra,5426ca6dafa5
swsh3-187,swsh3,DAA,187,Piers,Trainer,Supporter,D,,,,Rare Ultra,a2055234538d
swsh3-188,swsh3,DAA,188,Pokémon Breeder's Nurturing,Trainer,Supporter,D,,,,Rare Ultra,0759b71a339f
swsh3-189,swsh3,DAA,189,Rose,Trainer,Supporter,D,,,,Rare Ultra,a88fabec210c
swsh3-190,swsh3,DAA,190,Butterfree VMAX,Pokémon,VMAX,D,300,Grass,Butterfree V,Rare Rainbow,92c40da573e8
swsh3-191,swsh3,DAA,191,Centiskorch VMAX,Pokémon,VMAX,D,320,Fire,Centiskorch V,Rare Rainbow,ac4b4d512499
swsh3-192,swsh3,DAA,192,Eternatus VMAX,Pokémon,VMAX,D,340,Darkness,Eternatus V,Rare Rainbow,06d9df3a42b9
swsh3-193,swsh3,DAA,193,Scizor VMAX,Pokémon,VMAX,D,320,Metal,Scizor V,Rare Rainbow,3b95ae79aeac
swsh3-194,swsh3,DAA,194,Salamence VMAX,Pokémon,VMAX,D,320,Colorless,Salamence V,Rare Rainbow,59c1797f1c58
swsh3-195,swsh3,DAA,195,Pokémon Breeder's Nurturing,Trainer,Supporter,D,,,,Rare Rainbow,0759b71a339f
swsh3-196,swsh3,DAA,196,Rose,Trainer,Supporter,D,,,,Rare Rainbow,a88fabec210c
swsh3-197,swsh3,DAA,197,Rillaboom,Pokémon,Stage 2,D,170,Grass,Thwackey,Rare Secret,ef0b002cdf52
swsh3-198,swsh3,DAA,198,Coalossal,Pokémon,Stage 2,D,160,Fighting,Carkol,Rare Secret,48f09eccbf79
swsh3-199,swsh3,DAA,199,Big Parasol,Trainer,Pokémon Tool,D,,,,Rare Secret,9b676c0a2d84
swsh3-200,swsh3,DAA,200,Turbo Patch,Trainer,Item,D,,,,Rare Secret,427cd0f487b9
swsh3-201,swsh3,DAA,201,Capture Energy,Energy,Special,D,,,,Rare Secret,6b4f818303eb
fut20-1,fut20,FUT20,1,Pikachu on the Ball,Pokémon,Basic,D,60,Lightning,,,5cc671090a9d
fut20-2,fut20,FUT20,2,Eevee on the Ball,Pokémon,Basic,D,60,Colorless,,,ddcde3f32555
fut20-3,fut20,FUT20,3,Grookey on the Ball,Pokémon,Basic,D,60,Grass,,,1abe9962b46c
fut20-4,fut20,FUT20,4,Scorbunny on the Ball,Pokémon,Basic,D,60,Fire,,,7fa1ae48a251
fut20-5,fut20,FUT20,5,Sobble on the Ball,Pokémon,Basic,D,60,Water,,,46104d0d19ae
swsh35-1,swsh35,CPA,1,Venusaur V,Pokémon,Basic|V,D,220,Grass,,Rare Holo V,8c8ea0b0097f
swsh35-2,swsh35,CPA,2,Weedle,Pokémon,Basic,D,60,Grass,,Common,5b1301f36b70
swsh35-3,swsh35,CPA,3,Kakuna,Pokémon,Stage 1,D,80,Grass,Weedle,Common,39e792e3d994
swsh35-4,swsh35,CPA,4,Beedrill,Pokémon,Stage 2,D,140,Grass,Kakuna,Uncommon,9bef965922c3
swsh35-5,swsh35,CPA,5,Eldegoss V,Pokémon,Basic|V,D,180,Grass,,Rare Holo V,be60a18f7d5a
swsh35-6,swsh35,CPA,6,Vulpix,Pokémon,Basic,D,60,Fire,,Common,7b5f0142964c
swsh35-7,swsh35,CPA,7,Victini,Pokémon,Basic,D,70,Fire,,Uncommon,70ac040053e1
swsh35-8,swsh35,CPA,8,Incineroar V,Pokémon,Basic|V,D,220,Fire,,Rare Holo V,784e7c65f258
swsh35-9,swsh35,CPA,9,Sizzlipede,Pokémon,Basic,D,70,Fire,,Common,582d74b8e1c7
swsh35-10,swsh35,CPA,10,Centiskorch,Pokémon,Stage 1,D,130,Fire,Sizzlipede,Rare Holo,cd29f9a5763c
swsh35-11,swsh35,CPA,11,Carvanha,Pokémon,Basic,D,60,Water,,Common,b307ee42624c
swsh35-12,swsh35,CPA,12,Sharpedo,Pokémon,Stage 1,D,110,Water,Carvanha,Uncommon,b31190d0e01a
swsh35-13,swsh35,CPA,13,Wailord V,Pokémon,Basic|V,D,280,Water,,Rare Holo V,b5b50e9e739e
swsh35-14,swsh35,CPA,14,Drednaw V,Pokémon,Basic|V,D,210,Water,,Rare Holo V,ce3e3a4a9529
swsh35-15,swsh35,CPA,15,Drednaw VMAX,Pokémon,VMAX,D,320,Water,Drednaw V,Rare Holo VMAX,5b72742d9df2
swsh35-16,swsh35,CPA,16,Gardevoir V,Pokémon,Basic|V,D,210,Psychic,,Rare Holo V,885af4973746
swsh35-17,swsh35,CPA,17,Gardevoir VMAX,Pokémon,VMAX,D,320,Psychic,Gardevoir V,Rare Holo VMAX,02c8db6401d5
swsh35-18,swsh35,CPA,18,Hatenna,Pokémon,Basic,D,60,Psychic,,Common,434a5e1d80b7
swsh35-19,swsh35,CPA,19,Hattrem,Pokémon,Stage 1,D,90,Psychic,Hatenna,Uncommon,2d276c6dc34e
swsh35-20,swsh35,CPA,20,Hatterene,Pokémon,Stage 2,D,150,Psychic,Hattrem,Rare Holo,867df564774a
swsh35-21,swsh35,CPA,21,Galarian Cursola V,Pokémon,Basic|V,D,190,Psychic,,Rare Holo V,5d521f4f35a9
swsh35-22,swsh35,CPA,22,Alcremie V,Pokémon,Basic|V,D,170,Psychic,,Rare Holo V,84bddfb9ed13
swsh35-23,swsh35,CPA,23,Alcremie VMAX,Pokémon,VMAX,D,310,Psychic,Alcremie V,Rare Holo VMAX,ad1da29df505
swsh35-24,swsh35,CPA,24,Machop,Pokémon,Basic,D,70,Fighting,,Common,2d130119a214
swsh35-25,swsh35,CPA,25,Machoke,Pokémon,Stage 1,D,110,Fighting,Machop,Uncommon,a7d936976000
swsh35-26,swsh35,CPA,26,Machamp,Pokémon,Stage 2,D,170,Fighting,Machoke,Rare Holo,3edc1ceca77f
swsh35-27,swsh35,CPA,27,Lucario V,Pokémon,Basic|V,D,210,Fighting,,Rare Holo V,4259168e6126
swsh35-28,swsh35,CPA,28,Zygarde,Pokémon,Basic,D,140,Fighting,,Rare Holo,2372bc05e442
swsh35-29,swsh35,CPA,29,Rockruff,Pokémon,Basic,D,70,Fighting,,Common,1ee86fbe60e0
swsh35-30,swsh35,CPA,30,Lycanroc,Pokémon,Stage 1,D,120,Fighting,Rockruff,Rare Holo,abae4c1a8074
swsh35-31,swsh35,CPA,31,Rolycoly,Pokémon,Basic,D,70,Fighting,,Common,c7503d76e509
swsh35-32,swsh35,CPA,32,Grapploct V,Pokémon,Basic|V,D,210,Fighting,,Rare Holo V,4288f761f9d6
swsh35-33,swsh35,CPA,33,Ekans,Pokémon,Basic,D,70,Darkness,,Common,3e958fc2d5eb
swsh35-34,swsh35,CPA,34,Arbok,Pokémon,Stage 1,D,120,Darkness,Ekans,Uncommon,6d61e5a59210
swsh35-35,swsh35,CPA,35,Galarian Zigzagoon,Pokémon,Basic,D,70,Darkness,,Common,abc56ba348cc
swsh35-36,swsh35,CPA,36,Galarian Linoone,Pokémon,Stage 1,D,100,Darkness,Galarian Zigzagoon,Common,9c53706b5ce2
swsh35-37,swsh35,CPA,37,Galarian Obstagoon,Pokémon,Stage 2,D,170,Darkness,Galarian Linoone,Rare Holo,2a4144482324
swsh35-38,swsh35,CPA,38,Absol,Pokémon,Basic,D,100,Darkness,,Uncommon,0a705988bcf4
swsh35-39,swsh35,CPA,39,Purrloin,Pokémon,Basic,D,70,Darkness,,Common,b0cebb2c1a15
swsh35-40,swsh35,CPA,40,Liepard,Pokémon,Stage 1,D,100,Darkness,Purrloin,Uncommon,fb9c2b22bc0c
swsh35-41,swsh35,CPA,41,Scraggy,Pokémon,Basic,D,70,Darkness,,Common,7e020bf92f19
swsh35-42,swsh35,CPA,42,Scrafty,Pokémon,Stage 1,D,120,Darkness,Scraggy,Rare Holo,d870b9bc89f5
swsh35-43,swsh35,CPA,43,Trubbish,Pokémon,Basic,D,60,Darkness,,Common,57e7581598d4
swsh35-44,swsh35,CPA,44,Inkay,Pokémon,Basic,D,60,Darkness,,Common,fe60ef41c9bd
swsh35-45,swsh35,CPA,45,Malamar,Pokémon,Stage 1,D,120,Darkness,Inkay,Uncommon,60346d742d70
swsh35-46,swsh35,CPA,46,Nickit,Pokémon,Basic,D,70,Darkness,,Common,8900ffaf07cf
swsh35-47,swsh35,CPA,47,Duraludon V,Pokémon,Basic|V,D,220,Metal,,Rare Holo V,6b7d19dc54eb
swsh35-48,swsh35,CPA,48,Swablu,Pokémon,Basic,D,50,Colorless,,Common,abfb46285d82
swsh35-49,swsh35,CPA,49,Altaria,Pokémon,Stage 1,D,110,Colorless,Swablu,Rare Holo,b7f62477fdcd
swsh35-50,swsh35,CPA,50,Bede,Trainer,Supporter,D,,,,Uncommon,669af4aa86c7
swsh35-51,swsh35,CPA,51,Full Heal,Trainer,Item,D,,,,Uncommon,4ac4589d709f
swsh35-52,swsh35,CPA,52,Great Ball,Trainer,Item,D,,,,Uncommon,5751e84ff013
swsh35-53,swsh35,CPA,53,Hop,Trainer,Supporter,D,,,,Uncommon,529340cfca9a
swsh35-54,swsh35,CPA,54,Hyper Potion,Trainer,Item,D,,,,Uncommon,8ac2eff92713
swsh35-55,swsh35,CPA,55,Kabu,Trainer,Supporter,D,,,,Uncommon,5426ca6dafa5
swsh35-56,swsh35,CPA,56,Marnie,Trainer,Supporter,D,,,,Rare Holo,93a16f6b8bda
swsh35-57,swsh35,CPA,57,Milo,Trainer,Supporter,D,,,,Uncommon,8c2569e9573f
swsh35-58,swsh35,CPA,58,Piers,Trainer,Supporter,D,,,,Uncommon,a2055234538d
swsh35-59,swsh35,CPA,59,Poké Ball,Trainer,Item,D,,,,Common,c14217c41051
swsh35-60,swsh35,CPA,60,Pokémon Center Lady,Trainer,Supporter,D,,,,Uncommon,d2a0a7956cad
swsh35-61,swsh35,CPA,61,Potion,Trainer,Item,D,,,,Common,69f07683c39b
swsh35-62,swsh35,CPA,62,Professor's Research (Professor Magnolia),Trainer,Supporter,D,,,,Rare Holo,f2b21bf3fd60
swsh35-63,swsh35,CPA,63,Rotom Bike,Trainer,Item,D,,,,Uncommon,241bd25e6d28
swsh35-64,swsh35,CPA,64,Rotom Phone,Trainer,Item,D,,,,Uncommon,0fbc83343df1
swsh35-65,swsh35,CPA,65,Sonia,Trainer,Supporter,D,,,,Uncommon,2f1c0792ad42
swsh35-66,swsh35,CPA,66,Suspicious Food Tin,Trainer,Item,D,,,,Uncommon,d6d9b7ec1f26
swsh35-67,swsh35,CPA,67,Team Yell Grunt,Trainer,Supporter,D,,,,Uncommon,e9e5e5d2082b
swsh35-68,swsh35,CPA,68,Turffield Stadium,Trainer,Stadium,D,,,,Uncommon,0c60573b0049
swsh35-69,swsh35,CPA,69,Drednaw V,Pokémon,Basic|V,D,210,Water,,Rare Ultra,ce3e3a4a9529
swsh35-70,swsh35,CPA,70,Gardevoir V,Pokémon,Basic|V,D,210,Psychic,,Rare Ultra,885af4973746
swsh35-71,swsh35,CPA,71,Galarian Cursola V,Pokémon,Basic|V,D,190,Psychic,,Rare Ultra,5d521f4f35a9
swsh35-72,swsh35,CPA,72,Grapploct V,Pokémon,Basic|V,D,210,Fighting,,Rare Ultra,4288f761f9d6
swsh35-73,swsh35,CPA,73,Hop,Trainer,Supporter,D,,,,Rare Ultra,529340cfca9a
swsh35-74,swsh35,CPA,74,Charizard VMAX,Pokémon,VMAX,D,330,Fire,Charizard V,Rare Rainbow,fc5ab40b2af6
swsh35-75,swsh35,CPA,75,Drednaw VMAX,Pokémon,VMAX,D,320,Water,Drednaw V,Rare Rainbow,5b72742d9df2
swsh35-76,swsh35,CPA,76,Gardevoir VMAX,Pokémon,VMAX,D,320,Psychic,Gardevoir V,Rare Rainbow,02c8db6401d5
swsh35-77,swsh35,CPA,77,Kabu,Trainer,Supporter,D,,,,Rare Rainbow,5426ca6dafa5
swsh35-78,swsh35,CPA,78,Piers,Trainer,Supporter,D,,,,Rare Rainbow,a2055234538d
swsh35-79,swsh35,CPA,79,Charizard V,Pokémon,Basic|V,D,220,Fire,,Rare Secret,5803118ee64f
swsh35-80,swsh35,CPA,80,Suspicious Food Tin,Trainer,Item,D,,,,Rare Secret,d6d9b7ec1f26
swsh4-1,swsh4,VIV,1,Weedle,Pokémon,Basic,D,40,Grass,,Common,c9540f1be998
swsh4-2,swsh4,VIV,2,Kakuna,Pokémon,Stage 1,D,80,Grass,Weedle,Uncommon,f57cd1fe4d65
swsh4-3,swsh4,VIV,3,Beedrill,Pokémon,Stage 2,D,130,Grass,Kakuna,Rare,bcae1118e590
swsh4-4,swsh4,VIV,4,Exeggcute,Pokémon,Basic,D,60,Grass,,Common,e02cb3439804
swsh4-5,swsh4,VIV,5,Exeggutor,Pokémon,Stage 1,D,140,Grass,Exeggcute,Rare,371d9e2421a5
swsh4-6,swsh4,VIV,6,Yanma,Pokémon,Basic,D,80,Grass,,Common,81a4b5348c7a
swsh4-7,swsh4,VIV,7,Yanmega,Pokémon,Stage 1,D,130,Grass,Yanma,Rare,2bc58c4b15c8
swsh4-8,swsh4,VIV,8,Pineco,Pokémon,Basic,D,60,Grass,,Common,3fe1d7948375
swsh4-9,swsh4,VIV,9,Celebi,Pokémon,Basic,D,60,Grass,,Amazing Rare,de0ca132082d
swsh4-10,swsh4,VIV,10,Seedot,Pokémon,Basic,D,60,Grass,,Common,2dc0191c7822
swsh4-11,swsh4,VIV,11,Nuzleaf,Pokémon,Stage 1,D,80,Grass,Seedot,Uncommon,7b05cb685c0c
swsh4-12,swsh4,VIV,12,Shiftry,Pokémon,Stage 2,D,150,Grass,Nuzleaf,Rare,9762c8acd679
swsh4-13,swsh4,VIV,13,Nincada,Pokémon,Basic,D,40,Grass,,Common,043cccaa07c6
swsh4-14,swsh4,VIV,14,Ninjask,Pokémon,Stage 1,D,60,Grass,Nincada,Rare,96ef4bcf48ca
swsh4-15,swsh4,VIV,15,Shaymin,Pokémon,Basic,D,70,Grass,,Rare Holo,f53bcd5efd18
swsh4-16,swsh4,VIV,16,Genesect,Pokémon,Basic,D,120,Grass,,Rare Holo,e1188c7b3772
swsh4-17,swsh4,VIV,17,Skiddo,Pokémon,Basic,D,70,Grass,,Common,f2dccb6e6579
swsh4-18,swsh4,VIV,18,Gogoat,Pokémon,Stage 1,D,130,Grass,Skiddo,Uncommon,91ecc5d1a8b1
swsh4-19,swsh4,VIV,19,Dhelmise,Pokémon,Basic,D,130,Grass,,Uncommon,9f31a95b46ff
swsh4-20,swsh4,VIV,20,Orbeetle V,Pokémon,Basic|V,D,180,Grass,,Rare Holo V,c8fb22653af2
swsh4-21,swsh4,VIV,21,Orbeetle VMAX,Pokémon,VMAX,D,310,Grass,Orbeetle V,Rare Holo VMAX,12989db0dc09
swsh4-22,swsh4,VIV,22,Zarude V,Pokémon,Basic|V,D,210,Grass,,Rare Holo V,36a422a58d23
swsh4-23,swsh4,VIV,23,Charmander,Pokémon,Basic,D,70,Fire,,Common,1e8f8bc17bfb
swsh4-24,swsh4,VIV,24,Charmeleon,Pokémon,Stage 1,D,90,Fire,Charmander,Uncommon,89a00391d509
swsh4-25,swsh4,VIV,25,Charizard,Pokémon,Stage 2,D,170,Fire,Charmeleon,Rare,46d1d43f90e0
swsh4-26,swsh4,VIV,26,Flareon,Pokémon,Stage 1,D,110,Fire,Eevee,Rare,ba56a4cb25e0
swsh4-27,swsh4,VIV,27,Slugma,Pokémon,Basic,D,70,Fire,,Common,5cbc309dd045
swsh4-28,swsh4,VIV,28,Magcargo,Pokémon,Stage 1,D,130,Fire,Slugma,Uncommon,f9c6e77aeda5
swsh4-29,swsh4,VIV,29,Talonflame V,Pokémon,Basic|V,D,190,Fire,,Rare Holo V,1bad99993ba7
swsh4-30,swsh4,VIV,30,Vaporeon,Pokémon,Stage 1,D,110,Water,Eevee,Rare,463c21aac929
swsh4-31,swsh4,VIV,31,Wailmer,Pokémon,Basic,D,100,Water,,Common,cdb7feb1e4f9
swsh4-32,swsh4,VIV,32,Wailord,Pokémon,Stage 1,D,200,Water,Wailmer,Rare Holo,e7f7f14e086e
swsh4-33,swsh4,VIV,33,Oshawott,Pokémon,Basic,D,70,Water,,Common,61998cc45723
swsh4-34,swsh4,VIV,34,Dewott,Pokémon,Stage 1,D,90,Water,Oshawott,Uncommon,629b081e4e8c
swsh4-35,swsh4,VIV,35,Samurott,Pokémon,Stage 2,D,160,Water,Dewott,Rare,abec80125d42
swsh4-36,swsh4,VIV,36,Galarian Darmanitan V,Pokémon,Basic|V,D,220,Water,,Rare Holo V,dd2f7a62a32c
swsh4-37,swsh4,VIV,37,Galarian Darmanitan VMAX,Pokémon,VMAX,D,320,Water,Galarian Darmanitan V,Rare Holo VMAX,a82661a733b4
swsh4-38,swsh4,VIV,38,Chewtle,Pokémon,Basic,D,80,Water,,Common,c4f415e949ec
swsh4-39,swsh4,VIV,39,Drednaw,Pokémon,Stage 1,D,140,Water,Chewtle,Rare,71adf2cf1cc7
swsh4-40,swsh4,VIV,40,Cramorant,Pokémon,Basic,D,110,Water,,Uncommon,1c685341fcec
swsh4-41,swsh4,VIV,41,Arrokuda,Pokémon,Basic,D,60,Water,,Common,31ccf525f5bb
swsh4-42,swsh4,VIV,42,Barraskewda,Pokémon,Stage 1,D,120,Water,Arrokuda,Rare,f99d20b09fc6
swsh4-43,swsh4,VIV,43,Pikachu V,Pokémon,Basic|V,D,190,Lightning,,Rare Holo V,c889994ea351
swsh4-44,swsh4,VIV,44,Pikachu VMAX,Pokémon,VMAX,D,310,Lightning,Pikachu V,Rare Holo VMAX,bd57fa43a246
swsh4-45,swsh4,VIV,45,Voltorb,Pokémon,Basic,D,60,Lightning,,Common,ea286e5430f9
swsh4-46,swsh4,VIV,46,Electrode,Pokémon,Stage 1,D,90,Lightning,Voltorb,Rare Holo,c376dd7d216f
swsh4-47,swsh4,VIV,47,Jolteon,Pokémon,Stage 1,D,100,Lightning,Eevee,Rare,4c252ced2f49
swsh4-48,swsh4,VIV,48,Zapdos,Pokémon,Basic,D,110,Lightning,,Rare Holo,6b011fee27df
swsh4-49,swsh4,VIV,49,Ampharos V,Pokémon,Basic|V,D,210,Lightning,,Rare Holo V,3fbaa2f89083
swsh4-50,swsh4,VIV,50,Raikou,Pokémon,Basic,D,110,Lightning,,Amazing Rare,a40aac4ffede
swsh4-51,swsh4,VIV,51,Electrike,Pokémon,Basic,D,60,Lightning,,Common,ebd2a0d81d69
swsh4-52,swsh4,VIV,52,Manectric,Pokémon,Stage 1,D,120,Lightning,Electrike,Rare,1e779fc2df49
swsh4-53,swsh4,VIV,53,Blitzle,Pokémon,Basic,D,60,Lightning,,Common,b0358ce2bd24
swsh4-54,swsh4,VIV,54,Zebstrika,Pokémon,Stage 1,D,110,Lightning,Blitzle,Uncommon,41b1554acb4b
swsh4-55,swsh4,VIV,55,Joltik,Pokémon,Basic,D,40,Lightning,,Common,9687cf0c212a
swsh4-56,swsh4,VIV,56,Galvantula,Pokémon,Stage 1,D,90,Lightning,Joltik,Uncommon,c5e79ffcf08f
swsh4-57,swsh4,VIV,57,Tynamo,Pokémon,Basic,D,40,Lightning,,Common,74957d28d3d7
swsh4-58,swsh4,VIV,58,Eelektrik,Pokémon,Stage 1,D,90,Lightning,Tynamo,Uncommon,0ec803cbd9ec
swsh4-59,swsh4,VIV,59,Eelektross,Pokémon,Stage 2,D,160,Lightning,Eelektrik,Rare,d42f768b4dd8
swsh4-60,swsh4,VIV,60,Zekrom,Pokémon,Basic,D,130,Lightning,,Rare Holo,e23f01d842e9
swsh4-61,swsh4,VIV,61,Zeraora,Pokémon,Basic,D,100,Lightning,,Rare Holo,66105995b138
swsh4-62,swsh4,VIV,62,Pincurchin,Pokémon,Basic,D,80,Lightning,,Uncommon,4abd832a1132
swsh4-63,swsh4,VIV,63,Clefairy,Pokémon,Basic,D,60,Psychic,,Common,1a5f15184bda
swsh4-64,swsh4,VIV,64,Clefable,Pokémon,Stage 1,D,100,Psychic,Clefairy,Rare,402167266a82
swsh4-65,swsh4,VIV,65,Girafarig,Pokémon,Basic,D,90,Psychic,,Uncommon,d8524265368a
swsh4-66,swsh4,VIV,66,Shedinja,Pokémon,Basic,D,30,Psychic,,Rare,21407c857b1d
swsh4-67,swsh4,VIV,67,Shuppet,Pokémon,Basic,D,60,Psychic,,Common,18061543426c
swsh4-68,swsh4,VIV,68,Banette,Pokémon,Stage 1,D,90,Psychic,Shuppet,Rare,262540aaef3e
swsh4-69,swsh4,VIV,69,Duskull,Pokémon,Basic,D,60,Psychic,,Common,d9327d28a9fd
swsh4-70,swsh4,VIV,70,Dusclops,Pokémon,Stage 1,D,90,Psychic,Duskull,Uncommon,635c783bf270
swsh4-71,swsh4,VIV,71,Dusknoir,Pokémon,Stage 2,D,150,Psychic,Dusclops,Rare Holo,60e6988d3509
swsh4-72,swsh4,VIV,72,Chimecho,Pokémon,Basic,D,70,Psychic,,Common,d5e971d8453d
swsh4-73,swsh4,VIV,73,Woobat,Pokémon,Basic,D,60,Psychic,,Common,d85fba7999dd
swsh4-74,swsh4,VIV,74,Swoobat,Pokémon,Stage 1,D,100,Psychic,Woobat,Uncommon,5bb4b648afa1
swsh4-75,swsh4,VIV,75,Cottonee,Pokémon,Basic,D,60,Psychic,,Common,bcb91010d641
swsh4-76,swsh4,VIV,76,Whimsicott,Pokémon,Stage 1,D,90,Psychic,Cottonee,Rare,40e5617e04f4
swsh4-77,swsh4,VIV,77,Dedenne,Pokémon,Basic,D,70,Psychic,,Common,8618ce74dee5
swsh4-78,swsh4,VIV,78,Xerneas,Pokémon,Basic,D,130,Psychic,,Rare Holo,fa76bc9be49f
swsh4-79,swsh4,VIV,79,Diancie,Pokémon,Basic,D,90,Psychic,,Rare Holo,9eaf7cdb41ab
swsh4-80,swsh4,VIV,80,Milcery,Pokémon,Basic,D,50,Psychic,,Common,a9613cf92ef1
swsh4-81,swsh4,VIV,81,Alcremie,Pokémon,Stage 1,D,90,Psychic,Milcery,Rare,5d357df023ed
swsh4-82,swsh4,VIV,82,Zacian,Pokémon,Basic,D,110,Psychic,,Amazing Rare,4851f6d33065
swsh4-83,swsh4,VIV,83,Wooper,Pokémon,Basic,D,70,Fighting,,Common,e4de0c4131fb
swsh4-84,swsh4,VIV,84,Quagsire,Pokémon,Stage 1,D,120,Fighting,Wooper,Rare,4fb7dbb0b80b
swsh4-85,swsh4,VIV,85,Shuckle,Pokémon,Basic,D,70,Fighting,,Uncommon,1650022b4ac6
swsh4-86,swsh4,VIV,86,Phanpy,Pokémon,Basic,D,70,Fighting,,Common,44f849002ef0
swsh4-87,swsh4,VIV,87,Donphan,Pokémon,Stage 1,D,150,Fighting,Phanpy,Rare,44db9bf10fd7
swsh4-88,swsh4,VIV,88,Hitmontop,Pokémon,Basic,D,90,Fighting,,Uncommon,3974b9d2e61e
swsh4-89,swsh4,VIV,89,Regirock,Pokémon,Basic,D,130,Fighting,,Rare Holo,4069682ae22f
swsh4-90,swsh4,VIV,90,Riolu,Pokémon,Basic,D,70,Fighting,,Common,459cb9229eeb
swsh4-91,swsh4,VIV,91,Drilbur,Pokémon,Basic,D,70,Fighting,,Common,8514ac105e7e
swsh4-92,swsh4,VIV,92,Terrakion,Pokémon,Basic,D,140,Fighting,,Rare,cfa7e2174e1c
swsh4-93,swsh4,VIV,93,Zygarde,Pokémon,Basic,D,150,Fighting,,Rare Holo,838ac66a9d86
swsh4-94,swsh4,VIV,94,Rockruff,Pokémon,Basic,D,70,Fighting,,Common,5bc2aeff0263
swsh4-95,swsh4,VIV,95,Lycanroc,Pokémon,Stage 1,D,120,Fighting,Rockruff,Rare,b2b277800b38
swsh4-96,swsh4,VIV,96,Mudbray,Pokémon,Basic,D,80,Fighting,,Common,6174210a45eb
swsh4-97,swsh4,VIV,97,Mudsdale,Pokémon,Stage 1,D,140,Fighting,Mudbray,Rare,c838e3fdfba8
swsh4-98,swsh4,VIV,98,Coalossal V,Pokémon,Basic|V,D,220,Fighting,,Rare Holo V,cb41d26b76a0
swsh4-99,swsh4,VIV,99,Coalossal VMAX,Pokémon,VMAX,D,330,Fighting,Coalossal V,Rare Holo VMAX,73b09cf6233b
swsh4-100,swsh4,VIV,100,Clobbopus,Pokémon,Basic,D,80,Fighting,,Common,581dacc3cf64
swsh4-101,swsh4,VIV,101,Grapploct,Pokémon,Stage 1,D,130,Fighting,Clobbopus,Rare,4c4c056ee283
swsh4-102,swsh4,VIV,102,Zamazenta,Pokémon,Basic,D,110,Fighting,,Amazing Rare,e277b1d7a75f
swsh4-103,swsh4,VIV,103,Poochyena,Pokémon,Basic,D,70,Darkness,,Common,6a21a9ff81f1
swsh4-104,swsh4,VIV,104,Mightyena,Pokémon,Stage 1,D,110,Darkness,Poochyena,Uncommon,61715d90a1a4
swsh4-105,swsh4,VIV,105,Sableye,Pokémon,Basic,D,70,Darkness,,Uncommon,49075bd2990e
swsh4-106,swsh4,VIV,106,Drapion V,Pokémon,Basic|V,D,210,Darkness,,Rare Holo V,46b4ec59fbaf
swsh4-107,swsh4,VIV,107,Sandile,Pokémon,Basic,D,70,Darkness,,Common,f0879590e6d2
swsh4-108,swsh4,VIV,108,Krokorok,Pokémon,Stage 1,D,90,Darkness,Sandile,Uncommon,6cb400baada1
swsh4-109,swsh4,VIV,109,Krookodile,Pokémon,Stage 2,D,150,Darkness,Krokorok,Rare,c4198b96d5a2
swsh4-110,swsh4,VIV,110,Trubbish,Pokémon,Basic,D,70,Darkness,,Common,0bde32df10ef
swsh4-111,swsh4,VIV,111,Garbodor,Pokémon,Stage 1,D,120,Darkness,Trubbish,Rare,8f9963de5f5b
swsh4-112,swsh4,VIV,112,Galarian Meowth,Pokémon,Basic,D,70,Metal,,Common,6c96f035b211
swsh4-113,swsh4,VIV,113,Galarian Perrserker,Pokémon,Stage 1,D,120,Metal,Galarian Meowth,Rare,352153076b3f
swsh4-114,swsh4,VIV,114,Forretress,Pokémon,Stage 1,D,120,Metal,Pineco,Rare,5d7eb21d99ab
swsh4-115,swsh4,VIV,115,Steelix V,Pokémon,Basic|V,D,250,Metal,,Rare Holo V,7f34b5d8c70b
swsh4-116,swsh4,VIV,116,Beldum,Pokémon,Basic,D,70,Metal,,Common,ad62642276c3
swsh4-117,swsh4,VIV,117,Metang,Pokémon,Stage 1,D,100,Metal,Beldum,Uncommon,2f045b9da836
swsh4-118,swsh4,VIV,118,Metagross,Pokémon,Stage 2,D,170,Metal,Metang,Rare,778aa62f65f0
swsh4-119,swsh4,VIV,119,Jirachi,Pokémon,Basic,D,70,Metal,,Amazing Rare,224321f159be
swsh4-120,swsh4,VIV,120,Lucario,Pokémon,Stage 1,D,130,Metal,Riolu,Rare,022b57134efe
swsh4-121,swsh4,VIV,121,Dialga,Pokémon,Basic,D,130,Metal,,Rare Holo,a117005517e4
swsh4-122,swsh4,VIV,122,Excadrill,Pokémon,Stage 1,D,130,Metal,Drilbur,Uncommon,5c2e3a7e6480
swsh4-123,swsh4,VIV,123,Ferroseed,Pokémon,Basic,D,60,Metal,,Common,443d1eb6deb9
swsh4-124,swsh4,VIV,124,Ferrothorn,Pokémon,Stage 1,D,110,Metal,Ferroseed,Uncommon,dc9f02a2e46e
swsh4-125,swsh4,VIV,125,Galarian Stunfisk,Pokémon,Basic,D,120,Metal,,Uncommon,2c6cc865b2ad
swsh4-126,swsh4,VIV,126,Aegislash V,Pokémon,Basic|V,D,210,Metal,,Rare Holo V,0f4a479c2d95
swsh4-127,swsh4,VIV,127,Aegislash VMAX,Pokémon,VMAX,D,320,Metal,Aegislash V,Rare Holo VMAX,5cfd5f14982f
swsh4-128,swsh4,VIV,128,Magearna,Pokémon,Basic,D,90,Metal,,Rare Holo,2e8c16bad13a
swsh4-129,swsh4,VIV,129,Duraludon,Pokémon,Basic,D,130,Metal,,Rare Holo,7bd08cfc117c
swsh4-130,swsh4,VIV,130,Eevee,Pokémon,Basic,D,70,Colorless,,Common,2cfc1e761693
swsh4-131,swsh4,VIV,131,Snorlax,Pokémon,Basic,D,130,Colorless,,Rare Holo,12d127026c22
swsh4-132,swsh4,VIV,132,Lugia,Pokémon,Basic,D,130,Colorless,,Rare Holo,7cc1947c0190
swsh4-133,swsh4,VIV,133,Taillow,Pokémon,Basic,D,60,Colorless,,Common,9cb5845c50a4
swsh4-134,swsh4,VIV,134,Swellow,Pokémon,Stage 1,D,90,Colorless,Taillow,Uncommon,4e8c010ce4ec
swsh4-135,swsh4,VIV,135,Whismur,Pokémon,Basic,D,60,Colorless,,Common,94c40116d239
swsh4-136,swsh4,VIV,136,Loudred,Pokémon,Stage 1,D,100,Colorless,Whismur,Uncommon,7947dd844c42
swsh4-137,swsh4,VIV,137,Exploud,Pokémon,Stage 2,D,160,Colorless,Loudred,Rare,8b43e3f7ea6f
swsh4-138,swsh4,VIV,138,Rayquaza,Pokémon,Basic,D,120,Colorless,,Amazing Rare,b3a00b156f21
swsh4-139,swsh4,VIV,139,Chatot,Pokémon,Basic,D,70,Colorless,,Common,ef526c4e41d1
swsh4-140,swsh4,VIV,140,Togekiss V,Pokémon,Basic|V,D,200,Colorless,,Rare Holo V,55d8904c8225
swsh4-141,swsh4,VIV,141,Togekiss VMAX,Pokémon,VMAX,D,310,Colorless,Togekiss V,Rare Holo VMAX,3532f48fe388
swsh4-142,swsh4,VIV,142,Tornadus,Pokémon,Basic,D,120,Colorless,,Rare Holo,26ac6a4c3af8
swsh4-143,swsh4,VIV,143,Pikipek,Pokémon,Basic,D,60,Colorless,,Common,09f5beba6666
swsh4-144,swsh4,VIV,144,Trumbeak,Pokémon,Stage 1,D,80,Colorless,Pikipek,Uncommon,e0a7ed69335c
swsh4-145,swsh4,VIV,145,Toucannon,Pokémon,Stage 2,D,150,Colorless,Trumbeak,Rare,36780235fa26
swsh4-146,swsh4,VIV,146,Allister,Trainer,Supporter,D,,,,Uncommon,479be6264684
swsh4-147,swsh4,VIV,147,Bea,Trainer,Supporter,D,,,,Uncommon,5c717624f32b
swsh4-148,swsh4,VIV,148,Beauty,Trainer,Supporter,D,,,,Uncommon,22a8d78e62dc
swsh4-149,swsh4,VIV,149,Cara Liss,Trainer,Supporter,D,,,,Uncommon,97b443faa131
swsh4-150,swsh4,VIV,150,Circhester Bath,Trainer,Stadium,D,,,,Uncommon,ec01f4b62854
swsh4-151,swsh4,VIV,151,Drone Rotom,Trainer,Item,D,,,,Uncommon,13bfa14f2c22
swsh4-152,swsh4,VIV,152,Hero's Medal,Trainer,Pokémon Tool,D,,,,Uncommon,cb8d00015676
swsh4-153,swsh4,VIV,153,League Staff,Trainer,Supporter,D,,,,Uncommon,81d18ac853a7
swsh4-154,swsh4,VIV,154,Leon,Trainer,Supporter,D,,,,Rare Holo,c7d2b8f5d1dd
swsh4-155,swsh4,VIV,155,Memory Capsule,Trainer,Pokémon Tool,D,,,,Uncommon,324fa6fb18bf
swsh4-156,swsh4,VIV,156,Moomoo Cheese,Trainer,Item,D,,,,Uncommon,587539f1487e
swsh4-157,swsh4,VIV,157,Nessa,Trainer,Supporter,D,,,,Uncommon,a23c199cc98a
swsh4-158,swsh4,VIV,158,Opal,Trainer,Supporter,D,,,,Uncommon,1d53e8c02fde
swsh4-159,swsh4,VIV,159,Rocky Helmet,Trainer,Pokémon Tool,D,,,,Uncommon,7bfb994061ed
swsh4-160,swsh4,VIV,160,Telescopic Sight,Trainer,Pokémon Tool,D,,,,Uncommon,2623a2d076b5
swsh4-161,swsh4,VIV,161,Wyndon Stadium,Trainer,Stadium,D,,,,Uncommon,2ca63055927a
swsh4-162,swsh4,VIV,162,Aromatic Grass Energy,Energy,Special,D,,,,Uncommon,f856aff156ef
swsh4-163,swsh4,VIV,163,Coating Metal Energy,Energy,Special,D,,,,Uncommon,d1e8efd7458f
swsh4-164,swsh4,VIV,164,Stone Fighting Energy,Energy,Special,D,,,,Uncommon,7a356e9c13a3
swsh4-165,swsh4,VIV,165,Wash Water Energy,Energy,Special,D,,,,Uncommon,5ef2ae7b08e5
swsh4-166,swsh4,VIV,166,Orbeetle V,Pokémon,Basic|V,D,180,Grass,,Rare Ultra,c8fb22653af2
swsh4-167,swsh4,VIV,167,Zarude V,Pokémon,Basic|V,D,210,Grass,,Rare Ultra,36a422a58d23
swsh4-168,swsh4,VIV,168,Talonflame V,Pokémon,Basic|V,D,190,Fire,,Rare Ultra,1bad99993ba7
swsh4-169,swsh4,VIV,169,Galarian Darmanitan V,Pokémon,Basic|V,D,220,Water,,Rare Ultra,dd2f7a62a32c
swsh4-170,swsh4,VIV,170,Pikachu V,Pokémon,Basic|V,D,190,Lightning,,Rare Ultra,c889994ea351
swsh4-171,swsh4,VIV,171,Ampharos V,Pokémon,Basic|V,D,210,Lightning,,Rare Ultra,3fbaa2f89083
swsh4-172,swsh4,VIV,172,Alakazam V,Pokémon,Basic|V,D,190,Psychic,,Rare Ultra,ab6e88e1cc47
swsh4-173,swsh4,VIV,173,Coalossal V,Pokémon,Basic|V,D,220,Fighting,,Rare Ultra,cb41d26b76a0
swsh4-174,swsh4,VIV,174,Galarian Sirfetch'd V,Pokémon,Basic|V,D,210,Fighting,,Rare Ultra,cb462f574a62
swsh4-175,swsh4,VIV,175,Drapion V,Pokémon,Basic|V,D,210,Darkness,,Rare Ultra,46b4ec59fbaf
swsh4-176,swsh4,VIV,176,Steelix V,Pokémon,Basic|V,D,250,Metal,,Rare Ultra,7f34b5d8c70b
swsh4-177,swsh4,VIV,177,Aegislash V,Pokémon,Basic|V,D,210,Metal,,Rare Ultra,0f4a479c2d95
swsh4-178,swsh4,VIV,178,Togekiss V,Pokémon,Basic|V,D,200,Colorless,,Rare Ultra,55d8904c8225
swsh4-179,swsh4,VIV,179,Allister,Trainer,Supporter,D,,,,Rare Ultra,479be6264684
swsh4-180,swsh4,VIV,180,Bea,Trainer,Supporter,D,,,,Rare Ultra,5c717624f32b
swsh4-181,swsh4,VIV,181,Beauty,Trainer,Supporter,D,,,,Rare Ultra,22a8d78e62dc
swsh4-182,swsh4,VIV,182,Leon,Trainer,Supporter,D,,,,Rare Ultra,c7d2b8f5d1dd
swsh4-183,swsh4,VIV,183,Nessa,Trainer,Supporter,D,,,,Rare Ultra,a23c199cc98a
swsh4-184,swsh4,VIV,184,Opal,Trainer,Supporter,D,,,,Rare Ultra,1d53e8c02fde
swsh4-185,swsh4,VIV,185,Pokémon Center Lady,Trainer,Supporter,D,,,,Rare Ultra,d2a0a7956cad
swsh4-186,swsh4,VIV,186,Orbeetle VMAX,Pokémon,VMAX,D,310,Grass,Orbeetle V,Rare Rainbow,12989db0dc09
swsh4-187,swsh4,VIV,187,Galarian Darmanitan VMAX,Pokémon,VMAX,D,320,Water,Galarian Darmanitan V,Rare Rainbow,a82661a733b4
swsh4-188,swsh4,VIV,188,Pikachu VMAX,Pokémon,VMAX,D,310,Lightning,Pikachu V,Rare Rainbow,bd57fa43a246
swsh4-189,swsh4,VIV,189,Coalossal VMAX,Pokémon,VMAX,D,330,Fighting,Coalossal V,Rare Rainbow,73b09cf6233b
swsh4-190,swsh4,VIV,190,Aegislash VMAX,Pokémon,VMAX,D,320,Metal,Aegislash V,Rare Rainbow,5cfd5f14982f
swsh4-191,swsh4,VIV,191,Togekiss VMAX,Pokémon,VMAX,D,310,Colorless,Togekiss V,Rare Rainbow,3532f48fe388
swsh4-192,swsh4,VIV,192,Allister,Trainer,Supporter,D,,,,Rare Rainbow,479be6264684
swsh4-193,swsh4,VIV,193,Bea,Trainer,Supporter,D,,,,Rare Rainbow,5c717624f32b
swsh4-194,swsh4,VIV,194,Beauty,Trainer,Supporter,D,,,,Rare Rainbow,22a8d78e62dc
swsh4-195,swsh4,VIV,195,Leon,Trainer,Supporter,D,,,,Rare Rainbow,c7d2b8f5d1dd
swsh4-196,swsh4,VIV,196,Nessa,Trainer,Supporter,D,,,,Rare Rainbow,a23c199cc98a
swsh4-197,swsh4,VIV,197,Opal,Trainer,Supporter,D,,,,Rare Rainbow,1d53e8c02fde
swsh4-198,swsh4,VIV,198,Galarian Obstagoon,Pokémon,Stage 2,D,160,Darkness,Galarian Linoone,Rare Secret,540955ffb4db
swsh4-199,swsh4,VIV,199,Oranguru,Pokémon,Basic,D,120,Colorless,,Rare Secret,8cfde548bea3
swsh4-200,swsh4,VIV,200,Cape of Toughness,Trainer,Pokémon Tool,D,,,,Rare Secret,4ed13c78abc7
swsh4-201,swsh4,VIV,201,Hero's Medal,Trainer,Pokémon Tool,D,,,,Rare Secret,cb8d00015676
swsh4-202,swsh4,VIV,202,Memory Capsule,Trainer,Pokémon Tool,D,,,,Rare Secret,324fa6fb18bf
swsh4-203,swsh4,VIV,203,Telescopic Sight,Trainer,Pokémon Tool,D,,,,Rare Secret,2623a2d076b5
mcd21-1,mcd21,,1,Bulbasaur,Pokémon,Basic,,70,Grass,,,a71317f4d362
mcd21-2,mcd21,,2,Chikorita,Pokémon,Basic,,70,Grass,,,e4e4f2aa145f
mcd21-3,mcd21,,3,Treecko,Pokémon,Basic,,60,Grass,,,60ce77f515e3
mcd21-4,mcd21,,4,Turtwig,Pokémon,Basic,,80,Grass,,,56064f800e23
mcd21-5,mcd21,,5,Snivy,Pokémon,Basic,,60,Grass,,,aa3036b62c98
mcd21-6,mcd21,,6,Chespin,Pokémon,Basic,,60,Grass,,,851b87d9b907
mcd21-7,mcd21,,7,Rowlet,Pokémon,Basic,,60,Grass,,,740f870bd6c2
mcd21-8,mcd21,,8,Grookey,Pokémon,Basic,D,60,Grass,,,d0edc7b5fec6
mcd21-9,mcd21,,9,Charmander,Pokémon,Basic,,70,Fire,,,9f1f4ef9e9ba
mcd21-10,mcd21,,10,Cyndaquil,Pokémon,Basic,,70,Fire,,,3e5e0968961a
mcd21-11,mcd21,,11,Torchic,Pokémon,Basic,,60,Fire,,,0b98ba07639a
mcd21-12,mcd21,,12,Chimchar,Pokémon,Basic,,60,Fire,,,336ed56d7473
mcd21-13,mcd21,,13,Tepig,Pokémon,Basic,,70,Fire,,,d46432f4e647
mcd21-14,mcd21,,14,Fennekin,Pokémon,Basic,,60,Fire,,,f5cf06a7cc69
mcd21-15,mcd21,,15,Litten,Pokémon,Basic,,70,Fire,,,40d7af0cc75e
mcd21-16,mcd21,,16,Scorbunny,Pokémon,Basic,D,60,Fire,,,12bad0798bce
mcd21-17,mcd21,,17,Squirtle,Pokémon,Basic,,60,Water,,,b58b3e7f2d42
mcd21-18,mcd21,,18,Totodile,Pokémon,Basic,,60,Water,,,db70d7cbcc25
mcd21-19,mcd21,,19,Mudkip,Pokémon,Basic,,60,Water,,,b8fd79ed1fab
mcd21-20,mcd21,,20,Piplup,Pokémon,Basic,,70,Water,,,ece82e524376
mcd21-21,mcd21,,21,Oshawott,Pokémon,Basic,,60,Water,,,a3e1e803a2f4
mcd21-22,mcd21,,22,Froakie,Pokémon,Basic,,60,Water,,,b9d241adc9eb
mcd21-23,mcd21,,23,Popplio,Pokémon,Basic,,70,Water,,,a4e177cc808c
mcd21-24,mcd21,,24,Sobble,Pokémon,Basic,D,60,Water,,,3a880770fcbd
mcd21-25,mcd21,,25,Pikachu,Pokémon,Basic,,60,Lightning,,,eeb1e2f4ab97
swsh45-1,swsh45,SHF,1,Yanma,Pokémon,Basic,E,80,Grass,,Common,2b4467deec25
swsh45-2,swsh45,SHF,2,Yanmega,Pokémon,Stage 1,E,120,Grass,Yanma,Rare,e791680ee86c
swsh45-3,swsh45,SHF,3,Celebi,Pokémon,Basic,E,70,Grass,,Rare,f825fda94077
swsh45-4,swsh45,SHF,4,Cacnea,Pokémon,Basic,E,70,Grass,,Common,1e0942292bd0
swsh45-5,swsh45,SHF,5,Tropius,Pokémon,Basic,E,110,Grass,,Uncommon,8918c1a283ec
swsh45-6,swsh45,SHF,6,Rowlet,Pokémon,Basic,D,50,Grass,,Common,b32dd5f2ccf2
swsh45-7,swsh45,SHF,7,Dartrix,Pokémon,Stage 1,D,80,Grass,Rowlet,Uncommon,cc99fac9aa8a
swsh45-8,swsh45,SHF,8,Decidueye,Pokémon,Stage 2,D,140,Grass,Dartrix,Rare Holo,f4f11e8ecfb5
swsh45-9,swsh45,SHF,9,Dhelmise V,Pokémon,Basic|V,D,220,Grass,,Rare Holo V,798fb0bbe26d
swsh45-10,swsh45,SHF,10,Dhelmise VMAX,Pokémon,VMAX,D,330,Grass,Dhelmise V,Rare Holo VMAX,5694c10d6db1
swsh45-11,swsh45,SHF,11,Grookey,Pokémon,Basic,D,60,Grass,,Common,502c113d0a65
swsh45-12,swsh45,SHF,12,Thwackey,Pokémon,Stage 1,D,90,Grass,Grookey,Uncommon,7e5a01e7934c
swsh45-13,swsh45,SHF,13,Rillaboom,Pokémon,Stage 2,D,170,Grass,Thwackey,Rare Holo,ef0b002cdf52
swsh45-14,swsh45,SHF,14,Gossifleur,Pokémon,Basic,E,60,Grass,,Common,2200161252f0
swsh45-15,swsh45,SHF,15,Eldegoss,Pokémon,Stage 1,E,90,Grass,Gossifleur,Uncommon,26bccd5a70e7
swsh45-16,swsh45,SHF,16,Zarude,Pokémon,Basic,E,120,Grass,,Rare,bf03af9b0389
swsh45-17,swsh45,SHF,17,Reshiram,Pokémon,Basic,D,120,Fire,,Amazing Rare,694cb0a251c1
swsh45-18,swsh45,SHF,18,Cinderace V,Pokémon,Basic|V,D,210,Fire,,Rare Holo V,16bd0cefef5b
swsh45-19,swsh45,SHF,19,Cinderace VMAX,Pokémon,VMAX,D,320,Fire,Cinderace V,Rare Holo VMAX,20ba037cd66c
swsh45-20,swsh45,SHF,20,Horsea,Pokémon,Basic,E,40,Water,,Common,7877e2555caf
swsh45-21,swsh45,SHF,21,Kyogre,Pokémon,Basic,D,120,Water,,Amazing Rare,1b99e8319aba
swsh45-22,swsh45,SHF,22,Buizel,Pokémon,Basic,E,70,Water,,Common,4b943fc4da14
swsh45-23,swsh45,SHF,23,Floatzel,Pokémon,Stage 1,E,110,Water,Buizel,Uncommon,68b8409d18e0
swsh45-24,swsh45,SHF,24,Manaphy,Pokémon,Basic,E,70,Water,,Rare,d5531ac63289
swsh45-25,swsh45,SHF,25,Volcanion,Pokémon,Basic,E,130,Water,,Rare,a9f8ccd389ed
swsh45-26,swsh45,SHF,26,Chewtle,Pokémon,Basic,E,80,Water,,Common,5694b3101db4
swsh45-27,swsh45,SHF,27,Drednaw,Pokémon,Stage 1,E,140,Water,Chewtle,Rare,e30b4f11f4d3
swsh45-28,swsh45,SHF,28,Cramorant,Pokémon,Basic,E,90,Water,,Uncommon,7601aba171c0
swsh45-29,swsh45,SHF,29,Snom,Pokémon,Basic,D,50,Water,,Common,cde3e5a48c63
swsh45-30,swsh45,SHF,30,Frosmoth,Pokémon,Stage 1,D,90,Water,Snom,Rare Holo,385460ef12c5
swsh45-31,swsh45,SHF,31,Shinx,Pokémon,Basic,D,60,Lightning,,Common,5b655c23f474
swsh45-32,swsh45,SHF,32,Luxio,Pokémon,Stage 1,D,90,Lightning,Shinx,Uncommon,c8680b22091e
swsh45-33,swsh45,SHF,33,Luxray,Pokémon,Stage 2,D,160,Lightning,Luxio,Rare Holo,9103d0c2bc5c
swsh45-34,swsh45,SHF,34,Rotom,Pokémon,Basic,D,80,Lightning,,Uncommon,74c5d6790a98
swsh45-35,swsh45,SHF,35,Morpeko,Pokémon,Basic,D,80,Lightning,,Common,a08d9f7367fe
swsh45-36,swsh45,SHF,36,Morpeko,Pokémon,Basic,D,80,Lightning,,Common,a08d9f7367fe
swsh45-37,swsh45,SHF,37,Morpeko V,Pokémon,Basic|V,D,170,Lightning,,Rare Holo V,a0ec0ad3b318
swsh45-38,swsh45,SHF,38,Morpeko VMAX,Pokémon,VMAX,D,300,Lightning,Morpeko V,Rare Holo VMAX,fea6215d08d8
swsh45-39,swsh45,SHF,39,Indeedee V,Pokémon,Basic|V,D,180,Psychic,,Rare Holo V,b71886940972
swsh45-40,swsh45,SHF,40,Trapinch,Pokémon,Basic,D,60,Fighting,,Common,72b509721a64
swsh45-41,swsh45,SHF,41,Koffing,Pokémon,Basic,D,60,Darkness,,Common,4576d9546176
swsh45-42,swsh45,SHF,42,Galarian Weezing,Pokémon,Stage 1,D,130,Darkness,Koffing,Rare Holo,7cdd4499d943
swsh45-43,swsh45,SHF,43,Spinarak,Pokémon,Basic,D,60,Darkness,,Common,a12959a5cd04
swsh45-44,swsh45,SHF,44,Crobat V,Pokémon,Basic|V,D,180,Darkness,,Rare Holo V,7aedae499ab9
swsh45-45,swsh45,SHF,45,Crobat VMAX,Pokémon,VMAX,D,300,Darkness,Crobat V,Rare Holo VMAX,bb3b2e897ea6
swsh45-46,swsh45,SHF,46,Yveltal,Pokémon,Basic,D,110,Darkness,,Amazing Rare,e546fe3287dc
swsh45-47,swsh45,SHF,47,Nickit,Pokémon,Basic,D,70,Darkness,,Common,c704837cb4f2
swsh45-48,swsh45,SHF,48,Thievul,Pokémon,Stage 1,D,100,Darkness,Nickit,Rare Holo,748962b5ac13
swsh45-49,swsh45,SHF,49,Cufant,Pokémon,Basic,D,100,Metal,,Common,f56fdff11ee9
swsh45-50,swsh45,SHF,50,Ditto V,Pokémon,Basic|V,D,170,Colorless,,Rare Holo V,4fa7f8137f1a
swsh45-51,swsh45,SHF,51,Ditto VMAX,Pokémon,VMAX,D,320,Colorless,Ditto V,Rare Holo VMAX,253565dd6d55
swsh45-52,swsh45,SHF,52,Eevee,Pokémon,Basic,D,60,Colorless,,Common,08f658daeea2
swsh45-53,swsh45,SHF,53,Greedent V,Pokémon,Basic|V,D,200,Colorless,,Rare Holo V,49afbd0384c6
swsh45-54,swsh45,SHF,54,Cramorant V,Pokémon,Basic|V,D,200,Colorless,,Rare Holo V,d607a9502d92
swsh45-55,swsh45,SHF,55,Cramorant VMAX,Pokémon,VMAX,D,320,Colorless,Cramorant V,Rare Holo VMAX,f801882a7f2d
swsh45-56,swsh45,SHF,56,Indeedee,Pokémon,Basic,D,100,Colorless,,Rare Holo,9b2b3e1bb98b
swsh45-57,swsh45,SHF,57,Ball Guy,Trainer,Supporter,D,,,,Uncommon,8be287a6b21f
swsh45-58,swsh45,SHF,58,Boss's Orders,Trainer,Supporter,D,,,,Rare,5fd64782cdc8
swsh45-59,swsh45,SHF,59,Gym Trainer,Trainer,Supporter,D,,,,Uncommon,ce6616254e94
swsh45-60,swsh45,SHF,60,Professor's Research,Trainer,Supporter,D,,,,Rare,db87e6b780a9
swsh45-61,swsh45,SHF,61,Rusted Shield,Trainer,Pokémon Tool,D,,,,Uncommon,8dc32a31af2d
swsh45-62,swsh45,SHF,62,Rusted Sword,Trainer,Pokémon Tool,D,,,,Uncommon,1239ed67c7f1
swsh45-63,swsh45,SHF,63,Team Yell Towel,Trainer,Item,D,,,,Uncommon,902ee0e00718
swsh45-64,swsh45,SHF,64,Alcremie V,Pokémon,Basic|V,D,170,Psychic,,Rare Ultra,84bddfb9ed13
swsh45-65,swsh45,SHF,65,Ball Guy,Trainer,Supporter,D,,,,Rare Ultra,8be287a6b21f
swsh45-66,swsh45,SHF,66,Bird Keeper,Trainer,Supporter,D,,,,Rare Ultra,d14e05157fa4
swsh45-67,swsh45,SHF,67,Cara Liss,Trainer,Supporter,D,,,,Rare Ultra,97b443faa131
swsh45-68,swsh45,SHF,68,Gym Trainer,Trainer,Supporter,D,,,,Rare Ultra,ce6616254e94
swsh45-69,swsh45,SHF,69,Piers,Trainer,Supporter,D,,,,Rare Ultra,a2055234538d
swsh45-70,swsh45,SHF,70,Poké Kid,Trainer,Supporter,D,,,,Rare Ultra,c9cf7743913a
swsh45-71,swsh45,SHF,71,Rose,Trainer,Supporter,D,,,,Rare Ultra,a88fabec210c
swsh45-72,swsh45,SHF,72,Skyla,Trainer,Supporter,D,,,,Rare Ultra,822b8bbe3c42
swsh45-73,swsh45,SHF,73,Alcremie VMAX,Pokémon,VMAX,D,310,Psychic,Alcremie V,Rare Rainbow,ad1da29df505
swsh45sv-SV001,swsh45sv,SHF,SV001,Rowlet,Pokémon,Basic,D,50,Grass,,Rare Shiny,b32dd5f2ccf2
swsh45sv-SV002,swsh45sv,SHF,SV002,Dartrix,Pokémon,Stage 1,D,80,Grass,Rowlet,Rare Shiny,cc99fac9aa8a
swsh45sv-SV003,swsh45sv,SHF,SV003,Decidueye,Pokémon,Stage 2,D,140,Grass,Dartrix,Rare Shiny,f4f11e8ecfb5
swsh45sv-SV004,swsh45sv,SHF,SV004,Grookey,Pokémon,Basic,D,60,Grass,,Rare Shiny,502c113d0a65
swsh45sv-SV005,swsh45sv,SHF,SV005,Thwackey,Pokémon,Stage 1,D,90,Grass,Grookey,Rare Shiny,7e5a01e7934c
swsh45sv-SV006,swsh45sv,SHF,SV006,Rillaboom,Pokémon,Stage 2,D,170,Grass,Thwackey,Rare Shiny,ef0b002cdf52
swsh45sv-SV007,swsh45sv,SHF,SV007,Blipbug,Pokémon,Basic,D,50,Grass,,Rare Shiny,3c6b6e237590
swsh45sv-SV008,swsh45sv,SHF,SV008,Dottler,Pokémon,Stage 1,D,70,Grass,Blipbug,Rare Shiny,27f9e43f6768
swsh45sv-SV009,swsh45sv,SHF,SV009,Orbeetle,Pokémon,Stage 2,D,130,Grass,Dottler,Rare Shiny,dc5b92808ee1
swsh45sv-SV010,swsh45sv,SHF,SV010,Gossifleur,Pokémon,Basic,D,50,Grass,,Rare Shiny,35c14957d875
swsh45sv-SV011,swsh45sv,SHF,SV011,Eldegoss,Pokémon,Stage 1,D,80,Grass,Gossifleur,Rare Shiny,fffab1e47b20
swsh45sv-SV012,swsh45sv,SHF,SV012,Applin,Pokémon,Basic,D,40,Grass,,Rare Shiny,8a00f73dcc0c
swsh45sv-SV013,swsh45sv,SHF,SV013,Flapple,Pokémon,Stage 1,D,80,Grass,Applin,Rare Shiny,8f2eba0560da
swsh45sv-SV014,swsh45sv,SHF,SV014,Appletun,Pokémon,Stage 1,D,90,Grass,Applin,Rare Shiny,15a95837a166
swsh45sv-SV015,swsh45sv,SHF,SV015,Scorbunny,Pokémon,Basic,D,60,Fire,,Rare Shiny,fab6f1a7ad0e
swsh45sv-SV016,swsh45sv,SHF,SV016,Raboot,Pokémon,Stage 1,D,90,Fire,Scorbunny,Rare Shiny,6e1978a4c2a5
swsh45sv-SV017,swsh45sv,SHF,SV017,Cinderace,Pokémon,Stage 2,D,170,Fire,Raboot,Rare Shiny,302ca9f9f38a
swsh45sv-SV018,swsh45sv,SHF,SV018,Sizzlipede,Pokémon,Basic,D,70,Fire,,Rare Shiny,582d74b8e1c7
swsh45sv-SV019,swsh45sv,SHF,SV019,Centiskorch,Pokémon,Stage 1,D,130,Fire,Sizzlipede,Rare Shiny,ba639588a851
swsh45sv-SV020,swsh45sv,SHF,SV020,Galarian Mr. Mime,Pokémon,Basic,D,80,Water,,Rare Shiny,63dd113e46ab
swsh45sv-SV021,swsh45sv,SHF,SV021,Galarian Mr. Rime,Pokémon,Stage 1,D,120,Water,Galarian Mr. Mime,Rare Shiny,557a74314f16
swsh45sv-SV022,swsh45sv,SHF,SV022,Suicune,Pokémon,Basic,D,120,Water,,Rare Shiny,ca79e0a3ed32
swsh45sv-SV023,swsh45sv,SHF,SV023,Galarian Darumaka,Pokémon,Basic,D,80,Water,,Rare Shiny,ed2456bd7280
swsh45sv-SV024,swsh45sv,SHF,SV024,Galarian Darmanitan,Pokémon,Stage 1,D,140,Water,Galarian Darumaka,Rare Shiny,f6ad5ca56ae1
swsh45sv-SV025,swsh45sv,SHF,SV025,Sobble,Pokémon,Basic,D,60,Water,,Rare Shiny,068e01a80538
swsh45sv-SV026,swsh45sv,SHF,SV026,Drizzile,Pokémon,Stage 1,D,90,Water,Sobble,Rare Shiny,6999ceeac968
swsh45sv-SV027,swsh45sv,SHF,SV027,Inteleon,Pokémon,Stage 2,D,160,Water,Drizzile,Rare Shiny,d1db4a7af4a6
swsh45sv-SV028,swsh45sv,SHF,SV028,Chewtle,Pokémon,Basic,D,80,Water,,Rare Shiny,92b9e0c2c1da
swsh45sv-SV029,swsh45sv,SHF,SV029,Drednaw,Pokémon,Stage 1,D,130,Water,Chewtle,Rare Shiny,30c1482eb1a7
swsh45sv-SV030,swsh45sv,SHF,SV030,Cramorant,Pokémon,Basic,D,110,Water,,Rare Shiny,71e2bd4071f7
swsh45sv-SV031,swsh45sv,SHF,SV031,Arrokuda,Pokémon,Basic,D,60,Water,,Rare Shiny,127db1d9e2b5
swsh45sv-SV032,swsh45sv,SHF,SV032,Barraskewda,Pokémon,Stage 1,D,120,Water,Arrokuda,Rare Shiny,45088a0958b6
swsh45sv-SV033,swsh45sv,SHF,SV033,Snom,Pokémon,Basic,D,50,Water,,Rare Shiny,cde3e5a48c63
swsh45sv-SV034,swsh45sv,SHF,SV034,Frosmoth,Pokémon,Stage 1,D,90,Water,Snom,Rare Shiny,385460ef12c5
swsh45sv-SV035,swsh45sv,SHF,SV035,Eiscue,Pokémon,Basic,D,120,Water,,Rare Shiny,c6ce1199d629
swsh45sv-SV036,swsh45sv,SHF,SV036,Dracovish,Pokémon,Stage 1,D,150,Water,Rare Fossil,Rare Shiny,5221b7652b79
swsh45sv-SV037,swsh45sv,SHF,SV037,Arctovish,Pokémon,Stage 1,D,150,Water,Rare Fossil,Rare Shiny,43f15737565b
swsh45sv-SV038,swsh45sv,SHF,SV038,Rotom,Pokémon,Basic,D,80,Lightning,,Rare Shiny,74c5d6790a98
swsh45sv-SV039,swsh45sv,SHF,SV039,Yamper,Pokémon,Basic,D,70,Lightning,,Rare Shiny,c1d4542068d7
swsh45sv-SV040,swsh45sv,SHF,SV040,Boltund,Pokémon,Stage 1,D,130,Lightning,Yamper,Rare Shiny,d193204dfec1
swsh45sv-SV041,swsh45sv,SHF,SV041,Toxel,Pokémon,Basic,D,70,Lightning,,Rare Shiny,02084bfe5bff
swsh45sv-SV042,swsh45sv,SHF,SV042,Toxtricity,Pokémon,Stage 1,D,120,Lightning,Toxel,Rare Shiny,820496c807a0
swsh45sv-SV043,swsh45sv,SHF,SV043,Pincurchin,Pokémon,Basic,D,80,Lightning,,Rare Shiny,43b292374697
swsh45sv-SV044,swsh45sv,SHF,SV044,Morpeko,Pokémon,Basic,D,80,Lightning,,Rare Shiny,5f242ad22aed
swsh45sv-SV045,swsh45sv,SHF,SV045,Dracozolt,Pokémon,Stage 1,D,160,Lightning,Rare Fossil,Rare Shiny,dffb97166a5b
swsh45sv-SV046,swsh45sv,SHF,SV046,Arctozolt,Pokémon,Stage 1,D,130,Lightning,Rare Fossil,Rare Shiny,26655452141c
swsh45sv-SV047,swsh45sv,SHF,SV047,Galarian Ponyta,Pokémon,Basic,D,70,Psychic,,Rare Shiny,508d292ad3b3
swsh45sv-SV048,swsh45sv,SHF,SV048,Galarian Rapidash,Pokémon,Stage 1,D,100,Psychic,Galarian Ponyta,Rare Shiny,a9d7c4feac13
swsh45sv-SV049,swsh45sv,SHF,SV049,Galarian Corsola,Pokémon,Basic,D,80,Psychic,,Rare Shiny,cc99c01aefcc
swsh45sv-SV050,swsh45sv,SHF,SV050,Galarian Cursola,Pokémon,Stage 1,D,100,Psychic,Galarian Corsola,Rare Shiny,99c79b189f18
swsh45sv-SV051,swsh45sv,SHF,SV051,Dedenne,Pokémon,Basic,D,70,Psychic,,Rare Shiny,397ffe974dc6
swsh45sv-SV052,swsh45sv,SHF,SV052,Sinistea,Pokémon,Basic,D,30,Psychic,,Rare Shiny,a32338c1b2e5
swsh45sv-SV053,swsh45sv,SHF,SV053,Polteageist,Pokémon,Stage 1,D,60,Psychic,Sinistea,Rare Shiny,da663b2af3ee
swsh45sv-SV054,swsh45sv,SHF,SV054,Hatenna,Pokémon,Basic,D,60,Psychic,,Rare Shiny,a629b21c2a01
swsh45sv-SV055,swsh45sv,SHF,SV055,Hattrem,Pokémon,Stage 1,D,80,Psychic,Hatenna,Rare Shiny,30294f3d4333
swsh45sv-SV056,swsh45sv,SHF,SV056,Hatterene,Pokémon,Stage 2,D,150,Psychic,Hattrem,Rare Shiny,a9586580d9b5
swsh45sv-SV057,swsh45sv,SHF,SV057,Milcery,Pokémon,Basic,D,50,Psychic,,Rare Shiny,ae7273c145a2
swsh45sv-SV058,swsh45sv,SHF,SV058,Alcremie,Pokémon,Stage 1,D,110,Psychic,Milcery,Rare Shiny,6acdd1f62d0b
swsh45sv-SV059,swsh45sv,SHF,SV059,Indeedee,Pokémon,Basic,D,100,Psychic,,Rare Shiny,436e62a03961
swsh45sv-SV060,swsh45sv,SHF,SV060,Dreepy,Pokémon,Basic,D,60,Psychic,,Rare Shiny,785b69acadf7
swsh45sv-SV061,swsh45sv,SHF,SV061,Drakloak,Pokémon,Stage 1,D,90,Psychic,Dreepy,Rare Shiny,9187aecdb3dd
swsh45sv-SV062,swsh45sv,SHF,SV062,Dragapult,Pokémon,Stage 2,D,150,Psychic,Drakloak,Rare Shiny,442748877952
swsh45sv-SV063,swsh45sv,SHF,SV063,Galarian Farfetch'd,Pokémon,Basic,D,80,Fighting,,Rare Shiny,b88c86d03686
swsh45sv-SV064,swsh45sv,SHF,SV064,Galarian Sirfetch'd,Pokémon,Stage 1,D,130,Fighting,Galarian Farfetch'd,Rare Shiny,58c229a55936
swsh45sv-SV065,swsh45sv,SHF,SV065,Galarian Yamask,Pokémon,Basic,D,70,Fighting,,Rare Shiny,823d9f7731a5
swsh45sv-SV066,swsh45sv,SHF,SV066,Galarian Runerigus,Pokémon,Stage 1,D,100,Fighting,Galarian Yamask,Rare Shiny,e57cbed10870
swsh45sv-SV067,swsh45sv,SHF,SV067,Rolycoly,Pokémon,Basic,D,70,Fighting,,Rare Shiny,c7503d76e509
swsh45sv-SV068,swsh45sv,SHF,SV068,Carkol,Pokémon,Stage 1,D,100,Fighting,Rolycoly,Rare Shiny,09a4b9273f25
swsh45sv-SV069,swsh45sv,SHF,SV069,Coalossal,Pokémon,Stage 2,D,160,Fighting,Carkol,Rare Shiny,48f09eccbf79
swsh45sv-SV070,swsh45sv,SHF,SV070,Silicobra,Pokémon,Basic,D,80,Fighting,,Rare Shiny,da34e4690e7e
swsh45sv-SV071,swsh45sv,SHF,SV071,Sandaconda,Pokémon,Stage 1,D,140,Fighting,Silicobra,Rare Shiny,e27d38a11490
swsh45sv-SV072,swsh45sv,SHF,SV072,Clobbopus,Pokémon,Basic,D,60,Fighting,,Rare Shiny,781cfc505cb9
swsh45sv-SV073,swsh45sv,SHF,SV073,Grapploct,Pokémon,Stage 1,D,130,Fighting,Clobbopus,Rare Shiny,7c1e3518a4ad
swsh45sv-SV074,swsh45sv,SHF,SV074,Falinks,Pokémon,Basic,D,90,Fighting,,Rare Shiny,bcb14244cfb2
swsh45sv-SV075,swsh45sv,SHF,SV075,Stonjourner,Pokémon,Basic,D,140,Fighting,,Rare Shiny,3e9ed763e9fc
swsh45sv-SV076,swsh45sv,SHF,SV076,Koffing,Pokémon,Basic,D,60,Darkness,,Rare Shiny,4576d9546176
swsh45sv-SV077,swsh45sv,SHF,SV077,Galarian Weezing,Pokémon,Stage 1,D,130,Darkness,Koffing,Rare Shiny,7cdd4499d943
swsh45sv-SV078,swsh45sv,SHF,SV078,Galarian Zigzagoon,Pokémon,Basic,D,70,Darkness,,Rare Shiny,5c68a766a1dc
swsh45sv-SV079,swsh45sv,SHF,SV079,Galarian Linoone,Pokémon,Stage 1,D,100,Darkness,Galarian Zigzagoon,Rare Shiny,de4964454bf5
swsh45sv-SV080,swsh45sv,SHF,SV080,Galarian Obstagoon,Pokémon,Stage 2,D,160,Darkness,Galarian Linoone,Rare Shiny,540955ffb4db
swsh45sv-SV081,swsh45sv,SHF,SV081,Nickit,Pokémon,Basic,D,70,Darkness,,Rare Shiny,c704837cb4f2
swsh45sv-SV082,swsh45sv,SHF,SV082,Thievul,Pokémon,Stage 1,D,100,Darkness,Nickit,Rare Shiny,62504bb75571
swsh45sv-SV083,swsh45sv,SHF,SV083,Impidimp,Pokémon,Basic,D,70,Darkness,,Rare Shiny,8b6626432288
swsh45sv-SV084,swsh45sv,SHF,SV084,Morgrem,Pokémon,Stage 1,D,90,Darkness,Impidimp,Rare Shiny,1a8581e66236
swsh45sv-SV085,swsh45sv,SHF,SV085,Grimmsnarl,Pokémon,Stage 2,D,170,Darkness,Morgrem,Rare Shiny,77e0136f846b
swsh45sv-SV086,swsh45sv,SHF,SV086,Galarian Meowth,Pokémon,Basic,D,60,Metal,,Rare Shiny,9ed3dd16221c
swsh45sv-SV087,swsh45sv,SHF,SV087,Galarian Perrserker,Pokémon,Stage 1,D,120,Metal,Galarian Meowth,Rare Shiny,5b33283b75c2
swsh45sv-SV088,swsh45sv,SHF,SV088,Galarian Stunfisk,Pokémon,Basic,D,120,Metal,,Rare Shiny,40b64797d193
swsh45sv-SV089,swsh45sv,SHF,SV089,Corviknight,Pokémon,Stage 2,D,170,Metal,Corvisquire,Rare Shiny,1ebd987e9dda
swsh45sv-SV090,swsh45sv,SHF,SV090,Cufant,Pokémon,Basic,D,100,Metal,,Rare Shiny,f56fdff11ee9
swsh45sv-SV091,swsh45sv,SHF,SV091,Copperajah,Pokémon,Stage 1,D,190,Metal,Cufant,Rare Shiny,1f687a8f3f2d
swsh45sv-SV092,swsh45sv,SHF,SV092,Duraludon,Pokémon,Basic,D,130,Metal,,Rare Shiny,99b65ca41a95
swsh45sv-SV093,swsh45sv,SHF,SV093,Minccino,Pokémon,Basic,D,70,Colorless,,Rare Shiny,203adadb9504
swsh45sv-SV094,swsh45sv,SHF,SV094,Cinccino,Pokémon,Stage 1,D,90,Colorless,Minccino,Rare Shiny,5f19d1e1650e
swsh45sv-SV095,swsh45sv,SHF,SV095,Ducklett,Pokémon,Basic,D,50,Colorless,,Rare Shiny,8d22aa0c2bb9
swsh45sv-SV096,swsh45sv,SHF,SV096,Swanna,Pokémon,Stage 1,D,110,Colorless,Ducklett,Rare Shiny,861d74e31bad
swsh45sv-SV097,swsh45sv,SHF,SV097,Bunnelby,Pokémon,Basic,D,40,Colorless,,Rare Shiny,bb01fec06c18
swsh45sv-SV098,swsh45sv,SHF,SV098,Oranguru,Pokémon,Basic,D,120,Colorless,,Rare Shiny,8cfde548bea3
swsh45sv-SV099,swsh45sv,SHF,SV099,Skwovet,Pokémon,Basic,D,70,Colorless,,Rare Shiny,9614b771ced4
swsh45sv-SV100,swsh45sv,SHF,SV100,Greedent,Pokémon,Stage 1,D,120,Colorless,Skwovet,Rare Shiny,2da290b0f0d7
swsh45sv-SV101,swsh45sv,SHF,SV101,Rookidee,Pokémon,Basic,D,60,Colorless,,Rare Shiny,16d0935ff273
swsh45sv-SV102,swsh45sv,SHF,SV102,Corvisquire,Pokémon,Stage 1,D,80,Colorless,Rookidee,Rare Shiny,3b82bd27c124
swsh45sv-SV103,swsh45sv,SHF,SV103,Wooloo,Pokémon,Basic,D,70,Colorless,,Rare Shiny,be9bd569bbea
swsh45sv-SV104,swsh45sv,SHF,SV104,Dubwool,Pokémon,Stage 1,D,130,Colorless,Wooloo,Rare Shiny,4fc7ebdace2d
swsh45sv-SV105,swsh45sv,SHF,SV105,Rillaboom V,Pokémon,Basic|V,D,220,Grass,,Rare Holo V,f55daea17e1c
swsh45sv-SV106,swsh45sv,SHF,SV106,Rillaboom VMAX,Pokémon,VMAX,D,330,Grass,Rillaboom V,Rare Holo VMAX,0f0dafa582f2
swsh45sv-SV107,swsh45sv,SHF,SV107,Charizard VMAX,Pokémon,VMAX,D,330,Fire,Charizard V,Rare Holo VMAX,fc5ab40b2af6
swsh45sv-SV108,swsh45sv,SHF,SV108,Centiskorch V,Pokémon,Basic|V,D,210,Fire,,Rare Holo V,b965d63e9f60
swsh45sv-SV109,swsh45sv,SHF,SV109,Centiskorch VMAX,Pokémon,VMAX,D,320,Fire,Centiskorch V,Rare Holo VMAX,ac4b4d512499
swsh45sv-SV110,swsh45sv,SHF,SV110,Lapras V,Pokémon,Basic|V,D,210,Water,,Rare Holo V,b8851bf2d316
swsh45sv-SV111,swsh45sv,SHF,SV111,Lapras VMAX,Pokémon,VMAX,D,320,Water,Lapras V,Rare Holo VMAX,f5f3d8c86a61
swsh45sv-SV112,swsh45sv,SHF,SV112,Toxtricity V,Pokémon,Basic|V,D,210,Lightning,,Rare Holo V,2c3259d13a45
swsh45sv-SV113,swsh45sv,SHF,SV113,Toxtricity VMAX,Pokémon,VMAX,D,320,Lightning,Toxtricity V,Rare Holo VMAX,9e1e54080891
swsh45sv-SV114,swsh45sv,SHF,SV114,Indeedee V,Pokémon,Basic|V,D,180,Psychic,,Rare Holo V,b71886940972
swsh45sv-SV115,swsh45sv,SHF,SV115,Falinks V,Pokémon,Basic|V,D,160,Fighting,,Rare Holo V,1de5eaadf75e
swsh45sv-SV116,swsh45sv,SHF,SV116,Grimmsnarl V,Pokémon,Basic|V,D,220,Darkness,,Rare Holo V,fc9ea358d0d2
swsh45sv-SV117,swsh45sv,SHF,SV117,Grimmsnarl VMAX,Pokémon,VMAX,D,330,Darkness,Grimmsnarl V,Rare Holo VMAX,d910301c28ef
swsh45sv-SV118,swsh45sv,SHF,SV118,Ditto V,Pokémon,Basic|V,D,170,Colorless,,Rare Holo V,4fa7f8137f1a
swsh45sv-SV119,swsh45sv,SHF,SV119,Ditto VMAX,Pokémon,VMAX,D,320,Colorless,Ditto V,Rare Holo VMAX,253565dd6d55
swsh45sv-SV120,swsh45sv,SHF,SV120,Dubwool V,Pokémon,Basic|V,D,210,Colorless,,Rare Holo V,54f6c13bdb4b
swsh45sv-SV121,swsh45sv,SHF,SV121,Eternatus V,Pokémon,Basic|V,D,220,Darkness,,Rare Secret,0a20fa53046a
swsh45sv-SV122,swsh45sv,SHF,SV122,Eternatus VMAX,Pokémon,VMAX,D,340,Darkness,Eternatus V,Rare Secret,06d9df3a42b9
swsh5-1,swsh5,BST,1,Bellsprout,Pokémon,Basic,E,50,Grass,,Common,de420a426e70
swsh5-2,swsh5,BST,2,Weepinbell,Pokémon,Stage 1,E,80,Grass,Bellsprout,Uncommon,446b6a16dfd3
swsh5-3,swsh5,BST,3,Victreebel,Pokémon,Stage 2,E,150,Grass,Weepinbell,Rare,908a59ab9cbd
swsh5-4,swsh5,BST,4,Cacnea,Pokémon,Basic,E,70,Grass,,Common,0a63830264c7
swsh5-5,swsh5,BST,5,Cacturne,Pokémon,Stage 1,E,120,Grass,Cacnea,Uncommon,200e8a5e4d4a
swsh5-6,swsh5,BST,6,Kricketune V,Pokémon,Basic|V,E,180,Grass,,Rare Holo V,2d3402790964
swsh5-7,swsh5,BST,7,Cherubi,Pokémon,Basic,E,50,Grass,,Common,643e7d82ddbb
swsh5-8,swsh5,BST,8,Cherrim,Pokémon,Stage 1,E,80,Grass,Cherubi,Rare Holo,6d94b4b0083a
swsh5-9,swsh5,BST,9,Carnivine,Pokémon,Basic|Rapid Strike,E,110,Grass,,Uncommon,79fa40954830
swsh5-10,swsh5,BST,10,Durant,Pokémon,Basic,E,90,Grass,,Uncommon,c23158f3e1f3
swsh5-11,swsh5,BST,11,Scatterbug,Pokémon,Basic,E,40,Grass,,Common,37dac39ff18d
swsh5-12,swsh5,BST,12,Spewpa,Pokémon,Stage 1,E,80,Grass,Scatterbug,Uncommon,4eb80b8f6ed9
swsh5-13,swsh5,BST,13,Vivillon,Pokémon,Stage 2,E,120,Grass,Spewpa,Rare,c84c0739a2c3
swsh5-14,swsh5,BST,14,Fomantis,Pokémon,Basic,E,60,Grass,,Common,1ff26901b2e5
swsh5-15,swsh5,BST,15,Lurantis,Pokémon,Stage 1,E,120,Grass,Fomantis,Rare,6aaf2162cf0c
swsh5-16,swsh5,BST,16,Tapu Bulu,Pokémon,Basic,E,130,Grass,,Rare Holo,1fad286430cc
swsh5-17,swsh5,BST,17,Blipbug,Pokémon,Basic,E,50,Grass,,Common,81e90e45585b
swsh5-18,swsh5,BST,18,Flapple V,Pokémon,Basic|V,E,190,Grass,,Rare Holo V,fe06e2f0683a
swsh5-19,swsh5,BST,19,Flapple VMAX,Pokémon,VMAX,E,320,Grass,Flapple V,Rare Holo VMAX,0790103e9f5c
swsh5-20,swsh5,BST,20,Entei,Pokémon,Basic,E,130,Fire,,Rare Holo,4c5b77a5bb30
swsh5-21,swsh5,BST,21,Victini V,Pokémon,Basic|V,E,190,Fire,,Rare Holo V,501588b1d5f0
swsh5-22,swsh5,BST,22,Victini VMAX,Pokémon,VMAX,E,310,Fire,Victini V,Rare Holo VMAX,dda2b7a92794
swsh5-23,swsh5,BST,23,Tepig,Pokémon,Basic|Single Strike,E,80,Fire,,Common,d45f63186496
swsh5-24,swsh5,BST,24,Pignite,Pokémon,Stage 1|Single Strike,E,100,Fire,Tepig,Uncommon,dd02d033d2b4
swsh5-25,swsh5,BST,25,Emboar,Pokémon,Stage 2|Single Strike,E,180,Fire,Pignite,Rare Holo,70cb47e980fb
swsh5-26,swsh5,BST,26,Heatmor,Pokémon,Basic,E,120,Fire,,Uncommon,028490bacf70
swsh5-27,swsh5,BST,27,Salandit,Pokémon,Basic,E,70,Fire,,Common,f9269a0d452e
swsh5-28,swsh5,BST,28,Salazzle,Pokémon,Stage 1,E,90,Fire,Salandit,Rare,9c5e7669434b
swsh5-29,swsh5,BST,29,Sizzlipede,Pokémon,Basic,E,70,Fire,,Common,12bf8ec3a4dd
swsh5-30,swsh5,BST,30,Centiskorch,Pokémon,Stage 1,E,130,Fire,Sizzlipede,Rare,56110063e835
swsh5-31,swsh5,BST,31,Horsea,Pokémon,Basic,E,60,Water,,Common,31a2b6597d8c
swsh5-32,swsh5,BST,32,Seadra,Pokémon,Stage 1,E,90,Water,Horsea,Uncommon,321f72774260
swsh5-33,swsh5,BST,33,Kingdra,Pokémon,Stage 2,E,150,Water,Seadra,Rare Holo,7607580751cf
swsh5-34,swsh5,BST,34,Galarian Mr. Mime,Pokémon,Basic,E,80,Water,,Common,99f48c74fe5f
swsh5-35,swsh5,BST,35,Galarian Mr. Rime,Pokémon,Stage 1,E,110,Water,Galarian Mr. Mime,Rare,d3acefccc383
swsh5-36,swsh5,BST,36,Remoraid,Pokémon,Basic|Rapid Strike,E,60,Water,,Common,54122cb5d053
swsh5-37,swsh5,BST,37,Octillery,Pokémon,Stage 1|Rapid Strike,E,110,Water,Remoraid,Rare Holo,c52f07473fac
swsh5-38,swsh5,BST,38,Corphish,Pokémon,Basic,E,70,Water,,Common,802c60d568e4
swsh5-39,swsh5,BST,39,Crawdaunt,Pokémon,Stage 1,E,130,Water,Corphish,Uncommon,7bf331042d2f
swsh5-40,swsh5,BST,40,Empoleon V,Pokémon,Basic|V|Rapid Strike,E,210,Water,,Rare Holo V,4cc088262a4c
swsh5-41,swsh5,BST,41,Frillish,Pokémon,Basic,E,80,Water,,Common,97607cad1b40
swsh5-42,swsh5,BST,42,Jellicent,Pokémon,Stage 1,E,120,Water,Frillish,Rare,b342ad720e1a
swsh5-43,swsh5,BST,43,Bruxish,Pokémon,Basic,E,110,Water,,Uncommon,c84000e0a8fc
swsh5-44,swsh5,BST,44,Electabuzz,Pokémon,Basic,E,80,Lightning,,Common,bd73d6eb732c
swsh5-45,swsh5,BST,45,Electivire,Pokémon,Stage 1,E,140,Lightning,Electabuzz,Rare,7e9b08028723
swsh5-46,swsh5,BST,46,Shinx,Pokémon,Basic|Rapid Strike,E,60,Lightning,,Common,636a1c02ad15
swsh5-47,swsh5,BST,47,Luxio,Pokémon,Stage 1|Rapid Strike,E,80,Lightning,Shinx,Uncommon,c604c2146c0d
swsh5-48,swsh5,BST,48,Luxray,Pokémon,Stage 2|Rapid Strike,E,150,Lightning,Luxio,Rare Holo,7e750293fddf
swsh5-49,swsh5,BST,49,Pachirisu,Pokémon,Basic,E,70,Lightning,,Common,a20780a64f22
swsh5-50,swsh5,BST,50,Tapu Koko V,Pokémon,Basic|V,E,210,Lightning,,Rare Holo V,b6a104c54b33
swsh5-51,swsh5,BST,51,Tapu Koko VMAX,Pokémon,VMAX,E,320,Lightning,Tapu Koko V,Rare Holo VMAX,8ffc82265892
swsh5-52,swsh5,BST,52,Yamper,Pokémon,Basic,E,60,Lightning,,Common,c4e88731f022
swsh5-53,swsh5,BST,53,Boltund,Pokémon,Stage 1,E,130,Lightning,Yamper,Rare,b53d1085fbc2
swsh5-54,swsh5,BST,54,Galarian Slowpoke,Pokémon,Basic,E,70,Psychic,,Common,595eb15b41fd
swsh5-55,swsh5,BST,55,Spoink,Pokémon,Basic,E,60,Psychic,,Common,8882eb2a33e4
swsh5-56,swsh5,BST,56,Grumpig,Pokémon,Stage 1,E,130,Psychic,Spoink,Uncommon,c9c4203e7282
swsh5-57,swsh5,BST,57,Baltoy,Pokémon,Basic,E,60,Psychic,,Common,7403d63e4f29
swsh5-58,swsh5,BST,58,Claydol,Pokémon,Stage 1,E,120,Psychic,Baltoy,Rare,9ccc48f86f19
swsh5-59,swsh5,BST,59,Chimecho,Pokémon,Basic,E,70,Psychic,,Common,b79511273b63
swsh5-60,swsh5,BST,60,Espurr,Pokémon,Basic,E,60,Psychic,,Common,d8e3da1ef9bf
swsh5-61,swsh5,BST,61,Meowstic,Pokémon,Stage 1,E,90,Psychic,Espurr,Rare Holo,4251028dfac2
swsh5-62,swsh5,BST,62,Mimikyu V,Pokémon,Basic|V,E,160,Psychic,,Rare Holo V,9bf998990e68
swsh5-63,swsh5,BST,63,Necrozma V,Pokémon,Basic|V,E,220,Psychic,,Rare Holo V,90cc347d227c
swsh5-64,swsh5,BST,64,Dottler,Pokémon,Stage 1,E,70,Psychic,Blipbug,Uncommon,ee516178cb36
swsh5-65,swsh5,BST,65,Orbeetle,Pokémon,Stage 2,E,110,Psychic,Dottler,Rare Holo,5b6b90b77a5c
swsh5-66,swsh5,BST,66,Mankey,Pokémon,Basic|Single Strike,E,60,Fighting,,Common,685dcd9dc5c8
swsh5-67,swsh5,BST,67,Primeape,Pokémon,Stage 1|Single Strike,E,120,Fighting,Mankey,Rare,ac2510a2e462
swsh5-68,swsh5,BST,68,Onix,Pokémon,Basic,E,110,Fighting,,Common,25c04647134c
swsh5-69,swsh5,BST,69,Cubone,Pokémon,Basic,E,70,Fighting,,Common,eddab77221b4
swsh5-70,swsh5,BST,70,Marowak,Pokémon,Stage 1,E,110,Fighting,Cubone,Rare,7b1e959a46ad
swsh5-71,swsh5,BST,71,Gligar,Pokémon,Basic,E,70,Fighting,,Common,0f53eb9b452d
swsh5-72,swsh5,BST,72,Gliscor,Pokémon,Stage 1,E,120,Fighting,Gligar,Uncommon,dcef3118ad75
swsh5-73,swsh5,BST,73,Timburr,Pokémon,Basic,E,80,Fighting,,Common,c44528cd0df9
swsh5-74,swsh5,BST,74,Gurdurr,Pokémon,Stage 1,E,100,Fighting,Timburr,Uncommon,c710ca1177fb
swsh5-75,swsh5,BST,75,Conkeldurr,Pokémon,Stage 2,E,160,Fighting,Gurdurr,Rare,bc85760e390b
swsh5-76,swsh5,BST,76,Mienfoo,Pokémon,Basic|Rapid Strike,E,60,Fighting,,Common,6875e4290c07
swsh5-77,swsh5,BST,77,Mienshao,Pokémon,Stage 1|Rapid Strike,E,90,Fighting,Mienfoo,Rare,8220d1670cdf
swsh5-78,swsh5,BST,78,Rolycoly,Pokémon,Basic,E,70,Fighting,,Common,9deace0ffb84
swsh5-79,swsh5,BST,79,Carkol,Pokémon,Stage 1,E,100,Fighting,Rolycoly,Uncommon,9024dbd75d24
swsh5-80,swsh5,BST,80,Coalossal,Pokémon,Stage 2,E,180,Fighting,Carkol,Rare Holo,f4486fdfd1e3
swsh5-81,swsh5,BST,81,Silicobra,Pokémon,Basic,E,80,Fighting,,Common,c74367ed8787
swsh5-82,swsh5,BST,82,Sandaconda,Pokémon,Stage 1,E,130,Fighting,Silicobra,Rare Holo,676b9923f399
swsh5-83,swsh5,BST,83,Falinks,Pokémon,Basic|Rapid Strike,E,110,Fighting,,Rare,8beb76b69ddb
swsh5-84,swsh5,BST,84,Stonjourner,Pokémon,Basic|Single Strike,E,130,Fighting,,Rare,c934c1ec597e
swsh5-85,swsh5,BST,85,Single Strike Urshifu V,Pokémon,Basic|V|Single Strike,E,220,Fighting,,Rare Holo V,afe58a6d6150
swsh5-86,swsh5,BST,86,Single Strike Urshifu VMAX,Pokémon,VMAX|Single Strike,E,330,Fighting,Single Strike Urshifu V,Rare Holo VMAX,cf890946f6ff
swsh5-87,swsh5,BST,87,Rapid Strike Urshifu V,Pokémon,Basic|V|Rapid Strike,E,220,Fighting,,Rare Holo V,2e3a5d62939c
swsh5-88,swsh5,BST,88,Rapid Strike Urshifu VMAX,Pokémon,VMAX|Rapid Strike,E,330,Fighting,Rapid Strike Urshifu V,Rare Holo VMAX,acf1e53cec0f
swsh5-89,swsh5,BST,89,Zubat,Pokémon,Basic,E,50,Darkness,,Common,9a131c6bc184
swsh5-90,swsh5,BST,90,Golbat,Pokémon,Stage 1,E,80,Darkness,Zubat,Uncommon,3895b7e61752
swsh5-91,swsh5,BST,91,Crobat,Pokémon,Stage 2,E,130,Darkness,Golbat,Rare Holo,25edf40373b3
swsh5-92,swsh5,BST,92,Galarian Slowbro,Pokémon,Stage 1,E,130,Darkness,Galarian Slowpoke,Rare,1b26e1c877fa
swsh5-93,swsh5,BST,93,Murkrow,Pokémon,Basic,E,70,Darkness,,Common,09c3872dd9bf
swsh5-94,swsh5,BST,94,Honchkrow,Pokémon,Stage 1,E,130,Darkness,Murkrow,Uncommon,30e6280b4e44
swsh5-95,swsh5,BST,95,Houndour,Pokémon,Basic|Single Strike,E,60,Darkness,,Common,d0de8d20ff84
swsh5-96,swsh5,BST,96,Houndoom,Pokémon,Stage 1|Single Strike,E,130,Darkness,Houndour,Rare Holo,75679b8747e3
swsh5-97,swsh5,BST,97,Tyranitar V,Pokémon,Basic|V|Single Strike,E,230,Darkness,,Rare Holo V,8f6fbcc8910c
swsh5-98,swsh5,BST,98,Morpeko,Pokémon,Basic,E,80,Darkness,,Uncommon,6720aa49fe67
swsh5-99,swsh5,BST,99,Steelix,Pokémon,Stage 1,E,190,Metal,Onix,Rare Holo,070d354af2fd
swsh5-100,swsh5,BST,100,Mawile,Pokémon,Basic|Single Strike,E,90,Metal,,Common,99a7c42f56f6
swsh5-101,swsh5,BST,101,Bronzor,Pokémon,Basic,E,60,Metal,,Common,473617408098
swsh5-102,swsh5,BST,102,Bronzong,Pokémon,Stage 1,E,110,Metal,Bronzor,Rare Holo,3682304e5d75
swsh5-103,swsh5,BST,103,Pawniard,Pokémon,Basic,E,60,Metal,,Common,b28fa5639f79
swsh5-104,swsh5,BST,104,Bisharp,Pokémon,Stage 1,E,110,Metal,Pawniard,Uncommon,6a506563850a
swsh5-105,swsh5,BST,105,Honedge,Pokémon,Basic,E,60,Metal,,Common,72a1ec6ca2ec
swsh5-106,swsh5,BST,106,Doublade,Pokémon,Stage 1,E,80,Metal,Honedge,Uncommon,ba4107a6efb9
swsh5-107,swsh5,BST,107,Aegislash,Pokémon,Stage 2,E,150,Metal,Doublade,Rare Holo,506a8c04dc36
swsh5-108,swsh5,BST,108,Aegislash,Pokémon,Stage 2,E,150,Metal,Doublade,Rare,8d7d73144ef2
swsh5-109,swsh5,BST,109,Corviknight V,Pokémon,Basic|V,E,210,Metal,,Rare Holo V,c9a4ea561c6e
swsh5-110,swsh5,BST,110,Corviknight VMAX,Pokémon,VMAX,E,320,Metal,Corviknight V,Rare Holo VMAX,8e508e854290
swsh5-111,swsh5,BST,111,Spearow,Pokémon,Basic,E,50,Colorless,,Common,0c8339e578cf
swsh5-112,swsh5,BST,112,Fearow,Pokémon,Stage 1,E,90,Colorless,Spearow,Uncommon,5500c6901965
swsh5-113,swsh5,BST,113,Lickitung,Pokémon,Basic,E,110,Colorless,,Common,e2e5c711fb62
swsh5-114,swsh5,BST,114,Lickilicky,Pokémon,Stage 1,E,140,Colorless,Lickitung,Rare,514960ca2dcd
swsh5-115,swsh5,BST,115,Glameow,Pokémon,Basic,E,60,Colorless,,Common,05dfe7548cb1
swsh5-116,swsh5,BST,116,Purugly,Pokémon,Stage 1,E,120,Colorless,Glameow,Uncommon,21cc49bb27c1
swsh5-117,swsh5,BST,117,Stoutland V,Pokémon,Basic|V,E,210,Colorless,,Rare Holo V,28a429967514
swsh5-118,swsh5,BST,118,Bouffalant,Pokémon,Basic,E,120,Colorless,,Uncommon,d087755a8494
swsh5-119,swsh5,BST,119,Drampa,Pokémon,Basic,E,120,Colorless,,Rare,3a4467e534c4
swsh5-120,swsh5,BST,120,Indeedee,Pokémon,Basic,E,90,Colorless,,Uncommon,d73d21d113f6
swsh5-121,swsh5,BST,121,Bruno,Trainer,Supporter|Single Strike,E,,,,Uncommon,333fd027f7c4
swsh5-122,swsh5,BST,122,Camping Gear,Trainer,Item,E,,,,Uncommon,b407ae80e2c8
swsh5-123,swsh5,BST,123,Cheryl,Trainer,Supporter,E,,,,Uncommon,048c31f81870
swsh5-124,swsh5,BST,124,Energy Recycler,Trainer,Item,E,,,,Uncommon,44087f608293
swsh5-125,swsh5,BST,125,Escape Rope,Trainer,Item,E,,,,Uncommon,14872bdbea84
swsh5-126,swsh5,BST,126,Exp. Share,Trainer,Pokémon Tool,E,,,,Uncommon,f6d799fc38b0
swsh5-127,swsh5,BST,127,Fan of Waves,Trainer,Item|Rapid Strike,E,,,,Uncommon,d7a1a5e8578e
swsh5-128,swsh5,BST,128,Korrina's Focus,Trainer,Supporter|Rapid Strike,E,,,,Uncommon,bc839ca1a4d8
swsh5-129,swsh5,BST,129,Level Ball,Trainer,Item,E,,,,Uncommon,23e97fc8c30f
swsh5-130,swsh5,BST,130,Phoebe,Trainer,Supporter,E,,,,Uncommon,ce7c85acdfd3
swsh5-131,swsh5,BST,131,Rapid Strike Scroll of Swirls,Trainer,Pokémon Tool|Rapid Strike,E,,,,Uncommon,29c14bfd746f
swsh5-132,swsh5,BST,132,Rapid Strike Style Mustard,Trainer,Supporter|Rapid Strike,E,,,,Uncommon,e2385bb5c10e
swsh5-133,swsh5,BST,133,Single Strike Scroll of Scorn,Trainer,Pokémon Tool|Single Strike,E,,,,Uncommon,b2fb9679b5cd
swsh5-134,swsh5,BST,134,Single Strike Style Mustard,Trainer,Supporter|Single Strike,E,,,,Uncommon,cbc50e9fc063
swsh5-135,swsh5,BST,135,Sordward & Shielbert,Trainer,Supporter,D,,,,Uncommon,ce734946e4a8
swsh5-136,swsh5,BST,136,Tool Jammer,Trainer,Pokémon Tool,E,,,,Uncommon,5e2d2ae68d47
swsh5-137,swsh5,BST,137,Tower of Darkness,Trainer,Stadium|Single Strike,E,,,,Uncommon,6e939922d5c5
swsh5-138,swsh5,BST,138,Tower of Waters,Trainer,Stadium|Rapid Strike,E,,,,Uncommon,22c81d76a4c9
swsh5-139,swsh5,BST,139,Urn of Vitality,Trainer,Item|Single Strike,E,,,,Uncommon,35968dfd0ad2
swsh5-140,swsh5,BST,140,Rapid Strike Energy,Energy,Special|Rapid Strike,E,,,,Uncommon,f9dd17bc0d3f
swsh5-141,swsh5,BST,141,Single Strike Energy,Energy,Special|Single Strike,E,,,,Uncommon,21610d58887a
swsh5-142,swsh5,BST,142,Kricketune V,Pokémon,Basic|V,E,180,Grass,,Rare Ultra,2d3402790964
swsh5-143,swsh5,BST,143,Flapple V,Pokémon,Basic|V,E,190,Grass,,Rare Ultra,fe06e2f0683a
swsh5-144,swsh5,BST,144,Victini V,Pokémon,Basic|V,E,190,Fire,,Rare Ultra,501588b1d5f0
swsh5-145,swsh5,BST,145,Empoleon V,Pokémon,Basic|V|Rapid Strike,E,210,Water,,Rare Ultra,4cc088262a4c
swsh5-146,swsh5,BST,146,Empoleon V,Pokémon,Basic|V|Rapid Strike,E,210,Water,,Rare Ultra,4cc088262a4c
swsh5-147,swsh5,BST,147,Tapu Koko V,Pokémon,Basic|V,E,210,Lightning,,Rare Ultra,b6a104c54b33
swsh5-148,swsh5,BST,148,Mimikyu V,Pokémon,Basic|V,E,160,Psychic,,Rare Ultra,9bf998990e68
swsh5-149,swsh5,BST,149,Necrozma V,Pokémon,Basic|V,E,220,Psychic,,Rare Ultra,90cc347d227c
swsh5-150,swsh5,BST,150,Single Strike Urshifu V,Pokémon,Basic|V|Single Strike,E,220,Fighting,,Rare Ultra,afe58a6d6150
swsh5-151,swsh5,BST,151,Single Strike Urshifu V,Pokémon,Basic|V|Single Strike,E,220,Fighting,,Rare Ultra,afe58a6d6150
swsh5-152,swsh5,BST,152,Rapid Strike Urshifu V,Pokémon,Basic|V|Rapid Strike,E,220,Fighting,,Rare Ultra,2e3a5d62939c
swsh5-153,swsh5,BST,153,Rapid Strike Urshifu V,Pokémon,Basic|V|Rapid Strike,E,220,Fighting,,Rare Ultra,2e3a5d62939c
swsh5-154,swsh5,BST,154,Tyranitar V,Pokémon,Basic|V|Single Strike,E,230,Darkness,,Rare Ultra,8f6fbcc8910c
swsh5-155,swsh5,BST,155,Tyranitar V,Pokémon,Basic|V|Single Strike,E,230,Darkness,,Rare Ultra,8f6fbcc8910c
swsh5-156,swsh5,BST,156,Corviknight V,Pokémon,Basic|V,E,210,Metal,,Rare Ultra,c9a4ea561c6e
swsh5-157,swsh5,BST,157,Stoutland V,Pokémon,Basic|V,E,210,Colorless,,Rare Ultra,28a429967514
swsh5-158,swsh5,BST,158,Bruno,Trainer,Supporter|Single Strike,E,,,,Rare Ultra,333fd027f7c4
swsh5-159,swsh5,BST,159,Cheryl,Trainer,Supporter,E,,,,Rare Ultra,048c31f81870
swsh5-160,swsh5,BST,160,Korrina's Focus,Trainer,Supporter|Single Strike,E,,,,Rare Ultra,c7f936754cb1
swsh5-161,swsh5,BST,161,Phoebe,Trainer,Supporter,E,,,,Rare Ultra,ce7c85acdfd3
swsh5-162,swsh5,BST,162,Rapid Strike Style Mustard,Trainer,Supporter|Rapid Strike,E,,,,Rare Ultra,e2385bb5c10e
swsh5-163,swsh5,BST,163,Single Strike Style Mustard,Trainer,Supporter|Single Strike,E,,,,Rare Ultra,cbc50e9fc063
swsh5-164,swsh5,BST,164,Flapple VMAX,Pokémon,VMAX,E,320,Grass,Flapple V,Rare Rainbow,0790103e9f5c
swsh5-165,swsh5,BST,165,Victini VMAX,Pokémon,VMAX,E,310,Fire,Victini V,Rare Rainbow,dda2b7a92794
swsh5-166,swsh5,BST,166,Tapu Koko VMAX,Pokémon,VMAX,E,320,Lightning,Tapu Koko V,Rare Rainbow,8ffc82265892
swsh5-167,swsh5,BST,167,Single Strike Urshifu VMAX,Pokémon,VMAX|Single Strike,E,330,Fighting,Single Strike Urshifu V,Rare Rainbow,cf890946f6ff
swsh5-168,swsh5,BST,168,Single Strike Urshifu VMAX,Pokémon,VMAX|Single Strike,E,330,Fighting,Single Strike Urshifu V,Rare Rainbow,cf890946f6ff
swsh5-169,swsh5,BST,169,Rapid Strike Urshifu VMAX,Pokémon,VMAX|Rapid Strike,E,330,Fighting,Rapid Strike Urshifu V,Rare Rainbow,acf1e53cec0f
swsh5-170,swsh5,BST,170,Rapid Strike Urshifu VMAX,Pokémon,VMAX|Rapid Strike,E,330,Fighting,Rapid Strike Urshifu V,Rare Rainbow,acf1e53cec0f
swsh5-171,swsh5,BST,171,Corviknight VMAX,Pokémon,VMAX,E,320,Metal,Corviknight V,Rare Rainbow,8e508e854290
swsh5-172,swsh5,BST,172,Bruno,Trainer,Supporter|Single Strike,E,,,,Rare Rainbow,333fd027f7c4
swsh5-173,swsh5,BST,173,Cheryl,Trainer,Supporter,E,,,,Rare Rainbow,048c31f81870
swsh5-174,swsh5,BST,174,Korrina's Focus,Trainer,Supporter|Rapid Strike,E,,,,Rare Rainbow,bc839ca1a4d8
swsh5-175,swsh5,BST,175,Phoebe,Trainer,Supporter,E,,,,Rare Rainbow,ce7c85acdfd3
swsh5-176,swsh5,BST,176,Rapid Strike Style Mustard,Trainer,Supporter|Rapid Strike,E,,,,Rare Rainbow,e2385bb5c10e
swsh5-177,swsh5,BST,177,Single Strike Style Mustard,Trainer,Supporter|Single Strike,E,,,,Rare Rainbow,cbc50e9fc063
swsh5-178,swsh5,BST,178,Octillery,Pokémon,Stage 1|Rapid Strike,E,110,Water,Remoraid,Rare Secret,c52f07473fac
swsh5-179,swsh5,BST,179,Houndoom,Pokémon,Stage 1|Single Strike,E,130,Darkness,Houndour,Rare Secret,75679b8747e3
swsh5-180,swsh5,BST,180,Exp. Share,Trainer,Pokémon Tool,E,,,,Rare Secret,f6d799fc38b0
swsh5-181,swsh5,BST,181,Level Ball,Trainer,Item,E,,,,Rare Secret,23e97fc8c30f
swsh5-182,swsh5,BST,182,Rapid Strike Energy,Energy,Special|Rapid Strike,E,,,,Rare Secret,f9dd17bc0d3f
swsh5-183,swsh5,BST,183,Single Strike Energy,Energy,Special|Single Strike,E,,,,Rare Secret,21610d58887a
swsh6-1,swsh6,CRE,1,Weedle,Pokémon,Basic|Single Strike,E,40,Grass,,Common,dbd8fd658bf7
swsh6-2,swsh6,CRE,2,Kakuna,Pokémon,Stage 1|Single Strike,E,80,Grass,Weedle,Uncommon,a800c323e341
swsh6-3,swsh6,CRE,3,Beedrill,Pokémon,Stage 2|Single Strike,E,130,Grass,Kakuna,Rare Holo,ac29de396e6c
swsh6-4,swsh6,CRE,4,Ledyba,Pokémon,Basic,E,60,Grass,,Common,078876143a61
swsh6-5,swsh6,CRE,5,Ledian,Pokémon,Stage 1,E,90,Grass,Ledyba,Uncommon,4bd2f6276cb9
swsh6-6,swsh6,CRE,6,Heracross,Pokémon,Basic|Single Strike,E,120,Grass,,Common,171f0a08b20b
swsh6-7,swsh6,CRE,7,Celebi V,Pokémon,Basic|V,E,190,Grass,,Rare Holo V,b9f319c2ee8a
swsh6-8,swsh6,CRE,8,Celebi VMAX,Pokémon,VMAX,E,310,Grass,Celebi V,Rare Holo VMAX,952dd9de7a77
swsh6-9,swsh6,CRE,9,Snover,Pokémon,Basic|Single Strike,E,80,Grass,,Common,d58a747950f6
swsh6-10,swsh6,CRE,10,Abomasnow,Pokémon,Stage 1|Single Strike,E,140,Grass,Snover,Rare,9067ed6c79dc
swsh6-11,swsh6,CRE,11,Deerling,Pokémon,Basic,E,60,Grass,,Common,3378eb3e5b59
swsh6-12,swsh6,CRE,12,Sawsbuck,Pokémon,Stage 1,E,110,Grass,Deerling,Rare,dae1faa52475
swsh6-13,swsh6,CRE,13,Bounsweet,Pokémon,Basic,E,60,Grass,,Common,f6d20a73e159
swsh6-14,swsh6,CRE,14,Steenee,Pokémon,Stage 1,E,80,Grass,Bounsweet,Uncommon,1c2dea70efad
swsh6-15,swsh6,CRE,15,Tsareena,Pokémon,Stage 2,E,140,Grass,Steenee,Rare,1f644322e68d
swsh6-16,swsh6,CRE,16,Grookey,Pokémon,Basic|Rapid Strike,E,60,Grass,,Common,d6b29f66cf95
swsh6-17,swsh6,CRE,17,Thwackey,Pokémon,Stage 1|Rapid Strike,E,100,Grass,Grookey,Uncommon,64176b9e6be5
swsh6-18,swsh6,CRE,18,Rillaboom,Pokémon,Stage 2|Rapid Strike,E,180,Grass,Thwackey,Rare Holo,4836575eaac6
swsh6-19,swsh6,CRE,19,Zarude,Pokémon,Basic,E,130,Grass,,Rare Holo,3518d7fd3a8f
swsh6-20,swsh6,CRE,20,Blaziken V,Pokémon,Basic|V|Rapid Strike,E,210,Fire,,Rare Holo V,ac57cb76793f
swsh6-21,swsh6,CRE,21,Blaziken VMAX,Pokémon,VMAX|Rapid Strike,E,320,Fire,Blaziken V,Rare Holo VMAX,b6f56774b829
swsh6-22,swsh6,CRE,22,Castform Sunny Form,Pokémon,Basic,E,70,Fire,,Common,7e2b74c55446
swsh6-23,swsh6,CRE,23,Larvesta,Pokémon,Basic,E,80,Fire,,Common,63bfa3aa01a2
swsh6-24,swsh6,CRE,24,Volcarona,Pokémon,Stage 1,E,130,Fire,Larvesta,Rare,23c855376325
swsh6-25,swsh6,CRE,25,Volcanion V,Pokémon,Basic|V|Single Strike,E,220,Fire,,Rare Holo V,c3b53bc57659
swsh6-26,swsh6,CRE,26,Scorbunny,Pokémon,Basic|Single Strike,E,60,Fire,,Common,d6c3aad9be70
swsh6-27,swsh6,CRE,27,Raboot,Pokémon,Stage 1|Single Strike,E,90,Fire,Scorbunny,Uncommon,235293543891
swsh6-28,swsh6,CRE,28,Cinderace,Pokémon,Stage 2|Single Strike,E,170,Fire,Raboot,Rare Holo,7214b5666044
swsh6-29,swsh6,CRE,29,Lapras,Pokémon,Basic,E,110,Water,,Common,86a6a0c4e58e
swsh6-30,swsh6,CRE,30,Sneasel,Pokémon,Basic|Rapid Strike,E,70,Water,,Common,5c85c71a4573
swsh6-31,swsh6,CRE,31,Weavile,Pokémon,Stage 1|Rapid Strike,E,110,Water,Sneasel,Rare Holo,5fc83a68813a
swsh6-32,swsh6,CRE,32,Delibird,Pokémon,Basic,E,90,Water,,Common,d2ee3a6a48ab
swsh6-33,swsh6,CRE,33,Castform Rainy Form,Pokémon,Basic,E,70,Water,,Common,c993fa015057
swsh6-34,swsh6,CRE,34,Castform Snowy Form,Pokémon,Basic,E,70,Water,,Common,0557502cb446
swsh6-35,swsh6,CRE,35,Snorunt,Pokémon,Basic,E,60,Water,,Common,a55608b8cf25
swsh6-36,swsh6,CRE,36,Froslass,Pokémon,Stage 1,E,90,Water,Snorunt,Rare Holo,5dbeeb8b9b87
swsh6-37,swsh6,CRE,37,Spheal,Pokémon,Basic,E,70,Water,,Common,b88521a8edb0
swsh6-38,swsh6,CRE,38,Sealeo,Pokémon,Stage 1,E,110,Water,Spheal,Uncommon,eb03475a90f7
swsh6-39,swsh6,CRE,39,Walrein,Pokémon,Stage 2,E,170,Water,Sealeo,Rare,3604e901fd92
swsh6-40,swsh6,CRE,40,Tapu Fini,Pokémon,Basic|Rapid Strike,E,120,Water,,Rare Holo,56797e66f724
swsh6-41,swsh6,CRE,41,Sobble,Pokémon,Basic|Rapid Strike,E,60,Water,,Common,928d945a7ed1
swsh6-42,swsh6,CRE,42,Drizzile,Pokémon,Stage 1|Rapid Strike,E,90,Water,Sobble,Uncommon,869170c092cb
swsh6-43,swsh6,CRE,43,Inteleon,Pokémon,Stage 2|Rapid Strike,E,150,Water,Drizzile,Rare Holo,d884c278bd18
swsh6-44,swsh6,CRE,44,Rapid Strike Urshifu,Pokémon,Stage 1|Rapid Strike,E,140,Water,Kubfu,Rare Holo,acf9f09c0944
swsh6-45,swsh6,CRE,45,Ice Rider Calyrex V,Pokémon,Basic|V,E,210,Water,,Rare Holo V,5002f4d2394b
swsh6-46,swsh6,CRE,46,Ice Rider Calyrex VMAX,Pokémon,VMAX,E,320,Water,Ice Rider Calyrex V,Rare Holo VMAX,973207201eba
swsh6-47,swsh6,CRE,47,Mareep,Pokémon,Basic,E,70,Lightning,,Common,58fefed45b0a
swsh6-48,swsh6,CRE,48,Flaaffy,Pokémon,Stage 1,E,100,Lightning,Mareep,Uncommon,fe569ec09aaa
swsh6-49,swsh6,CRE,49,Ampharos,Pokémon,Stage 2,E,160,Lightning,Flaaffy,Rare,aebe8c86fc91
swsh6-50,swsh6,CRE,50,Blitzle,Pokémon,Basic|Rapid Strike,E,60,Lightning,,Common,e128b1504422
swsh6-51,swsh6,CRE,51,Zebstrika,Pokémon,Stage 1|Rapid Strike,E,120,Lightning,Blitzle,Rare,d7825cedf9c2
swsh6-52,swsh6,CRE,52,Thundurus,Pokémon,Basic,E,120,Lightning,,Rare Holo,3fd35a205c9f
swsh6-53,swsh6,CRE,53,Zeraora V,Pokémon,Basic|V|Rapid Strike,E,210,Lightning,,Rare Holo V,7f0cb9c79bd9
swsh6-54,swsh6,CRE,54,Galarian Slowpoke,Pokémon,Basic,E,70,Psychic,,Common,83f5f87d6e29
swsh6-55,swsh6,CRE,55,Gastly,Pokémon,Basic,E,50,Psychic,,Common,2267f2b1d758
swsh6-56,swsh6,CRE,56,Haunter,Pokémon,Stage 1,E,80,Psychic,Gastly,Uncommon,2771e430028d
swsh6-57,swsh6,CRE,57,Gengar,Pokémon,Stage 2,E,130,Psychic,Haunter,Rare Holo,e1027e4a4596
swsh6-58,swsh6,CRE,58,Galarian Articuno V,Pokémon,Basic|V,E,210,Psychic,,Rare Holo V,62b23eeae747
swsh6-59,swsh6,CRE,59,Ralts,Pokémon,Basic,E,60,Psychic,,Common,e719a4da032d
swsh6-60,swsh6,CRE,60,Kirlia,Pokémon,Stage 1,E,80,Psychic,Ralts,Uncommon,b0bb6aaf1e61
swsh6-61,swsh6,CRE,61,Gardevoir,Pokémon,Stage 2,E,140,Psychic,Kirlia,Rare Holo,9d5b2f70d7ab
swsh6-62,swsh6,CRE,62,Shuppet,Pokémon,Basic|Single Strike,E,50,Psychic,,Common,5274092cfe9b
swsh6-63,swsh6,CRE,63,Banette,Pokémon,Stage 1|Single Strike,E,80,Psychic,Shuppet,Rare,3d9add8930b5
swsh6-64,swsh6,CRE,64,Cresselia,Pokémon,Basic,E,120,Psychic,,Rare Holo,130234b5deb7
swsh6-65,swsh6,CRE,65,Golett,Pokémon,Basic,E,90,Psychic,,Common,f08e3bf74819
swsh6-66,swsh6,CRE,66,Golurk,Pokémon,Stage 1,E,150,Psychic,Golett,Rare,407de1952990
swsh6-67,swsh6,CRE,67,Swirlix,Pokémon,Basic,E,60,Psychic,,Common,aea595361f90
swsh6-68,swsh6,CRE,68,Slurpuff,Pokémon,Stage 1,E,110,Psychic,Swirlix,Rare,f1c93d5d7ea9
swsh6-69,swsh6,CRE,69,Inkay,Pokémon,Basic|Rapid Strike,E,50,Psychic,,Common,17e3e51333e7
swsh6-70,swsh6,CRE,70,Malamar,Pokémon,Stage 1|Rapid Strike,E,120,Psychic,Inkay,Rare,33bcef68a9fa
swsh6-71,swsh6,CRE,71,Hatenna,Pokémon,Basic,E,60,Psychic,,Common,9b8e6ef66f26
swsh6-72,swsh6,CRE,72,Hattrem,Pokémon,Stage 1,E,80,Psychic,Hatenna,Uncommon,a0990fc4ae33
swsh6-73,swsh6,CRE,73,Hatterene,Pokémon,Stage 2,E,130,Psychic,Hattrem,Rare Holo,c415fcfcb165
swsh6-74,swsh6,CRE,74,Shadow Rider Calyrex V,Pokémon,Basic|V,E,210,Psychic,,Rare Holo V,db8c0dbec552
swsh6-75,swsh6,CRE,75,Shadow Rider Calyrex VMAX,Pokémon,VMAX,E,320,Psychic,Shadow Rider Calyrex V,Rare Holo VMAX,d7b4e4511a98
swsh6-76,swsh6,CRE,76,Diglett,Pokémon,Basic|Rapid Strike,E,50,Fighting,,Common,7a5b6d7cece3
swsh6-77,swsh6,CRE,77,Dugtrio,Pokémon,Stage 1|Rapid Strike,E,90,Fighting,Diglett,Rare,cdcad1327a49
swsh6-78,swsh6,CRE,78,Galarian Farfetch'd,Pokémon,Basic|Single Strike,E,80,Fighting,,Common,1d244e64692b
swsh6-79,swsh6,CRE,79,Galarian Sirfetch'd,Pokémon,Stage 1|Single Strike,E,130,Fighting,Galarian Farfetch'd,Rare,022ae7ca7be4
swsh6-80,swsh6,CRE,80,Galarian Zapdos V,Pokémon,Basic|V,E,200,Fighting,,Rare Holo V,8183a34eb5e3
swsh6-81,swsh6,CRE,81,Gallade,Pokémon,Stage 2,E,170,Fighting,Kirlia,Rare,a6878142164a
swsh6-82,swsh6,CRE,82,Galarian Yamask,Pokémon,Basic,E,60,Fighting,,Common,60d623946a27
swsh6-83,swsh6,CRE,83,Galarian Runerigus,Pokémon,Stage 1,E,120,Fighting,Galarian Yamask,Rare Holo,f1a45a5650f1
swsh6-84,swsh6,CRE,84,Crabrawler,Pokémon,Basic,E,80,Fighting,,Common,9e321d386fe9
swsh6-85,swsh6,CRE,85,Crabominable,Pokémon,Stage 1,E,150,Fighting,Crabrawler,Uncommon,7af263892fdb
swsh6-86,swsh6,CRE,86,Rockruff,Pokémon,Basic|Single Strike,E,70,Fighting,,Common,b0c3fda4ab4a
swsh6-87,swsh6,CRE,87,Lycanroc,Pokémon,Stage 1|Single Strike,E,120,Fighting,Rockruff,Rare Holo,6046c0e54e5a
swsh6-88,swsh6,CRE,88,Passimian,Pokémon,Basic|Rapid Strike,E,110,Fighting,,Rare,0aa3ab906d6c
swsh6-89,swsh6,CRE,89,Sandaconda V,Pokémon,Basic|V,E,220,Fighting,,Rare Holo V,215a584eb9b9
swsh6-90,swsh6,CRE,90,Sandaconda VMAX,Pokémon,VMAX,E,320,Fighting,Sandaconda V,Rare Holo VMAX,ba664839bc88
swsh6-91,swsh6,CRE,91,Clobbopus,Pokémon,Basic,E,70,Fighting,,Common,82a64f123020
swsh6-92,swsh6,CRE,92,Grapploct,Pokémon,Stage 1,E,140,Fighting,Clobbopus,Rare Holo,32b98729405c
swsh6-93,swsh6,CRE,93,Kubfu,Pokémon,Basic,E,70,Fighting,,Common,7cae787116ac
swsh6-94,swsh6,CRE,94,Koffing,Pokémon,Basic,E,70,Darkness,,Common,12d3157e63f6
swsh6-95,swsh6,CRE,95,Weezing,Pokémon,Stage 1,E,130,Darkness,Koffing,Rare,c889d12b3279
swsh6-96,swsh6,CRE,96,Galarian Weezing,Pokémon,Stage 1,E,130,Darkness,Koffing,Rare,06d386250b9d
swsh6-97,swsh6,CRE,97,Galarian Moltres V,Pokémon,Basic|V,E,220,Darkness,,Rare Holo V,8e1afdc9d762
swsh6-98,swsh6,CRE,98,Galarian Slowking,Pokémon,Stage 1,E,120,Darkness,Galarian Slowpoke,Rare Holo,c0f6a88f7983
swsh6-99,swsh6,CRE,99,Galarian Slowking V,Pokémon,Basic|V|Single Strike,E,220,Darkness,,Rare Holo V,83745f508617
swsh6-100,swsh6,CRE,100,Galarian Slowking VMAX,Pokémon,VMAX|Single Strike,E,320,Darkness,Galarian Slowking V,Rare Holo VMAX,81dc19addd5f
swsh6-101,swsh6,CRE,101,Qwilfish,Pokémon,Basic|Single Strike,E,90,Darkness,,Common,047b415de947
swsh6-102,swsh6,CRE,102,Seviper,Pokémon,Basic|Single Strike,E,110,Darkness,,Rare,4672cc340c1e
swsh6-103,swsh6,CRE,103,Spiritomb,Pokémon,Basic,E,70,Darkness,,Rare,3c56b188c5e7
swsh6-104,swsh6,CRE,104,Liepard V,Pokémon,Basic|V,E,190,Darkness,,Rare Holo V,07c41459824b
swsh6-105,swsh6,CRE,105,Venipede,Pokémon,Basic,E,70,Darkness,,Common,3f37c7b9df4f
swsh6-106,swsh6,CRE,106,Whirlipede,Pokémon,Stage 1,E,90,Darkness,Venipede,Uncommon,f77633848db4
swsh6-107,swsh6,CRE,107,Scolipede,Pokémon,Stage 2,E,160,Darkness,Whirlipede,Rare,0d23de66bbcf
swsh6-108,swsh6,CRE,108,Single Strike Urshifu,Pokémon,Stage 1|Single Strike,E,140,Darkness,Kubfu,Rare Holo,c1b1cbfed600
swsh6-109,swsh6,CRE,109,Aron,Pokémon,Basic,E,70,Metal,,Common,f8517eb57d7d
swsh6-110,swsh6,CRE,110,Lairon,Pokémon,Stage 1,E,100,Metal,Aron,Uncommon,0bffe912fc16
swsh6-111,swsh6,CRE,111,Aggron,Pokémon,Stage 2,E,180,Metal,Lairon,Rare,39c706c7d840
swsh6-112,swsh6,CRE,112,Metagross V,Pokémon,Basic|V|Rapid Strike,E,220,Metal,,Rare Holo V,c1d7430af635
swsh6-113,swsh6,CRE,113,Metagross VMAX,Pokémon,VMAX|Rapid Strike,E,330,Metal,Metagross V,Rare Holo VMAX,4838ba0af96d
swsh6-114,swsh6,CRE,114,Cobalion,Pokémon,Basic,E,120,Metal,,Rare Holo,fcb8d757f298
swsh6-115,swsh6,CRE,115,Tauros,Pokémon,Basic|Single Strike,E,130,Colorless,,Rare Holo,04d7584ab054
swsh6-116,swsh6,CRE,116,Porygon,Pokémon,Basic,E,60,Colorless,,Common,48c510089c19
swsh6-117,swsh6,CRE,117,Porygon2,Pokémon,Stage 1,E,90,Colorless,Porygon,Uncommon,4fe3963fbd5e
swsh6-118,swsh6,CRE,118,Porygon-Z,Pokémon,Stage 2,E,140,Colorless,Porygon2,Rare Holo,6f6baf201489
swsh6-119,swsh6,CRE,119,Blissey V,Pokémon,Basic|V,E,250,Colorless,,Rare Holo V,51683eadec76
swsh6-120,swsh6,CRE,120,Zangoose,Pokémon,Basic|Rapid Strike,E,110,Colorless,,Rare,1c8c0a596660
swsh6-121,swsh6,CRE,121,Castform,Pokémon,Basic,E,70,Colorless,,Common,a33d02a2f47c
swsh6-122,swsh6,CRE,122,Kecleon,Pokémon,Basic|Rapid Strike,E,90,Colorless,,Rare,81395931a77b
swsh6-123,swsh6,CRE,123,Shaymin,Pokémon,Basic,E,70,Colorless,,Rare Holo,01976db2cf71
swsh6-124,swsh6,CRE,124,Tornadus V,Pokémon,Basic|V|Single Strike,E,210,Colorless,,Rare Holo V,9aebf2b62f4c
swsh6-125,swsh6,CRE,125,Tornadus VMAX,Pokémon,VMAX|Single Strike,E,320,Colorless,Tornadus V,Rare Holo VMAX,ffc93add06c1
swsh6-126,swsh6,CRE,126,Furfrou,Pokémon,Basic,E,90,Colorless,,Common,41db6236f3b5
swsh6-127,swsh6,CRE,127,Skwovet,Pokémon,Basic,E,60,Colorless,,Common,56fdcc598cb6
swsh6-128,swsh6,CRE,128,Greedent,Pokémon,Stage 1,E,120,Colorless,Skwovet,Rare Holo,5e96c7900787
swsh6-129,swsh6,CRE,129,Agatha,Trainer,Supporter,E,,,,Uncommon,174d96971108
swsh6-130,swsh6,CRE,130,Avery,Trainer,Supporter,E,,,,Uncommon,b393e582d1c2
swsh6-131,swsh6,CRE,131,Brawly,Trainer,Supporter|Rapid Strike,E,,,,Uncommon,1be30103bd81
swsh6-132,swsh6,CRE,132,Caitlin,Trainer,Supporter,E,,,,Uncommon,7899c4d85c33
swsh6-133,swsh6,CRE,133,Crushing Gloves,Trainer,Pokémon Tool,E,,,,Uncommon,70ea8c772f99
swsh6-134,swsh6,CRE,134,Doctor,Trainer,Supporter,E,,,,Uncommon,902aa62e126a
swsh6-135,swsh6,CRE,135,Dyna Tree Hill,Trainer,Stadium,E,,,,Uncommon,bc5dce103737
swsh6-136,swsh6,CRE,136,Echoing Horn,Trainer,Item|Rapid Strike,E,,,,Uncommon,b58365d80090
swsh6-137,swsh6,CRE,137,Expedition Uniform,Trainer,Item,E,,,,Uncommon,31c86c0e5299
swsh6-138,swsh6,CRE,138,Fire-Resistant Gloves,Trainer,Pokémon Tool,E,,,,Uncommon,c62aa4950a49
swsh6-139,swsh6,CRE,139,Flannery,Trainer,Supporter|Single Strike,E,,,,Uncommon,b14a131ee1ba
swsh6-140,swsh6,CRE,140,Fog Crystal,Trainer,Item,E,,,,Uncommon,6d2c85fcdd35
swsh6-141,swsh6,CRE,141,Galarian Chestplate,Trainer,Pokémon Tool,E,,,,Uncommon,210176f667e6
swsh6-142,swsh6,CRE,142,Honey,Trainer,Supporter,E,,,,Uncommon,274b48875d9a
swsh6-143,swsh6,CRE,143,Justified Gloves,Trainer,Pokémon Tool,E,,,,Uncommon,d155b8f6094f
swsh6-144,swsh6,CRE,144,Karen's Conviction,Trainer,Supporter|Single Strike,E,,,,Uncommon,66f4c548f793
swsh6-145,swsh6,CRE,145,Klara,Trainer,Supporter,E,,,,Uncommon,3fe69ecb2de0
swsh6-146,swsh6,CRE,146,Melony,Trainer,Supporter,E,,,,Uncommon,d73a8a973e20
swsh6-147,swsh6,CRE,147,Old Cemetery,Trainer,Stadium,E,,,,Uncommon,35e5c8f6abf1
swsh6-148,swsh6,CRE,148,Path to the Peak,Trainer,Stadium,E,,,,Uncommon,af1ca5251320
swsh6-149,swsh6,CRE,149,Peonia,Trainer,Supporter,E,,,,Uncommon,876228d30219
swsh6-150,swsh6,CRE,150,Peony,Trainer,Supporter,E,,,,Uncommon,422e1f002181
swsh6-151,swsh6,CRE,151,Rapid Strike Scroll of the Skies,Trainer,Pokémon Tool|Rapid Strike,E,,,,Uncommon,85b2d01f5172
swsh6-152,swsh6,CRE,152,Rugged Helmet,Trainer,Pokémon Tool,E,,,,Uncommon,1f2cc433bcda
swsh6-153,swsh6,CRE,153,Siebold,Trainer,Supporter|Rapid Strike,E,,,,Uncommon,acc47fefd7b9
swsh6-154,swsh6,CRE,154,Single Strike Scroll of Piercing,Trainer,Pokémon Tool|Single Strike,E,,,,Uncommon,211d6e9517b4
swsh6-155,swsh6,CRE,155,Weeding Gloves,Trainer,Pokémon Tool,E,,,,Uncommon,9431cde82f88
swsh6-156,swsh6,CRE,156,Welcoming Lantern,Trainer,Item|Single Strike,E,,,,Uncommon,90c150ad59f1
swsh6-157,swsh6,CRE,157,Impact Energy,Energy,Special|Single Strike,E,,,,Uncommon,c3eb999bb13c
swsh6-158,swsh6,CRE,158,Lucky Energy,Energy,Special,E,,,,Uncommon,43ed9afd3005
swsh6-159,swsh6,CRE,159,Spiral Energy,Energy,Special|Rapid Strike,E,,,,Uncommon,f7a010f66c00
swsh6-160,swsh6,CRE,160,Celebi V,Pokémon,Basic|V,E,190,Grass,,Rare Ultra,b9f319c2ee8a
swsh6-161,swsh6,CRE,161,Blaziken V,Pokémon,Basic|V|Rapid Strike,E,210,Fire,,Rare Ultra,ac57cb76793f
swsh6-162,swsh6,CRE,162,Volcanion V,Pokémon,Basic|V|Single Strike,E,220,Fire,,Rare Ultra,c3b53bc57659
swsh6-163,swsh6,CRE,163,Ice Rider Calyrex V,Pokémon,Basic|V,E,210,Water,,Rare Ultra,5002f4d2394b
swsh6-164,swsh6,CRE,164,Ice Rider Calyrex V,Pokémon,Basic|V,E,210,Water,,Rare Ultra,5002f4d2394b
swsh6-165,swsh6,CRE,165,Zeraora V,Pokémon,Basic|V|Rapid Strike,E,210,Lightning,,Rare Ultra,7f0cb9c79bd9
swsh6-166,swsh6,CRE,166,Zeraora V,Pokémon,Basic|V|Rapid Strike,E,210,Lightning,,Rare Ultra,7f0cb9c79bd9
swsh6-167,swsh6,CRE,167,Galarian Rapidash V,Pokémon,Basic|V,E,210,Psychic,,Rare Ultra,f5748efe3228
swsh6-168,swsh6,CRE,168,Galarian Rapidash V,Pokémon,Basic|V,E,210,Psychic,,Rare Ultra,f5748efe3228
swsh6-169,swsh6,CRE,169,Galarian Articuno V,Pokémon,Basic|V,E,210,Psychic,,Rare Ultra,62b23eeae747
swsh6-170,swsh6,CRE,170,Galarian Articuno V,Pokémon,Basic|V,E,210,Psychic,,Rare Ultra,62b23eeae747
swsh6-171,swsh6,CRE,171,Shadow Rider Calyrex V,Pokémon,Basic|V,E,210,Psychic,,Rare Ultra,db8c0dbec552
swsh6-172,swsh6,CRE,172,Shadow Rider Calyrex V,Pokémon,Basic|V,E,210,Psychic,,Rare Ultra,db8c0dbec552
swsh6-173,swsh6,CRE,173,Galarian Zapdos V,Pokémon,Basic|V,E,200,Fighting,,Rare Ultra,8183a34eb5e3
swsh6-174,swsh6,CRE,174,Galarian Zapdos V,Pokémon,Basic|V,E,200,Fighting,,Rare Ultra,8183a34eb5e3
swsh6-175,swsh6,CRE,175,Sandaconda V,Pokémon,Basic|V,E,220,Fighting,,Rare Ultra,215a584eb9b9
swsh6-176,swsh6,CRE,176,Galarian Moltres V,Pokémon,Basic|V,E,220,Darkness,,Rare Ultra,8e1afdc9d762
swsh6-177,swsh6,CRE,177,Galarian Moltres V,Pokémon,Basic|V,E,220,Darkness,,Rare Ultra,8e1afdc9d762
swsh6-178,swsh6,CRE,178,Galarian Slowking V,Pokémon,Basic|V|Single Strike,E,220,Darkness,,Rare Ultra,83745f508617
swsh6-179,swsh6,CRE,179,Galarian Slowking V,Pokémon,Basic|V|Single Strike,E,220,Darkness,,Rare Ultra,83745f508617
swsh6-180,swsh6,CRE,180,Liepard V,Pokémon,Basic|V,E,190,Darkness,,Rare Ultra,07c41459824b
swsh6-181,swsh6,CRE,181,Metagross V,Pokémon,Basic|V|Rapid Strike,E,220,Metal,,Rare Ultra,c1d7430af635
swsh6-182,swsh6,CRE,182,Blissey V,Pokémon,Basic|V,E,250,Colorless,,Rare Ultra,51683eadec76
swsh6-183,swsh6,CRE,183,Blissey V,Pokémon,Basic|V,E,250,Colorless,,Rare Ultra,51683eadec76
swsh6-184,swsh6,CRE,184,Tornadus V,Pokémon,Basic|V|Single Strike,E,210,Colorless,,Rare Ultra,9aebf2b62f4c
swsh6-185,swsh6,CRE,185,Tornadus V,Pokémon,Basic|V|Single Strike,E,210,Colorless,,Rare Ultra,9aebf2b62f4c
swsh6-186,swsh6,CRE,186,Agatha,Trainer,Supporter,E,,,,Rare Ultra,174d96971108
swsh6-187,swsh6,CRE,187,Avery,Trainer,Supporter,E,,,,Rare Ultra,b393e582d1c2
swsh6-188,swsh6,CRE,188,Brawly,Trainer,Supporter|Rapid Strike,E,,,,Rare Ultra,1be30103bd81
swsh6-189,swsh6,CRE,189,Caitlin,Trainer,Supporter,E,,,,Rare Ultra,7899c4d85c33
swsh6-190,swsh6,CRE,190,Doctor,Trainer,Supporter,E,,,,Rare Ultra,902aa62e126a
swsh6-191,swsh6,CRE,191,Flannery,Trainer,Supporter|Single Strike,E,,,,Rare Ultra,b14a131ee1ba
swsh6-192,swsh6,CRE,192,Honey,Trainer,Supporter,E,,,,Rare Ultra,274b48875d9a
swsh6-193,swsh6,CRE,193,Karen's Conviction,Trainer,Supporter|Single Strike,E,,,,Rare Ultra,66f4c548f793
swsh6-194,swsh6,CRE,194,Klara,Trainer,Supporter,E,,,,Rare Ultra,3fe69ecb2de0
swsh6-195,swsh6,CRE,195,Melony,Trainer,Supporter,E,,,,Rare Ultra,d73a8a973e20
swsh6-196,swsh6,CRE,196,Peonia,Trainer,Supporter,E,,,,Rare Ultra,876228d30219
swsh6-197,swsh6,CRE,197,Peony,Trainer,Supporter,E,,,,Rare Ultra,422e1f002181
swsh6-198,swsh6,CRE,198,Siebold,Trainer,Supporter|Rapid Strike,E,,,,Rare Ultra,acc47fefd7b9
swsh6-199,swsh6,CRE,199,Celebi VMAX,Pokémon,VMAX,E,310,Grass,Celebi V,Rare Rainbow,952dd9de7a77
swsh6-200,swsh6,CRE,200,Blaziken VMAX,Pokémon,VMAX|Rapid Strike,E,320,Fire,Blaziken V,Rare Rainbow,b6f56774b829
swsh6-201,swsh6,CRE,201,Blaziken VMAX,Pokémon,VMAX|Rapid Strike,E,320,Fire,Blaziken V,Rare Rainbow,b6f56774b829
swsh6-202,swsh6,CRE,202,Ice Rider Calyrex VMAX,Pokémon,VMAX,E,320,Water,Ice Rider Calyrex V,Rare Rainbow,973207201eba
swsh6-203,swsh6,CRE,203,Ice Rider Calyrex VMAX,Pokémon,VMAX,E,320,Water,Ice Rider Calyrex V,Rare Rainbow,973207201eba
swsh6-204,swsh6,CRE,204,Shadow Rider Calyrex VMAX,Pokémon,VMAX,E,320,Psychic,Shadow Rider Calyrex V,Rare Rainbow,d7b4e4511a98
swsh6-205,swsh6,CRE,205,Shadow Rider Calyrex VMAX,Pokémon,VMAX,E,320,Psychic,Shadow Rider Calyrex V,Rare Rainbow,d7b4e4511a98
swsh6-206,swsh6,CRE,206,Sandaconda VMAX,Pokémon,VMAX,E,320,Fighting,Sandaconda V,Rare Rainbow,ba664839bc88
swsh6-207,swsh6,CRE,207,Galarian Slowking VMAX,Pokémon,VMAX|Single Strike,E,320,Darkness,Galarian Slowking V,Rare Rainbow,81dc19addd5f
swsh6-208,swsh6,CRE,208,Metagross VMAX,Pokémon,VMAX|Rapid Strike,E,330,Metal,Metagross V,Rare Rainbow,4838ba0af96d
swsh6-209,swsh6,CRE,209,Tornadus VMAX,Pokémon,VMAX|Single Strike,E,320,Colorless,Tornadus V,Rare Rainbow,ffc93add06c1
swsh6-210,swsh6,CRE,210,Agatha,Trainer,Supporter,E,,,,Rare Rainbow,174d96971108
swsh6-211,swsh6,CRE,211,Avery,Trainer,Supporter,E,,,,Rare Rainbow,b393e582d1c2
swsh6-212,swsh6,CRE,212,Brawly,Trainer,Supporter|Rapid Strike,E,,,,Rare Rainbow,1be30103bd81
swsh6-213,swsh6,CRE,213,Caitlin,Trainer,Supporter,E,,,,Rare Rainbow,7899c4d85c33
swsh6-214,swsh6,CRE,214,Doctor,Trainer,Supporter,E,,,,Rare Rainbow,902aa62e126a
swsh6-215,swsh6,CRE,215,Flannery,Trainer,Supporter|Single Strike,E,,,,Rare Rainbow,b14a131ee1ba
swsh6-216,swsh6,CRE,216,Karen's Conviction,Trainer,Supporter|Single Strike,E,,,,Rare Rainbow,66f4c548f793
swsh6-217,swsh6,CRE,217,Klara,Trainer,Supporter,E,,,,Rare Rainbow,3fe69ecb2de0
swsh6-218,swsh6,CRE,218,Melony,Trainer,Supporter,E,,,,Rare Rainbow,d73a8a973e20
swsh6-219,swsh6,CRE,219,Peonia,Trainer,Supporter,E,,,,Rare Rainbow,876228d30219
swsh6-220,swsh6,CRE,220,Peony,Trainer,Supporter,E,,,,Rare Rainbow,422e1f002181
swsh6-221,swsh6,CRE,221,Siebold,Trainer,Supporter|Rapid Strike,E,,,,Rare Rainbow,acc47fefd7b9
swsh6-222,swsh6,CRE,222,Electrode,Pokémon,Stage 1,D,90,Lightning,Voltorb,Rare Secret,c376dd7d216f
swsh6-223,swsh6,CRE,223,Bronzong,Pokémon,Stage 1,E,110,Metal,Bronzor,Rare Secret,3682304e5d75
swsh6-224,swsh6,CRE,224,Snorlax,Pokémon,Basic,D,130,Colorless,,Rare Secret,12d127026c22
swsh6-225,swsh6,CRE,225,Echoing Horn,Trainer,Item|Rapid Strike,E,,,,Rare Secret,b58365d80090
swsh6-226,swsh6,CRE,226,Fan of Waves,Trainer,Item|Rapid Strike,E,,,,Rare Secret,d7a1a5e8578e
swsh6-227,swsh6,CRE,227,Fog Crystal,Trainer,Item,E,,,,Rare Secret,6d2c85fcdd35
swsh6-228,swsh6,CRE,228,Rugged Helmet,Trainer,Pokémon Tool,E,,,,Rare Secret,1f2cc433bcda
swsh6-229,swsh6,CRE,229,Urn of Vitality,Trainer,Item|Single Strike,E,,,,Rare Secret,35968dfd0ad2
swsh6-230,swsh6,CRE,230,Welcoming Lantern,Trainer,Item|Single Strike,E,,,,Rare Secret,90c150ad59f1
swsh6-231,swsh6,CRE,231,Water Energy,Energy,Basic,,,,,Rare Secret,4577dbdda0c5
swsh6-232,swsh6,CRE,232,Psychic Energy,Energy,Basic,,,,,Rare Secret,0947073f97b7
swsh6-233,swsh6,CRE,233,Fighting Energy,Energy,Basic,,,,,Rare Secret,eed3e9ff921a
swsh7-1,swsh7,EVS,1,Pinsir,Pokémon,Basic|Single Strike,E,120,Grass,,Rare,3ad631271254
swsh7-2,swsh7,EVS,2,Hoppip,Pokémon,Basic|Rapid Strike,E,40,Grass,,Common,783a7f6d5afb
swsh7-3,swsh7,EVS,3,Skiploom,Pokémon,Stage 1|Rapid Strike,E,60,Grass,Hoppip,Uncommon,c752822b729f
swsh7-4,swsh7,EVS,4,Jumpluff,Pokémon,Stage 2|Rapid Strike,E,90,Grass,Skiploom,Rare Holo,cdbef1bbf5bc
swsh7-5,swsh7,EVS,5,Seedot,Pokémon,Basic,E,50,Grass,,Common,481f84bb7792
swsh7-6,swsh7,EVS,6,Tropius,Pokémon,Basic,E,110,Grass,,Rare,be6b90869c78
swsh7-7,swsh7,EVS,7,Leafeon V,Pokémon,Basic|V,E,200,Grass,,Rare Holo V,4e18042faa80
swsh7-8,swsh7,EVS,8,Leafeon VMAX,Pokémon,VMAX,E,310,Grass,Leafeon V,Rare Holo VMAX,83d871699982
swsh7-9,swsh7,EVS,9,Petilil,Pokémon,Basic,E,60,Grass,,Common,28128fed62cf
swsh7-10,swsh7,EVS,10,Lilligant,Pokémon,Stage 1,E,100,Grass,Petilil,Rare,3235deea19ae
swsh7-11,swsh7,EVS,11,Dwebble,Pokémon,Basic,E,60,Grass,,Common,84d388dc55f0
swsh7-12,swsh7,EVS,12,Crustle,Pokémon,Stage 1,E,130,Grass,Dwebble,Uncommon,e904b512324c
swsh7-13,swsh7,EVS,13,Trevenant V,Pokémon,Basic|V,E,210,Grass,,Rare Holo V,f991d8128276
swsh7-14,swsh7,EVS,14,Trevenant VMAX,Pokémon,VMAX,E,320,Grass,Trevenant V,Rare Holo VMAX,d2caff774e9a
swsh7-15,swsh7,EVS,15,Gossifleur,Pokémon,Basic,E,50,Grass,,Common,6b80001468fe
swsh7-16,swsh7,EVS,16,Eldegoss,Pokémon,Stage 1,E,80,Grass,Gossifleur,Rare Holo,38bbe31288f9
swsh7-17,swsh7,EVS,17,Applin,Pokémon,Basic,E,40,Grass,,Common,40e18cdd28ca
swsh7-18,swsh7,EVS,18,Flareon VMAX,Pokémon,VMAX|Single Strike,E,320,Fire,Flareon V,Rare Holo VMAX,5f10c183b581
swsh7-19,swsh7,EVS,19,Entei,Pokémon,Basic|Single Strike,E,120,Fire,,Rare Holo,cf8bb1cf43c7
swsh7-20,swsh7,EVS,20,Victini,Pokémon,Basic,E,60,Fire,,Rare Holo,7bba56eae93f
swsh7-21,swsh7,EVS,21,Volcarona V,Pokémon,Basic|V,E,210,Fire,,Rare Holo V,c8bbd1ea0277
swsh7-22,swsh7,EVS,22,Litleo,Pokémon,Basic,E,60,Fire,,Common,93dcf26a8d5f
swsh7-23,swsh7,EVS,23,Pyroar,Pokémon,Stage 1,E,130,Fire,Litleo,Uncommon,d0d7e73cb522
swsh7-24,swsh7,EVS,24,Psyduck,Pokémon,Basic,E,70,Water,,Common,c11dc1b235ee
swsh7-25,swsh7,EVS,25,Golduck,Pokémon,Stage 1,E,120,Water,Psyduck,Uncommon,eed693b2b9a9
swsh7-26,swsh7,EVS,26,Tentacool,Pokémon,Basic,E,60,Water,,Common,72e4b3488d55
swsh7-27,swsh7,EVS,27,Tentacruel,Pokémon,Stage 1,E,120,Water,Tentacool,Uncommon,fda59b0b2a19
swsh7-28,swsh7,EVS,28,Gyarados V,Pokémon,Basic|V,E,220,Water,,Rare Holo V,90d8080546f2
swsh7-29,swsh7,EVS,29,Gyarados VMAX,Pokémon,VMAX,E,330,Water,Gyarados V,Rare Holo VMAX,05f5490c074b
swsh7-30,swsh7,EVS,30,Vaporeon VMAX,Pokémon,VMAX|Rapid Strike,E,320,Water,Vaporeon V,Rare Holo VMAX,a83f827b256a
swsh7-31,swsh7,EVS,31,Suicune V,Pokémon,Basic|V,E,210,Water,,Rare Holo V,0198e9307081
swsh7-32,swsh7,EVS,32,Lotad,Pokémon,Basic,E,60,Water,,Common,1412e307f428
swsh7-33,swsh7,EVS,33,Lombre,Pokémon,Stage 1,E,90,Water,Lotad,Uncommon,4a9a27897a7f
swsh7-34,swsh7,EVS,34,Ludicolo,Pokémon,Stage 2,E,140,Water,Lombre,Rare Holo,95ba4cbe543f
swsh7-35,swsh7,EVS,35,Carvanha,Pokémon,Basic,E,50,Water,,Common,e0a9876311da
swsh7-36,swsh7,EVS,36,Sharpedo,Pokémon,Stage 1,E,120,Water,Carvanha,Rare,e5cf7f3accdf
swsh7-37,swsh7,EVS,37,Feebas,Pokémon,Basic|Rapid Strike,E,30,Water,,Common,c94c4e4efd22
swsh7-38,swsh7,EVS,38,Milotic,Pokémon,Stage 1|Rapid Strike,E,120,Water,Feebas,Rare,ec1172153c8a
swsh7-39,swsh7,EVS,39,Luvdisc,Pokémon,Basic,E,70,Water,,Common,795805fd1bb0
swsh7-40,swsh7,EVS,40,Glaceon V,Pokémon,Basic|V,E,210,Water,,Rare Holo V,da8de8627ef4
swsh7-41,swsh7,EVS,41,Glaceon VMAX,Pokémon,VMAX,E,310,Water,Glaceon V,Rare Holo VMAX,53f686bdd92e
swsh7-42,swsh7,EVS,42,Tympole,Pokémon,Basic,E,70,Water,,Common,463384fc35bd
swsh7-43,swsh7,EVS,43,Cryogonal,Pokémon,Basic,E,90,Water,,Common,23ecdb86c6ad
swsh7-44,swsh7,EVS,44,Bergmite,Pokémon,Basic,E,70,Water,,Common,be35c564ebd8
swsh7-45,swsh7,EVS,45,Avalugg,Pokémon,Stage 1,E,150,Water,Bergmite,Uncommon,a7f82d138b82
swsh7-46,swsh7,EVS,46,Wishiwashi,Pokémon,Basic|Rapid Strike,E,30,Water,,Rare,8a379f6fd88c
swsh7-47,swsh7,EVS,47,Eiscue,Pokémon,Basic,E,120,Water,,Uncommon,0bd71b2bd168
swsh7-48,swsh7,EVS,48,Arctovish V,Pokémon,Basic|V,E,220,Water,,Rare Holo V,b88b230f5849
swsh7-49,swsh7,EVS,49,Pikachu,Pokémon,Basic,E,60,Lightning,,Common,63415a9dcc31
swsh7-50,swsh7,EVS,50,Raichu,Pokémon,Stage 1,E,130,Lightning,Pikachu,Rare Holo,33ad9946267f
swsh7-51,swsh7,EVS,51,Jolteon VMAX,Pokémon,VMAX,E,300,Lightning,Jolteon V,Rare Holo VMAX,8cd624eb36f3
swsh7-52,swsh7,EVS,52,Chinchou,Pokémon,Basic,E,70,Lightning,,Common,70fd9b7cb402
swsh7-53,swsh7,EVS,53,Lanturn,Pokémon,Stage 1,E,120,Lightning,Chinchou,Uncommon,42ce4689f530
swsh7-54,swsh7,EVS,54,Mareep,Pokémon,Basic,E,60,Lightning,,Common,d5b0ce2dbed9
swsh7-55,swsh7,EVS,55,Flaaffy,Pokémon,Stage 1,E,90,Lightning,Mareep,Uncommon,0e2a3094a4f0
swsh7-56,swsh7,EVS,56,Ampharos,Pokémon,Stage 2,E,150,Lightning,Flaaffy,Rare,24957b3eba0c
swsh7-57,swsh7,EVS,57,Emolga,Pokémon,Basic,E,70,Lightning,,Common,4d9772e43793
swsh7-58,swsh7,EVS,58,Dracozolt V,Pokémon,Basic|V,E,220,Lightning,,Rare Holo V,b1e9e4b6e6ce
swsh7-59,swsh7,EVS,59,Dracozolt VMAX,Pokémon,VMAX,E,330,Lightning,Dracozolt V,Rare Holo VMAX,4a229815efff
swsh7-60,swsh7,EVS,60,Regieleki,Pokémon,Basic,E,120,Lightning,,Rare Holo,ad082a0bc112
swsh7-61,swsh7,EVS,61,Drowzee,Pokémon,Basic,E,70,Psychic,,Common,f8c4570c5a1f
swsh7-62,swsh7,EVS,62,Hypno,Pokémon,Stage 1,E,110,Psychic,Drowzee,Uncommon,c1271f51986e
swsh7-63,swsh7,EVS,63,Galarian Articuno,Pokémon,Basic,E,120,Psychic,,Rare Holo,47e809fc4787
swsh7-64,swsh7,EVS,64,Espeon V,Pokémon,Basic|V,E,200,Psychic,,Rare Holo V,80b25546de1c
swsh7-65,swsh7,EVS,65,Espeon VMAX,Pokémon,VMAX,E,310,Psychic,Espeon V,Rare Holo VMAX,9192aef9c69c
swsh7-66,swsh7,EVS,66,Wobbuffet,Pokémon,Basic|Single Strike,E,120,Psychic,,Common,d22bc0bb6b02
swsh7-67,swsh7,EVS,67,Sableye,Pokémon,Basic,E,70,Psychic,,Common,3dee6fde5b34
swsh7-68,swsh7,EVS,68,Woobat,Pokémon,Basic,E,60,Psychic,,Common,05cfa1b3b058
swsh7-69,swsh7,EVS,69,Swoobat,Pokémon,Stage 1,E,90,Psychic,Woobat,Uncommon,34aa0a4f19f2
swsh7-70,swsh7,EVS,70,Golurk V,Pokémon,Basic|V|Single Strike,E,220,Psychic,,Rare Holo V,ce7ad2691e39
swsh7-71,swsh7,EVS,71,Flabébé,Pokémon,Basic|Rapid Strike,E,40,Psychic,,Common,8acf431f9bb0
swsh7-72,swsh7,EVS,72,Floette,Pokémon,Stage 1|Rapid Strike,E,70,Psychic,Flabébé,Uncommon,40cbf1fc47d5
swsh7-73,swsh7,EVS,73,Florges,Pokémon,Stage 2|Rapid Strike,E,130,Psychic,Floette,Rare Holo,e10fc9a3d512
swsh7-74,swsh7,EVS,74,Sylveon V,Pokémon,Basic|V|Rapid Strike,E,200,Psychic,,Rare Holo V,eeec0437120f
swsh7-75,swsh7,EVS,75,Sylveon VMAX,Pokémon,VMAX|Rapid Strike,E,310,Psychic,Sylveon V,Rare Holo VMAX,3dc037aac2e4
swsh7-76,swsh7,EVS,76,Pumpkaboo,Pokémon,Basic,E,60,Psychic,,Common,c71353054c29
swsh7-77,swsh7,EVS,77,Gourgeist,Pokémon,Stage 1,E,120,Psychic,Pumpkaboo,Rare,1ebcea2d950e
swsh7-78,swsh7,EVS,78,Cutiefly,Pokémon,Basic,E,30,Psychic,,Common,8dd9b253c253
swsh7-79,swsh7,EVS,79,Ribombee,Pokémon,Stage 1,E,70,Psychic,Cutiefly,Uncommon,7269318f804a
swsh7-80,swsh7,EVS,80,Marshadow,Pokémon,Basic|Rapid Strike,E,80,Psychic,,Rare Holo,48386271fc63
swsh7-81,swsh7,EVS,81,Hitmonchan,Pokémon,Basic|Single Strike,E,110,Fighting,,Common,3e2b24933c2e
swsh7-82,swsh7,EVS,82,Galarian Zapdos,Pokémon,Basic,E,110,Fighting,,Rare Holo,657c05868218
swsh7-83,swsh7,EVS,83,Medicham V,Pokémon,Basic|V|Rapid Strike,E,210,Fighting,,Rare Holo V,f3d9929f93c3
swsh7-84,swsh7,EVS,84,Hippopotas,Pokémon,Basic,E,100,Fighting,,Common,cd35bf4c191a
swsh7-85,swsh7,EVS,85,Hippowdon,Pokémon,Stage 1,E,150,Fighting,Hippopotas,Uncommon,5f2c2e9c3aff
swsh7-86,swsh7,EVS,86,Roggenrola,Pokémon,Basic,E,70,Fighting,,Common,b48e2ff5b1f7
swsh7-87,swsh7,EVS,87,Boldore,Pokémon,Stage 1,E,110,Fighting,Roggenrola,Uncommon,7c35a8918713
swsh7-88,swsh7,EVS,88,Gigalith,Pokémon,Stage 2,E,180,Fighting,Boldore,Rare,31ea7b3cf11a
swsh7-89,swsh7,EVS,89,Palpitoad,Pokémon,Stage 1,E,100,Fighting,Tympole,Uncommon,9cf9b0d00eb5
swsh7-90,swsh7,EVS,90,Seismitoad,Pokémon,Stage 2,E,170,Fighting,Palpitoad,Rare,260d728a0c78
swsh7-91,swsh7,EVS,91,Lycanroc V,Pokémon,Basic|V,E,200,Fighting,,Rare Holo V,cc5d7bcce4db
swsh7-92,swsh7,EVS,92,Lycanroc VMAX,Pokémon,VMAX,E,320,Fighting,Lycanroc V,Rare Holo VMAX,c235490a64f1
swsh7-93,swsh7,EVS,93,Galarian Moltres,Pokémon,Basic,E,120,Darkness,,Rare Holo,5a904a1caa59
swsh7-94,swsh7,EVS,94,Umbreon V,Pokémon,Basic|V|Single Strike,E,200,Darkness,,Rare Holo V,a5d5f13bf32b
swsh7-95,swsh7,EVS,95,Umbreon VMAX,Pokémon,VMAX|Single Strike,E,310,Darkness,Umbreon V,Rare Holo VMAX,eaed4372a784
swsh7-96,swsh7,EVS,96,Nuzleaf,Pokémon,Stage 1,E,80,Darkness,Seedot,Uncommon,6d28bb04a9d4
swsh7-97,swsh7,EVS,97,Shiftry,Pokémon,Stage 2,E,150,Darkness,Nuzleaf,Rare,0576ca7aece0
swsh7-98,swsh7,EVS,98,Scraggy,Pokémon,Basic,E,70,Darkness,,Common,5168c474824b
swsh7-99,swsh7,EVS,99,Scrafty,Pokémon,Stage 1,E,120,Darkness,Scraggy,Uncommon,05f245f7b436
swsh7-100,swsh7,EVS,100,Garbodor V,Pokémon,Basic|V,E,210,Darkness,,Rare Holo V,61fe83c24117
swsh7-101,swsh7,EVS,101,Garbodor VMAX,Pokémon,VMAX,E,330,Darkness,Garbodor V,Rare Holo VMAX,a0446fe2c8bb
swsh7-102,swsh7,EVS,102,Zorua,Pokémon,Basic,E,70,Darkness,,Common,f665b91d110c
swsh7-103,swsh7,EVS,103,Zoroark,Pokémon,Stage 1,E,120,Darkness,Zorua,Rare Holo,5e87d9d5cd95
swsh7-104,swsh7,EVS,104,Nickit,Pokémon,Basic,E,70,Darkness,,Common,62078eb5f92f
swsh7-105,swsh7,EVS,105,Thievul,Pokémon,Stage 1,E,100,Darkness,Nickit,Rare,859fe3d6eafe
swsh7-106,swsh7,EVS,106,Altaria,Pokémon,Stage 1,E,90,Dragon,Swablu,Rare,bb0926a36c15
swsh7-107,swsh7,EVS,107,Bagon,Pokémon,Basic,E,70,Dragon,,Common,3d9ea3373dd7
swsh7-108,swsh7,EVS,108,Shelgon,Pokémon,Stage 1,E,90,Dragon,Bagon,Uncommon,bb632fc9911f
swsh7-109,swsh7,EVS,109,Salamence,Pokémon,Stage 2,E,170,Dragon,Shelgon,Rare Holo,754a720bdb95
swsh7-110,swsh7,EVS,110,Rayquaza V,Pokémon,Basic|V|Rapid Strike,E,210,Dragon,,Rare Holo V,9b4a1931558b
swsh7-111,swsh7,EVS,111,Rayquaza VMAX,Pokémon,VMAX|Rapid Strike,E,320,Dragon,Rayquaza V,Rare Holo VMAX,d9401b971e72
swsh7-112,swsh7,EVS,112,Dialga,Pokémon,Basic|Single Strike,E,130,Dragon,,Rare Holo,a7be529b84e1
swsh7-113,swsh7,EVS,113,Deino,Pokémon,Basic,E,60,Dragon,,Common,db952f5b02eb
swsh7-114,swsh7,EVS,114,Zweilous,Pokémon,Stage 1,E,100,Dragon,Deino,Uncommon,86f6c9bcd80e
swsh7-115,swsh7,EVS,115,Hydreigon,Pokémon,Stage 2,E,170,Dragon,Zweilous,Rare Holo,a8cecfac59d8
swsh7-116,swsh7,EVS,116,Kyurem,Pokémon,Basic,E,120,Dragon,,Rare Holo,209edd3b8cae
swsh7-117,swsh7,EVS,117,Noivern V,Pokémon,Basic|V,E,200,Dragon,,Rare Holo V,d122ecbf6f40
swsh7-118,swsh7,EVS,118,Zygarde,Pokémon,Basic|Rapid Strike,E,130,Dragon,,Rare Holo,890e0237e264
swsh7-119,swsh7,EVS,119,Drampa,Pokémon,Basic,E,120,Dragon,,Rare,e1b893cb94fb
swsh7-120,swsh7,EVS,120,Flapple,Pokémon,Stage 1,E,80,Dragon,Applin,Rare,70316c5c8d8c
swsh7-121,swsh7,EVS,121,Appletun,Pokémon,Stage 1,E,90,Dragon,Applin,Rare,b8babd8c2711
swsh7-122,swsh7,EVS,122,Duraludon V,Pokémon,Basic|V|Single Strike,E,220,Dragon,,Rare Holo V,8d35862f7cc4
swsh7-123,swsh7,EVS,123,Duraludon VMAX,Pokémon,VMAX|Single Strike,E,330,Dragon,Duraludon V,Rare Holo VMAX,49e46562fca3
swsh7-124,swsh7,EVS,124,Regidrago,Pokémon,Basic,E,130,Dragon,,Rare Holo,ce037b03a7c0
swsh7-125,swsh7,EVS,125,Eevee,Pokémon,Basic,E,70,Colorless,,Common,404f31751d97
swsh7-126,swsh7,EVS,126,Teddiursa,Pokémon,Basic,E,70,Colorless,,Common,7f4a29a74172
swsh7-127,swsh7,EVS,127,Ursaring,Pokémon,Stage 1,E,140,Colorless,Teddiursa,Uncommon,0d9679ef84d8
swsh7-128,swsh7,EVS,128,Smeargle,Pokémon,Basic,E,80,Colorless,,Rare,0bbe47ea1858
swsh7-129,swsh7,EVS,129,Slakoth,Pokémon,Basic|Single Strike,E,70,Colorless,,Common,e187e5f9c5c0
swsh7-130,swsh7,EVS,130,Vigoroth,Pokémon,Stage 1|Single Strike,E,90,Colorless,Slakoth,Uncommon,24f24da91fed
swsh7-131,swsh7,EVS,131,Slaking,Pokémon,Stage 2|Single Strike,E,180,Colorless,Vigoroth,Rare Holo,ca43ede5517f
swsh7-132,swsh7,EVS,132,Swablu,Pokémon,Basic,E,50,Colorless,,Common,bdb3eeb0d6d4
swsh7-133,swsh7,EVS,133,Lillipup,Pokémon,Basic,E,60,Colorless,,Common,adc9492e5504
swsh7-134,swsh7,EVS,134,Herdier,Pokémon,Stage 1,E,100,Colorless,Lillipup,Uncommon,3f7bdba6cc89
swsh7-135,swsh7,EVS,135,Stoutland,Pokémon,Stage 2,E,160,Colorless,Herdier,Rare,cba9258a1dbc
swsh7-136,swsh7,EVS,136,Rufflet,Pokémon,Basic,E,60,Colorless,,Common,43a27b783de6
swsh7-137,swsh7,EVS,137,Braviary,Pokémon,Stage 1,E,130,Colorless,Rufflet,Uncommon,8a9c65178560
swsh7-138,swsh7,EVS,138,Fletchling,Pokémon,Basic,E,40,Colorless,,Common,e7c4149dba4e
swsh7-139,swsh7,EVS,139,Fletchinder,Pokémon,Stage 1,E,80,Colorless,Fletchling,Uncommon,b18524b96d0e
swsh7-140,swsh7,EVS,140,Talonflame,Pokémon,Stage 2,E,140,Colorless,Fletchinder,Rare,530a23fe6c3f
swsh7-141,swsh7,EVS,141,Aroma Lady,Trainer,Supporter,E,,,,Uncommon,8f74c6343d06
swsh7-142,swsh7,EVS,142,Boost Shake,Trainer,Item,E,,,,Uncommon,bb0b41800f70
swsh7-143,swsh7,EVS,143,Copycat,Trainer,Supporter,E,,,,Uncommon,245494cc8cd8
swsh7-144,swsh7,EVS,144,Crystal Cave,Trainer,Stadium,E,,,,Uncommon,941c3dc0eced
swsh7-145,swsh7,EVS,145,Digging Gloves,Trainer,Item|Pokémon Tool,E,,,,Uncommon,6502d59798f9
swsh7-146,swsh7,EVS,146,Dream Ball,Trainer,Item,E,,,,Uncommon,90b873c420a4
swsh7-147,swsh7,EVS,147,Elemental Badge,Trainer,Item|Pokémon Tool,E,,,,Uncommon,658a8e8459b9
swsh7-148,swsh7,EVS,148,Full Face Guard,Trainer,Item|Pokémon Tool,E,,,,Uncommon,9075373e65fe
swsh7-149,swsh7,EVS,149,Gordie,Trainer,Supporter,E,,,,Uncommon,f630eb6fd0e7
swsh7-150,swsh7,EVS,150,Lucky Ice Pop,Trainer,Item,E,,,,Uncommon,7c2df4f5f1c8
swsh7-151,swsh7,EVS,151,Moon & Sun Badge,Trainer,Item|Pokémon Tool,E,,,,Uncommon,cf13373b350a
swsh7-152,swsh7,EVS,152,Raihan,Trainer,Supporter,E,,,,Uncommon,e9dd89fbd293
swsh7-153,swsh7,EVS,153,Rapid Strike Scroll of the Flying Dragon,Trainer,Rapid Strike|Item|Pokémon Tool,E,,,,Uncommon,fef68a399e07
swsh7-154,swsh7,EVS,154,Rescue Carrier,Trainer,Item,E,,,,Uncommon,5f4560126dfa
swsh7-155,swsh7,EVS,155,Ribbon Badge,Trainer,Item|Pokémon Tool,E,,,,Uncommon,00fdbf770615
swsh7-156,swsh7,EVS,156,Rubber Gloves,Trainer,Item|Pokémon Tool,E,,,,Uncommon,b4316acce0e8
swsh7-157,swsh7,EVS,157,Shopping Center,Trainer,Stadium,E,,,,Uncommon,a55da662d21a
swsh7-158,swsh7,EVS,158,Single Strike Scroll of the Fanged Dragon,Trainer,Single Strike|Item|Pokémon Tool,E,,,,Uncommon,72d6c79596b2
swsh7-159,swsh7,EVS,159,Snow Leaf Badge,Trainer,Item|Pokémon Tool,E,,,,Uncommon,e3c896d16ff7
swsh7-160,swsh7,EVS,160,Spirit Mask,Trainer,Item|Pokémon Tool,E,,,,Uncommon,bbf04155186e
swsh7-161,swsh7,EVS,161,Stormy Mountains,Trainer,Stadium,E,,,,Uncommon,6d8946dfafd4
swsh7-162,swsh7,EVS,162,Switching Cups,Trainer,Item,E,,,,Uncommon,8d496b7088e6
swsh7-163,swsh7,EVS,163,Toy Catcher,Trainer,Item,E,,,,Uncommon,2bcd39940100
swsh7-164,swsh7,EVS,164,Zinnia's Resolve,Trainer,Supporter,E,,,,Uncommon,e6c69800e13f
swsh7-165,swsh7,EVS,165,Treasure Energy,Energy,Special,E,,,,Uncommon,da3d030c34da
swsh7-166,swsh7,EVS,166,Leafeon V,Pokémon,Basic|V,E,200,Grass,,Rare Ultra,4e18042faa80
swsh7-167,swsh7,EVS,167,Leafeon V,Pokémon,Basic|V,E,200,Grass,,Rare Ultra,4e18042faa80
swsh7-168,swsh7,EVS,168,Trevenant V,Pokémon,Basic|V,E,210,Grass,,Rare Ultra,f991d8128276
swsh7-169,swsh7,EVS,169,Flareon V,Pokémon,Basic|V|Single Strike,E,210,Fire,,Rare Ultra,d6ae606495bd
swsh7-170,swsh7,EVS,170,Volcarona V,Pokémon,Basic|V,E,210,Fire,,Rare Ultra,c8bbd1ea0277
swsh7-171,swsh7,EVS,171,Gyarados V,Pokémon,Basic|V,E,220,Water,,Rare Ultra,90d8080546f2
swsh7-172,swsh7,EVS,172,Vaporeon V,Pokémon,Basic|V|Rapid Strike,E,210,Water,,Rare Ultra,f0cb325cebb1
swsh7-173,swsh7,EVS,173,Suicune V,Pokémon,Basic|V,E,210,Water,,Rare Ultra,0198e9307081
swsh7-174,swsh7,EVS,174,Glaceon V,Pokémon,Basic|V,E,210,Water,,Rare Ultra,da8de8627ef4
swsh7-175,swsh7,EVS,175,Glaceon V,Pokémon,Basic|V,E,210,Water,,Rare Ultra,da8de8627ef4
swsh7-176,swsh7,EVS,176,Arctovish V,Pokémon,Basic|V,E,220,Water,,Rare Ultra,b88b230f5849
swsh7-177,swsh7,EVS,177,Jolteon V,Pokémon,Basic|V,E,190,Lightning,,Rare Ultra,6516ad24aa82
swsh7-178,swsh7,EVS,178,Dracozolt V,Pokémon,Basic|V,E,220,Lightning,,Rare Ultra,b1e9e4b6e6ce
swsh7-179,swsh7,EVS,179,Espeon V,Pokémon,Basic|V,E,200,Psychic,,Rare Ultra,80b25546de1c
swsh7-180,swsh7,EVS,180,Espeon V,Pokémon,Basic|V,E,200,Psychic,,Rare Ultra,80b25546de1c
swsh7-181,swsh7,EVS,181,Golurk V,Pokémon,Basic|V|Single Strike,E,220,Psychic,,Rare Ultra,ce7ad2691e39
swsh7-182,swsh7,EVS,182,Golurk V,Pokémon,Basic|V|Single Strike,E,220,Psychic,,Rare Ultra,ce7ad2691e39
swsh7-183,swsh7,EVS,183,Sylveon V,Pokémon,Basic|V|Rapid Strike,E,200,Psychic,,Rare Ultra,eeec0437120f
swsh7-184,swsh7,EVS,184,Sylveon V,Pokémon,Basic|V|Rapid Strike,E,200,Psychic,,Rare Ultra,eeec0437120f
swsh7-185,swsh7,EVS,185,Medicham V,Pokémon,Basic|V|Rapid Strike,E,210,Fighting,,Rare Ultra,f3d9929f93c3
swsh7-186,swsh7,EVS,186,Medicham V,Pokémon,Basic|V|Rapid Strike,E,210,Fighting,,Rare Ultra,f3d9929f93c3
swsh7-187,swsh7,EVS,187,Lycanroc V,Pokémon,Basic|V,E,200,Fighting,,Rare Ultra,cc5d7bcce4db
swsh7-188,swsh7,EVS,188,Umbreon V,Pokémon,Basic|V|Single Strike,E,200,Darkness,,Rare Ultra,a5d5f13bf32b
swsh7-189,swsh7,EVS,189,Umbreon V,Pokémon,Basic|V|Single Strike,E,200,Darkness,,Rare Ultra,a5d5f13bf32b
swsh7-190,swsh7,EVS,190,Garbodor V,Pokémon,Basic|V,E,210,Darkness,,Rare Ultra,61fe83c24117
swsh7-191,swsh7,EVS,191,Dragonite V,Pokémon,Basic|V,E,230,Dragon,,Rare Ultra,46a60bea5822
swsh7-192,swsh7,EVS,192,Dragonite V,Pokémon,Basic|V,E,230,Dragon,,Rare Ultra,46a60bea5822
swsh7-193,swsh7,EVS,193,Rayquaza V,Pokémon,Basic|V|Rapid Strike,E,210,Dragon,,Rare Ultra,9b4a1931558b
swsh7-194,swsh7,EVS,194,Rayquaza V,Pokémon,Basic|V|Rapid Strike,E,210,Dragon,,Rare Ultra,9b4a1931558b
swsh7-195,swsh7,EVS,195,Noivern V,Pokémon,Basic|V,E,200,Dragon,,Rare Ultra,d122ecbf6f40
swsh7-196,swsh7,EVS,196,Noivern V,Pokémon,Basic|V,E,200,Dragon,,Rare Ultra,d122ecbf6f40
swsh7-197,swsh7,EVS,197,Duraludon V,Pokémon,Basic|V|Single Strike,E,220,Dragon,,Rare Ultra,8d35862f7cc4
swsh7-198,swsh7,EVS,198,Duraludon V,Pokémon,Basic|V|Single Strike,E,220,Dragon,,Rare Ultra,8d35862f7cc4
swsh7-199,swsh7,EVS,199,Aroma Lady,Trainer,Supporter,E,,,,Rare Ultra,8f74c6343d06
swsh7-200,swsh7,EVS,200,Copycat,Trainer,Supporter,E,,,,Rare Ultra,245494cc8cd8
swsh7-201,swsh7,EVS,201,Gordie,Trainer,Supporter,E,,,,Rare Ultra,f630eb6fd0e7
swsh7-202,swsh7,EVS,202,Raihan,Trainer,Supporter,E,,,,Rare Ultra,e9dd89fbd293
swsh7-203,swsh7,EVS,203,Zinnia's Resolve,Trainer,Supporter,E,,,,Rare Ultra,e6c69800e13f
swsh7-204,swsh7,EVS,204,Leafeon VMAX,Pokémon,VMAX,E,310,Grass,Leafeon V,Rare Rainbow,83d871699982
swsh7-205,swsh7,EVS,205,Leafeon VMAX,Pokémon,VMAX,E,310,Grass,Leafeon V,Rare Rainbow,83d871699982
swsh7-206,swsh7,EVS,206,Trevenant VMAX,Pokémon,VMAX,E,320,Grass,Trevenant V,Rare Rainbow,d2caff774e9a
swsh7-207,swsh7,EVS,207,Gyarados VMAX,Pokémon,VMAX,E,330,Water,Gyarados V,Rare Rainbow,05f5490c074b
swsh7-208,swsh7,EVS,208,Glaceon VMAX,Pokémon,VMAX,E,310,Water,Glaceon V,Rare Rainbow,53f686bdd92e
swsh7-209,swsh7,EVS,209,Glaceon VMAX,Pokémon,VMAX,E,310,Water,Glaceon V,Rare Rainbow,53f686bdd92e
swsh7-210,swsh7,EVS,210,Dracozolt VMAX,Pokémon,VMAX,E,330,Lightning,Dracozolt V,Rare Rainbow,4a229815efff
swsh7-211,swsh7,EVS,211,Sylveon VMAX,Pokémon,VMAX|Rapid Strike,E,310,Psychic,Sylveon V,Rare Rainbow,3dc037aac2e4
swsh7-212,swsh7,EVS,212,Sylveon VMAX,Pokémon,VMAX|Rapid Strike,E,310,Psychic,Sylveon V,Rare Rainbow,3dc037aac2e4
swsh7-213,swsh7,EVS,213,Lycanroc VMAX,Pokémon,VMAX,E,320,Fighting,Lycanroc V,Rare Rainbow,c235490a64f1
swsh7-214,swsh7,EVS,214,Umbreon VMAX,Pokémon,VMAX|Single Strike,E,310,Darkness,Umbreon V,Rare Rainbow,eaed4372a784
swsh7-215,swsh7,EVS,215,Umbreon VMAX,Pokémon,VMAX|Single Strike,E,310,Darkness,Umbreon V,Rare Rainbow,eaed4372a784
swsh7-216,swsh7,EVS,216,Garbodor VMAX,Pokémon,VMAX,E,330,Darkness,Garbodor V,Rare Rainbow,a0446fe2c8bb
swsh7-217,swsh7,EVS,217,Rayquaza VMAX,Pokémon,VMAX|Rapid Strike,E,320,Dragon,Rayquaza V,Rare Rainbow,d9401b971e72
swsh7-218,swsh7,EVS,218,Rayquaza VMAX,Pokémon,VMAX|Rapid Strike,E,320,Dragon,Rayquaza V,Rare Rainbow,d9401b971e72
swsh7-219,swsh7,EVS,219,Duraludon VMAX,Pokémon,VMAX|Single Strike,E,330,Dragon,Duraludon V,Rare Rainbow,49e46562fca3
swsh7-220,swsh7,EVS,220,Duraludon VMAX,Pokémon,VMAX|Single Strike,E,330,Dragon,Duraludon V,Rare Rainbow,49e46562fca3
swsh7-221,swsh7,EVS,221,Aroma Lady,Trainer,Supporter,E,,,,Rare Rainbow,8f74c6343d06
swsh7-222,swsh7,EVS,222,Copycat,Trainer,Supporter,E,,,,Rare Rainbow,245494cc8cd8
swsh7-223,swsh7,EVS,223,Gordie,Trainer,Supporter,E,,,,Rare Rainbow,f630eb6fd0e7
swsh7-224,swsh7,EVS,224,Raihan,Trainer,Supporter,E,,,,Rare Rainbow,e9dd89fbd293
swsh7-225,swsh7,EVS,225,Zinnia's Resolve,Trainer,Supporter,E,,,,Rare Rainbow,e6c69800e13f
swsh7-226,swsh7,EVS,226,Froslass,Pokémon,Stage 1,E,90,Water,Snorunt,Rare Secret,5dbeeb8b9b87
swsh7-227,swsh7,EVS,227,Inteleon,Pokémon,Stage 2|Rapid Strike,E,150,Water,Drizzile,Rare Secret,d884c278bd18
swsh7-228,swsh7,EVS,228,Cresselia,Pokémon,Basic,E,120,Psychic,,Rare Secret,130234b5deb7
swsh7-229,swsh7,EVS,229,Boost Shake,Trainer,Item,E,,,,Rare Secret,bb0b41800f70
swsh7-230,swsh7,EVS,230,Crystal Cave,Trainer,Stadium,E,,,,Rare Secret,941c3dc0eced
swsh7-231,swsh7,EVS,231,Full Face Guard,Trainer,Item|Pokémon Tool,E,,,,Rare Secret,9075373e65fe
swsh7-232,swsh7,EVS,232,Stormy Mountains,Trainer,Stadium,E,,,,Rare Secret,6d8946dfafd4
swsh7-233,swsh7,EVS,233,Toy Catcher,Trainer,Item,E,,,,Rare Secret,2bcd39940100
swsh7-234,swsh7,EVS,234,Turffield Stadium,Trainer,Stadium,D,,,,Rare Secret,0c60573b0049
swsh7-235,swsh7,EVS,235,Lightning Energy,Energy,Basic,,,,,Rare Secret,5d2a784f9f7f
swsh7-236,swsh7,EVS,236,Darkness Energy,Energy,Basic,,,,,Rare Secret,5f423a90eef3
swsh7-237,swsh7,EVS,237,Metal Energy,Energy,Basic,,,,,Rare Secret,96da06e6e09e
cel25-1,cel25,CEL,1,Ho-Oh,Pokémon,Basic,E,130,Fire,,Rare,607cbbbd3582
cel25-2,cel25,CEL,2,Reshiram,Pokémon,Basic,E,130,Fire,,Rare,4a6d33c01522
cel25-3,cel25,CEL,3,Kyogre,Pokémon,Basic,E,130,Water,,Rare,62d5a555dd80
cel25-4,cel25,CEL,4,Palkia,Pokémon,Basic,E,130,Water,,Rare,8950617f2184
cel25-5,cel25,CEL,5,Pikachu,Pokémon,Basic,E,60,Lightning,,Rare Holo,5cf7d80a5e5f
cel25-6,cel25,CEL,6,Flying Pikachu V,Pokémon,Basic|V,E,190,Lightning,,Rare Holo V,cdcfcbbffdc8
cel25-7,cel25,CEL,7,Flying Pikachu VMAX,Pokémon,VMAX,E,310,Lightning,Flying Pikachu V,Rare Holo VMAX,d77f5ba0d862
cel25-8,cel25,CEL,8,Surfing Pikachu V,Pokémon,Basic|V,E,200,Lightning,,Rare Holo V,5bfb80e270c7
cel25-9,cel25,CEL,9,Surfing Pikachu VMAX,Pokémon,VMAX,E,310,Lightning,Surfing Pikachu V,Rare Holo VMAX,ed42c0b7eba8
cel25-10,cel25,CEL,10,Zekrom,Pokémon,Basic,E,130,Lightning,,Rare,401067c11ca4
cel25-11,cel25,CEL,11,Mew,Pokémon,Basic,E,60,Psychic,,Rare Holo,24f9931254b8
cel25-12,cel25,CEL,12,Xerneas,Pokémon,Basic,E,120,Psychic,,Rare,23726a4c38c0
cel25-13,cel25,CEL,13,Cosmog,Pokémon,Basic,E,60,Psychic,,Rare,adfc20499539
cel25-14,cel25,CEL,14,Cosmoem,Pokémon,Stage 1,E,90,Psychic,Cosmog,Rare,abeb63a77fbd
cel25-15,cel25,CEL,15,Lunala,Pokémon,Stage 2,E,160,Psychic,Cosmoem,Rare Holo,f0eed5fa3a5a
cel25-16,cel25,CEL,16,Zacian V,Pokémon,Basic|V,E,220,Psychic,,Rare Holo V,5f3432d030b7
cel25-17,cel25,CEL,17,Groudon,Pokémon,Basic,E,130,Fighting,,Rare,160735ba74cb
cel25-18,cel25,CEL,18,Zamazenta V,Pokémon,Basic|V,E,220,Fighting,,Rare Holo V,335a858a8293
cel25-19,cel25,CEL,19,Yveltal,Pokémon,Basic,E,120,Darkness,,Rare,626639e4b057
cel25-20,cel25,CEL,20,Dialga,Pokémon,Basic,E,130,Metal,,Rare,fe5a6fb7a6fe
cel25-21,cel25,CEL,21,Solgaleo,Pokémon,Stage 2,E,170,Metal,Cosmoem,Rare Holo,1c13337a2336
cel25-22,cel25,CEL,22,Lugia,Pokémon,Basic,E,130,Colorless,,Rare,e9546548e97e
cel25-23,cel25,CEL,23,Professor's Research (Professor Oak),Trainer,Supporter,D,,,,Rare Holo,498fd92e8b10
cel25-24,cel25,CEL,24,Professor's Research (Professor Oak),Trainer,Supporter,D,,,,Rare Ultra,498fd92e8b10
cel25-25,cel25,CEL,25,Mew,Pokémon,Basic,E,60,Psychic,,Rare Holo,24f9931254b8
cel25c-2_A,cel25c,CEL,2,Blastoise,Pokémon,Stage 2,,100,Water,Wartortle,Classic Collection,35ba082447ca
cel25c-4_A,cel25c,CEL,4,Charizard,Pokémon,Stage 2,,120,Fire,Charmeleon,Classic Collection,b58bb6145d75
cel25c-15_A1,cel25c,CEL,15,Venusaur,Pokémon,Stage 2,,100,Grass,Ivysaur,Classic Collection,c1500354a1b5
cel25c-15_A2,cel25c,CEL,15,Here Comes Team Rocket!,Trainer,,,,,,Classic Collection,549af4dad7de
cel25c-15_A3,cel25c,CEL,15,Rocket's Zapdos,Pokémon,Basic,,70,Lightning,,Classic Collection,33b6d9abf86d
cel25c-15_A4,cel25c,CEL,15,Claydol,Pokémon,Stage 1,,80,Fighting,Baltoy,Classic Collection,89594c4e6724
cel25c-73_A,cel25c,CEL,73,Imposter Professor Oak,Trainer,,,,,,Classic Collection,8df4ee013d9d
cel25c-8_A,cel25c,CEL,8,Dark Gyarados,Pokémon,Stage 1,,70,Water,Magikarp,Classic Collection,d52c9b0a261d
cel25c-24_A,cel25c,CEL,24,_____'s Pikachu,Pokémon,Basic,,50,Lightning,,Classic Collection,d4b49d799240
cel25c-20_A,cel25c,CEL,20,Cleffa,Pokémon,Baby,,30,Colorless,,Classic Collection,cfff4d077274
cel25c-66_A,cel25c,CEL,66,Shining Magikarp,Pokémon,Basic,,30,Water,,Classic Collection,a69871d21057
cel25c-9_A,cel25c,CEL,9,Team Magma's Groudon,Pokémon,Basic,,100,Fighting|Darkness,,Classic Collection,dcfb82806fec
cel25c-86_A,cel25c,CEL,86,Rocket's Admin.,Trainer,Supporter,,,,,Classic Collection,e63e1055a481
cel25c-88_A,cel25c,CEL,88,Mew ex,Pokémon,Basic|ex,,90,Psychic,,Classic Collection,c4b6bcc06f6c
cel25c-93_A,cel25c,CEL,93,Gardevoir ex δ,Pokémon,Stage 2|ex,,150,Fire,Kirlia,Classic Collection,da49e8b9c5e8
cel25c-17_A,cel25c,CEL,17,Umbreon ★,Pokémon,Basic|Star,,70,Darkness,,Classic Collection,741a58856475
cel25c-109_A,cel25c,CEL,109,Luxray GL LV.X,Pokémon,Level-Up|SP,,110,Lightning,Luxray GL,Classic Collection,f224b75a0708
cel25c-145_A,cel25c,CEL,145,Garchomp C LV.X,Pokémon,Level-Up|SP,,110,Colorless,Garchomp C,Classic Collection,caec14d3cc58
cel25c-107_A,cel25c,CEL,107,Donphan,Pokémon,Stage 1|Prime,,120,Fighting,Phanpy,Classic Collection,80d9cfcb20b8
cel25c-113_A,cel25c,CEL,113,Reshiram,Pokémon,Basic,,130,Fire,,Classic Collection,814b2a362911
cel25c-114_A,cel25c,CEL,114,Zekrom,Pokémon,Basic,,130,Lightning,,Classic Collection,8e1cff544696
cel25c-54_A,cel25c,CEL,54,Mewtwo-EX,Pokémon,Basic|EX,,170,Psychic,,Classic Collection,c1310ab27f46
cel25c-97_A,cel25c,CEL,97,Xerneas-EX,Pokémon,Basic|EX,,170,Fairy,,Classic Collection,472ee6d5239c
cel25c-76_A,cel25c,CEL,76,M Rayquaza-EX,Pokémon,MEGA|EX,,220,Colorless,Rayquaza-EX,Classic Collection,017f17401f12
cel25c-60_A,cel25c,CEL,60,Tapu Lele-GX,Pokémon,Basic|GX,,170,Psychic,,Classic Collection,56d90b4ed579
swsh8-1,swsh8,FST,1,Caterpie,Pokémon,Basic,E,50,Grass,,Common,903f9ecd563e
swsh8-2,swsh8,FST,2,Metapod,Pokémon,Stage 1,E,80,Grass,Caterpie,Uncommon,579fd34d6ae8
swsh8-3,swsh8,FST,3,Butterfree,Pokémon,Stage 2,E,120,Grass,Metapod,Rare Holo,4c047d6521df
swsh8-4,swsh8,FST,4,Shroomish,Pokémon,Basic,E,60,Grass,,Common,6e7cbb5daa18
swsh8-5,swsh8,FST,5,Breloom,Pokémon,Stage 1,E,120,Grass,Shroomish,Uncommon,25aa2c311404
swsh8-6,swsh8,FST,6,Breloom V,Pokémon,Basic|V|Single Strike,E,210,Grass,,Rare Holo V,a78374d9b52d
swsh8-7,swsh8,FST,7,Pansage,Pokémon,Basic,E,60,Grass,,Common,451fc99236d4
swsh8-8,swsh8,FST,8,Simisage,Pokémon,Stage 1,E,100,Grass,Pansage,Uncommon,6cfb5720a84f
swsh8-9,swsh8,FST,9,Sewaddle,Pokémon,Basic,E,50,Grass,,Common,6a38c3839919
swsh8-10,swsh8,FST,10,Swadloon,Pokémon,Stage 1,E,80,Grass,Sewaddle,Uncommon,3841b9f1895f
swsh8-11,swsh8,FST,11,Leavanny,Pokémon,Stage 2,E,130,Grass,Swadloon,Rare,1684dda7055e
swsh8-12,swsh8,FST,12,Maractus,Pokémon,Basic,E,110,Grass,,Rare,55d6fedceeaa
swsh8-13,swsh8,FST,13,Shelmet,Pokémon,Basic|Fusion Strike,E,70,Grass,,Common,b1444013efbd
swsh8-14,swsh8,FST,14,Accelgor,Pokémon,Stage 1|Fusion Strike,E,90,Grass,Shelmet,Rare,9731199e881d
swsh8-15,swsh8,FST,15,Virizion,Pokémon,Basic,E,110,Grass,,Rare,45d0ad5e48ce
swsh8-16,swsh8,FST,16,Phantump,Pokémon,Basic,E,60,Grass,,Common,e396ec3570d1
swsh8-17,swsh8,FST,17,Trevenant,Pokémon,Stage 1,E,120,Grass,Phantump,Uncommon,82a9c41fba27
swsh8-18,swsh8,FST,18,Grubbin,Pokémon,Basic,E,70,Grass,,Common,4232b49ddb07
swsh8-19,swsh8,FST,19,Dewpider,Pokémon,Basic,E,50,Grass,,Common,a01a3c575216
swsh8-20,swsh8,FST,20,Araquanid,Pokémon,Stage 1,E,120,Grass,Dewpider,Rare,9742090d5959
swsh8-21,swsh8,FST,21,Tsareena V,Pokémon,Basic|V,E,200,Grass,,Rare Holo V,ecb1cbde4e1f
swsh8-22,swsh8,FST,22,Rillaboom V,Pokémon,Basic|V|Rapid Strike,E,220,Grass,,Rare Holo V,a3677faa3b97
swsh8-23,swsh8,FST,23,Rillaboom VMAX,Pokémon,VMAX|Rapid Strike,E,330,Grass,Rillaboom V,Rare Holo VMAX,ca358603923f
swsh8-24,swsh8,FST,24,Gossifleur,Pokémon,Basic,E,50,Grass,,Common,15beb6cd99a3
swsh8-25,swsh8,FST,25,Eldegoss,Pokémon,Stage 1,E,90,Grass,Gossifleur,Uncommon,1841f24b2442
swsh8-26,swsh8,FST,26,Appletun V,Pokémon,Basic|V,E,210,Grass,,Rare Holo V,5dacbe4694ee
swsh8-27,swsh8,FST,27,Zarude,Pokémon,Basic,E,110,Grass,,Uncommon,2cca976bc070
swsh8-28,swsh8,FST,28,Vulpix,Pokémon,Basic,E,70,Fire,,Common,45913996653c
swsh8-29,swsh8,FST,29,Vulpix,Pokémon,Basic,E,70,Fire,,Common,8d78aaa38390
swsh8-30,swsh8,FST,30,Ninetales,Pokémon,Stage 1,E,110,Fire,Vulpix,Uncommon,cd1c2e4dc740
swsh8-31,swsh8,FST,31,Ninetales,Pokémon,Stage 1,E,120,Fire,Vulpix,Uncommon,84053b7441c1
swsh8-32,swsh8,FST,32,Growlithe,Pokémon,Basic,E,80,Fire,,Common,9c1ee6b5179b
swsh8-33,swsh8,FST,33,Arcanine,Pokémon,Stage 1,E,130,Fire,Growlithe,Rare,8a67d0bec706
swsh8-34,swsh8,FST,34,Slugma,Pokémon,Basic,E,80,Fire,,Common,740050ac7e3d
swsh8-35,swsh8,FST,35,Magcargo,Pokémon,Stage 1,E,130,Fire,Slugma,Uncommon,5e62792b96ae
swsh8-36,swsh8,FST,36,Victini,Pokémon,Basic,E,80,Fire,,Uncommon,1b786ff04b12
swsh8-37,swsh8,FST,37,Pansear,Pokémon,Basic,E,60,Fire,,Common,be975d4aee8f
swsh8-38,swsh8,FST,38,Simisear,Pokémon,Stage 1,E,100,Fire,Pansear,Uncommon,de8f862dbc5f
swsh8-39,swsh8,FST,39,Chandelure V,Pokémon,Basic|V,E,200,Fire,,Rare Holo V,1f145803be8d
swsh8-40,swsh8,FST,40,Chandelure VMAX,Pokémon,VMAX,E,320,Fire,Chandelure V,Rare Holo VMAX,5e05919eb0fb
swsh8-41,swsh8,FST,41,Heatmor,Pokémon,Basic,E,110,Fire,,Uncommon,ad774ba5e546
swsh8-42,swsh8,FST,42,Oricorio,Pokémon,Basic|Fusion Strike,E,90,Fire,,Rare,553bd0e3eb82
swsh8-43,swsh8,FST,43,Cinderace V,Pokémon,Basic|V,E,220,Fire,,Rare Holo V,fe4a1be7f65c
swsh8-44,swsh8,FST,44,Cinderace V,Pokémon,Basic|V|Single Strike,E,210,Fire,,Rare Holo V,6fa23a60bad8
swsh8-45,swsh8,FST,45,Cinderace VMAX,Pokémon,VMAX|Single Strike,E,320,Fire,Cinderace V,Rare Holo VMAX,34651378ca0f
swsh8-46,swsh8,FST,46,Sizzlipede,Pokémon,Basic,E,80,Fire,,Common,39c09194e4f3
swsh8-47,swsh8,FST,47,Sizzlipede,Pokémon,Basic|Rapid Strike,E,70,Fire,,Common,698546f06986
swsh8-48,swsh8,FST,48,Centiskorch,Pokémon,Stage 1|Rapid Strike,E,130,Fire,Sizzlipede,Rare,0e4d711f0a85
swsh8-49,swsh8,FST,49,Centiskorch,Pokémon,Stage 1,E,130,Fire,Sizzlipede,Uncommon,daa4eeba8b3f
swsh8-50,swsh8,FST,50,Shellder,Pokémon,Basic|Rapid Strike,E,70,Water,,Common,61534cc40378
swsh8-51,swsh8,FST,51,Cloyster,Pokémon,Stage 1|Rapid Strike,E,130,Water,Shellder,Rare,a68261b4d48c
swsh8-52,swsh8,FST,52,Staryu,Pokémon,Basic|Rapid Strike,E,60,Water,,Common,28244da36bd9
swsh8-53,swsh8,FST,53,Starmie,Pokémon,Stage 1|Rapid Strike,E,90,Water,Staryu,Rare Holo,56199b133f3f
swsh8-54,swsh8,FST,54,Lapras,Pokémon,Basic|Rapid Strike,E,120,Water,,Uncommon,4a0c5aecf6f4
swsh8-55,swsh8,FST,55,Totodile,Pokémon,Basic,E,70,Water,,Common,96c676108f80
swsh8-56,swsh8,FST,56,Croconaw,Pokémon,Stage 1,E,100,Water,Totodile,Uncommon,2ce15f98984d
swsh8-57,swsh8,FST,57,Feraligatr,Pokémon,Stage 2,E,170,Water,Croconaw,Rare Holo,a3cfb069d913
swsh8-58,swsh8,FST,58,Marill,Pokémon,Basic,E,50,Water,,Common,9160343e0e84
swsh8-59,swsh8,FST,59,Azumarill,Pokémon,Stage 1,E,120,Water,Marill,Rare,65bf82f1a4b7
swsh8-60,swsh8,FST,60,Qwilfish,Pokémon,Basic,E,80,Water,,Common,7aaba90e8ba6
swsh8-61,swsh8,FST,61,Mantine,Pokémon,Basic,E,110,Water,,Common,8fc875db268c
swsh8-62,swsh8,FST,62,Mudkip,Pokémon,Basic,E,70,Water,,Common,c8920b58741b
swsh8-63,swsh8,FST,63,Marshtomp,Pokémon,Stage 1,E,90,Water,Mudkip,Uncommon,7282421b3a6c
swsh8-64,swsh8,FST,64,Swampert,Pokémon,Stage 2,E,170,Water,Marshtomp,Rare Holo,ab08631e853c
swsh8-65,swsh8,FST,65,Clamperl,Pokémon,Basic|Fusion Strike,E,60,Water,,Common,c4ed64a1c47d
swsh8-66,swsh8,FST,66,Huntail,Pokémon,Stage 1|Fusion Strike,E,110,Water,Clamperl,Rare,1983bdb97f24
swsh8-67,swsh8,FST,67,Gorebyss,Pokémon,Stage 1|Fusion Strike,E,110,Water,Clamperl,Rare,9e3ed34c596c
swsh8-68,swsh8,FST,68,Panpour,Pokémon,Basic,E,60,Water,,Common,1369fdc671e8
swsh8-69,swsh8,FST,69,Simipour,Pokémon,Stage 1,E,100,Water,Panpour,Uncommon,1bcfed1dd467
swsh8-70,swsh8,FST,70,Basculin,Pokémon,Basic|Rapid Strike,E,80,Water,,Common,674fa34cc56b
swsh8-71,swsh8,FST,71,Galarian Darumaka,Pokémon,Basic,E,80,Water,,Common,fe3660f00456
swsh8-72,swsh8,FST,72,Galarian Darmanitan,Pokémon,Stage 1,E,130,Water,Galarian Darumaka,Uncommon,71815187d825
swsh8-73,swsh8,FST,73,Greninja V,Pokémon,Basic|V,E,210,Water,,Rare Holo V,8d3202be2e03
swsh8-74,swsh8,FST,74,Clauncher,Pokémon,Basic,E,70,Water,,Common,e010fa41d7fa
swsh8-75,swsh8,FST,75,Clawitzer,Pokémon,Stage 1,E,110,Water,Clauncher,Uncommon,c61bfad99cfa
swsh8-76,swsh8,FST,76,Crabominable V,Pokémon,Basic|V,E,220,Water,,Rare Holo V,ecd5baad1b02
swsh8-77,swsh8,FST,77,Pyukumuku,Pokémon,Basic,E,80,Water,,Uncommon,4c6fb347c18d
swsh8-78,swsh8,FST,78,Inteleon V,Pokémon,Basic|V|Rapid Strike,E,200,Water,,Rare Holo V,e65cf008f321
swsh8-79,swsh8,FST,79,Inteleon VMAX,Pokémon,VMAX|Rapid Strike,E,320,Water,Inteleon V,Rare Holo VMAX,0c17ca6742b7
swsh8-80,swsh8,FST,80,Chewtle,Pokémon,Basic,E,80,Water,,Common,e2b0d7a25b40
swsh8-81,swsh8,FST,81,Drednaw,Pokémon,Stage 1,E,140,Water,Chewtle,Uncommon,3b984d3306f3
swsh8-82,swsh8,FST,82,Arrokuda,Pokémon,Basic,E,60,Water,,Common,bc1ea336c0c3
swsh8-83,swsh8,FST,83,Barraskewda,Pokémon,Stage 1,E,120,Water,Arrokuda,Uncommon,07604c177c26
swsh8-84,swsh8,FST,84,Snom,Pokémon,Basic,E,40,Water,,Common,4eb63821bb2f
swsh8-85,swsh8,FST,85,Frosmoth,Pokémon,Stage 1,E,90,Water,Snom,Uncommon,40ecd22f3175
swsh8-86,swsh8,FST,86,Pikachu V,Pokémon,Basic|V,E,200,Lightning,,Rare Holo V,ae1fe230a1ee
swsh8-87,swsh8,FST,87,Voltorb,Pokémon,Basic|Single Strike,E,60,Lightning,,Common,9953bc5e7a30
swsh8-88,swsh8,FST,88,Electrode,Pokémon,Stage 1|Single Strike,E,90,Lightning,Voltorb,Rare,064ab2f562e7
swsh8-89,swsh8,FST,89,Plusle,Pokémon,Basic|Rapid Strike,E,70,Lightning,,Common,806ea1edaa29
swsh8-90,swsh8,FST,90,Minun,Pokémon,Basic|Rapid Strike,E,70,Lightning,,Common,9c5aa7aa0188
swsh8-91,swsh8,FST,91,Shinx,Pokémon,Basic,E,50,Lightning,,Common,17dd2910c0de
swsh8-92,swsh8,FST,92,Luxio,Pokémon,Stage 1,E,90,Lightning,Shinx,Uncommon,5ad8d7e45921
swsh8-93,swsh8,FST,93,Luxray,Pokémon,Stage 2,E,160,Lightning,Luxio,Rare,4b4945580661
swsh8-94,swsh8,FST,94,Rotom,Pokémon,Basic,E,80,Lightning,,Common,fc83993d21a7
swsh8-95,swsh8,FST,95,Tynamo,Pokémon,Basic,E,40,Lightning,,Common,4e4446e97a8d
swsh8-96,swsh8,FST,96,Eelektrik,Pokémon,Stage 1,E,90,Lightning,Tynamo,Uncommon,1e485f977a48
swsh8-97,swsh8,FST,97,Eelektross,Pokémon,Stage 2,E,160,Lightning,Eelektrik,Rare,ab9a9f33a1ea
swsh8-98,swsh8,FST,98,Helioptile,Pokémon,Basic,E,70,Lightning,,Common,532715af4e44
swsh8-99,swsh8,FST,99,Heliolisk,Pokémon,Stage 1,E,110,Lightning,Helioptile,Uncommon,07e46067ad62
swsh8-100,swsh8,FST,100,Charjabug,Pokémon,Stage 1,E,100,Lightning,Grubbin,Uncommon,ad36a103131f
swsh8-101,swsh8,FST,101,Vikavolt,Pokémon,Stage 2,E,150,Lightning,Charjabug,Rare,3b10cc27306e
swsh8-102,swsh8,FST,102,Zeraora,Pokémon,Basic,E,120,Lightning,,Rare,8cc22dd22ddb
swsh8-103,swsh8,FST,103,Boltund V,Pokémon,Basic|V,E,200,Lightning,,Rare Holo V,4e6d7f8f40f8
swsh8-104,swsh8,FST,104,Boltund VMAX,Pokémon,VMAX,E,320,Lightning,Boltund V,Rare Holo VMAX,cbfed4c77f16
swsh8-105,swsh8,FST,105,Toxel,Pokémon,Basic,E,70,Lightning,,Common,9d7c968e1e60
swsh8-106,swsh8,FST,106,Toxel,Pokémon,Basic|Fusion Strike,E,60,Lightning,,Common,de3a174e0b35
swsh8-107,swsh8,FST,107,Toxtricity,Pokémon,Stage 1,E,130,Lightning,Toxel,Rare Holo,d2cac7bf764b
swsh8-108,swsh8,FST,108,Toxtricity,Pokémon,Stage 1|Fusion Strike,E,120,Lightning,Toxel,Rare Holo,d0ac5f1d907b
swsh8-109,swsh8,FST,109,Morpeko,Pokémon,Basic,E,80,Lightning,,Common,333fc2f5fa70
swsh8-110,swsh8,FST,110,Jigglypuff,Pokémon,Basic,E,60,Psychic,,Common,d91e2ad983d7
swsh8-111,swsh8,FST,111,Wigglytuff,Pokémon,Stage 1,E,120,Psychic,Jigglypuff,Uncommon,d5f6be666b3c
swsh8-112,swsh8,FST,112,Jynx,Pokémon,Basic,E,100,Psychic,,Common,7c39b293db75
swsh8-113,swsh8,FST,113,Mew V,Pokémon,Basic|V|Fusion Strike,E,180,Psychic,,Rare Holo V,bd432185fcd1
swsh8-114,swsh8,FST,114,Mew VMAX,Pokémon,VMAX|Fusion Strike,E,310,Psychic,Mew V,Rare Holo VMAX,08de6c30170b
swsh8-115,swsh8,FST,115,Snubbull,Pokémon,Basic,E,70,Psychic,,Common,abcf192dc1aa
swsh8-116,swsh8,FST,116,Granbull,Pokémon,Stage 1,E,120,Psychic,Snubbull,Rare,90e42efc3c2f
swsh8-117,swsh8,FST,117,Galarian Corsola,Pokémon,Basic,E,70,Psychic,,Common,8412ea73f46b
swsh8-118,swsh8,FST,118,Galarian Cursola,Pokémon,Stage 1,E,100,Psychic,Galarian Corsola,Rare,639b078d2025
swsh8-119,swsh8,FST,119,Mawile,Pokémon,Basic,E,90,Psychic,,Common,b84d52efdbea
swsh8-120,swsh8,FST,120,Deoxys,Pokémon,Basic|Fusion Strike|Single Strike|Rapid Strike,E,120,Psychic,,Rare Holo,2daa7d3aeb1a
swsh8-121,swsh8,FST,121,Munna,Pokémon,Basic,E,80,Psychic,,Common,d84302346332
swsh8-122,swsh8,FST,122,Musharna,Pokémon,Stage 1,E,120,Psychic,Munna,Uncommon,50bd51894276
swsh8-123,swsh8,FST,123,Sigilyph,Pokémon,Basic,E,100,Psychic,,Common,6e7ec2617bce
swsh8-124,swsh8,FST,124,Meloetta,Pokémon,Basic|Fusion Strike,E,90,Psychic,,Rare,7512e36b0d3b
swsh8-125,swsh8,FST,125,Sandygast,Pokémon,Basic,E,80,Psychic,,Common,746241e80e4f
swsh8-126,swsh8,FST,126,Palossand,Pokémon,Stage 1,E,140,Psychic,Sandygast,Rare,fb7eb96c2976
swsh8-127,swsh8,FST,127,Indeedee,Pokémon,Basic,E,100,Psychic,,Common,1c7068143afb
swsh8-128,swsh8,FST,128,Dreepy,Pokémon,Basic|Fusion Strike,E,60,Psychic,,Common,ba316dc3663d
swsh8-129,swsh8,FST,129,Drakloak,Pokémon,Stage 1|Fusion Strike,E,90,Psychic,Dreepy,Uncommon,9644ec075f31
swsh8-130,swsh8,FST,130,Dragapult,Pokémon,Stage 2|Fusion Strike,E,150,Psychic,Drakloak,Rare Holo,0cc24cf788a7
swsh8-131,swsh8,FST,131,Sandshrew,Pokémon,Basic,E,60,Fighting,,Common,c80ae0ce71f5
swsh8-132,swsh8,FST,132,Sandslash,Pokémon,Stage 1,E,120,Fighting,Sandshrew,Uncommon,6b81305e2bbd
swsh8-133,swsh8,FST,133,Mankey,Pokémon,Basic,E,60,Fighting,,Common,b82254e6c06b
swsh8-134,swsh8,FST,134,Primeape,Pokémon,Stage 1,E,100,Fighting,Mankey,Uncommon,b6eddb58d86e
swsh8-135,swsh8,FST,135,Geodude,Pokémon,Basic,E,80,Fighting,,Common,366b5e7ffd52
swsh8-136,swsh8,FST,136,Graveler,Pokémon,Stage 1,E,110,Fighting,Geodude,Uncommon,420dc6478ff3
swsh8-137,swsh8,FST,137,Golem,Pokémon,Stage 2,E,180,Fighting,Graveler,Rare,08042be5c268
swsh8-138,swsh8,FST,138,Onix,Pokémon,Basic,E,110,Fighting,,Common,412c7ae098f6
swsh8-139,swsh8,FST,139,Steelix,Pokémon,Stage 1,E,190,Fighting,Onix,Rare Holo,5266d439ce1f
swsh8-140,swsh8,FST,140,Gligar,Pokémon,Basic,E,70,Fighting,,Common,18590e108e97
swsh8-141,swsh8,FST,141,Gliscor,Pokémon,Stage 1,E,110,Fighting,Gligar,Uncommon,3ab6cb5106e6
swsh8-142,swsh8,FST,142,Makuhita,Pokémon,Basic|Single Strike,E,90,Fighting,,Common,05886e49cbfa
swsh8-143,swsh8,FST,143,Hariyama,Pokémon,Stage 1|Single Strike,E,140,Fighting,Makuhita,Uncommon,d0f964f7b122
swsh8-144,swsh8,FST,144,Baltoy,Pokémon,Basic,E,60,Fighting,,Common,6f35685f2313
swsh8-145,swsh8,FST,145,Claydol,Pokémon,Stage 1,E,120,Fighting,Baltoy,Rare,ed08af72818d
swsh8-146,swsh8,FST,146,Lucario V,Pokémon,Basic|V,E,210,Fighting,,Rare Holo V,643e2163e78b
swsh8-147,swsh8,FST,147,Drilbur,Pokémon,Basic,E,60,Fighting,,Common,e7bf01489555
swsh8-148,swsh8,FST,148,Landorus,Pokémon,Basic,E,120,Fighting,,Rare Holo,e810d22a3679
swsh8-149,swsh8,FST,149,Pancham,Pokémon,Basic,E,60,Fighting,,Common,09f43fae5508
swsh8-150,swsh8,FST,150,Stufful,Pokémon,Basic,E,70,Fighting,,Common,9a443d3e7ff9
swsh8-151,swsh8,FST,151,Bewear,Pokémon,Stage 1,E,130,Fighting,Stufful,Uncommon,27e61e01688e
swsh8-152,swsh8,FST,152,Clobbopus,Pokémon,Basic,E,80,Fighting,,Common,2b9c967c80fc
swsh8-153,swsh8,FST,153,Grapploct,Pokémon,Stage 1,E,130,Fighting,Clobbopus,Uncommon,d690faf81935
swsh8-154,swsh8,FST,154,Falinks,Pokémon,Basic,E,90,Fighting,,Uncommon,42b49bb52c14
swsh8-155,swsh8,FST,155,Falinks,Pokémon,Basic,E,90,Fighting,,Common,2d3a9bf3acec
swsh8-156,swsh8,FST,156,Gengar V,Pokémon,Basic|V|Single Strike,E,210,Darkness,,Rare Holo V,4cfba93bb311
swsh8-157,swsh8,FST,157,Gengar VMAX,Pokémon,VMAX|Single Strike,E,320,Darkness,Gengar V,Rare Holo VMAX,ca3e240adc40
swsh8-158,swsh8,FST,158,Tyranitar V,Pokémon,Basic|V,E,230,Darkness,,Rare Holo V,edf698b9e643
swsh8-159,swsh8,FST,159,Galarian Zigzagoon,Pokémon,Basic,E,60,Darkness,,Common,3e4090db4825
swsh8-160,swsh8,FST,160,Galarian Linoone,Pokémon,Stage 1,E,90,Darkness,Galarian Zigzagoon,Uncommon,1cf0ae5ca4d0
swsh8-161,swsh8,FST,161,Galarian Obstagoon,Pokémon,Stage 2,E,170,Darkness,Galarian Linoone,Rare Holo,c79b8c56f140
swsh8-162,swsh8,FST,162,Carvanha,Pokémon,Basic,E,50,Darkness,,Common,3b9831ba35fb
swsh8-163,swsh8,FST,163,Sharpedo,Pokémon,Stage 1,E,100,Darkness,Carvanha,Uncommon,8e7314e2fd3a
swsh8-164,swsh8,FST,164,Absol,Pokémon,Basic,E,100,Darkness,,Rare,f2072a2b311c
swsh8-165,swsh8,FST,165,Croagunk,Pokémon,Basic,E,60,Darkness,,Common,04eaf9932794
swsh8-166,swsh8,FST,166,Toxicroak,Pokémon,Stage 1,E,110,Darkness,Croagunk,Rare,887b0cebd375
swsh8-167,swsh8,FST,167,Darkrai,Pokémon,Basic,E,110,Darkness,,Uncommon,a7d068ad1831
swsh8-168,swsh8,FST,168,Trubbish,Pokémon,Basic,E,70,Darkness,,Common,bf28e924f0e4
swsh8-169,swsh8,FST,169,Garbodor,Pokémon,Stage 1,E,120,Darkness,Trubbish,Uncommon,5b015a75a181
swsh8-170,swsh8,FST,170,Zorua,Pokémon,Basic,E,60,Darkness,,Common,faeb338f164f
swsh8-171,swsh8,FST,171,Zoroark,Pokémon,Stage 1,E,120,Darkness,Zorua,Uncommon,23d86412e149
swsh8-172,swsh8,FST,172,Vullaby,Pokémon,Basic,E,60,Darkness,,Common,b2d5ad11ddb7
swsh8-173,swsh8,FST,173,Mandibuzz,Pokémon,Stage 1,E,120,Darkness,Vullaby,Uncommon,ae4191f3c04a
swsh8-174,swsh8,FST,174,Pangoro,Pokémon,Stage 1,E,140,Darkness,Pancham,Uncommon,a66a50f140f1
swsh8-175,swsh8,FST,175,Yveltal,Pokémon,Basic|Single Strike,E,130,Darkness,,Rare,5a615b579805
swsh8-176,swsh8,FST,176,Impidimp,Pokémon,Basic|Single Strike,E,70,Darkness,,Common,605c933c7430
swsh8-177,swsh8,FST,177,Morgrem,Pokémon,Stage 1|Single Strike,E,90,Darkness,Impidimp,Uncommon,4248ff0a0546
swsh8-178,swsh8,FST,178,Grimmsnarl,Pokémon,Stage 2|Single Strike,E,170,Darkness,Morgrem,Rare Holo,6cb1fb1365d2
swsh8-179,swsh8,FST,179,Morpeko,Pokémon,Basic|Single Strike,E,50,Darkness,,Common,df6199938bd8
swsh8-180,swsh8,FST,180,Galarian Meowth,Pokémon,Basic,E,70,Metal,,Common,b66eaed9755b
swsh8-181,swsh8,FST,181,Galarian Perrserker,Pokémon,Stage 1,E,120,Metal,Galarian Meowth,Uncommon,f039594df28e
swsh8-182,swsh8,FST,182,Skarmory,Pokémon,Basic|Single Strike,E,120,Metal,,Common,8eb933022e63
swsh8-183,swsh8,FST,183,Excadrill,Pokémon,Stage 1,E,130,Metal,Drilbur,Uncommon,5870b4a44b80
swsh8-184,swsh8,FST,184,Durant,Pokémon,Basic,E,70,Metal,,Common,a7887f28e5eb
swsh8-185,swsh8,FST,185,Genesect V,Pokémon,Basic|V|Fusion Strike,E,190,Metal,,Rare Holo V,ba72c24113dc
swsh8-186,swsh8,FST,186,Klefki,Pokémon,Basic,E,70,Metal,,Common,a90abec7f002
swsh8-187,swsh8,FST,187,Togedemaru,Pokémon,Basic,E,80,Metal,,Uncommon,7afda1fb4af7
swsh8-188,swsh8,FST,188,Meltan,Pokémon,Basic|Single Strike,E,70,Metal,,Common,03bd27f99cd0
swsh8-189,swsh8,FST,189,Melmetal,Pokémon,Stage 1|Single Strike,E,150,Metal,Meltan,Rare Holo,d1803e927bad
swsh8-190,swsh8,FST,190,Corviknight,Pokémon,Stage 2,E,170,Metal,Corvisquire,Rare,5c68adb114cb
swsh8-191,swsh8,FST,191,Cufant,Pokémon,Basic|Single Strike,E,100,Metal,,Common,150c9f5fa7f4
swsh8-192,swsh8,FST,192,Copperajah,Pokémon,Stage 1|Single Strike,E,190,Metal,Cufant,Uncommon,dcdc5c3290cd
swsh8-193,swsh8,FST,193,Latias,Pokémon,Basic|Fusion Strike,E,120,Dragon,,Rare,f7df2ff6254d
swsh8-194,swsh8,FST,194,Latios,Pokémon,Basic|Fusion Strike,E,130,Dragon,,Rare,726753140dcc
swsh8-195,swsh8,FST,195,Goomy,Pokémon,Basic,E,50,Dragon,,Common,d6baec7c41b7
swsh8-196,swsh8,FST,196,Sliggoo,Pokémon,Stage 1,E,80,Dragon,Goomy,Uncommon,39dc0f9d924d
swsh8-197,swsh8,FST,197,Goodra,Pokémon,Stage 2,E,160,Dragon,Sliggoo,Rare,b94dfc44e3da
swsh8-198,swsh8,FST,198,Turtonator,Pokémon,Basic,E,130,Dragon,,Uncommon,21bf00919d09
swsh8-199,swsh8,FST,199,Meowth,Pokémon,Basic,E,70,Colorless,,Common,80acb7aa9fb2
swsh8-200,swsh8,FST,200,Persian,Pokémon,Stage 1,E,110,Colorless,Meowth,Uncommon,e7066a1e640c
swsh8-201,swsh8,FST,201,Dodrio V,Pokémon,Basic|V|Rapid Strike,E,200,Colorless,,Rare Holo V,717c448678db
swsh8-202,swsh8,FST,202,Chansey,Pokémon,Basic,E,110,Colorless,,Common,bd7e27b087b1
swsh8-203,swsh8,FST,203,Blissey,Pokémon,Stage 1,E,130,Colorless,Chansey,Rare,f7bca42e54f7
swsh8-204,swsh8,FST,204,Kangaskhan,Pokémon,Basic|Rapid Strike,E,120,Colorless,,Rare,2b6173f655b7
swsh8-205,swsh8,FST,205,Eevee,Pokémon,Basic,E,50,Colorless,,Common,6bec93781278
swsh8-206,swsh8,FST,206,Snorlax,Pokémon,Basic,E,160,Colorless,,Common,f46c7638115f
swsh8-207,swsh8,FST,207,Dunsparce,Pokémon,Basic,E,60,Colorless,,Uncommon,5cb60ccb2d02
swsh8-208,swsh8,FST,208,Stantler,Pokémon,Basic,E,110,Colorless,,Uncommon,f14378db388c
swsh8-209,swsh8,FST,209,Smeargle,Pokémon,Basic|Fusion Strike,E,70,Colorless,,Common,f2bdc887826f
swsh8-210,swsh8,FST,210,Skitty,Pokémon,Basic,E,60,Colorless,,Common,b8cf712ba70f
swsh8-211,swsh8,FST,211,Delcatty,Pokémon,Stage 1,E,100,Colorless,Skitty,Uncommon,e8f86c1ec585
swsh8-212,swsh8,FST,212,Buneary,Pokémon,Basic|Rapid Strike,E,50,Colorless,,Common,2e799a2ab632
swsh8-213,swsh8,FST,213,Lopunny,Pokémon,Stage 1|Rapid Strike,E,110,Colorless,Buneary,Uncommon,c2d7fcd63a33
swsh8-214,swsh8,FST,214,Bunnelby,Pokémon,Basic,E,60,Colorless,,Common,b018e2400835
swsh8-215,swsh8,FST,215,Diggersby,Pokémon,Stage 1,E,140,Colorless,Bunnelby,Uncommon,a72e6b43df82
swsh8-216,swsh8,FST,216,Hawlucha,Pokémon,Basic|Rapid Strike,E,90,Colorless,,Uncommon,00d27622da4f
swsh8-217,swsh8,FST,217,Greedent V,Pokémon,Basic|V,E,210,Colorless,,Rare Holo V,80548d68e45a
swsh8-218,swsh8,FST,218,Greedent VMAX,Pokémon,VMAX,E,320,Colorless,Greedent V,Rare Holo VMAX,5d46ea899521
swsh8-219,swsh8,FST,219,Rookidee,Pokémon,Basic,E,60,Colorless,,Common,39ff1c48c4ae
swsh8-220,swsh8,FST,220,Corvisquire,Pokémon,Stage 1,E,80,Colorless,Rookidee,Uncommon,a762b006ffaa
swsh8-221,swsh8,FST,221,Wooloo,Pokémon,Basic,E,60,Colorless,,Common,42f3a75dd9c2
swsh8-222,swsh8,FST,222,Wooloo,Pokémon,Basic,E,70,Colorless,,Common,0fa820746f57
swsh8-223,swsh8,FST,223,Dubwool,Pokémon,Stage 1,E,130,Colorless,Wooloo,Uncommon,8ef306271dd0
swsh8-224,swsh8,FST,224,Adventurer's Discovery,Trainer,Supporter,E,,,,Uncommon,e4f22d7a0c31
swsh8-225,swsh8,FST,225,Battle VIP Pass,Trainer,Item,E,,,,Uncommon,05d52c0a0c95
swsh8-226,swsh8,FST,226,Bug Catcher,Trainer,Supporter,E,,,,Uncommon,26d7c01a1e99
swsh8-227,swsh8,FST,227,Chili & Cilan & Cress,Trainer,Supporter|Fusion Strike,E,,,,Uncommon,be2217b52848
swsh8-228,swsh8,FST,228,Cook,Trainer,Supporter,E,,,,Uncommon,f9aa0336cef4
swsh8-229,swsh8,FST,229,Cram-o-matic,Trainer,Item,E,,,,Uncommon,dc54b4d4dadd
swsh8-230,swsh8,FST,230,Cross Switcher,Trainer,Item|Fusion Strike,E,,,,Uncommon,662e1256d385
swsh8-231,swsh8,FST,231,Crossceiver,Trainer,Item|Fusion Strike,E,,,,Uncommon,8d96330e5c19
swsh8-232,swsh8,FST,232,Dancer,Trainer,Supporter,E,,,,Uncommon,506508c83931
swsh8-233,swsh8,FST,233,Elesa's Sparkle,Trainer,Supporter|Fusion Strike,E,,,,Uncommon,ebfa2453f1f6
swsh8-234,swsh8,FST,234,Farewell Bell,Trainer,Item|Pokémon Tool,E,,,,Uncommon,450609cf59b6
swsh8-235,swsh8,FST,235,Judge,Trainer,Supporter,E,,,,Uncommon,b1f42a8a89d3
swsh8-236,swsh8,FST,236,Power Tablet,Trainer,Item|Fusion Strike,E,,,,Uncommon,536304c50a79
swsh8-237,swsh8,FST,237,Quick Ball,Trainer,Item,D,,,,Uncommon,f53a0cad814f
swsh8-238,swsh8,FST,238,Schoolboy,Trainer,Supporter,E,,,,Uncommon,ffa1a097a31f
swsh8-239,swsh8,FST,239,Schoolgirl,Trainer,Supporter,E,,,,Uncommon,313ddb1ac75a
swsh8-240,swsh8,FST,240,Shauna,Trainer,Supporter,E,,,,Uncommon,af1c2c14b7b0
swsh8-241,swsh8,FST,241,Sidney,Trainer,Supporter,E,,,,Uncommon,557b5d70e490
swsh8-242,swsh8,FST,242,Skaters' Park,Trainer,Stadium,E,,,,Uncommon,4d0e58d67bcf
swsh8-243,swsh8,FST,243,Spongy Gloves,Trainer,Item|Pokémon Tool,E,,,,Uncommon,445bdc6f0ac6
swsh8-244,swsh8,FST,244,Fusion Strike Energy,Energy,Fusion Strike|Special,E,,,,Uncommon,993d12cec992
swsh8-245,swsh8,FST,245,Celebi V,Pokémon,Basic|V,E,190,Grass,,Rare Ultra,b9f319c2ee8a
swsh8-246,swsh8,FST,246,Tsareena V,Pokémon,Basic|V,E,200,Grass,,Rare Ultra,ecb1cbde4e1f
swsh8-247,swsh8,FST,247,Chandelure V,Pokémon,Basic|V,E,200,Fire,,Rare Ultra,1f145803be8d
swsh8-248,swsh8,FST,248,Crabominable V,Pokémon,Basic|V,E,220,Water,,Rare Ultra,ecd5baad1b02
swsh8-249,swsh8,FST,249,Boltund V,Pokémon,Basic|V,E,200,Lightning,,Rare Ultra,4e6d7f8f40f8
swsh8-250,swsh8,FST,250,Mew V,Pokémon,Basic|V|Fusion Strike,E,180,Psychic,,Rare Ultra,bd432185fcd1
swsh8-251,swsh8,FST,251,Mew V,Pokémon,Basic|V|Fusion Strike,E,180,Psychic,,Rare Ultra,bd432185fcd1
swsh8-252,swsh8,FST,252,Sandaconda V,Pokémon,Basic|V,E,220,Fighting,,Rare Ultra,215a584eb9b9
swsh8-253,swsh8,FST,253,Hoopa V,Pokémon,Basic|V|Fusion Strike,E,220,Darkness,,Rare Ultra,7817db1909ee
swsh8-254,swsh8,FST,254,Genesect V,Pokémon,Basic|V|Fusion Strike,E,190,Metal,,Rare Ultra,ba72c24113dc
swsh8-255,swsh8,FST,255,Genesect V,Pokémon,Basic|V|Fusion Strike,E,190,Metal,,Rare Ultra,ba72c24113dc
swsh8-256,swsh8,FST,256,Greedent V,Pokémon,Basic|V,E,210,Colorless,,Rare Ultra,80548d68e45a
swsh8-257,swsh8,FST,257,Greedent V,Pokémon,Basic|V,E,210,Colorless,,Rare Ultra,80548d68e45a
swsh8-258,swsh8,FST,258,Chili & Cilan & Cress,Trainer,Supporter|Fusion Strike,E,,,,Rare Ultra,be2217b52848
swsh8-259,swsh8,FST,259,Dancer,Trainer,Supporter,E,,,,Rare Ultra,506508c83931
swsh8-260,swsh8,FST,260,Elesa's Sparkle,Trainer,Supporter|Fusion Strike,E,,,,Rare Ultra,ebfa2453f1f6
swsh8-261,swsh8,FST,261,Schoolboy,Trainer,Supporter,E,,,,Rare Ultra,ffa1a097a31f
swsh8-262,swsh8,FST,262,Schoolgirl,Trainer,Supporter,E,,,,Rare Ultra,313ddb1ac75a
swsh8-263,swsh8,FST,263,Shauna,Trainer,Supporter,E,,,,Rare Ultra,af1c2c14b7b0
swsh8-264,swsh8,FST,264,Sidney,Trainer,Supporter,E,,,,Rare Ultra,557b5d70e490
swsh8-265,swsh8,FST,265,Chandelure VMAX,Pokémon,VMAX,E,320,Fire,Chandelure V,Rare Rainbow,5e05919eb0fb
swsh8-266,swsh8,FST,266,Inteleon VMAX,Pokémon,VMAX|Rapid Strike,E,320,Water,Inteleon V,Rare Rainbow,0c17ca6742b7
swsh8-267,swsh8,FST,267,Boltund VMAX,Pokémon,VMAX,E,320,Lightning,Boltund V,Rare Rainbow,cbfed4c77f16
swsh8-268,swsh8,FST,268,Mew VMAX,Pokémon,VMAX|Fusion Strike,E,310,Psychic,Mew V,Rare Rainbow,08de6c30170b
swsh8-269,swsh8,FST,269,Mew VMAX,Pokémon,VMAX|Fusion Strike,E,310,Psychic,Mew V,Rare Rainbow,08de6c30170b
swsh8-270,swsh8,FST,270,Espeon VMAX,Pokémon,VMAX,E,310,Psychic,Espeon V,Rare Rainbow,9192aef9c69c
swsh8-271,swsh8,FST,271,Gengar VMAX,Pokémon,VMAX|Single Strike,E,320,Darkness,Gengar V,Rare Rainbow,ca3e240adc40
swsh8-272,swsh8,FST,272,Greedent VMAX,Pokémon,VMAX,E,320,Colorless,Greedent V,Rare Rainbow,5d46ea899521
swsh8-273,swsh8,FST,273,Chili & Cilan & Cress,Trainer,Supporter|Fusion Strike,E,,,,Rare Rainbow,be2217b52848
swsh8-274,swsh8,FST,274,Dancer,Trainer,Supporter,E,,,,Rare Rainbow,506508c83931
swsh8-275,swsh8,FST,275,Elesa's Sparkle,Trainer,Supporter|Fusion Strike,E,,,,Rare Rainbow,ebfa2453f1f6
swsh8-276,swsh8,FST,276,Schoolboy,Trainer,Supporter,E,,,,Rare Rainbow,ffa1a097a31f
swsh8-277,swsh8,FST,277,Schoolgirl,Trainer,Supporter,E,,,,Rare Rainbow,313ddb1ac75a
swsh8-278,swsh8,FST,278,Shauna,Trainer,Supporter,E,,,,Rare Rainbow,af1c2c14b7b0
swsh8-279,swsh8,FST,279,Sidney,Trainer,Supporter,E,,,,Rare Rainbow,557b5d70e490
swsh8-280,swsh8,FST,280,Flaaffy,Pokémon,Stage 1,E,90,Lightning,Mareep,Rare Secret,0e2a3094a4f0
swsh8-281,swsh8,FST,281,Power Tablet,Trainer,Item|Fusion Strike,E,,,,Rare Secret,536304c50a79
swsh8-282,swsh8,FST,282,Training Court,Trainer,Stadium,D,,,,Rare Secret,f8c08131c1d2
swsh8-283,swsh8,FST,283,Grass Energy,Energy,Basic,,,,,Rare Secret,0c6c0a16b0d9
swsh8-284,swsh8,FST,284,Fire Energy,Energy,Basic,,,,,Rare Secret,7a66f517388a
swsh9-1,swsh9,BRS,1,Exeggcute,Pokémon,Basic,F,50,Grass,,Common,3e439dfbb7cb
swsh9-2,swsh9,BRS,2,Exeggutor,Pokémon,Stage 1,F,140,Grass,Exeggcute,Uncommon,71e3f6f4bb97
swsh9-3,swsh9,BRS,3,Shroomish,Pokémon,Basic,F,50,Grass,,Common,9016d7642e90
swsh9-4,swsh9,BRS,4,Breloom,Pokémon,Stage 1,F,110,Grass,Shroomish,Rare,bbee5d852809
swsh9-5,swsh9,BRS,5,Tropius,Pokémon,Basic,F,110,Grass,,Uncommon,ba3fe099a93f
swsh9-6,swsh9,BRS,6,Turtwig,Pokémon,Basic,F,80,Grass,,Common,34b4ff57edca
swsh9-7,swsh9,BRS,7,Grotle,Pokémon,Stage 1,F,100,Grass,Turtwig,Uncommon,f8fa368db982
swsh9-8,swsh9,BRS,8,Torterra,Pokémon,Stage 2,F,190,Grass,Grotle,Rare Holo,df158220c18c
swsh9-9,swsh9,BRS,9,Burmy,Pokémon,Basic,F,60,Grass,,Common,48f081db3bea
swsh9-10,swsh9,BRS,10,Wormadam,Pokémon,Stage 1,F,110,Grass,Burmy,Rare,5a2d6897bef4
swsh9-11,swsh9,BRS,11,Mothim,Pokémon,Stage 1,F,110,Grass,Burmy,Rare,338b5f5bffbb
swsh9-12,swsh9,BRS,12,Cherubi,Pokémon,Basic,E,40,Grass,,Common,9c14c375499d
swsh9-13,swsh9,BRS,13,Shaymin V,Pokémon,Basic|V,F,190,Grass,,Rare Holo V,368ee28e5b2f
swsh9-14,swsh9,BRS,14,Shaymin VSTAR,Pokémon,VSTAR,F,250,Grass,Shaymin V,Rare Holo VSTAR,456255416a07
swsh9-15,swsh9,BRS,15,Karrablast,Pokémon,Basic,F,70,Grass,,Common,8c5ef640379e
swsh9-16,swsh9,BRS,16,Zarude V,Pokémon,Basic|V,F,220,Grass,,Rare Holo V,fff41d0cf1d4
swsh9-17,swsh9,BRS,17,Charizard V,Pokémon,Basic|V,F,220,Fire,,Rare Holo V,ad31fb2430b2
swsh9-18,swsh9,BRS,18,Charizard VSTAR,Pokémon,VSTAR,F,280,Fire,Charizard V,Rare Holo VSTAR,66073fc6fada
swsh9-19,swsh9,BRS,19,Magmar,Pokémon,Basic,F,90,Fire,,Common,f46da4ebb6b0
swsh9-20,swsh9,BRS,20,Magmortar,Pokémon,Stage 1,F,140,Fire,Magmar,Rare,7f02060b3042
swsh9-21,swsh9,BRS,21,Moltres,Pokémon,Basic,F,120,Fire,,Rare Holo,2f6a9f6bc08f
swsh9-22,swsh9,BRS,22,Entei V,Pokémon,Basic|V,F,230,Fire,,Rare Holo V,ba22938a1780
swsh9-23,swsh9,BRS,23,Torkoal,Pokémon,Basic,F,120,Fire,,Uncommon,390b9ff00559
swsh9-24,swsh9,BRS,24,Chimchar,Pokémon,Basic,F,50,Fire,,Common,457bf2b7e347
swsh9-25,swsh9,BRS,25,Monferno,Pokémon,Stage 1,F,80,Fire,Chimchar,Uncommon,78a1e5d40c2b
swsh9-26,swsh9,BRS,26,Infernape,Pokémon,Stage 2,F,150,Fire,Monferno,Rare Holo,62af36810e4a
swsh9-27,swsh9,BRS,27,Simisear V,Pokémon,Basic|V,F,210,Fire,,Rare Holo V,56caa9669d64
swsh9-28,swsh9,BRS,28,Kingler V,Pokémon,Basic|V,F,220,Water,,Rare Holo V,3c4254f3136d
swsh9-29,swsh9,BRS,29,Kingler VMAX,Pokémon,VMAX,F,330,Water,Kingler V,Rare Holo VMAX,9b720dab5bf4
swsh9-30,swsh9,BRS,30,Staryu,Pokémon,Basic,F,60,Water,,Common,3b97c9483d3d
swsh9-31,swsh9,BRS,31,Lapras,Pokémon,Basic,F,130,Water,,Rare,cdb11fb44568
swsh9-32,swsh9,BRS,32,Corphish,Pokémon,Basic,F,70,Water,,Common,13a250133de6
swsh9-33,swsh9,BRS,33,Crawdaunt,Pokémon,Stage 1,F,130,Water,Corphish,Uncommon,24d322246450
swsh9-34,swsh9,BRS,34,Snorunt,Pokémon,Basic,E,60,Water,,Common,6813fb0bc85e
swsh9-35,swsh9,BRS,35,Piplup,Pokémon,Basic,F,60,Water,,Common,8a649d6ccca0
swsh9-36,swsh9,BRS,36,Prinplup,Pokémon,Stage 1,F,90,Water,Piplup,Uncommon,7bb26dfb56dd
swsh9-37,swsh9,BRS,37,Empoleon,Pokémon,Stage 2,F,160,Water,Prinplup,Rare Holo,a3a942a01e0b
swsh9-38,swsh9,BRS,38,Buizel,Pokémon,Basic,F,60,Water,,Common,abd12274f192
swsh9-39,swsh9,BRS,39,Floatzel,Pokémon,Stage 1,F,110,Water,Buizel,Uncommon,28c1c6f3fa75
swsh9-40,swsh9,BRS,40,Lumineon V,Pokémon,Basic|V,F,170,Water,,Rare Holo V,fd094b9c6000
swsh9-41,swsh9,BRS,41,Manaphy,Pokémon,Basic,F,70,Water,,Rare,4b6719b05c05
swsh9-42,swsh9,BRS,42,Cubchoo,Pokémon,Basic,F,60,Water,,Common,58805010f9d6
swsh9-43,swsh9,BRS,43,Beartic,Pokémon,Stage 1,F,140,Water,Cubchoo,Uncommon,32e1e74ff9b1
swsh9-44,swsh9,BRS,44,Eiscue,Pokémon,Basic|Fusion Strike,E,110,Water,,Rare,c8e5d5bc1e59
swsh9-45,swsh9,BRS,45,Raichu V,Pokémon,Basic|V,F,200,Lightning,,Rare Holo V,88cee598cd22
swsh9-46,swsh9,BRS,46,Electabuzz,Pokémon,Basic,F,80,Lightning,,Common,ef64816f4a19
swsh9-47,swsh9,BRS,47,Electivire,Pokémon,Stage 1,F,140,Lightning,Electabuzz,Rare,75e8f0cd6036
swsh9-48,swsh9,BRS,48,Raikou V,Pokémon,Basic|V,F,200,Lightning,,Rare Holo V,f1fd895cd7c7
swsh9-49,swsh9,BRS,49,Shinx,Pokémon,Basic,F,40,Lightning,,Common,dc540ce5d57d
swsh9-50,swsh9,BRS,50,Luxio,Pokémon,Stage 1,F,90,Lightning,Shinx,Uncommon,e7bbed63104e
swsh9-51,swsh9,BRS,51,Luxray,Pokémon,Stage 2,F,150,Lightning,Luxio,Rare,1a947e734940
swsh9-52,swsh9,BRS,52,Pachirisu,Pokémon,Basic,F,70,Lightning,,Uncommon,868ad155a043
swsh9-53,swsh9,BRS,53,Clefairy,Pokémon,Basic,F,60,Psychic,,Common,8188426fb1e8
swsh9-54,swsh9,BRS,54,Clefable,Pokémon,Stage 1,F,100,Psychic,Clefairy,Rare,7c475b353aa5
swsh9-55,swsh9,BRS,55,Starmie,Pokémon,Stage 1,F,90,Psychic,Staryu,Uncommon,16b9ff2ba0c1
swsh9-56,swsh9,BRS,56,Mewtwo,Pokémon,Basic,F,130,Psychic,,Rare,e179d91a7e0e
swsh9-57,swsh9,BRS,57,Granbull V,Pokémon,Basic|V,F,210,Psychic,,Rare Holo V,d4fbc8366df5
swsh9-58,swsh9,BRS,58,Baltoy,Pokémon,Basic,F,50,Psychic,,Common,220a0ccb5c7f
swsh9-59,swsh9,BRS,59,Claydol,Pokémon,Stage 1,F,110,Psychic,Baltoy,Uncommon,0cb99dac15f5
swsh9-60,swsh9,BRS,60,Duskull,Pokémon,Basic,F,60,Psychic,,Common,0145405ecda5
swsh9-61,swsh9,BRS,61,Dusclops,Pokémon,Stage 1,F,90,Psychic,Duskull,Uncommon,8993c3e5691e
swsh9-62,swsh9,BRS,62,Dusknoir,Pokémon,Stage 2,F,160,Psychic,Dusclops,Rare Holo,f3372c532b31
swsh9-63,swsh9,BRS,63,Chimecho,Pokémon,Basic,F,70,Psychic,,Common,059509c42907
swsh9-64,swsh9,BRS,64,Whimsicott V,Pokémon,Basic|V,F,190,Psychic,,Rare Holo V,eea47f6a9381
swsh9-65,swsh9,BRS,65,Whimsicott VSTAR,Pokémon,VSTAR,F,250,Psychic,Whimsicott V,Rare Holo VSTAR,76943bd94078
swsh9-66,swsh9,BRS,66,Sigilyph,Pokémon,Basic,F,110,Psychic,,Uncommon,e4515c7e96e0
swsh9-67,swsh9,BRS,67,Dedenne,Pokémon,Basic,E,70,Psychic,,Common,bd8ee874a5ed
swsh9-68,swsh9,BRS,68,Mimikyu V,Pokémon,Basic|V,E,160,Psychic,,Rare Holo V,9bf998990e68
swsh9-69,swsh9,BRS,69,Mimikyu VMAX,Pokémon,VMAX,E,300,Psychic,Mimikyu V,Rare Holo VMAX,eb9c3181ab22
swsh9-70,swsh9,BRS,70,Milcery,Pokémon,Basic,E,50,Psychic,,Common,801c5a5ddc82
swsh9-71,swsh9,BRS,71,Alcremie,Pokémon,Stage 1,E,90,Psychic,Milcery,Rare,ce75723a7c74
swsh9-72,swsh9,BRS,72,Hitmontop,Pokémon,Basic,F,100,Fighting,,Uncommon,0ad312bf6914
swsh9-73,swsh9,BRS,73,Nosepass,Pokémon,Basic,F,90,Fighting,,Common,f7f2791b2da8
swsh9-74,swsh9,BRS,74,Trapinch,Pokémon,Basic,F,60,Fighting,,Common,166d003409e2
swsh9-75,swsh9,BRS,75,Vibrava,Pokémon,Stage 1,F,90,Fighting,Trapinch,Uncommon,15b718104c43
swsh9-76,swsh9,BRS,76,Flygon,Pokémon,Stage 2,F,150,Fighting,Vibrava,Rare,a6a825e5c802
swsh9-77,swsh9,BRS,77,Wormadam,Pokémon,Stage 1,F,110,Fighting,Burmy,Rare,56aa71236771
swsh9-78,swsh9,BRS,78,Riolu,Pokémon,Basic,F,60,Fighting,,Common,6ffbaff0a9b2
swsh9-79,swsh9,BRS,79,Lucario,Pokémon,Stage 1,F,120,Fighting,Riolu,Rare Holo,bee56f35d97e
swsh9-80,swsh9,BRS,80,Throh,Pokémon,Basic,F,120,Fighting,,Common,3258176f1cbb
swsh9-81,swsh9,BRS,81,Sawk,Pokémon,Basic,F,90,Fighting,,Common,589f58a86b96
swsh9-82,swsh9,BRS,82,Golett,Pokémon,Basic,F,100,Fighting,,Common,9b03a6856347
swsh9-83,swsh9,BRS,83,Golurk,Pokémon,Stage 1,F,150,Fighting,Golett,Rare,dab02813c176
swsh9-84,swsh9,BRS,84,Grimer,Pokémon,Basic,F,80,Darkness,,Common,88dc27e03956
swsh9-85,swsh9,BRS,85,Muk,Pokémon,Stage 1,F,130,Darkness,Grimer,Rare,61e69d656f38
swsh9-86,swsh9,BRS,86,Sneasel,Pokémon,Basic,F,70,Darkness,,Common,4cb0a887f172
swsh9-87,swsh9,BRS,87,Weavile,Pokémon,Stage 1,F,90,Darkness,Sneasel,Uncommon,122ea4bbf956
swsh9-88,swsh9,BRS,88,Honchkrow V,Pokémon,Basic|V,F,200,Darkness,,Rare Holo V,40270e8fa352
swsh9-89,swsh9,BRS,89,Spiritomb,Pokémon,Basic,F,70,Darkness,,Common,5c1f4bc94b98
swsh9-90,swsh9,BRS,90,Purrloin,Pokémon,Basic,F,60,Darkness,,Common,c496766da078
swsh9-91,swsh9,BRS,91,Liepard,Pokémon,Stage 1,F,100,Darkness,Purrloin,Rare,ac3dcfa2a763
swsh9-92,swsh9,BRS,92,Impidimp,Pokémon,Basic,F,60,Darkness,,Common,40b2aca322ef
swsh9-93,swsh9,BRS,93,Morgrem,Pokémon,Stage 1,F,90,Darkness,Impidimp,Uncommon,bcec62e8fb70
swsh9-94,swsh9,BRS,94,Grimmsnarl,Pokémon,Stage 2,F,160,Darkness,Morgrem,Rare,f7c830c78ad7
swsh9-95,swsh9,BRS,95,Morpeko V,Pokémon,Basic|V,F,190,Darkness,,Rare Holo V,b6af5aca5217
swsh9-96,swsh9,BRS,96,Aggron V,Pokémon,Basic|V,F,230,Metal,,Rare Holo V,3ec12d6c63fb
swsh9-97,swsh9,BRS,97,Aggron VMAX,Pokémon,VMAX,F,330,Metal,Aggron V,Rare Holo VMAX,8c2a6148e3c3
swsh9-98,swsh9,BRS,98,Wormadam,Pokémon,Stage 1,F,110,Metal,Burmy,Rare,e1d497dd3523
swsh9-99,swsh9,BRS,99,Probopass,Pokémon,Stage 1,F,140,Metal,Nosepass,Uncommon,b8884135f98f
swsh9-100,swsh9,BRS,100,Heatran,Pokémon,Basic,F,140,Metal,,Rare,c6d3eb5bcbfa
swsh9-101,swsh9,BRS,101,Escavalier,Pokémon,Stage 1,F,120,Metal,Karrablast,Rare,b02246a16824
swsh9-102,swsh9,BRS,102,Klink,Pokémon,Basic,F,50,Metal,,Common,2c19fa20691d
swsh9-103,swsh9,BRS,103,Klang,Pokémon,Stage 1,F,90,Metal,Klink,Uncommon,40c48dd799a9
swsh9-104,swsh9,BRS,104,Klinklang,Pokémon,Stage 2,F,150,Metal,Klang,Rare,af59dd1fbe49
swsh9-105,swsh9,BRS,105,Zamazenta V,Pokémon,Basic|V,F,220,Metal,,Rare Holo V,9b5cfb90191a
swsh9-106,swsh9,BRS,106,Flygon V,Pokémon,Basic|V,F,220,Dragon,,Rare Holo V,f35ac7e57987
swsh9-107,swsh9,BRS,107,Gible,Pokémon,Basic,F,70,Dragon,,Common,456114a05947
swsh9-108,swsh9,BRS,108,Gabite,Pokémon,Stage 1,F,90,Dragon,Gible,Uncommon,4f7f3731d14d
swsh9-109,swsh9,BRS,109,Garchomp,Pokémon,Stage 2,F,160,Dragon,Gabite,Rare Holo,ff8f5ed92899
swsh9-110,swsh9,BRS,110,Axew,Pokémon,Basic,F,60,Dragon,,Common,7b5d4e3e50e9
swsh9-111,swsh9,BRS,111,Fraxure,Pokémon,Stage 1,F,100,Dragon,Axew,Uncommon,03d6613da677
swsh9-112,swsh9,BRS,112,Haxorus,Pokémon,Stage 2,F,170,Dragon,Fraxure,Rare,cef9762be014
swsh9-113,swsh9,BRS,113,Druddigon,Pokémon,Basic,E,120,Dragon,,Rare,331adc779efd
swsh9-114,swsh9,BRS,114,Dracovish V,Pokémon,Basic|V,E,220,Dragon,,Rare Holo V,8817c6ecbe65
swsh9-115,swsh9,BRS,115,Farfetch'd,Pokémon,Basic,F,80,Colorless,,Common,f1ea0e0198ce
swsh9-116,swsh9,BRS,116,Castform,Pokémon,Basic,F,70,Colorless,,Common,12fedb0a7661
swsh9-117,swsh9,BRS,117,Starly,Pokémon,Basic,F,60,Colorless,,Common,1296bb26816a
swsh9-118,swsh9,BRS,118,Staravia,Pokémon,Stage 1,F,90,Colorless,Starly,Uncommon,bef8c80511bc
swsh9-119,swsh9,BRS,119,Staraptor,Pokémon,Stage 2,F,150,Colorless,Staravia,Rare,87f85d414cec
swsh9-120,swsh9,BRS,120,Bidoof,Pokémon,Basic,F,70,Colorless,,Common,706ff8ef4174
swsh9-121,swsh9,BRS,121,Bibarel,Pokémon,Stage 1,F,120,Colorless,Bidoof,Rare Holo,5869c85b3764
swsh9-122,swsh9,BRS,122,Arceus V,Pokémon,Basic|V,F,220,Colorless,,Rare Holo V,2863cca80f0e
swsh9-123,swsh9,BRS,123,Arceus VSTAR,Pokémon,VSTAR,F,280,Colorless,Arceus V,Rare Holo VSTAR,2520785bac26
swsh9-124,swsh9,BRS,124,Minccino,Pokémon,Basic,F,60,Colorless,,Common,95e2e058e88e
swsh9-125,swsh9,BRS,125,Cinccino,Pokémon,Stage 1,F,90,Colorless,Minccino,Uncommon,3c0331678fc3
swsh9-126,swsh9,BRS,126,Tornadus,Pokémon,Basic,F,120,Colorless,,Rare,71097bddb17f
swsh9-127,swsh9,BRS,127,Hawlucha,Pokémon,Basic,F,70,Colorless,,Common,873e0265b2f4
swsh9-128,swsh9,BRS,128,Drampa V,Pokémon,Basic|V,F,210,Colorless,,Rare Holo V,f0ed37bdcf0e
swsh9-129,swsh9,BRS,129,Acerola's Premonition,Trainer,Supporter,E,,,,Uncommon,9db860086b0a
swsh9-130,swsh9,BRS,130,Barry,Trainer,Supporter,F,,,,Uncommon,2a069dcf1c48
swsh9-131,swsh9,BRS,131,Blunder Policy,Trainer,Item|Pokémon Tool,E,,,,Uncommon,8e639b0fa426
swsh9-132,swsh9,BRS,132,Boss's Orders,Trainer,Supporter,F,,,,Rare Holo,5fd64782cdc8
swsh9-133,swsh9,BRS,133,Café Master,Trainer,Supporter,E,,,,Uncommon,f0d426f6e545
swsh9-134,swsh9,BRS,134,Cheren's Care,Trainer,Supporter,F,,,,Uncommon,af52658800b2
swsh9-135,swsh9,BRS,135,Choice Belt,Trainer,Item|Pokémon Tool,F,,,,Uncommon,99135df1ffae
swsh9-136,swsh9,BRS,136,Cleansing Gloves,Trainer,Item|Pokémon Tool,E,,,,Uncommon,84181a8b0ea2
swsh9-137,swsh9,BRS,137,Collapsed Stadium,Trainer,Stadium,F,,,,Uncommon,ddb2bbc7d709
swsh9-138,swsh9,BRS,138,Cynthia's Ambition,Trainer,Supporter,F,,,,Uncommon,1577e7684853
swsh9-139,swsh9,BRS,139,Fresh Water Set,Trainer,Item,F,,,,Uncommon,a92253ca7477
swsh9-140,swsh9,BRS,140,Friends in Galar,Trainer,Supporter,E,,,,Uncommon,f69f39418999
swsh9-141,swsh9,BRS,141,Gloria,Trainer,Supporter,E,,,,Uncommon,41665f1a0b54
swsh9-142,swsh9,BRS,142,Hunting Gloves,Trainer,Item|Pokémon Tool,E,,,,Uncommon,f50181685339
swsh9-143,swsh9,BRS,143,Kindler,Trainer,Supporter,F,,,,Uncommon,de0cfd2bf05b
swsh9-144,swsh9,BRS,144,Magma Basin,Trainer,Stadium,F,,,,Uncommon,b9de7fd8201f
swsh9-145,swsh9,BRS,145,Marnie's Pride,Trainer,Supporter,F,,,,Uncommon,1e491cc49bef
swsh9-146,swsh9,BRS,146,Pot Helmet,Trainer,Item|Pokémon Tool,F,,,,Uncommon,c4e9cfd7e639
swsh9-147,swsh9,BRS,147,Professor's Research,Trainer,Supporter,D,,,,Rare Holo,db87e6b780a9
swsh9-148,swsh9,BRS,148,Roseanne's Backup,Trainer,Supporter,F,,,,Uncommon,b5b41c65dbc2
swsh9-149,swsh9,BRS,149,Team Yell's Cheer,Trainer,Supporter,F,,,,Uncommon,9585a7e53e14
swsh9-150,swsh9,BRS,150,Ultra Ball,Trainer,Item,F,,,,Uncommon,56da2bd5e1cc
swsh9-151,swsh9,BRS,151,Double Turbo Energy,Energy,Special,F,,,,Uncommon,84009195380a
swsh9-152,swsh9,BRS,152,Shaymin V,Pokémon,Basic|V,F,190,Grass,,Rare Ultra,368ee28e5b2f
swsh9-153,swsh9,BRS,153,Charizard V,Pokémon,Basic|V,F,220,Fire,,Rare Ultra,ad31fb2430b2
swsh9-154,swsh9,BRS,154,Charizard V,Pokémon,Basic|V,F,220,Fire,,Rare Ultra,ad31fb2430b2
swsh9-155,swsh9,BRS,155,Lumineon V,Pokémon,Basic|V,F,170,Water,,Rare Ultra,fd094b9c6000
swsh9-156,swsh9,BRS,156,Lumineon V,Pokémon,Basic|V,F,170,Water,,Rare Ultra,fd094b9c6000
swsh9-157,swsh9,BRS,157,Pikachu V,Pokémon,Basic|V,F,190,Lightning,,Rare Ultra,b2e32849dd6a
swsh9-158,swsh9,BRS,158,Raichu V,Pokémon,Basic|V,F,200,Lightning,,Rare Ultra,88cee598cd22
swsh9-159,swsh9,BRS,159,Granbull V,Pokémon,Basic|V,F,210,Psychic,,Rare Ultra,d4fbc8366df5
swsh9-160,swsh9,BRS,160,Whimsicott V,Pokémon,Basic|V,F,190,Psychic,,Rare Ultra,eea47f6a9381
swsh9-161,swsh9,BRS,161,Honchkrow V,Pokémon,Basic|V,F,200,Darkness,,Rare Ultra,40270e8fa352
swsh9-162,swsh9,BRS,162,Honchkrow V,Pokémon,Basic|V,F,200,Darkness,,Rare Ultra,40270e8fa352
swsh9-163,swsh9,BRS,163,Zamazenta V,Pokémon,Basic|V,F,220,Metal,,Rare Ultra,9b5cfb90191a
swsh9-164,swsh9,BRS,164,Flygon V,Pokémon,Basic|V,F,220,Dragon,,Rare Ultra,f35ac7e57987
swsh9-165,swsh9,BRS,165,Arceus V,Pokémon,Basic|V,F,220,Colorless,,Rare Ultra,2863cca80f0e
swsh9-166,swsh9,BRS,166,Arceus V,Pokémon,Basic|V,F,220,Colorless,,Rare Ultra,2863cca80f0e
swsh9-167,swsh9,BRS,167,Barry,Trainer,Supporter,F,,,,Rare Ultra,2a069dcf1c48
swsh9-168,swsh9,BRS,168,Cheren's Care,Trainer,Supporter,F,,,,Rare Ultra,af52658800b2
swsh9-169,swsh9,BRS,169,Cynthia's Ambition,Trainer,Supporter,F,,,,Rare Ultra,1577e7684853
swsh9-170,swsh9,BRS,170,Kindler,Trainer,Supporter,F,,,,Rare Ultra,de0cfd2bf05b
swsh9-171,swsh9,BRS,171,Marnie's Pride,Trainer,Supporter,F,,,,Rare Ultra,1e491cc49bef
swsh9-172,swsh9,BRS,172,Roseanne's Backup,Trainer,Supporter,F,,,,Rare Ultra,b5b41c65dbc2
swsh9-173,swsh9,BRS,173,Shaymin VSTAR,Pokémon,VSTAR,F,250,Grass,Shaymin V,Rare Rainbow,456255416a07
swsh9-174,swsh9,BRS,174,Charizard VSTAR,Pokémon,VSTAR,F,280,Fire,Charizard V,Rare Rainbow,66073fc6fada
swsh9-175,swsh9,BRS,175,Whimsicott VSTAR,Pokémon,VSTAR,F,250,Psychic,Whimsicott V,Rare Rainbow,76943bd94078
swsh9-176,swsh9,BRS,176,Arceus VSTAR,Pokémon,VSTAR,F,280,Colorless,Arceus V,Rare Rainbow,2520785bac26
swsh9-177,swsh9,BRS,177,Cheren's Care,Trainer,Supporter,F,,,,Rare Rainbow,af52658800b2
swsh9-178,swsh9,BRS,178,Cynthia's Ambition,Trainer,Supporter,F,,,,Rare Rainbow,1577e7684853
swsh9-179,swsh9,BRS,179,Kindler,Trainer,Supporter,F,,,,Rare Rainbow,de0cfd2bf05b
swsh9-180,swsh9,BRS,180,Roseanne's Backup,Trainer,Supporter,F,,,,Rare Rainbow,b5b41c65dbc2
swsh9-181,swsh9,BRS,181,Galarian Articuno V,Pokémon,Basic|V,E,210,Psychic,,Rare Secret,62b23eeae747
swsh9-182,swsh9,BRS,182,Galarian Zapdos V,Pokémon,Basic|V,E,200,Fighting,,Rare Secret,8183a34eb5e3
swsh9-183,swsh9,BRS,183,Galarian Moltres V,Pokémon,Basic|V,E,220,Darkness,,Rare Secret,8e1afdc9d762
swsh9-184,swsh9,BRS,184,Arceus VSTAR,Pokémon,VSTAR,F,280,Colorless,Arceus V,Rare Secret,2520785bac26
swsh9-185,swsh9,BRS,185,Magma Basin,Trainer,Stadium,F,,,,Rare Secret,b9de7fd8201f
swsh9-186,swsh9,BRS,186,Ultra Ball,Trainer,Item,F,,,,Rare Secret,56da2bd5e1cc
swsh9tg-TG01,swsh9tg,BRS,TG01,Flareon,Pokémon,Stage 1,D,110,Fire,Eevee,Trainer Gallery Rare Holo,ba56a4cb25e0
swsh9tg-TG02,swsh9tg,BRS,TG02,Vaporeon,Pokémon,Stage 1,D,110,Water,Eevee,Trainer Gallery Rare Holo,463c21aac929
swsh9tg-TG03,swsh9tg,BRS,TG03,Octillery,Pokémon,Stage 1|Rapid Strike,E,110,Water,Remoraid,Trainer Gallery Rare Holo,c52f07473fac
swsh9tg-TG04,swsh9tg,BRS,TG04,Jolteon,Pokémon,Stage 1,D,100,Lightning,Eevee,Trainer Gallery Rare Holo,4c252ced2f49
swsh9tg-TG05,swsh9tg,BRS,TG05,Zekrom,Pokémon,Basic,D,130,Lightning,,Trainer Gallery Rare Holo,e23f01d842e9
swsh9tg-TG06,swsh9tg,BRS,TG06,Dusknoir,Pokémon,Stage 2,D,150,Psychic,Dusclops,Trainer Gallery Rare Holo,60e6988d3509
swsh9tg-TG07,swsh9tg,BRS,TG07,Dedenne,Pokémon,Basic,E,70,Psychic,,Trainer Gallery Rare Holo,bd8ee874a5ed
swsh9tg-TG08,swsh9tg,BRS,TG08,Alcremie,Pokémon,Stage 1,E,90,Psychic,Milcery,Trainer Gallery Rare Holo,ce75723a7c74
swsh9tg-TG09,swsh9tg,BRS,TG09,Ariados,Pokémon,Stage 1,D,110,Darkness,Spinarak,Trainer Gallery Rare Holo,932586aa08d1
swsh9tg-TG10,swsh9tg,BRS,TG10,Houndoom,Pokémon,Stage 1|Single Strike,E,130,Darkness,Houndour,Trainer Gallery Rare Holo,75679b8747e3
swsh9tg-TG11,swsh9tg,BRS,TG11,Eevee,Pokémon,Basic,E,70,Colorless,,Trainer Gallery Rare Holo,404f31751d97
swsh9tg-TG12,swsh9tg,BRS,TG12,Oranguru,Pokémon,Basic,D,120,Colorless,,Trainer Gallery Rare Holo,8cfde548bea3
swsh9tg-TG13,swsh9tg,BRS,TG13,Boltund V,Pokémon,Basic|V,D,200,Lightning,,Rare Holo V,b5e43851c9de
swsh9tg-TG14,swsh9tg,BRS,TG14,Sylveon V,Pokémon,Basic|V|Rapid Strike,E,200,Psychic,,Rare Holo V,eeec0437120f
swsh9tg-TG15,swsh9tg,BRS,TG15,Sylveon VMAX,Pokémon,VMAX|Rapid Strike,E,310,Psychic,Sylveon V,Rare Holo VMAX,3dc037aac2e4
swsh9tg-TG16,swsh9tg,BRS,TG16,Mimikyu V,Pokémon,Basic|V,E,160,Psychic,,Rare Holo V,9bf998990e68
swsh9tg-TG17,swsh9tg,BRS,TG17,Mimikyu VMAX,Pokémon,VMAX,E,300,Psychic,Mimikyu V,Rare Holo VMAX,eb9c3181ab22
swsh9tg-TG18,swsh9tg,BRS,TG18,Single Strike Urshifu V,Pokémon,Basic|V|Single Strike,E,220,Fighting,,Rare Holo V,afe58a6d6150
swsh9tg-TG19,swsh9tg,BRS,TG19,Single Strike Urshifu VMAX,Pokémon,VMAX|Single Strike,E,330,Fighting,Single Strike Urshifu V,Rare Holo VMAX,cf890946f6ff
swsh9tg-TG20,swsh9tg,BRS,TG20,Rapid Strike Urshifu V,Pokémon,Basic|V|Rapid Strike,E,220,Fighting,,Rare Holo V,2e3a5d62939c
swsh9tg-TG21,swsh9tg,BRS,TG21,Rapid Strike Urshifu VMAX,Pokémon,VMAX|Rapid Strike,E,330,Fighting,Rapid Strike Urshifu V,Rare Holo VMAX,acf1e53cec0f
swsh9tg-TG22,swsh9tg,BRS,TG22,Umbreon V,Pokémon,Basic|V|Single Strike,E,200,Darkness,,Rare Holo V,a5d5f13bf32b
swsh9tg-TG23,swsh9tg,BRS,TG23,Umbreon VMAX,Pokémon,VMAX|Single Strike,E,310,Darkness,Umbreon V,Rare Holo VMAX,eaed4372a784
swsh9tg-TG24,swsh9tg,BRS,TG24,Acerola's Premonition,Trainer,Supporter,E,,,,Rare Ultra,9db860086b0a
swsh9tg-TG25,swsh9tg,BRS,TG25,Café Master,Trainer,Supporter,E,,,,Rare Ultra,f0d426f6e545
swsh9tg-TG26,swsh9tg,BRS,TG26,Gloria,Trainer,Supporter,E,,,,Rare Ultra,41665f1a0b54
swsh9tg-TG27,swsh9tg,BRS,TG27,Rapid Strike Style Mustard,Trainer,Rapid Strike|Supporter,E,,,,Rare Ultra,e2385bb5c10e
swsh9tg-TG28,swsh9tg,BRS,TG28,Single Strike Style Mustard,Trainer,Single Strike|Supporter,E,,,,Rare Ultra,cbc50e9fc063
swsh9tg-TG29,swsh9tg,BRS,TG29,Single Strike Urshifu VMAX,Pokémon,VMAX|Single Strike,E,330,Fighting,Single Strike Urshifu V,Rare Secret,cf890946f6ff
swsh9tg-TG30,swsh9tg,BRS,TG30,Rapid Strike Urshifu VMAX,Pokémon,VMAX|Rapid Strike,E,330,Fighting,Rapid Strike Urshifu V,Rare Secret,acf1e53cec0f
swsh10-1,swsh10,ASR,1,Beedrill V,Pokémon,Basic|V,F,210,Grass,,Rare Holo V,777c5d3940b9
swsh10-2,swsh10,ASR,2,Hisuian Voltorb,Pokémon,Basic,F,50,Grass,,Common,c397de422920
swsh10-3,swsh10,ASR,3,Hisuian Electrode,Pokémon,Stage 1,F,90,Grass,Hisuian Voltorb,Uncommon,af72e10f8576
swsh10-4,swsh10,ASR,4,Scyther,Pokémon,Basic,F,90,Grass,,Common,e0a75cecd9c5
swsh10-5,swsh10,ASR,5,Scyther,Pokémon,Basic,F,80,Grass,,Common,dea4e26b7dde
swsh10-6,swsh10,ASR,6,Yanma,Pokémon,Basic,F,60,Grass,,Common,d5cd28162fe4
swsh10-7,swsh10,ASR,7,Yanmega,Pokémon,Stage 1,F,120,Grass,Yanma,Uncommon,f097190a7d8c
swsh10-8,swsh10,ASR,8,Heracross,Pokémon,Basic,F,110,Grass,,Common,51b3f81c7e17
swsh10-9,swsh10,ASR,9,Kricketot,Pokémon,Basic,F,60,Grass,,Common,25155018aa2f
swsh10-10,swsh10,ASR,10,Kricketune,Pokémon,Stage 1,F,90,Grass,Kricketot,Uncommon,c891557795fe
swsh10-11,swsh10,ASR,11,Combee,Pokémon,Basic,F,50,Grass,,Common,ae21c910cbc4
swsh10-12,swsh10,ASR,12,Vespiquen,Pokémon,Stage 1,F,120,Grass,Combee,Rare,347a82e46442
swsh10-13,swsh10,ASR,13,Leafeon,Pokémon,Stage 1,F,110,Grass,Eevee,Rare,dd30397968a1
swsh10-14,swsh10,ASR,14,Shaymin,Pokémon,Basic,F,70,Grass,,Rare,bb627e884dd4
swsh10-15,swsh10,ASR,15,Petilil,Pokémon,Basic,F,50,Grass,,Common,98393a07a8b0
swsh10-16,swsh10,ASR,16,Hisuian Lilligant,Pokémon,Stage 1,F,110,Grass,Petilil,Rare Holo,e944091a8d25
swsh10-17,swsh10,ASR,17,Hisuian Lilligant V,Pokémon,Basic|V,F,200,Grass,,Rare Holo V,9d89c2a4dbe2
swsh10-18,swsh10,ASR,18,Hisuian Lilligant VSTAR,Pokémon,VSTAR,F,260,Grass,Hisuian Lilligant V,Rare Holo VSTAR,445ca613f2a5
swsh10-19,swsh10,ASR,19,Rowlet,Pokémon,Basic,F,60,Grass,,Common,70cc9bf7ebd8
swsh10-20,swsh10,ASR,20,Dartrix,Pokémon,Stage 1,F,90,Grass,Rowlet,Uncommon,3d1b1374ae30
swsh10-21,swsh10,ASR,21,Ponyta,Pokémon,Basic,F,60,Fire,,Common,af4ff661fad5
swsh10-22,swsh10,ASR,22,Rapidash,Pokémon,Stage 1,F,100,Fire,Ponyta,Rare,ef4905406cd1
swsh10-23,swsh10,ASR,23,Cyndaquil,Pokémon,Basic,F,60,Fire,,Common,0a2244f9e0b8
swsh10-24,swsh10,ASR,24,Quilava,Pokémon,Stage 1,F,90,Fire,Cyndaquil,Uncommon,7f9b6a5bc769
swsh10-25,swsh10,ASR,25,Heatran V,Pokémon,Basic|V,F,220,Fire,,Rare Holo V,084d0ce056fe
swsh10-26,swsh10,ASR,26,Heatran VMAX,Pokémon,VMAX,F,330,Fire,Heatran V,Rare Holo VMAX,1d363bddbb5d
swsh10-27,swsh10,ASR,27,Radiant Heatran,Pokémon,Basic|Radiant,F,160,Fire,,Radiant Rare,a92e03c7425c
swsh10-28,swsh10,ASR,28,Psyduck,Pokémon,Basic,F,60,Water,,Common,e906d1df5ccc
swsh10-29,swsh10,ASR,29,Golduck,Pokémon,Stage 1,F,100,Water,Psyduck,Uncommon,5596da72f201
swsh10-30,swsh10,ASR,30,Starmie V,Pokémon,Basic|V,F,190,Water,,Rare Holo V,59509ed2a36b
swsh10-31,swsh10,ASR,31,Swinub,Pokémon,Basic,F,60,Water,,Common,d4b50ea3c728
swsh10-32,swsh10,ASR,32,Piloswine,Pokémon,Stage 1,F,90,Water,Swinub,Uncommon,b9cec5622cc5
swsh10-33,swsh10,ASR,33,Mamoswine,Pokémon,Stage 2,F,180,Water,Piloswine,Rare,5b879cfe3697
swsh10-34,swsh10,ASR,34,Mantine,Pokémon,Basic,F,110,Water,,Common,6b44dc803a9d
swsh10-35,swsh10,ASR,35,Barboach,Pokémon,Basic,F,60,Water,,Common,58fcc6ce3e64
swsh10-36,swsh10,ASR,36,Whiscash,Pokémon,Stage 1,F,120,Water,Barboach,Uncommon,10e7e9f530a5
swsh10-37,swsh10,ASR,37,Regice,Pokémon,Basic,F,130,Water,,Rare,ace77c714acd
swsh10-38,swsh10,ASR,38,Glaceon,Pokémon,Stage 1,F,110,Water,Eevee,Rare,c00d5e8ea9d1
swsh10-39,swsh10,ASR,39,Origin Forme Palkia V,Pokémon,Basic|V,F,220,Water,,Rare Holo V,16ed0fd88e99
swsh10-40,swsh10,ASR,40,Origin Forme Palkia VSTAR,Pokémon,VSTAR,F,280,Water,Origin Forme Palkia V,Rare Holo VSTAR,16192ff78249
swsh10-41,swsh10,ASR,41,Oshawott,Pokémon,Basic,F,70,Water,,Common,6eaadd3c05c9
swsh10-42,swsh10,ASR,42,Dewott,Pokémon,Stage 1,F,90,Water,Oshawott,Uncommon,34df4bd6d3d4
swsh10-43,swsh10,ASR,43,Hisuian Basculin,Pokémon,Basic,F,50,Water,,Common,742bca829e77
swsh10-44,swsh10,ASR,44,Hisuian Basculegion,Pokémon,Stage 1,F,120,Water,Hisuian Basculin,Rare,af79961080f8
swsh10-45,swsh10,ASR,45,Keldeo,Pokémon,Basic,F,110,Water,,Rare Holo,6df071ca4dde
swsh10-46,swsh10,ASR,46,Radiant Greninja,Pokémon,Basic|Radiant,F,130,Water,,Radiant Rare,e35690771746
swsh10-47,swsh10,ASR,47,Bergmite,Pokémon,Basic,F,70,Water,,Common,19599f64b0de
swsh10-48,swsh10,ASR,48,Hisuian Avalugg,Pokémon,Stage 1,F,140,Water,Bergmite,Rare,acec20c36400
swsh10-49,swsh10,ASR,49,Galarian Mr. Rime V,Pokémon,Basic|V|Fusion Strike,E,210,Water,,Rare Holo V,b1f731164c65
swsh10-50,swsh10,ASR,50,Luxray V,Pokémon,Basic|V,F,210,Lightning,,Rare Holo V,61889e486192
swsh10-51,swsh10,ASR,51,Regieleki,Pokémon,Basic,F,130,Lightning,,Rare,0323d5390aa6
swsh10-52,swsh10,ASR,52,Hisuian Typhlosion,Pokémon,Stage 2,F,150,Psychic,Quilava,Rare Holo,b16348cab681
swsh10-53,swsh10,ASR,53,Hisuian Typhlosion V,Pokémon,Basic|V,F,210,Psychic,,Rare Holo V,6271a804a799
swsh10-54,swsh10,ASR,54,Hisuian Typhlosion VSTAR,Pokémon,VSTAR,F,260,Psychic,Hisuian Typhlosion V,Rare Holo VSTAR,7e399e573c77
swsh10-55,swsh10,ASR,55,Togepi,Pokémon,Basic,F,50,Psychic,,Common,e99251bca9ea
swsh10-56,swsh10,ASR,56,Togetic,Pokémon,Stage 1,F,80,Psychic,Togepi,Uncommon,1e24b9b719d8
swsh10-57,swsh10,ASR,57,Togekiss,Pokémon,Stage 2,F,130,Psychic,Togetic,Rare Holo,0b6f03bb1aea
swsh10-58,swsh10,ASR,58,Misdreavus,Pokémon,Basic,F,60,Psychic,,Common,3ef81e2a447f
swsh10-59,swsh10,ASR,59,Mismagius,Pokémon,Stage 1,F,90,Psychic,Misdreavus,Rare,a92635ca188b
swsh10-60,swsh10,ASR,60,Ralts,Pokémon,Basic,F,70,Psychic,,Common,330c69424aca
swsh10-61,swsh10,ASR,61,Kirlia,Pokémon,Stage 1,F,90,Psychic,Ralts,Uncommon,b31f28f75f01
swsh10-62,swsh10,ASR,62,Gallade,Pokémon,Stage 2,F,160,Psychic,Kirlia,Rare Holo,d75c19f376a5
swsh10-63,swsh10,ASR,63,Drifloon,Pokémon,Basic,F,60,Psychic,,Common,6f9ee0f06096
swsh10-64,swsh10,ASR,64,Drifblim,Pokémon,Stage 1,F,110,Psychic,Drifloon,Uncommon,25b9733e17fe
swsh10-65,swsh10,ASR,65,Uxie,Pokémon,Basic,F,70,Psychic,,Uncommon,108fd9d9344a
swsh10-66,swsh10,ASR,66,Mesprit,Pokémon,Basic,F,70,Psychic,,Rare Holo,7b39365cb8f1
swsh10-67,swsh10,ASR,67,Azelf,Pokémon,Basic,F,70,Psychic,,Uncommon,727c331f75a7
swsh10-68,swsh10,ASR,68,Diancie,Pokémon,Basic,F,90,Psychic,,Rare Holo,c9904827f54e
swsh10-69,swsh10,ASR,69,Wyrdeer,Pokémon,Stage 1,F,140,Psychic,Stantler,Rare Holo,fbe79d349276
swsh10-70,swsh10,ASR,70,Hisuian Growlithe,Pokémon,Basic,F,80,Fighting,,Common,f13200834ed3
swsh10-71,swsh10,ASR,71,Hisuian Arcanine,Pokémon,Stage 1,F,150,Fighting,Hisuian Growlithe,Rare,8ec1f2f01d8f
swsh10-72,swsh10,ASR,72,Machamp V,Pokémon,Basic|V,F,220,Fighting,,Rare Holo V,464ff61f6117
swsh10-73,swsh10,ASR,73,Machamp VMAX,Pokémon,VMAX,F,330,Fighting,Machamp V,Rare Holo VMAX,90b8ea208e1a
swsh10-74,swsh10,ASR,74,Sudowoodo,Pokémon,Basic,F,110,Fighting,,Common,5a2ee357c65d
swsh10-75,swsh10,ASR,75,Regirock,Pokémon,Basic,F,130,Fighting,,Rare,12fec031e14b
swsh10-76,swsh10,ASR,76,Cranidos,Pokémon,Stage 1,F,90,Fighting,Unidentified Fossil,Uncommon,7e90eea60fb1
swsh10-77,swsh10,ASR,77,Rampardos,Pokémon,Stage 2,F,170,Fighting,Cranidos,Rare Holo,b9ef8595f41b
swsh10-78,swsh10,ASR,78,Lucario V,Pokémon,Basic|V,F,210,Fighting,,Rare Holo V,f2c0886b3bee
swsh10-79,swsh10,ASR,79,Hippopotas,Pokémon,Basic,F,100,Fighting,,Common,c6b2df5fe1b2
swsh10-80,swsh10,ASR,80,Hippowdon,Pokémon,Stage 1,F,150,Fighting,Hippopotas,Uncommon,d3302227852b
swsh10-81,swsh10,ASR,81,Radiant Hawlucha,Pokémon,Basic|Radiant,F,90,Fighting,,Radiant Rare,cc4b603e1d62
swsh10-82,swsh10,ASR,82,Hisuian Decidueye,Pokémon,Stage 2,F,160,Fighting,Dartrix,Rare Holo,b8989c20368f
swsh10-83,swsh10,ASR,83,Hisuian Decidueye V,Pokémon,Basic|V,F,220,Fighting,,Rare Holo V,eabf017d1a21
swsh10-84,swsh10,ASR,84,Hisuian Decidueye VSTAR,Pokémon,VSTAR,F,270,Fighting,Hisuian Decidueye V,Rare Holo VSTAR,b1c8fabf4cde
swsh10-85,swsh10,ASR,85,Kleavor,Pokémon,Stage 1,F,140,Fighting,Scyther,Rare,b2b5dd6ec543
swsh10-86,swsh10,ASR,86,Kleavor,Pokémon,Stage 1,F,140,Fighting,Scyther,Rare Holo,a06285b0cedb
swsh10-87,swsh10,ASR,87,Kleavor V,Pokémon,Basic|V,F,210,Fighting,,Rare Holo V,e4fbfe7e3c69
swsh10-88,swsh10,ASR,88,Hisuian Qwilfish,Pokémon,Basic,F,80,Darkness,,Common,54360f3234ce
swsh10-89,swsh10,ASR,89,Hisuian Qwilfish,Pokémon,Basic,F,80,Darkness,,Common,05fd689b9651
swsh10-90,swsh10,ASR,90,Hisuian Overqwil,Pokémon,Stage 1,F,130,Darkness,Hisuian Qwilfish,Uncommon,61ede2c9eaa2
swsh10-91,swsh10,ASR,91,Hisuian Overqwil,Pokémon,Stage 1,F,130,Darkness,Hisuian Qwilfish,Rare,2ddbf5fe3880
swsh10-92,swsh10,ASR,92,Hisuian Sneasel,Pokémon,Basic,F,70,Darkness,,Common,12796bf45d8a
swsh10-93,swsh10,ASR,93,Hisuian Sneasler,Pokémon,Stage 1,F,120,Darkness,Hisuian Sneasel,Rare Holo,f4b32dfe3caa
swsh10-94,swsh10,ASR,94,Hisuian Sneasler V,Pokémon,Basic|V,F,190,Darkness,,Rare Holo V,ff9db007ee40
swsh10-95,swsh10,ASR,95,Poochyena,Pokémon,Basic,F,60,Darkness,,Common,fbf39bd4ce28
swsh10-96,swsh10,ASR,96,Mightyena,Pokémon,Stage 1,F,110,Darkness,Poochyena,Rare,12c1d5fd4f6e
swsh10-97,swsh10,ASR,97,Absol,Pokémon,Basic,F,100,Darkness,,Rare Holo,005437dd644b
swsh10-98,swsh10,ASR,98,Darkrai V,Pokémon,Basic|V,F,210,Darkness,,Rare Holo V,c482c6c08b8f
swsh10-99,swsh10,ASR,99,Darkrai VSTAR,Pokémon,VSTAR,F,270,Darkness,Darkrai V,Rare Holo VSTAR,b3fc261582c4
swsh10-100,swsh10,ASR,100,Hisuian Samurott,Pokémon,Stage 2,F,170,Darkness,Dewott,Rare Holo,3fd5d7c3ee5d
swsh10-101,swsh10,ASR,101,Hisuian Samurott V,Pokémon,Basic|V,F,220,Darkness,,Rare Holo V,7fcb96b82bb4
swsh10-102,swsh10,ASR,102,Hisuian Samurott VSTAR,Pokémon,VSTAR,F,270,Darkness,Hisuian Samurott V,Rare Holo VSTAR,15243d75b4bb
swsh10-103,swsh10,ASR,103,Nickit,Pokémon,Basic,F,60,Darkness,,Common,7af6a394a37d
swsh10-104,swsh10,ASR,104,Thievul,Pokémon,Stage 1,F,100,Darkness,Nickit,Rare,9543656c4b69
swsh10-105,swsh10,ASR,105,Magnemite,Pokémon,Basic,F,60,Metal,,Common,14daac007db5
swsh10-106,swsh10,ASR,106,Magneton,Pokémon,Stage 1,F,90,Metal,Magnemite,Uncommon,2e89bfce7ebf
swsh10-107,swsh10,ASR,107,Magnezone,Pokémon,Stage 2,F,150,Metal,Magneton,Rare Holo,d9b6dd54ebc5
swsh10-108,swsh10,ASR,108,Registeel,Pokémon,Basic,F,130,Metal,,Rare,f52d35b23d24
swsh10-109,swsh10,ASR,109,Shieldon,Pokémon,Stage 1,F,100,Metal,Unidentified Fossil,Uncommon,43c7d13e5dd8
swsh10-110,swsh10,ASR,110,Bastiodon,Pokémon,Stage 2,F,160,Metal,Shieldon,Rare Holo,f47e8e618ae8
swsh10-111,swsh10,ASR,111,Bronzor,Pokémon,Basic,F,60,Metal,,Common,70fe1faa43dc
swsh10-112,swsh10,ASR,112,Bronzong,Pokémon,Stage 1,F,130,Metal,Bronzor,Uncommon,eaeaf8681193
swsh10-113,swsh10,ASR,113,Origin Forme Dialga V,Pokémon,Basic|V,F,220,Metal,,Rare Holo V,57e41d9d8f89
swsh10-114,swsh10,ASR,114,Origin Forme Dialga VSTAR,Pokémon,VSTAR,F,280,Metal,Origin Forme Dialga V,Rare Holo VSTAR,bfd47f9d037d
swsh10-115,swsh10,ASR,115,Pawniard,Pokémon,Basic,F,60,Metal,,Common,97f04ae8222a
swsh10-116,swsh10,ASR,116,Bisharp,Pokémon,Stage 1,F,120,Metal,Pawniard,Uncommon,c9f9af2e7e03
swsh10-117,swsh10,ASR,117,Garchomp V,Pokémon,Basic|V,F,200,Dragon,,Rare Holo V,6394c3bc4991
swsh10-118,swsh10,ASR,118,Regidrago,Pokémon,Basic,F,130,Dragon,,Rare,a9c5ba064341
swsh10-119,swsh10,ASR,119,Eevee,Pokémon,Basic,F,50,Colorless,,Common,4cf40a2eb32b
swsh10-120,swsh10,ASR,120,Hoothoot,Pokémon,Basic,F,50,Colorless,,Common,2d0f9e12c085
swsh10-121,swsh10,ASR,121,Noctowl,Pokémon,Stage 1,F,100,Colorless,Hoothoot,Uncommon,b9f5ff100b39
swsh10-122,swsh10,ASR,122,Teddiursa,Pokémon,Basic,F,70,Colorless,,Common,dd611891dd80
swsh10-123,swsh10,ASR,123,Ursaring,Pokémon,Stage 1,F,130,Colorless,Teddiursa,Uncommon,235040189dc5
swsh10-124,swsh10,ASR,124,Ursaluna,Pokémon,Stage 2,F,180,Colorless,Ursaring,Rare,d4acd3e24b15
swsh10-125,swsh10,ASR,125,Stantler,Pokémon,Basic,F,100,Colorless,,Common,53a1751a734f
swsh10-126,swsh10,ASR,126,Miltank,Pokémon,Basic,F,110,Colorless,,Rare Holo,25f77b90d9a8
swsh10-127,swsh10,ASR,127,Glameow,Pokémon,Basic,F,60,Colorless,,Common,9f6332b60a71
swsh10-128,swsh10,ASR,128,Purugly,Pokémon,Stage 1,F,110,Colorless,Glameow,Uncommon,4ce137da3429
swsh10-129,swsh10,ASR,129,Chatot,Pokémon,Basic,F,70,Colorless,,Common,f120c74eb62c
swsh10-130,swsh10,ASR,130,Regigigas,Pokémon,Basic,F,150,Colorless,,Rare Holo,52ff4748826c
swsh10-131,swsh10,ASR,131,Rufflet,Pokémon,Basic,F,70,Colorless,,Common,5e7e6be530e4
swsh10-132,swsh10,ASR,132,Hisuian Braviary,Pokémon,Stage 1,F,130,Colorless,Rufflet,Rare,9f2a2f0a0852
swsh10-133,swsh10,ASR,133,Oranguru V,Pokémon,Basic|V,F,210,Colorless,,Rare Holo V,5b652098edee
swsh10-134,swsh10,ASR,134,Wyrdeer V,Pokémon,Basic|V,F,220,Colorless,,Rare Holo V,e97099a4173e
swsh10-135,swsh10,ASR,135,Adaman,Trainer,Supporter,F,,,,Rare Holo,91757803bed4
swsh10-136,swsh10,ASR,136,Canceling Cologne,Trainer,Item,F,,,,Uncommon,a63c516de573
swsh10-137,swsh10,ASR,137,Choy,Trainer,Supporter,F,,,,Uncommon,e759d78b6624
swsh10-138,swsh10,ASR,138,Cyllene,Trainer,Supporter,F,,,,Uncommon,5e58d3ebbe48
swsh10-139,swsh10,ASR,139,Dark Patch,Trainer,Item,F,,,,Uncommon,a5ba88bbaff8
swsh10-140,swsh10,ASR,140,Energy Loto,Trainer,Item,F,,,,Uncommon,283d8226744e
swsh10-141,swsh10,ASR,141,Feather Ball,Trainer,Item,F,,,,Uncommon,d085552d8121
swsh10-142,swsh10,ASR,142,Gapejaw Bog,Trainer,Stadium,F,,,,Uncommon,546a3dda9284
swsh10-143,swsh10,ASR,143,Gardenia's Vigor,Trainer,Supporter,F,,,,Uncommon,ebad334c0a50
swsh10-144,swsh10,ASR,144,Grant,Trainer,Supporter,F,,,,Uncommon,ef080bc5b812
swsh10-145,swsh10,ASR,145,Gutsy Pickaxe,Trainer,Item,F,,,,Uncommon,aebcab017537
swsh10-146,swsh10,ASR,146,Hisuian Heavy Ball,Trainer,Item,F,,,,Uncommon,57e0fb4f1e44
swsh10-147,swsh10,ASR,147,Irida,Trainer,Supporter,F,,,,Rare Holo,d88aa3d097a6
swsh10-148,swsh10,ASR,148,Jubilife Village,Trainer,Stadium,F,,,,Uncommon,1c52b473cbcf
swsh10-149,swsh10,ASR,149,Kamado,Trainer,Supporter,F,,,,Uncommon,f1cdc1e0844b
swsh10-150,swsh10,ASR,150,Roxanne,Trainer,Supporter,F,,,,Uncommon,2e6472d74354
swsh10-151,swsh10,ASR,151,Spicy Seasoned Curry,Trainer,Item,E,,,,Uncommon,b95dc5b6c8e5
swsh10-152,swsh10,ASR,152,Supereffective Glasses,Trainer,Item|Pokémon Tool,F,,,,Uncommon,f07e2bafe8d6
swsh10-153,swsh10,ASR,153,Sweet Honey,Trainer,Item,F,,,,Uncommon,3149164ff977
swsh10-154,swsh10,ASR,154,Switch Cart,Trainer,Item,F,,,,Uncommon,b9b2a6be7cef
swsh10-155,swsh10,ASR,155,Temple of Sinnoh,Trainer,Stadium,F,,,,Uncommon,ca2ef0f9800d
swsh10-156,swsh10,ASR,156,Trekking Shoes,Trainer,Item,F,,,,Uncommon,cb5964c99734
swsh10-157,swsh10,ASR,157,Unidentified Fossil,Trainer,Item,F,,,,Uncommon,c2b0869d1090
swsh10-158,swsh10,ASR,158,Wait and See Turbo,Trainer,Item,F,,,,Uncommon,0a98f73ba6e4
swsh10-159,swsh10,ASR,159,Zisu,Trainer,Supporter,F,,,,Uncommon,ba19136f7cdd
swsh10-160,swsh10,ASR,160,Beedrill V,Pokémon,Basic|V,F,210,Grass,,Rare Ultra,777c5d3940b9
swsh10-161,swsh10,ASR,161,Beedrill V,Pokémon,Basic|V,F,210,Grass,,Rare Ultra,777c5d3940b9
swsh10-162,swsh10,ASR,162,Hisuian Lilligant V,Pokémon,Basic|V,F,200,Grass,,Rare Ultra,9d89c2a4dbe2
swsh10-163,swsh10,ASR,163,Hisuian Lilligant V,Pokémon,Basic|V,F,200,Grass,,Rare Ultra,9d89c2a4dbe2
swsh10-164,swsh10,ASR,164,Virizion V,Pokémon,Basic|V,F,200,Grass,,Rare Ultra,7e0858e3f692
swsh10-165,swsh10,ASR,165,Heatran V,Pokémon,Basic|V,F,220,Fire,,Rare Ultra,084d0ce056fe
swsh10-166,swsh10,ASR,166,Starmie V,Pokémon,Basic|V,F,190,Water,,Rare Ultra,59509ed2a36b
swsh10-167,swsh10,ASR,167,Origin Forme Palkia V,Pokémon,Basic|V,F,220,Water,,Rare Ultra,16ed0fd88e99
swsh10-168,swsh10,ASR,168,Luxray V,Pokémon,Basic|V,F,210,Lightning,,Rare Ultra,61889e486192
swsh10-169,swsh10,ASR,169,Hisuian Typhlosion V,Pokémon,Basic|V,F,210,Psychic,,Rare Ultra,6271a804a799
swsh10-170,swsh10,ASR,170,Jirachi V,Pokémon,Basic|V,F,180,Psychic,,Rare Ultra,30b94c133167
swsh10-171,swsh10,ASR,171,Machamp V,Pokémon,Basic|V,F,220,Fighting,,Rare Ultra,464ff61f6117
swsh10-172,swsh10,ASR,172,Machamp V,Pokémon,Basic|V,F,220,Fighting,,Rare Ultra,464ff61f6117
swsh10-173,swsh10,ASR,173,Hisuian Decidueye V,Pokémon,Basic|V,F,220,Fighting,,Rare Ultra,eabf017d1a21
swsh10-174,swsh10,ASR,174,Hisuian Sneasler V,Pokémon,Basic|V,F,190,Darkness,,Rare Ultra,ff9db007ee40
swsh10-175,swsh10,ASR,175,Hisuian Sneasler V,Pokémon,Basic|V,F,190,Darkness,,Rare Ultra,ff9db007ee40
swsh10-176,swsh10,ASR,176,Hisuian Samurott V,Pokémon,Basic|V,F,220,Darkness,,Rare Ultra,7fcb96b82bb4
swsh10-177,swsh10,ASR,177,Origin Forme Dialga V,Pokémon,Basic|V,F,220,Metal,,Rare Ultra,57e41d9d8f89
swsh10-178,swsh10,ASR,178,Garchomp V,Pokémon,Basic|V,F,200,Dragon,,Rare Ultra,6394c3bc4991
swsh10-179,swsh10,ASR,179,Oranguru V,Pokémon,Basic|V,F,210,Colorless,,Rare Ultra,5b652098edee
swsh10-180,swsh10,ASR,180,Wyrdeer V,Pokémon,Basic|V,F,220,Colorless,,Rare Ultra,e97099a4173e
swsh10-181,swsh10,ASR,181,Adaman,Trainer,Supporter,F,,,,Rare Ultra,91757803bed4
swsh10-182,swsh10,ASR,182,Choy,Trainer,Supporter,F,,,,Rare Ultra,e759d78b6624
swsh10-183,swsh10,ASR,183,Cyllene,Trainer,Supporter,F,,,,Rare Ultra,5e58d3ebbe48
swsh10-184,swsh10,ASR,184,Gardenia's Vigor,Trainer,Supporter,F,,,,Rare Ultra,ebad334c0a50
swsh10-185,swsh10,ASR,185,Grant,Trainer,Supporter,F,,,,Rare Ultra,ef080bc5b812
swsh10-186,swsh10,ASR,186,Irida,Trainer,Supporter,F,,,,Rare Ultra,d88aa3d097a6
swsh10-187,swsh10,ASR,187,Kamado,Trainer,Supporter,F,,,,Rare Ultra,f1cdc1e0844b
swsh10-188,swsh10,ASR,188,Roxanne,Trainer,Supporter,F,,,,Rare Ultra,2e6472d74354
swsh10-189,swsh10,ASR,189,Zisu,Trainer,Supporter,F,,,,Rare Ultra,ba19136f7cdd
swsh10-190,swsh10,ASR,190,Hisuian Lilligant VSTAR,Pokémon,VSTAR,F,260,Grass,Hisuian Lilligant V,Rare Rainbow,445ca613f2a5
swsh10-191,swsh10,ASR,191,Heatran VMAX,Pokémon,VMAX,F,330,Fire,Heatran V,Rare Rainbow,1d363bddbb5d
swsh10-192,swsh10,ASR,192,Origin Forme Palkia VSTAR,Pokémon,VSTAR,F,280,Water,Origin Forme Palkia V,Rare Rainbow,16192ff78249
swsh10-193,swsh10,ASR,193,Hisuian Typhlosion VSTAR,Pokémon,VSTAR,F,260,Psychic,Hisuian Typhlosion V,Rare Rainbow,7e399e573c77
swsh10-194,swsh10,ASR,194,Machamp VMAX,Pokémon,VMAX,F,330,Fighting,Machamp V,Rare Rainbow,90b8ea208e1a
swsh10-195,swsh10,ASR,195,Hisuian Decidueye VSTAR,Pokémon,VSTAR,F,270,Fighting,Hisuian Decidueye V,Rare Rainbow,b1c8fabf4cde
swsh10-196,swsh10,ASR,196,Kleavor VSTAR,Pokémon,VSTAR,F,270,Fighting,Kleavor V,Rare Rainbow,fd2f60750650
swsh10-197,swsh10,ASR,197,Hisuian Samurott VSTAR,Pokémon,VSTAR,F,270,Darkness,Hisuian Samurott V,Rare Rainbow,15243d75b4bb
swsh10-198,swsh10,ASR,198,Origin Forme Dialga VSTAR,Pokémon,VSTAR,F,280,Metal,Origin Forme Dialga V,Rare Rainbow,bfd47f9d037d
swsh10-199,swsh10,ASR,199,Adaman,Trainer,Supporter,F,,,,Rare Rainbow,91757803bed4
swsh10-200,swsh10,ASR,200,Choy,Trainer,Supporter,F,,,,Rare Rainbow,e759d78b6624
swsh10-201,swsh10,ASR,201,Cyllene,Trainer,Supporter,F,,,,Rare Rainbow,5e58d3ebbe48
swsh10-202,swsh10,ASR,202,Gardenia's Vigor,Trainer,Supporter,F,,,,Rare Rainbow,ebad334c0a50
swsh10-203,swsh10,ASR,203,Grant,Trainer,Supporter,F,,,,Rare Rainbow,ef080bc5b812
swsh10-204,swsh10,ASR,204,Irida,Trainer,Supporter,F,,,,Rare Rainbow,d88aa3d097a6
swsh10-205,swsh10,ASR,205,Kamado,Trainer,Supporter,F,,,,Rare Rainbow,f1cdc1e0844b
swsh10-206,swsh10,ASR,206,Roxanne,Trainer,Supporter,F,,,,Rare Rainbow,2e6472d74354
swsh10-207,swsh10,ASR,207,Zisu,Trainer,Supporter,F,,,,Rare Rainbow,ba19136f7cdd
swsh10-208,swsh10,ASR,208,Origin Forme Palkia VSTAR,Pokémon,VSTAR,F,280,Water,Origin Forme Palkia V,Rare Secret,16192ff78249
swsh10-209,swsh10,ASR,209,Hisuian Samurott VSTAR,Pokémon,VSTAR,F,270,Darkness,Hisuian Samurott V,Rare Secret,15243d75b4bb
swsh10-210,swsh10,ASR,210,Origin Forme Dialga VSTAR,Pokémon,VSTAR,F,280,Metal,Origin Forme Dialga V,Rare Secret,bfd47f9d037d
swsh10-211,swsh10,ASR,211,Choice Belt,Trainer,Item|Pokémon Tool,F,,,,Rare Secret,99135df1ffae
swsh10-212,swsh10,ASR,212,Jubilife Village,Trainer,Stadium,F,,,,Rare Secret,1c52b473cbcf
swsh10-213,swsh10,ASR,213,Path to the Peak,Trainer,Stadium,E,,,,Rare Secret,af1ca5251320
swsh10-214,swsh10,ASR,214,Temple of Sinnoh,Trainer,Stadium,F,,,,Rare Secret,ca2ef0f9800d
swsh10-215,swsh10,ASR,215,Trekking Shoes,Trainer,Item,F,,,,Rare Secret,cb5964c99734
swsh10-216,swsh10,ASR,216,Double Turbo Energy,Energy,Special,F,,,,Rare Secret,84009195380a
swsh10tg-TG01,swsh10tg,ASR,TG01,Abomasnow,Pokémon,Stage 1|Single Strike,E,140,Grass,Snover,Trainer Gallery Rare Holo,9067ed6c79dc
swsh10tg-TG02,swsh10tg,ASR,TG02,Flapple,Pokémon,Stage 1,D,80,Grass,Applin,Trainer Gallery Rare Holo,8f2eba0560da
swsh10tg-TG03,swsh10tg,ASR,TG03,Kingdra,Pokémon,Stage 2,E,150,Water,Seadra,Trainer Gallery Rare Holo,7607580751cf
swsh10tg-TG04,swsh10tg,ASR,TG04,Frosmoth,Pokémon,Stage 1,D,90,Water,Snom,Trainer Gallery Rare Holo,385460ef12c5
swsh10tg-TG05,swsh10tg,ASR,TG05,Gardevoir,Pokémon,Stage 2,E,140,Psychic,Kirlia,Trainer Gallery Rare Holo,9d5b2f70d7ab
swsh10tg-TG06,swsh10tg,ASR,TG06,Wyrdeer,Pokémon,Stage 1,F,140,Psychic,Stantler,Trainer Gallery Rare Holo,fbe79d349276
swsh10tg-TG07,swsh10tg,ASR,TG07,Falinks,Pokémon,Basic|Rapid Strike,E,110,Fighting,,Trainer Gallery Rare Holo,8beb76b69ddb
swsh10tg-TG08,swsh10tg,ASR,TG08,Kleavor,Pokémon,Stage 1,F,140,Fighting,Scyther,Trainer Gallery Rare Holo,a06285b0cedb
swsh10tg-TG09,swsh10tg,ASR,TG09,Mightyena,Pokémon,Stage 1,F,110,Darkness,Poochyena,Trainer Gallery Rare Holo,12c1d5fd4f6e
swsh10tg-TG10,swsh10tg,ASR,TG10,Galarian Obstagoon,Pokémon,Stage 2,D,160,Darkness,Galarian Linoone,Trainer Gallery Rare Holo,540955ffb4db
swsh10tg-TG11,swsh10tg,ASR,TG11,Bronzong,Pokémon,Stage 1,E,110,Metal,Bronzor,Trainer Gallery Rare Holo,3682304e5d75
swsh10tg-TG12,swsh10tg,ASR,TG12,Hoothoot,Pokémon,Basic,F,50,Colorless,,Trainer Gallery Rare Holo,2d0f9e12c085
swsh10tg-TG13,swsh10tg,ASR,TG13,Starmie V,Pokémon,Basic|V,F,190,Water,,Rare Holo V,59509ed2a36b
swsh10tg-TG14,swsh10tg,ASR,TG14,Ice Rider Calyrex V,Pokémon,Basic|V,E,210,Water,,Rare Holo V,5002f4d2394b
swsh10tg-TG15,swsh10tg,ASR,TG15,Ice Rider Calyrex VMAX,Pokémon,VMAX,E,320,Water,Ice Rider Calyrex V,Rare Holo VMAX,973207201eba
swsh10tg-TG16,swsh10tg,ASR,TG16,Galarian Articuno V,Pokémon,Basic|V,E,210,Psychic,,Rare Holo V,62b23eeae747
swsh10tg-TG17,swsh10tg,ASR,TG17,Shadow Rider Calyrex V,Pokémon,Basic|V,E,210,Psychic,,Rare Holo V,db8c0dbec552
swsh10tg-TG18,swsh10tg,ASR,TG18,Shadow Rider Calyrex VMAX,Pokémon,VMAX,E,320,Psychic,Shadow Rider Calyrex V,Rare Holo VMAX,d7b4e4511a98
swsh10tg-TG19,swsh10tg,ASR,TG19,Galarian Zapdos V,Pokémon,Basic|V,E,200,Fighting,,Rare Holo V,8183a34eb5e3
swsh10tg-TG20,swsh10tg,ASR,TG20,Galarian Moltres V,Pokémon,Basic|V,E,220,Darkness,,Rare Holo V,8e1afdc9d762
swsh10tg-TG21,swsh10tg,ASR,TG21,Zacian V,Pokémon,Basic|V,D,220,Metal,,Rare Holo V,53bc36e6e9e6
swsh10tg-TG22,swsh10tg,ASR,TG22,Zamazenta V,Pokémon,Basic|V,D,230,Metal,,Rare Holo V,c634fe5f06c2
swsh10tg-TG23,swsh10tg,ASR,TG23,Garchomp V,Pokémon,Basic|V,F,200,Dragon,,Rare Holo V,6394c3bc4991
swsh10tg-TG24,swsh10tg,ASR,TG24,Allister,Trainer,Supporter,D,,,,Rare Ultra,479be6264684
swsh10tg-TG25,swsh10tg,ASR,TG25,Bea,Trainer,Supporter,D,,,,Rare Ultra,5c717624f32b
swsh10tg-TG26,swsh10tg,ASR,TG26,Melony,Trainer,Supporter,E,,,,Rare Ultra,d73a8a973e20
swsh10tg-TG27,swsh10tg,ASR,TG27,Milo,Trainer,Supporter,D,,,,Rare Ultra,8c2569e9573f
swsh10tg-TG28,swsh10tg,ASR,TG28,Piers,Trainer,Supporter,D,,,,Rare Ultra,a2055234538d
swsh10tg-TG29,swsh10tg,ASR,TG29,Ice Rider Calyrex VMAX,Pokémon,VMAX,E,320,Water,Ice Rider Calyrex V,Rare Secret,973207201eba
swsh10tg-TG30,swsh10tg,ASR,TG30,Shadow Rider Calyrex VMAX,Pokémon,VMAX,E,320,Psychic,Shadow Rider Calyrex V,Rare Secret,d7b4e4511a98
pgo-1,pgo,PGO,1,Bulbasaur,Pokémon,Basic,F,70,Grass,,Common,ad552277243a
pgo-2,pgo,PGO,2,Ivysaur,Pokémon,Stage 1,F,100,Grass,Bulbasaur,Uncommon,9974cfea0394
pgo-3,pgo,PGO,3,Venusaur,Pokémon,Stage 2,F,180,Grass,Ivysaur,Rare Holo,71636c52cb8e
pgo-4,pgo,PGO,4,Radiant Venusaur,Pokémon,Basic|Radiant,F,150,Grass,,Radiant Rare,a1e769604766
pgo-5,pgo,PGO,5,Alolan Exeggutor V,Pokémon,Basic|V,F,240,Grass,,Rare Holo V,b82243c26795
pgo-6,pgo,PGO,6,Spinarak,Pokémon,Basic,F,60,Grass,,Common,13b52b92d016
pgo-7,pgo,PGO,7,Ariados,Pokémon,Stage 1,F,110,Grass,Spinarak,Uncommon,49b2c77d9f62
pgo-8,pgo,PGO,8,Charmander,Pokémon,Basic,F,60,Fire,,Common,560a7651349e
pgo-9,pgo,PGO,9,Charmeleon,Pokémon,Stage 1,F,90,Fire,Charmander,Uncommon,2cc2a672fd3c
pgo-10,pgo,PGO,10,Charizard,Pokémon,Stage 2,F,170,Fire,Charmeleon,Rare Holo,d07170f44e08
pgo-11,pgo,PGO,11,Radiant Charizard,Pokémon,Basic|Radiant,F,160,Fire,,Radiant Rare,b37f3a9d88d0
pgo-12,pgo,PGO,12,Moltres,Pokémon,Basic,F,120,Fire,,Rare Holo,e01b5240b898
pgo-13,pgo,PGO,13,Numel,Pokémon,Basic,F,80,Fire,,Common,29a19ebb0d5e
pgo-14,pgo,PGO,14,Camerupt,Pokémon,Stage 1,F,140,Fire,Numel,Uncommon,cab5225f1fd0
pgo-15,pgo,PGO,15,Squirtle,Pokémon,Basic,F,70,Water,,Common,142be0c9469f
pgo-16,pgo,PGO,16,Wartortle,Pokémon,Stage 1,F,90,Water,Squirtle,Uncommon,8e3615128d3e
pgo-17,pgo,PGO,17,Blastoise,Pokémon,Stage 2,F,170,Water,Wartortle,Rare Holo,9e9d43e3514c
pgo-18,pgo,PGO,18,Radiant Blastoise,Pokémon,Basic|Radiant,F,150,Water,,Radiant Rare,ede04ec4e53f
pgo-19,pgo,PGO,19,Slowpoke,Pokémon,Basic,F,70,Water,,Common,b1f253fe7da1
pgo-20,pgo,PGO,20,Slowbro,Pokémon,Stage 1,F,120,Water,Slowpoke,Uncommon,fe5d742b8064
pgo-21,pgo,PGO,21,Magikarp,Pokémon,Basic,F,30,Water,,Common,f3feacecd587
pgo-22,pgo,PGO,22,Gyarados,Pokémon,Stage 1,F,170,Water,Magikarp,Rare Holo,c26d97428c52
pgo-23,pgo,PGO,23,Lapras,Pokémon,Basic,F,120,Water,,Rare Holo,5e3ff001ab92
pgo-24,pgo,PGO,24,Articuno,Pokémon,Basic,F,120,Water,,Rare Holo,427af981be92
pgo-25,pgo,PGO,25,Wimpod,Pokémon,Basic,F,70,Water,,Common,98a963887064
pgo-26,pgo,PGO,26,Golisopod,Pokémon,Stage 1,F,130,Water,Wimpod,Rare Holo,046724ae9f45
pgo-27,pgo,PGO,27,Pikachu,Pokémon,Basic,F,60,Lightning,,Common,7477185131a2
pgo-28,pgo,PGO,28,Pikachu,Pokémon,Basic,F,70,Lightning,,Rare Holo,2af947ab7e32
pgo-29,pgo,PGO,29,Zapdos,Pokémon,Basic,F,120,Lightning,,Rare Holo,4a5eb1ab9f7f
pgo-30,pgo,PGO,30,Mewtwo V,Pokémon,Basic|V,F,220,Psychic,,Rare Holo V,1926134ac46a
pgo-31,pgo,PGO,31,Mewtwo VSTAR,Pokémon,VSTAR,F,280,Psychic,Mewtwo V,Rare Holo VSTAR,61642cac4efd
pgo-32,pgo,PGO,32,Natu,Pokémon,Basic,F,50,Psychic,,Common,3ce460047e25
pgo-33,pgo,PGO,33,Xatu,Pokémon,Stage 1,F,110,Psychic,Natu,Uncommon,d003c782dd68
pgo-34,pgo,PGO,34,Lunatone,Pokémon,Basic,F,90,Psychic,,Uncommon,8540dd4cdbd4
pgo-35,pgo,PGO,35,Sylveon,Pokémon,Stage 1,F,120,Psychic,Eevee,Rare Holo,984b782699b1
pgo-36,pgo,PGO,36,Onix,Pokémon,Basic,F,120,Fighting,,Common,4d3ead59ff94
pgo-37,pgo,PGO,37,Larvitar,Pokémon,Basic,F,60,Fighting,,Common,1c1eb425d99a
pgo-38,pgo,PGO,38,Pupitar,Pokémon,Stage 1,F,90,Fighting,Larvitar,Uncommon,47d34b189267
pgo-39,pgo,PGO,39,Solrock,Pokémon,Basic,F,90,Fighting,,Uncommon,1e73f0e306e9
pgo-40,pgo,PGO,40,Conkeldurr V,Pokémon,Basic|V,F,230,Fighting,,Rare Holo V,f207f594006c
pgo-41,pgo,PGO,41,Alolan Rattata,Pokémon,Basic,F,40,Darkness,,Common,4016f9f6c5cb
pgo-42,pgo,PGO,42,Alolan Raticate,Pokémon,Stage 1,F,120,Darkness,Alolan Rattata,Common,6beb0609f423
pgo-43,pgo,PGO,43,Tyranitar,Pokémon,Stage 2,F,180,Darkness,Pupitar,Rare Holo,48fab7c26b97
pgo-44,pgo,PGO,44,Steelix,Pokémon,Stage 1,F,180,Metal,Onix,Uncommon,9ac8637533a4
pgo-45,pgo,PGO,45,Meltan,Pokémon,Basic,F,70,Metal,,Common,838f0e4be720
pgo-46,pgo,PGO,46,Melmetal,Pokémon,Stage 1,F,160,Metal,Meltan,Rare Holo,957f3dd775fa
pgo-47,pgo,PGO,47,Melmetal V,Pokémon,Basic|V,F,220,Metal,,Rare Holo V,77f2dc6746ba
pgo-48,pgo,PGO,48,Melmetal VMAX,Pokémon,VMAX,F,330,Metal,Melmetal V,Rare Holo VMAX,55150c4037aa
pgo-49,pgo,PGO,49,Dragonite V,Pokémon,Basic|V,F,230,Dragon,,Rare Holo V,146264ed72f3
pgo-50,pgo,PGO,50,Dragonite VSTAR,Pokémon,VSTAR,F,280,Dragon,Dragonite V,Rare Holo VSTAR,b4316192fb87
pgo-51,pgo,PGO,51,Chansey,Pokémon,Basic,F,130,Colorless,,Uncommon,ab5ccec63ea0
pgo-52,pgo,PGO,52,Blissey,Pokémon,Stage 1,F,200,Colorless,Chansey,Rare Holo,6c4db554c66f
pgo-53,pgo,PGO,53,Ditto,Pokémon,Basic,F,70,Colorless,,Rare Holo,57acc02e629a
pgo-54,pgo,PGO,54,Eevee,Pokémon,Basic,F,60,Colorless,,Common,065e5afbc2e1
pgo-55,pgo,PGO,55,Snorlax,Pokémon,Basic,F,150,Colorless,,Rare Holo,91094d427eee
pgo-56,pgo,PGO,56,Aipom,Pokémon,Basic,F,60,Colorless,,Common,4dd73168e17d
pgo-57,pgo,PGO,57,Ambipom,Pokémon,Stage 1,F,90,Colorless,Aipom,Common,0d2a9f816a81
pgo-58,pgo,PGO,58,Slaking V,Pokémon,Basic|V,F,230,Colorless,,Rare Holo V,25500b5add45
pgo-59,pgo,PGO,59,Bidoof,Pokémon,Basic,F,70,Colorless,,Common,ada44f3e3a8b
pgo-60,pgo,PGO,60,Bibarel,Pokémon,Stage 1,F,110,Colorless,Bidoof,Common,d32c9e9de738
pgo-61,pgo,PGO,61,Pidove,Pokémon,Basic,F,60,Colorless,,Common,fafc2d58fb95
pgo-62,pgo,PGO,62,Tranquill,Pokémon,Stage 1,F,80,Colorless,Pidove,Common,f0c0624492ab
pgo-63,pgo,PGO,63,Unfezant,Pokémon,Stage 2,F,140,Colorless,Tranquill,Uncommon,60f9a43d6e69
pgo-64,pgo,PGO,64,Blanche,Trainer,Supporter,F,,,,Uncommon,17846827fe3e
pgo-65,pgo,PGO,65,Candela,Trainer,Supporter,F,,,,Uncommon,cfd06f9cdb02
pgo-66,pgo,PGO,66,Egg Incubator,Trainer,Item,F,,,,Uncommon,695e3c34825b
pgo-67,pgo,PGO,67,Lure Module,Trainer,Item,F,,,,Uncommon,2f57e57731c8
pgo-68,pgo,PGO,68,PokéStop,Trainer,Stadium,F,,,,Uncommon,71d32b923762
pgo-69,pgo,PGO,69,Rare Candy,Trainer,Item,F,,,,Uncommon,9857fbd6f8d3
pgo-70,pgo,PGO,70,Spark,Trainer,Supporter,F,,,,Uncommon,3a88d47ef278
pgo-71,pgo,PGO,71,Alolan Exeggutor V,Pokémon,Basic|V,F,240,Grass,,Rare Ultra,b82243c26795
pgo-72,pgo,PGO,72,Mewtwo V,Pokémon,Basic|V,F,220,Psychic,,Rare Ultra,1926134ac46a
pgo-73,pgo,PGO,73,Conkeldurr V,Pokémon,Basic|V,F,230,Fighting,,Rare Ultra,f207f594006c
pgo-74,pgo,PGO,74,Conkeldurr V,Pokémon,Basic|V,F,230,Fighting,,Rare Ultra,f207f594006c
pgo-75,pgo,PGO,75,Melmetal V,Pokémon,Basic|V,F,220,Metal,,Rare Ultra,77f2dc6746ba
pgo-76,pgo,PGO,76,Dragonite V,Pokémon,Basic|V,F,230,Dragon,,Rare Ultra,146264ed72f3
pgo-77,pgo,PGO,77,Slaking V,Pokémon,Basic|V,F,230,Colorless,,Rare Ultra,25500b5add45
pgo-78,pgo,PGO,78,Professor's Research,Trainer,Supporter,D,,,,Rare Ultra,db87e6b780a9
pgo-79,pgo,PGO,79,Mewtwo VSTAR,Pokémon,VSTAR,F,280,Psychic,Mewtwo V,Rare Rainbow,61642cac4efd
pgo-80,pgo,PGO,80,Melmetal VMAX,Pokémon,VMAX,F,330,Metal,Melmetal V,Rare Rainbow,55150c4037aa
pgo-81,pgo,PGO,81,Dragonite VSTAR,Pokémon,VSTAR,F,280,Dragon,Dragonite V,Rare Rainbow,b4316192fb87
pgo-82,pgo,PGO,82,Blanche,Trainer,Supporter,F,,,,Rare Rainbow,17846827fe3e
pgo-83,pgo,PGO,83,Candela,Trainer,Supporter,F,,,,Rare Rainbow,cfd06f9cdb02
pgo-84,pgo,PGO,84,Professor's Research,Trainer,Supporter,D,,,,Rare Rainbow,db87e6b780a9
pgo-85,pgo,PGO,85,Spark,Trainer,Supporter,F,,,,Rare Rainbow,3a88d47ef278
pgo-86,pgo,PGO,86,Mewtwo VSTAR,Pokémon,VSTAR,F,280,Psychic,Mewtwo V,Rare Secret,61642cac4efd
pgo-87,pgo,PGO,87,Egg Incubator,Trainer,Item,F,,,,Rare Secret,695e3c34825b
pgo-88,pgo,PGO,88,Lure Module,Trainer,Item,F,,,,Rare Secret,2f57e57731c8
mcd22-1,mcd22,,1,Ledyba,Pokémon,Basic,E,60,Grass,,,078876143a61
mcd22-2,mcd22,,2,Rowlet,Pokémon,Basic,D,50,Grass,,,b32dd5f2ccf2
mcd22-3,mcd22,,3,Gossifleur,Pokémon,Basic,E,50,Grass,,,6b80001468fe
mcd22-4,mcd22,,4,Growlithe,Pokémon,Basic,E,80,Fire,,,9c1ee6b5179b
mcd22-5,mcd22,,5,Victini,Pokémon,Basic,E,60,Fire,,,7bba56eae93f
mcd22-6,mcd22,,6,Lapras,Pokémon,Basic,E,110,Water,,,86a6a0c4e58e
mcd22-7,mcd22,,7,Pikachu,Pokémon,Basic,E,60,Lightning,,,63415a9dcc31
mcd22-8,mcd22,,8,Chinchou,Pokémon,Basic,E,70,Lightning,,,70fd9b7cb402
mcd22-9,mcd22,,9,Flaaffy,Pokémon,Stage 1,E,100,Lightning,Mareep,,fe569ec09aaa
mcd22-10,mcd22,,10,Tynamo,Pokémon,Basic,D,40,Lightning,,,74957d28d3d7
mcd22-11,mcd22,,11,Cutiefly,Pokémon,Basic,E,30,Psychic,,,8dd9b253c253
mcd22-12,mcd22,,12,Bewear,Pokémon,Stage 1,E,130,Fighting,Stufful,,27e61e01688e
mcd22-13,mcd22,,13,Pangoro,Pokémon,Stage 1,E,140,Darkness,Pancham,,a66a50f140f1
mcd22-14,mcd22,,14,Drampa,Pokémon,Basic,E,120,Dragon,,,e1b893cb94fb
mcd22-15,mcd22,,15,Smeargle,Pokémon,Basic,E,80,Colorless,,,0bbe47ea1858
swsh11-1,swsh11,LOR,1,Oddish,Pokémon,Basic,F,50,Grass,,Common,07f99439d6ab
swsh11-2,swsh11,LOR,2,Gloom,Pokémon,Stage 1,F,80,Grass,Oddish,Uncommon,237bc06e2be9
swsh11-3,swsh11,LOR,3,Vileplume,Pokémon,Stage 2,F,150,Grass,Gloom,Rare Holo,597d3f9c616a
swsh11-4,swsh11,LOR,4,Paras,Pokémon,Basic,F,70,Grass,,Common,31b329cf4c7a
swsh11-5,swsh11,LOR,5,Parasect,Pokémon,Stage 1,F,120,Grass,Paras,Rare,9799e53109ea
swsh11-6,swsh11,LOR,6,Wurmple,Pokémon,Basic,F,60,Grass,,Common,47139ebac599
swsh11-7,swsh11,LOR,7,Silcoon,Pokémon,Stage 1,F,80,Grass,Wurmple,Uncommon,dc29af1455f4
swsh11-8,swsh11,LOR,8,Beautifly,Pokémon,Stage 2,F,130,Grass,Silcoon,Rare Holo,b8f0c292b937
swsh11-9,swsh11,LOR,9,Cascoon,Pokémon,Stage 1,F,80,Grass,Wurmple,Uncommon,177274b7e765
swsh11-10,swsh11,LOR,10,Dustox,Pokémon,Stage 2,F,140,Grass,Cascoon,Rare,187218fcc556
swsh11-11,swsh11,LOR,11,Seedot,Pokémon,Basic,F,50,Grass,,Common,5801cfb7db59
swsh11-12,swsh11,LOR,12,Nuzleaf,Pokémon,Stage 1,F,80,Grass,Seedot,Uncommon,e6d3d115f61c
swsh11-13,swsh11,LOR,13,Shiftry,Pokémon,Stage 2,F,160,Grass,Nuzleaf,Rare Holo,7f7fb8577289
swsh11-14,swsh11,LOR,14,Roselia,Pokémon,Basic,F,70,Grass,,Common,2e1fea8a5c48
swsh11-15,swsh11,LOR,15,Roserade,Pokémon,Stage 1,F,120,Grass,Roselia,Uncommon,4ac5c1101630
swsh11-16,swsh11,LOR,16,Phantump,Pokémon,Basic,F,70,Grass,,Common,e3708192a547
swsh11-17,swsh11,LOR,17,Trevenant,Pokémon,Stage 1,F,120,Grass,Phantump,Rare Holo,3d6b436c4fa3
swsh11-18,swsh11,LOR,18,Blipbug,Pokémon,Basic,F,50,Grass,,Common,a99cf39628ed
swsh11-19,swsh11,LOR,19,Dottler,Pokémon,Stage 1,F,80,Grass,Blipbug,Uncommon,2f9840ce09bc
swsh11-20,swsh11,LOR,20,Orbeetle,Pokémon,Stage 2,F,110,Grass,Dottler,Rare Holo,41f20bc9237c
swsh11-21,swsh11,LOR,21,Slugma,Pokémon,Basic,F,70,Fire,,Common,cb2bb414fbc2
swsh11-22,swsh11,LOR,22,Magcargo,Pokémon,Stage 1,F,130,Fire,Slugma,Rare,619d683e2a74
swsh11-23,swsh11,LOR,23,Torkoal,Pokémon,Basic,F,110,Fire,,Uncommon,fd351c612001
swsh11-24,swsh11,LOR,24,Litwick,Pokémon,Basic,F,60,Fire,,Common,f57f546da4b6
swsh11-25,swsh11,LOR,25,Lampent,Pokémon,Stage 1,F,80,Fire,Litwick,Uncommon,1e5bc80e19c9
swsh11-26,swsh11,LOR,26,Chandelure,Pokémon,Stage 2,F,150,Fire,Lampent,Rare Holo,955ebdc4e6f5
swsh11-27,swsh11,LOR,27,Delphox V,Pokémon,Basic|V,F,210,Fire,,Rare Holo V,263a3a344227
swsh11-28,swsh11,LOR,28,Litleo,Pokémon,Basic,F,70,Fire,,Common,fa2c6624dea5
swsh11-29,swsh11,LOR,29,Pyroar,Pokémon,Stage 1,F,120,Fire,Litleo,Rare Holo,33f1a6cf478f
swsh11-30,swsh11,LOR,30,Poliwag,Pokémon,Basic,F,60,Water,,Common,bd091ea2c071
swsh11-31,swsh11,LOR,31,Poliwhirl,Pokémon,Stage 1,F,90,Water,Poliwag,Uncommon,c16530340ccc
swsh11-32,swsh11,LOR,32,Politoed,Pokémon,Stage 2,F,140,Water,Poliwhirl,Rare,22af5e1bcf59
swsh11-33,swsh11,LOR,33,Seel,Pokémon,Basic,F,70,Water,,Common,0671243fbfe4
swsh11-34,swsh11,LOR,34,Dewgong,Pokémon,Stage 1,F,120,Water,Seel,Rare,9966f183063a
swsh11-35,swsh11,LOR,35,Horsea,Pokémon,Basic,F,50,Water,,Common,42d246959689
swsh11-36,swsh11,LOR,36,Seadra,Pokémon,Stage 1,F,80,Water,Horsea,Uncommon,48220753cbe7
swsh11-37,swsh11,LOR,37,Kingdra,Pokémon,Stage 2,F,150,Water,Seadra,Rare Holo,9f2118cc8073
swsh11-38,swsh11,LOR,38,Luvdisc,Pokémon,Basic,F,70,Water,,Common,3062e6e32fc7
swsh11-39,swsh11,LOR,39,Shellos,Pokémon,Basic,F,70,Water,,Common,52023127e32b
swsh11-40,swsh11,LOR,40,Finneon,Pokémon,Basic,F,50,Water,,Common,92ba5958f0b8
swsh11-41,swsh11,LOR,41,Lumineon,Pokémon,Stage 1,F,90,Water,Finneon,Uncommon,62e153fc0d1e
swsh11-42,swsh11,LOR,42,Snover,Pokémon,Basic,F,80,Water,,Common,8640efb11b51
swsh11-43,swsh11,LOR,43,Abomasnow,Pokémon,Stage 1,F,140,Water,Snover,Uncommon,aead65c290d4
swsh11-44,swsh11,LOR,44,Hisuian Basculin,Pokémon,Basic,F,50,Water,,Common,19ed811da7b7
swsh11-45,swsh11,LOR,45,Hisuian Basculegion,Pokémon,Stage 1,F,110,Water,Hisuian Basculin,Rare Holo,8a48028eff60
swsh11-46,swsh11,LOR,46,Ducklett,Pokémon,Basic,F,60,Water,,Common,21326b80089a
swsh11-47,swsh11,LOR,47,Swanna,Pokémon,Stage 1,F,120,Water,Ducklett,Uncommon,3148cb02c4d0
swsh11-48,swsh11,LOR,48,Kyurem V,Pokémon,Basic|V,F,220,Water,,Rare Holo V,e27e60a65077
swsh11-49,swsh11,LOR,49,Kyurem VMAX,Pokémon,VMAX,F,330,Water,Kyurem V,Rare Holo VMAX,180d327b886f
swsh11-50,swsh11,LOR,50,Cramorant,Pokémon,Basic,F,110,Water,,Rare,27bbba91e256
swsh11-51,swsh11,LOR,51,Glastrier,Pokémon,Basic,F,130,Water,,Rare Holo,bff7dc3993b2
swsh11-52,swsh11,LOR,52,Pikachu,Pokémon,Basic,F,60,Lightning,,Common,b04f30ef0216
swsh11-53,swsh11,LOR,53,Raichu,Pokémon,Stage 1,F,120,Lightning,Pikachu,Rare,ff9d945aff4a
swsh11-54,swsh11,LOR,54,Electrike,Pokémon,Basic,F,60,Lightning,,Common,154f0df96f8b
swsh11-55,swsh11,LOR,55,Manectric,Pokémon,Stage 1,F,120,Lightning,Electrike,Rare,e21609d54e09
swsh11-56,swsh11,LOR,56,Magnezone V,Pokémon,Basic|V,F,210,Lightning,,Rare Holo V,ec36db178251
swsh11-57,swsh11,LOR,57,Magnezone VSTAR,Pokémon,VSTAR,F,270,Lightning,Magnezone V,Rare Holo VSTAR,1f9ad84e715e
swsh11-58,swsh11,LOR,58,Rotom V,Pokémon,Basic|V,F,190,Lightning,,Rare Holo V,4296942a8df8
swsh11-59,swsh11,LOR,59,Tynamo,Pokémon,Basic,F,30,Lightning,,Common,c71e53bd6161
swsh11-60,swsh11,LOR,60,Eelektrik,Pokémon,Stage 1,F,80,Lightning,Tynamo,Uncommon,94beec2865b0
swsh11-61,swsh11,LOR,61,Eelektross,Pokémon,Stage 2,F,160,Lightning,Eelektrik,Rare,a5b0fb83509c
swsh11-62,swsh11,LOR,62,Clefairy,Pokémon,Basic,F,60,Psychic,,Common,063b35ececbf
swsh11-63,swsh11,LOR,63,Clefable,Pokémon,Stage 1,F,100,Psychic,Clefairy,Rare,13356a5a364a
swsh11-64,swsh11,LOR,64,Gastly,Pokémon,Basic,F,40,Psychic,,Common,36de99001192
swsh11-65,swsh11,LOR,65,Haunter,Pokémon,Stage 1,F,70,Psychic,Gastly,Uncommon,2af7ff18f518
swsh11-66,swsh11,LOR,66,Gengar,Pokémon,Stage 2,F,120,Psychic,Haunter,Rare Holo,681525f53851
swsh11-67,swsh11,LOR,67,Mr. Mime,Pokémon,Basic,F,90,Psychic,,Rare,bc006c6d68e2
swsh11-68,swsh11,LOR,68,Jynx,Pokémon,Basic,F,100,Psychic,,Common,0ac8d49fe847
swsh11-69,swsh11,LOR,69,Radiant Gardevoir,Pokémon,Basic|Radiant,F,130,Psychic,,Radiant Rare,4e3bf9e6252b
swsh11-70,swsh11,LOR,70,Sableye,Pokémon,Basic,F,80,Psychic,,Rare Holo,71a01cae511c
swsh11-71,swsh11,LOR,71,Mawile,Pokémon,Basic,F,90,Psychic,,Common,db2fca0c0e8f
swsh11-72,swsh11,LOR,72,Shuppet,Pokémon,Basic,F,60,Psychic,,Common,119b27431f74
swsh11-73,swsh11,LOR,73,Banette,Pokémon,Stage 1,F,100,Psychic,Shuppet,Rare,6a7e6193728d
swsh11-74,swsh11,LOR,74,Cresselia,Pokémon,Basic,F,120,Psychic,,Rare Holo,f44870bb7c0a
swsh11-75,swsh11,LOR,75,Hisuian Zorua,Pokémon,Basic,F,60,Psychic,,Common,5499cc52d160
swsh11-76,swsh11,LOR,76,Hisuian Zoroark,Pokémon,Stage 1,F,120,Psychic,Hisuian Zorua,Rare Holo,65518132dd04
swsh11-77,swsh11,LOR,77,Inkay,Pokémon,Basic,F,60,Psychic,,Common,b5c3bd1e1805
swsh11-78,swsh11,LOR,78,Malamar,Pokémon,Stage 1,F,110,Psychic,Inkay,Rare,3b9fb254f5c6
swsh11-79,swsh11,LOR,79,Comfey,Pokémon,Basic,F,70,Psychic,,Rare,850a39b215d6
swsh11-80,swsh11,LOR,80,Mimikyu,Pokémon,Basic,F,70,Psychic,,Rare,bbd23109bd89
swsh11-81,swsh11,LOR,81,Spectrier,Pokémon,Basic,F,120,Psychic,,Rare Holo,c098f2f27b0b
swsh11-82,swsh11,LOR,82,Enamorus V,Pokémon,Basic|V,F,210,Psychic,,Rare Holo V,e9ce9c63b42e
swsh11-83,swsh11,LOR,83,Hisuian Growlithe,Pokémon,Basic,F,70,Fighting,,Common,453235513fef
swsh11-84,swsh11,LOR,84,Hisuian Arcanine,Pokémon,Stage 1,F,130,Fighting,Hisuian Growlithe,Rare Holo,c33771eb452a
swsh11-85,swsh11,LOR,85,Poliwrath,Pokémon,Stage 2,F,160,Fighting,Poliwhirl,Rare,7f2b1fe0ab51
swsh11-86,swsh11,LOR,86,Machop,Pokémon,Basic,F,70,Fighting,,Common,82e093af088d
swsh11-87,swsh11,LOR,87,Machoke,Pokémon,Stage 1,F,100,Fighting,Machop,Uncommon,1faddad44580
swsh11-88,swsh11,LOR,88,Machamp,Pokémon,Stage 2,F,150,Fighting,Machoke,Rare Holo,5da9676d05e3
swsh11-89,swsh11,LOR,89,Rhyhorn,Pokémon,Basic,F,100,Fighting,,Common,358136bff7b7
swsh11-90,swsh11,LOR,90,Rhydon,Pokémon,Stage 1,F,120,Fighting,Rhyhorn,Uncommon,f4aff2597eea
swsh11-91,swsh11,LOR,91,Rhyperior,Pokémon,Stage 2,F,190,Fighting,Rhydon,Rare,265acfd78628
swsh11-92,swsh11,LOR,92,Aerodactyl V,Pokémon,Basic|V,F,210,Fighting,,Rare Holo V,651c7f30cf02
swsh11-93,swsh11,LOR,93,Aerodactyl VSTAR,Pokémon,VSTAR,F,260,Fighting,Aerodactyl V,Rare Holo VSTAR,c8f16c3b4081
swsh11-94,swsh11,LOR,94,Sudowoodo,Pokémon,Basic,F,110,Fighting,,Common,f0054e71f39f
swsh11-95,swsh11,LOR,95,Gligar,Pokémon,Basic,F,60,Fighting,,Common,9352298628d1
swsh11-96,swsh11,LOR,96,Gliscor,Pokémon,Stage 1,F,120,Fighting,Gligar,Rare,db92f2d4ff28
swsh11-97,swsh11,LOR,97,Makuhita,Pokémon,Basic,F,80,Fighting,,Common,0b2b988b0108
swsh11-98,swsh11,LOR,98,Hariyama,Pokémon,Stage 1,F,140,Fighting,Makuhita,Uncommon,96176ee35959
swsh11-99,swsh11,LOR,99,Meditite,Pokémon,Basic,F,70,Fighting,,Common,5205a6f84534
swsh11-100,swsh11,LOR,100,Medicham,Pokémon,Stage 1,F,110,Fighting,Meditite,Uncommon,13fbd85d6ffb
swsh11-101,swsh11,LOR,101,Relicanth,Pokémon,Basic,F,90,Fighting,,Uncommon,b85d7044eb43
swsh11-102,swsh11,LOR,102,Gastrodon,Pokémon,Stage 1,F,130,Fighting,Shellos,Uncommon,4728bb604b1e
swsh11-103,swsh11,LOR,103,Mienfoo,Pokémon,Basic,F,60,Fighting,,Common,3f973fef706b
swsh11-104,swsh11,LOR,104,Mienshao,Pokémon,Stage 1,F,90,Fighting,Mienfoo,Uncommon,332718a27c26
swsh11-105,swsh11,LOR,105,Landorus,Pokémon,Basic,F,120,Fighting,,Rare,8507b1fa4971
swsh11-106,swsh11,LOR,106,Binacle,Pokémon,Basic,F,70,Fighting,,Common,a755b9cccfc2
swsh11-107,swsh11,LOR,107,Barbaracle,Pokémon,Stage 1,F,130,Fighting,Binacle,Rare Holo,09717bb1856f
swsh11-108,swsh11,LOR,108,Carbink,Pokémon,Basic,F,90,Fighting,,Uncommon,50fe084db4fc
swsh11-109,swsh11,LOR,109,Rockruff,Pokémon,Basic,F,60,Fighting,,Common,5af3774b9697
swsh11-110,swsh11,LOR,110,Falinks,Pokémon,Basic,F,100,Fighting,,Common,9c80c13d4764
swsh11-111,swsh11,LOR,111,Stonjourner,Pokémon,Basic,F,140,Fighting,,Rare,c62a052f22a7
swsh11-112,swsh11,LOR,112,Spinarak,Pokémon,Basic,F,50,Darkness,,Common,bfd4107da1c6
swsh11-113,swsh11,LOR,113,Ariados,Pokémon,Stage 1,F,90,Darkness,Spinarak,Rare,9b4346fd99ed
swsh11-114,swsh11,LOR,114,Murkrow,Pokémon,Basic,F,60,Darkness,,Common,3c867f387b43
swsh11-115,swsh11,LOR,115,Honchkrow,Pokémon,Stage 1,F,120,Darkness,Murkrow,Rare,3f21053d805a
swsh11-116,swsh11,LOR,116,Seviper,Pokémon,Basic,F,110,Darkness,,Uncommon,67bec7eb6609
swsh11-117,swsh11,LOR,117,Spiritomb,Pokémon,Basic,F,60,Darkness,,Rare,68bfedd372ab
swsh11-118,swsh11,LOR,118,Drapion V,Pokémon,Basic|V,F,210,Darkness,,Rare Holo V,bcbf4bc77b51
swsh11-119,swsh11,LOR,119,Drapion VSTAR,Pokémon,VSTAR,F,270,Darkness,Drapion V,Rare Holo VSTAR,8f4008f91b4a
swsh11-120,swsh11,LOR,120,Darkrai,Pokémon,Basic,F,120,Darkness,,Rare Holo,62645ad60c71
swsh11-121,swsh11,LOR,121,Inkay,Pokémon,Basic,F,50,Darkness,,Common,0ef3aa61cdd3
swsh11-122,swsh11,LOR,122,Hoopa,Pokémon,Basic,F,120,Darkness,,Rare,9a8edb32329c
swsh11-123,swsh11,LOR,123,Radiant Hisuian Sneasler,Pokémon,Basic|Radiant,F,130,Darkness,,Radiant Rare,20aea09433d8
swsh11-124,swsh11,LOR,124,Radiant Steelix,Pokémon,Basic|Radiant,F,170,Metal,,Radiant Rare,1bad43714241
swsh11-125,swsh11,LOR,125,Bronzor,Pokémon,Basic,F,70,Metal,,Common,e881d7c50078
swsh11-126,swsh11,LOR,126,Bronzong,Pokémon,Stage 1,F,130,Metal,Bronzor,Uncommon,6cb43a70e55b
swsh11-127,swsh11,LOR,127,Galarian Stunfisk,Pokémon,Basic,F,100,Metal,,Uncommon,d5376e788c6d
swsh11-128,swsh11,LOR,128,Magearna,Pokémon,Basic,F,90,Metal,,Rare,c7aa73308461
swsh11-129,swsh11,LOR,129,Galarian Perrserker V,Pokémon,Basic|V,F,200,Metal,,Rare Holo V,b9fce895ce07
swsh11-130,swsh11,LOR,130,Giratina V,Pokémon,Basic|V,F,220,Dragon,,Rare Holo V,d1b576cd00bb
swsh11-131,swsh11,LOR,131,Giratina VSTAR,Pokémon,VSTAR,F,280,Dragon,Giratina V,Rare Holo VSTAR,9a077c745ff9
swsh11-132,swsh11,LOR,132,Goomy,Pokémon,Basic,F,60,Dragon,,Common,211a78db521f
swsh11-133,swsh11,LOR,133,Hisuian Sliggoo,Pokémon,Stage 1,F,90,Dragon,Goomy,Uncommon,238689763976
swsh11-134,swsh11,LOR,134,Hisuian Goodra,Pokémon,Stage 2,F,160,Dragon,Hisuian Sliggoo,Rare Holo,a1aafc9d9bf1
swsh11-135,swsh11,LOR,135,Hisuian Goodra V,Pokémon,Basic|V,F,220,Dragon,,Rare Holo V,20c8c9d69667
swsh11-136,swsh11,LOR,136,Hisuian Goodra VSTAR,Pokémon,VSTAR,F,270,Dragon,Hisuian Goodra V,Rare Holo VSTAR,335c52c2a03b
swsh11-137,swsh11,LOR,137,Pidgeot V,Pokémon,Basic|V,F,210,Colorless,,Rare Holo V,b887ef164f95
swsh11-138,swsh11,LOR,138,Lickitung,Pokémon,Basic,F,110,Colorless,,Common,2ca4311f764b
swsh11-139,swsh11,LOR,139,Lickilicky,Pokémon,Stage 1,F,140,Colorless,Lickitung,Uncommon,9fd0465ac0a4
swsh11-140,swsh11,LOR,140,Porygon,Pokémon,Basic,F,60,Colorless,,Common,e88dc6c3f275
swsh11-141,swsh11,LOR,141,Porygon2,Pokémon,Stage 1,F,90,Colorless,Porygon,Uncommon,9157498ead12
swsh11-142,swsh11,LOR,142,Porygon-Z,Pokémon,Stage 2,F,150,Colorless,Porygon2,Rare,44312d0bf187
swsh11-143,swsh11,LOR,143,Snorlax,Pokémon,Basic,F,150,Colorless,,Rare Holo,c0162d54cba8
swsh11-144,swsh11,LOR,144,Aipom,Pokémon,Basic,F,60,Colorless,,Common,e0c138ab7610
swsh11-145,swsh11,LOR,145,Ambipom,Pokémon,Stage 1,F,90,Colorless,Aipom,Uncommon,ce8dc190cbfc
swsh11-146,swsh11,LOR,146,Hisuian Zoroark V,Pokémon,Basic|V,F,210,Colorless,,Rare Holo V,f04a81ff3467
swsh11-147,swsh11,LOR,147,Hisuian Zoroark VSTAR,Pokémon,VSTAR,F,270,Colorless,Hisuian Zoroark V,Rare Holo VSTAR,0d39c02ad53a
swsh11-148,swsh11,LOR,148,Bouffalant,Pokémon,Basic,F,130,Colorless,,Rare,6e9ce3360296
swsh11-149,swsh11,LOR,149,Komala,Pokémon,Basic,F,100,Colorless,,Uncommon,97112524508d
swsh11-150,swsh11,LOR,150,Skwovet,Pokémon,Basic,F,60,Colorless,,Common,323de4bc58ae
swsh11-151,swsh11,LOR,151,Greedent,Pokémon,Stage 1,F,130,Colorless,Skwovet,Rare,64f3abae3ff4
swsh11-152,swsh11,LOR,152,Arc Phone,Trainer,Item,F,,,,Uncommon,bb078d6e925b
swsh11-153,swsh11,LOR,153,Arezu,Trainer,Supporter,F,,,,Uncommon,c14656b0bd8d
swsh11-154,swsh11,LOR,154,Box of Disaster,Trainer,Item|Pokémon Tool,F,,,,Uncommon,6c56a984e999
swsh11-155,swsh11,LOR,155,Colress's Experiment,Trainer,Supporter,F,,,,Uncommon,2134707a1d8f
swsh11-156,swsh11,LOR,156,Damage Pump,Trainer,Item,F,,,,Uncommon,774271cad0b2
swsh11-157,swsh11,LOR,157,Fantina,Trainer,Supporter,F,,,,Uncommon,04772342d7c1
swsh11-158,swsh11,LOR,158,Iscan,Trainer,Supporter,F,,,,Uncommon,1a3ce6c999f6
swsh11-159,swsh11,LOR,159,Lady,Trainer,Supporter,F,,,,Uncommon,e13b41f05c19
swsh11-160,swsh11,LOR,160,Lake Acuity,Trainer,Stadium,F,,,,Uncommon,d4064b76a2ce
swsh11-161,swsh11,LOR,161,Lost City,Trainer,Stadium,F,,,,Uncommon,a489b2fd0808
swsh11-162,swsh11,LOR,162,Lost Vacuum,Trainer,Item,F,,,,Uncommon,b87bbeb82c20
swsh11-163,swsh11,LOR,163,Mirage Gate,Trainer,Item,F,,,,Uncommon,fdccedb65b97
swsh11-164,swsh11,LOR,164,Miss Fortune Sisters,Trainer,Supporter,F,,,,Uncommon,e3200851cca6
swsh11-165,swsh11,LOR,165,Panic Mask,Trainer,Item|Pokémon Tool,F,,,,Uncommon,a2abc0ec7ab3
swsh11-166,swsh11,LOR,166,Riley,Trainer,Supporter,F,,,,Uncommon,51995cee95a8
swsh11-167,swsh11,LOR,167,Thorton,Trainer,Supporter,F,,,,Uncommon,283bcd37a43b
swsh11-168,swsh11,LOR,168,Tool Box,Trainer,Item,F,,,,Uncommon,97e25fe86035
swsh11-169,swsh11,LOR,169,Volo,Trainer,Supporter,F,,,,Rare Holo,70d786221e93
swsh11-170,swsh11,LOR,170,Windup Arm,Trainer,Item|Pokémon Tool,F,,,,Uncommon,88846cbd4dfa
swsh11-171,swsh11,LOR,171,Gift Energy,Energy,Special,F,,,,Uncommon,348d27308ea7
swsh11-172,swsh11,LOR,172,Hisuian Electrode V,Pokémon,Basic|V,F,210,Grass,,Rare Ultra,2b6b519bb95d
swsh11-173,swsh11,LOR,173,Delphox V,Pokémon,Basic|V,F,210,Fire,,Rare Ultra,263a3a344227
swsh11-174,swsh11,LOR,174,Kyurem V,Pokémon,Basic|V,F,220,Water,,Rare Ultra,e27e60a65077
swsh11-175,swsh11,LOR,175,Magnezone V,Pokémon,Basic|V,F,210,Lightning,,Rare Ultra,ec36db178251
swsh11-176,swsh11,LOR,176,Rotom V,Pokémon,Basic|V,F,190,Lightning,,Rare Ultra,4296942a8df8
swsh11-177,swsh11,LOR,177,Rotom V,Pokémon,Basic|V,F,190,Lightning,,Rare Ultra,4296942a8df8
swsh11-178,swsh11,LOR,178,Enamorus V,Pokémon,Basic|V,F,210,Psychic,,Rare Ultra,e9ce9c63b42e
swsh11-179,swsh11,LOR,179,Aerodactyl V,Pokémon,Basic|V,F,210,Fighting,,Rare Ultra,651c7f30cf02
swsh11-180,swsh11,LOR,180,Aerodactyl V,Pokémon,Basic|V,F,210,Fighting,,Rare Ultra,651c7f30cf02
swsh11-181,swsh11,LOR,181,Gallade V,Pokémon,Basic|V,F,220,Fighting,,Rare Ultra,fefe43ccece1
swsh11-182,swsh11,LOR,182,Drapion V,Pokémon,Basic|V,F,210,Darkness,,Rare Ultra,bcbf4bc77b51
swsh11-183,swsh11,LOR,183,Galarian Perrserker V,Pokémon,Basic|V,F,200,Metal,,Rare Ultra,b9fce895ce07
swsh11-184,swsh11,LOR,184,Galarian Perrserker V,Pokémon,Basic|V,F,200,Metal,,Rare Ultra,b9fce895ce07
swsh11-185,swsh11,LOR,185,Giratina V,Pokémon,Basic|V,F,220,Dragon,,Rare Ultra,d1b576cd00bb
swsh11-186,swsh11,LOR,186,Giratina V,Pokémon,Basic|V,F,220,Dragon,,Rare Ultra,d1b576cd00bb
swsh11-187,swsh11,LOR,187,Hisuian Goodra V,Pokémon,Basic|V,F,220,Dragon,,Rare Ultra,20c8c9d69667
swsh11-188,swsh11,LOR,188,Pidgeot V,Pokémon,Basic|V,F,210,Colorless,,Rare Ultra,b887ef164f95
swsh11-189,swsh11,LOR,189,Arezu,Trainer,Supporter,F,,,,Rare Ultra,c14656b0bd8d
swsh11-190,swsh11,LOR,190,Colress's Experiment,Trainer,Supporter,F,,,,Rare Ultra,2134707a1d8f
swsh11-191,swsh11,LOR,191,Fantina,Trainer,Supporter,F,,,,Rare Ultra,04772342d7c1
swsh11-192,swsh11,LOR,192,Iscan,Trainer,Supporter,F,,,,Rare Ultra,1a3ce6c999f6
swsh11-193,swsh11,LOR,193,Lady,Trainer,Supporter,F,,,,Rare Ultra,e13b41f05c19
swsh11-194,swsh11,LOR,194,Miss Fortune Sisters,Trainer,Supporter,F,,,,Rare Ultra,e3200851cca6
swsh11-195,swsh11,LOR,195,Thorton,Trainer,Supporter,F,,,,Rare Ultra,283bcd37a43b
swsh11-196,swsh11,LOR,196,Volo,Trainer,Supporter,F,,,,Rare Ultra,70d786221e93
swsh11-197,swsh11,LOR,197,Kyurem VMAX,Pokémon,VMAX,F,330,Water,Kyurem V,Rare Rainbow,180d327b886f
swsh11-198,swsh11,LOR,198,Magnezone VSTAR,Pokémon,VSTAR,F,270,Lightning,Magnezone V,Rare Rainbow,1f9ad84e715e
swsh11-199,swsh11,LOR,199,Aerodactyl VSTAR,Pokémon,VSTAR,F,260,Fighting,Aerodactyl V,Rare Rainbow,c8f16c3b4081
swsh11-200,swsh11,LOR,200,Drapion VSTAR,Pokémon,VSTAR,F,270,Darkness,Drapion V,Rare Rainbow,8f4008f91b4a
swsh11-201,swsh11,LOR,201,Giratina VSTAR,Pokémon,VSTAR,F,280,Dragon,Giratina V,Rare Rainbow,9a077c745ff9
swsh11-202,swsh11,LOR,202,Hisuian Goodra VSTAR,Pokémon,VSTAR,F,270,Dragon,Hisuian Goodra V,Rare Rainbow,335c52c2a03b
swsh11-203,swsh11,LOR,203,Hisuian Zoroark VSTAR,Pokémon,VSTAR,F,270,Colorless,Hisuian Zoroark V,Rare Rainbow,0d39c02ad53a
swsh11-204,swsh11,LOR,204,Arezu,Trainer,Supporter,F,,,,Rare Rainbow,c14656b0bd8d
swsh11-205,swsh11,LOR,205,Colress's Experiment,Trainer,Supporter,F,,,,Rare Rainbow,2134707a1d8f
swsh11-206,swsh11,LOR,206,Fantina,Trainer,Supporter,F,,,,Rare Rainbow,04772342d7c1
swsh11-207,swsh11,LOR,207,Iscan,Trainer,Supporter,F,,,,Rare Rainbow,1a3ce6c999f6
swsh11-208,swsh11,LOR,208,Lady,Trainer,Supporter,F,,,,Rare Rainbow,e13b41f05c19
swsh11-209,swsh11,LOR,209,Miss Fortune Sisters,Trainer,Supporter,F,,,,Rare Rainbow,e3200851cca6
swsh11-210,swsh11,LOR,210,Thorton,Trainer,Supporter,F,,,,Rare Rainbow,283bcd37a43b
swsh11-211,swsh11,LOR,211,Volo,Trainer,Supporter,F,,,,Rare Rainbow,70d786221e93
swsh11-212,swsh11,LOR,212,Giratina VSTAR,Pokémon,VSTAR,F,280,Dragon,Giratina V,Rare Secret,9a077c745ff9
swsh11-213,swsh11,LOR,213,Hisuian Zoroark VSTAR,Pokémon,VSTAR,F,270,Colorless,Hisuian Zoroark V,Rare Secret,0d39c02ad53a
swsh11-214,swsh11,LOR,214,Box of Disaster,Trainer,Item|Pokémon Tool,F,,,,Rare Secret,6c56a984e999
swsh11-215,swsh11,LOR,215,Collapsed Stadium,Trainer,Stadium,F,,,,Rare Secret,ddb2bbc7d709
swsh11-216,swsh11,LOR,216,Dark Patch,Trainer,Item,F,,,,Rare Secret,a5ba88bbaff8
swsh11-217,swsh11,LOR,217,Lost Vacuum,Trainer,Item,F,,,,Rare Secret,b87bbeb82c20
swsh11tg-TG01,swsh11tg,LOR,TG01,Parasect,Pokémon,Stage 1,F,120,Grass,Paras,Trainer Gallery Rare Holo,9799e53109ea
swsh11tg-TG02,swsh11tg,LOR,TG02,Roserade,Pokémon,Stage 1,F,120,Grass,Roselia,Trainer Gallery Rare Holo,4ac5c1101630
swsh11tg-TG03,swsh11tg,LOR,TG03,Charizard,Pokémon,Stage 2,D,170,Fire,Charmeleon,Trainer Gallery Rare Holo,46d1d43f90e0
swsh11tg-TG04,swsh11tg,LOR,TG04,Chandelure,Pokémon,Stage 2,F,150,Fire,Lampent,Trainer Gallery Rare Holo,955ebdc4e6f5
swsh11tg-TG05,swsh11tg,LOR,TG05,Pikachu,Pokémon,Basic,F,60,Lightning,,Trainer Gallery Rare Holo,b04f30ef0216
swsh11tg-TG06,swsh11tg,LOR,TG06,Gengar,Pokémon,Stage 2,F,120,Psychic,Haunter,Trainer Gallery Rare Holo,681525f53851
swsh11tg-TG07,swsh11tg,LOR,TG07,Banette,Pokémon,Stage 1|Single Strike,E,80,Psychic,Shuppet,Trainer Gallery Rare Holo,3d9add8930b5
swsh11tg-TG08,swsh11tg,LOR,TG08,Hisuian Arcanine,Pokémon,Stage 1,F,130,Fighting,Hisuian Growlithe,Trainer Gallery Rare Holo,c33771eb452a
swsh11tg-TG09,swsh11tg,LOR,TG09,Spiritomb,Pokémon,Basic,F,60,Darkness,,Trainer Gallery Rare Holo,68bfedd372ab
swsh11tg-TG10,swsh11tg,LOR,TG10,Snorlax,Pokémon,Basic,F,150,Colorless,,Trainer Gallery Rare Holo,c0162d54cba8
swsh11tg-TG11,swsh11tg,LOR,TG11,Castform,Pokémon,Basic,E,70,Colorless,,Trainer Gallery Rare Holo,a33d02a2f47c
swsh11tg-TG12,swsh11tg,LOR,TG12,Orbeetle V,Pokémon,Basic|V,D,180,Grass,,Rare Holo V,c8fb22653af2
swsh11tg-TG13,swsh11tg,LOR,TG13,Orbeetle VMAX,Pokémon,VMAX,D,310,Grass,Orbeetle V,Rare Holo VMAX,12989db0dc09
swsh11tg-TG14,swsh11tg,LOR,TG14,Centiskorch V,Pokémon,Basic|V,D,210,Fire,,Rare Holo V,b965d63e9f60
swsh11tg-TG15,swsh11tg,LOR,TG15,Centiskorch VMAX,Pokémon,VMAX,D,320,Fire,Centiskorch V,Rare Holo VMAX,ac4b4d512499
swsh11tg-TG16,swsh11tg,LOR,TG16,Pikachu V,Pokémon,Basic|V,D,190,Lightning,,Rare Holo V,c889994ea351
swsh11tg-TG17,swsh11tg,LOR,TG17,Pikachu VMAX,Pokémon,VMAX,D,310,Lightning,Pikachu V,Rare Holo VMAX,bd57fa43a246
swsh11tg-TG18,swsh11tg,LOR,TG18,Enamorus V,Pokémon,Basic|V,F,210,Psychic,,Rare Holo V,e9ce9c63b42e
swsh11tg-TG19,swsh11tg,LOR,TG19,Gallade V,Pokémon,Basic|V,F,220,Fighting,,Rare Holo V,fefe43ccece1
swsh11tg-TG20,swsh11tg,LOR,TG20,Crobat V,Pokémon,Basic|V,D,180,Darkness,,Rare Holo V,7aedae499ab9
swsh11tg-TG21,swsh11tg,LOR,TG21,Eternatus V,Pokémon,Basic|V,D,220,Darkness,,Rare Holo V,0a20fa53046a
swsh11tg-TG22,swsh11tg,LOR,TG22,Eternatus VMAX,Pokémon,VMAX|Eternamax,D,340,Darkness,Eternatus V,Rare Holo VMAX,06d9df3a42b9
swsh11tg-TG23,swsh11tg,LOR,TG23,Adventurer's Discovery,Trainer,Supporter,E,,,,Rare Ultra,e4f22d7a0c31
swsh11tg-TG24,swsh11tg,LOR,TG24,Boss's Orders,Trainer,Supporter,D,,,,Rare Ultra,5fd64782cdc8
swsh11tg-TG25,swsh11tg,LOR,TG25,Cook,Trainer,Supporter,E,,,,Rare Ultra,f9aa0336cef4
swsh11tg-TG26,swsh11tg,LOR,TG26,Kabu,Trainer,Supporter,D,,,,Rare Ultra,5426ca6dafa5
swsh11tg-TG27,swsh11tg,LOR,TG27,Nessa,Trainer,Supporter,D,,,,Rare Ultra,a23c199cc98a
swsh11tg-TG28,swsh11tg,LOR,TG28,Opal,Trainer,Supporter,D,,,,Rare Ultra,1d53e8c02fde
swsh11tg-TG29,swsh11tg,LOR,TG29,Pikachu VMAX,Pokémon,VMAX,D,310,Lightning,Pikachu V,Rare Secret,bd57fa43a246
swsh11tg-TG30,swsh11tg,LOR,TG30,Mew VMAX,Pokémon,VMAX|Fusion Strike,E,310,Psychic,Mew V,Rare Secret,08de6c30170b
swsh12-1,swsh12,SIT,1,Venonat,Pokémon,Basic,F,60,Grass,,Common,c95f19833c38
swsh12-2,swsh12,SIT,2,Venomoth,Pokémon,Stage 1,F,90,Grass,Venonat,Uncommon,3f24831b1310
swsh12-3,swsh12,SIT,3,Spinarak,Pokémon,Basic,F,60,Grass,,Common,afd8f2ce9db5
swsh12-4,swsh12,SIT,4,Ariados,Pokémon,Stage 1,F,90,Grass,Spinarak,Rare Holo,f44ca3aab22d
swsh12-5,swsh12,SIT,5,Sunkern,Pokémon,Basic,F,40,Grass,,Common,e5a3991ae32f
swsh12-6,swsh12,SIT,6,Sunflora,Pokémon,Stage 1,F,90,Grass,Sunkern,Uncommon,d514580a8048
swsh12-7,swsh12,SIT,7,Serperior V,Pokémon,Basic|V,F,210,Grass,,Rare Holo V,f8af8aed384f
swsh12-8,swsh12,SIT,8,Serperior VSTAR,Pokémon,VSTAR,F,270,Grass,Serperior V,Rare Holo VSTAR,650654e8bcb5
swsh12-9,swsh12,SIT,9,Petilil,Pokémon,Basic,F,50,Grass,,Common,9226395a2045
swsh12-10,swsh12,SIT,10,Hisuian Lilligant,Pokémon,Stage 1,F,120,Grass,Petilil,Rare,1bbcbc0f40f9
swsh12-11,swsh12,SIT,11,Foongus,Pokémon,Basic,F,50,Grass,,Common,a705183cc855
swsh12-12,swsh12,SIT,12,Amoonguss,Pokémon,Stage 1,F,90,Grass,Foongus,Rare,83e05564be6b
swsh12-13,swsh12,SIT,13,Durant,Pokémon,Basic,F,110,Grass,,Common,cc8ff7227056
swsh12-14,swsh12,SIT,14,Virizion,Pokémon,Basic,F,110,Grass,,Rare,f43184afb54d
swsh12-15,swsh12,SIT,15,Chesnaught V,Pokémon,Basic|V,F,230,Grass,,Rare Holo V,f42568b42c33
swsh12-16,swsh12,SIT,16,Radiant Tsareena,Pokémon,Basic|Radiant,F,140,Grass,,Radiant Rare,f3c739da63a5
swsh12-17,swsh12,SIT,17,Vulpix,Pokémon,Basic,F,70,Fire,,Common,8c7a2ef097b5
swsh12-18,swsh12,SIT,18,Ninetales,Pokémon,Stage 1,F,110,Fire,Vulpix,Uncommon,3123c208caf2
swsh12-19,swsh12,SIT,19,Growlithe,Pokémon,Basic,F,90,Fire,,Common,1f588f79357e
swsh12-20,swsh12,SIT,20,Arcanine,Pokémon,Stage 1,F,140,Fire,Growlithe,Rare,5f05af3d1406
swsh12-21,swsh12,SIT,21,Ponyta,Pokémon,Basic,F,70,Fire,,Common,41da8776c4e3
swsh12-22,swsh12,SIT,22,Rapidash,Pokémon,Stage 1,F,100,Fire,Ponyta,Rare Holo,07a33a3f3b32
swsh12-23,swsh12,SIT,23,Victini,Pokémon,Basic,F,70,Fire,,Rare,9e40d487a7e6
swsh12-24,swsh12,SIT,24,Reshiram V,Pokémon,Basic|V,F,220,Fire,,Rare Holo V,63e32bf75b78
swsh12-25,swsh12,SIT,25,Fennekin,Pokémon,Basic,F,60,Fire,,Common,ed48ead93517
swsh12-26,swsh12,SIT,26,Braixen,Pokémon,Stage 1,F,90,Fire,Fennekin,Uncommon,ec72dd1e336f
swsh12-27,swsh12,SIT,27,Delphox,Pokémon,Stage 2,F,150,Fire,Braixen,Rare,2241db91a2d3
swsh12-28,swsh12,SIT,28,Fletchinder,Pokémon,Stage 1,F,80,Fire,Fletchling,Uncommon,21f89f3c3dc0
swsh12-29,swsh12,SIT,29,Talonflame,Pokémon,Stage 2,F,140,Fire,Fletchinder,Rare,c3cad12151c9
swsh12-30,swsh12,SIT,30,Litten,Pokémon,Basic,F,70,Fire,,Common,46b53912150d
swsh12-31,swsh12,SIT,31,Torracat,Pokémon,Stage 1,F,80,Fire,Litten,Uncommon,081d4582e17c
swsh12-32,swsh12,SIT,32,Incineroar,Pokémon,Stage 2,F,170,Fire,Torracat,Rare,2860daf40cf0
swsh12-33,swsh12,SIT,33,Alolan Vulpix V,Pokémon,Basic|V,F,190,Water,,Rare Holo V,c82c5e47478e
swsh12-34,swsh12,SIT,34,Alolan Vulpix VSTAR,Pokémon,VSTAR,F,240,Water,Alolan Vulpix V,Rare Holo VSTAR,6948e2829d1f
swsh12-35,swsh12,SIT,35,Omastar V,Pokémon,Basic|V,F,190,Water,,Rare Holo V,d81489191712
swsh12-36,swsh12,SIT,36,Articuno,Pokémon,Basic,F,110,Water,,Rare Holo,2a46729e33ce
swsh12-37,swsh12,SIT,37,Wailmer,Pokémon,Basic,F,110,Water,,Common,beb8f51794e0
swsh12-38,swsh12,SIT,38,Wailord,Pokémon,Stage 1,F,200,Water,Wailmer,Uncommon,0aba91cae7ae
swsh12-39,swsh12,SIT,39,Feebas,Pokémon,Basic,F,30,Water,,Common,377b48cfeed6
swsh12-40,swsh12,SIT,40,Milotic,Pokémon,Stage 1,F,130,Water,Feebas,Rare,17d9adb7b00b
swsh12-41,swsh12,SIT,41,Snorunt,Pokémon,Basic,F,60,Water,,Common,0918680adb5c
swsh12-42,swsh12,SIT,42,Glalie,Pokémon,Stage 1,F,130,Water,Snorunt,Uncommon,d065b9cd6f6f
swsh12-43,swsh12,SIT,43,Froslass,Pokémon,Stage 1,F,90,Water,Snorunt,Rare,cbc5e332f9ff
swsh12-44,swsh12,SIT,44,Relicanth,Pokémon,Basic,F,90,Water,,Common,86d123706ebf
swsh12-45,swsh12,SIT,45,Phione,Pokémon,Basic,F,70,Water,,Rare,4cc27570e682
swsh12-46,swsh12,SIT,46,Keldeo,Pokémon,Basic,F,120,Water,,Rare,3ae89849cdba
swsh12-47,swsh12,SIT,47,Dewpider,Pokémon,Basic,F,60,Water,,Common,ad2a04dd8df6
swsh12-48,swsh12,SIT,48,Araquanid,Pokémon,Stage 1,F,120,Water,Dewpider,Uncommon,6df3b209197f
swsh12-49,swsh12,SIT,49,Pikachu,Pokémon,Basic,F,70,Lightning,,Common,1cfe9823361b
swsh12-50,swsh12,SIT,50,Raichu,Pokémon,Stage 1,F,120,Lightning,Pikachu,Uncommon,7852e4d4bc74
swsh12-51,swsh12,SIT,51,Chinchou,Pokémon,Basic,F,60,Lightning,,Common,b6b1e1e37ebc
swsh12-52,swsh12,SIT,52,Lanturn,Pokémon,Stage 1,F,120,Lightning,Chinchou,Uncommon,2abd08d03d18
swsh12-53,swsh12,SIT,53,Rotom,Pokémon,Basic,F,80,Lightning,,Common,af7798638f90
swsh12-54,swsh12,SIT,54,Emolga,Pokémon,Basic,F,70,Lightning,,Common,4a9fdb14f2f4
swsh12-55,swsh12,SIT,55,Stunfisk,Pokémon,Basic,F,110,Lightning,,Common,01f9f7617bfb
swsh12-56,swsh12,SIT,56,Zeraora,Pokémon,Basic,F,110,Lightning,,Rare,3887733ab468
swsh12-57,swsh12,SIT,57,Regieleki V,Pokémon,Basic|V,F,200,Lightning,,Rare Holo V,28d385fcf6c6
swsh12-58,swsh12,SIT,58,Regieleki VMAX,Pokémon,VMAX,F,310,Lightning,Regieleki V,Rare Holo VMAX,ea3d72544651
swsh12-59,swsh12,SIT,59,Radiant Alakazam,Pokémon,Basic|Radiant,F,130,Psychic,,Radiant Rare,b9adb59f2ccb
swsh12-60,swsh12,SIT,60,Drowzee,Pokémon,Basic,F,70,Psychic,,Common,c5ef627d0561
swsh12-61,swsh12,SIT,61,Hypno,Pokémon,Stage 1,F,110,Psychic,Drowzee,Uncommon,48bb5e4b17ae
swsh12-62,swsh12,SIT,62,Jynx,Pokémon,Basic,F,100,Psychic,,Uncommon,be7ced4812f0
swsh12-63,swsh12,SIT,63,Misdreavus,Pokémon,Basic,F,60,Psychic,,Common,d13e81ed4247
swsh12-64,swsh12,SIT,64,Mismagius,Pokémon,Stage 1,F,90,Psychic,Misdreavus,Rare,3e9c9e039389
swsh12-65,swsh12,SIT,65,Unown V,Pokémon,Basic|V,F,180,Psychic,,Rare Holo V,0dcebc24374c
swsh12-66,swsh12,SIT,66,Unown VSTAR,Pokémon,VSTAR,F,250,Psychic,Unown V,Rare Holo VSTAR,59bf24c3e990
swsh12-67,swsh12,SIT,67,Ralts,Pokémon,Basic,F,60,Psychic,,Common,b23160f030c8
swsh12-68,swsh12,SIT,68,Kirlia,Pokémon,Stage 1,F,80,Psychic,Ralts,Uncommon,c2a45aca4c67
swsh12-69,swsh12,SIT,69,Gardevoir,Pokémon,Stage 2,F,150,Psychic,Kirlia,Rare,7425d0c7f12a
swsh12-70,swsh12,SIT,70,Mawile V,Pokémon,Basic|V,F,200,Psychic,,Rare Holo V,fa5110fbe49d
swsh12-71,swsh12,SIT,71,Mawile VSTAR,Pokémon,VSTAR,F,260,Psychic,Mawile V,Rare Holo VSTAR,94f5eb26bbc7
swsh12-72,swsh12,SIT,72,Meditite,Pokémon,Basic,F,60,Psychic,,Common,b85af25f7d42
swsh12-73,swsh12,SIT,73,Medicham,Pokémon,Stage 1,F,120,Psychic,Meditite,Rare Holo,a8978f924d65
swsh12-74,swsh12,SIT,74,Chimecho,Pokémon,Basic,F,70,Psychic,,Common,fad58087b8ff
swsh12-75,swsh12,SIT,75,Sigilyph,Pokémon,Basic,F,100,Psychic,,Uncommon,8c69955fce6b
swsh12-76,swsh12,SIT,76,Solosis,Pokémon,Basic,F,40,Psychic,,Common,64bc37758d6d
swsh12-77,swsh12,SIT,77,Duosion,Pokémon,Stage 1,F,70,Psychic,Solosis,Uncommon,a3dbdd8577d5
swsh12-78,swsh12,SIT,78,Reuniclus,Pokémon,Stage 2,F,120,Psychic,Duosion,Rare Holo,d39025b00770
swsh12-79,swsh12,SIT,79,Elgyem,Pokémon,Basic,F,60,Psychic,,Common,6c2b3f27025a
swsh12-80,swsh12,SIT,80,Beheeyem,Pokémon,Stage 1,F,90,Psychic,Elgyem,Uncommon,b3dfe71250c8
swsh12-81,swsh12,SIT,81,Espurr,Pokémon,Basic,F,60,Psychic,,Common,c2baa28021d8
swsh12-82,swsh12,SIT,82,Meowstic,Pokémon,Stage 1,F,90,Psychic,Espurr,Uncommon,018def29fc86
swsh12-83,swsh12,SIT,83,Swirlix,Pokémon,Basic,F,60,Psychic,,Common,90a10560bbe2
swsh12-84,swsh12,SIT,84,Slurpuff,Pokémon,Stage 1,F,120,Psychic,Swirlix,Uncommon,33cf6c5b5b20
swsh12-85,swsh12,SIT,85,Dedenne,Pokémon,Basic,F,60,Psychic,,Uncommon,0a4cff34ad59
swsh12-86,swsh12,SIT,86,Indeedee,Pokémon,Basic,F,90,Psychic,,Common,0329572c5768
swsh12-87,swsh12,SIT,87,Dreepy,Pokémon,Basic,F,60,Psychic,,Common,c3f7affad1b8
swsh12-88,swsh12,SIT,88,Drakloak,Pokémon,Stage 1,F,90,Psychic,Dreepy,Uncommon,f5bfb40294da
swsh12-89,swsh12,SIT,89,Dragapult,Pokémon,Stage 2,F,150,Psychic,Drakloak,Rare Holo,86be74981bcc
swsh12-90,swsh12,SIT,90,Hisuian Arcanine V,Pokémon,Basic|V,F,230,Fighting,,Rare Holo V,6d2de5262a73
swsh12-91,swsh12,SIT,91,Phanpy,Pokémon,Basic,F,80,Fighting,,Common,e2ae3fb142f2
swsh12-92,swsh12,SIT,92,Donphan,Pokémon,Stage 1,F,150,Fighting,Phanpy,Uncommon,82b8c3a9b89f
swsh12-93,swsh12,SIT,93,Baltoy,Pokémon,Basic,F,50,Fighting,,Common,69aaa10f7217
swsh12-94,swsh12,SIT,94,Claydol,Pokémon,Stage 1,F,110,Fighting,Baltoy,Uncommon,df68f31dd558
swsh12-95,swsh12,SIT,95,Anorith,Pokémon,Stage 1,F,90,Fighting,Unidentified Fossil,Uncommon,1bcbf8263b86
swsh12-96,swsh12,SIT,96,Armaldo,Pokémon,Stage 2,F,150,Fighting,Anorith,Rare,18f71f1c2f1d
swsh12-97,swsh12,SIT,97,Terrakion,Pokémon,Basic,F,130,Fighting,,Rare Holo,3bc329e66b0b
swsh12-98,swsh12,SIT,98,Hawlucha,Pokémon,Basic,F,80,Fighting,,Common,9521c20df951
swsh12-99,swsh12,SIT,99,Sandygast,Pokémon,Basic,F,80,Fighting,,Common,8cda6364f25b
swsh12-100,swsh12,SIT,100,Palossand,Pokémon,Stage 1,F,140,Fighting,Sandygast,Uncommon,316fd630d546
swsh12-101,swsh12,SIT,101,Stonjourner,Pokémon,Basic,F,130,Fighting,,Uncommon,20ed8fc0e543
swsh12-102,swsh12,SIT,102,Ursaluna V,Pokémon,Basic|V,F,230,Fighting,,Rare Holo V,3f51db78131e
swsh12-103,swsh12,SIT,103,Zubat,Pokémon,Basic,F,40,Darkness,,Common,a00da8f0f629
swsh12-104,swsh12,SIT,104,Golbat,Pokémon,Stage 1,F,70,Darkness,Zubat,Uncommon,1fd5194ed2c9
swsh12-105,swsh12,SIT,105,Crobat,Pokémon,Stage 2,F,130,Darkness,Golbat,Rare Holo,663c2d4bb787
swsh12-106,swsh12,SIT,106,Murkrow,Pokémon,Basic,F,60,Darkness,,Common,4e688113b8a9
swsh12-107,swsh12,SIT,107,Honchkrow,Pokémon,Stage 1,F,120,Darkness,Murkrow,Uncommon,278c67667b3e
swsh12-108,swsh12,SIT,108,Skuntank V,Pokémon,Basic|V,F,210,Darkness,,Rare Holo V,9cd0ec70574b
swsh12-109,swsh12,SIT,109,Croagunk,Pokémon,Basic,F,80,Darkness,,Common,99ef3a2d0476
swsh12-110,swsh12,SIT,110,Toxicroak,Pokémon,Stage 1,F,120,Darkness,Croagunk,Uncommon,79422c028f0a
swsh12-111,swsh12,SIT,111,Sandile,Pokémon,Basic,F,70,Darkness,,Common,9e32fe874b4a
swsh12-112,swsh12,SIT,112,Krokorok,Pokémon,Stage 1,F,100,Darkness,Sandile,Uncommon,5a53c0b55e78
swsh12-113,swsh12,SIT,113,Krookodile,Pokémon,Stage 2,F,160,Darkness,Krokorok,Rare Holo,f9ccf49bc7c2
swsh12-114,swsh12,SIT,114,Mareanie,Pokémon,Basic,F,60,Darkness,,Common,5ea4b40badec
swsh12-115,swsh12,SIT,115,Toxapex,Pokémon,Stage 1,F,120,Darkness,Mareanie,Uncommon,2368e125956e
swsh12-116,swsh12,SIT,116,Morpeko,Pokémon,Basic,F,60,Darkness,,Uncommon,ad4601cce587
swsh12-117,swsh12,SIT,117,Beldum,Pokémon,Basic,F,60,Metal,,Common,de152f2ee832
swsh12-118,swsh12,SIT,118,Metang,Pokémon,Stage 1,F,100,Metal,Beldum,Uncommon,e197ede8d87a
swsh12-119,swsh12,SIT,119,Metagross,Pokémon,Stage 2,F,170,Metal,Metang,Rare Holo,61f38cc47474
swsh12-120,swsh12,SIT,120,Radiant Jirachi,Pokémon,Basic|Radiant,F,90,Metal,,Radiant Rare,d071e6eedc63
swsh12-121,swsh12,SIT,121,Ferroseed,Pokémon,Basic,F,60,Metal,,Common,49b08c7278e8
swsh12-122,swsh12,SIT,122,Ferrothorn,Pokémon,Stage 1,F,130,Metal,Ferroseed,Uncommon,fafdac121283
swsh12-123,swsh12,SIT,123,Klink,Pokémon,Basic,F,50,Metal,,Common,1ea189d0a6c0
swsh12-124,swsh12,SIT,124,Klang,Pokémon,Stage 1,F,90,Metal,Klink,Uncommon,79976eb206cb
swsh12-125,swsh12,SIT,125,Klinklang,Pokémon,Stage 2,F,160,Metal,Klang,Rare,9fe768013e7d
swsh12-126,swsh12,SIT,126,Cobalion,Pokémon,Basic,F,120,Metal,,Rare,03e9b8046986
swsh12-127,swsh12,SIT,127,Togedemaru,Pokémon,Basic,F,80,Metal,,Common,6be0dbbb8f54
swsh12-128,swsh12,SIT,128,Magearna V,Pokémon,Basic|V,F,210,Metal,,Rare Holo V,b2edceeeb76b
swsh12-129,swsh12,SIT,129,Dratini,Pokémon,Basic,F,70,Dragon,,Common,a73ab48b5812
swsh12-130,swsh12,SIT,130,Dragonair,Pokémon,Stage 1,F,100,Dragon,Dratini,Uncommon,ea291bf53df3
swsh12-131,swsh12,SIT,131,Dragonite,Pokémon,Stage 2,F,160,Dragon,Dragonair,Rare Holo,7cc3d5e21651
swsh12-132,swsh12,SIT,132,Noibat,Pokémon,Basic,F,60,Dragon,,Common,d43c854a6607
swsh12-133,swsh12,SIT,133,Noivern,Pokémon,Stage 1,F,110,Dragon,Noibat,Rare,d63879d242b7
swsh12-134,swsh12,SIT,134,Zygarde,Pokémon,Basic,F,90,Dragon,,Rare,882454e9dd73
swsh12-135,swsh12,SIT,135,Regidrago V,Pokémon,Basic|V,F,220,Dragon,,Rare Holo V,bc60a688771a
swsh12-136,swsh12,SIT,136,Regidrago VSTAR,Pokémon,VSTAR,F,280,Dragon,Regidrago V,Rare Holo VSTAR,ca481cd3a23c
swsh12-137,swsh12,SIT,137,Smeargle,Pokémon,Basic,F,70,Colorless,,Common,82aa985c8ff8
swsh12-138,swsh12,SIT,138,Lugia V,Pokémon,Basic|V,F,220,Colorless,,Rare Holo V,521dd43c0479
swsh12-139,swsh12,SIT,139,Lugia VSTAR,Pokémon,VSTAR,F,280,Colorless,Lugia V,Rare Holo VSTAR,79eb4d54f84b
swsh12-140,swsh12,SIT,140,Ho-Oh V,Pokémon,Basic|V,F,230,Colorless,,Rare Holo V,aed6b5bed699
swsh12-141,swsh12,SIT,141,Spinda,Pokémon,Basic,F,90,Colorless,,Common,bdb0cb536c63
swsh12-142,swsh12,SIT,142,Swablu,Pokémon,Basic,F,50,Colorless,,Common,4c3713d31826
swsh12-143,swsh12,SIT,143,Altaria,Pokémon,Stage 1,F,110,Colorless,Swablu,Uncommon,8bf3c4b2a375
swsh12-144,swsh12,SIT,144,Buneary,Pokémon,Basic,F,60,Colorless,,Common,3002cb8ec8d7
swsh12-145,swsh12,SIT,145,Lopunny,Pokémon,Stage 1,F,110,Colorless,Buneary,Uncommon,92957080f8f1
swsh12-146,swsh12,SIT,146,Archen,Pokémon,Stage 1,F,80,Colorless,Unidentified Fossil,Uncommon,8a2b7e45f349
swsh12-147,swsh12,SIT,147,Archeops,Pokémon,Stage 2,F,150,Colorless,Archen,Rare Holo,5f9cd63f72f6
swsh12-148,swsh12,SIT,148,Rufflet,Pokémon,Basic,F,70,Colorless,,Common,754efffaceed
swsh12-149,swsh12,SIT,149,Hisuian Braviary,Pokémon,Stage 1,F,120,Colorless,Rufflet,Rare,ae1ee33a82e4
swsh12-150,swsh12,SIT,150,Fletchling,Pokémon,Basic,F,40,Colorless,,Common,b36f7c422830
swsh12-151,swsh12,SIT,151,Brandon,Trainer,Supporter,F,,,,Uncommon,be338881dc24
swsh12-152,swsh12,SIT,152,Candice,Trainer,Supporter,F,,,,Uncommon,4c46156f4fd9
swsh12-153,swsh12,SIT,153,Capturing Aroma,Trainer,Item,F,,,,Uncommon,90a64ecfb48b
swsh12-154,swsh12,SIT,154,Earthen Seal Stone,Trainer,Item|Pokémon Tool,F,,,,Rare Holo,960361cf5d0f
swsh12-155,swsh12,SIT,155,Emergency Jelly,Trainer,Item|Pokémon Tool,F,,,,Uncommon,e891ba4f0779
swsh12-156,swsh12,SIT,156,Forest Seal Stone,Trainer,Item|Pokémon Tool,F,,,,Rare Holo,3198ba76c24c
swsh12-157,swsh12,SIT,157,Furisode Girl,Trainer,Supporter,F,,,,Uncommon,fbb1d082cfa9
swsh12-158,swsh12,SIT,158,Gym Trainer,Trainer,Supporter,D,,,,Uncommon,ce6616254e94
swsh12-159,swsh12,SIT,159,Lance,Trainer,Supporter,F,,,,Uncommon,ecd1e46d68df
swsh12-160,swsh12,SIT,160,Leafy Camo Poncho,Trainer,Item|Pokémon Tool,F,,,,Uncommon,7c3b1da97416
swsh12-161,swsh12,SIT,161,Primordial Altar,Trainer,Stadium,F,,,,Uncommon,daeb9365076f
swsh12-162,swsh12,SIT,162,Professor Laventon,Trainer,Supporter,F,,,,Uncommon,b194ec98be73
swsh12-163,swsh12,SIT,163,Quad Stone,Trainer,Item,F,,,,Uncommon,dc9d42f4cc57
swsh12-164,swsh12,SIT,164,Serena,Trainer,Supporter,F,,,,Uncommon,6ef268886cc1
swsh12-165,swsh12,SIT,165,Unidentified Fossil,Trainer,Item,F,,,,Uncommon,c2b0869d1090
swsh12-166,swsh12,SIT,166,Wallace,Trainer,Supporter,F,,,,Uncommon,d92956485280
swsh12-167,swsh12,SIT,167,Worker,Trainer,Supporter,F,,,,Uncommon,496b1120b43e
swsh12-168,swsh12,SIT,168,Regenerative Energy,Energy,Special,F,,,,Uncommon,ee5b084a0edc
swsh12-169,swsh12,SIT,169,V Guard Energy,Energy,Special,F,,,,Uncommon,20d975b23704
swsh12-170,swsh12,SIT,170,Serperior V,Pokémon,Basic|V,F,210,Grass,,Rare Ultra,f8af8aed384f
swsh12-171,swsh12,SIT,171,Chesnaught V,Pokémon,Basic|V,F,230,Grass,,Rare Ultra,f42568b42c33
swsh12-172,swsh12,SIT,172,Reshiram V,Pokémon,Basic|V,F,220,Fire,,Rare Ultra,63e32bf75b78
swsh12-173,swsh12,SIT,173,Alolan Vulpix V,Pokémon,Basic|V,F,190,Water,,Rare Ultra,c82c5e47478e
swsh12-174,swsh12,SIT,174,Omastar V,Pokémon,Basic|V,F,190,Water,,Rare Ultra,d81489191712
swsh12-175,swsh12,SIT,175,Regieleki V,Pokémon,Basic|V,F,200,Lightning,,Rare Ultra,28d385fcf6c6
swsh12-176,swsh12,SIT,176,Unown V,Pokémon,Basic|V,F,180,Psychic,,Rare Ultra,0dcebc24374c
swsh12-177,swsh12,SIT,177,Unown V,Pokémon,Basic|V,F,180,Psychic,,Rare Ultra,0dcebc24374c
swsh12-178,swsh12,SIT,178,Mawile V,Pokémon,Basic|V,F,200,Psychic,,Rare Ultra,fa5110fbe49d
swsh12-179,swsh12,SIT,179,Hisuian Arcanine V,Pokémon,Basic|V,F,230,Fighting,,Rare Ultra,6d2de5262a73
swsh12-180,swsh12,SIT,180,Skuntank V,Pokémon,Basic|V,F,210,Darkness,,Rare Ultra,9cd0ec70574b
swsh12-181,swsh12,SIT,181,Skuntank V,Pokémon,Basic|V,F,210,Darkness,,Rare Ultra,9cd0ec70574b
swsh12-182,swsh12,SIT,182,Magearna V,Pokémon,Basic|V,F,210,Metal,,Rare Ultra,b2edceeeb76b
swsh12-183,swsh12,SIT,183,Regidrago V,Pokémon,Basic|V,F,220,Dragon,,Rare Ultra,bc60a688771a
swsh12-184,swsh12,SIT,184,Regidrago V,Pokémon,Basic|V,F,220,Dragon,,Rare Ultra,bc60a688771a
swsh12-185,swsh12,SIT,185,Lugia V,Pokémon,Basic|V,F,220,Colorless,,Rare Ultra,521dd43c0479
swsh12-186,swsh12,SIT,186,Lugia V,Pokémon,Basic|V,F,220,Colorless,,Rare Ultra,521dd43c0479
swsh12-187,swsh12,SIT,187,Ho-Oh V,Pokémon,Basic|V,F,230,Colorless,,Rare Ultra,aed6b5bed699
swsh12-188,swsh12,SIT,188,Brandon,Trainer,Supporter,F,,,,Rare Ultra,be338881dc24
swsh12-189,swsh12,SIT,189,Candice,Trainer,Supporter,F,,,,Rare Ultra,4c46156f4fd9
swsh12-190,swsh12,SIT,190,Furisode Girl,Trainer,Supporter,F,,,,Rare Ultra,fbb1d082cfa9
swsh12-191,swsh12,SIT,191,Gym Trainer,Trainer,Supporter,D,,,,Rare Ultra,ce6616254e94
swsh12-192,swsh12,SIT,192,Lance,Trainer,Supporter,F,,,,Rare Ultra,ecd1e46d68df
swsh12-193,swsh12,SIT,193,Serena,Trainer,Supporter,F,,,,Rare Ultra,6ef268886cc1
swsh12-194,swsh12,SIT,194,Wallace,Trainer,Supporter,F,,,,Rare Ultra,d92956485280
swsh12-195,swsh12,SIT,195,Worker,Trainer,Supporter,F,,,,Rare Ultra,496b1120b43e
swsh12-196,swsh12,SIT,196,Serperior VSTAR,Pokémon,VSTAR,F,270,Grass,Serperior V,Rare Rainbow,650654e8bcb5
swsh12-197,swsh12,SIT,197,Alolan Vulpix VSTAR,Pokémon,VSTAR,F,240,Water,Alolan Vulpix V,Rare Rainbow,6948e2829d1f
swsh12-198,swsh12,SIT,198,Regieleki VMAX,Pokémon,VMAX,F,310,Lightning,Regieleki V,Rare Rainbow,ea3d72544651
swsh12-199,swsh12,SIT,199,Unown VSTAR,Pokémon,VSTAR,F,250,Psychic,Unown V,Rare Rainbow,59bf24c3e990
swsh12-200,swsh12,SIT,200,Mawile VSTAR,Pokémon,VSTAR,F,260,Psychic,Mawile V,Rare Rainbow,94f5eb26bbc7
swsh12-201,swsh12,SIT,201,Regidrago VSTAR,Pokémon,VSTAR,F,280,Dragon,Regidrago V,Rare Rainbow,ca481cd3a23c
swsh12-202,swsh12,SIT,202,Lugia VSTAR,Pokémon,VSTAR,F,280,Colorless,Lugia V,Rare Rainbow,79eb4d54f84b
swsh12-203,swsh12,SIT,203,Brandon,Trainer,Supporter,F,,,,Rare Rainbow,be338881dc24
swsh12-204,swsh12,SIT,204,Candice,Trainer,Supporter,F,,,,Rare Rainbow,4c46156f4fd9
swsh12-205,swsh12,SIT,205,Furisode Girl,Trainer,Supporter,F,,,,Rare Rainbow,fbb1d082cfa9
swsh12-206,swsh12,SIT,206,Lance,Trainer,Supporter,F,,,,Rare Rainbow,ecd1e46d68df
swsh12-207,swsh12,SIT,207,Serena,Trainer,Supporter,F,,,,Rare Rainbow,6ef268886cc1
swsh12-208,swsh12,SIT,208,Wallace,Trainer,Supporter,F,,,,Rare Rainbow,d92956485280
swsh12-209,swsh12,SIT,209,Worker,Trainer,Supporter,F,,,,Rare Rainbow,496b1120b43e
swsh12-210,swsh12,SIT,210,Serperior VSTAR,Pokémon,VSTAR,F,270,Grass,Serperior V,Rare Secret,650654e8bcb5
swsh12-211,swsh12,SIT,211,Lugia VSTAR,Pokémon,VSTAR,F,280,Colorless,Lugia V,Rare Secret,79eb4d54f84b
swsh12-212,swsh12,SIT,212,Energy Switch,Trainer,Item,F,,,,Rare Secret,8468f21119cc
swsh12-213,swsh12,SIT,213,Gapejaw Bog,Trainer,Stadium,F,,,,Rare Secret,546a3dda9284
swsh12-214,swsh12,SIT,214,Leafy Camo Poncho,Trainer,Item|Pokémon Tool,F,,,,Rare Secret,7c3b1da97416
swsh12-215,swsh12,SIT,215,V Guard Energy,Energy,Special,F,,,,Rare Secret,20d975b23704
swsh12tg-TG01,swsh12tg,SIT,TG01,Braixen,Pokémon,Stage 1,F,90,Fire,Fennekin,Trainer Gallery Rare Holo,ec72dd1e336f
swsh12tg-TG02,swsh12tg,SIT,TG02,Milotic,Pokémon,Stage 1,F,130,Water,Feebas,Trainer Gallery Rare Holo,17d9adb7b00b
swsh12tg-TG03,swsh12tg,SIT,TG03,Flaaffy,Pokémon,Stage 1,E,90,Lightning,Mareep,Trainer Gallery Rare Holo,0e2a3094a4f0
swsh12tg-TG04,swsh12tg,SIT,TG04,Jynx,Pokémon,Basic,F,100,Psychic,,Trainer Gallery Rare Holo,be7ced4812f0
swsh12tg-TG05,swsh12tg,SIT,TG05,Gardevoir,Pokémon,Stage 2,F,150,Psychic,Kirlia,Trainer Gallery Rare Holo,7425d0c7f12a
swsh12tg-TG06,swsh12tg,SIT,TG06,Malamar,Pokémon,Stage 1|Rapid Strike,E,120,Psychic,Inkay,Trainer Gallery Rare Holo,33bcef68a9fa
swsh12tg-TG07,swsh12tg,SIT,TG07,Rockruff,Pokémon,Basic|Single Strike,E,70,Fighting,,Trainer Gallery Rare Holo,b0c3fda4ab4a
swsh12tg-TG08,swsh12tg,SIT,TG08,Passimian,Pokémon,Basic|Rapid Strike,E,110,Fighting,,Trainer Gallery Rare Holo,0aa3ab906d6c
swsh12tg-TG09,swsh12tg,SIT,TG09,Druddigon,Pokémon,Basic,E,120,Dragon,,Trainer Gallery Rare Holo,331adc779efd
swsh12tg-TG10,swsh12tg,SIT,TG10,Smeargle,Pokémon,Basic,F,70,Colorless,,Trainer Gallery Rare Holo,82aa985c8ff8
swsh12tg-TG11,swsh12tg,SIT,TG11,Altaria,Pokémon,Stage 1,F,110,Colorless,Swablu,Trainer Gallery Rare Holo,8bf3c4b2a375
swsh12tg-TG12,swsh12tg,SIT,TG12,Kricketune V,Pokémon,Basic|V,E,180,Grass,,Rare Holo V,2d3402790964
swsh12tg-TG13,swsh12tg,SIT,TG13,Serperior V,Pokémon,Basic|V,F,210,Grass,,Rare Holo V,f8af8aed384f
swsh12tg-TG14,swsh12tg,SIT,TG14,Blaziken V,Pokémon,Basic|V|Rapid Strike,E,210,Fire,,Rare Holo V,ac57cb76793f
swsh12tg-TG15,swsh12tg,SIT,TG15,Blaziken VMAX,Pokémon,VMAX|Rapid Strike,E,320,Fire,Blaziken V,Rare Holo VMAX,b6f56774b829
swsh12tg-TG16,swsh12tg,SIT,TG16,Zeraora V,Pokémon,Basic|V|Rapid Strike,E,210,Lightning,,Rare Holo V,7f0cb9c79bd9
swsh12tg-TG17,swsh12tg,SIT,TG17,Mawile V,Pokémon,Basic|V,F,200,Psychic,,Rare Holo V,fa5110fbe49d
swsh12tg-TG18,swsh12tg,SIT,TG18,Corviknight V,Pokémon,Basic|V,E,210,Metal,,Rare Holo V,c9a4ea561c6e
swsh12tg-TG19,swsh12tg,SIT,TG19,Corviknight VMAX,Pokémon,VMAX,E,320,Metal,Corviknight V,Rare Holo VMAX,8e508e854290
swsh12tg-TG20,swsh12tg,SIT,TG20,Rayquaza VMAX,Pokémon,VMAX|Rapid Strike,E,320,Dragon,Rayquaza V,Rare Holo VMAX,d9401b971e72
swsh12tg-TG21,swsh12tg,SIT,TG21,Duraludon VMAX,Pokémon,VMAX|Single Strike,E,330,Dragon,Duraludon V,Rare Holo VMAX,49e46562fca3
swsh12tg-TG22,swsh12tg,SIT,TG22,Blissey V,Pokémon,Basic|V,E,250,Colorless,,Rare Holo V,51683eadec76
swsh12tg-TG23,swsh12tg,SIT,TG23,Friends in Galar,Trainer,Supporter,E,,,,Rare Ultra,f69f39418999
swsh12tg-TG24,swsh12tg,SIT,TG24,Gordie,Trainer,Supporter,E,,,,Rare Ultra,f630eb6fd0e7
swsh12tg-TG25,swsh12tg,SIT,TG25,Judge,Trainer,Supporter,E,,,,Rare Ultra,b1f42a8a89d3
swsh12tg-TG26,swsh12tg,SIT,TG26,Professor Burnet,Trainer,Supporter,E,,,,Rare Ultra,8677c6a6ed88
swsh12tg-TG27,swsh12tg,SIT,TG27,Raihan,Trainer,Supporter,E,,,,Rare Ultra,e9dd89fbd293
swsh12tg-TG28,swsh12tg,SIT,TG28,Sordward & Shielbert,Trainer,Supporter,D,,,,Rare Ultra,ce734946e4a8
swsh12tg-TG29,swsh12tg,SIT,TG29,Rayquaza VMAX,Pokémon,VMAX|Rapid Strike,E,320,Dragon,Rayquaza V,Rare Secret,d9401b971e72
swsh12tg-TG30,swsh12tg,SIT,TG30,Duraludon VMAX,Pokémon,VMAX|Single Strike,E,330,Dragon,Duraludon V,Rare Secret,49e46562fca3
svp-1,svp,SVP,1,Sprigatito,Pokémon,Basic,G,70,Grass,,Promo,325ac2b7a069
svp-2,svp,SVP,2,Fuecoco,Pokémon,Basic,G,80,Fire,,Promo,28e87b885a28
svp-3,svp,SVP,3,Quaxly,Pokémon,Basic,G,70,Water,,Promo,8004f145794a
svp-4,svp,SVP,4,Mimikyu ex,Pokémon,Basic|ex,G,190,Psychic,,Promo,4a979db63b74
svp-5,svp,SVP,5,Quaquaval,Pokémon,Stage 2,G,170,Water,Quaxwell,Promo,77a02e81e51f
svp-6,svp,SVP,6,Pawmot,Pokémon,Stage 2,G,130,Lightning,Pawmo,Promo,28368e2af856
svp-7,svp,SVP,7,Hawlucha,Pokémon,Basic,G,70,Fighting,,Promo,db6a005aa808
svp-8,svp,SVP,8,Revavroom,Pokémon,Stage 1,G,140,Metal,Varoom,Promo,339a96215c9f
svp-9,svp,SVP,9,Spidops,Pokémon,Stage 1,G,120,Grass,Tarountula,Promo,e90c98daaf33
svp-10,svp,SVP,10,Espathra,Pokémon,Stage 1,G,110,Psychic,Flittle,Promo,71c81641eaf1
svp-11,svp,SVP,11,Arcanine,Pokémon,Stage 1,G,130,Fire,Growlithe,Promo,6fcc9790fbc5
svp-12,svp,SVP,12,Dondozo,Pokémon,Basic,G,150,Water,,Promo,e7847f71dd70
svp-13,svp,SVP,13,Miraidon,Pokémon,Basic,G,120,Lightning,,Promo,cf94b992ae5e
svp-14,svp,SVP,14,Koraidon,Pokémon,Basic,G,130,Fighting,,Promo,d4cc5f62e9cd
svp-15,svp,SVP,15,Flaaffy,Pokémon,Stage 1,G,90,Lightning,Mareep,Promo,0f6cd8f7f5c6
svp-16,svp,SVP,16,Ampharos ex,Pokémon,Stage 2|ex,G,330,Lightning,Flaaffy,Promo,f37060fac293
svp-17,svp,SVP,17,Lucario ex,Pokémon,Stage 1|ex,G,260,Fighting,Riolu,Promo,c273a144c0a5
svp-18,svp,SVP,18,Cyclizar ex,Pokémon,Basic|ex,G,210,Colorless,,Promo,698bb1aa3746
svp-19,svp,SVP,19,Baxcalibur,Pokémon,Stage 2,G,160,Water,Arctibax,Promo,7095ca9075d0
svp-20,svp,SVP,20,Tinkaton,Pokémon,Stage 2,G,140,Psychic,Tinkatuff,Promo,ffb99837158c
svp-21,svp,SVP,21,Murkrow,Pokémon,Basic,G,60,Darkness,,Promo,91c0581472ba
svp-22,svp,SVP,22,Pelipper,Pokémon,Stage 1,G,120,Colorless,Wingull,Promo,7f8a53eaa6e1
svp-23,svp,SVP,23,Smoliv,Pokémon,Basic,G,60,Grass,,Promo,2a26cdfce282
svp-24,svp,SVP,24,Growlithe,Pokémon,Basic,G,90,Fire,,Promo,a4c631eef09f
svp-25,svp,SVP,25,Tinkatink,Pokémon,Basic,G,70,Psychic,,Promo,8264d7a1b5fd
svp-26,svp,SVP,26,Varoom,Pokémon,Basic,G,60,Metal,,Promo,768ffa387d18
svp-27,svp,SVP,27,Pikachu,Pokémon,Basic,G,60,Lightning,,Promo,c6a514d4354f
svp-28,svp,SVP,28,Miraidon ex,Pokémon,Basic|ex,G,220,Lightning,,Promo,4622ab51a6cd
svp-29,svp,SVP,29,Koraidon ex,Pokémon,Basic|ex,G,230,Fighting,,Promo,dc4101540286
svp-30,svp,SVP,30,Chien-Pao ex,Pokémon,Basic|ex,G,220,Water,,Promo,ee96253b171d
svp-31,svp,SVP,31,Tinkaton ex,Pokémon,Stage 2|ex,G,300,Psychic,Tinkatuff,Promo,c8b49252edf7
svp-32,svp,SVP,32,Annihilape ex,Pokémon,Stage 2|ex,G,320,Fighting,Primeape,Promo,203fec2ce9b9
svp-33,svp,SVP,33,Meowscarada ex,Pokémon,Stage 2|ex,G,310,Grass,Floragato,Promo,ac631aab9f49
svp-34,svp,SVP,34,Skeledirge ex,Pokémon,Stage 2|ex,G,340,Fire,Crocalor,Promo,fc95f9f6d6ce
svp-35,svp,SVP,35,Quaquaval ex,Pokémon,Stage 2|ex,G,320,Water,Quaxwell,Promo,29581d9fad66
svp-36,svp,SVP,36,Palafin,Pokémon,Stage 1,G,150,Water,Finizen,Promo,fb84d8811529
svp-37,svp,SVP,37,Cleffa,Pokémon,Basic,G,30,Psychic,,Promo,04dc7ae2a201
svp-38,svp,SVP,38,Togekiss,Pokémon,Stage 2,G,150,Psychic,Togetic,Promo,2d40fa660bba
svp-39,svp,SVP,39,Mawile,Pokémon,Basic,G,90,Metal,,Promo,301410f7ffcc
svp-40,svp,SVP,40,Pawmi,Pokémon,Basic,G,50,Lightning,,Promo,bfe310838229
svp-41,svp,SVP,41,Paldean Wooper,Pokémon,Basic,G,60,Darkness,,Promo,746d47526d7b
svp-42,svp,SVP,42,Houndstone,Pokémon,Stage 1,G,130,Psychic,Greavard,Promo,56927411616d
svp-43,svp,SVP,43,Eevee,Pokémon,Basic,G,60,Colorless,,Promo,fde91d659243
svp-44,svp,SVP,44,Charmander,Pokémon,Basic,G,60,Fire,,Promo,a4f54f927594
svp-45,svp,SVP,45,Paradise Resort,Trainer,Stadium,G,,,,Promo,4f62c6fcf464
svp-46,svp,SVP,46,Bulbasaur,Pokémon,Basic,G,70,Grass,,Promo,2ef00d2f9921
svp-47,svp,SVP,47,Charmander,Pokémon,Basic,G,70,Fire,,Promo,eb4e0b6745c8
svp-48,svp,SVP,48,Squirtle,Pokémon,Basic,G,70,Water,,Promo,965186c70ead
svp-49,svp,SVP,49,Zapdos ex,Pokémon,Basic|ex,G,200,Lightning,,Promo,f6b0efcd4ee3
svp-50,svp,SVP,50,Alakazam ex,Pokémon,Stage 2|ex,G,310,Psychic,Kadabra,Promo,25a571fcba2a
svp-51,svp,SVP,51,Snorlax,Pokémon,Basic,G,150,Colorless,,Promo,3a6d00b79033
svp-52,svp,SVP,52,Mewtwo,Pokémon,Basic,G,130,Psychic,,Promo,3ec20fbeea5e
svp-53,svp,SVP,53,Mew ex,Pokémon,Basic|ex,G,180,Psychic,,Promo,351431615890
svp-54,svp,SVP,54,Greninja ex,Pokémon,Stage 2|ex,G,300,Water,Frogadier,Promo,064cbd6a4896
svp-55,svp,SVP,55,Kangaskhan ex,Pokémon,Basic|ex,G,230,Colorless,,Promo,440522722308
svp-56,svp,SVP,56,Charizard ex,Pokémon,Stage 2|Tera|ex,G,330,Darkness,Charmeleon,Promo,6d7fc30e9fba
svp-57,svp,SVP,57,Chi-Yu,Pokémon,Basic,G,110,Fire,,Promo,68959f1318d9
svp-58,svp,SVP,58,Iron Bundle,Pokémon,Basic|Future,G,100,Water,,Promo,ab28b84e8b34
svp-59,svp,SVP,59,Xatu,Pokémon,Stage 1,G,100,Psychic,Natu,Promo,22f483f797fa
svp-60,svp,SVP,60,Aegislash,Pokémon,Stage 2,G,150,Metal,Doublade,Promo,6552b8f71ea7
svp-61,svp,SVP,61,Pineco,Pokémon,Basic,G,70,Grass,,Promo,229e31810508
svp-62,svp,SVP,62,Sinistea,Pokémon,Basic,G,30,Psychic,,Promo,d77bd4c903a6
svp-63,svp,SVP,63,Cetitan,Pokémon,Stage 1,G,170,Water,Cetoddle,Promo,9cff612f4424
svp-64,svp,SVP,64,Arctibax,Pokémon,Stage 1,G,90,Water,Frigibax,Promo,b02a73cb38df
svp-65,svp,SVP,65,Scream Tail,Pokémon,Basic|Ancient,G,90,Psychic,,Promo,ab092c7af6c5
svp-66,svp,SVP,66,Iron Bundle,Pokémon,Basic|Future,G,100,Water,,Promo,ab28b84e8b34
svp-67,svp,SVP,67,Roaring Moon ex,Pokémon,Basic|ex|Ancient,G,230,Darkness,,Promo,70cb3b9f1dc1
svp-68,svp,SVP,68,Iron Valiant ex,Pokémon,Basic|ex|Future,G,220,Psychic,,Promo,da3a89d169d4
svp-69,svp,SVP,69,Fidough,Pokémon,Basic,G,50,Psychic,,Promo,59e237a2a739
svp-70,svp,SVP,70,Greavard,Pokémon,Basic,G,70,Psychic,,Promo,4e52a7c91630
svp-71,svp,SVP,71,Maschiff,Pokémon,Basic,G,60,Darkness,,Promo,48b7e38a5f27
svp-72,svp,SVP,72,Great Tusk ex,Pokémon,Basic|ex|Ancient,G,250,Fighting,,Promo,b8ca1505bbb3
svp-73,svp,SVP,73,Iron Treads ex,Pokémon,Basic|ex|Future,G,220,Metal,,Promo,f8a48c5f66ae
svp-74,svp,SVP,74,Charizard ex,Pokémon,Stage 2|Tera|ex,G,330,Darkness,Charmeleon,Promo,6d7fc30e9fba
svp-75,svp,SVP,75,Mimikyu,Pokémon,Basic,G,70,Psychic,,Promo,83ed3f436236
svp-76,svp,SVP,76,Sprigatito,Pokémon,Basic,G,60,Grass,,Promo,179f73d6ab61
svp-77,svp,SVP,77,Floragato,Pokémon,Stage 1,G,90,Grass,Sprigatito,Promo,38759aca8bb7
svp-78,svp,SVP,78,Meowscarada ex,Pokémon,Stage 2|ex,G,310,Grass,Floragato,Promo,ac631aab9f49
svp-79,svp,SVP,79,Fuecoco,Pokémon,Basic,G,80,Fire,,Promo,3f8368826f77
svp-80,svp,SVP,80,Crocalor,Pokémon,Stage 1,G,110,Fire,Fuecoco,Promo,d311daa2f74a
svp-81,svp,SVP,81,Skeledirge ex,Pokémon,Stage 2|ex,G,340,Fire,Crocalor,Promo,fc95f9f6d6ce
svp-82,svp,SVP,82,Quaxly,Pokémon,Basic,G,70,Water,,Promo,b51d1ccd513b
svp-83,svp,SVP,83,Quaxwell,Pokémon,Stage 1,G,90,Water,Quaxly,Promo,33422196a6d8
svp-84,svp,SVP,84,Quaquaval ex,Pokémon,Stage 2|ex,G,320,Water,Quaxwell,Promo,29581d9fad66
svp-85,svp,SVP,85,Pikachu with Grey Felt Hat,Pokémon,Basic,G,60,Lightning,,Promo,ad058f5ffc30
svp-86,svp,SVP,86,Mabosstiff ex,Pokémon,Stage 1|ex,G,260,Darkness,Maschiff,Promo,a9a938fa08fb
svp-87,svp,SVP,87,Sprigatito ex,Pokémon,Basic|ex,H,200,Grass,,Promo,a3039dc314be
svp-88,svp,SVP,88,Pikachu,Pokémon,Basic,G,70,Lightning,,Promo,96921b2839af
svp-89,svp,SVP,89,Feraligatr,Pokémon,Stage 2,H,180,Water,Croconaw,Promo,d3779eec1f7a
svp-90,svp,SVP,90,Metang,Pokémon,Stage 1,H,100,Metal,Beldum,Promo,5ff02476d570
svp-91,svp,SVP,91,Koraidon,Pokémon,Basic|Ancient,H,140,Dragon,,Promo,41511008bbbe
svp-92,svp,SVP,92,Miraidon,Pokémon,Basic|Future,H,110,Dragon,,Promo,c5ceb9b3ca45
svp-93,svp,SVP,93,Carvanha,Pokémon,Basic,G,50,Water,,Promo,e9eb73577b07
svp-94,svp,SVP,94,Bellibolt,Pokémon,Stage 1,G,130,Lightning,Tadbulb,Promo,39df58cd8a89
svp-95,svp,SVP,95,Cleffa,Pokémon,Basic,G,30,Psychic,,Promo,4ee69d83f98c
svp-96,svp,SVP,96,Cyclizar,Pokémon,Basic,G,120,Colorless,,Promo,51440f78928b
svp-97,svp,SVP,97,Flutter Mane,Pokémon,Basic|Ancient,H,90,Psychic,,Promo,b68d889b36fa
svp-98,svp,SVP,98,Iron Thorns,Pokémon,Basic|Future,H,140,Lightning,,Promo,2ecd7c9eb20a
svp-99,svp,SVP,99,Shroodle,Pokémon,Basic,G,50,Colorless,,Promo,b998a054fbf6
svp-100,svp,SVP,100,Grafaiai ex,Pokémon,Stage 1|ex,G,250,Colorless,Shroodle,Promo,482c455450b0
svp-101,svp,SVP,101,Pikachu,Pokémon,Basic,G,70,Lightning,,Promo,702b91d10d6c
svp-102,svp,SVP,102,Oddish,Pokémon,Basic,G,60,Grass,,Promo,a768c943d68a
svp-103,svp,SVP,103,Houndoom ex,Pokémon,Stage 1|ex,G,270,Darkness,Houndour,Promo,d3e0555ded94
svp-104,svp,SVP,104,Melmetal ex,Pokémon,Stage 1|ex,G,300,Metal,Meltan,Promo,291a7b753f27
svp-105,svp,SVP,105,Armarouge ex,Pokémon,Stage 1|ex,H,260,Fire,Charcadet,Promo,64ac787a3c92
svp-106,svp,SVP,106,Pikachu ex,Pokémon,Basic|ex,H,200,Lightning,,Promo,1e53c9f04c25
svp-107,svp,SVP,107,Mareep,Pokémon,Basic,H,60,Lightning,,Promo,7192c5d29cca
svp-108,svp,SVP,108,Flaaffy,Pokémon,Stage 1,H,90,Lightning,Mareep,Promo,c9900f5dd535
svp-109,svp,SVP,109,Ampharos,Pokémon,Stage 2,H,160,Lightning,Flaaffy,Promo,1902db5e9f8a
svp-110,svp,SVP,110,Darkrai ex,Pokémon,Basic|ex,H,210,Darkness,,Promo,80285535798f
svp-111,svp,SVP,111,Pawniard,Pokémon,Basic,H,70,Darkness,,Promo,2b4fff4cd105
svp-112,svp,SVP,112,Bisharp,Pokémon,Stage 1,H,100,Darkness,Pawniard,Promo,d3a5377ee342
svp-113,svp,SVP,113,Kingambit,Pokémon,Stage 2,H,170,Darkness,Bisharp,Promo,486f8a2681b6
svp-114,svp,SVP,114,Picnicker,Trainer,Supporter,H,,,,Promo,c8faaf51dd9c
svp-115,svp,SVP,115,Thwackey,Pokémon,Stage 1,H,100,Grass,Grookey,Promo,ce40e876b99d
svp-116,svp,SVP,116,Infernape,Pokémon,Stage 2,H,140,Fire,Monferno,Promo,05f0dfd2103a
svp-117,svp,SVP,117,Froslass,Pokémon,Stage 1,H,90,Water,Snorunt,Promo,89262dcad773
svp-118,svp,SVP,118,Tatsugiri,Pokémon,Basic,H,70,Dragon,,Promo,0504e4b4a5de
svp-119,svp,SVP,119,Toxel,Pokémon,Basic,G,70,Lightning,,Promo,01c4d9c436e1
svp-120,svp,SVP,120,Pupitar,Pokémon,Stage 1,G,80,Fighting,Larvitar,Promo,cd0abd4c85b9
svp-121,svp,SVP,121,Revavroom,Pokémon,Stage 1,G,140,Metal,Varoom,Promo,449eb9ba1c98
svp-122,svp,SVP,122,Snorlax,Pokémon,Basic,H,160,Colorless,,Promo,7e1c97f3f9b7
svp-123,svp,SVP,123,Teal Mask Ogerpon,Pokémon,Basic,H,110,Grass,,Promo,c1a800dc4fda
svp-124,svp,SVP,124,Iono,Trainer,Supporter,G,,,,Promo,af9695dcd3a2
svp-125,svp,SVP,125,Armarouge ex,Pokémon,Stage 1|ex,G,260,Fire,Charcadet,Promo,e17ec6f2d5d0
svp-126,svp,SVP,126,Palafin ex,Pokémon,Stage 1|ex,H,340,Water,Finizen,Promo,3acfbbb697bd
svp-127,svp,SVP,127,Walking Wake ex,Pokémon,Basic|ex|Ancient,H,220,Water,,Promo,252107c123fc
svp-128,svp,SVP,128,Iron Leaves ex,Pokémon,Basic|ex|Future,H,220,Grass,,Promo,078a17390df1
svp-129,svp,SVP,129,Pecharunt,Pokémon,Basic,H,80,Darkness,,Promo,551e8b20550b
svp-130,svp,SVP,130,Kingambit,Pokémon,Stage 2,G,180,Metal,Bisharp,Promo,8e00381bb7fb
svp-131,svp,SVP,131,Kingdra ex,Pokémon,Stage 2|ex,H,310,Water,Seadra,Promo,96916c571194
svp-132,svp,SVP,132,Greninja ex,Pokémon,Stage 2|ex,G,300,Water,Frogadier,Promo,064cbd6a4896
svp-133,svp,SVP,133,Ledian,Pokémon,Stage 1,H,90,Grass,Ledyba,Promo,70df36983a1d
svp-134,svp,SVP,134,Crabominable,Pokémon,Stage 1,H,160,Water,Crabrawler,Promo,94021c966340
svp-135,svp,SVP,135,Drifblim,Pokémon,Stage 1,H,130,Psychic,Drifloon,Promo,0aa588e776bf
svp-136,svp,SVP,136,Bouffalant,Pokémon,Basic,H,100,Colorless,,Promo,641867f4227d
svp-137,svp,SVP,137,Horsea,Pokémon,Basic,G,60,Water,,Promo,fb9c1d141494
svp-138,svp,SVP,138,Porygon2,Pokémon,Stage 1,G,90,Colorless,Porygon,Promo,a445c9666f54
svp-139,svp,SVP,139,Latias,Pokémon,Basic,G,110,Psychic,,Promo,279e5e58e3ed
svp-140,svp,SVP,140,Tinkaton,Pokémon,Stage 2,G,140,Psychic,Tinkatuff,Promo,39937d5bd5dc
svp-141,svp,SVP,141,Noctowl,Pokémon,Stage 1,H,100,Colorless,Hoothoot,Promo,283308f90019
svp-142,svp,SVP,142,Victini ex,Pokémon,Basic|ex,G,190,Fire,,Promo,51931b4e5eb3
svp-143,svp,SVP,143,Miraidon ex,Pokémon,Basic|ex,G,220,Lightning,,Promo,badb56e3b505
svp-144,svp,SVP,144,Gouging Fire ex,Pokémon,Basic|ex|Ancient,H,230,Fire,,Promo,0db5d4c3705e
svp-145,svp,SVP,145,Raging Bolt ex,Pokémon,Basic|ex|Ancient,H,240,Dragon,,Promo,bbf5d1f1fc05
svp-146,svp,SVP,146,Iron Crown ex,Pokémon,Basic|ex|Future,H,220,Psychic,,Promo,5e618deab86b
svp-147,svp,SVP,147,Iron Boulder ex,Pokémon,Basic|ex|Future,H,240,Fighting,,Promo,d0b07cdd37db
svp-148,svp,SVP,148,Miraidon,Pokémon,Basic,H,120,Lightning,,Promo,abc449f952c5
svp-149,svp,SVP,149,Pecharunt,Pokémon,Basic,H,80,Darkness,,Promo,551e8b20550b
svp-150,svp,SVP,150,Paradise Resort,Trainer,Stadium,H,,,,Promo,4f62c6fcf464
svp-151,svp,SVP,151,Gouging Fire,Pokémon,Basic|Ancient,H,130,Fire,,Promo,d02e34f6a9bb
svp-152,svp,SVP,152,Chien-Pao,Pokémon,Basic,H,120,Water,,Promo,52b6d58b3207
svp-153,svp,SVP,153,Magneton,Pokémon,Stage 1,H,100,Lightning,Magnemite,Promo,12530098b96e
svp-154,svp,SVP,154,Indeedee,Pokémon,Basic,H,100,Psychic,,Promo,dfe034808a64
svp-155,svp,SVP,155,Wooper,Pokémon,Basic,H,60,Water,,Promo,0d23ef85bbb2
svp-156,svp,SVP,156,Quagsire,Pokémon,Stage 1,H,120,Water,Wooper,Promo,b509ff8c3307
svp-157,svp,SVP,157,Zapdos,Pokémon,Basic,H,110,Lightning,,Promo,0aa8b4ac82c9
svp-158,svp,SVP,158,Pachirisu,Pokémon,Basic,H,70,Lightning,,Promo,3972644586b0
svp-159,svp,SVP,159,Magneton,Pokémon,Stage 1,H,100,Lightning,Magnemite,Promo,12530098b96e
svp-160,svp,SVP,160,Squawkabilly ex,Pokémon,Basic|ex,G,160,Colorless,,Promo,322b748754da
svp-161,svp,SVP,161,Charizard ex,Pokémon,Stage 2|ex,G,330,Fire,Charmeleon,Promo,fb0e28ae0057
svp-162,svp,SVP,162,Houndstone ex,Pokémon,Stage 1|ex,H,260,Psychic,Greavard,Promo,645b9951be38
svp-163,svp,SVP,163,Cinderace ex,Pokémon,Stage 2|Tera|ex,H,320,Fire,Raboot,Promo,95bbb0f07212
svp-164,svp,SVP,164,Lapras ex,Pokémon,Basic|Tera|ex,H,220,Water,,Promo,0d51b424a259
svp-165,svp,SVP,165,Terapagos ex,Pokémon,Basic|Tera|ex,H,230,Colorless,,Promo,451009c529af
swsh12pt5-1,swsh12pt5,CRZ,1,Oddish,Pokémon,Basic,F,50,Grass,,Common,d89531bcae5d
swsh12pt5-2,swsh12pt5,CRZ,2,Gloom,Pokémon,Stage 1,F,70,Grass,Oddish,Uncommon,87a144648c3f
swsh12pt5-3,swsh12pt5,CRZ,3,Bellossom,Pokémon,Stage 2,F,120,Grass,Gloom,Rare,2768b998b1b5
swsh12pt5-4,swsh12pt5,CRZ,4,Tangela,Pokémon,Basic,F,80,Grass,,Common,7c782f75cc1d
swsh12pt5-5,swsh12pt5,CRZ,5,Tangrowth,Pokémon,Stage 1,F,150,Grass,Tangela,Rare,5fdc9360ceec
swsh12pt5-6,swsh12pt5,CRZ,6,Scyther,Pokémon,Basic,F,80,Grass,,Common,7a3495073974
swsh12pt5-7,swsh12pt5,CRZ,7,Sunkern,Pokémon,Basic,F,40,Grass,,Common,e5a3991ae32f
swsh12pt5-8,swsh12pt5,CRZ,8,Yanma,Pokémon,Basic,F,70,Grass,,Common,7f9b72701480
swsh12pt5-9,swsh12pt5,CRZ,9,Yanmega,Pokémon,Stage 1,F,130,Grass,Yanma,Rare,7573a0fa75f9
swsh12pt5-10,swsh12pt5,CRZ,10,Kricketot,Pokémon,Basic,F,60,Grass,,Common,25155018aa2f
swsh12pt5-11,swsh12pt5,CRZ,11,Cherubi,Pokémon,Basic,E,50,Grass,,Common,643e7d82ddbb
swsh12pt5-12,swsh12pt5,CRZ,12,Carnivine,Pokémon,Basic,F,90,Grass,,Uncommon,69a7c320a740
swsh12pt5-13,swsh12pt5,CRZ,13,Leafeon V,Pokémon,Basic|V,F,210,Grass,,Rare Holo V,44014da7b435
swsh12pt5-14,swsh12pt5,CRZ,14,Leafeon VSTAR,Pokémon,VSTAR,F,260,Grass,Leafeon V,Rare Holo VSTAR,179b6b2cafc2
swsh12pt5-15,swsh12pt5,CRZ,15,Grubbin,Pokémon,Basic,E,70,Grass,,Common,4232b49ddb07
swsh12pt5-16,swsh12pt5,CRZ,16,Zarude,Pokémon,Basic,F,120,Grass,,Rare Holo,7ecdd82b336c
swsh12pt5-17,swsh12pt5,CRZ,17,Calyrex,Pokémon,Basic,F,110,Grass,,Rare Holo,276bcadd2280
swsh12pt5-18,swsh12pt5,CRZ,18,Charizard V,Pokémon,Basic|V,F,220,Fire,,Rare Holo V,ad31fb2430b2
swsh12pt5-19,swsh12pt5,CRZ,19,Charizard VSTAR,Pokémon,VSTAR,F,280,Fire,Charizard V,Rare Holo VSTAR,66073fc6fada
swsh12pt5-20,swsh12pt5,CRZ,20,Radiant Charizard,Pokémon,Basic|Radiant,F,160,Fire,,Radiant Rare,b37f3a9d88d0
swsh12pt5-21,swsh12pt5,CRZ,21,Entei,Pokémon,Basic,F,120,Fire,,Rare Holo,1074b0ad9585
swsh12pt5-22,swsh12pt5,CRZ,22,Simisear V,Pokémon,Basic|V,F,210,Fire,,Rare Holo V,56caa9669d64
swsh12pt5-23,swsh12pt5,CRZ,23,Simisear VSTAR,Pokémon,VSTAR,F,260,Fire,Simisear V,Rare Holo VSTAR,975e62fd3681
swsh12pt5-24,swsh12pt5,CRZ,24,Larvesta,Pokémon,Basic,F,80,Fire,,Common,ec0608026dc7
swsh12pt5-25,swsh12pt5,CRZ,25,Volcarona,Pokémon,Stage 1,F,130,Fire,Larvesta,Rare,e924547dbd11
swsh12pt5-26,swsh12pt5,CRZ,26,Volcanion,Pokémon,Basic,F,130,Fire,,Rare Holo,7127891f297c
swsh12pt5-27,swsh12pt5,CRZ,27,Salandit,Pokémon,Basic,F,70,Fire,,Common,e2b60cc3ad89
swsh12pt5-28,swsh12pt5,CRZ,28,Salazzle,Pokémon,Stage 1,F,120,Fire,Salandit,Uncommon,b5722d0cd0b1
swsh12pt5-29,swsh12pt5,CRZ,29,Seel,Pokémon,Basic,F,70,Water,,Common,0671243fbfe4
swsh12pt5-30,swsh12pt5,CRZ,30,Galarian Mr. Mime,Pokémon,Basic,E,80,Water,,Common,99f48c74fe5f
swsh12pt5-31,swsh12pt5,CRZ,31,Wailmer,Pokémon,Basic,F,120,Water,,Common,f6f4a181dacb
swsh12pt5-32,swsh12pt5,CRZ,32,Wailord,Pokémon,Stage 1,F,220,Water,Wailmer,Rare,fc3a3a821e04
swsh12pt5-33,swsh12pt5,CRZ,33,Corphish,Pokémon,Basic,F,70,Water,,Common,13a250133de6
swsh12pt5-34,swsh12pt5,CRZ,34,Snorunt,Pokémon,Basic,E,60,Water,,Common,a55608b8cf25
swsh12pt5-35,swsh12pt5,CRZ,35,Luvdisc,Pokémon,Basic,F,70,Water,,Common,74e2c1debfea
swsh12pt5-36,swsh12pt5,CRZ,36,Kyogre,Pokémon,Basic,F,140,Water,,Rare Holo,cf23b997856d
swsh12pt5-37,swsh12pt5,CRZ,37,Kyogre V,Pokémon,Basic|V,F,230,Water,,Rare Holo V,3bd9a2da8d91
swsh12pt5-38,swsh12pt5,CRZ,38,Glaceon V,Pokémon,Basic|V,F,210,Water,,Rare Holo V,aae41b8daffa
swsh12pt5-39,swsh12pt5,CRZ,39,Shinx,Pokémon,Basic|Rapid Strike,E,60,Lightning,,Common,636a1c02ad15
swsh12pt5-40,swsh12pt5,CRZ,40,Shinx,Pokémon,Basic,F,60,Lightning,,Common,5fae6903502f
swsh12pt5-41,swsh12pt5,CRZ,41,Luxio,Pokémon,Stage 1|Rapid Strike,E,80,Lightning,Shinx,Uncommon,c604c2146c0d
swsh12pt5-42,swsh12pt5,CRZ,42,Luxio,Pokémon,Stage 1,F,90,Lightning,Shinx,Uncommon,a38c8da207f6
swsh12pt5-43,swsh12pt5,CRZ,43,Luxray,Pokémon,Stage 2|Rapid Strike,E,150,Lightning,Luxio,Rare,7e750293fddf
swsh12pt5-44,swsh12pt5,CRZ,44,Luxray,Pokémon,Stage 2,F,160,Lightning,Luxio,Rare,22e530e9a951
swsh12pt5-45,swsh12pt5,CRZ,45,Rotom V,Pokémon,Basic|V,F,190,Lightning,,Rare Holo V,4296942a8df8
swsh12pt5-46,swsh12pt5,CRZ,46,Rotom VSTAR,Pokémon,VSTAR,F,250,Lightning,Rotom V,Rare Holo VSTAR,bc5f3c60c8f1
swsh12pt5-47,swsh12pt5,CRZ,47,Emolga,Pokémon,Basic,E,70,Lightning,,Common,4d9772e43793
swsh12pt5-48,swsh12pt5,CRZ,48,Eelektrik,Pokémon,Stage 1,F,80,Lightning,Tynamo,Uncommon,94beec2865b0
swsh12pt5-49,swsh12pt5,CRZ,49,Helioptile,Pokémon,Basic,F,70,Lightning,,Common,eb8b6cb93d81
swsh12pt5-50,swsh12pt5,CRZ,50,Heliolisk,Pokémon,Stage 1,F,120,Lightning,Helioptile,Rare,7fbc7e4f266f
swsh12pt5-51,swsh12pt5,CRZ,51,Radiant Charjabug,Pokémon,Basic|Radiant,F,90,Lightning,,Radiant Rare,8633f523126c
swsh12pt5-52,swsh12pt5,CRZ,52,Zeraora,Pokémon,Basic,E,120,Lightning,,Rare,8cc22dd22ddb
swsh12pt5-53,swsh12pt5,CRZ,53,Zeraora V,Pokémon,Basic|V,F,210,Lightning,,Rare Holo V,8f751d370765
swsh12pt5-54,swsh12pt5,CRZ,54,Zeraora VMAX,Pokémon,VMAX,F,320,Lightning,Zeraora V,Rare Holo VMAX,379f46212327
swsh12pt5-55,swsh12pt5,CRZ,55,Zeraora VSTAR,Pokémon,VSTAR,F,270,Lightning,Zeraora V,Rare Holo VSTAR,6929b3506642
swsh12pt5-56,swsh12pt5,CRZ,56,Pincurchin,Pokémon,Basic,F,80,Lightning,,Uncommon,7c72dde5c97d
swsh12pt5-57,swsh12pt5,CRZ,57,Exeggcute,Pokémon,Basic,F,60,Psychic,,Common,f84d20a70634
swsh12pt5-58,swsh12pt5,CRZ,58,Exeggutor,Pokémon,Stage 1,F,130,Psychic,Exeggcute,Rare,b900d0c4aa0d
swsh12pt5-59,swsh12pt5,CRZ,59,Mewtwo,Pokémon,Basic,F,130,Psychic,,Rare Holo,f4e3bfabbaaf
swsh12pt5-60,swsh12pt5,CRZ,60,Mew V,Pokémon,Basic|V|Fusion Strike,E,180,Psychic,,Rare Holo V,bd432185fcd1
swsh12pt5-61,swsh12pt5,CRZ,61,Girafarig,Pokémon,Basic,F,90,Psychic,,Uncommon,bed928d38535
swsh12pt5-62,swsh12pt5,CRZ,62,Lunatone,Pokémon,Basic,F,90,Psychic,,Uncommon,8540dd4cdbd4
swsh12pt5-63,swsh12pt5,CRZ,63,Dusclops,Pokémon,Stage 1,F,90,Psychic,Duskull,Uncommon,8993c3e5691e
swsh12pt5-64,swsh12pt5,CRZ,64,Tapu Lele,Pokémon,Basic,F,110,Psychic,,Rare Holo,e865e0583058
swsh12pt5-65,swsh12pt5,CRZ,65,Hatterene V,Pokémon,Basic|V,F,200,Psychic,,Rare Holo V,6362aca0d4b6
swsh12pt5-66,swsh12pt5,CRZ,66,Hatterene VMAX,Pokémon,VMAX,F,320,Psychic,Hatterene V,Rare Holo VMAX,016f810b3a5c
swsh12pt5-67,swsh12pt5,CRZ,67,Enamorus,Pokémon,Basic,F,120,Psychic,,Rare,25ca879ceb51
swsh12pt5-68,swsh12pt5,CRZ,68,Graveler,Pokémon,Stage 1,E,110,Fighting,Geodude,Uncommon,420dc6478ff3
swsh12pt5-69,swsh12pt5,CRZ,69,Solrock,Pokémon,Basic,F,90,Fighting,,Uncommon,1e73f0e306e9
swsh12pt5-70,swsh12pt5,CRZ,70,Baltoy,Pokémon,Basic,E,60,Fighting,,Common,6f35685f2313
swsh12pt5-71,swsh12pt5,CRZ,71,Riolu,Pokémon,Basic,F,60,Fighting,,Common,6ffbaff0a9b2
swsh12pt5-72,swsh12pt5,CRZ,72,Pancham,Pokémon,Basic,F,70,Fighting,,Common,9121620b96a5
swsh12pt5-73,swsh12pt5,CRZ,73,Rockruff,Pokémon,Basic,F,60,Fighting,,Common,194047604c9d
swsh12pt5-74,swsh12pt5,CRZ,74,Lycanroc,Pokémon,Stage 1,F,120,Fighting,Rockruff,Rare,e57412431699
swsh12pt5-75,swsh12pt5,CRZ,75,Koffing,Pokémon,Basic,E,70,Darkness,,Common,12d3157e63f6
swsh12pt5-76,swsh12pt5,CRZ,76,Absol,Pokémon,Basic,F,100,Darkness,,Rare Holo,d7a3d7792c35
swsh12pt5-77,swsh12pt5,CRZ,77,Purrloin,Pokémon,Basic,F,60,Darkness,,Common,75c3b22fc030
swsh12pt5-78,swsh12pt5,CRZ,78,Liepard,Pokémon,Stage 1,F,100,Darkness,Purrloin,Rare,bbc45add03d8
swsh12pt5-79,swsh12pt5,CRZ,79,Krokorok,Pokémon,Stage 1,D,90,Darkness,Sandile,Uncommon,6cb400baada1
swsh12pt5-80,swsh12pt5,CRZ,80,Pangoro,Pokémon,Stage 1,F,140,Darkness,Pancham,Rare,0fbdab744c53
swsh12pt5-81,swsh12pt5,CRZ,81,Skrelp,Pokémon,Basic,F,60,Darkness,,Common,7eaddd06e4d8
swsh12pt5-82,swsh12pt5,CRZ,82,Dragalge,Pokémon,Stage 1,F,120,Darkness,Skrelp,Rare,3a61cd94b804
swsh12pt5-83,swsh12pt5,CRZ,83,Hoopa,Pokémon,Basic,D,120,Darkness,,Rare Holo,1b570069fdec
swsh12pt5-84,swsh12pt5,CRZ,84,Galarian Meowth,Pokémon,Basic,F,70,Metal,,Common,178206765715
swsh12pt5-85,swsh12pt5,CRZ,85,Galarian Perrserker,Pokémon,Stage 1,F,120,Metal,Galarian Meowth,Rare,2110c8bf083f
swsh12pt5-86,swsh12pt5,CRZ,86,Scizor,Pokémon,Stage 1,F,130,Metal,Scyther,Rare,64784369ffbd
swsh12pt5-87,swsh12pt5,CRZ,87,Aron,Pokémon,Basic,F,70,Metal,,Common,a2c26712ef31
swsh12pt5-88,swsh12pt5,CRZ,88,Lairon,Pokémon,Stage 1,F,90,Metal,Aron,Uncommon,73259f5ac968
swsh12pt5-89,swsh12pt5,CRZ,89,Aggron,Pokémon,Stage 2,F,180,Metal,Lairon,Rare Holo,03de64504e56
swsh12pt5-90,swsh12pt5,CRZ,90,Metang,Pokémon,Stage 1,F,100,Metal,Beldum,Uncommon,e197ede8d87a
swsh12pt5-91,swsh12pt5,CRZ,91,Pawniard,Pokémon,Basic,F,60,Metal,,Common,97f04ae8222a
swsh12pt5-92,swsh12pt5,CRZ,92,Pawniard,Pokémon,Basic,F,70,Metal,,Common,ee9c4cee9e44
swsh12pt5-93,swsh12pt5,CRZ,93,Bisharp,Pokémon,Stage 1,F,110,Metal,Pawniard,Uncommon,5ab069d867f1
swsh12pt5-94,swsh12pt5,CRZ,94,Zacian,Pokémon,Basic,F,130,Metal,,Rare Holo,28642df56dfe
swsh12pt5-95,swsh12pt5,CRZ,95,Zacian V,Pokémon,Basic|V,F,220,Metal,,Rare Holo V,34017247f3e3
swsh12pt5-96,swsh12pt5,CRZ,96,Zacian VSTAR,Pokémon,VSTAR,F,270,Metal,Zacian V,Rare Holo VSTAR,d4590bdd2738
swsh12pt5-97,swsh12pt5,CRZ,97,Zamazenta,Pokémon,Basic,F,130,Metal,,Rare Holo,857beca81ac5
swsh12pt5-98,swsh12pt5,CRZ,98,Zamazenta V,Pokémon,Basic|V,F,220,Metal,,Rare Holo V,9b5cfb90191a
swsh12pt5-99,swsh12pt5,CRZ,99,Zamazenta VSTAR,Pokémon,VSTAR,F,270,Metal,Zamazenta V,Rare Holo VSTAR,9295186cb7eb
swsh12pt5-100,swsh12pt5,CRZ,100,Rayquaza V,Pokémon,Basic|V|Rapid Strike,E,210,Dragon,,Rare Holo V,9b4a1931558b
swsh12pt5-101,swsh12pt5,CRZ,101,Rayquaza VMAX,Pokémon,VMAX|Rapid Strike,E,320,Dragon,Rayquaza V,Rare Holo VMAX,d9401b971e72
swsh12pt5-102,swsh12pt5,CRZ,102,Rayquaza VMAX,Pokémon,VMAX|Rapid Strike,E,320,Dragon,Rayquaza V,Rare Holo VMAX,d9401b971e72
swsh12pt5-103,swsh12pt5,CRZ,103,Duraludon V,Pokémon,Basic|V|Single Strike,E,220,Dragon,,Rare Holo V,8d35862f7cc4
swsh12pt5-104,swsh12pt5,CRZ,104,Duraludon VMAX,Pokémon,VMAX|Single Strike,E,330,Dragon,Duraludon V,Rare Holo VMAX,49e46562fca3
swsh12pt5-105,swsh12pt5,CRZ,105,Radiant Eternatus,Pokémon,Basic|Radiant,F,170,Dragon,,Radiant Rare,f777e0eec480
swsh12pt5-106,swsh12pt5,CRZ,106,Tauros,Pokémon,Basic,F,110,Colorless,,Rare,e45ec3c33551
swsh12pt5-107,swsh12pt5,CRZ,107,Ditto,Pokémon,Basic,F,70,Colorless,,Rare Holo,57acc02e629a
swsh12pt5-108,swsh12pt5,CRZ,108,Eevee V,Pokémon,Basic|V,F,200,Colorless,,Rare Holo V,f502e688b358
swsh12pt5-109,swsh12pt5,CRZ,109,Snorlax,Pokémon,Basic,E,160,Colorless,,Rare,f46c7638115f
swsh12pt5-110,swsh12pt5,CRZ,110,Starly,Pokémon,Basic,F,60,Colorless,,Common,1296bb26816a
swsh12pt5-111,swsh12pt5,CRZ,111,Bidoof,Pokémon,Basic,F,60,Colorless,,Common,50f0a917c4e2
swsh12pt5-112,swsh12pt5,CRZ,112,Chatot,Pokémon,Basic,F,70,Colorless,,Common,35f4b9c8fac2
swsh12pt5-113,swsh12pt5,CRZ,113,Regigigas V,Pokémon,Basic|V,F,240,Colorless,,Rare Holo V,4816f1d899ad
swsh12pt5-114,swsh12pt5,CRZ,114,Regigigas VSTAR,Pokémon,VSTAR,F,300,Colorless,Regigigas V,Rare Holo VSTAR,5409a5350058
swsh12pt5-115,swsh12pt5,CRZ,115,Shaymin,Pokémon,Basic,F,70,Colorless,,Uncommon,0e0b8d417f59
swsh12pt5-116,swsh12pt5,CRZ,116,Stoutland V,Pokémon,Basic|V,E,210,Colorless,,Rare Holo V,28a429967514
swsh12pt5-117,swsh12pt5,CRZ,117,Yungoos,Pokémon,Basic,F,70,Colorless,,Common,73a028e9b522
swsh12pt5-118,swsh12pt5,CRZ,118,Gumshoos,Pokémon,Stage 1,F,120,Colorless,Yungoos,Rare,8e720015e432
swsh12pt5-119,swsh12pt5,CRZ,119,Oranguru,Pokémon,Basic,F,110,Colorless,,Rare,4fe33d515c52
swsh12pt5-120,swsh12pt5,CRZ,120,Greedent V,Pokémon,Basic|V,E,210,Colorless,,Rare Holo V,80548d68e45a
swsh12pt5-121,swsh12pt5,CRZ,121,Wooloo,Pokémon,Basic,F,70,Colorless,,Common,5dde8555a595
swsh12pt5-122,swsh12pt5,CRZ,122,Dubwool,Pokémon,Stage 1,F,120,Colorless,Wooloo,Rare,e7815602aecc
swsh12pt5-123,swsh12pt5,CRZ,123,Bea,Trainer,Supporter,D,,,,Rare Holo,5c717624f32b
swsh12pt5-124,swsh12pt5,CRZ,124,Bede,Trainer,Supporter,D,,,,Rare Holo,669af4aa86c7
swsh12pt5-125,swsh12pt5,CRZ,125,Crushing Hammer,Trainer,Item,F,,,,Uncommon,b2b78553107f
swsh12pt5-126,swsh12pt5,CRZ,126,Digging Duo,Trainer,Supporter,F,,,,Uncommon,6164ca658de7
swsh12pt5-127,swsh12pt5,CRZ,127,Energy Retrieval,Trainer,Item,F,,,,Common,8954b3071828
swsh12pt5-128,swsh12pt5,CRZ,128,Energy Search,Trainer,Item,F,,,,Common,48ec6b01f17b
swsh12pt5-129,swsh12pt5,CRZ,129,Energy Switch,Trainer,Item,F,,,,Uncommon,8468f21119cc
swsh12pt5-130,swsh12pt5,CRZ,130,Friends in Hisui,Trainer,Supporter,F,,,,Uncommon,1882083de761
swsh12pt5-131,swsh12pt5,CRZ,131,Friends in Sinnoh,Trainer,Supporter,F,,,,Uncommon,965342ee8730
swsh12pt5-132,swsh12pt5,CRZ,132,Great Ball,Trainer,Item,F,,,,Uncommon,5751e84ff013
swsh12pt5-133,swsh12pt5,CRZ,133,Hop,Trainer,Supporter,D,,,,Rare Holo,529340cfca9a
swsh12pt5-134,swsh12pt5,CRZ,134,Leon,Trainer,Supporter,D,,,,Rare Holo,c7d2b8f5d1dd
swsh12pt5-135,swsh12pt5,CRZ,135,Lost Vacuum,Trainer,Item,F,,,,Uncommon,b87bbeb82c20
swsh12pt5-136,swsh12pt5,CRZ,136,Nessa,Trainer,Supporter,D,,,,Rare Holo,a23c199cc98a
swsh12pt5-137,swsh12pt5,CRZ,137,Poké Ball,Trainer,Item,F,,,,Common,c14217c41051
swsh12pt5-138,swsh12pt5,CRZ,138,Pokémon Catcher,Trainer,Item,F,,,,Uncommon,6e02182c874a
swsh12pt5-139,swsh12pt5,CRZ,139,Potion,Trainer,Item,F,,,,Common,69f07683c39b
swsh12pt5-140,swsh12pt5,CRZ,140,Raihan,Trainer,Supporter,E,,,,Rare Holo,e9dd89fbd293
swsh12pt5-141,swsh12pt5,CRZ,141,Rare Candy,Trainer,Item,F,,,,Uncommon,9857fbd6f8d3
swsh12pt5-142,swsh12pt5,CRZ,142,Rescue Carrier,Trainer,Item,E,,,,Uncommon,5f4560126dfa
swsh12pt5-143,swsh12pt5,CRZ,143,Sky Seal Stone,Trainer,Item|Pokémon Tool,F,,,,Rare Holo,0aaadefdde42
swsh12pt5-144,swsh12pt5,CRZ,144,Switch,Trainer,Item,F,,,,Common,431905d775bf
swsh12pt5-145,swsh12pt5,CRZ,145,Trekking Shoes,Trainer,Item,F,,,,Uncommon,cb5964c99734
swsh12pt5-146,swsh12pt5,CRZ,146,Ultra Ball,Trainer,Item,F,,,,Uncommon,56da2bd5e1cc
swsh12pt5-147,swsh12pt5,CRZ,147,Elesa's Sparkle,Trainer,Fusion Strike|Supporter,E,,,,Rare Ultra,ebfa2453f1f6
swsh12pt5-148,swsh12pt5,CRZ,148,Friends in Hisui,Trainer,Supporter,F,,,,Rare Ultra,1882083de761
swsh12pt5-149,swsh12pt5,CRZ,149,Friends in Sinnoh,Trainer,Supporter,F,,,,Rare Ultra,965342ee8730
swsh12pt5-150,swsh12pt5,CRZ,150,Professor's Research,Trainer,Supporter,F,,,,Rare Ultra,db87e6b780a9
swsh12pt5-151,swsh12pt5,CRZ,151,Volo,Trainer,Supporter,F,,,,Rare Ultra,70d786221e93
swsh12pt5-152,swsh12pt5,CRZ,152,Grass Energy,Energy,Basic,,,,,Rare Ultra,0c6c0a16b0d9
swsh12pt5-153,swsh12pt5,CRZ,153,Fire Energy,Energy,Basic,,,,,Rare Ultra,7a66f517388a
swsh12pt5-154,swsh12pt5,CRZ,154,Water Energy,Energy,Basic,,,,,Rare Ultra,4577dbdda0c5
swsh12pt5-155,swsh12pt5,CRZ,155,Lightning Energy,Energy,Basic,,,,,Rare Ultra,5d2a784f9f7f
swsh12pt5-156,swsh12pt5,CRZ,156,Psychic Energy,Energy,Basic,,,,,Rare Ultra,0947073f97b7
swsh12pt5-157,swsh12pt5,CRZ,157,Fighting Energy,Energy,Basic,,,,,Rare Ultra,eed3e9ff921a
swsh12pt5-158,swsh12pt5,CRZ,158,Darkness Energy,Energy,Basic,,,,,Rare Ultra,5f423a90eef3
swsh12pt5-159,swsh12pt5,CRZ,159,Metal Energy,Energy,Basic,,,,,Rare Ultra,96da06e6e09e
swsh12pt5-160,swsh12pt5,CRZ,160,Pikachu,Pokémon,Basic,F,70,Lightning,,Rare Secret,2af947ab7e32
swsh12pt5gg-GG01,swsh12pt5gg,CRZ,GG01,Hisuian Voltorb,Pokémon,Basic,F,50,Grass,,Trainer Gallery Rare Holo,c397de422920
swsh12pt5gg-GG02,swsh12pt5gg,CRZ,GG02,Kricketune,Pokémon,Stage 1,F,90,Grass,Kricketot,Trainer Gallery Rare Holo,c891557795fe
swsh12pt5gg-GG03,swsh12pt5gg,CRZ,GG03,Magmortar,Pokémon,Stage 1,F,140,Fire,Magmar,Trainer Gallery Rare Holo,7f02060b3042
swsh12pt5gg-GG04,swsh12pt5gg,CRZ,GG04,Oricorio,Pokémon,Basic|Fusion Strike,E,90,Fire,,Trainer Gallery Rare Holo,553bd0e3eb82
swsh12pt5gg-GG05,swsh12pt5gg,CRZ,GG05,Lapras,Pokémon,Basic,F,130,Water,,Trainer Gallery Rare Holo,cdb11fb44568
swsh12pt5gg-GG06,swsh12pt5gg,CRZ,GG06,Manaphy,Pokémon,Basic,F,70,Water,,Trainer Gallery Rare Holo,4b6719b05c05
swsh12pt5gg-GG07,swsh12pt5gg,CRZ,GG07,Keldeo,Pokémon,Basic,F,110,Water,,Trainer Gallery Rare Holo,6df071ca4dde
swsh12pt5gg-GG08,swsh12pt5gg,CRZ,GG08,Electivire,Pokémon,Stage 1,F,140,Lightning,Electabuzz,Trainer Gallery Rare Holo,75e8f0cd6036
swsh12pt5gg-GG09,swsh12pt5gg,CRZ,GG09,Toxtricity,Pokémon,Stage 1|Fusion Strike,E,120,Lightning,Toxel,Trainer Gallery Rare Holo,d0ac5f1d907b
swsh12pt5gg-GG10,swsh12pt5gg,CRZ,GG10,Mew,Pokémon,Basic,E,60,Psychic,,Trainer Gallery Rare Holo,24f9931254b8
swsh12pt5gg-GG11,swsh12pt5gg,CRZ,GG11,Lunatone,Pokémon,Basic,F,90,Psychic,,Trainer Gallery Rare Holo,8540dd4cdbd4
swsh12pt5gg-GG12,swsh12pt5gg,CRZ,GG12,Deoxys,Pokémon,Basic|Fusion Strike|Single Strike|Rapid Strike,E,120,Psychic,,Trainer Gallery Rare Holo,2daa7d3aeb1a
swsh12pt5gg-GG13,swsh12pt5gg,CRZ,GG13,Diancie,Pokémon,Basic,F,90,Psychic,,Trainer Gallery Rare Holo,c9904827f54e
swsh12pt5gg-GG14,swsh12pt5gg,CRZ,GG14,Comfey,Pokémon,Basic,F,70,Psychic,,Trainer Gallery Rare Holo,850a39b215d6
swsh12pt5gg-GG15,swsh12pt5gg,CRZ,GG15,Solrock,Pokémon,Basic,F,90,Fighting,,Trainer Gallery Rare Holo,1e73f0e306e9
swsh12pt5gg-GG16,swsh12pt5gg,CRZ,GG16,Absol,Pokémon,Basic,F,100,Darkness,,Trainer Gallery Rare Holo,005437dd644b
swsh12pt5gg-GG17,swsh12pt5gg,CRZ,GG17,Thievul,Pokémon,Stage 1,F,100,Darkness,Nickit,Trainer Gallery Rare Holo,9543656c4b69
swsh12pt5gg-GG18,swsh12pt5gg,CRZ,GG18,Magnezone,Pokémon,Stage 2,F,150,Metal,Magneton,Trainer Gallery Rare Holo,d9b6dd54ebc5
swsh12pt5gg-GG19,swsh12pt5gg,CRZ,GG19,Altaria,Pokémon,Stage 1,E,90,Dragon,Swablu,Trainer Gallery Rare Holo,bb0926a36c15
swsh12pt5gg-GG20,swsh12pt5gg,CRZ,GG20,Latias,Pokémon,Basic|Fusion Strike,E,120,Dragon,,Trainer Gallery Rare Holo,f7df2ff6254d
swsh12pt5gg-GG21,swsh12pt5gg,CRZ,GG21,Hisuian Goodra,Pokémon,Stage 2,F,160,Dragon,Hisuian Sliggoo,Trainer Gallery Rare Holo,a1aafc9d9bf1
swsh12pt5gg-GG22,swsh12pt5gg,CRZ,GG22,Ditto,Pokémon,Basic,F,70,Colorless,,Trainer Gallery Rare Holo,57acc02e629a
swsh12pt5gg-GG23,swsh12pt5gg,CRZ,GG23,Dunsparce,Pokémon,Basic,E,60,Colorless,,Trainer Gallery Rare Holo,5cb60ccb2d02
swsh12pt5gg-GG24,swsh12pt5gg,CRZ,GG24,Miltank,Pokémon,Basic,F,110,Colorless,,Trainer Gallery Rare Holo,25f77b90d9a8
swsh12pt5gg-GG25,swsh12pt5gg,CRZ,GG25,Bibarel,Pokémon,Stage 1,F,120,Colorless,Bidoof,Trainer Gallery Rare Holo,5869c85b3764
swsh12pt5gg-GG26,swsh12pt5gg,CRZ,GG26,Riolu,Pokémon,Basic,F,60,Fighting,,Trainer Gallery Rare Holo,6ffbaff0a9b2
swsh12pt5gg-GG27,swsh12pt5gg,CRZ,GG27,Swablu,Pokémon,Basic,E,50,Colorless,,Trainer Gallery Rare Holo,bdb3eeb0d6d4
swsh12pt5gg-GG28,swsh12pt5gg,CRZ,GG28,Duskull,Pokémon,Basic,F,60,Psychic,,Trainer Gallery Rare Holo,0145405ecda5
swsh12pt5gg-GG29,swsh12pt5gg,CRZ,GG29,Bidoof,Pokémon,Basic,F,60,Colorless,,Trainer Gallery Rare Holo,50f0a917c4e2
swsh12pt5gg-GG30,swsh12pt5gg,CRZ,GG30,Pikachu,Pokémon,Basic,F,60,Lightning,,Trainer Gallery Rare Holo,b04f30ef0216
swsh12pt5gg-GG31,swsh12pt5gg,CRZ,GG31,Turtwig,Pokémon,Basic,F,80,Grass,,Trainer Gallery Rare Holo,34b4ff57edca
swsh12pt5gg-GG32,swsh12pt5gg,CRZ,GG32,Paras,Pokémon,Basic,F,70,Grass,,Trainer Gallery Rare Holo,31b329cf4c7a
swsh12pt5gg-GG33,swsh12pt5gg,CRZ,GG33,Poochyena,Pokémon,Basic,F,60,Darkness,,Trainer Gallery Rare Holo,fbf39bd4ce28
swsh12pt5gg-GG34,swsh12pt5gg,CRZ,GG34,Mareep,Pokémon,Basic,E,60,Lightning,,Trainer Gallery Rare Holo,d5b0ce2dbed9
swsh12pt5gg-GG35,swsh12pt5gg,CRZ,GG35,Leafeon VSTAR,Pokémon,VSTAR,F,260,Grass,Leafeon V,Rare Holo VSTAR,179b6b2cafc2
swsh12pt5gg-GG36,swsh12pt5gg,CRZ,GG36,Entei V,Pokémon,Basic|V,F,230,Fire,,Rare Holo V,ba22938a1780
swsh12pt5gg-GG37,swsh12pt5gg,CRZ,GG37,Simisear VSTAR,Pokémon,VSTAR,F,260,Fire,Simisear V,Rare Holo VSTAR,975e62fd3681
swsh12pt5gg-GG38,swsh12pt5gg,CRZ,GG38,Suicune V,Pokémon,Basic|V,E,210,Water,,Rare Holo V,0198e9307081
swsh12pt5gg-GG39,swsh12pt5gg,CRZ,GG39,Lumineon V,Pokémon,Basic|V,F,170,Water,,Rare Holo V,fd094b9c6000
swsh12pt5gg-GG40,swsh12pt5gg,CRZ,GG40,Glaceon VSTAR,Pokémon,VSTAR,F,260,Water,Glaceon V,Rare Holo VSTAR,69e155306a8c
swsh12pt5gg-GG41,swsh12pt5gg,CRZ,GG41,Raikou V,Pokémon,Basic|V,F,200,Lightning,,Rare Holo V,f1fd895cd7c7
swsh12pt5gg-GG42,swsh12pt5gg,CRZ,GG42,Zeraora VMAX,Pokémon,VMAX,F,320,Lightning,Zeraora V,Rare Holo VMAX,379f46212327
swsh12pt5gg-GG43,swsh12pt5gg,CRZ,GG43,Zeraora VSTAR,Pokémon,VSTAR,F,270,Lightning,Zeraora V,Rare Holo VSTAR,6929b3506642
swsh12pt5gg-GG44,swsh12pt5gg,CRZ,GG44,Mewtwo VSTAR,Pokémon,VSTAR,F,280,Psychic,Mewtwo V,Rare Holo VSTAR,61642cac4efd
swsh12pt5gg-GG45,swsh12pt5gg,CRZ,GG45,Deoxys VMAX,Pokémon,VMAX,F,330,Psychic,Deoxys V,Rare Holo VMAX,f3130a1d4cb3
swsh12pt5gg-GG46,swsh12pt5gg,CRZ,GG46,Deoxys VSTAR,Pokémon,VSTAR,F,270,Psychic,Deoxys V,Rare Holo VSTAR,ff3d8c6011e3
swsh12pt5gg-GG47,swsh12pt5gg,CRZ,GG47,Hatterene VMAX,Pokémon,VMAX,F,320,Psychic,Hatterene V,Rare Holo VMAX,016f810b3a5c
swsh12pt5gg-GG48,swsh12pt5gg,CRZ,GG48,Zacian V,Pokémon,Basic|V,E,220,Psychic,,Rare Holo V,5f3432d030b7
swsh12pt5gg-GG49,swsh12pt5gg,CRZ,GG49,Drapion V,Pokémon,Basic|V,F,210,Darkness,,Rare Holo V,bcbf4bc77b51
swsh12pt5gg-GG50,swsh12pt5gg,CRZ,GG50,Darkrai VSTAR,Pokémon,VSTAR,F,270,Darkness,Darkrai V,Rare Holo VSTAR,b3fc261582c4
swsh12pt5gg-GG51,swsh12pt5gg,CRZ,GG51,Hisuian Samurott V,Pokémon,Basic|V,F,220,Darkness,,Rare Holo V,7fcb96b82bb4
swsh12pt5gg-GG52,swsh12pt5gg,CRZ,GG52,Hisuian Samurott VSTAR,Pokémon,VSTAR,F,270,Darkness,Hisuian Samurott V,Rare Holo VSTAR,15243d75b4bb
swsh12pt5gg-GG53,swsh12pt5gg,CRZ,GG53,Hoopa V,Pokémon,Basic|V|Fusion Strike,E,220,Darkness,,Rare Holo V,7817db1909ee
swsh12pt5gg-GG54,swsh12pt5gg,CRZ,GG54,Zamazenta V,Pokémon,Basic|V,F,220,Metal,,Rare Holo V,9b5cfb90191a
swsh12pt5gg-GG55,swsh12pt5gg,CRZ,GG55,Regigigas VSTAR,Pokémon,VSTAR,F,300,Colorless,Regigigas V,Rare Holo VSTAR,5409a5350058
swsh12pt5gg-GG56,swsh12pt5gg,CRZ,GG56,Hisuian Zoroark VSTAR,Pokémon,VSTAR,F,270,Colorless,Hisuian Zoroark V,Rare Holo VSTAR,0d39c02ad53a
swsh12pt5gg-GG57,swsh12pt5gg,CRZ,GG57,Adaman,Trainer,Supporter,F,,,,Rare Ultra,91757803bed4
swsh12pt5gg-GG58,swsh12pt5gg,CRZ,GG58,Cheren's Care,Trainer,Supporter,F,,,,Rare Ultra,af52658800b2
swsh12pt5gg-GG59,swsh12pt5gg,CRZ,GG59,Colress's Experiment,Trainer,Supporter,F,,,,Rare Ultra,2134707a1d8f
swsh12pt5gg-GG60,swsh12pt5gg,CRZ,GG60,Cynthia's Ambition,Trainer,Supporter,F,,,,Rare Ultra,1577e7684853
swsh12pt5gg-GG61,swsh12pt5gg,CRZ,GG61,Gardenia's Vigor,Trainer,Supporter,F,,,,Rare Ultra,ebad334c0a50
swsh12pt5gg-GG62,swsh12pt5gg,CRZ,GG62,Grant,Trainer,Supporter,F,,,,Rare Ultra,ef080bc5b812
swsh12pt5gg-GG63,swsh12pt5gg,CRZ,GG63,Irida,Trainer,Supporter,F,,,,Rare Ultra,d88aa3d097a6
swsh12pt5gg-GG64,swsh12pt5gg,CRZ,GG64,Melony,Trainer,Supporter,E,,,,Rare Ultra,d73a8a973e20
swsh12pt5gg-GG65,swsh12pt5gg,CRZ,GG65,Raihan,Trainer,Supporter,E,,,,Rare Ultra,e9dd89fbd293
swsh12pt5gg-GG66,swsh12pt5gg,CRZ,GG66,Roxanne,Trainer,Supporter,F,,,,Rare Ultra,2e6472d74354
swsh12pt5gg-GG67,swsh12pt5gg,CRZ,GG67,Origin Forme Palkia VSTAR,Pokémon,VSTAR,F,280,Water,Origin Forme Palkia V,Rare Secret,16192ff78249
swsh12pt5gg-GG68,swsh12pt5gg,CRZ,GG68,Origin Forme Dialga VSTAR,Pokémon,VSTAR,F,280,Metal,Origin Forme Dialga V,Rare Secret,bfd47f9d037d
swsh12pt5gg-GG69,swsh12pt5gg,CRZ,GG69,Giratina VSTAR,Pokémon,VSTAR,F,280,Dragon,Giratina V,Rare Secret,9a077c745ff9
swsh12pt5gg-GG70,swsh12pt5gg,CRZ,GG70,Arceus VSTAR,Pokémon,VSTAR,F,280,Colorless,Arceus V,Rare Secret,2520785bac26
sv1-1,sv1,SVI,1,Pineco,Pokémon,Basic,G,60,Grass,,Common,205983b28e10
sv1-2,sv1,SVI,2,Heracross,Pokémon,Basic,G,120,Grass,,Uncommon,51a0b453f79f
sv1-3,sv1,SVI,3,Shroomish,Pokémon,Basic,G,60,Grass,,Common,5d89cc972f6d
sv1-4,sv1,SVI,4,Breloom,Pokémon,Stage 1,G,110,Grass,Shroomish,Uncommon,f3f8a9663908
sv1-5,sv1,SVI,5,Cacnea,Pokémon,Basic,G,60,Grass,,Common,1e4fb515de6f
sv1-6,sv1,SVI,6,Cacturne,Pokémon,Stage 1,G,130,Grass,Cacnea,Uncommon,6498be80f855
sv1-7,sv1,SVI,7,Tropius,Pokémon,Basic,G,100,Grass,,Common,6730d077af8d
sv1-8,sv1,SVI,8,Scatterbug,Pokémon,Basic,G,30,Grass,,Common,43d6813f4756
sv1-9,sv1,SVI,9,Spewpa,Pokémon,Stage 1,G,70,Grass,Scatterbug,Common,4ac4c330d85f
sv1-10,sv1,SVI,10,Vivillon,Pokémon,Stage 2,G,120,Grass,Spewpa,Uncommon,6901a65471cf
sv1-11,sv1,SVI,11,Skiddo,Pokémon,Basic,G,60,Grass,,Common,043a190a2063
sv1-12,sv1,SVI,12,Gogoat,Pokémon,Stage 1,G,130,Grass,Skiddo,Common,f6720f7469e6
sv1-13,sv1,SVI,13,Sprigatito,Pokémon,Basic,G,70,Grass,,Common,4f7f99885bae
sv1-14,sv1,SVI,14,Floragato,Pokémon,Stage 1,G,90,Grass,Sprigatito,Uncommon,dfaf75a51ddc
sv1-15,sv1,SVI,15,Meowscarada,Pokémon,Stage 2,G,160,Grass,Floragato,Rare,525b4410729c
sv1-16,sv1,SVI,16,Tarountula,Pokémon,Basic,G,40,Grass,,Common,0037441f963a
sv1-17,sv1,SVI,17,Tarountula,Pokémon,Basic,G,40,Grass,,Common,ddc2da52254a
sv1-18,sv1,SVI,18,Tarountula,Pokémon,Basic,G,60,Grass,,Common,139cdce094bd
sv1-19,sv1,SVI,19,Spidops ex,Pokémon,Stage 1|ex,G,260,Grass,Tarountula,Double Rare,239c1cfc8e1e
sv1-20,sv1,SVI,20,Smoliv,Pokémon,Basic,G,50,Grass,,Common,174a669c0e40
sv1-21,sv1,SVI,21,Smoliv,Pokémon,Basic,G,60,Grass,,Common,2a26cdfce282
sv1-22,sv1,SVI,22,Dolliv,Pokémon,Stage 1,G,90,Grass,Smoliv,Common,e3b4046a0dbe
sv1-23,sv1,SVI,23,Arboliva,Pokémon,Stage 2,G,150,Grass,Dolliv,Rare,fd753f39520c
sv1-24,sv1,SVI,24,Toedscool,Pokémon,Basic,G,50,Grass,,Common,45977bc6590b
sv1-25,sv1,SVI,25,Toedscool,Pokémon,Basic,G,60,Grass,,Common,4f6710ef78d7
sv1-26,sv1,SVI,26,Toedscruel,Pokémon,Stage 1,G,120,Grass,Toedscool,Uncommon,89b128ce5f16
sv1-27,sv1,SVI,27,Capsakid,Pokémon,Basic,G,60,Grass,,Common,2b7d89395a01
sv1-28,sv1,SVI,28,Capsakid,Pokémon,Basic,G,70,Grass,,Common,f3c48f038eff
sv1-29,sv1,SVI,29,Scovillain,Pokémon,Stage 1,G,110,Grass,Capsakid,Uncommon,b0e2f3325e49
sv1-30,sv1,SVI,30,Growlithe,Pokémon,Basic,G,70,Fire,,Common,d277c92ab9c8
sv1-31,sv1,SVI,31,Growlithe,Pokémon,Basic,G,90,Fire,,Common,a4c631eef09f
sv1-32,sv1,SVI,32,Arcanine ex,Pokémon,Stage 1|Tera|ex,G,280,Fire,Growlithe,Double Rare,b4d03c5bac84
sv1-33,sv1,SVI,33,Houndour,Pokémon,Basic,G,70,Fire,,Common,e8ea06842fbc
sv1-34,sv1,SVI,34,Houndoom,Pokémon,Stage 1,G,120,Fire,Houndour,Common,a9a2082ff721
sv1-35,sv1,SVI,35,Torkoal,Pokémon,Basic,G,130,Fire,,Uncommon,085802714536
sv1-36,sv1,SVI,36,Fuecoco,Pokémon,Basic,G,80,Fire,,Common,94c48b33ed25
sv1-37,sv1,SVI,37,Crocalor,Pokémon,Stage 1,G,100,Fire,Fuecoco,Uncommon,70e6ade85812
sv1-38,sv1,SVI,38,Skeledirge,Pokémon,Stage 2,G,180,Fire,Crocalor,Rare,662ca145d83c
sv1-39,sv1,SVI,39,Charcadet,Pokémon,Basic,G,60,Fire,,Common,5ef8a0f94cad
sv1-40,sv1,SVI,40,Charcadet,Pokémon,Basic,G,70,Fire,,Common,fdc5b1773f74
sv1-41,sv1,SVI,41,Armarouge,Pokémon,Stage 1,G,130,Fire,Charcadet,Rare,3f6017ea8359
sv1-42,sv1,SVI,42,Slowpoke,Pokémon,Basic,G,70,Water,,Common,7b79d283db3f
sv1-43,sv1,SVI,43,Slowbro,Pokémon,Stage 1,G,100,Water,Slowpoke,Rare,36b2be10db3f
sv1-44,sv1,SVI,44,Magikarp,Pokémon,Basic,G,30,Water,,Common,18ab92d1155c
sv1-45,sv1,SVI,45,Gyarados ex,Pokémon,Stage 1|Tera|ex,G,300,Water,Magikarp,Double Rare,afb822ce49c0
sv1-46,sv1,SVI,46,Buizel,Pokémon,Basic,G,70,Water,,Common,fa366c2b2a79
sv1-47,sv1,SVI,47,Floatzel,Pokémon,Stage 1,G,120,Water,Buizel,Uncommon,7c95120860ae
sv1-48,sv1,SVI,48,Alomomola,Pokémon,Basic,G,120,Water,,Common,dce133aee0c0
sv1-49,sv1,SVI,49,Clauncher,Pokémon,Basic,G,70,Water,,Common,bccb3aeab378
sv1-50,sv1,SVI,50,Clawitzer,Pokémon,Stage 1,G,120,Water,Clauncher,Common,e4311519db1e
sv1-51,sv1,SVI,51,Bruxish,Pokémon,Basic,G,100,Water,,Common,64d27a79b81e
sv1-52,sv1,SVI,52,Quaxly,Pokémon,Basic,G,70,Water,,Common,8b5ece4f0339
sv1-53,sv1,SVI,53,Quaxwell,Pokémon,Stage 1,G,100,Water,Quaxly,Uncommon,fd54fbd17ba6
sv1-54,sv1,SVI,54,Quaquaval,Pokémon,Stage 2,G,170,Water,Quaxwell,Rare,77a02e81e51f
sv1-55,sv1,SVI,55,Wiglett,Pokémon,Basic,G,50,Water,,Common,ec87b618c310
sv1-56,sv1,SVI,56,Wiglett,Pokémon,Basic,G,60,Water,,Common,80a1b16f46bc
sv1-57,sv1,SVI,57,Wugtrio,Pokémon,Stage 1,G,90,Water,Wiglett,Uncommon,5caa4e1859af
sv1-58,sv1,SVI,58,Cetoddle,Pokémon,Basic,G,80,Water,,Common,1bb34de80097
sv1-59,sv1,SVI,59,Cetoddle,Pokémon,Basic,G,100,Water,,Common,93af2689b99b
sv1-60,sv1,SVI,60,Cetitan,Pokémon,Stage 1,G,180,Water,Cetoddle,Uncommon,a535397c0b0c
sv1-61,sv1,SVI,61,Dondozo,Pokémon,Basic,G,160,Water,,Rare,81009deb4a64
sv1-62,sv1,SVI,62,Tatsugiri,Pokémon,Basic,G,70,Water,,Uncommon,ea88ab19dddc
sv1-63,sv1,SVI,63,Magnemite,Pokémon,Basic,G,60,Lightning,,Common,e73a674a2461
sv1-64,sv1,SVI,64,Magneton,Pokémon,Stage 1,G,90,Lightning,Magnemite,Common,98fc0e244be5
sv1-65,sv1,SVI,65,Magnezone ex,Pokémon,Stage 2|ex,G,330,Lightning,Magneton,Double Rare,27d007d54cdf
sv1-66,sv1,SVI,66,Mareep,Pokémon,Basic,G,60,Lightning,,Common,f7e621c7a9cf
sv1-67,sv1,SVI,67,Flaaffy,Pokémon,Stage 1,G,90,Lightning,Mareep,Uncommon,67f2fd661420
sv1-68,sv1,SVI,68,Pachirisu,Pokémon,Basic,G,70,Lightning,,Uncommon,50e025398178
sv1-69,sv1,SVI,69,Rotom,Pokémon,Basic,G,60,Lightning,,Common,44861064d22a
sv1-70,sv1,SVI,70,Rotom,Pokémon,Basic,G,80,Lightning,,Common,8faea9e5fd23
sv1-71,sv1,SVI,71,Toxel,Pokémon,Basic,G,70,Lightning,,Common,4ffbf77fe8de
sv1-72,sv1,SVI,72,Toxtricity,Pokémon,Stage 1,G,130,Lightning,Toxel,Uncommon,41e38defab50
sv1-73,sv1,SVI,73,Pawmi,Pokémon,Basic,G,50,Lightning,,Common,5ee0b881a6af
sv1-74,sv1,SVI,74,Pawmi,Pokémon,Basic,G,60,Lightning,,Common,49d653abf830
sv1-75,sv1,SVI,75,Pawmo,Pokémon,Stage 1,G,90,Lightning,Pawmi,Common,bcd02179d566
sv1-76,sv1,SVI,76,Pawmot,Pokémon,Stage 2,G,130,Lightning,Pawmo,Rare,28368e2af856
sv1-77,sv1,SVI,77,Wattrel,Pokémon,Basic,G,50,Lightning,,Common,9b525d87cd0d
sv1-78,sv1,SVI,78,Wattrel,Pokémon,Basic,G,60,Lightning,,Common,09d432181777
sv1-79,sv1,SVI,79,Kilowattrel,Pokémon,Stage 1,G,120,Lightning,Wattrel,Uncommon,7031332c6a43
sv1-80,sv1,SVI,80,Miraidon,Pokémon,Basic,G,120,Lightning,,Rare,cf94b992ae5e
sv1-81,sv1,SVI,81,Miraidon ex,Pokémon,Basic|ex,G,220,Lightning,,Double Rare,4622ab51a6cd
sv1-82,sv1,SVI,82,Drowzee,Pokémon,Basic,G,70,Psychic,,Common,1ae2e2a4ea87
sv1-83,sv1,SVI,83,Hypno,Pokémon,Stage 1,G,110,Psychic,Drowzee,Uncommon,25ac4de2e382
sv1-84,sv1,SVI,84,Ralts,Pokémon,Basic,G,70,Psychic,,Common,4bdc037956b7
sv1-85,sv1,SVI,85,Kirlia,Pokémon,Stage 1,G,90,Psychic,Ralts,Common,119b8c19227a
sv1-86,sv1,SVI,86,Gardevoir ex,Pokémon,Stage 2|ex,G,310,Psychic,Kirlia,Double Rare,ac0442726e2e
sv1-87,sv1,SVI,87,Shuppet,Pokémon,Basic,G,60,Psychic,,Common,3a8178062c3b
sv1-88,sv1,SVI,88,Banette ex,Pokémon,Stage 1|ex,G,250,Psychic,Shuppet,Double Rare,a8be2539b569
sv1-89,sv1,SVI,89,Drifloon,Pokémon,Basic,G,70,Psychic,,Common,f05499815e56
sv1-90,sv1,SVI,90,Drifblim,Pokémon,Stage 1,G,110,Psychic,Drifloon,Uncommon,df03a2b0bfa2
sv1-91,sv1,SVI,91,Flabébé,Pokémon,Basic,G,40,Psychic,,Common,c93631670020
sv1-92,sv1,SVI,92,Floette,Pokémon,Stage 1,G,70,Psychic,Flabébé,Common,33869e69269d
sv1-93,sv1,SVI,93,Florges,Pokémon,Stage 2,G,140,Psychic,Floette,Uncommon,7b393f33f8f7
sv1-94,sv1,SVI,94,Dedenne,Pokémon,Basic,G,70,Psychic,,Common,e48cc1d72774
sv1-95,sv1,SVI,95,Dedenne,Pokémon,Basic,G,70,Psychic,,Common,4fa9be17b9d4
sv1-96,sv1,SVI,96,Klefki,Pokémon,Basic,G,70,Psychic,,Rare,b667f96855d8
sv1-97,sv1,SVI,97,Fidough,Pokémon,Basic,G,50,Psychic,,Common,59e237a2a739
sv1-98,sv1,SVI,98,Fidough,Pokémon,Basic,G,60,Psychic,,Common,7658863e79f3
sv1-99,sv1,SVI,99,Dachsbun,Pokémon,Stage 1,G,90,Psychic,Fidough,Uncommon,958fcb70ce98
sv1-100,sv1,SVI,100,Flittle,Pokémon,Basic,G,30,Psychic,,Common,eaa45133b93b
sv1-101,sv1,SVI,101,Flittle,Pokémon,Basic,G,40,Psychic,,Common,ebbb66276956
sv1-102,sv1,SVI,102,Flittle,Pokémon,Basic,G,40,Psychic,,Common,053e36b50d92
sv1-103,sv1,SVI,103,Espathra,Pokémon,Stage 1,G,110,Psychic,Flittle,Uncommon,82e44cbaf82b
sv1-104,sv1,SVI,104,Greavard,Pokémon,Basic,G,70,Psychic,,Common,4e52a7c91630
sv1-105,sv1,SVI,105,Greavard,Pokémon,Basic,G,80,Psychic,,Common,4111eb56905a
sv1-106,sv1,SVI,106,Houndstone,Pokémon,Stage 1,G,140,Psychic,Greavard,Rare,850cf8e5da72
sv1-107,sv1,SVI,107,Mankey,Pokémon,Basic,G,60,Fighting,,Common,cd9147f3bab9
sv1-108,sv1,SVI,108,Primeape,Pokémon,Stage 1,G,90,Fighting,Mankey,Common,5bcad6775a52
sv1-109,sv1,SVI,109,Annihilape,Pokémon,Stage 2,G,140,Fighting,Primeape,Rare,bc85f87b6299
sv1-110,sv1,SVI,110,Meditite,Pokémon,Basic,G,60,Fighting,,Common,efb5521b1de2
sv1-111,sv1,SVI,111,Medicham,Pokémon,Stage 1,G,90,Fighting,Meditite,Uncommon,4dfd64b8a11d
sv1-112,sv1,SVI,112,Riolu,Pokémon,Basic,G,70,Fighting,,Common,c0ed21475921
sv1-113,sv1,SVI,113,Riolu,Pokémon,Basic,G,70,Fighting,,Common,74456c9afbdd
sv1-114,sv1,SVI,114,Lucario,Pokémon,Stage 1,G,130,Fighting,Riolu,Uncommon,3e20bb84e47e
sv1-115,sv1,SVI,115,Sandile,Pokémon,Basic,G,70,Fighting,,Common,78027e99f517
sv1-116,sv1,SVI,116,Krokorok,Pokémon,Stage 1,G,100,Fighting,Sandile,Common,97265329f10d
sv1-117,sv1,SVI,117,Krookodile,Pokémon,Stage 2,G,170,Fighting,Krokorok,Uncommon,c0b7655ac44c
sv1-118,sv1,SVI,118,Hawlucha,Pokémon,Basic,G,70,Fighting,,Rare,db6a005aa808
sv1-119,sv1,SVI,119,Silicobra,Pokémon,Basic,G,80,Fighting,,Common,49811ef16a88
sv1-120,sv1,SVI,120,Sandaconda,Pokémon,Stage 1,G,140,Fighting,Silicobra,Uncommon,fc9f37ff1931
sv1-121,sv1,SVI,121,Stonjourner,Pokémon,Basic,G,130,Fighting,,Uncommon,9aeff6328942
sv1-122,sv1,SVI,122,Klawf,Pokémon,Basic,G,130,Fighting,,Rare,a91ac6357d7f
sv1-123,sv1,SVI,123,Great Tusk ex,Pokémon,Basic|ex,G,250,Fighting,,Double Rare,d33ac721da1d
sv1-124,sv1,SVI,124,Koraidon,Pokémon,Basic,G,130,Fighting,,Rare,d4cc5f62e9cd
sv1-125,sv1,SVI,125,Koraidon ex,Pokémon,Basic|ex,G,230,Fighting,,Double Rare,dc4101540286
sv1-126,sv1,SVI,126,Grimer,Pokémon,Basic,G,80,Darkness,,Common,a49fab54fc56
sv1-127,sv1,SVI,127,Muk,Pokémon,Stage 1,G,140,Darkness,Grimer,Uncommon,aabcdbf23e69
sv1-128,sv1,SVI,128,Seviper,Pokémon,Basic,G,120,Darkness,,Common,d577666aaf5d
sv1-129,sv1,SVI,129,Spiritomb,Pokémon,Basic,G,70,Darkness,,Uncommon,00500938457c
sv1-130,sv1,SVI,130,Croagunk,Pokémon,Basic,G,70,Darkness,,Common,fe7e8072c541
sv1-131,sv1,SVI,131,Toxicroak ex,Pokémon,Stage 1|ex,G,250,Darkness,Croagunk,Double Rare,295ce65e1480
sv1-132,sv1,SVI,132,Pawniard,Pokémon,Basic,G,70,Darkness,,Common,aea6e116594c
sv1-133,sv1,SVI,133,Bisharp,Pokémon,Stage 1,G,120,Darkness,Pawniard,Common,08737aae8ff8
sv1-134,sv1,SVI,134,Kingambit,Pokémon,Stage 2,G,170,Darkness,Bisharp,Rare,80338f873d33
sv1-135,sv1,SVI,135,Maschiff,Pokémon,Basic,G,70,Darkness,,Common,145aed77cbb8
sv1-136,sv1,SVI,136,Maschiff,Pokémon,Basic,G,80,Darkness,,Common,ec94e1a5eff2
sv1-137,sv1,SVI,137,Mabosstiff,Pokémon,Stage 1,G,130,Darkness,Maschiff,Uncommon,72ecf0a99051
sv1-138,sv1,SVI,138,Bombirdier,Pokémon,Basic,G,110,Darkness,,Uncommon,5bb65079c9c9
sv1-139,sv1,SVI,139,Forretress,Pokémon,Stage 1,G,120,Metal,Pineco,Uncommon,be32f3ca45ac
sv1-140,sv1,SVI,140,Varoom,Pokémon,Basic,G,60,Metal,,Common,768ffa387d18
sv1-141,sv1,SVI,141,Varoom,Pokémon,Basic,G,80,Metal,,Common,d8310806e4b6
sv1-142,sv1,SVI,142,Revavroom,Pokémon,Stage 1,G,140,Metal,Varoom,Rare,339a96215c9f
sv1-143,sv1,SVI,143,Iron Treads ex,Pokémon,Basic|ex,G,220,Metal,,Double Rare,b6a19a77afab
sv1-144,sv1,SVI,144,Chansey,Pokémon,Basic,G,110,Colorless,,Common,d836d0204321
sv1-145,sv1,SVI,145,Blissey,Pokémon,Stage 1,G,150,Colorless,Chansey,Uncommon,90a57f7cf935
sv1-146,sv1,SVI,146,Zangoose,Pokémon,Basic,G,90,Colorless,,Common,13bd6fc3f189
sv1-147,sv1,SVI,147,Zangoose,Pokémon,Basic,G,110,Colorless,,Uncommon,a039d9af1da8
sv1-148,sv1,SVI,148,Starly,Pokémon,Basic,G,60,Colorless,,Common,488fa7890a98
sv1-149,sv1,SVI,149,Staravia,Pokémon,Stage 1,G,80,Colorless,Starly,Common,0e05ac479a6a
sv1-150,sv1,SVI,150,Staraptor,Pokémon,Stage 2,G,150,Colorless,Staravia,Uncommon,505070011fee
sv1-151,sv1,SVI,151,Skwovet,Pokémon,Basic,G,60,Colorless,,Common,d6c1051a3558
sv1-152,sv1,SVI,152,Greedent,Pokémon,Stage 1,G,120,Colorless,Skwovet,Uncommon,7f82bfe8561e
sv1-153,sv1,SVI,153,Indeedee,Pokémon,Basic,G,90,Colorless,,Rare,f142adb242a6
sv1-154,sv1,SVI,154,Lechonk,Pokémon,Basic,G,60,Colorless,,Common,fa684c45523b
sv1-155,sv1,SVI,155,Lechonk,Pokémon,Basic,G,60,Colorless,,Common,73e60630bed1
sv1-156,sv1,SVI,156,Lechonk,Pokémon,Basic,G,70,Colorless,,Common,3a8bc6bdc976
sv1-157,sv1,SVI,157,Oinkologne,Pokémon,Stage 1,G,120,Colorless,Lechonk,Uncommon,4ac1cb57c51d
sv1-158,sv1,SVI,158,Oinkologne ex,Pokémon,Stage 1|ex,G,260,Colorless,Lechonk,Double Rare,a89ff8677977
sv1-159,sv1,SVI,159,Tandemaus,Pokémon,Basic,G,30,Colorless,,Common,0def1948c911
sv1-160,sv1,SVI,160,Tandemaus,Pokémon,Basic,G,40,Colorless,,Common,455df7d959aa
sv1-161,sv1,SVI,161,Maushold,Pokémon,Stage 1,G,70,Colorless,Tandemaus,Uncommon,4ce4f50044d6
sv1-162,sv1,SVI,162,Squawkabilly,Pokémon,Basic,G,70,Colorless,,Common,842dc6e219d1
sv1-163,sv1,SVI,163,Cyclizar,Pokémon,Basic,G,110,Colorless,,Uncommon,d17bddb29cd4
sv1-164,sv1,SVI,164,Cyclizar,Pokémon,Basic,G,110,Colorless,,Rare,4c5a54fa6d04
sv1-165,sv1,SVI,165,Flamigo,Pokémon,Basic,G,110,Colorless,,Uncommon,123113b05a16
sv1-166,sv1,SVI,166,Arven,Trainer,Supporter,G,,,,Uncommon,40737e0b2027
sv1-167,sv1,SVI,167,Beach Court,Trainer,Stadium,G,,,,Uncommon,f257acef3f11
sv1-168,sv1,SVI,168,Crushing Hammer,Trainer,Item,G,,,,Common,b2b78553107f
sv1-169,sv1,SVI,169,Defiance Band,Trainer,Pokémon Tool,G,,,,Uncommon,4508c68bec22
sv1-170,sv1,SVI,170,Electric Generator,Trainer,Item,G,,,,Uncommon,46315569d5a0
sv1-171,sv1,SVI,171,Energy Retrieval,Trainer,Item,G,,,,Common,8954b3071828
sv1-172,sv1,SVI,172,Energy Search,Trainer,Item,G,,,,Common,48ec6b01f17b
sv1-173,sv1,SVI,173,Energy Switch,Trainer,Item,G,,,,Common,8468f21119cc
sv1-174,sv1,SVI,174,Exp. Share,Trainer,Pokémon Tool,G,,,,Uncommon,f6d799fc38b0
sv1-175,sv1,SVI,175,Jacq,Trainer,Supporter,G,,,,Uncommon,52f364e01516
sv1-176,sv1,SVI,176,Judge,Trainer,Supporter,G,,,,Uncommon,b1f42a8a89d3
sv1-177,sv1,SVI,177,Katy,Trainer,Supporter,G,,,,Uncommon,09d86b5524a1
sv1-178,sv1,SVI,178,Mesagoza,Trainer,Stadium,G,,,,Uncommon,3d32ba2ea9b1
sv1-179,sv1,SVI,179,Miriam,Trainer,Supporter,G,,,,Uncommon,1c0d940fa03c
sv1-180,sv1,SVI,180,Nemona,Trainer,Supporter,G,,,,Common,19f1f4cf1875
sv1-181,sv1,SVI,181,Nest Ball,Trainer,Item,G,,,,Uncommon,ba69b80b51eb
sv1-182,sv1,SVI,182,Pal Pad,Trainer,Item,G,,,,Common,86618db2fcba
sv1-183,sv1,SVI,183,Penny,Trainer,Supporter,G,,,,Uncommon,72dd623070eb
sv1-184,sv1,SVI,184,Picnic Basket,Trainer,Item,G,,,,Uncommon,20aad1350e48
sv1-185,sv1,SVI,185,Poké Ball,Trainer,Item,G,,,,Common,c14217c41051
sv1-186,sv1,SVI,186,Pokégear 3.0,Trainer,Item,G,,,,Common,f96a702397ec
sv1-187,sv1,SVI,187,Pokémon Catcher,Trainer,Item,G,,,,Common,6e02182c874a
sv1-188,sv1,SVI,188,Potion,Trainer,Item,G,,,,Common,69f07683c39b
sv1-189,sv1,SVI,189,Professor's Research (Professor Sada),Trainer,Supporter,G,,,,Rare,c06a2ec54c96
sv1-190,sv1,SVI,190,Professor's Research (Professor Turo),Trainer,Supporter,G,,,,Rare,4eee27ab3b18
sv1-191,sv1,SVI,191,Rare Candy,Trainer,Item,G,,,,Common,9857fbd6f8d3
sv1-192,sv1,SVI,192,Rock Chestplate,Trainer,Pokémon Tool,G,,,,Uncommon,44c6fb45c0f8
sv1-193,sv1,SVI,193,Rocky Helmet,Trainer,Pokémon Tool,G,,,,Uncommon,7bfb994061ed
sv1-194,sv1,SVI,194,Switch,Trainer,Item,G,,,,Common,431905d775bf
sv1-195,sv1,SVI,195,Team Star Grunt,Trainer,Supporter,G,,,,Uncommon,a2f6f284bfbf
sv1-196,sv1,SVI,196,Ultra Ball,Trainer,Item,G,,,,Uncommon,56da2bd5e1cc
sv1-197,sv1,SVI,197,Vitality Band,Trainer,Pokémon Tool,G,,,,Uncommon,9f65260b4b86
sv1-198,sv1,SVI,198,Youngster,Trainer,Supporter,G,,,,Uncommon,a38cf463299c
sv1-199,sv1,SVI,199,Tarountula,Pokémon,Basic,G,40,Grass,,Illustration Rare,ddc2da52254a
sv1-200,sv1,SVI,200,Dolliv,Pokémon,Stage 1,G,90,Grass,Smoliv,Illustration Rare,e3b4046a0dbe
sv1-201,sv1,SVI,201,Toedscool,Pokémon,Basic,G,50,Grass,,Illustration Rare,45977bc6590b
sv1-202,sv1,SVI,202,Scovillain,Pokémon,Stage 1,G,110,Grass,Capsakid,Illustration Rare,b0e2f3325e49
sv1-203,sv1,SVI,203,Armarouge,Pokémon,Stage 1,G,130,Fire,Charcadet,Illustration Rare,3f6017ea8359
sv1-204,sv1,SVI,204,Slowpoke,Pokémon,Basic,G,70,Water,,Illustration Rare,7b79d283db3f
sv1-205,sv1,SVI,205,Clauncher,Pokémon,Basic,G,70,Water,,Illustration Rare,bccb3aeab378
sv1-206,sv1,SVI,206,Wiglett,Pokémon,Basic,G,50,Water,,Illustration Rare,ec87b618c310
sv1-207,sv1,SVI,207,Dondozo,Pokémon,Basic,G,160,Water,,Illustration Rare,81009deb4a64
sv1-208,sv1,SVI,208,Pachirisu,Pokémon,Basic,G,70,Lightning,,Illustration Rare,50e025398178
sv1-209,sv1,SVI,209,Pawmot,Pokémon,Stage 2,G,130,Lightning,Pawmo,Illustration Rare,28368e2af856
sv1-210,sv1,SVI,210,Drowzee,Pokémon,Basic,G,70,Psychic,,Illustration Rare,1ae2e2a4ea87
sv1-211,sv1,SVI,211,Ralts,Pokémon,Basic,G,70,Psychic,,Illustration Rare,4bdc037956b7
sv1-212,sv1,SVI,212,Kirlia,Pokémon,Stage 1,G,90,Psychic,Ralts,Illustration Rare,119b8c19227a
sv1-213,sv1,SVI,213,Fidough,Pokémon,Basic,G,60,Psychic,,Illustration Rare,7658863e79f3
sv1-214,sv1,SVI,214,Greavard,Pokémon,Basic,G,70,Psychic,,Illustration Rare,4e52a7c91630
sv1-215,sv1,SVI,215,Riolu,Pokémon,Basic,G,70,Fighting,,Illustration Rare,74456c9afbdd
sv1-216,sv1,SVI,216,Sandile,Pokémon,Basic,G,70,Fighting,,Illustration Rare,78027e99f517
sv1-217,sv1,SVI,217,Klawf,Pokémon,Basic,G,130,Fighting,,Illustration Rare,a91ac6357d7f
sv1-218,sv1,SVI,218,Mabosstiff,Pokémon,Stage 1,G,130,Darkness,Maschiff,Illustration Rare,72ecf0a99051
sv1-219,sv1,SVI,219,Bombirdier,Pokémon,Basic,G,110,Darkness,,Illustration Rare,5bb65079c9c9
sv1-220,sv1,SVI,220,Kingambit,Pokémon,Stage 2,G,170,Darkness,Bisharp,Illustration Rare,80338f873d33
sv1-221,sv1,SVI,221,Starly,Pokémon,Basic,G,60,Colorless,,Illustration Rare,488fa7890a98
sv1-222,sv1,SVI,222,Skwovet,Pokémon,Basic,G,60,Colorless,,Illustration Rare,d6c1051a3558
sv1-223,sv1,SVI,223,Spidops ex,Pokémon,Stage 1|ex,G,260,Grass,Tarountula,Ultra Rare,239c1cfc8e1e
sv1-224,sv1,SVI,224,Arcanine ex,Pokémon,Stage 1|Tera|ex,G,280,Fire,Growlithe,Ultra Rare,b4d03c5bac84
sv1-225,sv1,SVI,225,Gyarados ex,Pokémon,Stage 1|Tera|ex,G,300,Water,Magikarp,Ultra Rare,afb822ce49c0
sv1-226,sv1,SVI,226,Magnezone ex,Pokémon,Stage 2|ex,G,330,Lightning,Magneton,Ultra Rare,27d007d54cdf
sv1-227,sv1,SVI,227,Miraidon ex,Pokémon,Basic|ex,G,220,Lightning,,Ultra Rare,4622ab51a6cd
sv1-228,sv1,SVI,228,Gardevoir ex,Pokémon,Stage 2|ex,G,310,Psychic,Kirlia,Ultra Rare,ac0442726e2e
sv1-229,sv1,SVI,229,Banette ex,Pokémon,Stage 1|ex,G,250,Psychic,Shuppet,Ultra Rare,a8be2539b569
sv1-230,sv1,SVI,230,Great Tusk ex,Pokémon,Basic|ex,G,250,Fighting,,Ultra Rare,d33ac721da1d
sv1-231,sv1,SVI,231,Koraidon ex,Pokémon,Basic|ex,G,230,Fighting,,Ultra Rare,dc4101540286
sv1-232,sv1,SVI,232,Toxicroak ex,Pokémon,Stage 1|ex,G,250,Darkness,Croagunk,Ultra Rare,295ce65e1480
sv1-233,sv1,SVI,233,Iron Treads ex,Pokémon,Basic|ex,G,220,Metal,,Ultra Rare,b6a19a77afab
sv1-234,sv1,SVI,234,Oinkologne ex,Pokémon,Stage 1|ex,G,260,Colorless,Lechonk,Ultra Rare,a89ff8677977
sv1-235,sv1,SVI,235,Arven,Trainer,Supporter,G,,,,Ultra Rare,40737e0b2027
sv1-236,sv1,SVI,236,Jacq,Trainer,Supporter,G,,,,Ultra Rare,52f364e01516
sv1-237,sv1,SVI,237,Katy,Trainer,Supporter,G,,,,Ultra Rare,09d86b5524a1
sv1-238,sv1,SVI,238,Miriam,Trainer,Supporter,G,,,,Ultra Rare,1c0d940fa03c
sv1-239,sv1,SVI,239,Penny,Trainer,Supporter,G,,,,Ultra Rare,72dd623070eb
sv1-240,sv1,SVI,240,Professor's Research (Professor Sada),Trainer,Supporter,G,,,,Ultra Rare,c06a2ec54c96
sv1-241,sv1,SVI,241,Professor's Research (Professor Turo),Trainer,Supporter,G,,,,Ultra Rare,4eee27ab3b18
sv1-242,sv1,SVI,242,Team Star Grunt,Trainer,Supporter,G,,,,Ultra Rare,a2f6f284bfbf
sv1-243,sv1,SVI,243,Spidops ex,Pokémon,Stage 1|ex,G,260,Grass,Tarountula,Special Illustration Rare,239c1cfc8e1e
sv1-244,sv1,SVI,244,Miraidon ex,Pokémon,Basic|ex,G,220,Lightning,,Special Illustration Rare,4622ab51a6cd
sv1-245,sv1,SVI,245,Gardevoir ex,Pokémon,Stage 2|ex,G,310,Psychic,Kirlia,Special Illustration Rare,ac0442726e2e
sv1-246,sv1,SVI,246,Great Tusk ex,Pokémon,Basic|ex,G,250,Fighting,,Special Illustration Rare,d33ac721da1d
sv1-247,sv1,SVI,247,Koraidon ex,Pokémon,Basic|ex,G,230,Fighting,,Special Illustration Rare,dc4101540286
sv1-248,sv1,SVI,248,Iron Treads ex,Pokémon,Basic|ex,G,220,Metal,,Special Illustration Rare,b6a19a77afab
sv1-249,sv1,SVI,249,Arven,Trainer,Supporter,G,,,,Special Illustration Rare,40737e0b2027
sv1-250,sv1,SVI,250,Jacq,Trainer,Supporter,G,,,,Special Illustration Rare,52f364e01516
sv1-251,sv1,SVI,251,Miriam,Trainer,Supporter,G,,,,Special Illustration Rare,1c0d940fa03c
sv1-252,sv1,SVI,252,Penny,Trainer,Supporter,G,,,,Special Illustration Rare,72dd623070eb
sv1-253,sv1,SVI,253,Miraidon ex,Pokémon,Basic|ex,G,220,Lightning,,Hyper Rare,4622ab51a6cd
sv1-254,sv1,SVI,254,Koraidon ex,Pokémon,Basic|ex,G,230,Fighting,,Hyper Rare,dc4101540286
sv1-255,sv1,SVI,255,Nest Ball,Trainer,Item,G,,,,Hyper Rare,ba69b80b51eb
sv1-256,sv1,SVI,256,Rare Candy,Trainer,Item,G,,,,Hyper Rare,9857fbd6f8d3
sv1-257,sv1,SVI,257,Basic Lightning Energy,Energy,Basic,,,,,Hyper Rare,880b56473a97
sv1-258,sv1,SVI,258,Basic Fighting Energy,Energy,Basic,,,,,Hyper Rare,d9ddeade4b8d
sve-1,sve,SVE,1,Basic Grass Energy,Energy,Basic,,,,,Common,c48f738bbecd
sve-2,sve,SVE,2,Basic Fire Energy,Energy,Basic,,,,,Common,de043a4dc297
sve-3,sve,SVE,3,Basic Water Energy,Energy,Basic,,,,,Common,992d4a4a5516
sve-4,sve,SVE,4,Basic Lightning Energy,Energy,Basic,,,,,Common,880b56473a97
sve-5,sve,SVE,5,Basic Psychic Energy,Energy,Basic,,,,,Common,8cd4985796e4
sve-6,sve,SVE,6,Basic Fighting Energy,Energy,Basic,,,,,Common,d9ddeade4b8d
sve-7,sve,SVE,7,Basic Darkness Energy,Energy,Basic,,,,,Common,dc6f4eb67afd
sve-8,sve,SVE,8,Basic Metal Energy,Energy,Basic,,,,,Common,ac4ea768142d
sve-9,sve,SVE,9,Basic Grass Energy,Energy,Basic,,,,,Common,c48f738bbecd
sve-10,sve,SVE,10,Basic Fire Energy,Energy,Basic,,,,,Common,de043a4dc297
sve-11,sve,SVE,11,Basic Water Energy,Energy,Basic,,,,,Common,992d4a4a5516
sve-12,sve,SVE,12,Basic Lightning Energy,Energy,Basic,,,,,Common,880b56473a97
sve-13,sve,SVE,13,Basic Psychic Energy,Energy,Basic,,,,,Common,8cd4985796e4
sve-14,sve,SVE,14,Basic Fighting Energy,Energy,Basic,,,,,Common,d9ddeade4b8d
sve-15,sve,SVE,15,Basic Darkness Energy,Energy,Basic,,,,,Common,dc6f4eb67afd
sve-16,sve,SVE,16,Basic Metal Energy,Energy,Basic,,,,,Common,ac4ea768142d
sv2-1,sv2,PAL,1,Hoppip,Pokémon,Basic,G,50,Grass,,Common,cf8a30e396eb
sv2-2,sv2,PAL,2,Skiploom,Pokémon,Stage 1,G,70,Grass,Hoppip,Uncommon,280bbd171beb
sv2-3,sv2,PAL,3,Jumpluff,Pokémon,Stage 2,G,90,Grass,Skiploom,Rare,5f95ce7ad1c5
sv2-4,sv2,PAL,4,Pineco,Pokémon,Basic,G,70,Grass,,Common,229e31810508
sv2-5,sv2,PAL,5,Forretress ex,Pokémon,Stage 1|Tera|ex,G,270,Grass,Pineco,Double Rare,3afefa03a770
sv2-6,sv2,PAL,6,Heracross,Pokémon,Basic,G,130,Grass,,Uncommon,082c8eb76b36
sv2-7,sv2,PAL,7,Tropius,Pokémon,Basic,G,110,Grass,,Common,ff417f044c7d
sv2-8,sv2,PAL,8,Combee,Pokémon,Basic,G,50,Grass,,Common,66e86bc44265
sv2-9,sv2,PAL,9,Vespiquen,Pokémon,Stage 1,G,120,Grass,Combee,Uncommon,7d71f5c0a4f1
sv2-10,sv2,PAL,10,Snover,Pokémon,Basic,G,90,Grass,,Common,65a5dc548975
sv2-11,sv2,PAL,11,Abomasnow,Pokémon,Stage 1,G,150,Grass,Snover,Rare,12e6da694158
sv2-12,sv2,PAL,12,Sprigatito,Pokémon,Basic,G,60,Grass,,Common,179f73d6ab61
sv2-13,sv2,PAL,13,Sprigatito,Pokémon,Basic,G,70,Grass,,Common,56a778dfdf45
sv2-14,sv2,PAL,14,Floragato,Pokémon,Stage 1,G,90,Grass,Sprigatito,Uncommon,38759aca8bb7
sv2-15,sv2,PAL,15,Meowscarada ex,Pokémon,Stage 2|ex,G,310,Grass,Floragato,Double Rare,ac631aab9f49
sv2-16,sv2,PAL,16,Tarountula,Pokémon,Basic,G,50,Grass,,Common,0d021ff29229
sv2-17,sv2,PAL,17,Tarountula,Pokémon,Basic,G,60,Grass,,Common,eb1ae9a323fa
sv2-18,sv2,PAL,18,Spidops,Pokémon,Stage 1,G,110,Grass,Tarountula,Uncommon,7e5d2d02c5fb
sv2-19,sv2,PAL,19,Nymble,Pokémon,Basic,G,40,Grass,,Common,b67d4ffb1258
sv2-20,sv2,PAL,20,Nymble,Pokémon,Basic,G,50,Grass,,Common,acd92d3aa0b5
sv2-21,sv2,PAL,21,Lokix,Pokémon,Stage 1,G,120,Grass,Nymble,Rare,e82a606667ae
sv2-22,sv2,PAL,22,Bramblin,Pokémon,Basic,G,40,Grass,,Common,2aa96e7eed26
sv2-23,sv2,PAL,23,Bramblin,Pokémon,Basic,G,50,Grass,,Common,e91b5c727ca8
sv2-24,sv2,PAL,24,Brambleghast,Pokémon,Stage 1,G,100,Grass,Bramblin,Uncommon,0a6a6fc2b7c5
sv2-25,sv2,PAL,25,Rellor,Pokémon,Basic,G,40,Grass,,Common,82195bcb3b3a
sv2-26,sv2,PAL,26,Rellor,Pokémon,Basic,G,50,Grass,,Common,2c6c8339aea6
sv2-27,sv2,PAL,27,Wo-Chien ex,Pokémon,Basic|ex,G,230,Grass,,Double Rare,8033c45b329d
sv2-28,sv2,PAL,28,Paldean Tauros,Pokémon,Basic,G,130,Fire,,Uncommon,4d93705bcc24
sv2-29,sv2,PAL,29,Fletchinder,Pokémon,Stage 1,G,80,Fire,Fletchling,Uncommon,1a3bb4bbd406
sv2-30,sv2,PAL,30,Talonflame,Pokémon,Stage 2,G,150,Fire,Fletchinder,Uncommon,fb843468e476
sv2-31,sv2,PAL,31,Litleo,Pokémon,Basic,G,70,Fire,,Common,0086f5ea7770
sv2-32,sv2,PAL,32,Pyroar,Pokémon,Stage 1,G,120,Fire,Litleo,Uncommon,bbf18fa8a20f
sv2-33,sv2,PAL,33,Oricorio,Pokémon,Basic,G,90,Fire,,Rare,7c76e5231bc0
sv2-34,sv2,PAL,34,Fuecoco,Pokémon,Basic,G,80,Fire,,Common,3f8368826f77
sv2-35,sv2,PAL,35,Fuecoco,Pokémon,Basic,G,90,Fire,,Common,72aed276e750
sv2-36,sv2,PAL,36,Crocalor,Pokémon,Stage 1,G,110,Fire,Fuecoco,Uncommon,d311daa2f74a
sv2-37,sv2,PAL,37,Skeledirge ex,Pokémon,Stage 2|ex,G,340,Fire,Crocalor,Double Rare,fc95f9f6d6ce
sv2-38,sv2,PAL,38,Charcadet,Pokémon,Basic,G,60,Fire,,Common,4f37557a96ef
sv2-39,sv2,PAL,39,Charcadet,Pokémon,Basic,G,80,Fire,,Common,7c6a909fe960
sv2-40,sv2,PAL,40,Chi-Yu ex,Pokémon,Basic|ex,G,190,Fire,,Double Rare,dbedc65769f7
sv2-41,sv2,PAL,41,Paldean Tauros,Pokémon,Basic,G,130,Water,,Uncommon,5fbe489826f7
sv2-42,sv2,PAL,42,Magikarp,Pokémon,Basic,G,30,Water,,Common,82babfb5549f
sv2-43,sv2,PAL,43,Gyarados,Pokémon,Stage 1,G,180,Water,Magikarp,Rare,4cc23909ba69
sv2-44,sv2,PAL,44,Marill,Pokémon,Basic,G,70,Water,,Common,b42034f02030
sv2-45,sv2,PAL,45,Azumarill,Pokémon,Stage 1,G,120,Water,Marill,Uncommon,df7fc9a9c53e
sv2-46,sv2,PAL,46,Delibird,Pokémon,Basic,G,90,Water,,Common,41d74859f0b1
sv2-47,sv2,PAL,47,Luvdisc,Pokémon,Basic,G,70,Water,,Common,3fdbccaa0926
sv2-48,sv2,PAL,48,Eiscue,Pokémon,Basic,G,110,Water,,Uncommon,d8ce24eec182
sv2-49,sv2,PAL,49,Quaxly,Pokémon,Basic,G,60,Water,,Common,f2dd85321956
sv2-50,sv2,PAL,50,Quaxly,Pokémon,Basic,G,70,Water,,Common,b51d1ccd513b
sv2-51,sv2,PAL,51,Quaxwell,Pokémon,Stage 1,G,90,Water,Quaxly,Uncommon,33422196a6d8
sv2-52,sv2,PAL,52,Quaquaval ex,Pokémon,Stage 2|ex,G,320,Water,Quaxwell,Double Rare,29581d9fad66
sv2-53,sv2,PAL,53,Cetoddle,Pokémon,Basic,G,90,Water,,Common,79d521584377
sv2-54,sv2,PAL,54,Cetoddle,Pokémon,Basic,G,100,Water,,Common,b3027781e527
sv2-55,sv2,PAL,55,Cetitan,Pokémon,Stage 1,G,180,Water,Cetoddle,Uncommon,22dd5f7a4b89
sv2-56,sv2,PAL,56,Veluza,Pokémon,Basic,G,130,Water,,Rare,5d505e9cf36e
sv2-57,sv2,PAL,57,Frigibax,Pokémon,Basic,G,60,Water,,Common,f89d95cd6bd0
sv2-58,sv2,PAL,58,Frigibax,Pokémon,Basic,G,70,Water,,Common,0a70902d0415
sv2-59,sv2,PAL,59,Arctibax,Pokémon,Stage 1,G,90,Water,Frigibax,Uncommon,b02a73cb38df
sv2-60,sv2,PAL,60,Baxcalibur,Pokémon,Stage 2,G,160,Water,Arctibax,Rare,7095ca9075d0
sv2-61,sv2,PAL,61,Chien-Pao ex,Pokémon,Basic|ex,G,220,Water,,Double Rare,ee96253b171d
sv2-62,sv2,PAL,62,Pikachu,Pokémon,Basic,G,70,Lightning,,Common,96921b2839af
sv2-63,sv2,PAL,63,Pikachu ex,Pokémon,Basic|ex,G,190,Lightning,,Double Rare,922158780378
sv2-64,sv2,PAL,64,Raichu,Pokémon,Stage 1,G,140,Lightning,Pikachu,Uncommon,ec738badb221
sv2-65,sv2,PAL,65,Magnemite,Pokémon,Basic,G,50,Lightning,,Common,263d1a354b8b
sv2-66,sv2,PAL,66,Voltorb,Pokémon,Basic,G,70,Lightning,,Common,650956f72a66
sv2-67,sv2,PAL,67,Electrode,Pokémon,Stage 1,G,90,Lightning,Voltorb,Uncommon,87e4d0891c2f
sv2-68,sv2,PAL,68,Shinx,Pokémon,Basic,G,40,Lightning,,Common,b9ee3d28d2f4
sv2-69,sv2,PAL,69,Shinx,Pokémon,Basic,G,70,Lightning,,Common,6e468fc63c86
sv2-70,sv2,PAL,70,Luxio,Pokémon,Stage 1,G,90,Lightning,Shinx,Uncommon,4127e2348893
sv2-71,sv2,PAL,71,Luxray,Pokémon,Stage 2,G,150,Lightning,Luxio,Rare,4bd79ff609ed
sv2-72,sv2,PAL,72,Pincurchin,Pokémon,Basic,G,80,Lightning,,Common,4e780fbd992b
sv2-73,sv2,PAL,73,Pincurchin,Pokémon,Basic,G,90,Lightning,,Uncommon,2af3e69243f9
sv2-74,sv2,PAL,74,Pawmi,Pokémon,Basic,G,50,Lightning,,Common,febcea7a581c
sv2-75,sv2,PAL,75,Pawmo,Pokémon,Stage 1,G,80,Lightning,Pawmi,Uncommon,31e196d3b5dd
sv2-76,sv2,PAL,76,Pawmot,Pokémon,Stage 2,G,140,Lightning,Pawmo,Rare,5aa9a85b932f
sv2-77,sv2,PAL,77,Tadbulb,Pokémon,Basic,G,50,Lightning,,Common,e2328f29f026
sv2-78,sv2,PAL,78,Tadbulb,Pokémon,Basic,G,60,Lightning,,Common,90650a127c31
sv2-79,sv2,PAL,79,Bellibolt ex,Pokémon,Stage 1|ex,G,280,Lightning,Tadbulb,Double Rare,c615fce5ee7d
sv2-80,sv2,PAL,80,Wattrel,Pokémon,Basic,G,60,Lightning,,Common,726d12cb7e94
sv2-81,sv2,PAL,81,Wattrel,Pokémon,Basic,G,60,Lightning,,Common,cf757449495d
sv2-82,sv2,PAL,82,Kilowattrel,Pokémon,Stage 1,G,120,Lightning,Wattrel,Uncommon,bef8bd536936
sv2-83,sv2,PAL,83,Jigglypuff,Pokémon,Basic,G,70,Psychic,,Common,af6ed287f10d
sv2-84,sv2,PAL,84,Wigglytuff,Pokémon,Stage 1,G,110,Psychic,Jigglypuff,Rare,d4bcc443b328
sv2-85,sv2,PAL,85,Slowpoke,Pokémon,Basic,G,80,Psychic,,Common,cf18b0c4f805
sv2-86,sv2,PAL,86,Slowking ex,Pokémon,Stage 1|Tera|ex,G,270,Psychic,Slowpoke,Double Rare,ff78f0f0b1bc
sv2-87,sv2,PAL,87,Misdreavus,Pokémon,Basic,G,70,Psychic,,Common,71f20de878b0
sv2-88,sv2,PAL,88,Mismagius,Pokémon,Stage 1,G,90,Psychic,Misdreavus,Uncommon,3ae2c8088718
sv2-89,sv2,PAL,89,Spiritomb,Pokémon,Basic,G,60,Psychic,,Rare,cc732e92b63f
sv2-90,sv2,PAL,90,Gothita,Pokémon,Basic,G,70,Psychic,,Common,59deff3ddd9a
sv2-91,sv2,PAL,91,Gothorita,Pokémon,Stage 1,G,90,Psychic,Gothita,Uncommon,a0ed95696c01
sv2-92,sv2,PAL,92,Gothitelle,Pokémon,Stage 2,G,150,Psychic,Gothorita,Uncommon,84d72cadbb06
sv2-93,sv2,PAL,93,Dedenne ex,Pokémon,Basic|Tera|ex,G,170,Psychic,,Double Rare,06796a908027
sv2-94,sv2,PAL,94,Oranguru,Pokémon,Basic,G,120,Psychic,,Uncommon,efe5de054ce7
sv2-95,sv2,PAL,95,Sandygast,Pokémon,Basic,G,90,Psychic,,Common,8ffd788f72a5
sv2-96,sv2,PAL,96,Palossand,Pokémon,Stage 1,G,150,Psychic,Sandygast,Uncommon,68a47ae96e77
sv2-97,sv2,PAL,97,Mimikyu,Pokémon,Basic,G,70,Psychic,,Rare,83ed3f436236
sv2-98,sv2,PAL,98,Ceruledge,Pokémon,Stage 1,G,140,Psychic,Charcadet,Rare,c40278d555a6
sv2-99,sv2,PAL,99,Rabsca,Pokémon,Stage 1,G,70,Psychic,Rellor,Rare,585980021dc8
sv2-100,sv2,PAL,100,Tinkatink,Pokémon,Basic,G,60,Psychic,,Common,3a1ecc402606
sv2-101,sv2,PAL,101,Tinkatink,Pokémon,Basic,G,60,Psychic,,Common,26b6c1047e22
sv2-102,sv2,PAL,102,Tinkatink,Pokémon,Basic,G,70,Psychic,,Common,3792908b704b
sv2-103,sv2,PAL,103,Tinkatuff,Pokémon,Stage 1,G,80,Psychic,Tinkatink,Uncommon,67d0117c2a16
sv2-104,sv2,PAL,104,Tinkatuff,Pokémon,Stage 1,G,90,Psychic,Tinkatink,Uncommon,58eac3ba1288
sv2-105,sv2,PAL,105,Tinkaton,Pokémon,Stage 2,G,140,Psychic,Tinkatuff,Rare,ffb99837158c
sv2-106,sv2,PAL,106,Mankey,Pokémon,Basic,G,60,Fighting,,Common,d9ab860b1d46
sv2-107,sv2,PAL,107,Primeape,Pokémon,Stage 1,G,110,Fighting,Mankey,Uncommon,60a748eea7b8
sv2-108,sv2,PAL,108,Paldean Tauros,Pokémon,Basic,G,130,Fighting,,Uncommon,d69eae5dcece
sv2-109,sv2,PAL,109,Sudowoodo,Pokémon,Basic,G,110,Fighting,,Uncommon,f09c97675332
sv2-110,sv2,PAL,110,Larvitar,Pokémon,Basic,G,70,Fighting,,Common,f0d9b5c049db
sv2-111,sv2,PAL,111,Pupitar,Pokémon,Stage 1,G,90,Fighting,Larvitar,Uncommon,77d9ac1793ce
sv2-112,sv2,PAL,112,Makuhita,Pokémon,Basic,G,90,Fighting,,Common,3e1e70629f6f
sv2-113,sv2,PAL,113,Hariyama,Pokémon,Stage 1,G,140,Fighting,Makuhita,Rare,a0b5a955010c
sv2-114,sv2,PAL,114,Croagunk,Pokémon,Basic,G,70,Fighting,,Common,5f9374efd9c0
sv2-115,sv2,PAL,115,Toxicroak,Pokémon,Stage 1,G,130,Fighting,Croagunk,Uncommon,96688a9a4948
sv2-116,sv2,PAL,116,Rockruff,Pokémon,Basic,G,70,Fighting,,Common,7263a259a62f
sv2-117,sv2,PAL,117,Lycanroc ex,Pokémon,Stage 1|ex,G,260,Fighting,Rockruff,Double Rare,d6fac32ef826
sv2-118,sv2,PAL,118,Passimian,Pokémon,Basic,G,110,Fighting,,Uncommon,9d815f003e3f
sv2-119,sv2,PAL,119,Falinks,Pokémon,Basic,G,110,Fighting,,Common,ef157d5bf98d
sv2-120,sv2,PAL,120,Nacli,Pokémon,Basic,G,60,Fighting,,Common,5b569d88f392
sv2-121,sv2,PAL,121,Nacli,Pokémon,Basic,G,70,Fighting,,Common,6f4d0fdcd1a0
sv2-122,sv2,PAL,122,Naclstack,Pokémon,Stage 1,G,100,Fighting,Nacli,Uncommon,670a9d98dd65
sv2-123,sv2,PAL,123,Garganacl,Pokémon,Stage 2,G,180,Fighting,Naclstack,Rare,78fc009d0661
sv2-124,sv2,PAL,124,Glimmet,Pokémon,Basic,G,40,Fighting,,Common,7a9d695d7a67
sv2-125,sv2,PAL,125,Glimmet,Pokémon,Basic,G,70,Fighting,,Common,e7e20253f572
sv2-126,sv2,PAL,126,Glimmora,Pokémon,Stage 1,G,130,Fighting,Glimmet,Rare,a0daaf5be812
sv2-127,sv2,PAL,127,Ting-Lu ex,Pokémon,Basic|ex,G,240,Fighting,,Double Rare,a99cadc40377
sv2-128,sv2,PAL,128,Paldean Wooper,Pokémon,Basic,G,60,Darkness,,Common,c70d43170d3e
sv2-129,sv2,PAL,129,Paldean Wooper,Pokémon,Basic,G,60,Darkness,,Common,d92ac1abbc25
sv2-130,sv2,PAL,130,Paldean Clodsire ex,Pokémon,Stage 1|ex,G,280,Darkness,Paldean Wooper,Double Rare,4ad5fb0dfc2a
sv2-131,sv2,PAL,131,Murkrow,Pokémon,Basic,G,60,Darkness,,Common,91c0581472ba
sv2-132,sv2,PAL,132,Honchkrow,Pokémon,Stage 1,G,130,Darkness,Murkrow,Uncommon,6aaaaf31b873
sv2-133,sv2,PAL,133,Sneasel,Pokémon,Basic,G,70,Darkness,,Common,1678383f2bd6
sv2-134,sv2,PAL,134,Weavile,Pokémon,Stage 1,G,110,Darkness,Sneasel,Rare,dd96819aee1a
sv2-135,sv2,PAL,135,Tyranitar,Pokémon,Stage 2,G,180,Darkness,Pupitar,Rare,19db0e69a085
sv2-136,sv2,PAL,136,Sableye,Pokémon,Basic,G,70,Darkness,,Rare,076f394c480f
sv2-137,sv2,PAL,137,Seviper,Pokémon,Basic,G,110,Darkness,,Uncommon,a1c1c5aebb85
sv2-138,sv2,PAL,138,Deino,Pokémon,Basic,G,70,Darkness,,Common,c941458040be
sv2-139,sv2,PAL,139,Zweilous,Pokémon,Stage 1,G,100,Darkness,Deino,Uncommon,8cc345d17928
sv2-140,sv2,PAL,140,Hydreigon,Pokémon,Stage 2,G,180,Darkness,Zweilous,Rare,fd457ba8a9fd
sv2-141,sv2,PAL,141,Maschiff,Pokémon,Basic,G,60,Darkness,,Common,48b7e38a5f27
sv2-142,sv2,PAL,142,Maschiff,Pokémon,Basic,G,70,Darkness,,Common,5366682feb1c
sv2-143,sv2,PAL,143,Mabosstiff,Pokémon,Stage 1,G,140,Darkness,Maschiff,Uncommon,336028e18cf4
sv2-144,sv2,PAL,144,Shroodle,Pokémon,Basic,G,50,Darkness,,Common,f23bf012adc5
sv2-145,sv2,PAL,145,Shroodle,Pokémon,Basic,G,60,Darkness,,Common,b175f7773e4f
sv2-146,sv2,PAL,146,Grafaiai,Pokémon,Stage 1,G,90,Darkness,Shroodle,Uncommon,70a8a4a028c3
sv2-147,sv2,PAL,147,Bombirdier,Pokémon,Basic,G,120,Darkness,,Uncommon,3004d9dfa9c6
sv2-148,sv2,PAL,148,Corviknight,Pokémon,Stage 2,G,170,Metal,Corvisquire,Uncommon,145a01792e1e
sv2-149,sv2,PAL,149,Cufant,Pokémon,Basic,G,100,Metal,,Common,167d2d9a416a
sv2-150,sv2,PAL,150,Copperajah ex,Pokémon,Stage 1|ex,G,300,Metal,Cufant,Double Rare,a5aea0fa231d
sv2-151,sv2,PAL,151,Orthworm,Pokémon,Basic,G,130,Metal,,Rare,8e7a0930c7cc
sv2-152,sv2,PAL,152,Noibat,Pokémon,Basic,G,70,Dragon,,Common,116b99d9a1ff
sv2-153,sv2,PAL,153,Noivern ex,Pokémon,Stage 1|ex,G,260,Dragon,Noibat,Double Rare,894fa38e4084
sv2-154,sv2,PAL,154,Girafarig,Pokémon,Basic,G,100,Colorless,,Common,07963fe2b67d
sv2-155,sv2,PAL,155,Farigiraf,Pokémon,Stage 1,G,140,Colorless,Girafarig,Uncommon,d1a8322fadef
sv2-156,sv2,PAL,156,Dunsparce,Pokémon,Basic,G,70,Colorless,,Common,e34f984ce5a6
sv2-157,sv2,PAL,157,Dudunsparce,Pokémon,Stage 1,G,140,Colorless,Dunsparce,Uncommon,3fff18933b6e
sv2-158,sv2,PAL,158,Wingull,Pokémon,Basic,G,70,Colorless,,Common,ccedb40c6129
sv2-159,sv2,PAL,159,Pelipper,Pokémon,Stage 1,G,120,Colorless,Wingull,Uncommon,7f8a53eaa6e1
sv2-160,sv2,PAL,160,Slakoth,Pokémon,Basic,G,70,Colorless,,Common,922a025fad2a
sv2-161,sv2,PAL,161,Vigoroth,Pokémon,Stage 1,G,90,Colorless,Slakoth,Uncommon,c2e072c011e0
sv2-162,sv2,PAL,162,Slaking,Pokémon,Stage 2,G,180,Colorless,Vigoroth,Rare,3780207dd39f
sv2-163,sv2,PAL,163,Fletchling,Pokémon,Basic,G,60,Colorless,,Common,7dd3d33e4bc7
sv2-164,sv2,PAL,164,Rookidee,Pokémon,Basic,G,60,Colorless,,Common,6ff26ba8ae50
sv2-165,sv2,PAL,165,Corvisquire,Pokémon,Stage 1,G,90,Colorless,Rookidee,Uncommon,570521174689
sv2-166,sv2,PAL,166,Tandemaus,Pokémon,Basic,G,30,Colorless,,Common,505697c54c99
sv2-167,sv2,PAL,167,Tandemaus,Pokémon,Basic,G,40,Colorless,,Common,70d74ad3025f
sv2-168,sv2,PAL,168,Maushold,Pokémon,Stage 1,G,60,Colorless,Tandemaus,Uncommon,4b48ff19b7a8
sv2-169,sv2,PAL,169,Squawkabilly ex,Pokémon,Basic|ex,G,160,Colorless,,Double Rare,322b748754da
sv2-170,sv2,PAL,170,Flamigo,Pokémon,Basic,G,110,Colorless,,Uncommon,0acac40aa5e9
sv2-171,sv2,PAL,171,Artazon,Trainer,Stadium,G,,,,Uncommon,be1dbe52ff6d
sv2-172,sv2,PAL,172,Boss's Orders (Ghetsis),Trainer,Supporter,G,,,,Rare,7c699a58d827
sv2-173,sv2,PAL,173,Bravery Charm,Trainer,Pokémon Tool,G,,,,Uncommon,eb113b15ad28
sv2-174,sv2,PAL,174,Calamitous Snowy Mountain,Trainer,Stadium,G,,,,Uncommon,df1274ce148d
sv2-175,sv2,PAL,175,Calamitous Wasteland,Trainer,Stadium,G,,,,Uncommon,9372e3e875e9
sv2-176,sv2,PAL,176,Choice Belt,Trainer,Pokémon Tool,G,,,,Uncommon,56a2d54dff08
sv2-177,sv2,PAL,177,Clavell,Trainer,Supporter,G,,,,Common,a1bf009ee0d4
sv2-178,sv2,PAL,178,Delivery Drone,Trainer,Item,G,,,,Uncommon,9d46d7d12127
sv2-179,sv2,PAL,179,Dendra,Trainer,Supporter,G,,,,Uncommon,786babc38ae3
sv2-180,sv2,PAL,180,Falkner,Trainer,Supporter,G,,,,Uncommon,0968ca70576d
sv2-181,sv2,PAL,181,Fighting Au Lait,Trainer,Item,G,,,,Uncommon,e6fcd143def1
sv2-182,sv2,PAL,182,Giacomo,Trainer,Supporter,G,,,,Uncommon,c43f2f816acc
sv2-183,sv2,PAL,183,Great Ball,Trainer,Item,G,,,,Common,5751e84ff013
sv2-184,sv2,PAL,184,Grusha,Trainer,Supporter,G,,,,Uncommon,e80faade3874
sv2-185,sv2,PAL,185,Iono,Trainer,Supporter,G,,,,Uncommon,af9695dcd3a2
sv2-186,sv2,PAL,186,Practice Studio,Trainer,Stadium,G,,,,Uncommon,b88228d01d9e
sv2-187,sv2,PAL,187,Saguaro,Trainer,Supporter,G,,,,Uncommon,eed3355e15d9
sv2-188,sv2,PAL,188,Super Rod,Trainer,Item,G,,,,Common,b32270a02061
sv2-189,sv2,PAL,189,Superior Energy Retrieval,Trainer,Item,G,,,,Uncommon,a1e76123938e
sv2-190,sv2,PAL,190,Jet Energy,Energy,Special,G,,Colorless,,Uncommon,2746b87b0c12
sv2-191,sv2,PAL,191,Luminous Energy,Energy,Special,G,,,,Uncommon,22291240de26
sv2-192,sv2,PAL,192,Reversal Energy,Energy,Special,G,,,,Uncommon,779176a64f51
sv2-193,sv2,PAL,193,Therapeutic Energy,Energy,Special,G,,Colorless,,Uncommon,d9f964692478
sv2-194,sv2,PAL,194,Heracross,Pokémon,Basic,G,130,Grass,,Illustration Rare,082c8eb76b36
sv2-195,sv2,PAL,195,Tropius,Pokémon,Basic,G,110,Grass,,Illustration Rare,ff417f044c7d
sv2-196,sv2,PAL,196,Sprigatito,Pokémon,Basic,G,60,Grass,,Illustration Rare,179f73d6ab61
sv2-197,sv2,PAL,197,Floragato,Pokémon,Stage 1,G,90,Grass,Sprigatito,Illustration Rare,38759aca8bb7
sv2-198,sv2,PAL,198,Bramblin,Pokémon,Basic,G,50,Grass,,Illustration Rare,e91b5c727ca8
sv2-199,sv2,PAL,199,Fletchinder,Pokémon,Stage 1,G,80,Fire,Fletchling,Illustration Rare,1a3bb4bbd406
sv2-200,sv2,PAL,200,Pyroar,Pokémon,Stage 1,G,120,Fire,Litleo,Illustration Rare,bbf18fa8a20f
sv2-201,sv2,PAL,201,Fuecoco,Pokémon,Basic,G,90,Fire,,Illustration Rare,72aed276e750
sv2-202,sv2,PAL,202,Crocalor,Pokémon,Stage 1,G,110,Fire,Fuecoco,Illustration Rare,d311daa2f74a
sv2-203,sv2,PAL,203,Magikarp,Pokémon,Basic,G,30,Water,,Illustration Rare,82babfb5549f
sv2-204,sv2,PAL,204,Marill,Pokémon,Basic,G,70,Water,,Illustration Rare,b42034f02030
sv2-205,sv2,PAL,205,Eiscue,Pokémon,Basic,G,110,Water,,Illustration Rare,d8ce24eec182
sv2-206,sv2,PAL,206,Quaxly,Pokémon,Basic,G,60,Water,,Illustration Rare,f2dd85321956
sv2-207,sv2,PAL,207,Quaxwell,Pokémon,Stage 1,G,90,Water,Quaxly,Illustration Rare,33422196a6d8
sv2-208,sv2,PAL,208,Frigibax,Pokémon,Basic,G,60,Water,,Illustration Rare,f89d95cd6bd0
sv2-209,sv2,PAL,209,Arctibax,Pokémon,Stage 1,G,90,Water,Frigibax,Illustration Rare,b02a73cb38df
sv2-210,sv2,PAL,210,Baxcalibur,Pokémon,Stage 2,G,160,Water,Arctibax,Illustration Rare,7095ca9075d0
sv2-211,sv2,PAL,211,Raichu,Pokémon,Stage 1,G,140,Lightning,Pikachu,Illustration Rare,ec738badb221
sv2-212,sv2,PAL,212,Mismagius,Pokémon,Stage 1,G,90,Psychic,Misdreavus,Illustration Rare,3ae2c8088718
sv2-213,sv2,PAL,213,Gothorita,Pokémon,Stage 1,G,90,Psychic,Gothita,Illustration Rare,a0ed95696c01
sv2-214,sv2,PAL,214,Sandygast,Pokémon,Basic,G,90,Psychic,,Illustration Rare,8ffd788f72a5
sv2-215,sv2,PAL,215,Rabsca,Pokémon,Stage 1,G,70,Psychic,Rellor,Illustration Rare,585980021dc8
sv2-216,sv2,PAL,216,Tinkatink,Pokémon,Basic,G,60,Psychic,,Illustration Rare,26b6c1047e22
sv2-217,sv2,PAL,217,Tinkatuff,Pokémon,Stage 1,G,90,Psychic,Tinkatink,Illustration Rare,58eac3ba1288
sv2-218,sv2,PAL,218,Paldean Tauros,Pokémon,Basic,G,130,Fighting,,Illustration Rare,d69eae5dcece
sv2-219,sv2,PAL,219,Sudowoodo,Pokémon,Basic,G,110,Fighting,,Illustration Rare,f09c97675332
sv2-220,sv2,PAL,220,Nacli,Pokémon,Basic,G,70,Fighting,,Illustration Rare,6f4d0fdcd1a0
sv2-221,sv2,PAL,221,Paldean Wooper,Pokémon,Basic,G,60,Darkness,,Illustration Rare,c70d43170d3e
sv2-222,sv2,PAL,222,Tyranitar,Pokémon,Stage 2,G,180,Darkness,Pupitar,Illustration Rare,19db0e69a085
sv2-223,sv2,PAL,223,Grafaiai,Pokémon,Stage 1,G,90,Darkness,Shroodle,Illustration Rare,70a8a4a028c3
sv2-224,sv2,PAL,224,Orthworm,Pokémon,Basic,G,130,Metal,,Illustration Rare,8e7a0930c7cc
sv2-225,sv2,PAL,225,Rookidee,Pokémon,Basic,G,60,Colorless,,Illustration Rare,6ff26ba8ae50
sv2-226,sv2,PAL,226,Maushold,Pokémon,Stage 1,G,60,Colorless,Tandemaus,Illustration Rare,4b48ff19b7a8
sv2-227,sv2,PAL,227,Flamigo,Pokémon,Basic,G,110,Colorless,,Illustration Rare,0acac40aa5e9
sv2-228,sv2,PAL,228,Farigiraf,Pokémon,Stage 1,G,140,Colorless,Girafarig,Illustration Rare,d1a8322fadef
sv2-229,sv2,PAL,229,Dudunsparce,Pokémon,Stage 1,G,140,Colorless,Dunsparce,Illustration Rare,3fff18933b6e
sv2-230,sv2,PAL,230,Forretress ex,Pokémon,Stage 1|Tera|ex,G,270,Grass,Pineco,Ultra Rare,3afefa03a770
sv2-231,sv2,PAL,231,Meowscarada ex,Pokémon,Stage 2|ex,G,310,Grass,Floragato,Ultra Rare,ac631aab9f49
sv2-232,sv2,PAL,232,Wo-Chien ex,Pokémon,Basic|ex,G,230,Grass,,Ultra Rare,8033c45b329d
sv2-233,sv2,PAL,233,Skeledirge ex,Pokémon,Stage 2|ex,G,340,Fire,Crocalor,Ultra Rare,fc95f9f6d6ce
sv2-234,sv2,PAL,234,Chi-Yu ex,Pokémon,Basic|ex,G,190,Fire,,Ultra Rare,dbedc65769f7
sv2-235,sv2,PAL,235,Quaquaval ex,Pokémon,Stage 2|ex,G,320,Water,Quaxwell,Ultra Rare,29581d9fad66
sv2-236,sv2,PAL,236,Chien-Pao ex,Pokémon,Basic|ex,G,220,Water,,Ultra Rare,ee96253b171d
sv2-237,sv2,PAL,237,Bellibolt ex,Pokémon,Stage 1|ex,G,280,Lightning,Tadbulb,Ultra Rare,c615fce5ee7d
sv2-238,sv2,PAL,238,Slowking ex,Pokémon,Stage 1|Tera|ex,G,270,Psychic,Slowpoke,Ultra Rare,ff78f0f0b1bc
sv2-239,sv2,PAL,239,Dedenne ex,Pokémon,Basic|Tera|ex,G,170,Psychic,,Ultra Rare,06796a908027
sv2-240,sv2,PAL,240,Tinkaton ex,Pokémon,Stage 2|ex,G,300,Psychic,Tinkatuff,Ultra Rare,c8b49252edf7
sv2-241,sv2,PAL,241,Lycanroc ex,Pokémon,Stage 1|ex,G,260,Fighting,Rockruff,Ultra Rare,d6fac32ef826
sv2-242,sv2,PAL,242,Annihilape ex,Pokémon,Stage 2|ex,G,320,Fighting,Primeape,Ultra Rare,203fec2ce9b9
sv2-243,sv2,PAL,243,Ting-Lu ex,Pokémon,Basic|ex,G,240,Fighting,,Ultra Rare,a99cadc40377
sv2-244,sv2,PAL,244,Paldean Clodsire ex,Pokémon,Stage 1|ex,G,280,Darkness,Paldean Wooper,Ultra Rare,4ad5fb0dfc2a
sv2-245,sv2,PAL,245,Copperajah ex,Pokémon,Stage 1|ex,G,300,Metal,Cufant,Ultra Rare,a5aea0fa231d
sv2-246,sv2,PAL,246,Noivern ex,Pokémon,Stage 1|ex,G,260,Dragon,Noibat,Ultra Rare,894fa38e4084
sv2-247,sv2,PAL,247,Squawkabilly ex,Pokémon,Basic|ex,G,160,Colorless,,Ultra Rare,322b748754da
sv2-248,sv2,PAL,248,Boss's Orders (Ghetsis),Trainer,Supporter,G,,,,Ultra Rare,7c699a58d827
sv2-249,sv2,PAL,249,Clavell,Trainer,Supporter,G,,,,Ultra Rare,a1bf009ee0d4
sv2-250,sv2,PAL,250,Dendra,Trainer,Supporter,G,,,,Ultra Rare,786babc38ae3
sv2-251,sv2,PAL,251,Falkner,Trainer,Supporter,G,,,,Ultra Rare,0968ca70576d
sv2-252,sv2,PAL,252,Giacomo,Trainer,Supporter,G,,,,Ultra Rare,c43f2f816acc
sv2-253,sv2,PAL,253,Grusha,Trainer,Supporter,G,,,,Ultra Rare,e80faade3874
sv2-254,sv2,PAL,254,Iono,Trainer,Supporter,G,,,,Ultra Rare,af9695dcd3a2
sv2-255,sv2,PAL,255,Saguaro,Trainer,Supporter,G,,,,Ultra Rare,eed3355e15d9
sv2-256,sv2,PAL,256,Meowscarada ex,Pokémon,Stage 2|ex,G,310,Grass,Floragato,Special Illustration Rare,ac631aab9f49
sv2-257,sv2,PAL,257,Wo-Chien ex,Pokémon,Basic|ex,G,230,Grass,,Special Illustration Rare,8033c45b329d
sv2-258,sv2,PAL,258,Skeledirge ex,Pokémon,Stage 2|ex,G,340,Fire,Crocalor,Special Illustration Rare,fc95f9f6d6ce
sv2-259,sv2,PAL,259,Chi-Yu ex,Pokémon,Basic|ex,G,190,Fire,,Special Illustration Rare,dbedc65769f7
sv2-260,sv2,PAL,260,Quaquaval ex,Pokémon,Stage 2|ex,G,320,Water,Quaxwell,Special Illustration Rare,29581d9fad66
sv2-261,sv2,PAL,261,Chien-Pao ex,Pokémon,Basic|ex,G,220,Water,,Special Illustration Rare,ee96253b171d
sv2-262,sv2,PAL,262,Tinkaton ex,Pokémon,Stage 2|ex,G,300,Psychic,Tinkatuff,Special Illustration Rare,c8b49252edf7
sv2-263,sv2,PAL,263,Ting-Lu ex,Pokémon,Basic|ex,G,240,Fighting,,Special Illustration Rare,a99cadc40377
sv2-264,sv2,PAL,264,Squawkabilly ex,Pokémon,Basic|ex,G,160,Colorless,,Special Illustration Rare,322b748754da
sv2-265,sv2,PAL,265,Boss's Orders (Ghetsis),Trainer,Supporter,G,,,,Special Illustration Rare,7c699a58d827
sv2-266,sv2,PAL,266,Dendra,Trainer,Supporter,G,,,,Special Illustration Rare,786babc38ae3
sv2-267,sv2,PAL,267,Giacomo,Trainer,Supporter,G,,,,Special Illustration Rare,c43f2f816acc
sv2-268,sv2,PAL,268,Grusha,Trainer,Supporter,G,,,,Special Illustration Rare,e80faade3874
sv2-269,sv2,PAL,269,Iono,Trainer,Supporter,G,,,,Special Illustration Rare,af9695dcd3a2
sv2-270,sv2,PAL,270,Saguaro,Trainer,Supporter,G,,,,Special Illustration Rare,eed3355e15d9
sv2-271,sv2,PAL,271,Meowscarada ex,Pokémon,Stage 2|ex,G,310,Grass,Floragato,Hyper Rare,ac631aab9f49
sv2-272,sv2,PAL,272,Skeledirge ex,Pokémon,Stage 2|ex,G,340,Fire,Crocalor,Hyper Rare,fc95f9f6d6ce
sv2-273,sv2,PAL,273,Quaquaval ex,Pokémon,Stage 2|ex,G,320,Water,Quaxwell,Hyper Rare,29581d9fad66
sv2-274,sv2,PAL,274,Chien-Pao ex,Pokémon,Basic|ex,G,220,Water,,Hyper Rare,ee96253b171d
sv2-275,sv2,PAL,275,Ting-Lu ex,Pokémon,Basic|ex,G,240,Fighting,,Hyper Rare,a99cadc40377
sv2-276,sv2,PAL,276,Super Rod,Trainer,Item,G,,,,Hyper Rare,b32270a02061
sv2-277,sv2,PAL,277,Superior Energy Retrieval,Trainer,Item,G,,,,Hyper Rare,a1e76123938e
sv2-278,sv2,PAL,278,Basic Grass Energy,Energy,Basic,,,,,Hyper Rare,c48f738bbecd
sv2-279,sv2,PAL,279,Basic Water Energy,Energy,Basic,,,,,Hyper Rare,992d4a4a5516
sv3-1,sv3,OBF,1,Oddish,Pokémon,Basic,G,50,Grass,,Common,e0c841300733
sv3-2,sv3,OBF,2,Gloom,Pokémon,Stage 1,G,80,Grass,Oddish,Common,916fe117e356
sv3-3,sv3,OBF,3,Bellossom,Pokémon,Stage 2,G,130,Grass,Gloom,Uncommon,89a52309891f
sv3-4,sv3,OBF,4,Scyther,Pokémon,Basic,G,80,Grass,,Common,ab3bbcd80eae
sv3-5,sv3,OBF,5,Shuckle,Pokémon,Basic,G,80,Grass,,Common,082aa3a2d7cf
sv3-6,sv3,OBF,6,Surskit,Pokémon,Basic,G,60,Grass,,Common,bc2c0b986364
sv3-7,sv3,OBF,7,Masquerain,Pokémon,Stage 1,G,100,Grass,Surskit,Uncommon,a55a75025f70
sv3-8,sv3,OBF,8,Combee,Pokémon,Basic,G,50,Grass,,Common,c66148a79f1d
sv3-9,sv3,OBF,9,Foongus,Pokémon,Basic,G,50,Grass,,Common,d2234192a899
sv3-10,sv3,OBF,10,Amoonguss,Pokémon,Stage 1,G,110,Grass,Foongus,Uncommon,8bf9fd65a018
sv3-11,sv3,OBF,11,Phantump,Pokémon,Basic,G,60,Grass,,Common,73874134d858
sv3-12,sv3,OBF,12,Trevenant,Pokémon,Stage 1,G,140,Grass,Phantump,Uncommon,0f24e95687d8
sv3-13,sv3,OBF,13,Rowlet,Pokémon,Basic,G,70,Grass,,Common,4fd92a559901
sv3-14,sv3,OBF,14,Dartrix,Pokémon,Stage 1,G,90,Grass,Rowlet,Uncommon,0d03ecacfd38
sv3-15,sv3,OBF,15,Decidueye ex,Pokémon,Stage 2|ex,G,320,Grass,Dartrix,Double Rare,bb4a70e13cc3
sv3-16,sv3,OBF,16,Bounsweet,Pokémon,Basic,G,60,Grass,,Common,2a15c03bc39d
sv3-17,sv3,OBF,17,Steenee,Pokémon,Stage 1,G,90,Grass,Bounsweet,Common,ffc282ce19f3
sv3-18,sv3,OBF,18,Tsareena,Pokémon,Stage 2,G,160,Grass,Steenee,Uncommon,97e35bf60248
sv3-19,sv3,OBF,19,Smoliv,Pokémon,Basic,G,50,Grass,,Common,86a8c0d413f2
sv3-20,sv3,OBF,20,Dolliv,Pokémon,Stage 1,G,80,Grass,Smoliv,Common,6c9979b6b511
sv3-21,sv3,OBF,21,Arboliva,Pokémon,Stage 2,G,140,Grass,Dolliv,Uncommon,695afebde1f7
sv3-22,sv3,OBF,22,Toedscruel ex,Pokémon,Stage 1|ex,G,270,Grass,Toedscool,Double Rare,55c6f9ba873b
sv3-23,sv3,OBF,23,Capsakid,Pokémon,Basic,G,50,Grass,,Common,cdb63d75f571
sv3-24,sv3,OBF,24,Capsakid,Pokémon,Basic,G,70,Grass,,Common,8e775d337f58
sv3-25,sv3,OBF,25,Scovillain,Pokémon,Stage 1,G,110,Grass,Capsakid,Rare,690c719ed850
sv3-26,sv3,OBF,26,Charmander,Pokémon,Basic,G,60,Fire,,Common,a4f54f927594
sv3-27,sv3,OBF,27,Charmeleon,Pokémon,Stage 1,G,90,Fire,Charmander,Uncommon,e7f46d6f3bda
sv3-28,sv3,OBF,28,Vulpix,Pokémon,Basic,G,60,Fire,,Common,61b5b5029421
sv3-29,sv3,OBF,29,Ninetales,Pokémon,Stage 1,G,120,Fire,Vulpix,Uncommon,1b417d319c64
sv3-30,sv3,OBF,30,Entei,Pokémon,Basic,G,130,Fire,,Rare,eca798de6211
sv3-31,sv3,OBF,31,Numel,Pokémon,Basic,G,90,Fire,,Common,666222840c30
sv3-32,sv3,OBF,32,Camerupt,Pokémon,Stage 1,G,140,Fire,Numel,Uncommon,e024a6626862
sv3-33,sv3,OBF,33,Victini ex,Pokémon,Basic|ex,G,190,Fire,,Double Rare,51931b4e5eb3
sv3-34,sv3,OBF,34,Darumaka,Pokémon,Basic,G,80,Fire,,Common,b619524fd895
sv3-35,sv3,OBF,35,Darmanitan,Pokémon,Stage 1,G,140,Fire,Darumaka,Uncommon,c7438cbeb793
sv3-36,sv3,OBF,36,Litwick,Pokémon,Basic,G,60,Fire,,Common,28237892fe81
sv3-37,sv3,OBF,37,Lampent,Pokémon,Stage 1,G,80,Fire,Litwick,Common,cebc93d786c9
sv3-38,sv3,OBF,38,Chandelure,Pokémon,Stage 2,G,150,Fire,Lampent,Uncommon,072aa551daee
sv3-39,sv3,OBF,39,Heatmor,Pokémon,Basic,G,110,Fire,,Common,1287be151b29
sv3-40,sv3,OBF,40,Larvesta,Pokémon,Basic,G,80,Fire,,Common,ed8badd4d689
sv3-41,sv3,OBF,41,Volcarona,Pokémon,Stage 1,G,140,Fire,Larvesta,Uncommon,379b11fd29d2
sv3-42,sv3,OBF,42,Eiscue ex,Pokémon,Basic|ex|Tera,G,210,Fire,,Double Rare,d6ea95ffb778
sv3-43,sv3,OBF,43,Charcadet,Pokémon,Basic,G,70,Fire,,Common,0adf7da3225f
sv3-44,sv3,OBF,44,Armarouge,Pokémon,Stage 1,G,120,Fire,Charcadet,Uncommon,bdd472e39259
sv3-45,sv3,OBF,45,Lapras,Pokémon,Basic,G,110,Water,,Uncommon,590be0a03a75
sv3-46,sv3,OBF,46,Carvanha,Pokémon,Basic,G,50,Water,,Common,e9eb73577b07
sv3-47,sv3,OBF,47,Sharpedo,Pokémon,Stage 1,G,120,Water,Carvanha,Uncommon,343dfea1250f
sv3-48,sv3,OBF,48,Buizel,Pokémon,Basic,G,70,Water,,Common,5ad45b797a88
sv3-49,sv3,OBF,49,Floatzel,Pokémon,Stage 1,G,110,Water,Buizel,Uncommon,00bf336664b6
sv3-50,sv3,OBF,50,Tympole,Pokémon,Basic,G,70,Water,,Common,1057ccfd12a4
sv3-51,sv3,OBF,51,Palpitoad,Pokémon,Stage 1,G,100,Water,Tympole,Common,8de0e6cd0612
sv3-52,sv3,OBF,52,Seismitoad,Pokémon,Stage 2,G,170,Water,Palpitoad,Uncommon,0a48c90cdbe8
sv3-53,sv3,OBF,53,Cubchoo,Pokémon,Basic,G,70,Water,,Common,aaa73f9226fd
sv3-54,sv3,OBF,54,Beartic,Pokémon,Stage 1,G,150,Water,Cubchoo,Uncommon,f3473a44caf5
sv3-55,sv3,OBF,55,Cryogonal,Pokémon,Basic,G,90,Water,,Common,e3a1aa773ad4
sv3-56,sv3,OBF,56,Froakie,Pokémon,Basic,G,70,Water,,Common,032b7503dc2c
sv3-57,sv3,OBF,57,Frogadier,Pokémon,Stage 1,G,90,Water,Froakie,Uncommon,0521aecab6a4
sv3-58,sv3,OBF,58,Wiglett,Pokémon,Basic,G,60,Water,,Common,57c57041fc2c
sv3-59,sv3,OBF,59,Wugtrio,Pokémon,Stage 1,G,90,Water,Wiglett,Uncommon,ef0b28d6af0c
sv3-60,sv3,OBF,60,Finizen,Pokémon,Basic,G,50,Water,,Common,5a62d31d0e14
sv3-61,sv3,OBF,61,Finizen,Pokémon,Basic,G,90,Water,,Common,25ddf07bddb6
sv3-62,sv3,OBF,62,Palafin,Pokémon,Stage 1,G,150,Water,Finizen,Rare,fb84d8811529
sv3-63,sv3,OBF,63,Magnemite,Pokémon,Basic,G,60,Lightning,,Common,83904243bec1
sv3-64,sv3,OBF,64,Magneton,Pokémon,Stage 1,G,90,Lightning,Magnemite,Common,b6fcdd03fd61
sv3-65,sv3,OBF,65,Magnezone,Pokémon,Stage 2,G,170,Lightning,Magneton,Uncommon,f088a1694ea9
sv3-66,sv3,OBF,66,Tyranitar ex,Pokémon,Stage 2|ex|Tera,G,340,Lightning,Pupitar,Double Rare,2ba2527aeca5
sv3-67,sv3,OBF,67,Tynamo,Pokémon,Basic,G,40,Lightning,,Common,0f36e21d082b
sv3-68,sv3,OBF,68,Eelektrik,Pokémon,Stage 1,G,90,Lightning,Tynamo,Common,b0170fcfcf24
sv3-69,sv3,OBF,69,Eelektross,Pokémon,Stage 2,G,160,Lightning,Eelektrik,Uncommon,84679361a41a
sv3-70,sv3,OBF,70,Thundurus,Pokémon,Basic,G,110,Lightning,,Rare,c555d902271b
sv3-71,sv3,OBF,71,Toxel,Pokémon,Basic,G,70,Lightning,,Common,01c4d9c436e1
sv3-72,sv3,OBF,72,Toxtricity,Pokémon,Stage 1,G,140,Lightning,Toxel,Rare,d2c14a763dfd
sv3-73,sv3,OBF,73,Pawmot ex,Pokémon,Stage 2|ex,G,300,Lightning,Pawmo,Double Rare,7c3c6b3810ee
sv3-74,sv3,OBF,74,Tadbulb,Pokémon,Basic,G,50,Lightning,,Common,b646ee1acdd5
sv3-75,sv3,OBF,75,Tadbulb,Pokémon,Basic,G,60,Lightning,,Common,d25766a0996a
sv3-76,sv3,OBF,76,Tadbulb,Pokémon,Basic,G,60,Lightning,,Common,162230266f48
sv3-77,sv3,OBF,77,Bellibolt,Pokémon,Stage 1,G,130,Lightning,Tadbulb,Uncommon,763f61891212
sv3-78,sv3,OBF,78,Bellibolt,Pokémon,Stage 1,G,140,Lightning,Tadbulb,Uncommon,c1c57729c653
sv3-79,sv3,OBF,79,Miraidon ex,Pokémon,Basic|ex,G,220,Lightning,,Double Rare,badb56e3b505
sv3-80,sv3,OBF,80,Cleffa,Pokémon,Basic,G,30,Psychic,,Common,04dc7ae2a201
sv3-81,sv3,OBF,81,Clefairy,Pokémon,Basic,G,60,Psychic,,Common,a3d70f49cebd
sv3-82,sv3,OBF,82,Clefable ex,Pokémon,Stage 1|ex,G,260,Psychic,Clefairy,Double Rare,a241284b439b
sv3-83,sv3,OBF,83,Togepi,Pokémon,Basic,G,50,Psychic,,Common,b540be7b4739
sv3-84,sv3,OBF,84,Togetic,Pokémon,Stage 1,G,90,Psychic,Togepi,Uncommon,5e672856c3d9
sv3-85,sv3,OBF,85,Togekiss,Pokémon,Stage 2,G,150,Psychic,Togetic,Rare,2d40fa660bba
sv3-86,sv3,OBF,86,Espeon,Pokémon,Stage 1,G,110,Psychic,Eevee,Uncommon,d34cafeaa586
sv3-87,sv3,OBF,87,Snubbull,Pokémon,Basic,G,80,Psychic,,Common,42fb3befe201
sv3-88,sv3,OBF,88,Granbull,Pokémon,Stage 1,G,130,Psychic,Snubbull,Uncommon,307184183210
sv3-89,sv3,OBF,89,Mawile,Pokémon,Basic,G,100,Psychic,,Common,333d7ef6c679
sv3-90,sv3,OBF,90,Spoink,Pokémon,Basic,G,70,Psychic,,Common,9c965078e16e
sv3-91,sv3,OBF,91,Grumpig,Pokémon,Stage 1,G,120,Psychic,Spoink,Uncommon,d40b444bbad7
sv3-92,sv3,OBF,92,Lunatone,Pokémon,Basic,G,90,Psychic,,Uncommon,7c4df13fc4e4
sv3-93,sv3,OBF,93,Solrock,Pokémon,Basic,G,90,Psychic,,Uncommon,228abfad7785
sv3-94,sv3,OBF,94,Baltoy,Pokémon,Basic,G,70,Psychic,,Common,020f7639c672
sv3-95,sv3,OBF,95,Claydol,Pokémon,Stage 1,G,120,Psychic,Baltoy,Rare,d15b4d26118b
sv3-96,sv3,OBF,96,Vespiquen ex,Pokémon,Stage 1|ex|Tera,G,270,Psychic,Combee,Double Rare,8f3712068ce4
sv3-97,sv3,OBF,97,Sinistea,Pokémon,Basic,G,30,Psychic,,Common,d77bd4c903a6
sv3-98,sv3,OBF,98,Polteageist,Pokémon,Stage 1,G,70,Psychic,Sinistea,Uncommon,c8b8f326ebf2
sv3-99,sv3,OBF,99,Greavard,Pokémon,Basic,G,70,Psychic,,Common,eb92a76921f9
sv3-100,sv3,OBF,100,Greavard,Pokémon,Basic,G,80,Psychic,,Common,408e2f8a666d
sv3-101,sv3,OBF,101,Houndstone,Pokémon,Stage 1,G,140,Psychic,Greavard,Uncommon,e6ef200ec981
sv3-102,sv3,OBF,102,Houndstone ex,Pokémon,Stage 1|ex,G,260,Psychic,Greavard,Double Rare,64b4c2f77363
sv3-103,sv3,OBF,103,Diglett,Pokémon,Basic,G,50,Fighting,,Common,767680b89884
sv3-104,sv3,OBF,104,Dugtrio,Pokémon,Stage 1,G,90,Fighting,Diglett,Uncommon,415d98f15a13
sv3-105,sv3,OBF,105,Larvitar,Pokémon,Basic,G,70,Fighting,,Common,30c05167ca1a
sv3-106,sv3,OBF,106,Pupitar,Pokémon,Stage 1,G,80,Fighting,Larvitar,Uncommon,cd0abd4c85b9
sv3-107,sv3,OBF,107,Nosepass,Pokémon,Basic,G,90,Fighting,,Common,4ae6f5545cd2
sv3-108,sv3,OBF,108,Barboach,Pokémon,Basic,G,70,Fighting,,Common,7d112b46a2ff
sv3-109,sv3,OBF,109,Whiscash,Pokémon,Stage 1,G,140,Fighting,Barboach,Uncommon,c6c4cdb86acf
sv3-110,sv3,OBF,110,Bonsly,Pokémon,Basic,G,30,Fighting,,Common,893173f864c9
sv3-111,sv3,OBF,111,Drilbur,Pokémon,Basic,G,70,Fighting,,Common,37c9208200b1
sv3-112,sv3,OBF,112,Stunfisk,Pokémon,Basic,G,120,Fighting,,Uncommon,df06de78b4dc
sv3-113,sv3,OBF,113,Diggersby,Pokémon,Stage 1,G,140,Fighting,Bunnelby,Uncommon,dcf2f2f0f114
sv3-114,sv3,OBF,114,Crabrawler,Pokémon,Basic,G,90,Fighting,,Common,859ac7e894bf
sv3-115,sv3,OBF,115,Crabominable,Pokémon,Stage 1,G,160,Fighting,Crabrawler,Uncommon,1b925f7415b2
sv3-116,sv3,OBF,116,Rockruff,Pokémon,Basic,G,60,Fighting,,Common,1a9f61b56201
sv3-117,sv3,OBF,117,Lycanroc,Pokémon,Stage 1,G,130,Fighting,Rockruff,Uncommon,f486d688fd03
sv3-118,sv3,OBF,118,Toedscool,Pokémon,Basic,G,60,Fighting,,Common,5339df6f724a
sv3-119,sv3,OBF,119,Toedscruel,Pokémon,Stage 1,G,130,Fighting,Toedscool,Uncommon,237a4a1e6955
sv3-120,sv3,OBF,120,Klawf ex,Pokémon,Basic|ex,G,220,Fighting,,Double Rare,55a803abe321
sv3-121,sv3,OBF,121,Glimmet,Pokémon,Basic,G,60,Fighting,,Common,d850ccdd0d42
sv3-122,sv3,OBF,122,Glimmet,Pokémon,Basic,G,70,Fighting,,Common,79fefe714573
sv3-123,sv3,OBF,123,Glimmora ex,Pokémon,Stage 1|ex,G,270,Fighting,Glimmet,Double Rare,156b17bf6a7f
sv3-124,sv3,OBF,124,Koraidon ex,Pokémon,Basic|ex,G,230,Fighting,,Double Rare,d12140d47b8e
sv3-125,sv3,OBF,125,Charizard ex,Pokémon,Stage 2|ex|Tera,G,330,Darkness,Charmeleon,Double Rare,6d7fc30e9fba
sv3-126,sv3,OBF,126,Paldean Wooper,Pokémon,Basic,G,60,Darkness,,Common,2752e5ab0594
sv3-127,sv3,OBF,127,Paldean Wooper,Pokémon,Basic,G,70,Darkness,,Common,a22108c2f27f
sv3-128,sv3,OBF,128,Paldean Clodsire,Pokémon,Stage 1,G,140,Darkness,Paldean Wooper,Uncommon,dd8d530c314a
sv3-129,sv3,OBF,129,Paldean Clodsire,Pokémon,Stage 1,G,140,Darkness,Paldean Wooper,Uncommon,99fc99364f60
sv3-130,sv3,OBF,130,Umbreon,Pokémon,Stage 1,G,110,Darkness,Eevee,Uncommon,a6b8393d18ae
sv3-131,sv3,OBF,131,Houndour,Pokémon,Basic,G,50,Darkness,,Common,3a3c700e268b
sv3-132,sv3,OBF,132,Houndour,Pokémon,Basic,G,70,Darkness,,Common,12b6363ab763
sv3-133,sv3,OBF,133,Houndoom,Pokémon,Stage 1,G,130,Darkness,Houndour,Uncommon,8f2946a22f22
sv3-134,sv3,OBF,134,Houndoom ex,Pokémon,Stage 1|ex,G,270,Darkness,Houndour,Double Rare,d3e0555ded94
sv3-135,sv3,OBF,135,Absol ex,Pokémon,Basic|ex,G,210,Darkness,,Double Rare,fbe0916d0a1c
sv3-136,sv3,OBF,136,Darkrai,Pokémon,Basic,G,130,Darkness,,Rare,33961a5549d2
sv3-137,sv3,OBF,137,Inkay,Pokémon,Basic,G,60,Darkness,,Common,4e502060d91e
sv3-138,sv3,OBF,138,Malamar,Pokémon,Stage 1,G,120,Darkness,Inkay,Uncommon,9c5083b2ce43
sv3-139,sv3,OBF,139,Salandit,Pokémon,Basic,G,70,Darkness,,Common,e4ea983916cc
sv3-140,sv3,OBF,140,Salazzle,Pokémon,Stage 1,G,120,Darkness,Salandit,Uncommon,0e2937bec87f
sv3-141,sv3,OBF,141,Scizor,Pokémon,Stage 1,G,140,Metal,Scyther,Rare,69a032637198
sv3-142,sv3,OBF,142,Skarmory,Pokémon,Basic,G,120,Metal,,Uncommon,baf99056b5b5
sv3-143,sv3,OBF,143,Mawile,Pokémon,Basic,G,90,Metal,,Uncommon,301410f7ffcc
sv3-144,sv3,OBF,144,Bronzor,Pokémon,Basic,G,70,Metal,,Common,cca2c3606c5c
sv3-145,sv3,OBF,145,Bronzong,Pokémon,Stage 1,G,140,Metal,Bronzor,Uncommon,06437bbc82e0
sv3-146,sv3,OBF,146,Probopass,Pokémon,Stage 1,G,150,Metal,Nosepass,Uncommon,cb9f56ac0c55
sv3-147,sv3,OBF,147,Excadrill,Pokémon,Stage 1,G,120,Metal,Drilbur,Uncommon,8f2debe20a8c
sv3-148,sv3,OBF,148,Pawniard,Pokémon,Basic,G,70,Metal,,Common,781694a56939
sv3-149,sv3,OBF,149,Bisharp,Pokémon,Stage 1,G,110,Metal,Pawniard,Common,5275c8e56b69
sv3-150,sv3,OBF,150,Kingambit,Pokémon,Stage 2,G,180,Metal,Bisharp,Uncommon,8e00381bb7fb
sv3-151,sv3,OBF,151,Togedemaru,Pokémon,Basic,G,80,Metal,,Common,08c6ac127dd5
sv3-152,sv3,OBF,152,Meltan,Pokémon,Basic,G,70,Metal,,Common,1fd692e178f1
sv3-153,sv3,OBF,153,Melmetal ex,Pokémon,Stage 1|ex,G,300,Metal,Meltan,Double Rare,291a7b753f27
sv3-154,sv3,OBF,154,Varoom,Pokémon,Basic,G,60,Metal,,Common,bc8c9718ec65
sv3-155,sv3,OBF,155,Varoom,Pokémon,Basic,G,70,Metal,,Common,589fa324af92
sv3-156,sv3,OBF,156,Revavroom ex,Pokémon,Stage 1|ex,G,280,Metal,Varoom,Double Rare,b105af794471
sv3-157,sv3,OBF,157,Dratini,Pokémon,Basic,G,70,Dragon,,Common,d8564e097b77
sv3-158,sv3,OBF,158,Dragonair,Pokémon,Stage 1,G,100,Dragon,Dratini,Uncommon,27839d316739
sv3-159,sv3,OBF,159,Dragonite ex,Pokémon,Stage 2|ex|Tera,G,330,Dragon,Dragonair,Double Rare,d2fb8d82bcb6
sv3-160,sv3,OBF,160,Altaria,Pokémon,Stage 1,G,120,Dragon,Swablu,Uncommon,ca7daff50167
sv3-161,sv3,OBF,161,Drampa,Pokémon,Basic,G,120,Dragon,,Uncommon,e267af2f9c98
sv3-162,sv3,OBF,162,Pidgey,Pokémon,Basic,G,60,Colorless,,Common,17de53dbd4df
sv3-163,sv3,OBF,163,Pidgeotto,Pokémon,Stage 1,G,90,Colorless,Pidgey,Uncommon,7565337f8ea5
sv3-164,sv3,OBF,164,Pidgeot ex,Pokémon,Stage 2|ex,G,280,Colorless,Pidgeotto,Double Rare,54bce34b4734
sv3-165,sv3,OBF,165,Kangaskhan,Pokémon,Basic,G,130,Colorless,,Uncommon,1a2651849cb3
sv3-166,sv3,OBF,166,Eevee,Pokémon,Basic,G,70,Colorless,,Common,769e082bbe31
sv3-167,sv3,OBF,167,Zigzagoon,Pokémon,Basic,G,70,Colorless,,Common,e1e937b6eb5b
sv3-168,sv3,OBF,168,Linoone,Pokémon,Stage 1,G,110,Colorless,Zigzagoon,Uncommon,140116952997
sv3-169,sv3,OBF,169,Swablu,Pokémon,Basic,G,50,Colorless,,Common,e15fa857ae9f
sv3-170,sv3,OBF,170,Lillipup,Pokémon,Basic,G,50,Colorless,,Common,50ad19f84e55
sv3-171,sv3,OBF,171,Herdier,Pokémon,Stage 1,G,90,Colorless,Lillipup,Common,c4adc2ca2b7e
sv3-172,sv3,OBF,172,Stoutland,Pokémon,Stage 2,G,160,Colorless,Herdier,Uncommon,61389006e2c6
sv3-173,sv3,OBF,173,Audino,Pokémon,Basic,G,100,Colorless,,Common,2ce15be13afb
sv3-174,sv3,OBF,174,Bouffalant,Pokémon,Basic,G,120,Colorless,,Uncommon,015820a47a44
sv3-175,sv3,OBF,175,Bunnelby,Pokémon,Basic,G,70,Colorless,,Common,6c585d095fba
sv3-176,sv3,OBF,176,Yungoos,Pokémon,Basic,G,70,Colorless,,Common,b9acaa0e7b8a
sv3-177,sv3,OBF,177,Gumshoos,Pokémon,Stage 1,G,120,Colorless,Yungoos,Uncommon,68a9adc47356
sv3-178,sv3,OBF,178,Skwovet,Pokémon,Basic,G,60,Colorless,,Common,beb6f770a4ff
sv3-179,sv3,OBF,179,Greedent ex,Pokémon,Stage 1|ex|Tera,G,260,Colorless,Skwovet,Double Rare,1e5f4cd493f4
sv3-180,sv3,OBF,180,Lechonk,Pokémon,Basic,G,60,Colorless,,Common,91fea6c57ac3
sv3-181,sv3,OBF,181,Lechonk,Pokémon,Basic,G,70,Colorless,,Common,d3311a449c3d
sv3-182,sv3,OBF,182,Lechonk,Pokémon,Basic,G,70,Colorless,,Common,60e9e4f5ca2f
sv3-183,sv3,OBF,183,Oinkologne,Pokémon,Stage 1,G,120,Colorless,Lechonk,Uncommon,893aa1c6ba7e
sv3-184,sv3,OBF,184,Oinkologne,Pokémon,Stage 1,G,130,Colorless,Lechonk,Uncommon,a3a0728410fd
sv3-185,sv3,OBF,185,Flamigo,Pokémon,Basic,G,120,Colorless,,Uncommon,a80708a88c62
sv3-186,sv3,OBF,186,Arven,Trainer,Supporter,G,,,,Uncommon,40737e0b2027
sv3-187,sv3,OBF,187,Brassius,Trainer,Supporter,G,,,,Uncommon,006eba3137cd
sv3-188,sv3,OBF,188,Geeta,Trainer,Supporter,G,,,,Rare,1e74ace2640f
sv3-189,sv3,OBF,189,Letter of Encouragement,Trainer,Item,G,,,,Uncommon,72b623a49d51
sv3-190,sv3,OBF,190,Ortega,Trainer,Supporter,G,,,,Uncommon,6d7c0e8cba8f
sv3-191,sv3,OBF,191,Patrol Cap,Trainer,Pokémon Tool,G,,,,Uncommon,6006907d920f
sv3-192,sv3,OBF,192,Pokémon League Headquarters,Trainer,Stadium,G,,,,Uncommon,4dfeb11a31f9
sv3-193,sv3,OBF,193,Poppy,Trainer,Supporter,G,,,,Uncommon,60cef249c050
sv3-194,sv3,OBF,194,Ryme,Trainer,Supporter,G,,,,Common,f81d270bd234
sv3-195,sv3,OBF,195,Team Star Grunt,Trainer,Supporter,G,,,,Uncommon,a2f6f284bfbf
sv3-196,sv3,OBF,196,Town Store,Trainer,Stadium,G,,,,Common,ae7e7a391762
sv3-197,sv3,OBF,197,Vengeful Punch,Trainer,Pokémon Tool,G,,,,Uncommon,87f0ace1c5ef
sv3-198,sv3,OBF,198,Gloom,Pokémon,Stage 1,G,80,Grass,Oddish,Illustration Rare,916fe117e356
sv3-199,sv3,OBF,199,Ninetales,Pokémon,Stage 1,G,120,Fire,Vulpix,Illustration Rare,1b417d319c64
sv3-200,sv3,OBF,200,Palafin,Pokémon,Stage 1,G,150,Water,Finizen,Illustration Rare,fb84d8811529
sv3-201,sv3,OBF,201,Bellibolt,Pokémon,Stage 1,G,140,Lightning,Tadbulb,Illustration Rare,c1c57729c653
sv3-202,sv3,OBF,202,Cleffa,Pokémon,Basic,G,30,Psychic,,Illustration Rare,04dc7ae2a201
sv3-203,sv3,OBF,203,Larvitar,Pokémon,Basic,G,70,Fighting,,Illustration Rare,30c05167ca1a
sv3-204,sv3,OBF,204,Houndour,Pokémon,Basic,G,50,Darkness,,Illustration Rare,3a3c700e268b
sv3-205,sv3,OBF,205,Scizor,Pokémon,Stage 1,G,140,Metal,Scyther,Illustration Rare,69a032637198
sv3-206,sv3,OBF,206,Varoom,Pokémon,Basic,G,60,Metal,,Illustration Rare,bc8c9718ec65
sv3-207,sv3,OBF,207,Pidgey,Pokémon,Basic,G,60,Colorless,,Illustration Rare,17de53dbd4df
sv3-208,sv3,OBF,208,Pidgeotto,Pokémon,Stage 1,G,90,Colorless,Pidgey,Illustration Rare,7565337f8ea5
sv3-209,sv3,OBF,209,Lechonk,Pokémon,Basic,G,60,Colorless,,Illustration Rare,91fea6c57ac3
sv3-210,sv3,OBF,210,Eiscue ex,Pokémon,Basic|ex|Tera,G,210,Fire,,Ultra Rare,d6ea95ffb778
sv3-211,sv3,OBF,211,Tyranitar ex,Pokémon,Stage 2|ex|Tera,G,340,Lightning,Pupitar,Ultra Rare,2ba2527aeca5
sv3-212,sv3,OBF,212,Vespiquen ex,Pokémon,Stage 1|ex|Tera,G,270,Psychic,Combee,Ultra Rare,8f3712068ce4
sv3-213,sv3,OBF,213,Glimmora ex,Pokémon,Stage 1|ex,G,270,Fighting,Glimmet,Ultra Rare,156b17bf6a7f
sv3-214,sv3,OBF,214,Absol ex,Pokémon,Basic|ex,G,210,Darkness,,Ultra Rare,fbe0916d0a1c
sv3-215,sv3,OBF,215,Charizard ex,Pokémon,Stage 2|ex|Tera,G,330,Darkness,Charmeleon,Ultra Rare,6d7fc30e9fba
sv3-216,sv3,OBF,216,Revavroom ex,Pokémon,Stage 1|ex,G,280,Metal,Varoom,Ultra Rare,b105af794471
sv3-217,sv3,OBF,217,Pidgeot ex,Pokémon,Stage 2|ex,G,280,Colorless,Pidgeotto,Ultra Rare,54bce34b4734
sv3-218,sv3,OBF,218,Geeta,Trainer,Supporter,G,,,,Ultra Rare,1e74ace2640f
sv3-219,sv3,OBF,219,Ortega,Trainer,Supporter,G,,,,Ultra Rare,6d7c0e8cba8f
sv3-220,sv3,OBF,220,Poppy,Trainer,Supporter,G,,,,Ultra Rare,60cef249c050
sv3-221,sv3,OBF,221,Ryme,Trainer,Supporter,G,,,,Ultra Rare,f81d270bd234
sv3-222,sv3,OBF,222,Eiscue ex,Pokémon,Basic|ex|Tera,G,210,Fire,,Special Illustration Rare,d6ea95ffb778
sv3-223,sv3,OBF,223,Charizard ex,Pokémon,Stage 2|ex|Tera,G,330,Darkness,Charmeleon,Special Illustration Rare,6d7fc30e9fba
sv3-224,sv3,OBF,224,Revavroom ex,Pokémon,Stage 1|ex,G,280,Metal,Varoom,Special Illustration Rare,b105af794471
sv3-225,sv3,OBF,225,Pidgeot ex,Pokémon,Stage 2|ex,G,280,Colorless,Pidgeotto,Special Illustration Rare,54bce34b4734
sv3-226,sv3,OBF,226,Geeta,Trainer,Supporter,G,,,,Special Illustration Rare,1e74ace2640f
sv3-227,sv3,OBF,227,Poppy,Trainer,Supporter,G,,,,Special Illustration Rare,60cef249c050
sv3-228,sv3,OBF,228,Charizard ex,Pokémon,Stage 2|ex|Tera,G,330,Darkness,Charmeleon,Hyper Rare,6d7fc30e9fba
sv3-229,sv3,OBF,229,Artazon,Trainer,Stadium,G,,,,Hyper Rare,be1dbe52ff6d
sv3-230,sv3,OBF,230,Basic Fire Energy,Energy,Basic,G,,,,Hyper Rare,de043a4dc297
sv3pt5-1,sv3pt5,MEW,1,Bulbasaur,Pokémon,Basic,G,70,Grass,,Common,082b3b82cdbb
sv3pt5-2,sv3pt5,MEW,2,Ivysaur,Pokémon,Stage 1,G,100,Grass,Bulbasaur,Uncommon,37e34cbc87b4
sv3pt5-3,sv3pt5,MEW,3,Venusaur ex,Pokémon,Stage 2|ex,G,340,Grass,Ivysaur,Double Rare,ffa318bc251c
sv3pt5-4,sv3pt5,MEW,4,Charmander,Pokémon,Basic,G,70,Fire,,Common,54cde245b827
sv3pt5-5,sv3pt5,MEW,5,Charmeleon,Pokémon,Stage 1,G,100,Fire,Charmander,Uncommon,7569270dacf6
sv3pt5-6,sv3pt5,MEW,6,Charizard ex,Pokémon,Stage 2|ex,G,330,Fire,Charmeleon,Double Rare,fb0e28ae0057
sv3pt5-7,sv3pt5,MEW,7,Squirtle,Pokémon,Basic,G,60,Water,,Common,31e3528a90e8
sv3pt5-8,sv3pt5,MEW,8,Wartortle,Pokémon,Stage 1,G,100,Water,Squirtle,Uncommon,03dce295e9ac
sv3pt5-9,sv3pt5,MEW,9,Blastoise ex,Pokémon,Stage 2|ex,G,330,Water,Wartortle,Double Rare,13e7d34741d9
sv3pt5-10,sv3pt5,MEW,10,Caterpie,Pokémon,Basic,G,50,Grass,,Common,55fe37506fc0
sv3pt5-11,sv3pt5,MEW,11,Metapod,Pokémon,Stage 1,G,90,Grass,Caterpie,Common,bd5a48ef3e2b
sv3pt5-12,sv3pt5,MEW,12,Butterfree,Pokémon,Stage 2,G,130,Grass,Metapod,Uncommon,b0c2c3691085
sv3pt5-13,sv3pt5,MEW,13,Weedle,Pokémon,Basic,G,50,Grass,,Common,0460d3f0b91d
sv3pt5-14,sv3pt5,MEW,14,Kakuna,Pokémon,Stage 1,G,80,Grass,Weedle,Common,fe7df5dc50fe
sv3pt5-15,sv3pt5,MEW,15,Beedrill,Pokémon,Stage 2,G,130,Grass,Kakuna,Rare,1085591fe88f
sv3pt5-16,sv3pt5,MEW,16,Pidgey,Pokémon,Basic,G,50,Colorless,,Common,2ea98681429d
sv3pt5-17,sv3pt5,MEW,17,Pidgeotto,Pokémon,Stage 1,G,80,Colorless,Pidgey,Common,44ecd89e0723
sv3pt5-18,sv3pt5,MEW,18,Pidgeot,Pokémon,Stage 2,G,130,Colorless,Pidgeotto,Uncommon,1a559a1c60d1
sv3pt5-19,sv3pt5,MEW,19,Rattata,Pokémon,Basic,G,40,Colorless,,Common,aeddd24ae79a
sv3pt5-20,sv3pt5,MEW,20,Raticate,Pokémon,Stage 1,G,70,Colorless,Rattata,Uncommon,ec599f85f315
sv3pt5-21,sv3pt5,MEW,21,Spearow,Pokémon,Basic,G,50,Colorless,,Common,37070a6b47ba
sv3pt5-22,sv3pt5,MEW,22,Fearow,Pokémon,Stage 1,G,90,Colorless,Spearow,Uncommon,ec803abd9cc4
sv3pt5-23,sv3pt5,MEW,23,Ekans,Pokémon,Basic,G,70,Darkness,,Common,ceb7a128d72a
sv3pt5-24,sv3pt5,MEW,24,Arbok ex,Pokémon,Stage 1|ex,G,270,Darkness,Ekans,Double Rare,6cc3f874215b
sv3pt5-25,sv3pt5,MEW,25,Pikachu,Pokémon,Basic,G,60,Lightning,,Common,22a22706fb72
sv3pt5-26,sv3pt5,MEW,26,Raichu,Pokémon,Stage 1,G,120,Lightning,Pikachu,Rare,f7c33b0e18ae
sv3pt5-27,sv3pt5,MEW,27,Sandshrew,Pokémon,Basic,G,60,Fighting,,Common,72d8c6d318ca
sv3pt5-28,sv3pt5,MEW,28,Sandslash,Pokémon,Stage 1,G,120,Fighting,Sandshrew,Uncommon,3302263739ac
sv3pt5-29,sv3pt5,MEW,29,Nidoran ♀,Pokémon,Basic,G,60,Darkness,,Common,2033058b98af
sv3pt5-30,sv3pt5,MEW,30,Nidorina,Pokémon,Stage 1,G,90,Darkness,Nidoran ♀,Uncommon,9c24fac42623
sv3pt5-31,sv3pt5,MEW,31,Nidoqueen,Pokémon,Stage 2,G,170,Darkness,Nidorina,Uncommon,e562dcd90512
sv3pt5-32,sv3pt5,MEW,32,Nidoran ♂,Pokémon,Basic,G,60,Darkness,,Common,193b1decd731
sv3pt5-33,sv3pt5,MEW,33,Nidorino,Pokémon,Stage 1,G,90,Darkness,Nidoran ♂,Uncommon,116b948a459a
sv3pt5-34,sv3pt5,MEW,34,Nidoking,Pokémon,Stage 2,G,170,Darkness,Nidorino,Rare,ffe3c0dd589f
sv3pt5-35,sv3pt5,MEW,35,Clefairy,Pokémon,Basic,G,60,Psychic,,Common,8d05ae492a85
sv3pt5-36,sv3pt5,MEW,36,Clefable,Pokémon,Stage 1,G,100,Psychic,Clefairy,Uncommon,977c0c4ec28b
sv3pt5-37,sv3pt5,MEW,37,Vulpix,Pokémon,Basic,G,70,Fire,,Common,e82a999d6b76
sv3pt5-38,sv3pt5,MEW,38,Ninetales ex,Pokémon,Stage 1|ex,G,260,Fire,Vulpix,Double Rare,50966575b0f2
sv3pt5-39,sv3pt5,MEW,39,Jigglypuff,Pokémon,Basic,G,70,Colorless,,Common,7bec17b842b7
sv3pt5-40,sv3pt5,MEW,40,Wigglytuff ex,Pokémon,Stage 1|ex,G,250,Colorless,Jigglypuff,Double Rare,ecc35e6e50d3
sv3pt5-41,sv3pt5,MEW,41,Zubat,Pokémon,Basic,G,40,Darkness,,Common,1d759126afab
sv3pt5-42,sv3pt5,MEW,42,Golbat,Pokémon,Stage 1,G,80,Darkness,Zubat,Uncommon,4c1550471e82
sv3pt5-43,sv3pt5,MEW,43,Oddish,Pokémon,Basic,G,60,Grass,,Common,bbc59bae86b9
sv3pt5-44,sv3pt5,MEW,44,Gloom,Pokémon,Stage 1,G,70,Grass,Oddish,Uncommon,a0686abf42e5
sv3pt5-45,sv3pt5,MEW,45,Vileplume,Pokémon,Stage 2,G,140,Grass,Gloom,Rare,f03e6def02b9
sv3pt5-46,sv3pt5,MEW,46,Paras,Pokémon,Basic,G,70,Grass,,Common,d870fc82096c
sv3pt5-47,sv3pt5,MEW,47,Parasect,Pokémon,Stage 1,G,120,Grass,Paras,Uncommon,465763eff4f0
sv3pt5-48,sv3pt5,MEW,48,Venonat,Pokémon,Basic,G,70,Grass,,Common,da3e75bc9086
sv3pt5-49,sv3pt5,MEW,49,Venomoth,Pokémon,Stage 1,G,90,Grass,Venonat,Uncommon,e1b0a0cb0ff4
sv3pt5-50,sv3pt5,MEW,50,Diglett,Pokémon,Basic,G,50,Fighting,,Common,74b526f06421
sv3pt5-51,sv3pt5,MEW,51,Dugtrio,Pokémon,Stage 1,G,90,Fighting,Diglett,Uncommon,596cc000cb27
sv3pt5-52,sv3pt5,MEW,52,Meowth,Pokémon,Basic,G,70,Colorless,,Common,3b89a924620e
sv3pt5-53,sv3pt5,MEW,53,Persian,Pokémon,Stage 1,G,110,Colorless,Meowth,Uncommon,f39eceee846b
sv3pt5-54,sv3pt5,MEW,54,Psyduck,Pokémon,Basic,G,70,Water,,Common,f33d99015f99
sv3pt5-55,sv3pt5,MEW,55,Golduck,Pokémon,Stage 1,G,110,Water,Psyduck,Uncommon,655e1c77530b
sv3pt5-56,sv3pt5,MEW,56,Mankey,Pokémon,Basic,G,60,Fighting,,Common,3b58885f1928
sv3pt5-57,sv3pt5,MEW,57,Primeape,Pokémon,Stage 1,G,120,Fighting,Mankey,Uncommon,2e110053a624
sv3pt5-58,sv3pt5,MEW,58,Growlithe,Pokémon,Basic,G,80,Fire,,Common,4b2e00f72460
sv3pt5-59,sv3pt5,MEW,59,Arcanine,Pokémon,Stage 1,G,150,Fire,Growlithe,Uncommon,b51beb56547a
sv3pt5-60,sv3pt5,MEW,60,Poliwag,Pokémon,Basic,G,60,Water,,Common,54958bab191c
sv3pt5-61,sv3pt5,MEW,61,Poliwhirl,Pokémon,Stage 1,G,90,Water,Poliwag,Common,ad3e49362e70
sv3pt5-62,sv3pt5,MEW,62,Poliwrath,Pokémon,Stage 2,G,160,Water,Poliwhirl,Uncommon,756e0924b4a3
sv3pt5-63,sv3pt5,MEW,63,Abra,Pokémon,Basic,G,50,Psychic,,Common,a8b83585047d
sv3pt5-64,sv3pt5,MEW,64,Kadabra,Pokémon,Stage 1,G,80,Psychic,Abra,Uncommon,5e4ba1f4bcb4
sv3pt5-65,sv3pt5,MEW,65,Alakazam ex,Pokémon,Stage 2|ex,G,310,Psychic,Kadabra,Double Rare,25a571fcba2a
sv3pt5-66,sv3pt5,MEW,66,Machop,Pokémon,Basic,G,70,Fighting,,Common,7cf9f54b6eb3
sv3pt5-67,sv3pt5,MEW,67,Machoke,Pokémon,Stage 1,G,100,Fighting,Machop,Uncommon,6053c6278767
sv3pt5-68,sv3pt5,MEW,68,Machamp,Pokémon,Stage 2,G,180,Fighting,Machoke,Rare,24213ab744c8
sv3pt5-69,sv3pt5,MEW,69,Bellsprout,Pokémon,Basic,G,60,Grass,,Common,0790e9cc80f6
sv3pt5-70,sv3pt5,MEW,70,Weepinbell,Pokémon,Stage 1,G,90,Grass,Bellsprout,Common,90d9e7f38dda
sv3pt5-71,sv3pt5,MEW,71,Victreebel,Pokémon,Stage 2,G,150,Grass,Weepinbell,Uncommon,d787554b61ac
sv3pt5-72,sv3pt5,MEW,72,Tentacool,Pokémon,Basic,G,60,Water,,Common,d958a166cda7
sv3pt5-73,sv3pt5,MEW,73,Tentacruel,Pokémon,Stage 1,G,120,Water,Tentacool,Uncommon,3ca0642160bf
sv3pt5-74,sv3pt5,MEW,74,Geodude,Pokémon,Basic,G,80,Fighting,,Common,54b2ec4928c7
sv3pt5-75,sv3pt5,MEW,75,Graveler,Pokémon,Stage 1,G,110,Fighting,Geodude,Uncommon,5bd8b498f966
sv3pt5-76,sv3pt5,MEW,76,Golem ex,Pokémon,Stage 2|ex,G,330,Fighting,Graveler,Double Rare,478af1608a97
sv3pt5-77,sv3pt5,MEW,77,Ponyta,Pokémon,Basic,G,70,Fire,,Common,5f1a1648507e
sv3pt5-78,sv3pt5,MEW,78,Rapidash,Pokémon,Stage 1,G,100,Fire,Ponyta,Uncommon,4141903c5062
sv3pt5-79,sv3pt5,MEW,79,Slowpoke,Pokémon,Basic,G,80,Psychic,,Common,23abfb41701d
sv3pt5-80,sv3pt5,MEW,80,Slowbro,Pokémon,Stage 1,G,130,Psychic,Slowpoke,Uncommon,5ae2f66922ad
sv3pt5-81,sv3pt5,MEW,81,Magnemite,Pokémon,Basic,G,60,Lightning,,Common,5dd986c33f7f
sv3pt5-82,sv3pt5,MEW,82,Magneton,Pokémon,Stage 1,G,90,Lightning,Magnemite,Uncommon,7fc744fead0f
sv3pt5-83,sv3pt5,MEW,83,Farfetch'd,Pokémon,Basic,G,90,Colorless,,Common,aabd4c6425dc
sv3pt5-84,sv3pt5,MEW,84,Doduo,Pokémon,Basic,G,70,Colorless,,Common,94007e9a329b
sv3pt5-85,sv3pt5,MEW,85,Dodrio,Pokémon,Stage 1,G,100,Colorless,Doduo,Rare,be6b2334bb38
sv3pt5-86,sv3pt5,MEW,86,Seel,Pokémon,Basic,G,80,Water,,Common,abdd5b166f77
sv3pt5-87,sv3pt5,MEW,87,Dewgong,Pokémon,Stage 1,G,130,Water,Seel,Uncommon,f2de5f800115
sv3pt5-88,sv3pt5,MEW,88,Grimer,Pokémon,Basic,G,80,Darkness,,Common,7dfe16b8c4a9
sv3pt5-89,sv3pt5,MEW,89,Muk,Pokémon,Stage 1,G,150,Darkness,Grimer,Uncommon,a64cd1d08a12
sv3pt5-90,sv3pt5,MEW,90,Shellder,Pokémon,Basic,G,70,Water,,Common,14e81cfaca4d
sv3pt5-91,sv3pt5,MEW,91,Cloyster,Pokémon,Stage 1,G,130,Water,Shellder,Uncommon,8d5a42e76aac
sv3pt5-92,sv3pt5,MEW,92,Gastly,Pokémon,Basic,G,50,Psychic,,Common,6016847485cd
sv3pt5-93,sv3pt5,MEW,93,Haunter,Pokémon,Stage 1,G,80,Psychic,Gastly,Uncommon,47f95fac89d5
sv3pt5-94,sv3pt5,MEW,94,Gengar,Pokémon,Stage 2,G,130,Psychic,Haunter,Rare,e583918fee8e
sv3pt5-95,sv3pt5,MEW,95,Onix,Pokémon,Basic,G,120,Fighting,,Uncommon,dc4773861250
sv3pt5-96,sv3pt5,MEW,96,Drowzee,Pokémon,Basic,G,80,Psychic,,Common,a94bb196662f
sv3pt5-97,sv3pt5,MEW,97,Hypno,Pokémon,Stage 1,G,110,Psychic,Drowzee,Uncommon,aa2fde5e4f8d
sv3pt5-98,sv3pt5,MEW,98,Krabby,Pokémon,Basic,G,70,Water,,Common,b7899bd967bb
sv3pt5-99,sv3pt5,MEW,99,Kingler,Pokémon,Stage 1,G,140,Water,Krabby,Uncommon,e662693a950f
sv3pt5-100,sv3pt5,MEW,100,Voltorb,Pokémon,Basic,G,60,Lightning,,Common,eb1483e7cd97
sv3pt5-101,sv3pt5,MEW,101,Electrode,Pokémon,Stage 1,G,90,Lightning,Voltorb,Rare,4222eba066ce
sv3pt5-102,sv3pt5,MEW,102,Exeggcute,Pokémon,Basic,G,60,Grass,,Common,5b2ba205c0bf
sv3pt5-103,sv3pt5,MEW,103,Exeggutor,Pokémon,Stage 1,G,140,Grass,Exeggcute,Uncommon,38f9b21a0d5b
sv3pt5-104,sv3pt5,MEW,104,Cubone,Pokémon,Basic,G,70,Fighting,,Common,c42985d53882
sv3pt5-105,sv3pt5,MEW,105,Marowak,Pokémon,Stage 1,G,120,Fighting,Cubone,Rare,91419a6d81b4
sv3pt5-106,sv3pt5,MEW,106,Hitmonlee,Pokémon,Basic,G,120,Fighting,,Uncommon,f433c1ae1aa3
sv3pt5-107,sv3pt5,MEW,107,Hitmonchan,Pokémon,Basic,G,120,Fighting,,Uncommon,09d57d1ba1e9
sv3pt5-108,sv3pt5,MEW,108,Lickitung,Pokémon,Basic,G,100,Colorless,,Common,b1455b9f9288
sv3pt5-109,sv3pt5,MEW,109,Koffing,Pokémon,Basic,G,60,Darkness,,Common,8a1b6d3c3e79
sv3pt5-110,sv3pt5,MEW,110,Weezing,Pokémon,Stage 1,G,110,Darkness,Koffing,Rare,c3933174074c
sv3pt5-111,sv3pt5,MEW,111,Rhyhorn,Pokémon,Basic,G,100,Fighting,,Common,5ee83790f1ab
sv3pt5-112,sv3pt5,MEW,112,Rhydon,Pokémon,Stage 1,G,120,Fighting,Rhyhorn,Uncommon,fc214d93444c
sv3pt5-113,sv3pt5,MEW,113,Chansey,Pokémon,Basic,G,110,Colorless,,Rare,78ba0bc32456
sv3pt5-114,sv3pt5,MEW,114,Tangela,Pokémon,Basic,G,80,Grass,,Common,2df3fa9197f2
sv3pt5-115,sv3pt5,MEW,115,Kangaskhan ex,Pokémon,Basic|ex,G,230,Colorless,,Double Rare,440522722308
sv3pt5-116,sv3pt5,MEW,116,Horsea,Pokémon,Basic,G,60,Water,,Common,5c480480506c
sv3pt5-117,sv3pt5,MEW,117,Seadra,Pokémon,Stage 1,G,80,Water,Horsea,Uncommon,98df63dc2387
sv3pt5-118,sv3pt5,MEW,118,Goldeen,Pokémon,Basic,G,70,Water,,Common,2cff5c0c87da
sv3pt5-119,sv3pt5,MEW,119,Seaking,Pokémon,Stage 1,G,110,Water,Goldeen,Uncommon,1fb36311831b
sv3pt5-120,sv3pt5,MEW,120,Staryu,Pokémon,Basic,G,60,Water,,Common,4db368ad2a68
sv3pt5-121,sv3pt5,MEW,121,Starmie,Pokémon,Stage 1,G,90,Water,Staryu,Rare,bf6e9d1a1e56
sv3pt5-122,sv3pt5,MEW,122,Mr. Mime,Pokémon,Basic,G,90,Psychic,,Rare,b31dfff84b70
sv3pt5-123,sv3pt5,MEW,123,Scyther,Pokémon,Basic,G,70,Grass,,Uncommon,448d0d9f1883
sv3pt5-124,sv3pt5,MEW,124,Jynx ex,Pokémon,Basic|ex,G,200,Water,,Double Rare,61773f2464e6
sv3pt5-125,sv3pt5,MEW,125,Electabuzz,Pokémon,Basic,G,90,Lightning,,Common,1ea04da198f1
sv3pt5-126,sv3pt5,MEW,126,Magmar,Pokémon,Basic,G,90,Fire,,Common,e97e72b8cd5b
sv3pt5-127,sv3pt5,MEW,127,Pinsir,Pokémon,Basic,G,120,Grass,,Uncommon,596d2f10bc1e
sv3pt5-128,sv3pt5,MEW,128,Tauros,Pokémon,Basic,G,120,Colorless,,Uncommon,67b9cb51ed86
sv3pt5-129,sv3pt5,MEW,129,Magikarp,Pokémon,Basic,G,30,Water,,Common,f909aace3108
sv3pt5-130,sv3pt5,MEW,130,Gyarados,Pokémon,Stage 1,G,190,Water,Magikarp,Rare,b9e5a54d9644
sv3pt5-131,sv3pt5,MEW,131,Lapras,Pokémon,Basic,G,110,Water,,Uncommon,75c247af7334
sv3pt5-132,sv3pt5,MEW,132,Ditto,Pokémon,Basic,G,60,Colorless,,Rare,1e3b6a48043c
sv3pt5-133,sv3pt5,MEW,133,Eevee,Pokémon,Basic,G,70,Colorless,,Common,b521c5450a74
sv3pt5-134,sv3pt5,MEW,134,Vaporeon,Pokémon,Stage 1,G,130,Water,Eevee,Rare,2b121820b770
sv3pt5-135,sv3pt5,MEW,135,Jolteon,Pokémon,Stage 1,G,110,Lightning,Eevee,Rare,181389e797bf
sv3pt5-136,sv3pt5,MEW,136,Flareon,Pokémon,Stage 1,G,130,Fire,Eevee,Rare,5b92cbc44e92
sv3pt5-137,sv3pt5,MEW,137,Porygon,Pokémon,Basic,G,60,Colorless,,Common,b36705f19281
sv3pt5-138,sv3pt5,MEW,138,Omanyte,Pokémon,Stage 1,G,100,Water,Antique Helix Fossil,Uncommon,8b8d9b20035e
sv3pt5-139,sv3pt5,MEW,139,Omastar,Pokémon,Stage 2,G,150,Water,Omanyte,Rare,cfdd66f7bcf3
sv3pt5-140,sv3pt5,MEW,140,Kabuto,Pokémon,Stage 1,G,90,Fighting,Antique Dome Fossil,Uncommon,bd9aa15635dd
sv3pt5-141,sv3pt5,MEW,141,Kabutops,Pokémon,Stage 2,G,160,Fighting,Kabuto,Rare,54b3296ec197
sv3pt5-142,sv3pt5,MEW,142,Aerodactyl,Pokémon,Stage 1,G,130,Colorless,Antique Old Amber,Rare,4b135ad8387e
sv3pt5-143,sv3pt5,MEW,143,Snorlax,Pokémon,Basic,G,150,Colorless,,Uncommon,3a6d00b79033
sv3pt5-144,sv3pt5,MEW,144,Articuno,Pokémon,Basic,G,120,Water,,Rare,d1574e958abf
sv3pt5-145,sv3pt5,MEW,145,Zapdos ex,Pokémon,Basic|ex,G,200,Lightning,,Double Rare,f6b0efcd4ee3
sv3pt5-146,sv3pt5,MEW,146,Moltres,Pokémon,Basic,G,120,Fire,,Rare,1b851272eae2
sv3pt5-147,sv3pt5,MEW,147,Dratini,Pokémon,Basic,G,60,Dragon,,Common,3b945ae50056
sv3pt5-148,sv3pt5,MEW,148,Dragonair,Pokémon,Stage 1,G,100,Dragon,Dratini,Uncommon,b0c74ea29bab
sv3pt5-149,sv3pt5,MEW,149,Dragonite,Pokémon,Stage 2,G,180,Dragon,Dragonair,Rare,8d2285baa713
sv3pt5-150,sv3pt5,MEW,150,Mewtwo,Pokémon,Basic,G,130,Psychic,,Rare,3ec20fbeea5e
sv3pt5-151,sv3pt5,MEW,151,Mew ex,Pokémon,Basic|ex,G,180,Psychic,,Double Rare,351431615890
sv3pt5-152,sv3pt5,MEW,152,Antique Dome Fossil,Trainer,Item,G,60,,,Common,1e2735354293
sv3pt5-153,sv3pt5,MEW,153,Antique Helix Fossil,Trainer,Item,G,60,,,Common,2cc28e1286f1
sv3pt5-154,sv3pt5,MEW,154,Antique Old Amber,Trainer,Item,G,60,,,Common,d84190b1fbae
sv3pt5-155,sv3pt5,MEW,155,Big Air Balloon,Trainer,Pokémon Tool,G,,,,Uncommon,bc5d5b12935f
sv3pt5-156,sv3pt5,MEW,156,Bill's Transfer,Trainer,Supporter,G,,,,Uncommon,78b73b6aa38c
sv3pt5-157,sv3pt5,MEW,157,Cycling Road,Trainer,Stadium,G,,,,Uncommon,7817ebee732f
sv3pt5-158,sv3pt5,MEW,158,Daisy's Help,Trainer,Supporter,G,,,,Uncommon,b5592a76ccf8
sv3pt5-159,sv3pt5,MEW,159,Energy Sticker,Trainer,Item,G,,,,Uncommon,008930c8eea2
sv3pt5-160,sv3pt5,MEW,160,Erika's Invitation,Trainer,Supporter,G,,,,Uncommon,69cb2986f7e0
sv3pt5-161,sv3pt5,MEW,161,Giovanni's Charisma,Trainer,Supporter,G,,,,Uncommon,7de8622f0948
sv3pt5-162,sv3pt5,MEW,162,Grabber,Trainer,Item,G,,,,Uncommon,ede4bf2ab651
sv3pt5-163,sv3pt5,MEW,163,Leftovers,Trainer,Pokémon Tool,G,,,,Uncommon,b81229f8a352
sv3pt5-164,sv3pt5,MEW,164,Protective Goggles,Trainer,Pokémon Tool,G,,,,Uncommon,acd356be182f
sv3pt5-165,sv3pt5,MEW,165,Rigid Band,Trainer,Pokémon Tool,G,,,,Uncommon,3ac3653ddf17
sv3pt5-166,sv3pt5,MEW,166,Bulbasaur,Pokémon,Basic,G,70,Grass,,Illustration Rare,082b3b82cdbb
sv3pt5-167,sv3pt5,MEW,167,Ivysaur,Pokémon,Stage 1,G,100,Grass,Bulbasaur,Illustration Rare,37e34cbc87b4
sv3pt5-168,sv3pt5,MEW,168,Charmander,Pokémon,Basic,G,70,Fire,,Illustration Rare,54cde245b827
sv3pt5-169,sv3pt5,MEW,169,Charmeleon,Pokémon,Stage 1,G,100,Fire,Charmander,Illustration Rare,7569270dacf6
sv3pt5-170,sv3pt5,MEW,170,Squirtle,Pokémon,Basic,G,60,Water,,Illustration Rare,31e3528a90e8
sv3pt5-171,sv3pt5,MEW,171,Wartortle,Pokémon,Stage 1,G,100,Water,Squirtle,Illustration Rare,03dce295e9ac
sv3pt5-172,sv3pt5,MEW,172,Caterpie,Pokémon,Basic,G,50,Grass,,Illustration Rare,55fe37506fc0
sv3pt5-173,sv3pt5,MEW,173,Pikachu,Pokémon,Basic,G,60,Lightning,,Illustration Rare,22a22706fb72
sv3pt5-174,sv3pt5,MEW,174,Nidoking,Pokémon,Stage 2,G,170,Darkness,Nidorino,Illustration Rare,ffe3c0dd589f
sv3pt5-175,sv3pt5,MEW,175,Psyduck,Pokémon,Basic,G,70,Water,,Illustration Rare,f33d99015f99
sv3pt5-176,sv3pt5,MEW,176,Poliwhirl,Pokémon,Stage 1,G,90,Water,Poliwag,Illustration Rare,ad3e49362e70
sv3pt5-177,sv3pt5,MEW,177,Machoke,Pokémon,Stage 1,G,100,Fighting,Machop,Illustration Rare,6053c6278767
sv3pt5-178,sv3pt5,MEW,178,Tangela,Pokémon,Basic,G,80,Grass,,Illustration Rare,2df3fa9197f2
sv3pt5-179,sv3pt5,MEW,179,Mr. Mime,Pokémon,Basic,G,90,Psychic,,Illustration Rare,b31dfff84b70
sv3pt5-180,sv3pt5,MEW,180,Omanyte,Pokémon,Stage 1,G,100,Water,Antique Helix Fossil,Illustration Rare,8b8d9b20035e
sv3pt5-181,sv3pt5,MEW,181,Dragonair,Pokémon,Stage 1,G,100,Dragon,Dratini,Illustration Rare,b0c74ea29bab
sv3pt5-182,sv3pt5,MEW,182,Venusaur ex,Pokémon,Stage 2|ex,G,340,Grass,Ivysaur,Ultra Rare,ffa318bc251c
sv3pt5-183,sv3pt5,MEW,183,Charizard ex,Pokémon,Stage 2|ex,G,330,Fire,Charmeleon,Ultra Rare,fb0e28ae0057
sv3pt5-184,sv3pt5,MEW,184,Blastoise ex,Pokémon,Stage 2|ex,G,330,Water,Wartortle,Ultra Rare,13e7d34741d9
sv3pt5-185,sv3pt5,MEW,185,Arbok ex,Pokémon,Stage 1|ex,G,270,Darkness,Ekans,Ultra Rare,6cc3f874215b
sv3pt5-186,sv3pt5,MEW,186,Ninetales ex,Pokémon,Stage 1|ex,G,260,Fire,Vulpix,Ultra Rare,50966575b0f2
sv3pt5-187,sv3pt5,MEW,187,Wigglytuff ex,Pokémon,Stage 1|ex,G,250,Colorless,Jigglypuff,Ultra Rare,ecc35e6e50d3
sv3pt5-188,sv3pt5,MEW,188,Alakazam ex,Pokémon,Stage 2|ex,G,310,Psychic,Kadabra,Ultra Rare,25a571fcba2a
sv3pt5-189,sv3pt5,MEW,189,Golem ex,Pokémon,Stage 2|ex,G,330,Fighting,Graveler,Ultra Rare,478af1608a97
sv3pt5-190,sv3pt5,MEW,190,Kangaskhan ex,Pokémon,Basic|ex,G,230,Colorless,,Ultra Rare,440522722308
sv3pt5-191,sv3pt5,MEW,191,Jynx ex,Pokémon,Basic|ex,G,200,Water,,Ultra Rare,61773f2464e6
sv3pt5-192,sv3pt5,MEW,192,Zapdos ex,Pokémon,Basic|ex,G,200,Lightning,,Ultra Rare,f6b0efcd4ee3
sv3pt5-193,sv3pt5,MEW,193,Mew ex,Pokémon,Basic|ex,G,180,Psychic,,Ultra Rare,351431615890
sv3pt5-194,sv3pt5,MEW,194,Bill's Transfer,Trainer,Supporter,G,,,,Ultra Rare,78b73b6aa38c
sv3pt5-195,sv3pt5,MEW,195,Daisy's Help,Trainer,Supporter,G,,,,Ultra Rare,b5592a76ccf8
sv3pt5-196,sv3pt5,MEW,196,Erika's Invitation,Trainer,Supporter,G,,,,Ultra Rare,69cb2986f7e0
sv3pt5-197,sv3pt5,MEW,197,Giovanni's Charisma,Trainer,Supporter,G,,,,Ultra Rare,7de8622f0948
sv3pt5-198,sv3pt5,MEW,198,Venusaur ex,Pokémon,Stage 2|ex,G,340,Grass,Ivysaur,Special Illustration Rare,ffa318bc251c
sv3pt5-199,sv3pt5,MEW,199,Charizard ex,Pokémon,Stage 2|ex,G,330,Fire,Charmeleon,Special Illustration Rare,fb0e28ae0057
sv3pt5-200,sv3pt5,MEW,200,Blastoise ex,Pokémon,Stage 2|ex,G,330,Water,Wartortle,Special Illustration Rare,13e7d34741d9
sv3pt5-201,sv3pt5,MEW,201,Alakazam ex,Pokémon,Stage 2|ex,G,310,Psychic,Kadabra,Special Illustration Rare,25a571fcba2a
sv3pt5-202,sv3pt5,MEW,202,Zapdos ex,Pokémon,Basic|ex,G,200,Lightning,,Special Illustration Rare,f6b0efcd4ee3
sv3pt5-203,sv3pt5,MEW,203,Erika's Invitation,Trainer,Supporter,G,,,,Special Illustration Rare,69cb2986f7e0
sv3pt5-204,sv3pt5,MEW,204,Giovanni's Charisma,Trainer,Supporter,G,,,,Special Illustration Rare,7de8622f0948
sv3pt5-205,sv3pt5,MEW,205,Mew ex,Pokémon,Basic|ex,G,180,Psychic,,Hyper Rare,351431615890
sv3pt5-206,sv3pt5,MEW,206,Switch,Trainer,Item,G,,,,Hyper Rare,431905d775bf
sv3pt5-207,sv3pt5,MEW,207,Basic Psychic Energy,Energy,Basic,,,Psychic,,Hyper Rare,8cd4985796e4
sv4-1,sv4,PAR,1,Surskit,Pokémon,Basic,G,50,Grass,,Common,6660663530cf
sv4-2,sv4,PAR,2,Masquerain,Pokémon,Stage 1,G,100,Grass,Surskit,Uncommon,ebc2d98304d1
sv4-3,sv4,PAR,3,Froslass ex,Pokémon,Stage 1|Tera|ex,G,250,Grass,Snorunt,Double Rare,d9b63fa209ba
sv4-4,sv4,PAR,4,Pansage,Pokémon,Basic,G,70,Grass,,Common,1ccb36015786
sv4-5,sv4,PAR,5,Simisage,Pokémon,Stage 1,G,100,Grass,Pansage,Uncommon,a635e6298809
sv4-6,sv4,PAR,6,Dwebble,Pokémon,Basic,G,60,Grass,,Common,7c5afb97ee67
sv4-7,sv4,PAR,7,Crustle,Pokémon,Stage 1,G,130,Grass,Dwebble,Common,b3d29a849249
sv4-8,sv4,PAR,8,Bounsweet,Pokémon,Basic,G,60,Grass,,Common,ea0679aa082f
sv4-9,sv4,PAR,9,Steenee,Pokémon,Stage 1,G,90,Grass,Bounsweet,Uncommon,a9224a6840d3
sv4-10,sv4,PAR,10,Blipbug,Pokémon,Basic,G,50,Grass,,Common,3f0d514b61f2
sv4-11,sv4,PAR,11,Dottler,Pokémon,Stage 1,G,80,Grass,Blipbug,Common,7d752cdd7123
sv4-12,sv4,PAR,12,Orbeetle,Pokémon,Stage 2,G,130,Grass,Dottler,Uncommon,26535af15e1d
sv4-13,sv4,PAR,13,Nymble,Pokémon,Basic,G,40,Grass,,Common,a80b13560285
sv4-14,sv4,PAR,14,Nymble,Pokémon,Basic,G,50,Grass,,Common,f4e30b737b15
sv4-15,sv4,PAR,15,Toedscool,Pokémon,Basic,G,50,Grass,,Common,c0bb674115dd
sv4-16,sv4,PAR,16,Toedscool,Pokémon,Basic,G,60,Grass,,Common,92f9326f1dde
sv4-17,sv4,PAR,17,Toedscruel,Pokémon,Stage 1,G,120,Grass,Toedscool,Uncommon,a484f72ea8e0
sv4-18,sv4,PAR,18,Wo-Chien,Pokémon,Basic,G,130,Grass,,Rare,e84f52b0965f
sv4-19,sv4,PAR,19,Magby,Pokémon,Basic,G,30,Fire,,Common,5a0febef7f57
sv4-20,sv4,PAR,20,Pansear,Pokémon,Basic,G,70,Fire,,Common,b39bbe5a7812
sv4-21,sv4,PAR,21,Simisear,Pokémon,Stage 1,G,100,Fire,Pansear,Uncommon,087383e0c394
sv4-22,sv4,PAR,22,Volcanion,Pokémon,Basic,G,130,Fire,,Rare,56ba534c5ba0
sv4-23,sv4,PAR,23,Fuecoco,Pokémon,Basic,G,80,Fire,,Common,0851353282c5
sv4-24,sv4,PAR,24,Crocalor,Pokémon,Stage 1,G,100,Fire,Fuecoco,Uncommon,e0c201f392ac
sv4-25,sv4,PAR,25,Charcadet,Pokémon,Basic,G,60,Fire,,Common,7819d25b1c3b
sv4-26,sv4,PAR,26,Charcadet,Pokémon,Basic,G,80,Fire,,Common,83356b6ed926
sv4-27,sv4,PAR,27,Armarouge ex,Pokémon,Stage 1|ex,G,260,Fire,Charcadet,Double Rare,e17ec6f2d5d0
sv4-28,sv4,PAR,28,Iron Moth,Pokémon,Basic|Future,G,130,Fire,,Rare,97ba9634d2a0
sv4-29,sv4,PAR,29,Chi-Yu,Pokémon,Basic,G,110,Fire,,Rare,68959f1318d9
sv4-30,sv4,PAR,30,Horsea,Pokémon,Basic,G,60,Water,,Common,fb9c1d141494
sv4-31,sv4,PAR,31,Seadra,Pokémon,Stage 1,G,90,Water,Horsea,Common,e5ff11191617
sv4-32,sv4,PAR,32,Kingdra,Pokémon,Stage 2,G,150,Water,Seadra,Rare,a3bdf291faf1
sv4-33,sv4,PAR,33,Remoraid,Pokémon,Basic,G,70,Water,,Common,1faa4ee7bb64
sv4-34,sv4,PAR,34,Octillery,Pokémon,Stage 1,G,110,Water,Remoraid,Common,eddfd3edc0e8
sv4-35,sv4,PAR,35,Feebas,Pokémon,Basic,G,30,Water,,Common,86ded17105f9
sv4-36,sv4,PAR,36,Milotic,Pokémon,Stage 1,G,120,Water,Feebas,Rare,3d14b788649b
sv4-37,sv4,PAR,37,Snorunt,Pokémon,Basic,G,60,Water,,Common,e3c70edee030
sv4-38,sv4,PAR,38,Garchomp ex,Pokémon,Stage 2|Tera|ex,G,320,Water,Gabite,Double Rare,1ca71c8dfd49
sv4-39,sv4,PAR,39,Mantyke,Pokémon,Basic,G,30,Water,,Common,23c3c2dd131d
sv4-40,sv4,PAR,40,Palkia,Pokémon,Basic,G,130,Water,,Rare,9f6d4e4a2fb1
sv4-41,sv4,PAR,41,Panpour,Pokémon,Basic,G,70,Water,,Common,9a25e28b981e
sv4-42,sv4,PAR,42,Simipour,Pokémon,Stage 1,G,100,Water,Panpour,Uncommon,da28d9e2b1f6
sv4-43,sv4,PAR,43,Vanillite,Pokémon,Basic,G,60,Water,,Common,06755f1fd6d8
sv4-44,sv4,PAR,44,Vanillish,Pokémon,Stage 1,G,90,Water,Vanillite,Common,07fd95ee8f0f
sv4-45,sv4,PAR,45,Vanilluxe,Pokémon,Stage 2,G,150,Water,Vanillish,Uncommon,a932a1df2ccd
sv4-46,sv4,PAR,46,Tsareena ex,Pokémon,Stage 2|Tera|ex,G,310,Water,Steenee,Double Rare,3d413363fba9
sv4-47,sv4,PAR,47,Wimpod,Pokémon,Basic,G,70,Water,,Common,c8cbcbbeaa61
sv4-48,sv4,PAR,48,Wimpod,Pokémon,Basic,G,70,Water,,Common,b7496b90531a
sv4-49,sv4,PAR,49,Golisopod,Pokémon,Stage 1,G,140,Water,Wimpod,Rare,2a0783edf55f
sv4-50,sv4,PAR,50,Golisopod ex,Pokémon,Stage 1|ex,G,270,Water,Wimpod,Double Rare,5bfaff4dd3dd
sv4-51,sv4,PAR,51,Wiglett,Pokémon,Basic,G,50,Water,,Common,7d1d9e269cf6
sv4-52,sv4,PAR,52,Wiglett,Pokémon,Basic,G,60,Water,,Common,85d562db05eb
sv4-53,sv4,PAR,53,Wugtrio,Pokémon,Stage 1,G,90,Water,Wiglett,Uncommon,41416c84889f
sv4-54,sv4,PAR,54,Veluza,Pokémon,Basic,G,120,Water,,Uncommon,697a3a1dbbd0
sv4-55,sv4,PAR,55,Dondozo,Pokémon,Basic,G,160,Water,,Uncommon,a60514dc93ea
sv4-56,sv4,PAR,56,Iron Bundle,Pokémon,Basic|Future,G,100,Water,,Uncommon,ab28b84e8b34
sv4-57,sv4,PAR,57,Chien-Pao,Pokémon,Basic,G,120,Water,,Rare,408997e3a277
sv4-58,sv4,PAR,58,Mewtwo ex,Pokémon,Basic|Tera|ex,G,230,Lightning,,Double Rare,5a87c77bb755
sv4-59,sv4,PAR,59,Elekid,Pokémon,Basic,G,30,Lightning,,Common,df4b3147017a
sv4-60,sv4,PAR,60,Plusle,Pokémon,Basic,G,70,Lightning,,Common,93ba85549a7e
sv4-61,sv4,PAR,61,Minun,Pokémon,Basic,G,70,Lightning,,Common,6d3946410bed
sv4-62,sv4,PAR,62,Blitzle,Pokémon,Basic,G,60,Lightning,,Common,cc95187c35f5
sv4-63,sv4,PAR,63,Zebstrika,Pokémon,Stage 1,G,120,Lightning,Blitzle,Uncommon,895fd97bb2c5
sv4-64,sv4,PAR,64,Joltik,Pokémon,Basic,G,40,Lightning,,Common,6f2669aca487
sv4-65,sv4,PAR,65,Galvantula,Pokémon,Stage 1,G,100,Lightning,Joltik,Common,57f5b406d040
sv4-66,sv4,PAR,66,Zekrom,Pokémon,Basic,G,130,Lightning,,Rare,98c61c4ec719
sv4-67,sv4,PAR,67,Oricorio,Pokémon,Basic,G,90,Lightning,,Common,9459a3fa5006
sv4-68,sv4,PAR,68,Tapu Koko ex,Pokémon,Basic|ex,G,210,Lightning,,Double Rare,98aa47ea76ee
sv4-69,sv4,PAR,69,Toxel,Pokémon,Basic,G,70,Lightning,,Common,3856046b4a3d
sv4-70,sv4,PAR,70,Iron Hands ex,Pokémon,Basic|ex|Future,G,230,Lightning,,Double Rare,612e9639bb28
sv4-71,sv4,PAR,71,Natu,Pokémon,Basic,G,50,Psychic,,Common,33ee9ce9cdb8
sv4-72,sv4,PAR,72,Xatu,Pokémon,Stage 1,G,100,Psychic,Natu,Rare,22f483f797fa
sv4-73,sv4,PAR,73,Latios,Pokémon,Basic,G,110,Psychic,,Rare,9d0d63f65ecc
sv4-74,sv4,PAR,74,Deoxys,Pokémon,Basic,G,120,Psychic,,Rare,15c1b1c29e4b
sv4-75,sv4,PAR,75,Yamask,Pokémon,Basic,G,70,Psychic,,Common,df5bb68a6191
sv4-76,sv4,PAR,76,Cofagrigus ex,Pokémon,Stage 1|ex,G,260,Psychic,Yamask,Double Rare,3a9cad3f6662
sv4-77,sv4,PAR,77,Pumpkaboo,Pokémon,Basic,G,60,Psychic,,Common,a2709f164c89
sv4-78,sv4,PAR,78,Gourgeist,Pokémon,Stage 1,G,110,Psychic,Pumpkaboo,Uncommon,f1d936ab8d4c
sv4-79,sv4,PAR,79,Flittle,Pokémon,Basic,G,40,Psychic,,Common,e7bf5c86c07b
sv4-80,sv4,PAR,80,Flittle,Pokémon,Basic,G,50,Psychic,,Common,089eceb67974
sv4-81,sv4,PAR,81,Espathra,Pokémon,Stage 1,G,120,Psychic,Flittle,Rare,a4ad2037ecbd
sv4-82,sv4,PAR,82,Tinkatink,Pokémon,Basic,G,60,Psychic,,Common,2f715b7312e4
sv4-83,sv4,PAR,83,Tinkatink,Pokémon,Basic,G,70,Psychic,,Common,ae60686283e7
sv4-84,sv4,PAR,84,Tinkatuff,Pokémon,Stage 1,G,80,Psychic,Tinkatink,Common,03dbcd6fb499
sv4-85,sv4,PAR,85,Tinkaton,Pokémon,Stage 2,G,130,Psychic,Tinkatuff,Uncommon,7333475e8c5f
sv4-86,sv4,PAR,86,Scream Tail,Pokémon,Basic|Ancient,G,90,Psychic,,Uncommon,ab092c7af6c5
sv4-87,sv4,PAR,87,Gimmighoul,Pokémon,Basic,G,50,Psychic,,Common,90afa77d3da0
sv4-88,sv4,PAR,88,Gimmighoul,Pokémon,Basic,G,70,Psychic,,Common,66d947c4f40b
sv4-89,sv4,PAR,89,Iron Valiant ex,Pokémon,Basic|ex|Future,G,220,Psychic,,Double Rare,da3a89d169d4
sv4-90,sv4,PAR,90,Onix,Pokémon,Basic,G,120,Fighting,,Common,6ace8569ebad
sv4-91,sv4,PAR,91,Gligar,Pokémon,Basic,G,70,Fighting,,Common,f094308335b4
sv4-92,sv4,PAR,92,Gliscor,Pokémon,Stage 1,G,120,Fighting,Gligar,Uncommon,67f69e2e5e38
sv4-93,sv4,PAR,93,Groudon,Pokémon,Basic,G,130,Fighting,,Rare,e5b1b027ffb8
sv4-94,sv4,PAR,94,Gible,Pokémon,Basic,G,70,Fighting,,Common,d913a124a344
sv4-95,sv4,PAR,95,Gabite,Pokémon,Stage 1,G,100,Fighting,Gible,Common,39879eae7363
sv4-96,sv4,PAR,96,Mienfoo,Pokémon,Basic,G,60,Fighting,,Common,baef5439a82c
sv4-97,sv4,PAR,97,Mienshao,Pokémon,Stage 1,G,100,Fighting,Mienfoo,Uncommon,596ee1e922b0
sv4-98,sv4,PAR,98,Hoopa ex,Pokémon,Basic|Tera|ex,G,220,Fighting,,Double Rare,e28b5e1ab7b5
sv4-99,sv4,PAR,99,Minior,Pokémon,Basic,G,70,Fighting,,Uncommon,516314a0ae9f
sv4-100,sv4,PAR,100,Toxtricity ex,Pokémon,Stage 1|Tera|ex,G,260,Fighting,Toxel,Double Rare,cd22425e7acb
sv4-101,sv4,PAR,101,Nacli,Pokémon,Basic,G,60,Fighting,,Common,db1e2a988fc1
sv4-102,sv4,PAR,102,Nacli,Pokémon,Basic,G,70,Fighting,,Common,7e40fd027bcb
sv4-103,sv4,PAR,103,Naclstack,Pokémon,Stage 1,G,100,Fighting,Nacli,Common,0909337e234c
sv4-104,sv4,PAR,104,Garganacl,Pokémon,Stage 2,G,160,Fighting,Naclstack,Rare,1378543b5801
sv4-105,sv4,PAR,105,Klawf,Pokémon,Basic,G,120,Fighting,,Uncommon,ad1150358669
sv4-106,sv4,PAR,106,Flamigo,Pokémon,Basic,G,110,Fighting,,Common,a091cdae964b
sv4-107,sv4,PAR,107,Slither Wing,Pokémon,Basic|Ancient,G,140,Fighting,,Uncommon,624b98d30f4c
sv4-108,sv4,PAR,108,Sandy Shocks ex,Pokémon,Basic|ex|Ancient,G,220,Fighting,,Double Rare,99375dd618cf
sv4-109,sv4,PAR,109,Ting-Lu,Pokémon,Basic,G,140,Fighting,,Rare,8f78f92bb4bb
sv4-110,sv4,PAR,110,Zubat,Pokémon,Basic,G,50,Darkness,,Common,af4f7b6125d8
sv4-111,sv4,PAR,111,Golbat,Pokémon,Stage 1,G,80,Darkness,Zubat,Common,c172d094697b
sv4-112,sv4,PAR,112,Crobat,Pokémon,Stage 2,G,130,Darkness,Golbat,Uncommon,7f8eddd7799f
sv4-113,sv4,PAR,113,Absol,Pokémon,Basic,G,100,Darkness,,Uncommon,195c122dd6b9
sv4-114,sv4,PAR,114,Purrloin,Pokémon,Basic,G,60,Darkness,,Common,725b879b1fd1
sv4-115,sv4,PAR,115,Liepard,Pokémon,Stage 1,G,100,Darkness,Purrloin,Common,982b207b8f7d
sv4-116,sv4,PAR,116,Trubbish,Pokémon,Basic,G,70,Darkness,,Common,30ff85dae6a8
sv4-117,sv4,PAR,117,Garbodor,Pokémon,Stage 1,G,120,Darkness,Trubbish,Uncommon,5976fc9c6b5c
sv4-118,sv4,PAR,118,Yveltal,Pokémon,Basic,G,130,Darkness,,Rare,aa165d597551
sv4-119,sv4,PAR,119,Nickit,Pokémon,Basic,G,70,Darkness,,Common,76ba0b8ca9b6
sv4-120,sv4,PAR,120,Thievul,Pokémon,Stage 1,G,110,Darkness,Nickit,Rare,bf8efbe48fc1
sv4-121,sv4,PAR,121,Morpeko,Pokémon,Basic,G,70,Darkness,,Rare,d2c486e2da75
sv4-122,sv4,PAR,122,Lokix,Pokémon,Stage 1,G,120,Darkness,Nymble,Rare,ac9ae87c53a8
sv4-123,sv4,PAR,123,Brute Bonnet,Pokémon,Basic|Ancient,G,120,Darkness,,Rare,78dda74fb8df
sv4-124,sv4,PAR,124,Roaring Moon ex,Pokémon,Basic|ex|Ancient,G,230,Darkness,,Double Rare,70cb3b9f1dc1
sv4-125,sv4,PAR,125,Steelix,Pokémon,Stage 1,G,180,Metal,Onix,Rare,6c95b04c5a73
sv4-126,sv4,PAR,126,Jirachi,Pokémon,Basic,G,70,Metal,,Common,e3a9a58e0cc3
sv4-127,sv4,PAR,127,Ferroseed,Pokémon,Basic,G,70,Metal,,Common,925bb7907592
sv4-128,sv4,PAR,128,Ferrothorn,Pokémon,Stage 1,G,140,Metal,Ferroseed,Uncommon,e8a7321460a1
sv4-129,sv4,PAR,129,Durant,Pokémon,Basic,G,70,Metal,,Uncommon,c52fedb22159
sv4-130,sv4,PAR,130,Honedge,Pokémon,Basic,G,60,Metal,,Common,5fce9b36b9e8
sv4-131,sv4,PAR,131,Honedge,Pokémon,Basic,G,60,Metal,,Common,b9f093d0bd17
sv4-132,sv4,PAR,132,Doublade,Pokémon,Stage 1,G,90,Metal,Honedge,Common,a206564aa740
sv4-133,sv4,PAR,133,Doublade,Pokémon,Stage 1,G,90,Metal,Honedge,Common,cc565a904248
sv4-134,sv4,PAR,134,Aegislash,Pokémon,Stage 2,G,150,Metal,Doublade,Rare,6552b8f71ea7
sv4-135,sv4,PAR,135,Aegislash ex,Pokémon,Stage 2|ex,G,330,Metal,Doublade,Double Rare,495d220bbce3
sv4-136,sv4,PAR,136,Zacian,Pokémon,Basic,G,120,Metal,,Rare,0c542df8b2e5
sv4-137,sv4,PAR,137,Skeledirge ex,Pokémon,Stage 2|Tera|ex,G,330,Metal,Crocalor,Double Rare,b5da6e8bd377
sv4-138,sv4,PAR,138,Orthworm,Pokémon,Basic,G,140,Metal,,Uncommon,7d9b9b5eb56e
sv4-139,sv4,PAR,139,Gholdengo ex,Pokémon,Stage 1|ex,G,260,Metal,Gimmighoul,Double Rare,e18f56e55040
sv4-140,sv4,PAR,140,Altaria ex,Pokémon,Stage 1|ex,G,260,Dragon,Swablu,Double Rare,fd8da53aab9f
sv4-141,sv4,PAR,141,Tatsugiri,Pokémon,Basic,G,70,Dragon,,Uncommon,ef03445178e5
sv4-142,sv4,PAR,142,Porygon,Pokémon,Basic,G,60,Colorless,,Common,3ef778d47e7a
sv4-143,sv4,PAR,143,Porygon2,Pokémon,Stage 1,G,90,Colorless,Porygon,Common,a445c9666f54
sv4-144,sv4,PAR,144,Porygon-Z,Pokémon,Stage 2,G,150,Colorless,Porygon2,Rare,3e67adc77247
sv4-145,sv4,PAR,145,Aipom,Pokémon,Basic,G,60,Colorless,,Common,1be174bae5d8
sv4-146,sv4,PAR,146,Ambipom,Pokémon,Stage 1,G,100,Colorless,Aipom,Uncommon,93c740cdf6a9
sv4-147,sv4,PAR,147,Miltank,Pokémon,Basic,G,120,Colorless,,Common,07d99838b959
sv4-148,sv4,PAR,148,Whismur,Pokémon,Basic,G,70,Colorless,,Common,a24345e8c1d4
sv4-149,sv4,PAR,149,Loudred,Pokémon,Stage 1,G,100,Colorless,Whismur,Common,1aa67d26b3f3
sv4-150,sv4,PAR,150,Exploud,Pokémon,Stage 2,G,160,Colorless,Loudred,Uncommon,8b1cdb52e7c4
sv4-151,sv4,PAR,151,Spinda,Pokémon,Basic,G,80,Colorless,,Common,d37d842c7452
sv4-152,sv4,PAR,152,Swablu,Pokémon,Basic,G,50,Colorless,,Common,9c82858a91e3
sv4-153,sv4,PAR,153,Tandemaus,Pokémon,Basic,G,30,Colorless,,Common,1566fde397e9
sv4-154,sv4,PAR,154,Tandemaus,Pokémon,Basic,G,40,Colorless,,Common,6841cd6a96cb
sv4-155,sv4,PAR,155,Maushold ex,Pokémon,Stage 1|ex,G,230,Colorless,Tandemaus,Double Rare,f18c1f51c0c2
sv4-156,sv4,PAR,156,Bombirdier ex,Pokémon,Basic|ex,G,200,Colorless,,Double Rare,44645491a452
sv4-157,sv4,PAR,157,Cyclizar,Pokémon,Basic,G,120,Colorless,,Uncommon,0a31f6d71ed1
sv4-158,sv4,PAR,158,Iron Jugulis,Pokémon,Basic|Future,G,130,Colorless,,Rare,a82db030911c
sv4-159,sv4,PAR,159,Ancient Booster Energy Capsule,Trainer,Pokémon Tool|Ancient,G,,,,Uncommon,5de2ce5d0131
sv4-160,sv4,PAR,160,Counter Catcher,Trainer,Item,G,,,,Uncommon,a6d9a1ed168e
sv4-161,sv4,PAR,161,Cursed Duster,Trainer,Pokémon Tool,G,,,,Uncommon,82a8a315e362
sv4-162,sv4,PAR,162,Defiance Vest,Trainer,Pokémon Tool,G,,,,Uncommon,7fe6bd4e7e10
sv4-163,sv4,PAR,163,Earthen Vessel,Trainer,Item|Ancient,G,,,,Uncommon,63d54559a74a
sv4-164,sv4,PAR,164,Future Booster Energy Capsule,Trainer,Pokémon Tool|Future,G,,,,Uncommon,b52cbfc8cd16
sv4-165,sv4,PAR,165,Larry,Trainer,Supporter,G,,,,Common,eed9ec6cca39
sv4-166,sv4,PAR,166,Luxurious Cape,Trainer,Pokémon Tool,G,,,,Uncommon,6e53f5fc0234
sv4-167,sv4,PAR,167,Mela,Trainer,Supporter,G,,,,Uncommon,8dd0b5593908
sv4-168,sv4,PAR,168,Norman,Trainer,Supporter,G,,,,Uncommon,90f0e7f0fffd
sv4-169,sv4,PAR,169,Parasol Lady,Trainer,Supporter,G,,,,Common,e7755e7663a2
sv4-170,sv4,PAR,170,Professor Sada's Vitality,Trainer,Supporter|Ancient,G,,,,Uncommon,0cf9cb0c5bfc
sv4-171,sv4,PAR,171,Professor Turo's Scenario,Trainer,Supporter|Future,G,,,,Uncommon,a63412819c66
sv4-172,sv4,PAR,172,Rika,Trainer,Supporter,G,,,,Uncommon,0efb31f7f874
sv4-173,sv4,PAR,173,Roark,Trainer,Supporter,G,,,,Uncommon,a24eaaf7bed7
sv4-174,sv4,PAR,174,Shauntal,Trainer,Supporter,G,,,,Uncommon,bba01e24dd77
sv4-175,sv4,PAR,175,Snorlax Doll,Trainer,Item,G,120,,,Uncommon,7cb609b2cbfc
sv4-176,sv4,PAR,176,Technical Machine: Blindside,Trainer,Pokémon Tool,G,,,,Uncommon,d084d75d6f3a
sv4-177,sv4,PAR,177,Technical Machine: Devolution,Trainer,Pokémon Tool,G,,,,Uncommon,1f4700066705
sv4-178,sv4,PAR,178,Technical Machine: Evolution,Trainer,Pokémon Tool,G,,,,Uncommon,bde06be17d6c
sv4-179,sv4,PAR,179,Technical Machine: Turbo Energize,Trainer,Pokémon Tool,G,,,,Uncommon,945d111c397f
sv4-180,sv4,PAR,180,Techno Radar,Trainer,Item|Future,G,,,,Uncommon,8505d62d47b6
sv4-181,sv4,PAR,181,Tulip,Trainer,Supporter,G,,,,Uncommon,e3fb939f3232
sv4-182,sv4,PAR,182,Medical Energy,Energy,Special,G,,,,Uncommon,dbea45f0dbb4
sv4-183,sv4,PAR,183,Crustle,Pokémon,Stage 1,G,130,Grass,Dwebble,Illustration Rare,b3d29a849249
sv4-184,sv4,PAR,184,Dottler,Pokémon,Stage 1,G,80,Grass,Blipbug,Illustration Rare,7d752cdd7123
sv4-185,sv4,PAR,185,Toedscruel,Pokémon,Stage 1,G,120,Grass,Toedscool,Illustration Rare,a484f72ea8e0
sv4-186,sv4,PAR,186,Magby,Pokémon,Basic,G,30,Fire,,Illustration Rare,5a0febef7f57
sv4-187,sv4,PAR,187,Iron Moth,Pokémon,Basic|Future,G,130,Fire,,Illustration Rare,97ba9634d2a0
sv4-188,sv4,PAR,188,Snorunt,Pokémon,Basic,G,60,Water,,Illustration Rare,e3c70edee030
sv4-189,sv4,PAR,189,Mantyke,Pokémon,Basic,G,30,Water,,Illustration Rare,23c3c2dd131d
sv4-190,sv4,PAR,190,Vanillish,Pokémon,Stage 1,G,90,Water,Vanillite,Illustration Rare,07fd95ee8f0f
sv4-191,sv4,PAR,191,Wimpod,Pokémon,Basic,G,70,Water,,Illustration Rare,b7496b90531a
sv4-192,sv4,PAR,192,Veluza,Pokémon,Basic,G,120,Water,,Illustration Rare,697a3a1dbbd0
sv4-193,sv4,PAR,193,Plusle,Pokémon,Basic,G,70,Lightning,,Illustration Rare,93ba85549a7e
sv4-194,sv4,PAR,194,Minun,Pokémon,Basic,G,70,Lightning,,Illustration Rare,6d3946410bed
sv4-195,sv4,PAR,195,Blitzle,Pokémon,Basic,G,60,Lightning,,Illustration Rare,cc95187c35f5
sv4-196,sv4,PAR,196,Joltik,Pokémon,Basic,G,40,Lightning,,Illustration Rare,6f2669aca487
sv4-197,sv4,PAR,197,Espathra,Pokémon,Stage 1,G,120,Psychic,Flittle,Illustration Rare,a4ad2037ecbd
sv4-198,sv4,PAR,198,Gimmighoul,Pokémon,Basic,G,70,Psychic,,Illustration Rare,66d947c4f40b
sv4-199,sv4,PAR,199,Groudon,Pokémon,Basic,G,130,Fighting,,Illustration Rare,e5b1b027ffb8
sv4-200,sv4,PAR,200,Mienshao,Pokémon,Stage 1,G,100,Fighting,Mienfoo,Illustration Rare,596ee1e922b0
sv4-201,sv4,PAR,201,Minior,Pokémon,Basic,G,70,Fighting,,Illustration Rare,516314a0ae9f
sv4-202,sv4,PAR,202,Garganacl,Pokémon,Stage 2,G,160,Fighting,Naclstack,Illustration Rare,1378543b5801
sv4-203,sv4,PAR,203,Slither Wing,Pokémon,Basic|Ancient,G,140,Fighting,,Illustration Rare,624b98d30f4c
sv4-204,sv4,PAR,204,Garbodor,Pokémon,Stage 1,G,120,Darkness,Trubbish,Illustration Rare,5976fc9c6b5c
sv4-205,sv4,PAR,205,Yveltal,Pokémon,Basic,G,130,Darkness,,Illustration Rare,aa165d597551
sv4-206,sv4,PAR,206,Morpeko,Pokémon,Basic,G,70,Darkness,,Illustration Rare,d2c486e2da75
sv4-207,sv4,PAR,207,Brute Bonnet,Pokémon,Basic|Ancient,G,120,Darkness,,Illustration Rare,78dda74fb8df
sv4-208,sv4,PAR,208,Steelix,Pokémon,Stage 1,G,180,Metal,Onix,Illustration Rare,6c95b04c5a73
sv4-209,sv4,PAR,209,Ferrothorn,Pokémon,Stage 1,G,140,Metal,Ferroseed,Illustration Rare,e8a7321460a1
sv4-210,sv4,PAR,210,Aegislash,Pokémon,Stage 2,G,150,Metal,Doublade,Illustration Rare,6552b8f71ea7
sv4-211,sv4,PAR,211,Aipom,Pokémon,Basic,G,60,Colorless,,Illustration Rare,1be174bae5d8
sv4-212,sv4,PAR,212,Loudred,Pokémon,Stage 1,G,100,Colorless,Whismur,Illustration Rare,1aa67d26b3f3
sv4-213,sv4,PAR,213,Swablu,Pokémon,Basic,G,50,Colorless,,Illustration Rare,9c82858a91e3
sv4-214,sv4,PAR,214,Porygon-Z,Pokémon,Stage 2,G,150,Colorless,Porygon2,Illustration Rare,3e67adc77247
sv4-215,sv4,PAR,215,Cyclizar,Pokémon,Basic,G,120,Colorless,,Illustration Rare,0a31f6d71ed1
sv4-216,sv4,PAR,216,Iron Jugulis,Pokémon,Basic|Future,G,130,Colorless,,Illustration Rare,a82db030911c
sv4-217,sv4,PAR,217,Froslass ex,Pokémon,Stage 1|Tera|ex,G,250,Grass,Snorunt,Ultra Rare,d9b63fa209ba
sv4-218,sv4,PAR,218,Armarouge ex,Pokémon,Stage 1|ex,G,260,Fire,Charcadet,Ultra Rare,e17ec6f2d5d0
sv4-219,sv4,PAR,219,Garchomp ex,Pokémon,Stage 2|Tera|ex,G,320,Water,Gabite,Ultra Rare,1ca71c8dfd49
sv4-220,sv4,PAR,220,Tsareena ex,Pokémon,Stage 2|Tera|ex,G,310,Water,Steenee,Ultra Rare,3d413363fba9
sv4-221,sv4,PAR,221,Golisopod ex,Pokémon,Stage 1|ex,G,270,Water,Wimpod,Ultra Rare,5bfaff4dd3dd
sv4-222,sv4,PAR,222,Tapu Koko ex,Pokémon,Basic|ex,G,210,Lightning,,Ultra Rare,98aa47ea76ee
sv4-223,sv4,PAR,223,Iron Hands ex,Pokémon,Basic|ex|Future,G,230,Lightning,,Ultra Rare,612e9639bb28
sv4-224,sv4,PAR,224,Cofagrigus ex,Pokémon,Stage 1|ex,G,260,Psychic,Yamask,Ultra Rare,3a9cad3f6662
sv4-225,sv4,PAR,225,Iron Valiant ex,Pokémon,Basic|ex|Future,G,220,Psychic,,Ultra Rare,da3a89d169d4
sv4-226,sv4,PAR,226,Hoopa ex,Pokémon,Basic|Tera|ex,G,220,Fighting,,Ultra Rare,e28b5e1ab7b5
sv4-227,sv4,PAR,227,Toxtricity ex,Pokémon,Stage 1|Tera|ex,G,260,Fighting,Toxel,Ultra Rare,cd22425e7acb
sv4-228,sv4,PAR,228,Sandy Shocks ex,Pokémon,Basic|ex|Ancient,G,220,Fighting,,Ultra Rare,99375dd618cf
sv4-229,sv4,PAR,229,Roaring Moon ex,Pokémon,Basic|ex|Ancient,G,230,Darkness,,Ultra Rare,70cb3b9f1dc1
sv4-230,sv4,PAR,230,Aegislash ex,Pokémon,Stage 2|ex,G,330,Metal,Doublade,Ultra Rare,495d220bbce3
sv4-231,sv4,PAR,231,Gholdengo ex,Pokémon,Stage 1|ex,G,260,Metal,Gimmighoul,Ultra Rare,e18f56e55040
sv4-232,sv4,PAR,232,Altaria ex,Pokémon,Stage 1|ex,G,260,Dragon,Swablu,Ultra Rare,fd8da53aab9f
sv4-233,sv4,PAR,233,Maushold ex,Pokémon,Stage 1|ex,G,230,Colorless,Tandemaus,Ultra Rare,f18c1f51c0c2
sv4-234,sv4,PAR,234,Bombirdier ex,Pokémon,Basic|ex,G,200,Colorless,,Ultra Rare,44645491a452
sv4-235,sv4,PAR,235,Larry,Trainer,Supporter,G,,,,Ultra Rare,eed9ec6cca39
sv4-236,sv4,PAR,236,Mela,Trainer,Supporter,G,,,,Ultra Rare,8dd0b5593908
sv4-237,sv4,PAR,237,Norman,Trainer,Supporter,G,,,,Ultra Rare,90f0e7f0fffd
sv4-238,sv4,PAR,238,Parasol Lady,Trainer,Supporter,G,,,,Ultra Rare,e7755e7663a2
sv4-239,sv4,PAR,239,Professor Sada's Vitality,Trainer,Supporter|Ancient,G,,,,Ultra Rare,0cf9cb0c5bfc
sv4-240,sv4,PAR,240,Professor Turo's Scenario,Trainer,Supporter|Future,G,,,,Ultra Rare,a63412819c66
sv4-241,sv4,PAR,241,Rika,Trainer,Supporter,G,,,,Ultra Rare,0efb31f7f874
sv4-242,sv4,PAR,242,Roark,Trainer,Supporter,G,,,,Ultra Rare,a24eaaf7bed7
sv4-243,sv4,PAR,243,Shauntal,Trainer,Supporter,G,,,,Ultra Rare,bba01e24dd77
sv4-244,sv4,PAR,244,Tulip,Trainer,Supporter,G,,,,Ultra Rare,e3fb939f3232
sv4-245,sv4,PAR,245,Garchomp ex,Pokémon,Stage 2|Tera|ex,G,320,Water,Gabite,Special Illustration Rare,1ca71c8dfd49
sv4-246,sv4,PAR,246,Golisopod ex,Pokémon,Stage 1|ex,G,270,Water,Wimpod,Special Illustration Rare,5bfaff4dd3dd
sv4-247,sv4,PAR,247,Tapu Koko ex,Pokémon,Basic|ex,G,210,Lightning,,Special Illustration Rare,98aa47ea76ee
sv4-248,sv4,PAR,248,Iron Hands ex,Pokémon,Basic|ex|Future,G,230,Lightning,,Special Illustration Rare,612e9639bb28
sv4-249,sv4,PAR,249,Iron Valiant ex,Pokémon,Basic|ex|Future,G,220,Psychic,,Special Illustration Rare,da3a89d169d4
sv4-250,sv4,PAR,250,Sandy Shocks ex,Pokémon,Basic|ex|Ancient,G,220,Fighting,,Special Illustration Rare,99375dd618cf
sv4-251,sv4,PAR,251,Roaring Moon ex,Pokémon,Basic|ex|Ancient,G,230,Darkness,,Special Illustration Rare,70cb3b9f1dc1
sv4-252,sv4,PAR,252,Gholdengo ex,Pokémon,Stage 1|ex,G,260,Metal,Gimmighoul,Special Illustration Rare,e18f56e55040
sv4-253,sv4,PAR,253,Altaria ex,Pokémon,Stage 1|ex,G,260,Dragon,Swablu,Special Illustration Rare,fd8da53aab9f
sv4-254,sv4,PAR,254,Mela,Trainer,Supporter,G,,,,Special Illustration Rare,8dd0b5593908
sv4-255,sv4,PAR,255,Parasol Lady,Trainer,Supporter,G,,,,Special Illustration Rare,e7755e7663a2
sv4-256,sv4,PAR,256,Professor Sada's Vitality,Trainer,Supporter|Ancient,G,,,,Special Illustration Rare,0cf9cb0c5bfc
sv4-257,sv4,PAR,257,Professor Turo's Scenario,Trainer,Supporter|Future,G,,,,Special Illustration Rare,a63412819c66
sv4-258,sv4,PAR,258,Rika,Trainer,Supporter,G,,,,Special Illustration Rare,0efb31f7f874
sv4-259,sv4,PAR,259,Tulip,Trainer,Supporter,G,,,,Special Illustration Rare,e3fb939f3232
sv4-260,sv4,PAR,260,Garchomp ex,Pokémon,Stage 2|Tera|ex,G,320,Water,Gabite,Hyper Rare,1ca71c8dfd49
sv4-261,sv4,PAR,261,Iron Valiant ex,Pokémon,Basic|ex|Future,G,220,Psychic,,Hyper Rare,da3a89d169d4
sv4-262,sv4,PAR,262,Roaring Moon ex,Pokémon,Basic|ex|Ancient,G,230,Darkness,,Hyper Rare,70cb3b9f1dc1
sv4-263,sv4,PAR,263,Beach Court,Trainer,Stadium,G,,,,Hyper Rare,f257acef3f11
sv4-264,sv4,PAR,264,Counter Catcher,Trainer,Item,G,,,,Hyper Rare,a6d9a1ed168e
sv4-265,sv4,PAR,265,Luxurious Cape,Trainer,Pokémon Tool,G,,,,Hyper Rare,6e53f5fc0234
sv4-266,sv4,PAR,266,Reversal Energy,Energy,Special,G,,,,Hyper Rare,779176a64f51
sv4pt5-1,sv4pt5,PAF,1,Pineco,Pokémon,Basic,G,70,Grass,,Common,229e31810508
sv4pt5-2,sv4pt5,PAF,2,Forretress ex,Pokémon,Stage 1|Tera|ex,G,270,Grass,Pineco,Double Rare,3afefa03a770
sv4pt5-3,sv4pt5,PAF,3,Maractus,Pokémon,Basic,G,110,Grass,,Common,7655105f0b2c
sv4pt5-4,sv4pt5,PAF,4,Toedscool,Pokémon,Basic,G,50,Grass,,Common,45977bc6590b
sv4pt5-5,sv4pt5,PAF,5,Toedscruel ex,Pokémon,Stage 1|ex,G,270,Grass,Toedscool,Double Rare,55c6f9ba873b
sv4pt5-6,sv4pt5,PAF,6,Espathra ex,Pokémon,Stage 1|Tera|ex,G,260,Grass,Flittle,Double Rare,57072e435686
sv4pt5-7,sv4pt5,PAF,7,Charmander,Pokémon,Basic,G,70,Fire,,Common,54cde245b827
sv4pt5-8,sv4pt5,PAF,8,Charmeleon,Pokémon,Stage 1,G,90,Fire,Charmander,Uncommon,87f17f4fc4ed
sv4pt5-9,sv4pt5,PAF,9,Magmar,Pokémon,Basic,G,80,Fire,,Common,b9b0c1c92ad5
sv4pt5-10,sv4pt5,PAF,10,Magmortar,Pokémon,Stage 1,G,140,Fire,Magmar,Rare,89b867856790
sv4pt5-11,sv4pt5,PAF,11,Numel,Pokémon,Basic,G,80,Fire,,Common,4a4c9f461f38
sv4pt5-12,sv4pt5,PAF,12,Camerupt,Pokémon,Stage 1,G,130,Fire,Numel,Uncommon,12cc46a2dcef
sv4pt5-13,sv4pt5,PAF,13,Heat Rotom,Pokémon,Basic,G,90,Fire,,Rare,025ca691f762
sv4pt5-14,sv4pt5,PAF,14,Charcadet,Pokémon,Basic,G,70,Fire,,Common,fdc5b1773f74
sv4pt5-15,sv4pt5,PAF,15,Armarouge,Pokémon,Stage 1,G,130,Fire,Charcadet,Rare,3f6017ea8359
sv4pt5-16,sv4pt5,PAF,16,Lapras,Pokémon,Basic,G,110,Water,,Common,ca8416d8bd34
sv4pt5-17,sv4pt5,PAF,17,Frigibax,Pokémon,Basic,G,70,Water,,Common,2589e277511d
sv4pt5-18,sv4pt5,PAF,18,Pikachu,Pokémon,Basic,G,70,Lightning,,Common,96921b2839af
sv4pt5-19,sv4pt5,PAF,19,Raichu,Pokémon,Stage 1,G,120,Lightning,Pikachu,Rare,f7c33b0e18ae
sv4pt5-20,sv4pt5,PAF,20,Chinchou,Pokémon,Basic,G,60,Lightning,,Common,148b40d1ac1c
sv4pt5-21,sv4pt5,PAF,21,Lanturn,Pokémon,Stage 1,G,120,Lightning,Chinchou,Uncommon,58f0e9603d88
sv4pt5-22,sv4pt5,PAF,22,Kilowattrel,Pokémon,Stage 1,G,120,Lightning,Wattrel,Uncommon,1523a27b1bc2
sv4pt5-23,sv4pt5,PAF,23,Exeggcute,Pokémon,Basic,G,60,Psychic,,Common,990a922feb30
sv4pt5-24,sv4pt5,PAF,24,Exeggutor,Pokémon,Stage 1,G,130,Psychic,Exeggcute,Rare,cb4e96197933
sv4pt5-25,sv4pt5,PAF,25,Natu,Pokémon,Basic,G,50,Psychic,,Common,33ee9ce9cdb8
sv4pt5-26,sv4pt5,PAF,26,Xatu,Pokémon,Stage 1,G,100,Psychic,Natu,Rare,22f483f797fa
sv4pt5-27,sv4pt5,PAF,27,Ralts,Pokémon,Basic,G,70,Psychic,,Common,4bdc037956b7
sv4pt5-28,sv4pt5,PAF,28,Kirlia,Pokémon,Stage 1,G,90,Psychic,Ralts,Uncommon,119b8c19227a
sv4pt5-29,sv4pt5,PAF,29,Gardevoir ex,Pokémon,Stage 2|ex,G,310,Psychic,Kirlia,Double Rare,ac0442726e2e
sv4pt5-30,sv4pt5,PAF,30,Chimecho,Pokémon,Basic,G,70,Psychic,,Common,ba026d02ae7d
sv4pt5-31,sv4pt5,PAF,31,Mime Jr.,Pokémon,Basic,G,30,Psychic,,Common,056f66410727
sv4pt5-32,sv4pt5,PAF,32,Woobat,Pokémon,Basic,G,60,Psychic,,Common,e4e429bf94ec
sv4pt5-33,sv4pt5,PAF,33,Swoobat,Pokémon,Stage 1,G,90,Psychic,Woobat,Uncommon,bf45fb975924
sv4pt5-34,sv4pt5,PAF,34,Cottonee,Pokémon,Basic,G,60,Psychic,,Common,54c74781d919
sv4pt5-35,sv4pt5,PAF,35,Whimsicott,Pokémon,Stage 1,G,90,Psychic,Cottonee,Uncommon,51947a987a48
sv4pt5-36,sv4pt5,PAF,36,Dedenne,Pokémon,Basic,G,70,Psychic,,Common,e0e72588b352
sv4pt5-37,sv4pt5,PAF,37,Mimikyu,Pokémon,Basic,G,70,Psychic,,Rare,83ed3f436236
sv4pt5-38,sv4pt5,PAF,38,Fidough,Pokémon,Basic,G,50,Psychic,,Common,59e237a2a739
sv4pt5-39,sv4pt5,PAF,39,Dachsbun,Pokémon,Stage 1,G,90,Psychic,Fidough,Uncommon,958fcb70ce98
sv4pt5-40,sv4pt5,PAF,40,Ceruledge,Pokémon,Stage 1,G,140,Psychic,Charcadet,Rare,c40278d555a6
sv4pt5-41,sv4pt5,PAF,41,Flittle,Pokémon,Basic,G,30,Psychic,,Common,a6db68e32928
sv4pt5-42,sv4pt5,PAF,42,Greavard,Pokémon,Basic,G,70,Psychic,,Common,4e52a7c91630
sv4pt5-43,sv4pt5,PAF,43,Houndstone,Pokémon,Stage 1,G,140,Psychic,Greavard,Rare,850cf8e5da72
sv4pt5-44,sv4pt5,PAF,44,Gimmighoul,Pokémon,Basic,G,50,Psychic,,Common,5092e45b6066
sv4pt5-45,sv4pt5,PAF,45,Mankey,Pokémon,Basic,G,60,Fighting,,Common,cd9147f3bab9
sv4pt5-46,sv4pt5,PAF,46,Primeape,Pokémon,Stage 1,G,90,Fighting,Mankey,Uncommon,5bcad6775a52
sv4pt5-47,sv4pt5,PAF,47,Annihilape,Pokémon,Stage 2,G,140,Fighting,Primeape,Rare,bc85f87b6299
sv4pt5-48,sv4pt5,PAF,48,Phanpy,Pokémon,Basic,G,80,Fighting,,Common,c6f4e7ff1f8e
sv4pt5-49,sv4pt5,PAF,49,Donphan,Pokémon,Stage 1,G,150,Fighting,Phanpy,Uncommon,a91e91e12b6d
sv4pt5-50,sv4pt5,PAF,50,Barboach,Pokémon,Basic,G,70,Fighting,,Common,7d112b46a2ff
sv4pt5-51,sv4pt5,PAF,51,Clobbopus,Pokémon,Basic,G,70,Fighting,,Common,069e67950e11
sv4pt5-52,sv4pt5,PAF,52,Grapploct,Pokémon,Stage 1,G,120,Fighting,Clobbopus,Uncommon,859062ee67ce
sv4pt5-53,sv4pt5,PAF,53,Great Tusk ex,Pokémon,Basic|ex|Ancient,G,250,Fighting,,Double Rare,b8ca1505bbb3
sv4pt5-54,sv4pt5,PAF,54,Charizard ex,Pokémon,Stage 2|Tera|ex,G,330,Darkness,Charmeleon,Double Rare,6d7fc30e9fba
sv4pt5-55,sv4pt5,PAF,55,Gastly,Pokémon,Basic,G,50,Darkness,,Common,63f0c5d1be61
sv4pt5-56,sv4pt5,PAF,56,Haunter,Pokémon,Stage 1,G,80,Darkness,Gastly,Common,4c292b8462bd
sv4pt5-57,sv4pt5,PAF,57,Gengar,Pokémon,Stage 2,G,130,Darkness,Haunter,Uncommon,7185ad3e5e68
sv4pt5-58,sv4pt5,PAF,58,Paldean Wooper,Pokémon,Basic,G,60,Darkness,,Common,c70d43170d3e
sv4pt5-59,sv4pt5,PAF,59,Paldean Clodsire ex,Pokémon,Stage 1|ex,G,280,Darkness,Paldean Wooper,Double Rare,4ad5fb0dfc2a
sv4pt5-60,sv4pt5,PAF,60,Scraggy,Pokémon,Basic,G,70,Darkness,,Common,0a7dde1d1c98
sv4pt5-61,sv4pt5,PAF,61,Scrafty,Pokémon,Stage 1,G,120,Darkness,Scraggy,Uncommon,687b0d6e82e6
sv4pt5-62,sv4pt5,PAF,62,Maschiff,Pokémon,Basic,G,60,Darkness,,Common,48b7e38a5f27
sv4pt5-63,sv4pt5,PAF,63,Mabosstiff,Pokémon,Stage 1,G,130,Darkness,Maschiff,Rare,72ecf0a99051
sv4pt5-64,sv4pt5,PAF,64,Varoom,Pokémon,Basic,G,60,Metal,,Common,981a750ab3df
sv4pt5-65,sv4pt5,PAF,65,Revavroom,Pokémon,Stage 1,G,140,Metal,Varoom,Rare,339a96215c9f
sv4pt5-66,sv4pt5,PAF,66,Iron Treads ex,Pokémon,Basic|ex|Future,G,220,Metal,,Double Rare,f8a48c5f66ae
sv4pt5-67,sv4pt5,PAF,67,Gholdengo,Pokémon,Stage 1,G,130,Metal,Gimmighoul,Rare,8d44b88eaf6d
sv4pt5-68,sv4pt5,PAF,68,Noibat,Pokémon,Basic,G,70,Dragon,,Common,116b99d9a1ff
sv4pt5-69,sv4pt5,PAF,69,Noivern ex,Pokémon,Stage 1|ex,G,260,Dragon,Noibat,Double Rare,894fa38e4084
sv4pt5-70,sv4pt5,PAF,70,Cyclizar,Pokémon,Basic,G,120,Dragon,,Rare,34e501e7aef4
sv4pt5-71,sv4pt5,PAF,71,Lechonk,Pokémon,Basic,G,70,Colorless,,Common,3a8bc6bdc976
sv4pt5-72,sv4pt5,PAF,72,Oinkologne,Pokémon,Stage 1,G,130,Colorless,Lechonk,Uncommon,a3a0728410fd
sv4pt5-73,sv4pt5,PAF,73,Tandemaus,Pokémon,Basic,G,30,Colorless,,Common,505697c54c99
sv4pt5-74,sv4pt5,PAF,74,Maushold,Pokémon,Stage 1,G,70,Colorless,Tandemaus,Uncommon,4ce4f50044d6
sv4pt5-75,sv4pt5,PAF,75,Squawkabilly ex,Pokémon,Basic|ex,G,160,Colorless,,Double Rare,322b748754da
sv4pt5-76,sv4pt5,PAF,76,Artazon,Trainer,Stadium,G,,,,Uncommon,be1dbe52ff6d
sv4pt5-77,sv4pt5,PAF,77,Atticus,Trainer,Supporter,G,,,,Uncommon,9221203702c0
sv4pt5-78,sv4pt5,PAF,78,Clive,Trainer,Supporter,G,,,,Uncommon,ed5e7f5c77a3
sv4pt5-79,sv4pt5,PAF,79,Electric Generator,Trainer,Item,G,,,,Uncommon,46315569d5a0
sv4pt5-80,sv4pt5,PAF,80,Iono,Trainer,Supporter,G,,,,Uncommon,af9695dcd3a2
sv4pt5-81,sv4pt5,PAF,81,Moonlit Hill,Trainer,Stadium,G,,,,Uncommon,2e6c92c21840
sv4pt5-82,sv4pt5,PAF,82,Nemona,Trainer,Supporter,G,,,,Common,19f1f4cf1875
sv4pt5-83,sv4pt5,PAF,83,Nemona's Backpack,Trainer,Item,G,,,,Uncommon,5e63eec36b15
sv4pt5-84,sv4pt5,PAF,84,Nest Ball,Trainer,Item,G,,,,Uncommon,ba69b80b51eb
sv4pt5-85,sv4pt5,PAF,85,Paldean Student,Trainer,Supporter,G,,,,Common,f35b7f7a1105
sv4pt5-86,sv4pt5,PAF,86,Paldean Student,Trainer,Supporter,G,,,,Common,f35b7f7a1105
sv4pt5-87,sv4pt5,PAF,87,Professor's Research,Trainer,Supporter,G,,,,Rare,db87e6b780a9
sv4pt5-88,sv4pt5,PAF,88,Professor's Research,Trainer,Supporter,G,,,,Rare,db87e6b780a9
sv4pt5-89,sv4pt5,PAF,89,Rare Candy,Trainer,Item,G,,,,Common,9857fbd6f8d3
sv4pt5-90,sv4pt5,PAF,90,Technical Machine: Crisis Punch,Trainer,Pokémon Tool,G,,,,Uncommon,9237e6ee3523
sv4pt5-91,sv4pt5,PAF,91,Ultra Ball,Trainer,Item,G,,,,Uncommon,56da2bd5e1cc
sv4pt5-92,sv4pt5,PAF,92,Oddish,Pokémon,Basic,G,60,Grass,,Shiny Rare,bbc59bae86b9
sv4pt5-93,sv4pt5,PAF,93,Gloom,Pokémon,Stage 1,G,70,Grass,Oddish,Shiny Rare,a0686abf42e5
sv4pt5-94,sv4pt5,PAF,94,Vileplume,Pokémon,Stage 2,G,140,Grass,Gloom,Shiny Rare,f03e6def02b9
sv4pt5-95,sv4pt5,PAF,95,Scyther,Pokémon,Basic,G,80,Grass,,Shiny Rare,ab3bbcd80eae
sv4pt5-96,sv4pt5,PAF,96,Hoppip,Pokémon,Basic,G,50,Grass,,Shiny Rare,cf8a30e396eb
sv4pt5-97,sv4pt5,PAF,97,Skiploom,Pokémon,Stage 1,G,70,Grass,Hoppip,Shiny Rare,280bbd171beb
sv4pt5-98,sv4pt5,PAF,98,Jumpluff,Pokémon,Stage 2,G,90,Grass,Skiploom,Shiny Rare,5f95ce7ad1c5
sv4pt5-99,sv4pt5,PAF,99,Pineco,Pokémon,Basic,G,70,Grass,,Shiny Rare,229e31810508
sv4pt5-100,sv4pt5,PAF,100,Snover,Pokémon,Basic,G,90,Grass,,Shiny Rare,65a5dc548975
sv4pt5-101,sv4pt5,PAF,101,Abomasnow,Pokémon,Stage 1,G,150,Grass,Snover,Shiny Rare,12e6da694158
sv4pt5-102,sv4pt5,PAF,102,Smoliv,Pokémon,Basic,G,60,Grass,,Shiny Rare,2a26cdfce282
sv4pt5-103,sv4pt5,PAF,103,Dolliv,Pokémon,Stage 1,G,90,Grass,Smoliv,Shiny Rare,e3b4046a0dbe
sv4pt5-104,sv4pt5,PAF,104,Arboliva,Pokémon,Stage 2,G,150,Grass,Dolliv,Shiny Rare,fd753f39520c
sv4pt5-105,sv4pt5,PAF,105,Toedscool,Pokémon,Basic,G,50,Grass,,Shiny Rare,45977bc6590b
sv4pt5-106,sv4pt5,PAF,106,Capsakid,Pokémon,Basic,G,70,Grass,,Shiny Rare,f3c48f038eff
sv4pt5-107,sv4pt5,PAF,107,Scovillain,Pokémon,Stage 1,G,110,Grass,Capsakid,Shiny Rare,690c719ed850
sv4pt5-108,sv4pt5,PAF,108,Rellor,Pokémon,Basic,G,50,Grass,,Shiny Rare,2c6c8339aea6
sv4pt5-109,sv4pt5,PAF,109,Charmander,Pokémon,Basic,G,70,Fire,,Shiny Rare,54cde245b827
sv4pt5-110,sv4pt5,PAF,110,Charmeleon,Pokémon,Stage 1,G,90,Fire,Charmander,Shiny Rare,87f17f4fc4ed
sv4pt5-111,sv4pt5,PAF,111,Paldean Tauros,Pokémon,Basic,G,130,Fire,,Shiny Rare,4d93705bcc24
sv4pt5-112,sv4pt5,PAF,112,Entei,Pokémon,Basic,G,130,Fire,,Shiny Rare,eca798de6211
sv4pt5-113,sv4pt5,PAF,113,Oricorio,Pokémon,Basic,G,90,Fire,,Shiny Rare,7c76e5231bc0
sv4pt5-114,sv4pt5,PAF,114,Charcadet,Pokémon,Basic,G,70,Fire,,Shiny Rare,fdc5b1773f74
sv4pt5-115,sv4pt5,PAF,115,Armarouge,Pokémon,Stage 1,G,130,Fire,Charcadet,Shiny Rare,3f6017ea8359
sv4pt5-116,sv4pt5,PAF,116,Slowpoke,Pokémon,Basic,G,70,Water,,Shiny Rare,7b79d283db3f
sv4pt5-117,sv4pt5,PAF,117,Slowbro,Pokémon,Stage 1,G,100,Water,Slowpoke,Shiny Rare,36b2be10db3f
sv4pt5-118,sv4pt5,PAF,118,Staryu,Pokémon,Basic,G,60,Water,,Shiny Rare,4db368ad2a68
sv4pt5-119,sv4pt5,PAF,119,Starmie,Pokémon,Stage 1,G,90,Water,Staryu,Shiny Rare,bf6e9d1a1e56
sv4pt5-120,sv4pt5,PAF,120,Paldean Tauros,Pokémon,Basic,G,130,Water,,Shiny Rare,5fbe489826f7
sv4pt5-121,sv4pt5,PAF,121,Wiglett,Pokémon,Basic,G,50,Water,,Shiny Rare,ec87b618c310
sv4pt5-122,sv4pt5,PAF,122,Wugtrio,Pokémon,Stage 1,G,90,Water,Wiglett,Shiny Rare,5caa4e1859af
sv4pt5-123,sv4pt5,PAF,123,Finizen,Pokémon,Basic,G,50,Water,,Shiny Rare,5a62d31d0e14
sv4pt5-124,sv4pt5,PAF,124,Palafin,Pokémon,Stage 1,G,150,Water,Finizen,Shiny Rare,fb84d8811529
sv4pt5-125,sv4pt5,PAF,125,Veluza,Pokémon,Basic,G,130,Water,,Shiny Rare,5d505e9cf36e
sv4pt5-126,sv4pt5,PAF,126,Dondozo,Pokémon,Basic,G,160,Water,,Shiny Rare,81009deb4a64
sv4pt5-127,sv4pt5,PAF,127,Tatsugiri,Pokémon,Basic,G,70,Water,,Shiny Rare,ea88ab19dddc
sv4pt5-128,sv4pt5,PAF,128,Frigibax,Pokémon,Basic,G,70,Water,,Shiny Rare,2589e277511d
sv4pt5-129,sv4pt5,PAF,129,Arctibax,Pokémon,Stage 1,G,90,Water,Frigibax,Shiny Rare,b02a73cb38df
sv4pt5-130,sv4pt5,PAF,130,Baxcalibur,Pokémon,Stage 2,G,160,Water,Arctibax,Shiny Rare,7095ca9075d0
sv4pt5-131,sv4pt5,PAF,131,Pikachu,Pokémon,Basic,G,70,Lightning,,Shiny Rare,96921b2839af
sv4pt5-132,sv4pt5,PAF,132,Raichu,Pokémon,Stage 1,G,120,Lightning,Pikachu,Shiny Rare,f7c33b0e18ae
sv4pt5-133,sv4pt5,PAF,133,Voltorb,Pokémon,Basic,G,60,Lightning,,Shiny Rare,eb1483e7cd97
sv4pt5-134,sv4pt5,PAF,134,Electrode,Pokémon,Stage 1,G,90,Lightning,Voltorb,Shiny Rare,4222eba066ce
sv4pt5-135,sv4pt5,PAF,135,Shinx,Pokémon,Basic,G,70,Lightning,,Shiny Rare,6e468fc63c86
sv4pt5-136,sv4pt5,PAF,136,Luxio,Pokémon,Stage 1,G,90,Lightning,Shinx,Shiny Rare,4127e2348893
sv4pt5-137,sv4pt5,PAF,137,Luxray,Pokémon,Stage 2,G,150,Lightning,Luxio,Shiny Rare,4bd79ff609ed
sv4pt5-138,sv4pt5,PAF,138,Pachirisu,Pokémon,Basic,G,70,Lightning,,Shiny Rare,50e025398178
sv4pt5-139,sv4pt5,PAF,139,Thundurus,Pokémon,Basic,G,110,Lightning,,Shiny Rare,c555d902271b
sv4pt5-140,sv4pt5,PAF,140,Toxel,Pokémon,Basic,G,70,Lightning,,Shiny Rare,01c4d9c436e1
sv4pt5-141,sv4pt5,PAF,141,Toxtricity,Pokémon,Stage 1,G,140,Lightning,Toxel,Shiny Rare,d2c14a763dfd
sv4pt5-142,sv4pt5,PAF,142,Pawmi,Pokémon,Basic,G,60,Lightning,,Shiny Rare,49d653abf830
sv4pt5-143,sv4pt5,PAF,143,Pawmo,Pokémon,Stage 1,G,90,Lightning,Pawmi,Shiny Rare,bcd02179d566
sv4pt5-144,sv4pt5,PAF,144,Pawmot,Pokémon,Stage 2,G,130,Lightning,Pawmo,Shiny Rare,28368e2af856
sv4pt5-145,sv4pt5,PAF,145,Wattrel,Pokémon,Basic,G,60,Lightning,,Shiny Rare,726d12cb7e94
sv4pt5-146,sv4pt5,PAF,146,Kilowattrel,Pokémon,Stage 1,G,120,Lightning,Wattrel,Shiny Rare,1523a27b1bc2
sv4pt5-147,sv4pt5,PAF,147,Wigglytuff,Pokémon,Stage 1,G,110,Psychic,Jigglypuff,Shiny Rare,d4bcc443b328
sv4pt5-148,sv4pt5,PAF,148,Abra,Pokémon,Basic,G,50,Psychic,,Shiny Rare,a8b83585047d
sv4pt5-149,sv4pt5,PAF,149,Kadabra,Pokémon,Stage 1,G,80,Psychic,Abra,Shiny Rare,5e4ba1f4bcb4
sv4pt5-150,sv4pt5,PAF,150,Cleffa,Pokémon,Basic,G,30,Psychic,,Shiny Rare,04dc7ae2a201
sv4pt5-151,sv4pt5,PAF,151,Natu,Pokémon,Basic,G,50,Psychic,,Shiny Rare,33ee9ce9cdb8
sv4pt5-152,sv4pt5,PAF,152,Xatu,Pokémon,Stage 1,G,100,Psychic,Natu,Shiny Rare,22f483f797fa
sv4pt5-153,sv4pt5,PAF,153,Ralts,Pokémon,Basic,G,70,Psychic,,Shiny Rare,4bdc037956b7
sv4pt5-154,sv4pt5,PAF,154,Kirlia,Pokémon,Stage 1,G,90,Psychic,Ralts,Shiny Rare,119b8c19227a
sv4pt5-155,sv4pt5,PAF,155,Drifloon,Pokémon,Basic,G,70,Psychic,,Shiny Rare,f05499815e56
sv4pt5-156,sv4pt5,PAF,156,Drifblim,Pokémon,Stage 1,G,110,Psychic,Drifloon,Shiny Rare,df03a2b0bfa2
sv4pt5-157,sv4pt5,PAF,157,Mime Jr.,Pokémon,Basic,G,30,Psychic,,Shiny Rare,056f66410727
sv4pt5-158,sv4pt5,PAF,158,Spiritomb,Pokémon,Basic,G,60,Psychic,,Shiny Rare,cc732e92b63f
sv4pt5-159,sv4pt5,PAF,159,Klefki,Pokémon,Basic,G,70,Psychic,,Shiny Rare,b667f96855d8
sv4pt5-160,sv4pt5,PAF,160,Mimikyu,Pokémon,Basic,G,70,Psychic,,Shiny Rare,83ed3f436236
sv4pt5-161,sv4pt5,PAF,161,Dachsbun,Pokémon,Stage 1,G,90,Psychic,Fidough,Shiny Rare,958fcb70ce98
sv4pt5-162,sv4pt5,PAF,162,Ceruledge,Pokémon,Stage 1,G,140,Psychic,Charcadet,Shiny Rare,c40278d555a6
sv4pt5-163,sv4pt5,PAF,163,Rabsca,Pokémon,Stage 1,G,70,Psychic,Rellor,Shiny Rare,585980021dc8
sv4pt5-164,sv4pt5,PAF,164,Flittle,Pokémon,Basic,G,30,Psychic,,Shiny Rare,a6db68e32928
sv4pt5-165,sv4pt5,PAF,165,Tinkatink,Pokémon,Basic,G,60,Psychic,,Shiny Rare,26b6c1047e22
sv4pt5-166,sv4pt5,PAF,166,Tinkatuff,Pokémon,Stage 1,G,90,Psychic,Tinkatink,Shiny Rare,58eac3ba1288
sv4pt5-167,sv4pt5,PAF,167,Tinkaton,Pokémon,Stage 2,G,140,Psychic,Tinkatuff,Shiny Rare,ffb99837158c
sv4pt5-168,sv4pt5,PAF,168,Houndstone,Pokémon,Stage 1,G,140,Psychic,Greavard,Shiny Rare,850cf8e5da72
sv4pt5-169,sv4pt5,PAF,169,Mankey,Pokémon,Basic,G,60,Fighting,,Shiny Rare,cd9147f3bab9
sv4pt5-170,sv4pt5,PAF,170,Primeape,Pokémon,Stage 1,G,90,Fighting,Mankey,Shiny Rare,5bcad6775a52
sv4pt5-171,sv4pt5,PAF,171,Annihilape,Pokémon,Stage 2,G,140,Fighting,Primeape,Shiny Rare,bc85f87b6299
sv4pt5-172,sv4pt5,PAF,172,Paldean Tauros,Pokémon,Basic,G,130,Fighting,,Shiny Rare,d69eae5dcece
sv4pt5-173,sv4pt5,PAF,173,Riolu,Pokémon,Basic,G,70,Fighting,,Shiny Rare,74456c9afbdd
sv4pt5-174,sv4pt5,PAF,174,Lucario,Pokémon,Stage 1,G,130,Fighting,Riolu,Shiny Rare,3e20bb84e47e
sv4pt5-175,sv4pt5,PAF,175,Hawlucha,Pokémon,Basic,G,70,Fighting,,Shiny Rare,db6a005aa808
sv4pt5-176,sv4pt5,PAF,176,Nacli,Pokémon,Basic,G,70,Fighting,,Shiny Rare,6f4d0fdcd1a0
sv4pt5-177,sv4pt5,PAF,177,Naclstack,Pokémon,Stage 1,G,100,Fighting,Nacli,Shiny Rare,670a9d98dd65
sv4pt5-178,sv4pt5,PAF,178,Garganacl,Pokémon,Stage 2,G,180,Fighting,Naclstack,Shiny Rare,78fc009d0661
sv4pt5-179,sv4pt5,PAF,179,Glimmet,Pokémon,Basic,G,40,Fighting,,Shiny Rare,7a9d695d7a67
sv4pt5-180,sv4pt5,PAF,180,Paldean Wooper,Pokémon,Basic,G,60,Darkness,,Shiny Rare,c70d43170d3e
sv4pt5-181,sv4pt5,PAF,181,Murkrow,Pokémon,Basic,G,60,Darkness,,Shiny Rare,91c0581472ba
sv4pt5-182,sv4pt5,PAF,182,Sneasel,Pokémon,Basic,G,70,Darkness,,Shiny Rare,1678383f2bd6
sv4pt5-183,sv4pt5,PAF,183,Weavile,Pokémon,Stage 1,G,110,Darkness,Sneasel,Shiny Rare,dd96819aee1a
sv4pt5-184,sv4pt5,PAF,184,Sableye,Pokémon,Basic,G,70,Darkness,,Shiny Rare,076f394c480f
sv4pt5-185,sv4pt5,PAF,185,Pawniard,Pokémon,Basic,G,70,Darkness,,Shiny Rare,aea6e116594c
sv4pt5-186,sv4pt5,PAF,186,Bisharp,Pokémon,Stage 1,G,120,Darkness,Pawniard,Shiny Rare,08737aae8ff8
sv4pt5-187,sv4pt5,PAF,187,Kingambit,Pokémon,Stage 2,G,170,Darkness,Bisharp,Shiny Rare,80338f873d33
sv4pt5-188,sv4pt5,PAF,188,Mabosstiff,Pokémon,Stage 1,G,130,Darkness,Maschiff,Shiny Rare,72ecf0a99051
sv4pt5-189,sv4pt5,PAF,189,Shroodle,Pokémon,Basic,G,50,Darkness,,Shiny Rare,f23bf012adc5
sv4pt5-190,sv4pt5,PAF,190,Grafaiai,Pokémon,Stage 1,G,90,Darkness,Shroodle,Shiny Rare,70a8a4a028c3
sv4pt5-191,sv4pt5,PAF,191,Scizor,Pokémon,Stage 1,G,140,Metal,Scyther,Shiny Rare,69a032637198
sv4pt5-192,sv4pt5,PAF,192,Varoom,Pokémon,Basic,G,60,Metal,,Shiny Rare,981a750ab3df
sv4pt5-193,sv4pt5,PAF,193,Revavroom,Pokémon,Stage 1,G,140,Metal,Varoom,Shiny Rare,339a96215c9f
sv4pt5-194,sv4pt5,PAF,194,Noibat,Pokémon,Basic,G,70,Dragon,,Shiny Rare,116b99d9a1ff
sv4pt5-195,sv4pt5,PAF,195,Cyclizar,Pokémon,Basic,G,120,Dragon,,Shiny Rare,34e501e7aef4
sv4pt5-196,sv4pt5,PAF,196,Pidgey,Pokémon,Basic,G,50,Colorless,,Shiny Rare,2ea98681429d
sv4pt5-197,sv4pt5,PAF,197,Pidgeotto,Pokémon,Stage 1,G,80,Colorless,Pidgey,Shiny Rare,44ecd89e0723
sv4pt5-198,sv4pt5,PAF,198,Jigglypuff,Pokémon,Basic,G,70,Colorless,,Shiny Rare,7bec17b842b7
sv4pt5-199,sv4pt5,PAF,199,Doduo,Pokémon,Basic,G,70,Colorless,,Shiny Rare,94007e9a329b
sv4pt5-200,sv4pt5,PAF,200,Dodrio,Pokémon,Stage 1,G,100,Colorless,Doduo,Shiny Rare,be6b2334bb38
sv4pt5-201,sv4pt5,PAF,201,Ditto,Pokémon,Basic,G,60,Colorless,,Shiny Rare,1e3b6a48043c
sv4pt5-202,sv4pt5,PAF,202,Snorlax,Pokémon,Basic,G,150,Colorless,,Shiny Rare,3a6d00b79033
sv4pt5-203,sv4pt5,PAF,203,Wingull,Pokémon,Basic,G,70,Colorless,,Shiny Rare,ccedb40c6129
sv4pt5-204,sv4pt5,PAF,204,Pelipper,Pokémon,Stage 1,G,120,Colorless,Wingull,Shiny Rare,7f8a53eaa6e1
sv4pt5-205,sv4pt5,PAF,205,Skwovet,Pokémon,Basic,G,60,Colorless,,Shiny Rare,d6c1051a3558
sv4pt5-206,sv4pt5,PAF,206,Greedent,Pokémon,Stage 1,G,120,Colorless,Skwovet,Shiny Rare,7f82bfe8561e
sv4pt5-207,sv4pt5,PAF,207,Lechonk,Pokémon,Basic,G,70,Colorless,,Shiny Rare,3a8bc6bdc976
sv4pt5-208,sv4pt5,PAF,208,Oinkologne,Pokémon,Stage 1,G,130,Colorless,Lechonk,Shiny Rare,a3a0728410fd
sv4pt5-209,sv4pt5,PAF,209,Tandemaus,Pokémon,Basic,G,30,Colorless,,Shiny Rare,505697c54c99
sv4pt5-210,sv4pt5,PAF,210,Maushold,Pokémon,Stage 1,G,70,Colorless,Tandemaus,Shiny Rare,4ce4f50044d6
sv4pt5-211,sv4pt5,PAF,211,Flamigo,Pokémon,Basic,G,110,Colorless,,Shiny Rare,0acac40aa5e9
sv4pt5-212,sv4pt5,PAF,212,Forretress ex,Pokémon,Stage 1|Tera|ex,G,270,Grass,Pineco,Shiny Ultra Rare,3afefa03a770
sv4pt5-213,sv4pt5,PAF,213,Toedscruel ex,Pokémon,Stage 1|ex,G,270,Grass,Toedscool,Shiny Ultra Rare,55c6f9ba873b
sv4pt5-214,sv4pt5,PAF,214,Espathra ex,Pokémon,Stage 1|Tera|ex,G,260,Grass,Flittle,Shiny Ultra Rare,57072e435686
sv4pt5-215,sv4pt5,PAF,215,Alakazam ex,Pokémon,Stage 2|ex,G,310,Psychic,Kadabra,Shiny Ultra Rare,25a571fcba2a
sv4pt5-216,sv4pt5,PAF,216,Mew ex,Pokémon,Basic|ex,G,180,Psychic,,Shiny Ultra Rare,351431615890
sv4pt5-217,sv4pt5,PAF,217,Gardevoir ex,Pokémon,Stage 2|ex,G,310,Psychic,Kirlia,Shiny Ultra Rare,ac0442726e2e
sv4pt5-218,sv4pt5,PAF,218,Glimmora ex,Pokémon,Stage 1|ex,G,270,Fighting,Glimmet,Shiny Ultra Rare,156b17bf6a7f
sv4pt5-219,sv4pt5,PAF,219,Paldean Clodsire ex,Pokémon,Stage 1|ex,G,280,Darkness,Paldean Wooper,Shiny Ultra Rare,4ad5fb0dfc2a
sv4pt5-220,sv4pt5,PAF,220,Noivern ex,Pokémon,Stage 1|ex,G,260,Dragon,Noibat,Shiny Ultra Rare,894fa38e4084
sv4pt5-221,sv4pt5,PAF,221,Pidgeot ex,Pokémon,Stage 2|ex,G,280,Colorless,Pidgeotto,Shiny Ultra Rare,54bce34b4734
sv4pt5-222,sv4pt5,PAF,222,Wigglytuff ex,Pokémon,Stage 1|ex,G,250,Colorless,Jigglypuff,Shiny Ultra Rare,ecc35e6e50d3
sv4pt5-223,sv4pt5,PAF,223,Squawkabilly ex,Pokémon,Basic|ex,G,160,Colorless,,Shiny Ultra Rare,322b748754da
sv4pt5-224,sv4pt5,PAF,224,Wugtrio,Pokémon,Stage 1,G,90,Water,Wiglett,Illustration Rare,5caa4e1859af
sv4pt5-225,sv4pt5,PAF,225,Palafin,Pokémon,Stage 1,G,150,Water,Finizen,Illustration Rare,fb84d8811529
sv4pt5-226,sv4pt5,PAF,226,Pawmi,Pokémon,Basic,G,60,Lightning,,Illustration Rare,49d653abf830
sv4pt5-227,sv4pt5,PAF,227,Clive,Trainer,Supporter,G,,,,Ultra Rare,ed5e7f5c77a3
sv4pt5-228,sv4pt5,PAF,228,Judge,Trainer,Supporter,G,,,,Ultra Rare,b1f42a8a89d3
sv4pt5-229,sv4pt5,PAF,229,Nemona,Trainer,Supporter,G,,,,Ultra Rare,19f1f4cf1875
sv4pt5-230,sv4pt5,PAF,230,Paldean Student,Trainer,Supporter,G,,,,Ultra Rare,f35b7f7a1105
sv4pt5-231,sv4pt5,PAF,231,Paldean Student,Trainer,Supporter,G,,,,Ultra Rare,f35b7f7a1105
sv4pt5-232,sv4pt5,PAF,232,Mew ex,Pokémon,Basic|ex,G,180,Psychic,,Special Illustration Rare,351431615890
sv4pt5-233,sv4pt5,PAF,233,Gardevoir ex,Pokémon,Stage 2|ex,G,310,Psychic,Kirlia,Special Illustration Rare,ac0442726e2e
sv4pt5-234,sv4pt5,PAF,234,Charizard ex,Pokémon,Stage 2|Tera|ex,G,330,Darkness,Charmeleon,Special Illustration Rare,6d7fc30e9fba
sv4pt5-235,sv4pt5,PAF,235,Arven,Trainer,Supporter,G,,,,Special Illustration Rare,40737e0b2027
sv4pt5-236,sv4pt5,PAF,236,Clive,Trainer,Supporter,G,,,,Special Illustration Rare,ed5e7f5c77a3
sv4pt5-237,sv4pt5,PAF,237,Iono,Trainer,Supporter,G,,,,Special Illustration Rare,af9695dcd3a2
sv4pt5-238,sv4pt5,PAF,238,Nemona,Trainer,Supporter,G,,,,Special Illustration Rare,19f1f4cf1875
sv4pt5-239,sv4pt5,PAF,239,Penny,Trainer,Supporter,G,,,,Special Illustration Rare,72dd623070eb
sv4pt5-240,sv4pt5,PAF,240,Wo-Chien ex,Pokémon,Basic|ex,G,230,Grass,,Hyper Rare,8033c45b329d
sv4pt5-241,sv4pt5,PAF,241,Chi-Yu ex,Pokémon,Basic|ex,G,190,Fire,,Hyper Rare,dbedc65769f7
sv4pt5-242,sv4pt5,PAF,242,Chien-Pao ex,Pokémon,Basic|ex,G,220,Water,,Hyper Rare,ee96253b171d
sv4pt5-243,sv4pt5,PAF,243,Miraidon ex,Pokémon,Basic|ex,G,220,Lightning,,Hyper Rare,4622ab51a6cd
sv4pt5-244,sv4pt5,PAF,244,Ting-Lu ex,Pokémon,Basic|ex,G,240,Fighting,,Hyper Rare,a99cadc40377
sv4pt5-245,sv4pt5,PAF,245,Koraidon ex,Pokémon,Basic|ex,G,230,Fighting,,Hyper Rare,dc4101540286
sv5-1,sv5,TEF,1,Scyther,Pokémon,Basic,H,90,Grass,,Common,1a93045ae17b
sv5-2,sv5,TEF,2,Pineco,Pokémon,Basic,H,70,Grass,,Common,8071c1f7f84c
sv5-3,sv5,TEF,3,Seedot,Pokémon,Basic,H,60,Grass,,Common,2d6290644f90
sv5-4,sv5,TEF,4,Nuzleaf,Pokémon,Stage 1,H,90,Grass,Seedot,Common,73596ecab0b4
sv5-5,sv5,TEF,5,Shiftry,Pokémon,Stage 2,H,150,Grass,Nuzleaf,Uncommon,554fde6b81f4
sv5-6,sv5,TEF,6,Shroomish,Pokémon,Basic,H,60,Grass,,Common,6a7f9b544a56
sv5-7,sv5,TEF,7,Breloom,Pokémon,Stage 1,H,120,Grass,Shroomish,Common,78a6651944ca
sv5-8,sv5,TEF,8,Roselia,Pokémon,Basic,H,60,Grass,,Common,16dc22a44a53
sv5-9,sv5,TEF,9,Roserade,Pokémon,Stage 1,H,130,Grass,Roselia,Uncommon,689d1e890084
sv5-10,sv5,TEF,10,Turtwig,Pokémon,Basic,H,80,Grass,,Common,6fc7f5c2f717
sv5-11,sv5,TEF,11,Grotle,Pokémon,Stage 1,H,120,Grass,Turtwig,Common,ba7a6c3656d8
sv5-12,sv5,TEF,12,Torterra ex,Pokémon,Stage 2|ex,H,340,Grass,Grotle,Double Rare,f00661382072
sv5-13,sv5,TEF,13,Shaymin,Pokémon,Basic,H,70,Grass,,Uncommon,4918333e757f
sv5-14,sv5,TEF,14,Cottonee,Pokémon,Basic,H,60,Grass,,Common,642b751c95cc
sv5-15,sv5,TEF,15,Whimsicott,Pokémon,Stage 1,H,100,Grass,Cottonee,Rare,6a94550b5339
sv5-16,sv5,TEF,16,Deerling,Pokémon,Basic,H,70,Grass,,Common,f3aaba9ba57f
sv5-17,sv5,TEF,17,Sawsbuck,Pokémon,Stage 1,H,130,Grass,Deerling,Uncommon,0b634c62081e
sv5-18,sv5,TEF,18,Grubbin,Pokémon,Basic,H,70,Grass,,Common,9fba6c71e4d4
sv5-19,sv5,TEF,19,Dhelmise,Pokémon,Basic,H,130,Grass,,Uncommon,ea03f71a2471
sv5-20,sv5,TEF,20,Bramblin,Pokémon,Basic,H,50,Grass,,Common,dfd1891180ed
sv5-21,sv5,TEF,21,Brambleghast,Pokémon,Stage 1,H,100,Grass,Bramblin,Rare,911327456c6f
sv5-22,sv5,TEF,22,Scovillain ex,Pokémon,Stage 1|ex,H,260,Grass,Capsakid,Double Rare,ae44ed6d5a2d
sv5-23,sv5,TEF,23,Rellor,Pokémon,Basic,H,50,Grass,,Common,29f8c9419fda
sv5-24,sv5,TEF,24,Rabsca,Pokémon,Stage 1,H,70,Grass,Rellor,Uncommon,816a407c5c81
sv5-25,sv5,TEF,25,Iron Leaves ex,Pokémon,Basic|ex|Future,H,220,Grass,,Double Rare,078a17390df1
sv5-26,sv5,TEF,26,Ponyta,Pokémon,Basic,H,70,Fire,,Common,020393b15937
sv5-27,sv5,TEF,27,Rapidash,Pokémon,Stage 1,H,110,Fire,Ponyta,Uncommon,5111a66f623b
sv5-28,sv5,TEF,28,Slugma,Pokémon,Basic,H,80,Fire,,Common,e3202775818c
sv5-29,sv5,TEF,29,Magcargo,Pokémon,Stage 1,H,120,Fire,Slugma,Rare,5a05fe95af42
sv5-30,sv5,TEF,30,Victini,Pokémon,Basic,H,80,Fire,,Common,8fe8ba0c02b6
sv5-31,sv5,TEF,31,Heatmor,Pokémon,Basic,H,110,Fire,,Common,053a04fec044
sv5-32,sv5,TEF,32,Litten,Pokémon,Basic,H,70,Fire,,Common,60650c83fd23
sv5-33,sv5,TEF,33,Torracat,Pokémon,Stage 1,H,100,Fire,Litten,Common,4f27a64a3bac
sv5-34,sv5,TEF,34,Incineroar ex,Pokémon,Stage 2|ex,H,320,Fire,Torracat,Double Rare,183bc1b4838e
sv5-35,sv5,TEF,35,Turtonator,Pokémon,Basic,H,120,Fire,,Common,c1d301087de6
sv5-36,sv5,TEF,36,Sizzlipede,Pokémon,Basic,H,80,Fire,,Common,d4e87a10fd9e
sv5-37,sv5,TEF,37,Centiskorch,Pokémon,Stage 1,H,140,Fire,Sizzlipede,Uncommon,39a77c333d7b
sv5-38,sv5,TEF,38,Gouging Fire ex,Pokémon,Basic|ex|Ancient,H,230,Fire,,Double Rare,0db5d4c3705e
sv5-39,sv5,TEF,39,Totodile,Pokémon,Basic,H,70,Water,,Common,9f999108d59e
sv5-40,sv5,TEF,40,Croconaw,Pokémon,Stage 1,H,90,Water,Totodile,Common,73932e8e59c3
sv5-41,sv5,TEF,41,Feraligatr,Pokémon,Stage 2,H,180,Water,Croconaw,Rare,d3779eec1f7a
sv5-42,sv5,TEF,42,Carvanha,Pokémon,Basic,H,50,Water,,Common,b93322a456cf
sv5-43,sv5,TEF,43,Sharpedo,Pokémon,Stage 1,H,120,Water,Carvanha,Uncommon,b549d5fcaf7a
sv5-44,sv5,TEF,44,Keldeo,Pokémon,Basic,H,110,Water,,Uncommon,722ffdfef1d9
sv5-45,sv5,TEF,45,Snom,Pokémon,Basic,H,50,Water,,Common,f3e27e19fa58
sv5-46,sv5,TEF,46,Frosmoth,Pokémon,Stage 1,H,110,Water,Snom,Common,c57f8ac6bf13
sv5-47,sv5,TEF,47,Wiglett,Pokémon,Basic,H,60,Water,,Common,efad6258165a
sv5-48,sv5,TEF,48,Finizen,Pokémon,Basic,H,80,Water,,Common,d9be4549b08b
sv5-49,sv5,TEF,49,Palafin,Pokémon,Stage 1,H,150,Water,Finizen,Uncommon,e03f93f495d6
sv5-50,sv5,TEF,50,Walking Wake ex,Pokémon,Basic|ex|Ancient,H,220,Water,,Double Rare,252107c123fc
sv5-51,sv5,TEF,51,Pikachu,Pokémon,Basic,H,70,Lightning,,Common,85f291a48d15
sv5-52,sv5,TEF,52,Raichu,Pokémon,Stage 1,H,130,Lightning,Pikachu,Common,ca7fd43340aa
sv5-53,sv5,TEF,53,Electabuzz,Pokémon,Basic,H,90,Lightning,,Common,cf3dca85684b
sv5-54,sv5,TEF,54,Electivire,Pokémon,Stage 1,H,140,Lightning,Electabuzz,Uncommon,2914fd089139
sv5-55,sv5,TEF,55,Charjabug,Pokémon,Stage 1,H,100,Lightning,Grubbin,Common,ac6ea128909f
sv5-56,sv5,TEF,56,Vikavolt,Pokémon,Stage 2,H,160,Lightning,Charjabug,Uncommon,f050e0c36c27
sv5-57,sv5,TEF,57,Zeraora,Pokémon,Basic,H,120,Lightning,,Uncommon,a3db35f733e7
sv5-58,sv5,TEF,58,Yamper,Pokémon,Basic,H,70,Lightning,,Common,7942b4324698
sv5-59,sv5,TEF,59,Boltund,Pokémon,Stage 1,H,120,Lightning,Yamper,Uncommon,520671d5ef4f
sv5-60,sv5,TEF,60,Wugtrio ex,Pokémon,Stage 1|Tera|ex,H,250,Lightning,Wiglett,Double Rare,12047985596e
sv5-61,sv5,TEF,61,Iron Hands,Pokémon,Basic|Future,H,140,Lightning,,Uncommon,570ccbd55855
sv5-62,sv5,TEF,62,Iron Thorns,Pokémon,Basic|Future,H,140,Lightning,,Rare,2ecd7c9eb20a
sv5-63,sv5,TEF,63,Mr. Mime,Pokémon,Basic,H,90,Psychic,,Common,c6f57054e4ec
sv5-64,sv5,TEF,64,Marill,Pokémon,Basic,H,70,Psychic,,Common,31191e32be29
sv5-65,sv5,TEF,65,Azumarill,Pokémon,Stage 1,H,130,Psychic,Marill,Common,532a2f6e538d
sv5-66,sv5,TEF,66,Girafarig,Pokémon,Basic,H,90,Psychic,,Common,eccdbab532bc
sv5-67,sv5,TEF,67,Latias,Pokémon,Basic,H,110,Psychic,,Uncommon,39cbfd515926
sv5-68,sv5,TEF,68,Bronzor,Pokémon,Basic,H,80,Psychic,,Common,c49ba5ebf555
sv5-69,sv5,TEF,69,Bronzong,Pokémon,Stage 1,H,110,Psychic,Bronzor,Uncommon,0c5a61cd5a2b
sv5-70,sv5,TEF,70,Solosis,Pokémon,Basic,H,40,Psychic,,Common,eefdb340598e
sv5-71,sv5,TEF,71,Duosion,Pokémon,Stage 1,H,80,Psychic,Solosis,Common,616d5fd68da6
sv5-72,sv5,TEF,72,Reuniclus,Pokémon,Stage 2,H,120,Psychic,Duosion,Uncommon,4b099929fef5
sv5-73,sv5,TEF,73,Elgyem,Pokémon,Basic,H,60,Psychic,,Common,3db2139bccae
sv5-74,sv5,TEF,74,Beheeyem,Pokémon,Stage 1,H,100,Psychic,Elgyem,Uncommon,6e5fb051e7dd
sv5-75,sv5,TEF,75,Cutiefly,Pokémon,Basic,H,30,Psychic,,Common,496e73f11af5
sv5-76,sv5,TEF,76,Ribombee,Pokémon,Stage 1,H,70,Psychic,Cutiefly,Uncommon,6beb78b78040
sv5-77,sv5,TEF,77,Scream Tail,Pokémon,Basic|Ancient,H,90,Psychic,,Uncommon,237bc7010902
sv5-78,sv5,TEF,78,Flutter Mane,Pokémon,Basic|Ancient,H,90,Psychic,,Rare,b68d889b36fa
sv5-79,sv5,TEF,79,Iron Valiant,Pokémon,Basic|Future,H,130,Psychic,,Uncommon,532dcdb75884
sv5-80,sv5,TEF,80,Iron Valiant,Pokémon,Basic|Future,H,130,Psychic,,Rare,f5c98f6ffd6c
sv5-81,sv5,TEF,81,Iron Crown ex,Pokémon,Basic|ex|Future,H,220,Psychic,,Double Rare,5e618deab86b
sv5-82,sv5,TEF,82,Meditite,Pokémon,Basic,H,70,Fighting,,Common,6ecf25c82b3e
sv5-83,sv5,TEF,83,Medicham,Pokémon,Stage 1,H,120,Fighting,Meditite,Common,8d2cb4daa1e9
sv5-84,sv5,TEF,84,Relicanth,Pokémon,Basic,H,100,Fighting,,Rare,ac08f6423207
sv5-85,sv5,TEF,85,Drilbur,Pokémon,Basic,H,70,Fighting,,Common,0af36a94b35c
sv5-86,sv5,TEF,86,Excadrill,Pokémon,Stage 1,H,130,Fighting,Drilbur,Uncommon,b66ba55dc8a1
sv5-87,sv5,TEF,87,Golett,Pokémon,Basic,H,90,Fighting,,Common,ca3ac3cc90ea
sv5-88,sv5,TEF,88,Golurk,Pokémon,Stage 1,H,160,Fighting,Golett,Uncommon,4017488726d8
sv5-89,sv5,TEF,89,Rockruff,Pokémon,Basic,H,70,Fighting,,Common,b1e34a63f345
sv5-90,sv5,TEF,90,Lycanroc,Pokémon,Stage 1,H,120,Fighting,Rockruff,Uncommon,3cefbc0dc2a7
sv5-91,sv5,TEF,91,Mudbray,Pokémon,Basic,H,80,Fighting,,Common,78ad74743e06
sv5-92,sv5,TEF,92,Mudsdale,Pokémon,Stage 1,H,150,Fighting,Mudbray,Uncommon,b2cdf5a9c632
sv5-93,sv5,TEF,93,Rolycoly,Pokémon,Basic,H,80,Fighting,,Common,4cb1626be10b
sv5-94,sv5,TEF,94,Carkol,Pokémon,Stage 1,H,110,Fighting,Rolycoly,Common,223450aa510e
sv5-95,sv5,TEF,95,Coalossal,Pokémon,Stage 2,H,180,Fighting,Carkol,Uncommon,7fde0076725a
sv5-96,sv5,TEF,96,Great Tusk,Pokémon,Basic|Ancient,H,140,Fighting,,Uncommon,4f1af8afab02
sv5-97,sv5,TEF,97,Great Tusk,Pokémon,Basic|Ancient,H,140,Fighting,,Uncommon,a5cab3964316
sv5-98,sv5,TEF,98,Sandy Shocks,Pokémon,Basic|Ancient,H,120,Fighting,,Uncommon,913a6f1d0c27
sv5-99,sv5,TEF,99,Iron Boulder ex,Pokémon,Basic|ex|Future,H,240,Fighting,,Double Rare,d0b07cdd37db
sv5-100,sv5,TEF,100,Ekans,Pokémon,Basic,H,60,Darkness,,Common,fa58591706af
sv5-101,sv5,TEF,101,Arbok,Pokémon,Stage 1,H,130,Darkness,Ekans,Common,4683d656c7e6
sv5-102,sv5,TEF,102,Gastly,Pokémon,Basic,H,60,Darkness,,Common,a18bf5644afb
sv5-103,sv5,TEF,103,Haunter,Pokémon,Stage 1,H,90,Darkness,Gastly,Common,5ce631f21602
sv5-104,sv5,TEF,104,Gengar ex,Pokémon,Stage 2|ex,H,310,Darkness,Haunter,Double Rare,12415fbb687e
sv5-105,sv5,TEF,105,Poochyena,Pokémon,Basic,H,70,Darkness,,Common,1d2e18208291
sv5-106,sv5,TEF,106,Mightyena,Pokémon,Stage 1,H,120,Darkness,Poochyena,Common,b53f1ffc6040
sv5-107,sv5,TEF,107,Sableye,Pokémon,Basic,H,70,Darkness,,Uncommon,516e0109e67a
sv5-108,sv5,TEF,108,Farigiraf ex,Pokémon,Stage 1|Tera|ex,H,260,Darkness,Girafarig,Double Rare,cd1adf77c1df
sv5-109,sv5,TEF,109,Roaring Moon,Pokémon,Basic|Ancient,H,140,Darkness,,Rare,c520565ccfa5
sv5-110,sv5,TEF,110,Forretress,Pokémon,Stage 1,H,130,Metal,Pineco,Uncommon,4ee56061bc9a
sv5-111,sv5,TEF,111,Scizor ex,Pokémon,Stage 1|ex,H,270,Metal,Scyther,Double Rare,b1f0cf58e79b
sv5-112,sv5,TEF,112,Mawile,Pokémon,Basic,H,90,Metal,,Common,6999e0b48845
sv5-113,sv5,TEF,113,Beldum,Pokémon,Basic,H,70,Metal,,Common,ea00967d4f7d
sv5-114,sv5,TEF,114,Metang,Pokémon,Stage 1,H,100,Metal,Beldum,Common,5ff02476d570
sv5-115,sv5,TEF,115,Metagross,Pokémon,Stage 2,H,180,Metal,Metang,Uncommon,9ccfb49140fe
sv5-116,sv5,TEF,116,Meltan,Pokémon,Basic,H,80,Metal,,Common,b41af62780e0
sv5-117,sv5,TEF,117,Melmetal,Pokémon,Stage 1,H,160,Metal,Meltan,Rare,0ecd896cbdcd
sv5-118,sv5,TEF,118,Iron Treads,Pokémon,Basic|Future,H,130,Metal,,Uncommon,755f216b816d
sv5-119,sv5,TEF,119,Koraidon,Pokémon,Basic|Ancient,H,140,Dragon,,Rare,41511008bbbe
sv5-120,sv5,TEF,120,Koraidon ex,Pokémon,Basic|ex|Ancient,H,230,Dragon,,Double Rare,d520d333f425
sv5-121,sv5,TEF,121,Miraidon,Pokémon,Basic|Future,H,110,Dragon,,Rare,c5ceb9b3ca45
sv5-122,sv5,TEF,122,Miraidon ex,Pokémon,Basic|ex|Future,H,220,Dragon,,Double Rare,08a098d4e8ea
sv5-123,sv5,TEF,123,Raging Bolt ex,Pokémon,Basic|ex|Ancient,H,240,Dragon,,Double Rare,bbf5d1f1fc05
sv5-124,sv5,TEF,124,Lickitung,Pokémon,Basic,H,100,Colorless,,Common,87d9aa33ac1d
sv5-125,sv5,TEF,125,Lickilicky,Pokémon,Stage 1,H,150,Colorless,Lickitung,Common,1d9d7ad8417f
sv5-126,sv5,TEF,126,Hoothoot,Pokémon,Basic,H,70,Colorless,,Common,63b10eaae0ca
sv5-127,sv5,TEF,127,Noctowl,Pokémon,Stage 1,H,110,Colorless,Hoothoot,Common,ba98239784da
sv5-128,sv5,TEF,128,Dunsparce,Pokémon,Basic,H,60,Colorless,,Common,5af2ca05842e
sv5-129,sv5,TEF,129,Dudunsparce,Pokémon,Stage 1,H,140,Colorless,Dunsparce,Rare,ba9bb9b9e7f7
sv5-130,sv5,TEF,130,Skitty,Pokémon,Basic,H,60,Colorless,,Common,338a42414cdc
sv5-131,sv5,TEF,131,Delcatty,Pokémon,Stage 1,H,110,Colorless,Skitty,Uncommon,43e79da174f5
sv5-132,sv5,TEF,132,Chatot,Pokémon,Basic,H,70,Colorless,,Common,951f419cf592
sv5-133,sv5,TEF,133,Pidove,Pokémon,Basic,H,50,Colorless,,Common,1cca91c54ff3
sv5-134,sv5,TEF,134,Tranquill,Pokémon,Stage 1,H,80,Colorless,Pidove,Common,8b73dfe65b85
sv5-135,sv5,TEF,135,Unfezant,Pokémon,Stage 2,H,150,Colorless,Tranquill,Uncommon,30e3a3feb257
sv5-136,sv5,TEF,136,Minccino,Pokémon,Basic,H,70,Colorless,,Common,2baa074d4fb4
sv5-137,sv5,TEF,137,Cinccino,Pokémon,Stage 1,H,110,Colorless,Minccino,Uncommon,d9a66bc2f380
sv5-138,sv5,TEF,138,Drampa,Pokémon,Basic,H,120,Colorless,,Rare,5d93873ab3f2
sv5-139,sv5,TEF,139,Iron Jugulis,Pokémon,Basic|Future,H,130,Colorless,,Uncommon,d699283054d7
sv5-140,sv5,TEF,140,Ancient Booster Energy Capsule,Trainer,Pokémon Tool|Ancient,H,,,,Uncommon,5de2ce5d0131
sv5-141,sv5,TEF,141,Awakening Drum,Trainer,Item|Ancient|ACE SPEC,H,,,,ACE SPEC Rare,e5c4511e4d4c
sv5-142,sv5,TEF,142,Bianca's Devotion,Trainer,Supporter,H,,,,Uncommon,a621ccaf14e3
sv5-143,sv5,TEF,143,Boxed Order,Trainer,Item,H,,,,Uncommon,f28cbac37277
sv5-144,sv5,TEF,144,Buddy-Buddy Poffin,Trainer,Item,H,,,,Uncommon,4c6a2f9418b8
sv5-145,sv5,TEF,145,Ciphermaniac's Codebreaking,Trainer,Supporter|Future,H,,,,Uncommon,b58371437c56
sv5-146,sv5,TEF,146,Eri,Trainer,Supporter,H,,,,Uncommon,fb080fc35af7
sv5-147,sv5,TEF,147,Explorer's Guidance,Trainer,Supporter|Ancient,H,,,,Uncommon,e8905e8eb21c
sv5-148,sv5,TEF,148,Full Metal Lab,Trainer,Stadium,H,,,,Uncommon,1fbdf08c6283
sv5-149,sv5,TEF,149,Future Booster Energy Capsule,Trainer,Pokémon Tool|Future,H,,,,Uncommon,b52cbfc8cd16
sv5-150,sv5,TEF,150,Hand Trimmer,Trainer,Item,H,,,,Uncommon,fed9ca44abfd
sv5-151,sv5,TEF,151,Heavy Baton,Trainer,Pokémon Tool,H,,,,Uncommon,bfcf571fca16
sv5-152,sv5,TEF,152,Hero's Cape,Trainer,Pokémon Tool|ACE SPEC,H,,,,ACE SPEC Rare,b745ab257fbb
sv5-153,sv5,TEF,153,Master Ball,Trainer,Item|ACE SPEC,H,,,,ACE SPEC Rare,4429539a611e
sv5-154,sv5,TEF,154,Maximum Belt,Trainer,Pokémon Tool|ACE SPEC,H,,,,ACE SPEC Rare,555ee843c102
sv5-155,sv5,TEF,155,Morty's Conviction,Trainer,Supporter,H,,,,Uncommon,290cec167ce0
sv5-156,sv5,TEF,156,Perilous Jungle,Trainer,Stadium,H,,,,Uncommon,a5d7a0871066
sv5-157,sv5,TEF,157,Prime Catcher,Trainer,Item|ACE SPEC,H,,,,ACE SPEC Rare,30f4ac6a9124
sv5-158,sv5,TEF,158,Reboot Pod,Trainer,Item|Future|ACE SPEC,H,,,,ACE SPEC Rare,a2f2da511ce3
sv5-159,sv5,TEF,159,Rescue Board,Trainer,Pokémon Tool,H,,,,Uncommon,dd7dc2510095
sv5-160,sv5,TEF,160,Salvatore,Trainer,Supporter,H,,,,Uncommon,3759cef7e560
sv5-161,sv5,TEF,161,Mist Energy,Energy,Special,H,,,,Uncommon,30fccf4203aa
sv5-162,sv5,TEF,162,Neo Upper Energy,Energy,Special|ACE SPEC,H,,,,ACE SPEC Rare,e1969811dde8
sv5-163,sv5,TEF,163,Shiftry,Pokémon,Stage 2,H,150,Grass,Nuzleaf,Illustration Rare,554fde6b81f4
sv5-164,sv5,TEF,164,Grotle,Pokémon,Stage 1,H,120,Grass,Turtwig,Illustration Rare,ba7a6c3656d8
sv5-165,sv5,TEF,165,Deerling,Pokémon,Basic,H,70,Grass,,Illustration Rare,f3aaba9ba57f
sv5-166,sv5,TEF,166,Sawsbuck,Pokémon,Stage 1,H,130,Grass,Deerling,Illustration Rare,0b634c62081e
sv5-167,sv5,TEF,167,Litten,Pokémon,Basic,H,70,Fire,,Illustration Rare,60650c83fd23
sv5-168,sv5,TEF,168,Snom,Pokémon,Basic,H,50,Water,,Illustration Rare,f3e27e19fa58
sv5-169,sv5,TEF,169,Charjabug,Pokémon,Stage 1,H,100,Lightning,Grubbin,Illustration Rare,ac6ea128909f
sv5-170,sv5,TEF,170,Bronzor,Pokémon,Basic,H,80,Psychic,,Illustration Rare,c49ba5ebf555
sv5-171,sv5,TEF,171,Reuniclus,Pokémon,Stage 2,H,120,Psychic,Duosion,Illustration Rare,4b099929fef5
sv5-172,sv5,TEF,172,Cutiefly,Pokémon,Basic,H,30,Psychic,,Illustration Rare,496e73f11af5
sv5-173,sv5,TEF,173,Relicanth,Pokémon,Basic,H,100,Fighting,,Illustration Rare,ac08f6423207
sv5-174,sv5,TEF,174,Excadrill,Pokémon,Stage 1,H,130,Fighting,Drilbur,Illustration Rare,b66ba55dc8a1
sv5-175,sv5,TEF,175,Mudsdale,Pokémon,Stage 1,H,150,Fighting,Mudbray,Illustration Rare,b2cdf5a9c632
sv5-176,sv5,TEF,176,Arbok,Pokémon,Stage 1,H,130,Darkness,Ekans,Illustration Rare,4683d656c7e6
sv5-177,sv5,TEF,177,Gastly,Pokémon,Basic,H,60,Darkness,,Illustration Rare,a18bf5644afb
sv5-178,sv5,TEF,178,Metagross,Pokémon,Stage 2,H,180,Metal,Metang,Illustration Rare,9ccfb49140fe
sv5-179,sv5,TEF,179,Meltan,Pokémon,Basic,H,80,Metal,,Illustration Rare,b41af62780e0
sv5-180,sv5,TEF,180,Lickitung,Pokémon,Basic,H,100,Colorless,,Illustration Rare,87d9aa33ac1d
sv5-181,sv5,TEF,181,Chatot,Pokémon,Basic,H,70,Colorless,,Illustration Rare,951f419cf592
sv5-182,sv5,TEF,182,Minccino,Pokémon,Basic,H,70,Colorless,,Illustration Rare,2baa074d4fb4
sv5-183,sv5,TEF,183,Cinccino,Pokémon,Stage 1,H,110,Colorless,Minccino,Illustration Rare,d9a66bc2f380
sv5-184,sv5,TEF,184,Drampa,Pokémon,Basic,H,120,Colorless,,Illustration Rare,5d93873ab3f2
sv5-185,sv5,TEF,185,Torterra ex,Pokémon,Stage 2|ex,H,340,Grass,Grotle,Ultra Rare,f00661382072
sv5-186,sv5,TEF,186,Iron Leaves ex,Pokémon,Basic|ex|Future,H,220,Grass,,Ultra Rare,078a17390df1
sv5-187,sv5,TEF,187,Incineroar ex,Pokémon,Stage 2|ex,H,320,Fire,Torracat,Ultra Rare,183bc1b4838e
sv5-188,sv5,TEF,188,Gouging Fire ex,Pokémon,Basic|ex|Ancient,H,230,Fire,,Ultra Rare,0db5d4c3705e
sv5-189,sv5,TEF,189,Walking Wake ex,Pokémon,Basic|ex|Ancient,H,220,Water,,Ultra Rare,252107c123fc
sv5-190,sv5,TEF,190,Wugtrio ex,Pokémon,Stage 1|Tera|ex,H,250,Lightning,Wiglett,Ultra Rare,12047985596e
sv5-191,sv5,TEF,191,Iron Crown ex,Pokémon,Basic|ex|Future,H,220,Psychic,,Ultra Rare,5e618deab86b
sv5-192,sv5,TEF,192,Iron Boulder ex,Pokémon,Basic|ex|Future,H,240,Fighting,,Ultra Rare,d0b07cdd37db
sv5-193,sv5,TEF,193,Gengar ex,Pokémon,Stage 2|ex,H,310,Darkness,Haunter,Ultra Rare,12415fbb687e
sv5-194,sv5,TEF,194,Farigiraf ex,Pokémon,Stage 1|Tera|ex,H,260,Darkness,Girafarig,Ultra Rare,cd1adf77c1df
sv5-195,sv5,TEF,195,Scizor ex,Pokémon,Stage 1|ex,H,270,Metal,Scyther,Ultra Rare,b1f0cf58e79b
sv5-196,sv5,TEF,196,Raging Bolt ex,Pokémon,Basic|ex|Ancient,H,240,Dragon,,Ultra Rare,bbf5d1f1fc05
sv5-197,sv5,TEF,197,Bianca's Devotion,Trainer,Supporter,H,,,,Ultra Rare,a621ccaf14e3
sv5-198,sv5,TEF,198,Ciphermaniac's Codebreaking,Trainer,Supporter|Future,H,,,,Ultra Rare,b58371437c56
sv5-199,sv5,TEF,199,Eri,Trainer,Supporter,H,,,,Ultra Rare,fb080fc35af7
sv5-200,sv5,TEF,200,Explorer's Guidance,Trainer,Supporter|Ancient,H,,,,Ultra Rare,e8905e8eb21c
sv5-201,sv5,TEF,201,Morty's Conviction,Trainer,Supporter,H,,,,Ultra Rare,290cec167ce0
sv5-202,sv5,TEF,202,Salvatore,Trainer,Supporter,H,,,,Ultra Rare,3759cef7e560
sv5-203,sv5,TEF,203,Iron Leaves ex,Pokémon,Basic|ex|Future,H,220,Grass,,Special Illustration Rare,078a17390df1
sv5-204,sv5,TEF,204,Gouging Fire ex,Pokémon,Basic|ex|Ancient,H,230,Fire,,Special Illustration Rare,0db5d4c3705e
sv5-205,sv5,TEF,205,Walking Wake ex,Pokémon,Basic|ex|Ancient,H,220,Water,,Special Illustration Rare,252107c123fc
sv5-206,sv5,TEF,206,Iron Crown ex,Pokémon,Basic|ex|Future,H,220,Psychic,,Special Illustration Rare,5e618deab86b
sv5-207,sv5,TEF,207,Iron Boulder ex,Pokémon,Basic|ex|Future,H,240,Fighting,,Special Illustration Rare,d0b07cdd37db
sv5-208,sv5,TEF,208,Raging Bolt ex,Pokémon,Basic|ex|Ancient,H,240,Dragon,,Special Illustration Rare,bbf5d1f1fc05
sv5-209,sv5,TEF,209,Bianca's Devotion,Trainer,Supporter,H,,,,Special Illustration Rare,a621ccaf14e3
sv5-210,sv5,TEF,210,Eri,Trainer,Supporter,H,,,,Special Illustration Rare,fb080fc35af7
sv5-211,sv5,TEF,211,Morty's Conviction,Trainer,Supporter,H,,,,Special Illustration Rare,290cec167ce0
sv5-212,sv5,TEF,212,Salvatore,Trainer,Supporter,H,,,,Special Illustration Rare,3759cef7e560
sv5-213,sv5,TEF,213,Iron Leaves ex,Pokémon,Basic|ex|Future,H,220,Grass,,Hyper Rare,078a17390df1
sv5-214,sv5,TEF,214,Gouging Fire ex,Pokémon,Basic|ex|Ancient,H,230,Fire,,Hyper Rare,0db5d4c3705e
sv5-215,sv5,TEF,215,Walking Wake ex,Pokémon,Basic|ex|Ancient,H,220,Water,,Hyper Rare,252107c123fc
sv5-216,sv5,TEF,216,Iron Crown ex,Pokémon,Basic|ex|Future,H,220,Psychic,,Hyper Rare,5e618deab86b
sv5-217,sv5,TEF,217,Iron Boulder ex,Pokémon,Basic|ex|Future,H,240,Fighting,,Hyper Rare,d0b07cdd37db
sv5-218,sv5,TEF,218,Raging Bolt ex,Pokémon,Basic|ex|Ancient,H,240,Dragon,,Hyper Rare,bbf5d1f1fc05
sv6-1,sv6,TWM,1,Tangela,Pokémon,Basic,H,80,Grass,,Common,9bfb110a5380
sv6-2,sv6,TWM,2,Tangrowth,Pokémon,Stage 1,H,150,Grass,Tangela,Common,13fcd0f1d1a1
sv6-3,sv6,TWM,3,Pinsir,Pokémon,Basic,H,110,Grass,,Common,72259e92d26d
sv6-4,sv6,TWM,4,Spinarak,Pokémon,Basic,H,60,Grass,,Common,a848ed16c2b0
sv6-5,sv6,TWM,5,Ariados,Pokémon,Stage 1,H,90,Grass,Spinarak,Uncommon,4e0ed0790dc7
sv6-6,sv6,TWM,6,Sunkern,Pokémon,Basic,H,40,Grass,,Common,6955dc0b6216
sv6-7,sv6,TWM,7,Sunflora,Pokémon,Stage 1,H,100,Grass,Sunkern,Uncommon,822da4936e40
sv6-8,sv6,TWM,8,Heracross,Pokémon,Basic,H,120,Grass,,Uncommon,3c36d4a22c59
sv6-9,sv6,TWM,9,Volbeat,Pokémon,Basic,H,70,Grass,,Common,5c54d6659133
sv6-10,sv6,TWM,10,Illumise,Pokémon,Basic,H,70,Grass,,Common,ec165dea5986
sv6-11,sv6,TWM,11,Leafeon,Pokémon,Stage 1,H,120,Grass,Eevee,Uncommon,a37d0ab3d46e
sv6-12,sv6,TWM,12,Phantump,Pokémon,Basic,H,70,Grass,,Common,c1b6311e1c24
sv6-13,sv6,TWM,13,Trevenant,Pokémon,Stage 1,H,120,Grass,Phantump,Common,3742157b1952
sv6-14,sv6,TWM,14,Grookey,Pokémon,Basic,H,70,Grass,,Common,b11e73fecece
sv6-15,sv6,TWM,15,Thwackey,Pokémon,Stage 1,H,100,Grass,Grookey,Common,ce40e876b99d
sv6-16,sv6,TWM,16,Rillaboom,Pokémon,Stage 2,H,180,Grass,Thwackey,Uncommon,05883ab3f986
sv6-17,sv6,TWM,17,Applin,Pokémon,Basic,H,40,Grass,,Common,39bca515a781
sv6-18,sv6,TWM,18,Dipplin,Pokémon,Stage 1,H,80,Grass,Applin,Uncommon,097603ff2c78
sv6-19,sv6,TWM,19,Iron Leaves,Pokémon,Basic|Future,H,120,Grass,,Rare,d1fff22c9c20
sv6-20,sv6,TWM,20,Poltchageist,Pokémon,Basic,H,30,Grass,,Common,5560ac7b0124
sv6-21,sv6,TWM,21,Poltchageist,Pokémon,Basic,H,40,Grass,,Common,6fb173778775
sv6-22,sv6,TWM,22,Sinistcha,Pokémon,Stage 1,H,70,Grass,Poltchageist,Rare,2fb9b976f21d
sv6-23,sv6,TWM,23,Sinistcha ex,Pokémon,Stage 1|ex,H,240,Grass,Poltchageist,Double Rare,f7fa2bf5b8b9
sv6-24,sv6,TWM,24,Teal Mask Ogerpon,Pokémon,Basic,H,110,Grass,,Rare,c1a800dc4fda
sv6-25,sv6,TWM,25,Teal Mask Ogerpon ex,Pokémon,Basic|Tera|ex,H,210,Grass,,Double Rare,30ae881695ca
sv6-26,sv6,TWM,26,Vulpix,Pokémon,Basic,H,70,Fire,,Common,57ce00aba7c1
sv6-27,sv6,TWM,27,Ninetales,Pokémon,Stage 1,H,120,Fire,Vulpix,Common,fcbbf10dc34d
sv6-28,sv6,TWM,28,Slugma,Pokémon,Basic,H,80,Fire,,Common,bd23ba0d8ba1
sv6-29,sv6,TWM,29,Magcargo ex,Pokémon,Stage 1|Tera|ex,H,270,Fire,Slugma,Double Rare,4477e31c845c
sv6-30,sv6,TWM,30,Torkoal,Pokémon,Basic,H,130,Fire,,Common,39a84f6780ad
sv6-31,sv6,TWM,31,Chimchar,Pokémon,Basic,H,60,Fire,,Common,d99cd5205afc
sv6-32,sv6,TWM,32,Monferno,Pokémon,Stage 1,H,90,Fire,Chimchar,Common,39727e33707c
sv6-33,sv6,TWM,33,Infernape,Pokémon,Stage 2,H,140,Fire,Monferno,Rare,05f0dfd2103a
sv6-34,sv6,TWM,34,Darumaka,Pokémon,Basic,H,80,Fire,,Common,0893137b72d8
sv6-35,sv6,TWM,35,Darmanitan,Pokémon,Stage 1,H,140,Fire,Darumaka,Uncommon,897b2d67d204
sv6-36,sv6,TWM,36,Litwick,Pokémon,Basic,H,60,Fire,,Common,2e255b8fcc54
sv6-37,sv6,TWM,37,Lampent,Pokémon,Stage 1,H,80,Fire,Litwick,Common,bd4981b5098b
sv6-38,sv6,TWM,38,Chandelure,Pokémon,Stage 2,H,130,Fire,Lampent,Rare,228aa08e6739
sv6-39,sv6,TWM,39,Chi-Yu,Pokémon,Basic,H,110,Fire,,Uncommon,b0d54a072677
sv6-40,sv6,TWM,40,Hearthflame Mask Ogerpon ex,Pokémon,Basic|Tera|ex,H,210,Fire,,Double Rare,5233b7c3f609
sv6-41,sv6,TWM,41,Poliwag,Pokémon,Basic,H,60,Water,,Common,01c64c08c89c
sv6-42,sv6,TWM,42,Poliwhirl,Pokémon,Stage 1,H,100,Water,Poliwag,Common,21fee02a5098
sv6-43,sv6,TWM,43,Poliwrath,Pokémon,Stage 2,H,170,Water,Poliwhirl,Uncommon,11a7064223ac
sv6-44,sv6,TWM,44,Goldeen,Pokémon,Basic,H,50,Water,,Common,48c29cc00360
sv6-45,sv6,TWM,45,Seaking,Pokémon,Stage 1,H,90,Water,Goldeen,Common,19ecc0c09550
sv6-46,sv6,TWM,46,Jynx,Pokémon,Basic,H,90,Water,,Common,f7340b695c24
sv6-47,sv6,TWM,47,Corphish,Pokémon,Basic,H,80,Water,,Common,fbce8bfa7b0a
sv6-48,sv6,TWM,48,Crawdaunt,Pokémon,Stage 1,H,130,Water,Corphish,Common,b91ed2da080a
sv6-49,sv6,TWM,49,Feebas,Pokémon,Basic,H,30,Water,,Common,202d4b3f1eb1
sv6-50,sv6,TWM,50,Milotic,Pokémon,Stage 1,H,120,Water,Feebas,Uncommon,ff7e41b2154a
sv6-51,sv6,TWM,51,Snorunt,Pokémon,Basic,H,60,Water,,Common,550b3ea2a754
sv6-52,sv6,TWM,52,Glalie,Pokémon,Stage 1,H,120,Water,Snorunt,Uncommon,2a096d79530f
sv6-53,sv6,TWM,53,Froslass,Pokémon,Stage 1,H,90,Water,Snorunt,Rare,89262dcad773
sv6-54,sv6,TWM,54,Glaceon,Pokémon,Stage 1,H,120,Water,Eevee,Uncommon,c55546d3bd23
sv6-55,sv6,TWM,55,Phione,Pokémon,Basic,H,70,Water,,Common,5c365ae299d4
sv6-56,sv6,TWM,56,Froakie,Pokémon,Basic,H,60,Water,,Common,ef98136afcaa
sv6-57,sv6,TWM,57,Frogadier,Pokémon,Stage 1,H,90,Water,Froakie,Common,7b72e04373e2
sv6-58,sv6,TWM,58,Cramorant,Pokémon,Basic,H,110,Water,,Uncommon,a624acbf25b7
sv6-59,sv6,TWM,59,Finizen,Pokémon,Basic,H,70,Water,,Common,f1fc5400a49c
sv6-60,sv6,TWM,60,Palafin,Pokémon,Stage 1,H,100,Water,Finizen,Uncommon,c1f3fca60574
sv6-61,sv6,TWM,61,Palafin ex,Pokémon,Stage 1|ex,H,340,Water,Finizen,Double Rare,3acfbbb697bd
sv6-62,sv6,TWM,62,Iron Bundle,Pokémon,Basic|Future,H,90,Water,,Uncommon,e3309da8e778
sv6-63,sv6,TWM,63,Walking Wake,Pokémon,Basic|Ancient,H,130,Water,,Rare,37c81d4003c7
sv6-64,sv6,TWM,64,Wellspring Mask Ogerpon ex,Pokémon,Basic|Tera|ex,H,210,Water,,Double Rare,5af8ee0b4496
sv6-65,sv6,TWM,65,Zapdos,Pokémon,Basic,H,120,Lightning,,Rare,dbcca6526093
sv6-66,sv6,TWM,66,Shinx,Pokémon,Basic,H,60,Lightning,,Common,6810b0e37014
sv6-67,sv6,TWM,67,Luxio,Pokémon,Stage 1,H,90,Lightning,Shinx,Common,42ec5d63da89
sv6-68,sv6,TWM,68,Luxray ex,Pokémon,Stage 2|ex,H,310,Lightning,Luxio,Double Rare,3d27cae5fcd9
sv6-69,sv6,TWM,69,Emolga,Pokémon,Basic,H,60,Lightning,,Common,28ac4ad1e8b3
sv6-70,sv6,TWM,70,Helioptile,Pokémon,Basic,H,60,Lightning,,Common,1f456443b06b
sv6-71,sv6,TWM,71,Heliolisk,Pokémon,Stage 1,H,100,Lightning,Helioptile,Common,d985b24fdc1d
sv6-72,sv6,TWM,72,Morpeko,Pokémon,Basic,H,70,Lightning,,Uncommon,accbc75791eb
sv6-73,sv6,TWM,73,Tadbulb,Pokémon,Basic,H,50,Lightning,,Common,f08bdc28ca6b
sv6-74,sv6,TWM,74,Bellibolt,Pokémon,Stage 1,H,140,Lightning,Tadbulb,Uncommon,3555300ab992
sv6-75,sv6,TWM,75,Wattrel,Pokémon,Basic,H,60,Lightning,,Common,22fe7ecdfc99
sv6-76,sv6,TWM,76,Kilowattrel,Pokémon,Stage 1,H,120,Lightning,Wattrel,Uncommon,393bff2562c3
sv6-77,sv6,TWM,77,Iron Thorns ex,Pokémon,Basic|ex|Future,H,230,Lightning,,Double Rare,89af022026c5
sv6-78,sv6,TWM,78,Clefairy,Pokémon,Basic,H,60,Psychic,,Common,ee3af0ac20d1
sv6-79,sv6,TWM,79,Clefable,Pokémon,Stage 1,H,120,Psychic,Clefairy,Uncommon,8c0c2b7de331
sv6-80,sv6,TWM,80,Abra,Pokémon,Basic,H,40,Psychic,,Common,0d396a398b09
sv6-81,sv6,TWM,81,Kadabra,Pokémon,Stage 1,H,80,Psychic,Abra,Common,8e668ca820ac
sv6-82,sv6,TWM,82,Alakazam,Pokémon,Stage 2,H,140,Psychic,Kadabra,Rare,55f11e1772b7
sv6-83,sv6,TWM,83,Girafarig,Pokémon,Basic,H,100,Psychic,,Common,4492c3389f24
sv6-84,sv6,TWM,84,Farigiraf,Pokémon,Stage 1,H,140,Psychic,Girafarig,Uncommon,d400e6e9a198
sv6-85,sv6,TWM,85,Chimecho,Pokémon,Basic,H,70,Psychic,,Common,35adb784d3df
sv6-86,sv6,TWM,86,Flabébé,Pokémon,Basic,H,40,Psychic,,Common,9ed95a685e49
sv6-87,sv6,TWM,87,Floette,Pokémon,Stage 1,H,70,Psychic,Flabébé,Common,c527173ce345
sv6-88,sv6,TWM,88,Florges,Pokémon,Stage 2,H,140,Psychic,Floette,Uncommon,4e79885c4bc2
sv6-89,sv6,TWM,89,Swirlix,Pokémon,Basic,H,50,Psychic,,Common,89b5faebbe6e
sv6-90,sv6,TWM,90,Slurpuff,Pokémon,Stage 1,H,120,Psychic,Swirlix,Uncommon,0641cc95fe43
sv6-91,sv6,TWM,91,Sandygast,Pokémon,Basic,H,90,Psychic,,Common,6c1fe4b15789
sv6-92,sv6,TWM,92,Palossand,Pokémon,Stage 1,H,150,Psychic,Sandygast,Common,600e98db017d
sv6-93,sv6,TWM,93,Enamorus,Pokémon,Basic,H,120,Psychic,,Rare,fdfd65c95fa9
sv6-94,sv6,TWM,94,Scream Tail ex,Pokémon,Basic|ex|Ancient,H,190,Psychic,,Double Rare,b4c8bb26e445
sv6-95,sv6,TWM,95,Munkidori,Pokémon,Basic,H,110,Psychic,,Rare,116dd24ed78c
sv6-96,sv6,TWM,96,Fezandipiti,Pokémon,Basic,H,120,Psychic,,Rare,a3513f876602
sv6-97,sv6,TWM,97,Sandshrew,Pokémon,Basic,H,60,Fighting,,Common,49259312b4d6
sv6-98,sv6,TWM,98,Sandslash,Pokémon,Stage 1,H,120,Fighting,Sandshrew,Uncommon,ab916f6525ce
sv6-99,sv6,TWM,99,Hisuian Growlithe,Pokémon,Basic,H,80,Fighting,,Common,b137db5a040e
sv6-100,sv6,TWM,100,Hisuian Arcanine,Pokémon,Stage 1,H,130,Fighting,Hisuian Growlithe,Rare,e62cea22eff5
sv6-101,sv6,TWM,101,Nosepass,Pokémon,Basic,H,80,Fighting,,Common,b258664d2673
sv6-102,sv6,TWM,102,Probopass,Pokémon,Stage 1,H,140,Fighting,Nosepass,Uncommon,e5bd93abec5f
sv6-103,sv6,TWM,103,Timburr,Pokémon,Basic,H,80,Fighting,,Common,7c6317997ff4
sv6-104,sv6,TWM,104,Gurdurr,Pokémon,Stage 1,H,100,Fighting,Timburr,Common,c9bf68776358
sv6-105,sv6,TWM,105,Conkeldurr,Pokémon,Stage 2,H,180,Fighting,Gurdurr,Uncommon,90125195c811
sv6-106,sv6,TWM,106,Greninja ex,Pokémon,Stage 2|Tera|ex,H,310,Fighting,Frogadier,Double Rare,c73b73de31e6
sv6-107,sv6,TWM,107,Hawlucha,Pokémon,Basic,H,70,Fighting,,Common,1d06feb0f295
sv6-108,sv6,TWM,108,Glimmet,Pokémon,Basic,H,60,Fighting,,Common,f3ef2f75943a
sv6-109,sv6,TWM,109,Glimmora,Pokémon,Stage 1,H,130,Fighting,Glimmet,Uncommon,f9e70b5dbcec
sv6-110,sv6,TWM,110,Ting-Lu,Pokémon,Basic,H,140,Fighting,,Rare,5418572c4fcf
sv6-111,sv6,TWM,111,Okidogi,Pokémon,Basic,H,130,Fighting,,Rare,1aab9dedca11
sv6-112,sv6,TWM,112,Cornerstone Mask Ogerpon ex,Pokémon,Basic|Tera|ex,H,210,Fighting,,Double Rare,72dea9d00ee4
sv6-113,sv6,TWM,113,Poochyena,Pokémon,Basic,H,70,Darkness,,Common,520e451e2e61
sv6-114,sv6,TWM,114,Mightyena,Pokémon,Stage 1,H,120,Darkness,Poochyena,Uncommon,af76997a65fc
sv6-115,sv6,TWM,115,Venipede,Pokémon,Basic,H,80,Darkness,,Common,b0b65fa6eca7
sv6-116,sv6,TWM,116,Whirlipede,Pokémon,Stage 1,H,100,Darkness,Venipede,Common,c17c28f20bf4
sv6-117,sv6,TWM,117,Scolipede,Pokémon,Stage 2,H,170,Darkness,Whirlipede,Uncommon,f49a8b185dd0
sv6-118,sv6,TWM,118,Brute Bonnet,Pokémon,Basic|Ancient,H,120,Darkness,,Uncommon,eeecdecb58b3
sv6-119,sv6,TWM,119,Skarmory,Pokémon,Basic,H,120,Metal,,Common,64e875393b0e
sv6-120,sv6,TWM,120,Aron,Pokémon,Basic,H,70,Metal,,Common,3db9e81b343d
sv6-121,sv6,TWM,121,Lairon,Pokémon,Stage 1,H,110,Metal,Aron,Common,5cdfeb4d599b
sv6-122,sv6,TWM,122,Aggron,Pokémon,Stage 2,H,180,Metal,Lairon,Uncommon,624a4b2f80c2
sv6-123,sv6,TWM,123,Heatran,Pokémon,Basic,H,140,Metal,,Rare,d5be53f7a57c
sv6-124,sv6,TWM,124,Varoom,Pokémon,Basic,H,70,Metal,,Common,a56f0cc80f6f
sv6-125,sv6,TWM,125,Revavroom,Pokémon,Stage 1,H,140,Metal,Varoom,Uncommon,4596c088d87e
sv6-126,sv6,TWM,126,Applin,Pokémon,Basic,H,40,Dragon,,Common,e1c4897d231e
sv6-127,sv6,TWM,127,Dipplin,Pokémon,Stage 1,H,80,Dragon,Applin,Uncommon,b7ed4c15a3f5
sv6-128,sv6,TWM,128,Dreepy,Pokémon,Basic,H,70,Dragon,,Common,b7b9abeeae36
sv6-129,sv6,TWM,129,Drakloak,Pokémon,Stage 1,H,90,Dragon,Dreepy,Common,9ae6d2c6514d
sv6-130,sv6,TWM,130,Dragapult ex,Pokémon,Stage 2|Tera|ex,H,320,Dragon,Drakloak,Double Rare,7e6a5cb288c3
sv6-131,sv6,TWM,131,Tatsugiri,Pokémon,Basic,H,70,Dragon,,Uncommon,0504e4b4a5de
sv6-132,sv6,TWM,132,Farfetch'd,Pokémon,Basic,H,70,Colorless,,Common,034a3801b3a1
sv6-133,sv6,TWM,133,Chansey,Pokémon,Basic,H,120,Colorless,,Common,52a34ef471db
sv6-134,sv6,TWM,134,Blissey ex,Pokémon,Stage 1|ex,H,300,Colorless,Chansey,Double Rare,d7b863e2858d
sv6-135,sv6,TWM,135,Eevee,Pokémon,Basic,H,50,Colorless,,Common,e120f460f9ad
sv6-136,sv6,TWM,136,Snorlax,Pokémon,Basic,H,160,Colorless,,Uncommon,5e6eb52be71d
sv6-137,sv6,TWM,137,Aipom,Pokémon,Basic,H,60,Colorless,,Common,c31ed0087701
sv6-138,sv6,TWM,138,Ambipom,Pokémon,Stage 1,H,110,Colorless,Aipom,Uncommon,94cd4f75da4c
sv6-139,sv6,TWM,139,Ducklett,Pokémon,Basic,H,60,Colorless,,Common,4859c9d14642
sv6-140,sv6,TWM,140,Swanna,Pokémon,Stage 1,H,110,Colorless,Ducklett,Uncommon,ae7c140addf9
sv6-141,sv6,TWM,141,Bloodmoon Ursaluna ex,Pokémon,Basic|ex,H,260,Colorless,,Double Rare,6a91ce4bacf5
sv6-142,sv6,TWM,142,Accompanying Flute,Trainer,Item,H,,,,Uncommon,b67b2fca45e6
sv6-143,sv6,TWM,143,Bug Catching Set,Trainer,Item,H,,,,Uncommon,420bffbe81c2
sv6-144,sv6,TWM,144,Caretaker,Trainer,Supporter,H,,,,Common,07029b600d67
sv6-145,sv6,TWM,145,Carmine,Trainer,Supporter,H,,,,Uncommon,e44b99f5c5d9
sv6-146,sv6,TWM,146,Community Center,Trainer,Stadium,H,,,,Uncommon,5a57f05b6685
sv6-147,sv6,TWM,147,Cook,Trainer,Supporter,H,,,,Uncommon,f9aa0336cef4
sv6-148,sv6,TWM,148,Enhanced Hammer,Trainer,Item,H,,,,Uncommon,ec7985a7f97a
sv6-149,sv6,TWM,149,Festival Grounds,Trainer,Stadium,H,,,,Uncommon,df715f707bb2
sv6-150,sv6,TWM,150,Handheld Fan,Trainer,Pokémon Tool,H,,,,Uncommon,1ccb7d0bd449
sv6-151,sv6,TWM,151,Hassel,Trainer,Supporter,H,,,,Uncommon,c1192fbd40f4
sv6-152,sv6,TWM,152,Hyper Aroma,Trainer,Item|ACE SPEC,H,,,,ACE SPEC Rare,c08a9ea04534
sv6-153,sv6,TWM,153,Jamming Tower,Trainer,Stadium,H,,,,Uncommon,abc8cf586921
sv6-154,sv6,TWM,154,Kieran,Trainer,Supporter,H,,,,Uncommon,0504af44fd23
sv6-155,sv6,TWM,155,Lana's Aid,Trainer,Supporter,H,,,,Uncommon,6590370e65c5
sv6-156,sv6,TWM,156,Love Ball,Trainer,Item,H,,,,Uncommon,f21297cf0230
sv6-157,sv6,TWM,157,Lucian,Trainer,Supporter,H,,,,Uncommon,694e1d654aba
sv6-158,sv6,TWM,158,Lucky Helmet,Trainer,Pokémon Tool,H,,,,Uncommon,3cf99f4f7a31
sv6-159,sv6,TWM,159,Ogre's Mask,Trainer,Item,H,,,,Uncommon,f63eaef07573
sv6-160,sv6,TWM,160,Perrin,Trainer,Supporter,H,,,,Uncommon,5f99577ea8fb
sv6-161,sv6,TWM,161,Raifort,Trainer,Supporter,H,,,,Uncommon,f5a45d963fde
sv6-162,sv6,TWM,162,Scoop Up Cyclone,Trainer,Item|ACE SPEC,H,,,,ACE SPEC Rare,ed69f93cc3e8
sv6-163,sv6,TWM,163,Secret Box,Trainer,Item|ACE SPEC,H,,,,ACE SPEC Rare,3fd6d004a83a
sv6-164,sv6,TWM,164,Survival Brace,Trainer,Pokémon Tool|ACE SPEC,H,,,,ACE SPEC Rare,54a84c138466
sv6-165,sv6,TWM,165,Unfair Stamp,Trainer,Item|ACE SPEC,H,,,,ACE SPEC Rare,de13bce5c0f1
sv6-166,sv6,TWM,166,Boomerang Energy,Energy,Special,H,,,,Uncommon,a460bb20048d
sv6-167,sv6,TWM,167,Legacy Energy,Energy,Special|ACE SPEC,H,,,,ACE SPEC Rare,86e4515346f8
sv6-168,sv6,TWM,168,Pinsir,Pokémon,Basic,H,110,Grass,,Illustration Rare,72259e92d26d
sv6-169,sv6,TWM,169,Sunflora,Pokémon,Stage 1,H,100,Grass,Sunkern,Illustration Rare,822da4936e40
sv6-170,sv6,TWM,170,Dipplin,Pokémon,Stage 1,H,80,Grass,Applin,Illustration Rare,097603ff2c78
sv6-171,sv6,TWM,171,Poltchageist,Pokémon,Basic,H,30,Grass,,Illustration Rare,5560ac7b0124
sv6-172,sv6,TWM,172,Torkoal,Pokémon,Basic,H,130,Fire,,Illustration Rare,39a84f6780ad
sv6-173,sv6,TWM,173,Infernape,Pokémon,Stage 2,H,140,Fire,Monferno,Illustration Rare,05f0dfd2103a
sv6-174,sv6,TWM,174,Froslass,Pokémon,Stage 1,H,90,Water,Snorunt,Illustration Rare,89262dcad773
sv6-175,sv6,TWM,175,Phione,Pokémon,Basic,H,70,Water,,Illustration Rare,5c365ae299d4
sv6-176,sv6,TWM,176,Cramorant,Pokémon,Basic,H,110,Water,,Illustration Rare,a624acbf25b7
sv6-177,sv6,TWM,177,Heliolisk,Pokémon,Stage 1,H,100,Lightning,Helioptile,Illustration Rare,d985b24fdc1d
sv6-178,sv6,TWM,178,Wattrel,Pokémon,Basic,H,60,Lightning,,Illustration Rare,22fe7ecdfc99
sv6-179,sv6,TWM,179,Chimecho,Pokémon,Basic,H,70,Psychic,,Illustration Rare,35adb784d3df
sv6-180,sv6,TWM,180,Enamorus,Pokémon,Basic,H,120,Psychic,,Illustration Rare,fdfd65c95fa9
sv6-181,sv6,TWM,181,Hisuian Growlithe,Pokémon,Basic,H,80,Fighting,,Illustration Rare,b137db5a040e
sv6-182,sv6,TWM,182,Probopass,Pokémon,Stage 1,H,140,Fighting,Nosepass,Illustration Rare,e5bd93abec5f
sv6-183,sv6,TWM,183,Timburr,Pokémon,Basic,H,80,Fighting,,Illustration Rare,7c6317997ff4
sv6-184,sv6,TWM,184,Lairon,Pokémon,Stage 1,H,110,Metal,Aron,Illustration Rare,5cdfeb4d599b
sv6-185,sv6,TWM,185,Applin,Pokémon,Basic,H,40,Dragon,,Illustration Rare,e1c4897d231e
sv6-186,sv6,TWM,186,Tatsugiri,Pokémon,Basic,H,70,Dragon,,Illustration Rare,0504e4b4a5de
sv6-187,sv6,TWM,187,Chansey,Pokémon,Basic,H,120,Colorless,,Illustration Rare,52a34ef471db
sv6-188,sv6,TWM,188,Eevee,Pokémon,Basic,H,50,Colorless,,Illustration Rare,e120f460f9ad
sv6-189,sv6,TWM,189,Sinistcha ex,Pokémon,Stage 1|ex,H,240,Grass,Poltchageist,Ultra Rare,f7fa2bf5b8b9
sv6-190,sv6,TWM,190,Teal Mask Ogerpon ex,Pokémon,Basic|Tera|ex,H,210,Grass,,Ultra Rare,30ae881695ca
sv6-191,sv6,TWM,191,Magcargo ex,Pokémon,Stage 1|Tera|ex,H,270,Fire,Slugma,Ultra Rare,4477e31c845c
sv6-192,sv6,TWM,192,Hearthflame Mask Ogerpon ex,Pokémon,Basic|Tera|ex,H,210,Fire,,Ultra Rare,5233b7c3f609
sv6-193,sv6,TWM,193,Palafin ex,Pokémon,Stage 1|ex,H,340,Water,Finizen,Ultra Rare,3acfbbb697bd
sv6-194,sv6,TWM,194,Wellspring Mask Ogerpon ex,Pokémon,Basic|Tera|ex,H,210,Water,,Ultra Rare,5af8ee0b4496
sv6-195,sv6,TWM,195,Luxray ex,Pokémon,Stage 2|ex,H,310,Lightning,Luxio,Ultra Rare,3d27cae5fcd9
sv6-196,sv6,TWM,196,Iron Thorns ex,Pokémon,Basic|ex|Future,H,230,Lightning,,Ultra Rare,89af022026c5
sv6-197,sv6,TWM,197,Scream Tail ex,Pokémon,Basic|ex|Ancient,H,190,Psychic,,Ultra Rare,b4c8bb26e445
sv6-198,sv6,TWM,198,Greninja ex,Pokémon,Stage 2|Tera|ex,H,310,Fighting,Frogadier,Ultra Rare,c73b73de31e6
sv6-199,sv6,TWM,199,Cornerstone Mask Ogerpon ex,Pokémon,Basic|Tera|ex,H,210,Fighting,,Ultra Rare,72dea9d00ee4
sv6-200,sv6,TWM,200,Dragapult ex,Pokémon,Stage 2|Tera|ex,H,320,Dragon,Drakloak,Ultra Rare,7e6a5cb288c3
sv6-201,sv6,TWM,201,Blissey ex,Pokémon,Stage 1|ex,H,300,Colorless,Chansey,Ultra Rare,d7b863e2858d
sv6-202,sv6,TWM,202,Bloodmoon Ursaluna ex,Pokémon,Basic|ex,H,260,Colorless,,Ultra Rare,6a91ce4bacf5
sv6-203,sv6,TWM,203,Caretaker,Trainer,Supporter,H,,,,Ultra Rare,07029b600d67
sv6-204,sv6,TWM,204,Carmine,Trainer,Supporter,H,,,,Ultra Rare,e44b99f5c5d9
sv6-205,sv6,TWM,205,Hassel,Trainer,Supporter,H,,,,Ultra Rare,c1192fbd40f4
sv6-206,sv6,TWM,206,Kieran,Trainer,Supporter,H,,,,Ultra Rare,0504af44fd23
sv6-207,sv6,TWM,207,Lana's Aid,Trainer,Supporter,H,,,,Ultra Rare,6590370e65c5
sv6-208,sv6,TWM,208,Lucian,Trainer,Supporter,H,,,,Ultra Rare,694e1d654aba
sv6-209,sv6,TWM,209,Perrin,Trainer,Supporter,H,,,,Ultra Rare,5f99577ea8fb
sv6-210,sv6,TWM,210,Sinistcha ex,Pokémon,Stage 1|ex,H,240,Grass,Poltchageist,Special Illustration Rare,f7fa2bf5b8b9
sv6-211,sv6,TWM,211,Teal Mask Ogerpon ex,Pokémon,Basic|Tera|ex,H,210,Grass,,Special Illustration Rare,30ae881695ca
sv6-212,sv6,TWM,212,Hearthflame Mask Ogerpon ex,Pokémon,Basic|Tera|ex,H,210,Fire,,Special Illustration Rare,5233b7c3f609
sv6-213,sv6,TWM,213,Wellspring Mask Ogerpon ex,Pokémon,Basic|Tera|ex,H,210,Water,,Special Illustration Rare,5af8ee0b4496
sv6-214,sv6,TWM,214,Greninja ex,Pokémon,Stage 2|Tera|ex,H,310,Fighting,Frogadier,Special Illustration Rare,c73b73de31e6
sv6-215,sv6,TWM,215,Cornerstone Mask Ogerpon ex,Pokémon,Basic|Tera|ex,H,210,Fighting,,Special Illustration Rare,72dea9d00ee4
sv6-216,sv6,TWM,216,Bloodmoon Ursaluna ex,Pokémon,Basic|ex,H,260,Colorless,,Special Illustration Rare,6a91ce4bacf5
sv6-217,sv6,TWM,217,Carmine,Trainer,Supporter,H,,,,Special Illustration Rare,e44b99f5c5d9
sv6-218,sv6,TWM,218,Kieran,Trainer,Supporter,H,,,,Special Illustration Rare,0504af44fd23
sv6-219,sv6,TWM,219,Lana's Aid,Trainer,Supporter,H,,,,Special Illustration Rare,6590370e65c5
sv6-220,sv6,TWM,220,Perrin,Trainer,Supporter,H,,,,Special Illustration Rare,5f99577ea8fb
sv6-221,sv6,TWM,221,Teal Mask Ogerpon ex,Pokémon,Basic|Tera|ex,H,210,Grass,,Hyper Rare,30ae881695ca
sv6-222,sv6,TWM,222,Bloodmoon Ursaluna ex,Pokémon,Basic|ex,H,260,Colorless,,Hyper Rare,6a91ce4bacf5
sv6-223,sv6,TWM,223,Buddy-Buddy Poffin,Trainer,Item,H,,,,Hyper Rare,4c6a2f9418b8
sv6-224,sv6,TWM,224,Enhanced Hammer,Trainer,Item,H,,,,Hyper Rare,ec7985a7f97a
sv6-225,sv6,TWM,225,Rescue Board,Trainer,Pokémon Tool,H,,,,Hyper Rare,dd7dc2510095
sv6-226,sv6,TWM,226,Luminous Energy,Energy,Special,H,,,,Hyper Rare,22291240de26
sv6pt5-1,sv6pt5,SFA,1,Joltik,Pokémon,Basic,H,40,Grass,,Common,c90f435f0558
sv6pt5-2,sv6pt5,SFA,2,Galvantula,Pokémon,Stage 1,H,100,Grass,Joltik,Uncommon,cc95bd2a4916
sv6pt5-3,sv6pt5,SFA,3,Rowlet,Pokémon,Basic,H,70,Grass,,Common,f9cf1e82447b
sv6pt5-4,sv6pt5,SFA,4,Dartrix,Pokémon,Stage 1,H,90,Grass,Rowlet,Common,965b271cfec6
sv6pt5-5,sv6pt5,SFA,5,Decidueye,Pokémon,Stage 2,H,150,Grass,Dartrix,Uncommon,3c9a33d8320d
sv6pt5-6,sv6pt5,SFA,6,Tapu Bulu,Pokémon,Basic,H,140,Grass,,Rare,5c779e17441f
sv6pt5-7,sv6pt5,SFA,7,Houndour,Pokémon,Basic,H,70,Fire,,Common,8b79bc145f66
sv6pt5-8,sv6pt5,SFA,8,Houndoom,Pokémon,Stage 1,H,120,Fire,Houndour,Common,53df8869c660
sv6pt5-9,sv6pt5,SFA,9,Iron Moth,Pokémon,Basic|Future,H,120,Fire,,Uncommon,a75929b337bd
sv6pt5-10,sv6pt5,SFA,10,Horsea,Pokémon,Basic,H,60,Water,,Common,81d9147caeac
sv6pt5-11,sv6pt5,SFA,11,Seadra,Pokémon,Stage 1,H,90,Water,Horsea,Common,25b860868cee
sv6pt5-12,sv6pt5,SFA,12,Kingdra ex,Pokémon,Stage 2|ex,H,310,Water,Seadra,Double Rare,96916c571194
sv6pt5-13,sv6pt5,SFA,13,Sneasel,Pokémon,Basic,H,70,Water,,Common,3f1de5c34311
sv6pt5-14,sv6pt5,SFA,14,Weavile,Pokémon,Stage 1,H,100,Water,Sneasel,Uncommon,aadcbeb4b6fd
sv6pt5-15,sv6pt5,SFA,15,Revavroom ex,Pokémon,Stage 1|Tera|ex,H,280,Lightning,Varoom,Double Rare,385782425e26
sv6pt5-16,sv6pt5,SFA,16,Drowzee,Pokémon,Basic,H,70,Psychic,,Common,0ea9eacb9c7b
sv6pt5-17,sv6pt5,SFA,17,Hypno,Pokémon,Stage 1,H,110,Psychic,Drowzee,Uncommon,56550566a04e
sv6pt5-18,sv6pt5,SFA,18,Duskull,Pokémon,Basic,H,60,Psychic,,Common,8bd53c7e1282
sv6pt5-19,sv6pt5,SFA,19,Dusclops,Pokémon,Stage 1,H,90,Psychic,Duskull,Common,a871a7d574ca
sv6pt5-20,sv6pt5,SFA,20,Dusknoir,Pokémon,Stage 2,H,160,Psychic,Dusclops,Rare,961aefd0a0f3
sv6pt5-21,sv6pt5,SFA,21,Cresselia,Pokémon,Basic,H,120,Psychic,,Rare,3ef9fce5b0f6
sv6pt5-22,sv6pt5,SFA,22,Sylveon,Pokémon,Stage 1,H,120,Psychic,Eevee,Uncommon,95c584362a34
sv6pt5-23,sv6pt5,SFA,23,Croagunk,Pokémon,Basic,H,70,Fighting,,Common,b3eb5fbe2d86
sv6pt5-24,sv6pt5,SFA,24,Toxicroak,Pokémon,Stage 1,H,130,Fighting,Croagunk,Common,3bac5167ab19
sv6pt5-25,sv6pt5,SFA,25,Bloodmoon Ursaluna,Pokémon,Basic,H,150,Fighting,,Rare,119c3a93f668
sv6pt5-26,sv6pt5,SFA,26,Slither Wing,Pokémon,Basic|Ancient,H,140,Fighting,,Uncommon,90cdc379a2c3
sv6pt5-27,sv6pt5,SFA,27,Zubat,Pokémon,Basic,H,50,Darkness,,Common,af6f79c30568
sv6pt5-28,sv6pt5,SFA,28,Golbat,Pokémon,Stage 1,H,80,Darkness,Zubat,Common,802ca49dc0f0
sv6pt5-29,sv6pt5,SFA,29,Crobat,Pokémon,Stage 2,H,130,Darkness,Golbat,Uncommon,393fa9c60205
sv6pt5-30,sv6pt5,SFA,30,Absol,Pokémon,Basic,H,110,Darkness,,Common,e28e9914afd1
sv6pt5-31,sv6pt5,SFA,31,Zorua,Pokémon,Basic,H,70,Darkness,,Common,8e8e1f32abee
sv6pt5-32,sv6pt5,SFA,32,Zoroark,Pokémon,Stage 1,H,120,Darkness,Zorua,Rare,13b7aec44f51
sv6pt5-33,sv6pt5,SFA,33,Inkay,Pokémon,Basic,H,60,Darkness,,Common,3c63cad74665
sv6pt5-34,sv6pt5,SFA,34,Malamar,Pokémon,Stage 1,H,120,Darkness,Inkay,Uncommon,5c7eccdd9f6b
sv6pt5-35,sv6pt5,SFA,35,Yveltal,Pokémon,Basic,H,120,Darkness,,Uncommon,fa21b54151cf
sv6pt5-36,sv6pt5,SFA,36,Okidogi ex,Pokémon,Basic|ex,H,250,Darkness,,Double Rare,2fbb9077b2a1
sv6pt5-37,sv6pt5,SFA,37,Munkidori ex,Pokémon,Basic|ex,H,210,Darkness,,Double Rare,d9a2b914033f
sv6pt5-38,sv6pt5,SFA,38,Fezandipiti ex,Pokémon,Basic|ex,H,210,Darkness,,Double Rare,0976082a9a12
sv6pt5-39,sv6pt5,SFA,39,Pecharunt ex,Pokémon,Basic|ex,H,190,Darkness,,Double Rare,f0ca28feed17
sv6pt5-40,sv6pt5,SFA,40,Genesect,Pokémon,Basic,H,110,Metal,,Uncommon,2c270c9c2a8a
sv6pt5-41,sv6pt5,SFA,41,Cufant,Pokémon,Basic,H,100,Metal,,Common,fecbe05dc57c
sv6pt5-42,sv6pt5,SFA,42,Copperajah,Pokémon,Stage 1,H,200,Metal,Cufant,Rare,35b7043e397d
sv6pt5-43,sv6pt5,SFA,43,Varoom,Pokémon,Basic,H,70,Metal,,Common,a33673b54b03
sv6pt5-44,sv6pt5,SFA,44,Axew,Pokémon,Basic,H,70,Dragon,,Common,e7fa1ed99cd3
sv6pt5-45,sv6pt5,SFA,45,Fraxure,Pokémon,Stage 1,H,100,Dragon,Axew,Common,3f6650fac4bc
sv6pt5-46,sv6pt5,SFA,46,Haxorus,Pokémon,Stage 2,H,170,Dragon,Fraxure,Rare,a20e56da0362
sv6pt5-47,sv6pt5,SFA,47,Kyurem,Pokémon,Basic,H,130,Dragon,,Uncommon,92fd1ba95355
sv6pt5-48,sv6pt5,SFA,48,Meowth,Pokémon,Basic,H,70,Colorless,,Common,2ae9d27f19b0
sv6pt5-49,sv6pt5,SFA,49,Persian,Pokémon,Stage 1,H,110,Colorless,Meowth,Common,5a19f77a4079
sv6pt5-50,sv6pt5,SFA,50,Eevee,Pokémon,Basic,H,70,Colorless,,Common,b015d5136ac0
sv6pt5-51,sv6pt5,SFA,51,Furfrou,Pokémon,Basic,H,100,Colorless,,Common,eb8587f5d815
sv6pt5-52,sv6pt5,SFA,52,Stufful,Pokémon,Basic,H,80,Colorless,,Common,33ad5910aa4a
sv6pt5-53,sv6pt5,SFA,53,Bewear,Pokémon,Stage 1,H,130,Colorless,Stufful,Common,99ee70bf4033
sv6pt5-54,sv6pt5,SFA,54,Academy at Night,Trainer,Stadium,H,,,,Uncommon,d8b5d8f4d33e
sv6pt5-55,sv6pt5,SFA,55,Binding Mochi,Trainer,Pokémon Tool,H,,,,Uncommon,5986fbe5bac9
sv6pt5-56,sv6pt5,SFA,56,Cassiopeia,Trainer,Supporter,H,,,,Uncommon,44f4d28fdf09
sv6pt5-57,sv6pt5,SFA,57,Colress's Tenacity,Trainer,Supporter,H,,,,Uncommon,7a620fd7cf97
sv6pt5-58,sv6pt5,SFA,58,Dangerous Laser,Trainer,Item|ACE SPEC,H,,,,ACE SPEC Rare,41a417ca0604
sv6pt5-59,sv6pt5,SFA,59,Janine's Secret Art,Trainer,Supporter,H,,,,Uncommon,d5784090de20
sv6pt5-60,sv6pt5,SFA,60,Neutralization Zone,Trainer,Stadium|ACE SPEC,H,,,,ACE SPEC Rare,9e2bf229d23c
sv6pt5-61,sv6pt5,SFA,61,Night Stretcher,Trainer,Item,H,,,,Uncommon,1896e5d53746
sv6pt5-62,sv6pt5,SFA,62,Poké Vital A,Trainer,Item|ACE SPEC,H,,,,ACE SPEC Rare,887511699660
sv6pt5-63,sv6pt5,SFA,63,Powerglass,Trainer,Pokémon Tool,H,,,,Uncommon,183cd4a685f7
sv6pt5-64,sv6pt5,SFA,64,Xerosic's Machinations,Trainer,Supporter,H,,,,Uncommon,daf14201a3ab
sv6pt5-65,sv6pt5,SFA,65,Tapu Bulu,Pokémon,Basic,H,140,Grass,,Illustration Rare,5c779e17441f
sv6pt5-66,sv6pt5,SFA,66,Houndoom,Pokémon,Stage 1,H,120,Fire,Houndour,Illustration Rare,53df8869c660
sv6pt5-67,sv6pt5,SFA,67,Horsea,Pokémon,Basic,H,60,Water,,Illustration Rare,81d9147caeac
sv6pt5-68,sv6pt5,SFA,68,Duskull,Pokémon,Basic,H,60,Psychic,,Illustration Rare,8bd53c7e1282
sv6pt5-69,sv6pt5,SFA,69,Dusclops,Pokémon,Stage 1,H,90,Psychic,Duskull,Illustration Rare,a871a7d574ca
sv6pt5-70,sv6pt5,SFA,70,Dusknoir,Pokémon,Stage 2,H,160,Psychic,Dusclops,Illustration Rare,961aefd0a0f3
sv6pt5-71,sv6pt5,SFA,71,Cresselia,Pokémon,Basic,H,120,Psychic,,Illustration Rare,3ef9fce5b0f6
sv6pt5-72,sv6pt5,SFA,72,Munkidori,Pokémon,Basic,H,110,Psychic,,Illustration Rare,116dd24ed78c
sv6pt5-73,sv6pt5,SFA,73,Fezandipiti,Pokémon,Basic,H,120,Psychic,,Illustration Rare,a3513f876602
sv6pt5-74,sv6pt5,SFA,74,Okidogi,Pokémon,Basic,H,130,Fighting,,Illustration Rare,1aab9dedca11
sv6pt5-75,sv6pt5,SFA,75,Zorua,Pokémon,Basic,H,70,Darkness,,Illustration Rare,8e8e1f32abee
sv6pt5-76,sv6pt5,SFA,76,Cufant,Pokémon,Basic,H,100,Metal,,Illustration Rare,fecbe05dc57c
sv6pt5-77,sv6pt5,SFA,77,Fraxure,Pokémon,Stage 1,H,100,Dragon,Axew,Illustration Rare,3f6650fac4bc
sv6pt5-78,sv6pt5,SFA,78,Persian,Pokémon,Stage 1,H,110,Colorless,Meowth,Illustration Rare,5a19f77a4079
sv6pt5-79,sv6pt5,SFA,79,Bewear,Pokémon,Stage 1,H,130,Colorless,Stufful,Illustration Rare,99ee70bf4033
sv6pt5-80,sv6pt5,SFA,80,Kingdra ex,Pokémon,Stage 2|ex,H,310,Water,Seadra,Ultra Rare,96916c571194
sv6pt5-81,sv6pt5,SFA,81,Revavroom ex,Pokémon,Stage 1|Tera|ex,H,280,Lightning,Varoom,Ultra Rare,385782425e26
sv6pt5-82,sv6pt5,SFA,82,Okidogi ex,Pokémon,Basic|ex,H,250,Darkness,,Ultra Rare,2fbb9077b2a1
sv6pt5-83,sv6pt5,SFA,83,Munkidori ex,Pokémon,Basic|ex,H,210,Darkness,,Ultra Rare,d9a2b914033f
sv6pt5-84,sv6pt5,SFA,84,Fezandipiti ex,Pokémon,Basic|ex,H,210,Darkness,,Ultra Rare,0976082a9a12
sv6pt5-85,sv6pt5,SFA,85,Pecharunt ex,Pokémon,Basic|ex,H,190,Darkness,,Ultra Rare,f0ca28feed17
sv6pt5-86,sv6pt5,SFA,86,Cassiopeia,Trainer,Supporter,H,,,,Ultra Rare,44f4d28fdf09
sv6pt5-87,sv6pt5,SFA,87,Colress's Tenacity,Trainer,Supporter,H,,,,Ultra Rare,7a620fd7cf97
sv6pt5-88,sv6pt5,SFA,88,Janine's Secret Art,Trainer,Supporter,H,,,,Ultra Rare,d5784090de20
sv6pt5-89,sv6pt5,SFA,89,Xerosic's Machinations,Trainer,Supporter,H,,,,Ultra Rare,daf14201a3ab
sv6pt5-90,sv6pt5,SFA,90,Okidogi ex,Pokémon,Basic|ex,H,250,Darkness,,Special Illustration Rare,2fbb9077b2a1
sv6pt5-91,sv6pt5,SFA,91,Munkidori ex,Pokémon,Basic|ex,H,210,Darkness,,Special Illustration Rare,d9a2b914033f
sv6pt5-92,sv6pt5,SFA,92,Fezandipiti ex,Pokémon,Basic|ex,H,210,Darkness,,Special Illustration Rare,0976082a9a12
sv6pt5-93,sv6pt5,SFA,93,Pecharunt ex,Pokémon,Basic|ex,H,190,Darkness,,Special Illustration Rare,f0ca28feed17
sv6pt5-94,sv6pt5,SFA,94,Cassiopeia,Trainer,Supporter,H,,,,Special Illustration Rare,44f4d28fdf09
sv6pt5-95,sv6pt5,SFA,95,Pecharunt ex,Pokémon,Basic|ex,H,190,Darkness,,Hyper Rare,f0ca28feed17
sv6pt5-96,sv6pt5,SFA,96,Earthen Vessel,Trainer,Item|Ancient,G,,,,Hyper Rare,63d54559a74a
sv6pt5-97,sv6pt5,SFA,97,Powerglass,Trainer,Pokémon Tool,H,,,,Hyper Rare,183cd4a685f7
sv6pt5-98,sv6pt5,SFA,98,Basic Darkness Energy,Energy,Basic,,,Darkness,,Hyper Rare,dc6f4eb67afd
sv6pt5-99,sv6pt5,SFA,99,Basic Metal Energy,Energy,Basic,,,Metal,,Hyper Rare,ac4ea768142d
sv7-1,sv7,SCR,1,Venusaur ex,Pokémon,Stage 2|ex,G,340,Grass,Ivysaur,Double Rare,ffa318bc251c
sv7-2,sv7,SCR,2,Ledyba,Pokémon,Basic,H,60,Grass,,Common,45551d4cd386
sv7-3,sv7,SCR,3,Ledian,Pokémon,Stage 1,H,90,Grass,Ledyba,Rare,70df36983a1d
sv7-4,sv7,SCR,4,Celebi,Pokémon,Basic,H,80,Grass,,Uncommon,91066b143405
sv7-5,sv7,SCR,5,Lileep,Pokémon,Stage 1,H,100,Grass,Antique Root Fossil,Common,31c0af9c2d21
sv7-6,sv7,SCR,6,Cradily,Pokémon,Stage 2,H,150,Grass,Lileep,Rare,268987a77bab
sv7-7,sv7,SCR,7,Carnivine,Pokémon,Basic,H,110,Grass,,Common,d70aab881435
sv7-8,sv7,SCR,8,Mow Rotom,Pokémon,Basic,H,90,Grass,,Common,32e83862750a
sv7-9,sv7,SCR,9,Grubbin,Pokémon,Basic,H,70,Grass,,Common,d14305cc802f
sv7-10,sv7,SCR,10,Gossifleur,Pokémon,Basic,H,60,Grass,,Common,d74036ca13c5
sv7-11,sv7,SCR,11,Eldegoss,Pokémon,Stage 1,H,90,Grass,Gossifleur,Uncommon,76f5de98974f
sv7-12,sv7,SCR,12,Applin,Pokémon,Basic,H,40,Grass,,Common,7cac44b65850
sv7-13,sv7,SCR,13,Dipplin,Pokémon,Stage 1,H,90,Grass,Applin,Common,21ebd580eabb
sv7-14,sv7,SCR,14,Hydrapple ex,Pokémon,Stage 2|ex,H,330,Grass,Dipplin,Double Rare,4508f332d666
sv7-15,sv7,SCR,15,Nymble,Pokémon,Basic,H,50,Grass,,Common,395ab46a3744
sv7-16,sv7,SCR,16,Lokix,Pokémon,Stage 1,H,110,Grass,Nymble,Common,7f6c577f0df0
sv7-17,sv7,SCR,17,Toedscool,Pokémon,Basic,H,60,Grass,,Common,6de79ddebb59
sv7-18,sv7,SCR,18,Toedscruel,Pokémon,Stage 1,H,140,Grass,Toedscool,Uncommon,387626c6f6e4
sv7-19,sv7,SCR,19,Ponyta,Pokémon,Basic,H,70,Fire,,Common,a84479629830
sv7-20,sv7,SCR,20,Rapidash,Pokémon,Stage 1,H,120,Fire,Ponyta,Uncommon,92365680d388
sv7-21,sv7,SCR,21,Pansear,Pokémon,Basic,G,70,Fire,,Common,b39bbe5a7812
sv7-22,sv7,SCR,22,Reshiram,Pokémon,Basic,H,130,Fire,,Uncommon,cf4bfbb6ea5d
sv7-23,sv7,SCR,23,Salandit,Pokémon,Basic,H,70,Fire,,Common,b7637f1d9146
sv7-24,sv7,SCR,24,Salazzle,Pokémon,Stage 1,H,120,Fire,Salandit,Uncommon,1836679f9e4c
sv7-25,sv7,SCR,25,Turtonator,Pokémon,Basic,H,130,Fire,,Common,42f91a69515f
sv7-26,sv7,SCR,26,Scorbunny,Pokémon,Basic,H,70,Fire,,Common,759801f7f37c
sv7-27,sv7,SCR,27,Raboot,Pokémon,Stage 1,H,90,Fire,Scorbunny,Common,9f288578cebf
sv7-28,sv7,SCR,28,Cinderace ex,Pokémon,Stage 2|Tera|ex,H,320,Fire,Raboot,Double Rare,95bbb0f07212
sv7-29,sv7,SCR,29,Charcadet,Pokémon,Basic,H,70,Fire,,Common,81f904f34435
sv7-30,sv7,SCR,30,Blastoise ex,Pokémon,Stage 2|ex,G,330,Water,Wartortle,Double Rare,13e7d34741d9
sv7-31,sv7,SCR,31,Lapras,Pokémon,Basic,H,130,Water,,Uncommon,c0fd7fffbd9b
sv7-32,sv7,SCR,32,Lapras ex,Pokémon,Basic|Tera|ex,H,220,Water,,Double Rare,0d51b424a259
sv7-33,sv7,SCR,33,Marill,Pokémon,Basic,H,70,Water,,Common,12b91d14cad9
sv7-34,sv7,SCR,34,Azumarill,Pokémon,Stage 1,H,120,Water,Marill,Uncommon,68f482581a6e
sv7-35,sv7,SCR,35,Finneon,Pokémon,Basic,H,50,Water,,Common,99348544bbd6
sv7-36,sv7,SCR,36,Lumineon,Pokémon,Stage 1,H,110,Water,Finneon,Uncommon,3cfd9d895484
sv7-37,sv7,SCR,37,Tirtouga,Pokémon,Stage 1,H,100,Water,Antique Cover Fossil,Common,694001ec9163
sv7-38,sv7,SCR,38,Carracosta,Pokémon,Stage 2,H,160,Water,Tirtouga,Rare,6bdd5de37ce4
sv7-39,sv7,SCR,39,Froakie,Pokémon,Basic,H,60,Water,,Common,b6be3eb7c0da
sv7-40,sv7,SCR,40,Frogadier,Pokémon,Stage 1,H,90,Water,Froakie,Uncommon,646809617834
sv7-41,sv7,SCR,41,Greninja ex,Pokémon,Stage 2|ex,H,300,Water,Frogadier,Double Rare,d84fb4e875ed
sv7-42,sv7,SCR,42,Crabominable,Pokémon,Stage 1,H,160,Water,Crabrawler,Uncommon,94021c966340
sv7-43,sv7,SCR,43,Chewtle,Pokémon,Basic,H,80,Water,,Common,517186a783b9
sv7-44,sv7,SCR,44,Drednaw,Pokémon,Stage 1,H,140,Water,Chewtle,Rare,e497de535f0d
sv7-45,sv7,SCR,45,Veluza,Pokémon,Basic,H,130,Water,,Uncommon,2148200d29f2
sv7-46,sv7,SCR,46,Electabuzz,Pokémon,Basic,H,90,Lightning,,Common,c3196d774d36
sv7-47,sv7,SCR,47,Electivire,Pokémon,Stage 1,H,150,Lightning,Electabuzz,Uncommon,3de2fe7d0f95
sv7-48,sv7,SCR,48,Chinchou,Pokémon,Basic,H,70,Lightning,,Common,38236a60e741
sv7-49,sv7,SCR,49,Lanturn,Pokémon,Stage 1,H,120,Lightning,Chinchou,Uncommon,efd559812c39
sv7-50,sv7,SCR,50,Joltik,Pokémon,Basic,H,30,Lightning,,Common,03b51f7ec8e9
sv7-51,sv7,SCR,51,Galvantula ex,Pokémon,Stage 1|Tera|ex,H,260,Lightning,Joltik,Double Rare,1526c4490cfd
sv7-52,sv7,SCR,52,Charjabug,Pokémon,Stage 1,H,80,Lightning,Grubbin,Common,8588986c446f
sv7-53,sv7,SCR,53,Vikavolt,Pokémon,Stage 2,H,160,Lightning,Charjabug,Uncommon,d69da6a128e6
sv7-54,sv7,SCR,54,Togedemaru,Pokémon,Basic,H,80,Lightning,,Uncommon,33255c1889e7
sv7-55,sv7,SCR,55,Zeraora,Pokémon,Basic,H,120,Lightning,,Rare,c4b2b646e7f0
sv7-56,sv7,SCR,56,Pawmi,Pokémon,Basic,H,40,Lightning,,Common,a25a9be124c0
sv7-57,sv7,SCR,57,Slowpoke,Pokémon,Basic,H,80,Psychic,,Common,698e3a4b8e56
sv7-58,sv7,SCR,58,Slowking,Pokémon,Stage 1,H,120,Psychic,Slowpoke,Uncommon,03258773cad7
sv7-59,sv7,SCR,59,Mewtwo,Pokémon,Basic,H,130,Psychic,,Uncommon,988f7893bf90
sv7-60,sv7,SCR,60,Drifloon,Pokémon,Basic,H,70,Psychic,,Common,78a0bdfe3f87
sv7-61,sv7,SCR,61,Drifblim,Pokémon,Stage 1,H,130,Psychic,Drifloon,Uncommon,0aa588e776bf
sv7-62,sv7,SCR,62,Yamask,Pokémon,Basic,G,70,Psychic,,Common,df5bb68a6191
sv7-63,sv7,SCR,63,Comfey,Pokémon,Basic,H,70,Psychic,,Common,ec0798c20f4e
sv7-64,sv7,SCR,64,Milcery,Pokémon,Basic,H,60,Psychic,,Common,0c4e19284abc
sv7-65,sv7,SCR,65,Alcremie,Pokémon,Stage 1,H,110,Psychic,Milcery,Rare,f76c7a0890a2
sv7-66,sv7,SCR,66,Fidough,Pokémon,Basic,H,60,Psychic,,Common,bd2e6f56d2c7
sv7-67,sv7,SCR,67,Dachsbun ex,Pokémon,Stage 1|ex,H,250,Psychic,Fidough,Double Rare,63e0f0bd26df
sv7-68,sv7,SCR,68,Flittle,Pokémon,Basic,H,50,Psychic,,Common,9ba124c39e4f
sv7-69,sv7,SCR,69,Espathra,Pokémon,Stage 1,H,130,Psychic,Flittle,Common,14c54df76ce0
sv7-70,sv7,SCR,70,Greavard,Pokémon,Basic,H,80,Psychic,,Common,c10879e92891
sv7-71,sv7,SCR,71,Iron Boulder,Pokémon,Basic|Future,H,140,Psychic,,Rare,0aa15fa4b391
sv7-72,sv7,SCR,72,Cubone,Pokémon,Basic,H,70,Fighting,,Common,8ce78f1d341a
sv7-73,sv7,SCR,73,Marowak,Pokémon,Stage 1,H,120,Fighting,Cubone,Uncommon,0e872fb782d1
sv7-74,sv7,SCR,74,Rhyhorn,Pokémon,Basic,H,100,Fighting,,Common,6929d2f0ec26
sv7-75,sv7,SCR,75,Rhydon,Pokémon,Stage 1,H,140,Fighting,Rhyhorn,Common,4599e5a0fcfc
sv7-76,sv7,SCR,76,Rhyperior,Pokémon,Stage 2,H,200,Fighting,Rhydon,Rare,d223fd4e2de5
sv7-77,sv7,SCR,77,Meditite,Pokémon,Basic,H,70,Fighting,,Common,e4be90b92537
sv7-78,sv7,SCR,78,Meditite,Pokémon,Basic,H,70,Fighting,,Common,81174fb19d06
sv7-79,sv7,SCR,79,Medicham,Pokémon,Stage 1,H,110,Fighting,Meditite,Common,1e8ecbefb89b
sv7-80,sv7,SCR,80,Medicham ex,Pokémon,Stage 1|ex,H,260,Fighting,Meditite,Double Rare,eb8e8fd982e7
sv7-81,sv7,SCR,81,Riolu,Pokémon,Basic,H,70,Fighting,,Common,264fa1007dce
sv7-82,sv7,SCR,82,Lucario ex,Pokémon,Stage 1|ex,H,250,Fighting,Riolu,Double Rare,50c92148d914
sv7-83,sv7,SCR,83,Mienfoo,Pokémon,Basic,H,60,Fighting,,Common,677a63a46d5c
sv7-84,sv7,SCR,84,Mienshao,Pokémon,Stage 1,H,90,Fighting,Mienfoo,Uncommon,be52bd59b43b
sv7-85,sv7,SCR,85,Pancham,Pokémon,Basic,H,70,Fighting,,Common,d94497897f70
sv7-86,sv7,SCR,86,Diancie,Pokémon,Basic,H,110,Fighting,,Uncommon,19ea15565c62
sv7-87,sv7,SCR,87,Crabrawler,Pokémon,Basic,H,90,Fighting,,Common,5648bf6ee7b0
sv7-88,sv7,SCR,88,Falinks,Pokémon,Basic,H,110,Fighting,,Common,2c473bfa093f
sv7-89,sv7,SCR,89,Garganacl ex,Pokémon,Stage 2|ex,G,340,Fighting,Naclstack,Double Rare,8bc97bccb526
sv7-90,sv7,SCR,90,Koraidon,Pokémon,Basic,H,130,Fighting,,Uncommon,16241767b247
sv7-91,sv7,SCR,91,Gulpin,Pokémon,Basic,H,70,Darkness,,Common,c8ea2fe55347
sv7-92,sv7,SCR,92,Swalot,Pokémon,Stage 1,H,130,Darkness,Gulpin,Uncommon,4711560e1e5d
sv7-93,sv7,SCR,93,Pangoro,Pokémon,Stage 1,H,140,Darkness,Pancham,Uncommon,4b60d0a65c86
sv7-94,sv7,SCR,94,Impidimp,Pokémon,Basic,H,70,Darkness,,Common,1e9ce1ee3e5e
sv7-95,sv7,SCR,95,Morgrem,Pokémon,Stage 1,H,90,Darkness,Impidimp,Common,d3c60c02975f
sv7-96,sv7,SCR,96,Grimmsnarl,Pokémon,Stage 2,H,170,Darkness,Morgrem,Rare,f69c76368e57
sv7-97,sv7,SCR,97,Bombirdier,Pokémon,Basic,H,100,Darkness,,Common,cd5072d249a1
sv7-98,sv7,SCR,98,Jirachi,Pokémon,Basic,H,80,Metal,,Uncommon,6f9916acd795
sv7-99,sv7,SCR,99,Klink,Pokémon,Basic,H,60,Metal,,Common,8938af5e1b56
sv7-100,sv7,SCR,100,Klang,Pokémon,Stage 1,H,90,Metal,Klink,Common,288722b0d091
sv7-101,sv7,SCR,101,Klinklang,Pokémon,Stage 2,H,140,Metal,Klang,Rare,4b4e317486f4
sv7-102,sv7,SCR,102,Meltan,Pokémon,Basic,H,60,Metal,,Common,7176964cbe49
sv7-103,sv7,SCR,103,Meltan,Pokémon,Basic,H,70,Metal,,Common,284ae246aacf
sv7-104,sv7,SCR,104,Melmetal,Pokémon,Stage 1,H,160,Metal,Meltan,Rare,47ec20b973bf
sv7-105,sv7,SCR,105,Melmetal ex,Pokémon,Stage 1|ex,H,280,Metal,Meltan,Double Rare,e46d073421dc
sv7-106,sv7,SCR,106,Duraludon,Pokémon,Basic,H,130,Metal,,Common,d300df0614dc
sv7-107,sv7,SCR,107,Archaludon,Pokémon,Stage 1,H,180,Metal,Duraludon,Rare,b7d1d3eaa4c3
sv7-108,sv7,SCR,108,Varoom,Pokémon,Basic,H,80,Metal,,Common,8e37f5e875c0
sv7-109,sv7,SCR,109,Revavroom,Pokémon,Stage 1,H,150,Metal,Varoom,Uncommon,15b500bcd514
sv7-110,sv7,SCR,110,Orthworm ex,Pokémon,Basic|ex,H,220,Metal,,Double Rare,7c69079e8741
sv7-111,sv7,SCR,111,Raging Bolt,Pokémon,Basic|Ancient,H,130,Dragon,,Rare,3be45809a0ca
sv7-112,sv7,SCR,112,Tauros,Pokémon,Basic,H,120,Colorless,,Common,a2772eb3c642
sv7-113,sv7,SCR,113,Eevee,Pokémon,Basic,H,60,Colorless,,Common,dd4f394dbd8e
sv7-114,sv7,SCR,114,Hoothoot,Pokémon,Basic,H,70,Colorless,,Common,f4582f45543b
sv7-115,sv7,SCR,115,Noctowl,Pokémon,Stage 1,H,100,Colorless,Hoothoot,Rare,283308f90019
sv7-116,sv7,SCR,116,Glameow,Pokémon,Basic,H,60,Colorless,,Common,368e4daa4a52
sv7-117,sv7,SCR,117,Purugly,Pokémon,Stage 1,H,120,Colorless,Glameow,Common,e72e0b946e51
sv7-118,sv7,SCR,118,Fan Rotom,Pokémon,Basic,H,70,Colorless,,Common,b3537557e66b
sv7-119,sv7,SCR,119,Bouffalant,Pokémon,Basic,H,100,Colorless,,Rare,641867f4227d
sv7-120,sv7,SCR,120,Tornadus,Pokémon,Basic,H,110,Colorless,,Uncommon,314feb909899
sv7-121,sv7,SCR,121,Fletchling,Pokémon,Basic,H,60,Colorless,,Common,9b4f36e35266
sv7-122,sv7,SCR,122,Fletchinder,Pokémon,Stage 1,H,90,Colorless,Fletchling,Common,35d61d74b61a
sv7-123,sv7,SCR,123,Talonflame,Pokémon,Stage 2,H,140,Colorless,Fletchinder,Uncommon,199fb49dd2a1
sv7-124,sv7,SCR,124,Wooloo,Pokémon,Basic,H,70,Colorless,,Common,87a713835b7a
sv7-125,sv7,SCR,125,Dubwool,Pokémon,Stage 1,H,130,Colorless,Wooloo,Uncommon,7f9dda7e0774
sv7-126,sv7,SCR,126,Lechonk,Pokémon,Basic,H,50,Colorless,,Common,d669aa6ac614
sv7-127,sv7,SCR,127,Cyclizar,Pokémon,Basic,H,110,Colorless,,Common,d705e318386d
sv7-128,sv7,SCR,128,Terapagos ex,Pokémon,Basic|Tera|ex,H,230,Colorless,,Double Rare,451009c529af
sv7-129,sv7,SCR,129,Antique Cover Fossil,Trainer,Item,H,60,,,Common,c74469a2e783
sv7-130,sv7,SCR,130,Antique Root Fossil,Trainer,Item,H,60,,,Common,038fdeea03cc
sv7-131,sv7,SCR,131,Area Zero Underdepths,Trainer,Stadium,H,,,,Uncommon,4800e6dd0200
sv7-132,sv7,SCR,132,Briar,Trainer,Supporter,H,,,,Uncommon,af4bb29dca94
sv7-133,sv7,SCR,133,Crispin,Trainer,Supporter,H,,,,Uncommon,2c33654b4d26
sv7-134,sv7,SCR,134,Deluxe Bomb,Trainer,Pokémon Tool|ACE SPEC,H,,,,ACE SPEC Rare,d343d6fa6e63
sv7-135,sv7,SCR,135,Glass Trumpet,Trainer,Item,H,,,,Uncommon,073ee037e9e6
sv7-136,sv7,SCR,136,Grand Tree,Trainer,Stadium|ACE SPEC,H,,,,ACE SPEC Rare,f7dd06502185
sv7-137,sv7,SCR,137,Gravity Gemstone,Trainer,Pokémon Tool,H,,,,Uncommon,fe81f3a7b13f
sv7-138,sv7,SCR,138,Kofu,Trainer,Supporter,H,,,,Uncommon,0555bc34f720
sv7-139,sv7,SCR,139,Lacey,Trainer,Supporter,H,,,,Uncommon,40c1a535b57e
sv7-140,sv7,SCR,140,Occa Berry,Trainer,Pokémon Tool,H,,,,Uncommon,538a8d3e50a6
sv7-141,sv7,SCR,141,Payapa Berry,Trainer,Pokémon Tool,H,,,,Uncommon,c5f4db8db16b
sv7-142,sv7,SCR,142,Sparkling Crystal,Trainer,Pokémon Tool|ACE SPEC,H,,,,ACE SPEC Rare,5be38f55a9e3
sv7-143,sv7,SCR,143,Bulbasaur,Pokémon,Basic,G,70,Grass,,Illustration Rare,082b3b82cdbb
sv7-144,sv7,SCR,144,Ledian,Pokémon,Stage 1,H,90,Grass,Ledyba,Illustration Rare,70df36983a1d
sv7-145,sv7,SCR,145,Lileep,Pokémon,Stage 1,H,100,Grass,Antique Root Fossil,Illustration Rare,31c0af9c2d21
sv7-146,sv7,SCR,146,Turtonator,Pokémon,Basic,H,130,Fire,,Illustration Rare,42f91a69515f
sv7-147,sv7,SCR,147,Raboot,Pokémon,Stage 1,H,90,Fire,Scorbunny,Illustration Rare,9f288578cebf
sv7-148,sv7,SCR,148,Squirtle,Pokémon,Basic,G,60,Water,,Illustration Rare,31e3528a90e8
sv7-149,sv7,SCR,149,Crabominable,Pokémon,Stage 1,H,160,Water,Crabrawler,Illustration Rare,94021c966340
sv7-150,sv7,SCR,150,Joltik,Pokémon,Basic,H,30,Lightning,,Illustration Rare,03b51f7ec8e9
sv7-151,sv7,SCR,151,Zeraora,Pokémon,Basic,H,120,Lightning,,Illustration Rare,c4b2b646e7f0
sv7-152,sv7,SCR,152,Milcery,Pokémon,Basic,H,60,Psychic,,Illustration Rare,0c4e19284abc
sv7-153,sv7,SCR,153,Meditite,Pokémon,Basic,H,70,Fighting,,Illustration Rare,81174fb19d06
sv7-154,sv7,SCR,154,Gulpin,Pokémon,Basic,H,70,Darkness,,Illustration Rare,c8ea2fe55347
sv7-155,sv7,SCR,155,Archaludon,Pokémon,Stage 1,H,180,Metal,Duraludon,Illustration Rare,b7d1d3eaa4c3
sv7-156,sv7,SCR,156,Hydrapple ex,Pokémon,Stage 2|ex,H,330,Grass,Dipplin,Ultra Rare,4508f332d666
sv7-157,sv7,SCR,157,Cinderace ex,Pokémon,Stage 2|Tera|ex,H,320,Fire,Raboot,Ultra Rare,95bbb0f07212
sv7-158,sv7,SCR,158,Lapras ex,Pokémon,Basic|Tera|ex,H,220,Water,,Ultra Rare,0d51b424a259
sv7-159,sv7,SCR,159,Galvantula ex,Pokémon,Stage 1|Tera|ex,H,260,Lightning,Joltik,Ultra Rare,1526c4490cfd
sv7-160,sv7,SCR,160,Dachsbun ex,Pokémon,Stage 1|ex,H,250,Psychic,Fidough,Ultra Rare,63e0f0bd26df
sv7-161,sv7,SCR,161,Medicham ex,Pokémon,Stage 1|ex,H,260,Fighting,Meditite,Ultra Rare,eb8e8fd982e7
sv7-162,sv7,SCR,162,Orthworm ex,Pokémon,Basic|ex,H,220,Metal,,Ultra Rare,7c69079e8741
sv7-163,sv7,SCR,163,Briar,Trainer,Supporter,H,,,,Ultra Rare,af4bb29dca94
sv7-164,sv7,SCR,164,Crispin,Trainer,Supporter,H,,,,Ultra Rare,2c33654b4d26
sv7-165,sv7,SCR,165,Kofu,Trainer,Supporter,H,,,,Ultra Rare,0555bc34f720
sv7-166,sv7,SCR,166,Lacey,Trainer,Supporter,H,,,,Ultra Rare,40c1a535b57e
sv7-167,sv7,SCR,167,Hydrapple ex,Pokémon,Stage 2|ex,H,330,Grass,Dipplin,Special Illustration Rare,4508f332d666
sv7-168,sv7,SCR,168,Galvantula ex,Pokémon,Stage 1|Tera|ex,H,260,Lightning,Joltik,Special Illustration Rare,1526c4490cfd
sv7-169,sv7,SCR,169,Dachsbun ex,Pokémon,Stage 1|ex,H,250,Psychic,Fidough,Special Illustration Rare,63e0f0bd26df
sv7-170,sv7,SCR,170,Terapagos ex,Pokémon,Basic|Tera|ex,H,230,Colorless,,Special Illustration Rare,451009c529af
sv7-171,sv7,SCR,171,Briar,Trainer,Supporter,H,,,,Special Illustration Rare,af4bb29dca94
sv7-172,sv7,SCR,172,Lacey,Trainer,Supporter,H,,,,Special Illustration Rare,40c1a535b57e
sv7-173,sv7,SCR,173,Terapagos ex,Pokémon,Basic|Tera|ex,H,230,Colorless,,Hyper Rare,451009c529af
sv7-174,sv7,SCR,174,Area Zero Underdepths,Trainer,Stadium,H,,,,Hyper Rare,4800e6dd0200
sv7-175,sv7,SCR,175,Bravery Charm,Trainer,Pokémon Tool,G,,,,Hyper Rare,eb113b15ad28
sv8-1,sv8,SSP,1,Exeggcute,Pokémon,Basic,H,30,Grass,,Common,3e2fca1fa237
sv8-2,sv8,SSP,2,Exeggcute,Pokémon,Basic,H,50,Grass,,Common,d5c03078dcc7
sv8-3,sv8,SSP,3,Exeggutor,Pokémon,Stage 1,H,130,Grass,Exeggcute,Uncommon,927e0b5610f2
sv8-4,sv8,SSP,4,Durant ex,Pokémon,Basic|ex,H,190,Grass,,Double Rare,c1864f0d1e79
sv8-5,sv8,SSP,5,Scatterbug,Pokémon,Basic,H,40,Grass,,Common,f10d46ff0473
sv8-6,sv8,SSP,6,Spewpa,Pokémon,Stage 1,H,80,Grass,Scatterbug,Common,98d4c4aa8b8d
sv8-7,sv8,SSP,7,Vivillon,Pokémon,Stage 2,H,120,Grass,Spewpa,Uncommon,96ee47723261
sv8-8,sv8,SSP,8,Morelull,Pokémon,Basic,H,60,Grass,,Common,cfe7dc1b8d17
sv8-9,sv8,SSP,9,Shiinotic,Pokémon,Stage 1,H,110,Grass,Morelull,Uncommon,0c07cd88ad80
sv8-10,sv8,SSP,10,Dhelmise,Pokémon,Basic,H,130,Grass,,Common,f2bf91651103
sv8-11,sv8,SSP,11,Zarude,Pokémon,Basic,H,120,Grass,,Rare,e37b52859f6c
sv8-12,sv8,SSP,12,Capsakid,Pokémon,Basic,H,70,Grass,,Common,5e40162411e5
sv8-13,sv8,SSP,13,Rellor,Pokémon,Basic,H,40,Grass,,Common,a03123c9edbd
sv8-14,sv8,SSP,14,Rabsca,Pokémon,Stage 1,H,70,Grass,Rellor,Rare,076f088e1a2b
sv8-15,sv8,SSP,15,Wo-Chien,Pokémon,Basic,H,130,Grass,,Uncommon,c144928f1bc3
sv8-16,sv8,SSP,16,Vulpix,Pokémon,Basic,H,70,Fire,,Common,9d222e22e4bf
sv8-17,sv8,SSP,17,Ninetales,Pokémon,Stage 1,H,120,Fire,Vulpix,Uncommon,c03643bfd8a2
sv8-18,sv8,SSP,18,Paldean Tauros,Pokémon,Basic,H,130,Fire,,Uncommon,34154bc50ffc
sv8-19,sv8,SSP,19,Ho-Oh,Pokémon,Basic,H,130,Fire,,Uncommon,2d55bd28b9c5
sv8-20,sv8,SSP,20,Castform Sunny Form,Pokémon,Basic,H,70,Fire,,Common,257fce4fcf99
sv8-21,sv8,SSP,21,Victini,Pokémon,Basic,H,70,Fire,,Uncommon,ea5bb53ba942
sv8-22,sv8,SSP,22,Pansear,Pokémon,Basic,H,60,Fire,,Common,93e1eb207027
sv8-23,sv8,SSP,23,Simisear,Pokémon,Stage 1,H,90,Fire,Pansear,Common,33a78e6d8d64
sv8-24,sv8,SSP,24,Larvesta,Pokémon,Basic,H,70,Fire,,Common,231b5f77e377
sv8-25,sv8,SSP,25,Volcarona,Pokémon,Stage 1,H,140,Fire,Larvesta,Common,9add37a37536
sv8-26,sv8,SSP,26,Oricorio,Pokémon,Basic,H,90,Fire,,Common,98380f372b4f
sv8-27,sv8,SSP,27,Sizzlipede,Pokémon,Basic,H,80,Fire,,Common,f858ec7b2d12
sv8-28,sv8,SSP,28,Centiskorch,Pokémon,Stage 1,H,130,Fire,Sizzlipede,Common,8f2c011dcf89
sv8-29,sv8,SSP,29,Fuecoco,Pokémon,Basic,H,80,Fire,,Common,337d82a6f35c
sv8-30,sv8,SSP,30,Crocalor,Pokémon,Stage 1,H,110,Fire,Fuecoco,Common,f26d8dc8c7df
sv8-31,sv8,SSP,31,Skeledirge,Pokémon,Stage 2,H,180,Fire,Crocalor,Rare,617286fc2d27
sv8-32,sv8,SSP,32,Charcadet,Pokémon,Basic,H,70,Fire,,Common,6eb2de04915e
sv8-33,sv8,SSP,33,Charcadet,Pokémon,Basic,H,80,Fire,,Common,1bd16b7eaa5d
sv8-34,sv8,SSP,34,Armarouge,Pokémon,Stage 1,H,140,Fire,Charcadet,Uncommon,e046eb68d36f
sv8-35,sv8,SSP,35,Ceruledge,Pokémon,Stage 1,H,140,Fire,Charcadet,Uncommon,b6967d63cb95
sv8-36,sv8,SSP,36,Ceruledge ex,Pokémon,Stage 1|Tera|ex,H,270,Fire,Charcadet,Double Rare,301810c6386d
sv8-37,sv8,SSP,37,Scovillain ex,Pokémon,Stage 1|ex,H,260,Fire,Capsakid,Double Rare,fe8afc4eedbe
sv8-38,sv8,SSP,38,Gouging Fire,Pokémon,Basic|Ancient,H,130,Fire,,Rare,d02e34f6a9bb
sv8-39,sv8,SSP,39,Paldean Tauros,Pokémon,Basic,H,130,Water,,Uncommon,41cffdd8c7fd
sv8-40,sv8,SSP,40,Mantine,Pokémon,Basic,H,110,Water,,Common,9d7a5924ce32
sv8-41,sv8,SSP,41,Feebas,Pokémon,Basic,H,30,Water,,Common,a864c069abef
sv8-42,sv8,SSP,42,Milotic ex,Pokémon,Stage 1|ex,H,270,Water,Feebas,Double Rare,d17ccdbcf75e
sv8-43,sv8,SSP,43,Spheal,Pokémon,Basic,H,70,Water,,Common,211ea4e4fa8b
sv8-44,sv8,SSP,44,Sealeo,Pokémon,Stage 1,H,100,Water,Spheal,Common,1a090dc7937a
sv8-45,sv8,SSP,45,Walrein,Pokémon,Stage 2,H,170,Water,Sealeo,Uncommon,304085777a5a
sv8-46,sv8,SSP,46,Shellos,Pokémon,Basic,H,70,Water,,Common,da750be24ce7
sv8-47,sv8,SSP,47,Cryogonal,Pokémon,Basic,H,90,Water,,Common,536adf9bc40b
sv8-48,sv8,SSP,48,Black Kyurem ex,Pokémon,Basic|ex,H,230,Water,,Double Rare,d4c983e5009f
sv8-49,sv8,SSP,49,Bruxish,Pokémon,Basic,H,110,Water,,Uncommon,6b9662fdd882
sv8-50,sv8,SSP,50,Quaxly,Pokémon,Basic,H,60,Water,,Common,4c86e3f16dcc
sv8-51,sv8,SSP,51,Quaxwell,Pokémon,Stage 1,H,100,Water,Quaxly,Common,9cdf5995b8a3
sv8-52,sv8,SSP,52,Quaquaval,Pokémon,Stage 2,H,170,Water,Quaxwell,Uncommon,0e390c82ca2a
sv8-53,sv8,SSP,53,Cetoddle,Pokémon,Basic,H,100,Water,,Common,88cc7769033a
sv8-54,sv8,SSP,54,Cetitan,Pokémon,Stage 1,H,180,Water,Cetoddle,Common,76b3f0ae8a3e
sv8-55,sv8,SSP,55,Iron Bundle,Pokémon,Basic|Future,H,100,Water,,Uncommon,98a3739c801b
sv8-56,sv8,SSP,56,Chien-Pao,Pokémon,Basic,H,120,Water,,Rare,52b6d58b3207
sv8-57,sv8,SSP,57,Pikachu ex,Pokémon,Basic|Tera|ex,H,200,Lightning,,Double Rare,e208fac38500
sv8-58,sv8,SSP,58,Magnemite,Pokémon,Basic,H,60,Lightning,,Common,2240ea0653d7
sv8-59,sv8,SSP,59,Magneton,Pokémon,Stage 1,H,100,Lightning,Magnemite,Uncommon,12530098b96e
sv8-60,sv8,SSP,60,Magnezone,Pokémon,Stage 2,H,170,Lightning,Magneton,Uncommon,1b65c167d796
sv8-61,sv8,SSP,61,Rotom,Pokémon,Basic,H,80,Lightning,,Common,86a3aa982854
sv8-62,sv8,SSP,62,Blitzle,Pokémon,Basic,H,70,Lightning,,Common,2a93f62a8e0a
sv8-63,sv8,SSP,63,Zebstrika,Pokémon,Stage 1,H,130,Lightning,Blitzle,Common,4000a0f8e4ee
sv8-64,sv8,SSP,64,Stunfisk,Pokémon,Basic,H,110,Lightning,,Common,28f0dfb8823b
sv8-65,sv8,SSP,65,Tapu Koko,Pokémon,Basic,H,120,Lightning,,Rare,fdcbd1bb4610
sv8-66,sv8,SSP,66,Wattrel,Pokémon,Basic,H,60,Lightning,,Common,62e4fd7fbd16
sv8-67,sv8,SSP,67,Kilowattrel,Pokémon,Stage 1,H,120,Lightning,Wattrel,Uncommon,8dda1c8340c1
sv8-68,sv8,SSP,68,Kilowattrel ex,Pokémon,Stage 1|ex,H,260,Lightning,Wattrel,Double Rare,11092c16190c
sv8-69,sv8,SSP,69,Miraidon,Pokémon,Basic|Future,H,120,Lightning,,Uncommon,38ed7b2c09b3
sv8-70,sv8,SSP,70,Togepi,Pokémon,Basic,H,50,Psychic,,Common,92ef06878465
sv8-71,sv8,SSP,71,Togetic,Pokémon,Stage 1,H,90,Psychic,Togepi,Common,6873c2cd1dad
sv8-72,sv8,SSP,72,Togekiss,Pokémon,Stage 2,H,140,Psychic,Togetic,Rare,c269c2b85c81
sv8-73,sv8,SSP,73,Marill,Pokémon,Basic,H,60,Psychic,,Common,65a4623ad42f
sv8-74,sv8,SSP,74,Azumarill,Pokémon,Stage 1,H,120,Psychic,Marill,Uncommon,5469330486fd
sv8-75,sv8,SSP,75,Smoochum,Pokémon,Basic,H,30,Psychic,,Common,e16614e30c44
sv8-76,sv8,SSP,76,Latias ex,Pokémon,Basic|ex,H,210,Psychic,,Double Rare,7a3cd364e8df
sv8-77,sv8,SSP,77,Latios,Pokémon,Basic,H,120,Psychic,,Uncommon,212d2ae8e32c
sv8-78,sv8,SSP,78,Uxie,Pokémon,Basic,H,70,Psychic,,Common,a45a113af39c
sv8-79,sv8,SSP,79,Mesprit,Pokémon,Basic,H,70,Psychic,,Common,e15539617f92
sv8-80,sv8,SSP,80,Azelf,Pokémon,Basic,H,70,Psychic,,Common,20b176ea75be
sv8-81,sv8,SSP,81,Sigilyph,Pokémon,Basic,H,110,Psychic,,Common,0c162c424b8b
sv8-82,sv8,SSP,82,Yamask,Pokémon,Basic,H,70,Psychic,,Common,e60392560382
sv8-83,sv8,SSP,83,Cofagrigus,Pokémon,Stage 1,H,120,Psychic,Yamask,Rare,d70f28a63ee0
sv8-84,sv8,SSP,84,Espurr,Pokémon,Basic,H,60,Psychic,,Common,fc153a199843
sv8-85,sv8,SSP,85,Meowstic,Pokémon,Stage 1,H,90,Psychic,Espurr,Uncommon,45d4cc88ef5c
sv8-86,sv8,SSP,86,Sylveon ex,Pokémon,Stage 1|Tera|ex,H,270,Psychic,Eevee,Double Rare,d2fe09785895
sv8-87,sv8,SSP,87,Dedenne,Pokémon,Basic,H,70,Psychic,,Common,24e45259a27d
sv8-88,sv8,SSP,88,Xerneas,Pokémon,Basic,H,130,Psychic,,Uncommon,11c8948e8b95
sv8-89,sv8,SSP,89,Oricorio,Pokémon,Basic,H,90,Psychic,,Common,3009e7b57805
sv8-90,sv8,SSP,90,Sandygast,Pokémon,Basic,H,90,Psychic,,Common,5ba77870e906
sv8-91,sv8,SSP,91,Palossand ex,Pokémon,Stage 1|Tera|ex,H,280,Psychic,Sandygast,Double Rare,501fee0b45e9
sv8-92,sv8,SSP,92,Tapu Lele,Pokémon,Basic,H,110,Psychic,,Rare,faa0dd962e3f
sv8-93,sv8,SSP,93,Indeedee,Pokémon,Basic,H,100,Psychic,,Uncommon,dfe034808a64
sv8-94,sv8,SSP,94,Flittle,Pokémon,Basic,H,40,Psychic,,Common,453fe745b25b
sv8-95,sv8,SSP,95,Espathra,Pokémon,Stage 1,H,120,Psychic,Flittle,Uncommon,b1fd2a2a551b
sv8-96,sv8,SSP,96,Flutter Mane,Pokémon,Basic|Ancient,H,90,Psychic,,Uncommon,03bc3f777e9e
sv8-97,sv8,SSP,97,Gimmighoul,Pokémon,Basic,H,70,Psychic,,Common,a21ec0cec103
sv8-98,sv8,SSP,98,Mankey,Pokémon,Basic,H,60,Fighting,,Common,949233815a70
sv8-99,sv8,SSP,99,Primeape,Pokémon,Stage 1,H,110,Fighting,Mankey,Common,aa5f3b088f4a
sv8-100,sv8,SSP,100,Annihilape,Pokémon,Stage 2,H,140,Fighting,Primeape,Uncommon,ecca24df7e12
sv8-101,sv8,SSP,101,Paldean Tauros,Pokémon,Basic,H,130,Fighting,,Uncommon,83614c776642
sv8-102,sv8,SSP,102,Phanpy,Pokémon,Basic,H,80,Fighting,,Common,ff63a994552d
sv8-103,sv8,SSP,103,Donphan,Pokémon,Stage 1,H,150,Fighting,Phanpy,Common,3184bf7c791a
sv8-104,sv8,SSP,104,Trapinch,Pokémon,Basic,H,60,Fighting,,Common,3f657e489b35
sv8-105,sv8,SSP,105,Vibrava,Pokémon,Stage 1,H,90,Fighting,Trapinch,Common,a3f25a314fb1
sv8-106,sv8,SSP,106,Flygon ex,Pokémon,Stage 2|Tera|ex,H,310,Fighting,Vibrava,Double Rare,55c56ff347e6
sv8-107,sv8,SSP,107,Gastrodon,Pokémon,Stage 1,H,130,Fighting,Shellos,Rare,f6eda4f58692
sv8-108,sv8,SSP,108,Drilbur,Pokémon,Basic,H,70,Fighting,,Common,ce6d5d5fc294
sv8-109,sv8,SSP,109,Excadrill,Pokémon,Stage 1,H,120,Fighting,Drilbur,Common,4b62cdd23225
sv8-110,sv8,SSP,110,Landorus,Pokémon,Basic,H,130,Fighting,,Rare,903a0c3b7151
sv8-111,sv8,SSP,111,Passimian,Pokémon,Basic,H,110,Fighting,,Uncommon,6c3300f08342
sv8-112,sv8,SSP,112,Clobbopus,Pokémon,Basic,H,70,Fighting,,Common,1cac2df5d9f0
sv8-113,sv8,SSP,113,Grapploct,Pokémon,Stage 1,H,140,Fighting,Clobbopus,Common,9df596ce5d50
sv8-114,sv8,SSP,114,Glimmet,Pokémon,Basic,H,70,Fighting,,Common,37e9cd0ed6e3
sv8-115,sv8,SSP,115,Glimmora,Pokémon,Stage 1,H,130,Fighting,Glimmet,Common,f2bf91117660
sv8-116,sv8,SSP,116,Koraidon,Pokémon,Basic|Ancient,H,130,Fighting,,Uncommon,f333d987cea9
sv8-117,sv8,SSP,117,Deino,Pokémon,Basic,H,70,Darkness,,Common,3337bd2fad92
sv8-118,sv8,SSP,118,Zweilous,Pokémon,Stage 1,H,100,Darkness,Deino,Common,be12172b9dc3
sv8-119,sv8,SSP,119,Hydreigon ex,Pokémon,Stage 2|Tera|ex,H,330,Darkness,Zweilous,Double Rare,aecaaf9d0a49
sv8-120,sv8,SSP,120,Shroodle,Pokémon,Basic,H,60,Darkness,,Common,137a674b6071
sv8-121,sv8,SSP,121,Grafaiai,Pokémon,Stage 1,H,100,Darkness,Shroodle,Uncommon,de830f752219
sv8-122,sv8,SSP,122,Alolan Diglett,Pokémon,Basic,H,50,Metal,,Common,f7a299804ff2
sv8-123,sv8,SSP,123,Alolan Dugtrio,Pokémon,Stage 1,H,110,Metal,Alolan Diglett,Uncommon,70c13a556090
sv8-124,sv8,SSP,124,Skarmory,Pokémon,Basic,H,110,Metal,,Common,06fdb0adbc34
sv8-125,sv8,SSP,125,Registeel,Pokémon,Basic,H,130,Metal,,Uncommon,806f6cfbc75d
sv8-126,sv8,SSP,126,Bronzor,Pokémon,Basic,H,60,Metal,,Common,c5c17ea3c57c
sv8-127,sv8,SSP,127,Bronzong,Pokémon,Stage 1,H,130,Metal,Bronzor,Common,4670bc4e3306
sv8-128,sv8,SSP,128,Klefki,Pokémon,Basic,H,70,Metal,,Common,d8b368c91080
sv8-129,sv8,SSP,129,Duraludon,Pokémon,Basic,H,130,Metal,,Common,772ea6df108f
sv8-130,sv8,SSP,130,Archaludon ex,Pokémon,Stage 1|ex,H,300,Metal,Duraludon,Double Rare,4201b0859b25
sv8-131,sv8,SSP,131,Gholdengo,Pokémon,Stage 1,H,130,Metal,Gimmighoul,Uncommon,6d1b130a1725
sv8-132,sv8,SSP,132,Iron Crown,Pokémon,Basic|Future,H,130,Metal,,Rare,1a612fd53ec8
sv8-133,sv8,SSP,133,Alolan Exeggutor ex,Pokémon,Stage 1|Tera|ex,H,300,Dragon,Exeggcute,Double Rare,be1142475362
sv8-134,sv8,SSP,134,Altaria,Pokémon,Stage 1,H,120,Dragon,Swablu,Uncommon,bd1d413d1496
sv8-135,sv8,SSP,135,Dialga,Pokémon,Basic,H,130,Dragon,,Rare,4bccd2214863
sv8-136,sv8,SSP,136,Palkia,Pokémon,Basic,H,130,Dragon,,Rare,6d30e27cb6af
sv8-137,sv8,SSP,137,Turtonator,Pokémon,Basic,H,120,Dragon,,Uncommon,094fb7a71e4a
sv8-138,sv8,SSP,138,Applin,Pokémon,Basic,H,40,Dragon,,Common,74d3328e0b06
sv8-139,sv8,SSP,139,Flapple,Pokémon,Stage 1,H,80,Dragon,Applin,Uncommon,06a180153b84
sv8-140,sv8,SSP,140,Appletun,Pokémon,Stage 1,H,90,Dragon,Applin,Uncommon,2c0f3cecbf36
sv8-141,sv8,SSP,141,Eternatus,Pokémon,Basic,H,150,Dragon,,Rare,f44fceb8ba0f
sv8-142,sv8,SSP,142,Tatsugiri ex,Pokémon,Basic|Tera|ex,H,160,Dragon,,Double Rare,3dbafa469368
sv8-143,sv8,SSP,143,Eevee,Pokémon,Basic,H,50,Colorless,,Common,af9bb1c43b2c
sv8-144,sv8,SSP,144,Snorlax,Pokémon,Basic,H,150,Colorless,,Common,090e824a1612
sv8-145,sv8,SSP,145,Slakoth,Pokémon,Basic,H,60,Colorless,,Common,1f653f5ca16e
sv8-146,sv8,SSP,146,Vigoroth,Pokémon,Stage 1,H,90,Colorless,Slakoth,Common,8b8f46d0e0aa
sv8-147,sv8,SSP,147,Slaking ex,Pokémon,Stage 2|ex,H,340,Colorless,Vigoroth,Double Rare,60ade12f7039
sv8-148,sv8,SSP,148,Swablu,Pokémon,Basic,H,50,Colorless,,Common,fbdf9fc3bd25
sv8-149,sv8,SSP,149,Zangoose,Pokémon,Basic,H,90,Colorless,,Common,17b843d4e38b
sv8-150,sv8,SSP,150,Kecleon,Pokémon,Basic,H,70,Colorless,,Common,839ed047bfc9
sv8-151,sv8,SSP,151,Bouffalant,Pokémon,Basic,H,130,Colorless,,Common,0330506bf168
sv8-152,sv8,SSP,152,Rufflet,Pokémon,Basic,H,70,Colorless,,Common,136ec02889a7
sv8-153,sv8,SSP,153,Braviary,Pokémon,Stage 1,H,130,Colorless,Rufflet,Uncommon,dab8e9e0f045
sv8-154,sv8,SSP,154,Helioptile,Pokémon,Basic,H,70,Colorless,,Common,5ea0c9d747d4
sv8-155,sv8,SSP,155,Heliolisk,Pokémon,Stage 1,H,110,Colorless,Helioptile,Common,10a692e63aa5
sv8-156,sv8,SSP,156,Oranguru,Pokémon,Basic,H,120,Colorless,,Common,f20963d8b8c2
sv8-157,sv8,SSP,157,Tandemaus,Pokémon,Basic,H,40,Colorless,,Common,957695139383
sv8-158,sv8,SSP,158,Maushold,Pokémon,Stage 1,H,80,Colorless,Tandemaus,Uncommon,61d01e140439
sv8-159,sv8,SSP,159,Cyclizar ex,Pokémon,Basic|Tera|ex,H,210,Colorless,,Double Rare,d4ac7a000e02
sv8-160,sv8,SSP,160,Flamigo ex,Pokémon,Basic|ex,H,200,Colorless,,Double Rare,a57b979bcbb4
sv8-161,sv8,SSP,161,Terapagos,Pokémon,Basic,H,120,Colorless,,Rare,c49ab8e31f81
sv8-162,sv8,SSP,162,Amulet of Hope,Trainer,Pokémon Tool|ACE SPEC,H,,,,ACE SPEC Rare,702f046ff65d
sv8-163,sv8,SSP,163,Babiri Berry,Trainer,Pokémon Tool,H,,,,Uncommon,c60858a6a94c
sv8-164,sv8,SSP,164,Brilliant Blender,Trainer,Item|ACE SPEC,H,,,,ACE SPEC Rare,505510dd6b66
sv8-165,sv8,SSP,165,Call Bell,Trainer,Item,H,,,,Uncommon,c7ac7769ce1c
sv8-166,sv8,SSP,166,Chill Teaser Toy,Trainer,Item,H,,,,Uncommon,7982dfdb03b6
sv8-167,sv8,SSP,167,Clemont's Quick Wit,Trainer,Supporter,H,,,,Uncommon,9b36ae3bfbe3
sv8-168,sv8,SSP,168,Colbur Berry,Trainer,Pokémon Tool,H,,,,Uncommon,068ba6a1dd9c
sv8-169,sv8,SSP,169,Counter Gain,Trainer,Pokémon Tool,H,,,,Uncommon,eca66d5c4c18
sv8-170,sv8,SSP,170,Cyrano,Trainer,Supporter,H,,,,Uncommon,9031e30ea44b
sv8-171,sv8,SSP,171,Deduction Kit,Trainer,Item,H,,,,Uncommon,3df12bcd1fbc
sv8-172,sv8,SSP,172,Dragon Elixir,Trainer,Item,H,,,,Uncommon,847570792db5
sv8-173,sv8,SSP,173,Drasna,Trainer,Supporter,H,,,,Common,86915a88f8a1
sv8-174,sv8,SSP,174,Drayton,Trainer,Supporter,H,,,,Uncommon,e60dd4a3e20c
sv8-175,sv8,SSP,175,Dusk Ball,Trainer,Item,H,,,,Uncommon,a13c46499a63
sv8-176,sv8,SSP,176,Energy Search Pro,Trainer,Item|ACE SPEC,H,,,,ACE SPEC Rare,306050297224
sv8-177,sv8,SSP,177,Gravity Mountain,Trainer,Stadium,H,,,,Uncommon,85040ca12739
sv8-178,sv8,SSP,178,Jasmine's Gaze,Trainer,Supporter,H,,,,Uncommon,b3020aceebbd
sv8-179,sv8,SSP,179,Lisia's Appeal,Trainer,Supporter,H,,,,Uncommon,680c0d459394
sv8-180,sv8,SSP,180,Lively Stadium,Trainer,Stadium,H,,,,Uncommon,5eda7f5493a9
sv8-181,sv8,SSP,181,Meddling Memo,Trainer,Item,H,,,,Uncommon,6a798ebe1d3e
sv8-182,sv8,SSP,182,Megaton Blower,Trainer,Item|ACE SPEC,H,,,,ACE SPEC Rare,14f40f9fa7a0
sv8-183,sv8,SSP,183,Miracle Headset,Trainer,Item|ACE SPEC,H,,,,ACE SPEC Rare,e44974a7e823
sv8-184,sv8,SSP,184,Passho Berry,Trainer,Pokémon Tool,H,,,,Uncommon,686c365646c3
sv8-185,sv8,SSP,185,Precious Trolley,Trainer,Item|ACE SPEC,H,,,,ACE SPEC Rare,313deedcf24a
sv8-186,sv8,SSP,186,Scramble Switch,Trainer,Item|ACE SPEC,H,,,,ACE SPEC Rare,d4cf05de98a7
sv8-187,sv8,SSP,187,Surfer,Trainer,Supporter,H,,,,Uncommon,367b5cbcf2ce
sv8-188,sv8,SSP,188,Technical Machine: Fluorite,Trainer,Pokémon Tool,H,,,,Uncommon,bfd7510da0c0
sv8-189,sv8,SSP,189,Tera Orb,Trainer,Item,H,,,,Uncommon,618682171dc3
sv8-190,sv8,SSP,190,Tyme,Trainer,Supporter,H,,,,Uncommon,f8381bddb289
sv8-191,sv8,SSP,191,Enriching Energy,Energy,Special|ACE SPEC,H,,,,ACE SPEC Rare,d356091fa2d8
sv8-192,sv8,SSP,192,Exeggcute,Pokémon,Basic,H,30,Grass,,Illustration Rare,3e2fca1fa237
sv8-193,sv8,SSP,193,Vivillon,Pokémon,Stage 2,H,120,Grass,Spewpa,Illustration Rare,96ee47723261
sv8-194,sv8,SSP,194,Shiinotic,Pokémon,Stage 1,H,110,Grass,Morelull,Illustration Rare,0c07cd88ad80
sv8-195,sv8,SSP,195,Castform Sunny Form,Pokémon,Basic,H,70,Fire,,Illustration Rare,257fce4fcf99
sv8-196,sv8,SSP,196,Larvesta,Pokémon,Basic,H,70,Fire,,Illustration Rare,231b5f77e377
sv8-197,sv8,SSP,197,Ceruledge,Pokémon,Stage 1,H,140,Fire,Charcadet,Illustration Rare,b6967d63cb95
sv8-198,sv8,SSP,198,Feebas,Pokémon,Basic,H,30,Water,,Illustration Rare,a864c069abef
sv8-199,sv8,SSP,199,Spheal,Pokémon,Basic,H,70,Water,,Illustration Rare,211ea4e4fa8b
sv8-200,sv8,SSP,200,Bruxish,Pokémon,Basic,H,110,Water,,Illustration Rare,6b9662fdd882
sv8-201,sv8,SSP,201,Cetitan,Pokémon,Stage 1,H,180,Water,Cetoddle,Illustration Rare,76b3f0ae8a3e
sv8-202,sv8,SSP,202,Stunfisk,Pokémon,Basic,H,110,Lightning,,Illustration Rare,28f0dfb8823b
sv8-203,sv8,SSP,203,Latios,Pokémon,Basic,H,120,Psychic,,Illustration Rare,212d2ae8e32c
sv8-204,sv8,SSP,204,Mesprit,Pokémon,Basic,H,70,Psychic,,Illustration Rare,e15539617f92
sv8-205,sv8,SSP,205,Phanpy,Pokémon,Basic,H,80,Fighting,,Illustration Rare,ff63a994552d
sv8-206,sv8,SSP,206,Vibrava,Pokémon,Stage 1,H,90,Fighting,Trapinch,Illustration Rare,a3f25a314fb1
sv8-207,sv8,SSP,207,Clobbopus,Pokémon,Basic,H,70,Fighting,,Illustration Rare,1cac2df5d9f0
sv8-208,sv8,SSP,208,Alolan Dugtrio,Pokémon,Stage 1,H,110,Metal,Alolan Diglett,Illustration Rare,70c13a556090
sv8-209,sv8,SSP,209,Skarmory,Pokémon,Basic,H,110,Metal,,Illustration Rare,06fdb0adbc34
sv8-210,sv8,SSP,210,Flapple,Pokémon,Stage 1,H,80,Dragon,Applin,Illustration Rare,06a180153b84
sv8-211,sv8,SSP,211,Appletun,Pokémon,Stage 1,H,90,Dragon,Applin,Illustration Rare,2c0f3cecbf36
sv8-212,sv8,SSP,212,Slakoth,Pokémon,Basic,H,60,Colorless,,Illustration Rare,1f653f5ca16e
sv8-213,sv8,SSP,213,Kecleon,Pokémon,Basic,H,70,Colorless,,Illustration Rare,839ed047bfc9
sv8-214,sv8,SSP,214,Braviary,Pokémon,Stage 1,H,130,Colorless,Rufflet,Illustration Rare,dab8e9e0f045
sv8-215,sv8,SSP,215,Durant ex,Pokémon,Basic|ex,H,190,Grass,,Ultra Rare,c1864f0d1e79
sv8-216,sv8,SSP,216,Scovillain ex,Pokémon,Stage 1|ex,H,260,Fire,Capsakid,Ultra Rare,fe8afc4eedbe
sv8-217,sv8,SSP,217,Milotic ex,Pokémon,Stage 1|ex,H,270,Water,Feebas,Ultra Rare,d17ccdbcf75e
sv8-218,sv8,SSP,218,Black Kyurem ex,Pokémon,Basic|ex,H,230,Water,,Ultra Rare,d4c983e5009f
sv8-219,sv8,SSP,219,Pikachu ex,Pokémon,Basic|Tera|ex,H,200,Lightning,,Ultra Rare,e208fac38500
sv8-220,sv8,SSP,220,Latias ex,Pokémon,Basic|ex,H,210,Psychic,,Ultra Rare,7a3cd364e8df
sv8-221,sv8,SSP,221,Palossand ex,Pokémon,Stage 1|Tera|ex,H,280,Psychic,Sandygast,Ultra Rare,501fee0b45e9
sv8-222,sv8,SSP,222,Flygon ex,Pokémon,Stage 2|Tera|ex,H,310,Fighting,Vibrava,Ultra Rare,55c56ff347e6
sv8-223,sv8,SSP,223,Hydreigon ex,Pokémon,Stage 2|Tera|ex,H,330,Darkness,Zweilous,Ultra Rare,aecaaf9d0a49
sv8-224,sv8,SSP,224,Archaludon ex,Pokémon,Stage 1|ex,H,300,Metal,Duraludon,Ultra Rare,4201b0859b25
sv8-225,sv8,SSP,225,Alolan Exeggutor ex,Pokémon,Stage 1|Tera|ex,H,300,Dragon,Exeggcute,Ultra Rare,be1142475362
sv8-226,sv8,SSP,226,Tatsugiri ex,Pokémon,Basic|Tera|ex,H,160,Dragon,,Ultra Rare,3dbafa469368
sv8-227,sv8,SSP,227,Slaking ex,Pokémon,Stage 2|ex,H,340,Colorless,Vigoroth,Ultra Rare,60ade12f7039
sv8-228,sv8,SSP,228,Cyclizar ex,Pokémon,Basic|Tera|ex,H,210,Colorless,,Ultra Rare,d4ac7a000e02
sv8-229,sv8,SSP,229,Clemont's Quick Wit,Trainer,Supporter,H,,,,Ultra Rare,9b36ae3bfbe3
sv8-230,sv8,SSP,230,Cyrano,Trainer,Supporter,H,,,,Ultra Rare,9031e30ea44b
sv8-231,sv8,SSP,231,Drasna,Trainer,Supporter,H,,,,Ultra Rare,86915a88f8a1
sv8-232,sv8,SSP,232,Drayton,Trainer,Supporter,H,,,,Ultra Rare,e60dd4a3e20c
sv8-233,sv8,SSP,233,Jasmine's Gaze,Trainer,Supporter,H,,,,Ultra Rare,b3020aceebbd
sv8-234,sv8,SSP,234,Lisia's Appeal,Trainer,Supporter,H,,,,Ultra Rare,680c0d459394
sv8-235,sv8,SSP,235,Surfer,Trainer,Supporter,H,,,,Ultra Rare,367b5cbcf2ce
sv8-236,sv8,SSP,236,Durant ex,Pokémon,Basic|ex,H,190,Grass,,Special Illustration Rare,c1864f0d1e79
sv8-237,sv8,SSP,237,Milotic ex,Pokémon,Stage 1|ex,H,270,Water,Feebas,Special Illustration Rare,d17ccdbcf75e
sv8-238,sv8,SSP,238,Pikachu ex,Pokémon,Basic|Tera|ex,H,200,Lightning,,Special Illustration Rare,e208fac38500
sv8-239,sv8,SSP,239,Latias ex,Pokémon,Basic|ex,H,210,Psychic,,Special Illustration Rare,7a3cd364e8df
sv8-240,sv8,SSP,240,Hydreigon ex,Pokémon,Stage 2|Tera|ex,H,330,Darkness,Zweilous,Special Illustration Rare,aecaaf9d0a49
sv8-241,sv8,SSP,241,Archaludon ex,Pokémon,Stage 1|ex,H,300,Metal,Duraludon,Special Illustration Rare,4201b0859b25
sv8-242,sv8,SSP,242,Alolan Exeggutor ex,Pokémon,Stage 1|Tera|ex,H,300,Dragon,Exeggcute,Special Illustration Rare,be1142475362
sv8-243,sv8,SSP,243,Clemont's Quick Wit,Trainer,Supporter,H,,,,Special Illustration Rare,9b36ae3bfbe3
sv8-244,sv8,SSP,244,Drayton,Trainer,Supporter,H,,,,Special Illustration Rare,e60dd4a3e20c
sv8-245,sv8,SSP,245,Jasmine's Gaze,Trainer,Supporter,H,,,,Special Illustration Rare,b3020aceebbd
sv8-246,sv8,SSP,246,Lisia's Appeal,Trainer,Supporter,H,,,,Special Illustration Rare,680c0d459394
sv8-247,sv8,SSP,247,Pikachu ex,Pokémon,Basic|Tera|ex,H,200,Lightning,,Hyper Rare,e208fac38500
sv8-248,sv8,SSP,248,Alolan Exeggutor ex,Pokémon,Stage 1|Tera|ex,H,300,Dragon,Exeggcute,Hyper Rare,be1142475362
sv8-249,sv8,SSP,249,Counter Gain,Trainer,Pokémon Tool,H,,,,Hyper Rare,eca66d5c4c18
sv8-250,sv8,SSP,250,Gravity Mountain,Trainer,Stadium,H,,,,Hyper Rare,85040ca12739
sv8-251,sv8,SSP,251,Night Stretcher,Trainer,Item,H,,,,Hyper Rare,1896e5d53746
sv8-252,sv8,SSP,252,Jet Energy,Energy,Special,H,,,,Hyper Rare,2746b87b0c12
sv8pt5-1,sv8pt5,PRE,1,Exeggcute,Pokémon,Basic,H,60,Grass,,Common,76d43fd798b0
sv8pt5-2,sv8pt5,PRE,2,Exeggutor,Pokémon,Stage 1,H,140,Grass,Exeggcute,Uncommon,ba5cab7b6dcc
sv8pt5-3,sv8pt5,PRE,3,Pinsir,Pokémon,Basic,H,120,Grass,,Common,40ea100c8528
sv8pt5-4,sv8pt5,PRE,4,Budew,Pokémon,Basic,H,30,Grass,,Common,c442bd07e4ee
sv8pt5-5,sv8pt5,PRE,5,Leafeon,Pokémon,Stage 1,H,120,Grass,Eevee,Rare,a37d0ab3d46e
sv8pt5-6,sv8pt5,PRE,6,Leafeon ex,Pokémon,Stage 1|Tera|ex,H,270,Grass,Eevee,Double Rare,b40a6a80f1a8
sv8pt5-7,sv8pt5,PRE,7,Cottonee,Pokémon,Basic,H,60,Grass,,Common,642b751c95cc
sv8pt5-8,sv8pt5,PRE,8,Whimsicott,Pokémon,Stage 1,H,100,Grass,Cottonee,Rare,6a94550b5339
sv8pt5-9,sv8pt5,PRE,9,Applin,Pokémon,Basic,H,40,Grass,,Common,7cac44b65850
sv8pt5-10,sv8pt5,PRE,10,Dipplin,Pokémon,Stage 1,H,80,Grass,Applin,Uncommon,097603ff2c78
sv8pt5-11,sv8pt5,PRE,11,Hydrapple ex,Pokémon,Stage 2|ex,H,330,Grass,Dipplin,Double Rare,4508f332d666
sv8pt5-12,sv8pt5,PRE,12,Teal Mask Ogerpon ex,Pokémon,Basic|Tera|ex,H,210,Grass,,Double Rare,30ae881695ca
sv8pt5-13,sv8pt5,PRE,13,Flareon,Pokémon,Stage 1,G,130,Fire,Eevee,Rare,5b92cbc44e92
sv8pt5-14,sv8pt5,PRE,14,Flareon ex,Pokémon,Stage 1|Tera|ex,H,270,Fire,Eevee,Double Rare,d5a92eecae10
sv8pt5-15,sv8pt5,PRE,15,Litleo,Pokémon,Basic,H,70,Fire,,Common,b78b885d08e7
sv8pt5-16,sv8pt5,PRE,16,Pyroar,Pokémon,Stage 1,H,120,Fire,Litleo,Uncommon,31f403a1b00f
sv8pt5-17,sv8pt5,PRE,17,Hearthflame Mask Ogerpon ex,Pokémon,Basic|Tera|ex,H,210,Fire,,Double Rare,5233b7c3f609
sv8pt5-18,sv8pt5,PRE,18,Slowpoke,Pokémon,Basic,H,70,Water,,Common,62747634f796
sv8pt5-19,sv8pt5,PRE,19,Slowking,Pokémon,Stage 1,H,130,Water,Slowpoke,Uncommon,3f5aa34c02d7
sv8pt5-20,sv8pt5,PRE,20,Goldeen,Pokémon,Basic,H,50,Water,,Common,48c29cc00360
sv8pt5-21,sv8pt5,PRE,21,Seaking,Pokémon,Stage 1,H,110,Water,Goldeen,Uncommon,95cd4e3b921b
sv8pt5-22,sv8pt5,PRE,22,Vaporeon,Pokémon,Stage 1,G,130,Water,Eevee,Rare,2b121820b770
sv8pt5-23,sv8pt5,PRE,23,Vaporeon ex,Pokémon,Stage 1|Tera|ex,H,280,Water,Eevee,Double Rare,49e005683ca1
sv8pt5-24,sv8pt5,PRE,24,Suicune,Pokémon,Basic,H,120,Water,,Uncommon,524b26663c8a
sv8pt5-25,sv8pt5,PRE,25,Glaceon,Pokémon,Stage 1,H,120,Water,Eevee,Rare,c55546d3bd23
sv8pt5-26,sv8pt5,PRE,26,Glaceon ex,Pokémon,Stage 1|Tera|ex,H,270,Water,Eevee,Double Rare,b68d3fbdf59a
sv8pt5-27,sv8pt5,PRE,27,Wellspring Mask Ogerpon ex,Pokémon,Basic|Tera|ex,H,210,Water,,Double Rare,5af8ee0b4496
sv8pt5-28,sv8pt5,PRE,28,Pikachu ex,Pokémon,Basic|Tera|ex,H,190,Lightning,,Double Rare,4d2a299564c4
sv8pt5-29,sv8pt5,PRE,29,Jolteon,Pokémon,Stage 1,G,110,Lightning,Eevee,Rare,181389e797bf
sv8pt5-30,sv8pt5,PRE,30,Jolteon ex,Pokémon,Stage 1|Tera|ex,H,260,Lightning,Eevee,Double Rare,173833a0bd7d
sv8pt5-31,sv8pt5,PRE,31,Iron Hands ex,Pokémon,Basic|ex|Future,G,230,Lightning,,Double Rare,612e9639bb28
sv8pt5-32,sv8pt5,PRE,32,Iron Thorns ex,Pokémon,Basic|ex|Future,H,230,Lightning,,Double Rare,89af022026c5
sv8pt5-33,sv8pt5,PRE,33,Espeon,Pokémon,Stage 1,G,110,Psychic,Eevee,Rare,d34cafeaa586
sv8pt5-34,sv8pt5,PRE,34,Espeon ex,Pokémon,Stage 1|Tera|ex,H,270,Psychic,Eevee,Double Rare,3c948b914535
sv8pt5-35,sv8pt5,PRE,35,Duskull,Pokémon,Basic,H,60,Psychic,,Common,8bd53c7e1282
sv8pt5-36,sv8pt5,PRE,36,Dusclops,Pokémon,Stage 1,H,90,Psychic,Duskull,Common,a871a7d574ca
sv8pt5-37,sv8pt5,PRE,37,Dusknoir,Pokémon,Stage 2,H,160,Psychic,Dusclops,Rare,961aefd0a0f3
sv8pt5-38,sv8pt5,PRE,38,Spritzee,Pokémon,Basic,H,60,Psychic,,Common,98fdf8260aae
sv8pt5-39,sv8pt5,PRE,39,Aromatisse,Pokémon,Stage 1,H,120,Psychic,Spritzee,Common,2287da56c451
sv8pt5-40,sv8pt5,PRE,40,Sylveon,Pokémon,Stage 1,H,120,Psychic,Eevee,Rare,4d803b4fbaae
sv8pt5-41,sv8pt5,PRE,41,Sylveon ex,Pokémon,Stage 1|Tera|ex,H,270,Psychic,Eevee,Double Rare,d2fe09785895
sv8pt5-42,sv8pt5,PRE,42,Scream Tail,Pokémon,Basic|Ancient,G,90,Psychic,,Uncommon,ab092c7af6c5
sv8pt5-43,sv8pt5,PRE,43,Flutter Mane,Pokémon,Basic|Ancient,H,90,Psychic,,Rare,b68d889b36fa
sv8pt5-44,sv8pt5,PRE,44,Munkidori,Pokémon,Basic,H,110,Psychic,,Rare,116dd24ed78c
sv8pt5-45,sv8pt5,PRE,45,Fezandipiti,Pokémon,Basic,H,120,Psychic,,Rare,a3513f876602
sv8pt5-46,sv8pt5,PRE,46,Iron Boulder,Pokémon,Basic|Future,H,140,Psychic,,Rare,0aa15fa4b391
sv8pt5-47,sv8pt5,PRE,47,Larvitar,Pokémon,Basic,H,70,Fighting,,Common,0faef836dcb1
sv8pt5-48,sv8pt5,PRE,48,Pupitar,Pokémon,Stage 1,H,90,Fighting,Larvitar,Common,611f926f7c77
sv8pt5-49,sv8pt5,PRE,49,Groudon,Pokémon,Basic,G,130,Fighting,,Rare,e5b1b027ffb8
sv8pt5-50,sv8pt5,PRE,50,Riolu,Pokémon,Basic,H,70,Fighting,,Common,6a7bfed3c6cd
sv8pt5-51,sv8pt5,PRE,51,Lucario ex,Pokémon,Stage 1|ex,H,260,Fighting,Riolu,Double Rare,9804a6b69bde
sv8pt5-52,sv8pt5,PRE,52,Hippopotas,Pokémon,Basic,H,90,Fighting,,Common,d94d97dc90e3
sv8pt5-53,sv8pt5,PRE,53,Hippowdon,Pokémon,Stage 1,H,150,Fighting,Hippopotas,Common,fba4effb0fff
sv8pt5-54,sv8pt5,PRE,54,Bloodmoon Ursaluna,Pokémon,Basic,H,150,Fighting,,Rare,119c3a93f668
sv8pt5-55,sv8pt5,PRE,55,Great Tusk,Pokémon,Basic|Ancient,H,140,Fighting,,Uncommon,a5cab3964316
sv8pt5-56,sv8pt5,PRE,56,Sandy Shocks ex,Pokémon,Basic|ex|Ancient,G,220,Fighting,,Double Rare,99375dd618cf
sv8pt5-57,sv8pt5,PRE,57,Okidogi,Pokémon,Basic,H,130,Fighting,,Rare,1aab9dedca11
sv8pt5-58,sv8pt5,PRE,58,Cornerstone Mask Ogerpon ex,Pokémon,Basic|Tera|ex,H,210,Fighting,,Double Rare,72dea9d00ee4
sv8pt5-59,sv8pt5,PRE,59,Umbreon,Pokémon,Stage 1,G,110,Darkness,Eevee,Rare,a6b8393d18ae
sv8pt5-60,sv8pt5,PRE,60,Umbreon ex,Pokémon,Stage 1|Tera|ex,H,280,Darkness,Eevee,Double Rare,1e3b2a63b56c
sv8pt5-61,sv8pt5,PRE,61,Sneasel,Pokémon,Basic,H,60,Darkness,,Common,ee8c54861d7f
sv8pt5-62,sv8pt5,PRE,62,Houndour,Pokémon,Basic,H,70,Darkness,,Common,f8bc78a24ae5
sv8pt5-63,sv8pt5,PRE,63,Houndoom,Pokémon,Stage 1,H,120,Darkness,Houndour,Common,83a5cc794614
sv8pt5-64,sv8pt5,PRE,64,Tyranitar ex,Pokémon,Stage 2|ex,H,340,Darkness,Pupitar,Double Rare,7f5af95385e2
sv8pt5-65,sv8pt5,PRE,65,Roaring Moon,Pokémon,Basic|Ancient,H,140,Darkness,,Rare,c520565ccfa5
sv8pt5-66,sv8pt5,PRE,66,Bronzor,Pokémon,Basic,H,70,Metal,,Common,cdcb911fa7bc
sv8pt5-67,sv8pt5,PRE,67,Bronzong,Pokémon,Stage 1,H,130,Metal,Bronzor,Uncommon,0af87e400f12
sv8pt5-68,sv8pt5,PRE,68,Heatran,Pokémon,Basic,H,130,Metal,,Uncommon,80197998ff97
sv8pt5-69,sv8pt5,PRE,69,Duraludon,Pokémon,Basic,H,130,Metal,,Common,d300df0614dc
sv8pt5-70,sv8pt5,PRE,70,Archaludon,Pokémon,Stage 1,H,180,Metal,Duraludon,Rare,b7d1d3eaa4c3
sv8pt5-71,sv8pt5,PRE,71,Dreepy,Pokémon,Basic,H,70,Dragon,,Common,b7b9abeeae36
sv8pt5-72,sv8pt5,PRE,72,Drakloak,Pokémon,Stage 1,H,90,Dragon,Dreepy,Common,9ae6d2c6514d
sv8pt5-73,sv8pt5,PRE,73,Dragapult ex,Pokémon,Stage 2|Tera|ex,H,320,Dragon,Drakloak,Double Rare,7e6a5cb288c3
sv8pt5-74,sv8pt5,PRE,74,Eevee,Pokémon,Basic,H,50,Colorless,,Common,af9bb1c43b2c
sv8pt5-75,sv8pt5,PRE,75,Eevee ex,Pokémon,Basic|Tera|ex,H,200,Colorless,,Double Rare,fd013c42ce90
sv8pt5-76,sv8pt5,PRE,76,Snorlax ex,Pokémon,Basic|ex,H,260,Colorless,,Double Rare,994bfdb6586c
sv8pt5-77,sv8pt5,PRE,77,Hoothoot,Pokémon,Basic,H,80,Colorless,,Common,b285ba6939dc
sv8pt5-78,sv8pt5,PRE,78,Noctowl,Pokémon,Stage 1,H,100,Colorless,Hoothoot,Rare,283308f90019
sv8pt5-79,sv8pt5,PRE,79,Dunsparce,Pokémon,Basic,H,60,Colorless,,Common,5af2ca05842e
sv8pt5-80,sv8pt5,PRE,80,Dudunsparce,Pokémon,Stage 1,H,140,Colorless,Dunsparce,Rare,ba9bb9b9e7f7
sv8pt5-81,sv8pt5,PRE,81,Miltank,Pokémon,Basic,H,130,Colorless,,Common,72ba2d1782b9
sv8pt5-82,sv8pt5,PRE,82,Lugia ex,Pokémon,Basic|ex,H,220,Colorless,,Double Rare,6bc73ea9b0c6
sv8pt5-83,sv8pt5,PRE,83,Buneary,Pokémon,Basic,H,60,Colorless,,Common,392cdd3be84f
sv8pt5-84,sv8pt5,PRE,84,Lopunny,Pokémon,Stage 1,H,90,Colorless,Buneary,Common,cefd4a51337d
sv8pt5-85,sv8pt5,PRE,85,Fan Rotom,Pokémon,Basic,H,70,Colorless,,Common,b3537557e66b
sv8pt5-86,sv8pt5,PRE,86,Regigigas,Pokémon,Basic,H,160,Colorless,,Uncommon,73c48fdcd07d
sv8pt5-87,sv8pt5,PRE,87,Shaymin,Pokémon,Basic,H,70,Colorless,,Uncommon,e24afe5e4d8b
sv8pt5-88,sv8pt5,PRE,88,Furfrou,Pokémon,Basic,H,100,Colorless,,Common,8e99aa1e1ec3
sv8pt5-89,sv8pt5,PRE,89,Hawlucha,Pokémon,Basic,H,80,Colorless,,Uncommon,febb3f4e0990
sv8pt5-90,sv8pt5,PRE,90,Noibat,Pokémon,Basic,H,60,Colorless,,Common,9008a13bf922
sv8pt5-91,sv8pt5,PRE,91,Noivern ex,Pokémon,Stage 1|ex,H,270,Colorless,Noibat,Double Rare,618f9fd061e9
sv8pt5-92,sv8pt5,PRE,92,Terapagos ex,Pokémon,Basic|ex,H,230,Colorless,,Double Rare,451009c529af
sv8pt5-93,sv8pt5,PRE,93,Amarys,Trainer,Supporter,H,,,,Common,ddc1c94ba734
sv8pt5-94,sv8pt5,PRE,94,Area Zero Underdepths,Trainer,Stadium,H,,,,Uncommon,4800e6dd0200
sv8pt5-95,sv8pt5,PRE,95,Binding Mochi,Trainer,Pokémon Tool,H,,,,Uncommon,5986fbe5bac9
sv8pt5-96,sv8pt5,PRE,96,Black Belt's Training,Trainer,Supporter,H,,,,Common,4292c6409709
sv8pt5-97,sv8pt5,PRE,97,Black Belt's Training,Trainer,Supporter,H,,,,Common,4292c6409709
sv8pt5-98,sv8pt5,PRE,98,Black Belt's Training,Trainer,Supporter,H,,,,Common,4292c6409709
sv8pt5-99,sv8pt5,PRE,99,Black Belt's Training,Trainer,Supporter,H,,,,Common,4292c6409709
sv8pt5-100,sv8pt5,PRE,100,Briar,Trainer,Supporter,H,,,,Uncommon,af4bb29dca94
sv8pt5-101,sv8pt5,PRE,101,Buddy-Buddy Poffin,Trainer,Item,H,,,,Uncommon,4c6a2f9418b8
sv8pt5-102,sv8pt5,PRE,102,Bug Catching Set,Trainer,Item,H,,,,Uncommon,420bffbe81c2
sv8pt5-103,sv8pt5,PRE,103,Carmine,Trainer,Supporter,H,,,,Uncommon,e44b99f5c5d9
sv8pt5-104,sv8pt5,PRE,104,Ciphermaniac's Codebreaking,Trainer,Supporter|Future,H,,,,Uncommon,b58371437c56
sv8pt5-105,sv8pt5,PRE,105,Crispin,Trainer,Supporter,H,,,,Uncommon,2c33654b4d26
sv8pt5-106,sv8pt5,PRE,106,Earthen Vessel,Trainer,Item|Ancient,G,,,,Uncommon,63d54559a74a
sv8pt5-107,sv8pt5,PRE,107,Explorer's Guidance,Trainer,Supporter|Ancient,H,,,,Uncommon,e8905e8eb21c
sv8pt5-108,sv8pt5,PRE,108,Festival Grounds,Trainer,Stadium,H,,,,Uncommon,df715f707bb2
sv8pt5-109,sv8pt5,PRE,109,Friends in Paldea,Trainer,Supporter,H,,,,Common,01c7d6f6236e
sv8pt5-110,sv8pt5,PRE,110,Glass Trumpet,Trainer,Item,H,,,,Uncommon,073ee037e9e6
sv8pt5-111,sv8pt5,PRE,111,Haban Berry,Trainer,Pokémon Tool,H,,,,Common,28b7f28db076
sv8pt5-112,sv8pt5,PRE,112,Janine's Secret Art,Trainer,Supporter,H,,,,Uncommon,d5784090de20
sv8pt5-113,sv8pt5,PRE,113,Kieran,Trainer,Supporter,H,,,,Uncommon,0504af44fd23
sv8pt5-114,sv8pt5,PRE,114,Lacey,Trainer,Supporter,H,,,,Uncommon,40c1a535b57e
sv8pt5-115,sv8pt5,PRE,115,Larry's Skill,Trainer,Supporter,H,,,,Common,105a790de4b4
sv8pt5-116,sv8pt5,PRE,116,Max Rod,Trainer,Item|ACE SPEC,H,,,,ACE SPEC Rare,0bcf859c4820
sv8pt5-117,sv8pt5,PRE,117,Maximum Belt,Trainer,Pokémon Tool|ACE SPEC,H,,,,ACE SPEC Rare,555ee843c102
sv8pt5-118,sv8pt5,PRE,118,Ogre's Mask,Trainer,Item,H,,,,Uncommon,f63eaef07573
sv8pt5-119,sv8pt5,PRE,119,Prime Catcher,Trainer,Item|ACE SPEC,H,,,,ACE SPEC Rare,30f4ac6a9124
sv8pt5-120,sv8pt5,PRE,120,Professor Sada's Vitality,Trainer,Supporter|Ancient,G,,,,Uncommon,0cf9cb0c5bfc
sv8pt5-121,sv8pt5,PRE,121,Professor Turo's Scenario,Trainer,Supporter|Future,G,,,,Uncommon,a63412819c66
sv8pt5-122,sv8pt5,PRE,122,Professor's Research,Trainer,Supporter,G,,,,Common,db87e6b780a9
sv8pt5-123,sv8pt5,PRE,123,Professor's Research,Trainer,Supporter,G,,,,Common,db87e6b780a9
sv8pt5-124,sv8pt5,PRE,124,Professor's Research,Trainer,Supporter,G,,,,Common,db87e6b780a9
sv8pt5-125,sv8pt5,PRE,125,Professor's Research,Trainer,Supporter,G,,,,Common,db87e6b780a9
sv8pt5-126,sv8pt5,PRE,126,Rescue Board,Trainer,Pokémon Tool,H,,,,Uncommon,dd7dc2510095
sv8pt5-127,sv8pt5,PRE,127,Roto-Stick,Trainer,Item,H,,,,Common,d05a6bdefb77
sv8pt5-128,sv8pt5,PRE,128,Scoop Up Cyclone,Trainer,Item|ACE SPEC,H,,,,ACE SPEC Rare,ed69f93cc3e8
sv8pt5-129,sv8pt5,PRE,129,Sparkling Crystal,Trainer,Pokémon Tool|ACE SPEC,H,,,,ACE SPEC Rare,5be38f55a9e3
sv8pt5-130,sv8pt5,PRE,130,Techno Radar,Trainer,Item|Future,G,,,,Uncommon,8505d62d47b6
sv8pt5-131,sv8pt5,PRE,131,Treasure Tracker,Trainer,Item|ACE SPEC,H,,,,ACE SPEC Rare,2d5c083e9c10
sv8pt5-132,sv8pt5,PRE,132,Amarys,Trainer,Supporter,H,,,,Ultra Rare,ddc1c94ba734
sv8pt5-133,sv8pt5,PRE,133,Atticus,Trainer,Supporter,G,,,,Ultra Rare,9221203702c0
sv8pt5-134,sv8pt5,PRE,134,Atticus,Trainer,Supporter,G,,,,Ultra Rare,9221203702c0
sv8pt5-135,sv8pt5,PRE,135,Brassius,Trainer,Supporter,G,,,,Ultra Rare,006eba3137cd
sv8pt5-136,sv8pt5,PRE,136,Eri,Trainer,Supporter,H,,,,Ultra Rare,fb080fc35af7
sv8pt5-137,sv8pt5,PRE,137,Friends in Paldea,Trainer,Supporter,H,,,,Ultra Rare,01c7d6f6236e
sv8pt5-138,sv8pt5,PRE,138,Giacomo,Trainer,Supporter,G,,,,Ultra Rare,c43f2f816acc
sv8pt5-139,sv8pt5,PRE,139,Larry's Skill,Trainer,Supporter,H,,,,Ultra Rare,105a790de4b4
sv8pt5-140,sv8pt5,PRE,140,Mela,Trainer,Supporter,G,,,,Ultra Rare,8dd0b5593908
sv8pt5-141,sv8pt5,PRE,141,Ortega,Trainer,Supporter,G,,,,Ultra Rare,6d7c0e8cba8f
sv8pt5-142,sv8pt5,PRE,142,Raifort,Trainer,Supporter,G,,,,Ultra Rare,f5a45d963fde
sv8pt5-143,sv8pt5,PRE,143,Tyme,Trainer,Supporter,H,,,,Ultra Rare,f8381bddb289
sv8pt5-144,sv8pt5,PRE,144,Leafeon ex,Pokémon,Stage 1|Tera|ex,H,270,Grass,Eevee,Special Illustration Rare,b40a6a80f1a8
sv8pt5-145,sv8pt5,PRE,145,Teal Mask Ogerpon ex,Pokémon,Basic|Tera|ex,H,210,Grass,,Special Illustration Rare,30ae881695ca
sv8pt5-146,sv8pt5,PRE,146,Flareon ex,Pokémon,Stage 1|Tera|ex,H,270,Fire,Eevee,Special Illustration Rare,d5a92eecae10
sv8pt5-147,sv8pt5,PRE,147,Ceruledge ex,Pokémon,Stage 1|Tera|ex,H,270,Fire,Charcadet,Special Illustration Rare,301810c6386d
sv8pt5-148,sv8pt5,PRE,148,Hearthflame Mask Ogerpon ex,Pokémon,Basic|Tera|ex,H,210,Fire,,Special Illustration Rare,5233b7c3f609
sv8pt5-149,sv8pt5,PRE,149,Vaporeon ex,Pokémon,Stage 1|Tera|ex,H,280,Water,Eevee,Special Illustration Rare,49e005683ca1
sv8pt5-150,sv8pt5,PRE,150,Glaceon ex,Pokémon,Stage 1|Tera|ex,H,270,Water,Eevee,Special Illustration Rare,b68d3fbdf59a
sv8pt5-151,sv8pt5,PRE,151,Palafin ex,Pokémon,Stage 1|ex,H,340,Water,Finizen,Special Illustration Rare,3acfbbb697bd
sv8pt5-152,sv8pt5,PRE,152,Wellspring Mask Ogerpon ex,Pokémon,Basic|Tera|ex,H,210,Water,,Special Illustration Rare,5af8ee0b4496
sv8pt5-153,sv8pt5,PRE,153,Jolteon ex,Pokémon,Stage 1|Tera|ex,H,260,Lightning,Eevee,Special Illustration Rare,173833a0bd7d
sv8pt5-154,sv8pt5,PRE,154,Iron Hands ex,Pokémon,Basic|ex|Future,G,230,Lightning,,Special Illustration Rare,612e9639bb28
sv8pt5-155,sv8pt5,PRE,155,Espeon ex,Pokémon,Stage 1|Tera|ex,H,270,Psychic,Eevee,Special Illustration Rare,3c948b914535
sv8pt5-156,sv8pt5,PRE,156,Sylveon ex,Pokémon,Stage 1|Tera|ex,H,270,Psychic,Eevee,Special Illustration Rare,d2fe09785895
sv8pt5-157,sv8pt5,PRE,157,Iron Valiant ex,Pokémon,Basic|ex|Future,G,220,Psychic,,Special Illustration Rare,da3a89d169d4
sv8pt5-158,sv8pt5,PRE,158,Iron Crown ex,Pokémon,Basic|ex|Future,H,220,Psychic,,Special Illustration Rare,5e618deab86b
sv8pt5-159,sv8pt5,PRE,159,Sandy Shocks ex,Pokémon,Basic|ex|Ancient,G,220,Fighting,,Special Illustration Rare,99375dd618cf
sv8pt5-160,sv8pt5,PRE,160,Cornerstone Mask Ogerpon ex,Pokémon,Basic|Tera|ex,H,210,Fighting,,Special Illustration Rare,72dea9d00ee4
sv8pt5-161,sv8pt5,PRE,161,Umbreon ex,Pokémon,Stage 1|Tera|ex,H,280,Darkness,Eevee,Special Illustration Rare,1e3b2a63b56c
sv8pt5-162,sv8pt5,PRE,162,Roaring Moon ex,Pokémon,Basic|ex|Ancient,G,230,Darkness,,Special Illustration Rare,70cb3b9f1dc1
sv8pt5-163,sv8pt5,PRE,163,Pecharunt ex,Pokémon,Basic|ex,H,190,Darkness,,Special Illustration Rare,f0ca28feed17
sv8pt5-164,sv8pt5,PRE,164,Gholdengo ex,Pokémon,Stage 1|ex,G,260,Metal,Gimmighoul,Special Illustration Rare,e18f56e55040
sv8pt5-165,sv8pt5,PRE,165,Dragapult ex,Pokémon,Stage 2|Tera|ex,H,320,Dragon,Drakloak,Special Illustration Rare,7e6a5cb288c3
sv8pt5-166,sv8pt5,PRE,166,Raging Bolt ex,Pokémon,Basic|ex|Ancient,H,240,Dragon,,Special Illustration Rare,bbf5d1f1fc05
sv8pt5-167,sv8pt5,PRE,167,Eevee ex,Pokémon,Basic|Tera|ex,H,200,Colorless,,Special Illustration Rare,fd013c42ce90
sv8pt5-168,sv8pt5,PRE,168,Bloodmoon Ursaluna ex,Pokémon,Basic|ex,H,260,Colorless,,Special Illustration Rare,6a91ce4bacf5
sv8pt5-169,sv8pt5,PRE,169,Terapagos ex,Pokémon,Basic|Tera|ex,H,230,Colorless,,Special Illustration Rare,451009c529af
sv8pt5-170,sv8pt5,PRE,170,Amarys,Trainer,Supporter,H,,,,Special Illustration Rare,ddc1c94ba734
sv8pt5-171,sv8pt5,PRE,171,Crispin,Trainer,Supporter,H,,,,Special Illustration Rare,2c33654b4d26
sv8pt5-172,sv8pt5,PRE,172,Drayton,Trainer,Supporter,H,,,,Special Illustration Rare,e60dd4a3e20c
sv8pt5-173,sv8pt5,PRE,173,Janine's Secret Art,Trainer,Supporter,H,,,,Special Illustration Rare,d5784090de20
sv8pt5-174,sv8pt5,PRE,174,Kieran,Trainer,Supporter,H,,,,Special Illustration Rare,0504af44fd23
sv8pt5-175,sv8pt5,PRE,175,Lacey,Trainer,Supporter,H,,,,Special Illustration Rare,40c1a535b57e
sv8pt5-176,sv8pt5,PRE,176,Iron Leaves ex,Pokémon,Basic|ex|Future,H,220,Grass,,Hyper Rare,078a17390df1
sv8pt5-177,sv8pt5,PRE,177,Teal Mask Ogerpon ex,Pokémon,Basic|Tera|ex,H,210,Grass,,Hyper Rare,30ae881695ca
sv8pt5-178,sv8pt5,PRE,178,Walking Wake ex,Pokémon,Basic|ex|Ancient,H,220,Water,,Hyper Rare,252107c123fc
sv8pt5-179,sv8pt5,PRE,179,Pikachu ex,Pokémon,Basic|Tera|ex,H,200,Lightning,,Hyper Rare,e208fac38500
sv8pt5-180,sv8pt5,PRE,180,Terapagos ex,Pokémon,Basic|Tera|ex,H,230,Colorless,,Hyper Rare,451009c529af
sv9-1,sv9,JTG,1,Caterpie,Pokémon,Basic,I,50,Grass,,Common,20ff07a1ac2e
sv9-2,sv9,JTG,2,Metapod,Pokémon,Stage 1,I,90,Grass,Caterpie,Common,2cae66939c9f
sv9-3,sv9,JTG,3,Butterfree,Pokémon,Stage 2,I,120,Grass,Metapod,Rare,2f47da7fc3ab
sv9-4,sv9,JTG,4,Paras,Pokémon,Basic,I,70,Grass,,Common,cf05be033fbe
sv9-5,sv9,JTG,5,Parasect,Pokémon,Stage 1,I,120,Grass,Paras,Common,385d85cce53e
sv9-6,sv9,JTG,6,Petilil,Pokémon,Basic,H,50,Grass,,Common,f6df3f15dc16
sv9-7,sv9,JTG,7,Lilligant,Pokémon,Stage 1,H,110,Grass,Petilil,Common,65cc84d8d851
sv9-8,sv9,JTG,8,Maractus,Pokémon,Basic,I,110,Grass,,Uncommon,0c1529793950
sv9-9,sv9,JTG,9,Karrablast,Pokémon,Basic,I,60,Grass,,Common,333098528cc4
sv9-10,sv9,JTG,10,Foongus,Pokémon,Basic,H,50,Grass,,Common,57d1749bc7c6
sv9-11,sv9,JTG,11,Amoonguss ex,Pokémon,Stage 1|ex,H,260,Grass,Foongus,Double Rare,409d3e47ffde
sv9-12,sv9,JTG,12,Shelmet,Pokémon,Basic,I,70,Grass,,Common,2bafe81c8f69
sv9-13,sv9,JTG,13,Accelgor,Pokémon,Stage 1,I,100,Grass,Shelmet,Uncommon,310b5e5ccaad
sv9-14,sv9,JTG,14,Durant,Pokémon,Basic,H,90,Grass,,Common,a160a9612776
sv9-15,sv9,JTG,15,Virizion,Pokémon,Basic,H,120,Grass,,Uncommon,0d10cd37cb4a
sv9-16,sv9,JTG,16,Sprigatito,Pokémon,Basic,I,60,Grass,,Common,514845972b57
sv9-17,sv9,JTG,17,Floragato,Pokémon,Stage 1,I,90,Grass,Sprigatito,Common,4920a5080ef9
sv9-18,sv9,JTG,18,Meowscarada,Pokémon,Stage 2,I,160,Grass,Floragato,Rare,38a6d1de5ee4
sv9-19,sv9,JTG,19,Nymble,Pokémon,Basic,H,50,Grass,,Common,d278a9cd821a
sv9-20,sv9,JTG,20,Magmar,Pokémon,Basic,I,80,Fire,,Common,a4cea8ad50a5
sv9-21,sv9,JTG,21,Magmortar,Pokémon,Stage 1,I,130,Fire,Magmar,Rare,b0957380a569
sv9-22,sv9,JTG,22,Torchic,Pokémon,Basic,H,60,Fire,,Common,1e104d354219
sv9-23,sv9,JTG,23,Combusken,Pokémon,Stage 1,H,90,Fire,Torchic,Uncommon,8a703abc17d8
sv9-24,sv9,JTG,24,Blaziken ex,Pokémon,Stage 2|ex,H,320,Fire,Combusken,Double Rare,dbedfc8a16e8
sv9-25,sv9,JTG,25,Torkoal,Pokémon,Basic,H,130,Fire,,Common,ed1e17efe10c
sv9-26,sv9,JTG,26,N's Darumaka,Pokémon,Basic,I,80,Fire,,Common,90d25229e5a1
sv9-27,sv9,JTG,27,N's Darmanitan,Pokémon,Stage 1,I,140,Fire,N's Darumaka,Uncommon,8d00f69d4947
sv9-28,sv9,JTG,28,Larvesta,Pokémon,Basic,H,80,Fire,,Common,1120613596b1
sv9-29,sv9,JTG,29,Volcarona,Pokémon,Stage 1,H,140,Fire,Larvesta,Uncommon,78a358e382e7
sv9-30,sv9,JTG,30,Reshiram ex,Pokémon,Basic|ex,H,220,Fire,,Double Rare,a738f54f0d53
sv9-31,sv9,JTG,31,Volcanion ex,Pokémon,Basic|ex,I,220,Fire,,Double Rare,f8012aaa664a
sv9-32,sv9,JTG,32,Articuno,Pokémon,Basic,I,110,Water,,Uncommon,03c6aa496081
sv9-33,sv9,JTG,33,Remoraid,Pokémon,Basic,I,60,Water,,Common,867dd0540844
sv9-34,sv9,JTG,34,Octillery,Pokémon,Stage 1,I,110,Water,Remoraid,Uncommon,30d4ea3e03d0
sv9-35,sv9,JTG,35,Lotad,Pokémon,Basic,I,60,Water,,Common,1aa265015f99
sv9-36,sv9,JTG,36,Lombre,Pokémon,Stage 1,I,90,Water,Lotad,Common,6bb4d35c0df8
sv9-37,sv9,JTG,37,Ludicolo,Pokémon,Stage 2,I,140,Water,Lombre,Rare,0e7cb1f61c7d
sv9-38,sv9,JTG,38,Wingull,Pokémon,Basic,H,60,Water,,Common,e652dc58557d
sv9-39,sv9,JTG,39,Pelipper,Pokémon,Stage 1,H,120,Water,Wingull,Uncommon,cc08ed8deeec
sv9-40,sv9,JTG,40,Wailmer,Pokémon,Basic,I,130,Water,,Common,cb5e4953d5cd
sv9-41,sv9,JTG,41,Wailord,Pokémon,Stage 1,I,240,Water,Wailmer,Rare,13ce7b0bca25
sv9-42,sv9,JTG,42,Regice,Pokémon,Basic,H,120,Water,,Uncommon,c8bf34595d87
sv9-43,sv9,JTG,43,Veluza ex,Pokémon,Basic|ex,H,210,Water,,Double Rare,cfc0fc5d4816
sv9-44,sv9,JTG,44,Alolan Geodude,Pokémon,Basic,H,60,Lightning,,Common,ede41a6b0078
sv9-45,sv9,JTG,45,Alolan Graveler,Pokémon,Stage 1,H,100,Lightning,Alolan Geodude,Common,76d8cccfab7b
sv9-46,sv9,JTG,46,Alolan Golem,Pokémon,Stage 2,H,180,Lightning,Alolan Graveler,Uncommon,5787b4be27d9
sv9-47,sv9,JTG,47,Iono's Voltorb,Pokémon,Basic,I,70,Lightning,,Common,7795e2a67cf7
sv9-48,sv9,JTG,48,Iono's Electrode,Pokémon,Stage 1,I,100,Lightning,Iono's Voltorb,Uncommon,a9bb3290202b
sv9-49,sv9,JTG,49,N's Joltik,Pokémon,Basic,I,40,Lightning,,Common,8ecbd7318327
sv9-50,sv9,JTG,50,Togedemaru,Pokémon,Basic,H,80,Lightning,,Common,c629c9715624
sv9-51,sv9,JTG,51,Tapu Koko ex,Pokémon,Basic|ex,H,200,Lightning,,Double Rare,566569ea8466
sv9-52,sv9,JTG,52,Iono's Tadbulb,Pokémon,Basic,I,60,Lightning,,Common,dad9baebd1b9
sv9-53,sv9,JTG,53,Iono's Bellibolt ex,Pokémon,Stage 1|ex,I,280,Lightning,Iono's Tadbulb,Double Rare,b083eedb6159
sv9-54,sv9,JTG,54,Iono's Wattrel,Pokémon,Basic,I,60,Lightning,,Common,741f4fd5584f
sv9-55,sv9,JTG,55,Iono's Kilowattrel,Pokémon,Stage 1,I,120,Lightning,Iono's Wattrel,Rare,e1d65bdc35cd
sv9-56,sv9,JTG,56,Lillie's Clefairy ex,Pokémon,Basic|ex,I,190,Psychic,,Double Rare,e242a2d5af56
sv9-57,sv9,JTG,57,Alolan Marowak,Pokémon,Stage 1,H,120,Psychic,Cubone,Uncommon,eb3fe8e76434
sv9-58,sv9,JTG,58,Mr. Mime,Pokémon,Basic,I,90,Psychic,,Common,3b5fc598df90
sv9-59,sv9,JTG,59,Shuppet,Pokémon,Basic,I,60,Psychic,,Common,8f68ec967519
sv9-60,sv9,JTG,60,Banette,Pokémon,Stage 1,I,90,Psychic,Shuppet,Uncommon,be577854e26c
sv9-61,sv9,JTG,61,Beldum,Pokémon,Basic,I,60,Psychic,,Common,cf21966dfb89
sv9-62,sv9,JTG,62,Metang,Pokémon,Stage 1,I,100,Psychic,Beldum,Common,ae25537efafe
sv9-63,sv9,JTG,63,Metagross,Pokémon,Stage 2,I,170,Psychic,Metang,Rare,fd56ee8f3faf
sv9-64,sv9,JTG,64,N's Sigilyph,Pokémon,Basic,I,110,Psychic,,Common,ea57e5140734
sv9-65,sv9,JTG,65,Oricorio,Pokémon,Basic,H,80,Psychic,,Common,96cfc3b9566e
sv9-66,sv9,JTG,66,Lillie's Cutiefly,Pokémon,Basic,I,30,Psychic,,Common,2ce9ae7c4d4a
sv9-67,sv9,JTG,67,Lillie's Ribombee,Pokémon,Stage 1,I,70,Psychic,Lillie's Cutiefly,Rare,bde82b9edf4a
sv9-68,sv9,JTG,68,Lillie's Comfey,Pokémon,Basic,I,70,Psychic,,Common,a4bc0d3d3c35
sv9-69,sv9,JTG,69,Mimikyu ex,Pokémon,Basic|ex,H,190,Psychic,,Double Rare,0fc4cbfbec20
sv9-70,sv9,JTG,70,Dhelmise,Pokémon,Basic,H,130,Psychic,,Common,fbacaee4c1df
sv9-71,sv9,JTG,71,Impidimp,Pokémon,Basic,H,70,Psychic,,Common,9b20213e915c
sv9-72,sv9,JTG,72,Morgrem,Pokémon,Stage 1,H,90,Psychic,Impidimp,Common,ba5947d35329
sv9-73,sv9,JTG,73,Grimmsnarl,Pokémon,Stage 2,H,170,Psychic,Morgrem,Uncommon,c8eef29c559c
sv9-74,sv9,JTG,74,Milcery,Pokémon,Basic,H,50,Psychic,,Common,216dff3c86a4
sv9-75,sv9,JTG,75,Alcremie ex,Pokémon,Stage 1|ex,H,250,Psychic,Milcery,Double Rare,0167f2c248d7
sv9-76,sv9,JTG,76,Cubone,Pokémon,Basic,H,70,Fighting,,Common,00bfc29ce806
sv9-77,sv9,JTG,77,Swinub,Pokémon,Basic,I,70,Fighting,,Common,5e1c1c9d91b4
sv9-78,sv9,JTG,78,Piloswine,Pokémon,Stage 1,I,100,Fighting,Swinub,Common,dbd7c49900f9
sv9-79,sv9,JTG,79,Mamoswine ex,Pokémon,Stage 2|ex,I,340,Fighting,Piloswine,Double Rare,84c7f850b732
sv9-80,sv9,JTG,80,Larvitar,Pokémon,Basic,I,70,Fighting,,Common,b43ea00ac5c2
sv9-81,sv9,JTG,81,Pupitar,Pokémon,Stage 1,I,90,Fighting,Larvitar,Common,2b40a940d402
sv9-82,sv9,JTG,82,Regirock,Pokémon,Basic,I,130,Fighting,,Rare,383848e3ef00
sv9-83,sv9,JTG,83,Pancham,Pokémon,Basic,I,60,Fighting,,Common,2c0b452e51c5
sv9-84,sv9,JTG,84,Rockruff,Pokémon,Basic,I,70,Fighting,,Common,f63e52bd6641
sv9-85,sv9,JTG,85,Lycanroc,Pokémon,Stage 1,I,120,Fighting,Rockruff,Rare,f17f29a50329
sv9-86,sv9,JTG,86,Hop's Silicobra,Pokémon,Basic,I,80,Fighting,,Common,edc7ebbba3f3
sv9-87,sv9,JTG,87,Hop's Sandaconda,Pokémon,Stage 1,I,140,Fighting,Hop's Silicobra,Uncommon,a8a6f45289c4
sv9-88,sv9,JTG,88,Toedscool,Pokémon,Basic,H,60,Fighting,,Common,87d212fbdfa9
sv9-89,sv9,JTG,89,Toedscruel,Pokémon,Stage 1,H,130,Fighting,Toedscool,Uncommon,65df665bdb43
sv9-90,sv9,JTG,90,Klawf,Pokémon,Basic,I,120,Fighting,,Uncommon,fe440c8b17ab
sv9-91,sv9,JTG,91,Koffing,Pokémon,Basic,I,60,Darkness,,Common,1cdfb68acfe1
sv9-92,sv9,JTG,92,Weezing,Pokémon,Stage 1,I,130,Darkness,Koffing,Uncommon,d44aa067afc1
sv9-93,sv9,JTG,93,Paldean Wooper,Pokémon,Basic,H,60,Darkness,,Common,115fae939c21
sv9-94,sv9,JTG,94,Paldean Clodsire ex,Pokémon,Stage 1|ex,H,280,Darkness,Paldean Wooper,Double Rare,a9b8c92a86ec
sv9-95,sv9,JTG,95,Tyranitar,Pokémon,Stage 2,I,190,Darkness,Pupitar,Rare,fff5308d65c4
sv9-96,sv9,JTG,96,N's Purrloin,Pokémon,Basic,I,70,Darkness,,Common,e6c6ce6d4190
sv9-97,sv9,JTG,97,N's Zorua,Pokémon,Basic,I,70,Darkness,,Common,2daeb0c45ba0
sv9-98,sv9,JTG,98,N's Zoroark ex,Pokémon,Stage 1|ex,I,280,Darkness,N's Zorua,Double Rare,5b633be11c63
sv9-99,sv9,JTG,99,Pangoro,Pokémon,Stage 1,I,140,Darkness,Pancham,Uncommon,00861537da10
sv9-100,sv9,JTG,100,Lokix,Pokémon,Stage 1,H,120,Darkness,Nymble,Uncommon,c886a6004f6c
sv9-101,sv9,JTG,101,Bombirdier,Pokémon,Basic,H,120,Darkness,,Common,9e61cf943c46
sv9-102,sv9,JTG,102,Escavalier,Pokémon,Stage 1,I,120,Metal,Karrablast,Uncommon,f13dba24ca43
sv9-103,sv9,JTG,103,N's Klink,Pokémon,Basic,I,60,Metal,,Common,8922f315d315
sv9-104,sv9,JTG,104,N's Klang,Pokémon,Stage 1,I,90,Metal,N's Klink,Common,3456a380e8df
sv9-105,sv9,JTG,105,N's Klinklang,Pokémon,Stage 2,I,160,Metal,N's Klang,Uncommon,29795094d347
sv9-106,sv9,JTG,106,Galarian Stunfisk,Pokémon,Basic,H,100,Metal,,Common,292f25c62f3c
sv9-107,sv9,JTG,107,Magearna,Pokémon,Basic,I,90,Metal,,Rare,88cdd55c45ac
sv9-108,sv9,JTG,108,Hop's Corviknight,Pokémon,Stage 2,I,170,Metal,Hop's Corvisquire,Uncommon,af6e692b9316
sv9-109,sv9,JTG,109,Cufant,Pokémon,Basic,H,100,Metal,,Common,d65d515f3392
sv9-110,sv9,JTG,110,Copperajah,Pokémon,Stage 1,H,190,Metal,Cufant,Uncommon,e5173154fba3
sv9-111,sv9,JTG,111,Hop's Zacian ex,Pokémon,Basic|ex,I,230,Metal,,Double Rare,6c58b8be2be3
sv9-112,sv9,JTG,112,Bagon,Pokémon,Basic,I,70,Dragon,,Common,c75755a9a818
sv9-113,sv9,JTG,113,Shelgon,Pokémon,Stage 1,I,100,Dragon,Bagon,Common,f1c476877050
sv9-114,sv9,JTG,114,Salamence ex,Pokémon,Stage 2|ex,I,320,Dragon,Shelgon,Double Rare,e13b00b0be0d
sv9-115,sv9,JTG,115,Druddigon,Pokémon,Basic,I,120,Dragon,,Common,6c5f8439820a
sv9-116,sv9,JTG,116,N's Reshiram,Pokémon,Basic,I,130,Dragon,,Rare,1ff6d3fea7b3
sv9-117,sv9,JTG,117,Hop's Snorlax,Pokémon,Basic,I,150,Colorless,,Rare,2630e65f7c55
sv9-118,sv9,JTG,118,Sentret,Pokémon,Basic,I,60,Colorless,,Common,bc4dcf9d5c69
sv9-119,sv9,JTG,119,Furret,Pokémon,Stage 1,I,120,Colorless,Sentret,Common,1a7c89eed5c4
sv9-120,sv9,JTG,120,Dunsparce,Pokémon,Basic,I,70,Colorless,,Common,c0b7ae692eba
sv9-121,sv9,JTG,121,Dudunsparce ex,Pokémon,Stage 1|ex,I,270,Colorless,Dunsparce,Double Rare,c11050ca89c3
sv9-122,sv9,JTG,122,Kecleon,Pokémon,Basic,H,80,Colorless,,Common,b06e5fd4e1ce
sv9-123,sv9,JTG,123,Tropius,Pokémon,Basic,H,110,Colorless,,Common,027e20378613
sv9-124,sv9,JTG,124,Audino,Pokémon,Basic,H,110,Colorless,,Common,cf683f1615de
sv9-125,sv9,JTG,125,Minccino,Pokémon,Basic,H,70,Colorless,,Common,f03518f0cefe
sv9-126,sv9,JTG,126,Cinccino,Pokémon,Stage 1,H,100,Colorless,Minccino,Uncommon,6631d89888e3
sv9-127,sv9,JTG,127,Noibat,Pokémon,Basic,I,60,Colorless,,Common,a888bb680e13
sv9-128,sv9,JTG,128,Noivern,Pokémon,Stage 1,I,110,Colorless,Noibat,Rare,00d7729ca062
sv9-129,sv9,JTG,129,Komala,Pokémon,Basic,I,100,Colorless,,Common,3687f2b1e68c
sv9-130,sv9,JTG,130,Drampa,Pokémon,Basic,H,120,Colorless,,Common,0a1c800c76ca
sv9-131,sv9,JTG,131,Skwovet,Pokémon,Basic,H,60,Colorless,,Common,f0b84e1d70f3
sv9-132,sv9,JTG,132,Greedent,Pokémon,Stage 1,H,120,Colorless,Skwovet,Uncommon,ae0248f05a05
sv9-133,sv9,JTG,133,Hop's Rookidee,Pokémon,Basic,I,60,Colorless,,Common,cf884a085c86
sv9-134,sv9,JTG,134,Hop's Corvisquire,Pokémon,Stage 1,I,90,Colorless,Hop's Rookidee,Common,acbd30caeaa4
sv9-135,sv9,JTG,135,Hop's Wooloo,Pokémon,Basic,I,70,Colorless,,Common,b926e9b54f4e
sv9-136,sv9,JTG,136,Hop's Dubwool,Pokémon,Stage 1,I,120,Colorless,Hop's Wooloo,Rare,2bd413d8ce36
sv9-137,sv9,JTG,137,Cramorant,Pokémon,Basic,H,110,Colorless,,Common,67b477563578
sv9-138,sv9,JTG,138,Hop's Cramorant,Pokémon,Basic,I,110,Colorless,,Uncommon,e2f9f127f4c2
sv9-139,sv9,JTG,139,Lechonk,Pokémon,Basic,H,70,Colorless,,Common,f0ec9035397e
sv9-140,sv9,JTG,140,Oinkologne,Pokémon,Stage 1,H,120,Colorless,Lechonk,Uncommon,bf5d3fcbb40f
sv9-141,sv9,JTG,141,Squawkabilly,Pokémon,Basic,H,70,Colorless,,Common,06ed5e4444a3
sv9-142,sv9,JTG,142,Billy & O'Nare,Trainer,Supporter,H,,,,Common,b32ce85b48ae
sv9-143,sv9,JTG,143,Black Belt's Training,Trainer,Supporter,H,,,,Common,4292c6409709
sv9-144,sv9,JTG,144,Black Belt's Training,Trainer,Supporter,H,,,,Common,4292c6409709
sv9-145,sv9,JTG,145,Black Belt's Training,Trainer,Supporter,H,,,,Common,4292c6409709
sv9-146,sv9,JTG,146,Brock's Scouting,Trainer,Supporter,I,,,,Uncommon,e63bcfd3054e
sv9-147,sv9,JTG,147,Hop's Bag,Trainer,Item,I,,,,Uncommon,1ffe8909c3db
sv9-148,sv9,JTG,148,Hop's Choice Band,Trainer,Pokémon Tool,I,,,,Uncommon,f745cd3e86e2
sv9-149,sv9,JTG,149,Iris's Fighting Spirit,Trainer,Supporter,I,,,,Uncommon,d39f973cb174
sv9-150,sv9,JTG,150,Levincia,Trainer,Stadium,I,,,,Uncommon,e5d6eb78740b
sv9-151,sv9,JTG,151,Lillie's Pearl,Trainer,Pokémon Tool,I,,,,Uncommon,b62fe869eef5
sv9-152,sv9,JTG,152,N's Castle,Trainer,Stadium,I,,,,Uncommon,dc036c76d932
sv9-153,sv9,JTG,153,N's PP Up,Trainer,Item,I,,,,Uncommon,7d623f7afcff
sv9-154,sv9,JTG,154,Postwick,Trainer,Stadium,I,,,,Uncommon,dd2795e5f4b2
sv9-155,sv9,JTG,155,Professor's Research,Trainer,Supporter,G,,,,Common,db87e6b780a9
sv9-156,sv9,JTG,156,Redeemable Ticket,Trainer,Item,I,,,,Uncommon,3fe75988ee20
sv9-157,sv9,JTG,157,Ruffian,Trainer,Supporter,I,,,,Uncommon,202d45d142df
sv9-158,sv9,JTG,158,Super Potion,Trainer,Item,I,,,,Uncommon,4340afe39324
sv9-159,sv9,JTG,159,Spiky Energy,Energy,Special,I,,,,Uncommon,6ade050481e9
sv9-160,sv9,JTG,160,Maractus,Pokémon,Basic,I,110,Grass,,Illustration Rare,0c1529793950
sv9-161,sv9,JTG,161,Articuno,Pokémon,Basic,I,110,Water,,Illustration Rare,03c6aa496081
sv9-162,sv9,JTG,162,Wailord,Pokémon,Stage 1,I,240,Water,Wailmer,Illustration Rare,13ce7b0bca25
sv9-163,sv9,JTG,163,Iono's Kilowattrel,Pokémon,Stage 1,I,120,Lightning,Iono's Wattrel,Illustration Rare,e1d65bdc35cd
sv9-164,sv9,JTG,164,Lillie's Ribombee,Pokémon,Stage 1,I,70,Psychic,Lillie's Cutiefly,Illustration Rare,bde82b9edf4a
sv9-165,sv9,JTG,165,Swinub,Pokémon,Basic,I,70,Fighting,,Illustration Rare,5e1c1c9d91b4
sv9-166,sv9,JTG,166,Lycanroc,Pokémon,Stage 1,I,120,Fighting,Rockruff,Illustration Rare,f17f29a50329
sv9-167,sv9,JTG,167,N's Reshiram,Pokémon,Basic,I,130,Dragon,,Illustration Rare,1ff6d3fea7b3
sv9-168,sv9,JTG,168,Furret,Pokémon,Stage 1,I,120,Colorless,Sentret,Illustration Rare,1a7c89eed5c4
sv9-169,sv9,JTG,169,Noibat,Pokémon,Basic,I,60,Colorless,,Illustration Rare,a888bb680e13
sv9-170,sv9,JTG,170,Hop's Wooloo,Pokémon,Basic,I,70,Colorless,,Illustration Rare,b926e9b54f4e
sv9-171,sv9,JTG,171,Volcanion ex,Pokémon,Basic|ex,I,220,Fire,,Ultra Rare,f8012aaa664a
sv9-172,sv9,JTG,172,Iono's Bellibolt ex,Pokémon,Stage 1|ex,I,280,Lightning,Iono's Tadbulb,Ultra Rare,b083eedb6159
sv9-173,sv9,JTG,173,Lillie's Clefairy ex,Pokémon,Basic|ex,I,190,Psychic,,Ultra Rare,e242a2d5af56
sv9-174,sv9,JTG,174,Mamoswine ex,Pokémon,Stage 2|ex,I,340,Fighting,Piloswine,Ultra Rare,84c7f850b732
sv9-175,sv9,JTG,175,N's Zoroark ex,Pokémon,Stage 1|ex,I,280,Darkness,N's Zorua,Ultra Rare,5b633be11c63
sv9-176,sv9,JTG,176,Hop's Zacian ex,Pokémon,Basic|ex,I,230,Metal,,Ultra Rare,6c58b8be2be3
sv9-177,sv9,JTG,177,Salamence ex,Pokémon,Stage 2|ex,I,320,Dragon,Shelgon,Ultra Rare,e13b00b0be0d
sv9-178,sv9,JTG,178,Dudunsparce ex,Pokémon,Stage 1|ex,I,270,Colorless,Dunsparce,Ultra Rare,c11050ca89c3
sv9-179,sv9,JTG,179,Brock's Scouting,Trainer,Supporter,I,,,,Ultra Rare,e63bcfd3054e
sv9-180,sv9,JTG,180,Iris's Fighting Spirit,Trainer,Supporter,I,,,,Ultra Rare,d39f973cb174
sv9-181,sv9,JTG,181,Ruffian,Trainer,Supporter,I,,,,Ultra Rare,202d45d142df
sv9-182,sv9,JTG,182,Volcanion ex,Pokémon,Basic|ex,I,220,Fire,,Special Illustration Rare,f8012aaa664a
sv9-183,sv9,JTG,183,Iono's Bellibolt ex,Pokémon,Stage 1|ex,I,280,Lightning,Iono's Tadbulb,Special Illustration Rare,b083eedb6159
sv9-184,sv9,JTG,184,Lillie's Clefairy ex,Pokémon,Basic|ex,I,190,Psychic,,Special Illustration Rare,e242a2d5af56
sv9-185,sv9,JTG,185,N's Zoroark ex,Pokémon,Stage 1|ex,I,280,Darkness,N's Zorua,Special Illustration Rare,5b633be11c63
sv9-186,sv9,JTG,186,Hop's Zacian ex,Pokémon,Basic|ex,I,230,Metal,,Special Illustration Rare,6c58b8be2be3
sv9-187,sv9,JTG,187,Salamence ex,Pokémon,Stage 2|ex,I,320,Dragon,Shelgon,Special Illustration Rare,e13b00b0be0d
sv9-188,sv9,JTG,188,Iono's Bellibolt ex,Pokémon,Stage 1|ex,I,280,Lightning,Iono's Tadbulb,Hyper Rare,b083eedb6159
sv9-189,sv9,JTG,189,N's Zoroark ex,Pokémon,Stage 1|ex,I,280,Darkness,N's Zorua,Hyper Rare,5b633be11c63
sv9-190,sv9,JTG,190,Spiky Energy,Energy,Special,I,,,,Hyper Rare,6ade050481e9
sv10-1,sv10,DRI,1,Ethan's Pinsir,Pokémon,Basic,I,120,Grass,,Uncommon,85f8d6958a26
sv10-2,sv10,DRI,2,Yanma,Pokémon,Basic,I,70,Grass,,Common,779547c84099
sv10-3,sv10,DRI,3,Yanmega ex,Pokémon,Stage 1|ex,I,280,Grass,Yanma,Double Rare,207e469639fa
sv10-4,sv10,DRI,4,Pineco,Pokémon,Basic,I,70,Grass,,Common,79ef23441ca3
sv10-5,sv10,DRI,5,Shroomish,Pokémon,Basic,I,60,Grass,,Common,38f06881ee53
sv10-6,sv10,DRI,6,Breloom,Pokémon,Stage 1,I,120,Grass,Shroomish,Common,30ecd032b2c0
sv10-7,sv10,DRI,7,Cynthia's Roselia,Pokémon,Basic,I,70,Grass,,Common,7645a60dec18
sv10-8,sv10,DRI,8,Cynthia's Roserade,Pokémon,Stage 1,I,130,Grass,Cynthia's Roselia,Rare,298bcd46e3bb
sv10-9,sv10,DRI,9,Mow Rotom,Pokémon,Basic,I,70,Grass,,Common,357d99c2c7e0
sv10-10,sv10,DRI,10,Shaymin,Pokémon,Basic,I,80,Grass,,Uncommon,5ee3b08a1312
sv10-11,sv10,DRI,11,Dwebble,Pokémon,Basic,I,70,Grass,,Common,628057fb9c50
sv10-12,sv10,DRI,12,Crustle,Pokémon,Stage 1,I,150,Grass,Dwebble,Rare,5b1cedd41e5f
sv10-13,sv10,DRI,13,Fomantis,Pokémon,Basic,I,60,Grass,,Common,bc1483add581
sv10-14,sv10,DRI,14,Lurantis,Pokémon,Stage 1,I,120,Grass,Fomantis,Uncommon,12d0c13722a0
sv10-15,sv10,DRI,15,Team Rocket's Blipbug,Pokémon,Basic,I,60,Grass,,Common,6f8c62036ac9
sv10-16,sv10,DRI,16,Applin,Pokémon,Basic,I,40,Grass,,Common,ba339568f62a
sv10-17,sv10,DRI,17,Dipplin,Pokémon,Stage 1,I,90,Grass,Applin,Common,070294091d80
sv10-18,sv10,DRI,18,Hydrapple,Pokémon,Stage 2,I,170,Grass,Dipplin,Rare,73e03ac229a6
sv10-19,sv10,DRI,19,Team Rocket's Tarountula,Pokémon,Basic,I,50,Grass,,Common,fc4041c0c378
sv10-20,sv10,DRI,20,Team Rocket's Spidops,Pokémon,Stage 1,I,130,Grass,Team Rocket's Tarountula,Rare,0b13a6e0e4bb
sv10-21,sv10,DRI,21,Smoliv,Pokémon,Basic,I,60,Grass,,Common,c19d4569c52d
sv10-22,sv10,DRI,22,Dolliv,Pokémon,Stage 1,I,90,Grass,Smoliv,Common,1608bedbb67c
sv10-23,sv10,DRI,23,Arboliva ex,Pokémon,Stage 2|ex,I,310,Grass,Dolliv,Double Rare,8c7ddc603446
sv10-24,sv10,DRI,24,Rellor,Pokémon,Basic,H,40,Grass,,Common,a03123c9edbd
sv10-25,sv10,DRI,25,Rabsca ex,Pokémon,Stage 1|ex,H,250,Grass,Rellor,Double Rare,6b49bc51f97f
sv10-26,sv10,DRI,26,Teal Mask Ogerpon,Pokémon,Basic,I,110,Grass,,Uncommon,5e1271a5ab51
sv10-27,sv10,DRI,27,Growlithe,Pokémon,Basic,I,80,Fire,,Common,3276870a4e1d
sv10-28,sv10,DRI,28,Arcanine,Pokémon,Stage 1,I,140,Fire,Growlithe,Uncommon,b83992cbd538
sv10-29,sv10,DRI,29,Ponyta,Pokémon,Basic,I,70,Fire,,Common,6b82337b0cc7
sv10-30,sv10,DRI,30,Rapidash,Pokémon,Stage 1,I,110,Fire,Ponyta,Uncommon,565b8adaea49
sv10-31,sv10,DRI,31,Team Rocket's Moltres ex,Pokémon,Basic|ex,I,220,Fire,,Double Rare,ae8422d31eac
sv10-32,sv10,DRI,32,Ethan's Cyndaquil,Pokémon,Basic,I,70,Fire,,Common,be7f1a77ade7
sv10-33,sv10,DRI,33,Ethan's Quilava,Pokémon,Stage 1,I,100,Fire,Ethan's Cyndaquil,Common,fc8e6b2b38a7
sv10-34,sv10,DRI,34,Ethan's Typhlosion,Pokémon,Stage 2,I,170,Fire,Ethan's Quilava,Rare,bf0533bbf3ab
sv10-35,sv10,DRI,35,Ethan's Slugma,Pokémon,Basic,I,80,Fire,,Common,4c328db2f0ba
sv10-36,sv10,DRI,36,Ethan's Magcargo,Pokémon,Stage 1,I,130,Fire,Ethan's Slugma,Rare,4a40a8e471eb
sv10-37,sv10,DRI,37,Team Rocket's Houndour,Pokémon,Basic,I,70,Fire,,Common,ba4773d84f72
sv10-38,sv10,DRI,38,Team Rocket's Houndoom,Pokémon,Stage 1,I,130,Fire,Team Rocket's Houndour,Uncommon,1a45438a6416
sv10-39,sv10,DRI,39,Ethan's Ho-Oh ex,Pokémon,Basic|ex,I,230,Fire,,Double Rare,9019f215954b
sv10-40,sv10,DRI,40,Torchic,Pokémon,Basic,I,70,Fire,,Common,06b809d88d9d
sv10-41,sv10,DRI,41,Combusken,Pokémon,Stage 1,I,100,Fire,Torchic,Common,6bf6027f7af6
sv10-42,sv10,DRI,42,Blaziken,Pokémon,Stage 2,I,170,Fire,Combusken,Rare,3c0bc691df4c
sv10-43,sv10,DRI,43,Heat Rotom,Pokémon,Basic,I,80,Fire,,Common,8295648664d8
sv10-44,sv10,DRI,44,Hearthflame Mask Ogerpon,Pokémon,Basic,I,110,Fire,,Uncommon,62d3d9c9fd7f
sv10-45,sv10,DRI,45,Misty's Psyduck,Pokémon,Basic,I,70,Water,,Uncommon,15d34565571d
sv10-46,sv10,DRI,46,Misty's Staryu,Pokémon,Basic,I,70,Water,,Common,d360d2f17262
sv10-47,sv10,DRI,47,Misty's Starmie,Pokémon,Stage 1,I,100,Water,Misty's Staryu,Uncommon,ed0a1429afd7
sv10-48,sv10,DRI,48,Misty's Magikarp,Pokémon,Basic,I,30,Water,,Common,d566143ce7c9
sv10-49,sv10,DRI,49,Misty's Gyarados,Pokémon,Stage 1,I,180,Water,Misty's Magikarp,Rare,20b5f14c7055
sv10-50,sv10,DRI,50,Misty's Lapras,Pokémon,Basic,I,110,Water,,Common,6d7222f167d4
sv10-51,sv10,DRI,51,Team Rocket's Articuno,Pokémon,Basic,I,120,Water,,Rare,287c7dad2370
sv10-52,sv10,DRI,52,Cynthia's Feebas,Pokémon,Basic,I,30,Water,,Common,6273eee64005
sv10-53,sv10,DRI,53,Cynthia's Milotic,Pokémon,Stage 1,I,130,Water,Cynthia's Feebas,Uncommon,fead4ef9a57a
sv10-54,sv10,DRI,54,Clamperl,Pokémon,Basic,I,60,Water,,Common,b982d910731d
sv10-55,sv10,DRI,55,Huntail,Pokémon,Stage 1,I,110,Water,Clamperl,Uncommon,9dbde35ad07a
sv10-56,sv10,DRI,56,Gorebyss,Pokémon,Stage 1,I,90,Water,Clamperl,Rare,4de6d6d3f59b
sv10-57,sv10,DRI,57,Buizel,Pokémon,Basic,I,70,Water,,Common,f13efcdf5a17
sv10-58,sv10,DRI,58,Floatzel,Pokémon,Stage 1,I,120,Water,Buizel,Uncommon,9cf9c1b7765a
sv10-59,sv10,DRI,59,Snover,Pokémon,Basic,I,90,Water,,Common,7f45446ab949
sv10-60,sv10,DRI,60,Abomasnow,Pokémon,Stage 1,I,150,Water,Snover,Uncommon,120c17b62238
sv10-61,sv10,DRI,61,Wash Rotom,Pokémon,Basic,I,80,Water,,Common,eeaf1662b43b
sv10-62,sv10,DRI,62,Arrokuda,Pokémon,Basic,I,70,Water,,Common,b88c6066b728
sv10-63,sv10,DRI,63,Barraskewda,Pokémon,Stage 1,I,130,Water,Arrokuda,Uncommon,bdf5945cae6c
sv10-64,sv10,DRI,64,Cetoddle,Pokémon,Basic,I,100,Water,,Common,b78dc79fae5f
sv10-65,sv10,DRI,65,Cetitan ex,Pokémon,Stage 1|ex,I,300,Water,Cetoddle,Double Rare,596a2b2dfd15
sv10-66,sv10,DRI,66,Dondozo ex,Pokémon,Basic|ex,I,260,Water,,Double Rare,b49757bd5551
sv10-67,sv10,DRI,67,Wellspring Mask Ogerpon,Pokémon,Basic,I,110,Water,,Uncommon,fa2a5c41c92c
sv10-68,sv10,DRI,68,Electabuzz,Pokémon,Basic,I,90,Lightning,,Common,61c98a87d004
sv10-69,sv10,DRI,69,Electivire ex,Pokémon,Stage 1|ex,I,280,Lightning,Electabuzz,Double Rare,17109925039a
sv10-70,sv10,DRI,70,Team Rocket's Zapdos,Pokémon,Basic,I,120,Lightning,,Rare,b278ae19a5b1
sv10-71,sv10,DRI,71,Ethan's Pichu,Pokémon,Basic,I,30,Lightning,,Common,4412eaf4514f
sv10-72,sv10,DRI,72,Team Rocket's Mareep,Pokémon,Basic,I,60,Lightning,,Common,b09703f4fb2f
sv10-73,sv10,DRI,73,Team Rocket's Flaaffy,Pokémon,Stage 1,I,90,Lightning,Team Rocket's Mareep,Common,d74e975cebe4
sv10-74,sv10,DRI,74,Team Rocket's Ampharos,Pokémon,Stage 2,I,140,Lightning,Team Rocket's Flaaffy,Uncommon,5b7cacab4fe5
sv10-75,sv10,DRI,75,Electrike,Pokémon,Basic,I,60,Lightning,,Common,136470703aea
sv10-76,sv10,DRI,76,Manectric,Pokémon,Stage 1,I,120,Lightning,Electrike,Uncommon,9b446153ffc4
sv10-77,sv10,DRI,77,Rotom,Pokémon,Basic,I,60,Lightning,,Common,a5336acaeb67
sv10-78,sv10,DRI,78,Zeraora,Pokémon,Basic,I,100,Lightning,,Rare,276676cee127
sv10-79,sv10,DRI,79,Team Rocket's Drowzee,Pokémon,Basic,I,80,Psychic,,Common,7ed07b31afde
sv10-80,sv10,DRI,80,Team Rocket's Hypno,Pokémon,Stage 1,I,130,Psychic,Team Rocket's Drowzee,Uncommon,8afd6dd92bd2
sv10-81,sv10,DRI,81,Team Rocket's Mewtwo ex,Pokémon,Basic|ex,I,280,Psychic,,Double Rare,1c986d139d08
sv10-82,sv10,DRI,82,Team Rocket's Wobbuffet,Pokémon,Basic,I,110,Psychic,,Rare,58d98fd31b6c
sv10-83,sv10,DRI,83,Steven's Baltoy,Pokémon,Basic,I,60,Psychic,,Common,105779556ec4
sv10-84,sv10,DRI,84,Steven's Claydol,Pokémon,Stage 1,I,120,Psychic,Steven's Baltoy,Uncommon,504de534835b
sv10-85,sv10,DRI,85,Team Rocket's Chingling,Pokémon,Basic,I,30,Psychic,,Common,778a06f47c43
sv10-86,sv10,DRI,86,Steven's Carbink,Pokémon,Basic,I,80,Psychic,,Common,731f1f4e8fce
sv10-87,sv10,DRI,87,Team Rocket's Mimikyu,Pokémon,Basic,I,60,Psychic,,Uncommon,b85abcf8058f
sv10-88,sv10,DRI,88,Team Rocket's Dottler,Pokémon,Stage 1,I,80,Psychic,Team Rocket's Blipbug,Common,9aec9d3c254e
sv10-89,sv10,DRI,89,Team Rocket's Orbeetle,Pokémon,Stage 2,I,130,Psychic,Team Rocket's Dottler,Uncommon,1628f1dfa882
sv10-90,sv10,DRI,90,Mankey,Pokémon,Basic,I,70,Fighting,,Common,12dcf8bda6e2
sv10-91,sv10,DRI,91,Primeape,Pokémon,Stage 1,I,110,Fighting,Mankey,Common,37d4294f576a
sv10-92,sv10,DRI,92,Annihilape,Pokémon,Stage 2,I,150,Fighting,Primeape,Rare,867f3fdaf341
sv10-93,sv10,DRI,93,Ethan's Sudowoodo,Pokémon,Basic,I,110,Fighting,,Common,c21d4d611123
sv10-94,sv10,DRI,94,Team Rocket's Larvitar,Pokémon,Basic,I,70,Fighting,,Common,c2b7766e4c59
sv10-95,sv10,DRI,95,Team Rocket's Pupitar,Pokémon,Stage 1,I,100,Fighting,Team Rocket's Larvitar,Common,22a7708feca1
sv10-96,sv10,DRI,96,Team Rocket's Tyranitar,Pokémon,Stage 2,I,180,Fighting,Team Rocket's Pupitar,Rare,d5e48cfe7ca4
sv10-97,sv10,DRI,97,Nosepass,Pokémon,Basic,I,80,Fighting,,Common,446a1fecc91f
sv10-98,sv10,DRI,98,Probopass,Pokémon,Stage 1,I,140,Fighting,Nosepass,Uncommon,2dbdb03afd47
sv10-99,sv10,DRI,99,Meditite,Pokémon,Basic,I,70,Fighting,,Common,bc2671934068
sv10-100,sv10,DRI,100,Medicham,Pokémon,Stage 1,I,120,Fighting,Meditite,Uncommon,73116ea5c770
sv10-101,sv10,DRI,101,Regirock ex,Pokémon,Basic|ex,I,230,Fighting,,Double Rare,67e299f8e7c6
sv10-102,sv10,DRI,102,Cynthia's Gible,Pokémon,Basic,I,70,Fighting,,Common,f5443a835bae
sv10-103,sv10,DRI,103,Cynthia's Gabite,Pokémon,Stage 1,I,100,Fighting,Cynthia's Gible,Common,534d6f523833
sv10-104,sv10,DRI,104,Cynthia's Garchomp ex,Pokémon,Stage 2|ex,I,330,Fighting,Cynthia's Gabite,Double Rare,a9a66849a90f
sv10-105,sv10,DRI,105,Hippopotas,Pokémon,Basic,H,90,Fighting,,Common,d2361f26648d
sv10-106,sv10,DRI,106,Hippowdon,Pokémon,Stage 1,H,160,Fighting,Hippopotas,Uncommon,fe20bc0a3d8f
sv10-107,sv10,DRI,107,Mudbray,Pokémon,Basic,I,90,Fighting,,Common,5bfac459e60f
sv10-108,sv10,DRI,108,Mudsdale,Pokémon,Stage 1,I,150,Fighting,Mudbray,Uncommon,855f860babe6
sv10-109,sv10,DRI,109,Arven's Toedscool,Pokémon,Basic,I,70,Fighting,,Common,3d2eba84d9df
sv10-110,sv10,DRI,110,Arven's Toedscruel,Pokémon,Stage 1,I,140,Fighting,Arven's Toedscool,Uncommon,43547cd808bf
sv10-111,sv10,DRI,111,Cornerstone Mask Ogerpon,Pokémon,Basic,I,110,Fighting,,Uncommon,6119db5aee06
sv10-112,sv10,DRI,112,Team Rocket's Ekans,Pokémon,Basic,I,70,Darkness,,Common,fc7071f39285
sv10-113,sv10,DRI,113,Team Rocket's Arbok,Pokémon,Stage 1,I,130,Darkness,Team Rocket's Ekans,Uncommon,9f64ba66d1a8
sv10-114,sv10,DRI,114,Team Rocket's Nidoran♀,Pokémon,Basic,I,70,Darkness,,Common,27e45ab0dee9
sv10-115,sv10,DRI,115,Team Rocket's Nidorina,Pokémon,Stage 1,I,90,Darkness,Team Rocket's Nidoran♀,Common,52eeaf83ef9d
sv10-116,sv10,DRI,116,Team Rocket's Nidoqueen,Pokémon,Stage 2,I,170,Darkness,Team Rocket's Nidorina,Uncommon,2f04913faccd
sv10-117,sv10,DRI,117,Team Rocket's Nidoran♂,Pokémon,Basic,I,70,Darkness,,Common,5675b63dad19
sv10-118,sv10,DRI,118,Team Rocket's Nidorino,Pokémon,Stage 1,I,100,Darkness,Team Rocket's Nidoran♂,Common,4d93b5341840
sv10-119,sv10,DRI,119,Team Rocket's Nidoking ex,Pokémon,Stage 2|ex,I,330,Darkness,Team Rocket's Nidorino,Double Rare,79f4a07c0e49
sv10-120,sv10,DRI,120,Team Rocket's Zubat,Pokémon,Basic,I,50,Darkness,,Common,3e7162366814
sv10-121,sv10,DRI,121,Team Rocket's Golbat,Pokémon,Stage 1,I,80,Darkness,Team Rocket's Zubat,Uncommon,472fdc611725
sv10-122,sv10,DRI,122,Team Rocket's Crobat ex,Pokémon,Stage 2|ex,I,310,Darkness,Team Rocket's Golbat,Double Rare,4bf676187da6
sv10-123,sv10,DRI,123,Team Rocket's Grimer,Pokémon,Basic,I,80,Darkness,,Common,3b38fec02093
sv10-124,sv10,DRI,124,Team Rocket's Muk,Pokémon,Stage 1,I,150,Darkness,Team Rocket's Grimer,Uncommon,b7a1b5de8df8
sv10-125,sv10,DRI,125,Team Rocket's Koffing,Pokémon,Basic,I,70,Darkness,,Common,7b73e68700cd
sv10-126,sv10,DRI,126,Team Rocket's Weezing,Pokémon,Stage 1,I,130,Darkness,Team Rocket's Koffing,Uncommon,4a4f006d3cfc
sv10-127,sv10,DRI,127,Team Rocket's Murkrow,Pokémon,Basic,I,80,Darkness,,Uncommon,c5b6d3a0e997
sv10-128,sv10,DRI,128,Team Rocket's Sneasel,Pokémon,Basic,I,80,Darkness,,Rare,e2de425f9cf9
sv10-129,sv10,DRI,129,Cynthia's Spiritomb,Pokémon,Basic,I,70,Darkness,,Uncommon,948e958613d5
sv10-130,sv10,DRI,130,Marnie's Purrloin,Pokémon,Basic,I,60,Darkness,,Common,a13c707885cb
sv10-131,sv10,DRI,131,Marnie's Liepard,Pokémon,Stage 1,I,100,Darkness,Marnie's Purrloin,Uncommon,b2e3e9eb3b59
sv10-132,sv10,DRI,132,Marnie's Scraggy,Pokémon,Basic,I,70,Darkness,,Common,0a3620335f36
sv10-133,sv10,DRI,133,Marnie's Scrafty,Pokémon,Stage 1,I,120,Darkness,Marnie's Scraggy,Uncommon,0591079f05c3
sv10-134,sv10,DRI,134,Marnie's Impidimp,Pokémon,Basic,I,70,Darkness,,Common,29b29e8a94f8
sv10-135,sv10,DRI,135,Marnie's Morgrem,Pokémon,Stage 1,I,100,Darkness,Marnie's Impidimp,Uncommon,7d580a668b8c
sv10-136,sv10,DRI,136,Marnie's Grimmsnarl ex,Pokémon,Stage 2|ex,I,320,Darkness,Marnie's Morgrem,Double Rare,a3db8e450230
sv10-137,sv10,DRI,137,Marnie's Morpeko,Pokémon,Basic,I,70,Darkness,,Common,4c1248e47eb4
sv10-138,sv10,DRI,138,Arven's Maschiff,Pokémon,Basic,I,70,Darkness,,Common,c54f2b1e2030
sv10-139,sv10,DRI,139,Arven's Mabosstiff ex,Pokémon,Stage 1|ex,I,270,Darkness,Arven's Maschiff,Double Rare,2e7a9a2e0814
sv10-140,sv10,DRI,140,Forretress,Pokémon,Stage 1,I,130,Metal,Pineco,Uncommon,09d300fd3795
sv10-141,sv10,DRI,141,Skarmory,Pokémon,Basic,I,110,Metal,,Common,3d83051b9463
sv10-142,sv10,DRI,142,Steven's Skarmory,Pokémon,Basic,I,120,Metal,,Common,973b179b2a34
sv10-143,sv10,DRI,143,Steven's Beldum,Pokémon,Basic,I,70,Metal,,Common,9813b496fc58
sv10-144,sv10,DRI,144,Steven's Metang,Pokémon,Stage 1,I,100,Metal,Steven's Beldum,Uncommon,7fbb18ef8124
sv10-145,sv10,DRI,145,Steven's Metagross ex,Pokémon,Stage 2|ex,I,340,Metal,Steven's Metang,Double Rare,a677d6c6adc2
sv10-146,sv10,DRI,146,Zamazenta,Pokémon,Basic,I,130,Metal,,Rare,68107238173b
sv10-147,sv10,DRI,147,Team Rocket's Rattata,Pokémon,Basic,I,50,Colorless,,Common,5804113cdd5c
sv10-148,sv10,DRI,148,Team Rocket's Raticate,Pokémon,Stage 1,I,90,Colorless,Team Rocket's Rattata,Common,8cf78a4176af
sv10-149,sv10,DRI,149,Team Rocket's Meowth,Pokémon,Basic,I,70,Colorless,,Common,43dfff88bf30
sv10-150,sv10,DRI,150,Team Rocket's Persian ex,Pokémon,Stage 1|ex,I,260,Colorless,Team Rocket's Meowth,Double Rare,7d3f807526d9
sv10-151,sv10,DRI,151,Kangaskhan,Pokémon,Basic,I,120,Colorless,,Common,b75bf58949d3
sv10-152,sv10,DRI,152,Tauros,Pokémon,Basic,I,130,Colorless,,Common,13c533574146
sv10-153,sv10,DRI,153,Team Rocket's Porygon,Pokémon,Basic,I,60,Colorless,,Common,5d3331553e85
sv10-154,sv10,DRI,154,Team Rocket's Porygon2,Pokémon,Stage 1,I,90,Colorless,Team Rocket's Porygon,Common,5873a9d4105c
sv10-155,sv10,DRI,155,Team Rocket's Porygon-Z,Pokémon,Stage 2,I,140,Colorless,Team Rocket's Porygon2,Uncommon,134d294c5fbe
sv10-156,sv10,DRI,156,Taillow,Pokémon,Basic,I,60,Colorless,,Common,f6ef3a84386a
sv10-157,sv10,DRI,157,Swellow,Pokémon,Stage 1,I,100,Colorless,Taillow,Common,943f0d601da1
sv10-158,sv10,DRI,158,Arven's Skwovet,Pokémon,Basic,I,60,Colorless,,Common,92a80cafe9aa
sv10-159,sv10,DRI,159,Arven's Greedent,Pokémon,Stage 1,I,120,Colorless,Arven's Skwovet,Rare,c12c7d3917f9
sv10-160,sv10,DRI,160,Squawkabilly,Pokémon,Basic,I,70,Colorless,,Common,368def597774
sv10-161,sv10,DRI,161,Arven's Sandwich,Trainer,Item,I,,,,Uncommon,f4ebe866a375
sv10-162,sv10,DRI,162,Cynthia's Power Weight,Trainer,Pokémon Tool,I,,,,Uncommon,741cc04d3786
sv10-163,sv10,DRI,163,Emcee's Hype,Trainer,Supporter,I,,,,Common,16c148cf8e07
sv10-164,sv10,DRI,164,Energy Recycler,Trainer,Item,I,,,,Uncommon,44087f608293
sv10-165,sv10,DRI,165,Ethan's Adventure,Trainer,Supporter,I,,,,Uncommon,52e542fda0f3
sv10-166,sv10,DRI,166,Granite Cave,Trainer,Stadium,I,,,,Uncommon,6ffe1551bb50
sv10-167,sv10,DRI,167,Judge,Trainer,Supporter,G,,,,Uncommon,b1f42a8a89d3
sv10-168,sv10,DRI,168,Sacred Ash,Trainer,Item,I,,,,Uncommon,e6c406e8766f
sv10-169,sv10,DRI,169,Spikemuth Gym,Trainer,Stadium,I,,,,Uncommon,80c3b0e0a959
sv10-170,sv10,DRI,170,Team Rocket's Archer,Trainer,Supporter,I,,,,Uncommon,0ea9bdc0e2dc
sv10-171,sv10,DRI,171,Team Rocket's Ariana,Trainer,Supporter,I,,,,Uncommon,973ae2c97ab7
sv10-172,sv10,DRI,172,Team Rocket's Bother-Bot,Trainer,Item,I,,,,Uncommon,0f0a35f0dec9
sv10-173,sv10,DRI,173,Team Rocket's Factory,Trainer,Stadium,I,,,,Uncommon,1845277e775d
sv10-174,sv10,DRI,174,Team Rocket's Giovanni,Trainer,Supporter,I,,,,Uncommon,022999d32ab9
sv10-175,sv10,DRI,175,Team Rocket's Great Ball,Trainer,Item,I,,,,Uncommon,cef476b230aa
sv10-176,sv10,DRI,176,Team Rocket's Petrel,Trainer,Supporter,I,,,,Uncommon,937823f2880a
sv10-177,sv10,DRI,177,Team Rocket's Proton,Trainer,Supporter,I,,,,Uncommon,1db537b6fdb2
sv10-178,sv10,DRI,178,Team Rocket's Transceiver,Trainer,Item,I,,,,Uncommon,90ef51e6ff84
sv10-179,sv10,DRI,179,Team Rocket's Venture Bomb,Trainer,Item,I,,,,Uncommon,63ce68cec3e0
sv10-180,sv10,DRI,180,Team Rocket's Watchtower,Trainer,Stadium,I,,,,Uncommon,08da148a550a
sv10-181,sv10,DRI,181,TM Machine,Trainer,Item|MEGA,H,,,,Uncommon,57a2678072a8
sv10-182,sv10,DRI,182,Team Rocket's Energy,Energy,Special,I,,,,Uncommon,a7440e5b612e
sv10-183,sv10,DRI,183,Yanma,Pokémon,Basic,I,70,Grass,,Illustration Rare,779547c84099
sv10-184,sv10,DRI,184,Cynthia's Roserade,Pokémon,Stage 1,I,130,Grass,Cynthia's Roselia,Illustration Rare,298bcd46e3bb
sv10-185,sv10,DRI,185,Shaymin,Pokémon,Basic,I,80,Grass,,Illustration Rare,5ee3b08a1312
sv10-186,sv10,DRI,186,Crustle,Pokémon,Stage 1,I,150,Grass,Dwebble,Illustration Rare,5b1cedd41e5f
sv10-187,sv10,DRI,187,Team Rocket's Spidops,Pokémon,Stage 1,I,130,Grass,Team Rocket's Tarountula,Illustration Rare,0b13a6e0e4bb
sv10-188,sv10,DRI,188,Hydrapple,Pokémon,Stage 2,I,170,Grass,Dipplin,Illustration Rare,73e03ac229a6
sv10-189,sv10,DRI,189,Rapidash,Pokémon,Stage 1,I,110,Fire,Ponyta,Illustration Rare,565b8adaea49
sv10-190,sv10,DRI,190,Ethan's Typhlosion,Pokémon,Stage 2,I,170,Fire,Ethan's Quilava,Illustration Rare,bf0533bbf3ab
sv10-191,sv10,DRI,191,Team Rocket's Houndoom,Pokémon,Stage 1,I,130,Fire,Team Rocket's Houndour,Illustration Rare,1a45438a6416
sv10-192,sv10,DRI,192,Blaziken,Pokémon,Stage 2,I,170,Fire,Combusken,Illustration Rare,3c0bc691df4c
sv10-193,sv10,DRI,193,Misty's Psyduck,Pokémon,Basic,I,70,Water,,Illustration Rare,15d34565571d
sv10-194,sv10,DRI,194,Misty's Lapras,Pokémon,Basic,I,110,Water,,Illustration Rare,6d7222f167d4
sv10-195,sv10,DRI,195,Clamperl,Pokémon,Basic,I,60,Water,,Illustration Rare,b982d910731d
sv10-196,sv10,DRI,196,Electrike,Pokémon,Basic,I,60,Lightning,,Illustration Rare,136470703aea
sv10-197,sv10,DRI,197,Rotom,Pokémon,Basic,I,60,Lightning,,Illustration Rare,a5336acaeb67
sv10-198,sv10,DRI,198,Team Rocket's Orbeetle,Pokémon,Stage 2,I,130,Psychic,Team Rocket's Dottler,Illustration Rare,1628f1dfa882
sv10-199,sv10,DRI,199,Team Rocket's Weezing,Pokémon,Stage 1,I,130,Darkness,Team Rocket's Koffing,Illustration Rare,4a4f006d3cfc
sv10-200,sv10,DRI,200,Team Rocket's Murkrow,Pokémon,Basic,I,80,Darkness,,Illustration Rare,c5b6d3a0e997
sv10-201,sv10,DRI,201,Zamazenta,Pokémon,Basic,I,130,Metal,,Illustration Rare,68107238173b
sv10-202,sv10,DRI,202,Team Rocket's Raticate,Pokémon,Stage 1,I,90,Colorless,Team Rocket's Rattata,Illustration Rare,8cf78a4176af
sv10-203,sv10,DRI,203,Team Rocket's Meowth,Pokémon,Basic,I,70,Colorless,,Illustration Rare,43dfff88bf30
sv10-204,sv10,DRI,204,Kangaskhan,Pokémon,Basic,I,120,Colorless,,Illustration Rare,b75bf58949d3
sv10-205,sv10,DRI,205,Arven's Greedent,Pokémon,Stage 1,I,120,Colorless,Arven's Skwovet,Illustration Rare,c12c7d3917f9
sv10-206,sv10,DRI,206,Yanmega ex,Pokémon,Stage 1|ex,I,280,Grass,Yanma,Ultra Rare,207e469639fa
sv10-207,sv10,DRI,207,Arboliva ex,Pokémon,Stage 2|ex,I,310,Grass,Dolliv,Ultra Rare,8c7ddc603446
sv10-208,sv10,DRI,208,Team Rocket's Moltres ex,Pokémon,Basic|ex,I,220,Fire,,Ultra Rare,ae8422d31eac
sv10-209,sv10,DRI,209,Ethan's Ho-Oh ex,Pokémon,Basic|ex,I,230,Fire,,Ultra Rare,9019f215954b
sv10-210,sv10,DRI,210,Cetitan ex,Pokémon,Stage 1|ex,I,300,Water,Cetoddle,Ultra Rare,596a2b2dfd15
sv10-211,sv10,DRI,211,Dondozo ex,Pokémon,Basic|ex,I,260,Water,,Ultra Rare,b49757bd5551
sv10-212,sv10,DRI,212,Electivire ex,Pokémon,Stage 1|ex,I,280,Lightning,Electabuzz,Ultra Rare,17109925039a
sv10-213,sv10,DRI,213,Team Rocket's Mewtwo ex,Pokémon,Basic|ex,I,280,Psychic,,Ultra Rare,1c986d139d08
sv10-214,sv10,DRI,214,Regirock ex,Pokémon,Basic|ex,I,230,Fighting,,Ultra Rare,67e299f8e7c6
sv10-215,sv10,DRI,215,Cynthia's Garchomp ex,Pokémon,Stage 2|ex,I,330,Fighting,Cynthia's Gabite,Ultra Rare,a9a66849a90f
sv10-216,sv10,DRI,216,Team Rocket's Nidoking ex,Pokémon,Stage 2|ex,I,330,Darkness,Team Rocket's Nidorino,Ultra Rare,79f4a07c0e49
sv10-217,sv10,DRI,217,Team Rocket's Crobat ex,Pokémon,Stage 2|ex,I,310,Darkness,Team Rocket's Golbat,Ultra Rare,4bf676187da6
sv10-218,sv10,DRI,218,Arven's Mabosstiff ex,Pokémon,Stage 1|ex,I,270,Darkness,Arven's Maschiff,Ultra Rare,2e7a9a2e0814
sv10-219,sv10,DRI,219,Team Rocket's Persian ex,Pokémon,Stage 1|ex,I,260,Colorless,Team Rocket's Meowth,Ultra Rare,7d3f807526d9
sv10-220,sv10,DRI,220,Emcee's Hype,Trainer,Supporter,I,,,,Ultra Rare,16c148cf8e07
sv10-221,sv10,DRI,221,Ethan's Adventure,Trainer,Supporter,I,,,,Ultra Rare,52e542fda0f3
sv10-222,sv10,DRI,222,Judge,Trainer,Supporter,G,,,,Ultra Rare,b1f42a8a89d3
sv10-223,sv10,DRI,223,Team Rocket's Archer,Trainer,Supporter,I,,,,Ultra Rare,0ea9bdc0e2dc
sv10-224,sv10,DRI,224,Team Rocket's Ariana,Trainer,Supporter,I,,,,Ultra Rare,973ae2c97ab7
sv10-225,sv10,DRI,225,Team Rocket's Giovanni,Trainer,Supporter,I,,,,Ultra Rare,022999d32ab9
sv10-226,sv10,DRI,226,Team Rocket's Petrel,Trainer,Supporter,I,,,,Ultra Rare,937823f2880a
sv10-227,sv10,DRI,227,Team Rocket's Proton,Trainer,Supporter,I,,,,Ultra Rare,1db537b6fdb2
sv10-228,sv10,DRI,228,Yanmega ex,Pokémon,Stage 1|ex,I,280,Grass,Yanma,Special Illustration Rare,207e469639fa
sv10-229,sv10,DRI,229,Team Rocket's Moltres ex,Pokémon,Basic|ex,I,220,Fire,,Special Illustration Rare,ae8422d31eac
sv10-230,sv10,DRI,230,Ethan's Ho-Oh ex,Pokémon,Basic|ex,I,230,Fire,,Special Illustration Rare,9019f215954b
sv10-231,sv10,DRI,231,Team Rocket's Mewtwo ex,Pokémon,Basic|ex,I,280,Psychic,,Special Illustration Rare,1c986d139d08
sv10-232,sv10,DRI,232,Cynthia's Garchomp ex,Pokémon,Stage 2|ex,I,330,Fighting,Cynthia's Gabite,Special Illustration Rare,a9a66849a90f
sv10-233,sv10,DRI,233,Team Rocket's Nidoking ex,Pokémon,Stage 2|ex,I,330,Darkness,Team Rocket's Nidorino,Special Illustration Rare,79f4a07c0e49
sv10-234,sv10,DRI,234,Team Rocket's Crobat ex,Pokémon,Stage 2|ex,I,310,Darkness,Team Rocket's Golbat,Special Illustration Rare,4bf676187da6
sv10-235,sv10,DRI,235,Arven's Mabosstiff ex,Pokémon,Stage 1|ex,I,270,Darkness,Arven's Maschiff,Special Illustration Rare,2e7a9a2e0814
sv10-236,sv10,DRI,236,Ethan's Adventure,Trainer,Supporter,I,,,,Special Illustration Rare,52e542fda0f3
sv10-237,sv10,DRI,237,Team Rocket's Ariana,Trainer,Supporter,I,,,,Special Illustration Rare,973ae2c97ab7
sv10-238,sv10,DRI,238,Team Rocket's Giovanni,Trainer,Supporter,I,,,,Special Illustration Rare,022999d32ab9
sv10-239,sv10,DRI,239,Ethan's Ho-Oh ex,Pokémon,Basic|ex,I,230,Fire,,Hyper Rare,9019f215954b
sv10-240,sv10,DRI,240,Team Rocket's Mewtwo ex,Pokémon,Basic|ex,I,280,Psychic,,Hyper Rare,1c986d139d08
sv10-241,sv10,DRI,241,Cynthia's Garchomp ex,Pokémon,Stage 2|ex,I,330,Fighting,Cynthia's Gabite,Hyper Rare,a9a66849a90f
sv10-242,sv10,DRI,242,Team Rocket's Crobat ex,Pokémon,Stage 2|ex,I,310,Darkness,Team Rocket's Golbat,Hyper Rare,4bf676187da6
sv10-243,sv10,DRI,243,Jamming Tower,Trainer,Stadium,H,,,,Hyper Rare,abc8cf586921
sv10-244,sv10,DRI,244,Levincia,Trainer,Stadium,I,,,,Hyper Rare,e5d6eb78740b
rsv10pt5-1,rsv10pt5,WHT,1,Sewaddle,Pokémon,Basic,I,50,Grass,,Common,0c250abc1165
rsv10pt5-2,rsv10pt5,WHT,2,Swadloon,Pokémon,Stage 1,I,80,Grass,Sewaddle,Common,d09aa4d380ed
rsv10pt5-3,rsv10pt5,WHT,3,Leavanny,Pokémon,Stage 2,I,130,Grass,Swadloon,Uncommon,b411e698c800
rsv10pt5-4,rsv10pt5,WHT,4,Cottonee,Pokémon,Basic,I,60,Grass,,Common,e17908ca08f8
rsv10pt5-5,rsv10pt5,WHT,5,Whimsicott ex,Pokémon,Stage 1|ex,I,230,Grass,Cottonee,Double Rare,ca95b30c81c0
rsv10pt5-6,rsv10pt5,WHT,6,Deerling,Pokémon,Basic,I,70,Grass,,Common,7063f557369c
rsv10pt5-7,rsv10pt5,WHT,7,Sawsbuck,Pokémon,Stage 1,I,130,Grass,Deerling,Uncommon,bff544c9ff6e
rsv10pt5-8,rsv10pt5,WHT,8,Shelmet,Pokémon,Basic,I,60,Grass,,Common,1ff69df135d3
rsv10pt5-9,rsv10pt5,WHT,9,Accelgor,Pokémon,Stage 1,I,100,Grass,Shelmet,Uncommon,9d3b45550140
rsv10pt5-10,rsv10pt5,WHT,10,Virizion,Pokémon,Basic,I,120,Grass,,Rare,1093521e4934
rsv10pt5-11,rsv10pt5,WHT,11,Tepig,Pokémon,Basic,I,70,Fire,,Common,030f263eb95a
rsv10pt5-12,rsv10pt5,WHT,12,Pignite,Pokémon,Stage 1,I,110,Fire,Tepig,Common,fe003201f2e0
rsv10pt5-13,rsv10pt5,WHT,13,Emboar,Pokémon,Stage 2,I,180,Fire,Pignite,Rare,2a5988ec2acd
rsv10pt5-14,rsv10pt5,WHT,14,Pansear,Pokémon,Basic,I,70,Fire,,Common,89bd88589ec3
rsv10pt5-15,rsv10pt5,WHT,15,Simisear,Pokémon,Stage 1,I,100,Fire,Pansear,Uncommon,d39db860da9d
rsv10pt5-16,rsv10pt5,WHT,16,Litwick,Pokémon,Basic,I,60,Fire,,Common,95ad0c447ebb
rsv10pt5-17,rsv10pt5,WHT,17,Lampent,Pokémon,Stage 1,I,80,Fire,Litwick,Common,d92e8962a0d1
rsv10pt5-18,rsv10pt5,WHT,18,Chandelure,Pokémon,Stage 2,I,150,Fire,Lampent,Rare,b1410d2ac19c
rsv10pt5-19,rsv10pt5,WHT,19,Heatmor,Pokémon,Basic,I,120,Fire,,Uncommon,968de2c66e25
rsv10pt5-20,rsv10pt5,WHT,20,Reshiram ex,Pokémon,Basic|ex,I,230,Fire,,Double Rare,4c63486c7d82
rsv10pt5-21,rsv10pt5,WHT,21,Oshawott,Pokémon,Basic,I,70,Water,,Common,00640a3fbd85
rsv10pt5-22,rsv10pt5,WHT,22,Dewott,Pokémon,Stage 1,I,100,Water,Oshawott,Common,92023cecfee0
rsv10pt5-23,rsv10pt5,WHT,23,Samurott,Pokémon,Stage 2,I,160,Water,Dewott,Rare,8acdbb2a34e5
rsv10pt5-24,rsv10pt5,WHT,24,Basculin,Pokémon,Basic,I,90,Water,,Common,1265e1d6f113
rsv10pt5-25,rsv10pt5,WHT,25,Ducklett,Pokémon,Basic,I,70,Water,,Common,17f12524b9cb
rsv10pt5-26,rsv10pt5,WHT,26,Swanna,Pokémon,Stage 1,I,120,Water,Ducklett,Uncommon,fb91fae63690
rsv10pt5-27,rsv10pt5,WHT,27,Vanillite,Pokémon,Basic,I,60,Water,,Common,90e2a15f7e36
rsv10pt5-28,rsv10pt5,WHT,28,Vanillish,Pokémon,Stage 1,I,90,Water,Vanillite,Common,531648de2c9e
rsv10pt5-29,rsv10pt5,WHT,29,Vanilluxe,Pokémon,Stage 2,I,150,Water,Vanillish,Uncommon,a5d622dc3d67
rsv10pt5-30,rsv10pt5,WHT,30,Keldeo ex,Pokémon,Basic|ex,I,210,Water,,Double Rare,ab6b348fcf80
rsv10pt5-31,rsv10pt5,WHT,31,Blitzle,Pokémon,Basic,I,60,Lightning,,Common,0a1895b98909
rsv10pt5-32,rsv10pt5,WHT,32,Zebstrika,Pokémon,Stage 1,I,120,Lightning,Blitzle,Uncommon,6f81ccf07f42
rsv10pt5-33,rsv10pt5,WHT,33,Joltik,Pokémon,Basic,I,40,Lightning,,Common,7dd85b4ea7ef
rsv10pt5-34,rsv10pt5,WHT,34,Galvantula,Pokémon,Stage 1,I,90,Lightning,Joltik,Uncommon,02928e02a954
rsv10pt5-35,rsv10pt5,WHT,35,Stunfisk,Pokémon,Basic,I,110,Lightning,,Uncommon,d8e388c02307
rsv10pt5-36,rsv10pt5,WHT,36,Woobat,Pokémon,Basic,I,60,Psychic,,Common,8fde3a5b2372
rsv10pt5-37,rsv10pt5,WHT,37,Swoobat,Pokémon,Stage 1,I,90,Psychic,Woobat,Uncommon,d108cbde8967
rsv10pt5-38,rsv10pt5,WHT,38,Sigilyph,Pokémon,Basic,I,120,Psychic,,Uncommon,a65cce2dc2ea
rsv10pt5-39,rsv10pt5,WHT,39,Yamask,Pokémon,Basic,I,70,Psychic,,Common,b7aaf2c8ee47
rsv10pt5-40,rsv10pt5,WHT,40,Cofagrigus,Pokémon,Stage 1,I,120,Psychic,Yamask,Rare,47ae5f5822cf
rsv10pt5-41,rsv10pt5,WHT,41,Gothita,Pokémon,Basic,I,70,Psychic,,Common,036c4da423c4
rsv10pt5-42,rsv10pt5,WHT,42,Gothorita,Pokémon,Stage 1,I,90,Psychic,Gothita,Common,142be7e22821
rsv10pt5-43,rsv10pt5,WHT,43,Gothitelle,Pokémon,Stage 2,I,150,Psychic,Gothorita,Rare,ca87d29ed6f8
rsv10pt5-44,rsv10pt5,WHT,44,Frillish,Pokémon,Basic,I,80,Psychic,,Common,8abbf8e8f156
rsv10pt5-45,rsv10pt5,WHT,45,Jellicent ex,Pokémon,Stage 1|ex,I,270,Psychic,Frillish,Double Rare,29021381795c
rsv10pt5-46,rsv10pt5,WHT,46,Roggenrola,Pokémon,Basic,I,80,Fighting,,Common,a0c26fcdcb16
rsv10pt5-47,rsv10pt5,WHT,47,Boldore,Pokémon,Stage 1,I,110,Fighting,Roggenrola,Common,830ebcb875cd
rsv10pt5-48,rsv10pt5,WHT,48,Gigalith,Pokémon,Stage 2,I,170,Fighting,Boldore,Uncommon,2634eb9e76db
rsv10pt5-49,rsv10pt5,WHT,49,Sawk,Pokémon,Basic,I,110,Fighting,,Uncommon,706eaeccc846
rsv10pt5-50,rsv10pt5,WHT,50,Archen,Pokémon,Stage 1,I,80,Fighting,Antiuqe Plume Fossil,Uncommon,22888e0353d1
rsv10pt5-51,rsv10pt5,WHT,51,Archeops,Pokémon,Stage 2,I,140,Fighting,Archen,Rare,93f08a40effb
rsv10pt5-52,rsv10pt5,WHT,52,Mienfoo,Pokémon,Basic,I,60,Fighting,,Common,6584356e3f26
rsv10pt5-53,rsv10pt5,WHT,53,Mienshao,Pokémon,Stage 1,I,100,Fighting,Mienfoo,Uncommon,2efbf61794e4
rsv10pt5-54,rsv10pt5,WHT,54,Terrakion,Pokémon,Basic,I,140,Fighting,,Rare,54913a16ae56
rsv10pt5-55,rsv10pt5,WHT,55,Purrloin,Pokémon,Basic,I,60,Darkness,,Common,5174efdb917a
rsv10pt5-56,rsv10pt5,WHT,56,Liepard,Pokémon,Stage 1,I,110,Darkness,Purrloin,Uncommon,4c4a486e8975
rsv10pt5-57,rsv10pt5,WHT,57,Scraggy,Pokémon,Basic,I,70,Darkness,,Common,9e63ca6daef2
rsv10pt5-58,rsv10pt5,WHT,58,Scrafty,Pokémon,Stage 1,I,120,Darkness,Scraggy,Uncommon,3cb57b69fd60
rsv10pt5-59,rsv10pt5,WHT,59,Trubbish,Pokémon,Basic,I,70,Darkness,,Common,51af18c877a5
rsv10pt5-60,rsv10pt5,WHT,60,Garbodor,Pokémon,Stage 1,I,140,Darkness,Trubbish,Uncommon,72ee783c3e46
rsv10pt5-61,rsv10pt5,WHT,61,Zorua,Pokémon,Basic,I,70,Darkness,,Common,9828732b443b
rsv10pt5-62,rsv10pt5,WHT,62,Zoroark,Pokémon,Stage 1,I,120,Darkness,Zorua,Rare,1cb28be45069
rsv10pt5-63,rsv10pt5,WHT,63,Vullaby,Pokémon,Basic,I,70,Darkness,,Common,98b06b9d4c8c
rsv10pt5-64,rsv10pt5,WHT,64,Mandibuzz,Pokémon,Stage 1,I,110,Darkness,Vullaby,Uncommon,6daf8d467933
rsv10pt5-65,rsv10pt5,WHT,65,Deino,Pokémon,Basic,I,80,Darkness,,Common,de163c8400c4
rsv10pt5-66,rsv10pt5,WHT,66,Zweilous,Pokémon,Stage 1,I,110,Darkness,Deino,Common,2d97e9970e68
rsv10pt5-67,rsv10pt5,WHT,67,Hydreigon ex,Pokémon,Stage 2|ex,I,330,Darkness,Zweilous,Double Rare,b7757491899d
rsv10pt5-68,rsv10pt5,WHT,68,Ferroseed,Pokémon,Basic,I,70,Metal,,Common,75cebc7ed71c
rsv10pt5-69,rsv10pt5,WHT,69,Ferrothorn,Pokémon,Stage 1,I,140,Metal,Ferroseed,Uncommon,c7395e268432
rsv10pt5-70,rsv10pt5,WHT,70,Durant,Pokémon,Basic,I,110,Metal,,Uncommon,72645b5e12e3
rsv10pt5-71,rsv10pt5,WHT,71,Druddigon,Pokémon,Basic,I,120,Dragon,,Uncommon,d4b16d7eb86b
rsv10pt5-72,rsv10pt5,WHT,72,Patrat,Pokémon,Basic,I,60,Colorless,,Common,d0acc2dd6c22
rsv10pt5-73,rsv10pt5,WHT,73,Watchog,Pokémon,Stage 1,I,90,Colorless,Patrat,Uncommon,82c223fcb2af
rsv10pt5-74,rsv10pt5,WHT,74,Lillipup,Pokémon,Basic,I,60,Colorless,,Common,cffcbe15a21e
rsv10pt5-75,rsv10pt5,WHT,75,Herdier,Pokémon,Stage 1,I,90,Colorless,Lillipup,Common,3db39aa7a9ea
rsv10pt5-76,rsv10pt5,WHT,76,Stoutland,Pokémon,Stage 2,I,160,Colorless,Herdier,Uncommon,e2a9406dc5d7
rsv10pt5-77,rsv10pt5,WHT,77,Bouffalant ex,Pokémon,Basic|ex,I,220,Colorless,,Double Rare,62ab68922ef4
rsv10pt5-78,rsv10pt5,WHT,78,Tornadus,Pokémon,Basic,I,120,Colorless,,Rare,e7f2c6fa5ee5
rsv10pt5-79,rsv10pt5,WHT,79,Antique Plume Fossil,Trainer,Item,I,,,,Common,ffcf7b104ec4
rsv10pt5-80,rsv10pt5,WHT,80,Brave Bangle,Trainer,Pokémon Tool,I,,,,Uncommon,0107e1f48543
rsv10pt5-81,rsv10pt5,WHT,81,Cheren,Trainer,Supporter,I,,,,Uncommon,54a13cb3d8cc
rsv10pt5-82,rsv10pt5,WHT,82,Energy Retrieval,Trainer,Item,I,,,,Uncommon,8954b3071828
rsv10pt5-83,rsv10pt5,WHT,83,Harlequin,Trainer,Supporter,I,,,,Uncommon,f103a754182d
rsv10pt5-84,rsv10pt5,WHT,84,Hilda,Trainer,Supporter,I,,,,Uncommon,fbd86980f0da
rsv10pt5-85,rsv10pt5,WHT,85,Tool Scrapper,Trainer,Item,I,,,,Uncommon,aad3fcc9ac5f
rsv10pt5-86,rsv10pt5,WHT,86,Ignition Energy,Energy,Special,I,,,,Uncommon,07fa2785c004
rsv10pt5-87,rsv10pt5,WHT,87,Sewaddle,Pokémon,Basic,I,50,Grass,,Illustration Rare,0c250abc1165
rsv10pt5-88,rsv10pt5,WHT,88,Swadloon,Pokémon,Stage 1,I,80,Grass,Sewaddle,Illustration Rare,d09aa4d380ed
rsv10pt5-89,rsv10pt5,WHT,89,Leavanny,Pokémon,Stage 2,I,130,Grass,Swadloon,Illustration Rare,b411e698c800
rsv10pt5-90,rsv10pt5,WHT,90,Cottonee,Pokémon,Basic,I,60,Grass,,Illustration Rare,e17908ca08f8
rsv10pt5-91,rsv10pt5,WHT,91,Deerling,Pokémon,Basic,I,70,Grass,,Illustration Rare,7063f557369c
rsv10pt5-92,rsv10pt5,WHT,92,Sawsbuck,Pokémon,Stage 1,I,130,Grass,Deerling,Illustration Rare,bff544c9ff6e
rsv10pt5-93,rsv10pt5,WHT,93,Shelmet,Pokémon,Basic,I,60,Grass,,Illustration Rare,1ff69df135d3
rsv10pt5-94,rsv10pt5,WHT,94,Accelgor,Pokémon,Stage 1,I,100,Grass,Shelmet,Illustration Rare,9d3b45550140
rsv10pt5-95,rsv10pt5,WHT,95,Virizion,Pokémon,Basic,I,120,Grass,,Illustration Rare,1093521e4934
rsv10pt5-96,rsv10pt5,WHT,96,Tepig,Pokémon,Basic,I,70,Fire,,Illustration Rare,030f263eb95a
rsv10pt5-97,rsv10pt5,WHT,97,Pignite,Pokémon,Stage 1,I,110,Fire,Tepig,Illustration Rare,fe003201f2e0
rsv10pt5-98,rsv10pt5,WHT,98,Emboar,Pokémon,Stage 2,I,180,Fire,Pignite,Illustration Rare,2a5988ec2acd
rsv10pt5-99,rsv10pt5,WHT,99,Pansear,Pokémon,Basic,I,70,Fire,,Illustration Rare,89bd88589ec3
rsv10pt5-100,rsv10pt5,WHT,100,Simisear,Pokémon,Stage 1,I,100,Fire,Pansear,Illustration Rare,d39db860da9d
rsv10pt5-101,rsv10pt5,WHT,101,Litwick,Pokémon,Basic,I,60,Fire,,Illustration Rare,95ad0c447ebb
rsv10pt5-102,rsv10pt5,WHT,102,Lampent,Pokémon,Stage 1,I,80,Fire,Litwick,Illustration Rare,d92e8962a0d1
rsv10pt5-103,rsv10pt5,WHT,103,Chandelure,Pokémon,Stage 2,I,150,Fire,Lampent,Illustration Rare,b1410d2ac19c
rsv10pt5-104,rsv10pt5,WHT,104,Heatmor,Pokémon,Basic,I,120,Fire,,Illustration Rare,968de2c66e25
rsv10pt5-105,rsv10pt5,WHT,105,Oshawott,Pokémon,Basic,I,70,Water,,Illustration Rare,00640a3fbd85
rsv10pt5-106,rsv10pt5,WHT,106,Dewott,Pokémon,Stage 1,I,100,Water,Oshawott,Illustration Rare,92023cecfee0
rsv10pt5-107,rsv10pt5,WHT,107,Samurott,Pokémon,Stage 2,I,160,Water,Dewott,Illustration Rare,8acdbb2a34e5
rsv10pt5-108,rsv10pt5,WHT,108,Basculin,Pokémon,Basic,I,90,Water,,Illustration Rare,1265e1d6f113
rsv10pt5-109,rsv10pt5,WHT,109,Ducklett,Pokémon,Basic,I,70,Water,,Illustration Rare,17f12524b9cb
rsv10pt5-110,rsv10pt5,WHT,110,Swanna,Pokémon,Stage 1,I,120,Water,Ducklett,Illustration Rare,fb91fae63690
rsv10pt5-111,rsv10pt5,WHT,111,Vanillite,Pokémon,Basic,I,60,Water,,Illustration Rare,90e2a15f7e36
rsv10pt5-112,rsv10pt5,WHT,112,Vanillish,Pokémon,Stage 1,I,90,Water,Vanillite,Illustration Rare,531648de2c9e
rsv10pt5-113,rsv10pt5,WHT,113,Vanilluxe,Pokémon,Stage 2,I,150,Water,Vanillish,Illustration Rare,a5d622dc3d67
rsv10pt5-114,rsv10pt5,WHT,114,Blitzle,Pokémon,Basic,I,60,Lightning,,Illustration Rare,0a1895b98909
rsv10pt5-115,rsv10pt5,WHT,115,Zebstrika,Pokémon,Stage 1,I,120,Lightning,Blitzle,Illustration Rare,6f81ccf07f42
rsv10pt5-116,rsv10pt5,WHT,116,Joltik,Pokémon,Basic,I,40,Lightning,,Illustration Rare,7dd85b4ea7ef
rsv10pt5-117,rsv10pt5,WHT,117,Galvantula,Pokémon,Stage 1,I,90,Lightning,Joltik,Illustration Rare,02928e02a954
rsv10pt5-118,rsv10pt5,WHT,118,Stunfisk,Pokémon,Basic,I,110,Lightning,,Illustration Rare,d8e388c02307
rsv10pt5-119,rsv10pt5,WHT,119,Woobat,Pokémon,Basic,I,60,Psychic,,Illustration Rare,8fde3a5b2372
rsv10pt5-120,rsv10pt5,WHT,120,Swoobat,Pokémon,Stage 1,I,90,Psychic,Woobat,Illustration Rare,d108cbde8967
rsv10pt5-121,rsv10pt5,WHT,121,Sigilyph,Pokémon,Basic,I,120,Psychic,,Illustration Rare,a65cce2dc2ea
rsv10pt5-122,rsv10pt5,WHT,122,Yamask,Pokémon,Basic,I,70,Psychic,,Illustration Rare,b7aaf2c8ee47
rsv10pt5-123,rsv10pt5,WHT,123,Cofagrigus,Pokémon,Stage 1,I,120,Psychic,Yamask,Illustration Rare,47ae5f5822cf
rsv10pt5-124,rsv10pt5,WHT,124,Gothita,Pokémon,Basic,I,70,Psychic,,Illustration Rare,036c4da423c4
rsv10pt5-125,rsv10pt5,WHT,125,Gothorita,Pokémon,Stage 1,I,90,Psychic,Gothita,Illustration Rare,142be7e22821
rsv10pt5-126,rsv10pt5,WHT,126,Frillish,Pokémon,Basic,I,80,Psychic,,Illustration Rare,8abbf8e8f156
rsv10pt5-127,rsv10pt5,WHT,127,Roggenrola,Pokémon,Basic,I,80,Fighting,,Illustration Rare,a0c26fcdcb16
rsv10pt5-128,rsv10pt5,WHT,128,Boldore,Pokémon,Stage 1,I,110,Fighting,Roggenrola,Illustration Rare,830ebcb875cd
rsv10pt5-129,rsv10pt5,WHT,129,Gigalith,Pokémon,Stage 2,I,170,Fighting,Boldore,Illustration Rare,2634eb9e76db
rsv10pt5-130,rsv10pt5,WHT,130,Sawk,Pokémon,Basic,I,110,Fighting,,Illustration Rare,706eaeccc846
rsv10pt5-131,rsv10pt5,WHT,131,Archen,Pokémon,Stage 1,I,80,Fighting,Antiuqe Plume Fossil,Uncommon,22888e0353d1
rsv10pt5-132,rsv10pt5,WHT,132,Archeops,Pokémon,Stage 2,I,140,Fighting,Archen,Illustration Rare,93f08a40effb
rsv10pt5-133,rsv10pt5,WHT,133,Mienfoo,Pokémon,Basic,I,60,Fighting,,Illustration Rare,6584356e3f26
rsv10pt5-134,rsv10pt5,WHT,134,Mienshao,Pokémon,Stage 1,I,100,Fighting,Mienfoo,Illustration Rare,2efbf61794e4
rsv10pt5-135,rsv10pt5,WHT,135,Terrakion,Pokémon,Basic,I,140,Fighting,,Illustration Rare,54913a16ae56
rsv10pt5-136,rsv10pt5,WHT,136,Purrloin,Pokémon,Basic,I,60,Darkness,,Illustration Rare,5174efdb917a
rsv10pt5-137,rsv10pt5,WHT,137,Liepard,Pokémon,Stage 1,I,110,Darkness,Purrloin,Illustration Rare,4c4a486e8975
rsv10pt5-138,rsv10pt5,WHT,138,Scraggy,Pokémon,Basic,I,70,Darkness,,Illustration Rare,9e63ca6daef2
rsv10pt5-139,rsv10pt5,WHT,139,Scrafty,Pokémon,Stage 1,I,120,Darkness,Scraggy,Illustration Rare,3cb57b69fd60
rsv10pt5-140,rsv10pt5,WHT,140,Trubbish,Pokémon,Basic,I,70,Darkness,,Illustration Rare,51af18c877a5
rsv10pt5-141,rsv10pt5,WHT,141,Garbodor,Pokémon,Stage 1,I,140,Darkness,Trubbish,Illustration Rare,72ee783c3e46
rsv10pt5-142,rsv10pt5,WHT,142,Zorua,Pokémon,Basic,I,70,Darkness,,Illustration Rare,9828732b443b
rsv10pt5-143,rsv10pt5,WHT,143,Zoroark,Pokémon,Stage 1,I,120,Darkness,Zorua,Illustration Rare,1cb28be45069
rsv10pt5-144,rsv10pt5,WHT,144,Vullaby,Pokémon,Basic,I,70,Darkness,,Illustration Rare,98b06b9d4c8c
rsv10pt5-145,rsv10pt5,WHT,145,Mandibuzz,Pokémon,Stage 1,I,110,Darkness,Vullaby,Illustration Rare,6daf8d467933
rsv10pt5-146,rsv10pt5,WHT,146,Deino,Pokémon,Basic,I,80,Darkness,,Illustration Rare,de163c8400c4
rsv10pt5-147,rsv10pt5,WHT,147,Zweilous,Pokémon,Stage 1,I,110,Darkness,Deino,Illustration Rare,2d97e9970e68
rsv10pt5-148,rsv10pt5,WHT,148,Ferroseed,Pokémon,Basic,I,70,Metal,,Illustration Rare,75cebc7ed71c
rsv10pt5-149,rsv10pt5,WHT,149,Ferrothorn,Pokémon,Stage 1,I,140,Metal,Ferroseed,Illustration Rare,c7395e268432
rsv10pt5-150,rsv10pt5,WHT,150,Durant,Pokémon,Basic,I,110,Metal,,Illustration Rare,72645b5e12e3
rsv10pt5-151,rsv10pt5,WHT,151,Druddigon,Pokémon,Basic,I,120,Dragon,,Illustration Rare,d4b16d7eb86b
rsv10pt5-152,rsv10pt5,WHT,152,Patrat,Pokémon,Basic,I,60,Colorless,,Illustration Rare,d0acc2dd6c22
rsv10pt5-153,rsv10pt5,WHT,153,Watchog,Pokémon,Stage 1,I,90,Colorless,Patrat,Illustration Rare,82c223fcb2af
rsv10pt5-154,rsv10pt5,WHT,154,Lillipup,Pokémon,Basic,I,60,Colorless,,Illustration Rare,cffcbe15a21e
rsv10pt5-155,rsv10pt5,WHT,155,Herdier,Pokémon,Stage 1,I,90,Colorless,Lillipup,Illustration Rare,3db39aa7a9ea
rsv10pt5-156,rsv10pt5,WHT,156,Stoutland,Pokémon,Stage 2,I,160,Colorless,Herdier,Illustration Rare,e2a9406dc5d7
rsv10pt5-157,rsv10pt5,WHT,157,Whimsicott ex,Pokémon,Stage 1|ex,I,230,Grass,Cottonee,Ultra Rare,ca95b30c81c0
rsv10pt5-158,rsv10pt5,WHT,158,Reshiram ex,Pokémon,Basic|ex,I,230,Fire,,Ultra Rare,4c63486c7d82
rsv10pt5-159,rsv10pt5,WHT,159,Keldeo ex,Pokémon,Basic|ex,I,210,Water,,Ultra Rare,ab6b348fcf80
rsv10pt5-160,rsv10pt5,WHT,160,Jellicent ex,Pokémon,Stage 1|ex,I,270,Psychic,Frillish,Ultra Rare,29021381795c
rsv10pt5-161,rsv10pt5,WHT,161,Hydreigon ex,Pokémon,Stage 2|ex,I,330,Darkness,Zweilous,Ultra Rare,b7757491899d
rsv10pt5-162,rsv10pt5,WHT,162,Bouffalant ex,Pokémon,Basic|ex,I,220,Colorless,,Ultra Rare,62ab68922ef4
rsv10pt5-163,rsv10pt5,WHT,163,Harlequin,Trainer,Supporter,I,,,,Ultra Rare,f103a754182d
rsv10pt5-164,rsv10pt5,WHT,164,Hilda,Trainer,Supporter,I,,,,Ultra Rare,fbd86980f0da
rsv10pt5-165,rsv10pt5,WHT,165,Whimsicott ex,Pokémon,Stage 1|ex,I,230,Grass,Cottonee,Special Illustration Rare,ca95b30c81c0
rsv10pt5-166,rsv10pt5,WHT,166,Reshiram ex,Pokémon,Basic|ex,I,230,Fire,,Special Illustration Rare,4c63486c7d82
rsv10pt5-167,rsv10pt5,WHT,167,Keldeo ex,Pokémon,Basic|ex,I,210,Water,,Special Illustration Rare,ab6b348fcf80
rsv10pt5-168,rsv10pt5,WHT,168,Jellicent ex,Pokémon,Stage 1|ex,I,270,Psychic,Frillish,Special Illustration Rare,29021381795c
rsv10pt5-169,rsv10pt5,WHT,169,Hydreigon ex,Pokémon,Stage 2|ex,I,330,Darkness,Zweilous,Special Illustration Rare,b7757491899d
rsv10pt5-170,rsv10pt5,WHT,170,Bouffalant ex,Pokémon,Basic|ex,I,220,Colorless,,Special Illustration Rare,62ab68922ef4
rsv10pt5-171,rsv10pt5,WHT,171,Hilda,Trainer,Supporter,I,,,,Special Illustration Rare,fbd86980f0da
rsv10pt5-172,rsv10pt5,WHT,172,Victini,Pokémon,Basic,I,80,Fire,,Rare,d8e65a2c7c56
rsv10pt5-173,rsv10pt5,WHT,173,Reshiram ex,Pokémon,Basic|ex,I,230,Fire,,Black White Rare,4c63486c7d82
zsv10pt5-1,zsv10pt5,BLK,1,Snivy,Pokémon,Basic,I,70,Grass,,Common,72c4c6d3bd76
zsv10pt5-2,zsv10pt5,BLK,2,Servine,Pokémon,Stage 1,I,100,Grass,Snivy,Common,87ab01255183
zsv10pt5-3,zsv10pt5,BLK,3,Serperior ex,Pokémon,Stage 2|ex,I,320,Grass,Servine,Double Rare,1c821053eecb
zsv10pt5-4,zsv10pt5,BLK,4,Pansage,Pokémon,Basic,I,70,Grass,,Common,5fa9848e7be1
zsv10pt5-5,zsv10pt5,BLK,5,Simisage,Pokémon,Stage 1,I,100,Grass,Pansage,Uncommon,135e762a3d8d
zsv10pt5-6,zsv10pt5,BLK,6,Petilil,Pokémon,Basic,I,60,Grass,,Common,b0086a1c58a4
zsv10pt5-7,zsv10pt5,BLK,7,Lilligant,Pokémon,Stage 1,I,100,Grass,Petilil,Uncommon,d636c02de020
zsv10pt5-8,zsv10pt5,BLK,8,Maractus,Pokémon,Basic,I,100,Grass,,Common,fabe318fffc7
zsv10pt5-9,zsv10pt5,BLK,9,Karrablast,Pokémon,Basic,I,60,Grass,,Common,e0c481904f1d
zsv10pt5-10,zsv10pt5,BLK,10,Foongus,Pokémon,Basic,I,50,Grass,,Common,0b068a84436c
zsv10pt5-11,zsv10pt5,BLK,11,Amoonguss,Pokémon,Stage 1,I,120,Grass,Foongus,Uncommon,4ce41ad2f8a5
zsv10pt5-12,zsv10pt5,BLK,12,Victini,Pokémon,Basic,I,80,Fire,,Rare,d8e65a2c7c56
zsv10pt5-13,zsv10pt5,BLK,13,Darumaka,Pokémon,Basic,I,80,Fire,,Common,57038b7adb7b
zsv10pt5-14,zsv10pt5,BLK,14,Darmanitan,Pokémon,Stage 1,I,140,Fire,Darumaka,Uncommon,8f454af35e59
zsv10pt5-15,zsv10pt5,BLK,15,Larvesta,Pokémon,Basic,I,60,Fire,,Common,07d451ca6973
zsv10pt5-16,zsv10pt5,BLK,16,Volcarona,Pokémon,Stage 1,I,120,Fire,Larvesta,Rare,d6caca535083
zsv10pt5-17,zsv10pt5,BLK,17,Panpour,Pokémon,Basic,I,70,Water,,Common,80df8d58030d
zsv10pt5-18,zsv10pt5,BLK,18,Simipour,Pokémon,Stage 1,I,100,Water,Panpour,Uncommon,3f356659bee3
zsv10pt5-19,zsv10pt5,BLK,19,Tympole,Pokémon,Basic,I,60,Water,,Common,7563dd239a9c
zsv10pt5-20,zsv10pt5,BLK,20,Palpitoad,Pokémon,Stage 1,I,90,Water,Tympole,Common,dc90e9aac096
zsv10pt5-21,zsv10pt5,BLK,21,Seismitoad,Pokémon,Stage 2,I,170,Water,Palpitoad,Uncommon,37c0ca030817
zsv10pt5-22,zsv10pt5,BLK,22,Tirtouga,Pokémon,Stage 1,I,100,Water,Antique Cover Fossil,Uncommon,f71e12c753bd
zsv10pt5-23,zsv10pt5,BLK,23,Carracosta,Pokémon,Stage 2,I,180,Water,Tirtouga,Rare,ed6999ed4a28
zsv10pt5-24,zsv10pt5,BLK,24,Alomomola,Pokémon,Basic,I,110,Water,,Uncommon,a0277a07e3d1
zsv10pt5-25,zsv10pt5,BLK,25,Cubchoo,Pokémon,Basic,I,70,Water,,Common,e486dde5d99a
zsv10pt5-26,zsv10pt5,BLK,26,Beartic,Pokémon,Stage 1,I,150,Water,Cubchoo,Rare,d03ff743dc48
zsv10pt5-27,zsv10pt5,BLK,27,Cryogonal,Pokémon,Basic,I,90,Water,,Uncommon,f01542536ec0
zsv10pt5-28,zsv10pt5,BLK,28,Kyurem ex,Pokémon,Basic|ex,I,230,Water,,Double Rare,b4072b36ea71
zsv10pt5-29,zsv10pt5,BLK,29,Emolga,Pokémon,Basic,I,70,Lightning,,Common,4ee5bbd76741
zsv10pt5-30,zsv10pt5,BLK,30,Tynamo,Pokémon,Basic,I,40,Lightning,,Common,22c91d2df90a
zsv10pt5-31,zsv10pt5,BLK,31,Eelektrik,Pokémon,Stage 1,I,90,Lightning,Tynamo,Uncommon,82e8e26bf0bd
zsv10pt5-32,zsv10pt5,BLK,32,Eelektross,Pokémon,Stage 2,I,160,Lightning,Eelektrik,Uncommon,d0f05ff3a9ad
zsv10pt5-33,zsv10pt5,BLK,33,Thundurus,Pokémon,Basic,I,120,Lightning,,Rare,4dc3000c0a81
zsv10pt5-34,zsv10pt5,BLK,34,Zekrom ex,Pokémon,Basic|ex,I,230,Lightning,,Double Rare,2f945dd552d0
zsv10pt5-35,zsv10pt5,BLK,35,Munna,Pokémon,Basic,I,70,Psychic,,Common,1111ca640336
zsv10pt5-36,zsv10pt5,BLK,36,Musharna,Pokémon,Stage 1,I,120,Psychic,Munna,Uncommon,1033d0e65ce5
zsv10pt5-37,zsv10pt5,BLK,37,Solosis,Pokémon,Basic,I,40,Psychic,,Common,88e87007ffe9
zsv10pt5-38,zsv10pt5,BLK,38,Duosion,Pokémon,Stage 1,I,70,Psychic,Solosis,Common,ba8d87be855c
zsv10pt5-39,zsv10pt5,BLK,39,Reuniclus,Pokémon,Stage 2,I,140,Psychic,Duosion,Uncommon,298c364c5210
zsv10pt5-40,zsv10pt5,BLK,40,Elgyem,Pokémon,Basic,I,60,Psychic,,Common,8dddc4ab9518
zsv10pt5-41,zsv10pt5,BLK,41,Beheeyem,Pokémon,Stage 1,I,90,Psychic,Elgyem,Uncommon,06465828b69e
zsv10pt5-42,zsv10pt5,BLK,42,Golett,Pokémon,Basic,I,90,Psychic,,Common,1e4cab16516b
zsv10pt5-43,zsv10pt5,BLK,43,Golurk,Pokémon,Stage 1,I,160,Psychic,Golett,Uncommon,d097c8850562
zsv10pt5-44,zsv10pt5,BLK,44,Meloetta ex,Pokémon,Basic|ex,I,200,Psychic,,Double Rare,e1e66b14cfd8
zsv10pt5-45,zsv10pt5,BLK,45,Drilbur,Pokémon,Basic,I,70,Fighting,,Common,b6186f6bb397
zsv10pt5-46,zsv10pt5,BLK,46,Excadrill ex,Pokémon,Stage 1|ex,I,270,Fighting,Drilbur,Double Rare,bcd0b301cd8f
zsv10pt5-47,zsv10pt5,BLK,47,Timburr,Pokémon,Basic,I,70,Fighting,,Common,87dafb2432c4
zsv10pt5-48,zsv10pt5,BLK,48,Gurdurr,Pokémon,Stage 1,I,100,Fighting,Timburr,Common,b6e78f4593cb
zsv10pt5-49,zsv10pt5,BLK,49,Conkeldurr,Pokémon,Stage 2,I,140,Fighting,Gurdurr,Rare,693653fefb5a
zsv10pt5-50,zsv10pt5,BLK,50,Throh,Pokémon,Basic,I,130,Fighting,,Uncommon,36da9bd98999
zsv10pt5-51,zsv10pt5,BLK,51,Dwebble,Pokémon,Basic,I,70,Fighting,,Common,1e4602fd709c
zsv10pt5-52,zsv10pt5,BLK,52,Crustle,Pokémon,Stage 1,I,150,Fighting,Dwebble,Uncommon,8a261c42d0d1
zsv10pt5-53,zsv10pt5,BLK,53,Landorus,Pokémon,Basic,I,130,Fighting,,Rare,61a5e7a63d28
zsv10pt5-54,zsv10pt5,BLK,54,Venipede,Pokémon,Basic,I,80,Darkness,,Common,9940866a8864
zsv10pt5-55,zsv10pt5,BLK,55,Whirlipede,Pokémon,Stage 1,I,100,Darkness,Venipede,Common,0ce1ede47ce5
zsv10pt5-56,zsv10pt5,BLK,56,Scolipede,Pokémon,Stage 2,I,160,Darkness,Whirlipede,Uncommon,226baa3bf5e0
zsv10pt5-57,zsv10pt5,BLK,57,Sandile,Pokémon,Basic,I,70,Darkness,,Common,b64f751519b6
zsv10pt5-58,zsv10pt5,BLK,58,Krokorok,Pokémon,Stage 1,I,100,Darkness,Sandile,Common,95e38cc8d4f4
zsv10pt5-59,zsv10pt5,BLK,59,Krookodile,Pokémon,Stage 2,I,170,Darkness,Krokorok,Uncommon,f487802321ee
zsv10pt5-60,zsv10pt5,BLK,60,Escavalier,Pokémon,Stage 1,I,130,Metal,Karrablast,Uncommon,ae9f5097c888
zsv10pt5-61,zsv10pt5,BLK,61,Klink,Pokémon,Basic,I,60,Metal,,Common,bb98f8e95063
zsv10pt5-62,zsv10pt5,BLK,62,Klang,Pokémon,Stage 1,I,90,Metal,Klink,Common,ae1711e8ecaf
zsv10pt5-63,zsv10pt5,BLK,63,Klinklang,Pokémon,Stage 2,I,150,Metal,Klang,Rare,31f5d97afc5f
zsv10pt5-64,zsv10pt5,BLK,64,Pawniard,Pokémon,Basic,I,60,Metal,,Common,34897a6437ce
zsv10pt5-65,zsv10pt5,BLK,65,Bisharp,Pokémon,Stage 1,I,120,Metal,Pawniard,Uncommon,98a8b42ca967
zsv10pt5-66,zsv10pt5,BLK,66,Cobalion,Pokémon,Basic,I,120,Metal,,Rare,475a0b40cd8d
zsv10pt5-67,zsv10pt5,BLK,67,Genesect ex,Pokémon,Basic|ex,I,220,Metal,,Double Rare,ee90913a9644
zsv10pt5-68,zsv10pt5,BLK,68,Axew,Pokémon,Basic,I,70,Dragon,,Common,14fa747b73f7
zsv10pt5-69,zsv10pt5,BLK,69,Fraxure,Pokémon,Stage 1,I,100,Dragon,Axew,Common,42429a16ae69
zsv10pt5-70,zsv10pt5,BLK,70,Haxorus,Pokémon,Stage 2,I,170,Dragon,Fraxure,Rare,7cf88280f848
zsv10pt5-71,zsv10pt5,BLK,71,Pidove,Pokémon,Basic,I,60,Colorless,,Common,db6bc4afc362
zsv10pt5-72,zsv10pt5,BLK,72,Tranquill,Pokémon,Stage 1,I,80,Colorless,Pidove,Common,cfa20c4fd8fd
zsv10pt5-73,zsv10pt5,BLK,73,Unfezant,Pokémon,Stage 2,I,150,Colorless,Tranquill,Uncommon,7239690cc957
zsv10pt5-74,zsv10pt5,BLK,74,Audino,Pokémon,Basic,I,100,Colorless,,Common,fbd37f8f3b66
zsv10pt5-75,zsv10pt5,BLK,75,Minccino,Pokémon,Basic,I,60,Colorless,,Common,3e544cd12a3e
zsv10pt5-76,zsv10pt5,BLK,76,Cinccino,Pokémon,Stage 1,I,100,Colorless,Minccino,Uncommon,80c271d49b7a
zsv10pt5-77,zsv10pt5,BLK,77,Rufflet,Pokémon,Basic,I,70,Colorless,,Common,21da0edc718e
zsv10pt5-78,zsv10pt5,BLK,78,Braviary,Pokémon,Stage 1,I,140,Colorless,Rufflet,Uncommon,1aa7ed9bade9
zsv10pt5-79,zsv10pt5,BLK,79,Air Balloon,Trainer,Pokémon Tool,I,,,,Uncommon,d5195d25baf6
zsv10pt5-80,zsv10pt5,BLK,60,Antique Cover Fossil,Trainer,Item,H,60,,,Common,c74469a2e783
zsv10pt5-81,zsv10pt5,BLK,81,Energy Coin,Trainer,Item,I,,,,Uncommon,2d0f170d96b6
zsv10pt5-82,zsv10pt5,BLK,82,Fennel,Trainer,Supporter,I,,,,Uncommon,e9d5032927b0
zsv10pt5-83,zsv10pt5,BLK,83,N's Plan,Trainer,Supporter,I,,,,Uncommon,744e2f3c572b
zsv10pt5-84,zsv10pt5,BLK,84,Pokégear 3.0,Trainer,Item,I,,,,Uncommon,f96a702397ec
zsv10pt5-85,zsv10pt5,BLK,85,Professor's Research,Trainer,Supporter,G,,,,Uncommon,db87e6b780a9
zsv10pt5-86,zsv10pt5,BLK,86,Prism Energy,Energy,Special,I,,,,Uncommon,c2725899aa38
zsv10pt5-87,zsv10pt5,BLK,87,Snivy,Pokémon,Basic,I,70,Grass,,Illustration Rare,72c4c6d3bd76
zsv10pt5-88,zsv10pt5,BLK,88,Servine,Pokémon,Stage 1,I,100,Grass,Snivy,Illustration Rare,87ab01255183
zsv10pt5-89,zsv10pt5,BLK,89,Pansage,Pokémon,Basic,I,70,Grass,,Illustration Rare,5fa9848e7be1
zsv10pt5-90,zsv10pt5,BLK,90,Simisage,Pokémon,Stage 1,I,100,Grass,Pansage,Illustration Rare,135e762a3d8d
zsv10pt5-91,zsv10pt5,BLK,91,Petilil,Pokémon,Basic,I,60,Grass,,Illustration Rare,b0086a1c58a4
zsv10pt5-92,zsv10pt5,BLK,92,Lilligant,Pokémon,Stage 1,I,100,Grass,Petilil,Illustration Rare,d636c02de020
zsv10pt5-93,zsv10pt5,BLK,93,Maractus,Pokémon,Basic,I,100,Grass,,Illustration Rare,fabe318fffc7
zsv10pt5-94,zsv10pt5,BLK,94,Karrablast,Pokémon,Basic,I,60,Grass,,Illustration Rare,e0c481904f1d
zsv10pt5-95,zsv10pt5,BLK,95,Foongus,Pokémon,Basic,I,50,Grass,,Illustration Rare,0b068a84436c
zsv10pt5-96,zsv10pt5,BLK,96,Amoonguss,Pokémon,Stage 1,I,120,Grass,Foongus,Illustration Rare,4ce41ad2f8a5
zsv10pt5-97,zsv10pt5,BLK,97,Darumaka,Pokémon,Basic,I,80,Fire,,Illustration Rare,57038b7adb7b
zsv10pt5-98,zsv10pt5,BLK,98,Darmanitan,Pokémon,Stage 1,I,140,Fire,Darumaka,Illustration Rare,8f454af35e59
zsv10pt5-99,zsv10pt5,BLK,99,Larvesta,Pokémon,Basic,I,60,Fire,,Illustration Rare,07d451ca6973
zsv10pt5-100,zsv10pt5,BLK,100,Volcarona,Pokémon,Stage 1,I,120,Fire,Larvesta,Illustration Rare,d6caca535083
zsv10pt5-101,zsv10pt5,BLK,101,Panpour,Pokémon,Basic,I,70,Water,,Illustration Rare,80df8d58030d
zsv10pt5-102,zsv10pt5,BLK,102,Simipour,Pokémon,Stage 1,I,100,Water,Panpour,Illustration Rare,3f356659bee3
zsv10pt5-103,zsv10pt5,BLK,103,Tympole,Pokémon,Basic,I,60,Water,,Illustration Rare,7563dd239a9c
zsv10pt5-104,zsv10pt5,BLK,104,Palpitoad,Pokémon,Stage 1,I,90,Water,Tympole,Illustration Rare,dc90e9aac096
zsv10pt5-105,zsv10pt5,BLK,105,Seismitoad,Pokémon,Stage 2,I,170,Water,Palpitoad,Illustration Rare,37c0ca030817
zsv10pt5-106,zsv10pt5,BLK,106,Tirtouga,Pokémon,Stage 1,I,100,Water,Antique Cover Fossil,Illustration Rare,f71e12c753bd
zsv10pt5-107,zsv10pt5,BLK,107,Carracosta,Pokémon,Stage 2,I,180,Water,Tirtouga,Illustration Rare,ed6999ed4a28
zsv10pt5-108,zsv10pt5,BLK,108,Alomomola,Pokémon,Basic,I,110,Water,,Illustration Rare,a0277a07e3d1
zsv10pt5-109,zsv10pt5,BLK,109,Cubchoo,Pokémon,Basic,I,70,Water,,Illustration Rare,e486dde5d99a
zsv10pt5-110,zsv10pt5,BLK,110,Beartic,Pokémon,Stage 1,I,150,Water,Cubchoo,Illustration Rare,d03ff743dc48
zsv10pt5-111,zsv10pt5,BLK,111,Cryogonal,Pokémon,Basic,I,90,Water,,Illustration Rare,f01542536ec0
zsv10pt5-112,zsv10pt5,BLK,112,Emolga,Pokémon,Basic,I,70,Lightning,,Illustration Rare,4ee5bbd76741
zsv10pt5-113,zsv10pt5,BLK,113,Tynamo,Pokémon,Basic,I,40,Lightning,,Illustration Rare,22c91d2df90a
zsv10pt5-114,zsv10pt5,BLK,114,Eelektrik,Pokémon,Stage 1,I,90,Lightning,Tynamo,Illustration Rare,82e8e26bf0bd
zsv10pt5-115,zsv10pt5,BLK,115,Eelektross,Pokémon,Stage 2,I,160,Lightning,Eelektrik,Illustration Rare,d0f05ff3a9ad
zsv10pt5-116,zsv10pt5,BLK,116,Munna,Pokémon,Basic,I,70,Psychic,,Illustration Rare,1111ca640336
zsv10pt5-117,zsv10pt5,BLK,117,Musharna,Pokémon,Stage 1,I,120,Psychic,Munna,Illustration Rare,1033d0e65ce5
zsv10pt5-118,zsv10pt5,BLK,118,Solosis,Pokémon,Basic,I,40,Psychic,,Illustration Rare,88e87007ffe9
zsv10pt5-119,zsv10pt5,BLK,119,Duosion,Pokémon,Stage 1,I,70,Psychic,Solosis,Illustration Rare,ba8d87be855c
zsv10pt5-120,zsv10pt5,BLK,120,Elgyem,Pokémon,Basic,I,60,Psychic,,Illustration Rare,8dddc4ab9518
zsv10pt5-121,zsv10pt5,BLK,121,Beheeyem,Pokémon,Stage 1,I,90,Psychic,Elgyem,Illustration Rare,06465828b69e
zsv10pt5-122,zsv10pt5,BLK,122,Golett,Pokémon,Basic,I,90,Psychic,,Illustration Rare,1e4cab16516b
zsv10pt5-123,zsv10pt5,BLK,123,Golurk,Pokémon,Stage 1,I,160,Psychic,Golett,Illustration Rare,d097c8850562
zsv10pt5-124,zsv10pt5,BLK,124,Drilbur,Pokémon,Basic,I,70,Fighting,,Illustration Rare,b6186f6bb397
zsv10pt5-125,zsv10pt5,BLK,125,Timburr,Pokémon,Basic,I,70,Fighting,,Illustration Rare,87dafb2432c4
zsv10pt5-126,zsv10pt5,BLK,126,Gurdurr,Pokémon,Stage 1,I,100,Fighting,Timburr,Illustration Rare,b6e78f4593cb
zsv10pt5-127,zsv10pt5,BLK,127,Conkeldurr,Pokémon,Stage 2,I,140,Fighting,Gurdurr,Illustration Rare,693653fefb5a
zsv10pt5-128,zsv10pt5,BLK,128,Throh,Pokémon,Basic,I,130,Fighting,,Illustration Rare,36da9bd98999
zsv10pt5-129,zsv10pt5,BLK,129,Dwebble,Pokémon,Basic,I,70,Fighting,,Illustration Rare,1e4602fd709c
zsv10pt5-130,zsv10pt5,BLK,130,Crustle,Pokémon,Stage 1,I,150,Fighting,Dwebble,Illustration Rare,8a261c42d0d1
zsv10pt5-131,zsv10pt5,BLK,131,Landorus,Pokémon,Basic,I,130,Fighting,,Illustration Rare,61a5e7a63d28
zsv10pt5-132,zsv10pt5,BLK,132,Venipede,Pokémon,Basic,I,80,Darkness,,Illustration Rare,9940866a8864
zsv10pt5-133,zsv10pt5,BLK,133,Whirlipede,Pokémon,Stage 1,I,100,Darkness,Venipede,Illustration Rare,0ce1ede47ce5
zsv10pt5-134,zsv10pt5,BLK,134,Scolipede,Pokémon,Stage 2,I,160,Darkness,Whirlipede,Illustration Rare,226baa3bf5e0
zsv10pt5-135,zsv10pt5,BLK,135,Sandile,Pokémon,Basic,I,70,Darkness,,Illustration Rare,b64f751519b6
zsv10pt5-136,zsv10pt5,BLK,136,Krokorok,Pokémon,Stage 1,I,100,Darkness,Sandile,Illustration Rare,95e38cc8d4f4
zsv10pt5-137,zsv10pt5,BLK,137,Krookodile,Pokémon,Stage 2,I,170,Darkness,Krokorok,Illustration Rare,f487802321ee
zsv10pt5-138,zsv10pt5,BLK,138,Escavalier,Pokémon,Stage 1,I,130,Metal,Karrablast,Illustration Rare,ae9f5097c888
zsv10pt5-139,zsv10pt5,BLK,139,Klink,Pokémon,Basic,I,60,Metal,,Illustration Rare,bb98f8e95063
zsv10pt5-140,zsv10pt5,BLK,140,Klang,Pokémon,Stage 1,I,90,Metal,Klink,Illustration Rare,ae1711e8ecaf
zsv10pt5-141,zsv10pt5,BLK,141,Klinklang,Pokémon,Stage 2,I,150,Metal,Klang,Illustration Rare,31f5d97afc5f
zsv10pt5-142,zsv10pt5,BLK,142,Pawniard,Pokémon,Basic,I,60,Metal,,Illustration Rare,34897a6437ce
zsv10pt5-143,zsv10pt5,BLK,143,Bisharp,Pokémon,Stage 1,I,120,Metal,Pawniard,Illustration Rare,98a8b42ca967
zsv10pt5-144,zsv10pt5,BLK,144,Cobalion,Pokémon,Basic,I,120,Metal,,Illustration Rare,475a0b40cd8d
zsv10pt5-145,zsv10pt5,BLK,145,Axew,Pokémon,Basic,I,70,Dragon,,Illustration Rare,14fa747b73f7
zsv10pt5-146,zsv10pt5,BLK,146,Fraxure,Pokémon,Stage 1,I,100,Dragon,Axew,Illustration Rare,42429a16ae69
zsv10pt5-147,zsv10pt5,BLK,147,Haxorus,Pokémon,Stage 2,I,170,Dragon,Fraxure,Illustration Rare,7cf88280f848
zsv10pt5-148,zsv10pt5,BLK,148,Pidove,Pokémon,Basic,I,60,Colorless,,Illustration Rare,db6bc4afc362
zsv10pt5-149,zsv10pt5,BLK,149,Tranquill,Pokémon,Stage 1,I,80,Colorless,Pidove,Illustration Rare,cfa20c4fd8fd
zsv10pt5-150,zsv10pt5,BLK,150,Unfezant,Pokémon,Stage 2,I,150,Colorless,Tranquill,Illustration Rare,7239690cc957
zsv10pt5-151,zsv10pt5,BLK,151,Audino,Pokémon,Basic,I,100,Colorless,,Illustration Rare,fbd37f8f3b66
zsv10pt5-152,zsv10pt5,BLK,152,Minccino,Pokémon,Basic,I,60,Colorless,,Illustration Rare,3e544cd12a3e
zsv10pt5-153,zsv10pt5,BLK,153,Cinccino,Pokémon,Stage 1,I,100,Colorless,Minccino,Illustration Rare,80c271d49b7a
zsv10pt5-154,zsv10pt5,BLK,154,Rufflet,Pokémon,Basic,I,70,Colorless,,Illustration Rare,21da0edc718e
zsv10pt5-155,zsv10pt5,BLK,155,Braviary,Pokémon,Stage 1,I,140,Colorless,Rufflet,Illustration Rare,1aa7ed9bade9
zsv10pt5-156,zsv10pt5,BLK,156,Serperior ex,Pokémon,Stage 2|ex,I,320,Grass,Servine,Ultra Rare,1c821053eecb
zsv10pt5-157,zsv10pt5,BLK,157,Kyurem ex,Pokémon,Basic|ex,I,230,Water,,Ultra Rare,b4072b36ea71
zsv10pt5-158,zsv10pt5,BLK,158,Zekrom ex,Pokémon,Basic|ex,I,230,Lightning,,Ultra Rare,2f945dd552d0
zsv10pt5-159,zsv10pt5,BLK,159,Meloetta ex,Pokémon,Basic|ex,I,200,Psychic,,Ultra Rare,e1e66b14cfd8
zsv10pt5-160,zsv10pt5,BLK,160,Excadrill ex,Pokémon,Stage 1|ex,I,270,Fighting,Drilbur,Ultra Rare,bcd0b301cd8f
zsv10pt5-161,zsv10pt5,BLK,161,Genesect ex,Pokémon,Basic|ex,I,220,Metal,,Ultra Rare,ee90913a9644
zsv10pt5-162,zsv10pt5,BLK,162,Fennel,Trainer,Supporter,I,,,,Ultra Rare,e9d5032927b0
zsv10pt5-163,zsv10pt5,BLK,163,N's Plan,Trainer,Supporter,I,,,,Ultra Rare,744e2f3c572b
zsv10pt5-164,zsv10pt5,BLK,164,Serperior ex,Pokémon,Stage 2|ex,I,320,Grass,Servine,Special Illustration Rare,1c821053eecb
zsv10pt5-165,zsv10pt5,BLK,165,Kyurem ex,Pokémon,Basic|ex,I,230,Water,,Special Illustration Rare,b4072b36ea71
zsv10pt5-166,zsv10pt5,BLK,166,Zekrom ex,Pokémon,Basic|ex,I,230,Lightning,,Special Illustration Rare,2f945dd552d0
zsv10pt5-167,zsv10pt5,BLK,167,Meloetta ex,Pokémon,Basic|ex,I,200,Psychic,,Special Illustration Rare,e1e66b14cfd8
zsv10pt5-168,zsv10pt5,BLK,168,Excadrill ex,Pokémon,Stage 1|ex,I,270,Fighting,Drilbur,Special Illustration Rare,bcd0b301cd8f
zsv10pt5-169,zsv10pt5,BLK,169,Genesect ex,Pokémon,Basic|ex,I,220,Metal,,Special Illustration Rare,ee90913a9644
zsv10pt5-170,zsv10pt5,BLK,170,N's Plan,Trainer,Supporter,I,,,,Special Illustration Rare,744e2f3c572b
zsv10pt5-171,zsv10pt5,BLK,171,Victini,Pokémon,Basic,I,80,Fire,,Rare,d8e65a2c7c56
zsv10pt5-172,zsv10pt5,BLK,172,Zekrom ex,Pokémon,Basic|ex,I,230,Lightning,,Black White Rare,2f945dd552d0
me1-1,me1,MEG,1,Bulbasaur,Pokémon,Basic,I,80,Grass,,Common,cfec423786fa
me1-2,me1,MEG,2,Ivysaur,Pokémon,Stage 1,I,110,Grass,Bulbasaur,Common,f0c995de7f3f
me1-3,me1,MEG,3,Mega Venusaur ex,Pokémon,Stage 2|MEGA|ex,I,380,Grass,Ivysaur,Double Rare,cc384bae7513
me1-4,me1,MEG,4,Exeggcute,Pokémon,Basic,I,60,Grass,,Common,bc30e058b7f4
me1-5,me1,MEG,5,Exeggutor,Pokémon,Stage 1,I,140,Grass,Exeggcute,Uncommon,7d321ed505cf
me1-6,me1,MEG,6,Tangela,Pokémon,Basic,I,80,Grass,,Common,f45953dd92b0
me1-7,me1,MEG,7,Tangrowth,Pokémon,Stage 1,I,150,Grass,Tangela,Uncommon,ef93305ff366
me1-8,me1,MEG,8,Chikorita,Pokémon,Basic,I,70,Grass,,Common,9df5636f0a13
me1-9,me1,MEG,9,Bayleef,Pokémon,Stage 1,I,110,Grass,Chikorita,Common,898a1ec405ab
me1-10,me1,MEG,10,Meganium,Pokémon,Stage 2,I,160,Grass,Bayleef,Rare,5b77e482bb38
me1-11,me1,MEG,11,Shuckle,Pokémon,Basic,I,80,Grass,,Uncommon,6c87b6e14bb3
me1-12,me1,MEG,12,Celebi,Pokémon,Basic,I,80,Grass,,Uncommon,46b7a11594ae
me1-13,me1,MEG,13,Seedot,Pokémon,Basic,I,60,Grass,,Common,eefdfb734ceb
me1-14,me1,MEG,14,Nuzleaf,Pokémon,Stage 1,I,100,Grass,Seedot,Common,52e14ea92a8d
me1-15,me1,MEG,15,Shiftry,Pokémon,Stage 2,I,160,Grass,Nuzleaf,Uncommon,14cd2cc9e00b
me1-16,me1,MEG,16,Nincada,Pokémon,Basic,I,50,Grass,,Common,677b5d9c5376
me1-17,me1,MEG,17,Ninjask,Pokémon,Stage 1,I,80,Grass,Nincada,Uncommon,d8b7af65a70c
me1-18,me1,MEG,18,Dhelmise,Pokémon,Basic,I,120,Grass,,Common,b17172630fe3
me1-19,me1,MEG,19,Vulpix,Pokémon,Basic,I,70,Fire,,Common,af6d25b3e0c9
me1-20,me1,MEG,20,Ninetales,Pokémon,Stage 1,I,120,Fire,Vulpix,Uncommon,a41389dc1c23
me1-21,me1,MEG,21,Numel,Pokémon,Basic,I,80,Fire,,Common,4da3e4651569
me1-22,me1,MEG,22,Mega Camerupt ex,Pokémon,Stage 1|MEGA|ex,I,340,Fire,Numel,Double Rare,a4ed54f66cd0
me1-23,me1,MEG,23,Litleo,Pokémon,Basic,I,70,Fire,,Common,db74271f799e
me1-24,me1,MEG,24,Pyroar,Pokémon,Stage 1,I,130,Fire,Litleo,Uncommon,4961a20d06af
me1-25,me1,MEG,25,Volcanion,Pokémon,Basic,I,130,Fire,,Uncommon,66ccbf00734e
me1-26,me1,MEG,26,Scorbunny,Pokémon,Basic,I,70,Fire,,Common,8ca965ca4724
me1-27,me1,MEG,27,Raboot,Pokémon,Stage 1,I,100,Fire,Scorbunny,Common,1990608db295
me1-28,me1,MEG,28,Cinderace,Pokémon,Stage 2,I,160,Fire,Raboot,Rare,777772852342
me1-29,me1,MEG,29,Sizzlipede,Pokémon,Basic,I,80,Fire,,Common,7feb78bb2d96
me1-30,me1,MEG,30,Centiskorch,Pokémon,Stage 1,I,140,Fire,Sizzlipede,Uncommon,22f8a4b9b2ab
me1-31,me1,MEG,31,Chi-Yu,Pokémon,Basic,I,110,Fire,,Uncommon,4c5c7d68d137
me1-32,me1,MEG,32,Mantine,Pokémon,Basic,I,110,Water,,Common,adc024fd6563
me1-33,me1,MEG,33,Corphish,Pokémon,Basic,I,80,Water,,Common,19dea9f3ed8b
me1-34,me1,MEG,34,Kyogre,Pokémon,Basic,I,150,Water,,Rare,3ebf1bce86db
me1-35,me1,MEG,35,Snover,Pokémon,Basic,I,90,Water,,Common,2e90a852ac0c
me1-36,me1,MEG,36,Mega Abomasnow ex,Pokémon,Stage 1|MEGA|ex,I,350,Water,Snover,Double Rare,60ff558f94f2
me1-37,me1,MEG,37,Clauncher,Pokémon,Basic,I,80,Water,,Common,f4884281927e
me1-38,me1,MEG,38,Clawitzer,Pokémon,Stage 1,I,130,Water,Clauncher,Rare,ee882fa7c9e6
me1-39,me1,MEG,39,Sobble,Pokémon,Basic,I,70,Water,,Common,2db9dee14c5c
me1-40,me1,MEG,40,Drizzile,Pokémon,Stage 1,I,100,Water,Sobble,Common,0e00cb75cb73
me1-41,me1,MEG,41,Inteleon,Pokémon,Stage 2,I,150,Water,Drizzile,Uncommon,158e6eabac25
me1-42,me1,MEG,42,Snom,Pokémon,Basic,I,50,Water,,Common,eb6b2dd91b8e
me1-43,me1,MEG,43,Frosmoth,Pokémon,Stage 1,I,110,Water,Snom,Uncommon,7ae1e9abffbd
me1-44,me1,MEG,44,Eiscue,Pokémon,Basic,I,110,Water,,Common,2e693b4b98af
me1-45,me1,MEG,45,Magnemite,Pokémon,Basic,I,70,Lightning,,Common,13883ee46247
me1-46,me1,MEG,46,Magneton,Pokémon,Stage 1,I,90,Lightning,Magnemite,Common,0313e4654f84
me1-47,me1,MEG,47,Magnezone,Pokémon,Stage 2,I,160,Lightning,Magneton,Uncommon,680b6d58c5af
me1-48,me1,MEG,48,Raikou,Pokémon,Basic,I,120,Lightning,,Rare,4080ada1fabd
me1-49,me1,MEG,49,Electrike,Pokémon,Basic,I,70,Lightning,,Common,84f5191cb1d7
me1-50,me1,MEG,50,Mega Manectric ex,Pokémon,Stage 1|MEGA|ex,I,330,Lightning,Electrike,Double Rare,bd3a5e391fa6
me1-51,me1,MEG,51,Pachirisu,Pokémon,Basic,I,70,Lightning,,Common,ed006338eeda
me1-52,me1,MEG,52,Helioptile,Pokémon,Basic,I,70,Lightning,,Common,0ef9a6d04778
me1-53,me1,MEG,53,Heliolisk,Pokémon,Stage 1,I,120,Lightning,Helioptile,Common,9ec5120d6d38
me1-54,me1,MEG,54,Abra,Pokémon,Basic,I,50,Psychic,,Common,b8cc78bf6099
me1-55,me1,MEG,55,Kadabra,Pokémon,Stage 1,I,80,Psychic,Abra,Uncommon,69d954ec58e2
me1-56,me1,MEG,56,Alakazam,Pokémon,Stage 2,I,140,Psychic,Kadabra,Rare,37cd6e8afc0e
me1-57,me1,MEG,57,Jynx,Pokémon,Basic,I,110,Psychic,,Common,28865d57d429
me1-58,me1,MEG,58,Ralts,Pokémon,Basic,I,70,Psychic,,Common,43d01ee924bf
me1-59,me1,MEG,59,Kirlia,Pokémon,Stage 1,I,100,Psychic,Ralts,Common,80ace8a9afc3
me1-60,me1,MEG,60,Mega Gardevoir ex,Pokémon,Stage 2|MEGA|ex,I,360,Psychic,Kirlia,Double Rare,33a7fea7416c
me1-61,me1,MEG,61,Shedinja,Pokémon,Stage 1,I,60,Psychic,Nincada,Uncommon,04faafc30598
me1-62,me1,MEG,62,Spoink,Pokémon,Basic,I,70,Psychic,,Common,a9a1bfc71b4a
me1-63,me1,MEG,63,Grumpig,Pokémon,Stage 1,I,120,Psychic,Spoink,Uncommon,2d873963e377
me1-64,me1,MEG,64,Xerneas,Pokémon,Basic,I,120,Psychic,,Rare,89b49095c95d
me1-65,me1,MEG,65,Greavard,Pokémon,Basic,I,80,Psychic,,Common,4cf762c374d5
me1-66,me1,MEG,66,Houndstone,Pokémon,Stage 1,I,140,Psychic,Greavard,Uncommon,d88ec5441f35
me1-67,me1,MEG,67,Gimmighoul,Pokémon,Basic,I,70,Psychic,,Common,94e238150527
me1-68,me1,MEG,68,Sandshrew,Pokémon,Basic,I,70,Fighting,,Common,2965a5c5b9dc
me1-69,me1,MEG,69,Sandslash,Pokémon,Stage 1,I,120,Fighting,Sandshrew,Common,b89fa2ecebbc
me1-70,me1,MEG,70,Onix,Pokémon,Basic,I,120,Fighting,,Common,25282ec57c4b
me1-71,me1,MEG,71,Tyrogue,Pokémon,Basic,I,30,Fighting,,Common,1e09a87714e3
me1-72,me1,MEG,72,Makuhita,Pokémon,Basic,I,80,Fighting,,Common,4984253497d5
me1-73,me1,MEG,73,Hariyama,Pokémon,Stage 1,I,150,Fighting,Makuhita,Rare,361217f67371
me1-74,me1,MEG,74,Lunatone,Pokémon,Basic,I,110,Fighting,,Rare,72b18f35d8a0
me1-75,me1,MEG,75,Solrock,Pokémon,Basic,I,110,Fighting,,Uncommon,154753120080
me1-76,me1,MEG,76,Riolu,Pokémon,Basic,I,80,Fighting,,Common,275476d7f2fc
me1-77,me1,MEG,77,Mega Lucario ex,Pokémon,Stage 1|MEGA|ex,I,340,Fighting,Riolu,Double Rare,fcd64d018024
me1-78,me1,MEG,78,Croagunk,Pokémon,Basic,I,70,Fighting,,Common,99dd9009a629
me1-79,me1,MEG,79,Toxicroak,Pokémon,Stage 1,I,130,Fighting,Croagunk,Common,803a196ace8c
me1-80,me1,MEG,80,Marshadow,Pokémon,Basic,I,90,Fighting,,Uncommon,f658efc4b87b
me1-81,me1,MEG,81,Stonjourner,Pokémon,Basic,I,130,Fighting,,Uncommon,92d0630ecf4b
me1-82,me1,MEG,82,Nacli,Pokémon,Basic,I,70,Fighting,,Common,8cb2d78ff09f
me1-83,me1,MEG,83,Naclstack,Pokémon,Stage 1,I,110,Fighting,Nacli,Common,975e700f7917
me1-84,me1,MEG,84,Garganacl,Pokémon,Stage 2,I,180,Fighting,Naclstack,Uncommon,641d530234ed
me1-85,me1,MEG,85,Crawdaunt,Pokémon,Stage 1,I,130,Darkness,Corphish,Uncommon,6b8f27da1063
me1-86,me1,MEG,86,Mega Absol ex,Pokémon,Basic|MEGA|ex,I,280,Darkness,,Double Rare,631b6a284329
me1-87,me1,MEG,87,Spiritomb,Pokémon,Basic,I,80,Darkness,,Uncommon,559f81cbe0b2
me1-88,me1,MEG,88,Yveltal,Pokémon,Basic,I,110,Darkness,,Rare,720f1e32410e
me1-89,me1,MEG,89,Nickit,Pokémon,Basic,I,70,Darkness,,Common,1b0020601851
me1-90,me1,MEG,90,Thievul,Pokémon,Stage 1,I,120,Darkness,Nickit,Common,0a581ac70f58
me1-91,me1,MEG,91,Shroodle,Pokémon,Basic,I,60,Darkness,,Common,0f2fa24ac405
me1-92,me1,MEG,92,Grafaiai,Pokémon,Stage 1,I,100,Darkness,Shroodle,Common,da1911731edf
me1-93,me1,MEG,93,Steelix,Pokémon,Stage 1,I,200,Metal,Onix,Rare,63368efc6e29
me1-94,me1,MEG,94,Mega Mawile ex,Pokémon,Basic|MEGA|ex,I,270,Metal,,Double Rare,c6a0d1755697
me1-95,me1,MEG,95,Dialga,Pokémon,Basic,I,140,Metal,,Rare,8deed96a17a6
me1-96,me1,MEG,96,Tinkatink,Pokémon,Basic,I,70,Metal,,Common,7d85f4722680
me1-97,me1,MEG,97,Tinkatuff,Pokémon,Stage 1,I,90,Metal,Tinkatink,Common,10afbde983e6
me1-98,me1,MEG,98,Tinkaton,Pokémon,Stage 2,I,160,Metal,Tinkatuff,Uncommon,1edf4816913b
me1-99,me1,MEG,99,Gholdengo,Pokémon,Stage 1,I,130,Metal,Gimmighoul,Uncommon,6d771cd8d174
me1-100,me1,MEG,100,Mega Latias ex,Pokémon,Basic|MEGA|ex,I,280,Dragon,,Double Rare,aacc6744c1c2
me1-101,me1,MEG,101,Latios,Pokémon,Basic,I,130,Dragon,,Uncommon,b7305268fe93
me1-102,me1,MEG,102,Spearow,Pokémon,Basic,I,60,Colorless,,Common,6107aa66517e
me1-103,me1,MEG,103,Fearow,Pokémon,Stage 1,I,100,Colorless,Spearow,Common,7c104ab8d40c
me1-104,me1,MEG,104,Mega Kangaskhan ex,Pokémon,Basic|MEGA|ex,I,300,Colorless,,Double Rare,8d50c37538c4
me1-105,me1,MEG,105,Delibird,Pokémon,Basic,I,90,Colorless,,Common,c4258c8e57aa
me1-106,me1,MEG,106,Miltank,Pokémon,Basic,I,120,Colorless,,Common,4cdbec81b8a4
me1-107,me1,MEG,107,Buneary,Pokémon,Basic,I,70,Colorless,,Common,4264e4cc0659
me1-108,me1,MEG,108,Lopunny,Pokémon,Stage 1,I,110,Colorless,Buneary,Common,9acf635d8f05
me1-109,me1,MEG,109,Yungoos,Pokémon,Basic,I,70,Colorless,,Common,682aca91d0c2
me1-110,me1,MEG,110,Gumshoos,Pokémon,Stage 1,I,100,Colorless,Yungoos,Uncommon,e0c65897bb0c
me1-111,me1,MEG,111,Stufful,Pokémon,Basic,I,70,Colorless,,Common,0ee027f1f414
me1-112,me1,MEG,112,Bewear,Pokémon,Stage 1,I,130,Colorless,Stufful,Common,dae1b7a9767a
me1-113,me1,MEG,113,Acerola's Mischief,Trainer,Supporter,I,,,,Uncommon,4cc4748cd2d5
me1-114,me1,MEG,114,Boss's Orders,Trainer,Supporter,I,,,,Uncommon,5fd64782cdc8
me1-115,me1,MEG,115,Energy Switch,Trainer,Item,I,,,,Common,8468f21119cc
me1-116,me1,MEG,116,Fighting Gong,Trainer,Item,I,,,,Uncommon,ac7fa1bb2f7d
me1-117,me1,MEG,117,Forest of Vitality,Trainer,Stadium,I,,,,Uncommon,11e680d26ff7
me1-118,me1,MEG,118,Iron Defender,Trainer,Item,I,,,,Uncommon,d75edb0cfe5d
me1-119,me1,MEG,119,Lillie's Determination,Trainer,Supporter,I,,,,Uncommon,ca1e96f3756d
me1-120,me1,MEG,120,Lt. Surge's Bargain,Trainer,Supporter,I,,,,Uncommon,3c40ccb9f921
me1-121,me1,MEG,121,Mega Signal,Trainer,Item,I,,,,Uncommon,02ced81bc187
me1-122,me1,MEG,122,Mystery Garden,Trainer,Stadium,I,,,,Uncommon,9fc9b1c67030
me1-123,me1,MEG,123,Pokémon Center Lady,Trainer,Supporter,I,,,,Common,d2a0a7956cad
me1-124,me1,MEG,124,Premium Power Pro,Trainer,Item,I,,,,Uncommon,1868242e95cc
me1-125,me1,MEG,125,Rare Candy,Trainer,Item,I,,,,Common,9857fbd6f8d3
me1-126,me1,MEG,126,Repel,Trainer,Item,I,,,,Uncommon,5aade91a9688
me1-127,me1,MEG,127,Risky Ruins,Trainer,Stadium,I,,,,Uncommon,5cb5afdded3c
me1-128,me1,MEG,128,Strange Timepiece,Trainer,Item,I,,,,Uncommon,87719778aaf6
me1-129,me1,MEG,129,Surfing Beach,Trainer,Stadium,I,,,,Uncommon,87ed627feb66
me1-130,me1,MEG,130,Switch,Trainer,Item,I,,,,Common,431905d775bf
me1-131,me1,MEG,131,Ultra Ball,Trainer,Item,I,,,,Common,56da2bd5e1cc
me1-132,me1,MEG,132,Wally's Compassion,Trainer,Supporter,I,,,,Uncommon,55cf9e9c47fe
me1-133,me1,MEG,133,Bulbasaur,Pokémon,Basic,I,80,Grass,,Illustration Rare,cfec423786fa
me1-134,me1,MEG,134,Ivysaur,Pokémon,Stage 1,I,110,Grass,Bulbasaur,Illustration Rare,f0c995de7f3f
me1-135,me1,MEG,135,Exeggutor,Pokémon,Stage 1,I,140,Grass,Exeggcute,Illustration Rare,7d321ed505cf
me1-136,me1,MEG,136,Shuckle,Pokémon,Basic,I,80,Grass,,Illustration Rare,6c87b6e14bb3
me1-137,me1,MEG,137,Ninjask,Pokémon,Stage 1,I,80,Grass,Nincada,Illustration Rare,d8b7af65a70c
me1-138,me1,MEG,138,Vulpix,Pokémon,Basic,I,70,Fire,,Illustration Rare,af6d25b3e0c9
me1-139,me1,MEG,139,Litleo,Pokémon,Basic,I,70,Fire,,Illustration Rare,db74271f799e
me1-140,me1,MEG,140,Snover,Pokémon,Basic,I,90,Water,,Illustration Rare,2e90a852ac0c
me1-141,me1,MEG,141,Clawitzer,Pokémon,Stage 1,I,130,Water,Clauncher,Illustration Rare,ee882fa7c9e6
me1-142,me1,MEG,142,Inteleon,Pokémon,Stage 2,I,150,Water,Drizzile,Illustration Rare,158e6eabac25
me1-143,me1,MEG,143,Helioptile,Pokémon,Basic,I,70,Lightning,,Illustration Rare,0ef9a6d04778
me1-144,me1,MEG,144,Shedinja,Pokémon,Stage 1,I,60,Psychic,Nincada,Illustration Rare,04faafc30598
me1-145,me1,MEG,145,Houndstone,Pokémon,Stage 1,I,140,Psychic,Greavard,Illustration Rare,d88ec5441f35
me1-146,me1,MEG,146,Marshadow,Pokémon,Basic,I,90,Fighting,,Illustration Rare,f658efc4b87b
me1-147,me1,MEG,147,Garganacl,Pokémon,Stage 2,I,180,Fighting,Naclstack,Illustration Rare,641d530234ed
me1-148,me1,MEG,148,Spiritomb,Pokémon,Basic,I,80,Darkness,,Illustration Rare,559f81cbe0b2
me1-149,me1,MEG,149,Shroodle,Pokémon,Basic,I,60,Darkness,,Illustration Rare,0f2fa24ac405
me1-150,me1,MEG,150,Steelix,Pokémon,Stage 1,I,200,Metal,Onix,Illustration Rare,63368efc6e29
me1-151,me1,MEG,151,Spearow,Pokémon,Basic,I,60,Colorless,,Illustration Rare,6107aa66517e
me1-152,me1,MEG,152,Delibird,Pokémon,Basic,I,90,Colorless,,Illustration Rare,c4258c8e57aa
me1-153,me1,MEG,153,Gumshoos,Pokémon,Stage 1,I,100,Colorless,Yungoos,Illustration Rare,e0c65897bb0c
me1-154,me1,MEG,154,Stufful,Pokémon,Basic,I,70,Colorless,,Illustration Rare,0ee027f1f414
me1-155,me1,MEG,155,Mega Venusaur ex,Pokémon,Stage 2|MEGA|ex,I,380,Grass,Ivysaur,Ultra Rare,cc384bae7513
me1-156,me1,MEG,156,Mega Camerupt ex,Pokémon,Stage 1|MEGA|ex,I,340,Fire,Numel,Ultra Rare,a4ed54f66cd0
me1-157,me1,MEG,157,Mega Abomasnow ex,Pokémon,Stage 1|MEGA|ex,I,350,Water,Snover,Ultra Rare,60ff558f94f2
me1-158,me1,MEG,158,Mega Manectric ex,Pokémon,Stage 1|MEGA|ex,I,330,Lightning,Electrike,Ultra Rare,bd3a5e391fa6
me1-159,me1,MEG,159,Mega Gardevoir ex,Pokémon,Stage 2|MEGA|ex,I,360,Psychic,Kirlia,Ultra Rare,33a7fea7416c
me1-160,me1,MEG,160,Mega Lucario ex,Pokémon,Stage 1|MEGA|ex,I,340,Fighting,Riolu,Ultra Rare,fcd64d018024
me1-161,me1,MEG,161,Mega Absol ex,Pokémon,Basic|MEGA|ex,I,280,Darkness,,Ultra Rare,631b6a284329
me1-162,me1,MEG,162,Mega Mawile ex,Pokémon,Basic|MEGA|ex,I,270,Metal,,Ultra Rare,c6a0d1755697
me1-163,me1,MEG,163,Mega Latias ex,Pokémon,Basic|MEGA|ex,I,280,Dragon,,Ultra Rare,aacc6744c1c2
me1-164,me1,MEG,164,Mega Kangaskhan ex,Pokémon,Basic|MEGA|ex,I,300,Colorless,,Ultra Rare,8d50c37538c4
me1-165,me1,MEG,165,Acerola's Mischief,Trainer,Supporter,I,,,,Ultra Rare,4cc4748cd2d5
me1-166,me1,MEG,166,Air Balloon,Trainer,Pokémon Tool,I,,,,Ultra Rare,d5195d25baf6
me1-167,me1,MEG,167,Buddy-Buddy Poffin,Trainer,Item,H,,,,Ultra Rare,4c6a2f9418b8
me1-168,me1,MEG,168,Fighting Gong,Trainer,Item,I,,,,Ultra Rare,ac7fa1bb2f7d
me1-169,me1,MEG,169,Lillie's Determination,Trainer,Supporter,I,,,,Ultra Rare,ca1e96f3756d
me1-170,me1,MEG,170,Lt. Surge's Bargain,Trainer,Supporter,I,,,,Ultra Rare,3c40ccb9f921
me1-171,me1,MEG,171,Mega Signal,Trainer,Item,I,,,,Ultra Rare,02ced81bc187
me1-172,me1,MEG,172,Mystery Garden,Trainer,Stadium,I,,,,Ultra Rare,9fc9b1c67030
me1-173,me1,MEG,173,Night Stretcher,Trainer,Item,H,,,,Ultra Rare,1896e5d53746
me1-174,me1,MEG,174,Premium Power Pro,Trainer,Item,I,,,,Ultra Rare,1868242e95cc
me1-175,me1,MEG,175,Rare Candy,Trainer,Item,I,,,,Ultra Rare,9857fbd6f8d3
me1-176,me1,MEG,176,Wally's Compassion,Trainer,Supporter,I,,,,Ultra Rare,55cf9e9c47fe
me1-177,me1,MEG,177,Mega Venusaur ex,Pokémon,Stage 2|MEGA|ex,I,380,Grass,Ivysaur,Special Illustration Rare,cc384bae7513
me1-178,me1,MEG,178,Mega Gardevoir ex,Pokémon,Stage 2|MEGA|ex,I,360,Psychic,Kirlia,Special Illustration Rare,33a7fea7416c
me1-179,me1,MEG,179,Mega Lucario ex,Pokémon,Stage 1|MEGA|ex,I,340,Fighting,Riolu,Special Illustration Rare,fcd64d018024
me1-180,me1,MEG,180,Mega Absol ex,Pokémon,Basic|MEGA|ex,I,280,Darkness,,Special Illustration Rare,631b6a284329
me1-181,me1,MEG,181,Mega Latias ex,Pokémon,Basic|MEGA|ex,I,280,Dragon,,Special Illustration Rare,aacc6744c1c2
me1-182,me1,MEG,182,Mega Kangaskhan ex,Pokémon,Basic|MEGA|ex,I,300,Colorless,,Special Illustration Rare,8d50c37538c4
me1-183,me1,MEG,183,Acerola's Mischief,Trainer,Supporter,I,,,,Special Illustration Rare,4cc4748cd2d5
me1-184,me1,MEG,184,Lillie's Determination,Trainer,Supporter,I,,,,Special Illustration Rare,ca1e96f3756d
me1-185,me1,MEG,185,Lt. Surge's Bargain,Trainer,Supporter,I,,,,Special Illustration Rare,3c40ccb9f921
me1-186,me1,MEG,186,Wally's Compassion,Trainer,Supporter,I,,,,Special Illustration Rare,55cf9e9c47fe
me1-187,me1,MEG,187,Mega Gardevoir ex,Pokémon,Stage 2|MEGA|ex,I,360,Psychic,Kirlia,Mega Hyper Rare,33a7fea7416c
me1-188,me1,MEG,188,Mega Lucario ex,Pokémon,Stage 1|MEGA|ex,I,340,Fighting,Riolu,Mega Hyper Rare,fcd64d018024
me2-1,me2,PFL,1,Oddish,Pokémon,Basic,I,50,Grass,,Common,4ebf19e01949
me2-2,me2,PFL,2,Gloom,Pokémon,Stage 1,I,70,Grass,Oddish,Common,30911b472648
me2-3,me2,PFL,3,Vileplume,Pokémon,Stage 2,I,150,Grass,Gloom,Rare,104157966de8
me2-4,me2,PFL,4,Mega Heracross ex,Pokémon,Basic|MEGA|ex,I,280,Grass,,Double Rare,412f17b3a152
me2-5,me2,PFL,5,Lotad,Pokémon,Basic,I,70,Grass,,Common,14a8af59c6a0
me2-6,me2,PFL,6,Lombre,Pokémon,Stage 1,I,90,Grass,Lotad,Common,78b3f1454055
me2-7,me2,PFL,7,Ludicolo,Pokémon,Stage 2,I,160,Grass,Lombre,Uncommon,38d6223aff84
me2-8,me2,PFL,8,Genesect,Pokémon,Basic,I,120,Grass,,Rare,1f324067e99f
me2-9,me2,PFL,9,Nymble,Pokémon,Basic,I,50,Grass,,Common,ec2e5a9c1ec8
me2-10,me2,PFL,10,Lokix,Pokémon,Stage 1,I,120,Grass,Nymble,Uncommon,bbc2da7c3721
me2-11,me2,PFL,11,Charmander,Pokémon,Basic,I,80,Fire,,Common,1b52338461be
me2-12,me2,PFL,12,Charmeleon,Pokémon,Stage 1,I,110,Fire,Charmander,Common,606b2dc1597d
me2-13,me2,PFL,13,Mega Charizard X ex,Pokémon,Stage 2|MEGA|ex,I,360,Fire,Charmeleon,Double Rare,89a91afce58a
me2-14,me2,PFL,14,Moltres,Pokémon,Basic,I,120,Fire,,Rare,8e32c847308c
me2-15,me2,PFL,15,Darumaka,Pokémon,Basic,I,80,Fire,,Common,d9b6137ff88a
me2-16,me2,PFL,16,Darmanitan,Pokémon,Stage 1,I,150,Fire,Darumaka,Uncommon,b946ee5fb4a7
me2-17,me2,PFL,17,Reshiram,Pokémon,Basic,I,130,Fire,,Rare,83184c16b731
me2-18,me2,PFL,18,Oricorio ex,Pokémon,Basic|ex,I,190,Fire,,Double Rare,f68915a8d1da
me2-19,me2,PFL,19,Charcadet,Pokémon,Basic,I,70,Fire,,Common,e596b8d80c46
me2-20,me2,PFL,20,Ceruledge,Pokémon,Stage 1,I,140,Fire,Charcadet,Uncommon,fc4f95f0f4f0
me2-21,me2,PFL,21,Seel,Pokémon,Basic,I,80,Water,,Common,125c48fcc760
me2-22,me2,PFL,22,Dewgong,Pokémon,Stage 1,I,130,Water,Seel,Common,f4d2533497cb
me2-23,me2,PFL,23,Swinub,Pokémon,Basic,I,70,Water,,Common,c02b525cd8c0
me2-24,me2,PFL,24,Piloswine,Pokémon,Stage 1,I,100,Water,Swinub,Common,7c4d214e9a25
me2-25,me2,PFL,25,Mamoswine,Pokémon,Stage 2,I,180,Water,Piloswine,Uncommon,62fc9cd42adb
me2-26,me2,PFL,26,Suicune,Pokémon,Basic,I,130,Water,,Rare,1bc0fefe4507
me2-27,me2,PFL,27,Piplup,Pokémon,Basic,I,70,Water,,Common,e385284b472f
me2-28,me2,PFL,28,Prinplup,Pokémon,Stage 1,I,100,Water,Piplup,Common,6896ece7578e
me2-29,me2,PFL,29,Rotom ex,Pokémon,Basic|ex,I,190,Lightning,,Double Rare,464547c78fd7
me2-30,me2,PFL,30,Yamper,Pokémon,Basic,I,70,Lightning,,Common,bc7ba89179b5
me2-31,me2,PFL,31,Boltund,Pokémon,Stage 1,I,130,Lightning,Yamper,Common,82dfe24833db
me2-32,me2,PFL,32,Pawmi,Pokémon,Basic,I,60,Lightning,,Common,a53ef35a9f69
me2-33,me2,PFL,33,Pawmo,Pokémon,Stage 1,I,90,Lightning,Pawmi,Common,f81a73895b6e
me2-34,me2,PFL,34,Pawmot,Pokémon,Stage 2,I,140,Lightning,Pawmo,Rare,7563928fc648
me2-35,me2,PFL,35,Misdreavus,Pokémon,Basic,I,70,Psychic,,Common,071530b2306c
me2-36,me2,PFL,36,Mismagius ex,Pokémon,Stage 1|ex,I,260,Psychic,Misdreavus,Double Rare,cf9dda1600a0
me2-37,me2,PFL,37,Snubbull,Pokémon,Basic,I,70,Psychic,,Common,c2025699afa0
me2-38,me2,PFL,38,Granbull,Pokémon,Stage 1,I,130,Psychic,Snubbull,Uncommon,989e610cfc03
me2-39,me2,PFL,39,Cresselia,Pokémon,Basic,I,120,Psychic,,Uncommon,a1b497b9a9da
me2-40,me2,PFL,40,Meloetta,Pokémon,Basic,I,90,Psychic,,Uncommon,99ccfe80147d
me2-41,me2,PFL,41,Mega Diancie ex,Pokémon,Basic|MEGA|ex,I,270,Psychic,,Double Rare,674e98f308c4
me2-42,me2,PFL,42,Mimikyu,Pokémon,Basic,I,70,Psychic,,Common,4bc21a42271c
me2-43,me2,PFL,43,Milcery,Pokémon,Basic,I,50,Psychic,,Common,0b8fcbfdb0d3
me2-44,me2,PFL,44,Alcremie,Pokémon,Stage 1,I,90,Psychic,Milcery,Uncommon,222fa7521e26
me2-45,me2,PFL,45,Zacian,Pokémon,Basic,I,130,Psychic,,Rare,cad0509deee2
me2-46,me2,PFL,46,Bramblin,Pokémon,Basic,I,50,Psychic,,Common,deb13b6e93b5
me2-47,me2,PFL,47,Brambleghast,Pokémon,Stage 1,I,100,Psychic,Bramblin,Uncommon,b441ceb82a4c
me2-48,me2,PFL,48,Paldean Tauros,Pokémon,Basic,I,130,Fighting,,Uncommon,ce34584b38ec
me2-49,me2,PFL,49,Gligar,Pokémon,Basic,I,70,Fighting,,Common,fae28a2a4577
me2-50,me2,PFL,50,Gliscor,Pokémon,Stage 1,I,120,Fighting,Gligar,Uncommon,b445c7a7b7a4
me2-51,me2,PFL,51,Trapinch,Pokémon,Basic,I,70,Fighting,,Common,4f7af03e46ac
me2-52,me2,PFL,52,Vibrava,Pokémon,Stage 1,I,90,Fighting,Trapinch,Common,3352793ac607
me2-53,me2,PFL,53,Flygon,Pokémon,Stage 2,I,150,Fighting,Vibrava,Rare,f71499fff044
me2-54,me2,PFL,54,Gastly,Pokémon,Basic,I,70,Darkness,,Common,ab014ec5456f
me2-55,me2,PFL,55,Haunter,Pokémon,Stage 1,I,100,Darkness,Gastly,Uncommon,db121410c2ad
me2-56,me2,PFL,56,Mega Gengar ex,Pokémon,Stage 2|MEGA|ex,I,350,Darkness,Haunter,Double Rare,723b09279fe2
me2-57,me2,PFL,57,Murkrow,Pokémon,Basic,I,60,Darkness,,Common,c2475d00445f
me2-58,me2,PFL,58,Honchkrow,Pokémon,Stage 1,I,130,Darkness,Murkrow,Uncommon,a47c902d1373
me2-59,me2,PFL,59,Sableye,Pokémon,Basic,I,80,Darkness,,Common,5b404457515f
me2-60,me2,PFL,60,Carvanha,Pokémon,Basic,I,70,Darkness,,Common,ee03902234c8
me2-61,me2,PFL,61,Mega Sharpedo ex,Pokémon,Stage 1|MEGA|ex,I,330,Darkness,Carvanha,Double Rare,9250991312e8
me2-62,me2,PFL,62,Seviper,Pokémon,Basic,I,120,Darkness,,Uncommon,a2751bd72fc3
me2-63,me2,PFL,63,Absol,Pokémon,Basic,I,110,Darkness,,Common,d7fc84f5d85a
me2-64,me2,PFL,64,Sandile,Pokémon,Basic,I,70,Darkness,,Common,85f6fa4cdaea
me2-65,me2,PFL,65,Krokorok,Pokémon,Stage 1,I,100,Darkness,Sandile,Common,6c6d38a25419
me2-66,me2,PFL,66,Krookodile,Pokémon,Stage 2,I,170,Darkness,Krokorok,Uncommon,a59be76b32e6
me2-67,me2,PFL,67,Toxel,Pokémon,Basic,I,70,Darkness,,Common,ff694b23e73c
me2-68,me2,PFL,68,Toxtricity,Pokémon,Stage 1,I,140,Darkness,Toxel,Rare,8bc82c3df2d6
me2-69,me2,PFL,69,Eternatus,Pokémon,Basic,I,150,Darkness,,Uncommon,af125bcd4524
me2-70,me2,PFL,70,Empoleon ex,Pokémon,Stage 2|ex,I,320,Metal,Prinplup,Double Rare,cd5d91bbfad5
me2-71,me2,PFL,71,Bronzor,Pokémon,Basic,I,80,Metal,,Common,ca5a478b4e96
me2-72,me2,PFL,72,Bronzong,Pokémon,Stage 1,I,140,Metal,Bronzor,Uncommon,7a7b87ffe9ae
me2-73,me2,PFL,73,Togedemaru,Pokémon,Basic,I,80,Metal,,Common,7321f838abdb
me2-74,me2,PFL,74,Duraludon,Pokémon,Basic,I,130,Metal,,Common,e5f9ed92eab4
me2-75,me2,PFL,75,Archaludon,Pokémon,Stage 1,I,180,Metal,Duraludon,Uncommon,e835e6adface
me2-76,me2,PFL,76,Jigglypuff,Pokémon,Basic,I,70,Colorless,,Common,c33a217fa745
me2-77,me2,PFL,77,Wigglytuff,Pokémon,Stage 1,I,120,Colorless,Jigglypuff,Uncommon,d04d61355c76
me2-78,me2,PFL,78,Aipom,Pokémon,Basic,I,70,Colorless,,Common,94bce5ab34d7
me2-79,me2,PFL,79,Ambipom,Pokémon,Stage 1,I,110,Colorless,Aipom,Rare,ba68014fd844
me2-80,me2,PFL,80,Smeargle,Pokémon,Basic,I,80,Colorless,,Common,99a2dd5af5eb
me2-81,me2,PFL,81,Zigzagoon,Pokémon,Basic,I,70,Colorless,,Common,a5c0c94740ce
me2-82,me2,PFL,82,Linoone,Pokémon,Stage 1,I,100,Colorless,Zigzagoon,Uncommon,9a9005f5c01c
me2-83,me2,PFL,83,Buneary,Pokémon,Basic,I,70,Colorless,,Common,fddfc8760de5
me2-84,me2,PFL,84,Mega Lopunny ex,Pokémon,Stage 1|MEGA|ex,I,330,Colorless,Buneary,Double Rare,16847ceb5bbc
me2-85,me2,PFL,85,Battle Cage,Trainer,Stadium,I,,,,Uncommon,6625967ef5f5
me2-86,me2,PFL,86,Blowtorch,Trainer,Item,I,,,,Uncommon,6abed49e670e
me2-87,me2,PFL,87,Dawn,Trainer,Supporter,I,,,,Uncommon,895de94e98ba
me2-88,me2,PFL,88,Dizzying Valley,Trainer,Stadium,I,,,,Uncommon,ab26f726049e
me2-89,me2,PFL,89,Firebreather,Trainer,Supporter,I,,,,Uncommon,5f131535b052
me2-90,me2,PFL,90,Grimsley's Move,Trainer,Supporter,I,,,,Uncommon,08a09c42f8d4
me2-91,me2,PFL,91,Jumbo Ice Cream,Trainer,Item,I,,,,Uncommon,a4e019fcff75
me2-92,me2,PFL,92,Punk Helmet,Trainer,Pokémon Tool,I,,,,Uncommon,e61584172ef5
me2-93,me2,PFL,93,Sacred Charm,Trainer,Pokémon Tool,I,,,,Uncommon,6dec3fe1e0e3
me2-94,me2,PFL,94,Wondrous Patch,Trainer,Item,I,,,,Uncommon,1b498e0700a7
me2-95,me2,PFL,95,Ludicolo,Pokémon,Stage 2,I,160,Grass,Lombre,Illustration Rare,38d6223aff84
me2-96,me2,PFL,96,Nymble,Pokémon,Basic,I,50,Grass,,Illustration Rare,ec2e5a9c1ec8
me2-97,me2,PFL,97,Dewgong,Pokémon,Stage 1,I,130,Water,Seel,Illustration Rare,f4d2533497cb
me2-98,me2,PFL,98,Piplup,Pokémon,Basic,I,70,Water,,Illustration Rare,e385284b472f
me2-99,me2,PFL,99,Yamper,Pokémon,Basic,I,70,Lightning,,Illustration Rare,bc7ba89179b5
me2-100,me2,PFL,100,Zacian,Pokémon,Basic,I,130,Psychic,,Illustration Rare,cad0509deee2
me2-101,me2,PFL,101,Flygon,Pokémon,Stage 2,I,150,Fighting,Vibrava,Illustration Rare,f71499fff044
me2-102,me2,PFL,102,Paldean Wooper,Pokémon,Basic,H,60,Darkness,,Illustration Rare,115fae939c21
me2-103,me2,PFL,103,Toxtricity,Pokémon,Stage 1,I,140,Darkness,Toxel,Illustration Rare,8bc82c3df2d6
me2-104,me2,PFL,104,Togedemaru,Pokémon,Basic,I,80,Metal,,Illustration Rare,7321f838abdb
me2-105,me2,PFL,105,Wigglytuff,Pokémon,Stage 1,I,120,Colorless,Jigglypuff,Illustration Rare,d04d61355c76
me2-106,me2,PFL,106,Meowth,Pokémon,Basic,H,70,Colorless,,Illustration Rare,2ae9d27f19b0
me2-107,me2,PFL,107,Ambipom,Pokémon,Stage 1,I,110,Colorless,Aipom,Illustration Rare,ba68014fd844
me2-108,me2,PFL,108,Mega Heracross ex,Pokémon,Basic|MEGA|ex,I,280,Grass,,Ultra Rare,412f17b3a152
me2-109,me2,PFL,109,Mega Charizard X ex,Pokémon,Stage 2|MEGA|ex,I,360,Fire,Charmeleon,Ultra Rare,89a91afce58a
me2-110,me2,PFL,110,Oricorio ex,Pokémon,Basic|ex,I,190,Fire,,Ultra Rare,f68915a8d1da
me2-111,me2,PFL,111,Rotom ex,Pokémon,Basic|ex,I,190,Lightning,,Ultra Rare,464547c78fd7
me2-112,me2,PFL,112,Mismagius ex,Pokémon,Stage 1|ex,I,260,Psychic,Misdreavus,Ultra Rare,cf9dda1600a0
me2-113,me2,PFL,113,Mega Sharpedo ex,Pokémon,Stage 1|MEGA|ex,I,330,Darkness,Carvanha,Ultra Rare,9250991312e8
me2-114,me2,PFL,114,Empoleon ex,Pokémon,Stage 2|ex,I,320,Metal,Prinplup,Ultra Rare,cd5d91bbfad5
me2-115,me2,PFL,115,Mega Lopunny ex,Pokémon,Stage 1|MEGA|ex,I,330,Colorless,Buneary,Ultra Rare,16847ceb5bbc
me2-116,me2,PFL,116,Battle Cage,Trainer,Stadium,I,,,,Ultra Rare,6625967ef5f5
me2-117,me2,PFL,117,Blowtorch,Trainer,Item,I,,,,Ultra Rare,6abed49e670e
me2-118,me2,PFL,118,Dawn,Trainer,Supporter,I,,,,Ultra Rare,895de94e98ba
me2-119,me2,PFL,119,Firebreather,Trainer,Supporter,I,,,,Ultra Rare,5f131535b052
me2-120,me2,PFL,120,Grimsley's Move,Trainer,Supporter,I,,,,Ultra Rare,08a09c42f8d4
me2-121,me2,PFL,121,Punk Helmet,Trainer,Pokémon Tool,I,,,,Ultra Rare,e61584172ef5
me2-122,me2,PFL,122,Sacred Charm,Trainer,Pokémon Tool,I,,,,Ultra Rare,6dec3fe1e0e3
me2-123,me2,PFL,123,Switch,Trainer,Item,I,,,,Ultra Rare,431905d775bf
me2-124,me2,PFL,124,Ignition Energy,Energy,Special,I,,,,Ultra Rare,07fa2785c004
me2-125,me2,PFL,125,Mega Charizard X ex,Pokémon,Stage 2|MEGA|ex,I,360,Fire,Charmeleon,Special Illustration Rare,89a91afce58a
me2-126,me2,PFL,126,Rotom ex,Pokémon,Basic|ex,I,190,Lightning,,Special Illustration Rare,464547c78fd7
me2-127,me2,PFL,127,Mega Sharpedo ex,Pokémon,Stage 1|MEGA|ex,I,330,Darkness,Carvanha,Special Illustration Rare,9250991312e8
me2-128,me2,PFL,128,Mega Lopunny ex,Pokémon,Stage 1|MEGA|ex,I,330,Colorless,Buneary,Special Illustration Rare,16847ceb5bbc
me2-129,me2,PFL,129,Dawn,Trainer,Supporter,I,,,,Special Illustration Rare,895de94e98ba
me2-130,me2,PFL,130,Mega Charizard X ex,Pokémon,Stage 2|MEGA|ex,I,360,Fire,Charmeleon,Mega Hyper Rare,89a91afce58a
me2pt5-1,me2pt5,ASC,1,Erika's Oddish,Pokémon,Basic,J,60,Grass,,Common,97cb51f52f78
me2pt5-2,me2pt5,ASC,2,Erika's Gloom,Pokémon,Stage 1,J,90,Grass,Erika's Oddish,Uncommon,9ed8a9cc4fa6
me2pt5-3,me2pt5,ASC,3,Erika's Vileplume ex,Pokémon,Stage 2|ex,J,310,Grass,Erika's Gloom,Double Rare,f4a352950586
me2pt5-4,me2pt5,ASC,4,Erika's Bellsprout,Pokémon,Basic,J,60,Grass,,Common,72621b5fb676
me2pt5-5,me2pt5,ASC,5,Erika's Weepinbell,Pokémon,Stage 1,J,90,Grass,Erika's Bellsprout,Uncommon,b29e70575b81
me2pt5-6,me2pt5,ASC,6,Erika's Victreebel,Pokémon,Stage 2,J,150,Grass,Erika's Weepinbell,Rare,d7fdd9c83f13
me2pt5-7,me2pt5,ASC,7,Erika's Tangela,Pokémon,Basic,J,80,Grass,,Common,dbee95959e8c
me2pt5-8,me2pt5,ASC,8,Chikorita,Pokémon,Basic,J,70,Grass,,Common,b1b5a7ca6d06
me2pt5-9,me2pt5,ASC,9,Bayleef,Pokémon,Stage 1,J,100,Grass,Chikorita,Uncommon,3ecbee344809
me2pt5-10,me2pt5,ASC,10,Mega Meganium ex,Pokémon,Stage 2|MEGA|ex,J,360,Grass,Bayleef,Double Rare,e45404934b22
me2pt5-11,me2pt5,ASC,11,Wurmple,Pokémon,Basic,I,60,Grass,,Common,1312e3b4c966
me2pt5-12,me2pt5,ASC,12,Silcoon,Pokémon,Stage 1,I,90,Grass,Wurmple,Common,56ebb4584f8e
me2pt5-13,me2pt5,ASC,13,Beautifly,Pokémon,Stage 2,I,130,Grass,Silcoon,Uncommon,bf051e5af5d6
me2pt5-14,me2pt5,ASC,14,Cascoon,Pokémon,Stage 1,I,90,Grass,Wurmple,Common,e2f4085b3cd5
me2pt5-15,me2pt5,ASC,15,Dustox,Pokémon,Stage 2,I,140,Grass,Cascoon,Uncommon,a2ae8342745a
me2pt5-16,me2pt5,ASC,16,Budew,Pokémon,Basic,H,30,Grass,,Common,c442bd07e4ee
me2pt5-17,me2pt5,ASC,17,Grubbin,Pokémon,Basic,H,70,Grass,,Common,d14305cc802f
me2pt5-18,me2pt5,ASC,18,Team Rocket's Tarountula,Pokémon,Basic,I,50,Grass,,Common,fc4041c0c378
me2pt5-19,me2pt5,ASC,19,Team Rocket's Spidops,Pokémon,Stage 1,I,130,Grass,Team Rocket's Tarountula,Rare,0b13a6e0e4bb
me2pt5-20,me2pt5,ASC,20,Charmander,Pokémon,Basic,J,80,Fire,,Common,f710b974810b
me2pt5-21,me2pt5,ASC,21,Charmeleon,Pokémon,Stage 1,J,100,Fire,Charmander,Uncommon,d7d9f1743255
me2pt5-22,me2pt5,ASC,22,Mega Charizard Y ex,Pokémon,Stage 2|MEGA|ex,J,360,Fire,Charmeleon,Double Rare,91006bdc979a
me2pt5-23,me2pt5,ASC,23,Ethan's Slugma,Pokémon,Basic,I,80,Fire,,Common,4c328db2f0ba
me2pt5-24,me2pt5,ASC,24,Ethan's Magcargo,Pokémon,Stage 1,I,130,Fire,Ethan's Slugma,Rare,4a40a8e471eb
me2pt5-25,me2pt5,ASC,25,Entei,Pokémon,Basic,I,140,Fire,,Rare,f12f93197295
me2pt5-26,me2pt5,ASC,26,Ethan's Ho-Oh ex,Pokémon,Basic|ex,I,230,Fire,,Double Rare,9019f215954b
me2pt5-27,me2pt5,ASC,27,Numel,Pokémon,Basic,I,80,Fire,,Common,39ddc1a7661b
me2pt5-28,me2pt5,ASC,28,Camerupt,Pokémon,Stage 1,I,140,Fire,Numel,Uncommon,7851755eef5f
me2pt5-29,me2pt5,ASC,29,Tepig,Pokémon,Basic,J,80,Fire,,Common,5bb3fa116492
me2pt5-30,me2pt5,ASC,30,Pignite,Pokémon,Stage 1,J,110,Fire,Tepig,Uncommon,d8516a54e6b8
me2pt5-31,me2pt5,ASC,31,Mega Emboar ex,Pokémon,Stage 2|MEGA|ex,J,380,Fire,Pignite,Double Rare,0b88915dcda8
me2pt5-32,me2pt5,ASC,32,N's Darumaka,Pokémon,Basic,I,80,Fire,,Common,90d25229e5a1
me2pt5-33,me2pt5,ASC,33,N's Darmanitan,Pokémon,Stage 1,I,140,Fire,N's Darumaka,Uncommon,8d00f69d4947
me2pt5-34,me2pt5,ASC,34,Salandit,Pokémon,Basic,H,70,Fire,,Common,b7637f1d9146
me2pt5-35,me2pt5,ASC,35,Salazzle,Pokémon,Stage 1,H,120,Fire,Salandit,Uncommon,1836679f9e4c
me2pt5-36,me2pt5,ASC,36,Scorbunny,Pokémon,Basic,H,70,Fire,,Common,759801f7f37c
me2pt5-37,me2pt5,ASC,37,Raboot,Pokémon,Stage 1,H,90,Fire,Scorbunny,Common,9f288578cebf
me2pt5-38,me2pt5,ASC,38,Cinderace ex,Pokémon,Stage 2|Tera|ex,H,320,Fire,Raboot,Double Rare,95bbb0f07212
me2pt5-39,me2pt5,ASC,39,Psyduck,Pokémon,Basic,I,70,Water,,Common,c7757d370ad4
me2pt5-40,me2pt5,ASC,40,Golduck,Pokémon,Stage 1,I,120,Water,Psyduck,Uncommon,74e8d94f006c
me2pt5-41,me2pt5,ASC,41,Totodile,Pokémon,Basic,J,80,Water,,Common,2848e177d66e
me2pt5-42,me2pt5,ASC,42,Croconaw,Pokémon,Stage 1,J,100,Water,Totodile,Uncommon,17ab41e79f64
me2pt5-43,me2pt5,ASC,43,Mega Feraligatr ex,Pokémon,Stage 2|MEGA|ex,J,370,Water,Croconaw,Double Rare,077fa30bde83
me2pt5-44,me2pt5,ASC,44,Sneasel,Pokémon,Basic,H,70,Water,,Common,3f1de5c34311
me2pt5-45,me2pt5,ASC,45,Weavile,Pokémon,Stage 1,H,100,Water,Sneasel,Uncommon,aadcbeb4b6fd
me2pt5-46,me2pt5,ASC,46,Snorunt,Pokémon,Basic,I,70,Water,,Common,ff2b405c7fe7
me2pt5-47,me2pt5,ASC,47,Mega Froslass ex,Pokémon,Stage 1|MEGA|ex,I,310,Water,Snorunt,Double Rare,d46694a87520
me2pt5-48,me2pt5,ASC,48,Regice ex,Pokémon,Basic|ex,J,230,Water,,Double Rare,bc0141708117
me2pt5-49,me2pt5,ASC,49,N's Vanillite,Pokémon,Basic,I,60,Water,,Common,1515641db8c6
me2pt5-50,me2pt5,ASC,50,N's Vanillish,Pokémon,Stage 1,I,100,Water,N's Vanillite,Common,aeeeb51ae6b4
me2pt5-51,me2pt5,ASC,51,N's Vanilluxe,Pokémon,Stage 2,I,150,Water,N's Vanillish,Uncommon,d09595d6c366
me2pt5-52,me2pt5,ASC,52,Snom,Pokémon,Basic,I,50,Water,,Common,772866f818cc
me2pt5-53,me2pt5,ASC,53,Frosmoth,Pokémon,Stage 1,I,110,Water,Snom,Uncommon,97d3301b9785
me2pt5-54,me2pt5,ASC,54,Glastrier,Pokémon,Basic,I,130,Water,,Uncommon,a22e99f1d8c8
me2pt5-55,me2pt5,ASC,55,Pikachu,Pokémon,Basic,J,70,Lightning,,Common,65acd4e6e3bb
me2pt5-56,me2pt5,ASC,56,Raichu,Pokémon,Stage 1,J,130,Lightning,Pikachu,Uncommon,d430b07da21f
me2pt5-57,me2pt5,ASC,57,Pikachu ex,Pokémon,Basic|Tera|ex,H,200,Lightning,,Double Rare,e208fac38500
me2pt5-58,me2pt5,ASC,58,Voltorb ex,Pokémon,Basic|ex,J,170,Lightning,,Double Rare,84cc9ba5f386
me2pt5-59,me2pt5,ASC,59,Tynamo,Pokémon,Basic,I,40,Lightning,,Common,22c91d2df90a
me2pt5-60,me2pt5,ASC,60,Eelektrik,Pokémon,Stage 1,I,90,Lightning,Tynamo,Uncommon,82e8e26bf0bd
me2pt5-61,me2pt5,ASC,61,Mega Eelektross ex,Pokémon,Stage 2|MEGA|ex,I,350,Lightning,Eelektrik,Double Rare,7f36f7fea405
me2pt5-62,me2pt5,ASC,62,Stunfisk,Pokémon,Basic,I,110,Lightning,,Common,f454f8ce80e1
me2pt5-63,me2pt5,ASC,63,Helioptile,Pokémon,Basic,I,70,Lightning,,Common,f9292ce5e3b8
me2pt5-64,me2pt5,ASC,64,Heliolisk,Pokémon,Stage 1,I,120,Lightning,Helioptile,Uncommon,283587bc97ed
me2pt5-65,me2pt5,ASC,65,Charjabug,Pokémon,Stage 1,H,100,Lightning,Grubbin,Common,ac6ea128909f
me2pt5-66,me2pt5,ASC,66,Vikavolt,Pokémon,Stage 2,H,160,Lightning,Charjabug,Uncommon,d69da6a128e6
me2pt5-67,me2pt5,ASC,67,Tapu Koko,Pokémon,Basic,I,120,Lightning,,Rare,8e68f4fcac7f
me2pt5-68,me2pt5,ASC,68,Hop's Pincurchin ex,Pokémon,Basic|ex,I,200,Lightning,,Double Rare,a0cda6cc8ebf
me2pt5-69,me2pt5,ASC,69,Iono's Tadbulb,Pokémon,Basic,I,60,Lightning,,Common,dad9baebd1b9
me2pt5-70,me2pt5,ASC,70,Iono's Bellibolt ex,Pokémon,Stage 1|ex,I,280,Lightning,Iono's Tadbulb,Double Rare,b083eedb6159
me2pt5-71,me2pt5,ASC,71,Iono's Wattrel,Pokémon,Basic,I,60,Lightning,,Common,741f4fd5584f
me2pt5-72,me2pt5,ASC,72,Iono's Kilowattrel,Pokémon,Stage 1,I,120,Lightning,Iono's Wattrel,Rare,e1d65bdc35cd
me2pt5-73,me2pt5,ASC,73,Miraidon ex,Pokémon,Basic|Tera|ex,J,220,Lightning,,Double Rare,9192e8dc2aaf
me2pt5-74,me2pt5,ASC,74,Clefairy,Pokémon,Basic,H,60,Psychic,,Common,ee3af0ac20d1
me2pt5-75,me2pt5,ASC,75,Clefable,Pokémon,Stage 1,H,120,Psychic,Clefairy,Uncommon,8c0c2b7de331
me2pt5-76,me2pt5,ASC,76,Lillie's Clefairy ex,Pokémon,Basic|ex,I,190,Psychic,,Double Rare,e242a2d5af56
me2pt5-77,me2pt5,ASC,77,Team Rocket's Exeggcute,Pokémon,Basic,I,60,Psychic,,Common,4cf76ccd82bf
me2pt5-78,me2pt5,ASC,78,Team Rocket's Exeggutor,Pokémon,Stage 1,I,140,Psychic,Team Rocket's Exeggcute,Rare,c68b910c27d3
me2pt5-79,me2pt5,ASC,79,Team Rocket's Mewtwo ex,Pokémon,Basic|ex,I,280,Psychic,,Double Rare,1c986d139d08
me2pt5-80,me2pt5,ASC,80,Togepi,Pokémon,Basic,H,50,Psychic,,Common,92ef06878465
me2pt5-81,me2pt5,ASC,81,Togetic,Pokémon,Stage 1,H,90,Psychic,Togepi,Common,6873c2cd1dad
me2pt5-82,me2pt5,ASC,82,Togekiss,Pokémon,Stage 2,H,140,Psychic,Togetic,Rare,c269c2b85c81
me2pt5-83,me2pt5,ASC,83,Marill,Pokémon,Basic,J,70,Psychic,,Common,2eaf379a8b3a
me2pt5-84,me2pt5,ASC,84,Azumarill ex,Pokémon,Stage 1|ex,J,270,Psychic,Marill,Double Rare,2f3aac223fe7
me2pt5-85,me2pt5,ASC,85,Misdreavus,Pokémon,Basic,I,60,Psychic,,Common,b24366cea5ac
me2pt5-86,me2pt5,ASC,86,Mismagius,Pokémon,Stage 1,I,110,Psychic,Misdreavus,Rare,123179542a23
me2pt5-87,me2pt5,ASC,87,Ralts,Pokémon,Basic,I,70,Psychic,,Common,43d01ee924bf
me2pt5-88,me2pt5,ASC,88,Kirlia,Pokémon,Stage 1,I,100,Psychic,Ralts,Common,80ace8a9afc3
me2pt5-89,me2pt5,ASC,89,Mega Gardevoir ex,Pokémon,Stage 2|MEGA|ex,I,360,Psychic,Kirlia,Double Rare,33a7fea7416c
me2pt5-90,me2pt5,ASC,90,Shuppet,Pokémon,Basic,I,60,Psychic,,Common,8f68ec967519
me2pt5-91,me2pt5,ASC,91,Banette,Pokémon,Stage 1,I,90,Psychic,Shuppet,Uncommon,be577854e26c
me2pt5-92,me2pt5,ASC,92,Rotom,Pokémon,Basic,I,60,Psychic,,Common,fa93a6f3a73a
me2pt5-93,me2pt5,ASC,93,Swirlix,Pokémon,Basic,J,60,Psychic,,Common,68c71964e51e
me2pt5-94,me2pt5,ASC,94,Slurpuff,Pokémon,Stage 1,J,120,Psychic,Swirlix,Uncommon,73b32296ffa9
me2pt5-95,me2pt5,ASC,95,Hop's Phantump,Pokémon,Basic,I,70,Psychic,,Common,e7fdc08e820f
me2pt5-96,me2pt5,ASC,96,Hop's Trevenant,Pokémon,Stage 1,I,140,Psychic,Hop's Phantump,Rare,9c7537a00f02
me2pt5-97,me2pt5,ASC,97,Team Rocket's Mimikyu,Pokémon,Basic,I,60,Psychic,,Uncommon,b85abcf8058f
me2pt5-98,me2pt5,ASC,98,Spectrier,Pokémon,Basic,I,120,Psychic,,Rare,5dc4dfb7a199
me2pt5-99,me2pt5,ASC,99,Munkidori,Pokémon,Basic,H,110,Psychic,,Rare,116dd24ed78c
me2pt5-100,me2pt5,ASC,100,Team Rocket's Diglett,Pokémon,Basic,I,60,Fighting,,Common,3137a2adb7dc
me2pt5-101,me2pt5,ASC,101,Team Rocket's Dugtrio,Pokémon,Stage 1,I,100,Fighting,Team Rocket's Diglett,Uncommon,7cd8edf46d60
me2pt5-102,me2pt5,ASC,102,Hitmontop,Pokémon,Basic,J,100,Fighting,,Common,26ea3d0b37f9
me2pt5-103,me2pt5,ASC,103,Meditite,Pokémon,Basic,I,70,Fighting,,Common,4a094d871429
me2pt5-104,me2pt5,ASC,104,Medicham,Pokémon,Stage 1,I,120,Fighting,Meditite,Common,403f5d26d526
me2pt5-105,me2pt5,ASC,105,Lunatone,Pokémon,Basic,I,110,Fighting,,Rare,72b18f35d8a0
me2pt5-106,me2pt5,ASC,106,Solrock,Pokémon,Basic,I,110,Fighting,,Uncommon,154753120080
me2pt5-107,me2pt5,ASC,107,Regirock ex,Pokémon,Basic|ex,I,230,Fighting,,Double Rare,67e299f8e7c6
me2pt5-108,me2pt5,ASC,108,Groudon,Pokémon,Basic,J,140,Fighting,,Rare,9c9daac12da2
me2pt5-109,me2pt5,ASC,109,Cynthia's Gible,Pokémon,Basic,I,70,Fighting,,Common,f5443a835bae
me2pt5-110,me2pt5,ASC,110,Cynthia's Gabite,Pokémon,Stage 1,I,100,Fighting,Cynthia's Gible,Uncommon,534d6f523833
me2pt5-111,me2pt5,ASC,111,Cynthia's Garchomp ex,Pokémon,Stage 2|ex,I,330,Fighting,Cynthia's Gabite,Double Rare,a9a66849a90f
me2pt5-112,me2pt5,ASC,112,Riolu,Pokémon,Basic,I,80,Fighting,,Common,275476d7f2fc
me2pt5-113,me2pt5,ASC,113,Mega Lucario ex,Pokémon,Stage 1|MEGA|ex,I,340,Fighting,Riolu,Double Rare,fcd64d018024
me2pt5-114,me2pt5,ASC,114,Stunfisk ex,Pokémon,Basic|ex,J,210,Fighting,,Double Rare,41db02bf4d1e
me2pt5-115,me2pt5,ASC,115,Pancham,Pokémon,Basic,I,70,Fighting,,Common,9c8b0bd2c4a0
me2pt5-116,me2pt5,ASC,116,Mega Hawlucha ex,Pokémon,Basic|MEGA|ex,I,250,Fighting,,Double Rare,f6908a51504c
me2pt5-117,me2pt5,ASC,117,Carbink,Pokémon,Basic,J,90,Fighting,,Uncommon,d49b6c3dc1f8
me2pt5-118,me2pt5,ASC,118,Rolycoly,Pokémon,Basic,I,80,Fighting,,Common,dcf96634b5e5
me2pt5-119,me2pt5,ASC,119,Carkol,Pokémon,Stage 1,I,110,Fighting,Rolycoly,Common,ace94278fb20
me2pt5-120,me2pt5,ASC,120,Coalossal,Pokémon,Stage 2,I,180,Fighting,Carkol,Rare,2981019e2221
me2pt5-121,me2pt5,ASC,121,Koraidon ex,Pokémon,Basic|Tera|ex,J,230,Fighting,,Double Rare,d5db163e3fed
me2pt5-122,me2pt5,ASC,122,Okidogi,Pokémon,Basic,I,140,Fighting,,Rare,638373880494
me2pt5-123,me2pt5,ASC,123,Gastly,Pokémon,Basic,I,70,Darkness,,Common,ab014ec5456f
me2pt5-124,me2pt5,ASC,124,Haunter,Pokémon,Stage 1,I,100,Darkness,Gastly,Uncommon,db121410c2ad
me2pt5-125,me2pt5,ASC,125,Mega Gengar ex,Pokémon,Stage 2|MEGA|ex,I,350,Darkness,Haunter,Double Rare,723b09279fe2
me2pt5-126,me2pt5,ASC,126,Team Rocket's Murkrow,Pokémon,Basic,I,80,Darkness,,Common,c5b6d3a0e997
me2pt5-127,me2pt5,ASC,127,Team Rocket's Honchkrow,Pokémon,Stage 1,I,130,Darkness,Team Rocket's Murkrow,Rare,ca2d8321e77b
me2pt5-128,me2pt5,ASC,128,Poochyena,Pokémon,Basic,H,70,Darkness,,Common,1d2e18208291
me2pt5-129,me2pt5,ASC,129,Mightyena,Pokémon,Stage 1,H,120,Darkness,Poochyena,Uncommon,b53f1ffc6040
me2pt5-130,me2pt5,ASC,130,Galarian Zigzagoon,Pokémon,Basic,I,70,Darkness,,Common,6d17bb52b75d
me2pt5-131,me2pt5,ASC,131,Galarian Linoone,Pokémon,Stage 1,I,90,Darkness,Galarian Zigzagoon,Common,cd789d30c1b8
me2pt5-132,me2pt5,ASC,132,Galarian Obstagoon,Pokémon,Stage 2,I,170,Darkness,Galarian Linoone,Uncommon,ebed33780bb9
me2pt5-133,me2pt5,ASC,133,Cynthia's Spiritomb,Pokémon,Basic,I,70,Darkness,,Uncommon,948e958613d5
me2pt5-134,me2pt5,ASC,134,Scraggy,Pokémon,Basic,I,80,Darkness,,Common,1dcc161e7897
me2pt5-135,me2pt5,ASC,135,Mega Scrafty ex,Pokémon,Stage 1|MEGA|ex,I,330,Darkness,Scraggy,Double Rare,dfb11f16849e
me2pt5-136,me2pt5,ASC,136,N's Zorua,Pokémon,Basic,I,70,Darkness,,Common,2daeb0c45ba0
me2pt5-137,me2pt5,ASC,137,N's Zoroark ex,Pokémon,Stage 1|ex,I,280,Darkness,N's Zorua,Double Rare,5b633be11c63
me2pt5-138,me2pt5,ASC,138,Vullaby,Pokémon,Basic,J,70,Darkness,,Common,51867941adc7
me2pt5-139,me2pt5,ASC,139,Mandibuzz ex,Pokémon,Stage 1|ex,J,260,Darkness,Vullaby,Double Rare,44cfebffb98f
me2pt5-140,me2pt5,ASC,140,Pangoro,Pokémon,Stage 1,I,140,Darkness,Pancham,Uncommon,b955125b5881
me2pt5-141,me2pt5,ASC,141,Hoopa,Pokémon,Basic,J,120,Darkness,,Rare,632ce7a6a0b6
me2pt5-142,me2pt5,ASC,142,Fezandipiti ex,Pokémon,Basic|ex,H,210,Darkness,,Double Rare,0976082a9a12
me2pt5-143,me2pt5,ASC,143,Pecharunt,Pokémon,Basic,I,80,Darkness,,Rare,9499359d3791
me2pt5-144,me2pt5,ASC,144,Mawile,Pokémon,Basic,J,90,Metal,,Uncommon,c1e3faf052a9
me2pt5-145,me2pt5,ASC,145,Registeel ex,Pokémon,Basic|ex,J,230,Metal,,Double Rare,7f728a553e6d
me2pt5-146,me2pt5,ASC,146,Pawniard,Pokémon,Basic,I,70,Metal,,Common,4ef52d9bbb35
me2pt5-147,me2pt5,ASC,147,Bisharp,Pokémon,Stage 1,I,120,Metal,Pawniard,Common,98c2169276ca
me2pt5-148,me2pt5,ASC,148,Kingambit,Pokémon,Stage 2,I,170,Metal,Bisharp,Rare,8f01b4ff41fc
me2pt5-149,me2pt5,ASC,149,Togedemaru ex,Pokémon,Basic|ex,J,190,Metal,,Double Rare,42ad852c56c4
me2pt5-150,me2pt5,ASC,150,Dratini,Pokémon,Basic,I,80,Dragon,,Common,c4207bc6f3ef
me2pt5-151,me2pt5,ASC,151,Dragonair,Pokémon,Stage 1,I,100,Dragon,Dratini,Uncommon,1d997d015da7
me2pt5-152,me2pt5,ASC,152,Mega Dragonite ex,Pokémon,Stage 2|MEGA|ex,I,370,Dragon,Dragonair,Double Rare,16992d09c15b
me2pt5-153,me2pt5,ASC,153,Rayquaza,Pokémon,Basic,I,120,Dragon,,Rare,4b7cf90a1907
me2pt5-154,me2pt5,ASC,154,N's Reshiram,Pokémon,Basic,I,130,Dragon,,Rare,1ff6d3fea7b3
me2pt5-155,me2pt5,ASC,155,N's Zekrom,Pokémon,Basic,I,130,Dragon,,Rare,f7fc24dc0a23
me2pt5-156,me2pt5,ASC,156,Noibat,Pokémon,Basic,I,70,Dragon,,Common,2a41372197f1
me2pt5-157,me2pt5,ASC,157,Noivern,Pokémon,Stage 1,I,120,Dragon,Noibat,Uncommon,792fbeb46253
me2pt5-158,me2pt5,ASC,158,Dreepy,Pokémon,Basic,H,70,Dragon,,Common,b7b9abeeae36
me2pt5-159,me2pt5,ASC,159,Drakloak,Pokémon,Stage 1,H,90,Dragon,Dreepy,Common,9ae6d2c6514d
me2pt5-160,me2pt5,ASC,160,Dragapult ex,Pokémon,Stage 2|Tera|ex,H,320,Dragon,Drakloak,Double Rare,7e6a5cb288c3
me2pt5-161,me2pt5,ASC,161,Team Rocket's Meowth,Pokémon,Basic,I,70,Colorless,,Common,43dfff88bf30
me2pt5-162,me2pt5,ASC,162,Team Rocket's Kangaskhan ex,Pokémon,Basic|ex,I,230,Colorless,,Double Rare,c7bbe6f5c6ed
me2pt5-163,me2pt5,ASC,163,Larry's Dunsparce,Pokémon,Basic,J,70,Colorless,,Common,3667eab13abe
me2pt5-164,me2pt5,ASC,164,Larry's Dudunsparce ex,Pokémon,Stage 1|ex,J,270,Colorless,Larry's Dunsparce,Double Rare,6caf2e8d393d
me2pt5-165,me2pt5,ASC,165,Skitty,Pokémon,Basic,J,60,Colorless,,Common,290537ebc7d5
me2pt5-166,me2pt5,ASC,166,Delcatty,Pokémon,Stage 1,J,100,Colorless,Skitty,Uncommon,4d9b1380824e
me2pt5-167,me2pt5,ASC,167,Zangoose ex,Pokémon,Basic|ex,J,200,Colorless,,Double Rare,1df56444da35
me2pt5-168,me2pt5,ASC,168,Larry's Starly,Pokémon,Basic,J,60,Colorless,,Common,805f899e1e98
me2pt5-169,me2pt5,ASC,169,Larry's Staravia,Pokémon,Stage 1,J,90,Colorless,Larry's Starly,Uncommon,e44b6e3159ad
me2pt5-170,me2pt5,ASC,170,Larry's Staraptor,Pokémon,Stage 2,J,150,Colorless,Larry's Staravia,Rare,2a9ae245b198
me2pt5-171,me2pt5,ASC,171,Fan Rotom,Pokémon,Basic,H,70,Colorless,,Common,b3537557e66b
me2pt5-172,me2pt5,ASC,172,Mega Audino ex,Pokémon,Basic|MEGA|ex,J,270,Colorless,,Double Rare,caea0d6aa2d2
me2pt5-173,me2pt5,ASC,173,Larry's Rufflet,Pokémon,Basic,J,70,Colorless,,Common,bebe90667f5c
me2pt5-174,me2pt5,ASC,174,Larry's Braviary,Pokémon,Stage 1,J,130,Colorless,Larry's Rufflet,Uncommon,65889966e8e8
me2pt5-175,me2pt5,ASC,175,Larry's Komala,Pokémon,Basic,J,90,Colorless,,Common,33ad61c0698a
me2pt5-176,me2pt5,ASC,176,Drampa,Pokémon,Basic,J,130,Colorless,,Uncommon,179b06f773d4
me2pt5-177,me2pt5,ASC,177,Hop's Cramorant,Pokémon,Basic,I,110,Colorless,,Uncommon,e2f9f127f4c2
me2pt5-178,me2pt5,ASC,178,Terapagos,Pokémon,Basic,H,120,Colorless,,Rare,c49ab8e31f81
me2pt5-179,me2pt5,ASC,179,Terapagos ex,Pokémon,Basic|Tera|ex,H,230,Colorless,,Double Rare,451009c529af
me2pt5-180,me2pt5,ASC,180,Acerola's Mischief,Trainer,Supporter,I,,,,Uncommon,4cc4748cd2d5
me2pt5-181,me2pt5,ASC,181,Air Balloon,Trainer,Pokémon Tool,I,,,,Uncommon,d5195d25baf6
me2pt5-182,me2pt5,ASC,182,Anthea & Concordia,Trainer,Supporter,I,,,,Uncommon,92a3a9b3bfde
me2pt5-183,me2pt5,ASC,183,Boss's Orders,Trainer,Supporter,I,,,,Uncommon,5fd64782cdc8
me2pt5-184,me2pt5,ASC,184,Buddy-Buddy Poffin,Trainer,Item,H,,,,Common,4c6a2f9418b8
me2pt5-185,me2pt5,ASC,185,Canari,Trainer,Supporter,I,,,,Uncommon,379534543ae8
me2pt5-186,me2pt5,ASC,186,Counter Gain,Trainer,Pokémon Tool,H,,,,Common,eca66d5c4c18
me2pt5-187,me2pt5,ASC,187,Fighting Gong,Trainer,Item,I,,,,Uncommon,ac7fa1bb2f7d
me2pt5-188,me2pt5,ASC,188,Forest of Vitality,Trainer,Stadium,I,,,,Uncommon,11e680d26ff7
me2pt5-189,me2pt5,ASC,189,Glass Trumpet,Trainer,Item,H,,,,Common,073ee037e9e6
me2pt5-190,me2pt5,ASC,190,Iris's Fighting Spirit,Trainer,Supporter,I,,,,Uncommon,d39f973cb174
me2pt5-191,me2pt5,ASC,191,Light Ball,Trainer,Pokémon Tool,I,,,,Uncommon,5f7261afef05
me2pt5-192,me2pt5,ASC,192,Lillie's Determination,Trainer,Supporter,I,,,,Uncommon,ca1e96f3756d
me2pt5-193,me2pt5,ASC,193,Mega Signal,Trainer,Item,I,,,,Common,02ced81bc187
me2pt5-194,me2pt5,ASC,194,Mystery Garden,Trainer,Stadium,I,,,,Uncommon,9fc9b1c67030
me2pt5-195,me2pt5,ASC,195,N's PP Up,Trainer,Item,I,,,,Uncommon,7d623f7afcff
me2pt5-196,me2pt5,ASC,196,Night Stretcher,Trainer,Item,H,,,,Common,1896e5d53746
me2pt5-197,me2pt5,ASC,197,Nighttime Mine,Trainer,Stadium,I,,,,Uncommon,930f7d26e296
me2pt5-198,me2pt5,ASC,198,Poké Pad,Trainer,Item,J,,,,Common,dd5f0295f141
me2pt5-199,me2pt5,ASC,199,Premium Power Pro,Trainer,Item,I,,,,Uncommon,1868242e95cc
me2pt5-200,me2pt5,ASC,200,Surfer,Trainer,Supporter,H,,,,Common,367b5cbcf2ce
me2pt5-201,me2pt5,ASC,201,Team Rocket's Archer,Trainer,Supporter,I,,,,Uncommon,0ea9bdc0e2dc
me2pt5-202,me2pt5,ASC,202,Team Rocket's Ariana,Trainer,Supporter,I,,,,Uncommon,973ae2c97ab7
me2pt5-203,me2pt5,ASC,203,Team Rocket's Factory,Trainer,Stadium,I,,,,Uncommon,1845277e775d
me2pt5-204,me2pt5,ASC,204,Team Rocket's Giovanni,Trainer,Supporter,I,,,,Uncommon,022999d32ab9
me2pt5-205,me2pt5,ASC,205,Team Rocket's Great Ball,Trainer,Item,I,,,,Uncommon,cef476b230aa
me2pt5-206,me2pt5,ASC,206,Team Rocket's Hypnotizer,Trainer,Pokémon Tool,I,,,,Uncommon,3939da5dd912
me2pt5-207,me2pt5,ASC,207,Team Rocket's Petrel,Trainer,Supporter,I,,,,Uncommon,937823f2880a
me2pt5-208,me2pt5,ASC,208,Team Rocket's Proton,Trainer,Supporter,I,,,,Uncommon,1db537b6fdb2
me2pt5-209,me2pt5,ASC,209,Team Rocket's Transceiver,Trainer,Item,I,,,,Uncommon,90ef51e6ff84
me2pt5-210,me2pt5,ASC,210,Team Rocket's Watchtower,Trainer,Stadium,I,,,,Uncommon,08da148a550a
me2pt5-211,me2pt5,ASC,211,Thick Scale,Trainer,Pokémon Tool,I,,,,Uncommon,53c54279adfd
me2pt5-212,me2pt5,ASC,212,Tool Scrapper,Trainer,Item,I,,,,Common,aad3fcc9ac5f
me2pt5-213,me2pt5,ASC,213,Ultra Ball,Trainer,Item,I,,,,Common,56da2bd5e1cc
me2pt5-214,me2pt5,ASC,214,Urbain,Trainer,Supporter,J,,,,Uncommon,b4af144c08bb
me2pt5-215,me2pt5,ASC,215,Waitress,Trainer,Supporter,J,,,,Common,ba16f1e9d42a
me2pt5-216,me2pt5,ASC,216,Prism Energy,Energy,Special,I,,,,Uncommon,c2725899aa38
me2pt5-217,me2pt5,ASC,217,Team Rocket's Energy,Energy,Special,I,,,,Uncommon,a7440e5b612e
me2pt5-218,me2pt5,ASC,218,Erika's Tangela,Pokémon,Basic,J,80,Grass,,Illustration Rare,dbee95959e8c
me2pt5-219,me2pt5,ASC,219,Beautifly,Pokémon,Stage 2,I,130,Grass,Silcoon,Illustration Rare,bf051e5af5d6
me2pt5-220,me2pt5,ASC,220,Dustox,Pokémon,Stage 2,I,140,Grass,Cascoon,Illustration Rare,a2ae8342745a
me2pt5-221,me2pt5,ASC,221,Budew,Pokémon,Basic,H,30,Grass,,Illustration Rare,c442bd07e4ee
me2pt5-222,me2pt5,ASC,222,Ethan's Magcargo,Pokémon,Stage 1,I,130,Fire,Ethan's Slugma,Illustration Rare,4a40a8e471eb
me2pt5-223,me2pt5,ASC,223,Numel,Pokémon,Basic,I,80,Fire,,Illustration Rare,39ddc1a7661b
me2pt5-224,me2pt5,ASC,224,Salazzle,Pokémon,Stage 1,H,120,Fire,Salandit,Illustration Rare,1836679f9e4c
me2pt5-225,me2pt5,ASC,225,Scorbunny,Pokémon,Basic,H,70,Fire,,Illustration Rare,759801f7f37c
me2pt5-226,me2pt5,ASC,226,Psyduck,Pokémon,Basic,I,70,Water,,Illustration Rare,c7757d370ad4
me2pt5-227,me2pt5,ASC,227,Snorunt,Pokémon,Basic,I,70,Water,,Illustration Rare,ff2b405c7fe7
me2pt5-228,me2pt5,ASC,228,Weavile,Pokémon,Stage 1,H,100,Water,Sneasel,Illustration Rare,aadcbeb4b6fd
me2pt5-229,me2pt5,ASC,229,Heliolisk,Pokémon,Stage 1,I,120,Lightning,Helioptile,Illustration Rare,283587bc97ed
me2pt5-230,me2pt5,ASC,230,Vikavolt,Pokémon,Stage 2,H,160,Lightning,Charjabug,Illustration Rare,d69da6a128e6
me2pt5-231,me2pt5,ASC,231,Iono's Wattrel,Pokémon,Basic,I,60,Lightning,,Illustration Rare,741f4fd5584f
me2pt5-232,me2pt5,ASC,232,Marill,Pokémon,Basic,J,70,Psychic,,Illustration Rare,2eaf379a8b3a
me2pt5-233,me2pt5,ASC,233,Misdreavus,Pokémon,Basic,I,60,Psychic,,Illustration Rare,b24366cea5ac
me2pt5-234,me2pt5,ASC,234,Banette,Pokémon,Stage 1,I,90,Psychic,Shuppet,Illustration Rare,be577854e26c
me2pt5-235,me2pt5,ASC,235,Togekiss,Pokémon,Stage 2,H,140,Psychic,Togetic,Illustration Rare,c269c2b85c81
me2pt5-236,me2pt5,ASC,236,Slurpuff,Pokémon,Stage 1,J,120,Psychic,Swirlix,Illustration Rare,73b32296ffa9
me2pt5-237,me2pt5,ASC,237,Hop's Trevenant,Pokémon,Stage 1,I,140,Psychic,Hop's Phantump,Illustration Rare,9c7537a00f02
me2pt5-238,me2pt5,ASC,238,Team Rocket's Mimikyu,Pokémon,Basic,I,60,Psychic,,Illustration Rare,b85abcf8058f
me2pt5-239,me2pt5,ASC,239,Team Rocket's Dugtrio,Pokémon,Stage 1,I,100,Fighting,Team Rocket's Diglett,Illustration Rare,7cd8edf46d60
me2pt5-240,me2pt5,ASC,240,Hitmontop,Pokémon,Basic,J,100,Fighting,,Illustration Rare,26ea3d0b37f9
me2pt5-241,me2pt5,ASC,241,Medicham,Pokémon,Stage 1,I,120,Fighting,Meditite,Illustration Rare,403f5d26d526
me2pt5-242,me2pt5,ASC,242,Carbink,Pokémon,Basic,J,90,Fighting,,Illustration Rare,d49b6c3dc1f8
me2pt5-243,me2pt5,ASC,243,Mightyena,Pokémon,Stage 1,H,120,Darkness,Poochyena,Illustration Rare,b53f1ffc6040
me2pt5-244,me2pt5,ASC,244,Cynthia's Spiritomb,Pokémon,Basic,I,70,Darkness,,Illustration Rare,948e958613d5
me2pt5-245,me2pt5,ASC,245,Galarian Obstagoon,Pokémon,Stage 2,I,170,Darkness,Galarian Linoone,Illustration Rare,ebed33780bb9
me2pt5-246,me2pt5,ASC,246,Mawile,Pokémon,Basic,J,90,Metal,,Illustration Rare,c1e3faf052a9
me2pt5-247,me2pt5,ASC,247,Dreepy,Pokémon,Basic,H,70,Dragon,,Illustration Rare,b7b9abeeae36
me2pt5-248,me2pt5,ASC,248,Drakloak,Pokémon,Stage 1,H,90,Dragon,Dreepy,Illustration Rare,9ae6d2c6514d
me2pt5-249,me2pt5,ASC,249,Larry's Staraptor,Pokémon,Stage 2,J,150,Colorless,Larry's Staravia,Illustration Rare,2a9ae245b198
me2pt5-250,me2pt5,ASC,250,Fan Rotom,Pokémon,Basic,H,70,Colorless,,Illustration Rare,b3537557e66b
me2pt5-251,me2pt5,ASC,251,Sprigatito ex,Pokémon,Basic|ex,H,200,Grass,,Ultra Rare,a3039dc314be
me2pt5-252,me2pt5,ASC,252,Stunfisk ex,Pokémon,Basic|ex,J,210,Fighting,,Ultra Rare,41db02bf4d1e
me2pt5-253,me2pt5,ASC,253,Mega Audino ex,Pokémon,Basic|MEGA|ex,J,270,Colorless,,Ultra Rare,caea0d6aa2d2
me2pt5-254,me2pt5,ASC,254,Anthea & Concordia,Trainer,Supporter,I,,,,Ultra Rare,92a3a9b3bfde
me2pt5-255,me2pt5,ASC,255,Black Belt's Training,Trainer,Supporter,H,,,,Ultra Rare,4292c6409709
me2pt5-256,me2pt5,ASC,256,Boss's Orders,Trainer,Supporter,I,,,,Ultra Rare,5fd64782cdc8
me2pt5-257,me2pt5,ASC,257,Canari,Trainer,Supporter,I,,,,Ultra Rare,379534543ae8
me2pt5-258,me2pt5,ASC,258,Cheren,Trainer,Supporter,I,,,,Ultra Rare,54a13cb3d8cc
me2pt5-259,me2pt5,ASC,259,Counter Gain,Trainer,Pokémon Tool,H,,,,Ultra Rare,eca66d5c4c18
me2pt5-260,me2pt5,ASC,260,Glass Trumpet,Trainer,Item,H,,,,Ultra Rare,073ee037e9e6
me2pt5-261,me2pt5,ASC,261,Jamming Tower,Trainer,Stadium,H,,,,Ultra Rare,abc8cf586921
me2pt5-262,me2pt5,ASC,262,N's PP Up,Trainer,Item,I,,,,Ultra Rare,7d623f7afcff
me2pt5-263,me2pt5,ASC,263,Team Rocket's Transceiver,Trainer,Item,I,,,,Ultra Rare,90ef51e6ff84
me2pt5-264,me2pt5,ASC,264,Ultra Ball,Trainer,Item,I,,,,Ultra Rare,56da2bd5e1cc
me2pt5-265,me2pt5,ASC,265,Mega Froslass ex,Pokémon,Stage 1|MEGA|ex,I,310,Water,Snorunt,MEGA_ATTACK_RARE,d46694a87520
me2pt5-266,me2pt5,ASC,266,Mega Eelektross ex,Pokémon,Stage 2|MEGA|ex,I,350,Lightning,Eelektrik,MEGA_ATTACK_RARE,7f36f7fea405
me2pt5-267,me2pt5,ASC,267,Mega Diancie ex,Pokémon,Basic|MEGA|ex,I,270,Psychic,,MEGA_ATTACK_RARE,674e98f308c4
me2pt5-268,me2pt5,ASC,268,Mega Hawlucha ex,Pokémon,Basic|MEGA|ex,I,250,Fighting,,MEGA_ATTACK_RARE,f6908a51504c
me2pt5-269,me2pt5,ASC,269,Mega Gengar ex,Pokémon,Stage 2|MEGA|ex,I,350,Darkness,Haunter,MEGA_ATTACK_RARE,723b09279fe2
me2pt5-270,me2pt5,ASC,270,Mega Scrafty ex,Pokémon,Stage 1|MEGA|ex,I,330,Darkness,Scraggy,MEGA_ATTACK_RARE,dfb11f16849e
me2pt5-271,me2pt5,ASC,271,Mega Dragonite ex,Pokémon,Stage 2|MEGA|ex,I,370,Dragon,Dragonair,MEGA_ATTACK_RARE,16992d09c15b
me2pt5-272,me2pt5,ASC,272,Mega Meganium ex,Pokémon,Stage 2|MEGA|ex,J,360,Grass,Bayleef,Special Illustration Rare,e45404934b22
me2pt5-273,me2pt5,ASC,273,Mega Emboar ex,Pokémon,Stage 2|MEGA|ex,J,380,Fire,Pignite,Special Illustration Rare,0b88915dcda8
me2pt5-274,me2pt5,ASC,274,Mega Feraligatr ex,Pokémon,Stage 2|MEGA|ex,J,370,Water,Croconaw,Special Illustration Rare,077fa30bde83
me2pt5-275,me2pt5,ASC,275,Mega Froslass ex,Pokémon,Stage 1|MEGA|ex,I,310,Water,Snorunt,Special Illustration Rare,d46694a87520
me2pt5-276,me2pt5,ASC,276,Pikachu ex,Pokémon,Basic|ex,H,200,Lightning,,Special Illustration Rare,1e53c9f04c25
me2pt5-277,me2pt5,ASC,277,Pikachu ex,Pokémon,Basic|Tera|ex,H,200,Lightning,,Special Illustration Rare,e208fac38500
me2pt5-278,me2pt5,ASC,278,Mega Eelektross ex,Pokémon,Stage 2|MEGA|ex,I,350,Lightning,Eelektrik,Special Illustration Rare,7f36f7fea405
me2pt5-279,me2pt5,ASC,279,Iono's Bellibolt ex,Pokémon,Stage 1|ex,I,280,Lightning,Iono's Tadbulb,Special Illustration Rare,b083eedb6159
me2pt5-280,me2pt5,ASC,280,Lillie's Clefairy ex,Pokémon,Basic|ex,I,190,Psychic,,Special Illustration Rare,e242a2d5af56
me2pt5-281,me2pt5,ASC,281,Team Rocket's Mewtwo ex,Pokémon,Basic|ex,I,280,Psychic,,Special Illustration Rare,1c986d139d08
me2pt5-282,me2pt5,ASC,282,Mega Diancie ex,Pokémon,Basic|MEGA|ex,I,270,Psychic,,Special Illustration Rare,674e98f308c4
me2pt5-283,me2pt5,ASC,283,Mega Hawlucha ex,Pokémon,Basic|MEGA|ex,I,250,Fighting,,Special Illustration Rare,f6908a51504c
me2pt5-284,me2pt5,ASC,284,Mega Gengar ex,Pokémon,Stage 2|MEGA|ex,I,350,Darkness,Haunter,Special Illustration Rare,723b09279fe2
me2pt5-285,me2pt5,ASC,285,Mega Scrafty ex,Pokémon,Stage 1|MEGA|ex,I,330,Darkness,Scraggy,Special Illustration Rare,dfb11f16849e
me2pt5-286,me2pt5,ASC,286,N's Zoroark ex,Pokémon,Stage 1|ex,I,280,Darkness,N's Zorua,Special Illustration Rare,5b633be11c63
me2pt5-287,me2pt5,ASC,287,Marnie's Grimmsnarl ex,Pokémon,Stage 2|ex,I,320,Darkness,Marnie's Morgrem,Special Illustration Rare,a3db8e450230
me2pt5-288,me2pt5,ASC,288,Fezandipiti ex,Pokémon,Basic|ex,H,210,Darkness,,Special Illustration Rare,0976082a9a12
me2pt5-289,me2pt5,ASC,289,Steven's Metagross ex,Pokémon,Stage 2|ex,I,340,Metal,Steven's Metang,Special Illustration Rare,a677d6c6adc2
me2pt5-290,me2pt5,ASC,290,Mega Dragonite ex,Pokémon,Stage 2|MEGA|ex,I,370,Dragon,Dragonair,Special Illustration Rare,16992d09c15b
me2pt5-291,me2pt5,ASC,291,Canari,Trainer,Supporter,I,,,,Special Illustration Rare,379534543ae8
me2pt5-292,me2pt5,ASC,292,Iris's Fighting Spirit,Trainer,Supporter,I,,,,Special Illustration Rare,d39f973cb174
me2pt5-293,me2pt5,ASC,293,Surfer,Trainer,Supporter,H,,,,Special Illustration Rare,367b5cbcf2ce
me2pt5-294,me2pt5,ASC,294,Mega Charizard Y ex,Pokémon,Stage 2|MEGA|ex,J,360,Fire,Charmeleon,Mega Hyper Rare,91006bdc979a
me2pt5-295,me2pt5,ASC,295,Mega Dragonite ex,Pokémon,Stage 2|MEGA|ex,I,370,Dragon,Dragonair,Mega Hyper Rare,16992d09c15b
me3-1,me3,POR,1,Spinarak,Pokémon,Basic,J,60,Grass,,Common,e6459068d376
me3-2,me3,POR,2,Ariados,Pokémon,Stage 1,J,110,Grass,Spinarak,Common,05f138b19ecb
me3-3,me3,POR,3,Shaymin,Pokémon,Basic,J,70,Grass,,Uncommon,6246468298a3
me3-4,me3,POR,4,Snivy,Pokémon,Basic,J,70,Grass,,Common,d7199446d301
me3-5,me3,POR,5,Servine,Pokémon,Stage 1,J,100,Grass,Snivy,Common,a96a23dbeb9e
me3-6,me3,POR,6,Serperior,Pokémon,Stage 2,J,160,Grass,Servine,Rare,d87c87a20239
me3-7,me3,POR,7,Scatterbug,Pokémon,Basic,J,40,Grass,,Common,50a6e5e89ebb
me3-8,me3,POR,8,Spewpa,Pokémon,Stage 1,J,80,Grass,Scatterbug,Common,26b94631e48d
me3-9,me3,POR,9,Vivillon,Pokémon,Stage 2,J,120,Grass,Spewpa,Uncommon,754bcf759ff5
me3-10,me3,POR,10,Rowlet,Pokémon,Basic,J,80,Grass,,Common,902870a5d149
me3-11,me3,POR,11,Dartrix,Pokémon,Stage 1,J,100,Grass,Rowlet,Common,6e0ca5c55f05
me3-12,me3,POR,12,Decidueye ex,Pokémon,Stage 2|ex,J,320,Grass,Dartrix,Double Rare,c1290391694d
me3-13,me3,POR,13,Fletchinder,Pokémon,Stage 1,J,90,Fire,Fletchling,Common,1bd1af6c801a
me3-14,me3,POR,14,Talonflame,Pokémon,Stage 2,J,150,Fire,Fletchinder,Uncommon,86287207fd97
me3-15,me3,POR,15,Salandit,Pokémon,Basic,J,70,Fire,,Common,729653b73b9c
me3-16,me3,POR,16,Salazzle ex,Pokémon,Stage 1|ex,J,260,Fire,Salandit,Double Rare,5c40f1755bc2
me3-17,me3,POR,17,Turtonator,Pokémon,Basic,J,120,Fire,,Uncommon,a86f5155fbae
me3-18,me3,POR,18,Seel,Pokémon,Basic,J,80,Water,,Common,5bf0ad64f11b
me3-19,me3,POR,19,Dewgong,Pokémon,Stage 1,J,130,Water,Seel,Rare,7b5529b95223
me3-20,me3,POR,20,Staryu,Pokémon,Basic,J,70,Water,,Common,d37b9b79880d
me3-21,me3,POR,21,Mega Starmie ex,Pokémon,Stage 1|MEGA|ex,J,330,Water,Staryu,Double Rare,71033abec8a4
me3-22,me3,POR,22,Lapras ex,Pokémon,Basic|ex,I,210,Water,,Double Rare,cd33ef7e3597
me3-23,me3,POR,23,Amaura,Pokémon,Stage 1,J,100,Water,Antique Sail Fossil,Common,3a6b307b76a2
me3-24,me3,POR,24,Aurorus,Pokémon,Stage 2,J,170,Water,Amaura,Rare,83476050727c
me3-25,me3,POR,25,Volcanion,Pokémon,Basic,J,130,Water,,Uncommon,5425daa10701
me3-26,me3,POR,26,Shinx,Pokémon,Basic,J,70,Lightning,,Common,fcf835b2b383
me3-27,me3,POR,27,Luxio,Pokémon,Stage 1,J,90,Lightning,Shinx,Uncommon,6ff80a1993f1
me3-28,me3,POR,28,Luxray,Pokémon,Stage 2,J,150,Lightning,Luxio,Rare,0e6d6e49a64f
me3-29,me3,POR,29,Dedenne,Pokémon,Basic,J,70,Lightning,,Common,9b31cba2f49d
me3-30,me3,POR,30,Clefairy,Pokémon,Basic,J,70,Psychic,,Common,53ddb50c9b56
me3-31,me3,POR,31,Mega Clefable ex,Pokémon,Stage 1|MEGA|ex,J,320,Psychic,Clefairy,Double Rare,d6f243c1446c
me3-32,me3,POR,32,Mawile,Pokémon,Basic,J,110,Psychic,,Common,27aac09d840d
me3-33,me3,POR,33,Espurr,Pokémon,Basic,J,60,Psychic,,Common,14a76ac57762
me3-34,me3,POR,34,Meowstic,Pokémon,Stage 1,J,100,Psychic,Espurr,Uncommon,e1382511240b
me3-35,me3,POR,35,Spritzee,Pokémon,Basic,J,70,Psychic,,Common,ec7dfd079da3
me3-36,me3,POR,36,Aromatisse,Pokémon,Stage 1,J,120,Psychic,Spritzee,Uncommon,a2143090949f
me3-37,me3,POR,37,Nosepass,Pokémon,Basic,J,90,Fighting,,Common,03c4428908eb
me3-38,me3,POR,38,Probopass,Pokémon,Stage 1,J,140,Fighting,Nosepass,Common,f3bb1eda005d
me3-39,me3,POR,39,Hippopotas,Pokémon,Basic,J,100,Fighting,,Common,2420fa6b5ad4
me3-40,me3,POR,40,Hippowdon,Pokémon,Stage 1,J,150,Fighting,Hippopotas,Uncommon,edad3ae65f5a
me3-41,me3,POR,41,Landorus,Pokémon,Basic,J,120,Fighting,,Rare,c43516777857
me3-42,me3,POR,42,Binacle,Pokémon,Basic,J,80,Fighting,,Common,6c4674b43aee
me3-43,me3,POR,43,Barbaracle,Pokémon,Stage 1,J,130,Fighting,Binacle,Uncommon,f2ec5532a23e
me3-44,me3,POR,44,Tyrunt,Pokémon,Stage 1,J,100,Fighting,Antique Jaw Fossil,Common,325f81b24cd6
me3-45,me3,POR,45,Tyrantrum,Pokémon,Stage 2,J,180,Fighting,Tyrunt,Rare,a609c90af510
me3-46,me3,POR,46,Hawlucha,Pokémon,Basic,J,70,Fighting,,Common,7f62959b1349
me3-47,me3,POR,47,Mega Zygarde ex,Pokémon,Basic|MEGA|ex,J,310,Fighting,,Double Rare,45e8dee3ceab
me3-48,me3,POR,48,Gastly,Pokémon,Basic,J,70,Darkness,,Common,0263f7fa13ef
me3-49,me3,POR,49,Haunter,Pokémon,Stage 1,J,100,Darkness,Gastly,Common,b14d5b24d2fc
me3-50,me3,POR,50,Gengar,Pokémon,Stage 2,J,130,Darkness,Haunter,Rare,7abafd50f05e
me3-51,me3,POR,51,Skorupi,Pokémon,Basic,J,80,Darkness,,Common,2b42031e9d86
me3-52,me3,POR,52,Drapion,Pokémon,Stage 1,J,140,Darkness,Skorupi,Uncommon,4137dbd2748f
me3-53,me3,POR,53,Yveltal ex,Pokémon,Basic|ex,J,210,Darkness,,Double Rare,ee3526539ea7
me3-54,me3,POR,54,Chien-Pao,Pokémon,Basic,J,120,Darkness,,Rare,ac0f4f563c4c
me3-55,me3,POR,55,Mega Skarmory ex,Pokémon,Basic|MEGA|ex,J,260,Metal,,Double Rare,6c029fe95460
me3-56,me3,POR,56,Honedge,Pokémon,Basic,J,70,Metal,,Common,8c3ee0e03b88
me3-57,me3,POR,57,Doublade,Pokémon,Stage 1,J,100,Metal,Honedge,Common,1dd97148acba
me3-58,me3,POR,58,Aegislash,Pokémon,Stage 2,J,150,Metal,Doublade,Uncommon,07d095e0d404
me3-59,me3,POR,59,Klefki,Pokémon,Basic,J,70,Metal,,Common,fcc717fa18f9
me3-60,me3,POR,60,Rattata,Pokémon,Basic,J,40,Colorless,,Common,477a7ef5d226
me3-61,me3,POR,61,Raticate,Pokémon,Stage 1,J,90,Colorless,Rattata,Uncommon,6bb9ff99b9f6
me3-62,me3,POR,62,Meowth ex,Pokémon,Basic|ex,J,170,Colorless,,Double Rare,d244f35c283d
me3-63,me3,POR,63,Snorlax,Pokémon,Basic,J,160,Colorless,,Common,98eedb84b34a
me3-64,me3,POR,64,Bunnelby,Pokémon,Basic,J,70,Colorless,,Common,48b7c2fd3b95
me3-65,me3,POR,65,Diggersby,Pokémon,Stage 1,J,150,Colorless,Bunnelby,Uncommon,c3ab73ca1ecd
me3-66,me3,POR,66,Fletchling,Pokémon,Basic,J,60,Colorless,,Common,0494fe40aa3e
me3-67,me3,POR,67,Furfrou,Pokémon,Basic,J,90,Colorless,,Common,54fe28d9c7dd
me3-68,me3,POR,68,Antique Jaw Fossil,Trainer,Item,J,60,,,Common,291dacc08a38
me3-69,me3,POR,69,Antique Sail Fossil,Trainer,Item,J,60,,,Common,06c2d1412299
me3-70,me3,POR,70,Core Memory,Trainer,Pokémon Tool,J,,,,Uncommon,3f8b0b31a5f4
me3-71,me3,POR,71,Crushing Hammer,Trainer,Item,J,,,,Common,b2b78553107f
me3-72,me3,POR,72,Energy Search,Trainer,Item,J,,,,Common,48ec6b01f17b
me3-73,me3,POR,73,Energy Swatter,Trainer,Item,J,,,,Uncommon,b09fff77691a
me3-74,me3,POR,74,Hole-Digging Shovel,Trainer,Item,I,,,,Common,ba2c2291717a
me3-75,me3,POR,75,Jacinthe,Trainer,Supporter,J,,,,Uncommon,845402a29b9d
me3-76,me3,POR,76,Judge,Trainer,Supporter,J,,,,Uncommon,b1f42a8a89d3
me3-77,me3,POR,77,Lumiose City,Trainer,Stadium,J,,,,Uncommon,3c4eab5f9e90
me3-78,me3,POR,78,Lumiose Galette,Trainer,Item,J,,,,Uncommon,6b0f08ad3bb1
me3-79,me3,POR,79,Naveen,Trainer,Supporter,J,,,,Uncommon,49ecfa629b28
me3-80,me3,POR,80,Poké Ball,Trainer,Item,J,,,,Common,c14217c41051
me3-81,me3,POR,81,Poké Pad,Trainer,Item,J,,,,Uncommon,dd5f0295f141
me3-82,me3,POR,82,Pokémon Catcher,Trainer,Item,J,,,,Common,6e02182c874a
me3-83,me3,POR,83,Potion,Trainer,Item,J,,,,Common,69f07683c39b
me3-84,me3,POR,84,Rosa's Encouragement,Trainer,Supporter,J,,,,Uncommon,a95df95272c5
me3-85,me3,POR,85,Tarragon,Trainer,Supporter,J,,,,Uncommon,15c01780d178
me3-86,me3,POR,86,Growing Grass Energy,Energy,Special,J,,,,Rare,c7cbac5bd331
me3-87,me3,POR,87,Rocky Fighting Energy,Energy,Special,J,,,,Rare,c11fdd2f57b1
me3-88,me3,POR,88,Telepathic Psychic Energy,Energy,Special,J,,,,Rare,64e305b9cd20
me3-89,me3,POR,89,Spewpa,Pokémon,Stage 1,J,80,Grass,Scatterbug,Illustration Rare,26b94631e48d
me3-90,me3,POR,90,Rowlet,Pokémon,Basic,J,80,Grass,,Illustration Rare,902870a5d149
me3-91,me3,POR,91,Talonflame,Pokémon,Stage 2,J,150,Fire,Fletchinder,Illustration Rare,86287207fd97
me3-92,me3,POR,92,Aurorus,Pokémon,Stage 2,J,170,Water,Amaura,Illustration Rare,83476050727c
me3-93,me3,POR,93,Dedenne,Pokémon,Basic,J,70,Lightning,,Illustration Rare,9b31cba2f49d
me3-94,me3,POR,94,Clefairy,Pokémon,Basic,J,70,Psychic,,Illustration Rare,53ddb50c9b56
me3-95,me3,POR,95,Espurr,Pokémon,Basic,J,60,Psychic,,Illustration Rare,14a76ac57762
me3-96,me3,POR,96,Probopass,Pokémon,Stage 1,J,140,Fighting,Nosepass,Illustration Rare,f3bb1eda005d
me3-97,me3,POR,97,Drapion,Pokémon,Stage 1,J,140,Darkness,Skorupi,Illustration Rare,4137dbd2748f
me3-98,me3,POR,98,Doublade,Pokémon,Stage 1,J,100,Metal,Honedge,Illustration Rare,1dd97148acba
me3-99,me3,POR,99,Raticate,Pokémon,Stage 1,J,90,Colorless,Rattata,Illustration Rare,6bb9ff99b9f6
me3-100,me3,POR,100,Decidueye ex,Pokémon,Stage 2|ex,J,320,Grass,Dartrix,Ultra Rare,c1290391694d
me3-101,me3,POR,101,Salazzle ex,Pokémon,Stage 1|ex,J,260,Fire,Salandit,Ultra Rare,5c40f1755bc2
me3-102,me3,POR,102,Mega Starmie ex,Pokémon,Stage 1|MEGA|ex,J,330,Water,Staryu,Ultra Rare,71033abec8a4
me3-103,me3,POR,103,Mega Clefable ex,Pokémon,Stage 1|MEGA|ex,J,320,Psychic,Clefairy,Ultra Rare,d6f243c1446c
me3-104,me3,POR,104,Mega Zygarde ex,Pokémon,Basic|MEGA|ex,J,310,Fighting,,Ultra Rare,45e8dee3ceab
me3-105,me3,POR,105,Yveltal ex,Pokémon,Basic|ex,J,210,Darkness,,Ultra Rare,ee3526539ea7
me3-106,me3,POR,106,Mega Skarmory ex,Pokémon,Basic|MEGA|ex,J,260,Metal,,Ultra Rare,6c029fe95460
me3-107,me3,POR,107,Meowth ex,Pokémon,Basic|ex,J,170,Colorless,,Ultra Rare,d244f35c283d
me3-108,me3,POR,108,Energy Recycler,Trainer,Item,I,,,,Ultra Rare,44087f608293
me3-109,me3,POR,109,Forest of Vitality,Trainer,Stadium,I,,,,Ultra Rare,11e680d26ff7
me3-110,me3,POR,110,Jacinthe,Trainer,Supporter,J,,,,Ultra Rare,845402a29b9d
me3-111,me3,POR,111,Lumiose City,Trainer,Stadium,J,,,,Ultra Rare,3c4eab5f9e90
me3-112,me3,POR,112,Naveen,Trainer,Supporter,J,,,,Ultra Rare,49ecfa629b28
me3-113,me3,POR,113,Poké Pad,Trainer,Item,J,,,,Ultra Rare,dd5f0295f141
me3-114,me3,POR,114,Rosa's Encouragement,Trainer,Supporter,J,,,,Ultra Rare,a95df95272c5
me3-115,me3,POR,115,Sacred Ash,Trainer,Item,I,,,,Ultra Rare,e6c406e8766f
me3-116,me3,POR,116,Tarragon,Trainer,Supporter,J,,,,Ultra Rare,15c01780d178
me3-117,me3,POR,117,Wondrous Patch,Trainer,Item,I,,,,Ultra Rare,1b498e0700a7
me3-118,me3,POR,118,Mega Starmie ex,Pokémon,Stage 1|MEGA|ex,J,330,Water,Staryu,Special Illustration Rare,71033abec8a4
me3-119,me3,POR,119,Mega Clefable ex,Pokémon,Stage 1|MEGA|ex,J,320,Psychic,Clefairy,Special Illustration Rare,d6f243c1446c
me3-120,me3,POR,120,Mega Zygarde ex,Pokémon,Basic|MEGA|ex,J,310,Fighting,,Special Illustration Rare,45e8dee3ceab
me3-121,me3,POR,121,Meowth ex,Pokémon,Basic|ex,J,170,Colorless,,Special Illustration Rare,d244f35c283d
me3-122,me3,POR,122,Jacinthe,Trainer,Supporter,J,,,,Special Illustration Rare,845402a29b9d
me3-123,me3,POR,123,Rosa's Encouragement,Trainer,Supporter,J,,,,Special Illustration Rare,a95df95272c5
me3-124,me3,POR,124,Mega Zygarde ex,Pokémon,Basic|MEGA|ex,J,310,Fighting,,Mega Hyper Rare,45e8dee3ceab
me4-1,me4,CRI,1,Weedle,Pokémon,Basic,J,50,Grass,,Common,7ad4a04b2130
me4-2,me4,CRI,2,Kakuna,Pokémon,Stage 1,J,80,Grass,Weedle,Common,dbe885d4eb70
me4-3,me4,CRI,3,Beedrill ex,Pokémon,Stage 2|ex,J,310,Grass,Kakuna,Double Rare,5804c0cebd60
me4-4,me4,CRI,4,Carnivine,Pokémon,Basic,J,110,Grass,,Common,2d5b925e6e22
me4-5,me4,CRI,5,Chespin,Pokémon,Basic,J,70,Grass,,Common,55c0da6873d8
me4-6,me4,CRI,6,Quilladin,Pokémon,Stage 1,J,100,Grass,Chespin,Common,70bb07a3820b
me4-7,me4,CRI,7,Chesnaught,Pokémon,Stage 2,J,180,Grass,Quilladin,Rare,df7d499dc44c
me4-8,me4,CRI,8,Vulpix,Pokémon,Basic,J,70,Fire,,Common,4447ca3b5d51
me4-9,me4,CRI,9,Ninetales,Pokémon,Stage 1,J,120,Fire,Vulpix,Uncommon,d78e6a53c2f5
me4-10,me4,CRI,10,Ho-Oh,Pokémon,Basic,J,130,Fire,,Rare,9558f7bf3b1a
me4-11,me4,CRI,11,Fennekin,Pokémon,Basic,J,70,Fire,,Common,20033f0c93bf
me4-12,me4,CRI,12,Braixen,Pokémon,Stage 1,J,100,Fire,Fennekin,Common,ef2c39c12c17
me4-13,me4,CRI,13,Delphox,Pokémon,Stage 2,J,160,Fire,Braixen,Rare,012db37a7b98
me4-14,me4,CRI,14,Litleo,Pokémon,Basic,J,70,Fire,,Common,8755aaae4cd5
me4-15,me4,CRI,15,Mega Pyroar ex,Pokémon,Stage 1|MEGA|ex,J,340,Fire,Litleo,Double Rare,3df9a9585e93
me4-16,me4,CRI,16,Remoraid,Pokémon,Basic,J,70,Water,,Common,7149971e0e18
me4-17,me4,CRI,17,Octillery,Pokémon,Stage 1,J,110,Water,Remoraid,Common,b1a9a53f2dcc
me4-18,me4,CRI,18,Delibird,Pokémon,Basic,J,90,Water,,Uncommon,d18b0b916ee4
me4-19,me4,CRI,19,Keldeo,Pokémon,Basic,J,110,Water,,Rare,291a0b207357
me4-20,me4,CRI,20,Froakie,Pokémon,Basic,J,70,Water,,Common,942af4f70d90
me4-21,me4,CRI,21,Frogadier,Pokémon,Stage 1,J,100,Water,Froakie,Common,7ec5fe8dcf34
me4-22,me4,CRI,22,Mega Greninja ex,Pokémon,Stage 2|MEGA|ex,J,350,Water,Frogadier,Double Rare,4f9fc256417c
me4-23,me4,CRI,23,Bergmite,Pokémon,Basic,J,80,Water,,Common,601014002783
me4-24,me4,CRI,24,Avalugg,Pokémon,Stage 1,J,160,Water,Bergmite,Uncommon,b17276fd7003
me4-25,me4,CRI,25,Wimpod,Pokémon,Basic,J,70,Water,,Common,ccc4d945225d
me4-26,me4,CRI,26,Golisopod,Pokémon,Stage 1,J,140,Water,Wimpod,Uncommon,91267ee88c84
me4-27,me4,CRI,27,Mareep,Pokémon,Basic,J,70,Lightning,,Common,3d885146b0e4
me4-28,me4,CRI,28,Flaaffy,Pokémon,Stage 1,J,90,Lightning,Mareep,Common,0f81d177d01d
me4-29,me4,CRI,29,Ampharos,Pokémon,Stage 2,J,160,Lightning,Flaaffy,Rare,e2a968b5aaa3
me4-30,me4,CRI,30,Emolga,Pokémon,Basic,J,70,Lightning,,Common,8e155ed0606b
me4-31,me4,CRI,31,Deoxys,Pokémon,Basic,J,110,Psychic,,Uncommon,9031d0e8d9e3
me4-32,me4,CRI,32,Deoxys,Pokémon,Basic,J,120,Psychic,,Uncommon,02905103ce81
me4-33,me4,CRI,33,Deoxys,Pokémon,Basic,J,130,Psychic,,Uncommon,a0be3bccc118
me4-34,me4,CRI,34,Deoxys,Pokémon,Basic,J,100,Psychic,,Uncommon,62a025092e1e
me4-35,me4,CRI,35,Mega Floette ex,Pokémon,Basic|MEGA|ex,J,250,Psychic,,Double Rare,0d0998a8e5f3
me4-36,me4,CRI,36,Espurr,Pokémon,Basic,J,60,Psychic,,Common,ddf8b1a90a66
me4-37,me4,CRI,37,Meowstic,Pokémon,Stage 1,J,100,Psychic,Espurr,Uncommon,83c20b77a940
me4-38,me4,CRI,38,Phantump,Pokémon,Basic,J,70,Psychic,,Common,95b3fd6c41db
me4-39,me4,CRI,39,Trevenant,Pokémon,Stage 1,J,130,Psychic,Phantump,Rare,26b97ef9b982
me4-40,me4,CRI,40,Pumpkaboo,Pokémon,Basic,J,60,Psychic,,Common,279a81d740a4
me4-41,me4,CRI,41,Gourgeist ex,Pokémon,Stage 1|ex,J,270,Psychic,Pumpkaboo,Double Rare,e69df5a64336
me4-42,me4,CRI,42,Xerneas,Pokémon,Basic,J,130,Psychic,,Rare,4347b28157a5
me4-43,me4,CRI,43,Sudowoodo,Pokémon,Basic,J,110,Fighting,,Uncommon,ea1f0f5975a8
me4-44,me4,CRI,44,Phanpy,Pokémon,Basic,J,80,Fighting,,Common,29507443689c
me4-45,me4,CRI,45,Donphan,Pokémon,Stage 1,J,150,Fighting,Phanpy,Common,77c802f68266
me4-46,me4,CRI,46,Baltoy,Pokémon,Basic,J,70,Fighting,,Common,9e09ede60074
me4-47,me4,CRI,47,Claydol,Pokémon,Stage 1,J,120,Fighting,Baltoy,Uncommon,8706342d6f81
me4-48,me4,CRI,48,Mega Gallade ex,Pokémon,Stage 2|MEGA|ex,J,350,Fighting,Kirlia,Double Rare,04770bb918d1
me4-49,me4,CRI,49,Zubat,Pokémon,Basic,J,40,Darkness,,Common,d1dac4bed548
me4-50,me4,CRI,50,Golbat,Pokémon,Stage 1,J,80,Darkness,Zubat,Common,45f4a77fca55
me4-51,me4,CRI,51,Crobat,Pokémon,Stage 2,J,130,Darkness,Golbat,Rare,c95205a5dd29
me4-52,me4,CRI,52,Qwilfish,Pokémon,Basic,J,90,Darkness,,Common,981af2986e2e
me4-53,me4,CRI,53,Stunky,Pokémon,Basic,J,70,Darkness,,Common,d8bab6fe606a
me4-54,me4,CRI,54,Skuntank,Pokémon,Stage 1,J,110,Darkness,Stunky,Uncommon,84b78352b15e
me4-55,me4,CRI,55,Krookodile ex,Pokémon,Stage 2|ex,I,320,Darkness,Krokorok,Double Rare,34154040b3ef
me4-56,me4,CRI,56,Trubbish,Pokémon,Basic,J,70,Darkness,,Common,05018647ba82
me4-57,me4,CRI,57,Garbodor,Pokémon,Stage 1,J,140,Darkness,Trubbish,Uncommon,4336d8861e31
me4-58,me4,CRI,58,Skrelp,Pokémon,Basic,J,70,Darkness,,Common,a32abb4f0b9e
me4-59,me4,CRI,59,Beldum,Pokémon,Basic,J,70,Metal,,Common,3f111fe1a692
me4-60,me4,CRI,60,Metang,Pokémon,Stage 1,J,100,Metal,Beldum,Common,01d1e42fa025
me4-61,me4,CRI,61,Metagross,Pokémon,Stage 2,J,180,Metal,Metang,Uncommon,7cbf130e4d97
me4-62,me4,CRI,62,Ferroseed,Pokémon,Basic,J,70,Metal,,Common,28c9eac72884
me4-63,me4,CRI,63,Ferrothorn,Pokémon,Stage 1,J,130,Metal,Ferroseed,Uncommon,a2ebe1175404
me4-64,me4,CRI,64,Cobalion ex,Pokémon,Basic|ex,J,210,Metal,,Double Rare,a6af500006f2
me4-65,me4,CRI,65,Mega Dragalge ex,Pokémon,Stage 1|MEGA|ex,J,330,Dragon,Skrelp,Double Rare,cdebb356db67
me4-66,me4,CRI,66,Goomy,Pokémon,Basic,J,60,Dragon,,Common,e9f809a52727
me4-67,me4,CRI,67,Sliggoo,Pokémon,Stage 1,J,90,Dragon,Goomy,Common,91f68aa527f2
me4-68,me4,CRI,68,Goodra,Pokémon,Stage 2,J,160,Dragon,Sliggoo,Rare,8b1f2d9380c6
me4-69,me4,CRI,69,Tauros,Pokémon,Basic,J,130,Colorless,,Uncommon,ee6dfe566bcf
me4-70,me4,CRI,70,Patrat,Pokémon,Basic,J,70,Colorless,,Common,ccbc83ea519a
me4-71,me4,CRI,71,Watchog,Pokémon,Stage 1,J,100,Colorless,Patrat,Common,bbcc0e6579ae
me4-72,me4,CRI,72,Minccino,Pokémon,Basic,J,70,Colorless,,Common,d7880263493d
me4-73,me4,CRI,73,Cinccino ex,Pokémon,Stage 1|ex,J,240,Colorless,Minccino,Double Rare,a35cce9b0aa8
me4-74,me4,CRI,74,Adversity Policy,Trainer,Pokémon Tool,I,,,,Uncommon,0d9ffb98b3e2
me4-75,me4,CRI,75,Ange Floette,Trainer,Stadium,J,,,,Uncommon,4298668a9b18
me4-76,me4,CRI,76,AZ's Tranquility,Trainer,Supporter,J,,,,Uncommon,e6c35cf7de9d
me4-77,me4,CRI,77,Emma,Trainer,Supporter,J,,,,Uncommon,2e2ac407e974
me4-78,me4,CRI,78,Great Haul Net,Trainer,Item,J,,,,Uncommon,4dfa86d5e2aa
me4-79,me4,CRI,79,Philippe,Trainer,Supporter,J,,,,Uncommon,38588e3573f5
me4-80,me4,CRI,80,Prism Tower,Trainer,Stadium,J,,,,Uncommon,d14cddc48b8a
me4-81,me4,CRI,81,Roxie's Performance,Trainer,Supporter,J,,,,Uncommon,7775ea88e932
me4-82,me4,CRI,82,Special Red Card,Trainer,Item,J,,,,Uncommon,6bc9b948205d
me4-83,me4,CRI,83,Transformation Tome,Trainer,Item,J,,,,Uncommon,caafca913114
me4-84,me4,CRI,84,Bubbly Water Energy,Energy,Special,J,,,,Rare,ab22981dabe1
me4-85,me4,CRI,85,Magnetic Metal Energy,Energy,Special,J,,,,Rare,616e7cebb35e
me4-86,me4,CRI,86,Nitro Fire Energy,Energy,Special,J,,,,Rare,494b1adad607
me4-87,me4,CRI,87,Chespin,Pokémon,Basic,J,70,Grass,,Illustration Rare,55c0da6873d8
me4-88,me4,CRI,88,Froakie,Pokémon,Basic,J,70,Water,,Illustration Rare,942af4f70d90
me4-89,me4,CRI,89,Frogadier,Pokémon,Stage 1,J,100,Water,Froakie,Illustration Rare,7ec5fe8dcf34
me4-90,me4,CRI,90,Ampharos,Pokémon,Stage 2,J,160,Lightning,Flaaffy,Illustration Rare,e2a968b5aaa3
me4-91,me4,CRI,91,Xerneas,Pokémon,Basic,J,130,Psychic,,Illustration Rare,4347b28157a5
me4-92,me4,CRI,92,Claydol,Pokémon,Stage 1,J,120,Fighting,Baltoy,Illustration Rare,8706342d6f81
me4-93,me4,CRI,93,Crobat,Pokémon,Stage 2,J,130,Darkness,Golbat,Illustration Rare,c95205a5dd29
me4-94,me4,CRI,94,Metang,Pokémon,Stage 1,J,100,Metal,Beldum,Illustration Rare,01d1e42fa025
me4-95,me4,CRI,95,Sliggoo,Pokémon,Stage 1,J,90,Dragon,Goomy,Illustration Rare,91f68aa527f2
me4-96,me4,CRI,96,Tauros,Pokémon,Basic,J,130,Colorless,,Illustration Rare,ee6dfe566bcf
me4-97,me4,CRI,97,Watchog,Pokémon,Stage 1,J,100,Colorless,Patrat,Illustration Rare,bbcc0e6579ae
me4-98,me4,CRI,98,Beedrill ex,Pokémon,Stage 2|ex,J,310,Grass,Kakuna,Ultra Rare,5804c0cebd60
me4-99,me4,CRI,99,Mega Pyroar ex,Pokémon,Stage 1|MEGA|ex,J,340,Fire,Litleo,Ultra Rare,3df9a9585e93
me4-100,me4,CRI,100,Mega Greninja ex,Pokémon,Stage 2|MEGA|ex,J,350,Water,Frogadier,Ultra Rare,4f9fc256417c
me4-101,me4,CRI,101,Mega Floette ex,Pokémon,Basic|MEGA|ex,J,250,Psychic,,Ultra Rare,0d0998a8e5f3
me4-102,me4,CRI,102,Gourgeist ex,Pokémon,Stage 1|ex,J,270,Psychic,Pumpkaboo,Ultra Rare,e69df5a64336
me4-103,me4,CRI,103,Cobalion ex,Pokémon,Basic|ex,J,210,Metal,,Ultra Rare,a6af500006f2
me4-104,me4,CRI,104,Mega Dragalge ex,Pokémon,Stage 1|MEGA|ex,J,330,Dragon,Skrelp,Ultra Rare,cdebb356db67
me4-105,me4,CRI,105,Cinccino ex,Pokémon,Stage 1|ex,J,240,Colorless,Minccino,Ultra Rare,a35cce9b0aa8
me4-106,me4,CRI,106,AZ's Tranquility,Trainer,Supporter,J,,,,Ultra Rare,e6c35cf7de9d
me4-107,me4,CRI,107,Emma,Trainer,Supporter,J,,,,Ultra Rare,2e2ac407e974
me4-108,me4,CRI,108,Energy Retrieval,Trainer,Item,I,,,,Ultra Rare,8954b3071828
me4-109,me4,CRI,109,Jumbo Ice Cream,Trainer,Item,I,,,,Ultra Rare,a4e019fcff75
me4-110,me4,CRI,110,Philippe,Trainer,Supporter,J,,,,Ultra Rare,38588e3573f5
me4-111,me4,CRI,111,Prism Tower,Trainer,Stadium,J,,,,Ultra Rare,d14cddc48b8a
me4-112,me4,CRI,112,Roxie's Performance,Trainer,Supporter,J,,,,Ultra Rare,7775ea88e932
me4-113,me4,CRI,113,Special Red Card,Trainer,Item,J,,,,Ultra Rare,6bc9b948205d
me4-114,me4,CRI,114,Surfing Beach,Trainer,Stadium,I,,,,Ultra Rare,87ed627feb66
me4-115,me4,CRI,115,Tool Scrapper,Trainer,Item,I,,,,Ultra Rare,aad3fcc9ac5f
me4-116,me4,CRI,116,Mega Greninja ex,Pokémon,Stage 2|MEGA|ex,J,350,Water,Frogadier,Special Illustration Rare,4f9fc256417c
me4-117,me4,CRI,117,Mega Floette ex,Pokémon,Basic|MEGA|ex,J,250,Psychic,,Special Illustration Rare,0d0998a8e5f3
me4-118,me4,CRI,118,Mega Dragalge ex,Pokémon,Stage 1|MEGA|ex,J,330,Dragon,Skrelp,Special Illustration Rare,cdebb356db67
me4-119,me4,CRI,119,Cinccino ex,Pokémon,Stage 1|ex,J,240,Colorless,Minccino,Special Illustration Rare,a35cce9b0aa8
me4-120,me4,CRI,120,AZ's Tranquility,Trainer,Supporter,J,,,,Special Illustration Rare,e6c35cf7de9d
me4-121,me4,CRI,121,Roxie's Performance,Trainer,Supporter,J,,,,Special Illustration Rare,7775ea88e932
me4-122,me4,CRI,122,Mega Greninja ex,Pokémon,Stage 2|MEGA|ex,J,350,Water,Frogadier,Mega Hyper Rare,4f9fc256417c
me5-1,me5,PBL,1,Tropius,Pokémon,Basic,J,110,Grass,,Common,c68d354cf0bf
me5-2,me5,PBL,2,Grubbin,Pokémon,Basic,J,70,Grass,,Common,f908624f6d8d
me5-3,me5,PBL,3,Fomantis,Pokémon,Basic,J,70,Grass,,Common,a15d5bbdaa6f
me5-4,me5,PBL,4,Lurantis ex,Pokémon,Stage 1|ex,J,260,Grass,Fomantis,Double Rare,a2ac040eff4d
me5-5,me5,PBL,5,Poltchageist,Pokémon,Basic,J,30,Grass,,Common,3c6cbe98c23b
me5-6,me5,PBL,6,Sinistcha,Pokémon,Stage 1,J,60,Grass,Poltchageist,Uncommon,770cb50d1fae
me5-7,me5,PBL,7,Heatran,Pokémon,Basic,J,140,Fire,,Uncommon,6cb86a65a90b
me5-8,me5,PBL,8,Mega Delphox ex,Pokémon,Stage 2|MEGA|ex,J,350,Fire,Braixen,Double Rare,3e361a6f552c
me5-9,me5,PBL,9,Sizzlipede,Pokémon,Basic,J,80,Fire,,Common,e1d1d638068a
me5-10,me5,PBL,10,Centiskorch,Pokémon,Stage 1,J,140,Fire,Sizzlipede,Common,a80ac253e152
me5-11,me5,PBL,11,Charcadet,Pokémon,Basic,J,80,Fire,,Common,86197276e2c5
me5-12,me5,PBL,12,Armarouge,Pokémon,Stage 1,J,140,Fire,Charcadet,Rare,a2bba21e8fe8
me5-13,me5,PBL,13,Goldeen,Pokémon,Basic,J,70,Water,,Common,a1a292226816
me5-14,me5,PBL,14,Seaking,Pokémon,Stage 1,J,110,Water,Goldeen,Uncommon,4e6f1e5a058c
me5-15,me5,PBL,15,Wailmer,Pokémon,Basic,J,130,Water,,Common,08175d2dd3ff
me5-16,me5,PBL,16,Wailord ex,Pokémon,Stage 1|ex,J,380,Water,Wailmer,Double Rare,0be21e296d6d
me5-17,me5,PBL,17,Relicanth,Pokémon,Basic,J,100,Water,,Uncommon,0eae63395bd4
me5-18,me5,PBL,18,Popplio,Pokémon,Basic,J,70,Water,,Common,fc2062e498bb
me5-19,me5,PBL,19,Brionne,Pokémon,Stage 1,J,90,Water,Popplio,Common,65a36d639883
me5-20,me5,PBL,20,Primarina,Pokémon,Stage 2,J,150,Water,Brionne,Rare,f4f5515c70b6
me5-21,me5,PBL,21,Finizen,Pokémon,Basic,J,80,Water,,Common,983a86102040
me5-22,me5,PBL,22,Palafin,Pokémon,Stage 1,J,150,Water,Finizen,Uncommon,98a832d57283
me5-23,me5,PBL,23,Electrike,Pokémon,Basic,J,70,Lightning,,Common,d0ef12566126
me5-24,me5,PBL,24,Manectric,Pokémon,Stage 1,J,120,Lightning,Electrike,Uncommon,7e3059c47a3f
me5-25,me5,PBL,25,Charjabug,Pokémon,Stage 1,J,100,Lightning,Grubbin,Common,e389fc5cede5
me5-26,me5,PBL,26,Vikavolt,Pokémon,Stage 2,J,160,Lightning,Charjabug,Uncommon,74ac4ecb0ff7
me5-27,me5,PBL,27,Mega Zeraora ex,Pokémon,Basic|MEGA|ex,J,270,Lightning,,Double Rare,b428e1842592
me5-28,me5,PBL,28,Miraidon,Pokémon,Basic,J,120,Lightning,,Rare,3c46a57dd204
me5-29,me5,PBL,29,Slowpoke,Pokémon,Basic,J,70,Psychic,,Common,1327307e72a4
me5-30,me5,PBL,30,Slowbro,Pokémon,Stage 1,J,130,Psychic,Slowpoke,Uncommon,b922a08afef1
me5-31,me5,PBL,31,Mega Slowbro ex,Pokémon,Stage 1|MEGA|ex,J,330,Psychic,Slowpoke,Double Rare,5d0f5a76624a
me5-32,me5,PBL,32,Jynx,Pokémon,Basic,J,100,Psychic,,Common,23a15737bba9
me5-33,me5,PBL,33,Shuppet,Pokémon,Basic,J,50,Psychic,,Common,c2f061969758
me5-34,me5,PBL,34,Banette,Pokémon,Stage 1,J,80,Psychic,Shuppet,Uncommon,f33a2787d272
me5-35,me5,PBL,35,Spiritomb,Pokémon,Basic,J,60,Psychic,,Rare,5c54697c3740
me5-36,me5,PBL,36,Litwick,Pokémon,Basic,J,70,Psychic,,Common,d340dfb2e295
me5-37,me5,PBL,37,Lampent,Pokémon,Stage 1,J,90,Psychic,Litwick,Uncommon,a4d1a5953e2a
me5-38,me5,PBL,38,Mega Chandelure ex,Pokémon,Stage 2|MEGA|ex,J,350,Psychic,Lampent,Double Rare,576f02aab2e8
me5-39,me5,PBL,39,Dhelmise,Pokémon,Basic,J,140,Psychic,,Uncommon,dcd5d26e8b56
me5-40,me5,PBL,40,Marshadow,Pokémon,Basic,J,90,Psychic,,Uncommon,19b0b036d39c
me5-41,me5,PBL,41,Annihilape,Pokémon,Stage 2,J,150,Psychic,Primeape,Uncommon,c363465f92c6
me5-42,me5,PBL,42,Mankey,Pokémon,,J,50,Fighting,,Common,4ebddaa88b4e
me5-43,me5,PBL,43,Primeape,Pokémon,Stage 1,J,110,Fighting,Mankey,Common,cbf7cafefd19
me5-44,me5,PBL,44,Cranidos,Pokémon,Stage 1,J,100,Fighting,Antique Skull Fossil,Common,96c0e37c5edf
me5-45,me5,PBL,45,Rampardos ex,Pokémon,Stage 2|ex,J,330,Fighting,Cranidos,Double Rare,d90788cbd5bd
me5-46,me5,PBL,46,Drilbur,Pokémon,Basic,J,70,Fighting,,Common,b58db0192a16
me5-47,me5,PBL,47,Koraidon,Pokémon,Basic,J,130,Fighting,,Rare,0c3a4cc7cc00
me5-48,me5,PBL,48,Mega Darkrai ex,Pokémon,Basic|MEGA|ex,J,280,Darkness,,Double Rare,6ba5f2f1a444
me5-49,me5,PBL,49,Vullaby,Pokémon,Basic,J,70,Darkness,,Common,1f22bf0cce6c
me5-50,me5,PBL,50,Mandibuzz,Pokémon,Stage 1,J,120,Darkness,Vullaby,Common,1071412f2c5f
me5-51,me5,PBL,51,Inkay,Pokémon,Basic,J,60,Darkness,,Common,89435fa8797f
me5-52,me5,PBL,52,Malamar,Pokémon,Stage 1,J,120,Darkness,Inkay,Uncommon,408785f23638
me5-53,me5,PBL,53,Nickit,Pokémon,Basic,J,70,Darkness,,Common,21a374b7426d
me5-54,me5,PBL,54,Thievul,Pokémon,Stage 1,J,100,Darkness,Nickit,Uncommon,24f13e3c6c79
me5-55,me5,PBL,55,Morpeko ex,Pokémon,Basic|ex,J,180,Darkness,,Double Rare,99ade3406c85
me5-56,me5,PBL,56,Zarude,Pokémon,Basic,J,130,Darkness,,Rare,beb069cbdaeb
me5-57,me5,PBL,57,Maschiff,Pokémon,Basic,J,70,Darkness,,Common,07be384cd9da
me5-58,me5,PBL,58,Mabosstiff,Pokémon,Stage 1,J,140,Darkness,Maschiff,Common,39fe91ac9ca0
me5-59,me5,PBL,59,Chi-Yu,Pokémon,Basic,J,90,Darkness,,Rare,e0f5452460d7
me5-60,me5,PBL,60,Skarmory,Pokémon,Basic,J,120,Metal,,Common,559618b524a2
me5-61,me5,PBL,61,Shieldon,Pokémon,Stage 1,J,100,Metal,Antique Armor Fossil,Common,046df3ff9cab
me5-62,me5,PBL,62,Bastiodon,Pokémon,Stage 2,J,160,Metal,Shieldon,Rare,70c173c5b433
me5-63,me5,PBL,63,Bronzor,Pokémon,Basic,J,80,Metal,,Common,c49ba5ebf555
me5-64,me5,PBL,64,Bronzong,Pokémon,Stage 1,J,130,Metal,Bronzor,Uncommon,6ba0374cd67c
me5-65,me5,PBL,65,Mega Excadrill ex,Pokémon,Stage 1|MEGA|ex,J,340,Metal,Drilbur,Double Rare,47744d93253c
me5-66,me5,PBL,66,Pikipek,Pokémon,Basic,J,70,Colorless,,Common,440cd793c773
me5-67,me5,PBL,67,Trumbeak,Pokémon,Stage 1,J,90,Colorless,Pikipek,Common,f33ad0bbc3ce
me5-68,me5,PBL,68,Toucannon,Pokémon,Stage 2,J,150,Colorless,Trumbeak,Uncommon,08ab5cdc8a9d
me5-69,me5,PBL,69,Type: Null,Pokémon,Basic,J,110,Colorless,,Common,72bd61fd7857
me5-70,me5,PBL,70,Silvally,Pokémon,Stage 1,J,140,Colorless,Type: Null,Rare,c5a0f44010ef
me5-71,me5,PBL,71,Bombirdier,Pokémon,Basic,J,100,Colorless,,Common,404ea8f486ea
me5-72,me5,PBL,72,Antique Armor Fossil,Trainer,Item,J,60,,,Common,bd80927d15fc
me5-73,me5,PBL,73,Antique Skull Fossil,Trainer,Item,J,60,,,Common,8166baedbb1b
me5-74,me5,PBL,74,Backtrack Badge,Trainer,Pokémon Tool,J,,,,Uncommon,ed36b12955b9
me5-75,me5,PBL,75,Dark Bell,Trainer,Item,J,,,,Uncommon,c7bc546cbae4
me5-76,me5,PBL,76,Fossil Quarry,Trainer,Stadium,J,,,,Uncommon,4eb7a7aed514
me5-77,me5,PBL,77,Gladion's Final Battle,Trainer,Supporter,J,,,,Uncommon,149a2e9643ba
me5-78,me5,PBL,78,Gwynn,Trainer,Supporter,J,,,,Uncommon,6d91c44b1324
me5-79,me5,PBL,79,Jett,Trainer,Supporter,J,,,,Uncommon,ad59c1b7f3ee
me5-80,me5,PBL,80,Misty's Vitality,Trainer,Supporter,J,,,,Uncommon,6a9ebe9583e9
me5-81,me5,PBL,81,Rust Syndicate Grunt,Trainer,Supporter,J,,,,Uncommon,692b25461db4
me5-82,me5,PBL,82,Tremendous Bomb,Trainer,Pokémon Tool,J,,,,Uncommon,90877ebebdc1
me5-83,me5,PBL,83,Shadowy Darkness Energy,Energy,Special,J,,,,Rare,a12669c4de72
me5-84,me5,PBL,84,Voltaic Lightning Energy,Energy,Special,J,,,,Rare,b7a58f576810
me5-85,me5,PBL,85,Fomantis,Pokémon,Basic,J,70,Grass,,Illustration Rare,a15d5bbdaa6f
me5-86,me5,PBL,86,Armarouge,Pokémon,Stage 1,J,140,Fire,Charcadet,Illustration Rare,a2bba21e8fe8
me5-87,me5,PBL,87,Goldeen,Pokémon,Basic,J,70,Water,,Illustration Rare,a1a292226816
me5-88,me5,PBL,88,Primarina,Pokémon,Stage 2,J,150,Water,Brionne,Illustration Rare,f4f5515c70b6
me5-89,me5,PBL,89,Manectric,Pokémon,Stage 1,J,120,Lightning,Electrike,Illustration Rare,7e3059c47a3f
me5-90,me5,PBL,90,Slowbro,Pokémon,Stage 1,J,130,Psychic,Slowpoke,Illustration Rare,b922a08afef1
me5-91,me5,PBL,91,Dhelmise,Pokémon,Basic,J,140,Psychic,,Illustration Rare,dcd5d26e8b56
me5-92,me5,PBL,92,Thievul,Pokémon,Stage 1,J,100,Darkness,Nickit,Illustration Rare,24f13e3c6c79
me5-93,me5,PBL,93,Bastiodon,Pokémon,Stage 2,J,160,Metal,Shieldon,Illustration Rare,70c173c5b433
me5-94,me5,PBL,94,Toucannon,Pokémon,Stage 2,J,150,Colorless,Trumbeak,Illustration Rare,08ab5cdc8a9d
me5-95,me5,PBL,95,Silvally,Pokémon,Stage 1,J,140,Colorless,Type: Null,Illustration Rare,c5a0f44010ef
me5-96,me5,PBL,96,Lurantis ex,Pokémon,Stage 1|ex,J,260,Grass,Fomantis,Ultra Rare,a2ac040eff4d
me5-97,me5,PBL,97,Wailord ex,Pokémon,Stage 1|ex,J,380,Water,Wailmer,Ultra Rare,0be21e296d6d
me5-98,me5,PBL,98,Mega Zeraora ex,Pokémon,Basic|MEGA|ex,J,270,Lightning,,Ultra Rare,b428e1842592
me5-99,me5,PBL,99,Mega Chandelure ex,Pokémon,Stage 2|MEGA|ex,J,350,Psychic,Lampent,Ultra Rare,576f02aab2e8
me5-100,me5,PBL,100,Rampardos ex,Pokémon,Stage 2|ex,J,330,Fighting,Cranidos,Ultra Rare,d90788cbd5bd
me5-101,me5,PBL,101,Mega Darkrai ex,Pokémon,Basic|MEGA|ex,J,280,Darkness,,Ultra Rare,6ba5f2f1a444
me5-102,me5,PBL,102,Morpeko ex,Pokémon,Basic|ex,J,180,Darkness,,Ultra Rare,99ade3406c85
me5-103,me5,PBL,103,Mega Excadrill ex,Pokémon,Stage 1|MEGA|ex,J,340,Metal,Drilbur,Ultra Rare,47744d93253c
me5-104,me5,PBL,104,Brave Bangle,Trainer,Pokémon Tool,I,,,,Ultra Rare,0107e1f48543
me5-105,me5,PBL,105,Crushing Hammer,Trainer,Item,J,,,,Ultra Rare,b2b78553107f
me5-106,me5,PBL,106,Dark Bell,Trainer,Item,J,,,,Ultra Rare,c7bc546cbae4
me5-107,me5,PBL,107,Energy Switch,Trainer,Item,I,,,,Ultra Rare,8468f21119cc
me5-108,me5,PBL,108,Gladion's Final Battle,Trainer,Supporter,J,,,,Ultra Rare,149a2e9643ba
me5-109,me5,PBL,109,Gwynn,Trainer,Supporter,J,,,,Ultra Rare,6d91c44b1324
me5-110,me5,PBL,110,Iron Defender,Trainer,Item,I,,,,Ultra Rare,d75edb0cfe5d
me5-111,me5,PBL,111,Misty's Vitality,Trainer,Supporter,J,,,,Ultra Rare,6a9ebe9583e9
me5-112,me5,PBL,112,Rust Syndicate Grunt,Trainer,Supporter,J,,,,Ultra Rare,692b25461db4
me5-113,me5,PBL,113,Tremendous Bomb,Trainer,Pokémon Tool,J,,,,Ultra Rare,90877ebebdc1
me5-114,me5,PBL,114,Mega Zeraora ex,Pokémon,Basic|MEGA|ex,J,270,Lightning,,Special Illustration Rare,b428e1842592
me5-115,me5,PBL,115,Mega Chandelure ex,Pokémon,MEGA|ex,J,350,Psychic,Lampent,Special Illustration Rare,576f02aab2e8
me5-116,me5,PBL,116,Mega Darkrai ex,Pokémon,Basic|MEGA|ex,J,280,Darkness,,Special Illustration Rare,6ba5f2f1a444
me5-117,me5,PBL,117,Morpeko ex,Pokémon,Basic|ex,J,180,Darkness,,Special Illustration Rare,99ade3406c85
me5-118,me5,PBL,118,Gladion's Final Battle,Trainer,Supporter,J,,,,Special Illustration Rare,149a2e9643ba
me5-119,me5,PBL,119,Gwynn,Trainer,Supporter,J,,,,Special Illustration Rare,6d91c44b1324
me5-120,me5,PBL,120,Mega Darkrai ex,Pokémon,Basic|MEGA|ex,J,280,Darkness,,Mega Hyper Rare,6ba5f2f1a444
me55-1,me55,30C,1,Exeggcute,Pokémon,Basic,J,60,Grass,,Common,6b4a6ae1b190
me55-2,me55,30C,2,Alolan Exeggutor,Pokémon,Stage 1,J,150,Grass,Exeggcute,Common,9a2f26049ef9
me55-3,me55,30C,3,Volbeat,Pokémon,Basic,J,80,Grass,,Common,51b2ce4f4351
me55-4,me55,30C,4,Illumise,Pokémon,Basic,J,80,Grass,,Common,23d2c8695ddb
me55-5,me55,30C,5,Tropius,Pokémon,Basic,J,120,Grass,,Common,83d6c0417fc0
me55-6,me55,30C,6,Cherubi,Pokémon,Basic,J,40,Grass,,Common,55f5063143db
me55-7,me55,30C,7,Cherrim,Pokémon,Stage 1,J,80,Grass,Cherubi,Common,57ff0054ebd3
me55-8,me55,30C,8,Vivillon,Pokémon,Stage 2,J,120,Grass,Spewpa,Common,8ca4c4d3ec04
me55-9,me55,30C,9,Vulpix,Pokémon,Basic,J,70,Fire,,Common,61702ae68ca6
me55-10,me55,30C,10,Ninetales,Pokémon,Stage 1,J,110,Fire,Vulpix,Common,a3f064123d3e
me55-11,me55,30C,11,Moltres,Pokémon,Basic,J,120,Fire,,Common,00efd5520a1d
me55-12,me55,30C,12,Ho-Oh,Pokémon,Basic,J,130,Fire,,Rare,01bec9250df5
me55-13,me55,30C,13,Victini,Pokémon,Basic,J,80,Fire,,Common,2585a7b1dd5c
me55-14,me55,30C,14,Reshiram,Pokémon,Basic,J,130,Fire,,Rare,4034f4d93188
me55-15,me55,30C,15,Fuecoco ex,Pokémon,Basic|ex,J,210,Fire,,Double Rare,6da3a597ecd8
me55-16,me55,30C,16,Slowpoke,Pokémon,Basic,J,80,Water,,Common,bda1367e9b88
me55-17,me55,30C,17,Lapras,Pokémon,Basic,J,130,Water,,Common,c02e0b5545e0
me55-18,me55,30C,18,Articuno,Pokémon,Basic,J,120,Water,,Common,a9f78330bce5
me55-19,me55,30C,19,Kyogre,Pokémon,Basic,J,140,Water,,Rare,6d4a6e4780f1
me55-20,me55,30C,20,Palkia,Pokémon,Basic,J,130,Water,,Rare,097386737a95
me55-21,me55,30C,21,Greninja ex,Pokémon,Stage 2|ex,J,300,Water,Frogadier,Double Rare,375d66b61a01
me55-22,me55,30C,22,Wishiwashi,Pokémon,Basic,J,30,Water,,Common,e2c6bda1a503
me55-23,me55,30C,23,Pikachu,Pokémon,Basic,J,70,Lightning,,Pikachu Rare,ab063b2675b3
me55-24,me55,30C,24,Pikachu,Pokémon,Basic,J,70,Lightning,,Pikachu Rare,4f74ba0e08d1
me55-25,me55,30C,25,Pikachu,Pokémon,Basic,J,70,Lightning,,Pikachu Rare,511b4a353e7e
me55-26,me55,30C,26,Pikachu,Pokémon,Basic,J,70,Lightning,,Pikachu Rare,a805986c38f7
me55-27,me55,30C,27,Pikachu,Pokémon,Basic,J,80,Lightning,,Pikachu Rare,05a4ac2227cf
me55-28,me55,30C,28,Pikachu,Pokémon,Basic,J,60,Lightning,,Pikachu Rare,c46d02bba229
me55-29,me55,30C,29,Pikachu,Pokémon,Basic,J,60,Lightning,,Pikachu Rare,75a3652c090c
me55-30,me55,30C,30,Pikachu,Pokémon,Basic,J,60,Lightning,,Pikachu Rare,1ce725d49e55
me55-31,me55,30C,31,Pikachu,Pokémon,Basic,J,50,Lightning,,Pikachu Rare,e6d33c1a668f
me55-32,me55,30C,32,Pikachu,Pokémon,Basic,J,50,Lightning,,Pikachu Rare,3991da078971
me55-33,me55,30C,33,Pikachu,Pokémon,Basic,J,60,Lightning,,Pikachu Rare,08a00399d9bb
me55-34,me55,30C,34,Pikachu,Pokémon,Basic,J,70,Lightning,,Pikachu Rare,d3b1e7ce9ca4
me55-35,me55,30C,35,Pikachu,Pokémon,Basic,J,60,Lightning,,Pikachu Rare,53c2183f95a0
me55-36,me55,30C,36,Pikachu,Pokémon,Basic,J,70,Lightning,,Pikachu Rare,9abf2de5b7a4
me55-37,me55,30C,37,Pikachu,Pokémon,Basic,J,70,Lightning,,Pikachu Rare,bb04836b3f4b
me55-38,me55,30C,38,Pikachu,Pokémon,Basic,J,60,Lightning,,Pikachu Rare,2626137f6521
me55-39,me55,30C,39,Pikachu,Pokémon,Basic,J,70,Lightning,,Pikachu Rare,11b1c47c8190
me55-40,me55,30C,40,Pikachu,Pokémon,Basic,J,80,Lightning,,Pikachu Rare,34dafa4f0828
me55-41,me55,30C,41,Pikachu,Pokémon,Basic,J,60,Lightning,,Pikachu Rare,ff333a8ba16a
me55-42,me55,30C,42,Pikachu,Pokémon,Basic,J,60,Lightning,,Pikachu Rare,475f41540b53
me55-43,me55,30C,43,Pikachu,Pokémon,Basic,J,70,Lightning,,Pikachu Rare,90ee729141b5
me55-44,me55,30C,44,Pikachu,Pokémon,Basic,J,60,Lightning,,Pikachu Rare,d7bc70967e16
me55-45,me55,30C,45,Pikachu,Pokémon,Basic,J,60,Lightning,,Pikachu Rare,9616996e4c26
me55-46,me55,30C,46,Pikachu,Pokémon,Basic,J,60,Lightning,,Pikachu Rare,a81209bdfa56
me55-47,me55,30C,47,Pikachu,Pokémon,Basic,J,70,Lightning,,Pikachu Rare,2bdd2320c19b
me55-48,me55,30C,48,Pikachu,Pokémon,Basic,J,70,Lightning,,Pikachu Rare,7cd7667cd96b
me55-49,me55,30C,49,Pikachu,Pokémon,Basic,J,80,Lightning,,Pikachu Rare,003fe11a971b
me55-50,me55,30C,50,Pikachu,Pokémon,Basic,J,80,Lightning,,Pikachu Rare,7a09ac64c1a0
me55-51,me55,30C,51,Pikachu,Pokémon,Basic,J,70,Lightning,,Pikachu Rare,afcf42ed7e48
me55-52,me55,30C,52,Pikachu,Pokémon,Basic,J,70,Lightning,,Pikachu Rare,e898d0f72f05
me55-53,me55,30C,53,Pikachu ex,Pokémon,Basic|ex,J,190,Lightning,,Double Rare,01c4233f20c7
me55-54,me55,30C,54,Pikachu ex,Pokémon,Basic|ex,J,190,Lightning,,Double Rare,ee193b754e38
me55-55,me55,30C,55,Zapdos,Pokémon,Basic,J,120,Lightning,,Common,45023bc89b2a
me55-56,me55,30C,56,Zekrom,Pokémon,Basic,J,130,Lightning,,Rare,7cadca610f37
me55-57,me55,30C,57,Zeraora,Pokémon,Basic,J,110,Lightning,,Common,bc1adbb30567
me55-58,me55,30C,58,Toxel,Pokémon,Basic,J,70,Lightning,,Common,516fe7673bec
me55-59,me55,30C,59,Toxtricity,Pokémon,Stage 1,J,130,Lightning,Toxel,Common,b9ef37bc0126
me55-60,me55,30C,60,Toxtricity,Pokémon,Stage 1,J,140,Lightning,Toxel,Common,751fab4fe435
me55-61,me55,30C,61,Morpeko,Pokémon,Basic,J,70,Lightning,,Common,9931ddd049c5
me55-62,me55,30C,62,Miraidon,Pokémon,Basic,J,120,Lightning,,Rare,8f2224337c58
me55-63,me55,30C,63,Mewtwo,Pokémon,Basic,J,130,Psychic,,Rare,598b5fdd2b82
me55-64,me55,30C,64,Mewtwo ex,Pokémon,Basic|ex,J,230,Psychic,,Double Rare,c1c722893abc
me55-65,me55,30C,65,Mew,Pokémon,Basic,J,60,Psychic,,Rare,764b594048bd
me55-66,me55,30C,66,Mew ex,Pokémon,Basic|ex,J,160,Psychic,,Double Rare,315b1d1fcb28
me55-67,me55,30C,67,Marill,Pokémon,Basic,J,70,Psychic,,Common,8038bbe558ef
me55-68,me55,30C,68,Azumarill,Pokémon,Stage 1,J,130,Psychic,Marill,Common,0c8a0fa3bc0c
me55-69,me55,30C,69,Espeon,Pokémon,Stage 1,J,110,Psychic,Eevee,Common,074b584fc0b6
me55-70,me55,30C,70,Espeon ex,Pokémon,Stage 1|ex,J,260,Psychic,Eevee,Double Rare,b74f56e140cd
me55-71,me55,30C,71,Sylveon ex,Pokémon,Stage 1|ex,J,270,Psychic,Eevee,Double Rare,a5ee0d8abee0
me55-72,me55,30C,72,Unown,Pokémon,Basic,J,80,Psychic,,Common,6ecba59afa4d
me55-73,me55,30C,73,Drifloon,Pokémon,Basic,J,70,Psychic,,Common,11a347eff258
me55-74,me55,30C,74,Cresselia,Pokémon,Basic,J,120,Psychic,,Common,99bdc6287b2c
me55-75,me55,30C,75,Chandelure,Pokémon,Stage 2,J,140,Psychic,Lampent,Common,921b5d283f8b
me55-76,me55,30C,76,Xerneas,Pokémon,Basic,J,120,Psychic,,Rare,5512fdf0596f
me55-77,me55,30C,77,Comfey,Pokémon,Basic,J,70,Psychic,,Common,d75b4e14c0d0
me55-78,me55,30C,78,Cosmog,Pokémon,Basic,J,60,Psychic,,Common,c0259badc719
me55-79,me55,30C,79,Cosmoem,Pokémon,Stage 1,J,100,Psychic,Cosmog,Common,d00fe9b18c83
me55-80,me55,30C,80,Lunala,Pokémon,Stage 2,J,160,Psychic,Cosmoem,Rare,894e1dd709a8
me55-81,me55,30C,81,Gimmighoul,Pokémon,Basic,J,60,Psychic,,Common,60402fd6ac79
me55-82,me55,30C,82,Groudon,Pokémon,Basic,J,140,Fighting,,Rare,db0ce7897ef3
me55-83,me55,30C,83,Lucario,Pokémon,Stage 1,J,120,Fighting,Riolu,Common,0675970c9189
me55-84,me55,30C,84,Seismitoad,Pokémon,Stage 2,J,160,Fighting,Palpitoad,Common,0b29b5f3b490
me55-85,me55,30C,85,Lycanroc,Pokémon,Stage 1,J,130,Fighting,Rockruff,Common,ea48ced193e6
me55-86,me55,30C,86,Koraidon,Pokémon,Basic,J,130,Fighting,,Rare,d02cd27f799d
me55-87,me55,30C,87,Nidoran ♀,Pokémon,Basic,J,60,Darkness,,Common,213212036808
me55-88,me55,30C,88,Nidorina,Pokémon,Stage 1,J,90,Darkness,Nidoran ♀,Common,1985bf0b2133
me55-89,me55,30C,89,Alolan Meowth,Pokémon,Basic,J,60,Darkness,,Common,697ea5a40399
me55-90,me55,30C,90,Gengar ex,Pokémon,Stage 2|ex,J,280,Darkness,Haunter,Double Rare,6170acb795ce
me55-91,me55,30C,91,Umbreon,Pokémon,Stage 1,J,110,Darkness,Eevee,Common,bcefdc78364d
me55-92,me55,30C,92,Umbreon ex,Pokémon,Stage 1|ex,J,270,Darkness,Eevee,Double Rare,ebb7f099d370
me55-93,me55,30C,93,Murkrow,Pokémon,Basic,J,80,Darkness,,Common,5769cd192828
me55-94,me55,30C,94,Scraggy,Pokémon,Basic,J,80,Darkness,,Common,24ab834e9f65
me55-95,me55,30C,95,Zorua,Pokémon,Basic,J,70,Darkness,,Common,e1b1de58a5b0
me55-96,me55,30C,96,Zoroark,Pokémon,Stage 1,J,120,Darkness,,Common,5f3a65f129b7
me55-97,me55,30C,97,Deino,Pokémon,Basic,J,70,Darkness,,Common,489a3939b817
me55-98,me55,30C,98,Zweilous,Pokémon,Stage 1,J,100,Darkness,Deino,Common,dc6c5bce2104
me55-99,me55,30C,99,Hydreigon,Pokémon,Stage 2,J,170,Darkness,Zweilous,Common,96775ee6eb7a
me55-100,me55,30C,100,Yveltal,Pokémon,Basic,J,120,Darkness,,Rare,3d9a4d1e97c0
me55-101,me55,30C,101,Galarian Meowth,Pokémon,Basic,J,70,Metal,,Common,826aab2b4c3f
me55-102,me55,30C,102,Jirachi ex,Pokémon,Basic|ex,J,160,Metal,,Double Rare,46f3bc52fb1b
me55-103,me55,30C,103,Dialga,Pokémon,Basic,J,130,Metal,,Rare,76ea7af077a8
me55-104,me55,30C,104,Ferrothorn,Pokémon,Stage 1,J,130,Metal,Ferroseed,Common,ce65e9c00325
me55-105,me55,30C,105,Solgaleo,Pokémon,Stage 2,J,170,Metal,Cosmoem,Rare,c6d4f7a5b89b
me55-106,me55,30C,106,Zacian,Pokémon,Basic,J,130,Metal,,Rare,4132c9a534fd
me55-107,me55,30C,107,Zamazenta,Pokémon,Basic,J,130,Metal,,Rare,35be5367a981
me55-108,me55,30C,108,Gholdengo,Pokémon,Stage 1,J,130,Metal,Gimmighoul,Common,da574d364d89
me55-109,me55,30C,109,Salamence ex,Pokémon,Stage 2|ex,J,330,Dragon,Shelgon,Double Rare,13b56374f7ca
me55-110,me55,30C,110,Jangmo-o,Pokémon,Basic,J,70,Dragon,,Common,6728f098d82c
me55-111,me55,30C,111,Hakamo-o,Pokémon,Stage 1,J,90,Dragon,Jangmo-o,Common,deff19934421
me55-112,me55,30C,112,Kommo-o,Pokémon,Stage 2,J,180,Dragon,Hakamo-o,Common,be4df71c2f2c
me55-113,me55,30C,113,Meowth,Pokémon,Basic,J,60,Colorless,,Common,bb39df95dd13
me55-114,me55,30C,114,Kangaskhan,Pokémon,Basic,J,130,Colorless,,Common,b203701e75d1
me55-115,me55,30C,115,Ditto,Pokémon,Basic,J,70,Colorless,,Common,42a91b6e355e
me55-116,me55,30C,116,Eevee,Pokémon,Basic,J,70,Colorless,,Common,f658519f199d
me55-117,me55,30C,117,Eevee,Pokémon,Basic,J,70,Colorless,,Common,8090b6a99ebb
me55-118,me55,30C,118,Eevee,Pokémon,Basic,J,70,Colorless,,Common,8090b6a99ebb
me55-119,me55,30C,119,Snorlax,Pokémon,Basic,J,160,Colorless,,Common,7847e149ee04
me55-120,me55,30C,120,Igglybuff,Pokémon,Basic,J,30,Colorless,,Common,b7f2c523f9bd
me55-121,me55,30C,121,Lugia,Pokémon,Basic,J,120,Colorless,,Rare,fe01d2de98a1
me55-122,me55,30C,122,Hisuian Zorua,Pokémon,Basic,J,60,Colorless,,Common,419d70fe09a4
me55-123,me55,30C,123,Hisuian Zoroark,Pokémon,Stage 1,J,120,Colorless,Hisuian Zorua,Common,292b3c61ed65
me55-124,me55,30C,124,Minior,Pokémon,Basic,J,90,Colorless,,Common,2b16f6a92f32
me55-125,me55,30C,125,Maushold,Pokémon,Stage 1,J,80,Colorless,Tandemaus,Common,4aa9c60537bb
me55-126,me55,30C,126,Poké Pad,Trainer,Item,J,,,,Common,dd5f0295f141
me55-127,me55,30C,127,Switch,Trainer,Item,I,,,,Common,431905d775bf
me55-128,me55,30C,128,Ultra Ball,Trainer,Item,I,,,,Common,56da2bd5e1cc
me55-129,me55,30C,129,Alolan Exeggutor,Pokémon,Stage 1,J,150,Grass,Exeggcute,Illustration Rare,9a2f26049ef9
me55-130,me55,30C,130,Moltres,Pokémon,Basic,J,120,Fire,,Illustration Rare,00efd5520a1d
me55-131,me55,30C,131,Lapras,Pokémon,Basic,J,130,Water,,Illustration Rare,c02e0b5545e0
me55-132,me55,30C,132,Articuno,Pokémon,Basic,J,120,Water,,Illustration Rare,a9f78330bce5
me55-133,me55,30C,133,Zapdos,Pokémon,Basic,J,120,Lightning,,Illustration Rare,45023bc89b2a
me55-134,me55,30C,134,Toxtricity,Pokémon,Stage 1,J,140,Lightning,Toxel,Illustration Rare,751fab4fe435
me55-135,me55,30C,135,Morpeko,Pokémon,Basic,J,70,Lightning,,Illustration Rare,9931ddd049c5
me55-136,me55,30C,136,Drifloon,Pokémon,Basic,J,70,Psychic,,Illustration Rare,11a347eff258
me55-137,me55,30C,137,Chandelure,Pokémon,Stage 2,J,140,Psychic,Lampent,Illustration Rare,921b5d283f8b
me55-138,me55,30C,138,Lycanroc,Pokémon,Stage 1,J,130,Fighting,Rockruff,Illustration Rare,ea48ced193e6
me55-139,me55,30C,139,Alolan Meowth,Pokémon,Basic,J,60,Darkness,,Illustration Rare,697ea5a40399
me55-140,me55,30C,140,Scraggy,Pokémon,Basic,J,80,Darkness,,Illustration Rare,24ab834e9f65
me55-141,me55,30C,141,Galarian Meowth,Pokémon,Basic,J,70,Metal,,Illustration Rare,826aab2b4c3f
me55-142,me55,30C,142,Gholdengo,Pokémon,Stage 1,J,130,Metal,Gimmighoul,Illustration Rare,da574d364d89
me55-143,me55,30C,143,Kommo-o,Pokémon,Stage 2,J,180,Dragon,Hakamo-o,Illustration Rare,be4df71c2f2c
me55-144,me55,30C,144,Meowth,Pokémon,Basic,J,60,Colorless,,Illustration Rare,bb39df95dd13
me55-145,me55,30C,145,Hisuian Zorua,Pokémon,Basic,J,60,Colorless,,Illustration Rare,419d70fe09a4
me55-146,me55,30C,146,Maushold,Pokémon,Stage 1,J,80,Colorless,Tandemaus,Illustration Rare,4aa9c60537bb
me55-147,me55,30C,147,Fuecoco ex,Pokémon,Basic|ex,J,210,Fire,,Special Illustration Rare,6da3a597ecd8
me55-148,me55,30C,148,Greninja ex,Pokémon,Stage 2|ex,J,300,Water,Frogadier,Special Illustration Rare,375d66b61a01
me55-149,me55,30C,149,Pikachu ex,Pokémon,Basic|ex,J,190,Lightning,,Special Illustration Rare,01c4233f20c7
me55-150,me55,30C,150,Pikachu ex,Pokémon,Basic|ex,J,190,Lightning,,Special Illustration Rare,ee193b754e38
me55-151,me55,30C,151,Mewtwo ex,Pokémon,Basic|ex,J,230,Psychic,,Special Illustration Rare,c1c722893abc
me55-152,me55,30C,152,Mew ex,Pokémon,Basic|ex,J,160,Psychic,,Special Illustration Rare,315b1d1fcb28
me55-153,me55,30C,153,Sylveon ex,Pokémon,Stage 1|ex,J,270,Psychic,Eevee,Special Illustration Rare,a5ee0d8abee0
me55-154,me55,30C,154,Gengar ex,Pokémon,Stage 2|ex,J,280,Darkness,Haunter,Special Illustration Rare,6170acb795ce
me55-155,me55,30C,155,Jirachi ex,Pokémon,Basic|ex,J,160,Metal,,Special Illustration Rare,46f3bc52fb1b
me55-156,me55,30C,156,Salamence ex,Pokémon,Stage 2|ex,J,330,Dragon,Shelgon,Special Illustration Rare,13b56374f7ca
me55-157,me55,30C,157,Mewtwo ex,Pokémon,Basic|ex,J,230,Psychic,,Futuristic Rare,c1c722893abc
me55-158,me55,30C,158,Mew ex,Pokémon,Basic|ex,J,160,Psychic,,Futuristic Rare,315b1d1fcb28
me55-R,me55,30C,R,Mew,Pokémon,Basic,J,60,Psychic,,Common,764b594048bd
me55-G,me55,30C,G,Mew,Pokémon,Basic,J,60,Psychic,,Common,764b594048bd
me55-B,me55,30C,B,Mew,Pokémon,Basic,J,60,Psychic,,Common,764b594048bd
me55c-58,me55c,30C,58,Pikachu,Pokémon,Basic,,40,Lightning,,Common,c9a4b83945fe
me55c-4,me55c,30C,4,Charizard,Pokémon,Stage 2,,120,Fire,Charmeleon,Rare Holo,b58bb6145d75
me55c-18,me55c,30C,18,Misty,Trainer,,,,,,Rare Holo,2371611bbbfa
me55c-69,me55c,30C,69,Erika's Jigglypuff,Trainer,Basic,,50,Colorless,,Common,287c64327634
me55c-25,me55c,30C,25,Sneasel,Pokémon,Basic,,60,Darkness,,Rare,c8c622216130
me55c-106,me55c,30C,106,Shining Celebi,Pokémon,Basic,,50,Grass,,Rare Secret,878ebade2415
me55c-149,me55c,30C,149,Lugia,Pokémon,Basic,,80,Colorless,,Rare Secret,822a07c12a3d
me55c-5,me55c,30C,5,Delcatty,Pokémon,Stage 1,,70,Colorless,Skitty,Rare Holo,07deb5f57776
me55c-19,me55c,30C,19,Dark Tyranitar,Pokémon,Stage 2,,120,Darkness,Dark Pupitar,Rare,6834cb945ec5
me55c-108,me55c,30C,108,Scizor ex,Pokémon,Stage 1|ex,,120,Metal,Scyther,Rare Holo ex,a64741cb0dc6
me55c-11,me55c,30C,11,Metagross,Pokémon,Stage 2,,100,Lightning|Metal,Metang,Rare Holo,ee05ab060169
me55c-106p,me55c,30C,106,Palkia LV.X,Pokémon,LEVEL-UP,,120,Water,Palkia,Rare Holo LV.X,bca257f08921
me55c-43,me55c,30C,43,Uxie,Pokémon,Basic,,70,Psychic,,Rare,e52130b544f8
me55c-47,me55c,30C,47,Crobat G,Pokémon,Basic,,80,Psychic,,Uncommon,597aa7a58d67
me55c-94,me55c,30C,94,Gengar,Pokémon,Stage 2,,130,Psychic,Haunter,Rare Prime,d024b9399249
me55c-99,me55c,30C,99,Darkrai & Cresselia LEGEND,Pokémon,LEGEND,,150,Darkness|Psychic,,LEGEND,c60d30e4d198
me55c-100,me55c,30C,100,Darkrai & Cresselia LEGEND,Pokémon,LEGEND,,150,Darkness|Psychic,,LEGEND,c60d30e4d198
me55c-101,me55c,30C,101,N,Trainer,Supporter,,,,,Rare Ultra,9bdffd5fc2fa
me55c-85,me55c,30C,85,Rayquaza-EX,Pokémon,Basic|EX,,170,Dragon,,Rare Holo EX,edbba8576db6
me55c-11g,me55c,30C,11,Genesect-EX,Pokémon,Basic|EX,,170,Grass,,Rare Holo EX,488fb7be28b2
me55c-106m,me55c,30C,106,M Gardevoir-EX,Pokémon,MEGA|EX,,210,Fairy,Gardevoir-EX,Rare Holo EX,f71341136141
me55c-41,me55c,30C,41,Greninja BREAK,Pokémon,BREAK,,170,Water,Greninja,Rare BREAK,28e83af392df
me55c-89,me55c,30C,89,Solgaleo-GX,Pokémon,Stage 2|GX,,250,Metal,Cosmoem,Rare Holo GX,4ba4fc70be00
me55c-57,me55c,30C,57,Buzzwole-GX,Pokémon,Basic|GX,,190,Fighting,,Rare Holo GX,913366e28c80
me55c-33,me55c,30C,33,Pikachu & Zekrom-GX,Pokémon,Basic|GX|TAG TEAM,,240,Lightning,,Rare Holo GX,6a4870e12c71
me55c-138,me55c,30C,138,Zacian V,Pokémon,Basic|V,D,220,Metal,,Holo Rare V,53bc36e6e9e6
me55c-50,me55c,30C,50,Raikou,Pokémon,Basic,D,110,Lightning,,Amazing Rare,a40aac4ffede
me55c-114,me55c,30C,114,Mew VMAX,Pokémon,VMAX,E,310,Psychic,Mew V,Holo Rare VMAX,08de6c30170b
me55c-123,me55c,30C,123,Arceus VSTAR,Pokémon,VSTAR,F,280,Colorless,Arceus V,Holo Rare VSTAR,2520785bac26
me55c-203,me55c,30C,203,Magikarp,Pokémon,Basic,G,30,Water,,Illustration Rare,82babfb5549f
