placing,labs_player_id,name,country,wins,losses,ties,points,day2,top_cut,archetype,archetype_slug,icons
1,0455,Truwin Tran,US,15,1,2,47,True,True,Charizard Noctowl,charizard-noctowl,charizard|noctowl
2,1082,Grant Shen,US,13,1,4,43,True,True,Mega Absol Box,mega-absol-box,absol-mega|kangaskhan-mega
3,1026,Joseph Mousaed,US,13,2,2,41,True,True,Mega Absol Box,mega-absol-box,absol-mega|kangaskhan-mega
4,2088,Julius Brunfeldt,FI,13,3,1,40,True,True,Charizard Pidgeot,charizard-pidgeot,charizard|pidgeot
5,0531,Bodhi Robinson,US,14,1,1,43,True,True,Gardevoir,gardevoir-ex-sv,gardevoir
6,1826,David Andrews,CA,12,2,2,38,True,True,Raging Bolt Ogerpon,raging-bolt-ogerpon,raging-bolt|ogerpon
7,1525,Nathan Ginsburg,US,11,1,4,37,True,True,Mega Absol Box,mega-absol-box,absol-mega|kangaskhan-mega
8,0482,Mason Lovato,US,12,3,1,37,True,True,Joltik Box,joltik-box,joltik|pikachu
9,1436,Andrew Hedrick,US,11,3,1,34,True,True,Dragapult Dusknoir,dragapult-dusknoir,dragapult|dusknoir
10,1518,Hasan Kunukcu,US,11,3,1,34,True,True,Mega Absol Box,mega-absol-box,absol-mega|kangaskhan-mega
11,1990,Zach Cohen,US,11,3,1,34,True,True,Grimmsnarl Froslass,grimmsnarl-froslass,grimmsnarl|froslass
12,0026,Aneil Saini,CA,11,3,1,34,True,True,Grimmsnarl Froslass,grimmsnarl-froslass,grimmsnarl|froslass
13,0413,Grant Manley,US,11,3,0,33,True,False,Gardevoir,gardevoir-ex-sv,gardevoir
14,0067,Noah Sakadjian,US,11,3,0,33,True,False,Mega Absol Box,mega-absol-box,absol-mega|kangaskhan-mega
15,1810,Jose Ordaz,US,10,1,3,33,True,False,Alakazam Dudunsparce,alakazam-dudunsparce,alakazam|dudunsparce
16,1726,Ming Weng,CN,10,1,3,33,True,False,Charizard Noctowl,charizard-noctowl,charizard|noctowl
17,1022,Simon Feng,CA,11,3,0,33,True,False,Dragapult Dusknoir,dragapult-dusknoir,dragapult|dusknoir
18,0131,Brandon Joestar,US,11,3,0,33,True,False,Dragapult Dusknoir,dragapult-dusknoir,dragapult|dusknoir
19,1505,Jack Moore,CA,10,2,2,32,True,False,Mega Absol Box,mega-absol-box,absol-mega|kangaskhan-mega
20,1717,ILYA KORNILOV,FI,10,2,2,32,True,False,Grimmsnarl Froslass,grimmsnarl-froslass,grimmsnarl|froslass
21,1153,Keane Hauck,US,10,2,2,32,True,False,Dragapult Charizard,dragapult-charizard,dragapult|charizard
22,1756,Josh Cann,US,10,2,2,32,True,False,Mega Absol Box,mega-absol-box,absol-mega|kangaskhan-mega
23,0280,Colton Edwards,US,10,2,2,32,True,False,Grimmsnarl Froslass,grimmsnarl-froslass,grimmsnarl|froslass
24,1643,Makani Tran,US,10,2,2,32,True,False,Gardevoir,gardevoir-ex-sv,gardevoir
25,1305,hang yu ou yang,CA,10,2,2,32,True,False,Grimmsnarl Froslass,grimmsnarl-froslass,grimmsnarl|froslass
26,0450,James Learue,US,10,3,1,31,True,False,Crustle,crustle-dri,crustle
27,0092,Joshua Wagstaff,CA,10,3,1,31,True,False,Charizard Noctowl,charizard-noctowl,charizard|noctowl
28,0526,Joshua McRae,US,10,3,1,31,True,False,Gholdengo Lunatone,gholdengo-lunatone,gholdengo|lunatone
29,0914,Steven Vuong,CA,10,3,1,31,True,False,N's Zoroark,n-zoroark,zoroark
30,0789,Maximus Sandoval,US,10,3,1,31,True,False,Froslass Munkidori,froslass-munkidori,froslass|munkidori
31,0912,Bobby Ou,US,10,3,1,31,True,False,Dragapult Dusknoir,dragapult-dusknoir,dragapult|dusknoir
32,1447,Cameron Mortensen,US,10,3,1,31,True,False,Iron Hands Magneton,iron-hands-magneton,iron-hands|magneton
33,1341,Danielle Bernstein,US,10,3,1,31,True,False,Mega Absol Box,mega-absol-box,absol-mega|kangaskhan-mega
34,2136,Lucas Huculak,CA,10,3,1,31,True,False,Gholdengo Lunatone,gholdengo-lunatone,gholdengo|lunatone
35,0742,Aidan Khus,US,10,3,1,31,True,False,N's Zoroark,n-zoroark,zoroark
36,1667,Joey Gaffney,CA,10,3,1,31,True,False,Gardevoir,gardevoir-ex-sv,gardevoir
37,2105,Christopher Karo,US,10,3,1,31,True,False,Slowking,slowking-scr,slowking
38,1413,Liam Halliburton,US,10,3,1,31,True,False,N's Zoroark,n-zoroark,zoroark
39,0399,Sebastian Flores,US,10,3,1,31,True,False,Gholdengo Lunatone,gholdengo-lunatone,gholdengo|lunatone
40,2006,Eric Aubertin,CA,10,3,1,31,True,False,Kangaskhan Bouffalant,kangaskhan-bouffalant,kangaskhan-mega|bouffalant
41,1392,Joeycosmo Lee,CA,10,3,1,31,True,False,Charizard Noctowl,charizard-noctowl,charizard|noctowl
42,0822,Jie Ran,US,9,1,4,31,True,False,Grimmsnarl Froslass,grimmsnarl-froslass,grimmsnarl|froslass
43,0967,Yihao Chen,US,10,3,1,31,True,False,Grimmsnarl Froslass,grimmsnarl-froslass,grimmsnarl|froslass
44,1839,Connor Chiappetta,US,10,3,1,31,True,False,Charizard Pidgeot,charizard-pidgeot,charizard|pidgeot
45,1760,Joel Stroeve,US,10,3,1,31,True,False,Kangaskhan Bouffalant,kangaskhan-bouffalant,kangaskhan-mega|bouffalant
46,1805,Cristiano Castaneda,US,10,3,1,31,True,False,Gardevoir,gardevoir-ex-sv,gardevoir
47,1455,Caleb Gedemer,US,10,3,1,31,True,False,Mega Absol Box,mega-absol-box,absol-mega|kangaskhan-mega
48,0690,Jackson Ford,CA,10,3,1,31,True,False,Charizard Noctowl,charizard-noctowl,charizard|noctowl
49,0199,James Deley,US,9,1,4,31,True,False,Charizard Pidgeot,charizard-pidgeot,charizard|pidgeot
50,1734,Yuta Ozawa,JP,10,3,1,31,True,False,Gholdengo Lunatone,gholdengo-lunatone,gholdengo|lunatone
51,0154,Lucas Xing,CA,10,4,0,30,True,False,Mega Absol Box,mega-absol-box,absol-mega|kangaskhan-mega
52,0497,Cali White,CA,10,4,0,30,True,False,Dragapult Dusknoir,dragapult-dusknoir,dragapult|dusknoir
53,1928,George Cameron,US,10,4,0,30,True,False,Mega Absol Box,mega-absol-box,absol-mega|kangaskhan-mega
54,0984,Frank Luciano,US,10,4,0,30,True,False,Charizard Noctowl,charizard-noctowl,charizard|noctowl
55,0093,Henry Gao,CN,10,4,0,30,True,False,Charizard Pidgeot,charizard-pidgeot,charizard|pidgeot
56,1315,Isaiah Cheville,US,10,4,0,30,True,False,Grimmsnarl Froslass,grimmsnarl-froslass,grimmsnarl|froslass
57,0753,Seth McKee,US,9,2,3,30,True,False,Raging Bolt Ogerpon,raging-bolt-ogerpon,raging-bolt|ogerpon
58,2154,Joseph Bjerg,US,9,2,3,30,True,False,Gardevoir Jellicent,gardevoir-jellicent,gardevoir|jellicent
59,1158,Rahat Mahbub,US,10,4,0,30,True,False,Tera Box,tera-box,noctowl|ogerpon-wellspring
60,1801,Timothy Chou,US,10,4,0,30,True,False,Grimmsnarl Froslass,grimmsnarl-froslass,grimmsnarl|froslass
61,0738,Benjamin Hebert,CA,9,2,3,30,True,False,Gardevoir,gardevoir-ex-sv,gardevoir
62,1665,Cerys Jones,US,10,4,0,30,True,False,Dragapult Dusknoir,dragapult-dusknoir,dragapult|dusknoir
63,1373,Kristopher Kemp,US,10,4,0,30,True,False,Grimmsnarl Froslass,grimmsnarl-froslass,grimmsnarl|froslass
64,2166,Le Bui,US,10,4,0,30,True,False,Gholdengo Lunatone,gholdengo-lunatone,gholdengo|lunatone
65,1295,Kurt Raymond,US,10,4,0,30,True,False,Charizard Pidgeot,charizard-pidgeot,charizard|pidgeot
66,1498,Luke Levy,US,9,2,3,30,True,False,Slowking,slowking-scr,slowking
67,1993,Alex Mullen,US,10,4,0,30,True,False,Gardevoir,gardevoir-ex-sv,gardevoir
68,1105,Richard Tian,CA,9,2,3,30,True,False,Dragapult Charizard,dragapult-charizard,dragapult|charizard
69,0979,Nico Gist,US,9,3,2,29,True,False,Charizard Noctowl,charizard-noctowl,charizard|noctowl
70,1678,Brian Kim,US,9,3,2,29,True,False,Gardevoir,gardevoir-ex-sv,gardevoir
71,0904,Cody Roripaugh,US,9,3,2,29,True,False,Dragapult Charizard,dragapult-charizard,dragapult|charizard
72,1328,Vincent Green-Hite,US,9,3,2,29,True,False,Charizard Noctowl,charizard-noctowl,charizard|noctowl
73,0194,Anthony Perez,US,9,3,2,29,True,False,Gholdengo Lunatone,gholdengo-lunatone,gholdengo|lunatone
74,1733,Satoshi Matsui,US,9,3,2,29,True,False,Mega Absol Box,mega-absol-box,absol-mega|kangaskhan-mega
75,0162,Jalen Jones,US,9,3,2,29,True,False,Grimmsnarl Froslass,grimmsnarl-froslass,grimmsnarl|froslass
76,0470,Jordan Nelle,US,9,3,2,29,True,False,Grimmsnarl Froslass,grimmsnarl-froslass,grimmsnarl|froslass
77,1201,Dean Nezam,US,9,3,2,29,True,False,Crustle,crustle-dri,crustle
78,1972,Cody Nichols,US,9,3,2,29,True,False,Raging Bolt Ogerpon,raging-bolt-ogerpon,raging-bolt|ogerpon
79,0323,Michelle Messinger,US,9,3,2,29,True,False,Charizard Pidgeot,charizard-pidgeot,charizard|pidgeot
80,1751,Emily Brown,US,9,3,2,29,True,False,Grimmsnarl Froslass,grimmsnarl-froslass,grimmsnarl|froslass
81,1627,SETH RAMOS,US,9,3,2,29,True,False,Mega Absol Box,mega-absol-box,absol-mega|kangaskhan-mega
82,1282,Victor De Velasco,MX,9,3,2,29,True,False,Gholdengo Lunatone,gholdengo-lunatone,gholdengo|lunatone
83,1614,Gabryelle Fulp,US,9,3,2,29,True,False,Grimmsnarl Froslass,grimmsnarl-froslass,grimmsnarl|froslass
84,0157,Duncan Crowley,US,9,3,2,29,True,False,Mega Absol Box,mega-absol-box,absol-mega|kangaskhan-mega
85,0394,Elsie Croizer,CA,9,3,2,29,True,False,Gardevoir Jellicent,gardevoir-jellicent,gardevoir|jellicent
86,0311,Ethan Sevigny,US,9,3,2,29,True,False,Grimmsnarl Froslass,grimmsnarl-froslass,grimmsnarl|froslass
87,1955,Nicolas Darge,DE,9,3,2,29,True,False,Gardevoir,gardevoir-ex-sv,gardevoir
88,1281,Steven Martin,US,9,3,2,29,True,False,Flareon Noctowl,flareon-noctowl,flareon|noctowl
89,0599,Nathaniel Dungey,US,9,3,2,29,True,False,Charizard Noctowl,charizard-noctowl,charizard|noctowl
90,1098,Kyle Warner,US,9,3,2,29,True,False,Grimmsnarl Froslass,grimmsnarl-froslass,grimmsnarl|froslass
91,0437,Javier Castellon,US,8,1,5,29,True,False,Dragapult Dusknoir,dragapult-dusknoir,dragapult|dusknoir
92,1986,Malachi Ryder,US,9,3,2,29,True,False,Gardevoir Jellicent,gardevoir-jellicent,gardevoir|jellicent
93,0012,Trevore Read,CA,9,3,2,29,True,False,Mega Absol Box,mega-absol-box,absol-mega|kangaskhan-mega
94,0163,Aiden Tripi,US,9,3,2,29,True,False,Charizard Noctowl,charizard-noctowl,charizard|noctowl
95,1322,Joshua Meza,US,9,3,2,29,True,False,Gholdengo Lunatone,gholdengo-lunatone,gholdengo|lunatone
96,1982,Cobi Kawasaki,US,9,3,2,29,True,False,Gardevoir,gardevoir-ex-sv,gardevoir
97,1359,Anthony Ouertani,US,9,3,2,29,True,False,Dragapult Dusknoir,dragapult-dusknoir,dragapult|dusknoir
98,1290,Carson Washer,US,9,4,1,28,True,False,Dragapult Dusknoir,dragapult-dusknoir,dragapult|dusknoir
99,0020,luis coy,US,9,4,1,28,True,False,Gholdengo Lunatone,gholdengo-lunatone,gholdengo|lunatone
100,0973,Jack Pitcher,CA,9,4,1,28,True,False,Gardevoir,gardevoir-ex-sv,gardevoir
101,2034,Adam Kalamat,CA,9,4,1,28,True,False,Dragapult Dusknoir,dragapult-dusknoir,dragapult|dusknoir
102,0639,Canaan Mellard,US,8,2,4,28,True,False,Gholdengo Lunatone,gholdengo-lunatone,gholdengo|lunatone
103,0565,Ira Pearlman,US,9,4,1,28,True,False,Mega Absol Box,mega-absol-box,absol-mega|kangaskhan-mega
104,1735,Josie Squadroni,US,9,4,1,28,True,False,Raging Bolt Ogerpon,raging-bolt-ogerpon,raging-bolt|ogerpon
105,1352,Joseph Zhu,US,8,2,4,28,True,False,Gholdengo Lunatone,gholdengo-lunatone,gholdengo|lunatone
106,2202,Sebastian Alloway,CA,9,4,1,28,True,False,Gholdengo Lunatone,gholdengo-lunatone,gholdengo|lunatone
107,0082,Fred Du,CA,9,4,1,28,True,False,Dragapult Dusknoir,dragapult-dusknoir,dragapult|dusknoir
108,0070,Ian Viets,US,9,4,1,28,True,False,Pidgeot Control,pidgeot-control,pidgeot
109,0575,Thomas Trently,US,9,4,1,28,True,False,Crustle,crustle-dri,crustle
110,1049,Pedro Turra,BR,9,4,1,28,True,False,Dragapult Charizard,dragapult-charizard,dragapult|charizard
111,0938,Andy Zhang,US,9,4,1,28,True,False,Grimmsnarl Froslass,grimmsnarl-froslass,grimmsnarl|froslass
112,1882,Matt Bridges,US,9,4,1,28,True,False,Joltik Box,joltik-box,joltik|pikachu
113,1704,Vu Ha,US,9,4,1,28,True,False,Seaking Festival Lead,seaking-pre,seaking|thwackey
114,1491,Rickey Smith,US,9,4,1,28,True,False,Crustle,crustle-dri,crustle
115,2129,Jack Kolbert,US,9,4,1,28,True,False,Gardevoir,gardevoir-ex-sv,gardevoir
116,0774,Abaan Ahmed,US,9,4,1,28,True,False,Gardevoir,gardevoir-ex-sv,gardevoir
117,0830,Jac Carter,US,9,4,1,28,True,False,Charizard Noctowl,charizard-noctowl,charizard|noctowl
118,0172,Johnathan Starr,US,9,4,1,28,True,False,Gardevoir Jellicent,gardevoir-jellicent,gardevoir|jellicent
119,0503,Yuki Ishii,JP,9,4,1,28,True,False,Dragapult Dusknoir,dragapult-dusknoir,dragapult|dusknoir
120,1877,Gabe Shumway,US,9,4,1,28,True,False,Charizard Pidgeot,charizard-pidgeot,charizard|pidgeot
121,1958,Randall Ni,CA,9,4,1,28,True,False,Dragapult Dusknoir,dragapult-dusknoir,dragapult|dusknoir
122,0579,Joshua Javillo,US,9,4,1,28,True,False,Charizard Noctowl,charizard-noctowl,charizard|noctowl
123,2142,Ray Chen,US,9,4,1,28,True,False,Toedscruel,toedscruel-ex,toedscruel|ogerpon
124,0444,Jared Woitalla,US,9,4,1,28,True,False,Gardevoir Jellicent,gardevoir-jellicent,gardevoir|jellicent
125,0547,Phillip Chao,US,8,2,4,28,True,False,Gardevoir,gardevoir-ex-sv,gardevoir
126,1974,DJ Umtuch,US,9,4,1,28,True,False,Charizard Noctowl,charizard-noctowl,charizard|noctowl
127,2035,Shena Lavespere,US,9,4,1,28,True,False,Kangaskhan Bouffalant,kangaskhan-bouffalant,kangaskhan-mega|bouffalant
128,0564,Andrew Williamson,US,8,2,4,28,True,False,Mega Absol Box,mega-absol-box,absol-mega|kangaskhan-mega
129,2069,Austin Charles,US,9,4,1,28,True,False,Gholdengo Lunatone,gholdengo-lunatone,gholdengo|lunatone
130,0631,Ben Wing,US,9,4,1,28,True,False,Grimmsnarl Froslass,grimmsnarl-froslass,grimmsnarl|froslass
131,2118,Erik Arts,CA,9,4,1,28,True,False,Gholdengo Lunatone,gholdengo-lunatone,gholdengo|lunatone
132,0590,Henry Thompson,US,9,4,1,28,True,False,N's Zoroark,n-zoroark,zoroark
133,0107,Keeion Racelis,US,9,4,1,28,True,False,Gholdengo Lunatone,gholdengo-lunatone,gholdengo|lunatone
134,1526,Gregory Lim,CA,9,4,1,28,True,False,Gholdengo Lunatone,gholdengo-lunatone,gholdengo|lunatone
135,1065,Michael Ingalls,US,9,4,1,28,True,False,Dragapult Dusknoir,dragapult-dusknoir,dragapult|dusknoir
136,0230,Chandler Crain,US,9,4,1,28,True,False,Pidgeot Control,pidgeot-control,pidgeot
137,0375,Jake Reed,US,9,4,1,28,True,False,Crustle,crustle-dri,crustle
138,0032,Noah Donen,CA,9,4,1,28,True,False,Charizard Pidgeot,charizard-pidgeot,charizard|pidgeot
139,1576,Sasha Huang,US,9,4,1,28,True,False,Gardevoir Jellicent,gardevoir-jellicent,gardevoir|jellicent
140,0576,Michele Schiraldi,CA,8,3,3,27,True,False,Gardevoir,gardevoir-ex-sv,gardevoir
141,2022,Elmerande Santos Jr.,US,8,3,3,27,True,False,Raging Bolt Ogerpon,raging-bolt-ogerpon,raging-bolt|ogerpon
142,1450,Justin Slowik,US,8,3,3,27,True,False,Gholdengo Lunatone,gholdengo-lunatone,gholdengo|lunatone
143,1468,Austin Ruoff,US,8,3,3,27,True,False,Festival Lead,festival-lead,dipplin|thwackey
144,0670,Keaton Gill,US,9,5,0,27,True,False,Charizard Noctowl,charizard-noctowl,charizard|noctowl
145,2169,Jaiden Figueroa,US,8,3,3,27,True,False,Mega Absol Box,mega-absol-box,absol-mega|kangaskhan-mega
146,2087,Raymond Liu,US,8,3,3,27,True,False,Gholdengo Lunatone,gholdengo-lunatone,gholdengo|lunatone
147,0954,Sean Jackson,US,8,3,3,27,True,False,Gardevoir Jellicent,gardevoir-jellicent,gardevoir|jellicent
148,1623,Keva Bui,US,8,3,3,27,True,False,N's Zoroark,n-zoroark,zoroark
149,0877,Ben Kim,US,8,3,3,27,True,False,Dragapult Dusknoir,dragapult-dusknoir,dragapult|dusknoir
150,1189,Darien Krys,CA,9,5,0,27,True,False,Gardevoir,gardevoir-ex-sv,gardevoir
151,1772,Kyun Woo Hong,US,8,3,3,27,True,False,Raging Bolt Ogerpon,raging-bolt-ogerpon,raging-bolt|ogerpon
152,0086,Christian Martinez,US,8,3,3,27,True,False,Gardevoir,gardevoir-ex-sv,gardevoir
153,0243,Rafal Gladysz,US,9,5,0,27,True,False,Charizard Noctowl,charizard-noctowl,charizard|noctowl
154,2063,Hunter Butler,US,9,5,0,27,True,False,Gardevoir,gardevoir-ex-sv,gardevoir
155,1917,Rose Little,US,8,3,3,27,True,False,Charizard Noctowl,charizard-noctowl,charizard|noctowl
156,0196,Javier Saucedo,US,8,3,3,27,True,False,Dragapult Charizard,dragapult-charizard,dragapult|charizard
157,1030,Christopher Lopez,US,9,5,0,27,True,False,Dragapult Dusknoir,dragapult-dusknoir,dragapult|dusknoir
158,1292,Matt Chuang,US,9,5,0,27,True,False,Dragapult Dusknoir,dragapult-dusknoir,dragapult|dusknoir
159,1676,Ivan Stoyanov,CA,8,3,3,27,True,False,Froslass Munkidori,froslass-munkidori,froslass|munkidori
160,0675,Rain Keuma,US,8,3,3,27,True,False,Dragapult Dusknoir,dragapult-dusknoir,dragapult|dusknoir
161,0903,Jose Casillas,US,8,3,3,27,True,False,Grimmsnarl Froslass,grimmsnarl-froslass,grimmsnarl|froslass
162,0960,Ethan Ding,US,8,3,3,27,True,False,Gholdengo Lunatone,gholdengo-lunatone,gholdengo|lunatone
163,0820,Neo Erlandsson,US,9,5,0,27,True,False,Gardevoir,gardevoir-ex-sv,gardevoir
164,1511,Tyler Ocampo,US,8,3,3,27,True,False,Gholdengo Lunatone,gholdengo-lunatone,gholdengo|lunatone
165,0347,Alexander Dade,US,8,4,2,26,True,False,Charizard Noctowl,charizard-noctowl,charizard|noctowl
166,1244,Nick Dela Torre,US,8,4,2,26,True,False,Dragapult Dusknoir,dragapult-dusknoir,dragapult|dusknoir
167,0068,Simon Luong,CA,8,4,2,26,True,False,Gholdengo Lunatone,gholdengo-lunatone,gholdengo|lunatone
168,1335,Brian Du,US,7,2,5,26,True,False,Gardevoir,gardevoir-ex-sv,gardevoir
169,1766,Giovanny Sasso,BR,8,4,2,26,True,False,Gardevoir Jellicent,gardevoir-jellicent,gardevoir|jellicent
170,2089,Ron E,CA,8,4,2,26,True,False,Dragapult Dusknoir,dragapult-dusknoir,dragapult|dusknoir
171,1131,Adrian Corniciuc,US,8,4,2,26,True,False,Dragapult Dusknoir,dragapult-dusknoir,dragapult|dusknoir
172,0430,Lucas Mancuso,US,8,4,2,26,True,False,Froslass Munkidori,froslass-munkidori,froslass|munkidori
173,1962,Michael Jelderian,CA,8,4,2,26,True,False,Dragapult Dusknoir,dragapult-dusknoir,dragapult|dusknoir
174,1128,Cole McLynne,US,8,4,2,26,True,False,Raging Bolt Ogerpon,raging-bolt-ogerpon,raging-bolt|ogerpon
175,1994,Miguel Sanchez,US,8,4,2,26,True,False,N's Zoroark,n-zoroark,zoroark
176,1836,Jack Saunders,CA,8,4,2,26,True,False,Gholdengo,gholdengo-ex,gholdengo
177,1023,Julius Kerkis,FI,8,4,2,26,True,False,Dragapult Dusknoir,dragapult-dusknoir,dragapult|dusknoir
178,1397,Asbed Demirdjian,US,8,4,2,26,True,False,Greninja,greninja-ex,greninja
179,1252,Parker Turchan,US,8,4,2,26,True,False,Charizard Noctowl,charizard-noctowl,charizard|noctowl
180,1863,Ayden Crosby,US,8,4,2,26,True,False,Gardevoir,gardevoir-ex-sv,gardevoir
181,2112,Forrest Burks,US,8,4,2,26,True,False,Gholdengo Lunatone,gholdengo-lunatone,gholdengo|lunatone
182,1489,Steven Hummelt,US,8,4,2,26,True,False,Crustle,crustle-dri,crustle
183,1378,Benjamin Nativi,US,8,4,2,26,True,False,Charizard Noctowl,charizard-noctowl,charizard|noctowl
184,2137,James Kowalski,US,8,4,2,26,True,False,Gardevoir,gardevoir-ex-sv,gardevoir
185,0426,Genessa Benton,US,8,4,2,26,True,False,Gardevoir,gardevoir-ex-sv,gardevoir
186,2163,Dillon Ryan,US,8,4,2,26,True,False,Froslass Munkidori,froslass-munkidori,froslass|munkidori
187,2019,Li Wan,CA,8,4,2,26,True,False,Dragapult Dusknoir,dragapult-dusknoir,dragapult|dusknoir
188,1366,Russell Adams,US,7,2,5,26,True,False,Gardevoir,gardevoir-ex-sv,gardevoir
189,1996,Brian Garcia,US,8,4,2,26,True,False,Marnie's Grimmsnarl,marnie-grimmsnarl-ex,grimmsnarl
190,2026,Andrew Iozzo,CA,7,2,5,26,True,False,Grimmsnarl Froslass,grimmsnarl-froslass,grimmsnarl|froslass
191,0254,Sergei Mordovin,US,8,4,2,26,True,False,Gardevoir,gardevoir-ex-sv,gardevoir
192,1457,Mason Jones,US,8,4,2,26,True,False,Grimmsnarl Froslass,grimmsnarl-froslass,grimmsnarl|froslass
193,0136,Ryan Rumble,US,8,4,2,26,True,False,Crustle,crustle-dri,crustle
194,1162,Sujith Nalabolu,US,8,4,2,26,True,False,Gholdengo Joltik Box,gholdengo-joltik-box,gholdengo|joltik
195,1032,Charles Bolamperti,US,8,4,2,26,True,False,Dragapult Dusknoir,dragapult-dusknoir,dragapult|dusknoir
196,0110,Mustafa Tobah,US,8,4,2,26,True,False,Dragapult Dusknoir,dragapult-dusknoir,dragapult|dusknoir
197,0453,William Shestock,US,8,4,2,26,True,False,Grimmsnarl Froslass,grimmsnarl-froslass,grimmsnarl|froslass
198,0502,Evan Aguilar,US,8,4,2,26,True,False,Gardevoir,gardevoir-ex-sv,gardevoir
199,0248,Caleb Patton,US,8,4,2,26,True,False,Gardevoir,gardevoir-ex-sv,gardevoir
200,1843,Joshua Wallis,US,8,4,2,26,True,False,Dragapult Charizard,dragapult-charizard,dragapult|charizard
201,1011,Alberto Bonsanto,MX,8,4,2,26,True,False,Gardevoir,gardevoir-ex-sv,gardevoir
202,1853,Aaron Davis,US,8,4,2,26,True,False,Mega Absol Box,mega-absol-box,absol-mega|kangaskhan-mega
203,0534,Tim Avery,US,8,4,2,26,True,False,Grimmsnarl Froslass,grimmsnarl-froslass,grimmsnarl|froslass
204,1476,Nick Morin,US,8,4,2,26,True,False,N's Zoroark,n-zoroark,zoroark
205,0118,Douglas Mccluer,US,8,4,2,26,True,False,Dragapult Dusknoir,dragapult-dusknoir,dragapult|dusknoir
206,2080,Joshua Proehl,US,8,4,2,26,True,False,Gardevoir Jellicent,gardevoir-jellicent,gardevoir|jellicent
207,0931,Johnny Ngo,US,8,4,2,26,True,False,Raging Bolt Ogerpon,raging-bolt-ogerpon,raging-bolt|ogerpon
208,1101,Zach Elliott,US,8,5,1,25,True,False,Dragapult Dusknoir,dragapult-dusknoir,dragapult|dusknoir
209,0461,Shun Takemasa,US,8,5,1,25,True,False,Dragapult Dusknoir,dragapult-dusknoir,dragapult|dusknoir
210,2128,Tristan Menicucci,US,8,5,1,25,True,False,Charizard Noctowl,charizard-noctowl,charizard|noctowl
211,0749,corey duong,US,8,5,1,25,True,False,Dragapult Dusknoir,dragapult-dusknoir,dragapult|dusknoir
212,0772,Emil Redlinger,US,7,3,4,25,True,False,Gardevoir,gardevoir-ex-sv,gardevoir
213,0907,Graham Kovach,US,7,3,4,25,True,False,Mega Absol Box,mega-absol-box,absol-mega|kangaskhan-mega
214,2065,Parnell Sararana,US,8,5,1,25,True,False,Slowking,slowking-scr,slowking
215,0052,Anson Huang,US,8,5,1,25,True,False,Joltik Box,joltik-box,joltik|pikachu
216,1456,Uriel Macedonio,US,7,3,4,25,True,False,Gholdengo Lunatone,gholdengo-lunatone,gholdengo|lunatone
217,1539,Matthew Gibson,US,8,5,1,25,True,False,Grimmsnarl Froslass,grimmsnarl-froslass,grimmsnarl|froslass
218,0540,Felipe Garibay,US,8,5,1,25,True,False,Charizard Pidgeot,charizard-pidgeot,charizard|pidgeot
219,0823,Quintin Evans,US,8,5,1,25,True,False,Gardevoir Jellicent,gardevoir-jellicent,gardevoir|jellicent
220,1907,Michael Hutzelman,US,7,3,4,25,True,False,Dragapult Dusknoir,dragapult-dusknoir,dragapult|dusknoir
221,1596,Kira Melville,US,8,5,1,25,True,False,Dragapult Dusknoir,dragapult-dusknoir,dragapult|dusknoir
222,1700,Tyler Price,US,8,5,1,25,True,False,Dragapult Dusknoir,dragapult-dusknoir,dragapult|dusknoir
223,1521,Abe Morales,US,8,5,1,25,True,False,Festival Lead,festival-lead,dipplin|thwackey
224,1077,Justin Bean,US,8,5,1,25,True,False,Gholdengo Lunatone,gholdengo-lunatone,gholdengo|lunatone
225,2218,Koichi Nishida,US,8,5,1,25,True,False,Mega Absol Box,mega-absol-box,absol-mega|kangaskhan-mega
226,0871,Michael Zheng,US,8,5,1,25,True,False,Dragapult Dusknoir,dragapult-dusknoir,dragapult|dusknoir
227,1852,Camilo Chinchilla,US,8,5,1,25,True,False,Tera Box,tera-box,noctowl|ogerpon-wellspring
228,0350,Drew Allen,CA,8,5,1,25,True,False,Gholdengo Lunatone,gholdengo-lunatone,gholdengo|lunatone
229,1977,Anthony Loos,US,8,5,1,25,True,False,Gholdengo Lunatone,gholdengo-lunatone,gholdengo|lunatone
230,1284,Matthew DePonceau,US,8,5,1,25,True,False,Charizard Pidgeot,charizard-pidgeot,charizard|pidgeot
231,1408,Alexander Jury,US,8,5,1,25,True,False,Dragapult Dusknoir,dragapult-dusknoir,dragapult|dusknoir
232,2101,Shashi Naraine,CA,8,5,1,25,True,False,Gholdengo Lunatone,gholdengo-lunatone,gholdengo|lunatone
233,1689,Lee Bedrouni,US,7,3,4,25,True,False,Charizard Noctowl,charizard-noctowl,charizard|noctowl
234,0744,Sam Sullivan,US,8,5,1,25,True,False,Gholdengo Lunatone,gholdengo-lunatone,gholdengo|lunatone
235,1648,James Ryan De Vera,US,8,5,1,25,True,False,Greninja,greninja-ex,greninja
236,0919,Kabir Virji,CA,7,3,4,25,True,False,Gardevoir,gardevoir-ex-sv,gardevoir
237,0392,Kelvin Duong,CA,8,5,1,25,True,False,Iron Hands Magneton,iron-hands-magneton,iron-hands|magneton
238,1957,Anthony Zheng,US,7,3,4,25,True,False,Gholdengo Lunatone,gholdengo-lunatone,gholdengo|lunatone
239,0372,Conor Hannath,US,8,5,1,25,True,False,Charizard Noctowl,charizard-noctowl,charizard|noctowl
240,1714,Hunter Hawkins,US,8,5,1,25,True,False,Charizard Noctowl,charizard-noctowl,charizard|noctowl
241,1983,Elliott Ferschke,US,8,5,1,25,True,False,Gardevoir,gardevoir-ex-sv,gardevoir
242,0538,Christian Quaile,US,7,3,4,25,True,False,Crustle,crustle-dri,crustle
243,1768,Elias Photopoulos,US,8,5,1,25,True,False,Gholdengo Lunatone,gholdengo-lunatone,gholdengo|lunatone
244,1442,Martin Mendoza,US,8,5,1,25,True,False,Charizard Pidgeot,charizard-pidgeot,charizard|pidgeot
245,0672,Asher Donham,US,8,5,1,25,True,False,Charizard Noctowl,charizard-noctowl,charizard|noctowl
246,1488,Nathan Louie,CA,8,5,1,25,True,False,N's Zoroark,n-zoroark,zoroark
247,0638,Gilbert Juang Heng Chiang,CA,8,5,1,25,True,False,Grimmsnarl Froslass,grimmsnarl-froslass,grimmsnarl|froslass
248,1041,douglas dillin,US,8,5,1,25,True,False,Gholdengo Lunatone,gholdengo-lunatone,gholdengo|lunatone
249,2043,Victor Ly,US,8,5,1,25,True,False,Gholdengo Lunatone,gholdengo-lunatone,gholdengo|lunatone
250,1013,Jared Powell,US,8,5,1,25,True,False,Greninja,greninja-ex,greninja
251,0684,Alex Peters,CA,8,5,1,25,True,False,N's Zoroark,n-zoroark,zoroark
252,1820,Ethan Lin,US,8,5,1,25,True,False,Dragapult Dusknoir,dragapult-dusknoir,dragapult|dusknoir
253,0726,Tristan Tollefson,US,7,3,4,25,True,False,Charizard Noctowl,charizard-noctowl,charizard|noctowl
254,0400,Iris Carnelian,US,8,5,1,25,True,False,N's Zoroark,n-zoroark,zoroark
255,1873,Stephen Lowe,US,8,5,1,25,True,False,Kangaskhan Bouffalant,kangaskhan-bouffalant,kangaskhan-mega|bouffalant
256,1634,Nathan Sosa,US,8,5,1,25,True,False,Dragapult Dusknoir,dragapult-dusknoir,dragapult|dusknoir
257,2146,Eduardo Navarro,US,8,5,1,25,True,False,Gholdengo Lunatone,gholdengo-lunatone,gholdengo|lunatone
258,1631,Sam Rindal,US,8,5,1,25,True,False,Dragapult Dusknoir,dragapult-dusknoir,dragapult|dusknoir
259,0747,Enzo Perez,US,8,5,1,25,True,False,Dragapult Dusknoir,dragapult-dusknoir,dragapult|dusknoir
260,1739,John Kim,US,8,5,1,25,True,False,Gardevoir,gardevoir-ex-sv,gardevoir
261,0550,Fernando Guizar,US,7,4,3,24,True,False,Dragapult Charizard,dragapult-charizard,dragapult|charizard
262,1831,Joseph Hollin,UK,7,4,3,24,True,False,Gardevoir,gardevoir-ex-sv,gardevoir
263,2179,Landon Frank,US,7,4,3,24,True,False,Mega Absol Box,mega-absol-box,absol-mega|kangaskhan-mega
264,1267,Aiden Villegas,US,7,4,3,24,True,False,Dragapult Charizard,dragapult-charizard,dragapult|charizard
265,2209,Thomas Gherardi,US,8,6,0,24,True,False,Gholdengo Lunatone,gholdengo-lunatone,gholdengo|lunatone
266,0330,Jason Schelin,US,8,6,0,24,True,False,Gholdengo Lunatone,gholdengo-lunatone,gholdengo|lunatone
267,0941,Kevin Krueger,US,8,6,0,24,True,False,Gholdengo Lunatone,gholdengo-lunatone,gholdengo|lunatone
268,0101,Finn Schleusner,DE,7,4,3,24,True,False,Grimmsnarl Froslass,grimmsnarl-froslass,grimmsnarl|froslass
269,0282,Jason Tan,CA,7,4,3,24,True,False,Tera Box,tera-box,noctowl|ogerpon-wellspring
270,0937,Chase Winn-Kegley,US,7,4,3,24,True,False,Charizard Noctowl,charizard-noctowl,charizard|noctowl
271,0643,Yian Jiang,CN,7,4,3,24,True,False,Charizard Pidgeot,charizard-pidgeot,charizard|pidgeot
272,2031,Peyton Schutz,US,7,4,3,24,True,False,Gardevoir,gardevoir-ex-sv,gardevoir
273,1923,Andrew Gaona,US,7,4,3,24,True,False,Mega Absol Box,mega-absol-box,absol-mega|kangaskhan-mega
274,1421,Dylan Giroux,CA,7,4,3,24,True,False,Dragapult Dusknoir,dragapult-dusknoir,dragapult|dusknoir
275,0657,Ira Norwood,US,7,4,3,24,True,False,Pidgeot Control,pidgeot-control,pidgeot
276,0137,Edward Ha,US,7,4,3,24,True,False,Joltik Box,joltik-box,joltik|pikachu
277,0635,Sam Montgomery,US,7,4,3,24,True,False,Rocket's Spidops,rocket-spidops,spidops
278,0228,Stephanie Hou,US,7,4,3,24,True,False,Gardevoir,gardevoir-ex-sv,gardevoir
279,0505,Jackey Du,US,6,2,6,24,True,False,Gardevoir,gardevoir-ex-sv,gardevoir
280,2038,Nate Newton,US,7,4,3,24,True,False,Gardevoir Jellicent,gardevoir-jellicent,gardevoir|jellicent
281,0768,YOHEI WATAI,JP,7,4,3,24,True,False,Raging Bolt Ogerpon,raging-bolt-ogerpon,raging-bolt|ogerpon
282,2189,Eric Brodeur,US,8,6,0,24,True,False,Gardevoir,gardevoir-ex-sv,gardevoir
283,1171,Carson VonWeller,US,7,4,3,24,True,False,Charizard Pidgeot,charizard-pidgeot,charizard|pidgeot
284,1533,Tyler Wilson,US,7,4,3,24,True,False,Mega Absol Box,mega-absol-box,absol-mega|kangaskhan-mega
285,1948,Dominick Wintner,US,7,4,3,24,True,False,Mega Charizard X,mega-charizard-x-ex,charizard-mega-x
286,0434,Abraham Estrada,US,7,4,3,24,True,False,Grimmsnarl Froslass,grimmsnarl-froslass,grimmsnarl|froslass
287,0380,Joaquín Rico,US,8,6,0,24,True,False,Dragapult Dusknoir,dragapult-dusknoir,dragapult|dusknoir
288,1264,Haien Peng,CN,7,5,2,23,True,False,Gardevoir,gardevoir-ex-sv,gardevoir
289,1334,Tyler Loiseau,US,6,3,5,23,True,False,Gholdengo Lunatone,gholdengo-lunatone,gholdengo|lunatone
290,0507,Chad Beeton,US,6,3,5,23,True,False,Charizard Noctowl,charizard-noctowl,charizard|noctowl
291,1296,Mitch Hassler,US,7,5,2,23,True,False,Grimmsnarl Froslass,grimmsnarl-froslass,grimmsnarl|froslass
292,0557,Korzen Stanworth,US,6,3,5,23,True,False,Gholdengo Joltik Box,gholdengo-joltik-box,gholdengo|joltik
293,0602,James Clinton,US,7,5,2,23,True,False,Gholdengo Lunatone,gholdengo-lunatone,gholdengo|lunatone
294,2051,Kenneth Hung,CA,7,5,2,23,True,False,Dragapult Dusknoir,dragapult-dusknoir,dragapult|dusknoir
295,0057,Nicholas Marsh,US,7,5,2,23,True,False,Ceruledge,ceruledge-ex,ceruledge
296,0143,Antonio Anaya,US,7,5,2,23,True,False,Tera Box,tera-box,noctowl|ogerpon-wellspring
297,0664,Nicholas Yang,CA,7,5,2,23,True,False,Gholdengo Lunatone,gholdengo-lunatone,gholdengo|lunatone
298,0875,Valentino Hahn,US,7,5,2,23,True,False,Grimmsnarl Froslass,grimmsnarl-froslass,grimmsnarl|froslass
299,1479,Ryan Gifford,US,7,5,2,23,True,False,Raging Bolt Ogerpon,raging-bolt-ogerpon,raging-bolt|ogerpon
300,2010,Jorge Luis-Contreras,US,6,3,5,23,True,False,Mega Absol Box,mega-absol-box,absol-mega|kangaskhan-mega
301,1019,Gabriel Shih,US,6,3,5,23,True,False,Gardevoir,gardevoir-ex-sv,gardevoir
302,1915,Kristie Marquis,US,6,3,5,23,True,False,Dragapult Dusknoir,dragapult-dusknoir,dragapult|dusknoir
303,2212,Luke Alkire,US,7,5,2,23,True,False,Gholdengo Lunatone,gholdengo-lunatone,gholdengo|lunatone
304,1344,Kazu Okura,US,7,5,2,23,True,False,Charizard Pidgeot,charizard-pidgeot,charizard|pidgeot
305,0153,Christian Castillo,US,7,5,2,23,True,False,Mega Absol Box,mega-absol-box,absol-mega|kangaskhan-mega
306,0149,Greg Ordun,US,7,5,2,23,True,False,Raging Bolt Ogerpon,raging-bolt-ogerpon,raging-bolt|ogerpon
307,1238,Jordan Keeling,US,7,5,2,23,True,False,Gardevoir,gardevoir-ex-sv,gardevoir
308,1997,Carlos Moreno,US,7,5,2,23,True,False,Gholdengo Lunatone,gholdengo-lunatone,gholdengo|lunatone
309,1720,Chad James,US,7,5,2,23,True,False,N's Zoroark,n-zoroark,zoroark
310,2124,Andrew Corona,US,6,3,5,23,True,False,Gholdengo Lunatone,gholdengo-lunatone,gholdengo|lunatone
311,1976,Fausto Guerrero,MX,6,3,5,23,True,False,Ceruledge,ceruledge-ex,ceruledge
312,0065,Mitchell Sweaney,US,7,5,2,23,True,False,Gholdengo Lunatone,gholdengo-lunatone,gholdengo|lunatone
313,1612,Tarun Eisen,CA,7,5,2,23,True,False,Joltik Box,joltik-box,joltik|pikachu
314,1554,Andrew Choi,US,7,5,2,23,True,False,Grimmsnarl Froslass,grimmsnarl-froslass,grimmsnarl|froslass
315,1220,Alexei Garcia,US,7,5,2,23,True,False,Gardevoir,gardevoir-ex-sv,gardevoir
316,1788,Derek Warner,US,6,3,5,23,True,False,Mega Absol Box,mega-absol-box,absol-mega|kangaskhan-mega
317,1530,Erick Perez,US,7,5,2,23,True,False,Flareon Noctowl,flareon-noctowl,flareon|noctowl
318,1563,Jose Luis Sanchez,US,7,5,2,23,True,False,Espathra Froslass,espathra-froslass,espathra|froslass
319,0815,Anthony Geiger,US,7,6,1,22,True,False,Dragapult Dusknoir,dragapult-dusknoir,dragapult|dusknoir
320,1106,Jose de Jesus Rodriguez Rivas,US,7,6,1,22,True,False,Gholdengo Lunatone,gholdengo-lunatone,gholdengo|lunatone
321,0415,Ziyao Qu,US,7,6,1,22,True,False,Mega Absol Box,mega-absol-box,absol-mega|kangaskhan-mega
322,1718,Caleb Cox,US,7,6,1,22,True,False,Kangaskhan Bouffalant,kangaskhan-bouffalant,kangaskhan-mega|bouffalant
323,0205,Cesar Rodriguez,US,7,6,1,22,True,False,Charizard Noctowl,charizard-noctowl,charizard|noctowl
324,0720,Brandon Dean,US,7,6,1,22,True,False,N's Zoroark,n-zoroark,zoroark
325,1326,Shin Kojima,JP,7,6,1,22,True,False,Raging Bolt Ogerpon,raging-bolt-ogerpon,raging-bolt|ogerpon
326,1424,Max Wang,US,6,4,4,22,True,False,Dragapult Dusknoir,dragapult-dusknoir,dragapult|dusknoir
327,2151,Eduardo Castillo,US,7,6,1,22,True,False,Yanmega,yanmega-ex,yanmega
328,1005,Tyson Benham,US,6,4,4,22,True,False,Gardevoir,gardevoir-ex-sv,gardevoir
329,2016,Louis Brion,US,7,6,1,22,True,False,Gholdengo Lunatone,gholdengo-lunatone,gholdengo|lunatone
330,1764,Garrett Birken,US,7,6,1,22,True,False,Gardevoir,gardevoir-ex-sv,gardevoir
331,0909,Larry Cuate,US,7,6,1,22,True,False,Joltik Box,joltik-box,joltik|pikachu
332,0623,Carter Duong,US,7,6,1,22,True,False,Gardevoir,gardevoir-ex-sv,gardevoir
333,2078,Aidan Larsen,US,6,4,4,22,True,False,Gholdengo Lunatone,gholdengo-lunatone,gholdengo|lunatone
334,1478,Garet Atkins,US,6,4,4,22,True,False,Gholdengo Lunatone,gholdengo-lunatone,gholdengo|lunatone
335,1737,Tom Savady,US,7,6,1,22,True,False,Gholdengo Lunatone,gholdengo-lunatone,gholdengo|lunatone
336,1499,Guocong Yan,US,6,4,4,22,True,False,Gholdengo Lunatone,gholdengo-lunatone,gholdengo|lunatone
337,0610,Isaac Ye,US,7,6,1,22,True,False,N's Zoroark,n-zoroark,zoroark
338,0792,Adam Chois,US,7,6,1,22,True,False,Dragapult Dusknoir,dragapult-dusknoir,dragapult|dusknoir
339,2200,Edwin Miranda,US,6,4,4,22,True,False,Dragapult Charizard,dragapult-charizard,dragapult|charizard
340,0186,Vaughn Barnes,US,7,6,1,22,True,False,N's Zoroark,n-zoroark,zoroark
341,2217,Jayden Martin,US,7,6,1,22,True,False,Gardevoir Jellicent,gardevoir-jellicent,gardevoir|jellicent
342,0613,Payton Stay,US,7,6,1,22,True,False,Grimmsnarl Froslass,grimmsnarl-froslass,grimmsnarl|froslass
343,0614,Benjamin Martinez-Pimenta,CA,7,6,1,22,True,False,Dragapult Dusknoir,dragapult-dusknoir,dragapult|dusknoir
344,0341,Albert Centeno,US,7,6,1,22,True,False,N's Zoroark,n-zoroark,zoroark
345,0517,Jordan Dumlao,US,7,6,1,22,True,False,Tera Box,tera-box,noctowl|ogerpon-wellspring
346,0634,Jacob McCool,US,7,6,1,22,True,False,Dragapult Dusknoir,dragapult-dusknoir,dragapult|dusknoir
347,0861,Mika Nguyen,US,7,6,1,22,True,False,Gardevoir,gardevoir-ex-sv,gardevoir
348,0419,Anastazja Clappison,CA,7,6,1,22,True,False,Joltik Box,joltik-box,joltik|pikachu
349,1448,Justin Forney,US,7,6,1,22,True,False,Cynthia's Garchomp,cynthia-garchomp-ex,garchomp
350,1323,Martin Bantchev,US,7,6,1,22,True,False,Raging Bolt Ogerpon,raging-bolt-ogerpon,raging-bolt|ogerpon
351,0030,Jonathan Donham,US,7,6,1,22,True,False,Pidgeot Control,pidgeot-control,pidgeot
352,0219,Sean Endress,US,7,6,1,22,True,False,Alakazam Dudunsparce,alakazam-dudunsparce,alakazam|dudunsparce
353,1645,Luke Tully,US,7,6,1,22,True,False,Dragapult Dusknoir,dragapult-dusknoir,dragapult|dusknoir
354,1130,Jack Lor,US,7,6,1,22,True,False,Mega Absol Box,mega-absol-box,absol-mega|kangaskhan-mega
355,1231,Lucas Oldale,CA,6,4,4,22,True,False,Mega Absol Box,mega-absol-box,absol-mega|kangaskhan-mega
356,2032,Justin Nowowiejski,US,7,7,0,21,True,False,Dragapult Dusknoir,dragapult-dusknoir,dragapult|dusknoir
357,0180,JB Webley,US,6,5,3,21,True,False,Gardevoir,gardevoir-ex-sv,gardevoir
358,2132,Niko Dos Santos Mendoza Soto,MX,6,5,3,21,True,False,Gardevoir Jellicent,gardevoir-jellicent,gardevoir|jellicent
359,0164,Sam Tran,US,6,5,3,21,True,False,Mega Absol Box,mega-absol-box,absol-mega|kangaskhan-mega
360,0732,Waley Liu,US,7,6,0,21,True,False,Gholdengo Lunatone,gholdengo-lunatone,gholdengo|lunatone
361,0945,Jared Forsberg,US,6,5,3,21,True,False,Gholdengo Lunatone,gholdengo-lunatone,gholdengo|lunatone
362,0895,Evan Snyder,US,6,5,3,21,True,False,Gholdengo Lunatone,gholdengo-lunatone,gholdengo|lunatone
363,1878,Brandon King,US,6,5,3,21,True,False,Gholdengo Lunatone,gholdengo-lunatone,gholdengo|lunatone
364,0985,Tristan Nakatani,US,6,5,3,21,True,False,Dragapult Dusknoir,dragapult-dusknoir,dragapult|dusknoir
365,0245,Ivan Lu,US,6,5,3,21,True,False,Gholdengo Lunatone,gholdengo-lunatone,gholdengo|lunatone
366,0353,Zak Turchansky,CA,7,7,0,21,True,False,Gardevoir,gardevoir-ex-sv,gardevoir
367,1574,William Elias,US,6,5,3,21,True,False,Gardevoir,gardevoir-ex-sv,gardevoir
368,0706,Nelson Mustain,US,6,5,3,21,True,False,Gardevoir Jellicent,gardevoir-jellicent,gardevoir|jellicent
369,1834,Joshua Villanueva,US,6,5,3,21,True,False,N's Zoroark,n-zoroark,zoroark
370,1033,Riley Sadler,US,6,6,2,20,True,False,Gholdengo Lunatone,gholdengo-lunatone,gholdengo|lunatone
371,0213,Travis Owen,US,6,6,2,20,True,False,Grimmsnarl Froslass,grimmsnarl-froslass,grimmsnarl|froslass
372,0800,Landen Kaetler,CA,6,6,2,20,True,False,Mega Absol Box,mega-absol-box,absol-mega|kangaskhan-mega
373,0442,Eric Brooks,US,6,6,2,20,True,False,Mega Absol Box,mega-absol-box,absol-mega|kangaskhan-mega
374,2095,Colin Foley,US,6,5,2,20,True,False,Gardevoir,gardevoir-ex-sv,gardevoir
375,0831,Ryan Dingle,US,6,6,2,20,True,False,Alakazam Dudunsparce,alakazam-dudunsparce,alakazam|dudunsparce
376,0114,Justin Templer,US,6,4,2,20,True,False,Dragapult Dusknoir,dragapult-dusknoir,dragapult|dusknoir
377,2108,Joel Bergman,CA,6,6,2,20,True,False,Charizard Noctowl,charizard-noctowl,charizard|noctowl
378,1214,Sean Nathan,CA,6,6,2,20,True,False,Gholdengo Lunatone,gholdengo-lunatone,gholdengo|lunatone
379,1649,Richard Yannow,US,6,6,2,20,True,False,Gardevoir,gardevoir-ex-sv,gardevoir
380,0479,Thomas Dewsbury,US,5,5,4,19,True,False,N's Zoroark,n-zoroark,zoroark
381,1276,Adrian Lee,US,6,7,1,19,True,False,Raging Bolt Ogerpon,raging-bolt-ogerpon,raging-bolt|ogerpon
382,1908,Jonathan Arias,US,6,7,1,19,True,False,Gardevoir Jellicent,gardevoir-jellicent,gardevoir|jellicent
383,1147,Andreas Bugler,US,6,6,1,19,True,False,Charizard Noctowl,charizard-noctowl,charizard|noctowl
384,2053,William Simpson,US,5,5,4,19,True,False,Dragapult Dusknoir,dragapult-dusknoir,dragapult|dusknoir
385,1280,Jonathan Hill,US,6,7,1,19,True,False,Greninja,greninja-ex,greninja
386,1403,Buckley Van,US,6,6,1,19,True,False,N's Zoroark,n-zoroark,zoroark
387,0177,Christopher Prozeralik,US,6,7,1,19,True,False,Gardevoir Jellicent,gardevoir-jellicent,gardevoir|jellicent
388,2116,Shion Sasaki,CA,6,7,1,19,True,False,Flareon Noctowl,flareon-noctowl,flareon|noctowl
389,1549,Daniel Abramovici,BR,5,5,4,19,True,False,Gardevoir Jellicent,gardevoir-jellicent,gardevoir|jellicent
390,0894,Leslie Jones,US,6,7,1,19,True,False,Mega Absol Box,mega-absol-box,absol-mega|kangaskhan-mega
391,2201,Gavin Deuel,US,6,7,1,19,True,False,Gholdengo Lunatone,gholdengo-lunatone,gholdengo|lunatone
392,0325,David Edelson,US,6,5,1,19,True,False,Raging Bolt Ogerpon,raging-bolt-ogerpon,raging-bolt|ogerpon
393,1111,Derek Stinton,US,6,7,1,19,True,False,Dragapult Charizard,dragapult-charizard,dragapult|charizard
394,1930,Nathan Coish,CA,6,7,1,19,True,False,Gholdengo Joltik Box,gholdengo-joltik-box,gholdengo|joltik
395,0723,Kiernan Wagner,US,5,5,4,19,True,False,Gardevoir,gardevoir-ex-sv,gardevoir
396,1266,Michael Perez,US,6,7,1,19,True,False,Gardevoir,gardevoir-ex-sv,gardevoir
397,1107,Harry Li,US,6,7,1,19,True,False,Mega Absol Box,mega-absol-box,absol-mega|kangaskhan-mega
398,1124,Ting Gu,US,5,6,3,18,True,False,Gardevoir Jellicent,gardevoir-jellicent,gardevoir|jellicent
399,1755,Yelena Slobard,US,5,2,3,18,True,False,Raging Bolt Ogerpon,raging-bolt-ogerpon,raging-bolt|ogerpon
400,0113,Casey Katsouris,US,6,8,0,18,True,False,Mega Absol Box,mega-absol-box,absol-mega|kangaskhan-mega
401,2076,William Heffernan,US,5,2,3,18,True,False,Pidgeot Control,pidgeot-control,pidgeot
402,1070,Allen Van,US,5,3,2,17,True,False,Gholdengo Lunatone,gholdengo-lunatone,gholdengo|lunatone
403,1137,Collin edwards,US,5,7,2,17,True,False,Raging Bolt Ogerpon,raging-bolt-ogerpon,raging-bolt|ogerpon
404,1724,Julien Yung,US,5,3,2,17,True,False,Dragapult Dusknoir,dragapult-dusknoir,dragapult|dusknoir
405,1659,Kyle Warden,US,5,5,2,17,True,False,Charizard Pidgeot,charizard-pidgeot,charizard|pidgeot
406,1584,Chris Franco,US,5,4,1,16,True,False,Gardevoir,gardevoir-ex-sv,gardevoir
407,1909,Finnegan McVicar,US,5,7,1,16,True,False,Ho-Oh Armarouge,ho-oh-armarouge,ho-oh|armarouge
408,0095,Nathan Schaal,US,5,4,1,16,True,False,Dragapult Dusknoir,dragapult-dusknoir,dragapult|dusknoir
409,0050,Rayden Murata,US,5,4,1,16,True,False,Mega Absol Box,mega-absol-box,absol-mega|kangaskhan-mega
410,0648,Caleb Hathorn,US,5,8,1,16,True,False,Gardevoir Jellicent,gardevoir-jellicent,gardevoir|jellicent
411,0390,Yunhe Wang,US,5,4,1,16,True,False,Mega Absol Box,mega-absol-box,absol-mega|kangaskhan-mega
412,1783,Clarence Chen,US,5,4,1,16,True,False,Mega Absol Box,mega-absol-box,absol-mega|kangaskhan-mega
413,1707,Thinh Tong,US,5,4,1,16,True,False,Mega Absol Box,mega-absol-box,absol-mega|kangaskhan-mega
414,0501,Cadon Romero,US,5,3,0,15,False,False,Grimmsnarl Froslass,grimmsnarl-froslass,grimmsnarl|froslass
415,0625,Piper Visser,US,5,3,0,15,False,False,Charizard Pidgeot,charizard-pidgeot,charizard|pidgeot
416,0040,Andrew Kennett,US,5,3,0,15,False,False,Flareon Noctowl,flareon-noctowl,flareon|noctowl
417,1644,Benjamin Chang,US,4,1,3,15,False,False,Gardevoir Jellicent,gardevoir-jellicent,gardevoir|jellicent
418,1009,John Healey IV,US,5,3,0,15,False,False,N's Zoroark,n-zoroark,zoroark
419,0111,Krystal Florendo,CA,5,3,0,15,False,False,Raging Bolt Ogerpon,raging-bolt-ogerpon,raging-bolt|ogerpon
420,2178,Alex Johnston-Thomas,US,5,3,0,15,False,False,Raging Bolt Ogerpon,raging-bolt-ogerpon,raging-bolt|ogerpon
421,0034,Calvin Walker,US,4,1,3,15,False,False,Charizard Noctowl,charizard-noctowl,charizard|noctowl
422,1362,Erik Johnson,US,5,3,0,15,False,False,N's Zoroark,n-zoroark,zoroark
423,1372,Juan Tapia,US,5,3,0,15,False,False,Charizard Noctowl,charizard-noctowl,charizard|noctowl
424,2027,Alexander LaRoche,US,4,1,3,15,False,False,Gholdengo Lunatone,gholdengo-lunatone,gholdengo|lunatone
425,1437,Simon Copenhaver,US,5,3,0,15,False,False,Mega Absol Box,mega-absol-box,absol-mega|kangaskhan-mega
426,0231,Aidan McFarland,US,5,3,0,15,False,False,Tera Box,tera-box,noctowl|ogerpon-wellspring
427,1004,Wyatt Lightfoot,CA,5,3,0,15,False,False,Flareon Noctowl,flareon-noctowl,flareon|noctowl
428,1935,Leonardo Guevarra,CA,5,3,0,15,False,False,Alakazam Dudunsparce,alakazam-dudunsparce,alakazam|dudunsparce
429,1108,Omar Quezada,US,5,3,0,15,False,False,Gholdengo Lunatone,gholdengo-lunatone,gholdengo|lunatone
430,0812,Joseph Tajaran,US,4,1,3,15,False,False,Gardevoir,gardevoir-ex-sv,gardevoir
431,0731,Richard Anderson,US,5,3,0,15,False,False,Charizard Noctowl,charizard-noctowl,charizard|noctowl
432,0486,Nathan Barker,US,5,3,0,15,False,False,Dragapult Dusknoir,dragapult-dusknoir,dragapult|dusknoir
433,1361,Asher Johnson,US,5,3,0,15,False,False,Gardevoir,gardevoir-ex-sv,gardevoir
434,0314,Nathan Powell,US,5,3,0,15,False,False,Raging Bolt Ogerpon,raging-bolt-ogerpon,raging-bolt|ogerpon
435,1067,Benjamin Anders,US,5,3,0,15,False,False,Dragapult Charizard,dragapult-charizard,dragapult|charizard
436,1329,Jose Marrero,US,5,3,0,15,False,False,Alakazam Dudunsparce,alakazam-dudunsparce,alakazam|dudunsparce
437,1640,David Li,US,5,3,0,15,False,False,Gholdengo Lunatone,gholdengo-lunatone,gholdengo|lunatone
438,0310,Vahagn Movsisyan,US,5,3,0,15,False,False,Joltik Box,joltik-box,joltik|pikachu
439,0962,ANDREW GANTNER,US,5,3,0,15,False,False,Charizard Noctowl,charizard-noctowl,charizard|noctowl
440,1132,Daniel Miu,US,4,1,3,15,False,False,Gholdengo Lunatone,gholdengo-lunatone,gholdengo|lunatone
441,0775,Junior Chala,US,5,3,0,15,False,False,Dragapult Dusknoir,dragapult-dusknoir,dragapult|dusknoir
442,1145,Cameron Kawasaki,US,4,1,3,15,False,False,Gardevoir,gardevoir-ex-sv,gardevoir
443,0237,Brandon Vo,US,5,3,0,15,False,False,Dragapult Dusknoir,dragapult-dusknoir,dragapult|dusknoir
444,1459,Henry Simmons,US,5,3,0,15,False,False,Raging Bolt Ogerpon,raging-bolt-ogerpon,raging-bolt|ogerpon
445,0506,Tom Hellkamp,US,5,3,0,15,False,False,Ceruledge,ceruledge-ex,ceruledge
446,2055,Emmett Pennington-Guthrie,US,5,3,0,15,False,False,Gardevoir,gardevoir-ex-sv,gardevoir
447,2127,Michael Sourial,US,5,3,0,15,False,False,Dragapult Dusknoir,dragapult-dusknoir,dragapult|dusknoir
448,0958,Charlie Lockyer,US,5,3,0,15,False,False,Crustle,crustle-dri,crustle
449,2223,Tanner Mason,US,5,3,0,15,False,False,Gardevoir,gardevoir-ex-sv,gardevoir
450,1978,Sadie Greenberg,US,5,3,0,15,False,False,Kangaskhan Bouffalant,kangaskhan-bouffalant,kangaskhan-mega|bouffalant
451,2213,Vyn Porath,,5,3,0,15,False,False,unknown,?,
452,1507,Jason Kim,US,5,3,0,15,False,False,Dragapult Dusknoir,dragapult-dusknoir,dragapult|dusknoir
453,1138,Emir Diaz,US,5,3,0,15,False,False,Dragapult Dusknoir,dragapult-dusknoir,dragapult|dusknoir
454,2097,Adam Wittman,US,5,3,0,15,False,False,Charizard Noctowl,charizard-noctowl,charizard|noctowl
455,0629,Allyson Llacuna,US,5,3,0,15,False,False,Chien-Pao Baxcalibur,chien-pao-baxcalibur,chien-pao|baxcalibur
456,1752,Garrett Dukes,US,5,3,0,15,False,False,Dragapult Dusknoir,dragapult-dusknoir,dragapult|dusknoir
457,0933,Kurtis Roy,US,5,3,0,15,False,False,Kangaskhan Bouffalant,kangaskhan-bouffalant,kangaskhan-mega|bouffalant
458,0176,Jonathan Xu,US,5,3,0,15,False,False,Charizard Noctowl,charizard-noctowl,charizard|noctowl
459,0358,Jonathan Lucas,US,4,1,3,15,False,False,Gardevoir,gardevoir-ex-sv,gardevoir
460,1784,Max DaSilva,US,5,3,0,15,False,False,Mega Absol Box,mega-absol-box,absol-mega|kangaskhan-mega
461,1074,Van Ong,US,5,3,0,15,False,False,Raging Bolt Ogerpon,raging-bolt-ogerpon,raging-bolt|ogerpon
462,1559,Jack Difino,US,5,3,0,15,False,False,Flareon Noctowl,flareon-noctowl,flareon|noctowl
463,1368,Anthony Winks,US,5,3,0,15,False,False,Dragapult Charizard,dragapult-charizard,dragapult|charizard
464,1251,Logan Wynes,US,5,3,0,15,False,False,Froslass Munkidori,froslass-munkidori,froslass|munkidori
465,0344,Alex Kostiuk,US,5,3,0,15,False,False,Dragapult Dusknoir,dragapult-dusknoir,dragapult|dusknoir
466,1375,Luwan Caride,US,5,3,0,15,False,False,Gholdengo Lunatone,gholdengo-lunatone,gholdengo|lunatone
467,1381,Jackson Beard,US,5,3,0,15,False,False,Crustle,crustle-dri,crustle
468,1517,Marcus Gebhardt,US,5,3,0,15,False,False,Gholdengo Lunatone,gholdengo-lunatone,gholdengo|lunatone
469,0867,Andrew Wang,US,5,3,0,15,False,False,Dragapult Charizard,dragapult-charizard,dragapult|charizard
470,0604,Robert Adams,US,5,3,0,15,False,False,Raging Bolt Ogerpon,raging-bolt-ogerpon,raging-bolt|ogerpon
471,0992,Julian Gort-Barry,CA,5,3,0,15,False,False,Mega Absol Box,mega-absol-box,absol-mega|kangaskhan-mega
472,1495,Bulin Zheng,US,5,3,0,15,False,False,Mega Absol Box,mega-absol-box,absol-mega|kangaskhan-mega
473,0448,Evan Guerrero,US,5,3,0,15,False,False,Mega Absol Box,mega-absol-box,absol-mega|kangaskhan-mega
474,1825,Harsha Bandi,US,5,3,0,15,False,False,Dragapult Dusknoir,dragapult-dusknoir,dragapult|dusknoir
475,0449,Franco Takahashi,US,5,3,0,15,False,False,Mega Absol Box,mega-absol-box,absol-mega|kangaskhan-mega
476,0061,Logan Hendrickson,US,5,3,0,15,False,False,Dragapult Dusknoir,dragapult-dusknoir,dragapult|dusknoir
477,1194,Davin Erickson,US,5,3,0,15,False,False,Greninja,greninja-ex,greninja
478,0993,Zachary Wozolek,US,5,3,0,15,False,False,Gholdengo Lunatone,gholdengo-lunatone,gholdengo|lunatone
479,0478,Jonathan Tang,US,4,1,3,15,False,False,Gholdengo Lunatone,gholdengo-lunatone,gholdengo|lunatone
480,0472,Michael Formanek,US,5,3,0,15,False,False,Mega Absol Box,mega-absol-box,absol-mega|kangaskhan-mega
481,1429,Kyle Pyykkonen,US,5,3,0,15,False,False,Dragapult Dusknoir,dragapult-dusknoir,dragapult|dusknoir
482,1289,Dylan Richmond,US,5,3,0,15,False,False,Raging Bolt Ogerpon,raging-bolt-ogerpon,raging-bolt|ogerpon
483,0367,Cameron Shenoy,US,5,3,0,15,False,False,Dragapult Dusknoir,dragapult-dusknoir,dragapult|dusknoir
484,0445,Jacob Stock,US,5,3,0,15,False,False,Dragapult Dusknoir,dragapult-dusknoir,dragapult|dusknoir
485,1174,Andy Patria,US,5,3,0,15,False,False,Cynthia's Garchomp,cynthia-garchomp-ex,garchomp
486,1859,Kenneth Gilman,US,4,1,3,15,False,False,Raging Bolt Ogerpon,raging-bolt-ogerpon,raging-bolt|ogerpon
487,0075,Christopher Kim,US,5,3,0,15,False,False,Slowking,slowking-scr,slowking
488,2048,Cody Hope,US,5,3,0,15,False,False,Raging Bolt Ogerpon,raging-bolt-ogerpon,raging-bolt|ogerpon
489,1701,Gabriel Smart,US,5,3,0,15,False,False,Mega Absol Box,mega-absol-box,absol-mega|kangaskhan-mega
490,0156,Peter Dang,US,5,3,0,15,False,False,Dragapult Dusknoir,dragapult-dusknoir,dragapult|dusknoir
491,1409,Jordan Scott,US,5,3,0,15,False,False,Charizard Pidgeot,charizard-pidgeot,charizard|pidgeot
492,0898,Miguel Alejandro Hernandez Garcia,MX,5,3,0,15,False,False,Ceruledge,ceruledge-ex,ceruledge
493,1684,Ricardo Martinez,US,5,3,0,15,False,False,Gholdengo Lunatone,gholdengo-lunatone,gholdengo|lunatone
494,1583,Larry Myers,US,5,3,0,15,False,False,Dragapult Dusknoir,dragapult-dusknoir,dragapult|dusknoir
495,1585,Brandon Tran,US,5,3,0,15,False,False,Charizard Noctowl,charizard-noctowl,charizard|noctowl
496,1850,David Veronica,US,5,3,0,15,False,False,Charizard Noctowl,charizard-noctowl,charizard|noctowl
497,1504,Justin Bramlett,US,5,3,0,15,False,False,Lopunny Dusknoir,lopunny-dusknoir,lopunny-mega|dusknoir
498,0013,Jansen Mettao,US,5,3,0,15,False,False,Joltik Box,joltik-box,joltik|pikachu
499,0971,Jose Avila,US,5,3,0,15,False,False,Gardevoir,gardevoir-ex-sv,gardevoir
500,0274,Braeden Valdivia,US,5,3,0,15,False,False,Lucario Hariyama,lucario-hariyama,lucario-mega|hariyama
501,0512,Andrew Mintz,US,4,2,2,14,False,False,Gholdengo Lunatone,gholdengo-lunatone,gholdengo|lunatone
502,0002,Blake Underhill,US,4,2,2,14,False,False,Gardevoir Jellicent,gardevoir-jellicent,gardevoir|jellicent
503,1034,Steven Ip,US,4,2,2,14,False,False,Mega Absol Box,mega-absol-box,absol-mega|kangaskhan-mega
504,1109,Conan Craig,US,4,2,2,14,False,False,Dragapult Dusknoir,dragapult-dusknoir,dragapult|dusknoir
505,1777,Thien Nguyen,US,4,2,2,14,False,False,Gardevoir,gardevoir-ex-sv,gardevoir
506,0056,Zak Braun,US,4,2,2,14,False,False,Mega Absol Box,mega-absol-box,absol-mega|kangaskhan-mega
507,1385,Andrew Pan,US,4,2,2,14,False,False,Mega Absol Box,mega-absol-box,absol-mega|kangaskhan-mega
508,0803,Andrew Piro,US,4,2,2,14,False,False,N's Zoroark,n-zoroark,zoroark
509,1536,Kristopher Chaudouet,CA,4,2,2,14,False,False,Grimmsnarl Froslass,grimmsnarl-froslass,grimmsnarl|froslass
510,0462,Seth Emmanuel Suarez,US,4,2,2,14,False,False,Grimmsnarl Froslass,grimmsnarl-froslass,grimmsnarl|froslass
511,1166,Marc Perry,US,4,2,2,14,False,False,Mega Absol Box,mega-absol-box,absol-mega|kangaskhan-mega
512,0965,Caleb Rogerson,US,4,2,2,14,False,False,Gardevoir,gardevoir-ex-sv,gardevoir
,0148,Aaron Nikolai,US,4,2,2,14,False,False,Dragapult Charizard,dragapult-charizard,dragapult|charizard
,1364,Aaron Tirona,US,4,2,2,14,False,False,Grimmsnarl Froslass,grimmsnarl-froslass,grimmsnarl|froslass
,0185,Aaron Walker,US,4,2,2,14,False,False,Gardevoir,gardevoir-ex-sv,gardevoir
,0693,Addie Ward,US,4,2,2,14,False,False,Grimmsnarl Froslass,grimmsnarl-froslass,grimmsnarl|froslass
,0916,Albert Hernandez,US,4,2,2,14,False,False,Dragapult Charizard,dragapult-charizard,dragapult|charizard
,0206,Andrew John,US,4,2,2,14,False,False,Joltik Box,joltik-box,joltik|pikachu
,1351,Ankit Kulshrestha,US,4,2,2,14,False,False,Charizard Noctowl,charizard-noctowl,charizard|noctowl
,2041,Antonio Castillo,US,4,2,2,14,False,False,Gholdengo Lunatone,gholdengo-lunatone,gholdengo|lunatone
,0060,Austin Ditschun,CA,4,2,2,14,False,False,Gardevoir,gardevoir-ex-sv,gardevoir
,1116,Benjamin Nackman,US,4,2,2,14,False,False,Gardevoir,gardevoir-ex-sv,gardevoir
,1379,Billy Dayton,US,4,2,2,14,False,False,Raging Bolt Ogerpon,raging-bolt-ogerpon,raging-bolt|ogerpon
,0361,Blake Zeller,US,4,2,2,14,False,False,Joltik Box,joltik-box,joltik|pikachu
,1934,Boston Moreland,US,4,2,2,14,False,False,Kangaskhan Bouffalant,kangaskhan-bouffalant,kangaskhan-mega|bouffalant
,0896,Brennen Boldt,US,4,2,2,14,False,False,Lopunny Dusknoir,lopunny-dusknoir,lopunny-mega|dusknoir
,0271,Calvin Xia,US,4,2,2,14,False,False,Gardevoir,gardevoir-ex-sv,gardevoir
,2082,Carlos Andrade,US,4,2,2,14,False,False,Dragapult Dusknoir,dragapult-dusknoir,dragapult|dusknoir
,1658,Carsen Thompson,US,4,2,2,14,False,False,Dragapult Dusknoir,dragapult-dusknoir,dragapult|dusknoir
,0980,Cedric Holland,US,4,2,2,14,False,False,Gholdengo Lunatone,gholdengo-lunatone,gholdengo|lunatone
,1888,Chad Dobbs,US,4,2,2,14,False,False,Charizard Pidgeot,charizard-pidgeot,charizard|pidgeot
,1668,Charles Holland,US,4,2,2,14,False,False,Charizard Noctowl,charizard-noctowl,charizard|noctowl
,0214,Chris Morello,CA,4,2,2,14,False,False,Charizard Noctowl,charizard-noctowl,charizard|noctowl
,1823,Christian Stadler,US,4,2,2,14,False,False,Mega Absol Box,mega-absol-box,absol-mega|kangaskhan-mega
,1163,Cory Dea,US,4,2,2,14,False,False,Charizard Pidgeot,charizard-pidgeot,charizard|pidgeot
,0829,Dalten Cross,US,4,2,2,14,False,False,Grimmsnarl Froslass,grimmsnarl-froslass,grimmsnarl|froslass
,0987,Daniel Leon,US,4,2,2,14,False,False,Mega Absol Box,mega-absol-box,absol-mega|kangaskhan-mega
,1884,Darrion Baladad,US,4,2,2,14,False,False,Ceruledge,ceruledge-ex,ceruledge
,1114,Donovan Yarbrough,US,4,2,2,14,False,False,Mega Absol Box,mega-absol-box,absol-mega|kangaskhan-mega
,2140,Elias Leung,CA,4,2,2,14,False,False,Charizard Noctowl,charizard-noctowl,charizard|noctowl
,0008,Ellen Ethridge,US,4,2,2,14,False,False,Dragapult Dusknoir,dragapult-dusknoir,dragapult|dusknoir
,1971,Emmanuel Vega,US,4,2,2,14,False,False,Dragapult Charizard,dragapult-charizard,dragapult|charizard
,1088,Ethan Ragadio,US,4,2,2,14,False,False,Gardevoir,gardevoir-ex-sv,gardevoir
,0306,Evan Michelsen,US,4,2,2,14,False,False,Mega Absol Box,mega-absol-box,absol-mega|kangaskhan-mega
,1089,Evelyn Estridge,US,4,2,2,14,False,False,Charizard Pidgeot,charizard-pidgeot,charizard|pidgeot
,1141,Franco Fortin,US,4,2,2,14,False,False,Charizard Noctowl,charizard-noctowl,charizard|noctowl
,2188,Geneses InkCognito Pabuna,CA,4,2,2,14,False,False,Charizard Noctowl,charizard-noctowl,charizard|noctowl
,0963,Holly Sturm,US,4,2,2,14,False,False,Gardevoir,gardevoir-ex-sv,gardevoir
,1332,Ian Frost,US,4,2,2,14,False,False,Gardevoir,gardevoir-ex-sv,gardevoir
,1945,Jacob Mendez,US,4,2,2,14,False,False,Mega Absol Box,mega-absol-box,absol-mega|kangaskhan-mega
,0521,Jason Lee,US,4,2,2,14,False,False,Gardevoir Jellicent,gardevoir-jellicent,gardevoir|jellicent
,0519,Jeremy Castro,US,4,2,2,14,False,False,Gardevoir,gardevoir-ex-sv,gardevoir
,0524,Jinwoo Kim,US,4,2,2,14,False,False,Mega Absol Box,mega-absol-box,absol-mega|kangaskhan-mega
,0646,John Dinh,US,4,2,2,14,False,False,N's Zoroark,n-zoroark,zoroark
,0825,Jonah Colin,US,4,2,2,14,False,False,Grimmsnarl Froslass,grimmsnarl-froslass,grimmsnarl|froslass
,1901,Josef Somers,US,4,2,2,14,False,False,Alakazam Dudunsparce,alakazam-dudunsparce,alakazam|dudunsparce
,0710,Justin Tew,US,4,2,2,14,False,False,Gholdengo Lunatone,gholdengo-lunatone,gholdengo|lunatone
,1637,Kip Farrell,US,4,2,2,14,False,False,Kangaskhan Bouffalant,kangaskhan-bouffalant,kangaskhan-mega|bouffalant
,0246,Michael Cacilhas,US,4,2,2,14,False,False,Grimmsnarl Froslass,grimmsnarl-froslass,grimmsnarl|froslass
,0059,Michael Johnson,US,4,2,2,14,False,False,Gholdengo Lunatone,gholdengo-lunatone,gholdengo|lunatone
,0456,Nolan O'Brien,CA,4,2,2,14,False,False,N's Zoroark,n-zoroark,zoroark
,1230,Ryan Morales,US,4,2,2,14,False,False,Grimmsnarl Froslass,grimmsnarl-froslass,grimmsnarl|froslass
,0551,Samuel Lopez,US,4,2,2,14,False,False,Joltik Box,joltik-box,joltik|pikachu
,1832,Shayne Marquez,US,4,2,2,14,False,False,Gholdengo Lunatone,gholdengo-lunatone,gholdengo|lunatone
,1126,Shinnosuke Komiya,US,4,2,2,14,False,False,Mega Absol Box,mega-absol-box,absol-mega|kangaskhan-mega
,1516,Simon van Galen,US,4,2,2,14,False,False,Gholdengo Lunatone,gholdengo-lunatone,gholdengo|lunatone
,0264,Thomas Sugimoto,US,4,2,2,14,False,False,Grimmsnarl Froslass,grimmsnarl-froslass,grimmsnarl|froslass
,1967,Zach Silinskas,US,4,2,2,14,False,False,Mega Absol Box,mega-absol-box,absol-mega|kangaskhan-mega
,1579,Zack Takeshita,US,4,2,2,14,False,False,Gardevoir,gardevoir-ex-sv,gardevoir
,0873,AJ Ortiz,US,4,3,1,13,False,False,Gholdengo Lunatone,gholdengo-lunatone,gholdengo|lunatone
,0094,Aaron Castle,CA,4,3,1,13,False,False,Mega Absol Box,mega-absol-box,absol-mega|kangaskhan-mega
,0533,Aaron Friedman,US,3,1,4,13,False,False,Mega Absol Box,mega-absol-box,absol-mega|kangaskhan-mega
,1091,Achilles Reyes,US,4,3,1,13,False,False,Mega Venusaur,mega-venusaur-ex,venusaur-mega
,1870,Adam Weiss,US,4,3,1,13,False,False,Dragapult Dusknoir,dragapult-dusknoir,dragapult|dusknoir
,0421,Adam Welly,US,4,3,1,13,False,False,Gholdengo Lunatone,gholdengo-lunatone,gholdengo|lunatone
,0559,Adrian Peneyra,US,4,3,1,13,False,False,Grimmsnarl Froslass,grimmsnarl-froslass,grimmsnarl|froslass
,0287,Ajay Sridhar,US,4,3,1,13,False,False,Mega Absol Box,mega-absol-box,absol-mega|kangaskhan-mega
,1354,Albert Yeung,US,4,3,1,13,False,False,Gardevoir,gardevoir-ex-sv,gardevoir
,1073,Alejandro Torres,US,4,3,1,13,False,False,Mega Absol Box,mega-absol-box,absol-mega|kangaskhan-mega
,0900,Alex Chang,US,4,3,1,13,False,False,Gardevoir Jellicent,gardevoir-jellicent,gardevoir|jellicent
,1944,Alex Clark,US,4,3,1,13,False,False,Gholdengo,gholdengo-ex,gholdengo
,0809,Alex D’Angelo,US,4,3,1,13,False,False,Charizard Noctowl,charizard-noctowl,charizard|noctowl
,1586,Alex Espinosa,US,4,3,1,13,False,False,Mega Absol Box,mega-absol-box,absol-mega|kangaskhan-mega
,1929,Alex Ivanov,US,4,3,1,13,False,False,Crustle,crustle-dri,crustle
,0337,Alex Rodriguez,US,4,3,1,13,False,False,Mega Absol Box,mega-absol-box,absol-mega|kangaskhan-mega
,0491,Alex Wenceslao,US,4,3,1,13,False,False,Dragapult Dusknoir,dragapult-dusknoir,dragapult|dusknoir
,1544,Alfredo Luna,US,4,3,1,13,False,False,Dragapult Charizard,dragapult-charizard,dragapult|charizard
,0324,Amber Wong,US,4,3,1,13,False,False,N's Zoroark,n-zoroark,zoroark
,1120,Anderson Lukits,CA,4,3,1,13,False,False,Charizard Noctowl,charizard-noctowl,charizard|noctowl
,0184,Andrew Phung,US,4,3,1,13,False,False,Slowking,slowking-scr,slowking
,1829,Andrew Scott,US,4,3,1,13,False,False,Dragapult Dusknoir,dragapult-dusknoir,dragapult|dusknoir
,1732,Andrew Varenhorst,US,4,3,1,13,False,False,Tera Box,tera-box,noctowl|ogerpon-wellspring
,0104,Anthony Mamakos,US,4,3,1,13,False,False,Dragapult Dusknoir,dragapult-dusknoir,dragapult|dusknoir
,1395,Ashton Perry,US,4,3,1,13,False,False,Mega Absol Box,mega-absol-box,absol-mega|kangaskhan-mega
,2196,Avery Yaroch,US,4,3,1,13,False,False,Mega Venusaur,mega-venusaur-ex,venusaur-mega
,1872,Ben Dobberstein,US,4,3,1,13,False,False,Gholdengo Lunatone,gholdengo-lunatone,gholdengo|lunatone
,0947,Benjamin Wilhelm,US,4,3,1,13,False,False,Grimmsnarl Froslass,grimmsnarl-froslass,grimmsnarl|froslass
,1104,Bertini Nguyen,US,4,3,1,13,False,False,Gholdengo Lunatone,gholdengo-lunatone,gholdengo|lunatone
,1828,Brad Critchley,CA,4,3,1,13,False,False,Charizard Noctowl,charizard-noctowl,charizard|noctowl
,0016,Brady Barnes,US,4,3,1,13,False,False,Alakazam Dudunsparce,alakazam-dudunsparce,alakazam|dudunsparce
,1966,Brayden Hu,CA,4,3,1,13,False,False,Gardevoir,gardevoir-ex-sv,gardevoir
,0890,Brendan Currier,US,4,3,1,13,False,False,Gardevoir,gardevoir-ex-sv,gardevoir
,0842,Brian Jimenez,US,4,3,1,13,False,False,Charizard Noctowl,charizard-noctowl,charizard|noctowl
,0763,Brian Vo,US,4,3,1,13,False,False,Dragapult Dusknoir,dragapult-dusknoir,dragapult|dusknoir
,0589,Broden Lujan,US,4,3,1,13,False,False,Grimmsnarl Froslass,grimmsnarl-froslass,grimmsnarl|froslass
,1192,Bryan chong,US,4,3,1,13,False,False,Raging Bolt Ogerpon,raging-bolt-ogerpon,raging-bolt|ogerpon
,0964,Caleb Edkins,US,4,3,1,13,False,False,Dragapult Dusknoir,dragapult-dusknoir,dragapult|dusknoir
,0106,Calvin Connor,US,4,3,1,13,False,False,Gardevoir Jellicent,gardevoir-jellicent,gardevoir|jellicent
,0436,Casey Staten,US,4,3,1,13,False,False,Gholdengo Lunatone,gholdengo-lunatone,gholdengo|lunatone
,1794,Chance Rosales,US,4,3,1,13,False,False,Raging Bolt Ogerpon,raging-bolt-ogerpon,raging-bolt|ogerpon
,0139,Chen Jiang,CA,4,3,1,13,False,False,Grimmsnarl Froslass,grimmsnarl-froslass,grimmsnarl|froslass
,0978,Chris Brewer,US,4,3,1,13,False,False,Gardevoir,gardevoir-ex-sv,gardevoir
,0897,Chris Stotts,US,4,3,1,13,False,False,Gardevoir,gardevoir-ex-sv,gardevoir
,0556,Christian LaBella,CA,4,3,1,13,False,False,N's Zoroark,n-zoroark,zoroark
,1286,Christopher Yang,US,4,3,1,13,False,False,Charizard Noctowl,charizard-noctowl,charizard|noctowl
,1871,Cody LaCoursiere,US,4,3,1,13,False,False,Gholdengo Lunatone,gholdengo-lunatone,gholdengo|lunatone
,0989,Cody Roulette,CA,4,3,1,13,False,False,Other,other,substitute
,1715,Colin Ferguson,US,4,3,1,13,False,False,Gholdengo Lunatone,gholdengo-lunatone,gholdengo|lunatone
,1775,Colin Melvin,US,4,3,1,13,False,False,Dragapult Dusknoir,dragapult-dusknoir,dragapult|dusknoir
,2096,Collin Staggs,US,4,3,1,13,False,False,Gholdengo Lunatone,gholdengo-lunatone,gholdengo|lunatone
,1731,Dakota Sharp,US,4,3,1,13,False,False,Mega Absol Box,mega-absol-box,absol-mega|kangaskhan-mega
,2145,Damon Koford,US,4,3,1,13,False,False,Raging Bolt Ogerpon,raging-bolt-ogerpon,raging-bolt|ogerpon
,0041,Daniel Acevedo-Moreno,US,4,3,1,13,False,False,Grimmsnarl Froslass,grimmsnarl-froslass,grimmsnarl|froslass
,2176,Daniel Brunner,US,4,3,1,13,False,False,Greninja,greninja-ex,greninja
,0386,Daniel Gurrieri,US,4,3,1,13,False,False,Gholdengo Lunatone,gholdengo-lunatone,gholdengo|lunatone
,1815,Daniel Karpman,US,4,3,1,13,False,False,Dragapult Dusknoir,dragapult-dusknoir,dragapult|dusknoir
,2119,Daniel Pacheco,US,4,3,1,13,False,False,Charizard Pidgeot,charizard-pidgeot,charizard|pidgeot
,0735,Daniel Pedersen,US,4,3,1,13,False,False,Gholdengo Lunatone,gholdengo-lunatone,gholdengo|lunatone
,0170,Darian Cosico-Tran,US,4,3,1,13,False,False,Charizard Pidgeot,charizard-pidgeot,charizard|pidgeot
,0891,Darian Nex,CA,4,3,1,13,False,False,Alakazam Dudunsparce,alakazam-dudunsparce,alakazam|dudunsparce
,1848,Dario Trevino,US,4,3,1,13,False,False,Gardevoir Jellicent,gardevoir-jellicent,gardevoir|jellicent
,1741,David Zheng,US,4,3,1,13,False,False,Charizard Pidgeot,charizard-pidgeot,charizard|pidgeot
,0322,Declan Brennan,US,4,3,1,13,False,False,Dragapult Dusknoir,dragapult-dusknoir,dragapult|dusknoir
,1688,Deidre Higareda,US,3,1,4,13,False,False,Charizard Noctowl,charizard-noctowl,charizard|noctowl
,1513,Dexter Siberell,US,4,3,1,13,False,False,Gholdengo Lunatone,gholdengo-lunatone,gholdengo|lunatone
,1053,Dom Palombi,US,4,3,1,13,False,False,Gholdengo Joltik Box,gholdengo-joltik-box,gholdengo|joltik
,0814,Donny Nguyen,US,3,1,4,13,False,False,Mega Absol Box,mega-absol-box,absol-mega|kangaskhan-mega
,2025,Drexel Grate,US,4,3,1,13,False,False,Froslass Munkidori,froslass-munkidori,froslass|munkidori
,1103,Dylan Vaughan,CA,4,3,1,13,False,False,Kangaskhan Bouffalant,kangaskhan-bouffalant,kangaskhan-mega|bouffalant
,0115,Eli Grove,US,4,3,1,13,False,False,Dragapult Dusknoir,dragapult-dusknoir,dragapult|dusknoir
,0834,Eli Sang,US,4,3,1,13,False,False,Slowking,slowking-scr,slowking
,2013,Eric Francis,US,4,3,1,13,False,False,Gardevoir,gardevoir-ex-sv,gardevoir
,0047,Ethan Chapman,US,4,3,1,13,False,False,Dragapult Dusknoir,dragapult-dusknoir,dragapult|dusknoir
,0668,Evan Kirkpatrick,US,4,3,1,13,False,False,Gholdengo Lunatone,gholdengo-lunatone,gholdengo|lunatone
,1474,Evan Miller,US,4,3,1,13,False,False,Alakazam,alakazam-meg,alakazam
,0055,Evelyn Perez,US,4,3,1,13,False,False,Other,other,substitute
,0758,Felix Bernales,MX,4,3,1,13,False,False,Alakazam,alakazam-meg,alakazam
,1417,Fernando Daniel Barrera,US,4,3,1,13,False,False,Dragapult Dusknoir,dragapult-dusknoir,dragapult|dusknoir
,0783,George Deri,US,4,3,1,13,False,False,Gardevoir Jellicent,gardevoir-jellicent,gardevoir|jellicent
,0852,Hector Villanueva,US,4,3,1,13,False,False,Gardevoir,gardevoir-ex-sv,gardevoir
,1136,Isaac Haas,US,4,3,1,13,False,False,N's Zoroark,n-zoroark,zoroark
,2033,Isaac Leiva,US,4,3,1,13,False,False,Festival Lead,festival-lead,dipplin|thwackey
,0654,Isaac Starr,US,4,3,1,13,False,False,Grimmsnarl Froslass,grimmsnarl-froslass,grimmsnarl|froslass
,1342,JASON NGUYEN,US,4,3,1,13,False,False,Charizard Pidgeot,charizard-pidgeot,charizard|pidgeot
,2002,Jack Hoyle,US,4,3,1,13,False,False,Lopunny Dusknoir,lopunny-dusknoir,lopunny-mega|dusknoir
,0793,Jack Lea,US,4,3,1,13,False,False,Gardevoir,gardevoir-ex-sv,gardevoir
,1846,Jacob Holland,US,4,3,1,13,False,False,Gardevoir,gardevoir-ex-sv,gardevoir
,0869,Jaime Garcia,CA,4,3,1,13,False,False,Gardevoir Jellicent,gardevoir-jellicent,gardevoir|jellicent
,0911,Jake Palmas,US,4,3,1,13,False,False,Palafin,palafin-ex,palafin-hero
,2003,James Sisniegas,US,4,3,1,13,False,False,Charizard Noctowl,charizard-noctowl,charizard|noctowl
,0261,Jared De Guzman,CA,4,3,1,13,False,False,Grimmsnarl Froslass,grimmsnarl-froslass,grimmsnarl|froslass
,0969,Jarren Santos,US,4,3,1,13,False,False,Raging Bolt Ogerpon,raging-bolt-ogerpon,raging-bolt|ogerpon
,1093,Jess Gatto,US,4,3,1,13,False,False,Ceruledge,ceruledge-ex,ceruledge
,0440,Jess Lam,US,4,3,1,13,False,False,Cynthia's Garchomp,cynthia-garchomp-ex,garchomp
,1401,Jesse Espinoza,US,4,3,1,13,False,False,Mega Absol Box,mega-absol-box,absol-mega|kangaskhan-mega
,0242,Joaquin Gadian,US,4,3,1,13,False,False,Charizard Pidgeot,charizard-pidgeot,charizard|pidgeot
,1883,Joe Camacho,US,4,3,1,13,False,False,Mega Lucario,mega-lucario-ex,lucario-mega
,0714,Joel Contreras,US,4,3,1,13,False,False,Dragapult Dusknoir,dragapult-dusknoir,dragapult|dusknoir
,1919,John Ayers-Mann,US,4,3,1,13,False,False,Gholdengo Lunatone,gholdengo-lunatone,gholdengo|lunatone
,0752,John Eyman,US,4,3,1,13,False,False,Ceruledge,ceruledge-ex,ceruledge
,1598,John Pisaneschi,US,4,3,1,13,False,False,Iron Thorns Crustle,iron-thorns-crustle,iron-thorns|crustle
,2021,Johnny Hernandez,US,4,3,1,13,False,False,Raging Bolt Ogerpon,raging-bolt-ogerpon,raging-bolt|ogerpon
,1553,Jon Nguyen,US,4,3,1,13,False,False,Crustle,crustle-dri,crustle
,1001,Jonathan Kent,US,4,3,1,13,False,False,Mega Absol Box,mega-absol-box,absol-mega|kangaskhan-mega
,1298,Jonathan Yang,CA,4,3,1,13,False,False,Dragapult Charizard,dragapult-charizard,dragapult|charizard
,0103,Jordan Carillon,US,4,3,1,13,False,False,Froslass Munkidori,froslass-munkidori,froslass|munkidori
,0316,Jorge Rios Sarabia,US,4,3,1,13,False,False,Gardevoir,gardevoir-ex-sv,gardevoir
,1943,Jose Lopez,US,4,3,1,13,False,False,Kangaskhan Bouffalant,kangaskhan-bouffalant,kangaskhan-mega|bouffalant
,0369,Jose Luis Vazquez,US,4,3,1,13,False,False,Mega Absol Box,mega-absol-box,absol-mega|kangaskhan-mega
,0340,Jose Torres,US,4,3,1,13,False,False,Ceruledge,ceruledge-ex,ceruledge
,1681,Joshua Gossett,US,4,3,1,13,False,False,Raging Bolt Ogerpon,raging-bolt-ogerpon,raging-bolt|ogerpon
,0357,Jovelyn Marinas,US,4,3,1,13,False,False,Lopunny Dusknoir,lopunny-dusknoir,lopunny-mega|dusknoir
,0278,Juan Pablo Gaitan Torrente,CO,3,1,4,13,False,False,N's Zoroark,n-zoroark,zoroark
,1956,Juniemar Paa,CA,4,3,1,13,False,False,Flareon Noctowl,flareon-noctowl,flareon|noctowl
,2081,Justin Flanagan,US,4,3,1,13,False,False,Ceruledge,ceruledge-ex,ceruledge
,0653,Justin Gutzwa,US,4,3,1,13,False,False,Lopunny Dusknoir,lopunny-dusknoir,lopunny-mega|dusknoir
,1186,KC Larranaga,US,4,3,1,13,False,False,Gholdengo Lunatone,gholdengo-lunatone,gholdengo|lunatone
,1221,Katelin Pawela,US,4,3,1,13,False,False,Gardevoir Jellicent,gardevoir-jellicent,gardevoir|jellicent
,0850,Ken duong,US,4,3,1,13,False,False,Charizard Pidgeot,charizard-pidgeot,charizard|pidgeot
,1881,Kenji Ramsell,US,4,3,1,13,False,False,Alakazam Dudunsparce,alakazam-dudunsparce,alakazam|dudunsparce
,1059,Kenny Packala,US,4,3,1,13,False,False,Mega Absol Box,mega-absol-box,absol-mega|kangaskhan-mega
,0666,Kevin Catapang,US,4,3,1,13,False,False,Raging Bolt,raging-bolt-ex,raging-bolt
,1615,Kevin Endrijaitis,US,3,1,4,13,False,False,Mega Absol Box,mega-absol-box,absol-mega|kangaskhan-mega
,0379,Kevin Kim,US,4,3,1,13,False,False,Raging Bolt Ogerpon,raging-bolt-ogerpon,raging-bolt|ogerpon
,1318,Kevin Wu,US,4,3,1,13,False,False,Gholdengo Lunatone,gholdengo-lunatone,gholdengo|lunatone
,0983,Khein Xiong,US,4,3,1,13,False,False,Ceruledge,ceruledge-ex,ceruledge
,1769,Khoa Tong,US,4,3,1,13,False,False,Gardevoir Jellicent,gardevoir-jellicent,gardevoir|jellicent
,0129,Kyle Lince,US,4,3,1,13,False,False,Grimmsnarl Froslass,grimmsnarl-froslass,grimmsnarl|froslass
,0957,Liam Balash,US,4,3,1,13,False,False,Mega Absol Box,mega-absol-box,absol-mega|kangaskhan-mega
,2040,Liam Hunt,US,4,3,1,13,False,False,Dragapult Dusknoir,dragapult-dusknoir,dragapult|dusknoir
,1452,Luis Enrique Vela,US,4,3,1,13,False,False,Gardevoir,gardevoir-ex-sv,gardevoir
,1225,Luke Cardin,US,4,3,1,13,False,False,Raging Bolt Ogerpon,raging-bolt-ogerpon,raging-bolt|ogerpon
,0480,Luke Harvey,US,4,3,1,13,False,False,Gholdengo Lunatone,gholdengo-lunatone,gholdengo|lunatone
,0284,Luke Snyder,US,4,3,1,13,False,False,Grimmsnarl Froslass,grimmsnarl-froslass,grimmsnarl|froslass
,1435,Makoto Gamblin,US,4,3,1,13,False,False,Joltik Box,joltik-box,joltik|pikachu
,1932,Marcelino Briseno,MX,4,3,1,13,False,False,Charizard Noctowl,charizard-noctowl,charizard|noctowl
,0724,Mario Martinez,US,4,3,1,13,False,False,Dragapult Dusknoir,dragapult-dusknoir,dragapult|dusknoir
,0641,Marvin Lu Banzon,CA,4,3,1,13,False,False,Grimmsnarl Froslass,grimmsnarl-froslass,grimmsnarl|froslass
,0121,Mason Liu,US,4,3,1,13,False,False,Raging Bolt Ogerpon,raging-bolt-ogerpon,raging-bolt|ogerpon
,1973,Matt Bacnis,US,4,3,1,13,False,False,Charizard Pidgeot,charizard-pidgeot,charizard|pidgeot
,0717,Matthew Lu,US,4,3,1,13,False,False,Mega Absol Box,mega-absol-box,absol-mega|kangaskhan-mega
,1575,Matthew Ruiz,US,4,3,1,13,False,False,Mega Absol Box,mega-absol-box,absol-mega|kangaskhan-mega
,0366,Maurino Lopez,US,4,3,1,13,False,False,Charizard Pidgeot,charizard-pidgeot,charizard|pidgeot
,1262,Max Simeone,US,4,3,1,13,False,False,Grimmsnarl Froslass,grimmsnarl-froslass,grimmsnarl|froslass
,2018,Max Thomas,US,4,3,1,13,False,False,Gholdengo Lunatone,gholdengo-lunatone,gholdengo|lunatone
,0737,Maxwell Johnson,US,4,3,1,13,False,False,Ceruledge,ceruledge-ex,ceruledge
,1203,Micah Goldfarb,US,4,3,1,13,False,False,Kangaskhan Bouffalant,kangaskhan-bouffalant,kangaskhan-mega|bouffalant
,0847,Micah Nambo,US,4,3,1,13,False,False,Dragapult Charizard,dragapult-charizard,dragapult|charizard
,1566,Michael Greer,US,4,3,1,13,False,False,Rocket's Spidops,rocket-spidops,spidops
,0182,Michael Mok,US,4,3,1,13,False,False,Iron Hands Magneton,iron-hands-magneton,iron-hands|magneton
,0528,Michael Nguyen,US,4,3,1,13,False,False,N's Zoroark,n-zoroark,zoroark
,1387,Michael Outler,US,4,3,1,13,False,False,Gardevoir,gardevoir-ex-sv,gardevoir
,1922,Mike Lentini,US,4,3,1,13,False,False,Charizard Noctowl,charizard-noctowl,charizard|noctowl
,0695,Millan Patel,US,4,3,1,13,False,False,Gardevoir,gardevoir-ex-sv,gardevoir
,1833,Mohammad Hussien,US,4,3,1,13,False,False,Gholdengo Lunatone,gholdengo-lunatone,gholdengo|lunatone
,1628,Nathan Gomez,US,3,1,4,13,False,False,Gardevoir Jellicent,gardevoir-jellicent,gardevoir|jellicent
,0469,Nathan Lowrey,US,4,3,1,13,False,False,Mega Absol Box,mega-absol-box,absol-mega|kangaskhan-mega
,0868,Nicholas Delaplane,US,4,3,1,13,False,False,Dragapult Dusknoir,dragapult-dusknoir,dragapult|dusknoir
,1042,Nicholas Derry,US,4,3,1,13,False,False,Alakazam Dudunsparce,alakazam-dudunsparce,alakazam|dudunsparce
,1941,Nick WAGNER,US,4,3,1,13,False,False,Gholdengo Lunatone,gholdengo-lunatone,gholdengo|lunatone
,1761,Noah Delmundo,CA,4,3,1,13,False,False,Gholdengo Lunatone,gholdengo-lunatone,gholdengo|lunatone
,1167,Paige Farnworth,US,4,3,1,13,False,False,Hydrapple Ogerpon,hydrapple-ogerpon,hydrapple|ogerpon
,1434,Parker Rabago,US,4,3,1,13,False,False,Gardevoir Jellicent,gardevoir-jellicent,gardevoir|jellicent
,0676,Patrick Keim,US,4,3,1,13,False,False,Ursaluna Lunatone,ursaluna-lunatone,ursaluna-bloodmoon|lunatone
,1087,Patrick Liddy,US,4,3,1,13,False,False,Charizard Noctowl,charizard-noctowl,charizard|noctowl
,1151,Patrick Zhu,CA,4,3,1,13,False,False,Grimmsnarl Froslass,grimmsnarl-froslass,grimmsnarl|froslass
,0611,Paul Nann,US,4,3,1,13,False,False,Crustle,crustle-dri,crustle
,1953,Peter Loi,CA,4,3,1,13,False,False,Gholdengo,gholdengo-ex,gholdengo
,1781,Peyton Bauermeister,US,4,3,1,13,False,False,Charizard Noctowl,charizard-noctowl,charizard|noctowl
,1713,Philip Seong,CA,4,3,1,13,False,False,Gholdengo Lunatone,gholdengo-lunatone,gholdengo|lunatone
,1568,Quetzal Castaneda,US,4,3,1,13,False,False,Mega Absol Box,mega-absol-box,absol-mega|kangaskhan-mega
,1639,Quinn Butterworth,CA,4,3,1,13,False,False,Mega Absol Box,mega-absol-box,absol-mega|kangaskhan-mega
,0808,Rajveer Singh,US,4,3,1,13,False,False,Grimmsnarl Froslass,grimmsnarl-froslass,grimmsnarl|froslass
,1127,Reef Lechuga,US,4,3,1,13,False,False,N's Zoroark,n-zoroark,zoroark
,0475,Richard Cornwall,US,4,3,1,13,False,False,Grimmsnarl Froslass,grimmsnarl-froslass,grimmsnarl|froslass
,2204,Rio Orton,US,4,3,1,13,False,False,Alakazam Dudunsparce,alakazam-dudunsparce,alakazam|dudunsparce
,1173,Roan Hannagan,US,4,3,1,13,False,False,Gardevoir,gardevoir-ex-sv,gardevoir
,0778,Rolando Flores Estrada,US,4,3,1,13,False,False,Gardevoir,gardevoir-ex-sv,gardevoir
,0596,Ryan Harris,US,4,3,1,13,False,False,Charizard Noctowl,charizard-noctowl,charizard|noctowl
,0459,Ryan McCormack,US,4,3,1,13,False,False,Gholdengo Lunatone,gholdengo-lunatone,gholdengo|lunatone
,1555,Ryan Radius,US,4,3,1,13,False,False,Gardevoir,gardevoir-ex-sv,gardevoir
,0301,Ryan Tagawa,US,4,3,1,13,False,False,Charizard Noctowl,charizard-noctowl,charizard|noctowl
,1780,SAMSON LI,CA,4,3,1,13,False,False,Dragapult Dusknoir,dragapult-dusknoir,dragapult|dusknoir
,1791,Samuel Norris,US,4,3,1,13,False,False,Mega Absol Box,mega-absol-box,absol-mega|kangaskhan-mega
,0288,Samuel Skaaland,US,4,3,1,13,False,False,Gholdengo Lunatone,gholdengo-lunatone,gholdengo|lunatone
,0893,Seamus McVicar,US,4,3,1,13,False,False,Gholdengo Lunatone,gholdengo-lunatone,gholdengo|lunatone
,1891,Seinosuke Shambare,US,4,3,1,13,False,False,Gardevoir,gardevoir-ex-sv,gardevoir
,1847,Shelby Juno,US,4,3,1,13,False,False,Charizard Pidgeot,charizard-pidgeot,charizard|pidgeot
,2059,Skylar Dalby,US,4,3,1,13,False,False,Kangaskhan Bouffalant,kangaskhan-bouffalant,kangaskhan-mega|bouffalant
,1716,Spencer Beckmann,US,3,1,4,13,False,False,Gholdengo Lunatone,gholdengo-lunatone,gholdengo|lunatone
,1885,Stefan Tabaco,US,4,3,1,13,False,False,Gardevoir,gardevoir-ex-sv,gardevoir
,0562,Teddy Nguyen,US,4,3,1,13,False,False,Mega Absol Box,mega-absol-box,absol-mega|kangaskhan-mega
,1506,Thompson Nelson,CA,4,3,1,13,False,False,Gholdengo Lunatone,gholdengo-lunatone,gholdengo|lunatone
,1651,Tianen Li,US,4,3,1,13,False,False,Dragapult Dusknoir,dragapult-dusknoir,dragapult|dusknoir
,0818,Timothy Beach,US,4,3,1,13,False,False,roaring-moon,?roaring-moon,roaring-moon
,0307,Titus Wu,US,4,3,1,13,False,False,Gardevoir Jellicent,gardevoir-jellicent,gardevoir|jellicent
,0587,Tristan Rubin,US,4,3,1,13,False,False,Gholdengo Lunatone,gholdengo-lunatone,gholdengo|lunatone
,0854,Tyler Kramer,US,4,3,1,13,False,False,N's Zoroark,n-zoroark,zoroark
,1546,Ulysses Espinoza,US,3,1,4,13,False,False,Gardevoir,gardevoir-ex-sv,gardevoir
,0031,Vallery Lancey,US,4,3,1,13,False,False,Dragapult Dusknoir,dragapult-dusknoir,dragapult|dusknoir
,1618,Vincent Geiger,US,4,3,1,13,False,False,Gardevoir Jellicent,gardevoir-jellicent,gardevoir|jellicent
,0697,William Li,US,4,3,1,13,False,False,Raging Bolt,raging-bolt-ex,raging-bolt
,0640,Willow Vitton,US,4,3,1,13,False,False,Gardevoir,gardevoir-ex-sv,gardevoir
,1494,Wyatt Palguta,US,4,3,1,13,False,False,Crustle,crustle-dri,crustle
,1706,Ya Heng Tai,US,4,3,1,13,False,False,Gardevoir,gardevoir-ex-sv,gardevoir
,0451,Yang-hua Chu,US,4,3,1,13,False,False,Charizard Noctowl,charizard-noctowl,charizard|noctowl
,1213,Yasiel Ramos,US,3,1,4,13,False,False,Raging Bolt Ogerpon,raging-bolt-ogerpon,raging-bolt|ogerpon
,0397,Yizhi Ren,US,4,3,1,13,False,False,Mega Absol Box,mega-absol-box,absol-mega|kangaskhan-mega
,0860,Zach Negomir,US,4,3,1,13,False,False,Charizard Pidgeot,charizard-pidgeot,charizard|pidgeot
,0079,Zachary Windsor,US,4,3,1,13,False,False,Grimmsnarl Froslass,grimmsnarl-froslass,grimmsnarl|froslass
,1239,ryan gerhart,US,4,3,1,13,False,False,Gardevoir,gardevoir-ex-sv,gardevoir
,1508,Aaron Galvan,US,4,4,0,12,False,False,Mega Absol Box,mega-absol-box,absol-mega|kangaskhan-mega
,1121,Aaron Grant,US,4,4,0,12,False,False,Dragapult Dusknoir,dragapult-dusknoir,dragapult|dusknoir
,0351,Adrian Anino,CA,4,4,0,12,False,False,Joltik Box,joltik-box,joltik|pikachu
,0846,Alejandro Marroquin,US,3,2,3,12,False,False,Charizard Noctowl,charizard-noctowl,charizard|noctowl
,1090,Alex Ho,US,3,2,3,12,False,False,Charizard Noctowl,charizard-noctowl,charizard|noctowl
,1500,Alex Meeks,US,3,2,3,12,False,False,Gholdengo Lunatone,gholdengo-lunatone,gholdengo|lunatone
,1693,Alex Tan,US,4,4,0,12,False,False,Gholdengo Lunatone,gholdengo-lunatone,gholdengo|lunatone
,0561,Alex Ulman,US,4,4,0,12,False,False,N's Zoroark,n-zoroark,zoroark
,1063,Ameson Battle,US,3,2,3,12,False,False,Dragapult Dusknoir,dragapult-dusknoir,dragapult|dusknoir
,1233,Amy Jones,US,4,4,0,12,False,False,Alakazam Dudunsparce,alakazam-dudunsparce,alakazam|dudunsparce
,0025,Andrew James Whitcomb,US,4,4,0,12,False,False,Slowking,slowking-scr,slowking
,1981,Andrew Martin,US,4,3,0,12,False,False,Charizard Noctowl,charizard-noctowl,charizard|noctowl
,0766,Andrew Stupey,US,4,4,0,12,False,False,Dragapult Dusknoir,dragapult-dusknoir,dragapult|dusknoir
,1594,Anthony Farrow,CA,4,4,0,12,False,False,Charizard Noctowl,charizard-noctowl,charizard|noctowl
,0739,Anthony Rispoli,US,4,3,0,12,False,False,Dragapult Dusknoir,dragapult-dusknoir,dragapult|dusknoir
,1809,Anthony Saso,US,4,4,0,12,False,False,Gholdengo Lunatone,gholdengo-lunatone,gholdengo|lunatone
,1880,Antonio Diianni,US,4,4,0,12,False,False,Charizard Noctowl,charizard-noctowl,charizard|noctowl
,0574,Asher Campbell,US,4,4,0,12,False,False,Alakazam Dudunsparce,alakazam-dudunsparce,alakazam|dudunsparce
,0981,Austin Stamegna,US,4,4,0,12,False,False,Dragapult Charizard,dragapult-charizard,dragapult|charizard
,2052,Ben Sofer,US,4,4,0,12,False,False,Hydreigon,hydreigon-ex,hydreigon
,1694,Benjamin Witzke,US,3,2,3,12,False,False,N's Zoroark,n-zoroark,zoroark
,1200,Bradley Philip,CA,4,3,0,12,False,False,Alakazam Dudunsparce,alakazam-dudunsparce,alakazam|dudunsparce
,0586,Bryan Raganot,US,4,4,0,12,False,False,Archaludon,archaludon-ex,archaludon
,1119,Callie Moore,CA,4,4,0,12,False,False,Dragapult Dusknoir,dragapult-dusknoir,dragapult|dusknoir
,0802,Carlos Vasquez,US,4,4,0,12,False,False,Gardevoir,gardevoir-ex-sv,gardevoir
,2155,Chey Bocanegra,US,4,4,0,12,False,False,Grimmsnarl Froslass,grimmsnarl-froslass,grimmsnarl|froslass
,1748,Christian Steury,US,4,4,0,12,False,False,Dragapult Dusknoir,dragapult-dusknoir,dragapult|dusknoir
,0078,Christopher Butler,US,3,2,3,12,False,False,Gardevoir,gardevoir-ex-sv,gardevoir
,0858,Christopher Sdao,CA,4,4,0,12,False,False,Grimmsnarl Froslass,grimmsnarl-froslass,grimmsnarl|froslass
,0725,Claire Sturm,AU,3,2,3,12,False,False,Mega Absol Box,mega-absol-box,absol-mega|kangaskhan-mega
,1767,Cody Graham,US,4,4,0,12,False,False,Ceruledge,ceruledge-ex,ceruledge
,0632,Colin Coelho,US,3,2,3,12,False,False,N's Zoroark,n-zoroark,zoroark
,0377,Colin hruska,US,4,4,0,12,False,False,Grimmsnarl Froslass,grimmsnarl-froslass,grimmsnarl|froslass
,2056,Cristian Rivera Nales,US,4,4,0,12,False,False,Joltik Box,joltik-box,joltik|pikachu
,0687,Daniel Eremeyeff,US,4,3,0,12,False,False,Mega Absol Box,mega-absol-box,absol-mega|kangaskhan-mega
,0509,Daniel Rosas,US,4,3,0,12,False,False,Grimmsnarl Froslass,grimmsnarl-froslass,grimmsnarl|froslass
,1621,Danny Greer,US,4,3,0,12,False,False,Raging Bolt Ogerpon,raging-bolt-ogerpon,raging-bolt|ogerpon
,1466,Darwin Phu,US,4,3,0,12,False,False,N's Zoroark,n-zoroark,zoroark
,1939,David Cohen,US,4,3,0,12,False,False,Gholdengo Lunatone,gholdengo-lunatone,gholdengo|lunatone
,0771,David Patti,US,4,3,0,12,False,False,Dragapult Dusknoir,dragapult-dusknoir,dragapult|dusknoir
,0923,Denise Ng,CA,3,2,3,12,False,False,Raging Bolt Ogerpon,raging-bolt-ogerpon,raging-bolt|ogerpon
,1422,Denny Hoyle,US,4,4,0,12,False,False,Lopunny Dusknoir,lopunny-dusknoir,lopunny-mega|dusknoir
,1510,Diego Elias,US,3,2,3,12,False,False,Dragapult Dusknoir,dragapult-dusknoir,dragapult|dusknoir
,0207,Diego Gonzalez,US,4,4,0,12,False,False,Gardevoir,gardevoir-ex-sv,gardevoir
,2167,Dominic Venezian,US,4,4,0,12,False,False,Dragapult Dusknoir,dragapult-dusknoir,dragapult|dusknoir
,2036,Dragos Dragnea,CA,4,4,0,12,False,False,Dragapult Dusknoir,dragapult-dusknoir,dragapult|dusknoir
,1445,Emmanuel Juarez-Salinas,US,4,4,0,12,False,False,Dragapult Dusknoir,dragapult-dusknoir,dragapult|dusknoir
,1620,Eric Balderama,US,4,4,0,12,False,False,Archaludon,archaludon-ex,archaludon
,1685,Eric Ladouceur,US,4,4,0,12,False,False,Gholdengo Lunatone,gholdengo-lunatone,gholdengo|lunatone
,1438,Eric Liu,US,3,2,3,12,False,False,Gardevoir,gardevoir-ex-sv,gardevoir
,0667,Ethan Voelker,US,3,2,3,12,False,False,Dragapult Charizard,dragapult-charizard,dragapult|charizard
,1655,Evan Malone,US,4,4,0,12,False,False,Kangaskhan Bouffalant,kangaskhan-bouffalant,kangaskhan-mega|bouffalant
,1867,Francesco Cullotta,US,4,4,0,12,False,False,Cynthia's Garchomp,cynthia-garchomp-ex,garchomp
,1038,Frank Medaris,US,4,4,0,12,False,False,Kangaskhan Bouffalant,kangaskhan-bouffalant,kangaskhan-mega|bouffalant
,0190,Gabriel da Rocha Simmons,US,4,3,0,12,False,False,N's Zoroark,n-zoroark,zoroark
,2090,Gabrielle Nygaard,US,4,4,0,12,False,False,Ceruledge,ceruledge-ex,ceruledge
,1057,Garik Smith-Manchip,CA,4,4,0,12,False,False,Gholdengo Lunatone,gholdengo-lunatone,gholdengo|lunatone
,0046,Gibson Boyer,US,4,3,0,12,False,False,Dragapult Dusknoir,dragapult-dusknoir,dragapult|dusknoir
,0126,Gregory Playter,US,4,3,0,12,False,False,Dragapult Dusknoir,dragapult-dusknoir,dragapult|dusknoir
,1619,Harrison Adler,US,3,2,3,12,False,False,Dragapult Charizard,dragapult-charizard,dragapult|charizard
,1727,Harrison Frazier,US,4,4,0,12,False,False,Gholdengo Lunatone,gholdengo-lunatone,gholdengo|lunatone
,1176,Harrison Lee,US,4,4,0,12,False,False,Gholdengo Lunatone,gholdengo-lunatone,gholdengo|lunatone
,1056,Hawken Berg,US,4,4,0,12,False,False,Joltik Box,joltik-box,joltik|pikachu
,2020,Henry Chao,US,4,3,0,12,False,False,Gardevoir,gardevoir-ex-sv,gardevoir
,0609,Immanuel Victor,US,4,4,0,12,False,False,Dragapult Dusknoir,dragapult-dusknoir,dragapult|dusknoir
,1894,Isaac Burrows,US,4,4,0,12,False,False,Tera Box,tera-box,noctowl|ogerpon-wellspring
,1254,Jack Chen,US,4,3,0,12,False,False,Iron Hands Magneton,iron-hands-magneton,iron-hands|magneton
,1400,Jacob Ochsankehl,US,4,4,0,12,False,False,Tera Box,tera-box,noctowl|ogerpon-wellspring
,1346,Jacob Pellizzon,CA,3,2,3,12,False,False,Dragapult Dusknoir,dragapult-dusknoir,dragapult|dusknoir
,1224,Jacob Smith,US,4,4,0,12,False,False,N's Zoroark,n-zoroark,zoroark
,0663,James Balasiak,CA,4,4,0,12,False,False,Gholdengo Lunatone,gholdengo-lunatone,gholdengo|lunatone
,1353,James Morris,US,4,1,0,12,False,False,unknown,?,
,1750,Jason Rodriguez,US,3,2,3,12,False,False,Dragapult Dusknoir,dragapult-dusknoir,dragapult|dusknoir
,2070,Jason Rupert,US,3,2,3,12,False,False,Gardevoir,gardevoir-ex-sv,gardevoir
,1793,Jeremy Dizon,US,3,2,3,12,False,False,N's Zoroark,n-zoroark,zoroark
,0901,Jim Rodriguez,US,3,2,3,12,False,False,Dragapult Charizard,dragapult-charizard,dragapult|charizard
,0498,Joaquin Martinez,US,4,4,0,12,False,False,Dragapult Charizard,dragapult-charizard,dragapult|charizard
,0902,Joey Woodward,US,4,4,0,12,False,False,Dragapult Dusknoir,dragapult-dusknoir,dragapult|dusknoir
,1386,Johnny Berg,US,3,2,3,12,False,False,N's Zoroark,n-zoroark,zoroark
,1656,Jon Bieligk,US,4,4,0,12,False,False,Dragapult Dusknoir,dragapult-dusknoir,dragapult|dusknoir
,0769,Joseph Burzynski,US,4,4,0,12,False,False,Grimmsnarl Froslass,grimmsnarl-froslass,grimmsnarl|froslass
,1954,Joshua Lin,US,4,4,0,12,False,False,Dragapult Charizard,dragapult-charizard,dragapult|charizard
,1288,Joshua Wu,US,3,2,3,12,False,False,Grimmsnarl Froslass,grimmsnarl-froslass,grimmsnarl|froslass
,0630,Juan Carlos Faustino,CA,3,2,3,12,False,False,Charizard Noctowl,charizard-noctowl,charizard|noctowl
,1198,Juan Flores,US,4,4,0,12,False,False,Mega Absol Box,mega-absol-box,absol-mega|kangaskhan-mega
,0265,Juan Maldonado,US,4,3,0,12,False,False,Gardevoir,gardevoir-ex-sv,gardevoir
,1577,Juan Mora,US,4,4,0,12,False,False,Charizard Noctowl,charizard-noctowl,charizard|noctowl
,0495,Justin Howard,US,3,2,3,12,False,False,Gholdengo Lunatone,gholdengo-lunatone,gholdengo|lunatone
,0560,Juston Havemann,US,4,4,0,12,False,False,Gholdengo Lunatone,gholdengo-lunatone,gholdengo|lunatone
,0223,Kalena Loo,US,4,4,0,12,False,False,Raging Bolt Ogerpon,raging-bolt-ogerpon,raging-bolt|ogerpon
,1691,Kaylee Roberts,US,4,4,0,12,False,False,Flareon Noctowl,flareon-noctowl,flareon|noctowl
,2206,Keanush Avval,US,4,4,0,12,False,False,Gardevoir,gardevoir-ex-sv,gardevoir
,0385,Kenneth Xuan,US,3,2,3,12,False,False,Pidgeot Control,pidgeot-control,pidgeot
,1858,Kevin Barrios,US,4,4,0,12,False,False,Joltik Box,joltik-box,joltik|pikachu
,0926,Kevin Schilling,US,4,4,0,12,False,False,Yanmega,yanmega-ex,yanmega
,0571,Kevin Zelaya,US,4,4,0,12,False,False,Joltik Box,joltik-box,joltik|pikachu
,2198,Kiera Dubuque,US,4,4,0,12,False,False,Kangaskhan Bouffalant,kangaskhan-bouffalant,kangaskhan-mega|bouffalant
,1269,Landon Fisher,US,4,3,0,12,False,False,Ceruledge,ceruledge-ex,ceruledge
,1350,Landyn Rookard,US,4,4,0,12,False,False,Gholdengo Lunatone,gholdengo-lunatone,gholdengo|lunatone
,0424,Leslie Blakely,US,3,2,3,12,False,False,Grimmsnarl Froslass,grimmsnarl-froslass,grimmsnarl|froslass
,0147,Liam Clary,US,4,4,0,12,False,False,Gardevoir,gardevoir-ex-sv,gardevoir
,0982,Lilith McCandlish,US,4,4,0,12,False,False,Charizard Noctowl,charizard-noctowl,charizard|noctowl
,0790,Madisyn Shurtz,US,4,4,0,12,False,False,N's Zoroark,n-zoroark,zoroark
,0408,Manuel Perez,US,4,4,0,12,False,False,Kangaskhan Bouffalant,kangaskhan-bouffalant,kangaskhan-mega|bouffalant
,0520,Marcus Dunlap,US,4,4,0,12,False,False,Gholdengo Lunatone,gholdengo-lunatone,gholdengo|lunatone
,0226,Mario Guerrero,US,3,2,3,12,False,False,Gardevoir,gardevoir-ex-sv,gardevoir
,1721,Mark Torres,US,4,3,0,12,False,False,Gholdengo Lunatone,gholdengo-lunatone,gholdengo|lunatone
,1964,Marlie Severin-Simmons,US,4,4,0,12,False,False,Yanmega,yanmega-ex,yanmega
,0487,Mars Ojeda,US,4,3,0,12,False,False,Gardevoir,gardevoir-ex-sv,gardevoir
,1363,Matt Svacina,US,4,4,0,12,False,False,Charizard Noctowl,charizard-noctowl,charizard|noctowl
,1914,Matthew Gray,US,4,4,0,12,False,False,Mega Lucario,mega-lucario-ex,lucario-mega
,2187,Max Cann,CA,3,2,3,12,False,False,Gardevoir Jellicent,gardevoir-jellicent,gardevoir|jellicent
,1420,Megan Lee,US,4,4,0,12,False,False,Charizard Noctowl,charizard-noctowl,charizard|noctowl
,0950,Michael Bio,US,4,4,0,12,False,False,Charizard Noctowl,charizard-noctowl,charizard|noctowl
,2012,Michael Dones,US,4,4,0,12,False,False,Gholdengo Lunatone,gholdengo-lunatone,gholdengo|lunatone
,1626,Michael He,CA,4,4,0,12,False,False,Charizard Noctowl,charizard-noctowl,charizard|noctowl
,0062,Michael Holmblad,US,4,4,0,12,False,False,Ceruledge,ceruledge-ex,ceruledge
,0363,Mike Moreno,US,4,4,0,12,False,False,Gholdengo Lunatone,gholdengo-lunatone,gholdengo|lunatone
,1564,Mitch Borgstrom,US,3,2,3,12,False,False,Mega Absol Box,mega-absol-box,absol-mega|kangaskhan-mega
,1123,Nathan Carter,US,4,4,0,12,False,False,Gholdengo Lunatone,gholdengo-lunatone,gholdengo|lunatone
,1711,Nicholas Nazarowski,US,4,4,0,12,False,False,Dragapult Charizard,dragapult-charizard,dragapult|charizard
,1887,Nicholas Pursley,US,3,2,3,12,False,False,Charizard Pidgeot,charizard-pidgeot,charizard|pidgeot
,0542,Nick Robinson,US,4,4,0,12,False,False,Gardevoir,gardevoir-ex-sv,gardevoir
,0539,Nicolas Jacobsohn,US,4,4,0,12,False,False,Gholdengo Lunatone,gholdengo-lunatone,gholdengo|lunatone
,1545,Nikky Riccio,US,4,4,0,12,False,False,Dragapult Charizard,dragapult-charizard,dragapult|charizard
,2046,Patrick McKay,CA,3,2,3,12,False,False,Gardevoir,gardevoir-ex-sv,gardevoir
,0917,Pearce Blend,US,4,3,0,12,False,False,Dragapult Dusknoir,dragapult-dusknoir,dragapult|dusknoir
,1357,Ricardo Nugent,US,4,4,0,12,False,False,Hydreigon,hydreigon-ex,hydreigon
,1841,Riley Garcia,US,4,4,0,12,False,False,N's Zoroark,n-zoroark,zoroark
,0473,Rob Flores,US,3,2,3,12,False,False,N's Zoroark,n-zoroark,zoroark
,1472,Robert Leija,US,4,4,0,12,False,False,Sharpedo Toxtricity,sharpedo-toxtricity,sharpedo-mega|toxtricity
,1309,Ryan Antonucci,US,4,3,0,12,False,False,Dragapult Dusknoir,dragapult-dusknoir,dragapult|dusknoir
,0019,Ryan Ferry,US,4,4,0,12,False,False,Gholdengo Lunatone,gholdengo-lunatone,gholdengo|lunatone
,0021,Samuel Markowitz,US,4,3,0,12,False,False,Dragapult Dusknoir,dragapult-dusknoir,dragapult|dusknoir
,0100,Sean Dean,CA,3,2,3,12,False,False,N's Zoroark,n-zoroark,zoroark
,0074,Sean Timmons,US,4,3,0,12,False,False,Raging Bolt Ogerpon,raging-bolt-ogerpon,raging-bolt|ogerpon
,0748,Steven Hamula,US,4,4,0,12,False,False,Dragapult Dusknoir,dragapult-dusknoir,dragapult|dusknoir
,0683,Steven Matos,US,4,4,0,12,False,False,Mega Abomasnow,mega-abomasnow-ex,abomasnow-mega
,1991,Steven Quintero,US,4,4,0,12,False,False,Charizard Noctowl,charizard-noctowl,charizard|noctowl
,1356,Stopher Vallejo,US,4,3,0,12,False,False,Dragapult Dusknoir,dragapult-dusknoir,dragapult|dusknoir
,2138,Takashi Yoneda,US,4,4,0,12,False,False,Grimmsnarl Froslass,grimmsnarl-froslass,grimmsnarl|froslass
,0272,Tal Wilfand,US,4,4,0,12,False,False,Dragapult Dusknoir,dragapult-dusknoir,dragapult|dusknoir
,2197,Terry Sin,US,4,3,0,12,False,False,Charizard Pidgeot,charizard-pidgeot,charizard|pidgeot
,1653,Thi Bui,US,4,4,0,12,False,False,Joltik Box,joltik-box,joltik|pikachu
,1806,Thomas Bieligk,US,4,4,0,12,False,False,Dragapult Charizard,dragapult-charizard,dragapult|charizard
,1208,Thomas Edelbrock,US,4,4,0,12,False,False,N's Zoroark,n-zoroark,zoroark
,1874,Timothy Bennett,US,3,2,3,12,False,False,Raging Bolt Ogerpon,raging-bolt-ogerpon,raging-bolt|ogerpon
,0090,Timothy Skalland,US,4,4,0,12,False,False,Iron Hands Magneton,iron-hands-magneton,iron-hands|magneton
,0356,Trey Rayburn,US,4,3,0,12,False,False,Mega Absol Box,mega-absol-box,absol-mega|kangaskhan-mega
,1610,Tyler Dorsano,US,4,4,0,12,False,False,Gholdengo Lunatone,gholdengo-lunatone,gholdengo|lunatone
,1196,Victor Martinez,US,4,4,0,12,False,False,Gholdengo Lunatone,gholdengo-lunatone,gholdengo|lunatone
,1759,Will Christensen,US,4,4,0,12,False,False,Flareon Noctowl,flareon-noctowl,flareon|noctowl
,1210,William Angel,US,4,4,0,12,False,False,Gardevoir,gardevoir-ex-sv,gardevoir
,1197,William Au,US,4,4,0,12,False,False,Dragapult Dusknoir,dragapult-dusknoir,dragapult|dusknoir
,1502,Zach Nolan,US,4,4,0,12,False,False,N's Zoroark,n-zoroark,zoroark
,1021,Zachary Abeyta,US,4,4,0,12,False,False,Gholdengo Lunatone,gholdengo-lunatone,gholdengo|lunatone
,0659,Zachary Hefner,US,4,4,0,12,False,False,Mega Absol Box,mega-absol-box,absol-mega|kangaskhan-mega
,1816,Zachary Roggina,US,4,4,0,12,False,False,Dragapult Dusknoir,dragapult-dusknoir,dragapult|dusknoir
,0582,Zachary Shook,US,4,4,0,12,False,False,Froslass Munkidori,froslass-munkidori,froslass|munkidori
,1782,dylan zielinski,US,4,4,0,12,False,False,Slowking,slowking-scr,slowking
,0348,rogelio orta,US,3,2,3,12,False,False,Charizard Pidgeot,charizard-pidgeot,charizard|pidgeot
,2122,Adrian Villapudua,US,3,3,2,11,False,False,Alakazam Dudunsparce,alakazam-dudunsparce,alakazam|dudunsparce
,0296,Aiden Tadytin,US,3,3,2,11,False,False,Grimmsnarl Froslass,grimmsnarl-froslass,grimmsnarl|froslass
,0886,Alex Cowen,CA,3,3,2,11,False,False,Dragapult Dusknoir,dragapult-dusknoir,dragapult|dusknoir
,2009,Alex Pacheco,CA,3,3,2,11,False,False,Gholdengo Lunatone,gholdengo-lunatone,gholdengo|lunatone
,1821,Alex Roth,US,3,3,2,11,False,False,Mega Absol Box,mega-absol-box,absol-mega|kangaskhan-mega
,1889,Andrew Carter,US,3,3,2,11,False,False,Mega Absol Box,mega-absol-box,absol-mega|kangaskhan-mega
,2186,Andrew Wang,US,3,3,2,11,False,False,Great Tusk Mill,great-tusk-tef,great-tusk
,0515,Andy Cisneros,US,3,3,2,11,False,False,Raging Bolt Ogerpon,raging-bolt-ogerpon,raging-bolt|ogerpon
,0169,Andy Francis,US,3,3,2,11,False,False,Dragapult Dusknoir,dragapult-dusknoir,dragapult|dusknoir
,0567,Austin Ortiz,US,3,3,2,11,False,False,Gholdengo Lunatone,gholdengo-lunatone,gholdengo|lunatone
,0759,Avery Ransom,US,3,3,2,11,False,False,Charizard Noctowl,charizard-noctowl,charizard|noctowl
,0370,Brendan Meece,US,3,3,2,11,False,False,Gholdengo Lunatone,gholdengo-lunatone,gholdengo|lunatone
,0051,Carlos Guillen,US,3,3,2,11,False,False,Charizard Pidgeot,charizard-pidgeot,charizard|pidgeot
,0691,Charlene St Jean,CA,3,3,2,11,False,False,Ceruledge,ceruledge-ex,ceruledge
,1458,Christopher Bruce,US,3,3,2,11,False,False,Gardevoir Jellicent,gardevoir-jellicent,gardevoir|jellicent
,1473,Christopher Carillon,US,3,3,2,11,False,False,Ceruledge,ceruledge-ex,ceruledge
,0304,Christopher Hegsted,US,3,3,2,11,False,False,Gardevoir,gardevoir-ex-sv,gardevoir
,0281,Daniel Barnett,US,3,3,2,11,False,False,Dragapult Dusknoir,dragapult-dusknoir,dragapult|dusknoir
,0500,Danny Williams,US,3,3,2,11,False,False,Archaludon,archaludon-ex,archaludon
,0597,Demigod Offline,US,3,2,2,11,False,False,Greninja,greninja-ex,greninja
,0009,Elias Sanchez,US,3,3,2,11,False,False,Dragapult Charizard,dragapult-charizard,dragapult|charizard
,0069,Emilio Orozco,US,3,3,2,11,False,False,N's Zoroark,n-zoroark,zoroark
,0081,Emily Maestas,US,3,3,2,11,False,False,Gholdengo Joltik Box,gholdengo-joltik-box,gholdengo|joltik
,1519,Emmet Hurley,US,3,2,2,11,False,False,N's Zoroark,n-zoroark,zoroark
,0996,Emmett Wilson,US,3,3,2,11,False,False,Kangaskhan Bouffalant,kangaskhan-bouffalant,kangaskhan-mega|bouffalant
,0308,Emmi Stonier,US,3,3,2,11,False,False,Gholdengo Lunatone,gholdengo-lunatone,gholdengo|lunatone
,2185,Erik Hogeberg,US,3,3,2,11,False,False,Grimmsnarl Froslass,grimmsnarl-froslass,grimmsnarl|froslass
,0698,Ethan Chapman-Johnson,US,3,3,2,11,False,False,Charizard Pidgeot,charizard-pidgeot,charizard|pidgeot
,0151,Ethan Tsai,US,3,3,2,11,False,False,N's Zoroark,n-zoroark,zoroark
,0183,Ethan Yoon,US,3,3,2,11,False,False,Mega Absol Box,mega-absol-box,absol-mega|kangaskhan-mega
,0145,Francis Santos-Viola,US,2,1,5,11,False,False,Terapagos Noctowl,terapagos-noctowl,terapagos|noctowl
,0405,Félix Huard,CA,3,3,2,11,False,False,Gardevoir Jellicent,gardevoir-jellicent,gardevoir|jellicent
,0211,Gabriel Chai,US,3,3,2,11,False,False,Froslass Munkidori,froslass-munkidori,froslass|munkidori
,1520,Gavin Currier,US,3,3,2,11,False,False,Gholdengo Lunatone,gholdengo-lunatone,gholdengo|lunatone
,0439,Guillermo Moreno,EC,3,3,2,11,False,False,Alakazam Dudunsparce,alakazam-dudunsparce,alakazam|dudunsparce
,1035,Guillermo Santana,US,3,3,2,11,False,False,Gholdengo Lunatone,gholdengo-lunatone,gholdengo|lunatone
,1633,Hagop Sarkis,US,3,3,2,11,False,False,Charizard Noctowl,charizard-noctowl,charizard|noctowl
,1765,Haley Speich,US,3,3,2,11,False,False,Mega Venusaur,mega-venusaur-ex,venusaur-mega
,1159,Haydn Moody,US,3,2,2,11,False,False,Dragapult Dusknoir,dragapult-dusknoir,dragapult|dusknoir
,2030,Ian DiCarlo,US,3,2,2,11,False,False,Grimmsnarl Froslass,grimmsnarl-froslass,grimmsnarl|froslass
,1600,Jackson Knorr,US,3,2,2,11,False,False,Mega Absol Box,mega-absol-box,absol-mega|kangaskhan-mega
,1085,Jacob Denk,US,3,3,2,11,False,False,Raging Bolt Ogerpon,raging-bolt-ogerpon,raging-bolt|ogerpon
,2172,Jacob Gobat,US,3,3,2,11,False,False,Charizard Noctowl,charizard-noctowl,charizard|noctowl
,2111,Jalen Manley,US,3,3,2,11,False,False,Raging Bolt Ogerpon,raging-bolt-ogerpon,raging-bolt|ogerpon
,1790,Jason Lum,US,3,3,2,11,False,False,Tera Box,tera-box,noctowl|ogerpon-wellspring
,0388,Jessica Coronado,US,3,2,2,11,False,False,Ceruledge,ceruledge-ex,ceruledge
,0662,Jilaine Heitkotter,US,3,3,2,11,False,False,Gholdengo Lunatone,gholdengo-lunatone,gholdengo|lunatone
,1313,Joaquin Cardenas,US,3,3,2,11,False,False,N's Zoroark,n-zoroark,zoroark
,0810,Jonathan Rodriguez,US,3,3,2,11,False,False,Gardevoir,gardevoir-ex-sv,gardevoir
,1071,Joshua Newton,US,3,3,2,11,False,False,Ceruledge,ceruledge-ex,ceruledge
,1226,Kevin Esmeralda,US,3,3,2,11,False,False,Grimmsnarl Froslass,grimmsnarl-froslass,grimmsnarl|froslass
,2094,Kirk Wipff,US,3,3,2,11,False,False,Dragapult Dusknoir,dragapult-dusknoir,dragapult|dusknoir
,1745,Lauren Perla,US,3,2,2,11,False,False,Raging Bolt Ogerpon,raging-bolt-ogerpon,raging-bolt|ogerpon
,2147,Levi Slye,US,3,3,2,11,False,False,N's Zoroark,n-zoroark,zoroark
,0776,Lewis Peterson,US,2,1,5,11,False,False,Kangaskhan Bouffalant,kangaskhan-bouffalant,kangaskhan-mega|bouffalant
,1444,Liv Helmen,US,3,3,2,11,False,False,Gholdengo Lunatone,gholdengo-lunatone,gholdengo|lunatone
,0880,Loucif Kharouni,US,3,3,2,11,False,False,Charizard Pidgeot,charizard-pidgeot,charizard|pidgeot
,1061,Luis Navarro,US,3,3,2,11,False,False,Gardevoir,gardevoir-ex-sv,gardevoir
,0018,Matt Banna,US,3,2,2,11,False,False,Gholdengo Lunatone,gholdengo-lunatone,gholdengo|lunatone
,0471,Michael Nguyen,US,3,3,2,11,False,False,Kangaskhan Bouffalant,kangaskhan-bouffalant,kangaskhan-mega|bouffalant
,0331,Murat Gursoz,US,3,3,2,11,False,False,Gardevoir,gardevoir-ex-sv,gardevoir
,2180,Naeole Keamo,US,3,3,2,11,False,False,Gholdengo Lunatone,gholdengo-lunatone,gholdengo|lunatone
,1918,Naseef Chowdhury,US,3,3,2,11,False,False,Grimmsnarl Froslass,grimmsnarl-froslass,grimmsnarl|froslass
,1587,Nathan Valenzuela,US,3,3,2,11,False,False,N's Zoroark,n-zoroark,zoroark
,1528,Noah Kaiser,US,3,3,2,11,False,False,Grimmsnarl Froslass,grimmsnarl-froslass,grimmsnarl|froslass
,0999,Pedro Arellano Camarena,US,3,3,2,11,False,False,Dragapult Dusknoir,dragapult-dusknoir,dragapult|dusknoir
,1569,Philip Helman,US,3,3,2,11,False,False,Charizard Noctowl,charizard-noctowl,charizard|noctowl
,1202,Prince Alagao,US,3,2,2,11,False,False,Gholdengo Lunatone,gholdengo-lunatone,gholdengo|lunatone
,0063,Reese Tiller,US,3,3,2,11,False,False,Gardevoir,gardevoir-ex-sv,gardevoir
,2045,Richard Whitmore,US,3,3,2,11,False,False,Gardevoir Jellicent,gardevoir-jellicent,gardevoir|jellicent
,0699,Riley Moore,US,3,2,2,11,False,False,Gardevoir Jellicent,gardevoir-jellicent,gardevoir|jellicent
,1613,Ronald Sharpsteen,US,3,2,2,11,False,False,Raging Bolt Ogerpon,raging-bolt-ogerpon,raging-bolt|ogerpon
,1947,Ruben Flores,US,3,3,2,11,False,False,Mega Absol Box,mega-absol-box,absol-mega|kangaskhan-mega
,0355,Ryan Marckx,US,3,3,2,11,False,False,Dragapult Dusknoir,dragapult-dusknoir,dragapult|dusknoir
,0796,Ryan Reed,US,3,3,2,11,False,False,Alakazam Dudunsparce,alakazam-dudunsparce,alakazam|dudunsparce
,0593,Sophie McGarity,US,3,3,2,11,False,False,Gholdengo Lunatone,gholdengo-lunatone,gholdengo|lunatone
,2195,Steve Cardi,US,3,3,2,11,False,False,Charizard Noctowl,charizard-noctowl,charizard|noctowl
,0592,Stuart Sakaluk,CA,3,3,2,11,False,False,Tera Box,tera-box,noctowl|ogerpon-wellspring
,1083,Sy Anderson,US,3,3,2,11,False,False,Gholdengo Lunatone,gholdengo-lunatone,gholdengo|lunatone
,0816,Varun Vasudev,US,3,3,2,11,False,False,Gardevoir,gardevoir-ex-sv,gardevoir
,1960,Wendy Novak,US,3,3,2,11,False,False,Grimmsnarl Froslass,grimmsnarl-froslass,grimmsnarl|froslass
,0048,Zack Horn,US,3,3,2,11,False,False,Gholdengo Lunatone,gholdengo-lunatone,gholdengo|lunatone
,1803,cordel maunder,CA,3,2,2,11,False,False,Gholdengo Lunatone,gholdengo-lunatone,gholdengo|lunatone
,1902,Addison Balasbas,US,3,4,1,10,False,False,Great Tusk Mill,great-tusk-tef,great-tusk
,1666,Alejandro Garcia,US,3,4,1,10,False,False,Dragapult Dusknoir,dragapult-dusknoir,dragapult|dusknoir
,0124,Alex Howald,CA,3,3,1,10,False,False,Mega Absol Box,mega-absol-box,absol-mega|kangaskhan-mega
,1215,Alex Sun,US,3,3,1,10,False,False,Dragapult Dusknoir,dragapult-dusknoir,dragapult|dusknoir
,1578,Alexander Chea,US,3,3,1,10,False,False,Dragapult Dusknoir,dragapult-dusknoir,dragapult|dusknoir
,0076,Andrew Garcia,US,3,4,1,10,False,False,Festival Lead,festival-lead,dipplin|thwackey
,0087,Andy Wolf,US,3,4,1,10,False,False,Charizard Noctowl,charizard-noctowl,charizard|noctowl
,1890,Anello Ahwah,US,3,4,1,10,False,False,Gholdengo Lunatone,gholdengo-lunatone,gholdengo|lunatone
,1217,Angel Ramirez,US,3,3,1,10,False,False,Dragapult Dusknoir,dragapult-dusknoir,dragapult|dusknoir
,0359,Annabelle Mersman,US,3,3,1,10,False,False,Raging Bolt Ogerpon,raging-bolt-ogerpon,raging-bolt|ogerpon
,1112,Annie Haberstroh,US,3,3,1,10,False,False,Gardevoir,gardevoir-ex-sv,gardevoir
,1464,Anthony Ellis,US,3,4,1,10,False,False,Gholdengo Joltik Box,gholdengo-joltik-box,gholdengo|joltik
,0715,Anthony Kelly,US,3,3,1,10,False,False,Raging Bolt Ogerpon,raging-bolt-ogerpon,raging-bolt|ogerpon
,1134,August Lu,US,3,4,1,10,False,False,Dragapult Dusknoir,dragapult-dusknoir,dragapult|dusknoir
,0887,Austin Berg,US,3,4,1,10,False,False,N's Zoroark,n-zoroark,zoroark
,0645,Austin Kukay,US,3,4,1,10,False,False,Ceruledge,ceruledge-ex,ceruledge
,0289,Austin Labador,US,3,3,1,10,False,False,Dragapult Charizard,dragapult-charizard,dragapult|charizard
,1068,Benjamin Menzner,US,3,3,1,10,False,False,Mega Absol Box,mega-absol-box,absol-mega|kangaskhan-mega
,0594,Billy Stevens,US,3,4,1,10,False,False,Gholdengo Lunatone,gholdengo-lunatone,gholdengo|lunatone
,0454,Blake DiCicco,US,3,4,1,10,False,False,Iron Hands Magneton,iron-hands-magneton,iron-hands|magneton
,0807,Bodhi Beckes,US,3,4,1,10,False,False,Slowking,slowking-scr,slowking
,1515,Bradley Dallaire,US,3,4,1,10,False,False,Dragapult Dusknoir,dragapult-dusknoir,dragapult|dusknoir
,0678,Brandol Rebolledo,US,3,3,1,10,False,False,Dragapult Charizard,dragapult-charizard,dragapult|charizard
,1987,Brandon Flores,US,3,4,1,10,False,False,Gholdengo Lunatone,gholdengo-lunatone,gholdengo|lunatone
,0382,Bryan May,US,3,4,1,10,False,False,Dragapult Dusknoir,dragapult-dusknoir,dragapult|dusknoir
,1927,Bryce Green,US,3,4,1,10,False,False,Dragapult Dusknoir,dragapult-dusknoir,dragapult|dusknoir
,0286,CARLOS ALEJO,US,3,4,1,10,False,False,Greninja,greninja-ex,greninja
,1311,Caleb Kallevig,CA,3,3,1,10,False,False,Gholdengo Lunatone,gholdengo-lunatone,gholdengo|lunatone
,1064,Carlos Herrera,US,3,4,1,10,False,False,Charizard Noctowl,charizard-noctowl,charizard|noctowl
,0598,Cassandra Varenhorst,US,3,4,1,10,False,False,Charizard Noctowl,charizard-noctowl,charizard|noctowl
,1605,Cesar Guerrero,US,3,4,1,10,False,False,Dragapult Dusknoir,dragapult-dusknoir,dragapult|dusknoir
,1773,Chase Quade,US,3,4,1,10,False,False,N's Zoroark,n-zoroark,zoroark
,0141,Chengsi Zhang,CN,3,4,1,10,False,False,N's Zoroark,n-zoroark,zoroark
,2015,China Ross,US,3,3,1,10,False,False,Gardevoir,gardevoir-ex-sv,gardevoir
,0997,Chris Bugarin,US,3,3,1,10,False,False,Dragapult Dusknoir,dragapult-dusknoir,dragapult|dusknoir
,1999,Christian Villarosa,US,3,4,1,10,False,False,Raging Bolt Ogerpon,raging-bolt-ogerpon,raging-bolt|ogerpon
,0839,Christopher Odom,US,3,4,1,10,False,False,Ceruledge,ceruledge-ex,ceruledge
,1431,Clay Gruber,US,3,4,1,10,False,False,Gardevoir,gardevoir-ex-sv,gardevoir
,0133,Cody Sims,US,2,2,4,10,False,False,N's Zoroark,n-zoroark,zoroark
,1975,Cristian Ayala,US,3,3,1,10,False,False,Charizard Noctowl,charizard-noctowl,charizard|noctowl
,1099,Cyrus Contreras,CA,3,4,1,10,False,False,Greninja,greninja-ex,greninja
,1321,Dakota Journey,US,2,2,4,10,False,False,Charizard Pidgeot,charizard-pidgeot,charizard|pidgeot
,0252,Dan Kaliblotzky,US,3,4,1,10,False,False,Mega Venusaur,mega-venusaur-ex,venusaur-mega
,0702,Daniel Gloria,US,3,4,1,10,False,False,Dragapult Dusknoir,dragapult-dusknoir,dragapult|dusknoir
,0414,David Arnett,US,3,4,1,10,False,False,roaring-moon,?roaring-moon,roaring-moon
,1657,Delong Nguyenthanh,US,3,4,1,10,False,False,Dragapult Dusknoir,dragapult-dusknoir,dragapult|dusknoir
,1580,Devin Nguyen,CA,3,3,1,10,False,False,Charizard Noctowl,charizard-noctowl,charizard|noctowl
,1558,Dillon Carter,US,3,3,1,10,False,False,Dragapult Dusknoir,dragapult-dusknoir,dragapult|dusknoir
,1797,Dominic Mansuetto,US,2,2,4,10,False,False,Mega Absol Box,mega-absol-box,absol-mega|kangaskhan-mega
,2099,Donovan Dickens,US,3,4,1,10,False,False,N's Zoroark,n-zoroark,zoroark
,1482,Duncan HIlliard,US,3,3,1,10,False,False,Ethan's Typhlosion,ethan-typhlosion,typhlosion
,1469,Dylan Rominski,US,3,4,1,10,False,False,Mega Absol Box,mega-absol-box,absol-mega|kangaskhan-mega
,2110,Dyson Umtuch,US,3,4,1,10,False,False,Gardevoir,gardevoir-ex-sv,gardevoir
,0407,Edgar Fletes,US,3,4,1,10,False,False,Dragapult Dusknoir,dragapult-dusknoir,dragapult|dusknoir
,0756,Edward Gonzalez,US,2,2,4,10,False,False,Raging Bolt Ogerpon,raging-bolt-ogerpon,raging-bolt|ogerpon
,0218,Edwin Ong,US,3,3,1,10,False,False,Alakazam Dudunsparce,alakazam-dudunsparce,alakazam|dudunsparce
,1940,Elijah Pereira,US,3,4,1,10,False,False,Gardevoir,gardevoir-ex-sv,gardevoir
,2157,Elizabeth Willet,DK,3,4,1,10,False,False,Dragapult Dusknoir,dragapult-dusknoir,dragapult|dusknoir
,1039,Ellie Davis,US,3,4,1,10,False,False,Grimmsnarl Froslass,grimmsnarl-froslass,grimmsnarl|froslass
,0066,Elliot Gantner,US,3,3,1,10,False,False,N's Zoroark,n-zoroark,zoroark
,1243,Erick Jason Reyno,US,3,4,1,10,False,False,Raging Bolt Ogerpon,raging-bolt-ogerpon,raging-bolt|ogerpon
,1951,Ethan Miller,US,3,4,1,10,False,False,Ceruledge,ceruledge-ex,ceruledge
,0536,Evelyn Cracknell,CA,3,4,1,10,False,False,Dragapult Dusknoir,dragapult-dusknoir,dragapult|dusknoir
,0853,Francisco Rogel,US,3,4,1,10,False,False,Gardevoir,gardevoir-ex-sv,gardevoir
,2039,Gabriel Anayas,CA,3,4,1,10,False,False,Dragapult Dusknoir,dragapult-dusknoir,dragapult|dusknoir
,1898,Gabriel Velazquez Vazquez,US,3,4,1,10,False,False,Cynthia's Garchomp,cynthia-garchomp-ex,garchomp
,0102,Garion Cox,US,3,4,1,10,False,False,Joltik Box,joltik-box,joltik|pikachu
,1697,Greg Poist,US,3,4,1,10,False,False,Gholdengo Lunatone,gholdengo-lunatone,gholdengo|lunatone
,0883,Gwen Raymond,US,3,3,1,10,False,False,Lopunny Dusknoir,lopunny-dusknoir,lopunny-mega|dusknoir
,0770,Gwen Tran,US,3,3,1,10,False,False,Gardevoir Jellicent,gardevoir-jellicent,gardevoir|jellicent
,0949,Harry Silverman,US,3,3,1,10,False,False,Mega Absol Box,mega-absol-box,absol-mega|kangaskhan-mega
,0247,IRVING ARELLANO,US,3,3,1,10,False,False,Raging Bolt Ogerpon,raging-bolt-ogerpon,raging-bolt|ogerpon
,1670,India Gillis,US,3,4,1,10,False,False,Gholdengo Lunatone,gholdengo-lunatone,gholdengo|lunatone
,1992,Ivan Vasquez-Rojo,US,3,3,1,10,False,False,Mega Absol Box,mega-absol-box,absol-mega|kangaskhan-mega
,0865,Jac Fae,US,3,4,1,10,False,False,Mega Absol Box,mega-absol-box,absol-mega|kangaskhan-mega
,1911,Jack Sargent,US,3,3,1,10,False,False,Charizard Pidgeot,charizard-pidgeot,charizard|pidgeot
,1150,Jacob Kirby,US,3,4,1,10,False,False,Grimmsnarl Froslass,grimmsnarl-froslass,grimmsnarl|froslass
,2226,Jairo Santiago Callejas,,3,4,1,10,False,False,Charizard Pidgeot,charizard-pidgeot,charizard|pidgeot
,1003,James Fitzgerald,CA,3,4,1,10,False,False,Froslass Munkidori,froslass-munkidori,froslass|munkidori
,1582,James Gibbs,US,2,2,4,10,False,False,Dragapult Dusknoir,dragapult-dusknoir,dragapult|dusknoir
,1463,James Hodgson,CA,3,4,1,10,False,False,Gholdengo Lunatone,gholdengo-lunatone,gholdengo|lunatone
,1234,Jared Colin,US,3,4,1,10,False,False,Mega Absol Box,mega-absol-box,absol-mega|kangaskhan-mega
,1072,Jashua Robles,US,3,4,1,10,False,False,Mega Absol Box,mega-absol-box,absol-mega|kangaskhan-mega
,0313,Jason Burkart,CA,3,4,1,10,False,False,Charizard Noctowl,charizard-noctowl,charizard|noctowl
,1325,Jason Stirling,US,3,4,1,10,False,False,Gholdengo Lunatone,gholdengo-lunatone,gholdengo|lunatone
,1462,Jaxson Chandler,US,3,3,1,10,False,False,Gardevoir,gardevoir-ex-sv,gardevoir
,0083,Jesus Salgado,US,3,4,1,10,False,False,Gholdengo Lunatone,gholdengo-lunatone,gholdengo|lunatone
,2184,Jithin George,US,3,4,1,10,False,False,Kangaskhan Bouffalant,kangaskhan-bouffalant,kangaskhan-mega|bouffalant
,0233,John Wells,US,3,3,1,10,False,False,Dragapult Dusknoir,dragapult-dusknoir,dragapult|dusknoir
,1763,Jonah Chung,US,3,4,1,10,False,False,Flareon Noctowl,flareon-noctowl,flareon|noctowl
,2093,Jonah Gasch,US,3,4,1,10,False,False,Raging Bolt Ogerpon,raging-bolt-ogerpon,raging-bolt|ogerpon
,2037,Jordan Nguyen,US,3,4,1,10,False,False,Flareon Noctowl,flareon-noctowl,flareon|noctowl
,1110,Jorge Mendoza,US,3,4,1,10,False,False,Tera Box,tera-box,noctowl|ogerpon-wellspring
,1625,Jose Hernandez,US,3,3,1,10,False,False,Raging Bolt Ogerpon,raging-bolt-ogerpon,raging-bolt|ogerpon
,0339,Jose Magana,US,3,3,1,10,False,False,Charizard Noctowl,charizard-noctowl,charizard|noctowl
,1692,Joseph Carrell,US,3,4,1,10,False,False,Dragapult Dusknoir,dragapult-dusknoir,dragapult|dusknoir
,0210,Joseph Chigbrow,US,3,4,1,10,False,False,Gardevoir Jellicent,gardevoir-jellicent,gardevoir|jellicent
,0007,Joseph Taylor,US,3,3,1,10,False,False,Gholdengo Lunatone,gholdengo-lunatone,gholdengo|lunatone
,0656,Joshua Rivera,US,3,4,1,10,False,False,Raging Bolt Ogerpon,raging-bolt-ogerpon,raging-bolt|ogerpon
,0872,Justin Bertsch,US,3,4,1,10,False,False,Mega Absol Box,mega-absol-box,absol-mega|kangaskhan-mega
,0202,Justin Patidar,US,3,3,1,10,False,False,Dragapult Dusknoir,dragapult-dusknoir,dragapult|dusknoir
,0318,Kai Shahmeen Kasim,US,3,4,1,10,False,False,Charizard Noctowl,charizard-noctowl,charizard|noctowl
,1199,Kaleb Williams,US,3,4,1,10,False,False,Charizard Noctowl,charizard-noctowl,charizard|noctowl
,1256,Kendyl Cortez,US,3,4,1,10,False,False,Gardevoir,gardevoir-ex-sv,gardevoir
,1253,Kenneth Casanova,US,3,3,1,10,False,False,N's Zoroark,n-zoroark,zoroark
,0362,Kenneth Xu,US,3,4,1,10,False,False,Raging Bolt Ogerpon,raging-bolt-ogerpon,raging-bolt|ogerpon
,1415,Kevin Corona,US,2,2,4,10,False,False,Lucario Hariyama,lucario-hariyama,lucario-mega|hariyama
,0588,Kevin Proctor,US,3,4,1,10,False,False,Dragapult Dusknoir,dragapult-dusknoir,dragapult|dusknoir
,1336,Leonard Wells,US,3,4,1,10,False,False,Sharpedo Toxtricity,sharpedo-toxtricity,sharpedo-mega|toxtricity
,0513,Lillian Bailey,US,3,4,1,10,False,False,Alakazam Dudunsparce,alakazam-dudunsparce,alakazam|dudunsparce
,1149,Luke Flynn,US,3,4,1,10,False,False,Charizard Noctowl,charizard-noctowl,charizard|noctowl
,2044,Mack Chamberlain,US,3,4,1,10,False,False,Dragapult Charizard,dragapult-charizard,dragapult|charizard
,1789,Majkl Medvesek,US,3,4,1,10,False,False,Mega Venusaur,mega-venusaur-ex,venusaur-mega
,1672,Marcos De La Cruz,US,3,4,1,10,False,False,Tera Box,tera-box,noctowl|ogerpon-wellspring
,0696,Martin Lara,US,3,4,1,10,False,False,Other,other,substitute
,1216,Mason Adolfs,US,3,4,1,10,False,False,Gardevoir,gardevoir-ex-sv,gardevoir
,0142,Mason Going,US,3,4,1,10,False,False,Mega Absol Box,mega-absol-box,absol-mega|kangaskhan-mega
,2049,Matt Walters,US,3,4,1,10,False,False,Dragapult Dusknoir,dragapult-dusknoir,dragapult|dusknoir
,1541,Matthew Dwyer,US,3,3,1,10,False,False,Mega Absol Box,mega-absol-box,absol-mega|kangaskhan-mega
,1370,Matthew Jaffrey,US,3,4,1,10,False,False,Mega Absol Box,mega-absol-box,absol-mega|kangaskhan-mega
,2125,Matthew Pitchford,US,3,4,1,10,False,False,Charizard Noctowl,charizard-noctowl,charizard|noctowl
,1274,Matthew Rocha,US,3,3,1,10,False,False,Dragapult Dusknoir,dragapult-dusknoir,dragapult|dusknoir
,1673,Mauricio Solis,US,3,4,1,10,False,False,Dragapult Charizard,dragapult-charizard,dragapult|charizard
,1205,Maxwell Wyatt,US,3,4,1,10,False,False,Gholdengo Lunatone,gholdengo-lunatone,gholdengo|lunatone
,0798,May Watkinson,US,3,4,1,10,False,False,Gholdengo Lunatone,gholdengo-lunatone,gholdengo|lunatone
,1182,Michael Halcro,CA,3,3,1,10,False,False,Ceruledge,ceruledge-ex,ceruledge
,0423,Michael Mahler,US,3,4,1,10,False,False,Alakazam Dudunsparce,alakazam-dudunsparce,alakazam|dudunsparce
,0027,Michael Yeung,US,3,4,1,10,False,False,Gardevoir,gardevoir-ex-sv,gardevoir
,1275,Miles Waterbury,US,3,3,1,10,False,False,Dragapult Dusknoir,dragapult-dusknoir,dragapult|dusknoir
,1212,Nathian Beck,US,3,3,1,10,False,False,Mega Absol Box,mega-absol-box,absol-mega|kangaskhan-mega
,0530,Nicolas Garcia,US,3,4,1,10,False,False,Dragapult Dusknoir,dragapult-dusknoir,dragapult|dusknoir
,1592,Nigel Navarro,US,3,4,1,10,False,False,Mega Venusaur,mega-venusaur-ex,venusaur-mega
,1164,Nik Schaad,US,3,2,1,10,False,False,unknown,?,
,1467,Noah Conway,US,3,4,1,10,False,False,Crustle,crustle-dri,crustle
,1465,Patrick Eaton,US,3,4,1,10,False,False,Mega Absol Box,mega-absol-box,absol-mega|kangaskhan-mega
,0671,Patrick Kingman,US,3,4,1,10,False,False,N's Zoroark,n-zoroark,zoroark
,0315,Pedro Estrada,US,3,4,1,10,False,False,Dragapult Dusknoir,dragapult-dusknoir,dragapult|dusknoir
,1747,Pierce Ellison,US,3,4,1,10,False,False,Alakazam Dudunsparce,alakazam-dudunsparce,alakazam|dudunsparce
,0622,RJ Fernandez,US,3,3,1,10,False,False,Grimmsnarl Froslass,grimmsnarl-froslass,grimmsnarl|froslass
,0525,Raphael Enrico,US,3,4,1,10,False,False,Mega Venusaur,mega-venusaur-ex,venusaur-mega
,0117,Raul Garcia,US,3,3,1,10,False,False,Dragapult Charizard,dragapult-charizard,dragapult|charizard
,0700,Reily Wilson,US,3,4,1,10,False,False,Gardevoir Jellicent,gardevoir-jellicent,gardevoir|jellicent
,0624,Richard Canter,US,3,4,1,10,False,False,Ceruledge,ceruledge-ex,ceruledge
,0387,Robert English,US,3,4,1,10,False,False,Flareon Noctowl,flareon-noctowl,flareon|noctowl
,1702,Robert Macaibay,US,3,4,1,10,False,False,Raging Bolt Ogerpon,raging-bolt-ogerpon,raging-bolt|ogerpon
,0782,Robert Reimers,US,3,4,1,10,False,False,Slowking,slowking-scr,slowking
,0038,Ryan Cen,US,3,3,1,10,False,False,Dragapult Dusknoir,dragapult-dusknoir,dragapult|dusknoir
,1963,Ryan Herrero,US,3,4,1,10,False,False,N's Zoroark,n-zoroark,zoroark
,0722,Ryan Jennings,US,3,3,1,10,False,False,Tera Box,tera-box,noctowl|ogerpon-wellspring
,0833,Sal Silva,US,3,3,1,10,False,False,Dragapult Charizard,dragapult-charizard,dragapult|charizard
,1079,Sergio Rodriguez,CA,2,2,4,10,False,False,Charizard Pidgeot,charizard-pidgeot,charizard|pidgeot
,0269,Stephanie Fery,US,3,4,1,10,False,False,Joltik Box,joltik-box,joltik|pikachu
,1273,TRAVIS PRICE,US,3,4,1,10,False,False,Dragapult Dusknoir,dragapult-dusknoir,dragapult|dusknoir
,0006,Tera Penner,US,3,4,1,10,False,False,Alakazam Dudunsparce,alakazam-dudunsparce,alakazam|dudunsparce
,2164,Theodore Hinto,US,3,3,1,10,False,False,Gholdengo Lunatone,gholdengo-lunatone,gholdengo|lunatone
,1542,Thomas Veazie,US,3,4,1,10,False,False,Tera Box,tera-box,noctowl|ogerpon-wellspring
,0652,Trevor Hackl,CA,3,3,1,10,False,False,Alakazam Dudunsparce,alakazam-dudunsparce,alakazam|dudunsparce
,1483,Trevor Magana,US,3,3,1,10,False,False,Joltik Box,joltik-box,joltik|pikachu
,0511,Ty Robbins,CA,3,4,1,10,False,False,Gholdengo Lunatone,gholdengo-lunatone,gholdengo|lunatone
,0234,Ulysses Sanchez,US,3,4,1,10,False,False,Dragapult Dusknoir,dragapult-dusknoir,dragapult|dusknoir
,1287,Vance Kelley,US,3,3,1,10,False,False,Gardevoir,gardevoir-ex-sv,gardevoir
,2072,Victor Palacios,MX,3,4,1,10,False,False,Charizard Noctowl,charizard-noctowl,charizard|noctowl
,0036,Vincent Bettex,US,3,4,1,10,False,False,Gardevoir,gardevoir-ex-sv,gardevoir
,1345,Vincent Faragalli,US,3,3,1,10,False,False,Mega Venusaur,mega-venusaur-ex,venusaur-mega
,1382,Vincent Tan,US,3,4,1,10,False,False,Flareon Noctowl,flareon-noctowl,flareon|noctowl
,0618,Wyatt Mehr,US,3,4,1,10,False,False,Dragapult Dusknoir,dragapult-dusknoir,dragapult|dusknoir
,1277,Yul Gweon,US,3,4,1,10,False,False,N's Zoroark,n-zoroark,zoroark
,1866,Yun Shin,CA,3,4,1,10,False,False,Mega Absol Box,mega-absol-box,absol-mega|kangaskhan-mega
,1527,Zack Hughes,US,3,3,1,10,False,False,Gardevoir Jellicent,gardevoir-jellicent,gardevoir|jellicent
,0844,Zander Tidwell,US,3,4,1,10,False,False,Mega Absol Box,mega-absol-box,absol-mega|kangaskhan-mega
,2177,Zhe Wang,US,3,3,1,10,False,False,Kangaskhan Bouffalant,kangaskhan-bouffalant,kangaskhan-mega|bouffalant
,1646,jace lavi,US,3,4,1,10,False,False,Gardevoir,gardevoir-ex-sv,gardevoir
,1819,Aaron Hansen,US,3,5,0,9,False,False,Raging Bolt Ogerpon,raging-bolt-ogerpon,raging-bolt|ogerpon
,1242,Adam Karpman,US,3,5,0,9,False,False,Dragapult Charizard,dragapult-charizard,dragapult|charizard
,0888,Alexander Gutierrez,US,3,3,0,9,False,False,Mega Absol Box,mega-absol-box,absol-mega|kangaskhan-mega
,0416,Alyssa Gilman,US,3,3,0,9,False,False,Gholdengo Lunatone,gholdengo-lunatone,gholdengo|lunatone
,1377,Andres Chavez,US,3,3,0,9,False,False,Gardevoir,gardevoir-ex-sv,gardevoir
,0838,Andres Estrada,US,2,3,3,9,False,False,Dragapult Dusknoir,dragapult-dusknoir,dragapult|dusknoir
,1630,Andrew DaSilva,US,2,3,3,9,False,False,Gholdengo Lunatone,gholdengo-lunatone,gholdengo|lunatone
,1984,Andrew Trevino,US,3,3,0,9,False,False,Cynthia's Garchomp,cynthia-garchomp-ex,garchomp
,1677,Anish Sen,US,3,5,0,9,False,False,Charizard Pidgeot,charizard-pidgeot,charizard|pidgeot
,0781,Anthony Orozco,US,3,4,0,9,False,False,Gholdengo Lunatone,gholdengo-lunatone,gholdengo|lunatone
,0754,Anthony Yanez,US,2,3,3,9,False,False,Gardevoir Jellicent,gardevoir-jellicent,gardevoir|jellicent
,1845,Antoine Olivier,US,3,3,0,9,False,False,Gholdengo,gholdengo-ex,gholdengo
,2141,Ash Dukes,US,3,4,0,9,False,False,Charizard Pidgeot,charizard-pidgeot,charizard|pidgeot
,0441,Austin Nguyen,US,2,3,3,9,False,False,Dragapult Charizard,dragapult-charizard,dragapult|charizard
,0119,Avante Benson,US,3,5,0,9,False,False,Lucario Hariyama,lucario-hariyama,lucario-mega|hariyama
,0138,Avery Balasbas,US,3,5,0,9,False,False,Archaludon,archaludon-ex,archaludon
,0378,Avery Bell,US,3,3,0,9,False,False,Charizard Noctowl,charizard-noctowl,charizard|noctowl
,0446,Ben Clark,US,3,5,0,9,False,False,Gardevoir,gardevoir-ex-sv,gardevoir
,0545,Benji Gillespie,US,3,5,0,9,False,False,Slowking,slowking-scr,slowking
,0024,Blaine Shearer,US,2,3,3,9,False,False,Gholdengo Lunatone,gholdengo-lunatone,gholdengo|lunatone
,1300,Blaine Wilson,US,2,3,3,9,False,False,Ceruledge,ceruledge-ex,ceruledge
,0492,Braden Rachael,US,3,5,0,9,False,False,Lopunny Dusknoir,lopunny-dusknoir,lopunny-mega|dusknoir
,2150,Brandon Kuhn,US,2,3,3,9,False,False,Gholdengo Lunatone,gholdengo-lunatone,gholdengo|lunatone
,0054,Brandon Turner,US,2,3,3,9,False,False,Kangaskhan Bouffalant,kangaskhan-bouffalant,kangaskhan-mega|bouffalant
,0679,Brany Flores Cespedes,PE,3,5,0,9,False,False,Gholdengo Lunatone,gholdengo-lunatone,gholdengo|lunatone
,0595,Brendon Okano,US,3,5,0,9,False,False,Gholdengo Lunatone,gholdengo-lunatone,gholdengo|lunatone
,1840,Bryan Quibol,US,2,3,3,9,False,False,Raging Bolt Ogerpon,raging-bolt-ogerpon,raging-bolt|ogerpon
,1155,Bryce Beeton,US,3,5,0,9,False,False,Charizard Noctowl,charizard-noctowl,charizard|noctowl
,0932,Caleb Frost,US,3,5,0,9,False,False,Gholdengo Lunatone,gholdengo-lunatone,gholdengo|lunatone
,0843,Cameron James,US,3,4,0,9,False,False,Ho-Oh Armarouge,ho-oh-armarouge,ho-oh|armarouge
,0627,Charles Ames,CA,3,3,0,9,False,False,Mega Absol Box,mega-absol-box,absol-mega|kangaskhan-mega
,0014,Cheng xuan (Elvis) Sun,CA,3,3,0,9,False,False,Charizard Noctowl,charizard-noctowl,charizard|noctowl
,0317,Christian Calma,US,3,3,0,9,False,False,Dragapult Dusknoir,dragapult-dusknoir,dragapult|dusknoir
,0198,Clive LePage,US,3,5,0,9,False,False,Other,other,substitute
,2159,Cody Walker,US,3,3,0,9,False,False,Mega Absol Box,mega-absol-box,absol-mega|kangaskhan-mega
,0799,Collen George,US,3,5,0,9,False,False,Gholdengo Lunatone,gholdengo-lunatone,gholdengo|lunatone
,0452,Corey Weidner,US,3,4,0,9,False,False,Mega Absol Box,mega-absol-box,absol-mega|kangaskhan-mega
,0258,Corinne Butler,US,2,3,3,9,False,False,Dragapult,dragapult-ex,dragapult
,0096,Daniel Holt,CA,2,3,3,9,False,False,Dragapult Charizard,dragapult-charizard,dragapult|charizard
,0134,Daniel Perez,US,3,4,0,9,False,False,Lopunny Dusknoir,lopunny-dusknoir,lopunny-mega|dusknoir
,1247,Daniel Reynolds,US,2,3,3,9,False,False,Gholdengo Lunatone,gholdengo-lunatone,gholdengo|lunatone
,1595,Daniel Tran,US,3,3,0,9,False,False,Charizard Noctowl,charizard-noctowl,charizard|noctowl
,1337,David Hobbs,US,3,3,0,9,False,False,Dragapult Dusknoir,dragapult-dusknoir,dragapult|dusknoir
,0197,Douglas Pate,US,3,3,0,9,False,False,Dragapult Dusknoir,dragapult-dusknoir,dragapult|dusknoir
,0953,Drue Townsend,US,3,4,0,9,False,False,Greninja,greninja-ex,greninja
,1343,Ellie Serrano,US,3,5,0,9,False,False,Grimmsnarl Froslass,grimmsnarl-froslass,grimmsnarl|froslass
,1589,Eric Correa,US,3,3,0,9,False,False,roaring-moon,?roaring-moon,roaring-moon
,1988,Eric Griffith,US,3,4,0,9,False,False,Dragapult Dusknoir,dragapult-dusknoir,dragapult|dusknoir
,1118,Erik Nunez,US,3,3,0,9,False,False,Dragapult Dusknoir,dragapult-dusknoir,dragapult|dusknoir
,0762,Ethan Metzger,US,3,3,0,9,False,False,Raging Bolt Ogerpon,raging-bolt-ogerpon,raging-bolt|ogerpon
,1047,Felix Arrioja,US,2,3,3,9,False,False,N's Zoroark,n-zoroark,zoroark
,1931,Fox Ribble,US,3,3,0,9,False,False,Dragapult Dusknoir,dragapult-dusknoir,dragapult|dusknoir
,1744,Francisco Torres Castillo,US,2,3,3,9,False,False,Raging Bolt Ogerpon,raging-bolt-ogerpon,raging-bolt|ogerpon
,2067,Gabriel Romero,US,3,5,0,9,False,False,N's Zoroark,n-zoroark,zoroark
,0224,Gary Nguyen,US,3,3,0,9,False,False,Greninja,greninja-ex,greninja
,1856,Greg Hart,CA,2,3,3,9,False,False,Crustle,crustle-dri,crustle
,1581,Harrison Bechtold,US,2,3,3,9,False,False,Dragapult Dusknoir,dragapult-dusknoir,dragapult|dusknoir
,0166,Hayden Cameron-Jacobus,US,3,3,0,9,False,False,Gardevoir,gardevoir-ex-sv,gardevoir
,1227,Hikaru Mannix Ochiai,US,3,5,0,9,False,False,Gholdengo Lunatone,gholdengo-lunatone,gholdengo|lunatone
,1679,Hugo Espinoza Diaz,US,3,5,0,9,False,False,Greninja,greninja-ex,greninja
,0558,I Chae Ye,US,3,3,0,9,False,False,Raging Bolt Ogerpon,raging-bolt-ogerpon,raging-bolt|ogerpon
,0328,I-Chen Lin,US,3,5,0,9,False,False,Gholdengo Lunatone,gholdengo-lunatone,gholdengo|lunatone
,0144,Iain Harding,US,3,4,0,9,False,False,Gardevoir,gardevoir-ex-sv,gardevoir
,1066,Jack Albertsen,US,3,5,0,9,False,False,Charizard Noctowl,charizard-noctowl,charizard|noctowl
,1937,Jackson Mathews,US,3,4,0,9,False,False,Dragapult Dusknoir,dragapult-dusknoir,dragapult|dusknoir
,0616,Jaden Frimodt,US,2,3,3,9,False,False,Dragapult Dusknoir,dragapult-dusknoir,dragapult|dusknoir
,1896,James Avila,US,2,2,3,9,False,False,N's Zoroark,n-zoroark,zoroark
,2134,James Von Essen,US,3,3,0,9,False,False,Raging Bolt Ogerpon,raging-bolt-ogerpon,raging-bolt|ogerpon
,1969,Janna Novak,US,3,4,0,9,False,False,Dragapult Dusknoir,dragapult-dusknoir,dragapult|dusknoir
,0719,Jason Shrofe,US,3,5,0,9,False,False,Mega Absol Box,mega-absol-box,absol-mega|kangaskhan-mega
,1461,Jason Silinskas,US,3,5,0,9,False,False,Sharpedo Toxtricity,sharpedo-toxtricity,sharpedo-mega|toxtricity
,1703,Jayden Chow,CA,3,3,0,9,False,False,Ceruledge,ceruledge-ex,ceruledge
,0490,Jean-Luc Cinq-Mars,US,3,3,0,9,False,False,Greninja,greninja-ex,greninja
,1020,Jeremiah Rogers,US,2,3,3,9,False,False,Raging Bolt Ogerpon,raging-bolt-ogerpon,raging-bolt|ogerpon
,2143,Jeremy Stubitsch,CA,3,3,0,9,False,False,N's Zoroark,n-zoroark,zoroark
,1905,Joe Jimenez,US,2,3,3,9,False,False,Gardevoir Jellicent,gardevoir-jellicent,gardevoir|jellicent
,0824,Jordan Wilcox,US,2,3,3,9,False,False,Gardevoir Jellicent,gardevoir-jellicent,gardevoir|jellicent
,0764,Jose Roberto CABRIALES DE HOYOS,MX,3,5,0,9,False,False,Mega Venusaur,mega-venusaur-ex,venusaur-mega
,0250,Joseph DeCock,US,3,3,0,9,False,False,Ursaluna Lunatone,ursaluna-lunatone,ursaluna-bloodmoon|lunatone
,0266,Josh Litvinoff,US,3,5,0,9,False,False,Alakazam Dudunsparce,alakazam-dudunsparce,alakazam|dudunsparce
,0921,Josh Weller,US,3,5,0,9,False,False,Gardevoir,gardevoir-ex-sv,gardevoir
,1410,Joshua Lam,CA,3,3,0,9,False,False,Gholdengo Lunatone,gholdengo-lunatone,gholdengo|lunatone
,0569,Jovani Gratton,US,3,5,0,9,False,False,Raging Bolt Ogerpon,raging-bolt-ogerpon,raging-bolt|ogerpon
,2103,Justin Howard,US,3,4,0,9,False,False,Gholdengo Lunatone,gholdengo-lunatone,gholdengo|lunatone
,0804,Kaleb Maxson,US,3,5,0,9,False,False,Dragapult Dusknoir,dragapult-dusknoir,dragapult|dusknoir
,0420,Kalijah Santos,US,3,3,0,9,False,False,Gholdengo Lunatone,gholdengo-lunatone,gholdengo|lunatone
,0855,Ken Hwang,CA,2,3,3,9,False,False,Mega Absol Box,mega-absol-box,absol-mega|kangaskhan-mega
,0951,Kristen Schaefer,US,3,5,0,9,False,False,Mega Venusaur,mega-venusaur-ex,venusaur-mega
,1241,Lennon Baugh,US,3,5,0,9,False,False,Dragapult Charizard,dragapult-charizard,dragapult|charizard
,0333,Leo Reyes-Boyer,US,3,3,0,9,False,False,Gholdengo Lunatone,gholdengo-lunatone,gholdengo|lunatone
,1842,Lucas Ball,US,3,3,0,9,False,False,Festival Lead,festival-lead,dipplin|thwackey
,1179,Luke Kruenegel,US,3,4,0,9,False,False,Slowking,slowking-scr,slowking
,0928,Madison Dick,US,3,5,0,9,False,False,Raging Bolt Ogerpon,raging-bolt-ogerpon,raging-bolt|ogerpon
,1762,Marco Cervantes,US,2,2,3,9,False,False,Ho-Oh Armarouge,ho-oh-armarouge,ho-oh|armarouge
,0374,Marco Sandoval,US,3,3,0,9,False,False,Dragapult Dusknoir,dragapult-dusknoir,dragapult|dusknoir
,0285,Mari Anderson,US,3,3,0,9,False,False,Dragapult Dusknoir,dragapult-dusknoir,dragapult|dusknoir
,1593,Mario Solis,US,3,3,0,9,False,False,Dragapult Dusknoir,dragapult-dusknoir,dragapult|dusknoir
,1249,Mark Dreitzler,US,3,4,0,9,False,False,Ethan's Typhlosion,ethan-typhlosion,typhlosion
,0840,Mark Loo,US,3,5,0,9,False,False,Ceruledge,ceruledge-ex,ceruledge
,2225,Maury Rosario,US,3,3,0,9,False,False,Charizard Noctowl,charizard-noctowl,charizard|noctowl
,0701,Max Hurwitz,US,3,3,0,9,False,False,Greninja,greninja-ex,greninja
,1799,Maya Ramirez,US,3,5,0,9,False,False,Charizard Noctowl,charizard-noctowl,charizard|noctowl
,0607,Michael Silver,US,3,4,0,9,False,False,Dragapult Dusknoir,dragapult-dusknoir,dragapult|dusknoir
,0329,Nathan White,US,3,5,0,9,False,False,N's Zoroark,n-zoroark,zoroark
,2173,Nathan Wong,CA,2,3,3,9,False,False,Gardevoir Jellicent,gardevoir-jellicent,gardevoir|jellicent
,1862,Nicholas Moffitt,US,3,3,0,9,False,False,Gardevoir Jellicent,gardevoir-jellicent,gardevoir|jellicent
,1204,Nicholas Wedler,US,2,3,3,9,False,False,Sharpedo Toxtricity,sharpedo-toxtricity,sharpedo-mega|toxtricity
,1327,Nick Bocchetti,US,3,3,0,9,False,False,Gardevoir,gardevoir-ex-sv,gardevoir
,1139,Nick Van Rooyen,CA,3,5,0,9,False,False,Dragapult Dusknoir,dragapult-dusknoir,dragapult|dusknoir
,1142,Olaf Rodriguez,US,2,3,3,9,False,False,Kangaskhan Bouffalant,kangaskhan-bouffalant,kangaskhan-mega|bouffalant
,0232,Olivia Lohman,US,3,5,0,9,False,False,Gholdengo Lunatone,gholdengo-lunatone,gholdengo|lunatone
,2229,Orel Avila-Navarrete,US,3,5,0,9,False,False,Gholdengo Lunatone,gholdengo-lunatone,gholdengo|lunatone
,1181,Paul St Jean,CA,3,5,0,9,False,False,Dragapult Dusknoir,dragapult-dusknoir,dragapult|dusknoir
,1222,Quinn Marianno,US,3,5,0,9,False,False,Hop's Zacian,hop-zacian,zacian-crowned|snorlax
,2131,Raymond Lucas,US,3,4,0,9,False,False,Lucario Hariyama,lucario-hariyama,lucario-mega|hariyama
,1154,Rayven Moua,US,3,5,0,9,False,False,Charizard Noctowl,charizard-noctowl,charizard|noctowl
,1223,Rebecca Gaul,US,3,4,0,9,False,False,Dragapult Dusknoir,dragapult-dusknoir,dragapult|dusknoir
,0915,Ruben Aguirre,US,2,3,3,9,False,False,Alakazam Dudunsparce,alakazam-dudunsparce,alakazam|dudunsparce
,0673,Ryan Link,US,3,4,0,9,False,False,Raging Bolt Ogerpon,raging-bolt-ogerpon,raging-bolt|ogerpon
,1016,Ryan McGarity,US,2,3,3,9,False,False,Gholdengo Lunatone,gholdengo-lunatone,gholdengo|lunatone
,0292,Ryan blake,US,2,3,3,9,False,False,N's Zoroark,n-zoroark,zoroark
,1865,Samantha Crystal,US,3,5,0,9,False,False,Dragapult Dusknoir,dragapult-dusknoir,dragapult|dusknoir
,2057,Samuel Nygaard,CA,3,5,0,9,False,False,Future Hands,iron-hands-ex,iron-hands|iron-crown
,1886,Sayan Das,US,3,3,0,9,False,False,Gardevoir Jellicent,gardevoir-jellicent,gardevoir|jellicent
,0605,Shane Klint,US,2,3,3,9,False,False,Gardevoir,gardevoir-ex-sv,gardevoir
,1133,Shawn Jenjak,US,3,5,0,9,False,False,Charizard Noctowl,charizard-noctowl,charizard|noctowl
,1165,Steven Amos,US,3,5,0,9,False,False,Gholdengo Lunatone,gholdengo-lunatone,gholdengo|lunatone
,0864,Thomas Welch,US,2,2,3,9,False,False,N's Zoroark,n-zoroark,zoroark
,2162,Timothy Roy,US,3,2,0,9,False,False,Raging Bolt Ogerpon,raging-bolt-ogerpon,raging-bolt|ogerpon
,1636,Tommy Le,US,2,3,3,9,False,False,Gholdengo Lunatone,gholdengo-lunatone,gholdengo|lunatone
,1565,Tyler Cain,US,3,3,0,9,False,False,Kangaskhan Bouffalant,kangaskhan-bouffalant,kangaskhan-mega|bouffalant
,1675,Tyler Thammavongsa,US,3,3,0,9,False,False,Gholdengo Lunatone,gholdengo-lunatone,gholdengo|lunatone
,0773,Valerie Barboza,US,3,5,0,9,False,False,Tera Box,tera-box,noctowl|ogerpon-wellspring
,2156,Verity Pond,US,2,3,3,9,False,False,Grimmsnarl Froslass,grimmsnarl-froslass,grimmsnarl|froslass
,0555,Vic Jones,US,3,5,0,9,False,False,roaring-moon,?roaring-moon,roaring-moon
,0644,Victormanuel Jimenez,US,3,3,0,9,False,False,Mega Absol Box,mega-absol-box,absol-mega|kangaskhan-mega
,1312,Vyktor Cintron,US,2,3,3,9,False,False,Dragapult Charizard,dragapult-charizard,dragapult|charizard
,1086,Wen Xuan Qiu,CA,2,3,3,9,False,False,Gardevoir,gardevoir-ex-sv,gardevoir
,0736,William Taylor,US,3,5,0,9,False,False,Dragapult Dusknoir,dragapult-dusknoir,dragapult|dusknoir
,0201,YOHEI INOUE,US,2,3,3,9,False,False,Gardevoir Jellicent,gardevoir-jellicent,gardevoir|jellicent
,1753,Yifan Lu,US,3,5,0,9,False,False,Dragapult Dusknoir,dragapult-dusknoir,dragapult|dusknoir
,0393,Zachary Olivencia,US,3,3,0,9,False,False,Gardevoir Jellicent,gardevoir-jellicent,gardevoir|jellicent
,1481,Zerrin Gardner,US,3,5,0,9,False,False,Raging Bolt Ogerpon,raging-bolt-ogerpon,raging-bolt|ogerpon
,0922,aaron arturo aguirre osuna,MX,3,3,0,9,False,False,Raging Bolt Ogerpon,raging-bolt-ogerpon,raging-bolt|ogerpon
,1360,byron pierce,US,3,5,0,9,False,False,Gholdengo Lunatone,gholdengo-lunatone,gholdengo|lunatone
,1989,jacob newton,US,3,5,0,9,False,False,N's Zoroark,n-zoroark,zoroark
,0216,maryam eldenawi,US,3,4,0,9,False,False,Gardevoir Jellicent,gardevoir-jellicent,gardevoir|jellicent
,1391,yiwen jin,US,2,1,3,9,False,False,Charizard Pidgeot,charizard-pidgeot,charizard|pidgeot
,0161,Adam Dunworth,US,2,2,2,8,False,False,Gardevoir Jellicent,gardevoir-jellicent,gardevoir|jellicent
,1622,Aiden Toler,US,2,2,2,8,False,False,Mega Absol Box,mega-absol-box,absol-mega|kangaskhan-mega
,0707,Alex Davis,US,2,4,2,8,False,False,Gholdengo Lunatone,gholdengo-lunatone,gholdengo|lunatone
,1774,Alex Fox,US,2,4,2,8,False,False,Raging Bolt Ogerpon,raging-bolt-ogerpon,raging-bolt|ogerpon
,0548,Alexander Remick,US,2,2,2,8,False,False,Gholdengo Lunatone,gholdengo-lunatone,gholdengo|lunatone
,0085,Andrea Benson,US,2,4,2,8,False,False,Ceruledge,ceruledge-ex,ceruledge
,1669,Andrew Adams,US,2,4,2,8,False,False,Gardevoir,gardevoir-ex-sv,gardevoir
,1411,Andrew Hernandez,US,2,4,2,8,False,False,Dragapult Dusknoir,dragapult-dusknoir,dragapult|dusknoir
,1052,Andrew Oliver,US,1,2,5,8,False,False,Hydrapple Ogerpon,hydrapple-ogerpon,hydrapple|ogerpon
,1824,Andrew Smith,CA,2,4,2,8,False,False,Cynthia's Garchomp,cynthia-garchomp-ex,garchomp
,0262,Anthony Pham,US,2,4,2,8,False,False,N's Zoroark,n-zoroark,zoroark
,0805,Avery Pawson,US,2,3,2,8,False,False,Flareon Noctowl,flareon-noctowl,flareon|noctowl
,2085,Braden Trimmer,US,2,4,2,8,False,False,Pidgeot Control,pidgeot-control,pidgeot
,1965,Brianna Yu,US,2,3,2,8,False,False,Greninja,greninja-ex,greninja
,0866,Charly Zuniga,US,2,3,2,8,False,False,Raging Bolt Ogerpon,raging-bolt-ogerpon,raging-bolt|ogerpon
,0494,Chih-Fan Chiang,US,2,3,2,8,False,False,Dragapult Dusknoir,dragapult-dusknoir,dragapult|dusknoir
,0573,Chris Nguyen,US,2,2,2,8,False,False,Kangaskhan Bouffalant,kangaskhan-bouffalant,kangaskhan-mega|bouffalant
,2208,Christian Simmons,US,2,2,2,8,False,False,Gholdengo Lunatone,gholdengo-lunatone,gholdengo|lunatone
,0750,Christopher Novak,US,2,4,2,8,False,False,Gholdengo Lunatone,gholdengo-lunatone,gholdengo|lunatone
,2114,Christopher Yu,US,2,4,2,8,False,False,Charizard Noctowl,charizard-noctowl,charizard|noctowl
,0195,Corey Dunn,US,2,3,2,8,False,False,Raging Bolt Ogerpon,raging-bolt-ogerpon,raging-bolt|ogerpon
,0064,David Paris,US,2,2,2,8,False,False,Gholdengo Lunatone,gholdengo-lunatone,gholdengo|lunatone
,1271,Eddie Pizzano,US,2,2,2,8,False,False,Charizard Pidgeot,charizard-pidgeot,charizard|pidgeot
,1015,Edric Haryanto,CA,2,4,2,8,False,False,Ceruledge,ceruledge-ex,ceruledge
,1045,Elliott Zech,US,2,3,2,8,False,False,N's Zoroark,n-zoroark,zoroark
,0291,Eric Ngo,US,2,4,2,8,False,False,Gardevoir Jellicent,gardevoir-jellicent,gardevoir|jellicent
,1125,Erik Solano,US,2,4,2,8,False,False,Dragapult Dusknoir,dragapult-dusknoir,dragapult|dusknoir
,0913,Fanni Horvath,US,2,4,2,8,False,False,Dragapult Dusknoir,dragapult-dusknoir,dragapult|dusknoir
,1278,Francis Canda,US,2,4,2,8,False,False,Dragapult Dusknoir,dragapult-dusknoir,dragapult|dusknoir
,2113,Hannah Nazareno,US,2,4,2,8,False,False,Crustle,crustle-dri,crustle
,1161,Henry Flores,US,2,4,2,8,False,False,Dragapult Charizard,dragapult-charizard,dragapult|charizard
,0755,Hermes Arriola Jr,US,2,4,2,8,False,False,Charizard Noctowl,charizard-noctowl,charizard|noctowl
,1855,Hoi Fung Tong,CA,2,2,2,8,False,False,Alakazam Dudunsparce,alakazam-dudunsparce,alakazam|dudunsparce
,0001,Hubey Razon,CA,2,3,2,8,False,False,Gardevoir Jellicent,gardevoir-jellicent,gardevoir|jellicent
,0925,Jack Lundgren,US,2,4,2,8,False,False,Gardevoir Jellicent,gardevoir-jellicent,gardevoir|jellicent
,1602,Jason Kim,US,2,2,2,8,False,False,Charizard Pidgeot,charizard-pidgeot,charizard|pidgeot
,2149,Jeff Hicks,US,2,2,2,8,False,False,Mega Absol Box,mega-absol-box,absol-mega|kangaskhan-mega
,2071,Jeremiah Steel,US,2,2,2,8,False,False,Alakazam Dudunsparce,alakazam-dudunsparce,alakazam|dudunsparce
,2109,Jim Rice,US,2,2,2,8,False,False,Kangaskhan Forretress,kangaskhan-forretress,kangaskhan-mega|forretress
,1380,Joey Le,US,2,4,2,8,False,False,Other,other,substitute
,1607,John Martius Placido,US,2,4,2,8,False,False,Ceruledge,ceruledge-ex,ceruledge
,1451,Johnathon Farrell,CA,2,4,2,8,False,False,N's Zoroark,n-zoroark,zoroark
,1758,Jon Oldale,CA,2,4,2,8,False,False,Dragapult Dusknoir,dragapult-dusknoir,dragapult|dusknoir
,0813,Jonathan Escobedo,US,2,4,2,8,False,False,Dragapult Dusknoir,dragapult-dusknoir,dragapult|dusknoir
,0727,Jose Munoz,US,2,2,2,8,False,False,Alakazam Dudunsparce,alakazam-dudunsparce,alakazam|dudunsparce
,0260,Josh Gonzalez,US,2,4,2,8,False,False,Grimmsnarl Froslass,grimmsnarl-froslass,grimmsnarl|froslass
,0651,Joshua Aaron,US,2,3,2,8,False,False,Grimmsnarl Froslass,grimmsnarl-froslass,grimmsnarl|froslass
,0276,Justin Southwick,US,2,4,2,8,False,False,Mega Absol Box,mega-absol-box,absol-mega|kangaskhan-mega
,0920,Kalin Nebeker,US,2,4,2,8,False,False,Grimmsnarl Froslass,grimmsnarl-froslass,grimmsnarl|froslass
,0422,Kelsen Whitehair,US,2,2,2,8,False,False,Mega Absol Box,mega-absol-box,absol-mega|kangaskhan-mega
,0003,Kenneth Bishop,US,2,4,2,8,False,False,Charizard Pidgeot,charizard-pidgeot,charizard|pidgeot
,1010,Kevin Luu,US,2,4,2,8,False,False,Charizard Noctowl,charizard-noctowl,charizard|noctowl
,1419,Kevin Ta,US,2,4,2,8,False,False,Mega Venusaur,mega-venusaur-ex,venusaur-mega
,1808,Kori Haarz,US,2,4,2,8,False,False,Dragapult Dusknoir,dragapult-dusknoir,dragapult|dusknoir
,0039,Kyle Garcia,US,2,2,2,8,False,False,Gholdengo Lunatone,gholdengo-lunatone,gholdengo|lunatone
,0098,Luke Maher,US,2,2,2,8,False,False,Ho-Oh Armarouge,ho-oh-armarouge,ho-oh|armarouge
,1543,MAXWELL ALBERTSON,US,2,4,2,8,False,False,Festival Lead,festival-lead,dipplin|thwackey
,1471,Makar Macaya,US,2,2,2,8,False,False,Gholdengo Lunatone,gholdengo-lunatone,gholdengo|lunatone
,0488,Marco Angelo Ramos,US,2,3,2,8,False,False,Gholdengo Lunatone,gholdengo-lunatone,gholdengo|lunatone
,1272,Martina Gapasin,US,2,3,2,8,False,False,Gholdengo Lunatone,gholdengo-lunatone,gholdengo|lunatone
,2023,Matt David,US,2,3,2,8,False,False,Dragapult Dusknoir,dragapult-dusknoir,dragapult|dusknoir
,2207,Matteo Perez,US,2,2,2,8,False,False,Mega Absol Box,mega-absol-box,absol-mega|kangaskhan-mega
,1027,Michael Fiore,US,2,3,2,8,False,False,Kangaskhan Bouffalant,kangaskhan-bouffalant,kangaskhan-mega|bouffalant
,1802,Miguelangel Romero,US,1,2,5,8,False,False,Hydreigon,hydreigon-ex,hydreigon
,0017,Nickales Vernon,US,2,3,2,8,False,False,Grimmsnarl Froslass,grimmsnarl-froslass,grimmsnarl|froslass
,1617,Rafael Estrada,US,2,4,2,8,False,False,Dragapult Dusknoir,dragapult-dusknoir,dragapult|dusknoir
,0620,Recco Connor,US,2,2,2,8,False,False,N's Zoroark,n-zoroark,zoroark
,1946,Rene Aquino,CA,2,2,2,8,False,False,Gholdengo Lunatone,gholdengo-lunatone,gholdengo|lunatone
,1624,Robert Marrett,US,2,2,2,8,False,False,Charizard Noctowl,charizard-noctowl,charizard|noctowl
,1879,Romer Ibo,US,2,4,2,8,False,False,Gardevoir Jellicent,gardevoir-jellicent,gardevoir|jellicent
,0239,Sam Downs,US,2,4,2,8,False,False,N's Zoroark,n-zoroark,zoroark
,1590,Samuel Seidel,US,2,2,2,8,False,False,Alakazam Dudunsparce,alakazam-dudunsparce,alakazam|dudunsparce
,2158,Sean Davis,US,2,4,2,8,False,False,Mega Absol Box,mega-absol-box,absol-mega|kangaskhan-mega
,1374,Shicong Zhao,US,2,4,2,8,False,False,Mega Absol Box,mega-absol-box,absol-mega|kangaskhan-mega
,0309,THOMAS KOBBS,US,2,4,2,8,False,False,Alakazam Dudunsparce,alakazam-dudunsparce,alakazam|dudunsparce
,1807,Taliesin Shelton,US,2,4,2,8,False,False,Dragapult Dusknoir,dragapult-dusknoir,dragapult|dusknoir
,1485,Thomas Powell,US,2,3,2,8,False,False,N's Zoroark,n-zoroark,zoroark
,1557,Tiancheng Lin,US,2,3,2,8,False,False,Gardevoir,gardevoir-ex-sv,gardevoir
,0535,Travis Cloud,US,2,3,2,8,False,False,Gholdengo Lunatone,gholdengo-lunatone,gholdengo|lunatone
,0626,Treavor Philyaw,US,2,2,2,8,False,False,Gholdengo Lunatone,gholdengo-lunatone,gholdengo|lunatone
,0225,Trew Robison,US,2,4,2,8,False,False,Mamoswine,mamoswine-ex,mamoswine
,0661,Tyler Bottom,US,2,4,2,8,False,False,Gholdengo Lunatone,gholdengo-lunatone,gholdengo|lunatone
,1235,cody thompson,US,2,4,2,8,False,False,Charizard Noctowl,charizard-noctowl,charizard|noctowl
,0253,jonathan elder,US,2,4,2,8,False,False,Gardevoir Jellicent,gardevoir-jellicent,gardevoir|jellicent
,0227,julien bloom,US,2,4,2,8,False,False,Gardevoir,gardevoir-ex-sv,gardevoir
,2092,Aaron Duggan,US,2,3,1,7,False,False,N's Zoroark,n-zoroark,zoroark
,1358,Aaron Leong,US,2,5,1,7,False,False,Gholdengo Lunatone,gholdengo-lunatone,gholdengo|lunatone
,1723,Adam Rodriguez,US,2,3,1,7,False,False,Dragapult Dusknoir,dragapult-dusknoir,dragapult|dusknoir
,1302,Adrian Sanchez,US,2,4,1,7,False,False,Conkeldurr,conkeldurr-twm,conkeldurr
,0942,Alex McNeill,US,2,5,1,7,False,False,Gholdengo Lunatone,gholdengo-lunatone,gholdengo|lunatone
,1453,Alice Albarran,US,2,3,1,7,False,False,Froslass Munkidori,froslass-munkidori,froslass|munkidori
,0578,Andrew Prom,US,2,3,1,7,False,False,Gholdengo Lunatone,gholdengo-lunatone,gholdengo|lunatone
,1168,Anne Rose,US,2,3,1,7,False,False,Gardevoir Jellicent,gardevoir-jellicent,gardevoir|jellicent
,0713,Anthony Bartolome,US,2,3,1,7,False,False,Alakazam Dudunsparce,alakazam-dudunsparce,alakazam|dudunsparce
,1837,Anthony Pyne,US,1,3,4,7,False,False,Greninja,greninja-ex,greninja
,1523,Anthony Vargas,US,2,3,1,7,False,False,Dragapult Charizard,dragapult-charizard,dragapult|charizard
,1540,Austin Drake,CA,2,3,1,7,False,False,Gardevoir Jellicent,gardevoir-jellicent,gardevoir|jellicent
,2181,Avery Phimmasehn,US,2,3,1,7,False,False,N's Zoroark,n-zoroark,zoroark
,0460,Bailey Bennett,US,2,3,1,7,False,False,Gholdengo Lunatone,gholdengo-lunatone,gholdengo|lunatone
,0160,Ben Dracup,US,2,5,1,7,False,False,Charizard Noctowl,charizard-noctowl,charizard|noctowl
,1785,Benjamin Moenning,US,2,4,1,7,False,False,Dragapult Dusknoir,dragapult-dusknoir,dragapult|dusknoir
,1096,Benjamin Tully,US,2,3,1,7,False,False,Greninja,greninja-ex,greninja
,0733,Brandon Light,US,2,5,1,7,False,False,Flareon Noctowl,flareon-noctowl,flareon|noctowl
,1080,Brandon Nelson,US,2,3,1,7,False,False,N's Zoroark,n-zoroark,zoroark
,0290,Brandon V Jones,US,2,4,1,7,False,False,Dragapult Dusknoir,dragapult-dusknoir,dragapult|dusknoir
,0120,Braylon Helms,US,2,4,1,7,False,False,Charizard Noctowl,charizard-noctowl,charizard|noctowl
,0352,Brian Genord,US,2,3,1,7,False,False,Gholdengo Lunatone,gholdengo-lunatone,gholdengo|lunatone
,0189,Broden Phillips,US,2,3,1,7,False,False,unknown,?,
,0212,Byron Clark,US,2,5,1,7,False,False,Dragapult Dusknoir,dragapult-dusknoir,dragapult|dusknoir
,1143,Calvin Humphries,US,2,4,1,7,False,False,Gardevoir,gardevoir-ex-sv,gardevoir
,1060,Chase Hurte,US,2,3,1,7,False,False,Gardevoir Jellicent,gardevoir-jellicent,gardevoir|jellicent
,0728,Chaz Cooper,US,2,4,1,7,False,False,Pidgeot Control,pidgeot-control,pidgeot
,2148,Christian McClaskey,US,2,3,1,7,False,False,Mega Absol Box,mega-absol-box,absol-mega|kangaskhan-mega
,1446,Christina Melnychuk,CA,2,5,1,7,False,False,Gholdengo Lunatone,gholdengo-lunatone,gholdengo|lunatone
,0849,Christopher Smith,US,2,4,1,7,False,False,Other,other,substitute
,0835,Christopher Vasquez,US,2,3,1,7,False,False,Gardevoir Jellicent,gardevoir-jellicent,gardevoir|jellicent
,2230,Cody Ammons,US,2,5,1,7,False,False,Mega Absol Box,mega-absol-box,absol-mega|kangaskhan-mega
,1414,Cole Goree,US,2,3,1,7,False,False,Ho-Oh Armarouge,ho-oh-armarouge,ho-oh|armarouge
,1449,Dagger Anderson,US,2,3,1,7,False,False,Gardevoir,gardevoir-ex-sv,gardevoir
,1184,Daniel Aceves,MX,2,4,1,7,False,False,Dragapult Dusknoir,dragapult-dusknoir,dragapult|dusknoir
,2194,Daniel Reyes,CA,2,5,1,7,False,False,Hydrapple Ogerpon,hydrapple-ogerpon,hydrapple|ogerpon
,0910,Danny Thrasher,US,2,5,1,7,False,False,Gholdengo Lunatone,gholdengo-lunatone,gholdengo|lunatone
,0220,Danny Tsechansky,US,2,5,1,7,False,False,Dragapult Charizard,dragapult-charizard,dragapult|charizard
,1959,David Castillo,US,2,3,1,7,False,False,Flareon Noctowl,flareon-noctowl,flareon|noctowl
,0801,David Stanko,US,2,3,1,7,False,False,Gardevoir,gardevoir-ex-sv,gardevoir
,1404,Desiree Dioquino,US,2,3,1,7,False,False,Dragapult Charizard,dragapult-charizard,dragapult|charizard
,0338,Diego Venegas,US,2,3,1,7,False,False,N's Zoroark,n-zoroark,zoroark
,1844,Dominic Truehart,US,2,3,1,7,False,False,Toedscruel,toedscruel-ex,toedscruel|ogerpon
,0053,Drevis Umtuch,US,2,3,1,7,False,False,Charizard Noctowl,charizard-noctowl,charizard|noctowl
,2193,Dylan Radius,US,1,3,4,7,False,False,Dragapult Dusknoir,dragapult-dusknoir,dragapult|dusknoir
,0857,Ellie Ward,US,2,5,1,7,False,False,N's Zoroark,n-zoroark,zoroark
,0946,Erik Hoerner,US,2,4,1,7,False,False,Raging Bolt Ogerpon,raging-bolt-ogerpon,raging-bolt|ogerpon
,0516,Ethan Chen,CA,2,3,1,7,False,False,Gardevoir Jellicent,gardevoir-jellicent,gardevoir|jellicent
,0463,Evan Hutcheson,US,2,5,1,7,False,False,Toedscruel,toedscruel-ex,toedscruel|ogerpon
,1477,Felix Rios,US,2,5,1,7,False,False,Charizard Noctowl,charizard-noctowl,charizard|noctowl
,0097,Francisco Lopez,US,2,4,1,7,False,False,Kangaskhan Bouffalant,kangaskhan-bouffalant,kangaskhan-mega|bouffalant
,0123,Frida Hutcheson,US,2,5,1,7,False,False,Gholdengo Lunatone,gholdengo-lunatone,gholdengo|lunatone
,0150,Gabriel Coe,US,2,4,1,7,False,False,Charizard Pidgeot,charizard-pidgeot,charizard|pidgeot
,0128,Gabriel Kiesz,CA,2,3,1,7,False,False,Gardevoir,gardevoir-ex-sv,gardevoir
,1749,George Smith,US,2,4,1,7,False,False,Raging Bolt Ogerpon,raging-bolt-ogerpon,raging-bolt|ogerpon
,0856,Gerald Omictin,US,2,3,1,7,False,False,Alakazam Dudunsparce,alakazam-dudunsparce,alakazam|dudunsparce
,0396,Gerardo Salinas,US,2,3,1,7,False,False,Gholdengo Lunatone,gholdengo-lunatone,gholdengo|lunatone
,1608,Giovanni Emblen,US,2,5,1,7,False,False,Charizard Noctowl,charizard-noctowl,charizard|noctowl
,1092,Grant Delaney,US,2,5,1,7,False,False,Gholdengo Lunatone,gholdengo-lunatone,gholdengo|lunatone
,0438,Griffin Norvell,US,2,3,1,7,False,False,Mega Absol Box,mega-absol-box,absol-mega|kangaskhan-mega
,0940,Handy Ho,US,2,4,1,7,False,False,Grimmsnarl Froslass,grimmsnarl-froslass,grimmsnarl|froslass
,1129,Hayden Selvera,US,2,3,1,7,False,False,Grimmsnarl Froslass,grimmsnarl-froslass,grimmsnarl|froslass
,1950,Hector Gomez,US,2,4,1,7,False,False,Dragapult Dusknoir,dragapult-dusknoir,dragapult|dusknoir
,1365,Hunter Slack,US,2,3,1,7,False,False,Gholdengo Lunatone,gholdengo-lunatone,gholdengo|lunatone
,0806,Jared Tapia,US,2,5,1,7,False,False,Charizard Noctowl,charizard-noctowl,charizard|noctowl
,0745,Jaron Leach,US,2,5,1,7,False,False,Dragapult Charizard,dragapult-charizard,dragapult|charizard
,1430,Jasmin Nguyen,CA,2,3,1,7,False,False,Grimmsnarl Froslass,grimmsnarl-froslass,grimmsnarl|froslass
,0601,Jeffrey Wang,US,2,3,1,7,False,False,Iron Hands Magneton,iron-hands-magneton,iron-hands|magneton
,1671,Jeni Cardinal,CA,2,4,1,7,False,False,Alakazam Dudunsparce,alakazam-dudunsparce,alakazam|dudunsparce
,1924,Jessica Phan,US,1,3,4,7,False,False,Mega Venusaur,mega-venusaur-ex,venusaur-mega
,0874,Jesus Arechiga,US,2,4,1,7,False,False,Raging Bolt Ogerpon,raging-bolt-ogerpon,raging-bolt|ogerpon
,0447,Jordan Williams,US,2,5,1,7,False,False,Dragapult Dusknoir,dragapult-dusknoir,dragapult|dusknoir
,0682,Jorge Calderon,US,2,3,1,7,False,False,Mega Venusaur,mega-venusaur-ex,venusaur-mega
,1384,Joseph Galindo,US,2,3,1,7,False,False,Dragapult Dusknoir,dragapult-dusknoir,dragapult|dusknoir
,0474,Joseph Huber,US,2,3,1,7,False,False,Slowking,slowking-scr,slowking
,2115,Josh Alvarez,US,2,4,1,7,False,False,Gardevoir,gardevoir-ex-sv,gardevoir
,1770,Josh Hunt,US,2,3,1,7,False,False,Slowking,slowking-scr,slowking
,0740,Joshua Balser,US,1,3,4,7,False,False,Raging Bolt Ogerpon,raging-bolt-ogerpon,raging-bolt|ogerpon
,0568,Joshua Sanchez,US,2,2,1,7,False,False,Gardevoir,gardevoir-ex-sv,gardevoir
,1037,Kana Kubota,US,2,5,1,7,False,False,Dragapult Dusknoir,dragapult-dusknoir,dragapult|dusknoir
,0022,Kasten Welsh,US,2,3,1,7,False,False,Charizard Noctowl,charizard-noctowl,charizard|noctowl
,0566,Kevin Haro,US,2,5,1,7,False,False,Gholdengo Lunatone,gholdengo-lunatone,gholdengo|lunatone
,1441,KiKi Baier,CA,2,5,1,7,False,False,Mega Absol Box,mega-absol-box,absol-mega|kangaskhan-mega
,1864,Leslie Contreras,US,2,3,1,7,False,False,Dragapult Dusknoir,dragapult-dusknoir,dragapult|dusknoir
,1405,Liam Hyatt,US,2,3,1,7,False,False,N's Zoroark,n-zoroark,zoroark
,1259,Luis Delgado,US,2,3,1,7,False,False,Slaking,slaking-ex,slaking
,0952,Luis Ventura,US,2,3,1,7,False,False,Dragapult Dusknoir,dragapult-dusknoir,dragapult|dusknoir
,0267,Maddie Grossman,US,2,4,1,7,False,False,Grimmsnarl Froslass,grimmsnarl-froslass,grimmsnarl|froslass
,0209,Manuel Diaz,US,2,1,1,7,False,False,Gholdengo Lunatone,gholdengo-lunatone,gholdengo|lunatone
,0127,Marsh Martinez,US,2,3,1,7,False,False,Mega Absol Box,mega-absol-box,absol-mega|kangaskhan-mega
,0155,Mason Carraro,CA,2,3,1,7,False,False,Gardevoir,gardevoir-ex-sv,gardevoir
,0179,Mateo Walsh,CA,2,4,1,7,False,False,Gholdengo Lunatone,gholdengo-lunatone,gholdengo|lunatone
,1432,Mateus Portilho,US,2,4,1,7,False,False,Charizard Noctowl,charizard-noctowl,charizard|noctowl
,1297,Matt Harrop,US,2,5,1,7,False,False,Hydreigon,hydreigon-ex,hydreigon
,1635,Matt Oberholtzer,US,2,3,1,7,False,False,Raging Bolt Ogerpon,raging-bolt-ogerpon,raging-bolt|ogerpon
,1076,Matthew Carbonell,US,2,3,1,7,False,False,Gholdengo Lunatone,gholdengo-lunatone,gholdengo|lunatone
,2084,Max Leedy,US,2,4,1,7,False,False,Gardevoir,gardevoir-ex-sv,gardevoir
,0918,Michael D'Amico,US,2,3,1,7,False,False,Charizard Noctowl,charizard-noctowl,charizard|noctowl
,1663,Michael Kodish,US,2,2,1,7,False,False,Gardevoir,gardevoir-ex-sv,gardevoir
,1787,Michael Navarro,US,2,4,1,7,False,False,Dragapult Charizard,dragapult-charizard,dragapult|charizard
,0159,Michael Scott,US,2,1,1,7,False,False,Gardevoir,gardevoir-ex-sv,gardevoir
,1680,Miguel Pena Garcia,US,2,3,1,7,False,False,Dragapult Dusknoir,dragapult-dusknoir,dragapult|dusknoir
,0621,Mike Spaits,US,2,2,1,7,False,False,N's Zoroark,n-zoroark,zoroark
,1660,NIcole Gibson,US,2,5,1,7,False,False,Raging Bolt Ogerpon,raging-bolt-ogerpon,raging-bolt|ogerpon
,0458,Nic Pham,US,2,3,1,7,False,False,Gholdengo Lunatone,gholdengo-lunatone,gholdengo|lunatone
,0049,Niccolo Abate,US,2,3,1,7,False,False,Slowking,slowking-scr,slowking
,1509,Nick Cho,US,2,4,1,7,False,False,Slowking,slowking-scr,slowking
,1396,Olen Hulsebus,US,2,3,1,7,False,False,Gardevoir,gardevoir-ex-sv,gardevoir
,2174,Oscar Carrillo,US,1,3,4,7,False,False,Dragapult Dusknoir,dragapult-dusknoir,dragapult|dusknoir
,1484,Owen Forschler,US,2,4,1,7,False,False,Pidgeot Control,pidgeot-control,pidgeot
,0522,Paul Braden,US,2,3,1,7,False,False,N's Zoroark,n-zoroark,zoroark
,1331,Paul Ignatius Echevarria,US,2,5,1,7,False,False,Kangaskhan Bouffalant,kangaskhan-bouffalant,kangaskhan-mega|bouffalant
,0665,Penelope Raz,US,2,3,1,7,False,False,Gholdengo Lunatone,gholdengo-lunatone,gholdengo|lunatone
,1786,Rebecca Eberlin,US,2,5,1,7,False,False,Dragapult Dusknoir,dragapult-dusknoir,dragapult|dusknoir
,0099,Ronaldo Serrano,US,2,3,1,7,False,False,Dragapult Dusknoir,dragapult-dusknoir,dragapult|dusknoir
,1551,Ryan Faith,US,2,5,1,7,False,False,Dragapult,dragapult-ex,dragapult
,0321,Ryan Hoerner,US,2,5,1,7,False,False,Charizard Pidgeot,charizard-pidgeot,charizard|pidgeot
,0342,Ryan House,US,2,3,1,7,False,False,Gardevoir,gardevoir-ex-sv,gardevoir
,1314,Ryan Thomas,US,2,3,1,7,False,False,Gholdengo Lunatone,gholdengo-lunatone,gholdengo|lunatone
,0035,Samuel Bender,US,2,3,1,7,False,False,Hydrapple Ogerpon,hydrapple-ogerpon,hydrapple|ogerpon
,0541,Santa Burnett,US,2,3,1,7,False,False,Gholdengo Lunatone,gholdengo-lunatone,gholdengo|lunatone
,0633,Shannon Blake,US,2,5,1,7,False,False,Lopunny Dusknoir,lopunny-dusknoir,lopunny-mega|dusknoir
,0879,Shawn Patiag,US,2,3,1,7,False,False,Gardevoir,gardevoir-ex-sv,gardevoir
,2130,Stephen Fok,US,1,3,4,7,False,False,Grimmsnarl Froslass,grimmsnarl-froslass,grimmsnarl|froslass
,2191,Steven Carrell,US,2,5,1,7,False,False,Gardevoir Jellicent,gardevoir-jellicent,gardevoir|jellicent
,1757,Tamarrier Watson,US,2,3,1,7,False,False,Grimmsnarl Froslass,grimmsnarl-froslass,grimmsnarl|froslass
,1270,Tommy Tan,US,2,5,1,7,False,False,Gardevoir Jellicent,gardevoir-jellicent,gardevoir|jellicent
,1017,Tomo Kaneko,US,2,3,1,7,False,False,Dragapult,dragapult-ex,dragapult
,2220,Trevor Feliciano,US,2,5,1,7,False,False,Gholdengo Lunatone,gholdengo-lunatone,gholdengo|lunatone
,0493,Tyler Livingston,US,2,5,1,7,False,False,Mega Absol Box,mega-absol-box,absol-mega|kangaskhan-mega
,0343,Tyler Schoenfeld,US,2,5,1,7,False,False,N's Zoroark,n-zoroark,zoroark
,1454,Vincent Visaya,US,2,3,1,7,False,False,Alakazam Dudunsparce,alakazam-dudunsparce,alakazam|dudunsparce
,0705,Zoey Pitzer,US,2,5,1,7,False,False,Froslass Munkidori,froslass-munkidori,froslass|munkidori
,0411,isaac tunon,US,2,3,1,7,False,False,Gardevoir,gardevoir-ex-sv,gardevoir
,1320,shayan Rezai,US,2,4,1,7,False,False,Dragapult Charizard,dragapult-charizard,dragapult|charizard
,0432,Aaron Rozbicki,CA,2,4,0,6,False,False,Gholdengo Lunatone,gholdengo-lunatone,gholdengo|lunatone
,1547,Abdu Garza-martinez,US,2,3,0,6,False,False,Dragapult Dusknoir,dragapult-dusknoir,dragapult|dusknoir
,1522,Abigail Klein,US,2,3,0,6,False,False,Gholdengo Lunatone,gholdengo-lunatone,gholdengo|lunatone
,2050,Adam Bartholomew,US,2,6,0,6,False,False,Festival Lead,festival-lead,dipplin|thwackey
,0908,Adrian Covarrubias,US,2,4,0,6,False,False,Charizard Noctowl,charizard-noctowl,charizard|noctowl
,0088,Alex Alvarez,US,2,3,0,6,False,False,Raging Bolt Ogerpon,raging-bolt-ogerpon,raging-bolt|ogerpon
,2102,Alex Gesalman,US,2,3,0,6,False,False,Gholdengo Lunatone,gholdengo-lunatone,gholdengo|lunatone
,1291,Alexander Ramirez,US,2,4,0,6,False,False,Charizard Pidgeot,charizard-pidgeot,charizard|pidgeot
,1552,Allan Wong,US,2,4,0,6,False,False,Mega Absol Box,mega-absol-box,absol-mega|kangaskhan-mega
,1258,Alonzo Gutierrez,US,2,4,0,6,False,False,Mega Absol Box,mega-absol-box,absol-mega|kangaskhan-mega
,1638,Ana Hoffman,US,2,3,0,6,False,False,Charizard Noctowl,charizard-noctowl,charizard|noctowl
,1340,Angel Garcia lopez,US,2,3,0,6,False,False,Dragapult Dusknoir,dragapult-dusknoir,dragapult|dusknoir
,0105,Anthony Dolan,US,2,3,0,6,False,False,Gholdengo Lunatone,gholdengo-lunatone,gholdengo|lunatone
,0845,Anthony Taleon,US,1,4,3,6,False,False,Dragapult Charizard,dragapult-charizard,dragapult|charizard
,0293,Austin Le,US,2,3,0,6,False,False,Greninja,greninja-ex,greninja
,0168,Austin Smith,US,2,5,0,6,False,False,Raging Bolt Ogerpon,raging-bolt-ogerpon,raging-bolt|ogerpon
,0986,Ben Haynes,US,2,3,0,6,False,False,Dragapult Dusknoir,dragapult-dusknoir,dragapult|dusknoir
,1998,Blaine Cantwell,US,2,3,0,6,False,False,Gardevoir,gardevoir-ex-sv,gardevoir
,1754,Blase Tovar,US,2,3,0,6,False,False,Charizard Noctowl,charizard-noctowl,charizard|noctowl
,1394,Bradley VanOrman,US,2,3,0,6,False,False,Dragapult Dusknoir,dragapult-dusknoir,dragapult|dusknoir
,0966,Brandon Allen,US,2,3,0,6,False,False,Gholdengo Lunatone,gholdengo-lunatone,gholdengo|lunatone
,1285,Brian Peltz,US,2,3,0,6,False,False,Grimmsnarl Froslass,grimmsnarl-froslass,grimmsnarl|froslass
,0876,Bryce Doyle,US,2,4,0,6,False,False,Charizard Pidgeot,charizard-pidgeot,charizard|pidgeot
,0410,Bryce Mills,US,2,4,0,6,False,False,Gholdengo Lunatone,gholdengo-lunatone,gholdengo|lunatone
,1206,Cain Greene,US,2,3,0,6,False,False,Gardevoir,gardevoir-ex-sv,gardevoir
,1512,Caleb Olson,US,2,2,0,6,False,False,Gholdengo Lunatone,gholdengo-lunatone,gholdengo|lunatone
,0862,Cameron Floyd,US,2,4,0,6,False,False,Greninja,greninja-ex,greninja
,0537,Carlos Ochoa,US,2,3,0,6,False,False,Mega Absol Box,mega-absol-box,absol-mega|kangaskhan-mega
,2183,Carlos Ramirez,US,2,3,0,6,False,False,Raging Bolt Ogerpon,raging-bolt-ogerpon,raging-bolt|ogerpon
,0935,Cecilia Cisar,US,2,6,0,6,False,False,Gholdengo Lunatone,gholdengo-lunatone,gholdengo|lunatone
,1961,Christian Gutierrez,US,2,3,0,6,False,False,Charizard Noctowl,charizard-noctowl,charizard|noctowl
,0628,Christopher Silver,US,2,3,0,6,False,False,Dragapult Dusknoir,dragapult-dusknoir,dragapult|dusknoir
,1514,Christopher Tacsion,US,2,6,0,6,False,False,Greninja,greninja-ex,greninja
,1169,Cobi Chrissis,US,2,3,0,6,False,False,Dragapult Dusknoir,dragapult-dusknoir,dragapult|dusknoir
,0215,Cole Reimers,US,2,5,0,6,False,False,Gholdengo Lunatone,gholdengo-lunatone,gholdengo|lunatone
,0777,Colton Hunzeker,US,2,3,0,6,False,False,Raging Bolt Ogerpon,raging-bolt-ogerpon,raging-bolt|ogerpon
,1742,Conner LaVelle,US,2,3,0,6,False,False,Mega Absol Box,mega-absol-box,absol-mega|kangaskhan-mega
,1813,Conner Wabel,US,1,2,3,6,False,False,Dragapult Dusknoir,dragapult-dusknoir,dragapult|dusknoir
,0523,D'Angelo Pasco,US,1,4,3,6,False,False,Mega Venusaur,mega-venusaur-ex,venusaur-mega
,0354,Dacian Filipescu,CA,2,6,0,6,False,False,Dragapult Dusknoir,dragapult-dusknoir,dragapult|dusknoir
,2221,Dalton Hedges,US,2,3,0,6,False,False,Raging Bolt Ogerpon,raging-bolt-ogerpon,raging-bolt|ogerpon
,0612,Darius Desrosiers,US,2,5,0,6,False,False,N's Zoroark,n-zoroark,zoroark
,0208,Dartagnan Fancher,US,1,4,3,6,False,False,Dragapult Charizard,dragapult-charizard,dragapult|charizard
,2001,Desi Barron,US,2,3,0,6,False,False,Raging Bolt Ogerpon,raging-bolt-ogerpon,raging-bolt|ogerpon
,1423,Dominick Gonzalez,US,2,4,0,6,False,False,Gardevoir Jellicent,gardevoir-jellicent,gardevoir|jellicent
,0327,Dylan Isaacs,US,1,3,3,6,False,False,Dragapult Charizard,dragapult-charizard,dragapult|charizard
,0685,EJ Crespo,US,2,3,0,6,False,False,Flareon Noctowl,flareon-noctowl,flareon|noctowl
,0619,ERL ETORMA,CA,2,3,0,6,False,False,Gardevoir,gardevoir-ex-sv,gardevoir
,1383,Edward Vera-Soto,US,2,6,0,6,False,False,Sharpedo Toxtricity,sharpedo-toxtricity,sharpedo-mega|toxtricity
,1316,Edwin Aquino,US,2,3,0,6,False,False,Mega Venusaur,mega-venusaur-ex,venusaur-mega
,1995,Emiley Schultz,US,1,4,3,6,False,False,Gholdengo Lunatone,gholdengo-lunatone,gholdengo|lunatone
,0335,Ernesto Ortega,US,2,3,0,6,False,False,Dragapult Dusknoir,dragapult-dusknoir,dragapult|dusknoir
,1191,Ethan Lui,CA,2,6,0,6,False,False,Dragapult Dusknoir,dragapult-dusknoir,dragapult|dusknoir
,1236,Eugene Brown,US,1,4,3,6,False,False,N's Zoroark,n-zoroark,zoroark
,2120,Evan Aldridge,US,2,4,0,6,False,False,Gardevoir,gardevoir-ex-sv,gardevoir
,2058,Evan Hansen,US,1,4,3,6,False,False,Dragapult Dusknoir,dragapult-dusknoir,dragapult|dusknoir
,1188,Federico Reyes,US,2,4,0,6,False,False,Charizard Pidgeot,charizard-pidgeot,charizard|pidgeot
,1548,Gabriel Ismail,US,2,4,0,6,False,False,Dragapult Dusknoir,dragapult-dusknoir,dragapult|dusknoir
,0681,Gabriel Tinio,CA,2,3,0,6,False,False,Dragapult Dusknoir,dragapult-dusknoir,dragapult|dusknoir
,1058,Gavin Briere,US,2,4,0,6,False,False,Charizard Pidgeot,charizard-pidgeot,charizard|pidgeot
,2219,Gener Marcos,US,2,4,0,6,False,False,Tera Box,tera-box,noctowl|ogerpon-wellspring
,1529,Hana Ropotar,CA,2,4,0,6,False,False,Charizard Noctowl,charizard-noctowl,charizard|noctowl
,1952,Hayden Carnell,US,2,5,0,6,False,False,Charizard Pidgeot,charizard-pidgeot,charizard|pidgeot
,0930,Heather Harpe,CA,2,4,0,6,False,False,Slowking,slowking-scr,slowking
,0660,Henrich Buendia,US,2,3,0,6,False,False,Iron Hands Magneton,iron-hands-magneton,iron-hands|magneton
,0259,Hongbo Du,CA,2,4,0,6,False,False,Dragapult Dusknoir,dragapult-dusknoir,dragapult|dusknoir
,0173,Ian Calhoun,US,2,2,0,6,False,False,Dragapult Dusknoir,dragapult-dusknoir,dragapult|dusknoir
,0320,Ian Fleming,US,2,6,0,6,False,False,Dragapult Dusknoir,dragapult-dusknoir,dragapult|dusknoir
,1538,Ian Munro,US,2,4,0,6,False,False,Grimmsnarl Froslass,grimmsnarl-froslass,grimmsnarl|froslass
,2100,Inkan Hertanto,US,2,3,0,6,False,False,Flareon Noctowl,flareon-noctowl,flareon|noctowl
,1338,Ivan Chavira,US,2,4,0,6,False,False,Mamoswine,mamoswine-ex,mamoswine
,1140,JOSEPH Govea,US,2,3,0,6,False,False,Gholdengo Lunatone,gholdengo-lunatone,gholdengo|lunatone
,1876,Jacob Moore,US,2,4,0,6,False,False,Gholdengo Lunatone,gholdengo-lunatone,gholdengo|lunatone
,0464,James Comley,US,1,4,3,6,False,False,Ceruledge,ceruledge-ex,ceruledge
,0976,James Davis,US,1,4,3,6,False,False,okidogi,?okidogi,okidogi
,0514,James Fleck,US,2,3,0,6,False,False,Charizard Noctowl,charizard-noctowl,charizard|noctowl
,0711,Jane Kiger,US,2,3,0,6,False,False,Dragapult Dusknoir,dragapult-dusknoir,dragapult|dusknoir
,0765,Jaxon Sperry,US,2,3,0,6,False,False,Charizard Noctowl,charizard-noctowl,charizard|noctowl
,0674,Jayden Sture,CA,2,4,0,6,False,False,Ceruledge,ceruledge-ex,ceruledge
,0028,Jeremy Silveira,US,1,2,3,6,False,False,Dragapult Dusknoir,dragapult-dusknoir,dragapult|dusknoir
,0655,Jesse Skiles,US,2,3,0,6,False,False,Dragapult Dusknoir,dragapult-dusknoir,dragapult|dusknoir
,1255,Jesse Villalobos,US,1,2,3,6,False,False,Other,other,substitute
,0584,Jessica Lucas,US,2,6,0,6,False,False,Ceruledge,ceruledge-ex,ceruledge
,0677,Johnathan Giese,US,2,3,0,6,False,False,Lucario Hariyama,lucario-hariyama,lucario-mega|hariyama
,1232,Jonathon Porter,US,2,4,0,6,False,False,Dragapult Dusknoir,dragapult-dusknoir,dragapult|dusknoir
,1854,Jordan Hollins,US,2,6,0,6,False,False,Gholdengo Lunatone,gholdengo-lunatone,gholdengo|lunatone
,1730,Jose Uriarte,US,2,3,0,6,False,False,Dragapult Dusknoir,dragapult-dusknoir,dragapult|dusknoir
,0005,Joseph Mazurek,CA,2,5,0,6,False,False,Dragapult Dusknoir,dragapult-dusknoir,dragapult|dusknoir
,0828,Joseph Wong,US,2,3,0,6,False,False,Dragapult Dusknoir,dragapult-dusknoir,dragapult|dusknoir
,0235,Josh Ghormley,US,1,3,3,6,False,False,Charizard Noctowl,charizard-noctowl,charizard|noctowl
,1144,Joshua Aguilar,US,2,5,0,6,False,False,roaring-moon,?roaring-moon,roaring-moon
,1178,Joshua Cohen,US,1,1,3,6,False,False,Mega Absol Box,mega-absol-box,absol-mega|kangaskhan-mega
,0543,Joshua Lee,US,2,3,0,6,False,False,Lopunny Dusknoir,lopunny-dusknoir,lopunny-mega|dusknoir
,1303,Joshua Robertson,US,2,3,0,6,False,False,Farigiraf Crustle,farigiraf-crustle,farigiraf|crustle
,0072,Josiah Anderson,US,2,3,0,6,False,False,Gardevoir Jellicent,gardevoir-jellicent,gardevoir|jellicent
,0647,Justin Poist,US,2,3,0,6,False,False,Gardevoir,gardevoir-ex-sv,gardevoir
,0256,Kaitlyn Jaskow,CA,2,5,0,6,False,False,Gholdengo,gholdengo-ex,gholdengo
,2000,Karsten Ngai-Natsuhara,CA,1,1,3,6,False,False,Mega Venusaur,mega-venusaur-ex,venusaur-mega
,0546,Katarina Schoppa,US,2,3,0,6,False,False,Gholdengo Lunatone,gholdengo-lunatone,gholdengo|lunatone
,2083,Keller Kinney,US,2,6,0,6,False,False,Gholdengo Lunatone,gholdengo-lunatone,gholdengo|lunatone
,1371,Kevin Kim,US,2,4,0,6,False,False,Gholdengo Lunatone,gholdengo-lunatone,gholdengo|lunatone
,1705,Kevin Palaypay,US,2,3,0,6,False,False,Gholdengo Lunatone,gholdengo-lunatone,gholdengo|lunatone
,0203,Konrad Madriaga,CA,1,2,3,6,False,False,Gholdengo Lunatone,gholdengo-lunatone,gholdengo|lunatone
,1007,Kraig Krueger,US,2,3,0,6,False,False,Ceruledge,ceruledge-ex,ceruledge
,1912,Kyra Del Moral,US,2,2,0,6,False,False,Dragapult Charizard,dragapult-charizard,dragapult|charizard
,2231,L Miyamura,US,2,3,0,6,False,False,Mega Absol Box,mega-absol-box,absol-mega|kangaskhan-mega
,0084,Landon Denham,US,2,4,0,6,False,False,Gholdengo Lunatone,gholdengo-lunatone,gholdengo|lunatone
,0402,Lauren Gontarz,US,2,6,0,6,False,False,Joltik Box,joltik-box,joltik|pikachu
,1696,Liam Marckx,US,2,3,0,6,False,False,Charizard Noctowl,charizard-noctowl,charizard|noctowl
,0192,Luis Guerra,US,2,3,0,6,False,False,Grimmsnarl Froslass,grimmsnarl-froslass,grimmsnarl|froslass
,2098,Matthew Blystone,US,2,4,0,6,False,False,Dragapult Dusknoir,dragapult-dusknoir,dragapult|dusknoir
,1293,Max Wadsworth,US,2,3,0,6,False,False,Dragapult Dusknoir,dragapult-dusknoir,dragapult|dusknoir
,0222,Michael Archuleta jr,US,1,1,3,6,False,False,Charizard Pidgeot,charizard-pidgeot,charizard|pidgeot
,0991,Michael Martinez,US,2,4,0,6,False,False,Grimmsnarl Froslass,grimmsnarl-froslass,grimmsnarl|froslass
,0029,Michael Nguyen,US,2,3,0,6,False,False,Hydreigon,hydreigon-ex,hydreigon
,0943,Mikey Wityk,US,1,4,3,6,False,False,Raging Bolt Sandy Shocks,ranging-bolt-sandy-shocks,raging-bolt|sandy-shocks
,0729,Minh Le,US,2,4,0,6,False,False,Grimmsnarl Froslass,grimmsnarl-froslass,grimmsnarl|froslass
,0395,Moises Flores,US,2,3,0,6,False,False,Gholdengo Lunatone,gholdengo-lunatone,gholdengo|lunatone
,2062,Moises Guzman,US,2,4,0,6,False,False,Mega Manectric,mega-manectric-ex-meg,manectric-mega
,0058,Neil Kimball,US,2,3,0,6,False,False,Greninja,greninja-ex,greninja
,0787,Nico Lingga,US,1,2,3,6,False,False,Dragapult Charizard,dragapult-charizard,dragapult|charizard
,0241,Noah Flood,US,2,4,0,6,False,False,Mega Absol Box,mega-absol-box,absol-mega|kangaskhan-mega
,0427,Nunthranade Narong,CA,2,6,0,6,False,False,Gardevoir Jellicent,gardevoir-jellicent,gardevoir|jellicent
,0821,Oscar Oravec,US,2,3,0,6,False,False,Seaking Festival Lead,seaking-pre,seaking|thwackey
,2222,Parker Weick,CA,2,3,0,6,False,False,N's Zoroark,n-zoroark,zoroark
,0457,Patrick Sararana,US,2,3,0,6,False,False,Dragapult Charizard,dragapult-charizard,dragapult|charizard
,2203,Pedro Fraijo,US,2,3,0,6,False,False,Dragapult Dusknoir,dragapult-dusknoir,dragapult|dusknoir
,0757,Prince Mehta,US,2,3,0,6,False,False,Alakazam Dudunsparce,alakazam-dudunsparce,alakazam|dudunsparce
,0158,RYAN DESJARDINS,CA,2,3,0,6,False,False,Alakazam Dudunsparce,alakazam-dudunsparce,alakazam|dudunsparce
,1319,Ramiro Galindo,US,1,1,3,6,False,False,Mega Absol Box,mega-absol-box,absol-mega|kangaskhan-mega
,0929,Richie Ding,US,1,3,3,6,False,False,Dragapult Dusknoir,dragapult-dusknoir,dragapult|dusknoir
,1550,Rob Nelsen,US,1,2,3,6,False,False,Gholdengo Lunatone,gholdengo-lunatone,gholdengo|lunatone
,2139,Ronald Schoonover,US,2,3,0,6,False,False,Gholdengo Lunatone,gholdengo-lunatone,gholdengo|lunatone
,1294,Ronnie Lee,US,2,4,0,6,False,False,Charizard Pidgeot,charizard-pidgeot,charizard|pidgeot
,2133,Ronnie Marin,US,2,4,0,6,False,False,Dragapult Dusknoir,dragapult-dusknoir,dragapult|dusknoir
,1486,Ryan Rennels,US,2,3,0,6,False,False,Gardevoir,gardevoir-ex-sv,gardevoir
,2054,Sable Creech,US,2,3,0,6,False,False,Charizard Noctowl,charizard-noctowl,charizard|noctowl
,0712,Samantha Grade,US,2,3,0,6,False,False,Ceruledge,ceruledge-ex,ceruledge
,1002,Samuel Mercedes,US,2,3,0,6,False,False,Chien-Pao Baxcalibur,chien-pao-baxcalibur,chien-pao|baxcalibur
,0236,Samuel Scime,CA,2,4,0,6,False,False,Kangaskhan Bouffalant,kangaskhan-bouffalant,kangaskhan-mega|bouffalant
,2005,Saul Munguia,US,2,3,0,6,False,False,Dragapult Dusknoir,dragapult-dusknoir,dragapult|dusknoir
,0373,Saumit Kukkadapu,US,2,3,0,6,False,False,Dragapult Dusknoir,dragapult-dusknoir,dragapult|dusknoir
,0939,Scott Mar,US,2,3,0,6,False,False,Charizard Noctowl,charizard-noctowl,charizard|noctowl
,1571,Sean Moore,US,2,4,0,6,False,False,Dragapult Charizard,dragapult-charizard,dragapult|charizard
,1307,Sebastian Lashmet,US,2,4,0,6,False,False,Gardevoir Jellicent,gardevoir-jellicent,gardevoir|jellicent
,0718,Shao Jay Hsu,TW,2,4,0,6,False,False,Grimmsnarl Froslass,grimmsnarl-froslass,grimmsnarl|froslass
,0249,Shawn Owens,US,1,4,3,6,False,False,Ho-Oh Armarouge,ho-oh-armarouge,ho-oh|armarouge
,0466,Sol Robinson,US,2,3,0,6,False,False,Ceruledge,ceruledge-ex,ceruledge
,1439,Songhao Mei,CA,2,3,0,6,False,False,Charizard Pidgeot,charizard-pidgeot,charizard|pidgeot
,0734,Starr Nakamitsu,US,2,3,0,6,False,False,Festival Lead,festival-lead,dipplin|thwackey
,1043,Taylor Ramsey,US,2,5,0,6,False,False,Gholdengo Lunatone,gholdengo-lunatone,gholdengo|lunatone
,0788,Tony Doan,US,1,4,3,6,False,False,Dragapult Dusknoir,dragapult-dusknoir,dragapult|dusknoir
,0277,Tony Vuong,US,2,3,0,6,False,False,Marnie's Grimmsnarl,marnie-grimmsnarl-ex,grimmsnarl
,2227,Travis Grady,US,2,4,0,6,False,False,Gholdengo Lunatone,gholdengo-lunatone,gholdengo|lunatone
,2106,Ty Presto,US,2,3,0,6,False,False,Hop's Zacian,hop-zacian,zacian-crowned|snorlax
,1493,Vincent Reyes,US,1,2,3,6,False,False,Dragapult Dusknoir,dragapult-dusknoir,dragapult|dusknoir
,1261,Wesley Cox,US,2,6,0,6,False,False,Charizard Noctowl,charizard-noctowl,charizard|noctowl
,1985,William Berg,US,2,6,0,6,False,False,Raging Bolt Ogerpon,raging-bolt-ogerpon,raging-bolt|ogerpon
,1367,William Diaz,US,2,3,0,6,False,False,Raging Bolt Ogerpon,raging-bolt-ogerpon,raging-bolt|ogerpon
,1664,William Ko,US,2,3,0,6,False,False,N's Zoroark,n-zoroark,zoroark
,0832,Wyatt Andersen,US,2,3,0,6,False,False,Mega Venusaur,mega-venusaur-ex,venusaur-mega
,0089,Wyatt Triplett,US,2,3,0,6,False,False,Dragapult Charizard,dragapult-charizard,dragapult|charizard
,0428,YUSHIRO Nishiyama,CA,2,4,0,6,False,False,Dragapult Dusknoir,dragapult-dusknoir,dragapult|dusknoir
,0934,Yucel Guven,US,2,3,0,6,False,False,Gardevoir Jellicent,gardevoir-jellicent,gardevoir|jellicent
,2192,Yunrong Cai,US,2,3,0,6,False,False,Gardevoir,gardevoir-ex-sv,gardevoir
,0257,Zachary Perez,US,2,3,0,6,False,False,Gholdengo Lunatone,gholdengo-lunatone,gholdengo|lunatone
,0435,Adam Warren,US,1,3,2,5,False,False,Grimmsnarl Froslass,grimmsnarl-froslass,grimmsnarl|froslass
,0303,Adin Kilcup,US,1,3,2,5,False,False,N's Zoroark,n-zoroark,zoroark
,1097,Aiden Ngo,US,1,2,2,5,False,False,Gardevoir,gardevoir-ex-sv,gardevoir
,0112,Alex Margarito-Lopez,US,1,2,2,5,False,False,Other,other,substitute
,0529,Andre Foster,US,1,5,2,5,False,False,Dragapult Dusknoir,dragapult-dusknoir,dragapult|dusknoir
,0968,Andrew Espinoza,US,1,2,2,5,False,False,Charizard Pidgeot,charizard-pidgeot,charizard|pidgeot
,0504,Andy Lira,US,1,2,2,5,False,False,Gardevoir Jellicent,gardevoir-jellicent,gardevoir|jellicent
,0130,Bianca Slover-Roa,US,1,5,2,5,False,False,N's Zoroark,n-zoroark,zoroark
,0784,Brandon Fisher,US,1,3,2,5,False,False,Charizard Noctowl,charizard-noctowl,charizard|noctowl
,1708,Brian Yu,US,1,3,2,5,False,False,Rocket's Mewtwo,rocket-mewtwo-ex,mewtwo|spidops
,0404,Bud Lovell,US,1,3,2,5,False,False,Dragapult Dusknoir,dragapult-dusknoir,dragapult|dusknoir
,1661,Camilo Fernandez,CL,1,3,2,5,False,False,Gholdengo Lunatone,gholdengo-lunatone,gholdengo|lunatone
,0689,Carl Dinga,US,1,4,2,5,False,False,Slaking,slaking-ex,slaking
,1268,Carlos Perez,US,1,5,2,5,False,False,Gardevoir,gardevoir-ex-sv,gardevoir
,2182,Carlos Ybarra,US,1,3,2,5,False,False,Sharpedo Toxtricity,sharpedo-toxtricity,sharpedo-mega|toxtricity
,2152,Casey Robbins,US,1,3,2,5,False,False,Flareon Noctowl,flareon-noctowl,flareon|noctowl
,0496,Cato Brown,US,1,2,2,5,False,False,Gardevoir Jellicent,gardevoir-jellicent,gardevoir|jellicent
,1652,Cavin Ehlert,US,1,5,2,5,False,False,Grimmsnarl Froslass,grimmsnarl-froslass,grimmsnarl|froslass
,0870,Chace Myers,US,1,2,2,5,False,False,Gholdengo Lunatone,gholdengo-lunatone,gholdengo|lunatone
,0760,Chloe Pope,US,1,3,2,5,False,False,Grimmsnarl Froslass,grimmsnarl-froslass,grimmsnarl|froslass
,0591,Creston Fok,CA,1,3,2,5,False,False,N's Zoroark,n-zoroark,zoroark
,1211,Damian Byrd,US,1,5,2,5,False,False,Gardevoir Jellicent,gardevoir-jellicent,gardevoir|jellicent
,1117,Darren Sin,US,1,5,2,5,False,False,Sharpedo Toxtricity,sharpedo-toxtricity,sharpedo-mega|toxtricity
,0827,Devin Livergood,US,1,5,2,5,False,False,Mega Venusaur,mega-venusaur-ex,venusaur-mega
,0703,Diego Pedraza,US,1,2,2,5,False,False,Mega Absol Box,mega-absol-box,absol-mega|kangaskhan-mega
,0583,Emily Raymond,CA,1,5,2,5,False,False,Dragapult Charizard,dragapult-charizard,dragapult|charizard
,1490,Eric Kelly,US,1,3,2,5,False,False,Alakazam Dudunsparce,alakazam-dudunsparce,alakazam|dudunsparce
,0708,Gabriel Pinkalla,US,1,2,2,5,False,False,Mega Absol Box,mega-absol-box,absol-mega|kangaskhan-mega
,1040,Gustavo Bermudez,US,1,3,2,5,False,False,Ursaluna Lunatone,ursaluna-lunatone,ursaluna-bloodmoon|lunatone
,0365,Hunter Gibbon,US,1,2,2,5,False,False,Mega Absol Box,mega-absol-box,absol-mega|kangaskhan-mega
,1487,Isaac Hosea,US,1,5,2,5,False,False,N's Zoroark,n-zoroark,zoroark
,2135,Jason Kritz,US,1,5,2,5,False,False,N's Zoroark,n-zoroark,zoroark
,0658,John Rotor-Murphy,CA,1,4,2,5,False,False,Gardevoir,gardevoir-ex-sv,gardevoir
,1054,Joseph Moore-Costa,US,1,3,2,5,False,False,Ursaluna Lunatone,ursaluna-lunatone,ursaluna-bloodmoon|lunatone
,1170,Jovani Rios,US,1,5,2,5,False,False,Wugtrio Mill,wugtrio-svi,wugtrio
,1324,Kam Ravert,US,1,2,2,5,False,False,N's Zoroark,n-zoroark,zoroark
,0882,Kenyon Fisher,US,1,2,2,5,False,False,Tera Box,tera-box,noctowl|ogerpon-wellspring
,1084,Kevin Macaraeg,US,1,5,2,5,False,False,Grimmsnarl Froslass,grimmsnarl-froslass,grimmsnarl|froslass
,2123,Kevinson Patiag,US,1,4,2,5,False,False,Dragapult Dusknoir,dragapult-dusknoir,dragapult|dusknoir
,1470,Koby Murata,US,1,3,2,5,False,False,N's Zoroark,n-zoroark,zoroark
,0988,Kyle Spencer,US,1,2,2,5,False,False,Gardevoir Jellicent,gardevoir-jellicent,gardevoir|jellicent
,0188,Leyla Pudlicki,US,1,2,2,5,False,False,Gardevoir Jellicent,gardevoir-jellicent,gardevoir|jellicent
,0023,Logan Cordell,US,1,2,2,5,False,False,Gholdengo Lunatone,gholdengo-lunatone,gholdengo|lunatone
,0811,Maxim Guillotte,CA,1,4,2,5,False,False,Raging Bolt Ogerpon,raging-bolt-ogerpon,raging-bolt|ogerpon
,1814,Osvaldo Valadez,US,1,3,2,5,False,False,N's Zoroark,n-zoroark,zoroark
,0015,Patrick Trujillo,US,1,1,2,5,False,False,Dragapult Blaziken,dragapult-blaziken,dragapult|blaziken
,0477,Paul Kernion,US,1,4,2,5,False,False,Gardevoir,gardevoir-ex-sv,gardevoir
,1237,Preston Rutledge,US,1,2,2,5,False,False,Gardevoir,gardevoir-ex-sv,gardevoir
,0037,Ray Steyert,US,0,3,5,5,False,False,Gardevoir Jellicent,gardevoir-jellicent,gardevoir|jellicent
,1416,Ron Kauanoe,US,1,4,2,5,False,False,Ceruledge,ceruledge-ex,ceruledge
,1642,Sam Hipp,US,1,5,2,5,False,False,Gardevoir,gardevoir-ex-sv,gardevoir
,1195,Samuel Leung,CA,1,2,2,5,False,False,Charizard Noctowl,charizard-noctowl,charizard|noctowl
,0217,Steven Hu,US,1,5,2,5,False,False,Other,other,substitute
,2091,TK Tellez,US,1,2,2,5,False,False,Dragapult Charizard,dragapult-charizard,dragapult|charizard
,2104,Thomas Wardynski,US,1,3,2,5,False,False,Dragapult Dusknoir,dragapult-dusknoir,dragapult|dusknoir
,2086,Tristen Osterback,US,1,2,2,5,False,False,Dragapult Dusknoir,dragapult-dusknoir,dragapult|dusknoir
,1148,Vu Thach,US,1,4,2,5,False,False,Alakazam Dudunsparce,alakazam-dudunsparce,alakazam|dudunsparce
,1904,Yoel Alejandres-Aleman,US,1,2,2,5,False,False,Gholdengo Lunatone,gholdengo-lunatone,gholdengo|lunatone
,0746,joshua titus,CA,1,3,2,5,False,False,Gardevoir,gardevoir-ex-sv,gardevoir
,0642,tianma shen,CN,1,2,2,5,False,False,Dragapult Dusknoir,dragapult-dusknoir,dragapult|dusknoir
,1609,Adrian Bacong,US,1,3,1,4,False,False,Charizard Pidgeot,charizard-pidgeot,charizard|pidgeot
,1561,Alan Dioquino,US,1,3,1,4,False,False,Charizard Pidgeot,charizard-pidgeot,charizard|pidgeot
,1812,Alejandro Malagon,US,1,3,1,4,False,False,Charizard Noctowl,charizard-noctowl,charizard|noctowl
,1044,Alex Kilayko,CA,1,6,1,4,False,False,Mega Absol Box,mega-absol-box,absol-mega|kangaskhan-mega
,0956,Alex Tang,US,1,3,1,4,False,False,Kangaskhan Bouffalant,kangaskhan-bouffalant,kangaskhan-mega|bouffalant
,1893,Andrew Bose,US,1,2,1,4,False,False,Gholdengo Lunatone,gholdengo-lunatone,gholdengo|lunatone
,1868,Andrew Simonetti,US,1,6,1,4,False,False,okidogi,?okidogi,okidogi
,1418,Austin Gifford,US,1,6,1,4,False,False,Dragapult,dragapult-ex,dragapult
,2004,Braxton Thompson,US,1,3,1,4,False,False,Charizard Noctowl,charizard-noctowl,charizard|noctowl
,0924,Brett Hartmann,US,1,3,1,4,False,False,Charizard Pidgeot,charizard-pidgeot,charizard|pidgeot
,1349,Bria Blitch,US,1,5,1,4,False,False,Flareon Noctowl,flareon-noctowl,flareon|noctowl
,1036,Brian Garcia,US,1,4,1,4,False,False,Mega Absol Box,mega-absol-box,absol-mega|kangaskhan-mega
,0429,Brian Quisenberry,US,1,3,1,4,False,False,Ceruledge,ceruledge-ex,ceruledge
,0135,Chris Fraijo,US,1,3,1,4,False,False,Gardevoir,gardevoir-ex-sv,gardevoir
,0552,Christian Sandoval,US,1,6,1,4,False,False,Dragapult Dusknoir,dragapult-dusknoir,dragapult|dusknoir
,0786,Christopher Harper,US,1,3,1,4,False,False,Mega Absol Box,mega-absol-box,absol-mega|kangaskhan-mega
,1399,Christopher King,US,1,4,1,4,False,False,Charizard Noctowl,charizard-noctowl,charizard|noctowl
,1250,Christy Cusick,US,1,4,1,4,False,False,Gholdengo Lunatone,gholdengo-lunatone,gholdengo|lunatone
,1172,Connor Curzon,US,1,3,1,4,False,False,Gardevoir,gardevoir-ex-sv,gardevoir
,1722,Dario Castaneda,US,1,4,1,4,False,False,Dragapult Dusknoir,dragapult-dusknoir,dragapult|dusknoir
,1100,Dario Larios,US,1,3,1,4,False,False,Mega Absol Box,mega-absol-box,absol-mega|kangaskhan-mega
,0484,Darlene Utz,US,1,6,1,4,False,False,Charizard Noctowl,charizard-noctowl,charizard|noctowl
,1849,David Green,CA,1,4,1,4,False,False,Gholdengo Lunatone,gholdengo-lunatone,gholdengo|lunatone
,1895,David Wacker,US,1,4,1,4,False,False,Chien-Pao Baxcalibur,chien-pao-baxcalibur,chien-pao|baxcalibur
,0349,Dean Hanley,US,1,3,1,4,False,False,Alakazam Dudunsparce,alakazam-dudunsparce,alakazam|dudunsparce
,2153,Deb Banerji,US,1,3,1,4,False,False,Charizard Noctowl,charizard-noctowl,charizard|noctowl
,1616,Dennis Carraher III,US,1,4,1,4,False,False,Rocket's Porygon-Z,rocket-porygon-z,porygon-z
,1501,Deric Clarke,US,1,3,1,4,False,False,Dragapult Dusknoir,dragapult-dusknoir,dragapult|dusknoir
,1875,Dick Moore,US,1,3,1,4,False,False,Dragapult Dusknoir,dragapult-dusknoir,dragapult|dusknoir
,0200,Edson Trujillo,US,1,3,1,4,False,False,Gholdengo Lunatone,gholdengo-lunatone,gholdengo|lunatone
,0443,Edward Garcia,US,1,3,1,4,False,False,Gholdengo Lunatone,gholdengo-lunatone,gholdengo|lunatone
,1248,Elijah Flores,US,1,3,1,4,False,False,N's Zoroark,n-zoroark,zoroark
,1050,Elijah Ness,US,1,4,1,4,False,False,Dragapult Dusknoir,dragapult-dusknoir,dragapult|dusknoir
,2068,Emmanuel Herrero,US,1,4,1,4,False,False,Dragapult Dusknoir,dragapult-dusknoir,dragapult|dusknoir
,2117,Eric Marroquin,US,1,4,1,4,False,False,Joltik Box,joltik-box,joltik|pikachu
,0116,Fan Yuan Ng,US,1,6,1,4,False,False,Mega Lucario,mega-lucario-ex,lucario-mega
,1949,Francisco Pantoja Govea,US,1,4,1,4,False,False,Dragapult Dusknoir,dragapult-dusknoir,dragapult|dusknoir
,1900,Giordan Dolan,US,1,3,1,4,False,False,Gholdengo Lunatone,gholdengo-lunatone,gholdengo|lunatone
,2144,Henry Ko,US,1,4,1,4,False,False,Ceruledge,ceruledge-ex,ceruledge
,1024,Jair Trejo,MX,1,3,1,4,False,False,Gholdengo Lunatone,gholdengo-lunatone,gholdengo|lunatone
,0836,James Pierce,US,1,3,1,4,False,False,Charizard Noctowl,charizard-noctowl,charizard|noctowl
,0298,Jameson Kampfe,US,1,4,1,4,False,False,N's Zoroark,n-zoroark,zoroark
,1725,Jason Swofford,US,1,3,1,4,False,False,Ceruledge,ceruledge-ex,ceruledge
,0741,Jeff Garcia,US,1,2,1,4,False,False,Mega Kangaskhan,mega-kangaskhan-ex,kangaskhan-mega
,0417,Jenna Knudsen,US,1,3,1,4,False,False,Pidgeot Control,pidgeot-control,pidgeot
,1738,Jerome Trevino,US,1,4,1,4,False,False,Grimmsnarl Froslass,grimmsnarl-froslass,grimmsnarl|froslass
,0383,Jerry Bosh,US,1,3,1,4,False,False,Charizard Noctowl,charizard-noctowl,charizard|noctowl
,0468,Joey Boucher,CA,1,3,1,4,False,False,Dragapult Dusknoir,dragapult-dusknoir,dragapult|dusknoir
,1662,Johnatan Portillo,US,1,3,1,4,False,False,Alakazam Dudunsparce,alakazam-dudunsparce,alakazam|dudunsparce
,0077,Jonathan Goldstein,US,1,3,1,4,False,False,Lopunny Dusknoir,lopunny-dusknoir,lopunny-mega|dusknoir
,0636,Jonathan Peachey,US,1,3,1,4,False,False,Hydreigon,hydreigon-ex,hydreigon
,1567,Jonathan Ting,US,1,4,1,4,False,False,Gholdengo Lunatone,gholdengo-lunatone,gholdengo|lunatone
,1897,Jorge Chavez,US,1,3,1,4,False,False,Grimmsnarl Froslass,grimmsnarl-froslass,grimmsnarl|froslass
,0371,Jory Horeman,CA,1,3,1,4,False,False,Grimmsnarl Froslass,grimmsnarl-froslass,grimmsnarl|froslass
,1604,Jose Padilla,US,1,4,1,4,False,False,Gardevoir,gardevoir-ex-sv,gardevoir
,1046,Joseph Farrell,US,1,4,1,4,False,False,Mega Venusaur,mega-venusaur-ex,venusaur-mega
,0637,Josh Hall,US,1,3,1,4,False,False,Gardevoir,gardevoir-ex-sv,gardevoir
,1860,Jung-Sung Yi,US,1,2,1,4,False,False,Ceruledge,ceruledge-ex,ceruledge
,1122,Kavin Tran,US,1,3,1,4,False,False,Rocket's Mewtwo,rocket-mewtwo-ex,mewtwo|spidops
,0204,Keanu Villaruel,US,1,6,1,4,False,False,Gardevoir Jellicent,gardevoir-jellicent,gardevoir|jellicent
,0175,Kyran Montgomery,US,1,3,1,4,False,False,N's Zoroark,n-zoroark,zoroark
,1094,Liam Saunders,US,1,3,1,4,False,False,Gholdengo Lunatone,gholdengo-lunatone,gholdengo|lunatone
,0563,Linda Ngo,US,1,6,1,4,False,False,Flareon Noctowl,flareon-noctowl,flareon|noctowl
,0881,Luan Bui,US,1,3,1,4,False,False,Gardevoir Jellicent,gardevoir-jellicent,gardevoir|jellicent
,1968,Luis Luna,US,1,3,1,4,False,False,Kangaskhan Bouffalant,kangaskhan-bouffalant,kangaskhan-mega|bouffalant
,0709,Marissa Mirelez,US,1,4,1,4,False,False,Gholdengo Lunatone,gholdengo-lunatone,gholdengo|lunatone
,1440,Matthew Rivera,US,1,4,1,4,False,False,N's Zoroark,n-zoroark,zoroark
,0785,Matthew Wallis,US,1,3,1,4,False,False,Charizard Noctowl,charizard-noctowl,charizard|noctowl
,0826,Michael Overton Jr.,US,1,3,1,4,False,False,Dragapult Dusknoir,dragapult-dusknoir,dragapult|dusknoir
,1719,Michael Roman,US,1,3,1,4,False,False,Gholdengo Lunatone,gholdengo-lunatone,gholdengo|lunatone
,2175,Michael Wyatt,US,1,3,1,4,False,False,Gholdengo Lunatone,gholdengo-lunatone,gholdengo|lunatone
,0295,Miguel Michel-Flores,US,1,4,1,4,False,False,Mega Absol Box,mega-absol-box,absol-mega|kangaskhan-mega
,1460,Nalu Keamo,US,1,3,1,4,False,False,Mega Absol Box,mega-absol-box,absol-mega|kangaskhan-mega
,1926,Nathan Arcienega,US,1,4,1,4,False,False,Gholdengo Lunatone,gholdengo-lunatone,gholdengo|lunatone
,1348,Nathaniel Chan,US,1,3,1,4,False,False,Mega Absol Box,mega-absol-box,absol-mega|kangaskhan-mega
,1075,Nicole McGraw,US,1,2,1,4,False,False,Gardevoir,gardevoir-ex-sv,gardevoir
,1534,Nik Thunstrom,CA,1,3,1,4,False,False,Dragapult Dusknoir,dragapult-dusknoir,dragapult|dusknoir
,0906,Nikki Domingo,US,1,2,1,4,False,False,Ceruledge,ceruledge-ex,ceruledge
,0010,Patrick Bolton,US,1,3,1,4,False,False,Ursaluna Lunatone,ursaluna-lunatone,ursaluna-bloodmoon|lunatone
,1389,Prettany Brown,US,1,6,1,4,False,False,Other,other,substitute
,0146,Quentin Noffsinger,US,1,3,1,4,False,False,Dragapult Dusknoir,dragapult-dusknoir,dragapult|dusknoir
,1355,Rafael Arellano,US,0,1,4,4,False,False,N's Zoroark,n-zoroark,zoroark
,0527,Richard Rodriguez,US,1,5,1,4,False,False,Dragapult Dusknoir,dragapult-dusknoir,dragapult|dusknoir
,0251,Rily Livingston,US,1,6,1,4,False,False,Gholdengo Lunatone,gholdengo-lunatone,gholdengo|lunatone
,2079,Rob Petrach III,US,1,4,1,4,False,False,Flareon Noctowl,flareon-noctowl,flareon|noctowl
,1330,Robert Mendoza,US,1,3,1,4,False,False,Raging Bolt Ogerpon,raging-bolt-ogerpon,raging-bolt|ogerpon
,0730,Ryan Mack,US,1,4,1,4,False,False,N's Zoroark,n-zoroark,zoroark
,2190,Rysen Hayashida,US,1,3,1,4,False,False,Greninja,greninja-ex,greninja
,0332,Sahil Parekh,US,1,3,1,4,False,False,Mega Absol Box,mega-absol-box,absol-mega|kangaskhan-mega
,1537,Samantha Durci,US,1,5,1,4,False,False,Flareon Noctowl,flareon-noctowl,flareon|noctowl
,1051,Sammy Ketchum,US,1,6,1,4,False,False,Manectric Eelektrik,manectric-eelektrik,manectric-mega|eelektrik
,1246,Sanjeev Viswan,US,1,3,1,4,False,False,Mega Absol Box,mega-absol-box,absol-mega|kangaskhan-mega
,1029,Shawn Bale,US,1,4,1,4,False,False,N's Zoroark,n-zoroark,zoroark
,0704,Stephen Fujimoto,US,1,3,1,4,False,False,Gardevoir,gardevoir-ex-sv,gardevoir
,1428,Terry Lam,US,1,3,1,4,False,False,N's Zoroark,n-zoroark,zoroark
,1095,Tyler Clarke,US,1,3,1,4,False,False,Dragapult Dusknoir,dragapult-dusknoir,dragapult|dusknoir
,0132,Tyler Newman,US,1,4,1,4,False,False,Gholdengo Lunatone,gholdengo-lunatone,gholdengo|lunatone
,0476,Tyler Sakata,US,1,3,1,4,False,False,Grimmsnarl Froslass,grimmsnarl-froslass,grimmsnarl|froslass
,0841,Tyler Wade,US,1,3,1,4,False,False,Alakazam Dudunsparce,alakazam-dudunsparce,alakazam|dudunsparce
,0268,Vernon Crawford,US,1,2,1,4,False,False,Gholdengo Lunatone,gholdengo-lunatone,gholdengo|lunatone
,2042,Victor Vazquez,US,1,3,1,4,False,False,Charizard Pidgeot,charizard-pidgeot,charizard|pidgeot
,1187,Vincent Nagel,US,1,2,1,4,False,False,Gholdengo Lunatone,gholdengo-lunatone,gholdengo|lunatone
,1795,Vinicius da Silva Santos,US,1,6,1,4,False,False,Mega Absol Box,mega-absol-box,absol-mega|kangaskhan-mega
,0178,Zach Kowalski,US,1,2,1,4,False,False,Gholdengo Lunatone,gholdengo-lunatone,gholdengo|lunatone
,0686,Zachary Kuo,US,1,3,1,4,False,False,Dragapult Dusknoir,dragapult-dusknoir,dragapult|dusknoir
,0368,daniel xaysongkham,US,1,3,1,4,False,False,Dragapult Dusknoir,dragapult-dusknoir,dragapult|dusknoir
,0346,kaylee maxson,US,1,6,1,4,False,False,Clefairy Ogerpon,clefairy-ogerpon,clefairy|ogerpon
,1183,raunak dua,US,1,4,1,4,False,False,Dragapult Dusknoir,dragapult-dusknoir,dragapult|dusknoir
,0650,stanley wong,US,1,4,1,4,False,False,Dragapult Dusknoir,dragapult-dusknoir,dragapult|dusknoir
,0944,wade frazier,US,1,4,1,4,False,False,Dragapult Dusknoir,dragapult-dusknoir,dragapult|dusknoir
,1817,Abe Chung,US,1,4,0,3,False,False,Gholdengo,gholdengo-ex,gholdengo
,1135,Adithya Suresh,US,0,3,3,3,False,False,Slowking,slowking-scr,slowking
,1524,Aidan Boyce,US,1,3,0,3,False,False,Gardevoir,gardevoir-ex-sv,gardevoir
,2214,Alex Barretto,US,1,3,0,3,False,False,Dragapult Dusknoir,dragapult-dusknoir,dragapult|dusknoir
,1388,Alex Fusco,US,1,3,0,3,False,False,Dragapult Charizard,dragapult-charizard,dragapult|charizard
,2061,Alexander Early,US,1,3,0,3,False,False,Gholdengo Lunatone,gholdengo-lunatone,gholdengo|lunatone
,0751,Allen Wong,US,1,2,0,3,False,False,Lucario Hariyama,lucario-hariyama,lucario-mega|hariyama
,1698,Andrew Jackson,US,1,3,0,3,False,False,Iron Hands Magneton,iron-hands-magneton,iron-hands|magneton
,0073,Andrew Saldana,US,1,3,0,3,False,False,Dragapult Charizard,dragapult-charizard,dragapult|charizard
,1980,Andy Schindler,US,1,4,0,3,False,False,Gholdengo Lunatone,gholdengo-lunatone,gholdengo|lunatone
,1219,Antonio Lopez,US,1,3,0,3,False,False,Dragapult Dusknoir,dragapult-dusknoir,dragapult|dusknoir
,1412,Arman Reyes,US,1,3,0,3,False,False,Mega Absol Box,mega-absol-box,absol-mega|kangaskhan-mega
,0577,Arnold Vasquez,US,1,3,0,3,False,False,Joltik Box,joltik-box,joltik|pikachu
,1650,Austin Eggers,US,1,2,0,3,False,False,N's Zoroark,n-zoroark,zoroark
,0165,BILLY CHAN,CA,1,3,0,3,False,False,Gholdengo Lunatone,gholdengo-lunatone,gholdengo|lunatone
,0275,Benjamin Taylor,US,1,3,0,3,False,False,Seaking Festival Lead,seaking-pre,seaking|thwackey
,2047,Brandon Khademi,US,1,4,0,3,False,False,Raging Bolt Ogerpon,raging-bolt-ogerpon,raging-bolt|ogerpon
,1683,Brandon Kim,US,1,4,0,3,False,False,Gardevoir Jellicent,gardevoir-jellicent,gardevoir|jellicent
,0998,Brandon Robinson,US,1,6,0,3,False,False,Mega Venusaur,mega-venusaur-ex,venusaur-mega
,1712,Brandon Wang,CA,1,5,0,3,False,False,Gardevoir,gardevoir-ex-sv,gardevoir
,1857,Bryant Vasquez,US,1,2,0,3,False,False,Raging Bolt Ogerpon,raging-bolt-ogerpon,raging-bolt|ogerpon
,0125,Caleb Johnson,US,1,3,0,3,False,False,Raging Bolt Ogerpon,raging-bolt-ogerpon,raging-bolt|ogerpon
,0948,Calvin Copenhaver,US,1,3,0,3,False,False,Gardevoir,gardevoir-ex-sv,gardevoir
,1970,Carson Baldwin-Bonney,US,1,3,0,3,False,False,N's Zoroark,n-zoroark,zoroark
,1175,Casey Lamrouex,US,1,4,0,3,False,False,Hop's Zacian,hop-zacian,zacian-crowned|snorlax
,1822,Charlotte Schaefer,US,1,3,0,3,False,False,Gardevoir Jellicent,gardevoir-jellicent,gardevoir|jellicent
,0570,Christian Francisco,US,1,4,0,3,False,False,Dragapult Charizard,dragapult-charizard,dragapult|charizard
,1979,Christian Silva,US,1,4,0,3,False,False,Froslass Munkidori,froslass-munkidori,froslass|munkidori
,0279,Christine Kim,US,1,3,0,3,False,False,Mega Absol Box,mega-absol-box,absol-mega|kangaskhan-mega
,0795,Claudio Avendano,US,1,3,0,3,False,False,Gardevoir,gardevoir-ex-sv,gardevoir
,1028,Cole Garza,US,1,3,0,3,False,False,Gholdengo Lunatone,gholdengo-lunatone,gholdengo|lunatone
,1818,Connor McLauchlin,US,1,3,0,3,False,False,roaring-moon,?roaring-moon,roaring-moon
,0244,Cristofer Francisco Santamaria Garcia,US,1,4,0,3,False,False,Charizard Noctowl,charizard-noctowl,charizard|noctowl
,1938,Dan Nash,US,1,3,0,3,False,False,Gholdengo Lunatone,gholdengo-lunatone,gholdengo|lunatone
,1936,Daniel Ramos De Jesus,US,1,4,0,3,False,False,Pidgeot Control,pidgeot-control,pidgeot
,0899,David Modica,US,1,4,0,3,False,False,Kangaskhan Forretress,kangaskhan-forretress,kangaskhan-mega|forretress
,0974,Demetrios Tzamaras,US,0,2,3,3,False,False,Alakazam Dudunsparce,alakazam-dudunsparce,alakazam|dudunsparce
,0936,Diana Duddy,US,1,3,0,3,False,False,Gholdengo Joltik Box,gholdengo-joltik-box,gholdengo|joltik
,1025,Dilan Dean,US,1,3,0,3,False,False,Ogerpon Meganium,ogerpon-meganium,ogerpon|meganium
,0042,Elijah Talley,US,1,3,0,3,False,False,Manectric Eelektrik,manectric-eelektrik,manectric-mega|eelektrik
,0994,Emily Cary,US,1,3,0,3,False,False,Lopunny Dusknoir,lopunny-dusknoir,lopunny-mega|dusknoir
,0326,Emma Hammmons,US,1,3,0,3,False,False,N's Zoroark,n-zoroark,zoroark
,2165,Erick Mauricio,US,1,3,0,3,False,False,Dragapult Dusknoir,dragapult-dusknoir,dragapult|dusknoir
,1333,Ethan Luong,US,1,5,0,3,False,False,Ceruledge,ceruledge-ex,ceruledge
,2211,Evan Rice,CA,1,3,0,3,False,False,Gardevoir,gardevoir-ex-sv,gardevoir
,0270,Genevieve Anderson,US,1,3,0,3,False,False,Lopunny Dusknoir,lopunny-dusknoir,lopunny-mega|dusknoir
,1599,Geovany Ramirez,US,0,2,3,3,False,False,Dragapult Dusknoir,dragapult-dusknoir,dragapult|dusknoir
,0990,Grant Uy,US,1,3,0,3,False,False,Charizard Noctowl,charizard-noctowl,charizard|noctowl
,0489,HOWARD FRANKS,US,1,5,0,3,False,False,Hop's Zacian,hop-zacian,zacian-crowned|snorlax
,0364,Hallie Koopman,US,1,7,0,3,False,False,Raging Bolt Ogerpon,raging-bolt-ogerpon,raging-bolt|ogerpon
,1402,Hamza Shah,US,1,3,0,3,False,False,Dragapult Charizard,dragapult-charizard,dragapult|charizard
,0481,Hector Zertuche Honorato,US,1,4,0,3,False,False,Charizard Noctowl,charizard-noctowl,charizard|noctowl
,0649,Henry Liu,US,1,3,0,3,False,False,Ceruledge,ceruledge-ex,ceruledge
,1562,Iris Morgan,US,1,4,0,3,False,False,Dragapult Dusknoir,dragapult-dusknoir,dragapult|dusknoir
,0004,Jacob Bradley,US,1,3,0,3,False,False,Flareon Noctowl,flareon-noctowl,flareon|noctowl
,2008,Jacob Wolff,US,1,3,0,3,False,False,Mega Lucario,mega-lucario-ex,lucario-mega
,0544,Jadihel Corona,US,1,3,0,3,False,False,Iron Hands Magneton,iron-hands-magneton,iron-hands|magneton
,0406,Jakob Gronseth,US,0,2,3,3,False,False,Other,other,substitute
,0193,James Caro,US,1,3,0,3,False,False,Dragapult Dusknoir,dragapult-dusknoir,dragapult|dusknoir
,1260,James Washer,US,1,3,0,3,False,False,Dragapult Charizard,dragapult-charizard,dragapult|charizard
,0297,Jared Hounsell,US,1,3,0,3,False,False,Dragapult Dusknoir,dragapult-dusknoir,dragapult|dusknoir
,1535,Jarod Jenks,US,1,3,0,3,False,False,Dragapult Dusknoir,dragapult-dusknoir,dragapult|dusknoir
,1347,Jason Kotsaftis,US,1,3,0,3,False,False,N's Zoroark,n-zoroark,zoroark
,0043,Jeffrey Noel,US,1,1,0,3,False,False,Seaking Festival Lead,seaking-pre,seaking|thwackey
,1560,Jennifer Wang,CA,1,3,0,3,False,False,Joltik Box,joltik-box,joltik|pikachu
,0273,John Wroblewski,US,1,3,0,3,False,False,Kangaskhan Bouffalant,kangaskhan-bouffalant,kangaskhan-mega|bouffalant
,1014,Jose Laboy,US,1,3,0,3,False,False,Cynthia's Garchomp,cynthia-garchomp-ex,garchomp
,2216,Jose Romero,US,1,3,0,3,False,False,Mega Absol Box,mega-absol-box,absol-mega|kangaskhan-mega
,0819,Joseph Cavazos,US,1,5,0,3,False,False,Raging Bolt Ogerpon,raging-bolt-ogerpon,raging-bolt|ogerpon
,0389,Josh Barnes,US,1,4,0,3,False,False,Slowking,slowking-scr,slowking
,0011,Josh Roberts,US,1,3,0,3,False,False,N's Zoroark,n-zoroark,zoroark
,0255,Joshua Kim,US,1,3,0,3,False,False,Raging Bolt Ogerpon,raging-bolt-ogerpon,raging-bolt|ogerpon
,1443,Julio Valenzuela,US,1,3,0,3,False,False,Charizard Pidgeot,charizard-pidgeot,charizard|pidgeot
,0970,Justin McAfee,US,1,3,0,3,False,False,Kangaskhan Forretress,kangaskhan-forretress,kangaskhan-mega|forretress
,1572,Justin Stroud,US,1,3,0,3,False,False,N's Zoroark,n-zoroark,zoroark
,1830,Kaiyang Liu,US,1,3,0,3,False,False,Alakazam Dudunsparce,alakazam-dudunsparce,alakazam|dudunsparce
,0972,Kegan Morin,US,1,3,0,3,False,False,Mega Absol Box,mega-absol-box,absol-mega|kangaskhan-mega
,0336,Kevin Reyes,US,1,3,0,3,False,False,Joltik Box,joltik-box,joltik|pikachu
,0791,Kevin Son,US,1,3,0,3,False,False,Mega Lucario,mega-lucario-ex,lucario-mega
,0409,Kevin Wetzel,US,1,3,0,3,False,False,Slowking,slowking-scr,slowking
,0615,Kevin Wilhelmi,US,1,3,0,3,False,False,Yanmega,yanmega-ex,yanmega
,1496,Kyle Rive-foster,CA,1,5,0,3,False,False,Mega Absol Box,mega-absol-box,absol-mega|kangaskhan-mega
,0425,Kyle Sullivan,US,1,4,0,3,False,False,Grimmsnarl Froslass,grimmsnarl-froslass,grimmsnarl|froslass
,1695,Lamar Harris,US,1,4,0,3,False,False,Raging Bolt,raging-bolt-ex,raging-bolt
,0376,Lando Toothman,US,0,5,3,3,False,False,Mega Absol Box,mega-absol-box,absol-mega|kangaskhan-mega
,1425,Luan Nguyen,US,1,3,0,3,False,False,Sharpedo Toxtricity,sharpedo-toxtricity,sharpedo-mega|toxtricity
,1308,Lukas Williams,US,1,7,0,3,False,False,Joltik Box,joltik-box,joltik|pikachu
,1207,Madison Olesen,US,1,3,0,3,False,False,Gholdengo Lunatone,gholdengo-lunatone,gholdengo|lunatone
,1729,Manuel Ruiz,US,1,3,0,3,False,False,Gholdengo Lunatone,gholdengo-lunatone,gholdengo|lunatone
,1069,Marc Warrior,US,1,5,0,3,False,False,Mega Lucario,mega-lucario-ex,lucario-mega
,1115,Marco Lee,US,1,3,0,3,False,False,Raging Bolt Ogerpon,raging-bolt-ogerpon,raging-bolt|ogerpon
,0905,Marco Ochoa,US,1,3,0,3,False,False,Mega Absol Box,mega-absol-box,absol-mega|kangaskhan-mega
,2028,Matt Chell,US,1,4,0,3,False,False,Charizard Noctowl,charizard-noctowl,charizard|noctowl
,1603,Max Pudans,US,1,3,0,3,False,False,Charizard Noctowl,charizard-noctowl,charizard|noctowl
,2075,Michael Bergeron,US,1,5,0,3,False,False,Alakazam Dudunsparce,alakazam-dudunsparce,alakazam|dudunsparce
,1916,Michelle Most,US,1,4,0,3,False,False,Gholdengo Lunatone,gholdengo-lunatone,gholdengo|lunatone
,1903,Miranda Reed,US,1,3,0,3,False,False,Ho-Oh Armarouge,ho-oh-armarouge,ho-oh|armarouge
,1531,Myles Aquino,US,1,4,0,3,False,False,Festival Lead,festival-lead,dipplin|thwackey
,1796,Nate Sitthi,US,1,4,0,3,False,False,Gholdengo Lunatone,gholdengo-lunatone,gholdengo|lunatone
,0044,Nathalie Morris,US,1,5,0,3,False,False,Gholdengo Lunatone,gholdengo-lunatone,gholdengo|lunatone
,1376,Nathan Mark,US,1,3,0,3,False,False,Gholdengo Lunatone,gholdengo-lunatone,gholdengo|lunatone
,0345,Nicholas Nemeth,US,1,3,0,3,False,False,Dragapult Dusknoir,dragapult-dusknoir,dragapult|dusknoir
,0412,Nicholas Vellios,CA,1,3,0,3,False,False,Dragapult Dusknoir,dragapult-dusknoir,dragapult|dusknoir
,0122,Odin Kyte,US,1,3,0,3,False,False,N's Zoroark,n-zoroark,zoroark
,1629,Oscar Gutierrez,US,1,3,0,3,False,False,Dragapult Dusknoir,dragapult-dusknoir,dragapult|dusknoir
,1746,Oscar Pacheco,US,0,1,3,3,False,False,Dragapult Dusknoir,dragapult-dusknoir,dragapult|dusknoir
,0294,Panda Schaeffer,US,1,4,0,3,False,False,Raging Bolt Ogerpon,raging-bolt-ogerpon,raging-bolt|ogerpon
,1180,Preston Hutton,CA,1,7,0,3,False,False,Dragapult Dusknoir,dragapult-dusknoir,dragapult|dusknoir
,1102,Quang Thong Ngo,CA,1,4,0,3,False,False,Other,other,substitute
,1921,Rachel Kettenburg,US,0,5,3,3,False,False,Raging Bolt Ogerpon,raging-bolt-ogerpon,raging-bolt|ogerpon
,0884,Rattanak Ly,US,1,3,0,3,False,False,Dragapult Dusknoir,dragapult-dusknoir,dragapult|dusknoir
,0187,Richard Bayram,US,1,3,0,3,False,False,Iron Hands Magneton,iron-hands-magneton,iron-hands|magneton
,0761,Riley Iselle Lam,US,1,5,0,3,False,False,Charizard Noctowl,charizard-noctowl,charizard|noctowl
,1157,Rodrigo Vidauri,US,1,5,0,3,False,False,Mega Venusaur,mega-venusaur-ex,venusaur-mega
,1152,Rome Burton,US,1,3,0,3,False,False,Mega Absol Box,mega-absol-box,absol-mega|kangaskhan-mega
,0885,Rose Jackson,US,1,3,0,3,False,False,Gardevoir,gardevoir-ex-sv,gardevoir
,0585,Ryan Brikman,US,1,3,0,3,False,False,Mega Absol Box,mega-absol-box,absol-mega|kangaskhan-mega
,1632,Ryan Flannery,US,1,3,0,3,False,False,Dragapult Dusknoir,dragapult-dusknoir,dragapult|dusknoir
,2073,Ryan Leung,CA,1,3,0,3,False,False,Gholdengo Lunatone,gholdengo-lunatone,gholdengo|lunatone
,1407,Sam Rasay,US,1,6,0,3,False,False,Charizard Noctowl,charizard-noctowl,charizard|noctowl
,0312,Samantha Wancour,US,1,3,0,3,False,False,Gholdengo Lunatone,gholdengo-lunatone,gholdengo|lunatone
,1771,Scott Sharman,US,1,3,0,3,False,False,Raging Bolt Ogerpon,raging-bolt-ogerpon,raging-bolt|ogerpon
,1710,Sean Boerm,US,1,3,0,3,False,False,Grimmsnarl Froslass,grimmsnarl-froslass,grimmsnarl|froslass
,0863,Sean Cardoza,US,1,4,0,3,False,False,Gardevoir Jellicent,gardevoir-jellicent,gardevoir|jellicent
,1245,Sean McCormick,US,1,5,0,3,False,False,Charizard Noctowl,charizard-noctowl,charizard|noctowl
,1218,Sean Schulz,US,1,3,0,3,False,False,Mega Absol Box,mega-absol-box,absol-mega|kangaskhan-mega
,1800,Serena Shafer,US,1,3,0,3,False,False,Grimmsnarl Froslass,grimmsnarl-froslass,grimmsnarl|froslass
,2168,Seth Hryciw,US,1,3,0,3,False,False,Raging Bolt Ogerpon,raging-bolt-ogerpon,raging-bolt|ogerpon
,0334,Seth Wilson,US,1,5,0,3,False,False,Sharpedo Toxtricity,sharpedo-toxtricity,sharpedo-mega|toxtricity
,1406,Shadow Maine,US,1,3,0,3,False,False,Dragapult Dusknoir,dragapult-dusknoir,dragapult|dusknoir
,0608,Stacey Kissler,US,1,3,0,3,False,False,Gholdengo Lunatone,gholdengo-lunatone,gholdengo|lunatone
,1480,Stacy Galante,US,0,2,3,3,False,False,Charizard Pidgeot,charizard-pidgeot,charizard|pidgeot
,1283,Stephen Scicluna,CA,1,3,0,3,False,False,Charizard Pidgeot,charizard-pidgeot,charizard|pidgeot
,1078,Tanner Passafiume,US,1,3,0,3,False,False,Dragapult Dusknoir,dragapult-dusknoir,dragapult|dusknoir
,0485,Tristan Camacho,US,1,4,0,3,False,False,Dragapult Dusknoir,dragapult-dusknoir,dragapult|dusknoir
,0299,Udhbhav Suligavi,US,1,4,0,3,False,False,Slowking,slowking-scr,slowking
,0483,Vincent Vuong,CA,1,3,0,3,False,False,Joltik Box,joltik-box,joltik|pikachu
,1185,Wicke Bowman,US,1,6,0,3,False,False,Sharpedo Toxtricity,sharpedo-toxtricity,sharpedo-mega|toxtricity
,2160,Zac Ortega,US,1,4,0,3,False,False,Alakazam Dudunsparce,alakazam-dudunsparce,alakazam|dudunsparce
,0401,Zaccaria Dickerson,US,1,4,0,3,False,False,Dragapult Dusknoir,dragapult-dusknoir,dragapult|dusknoir
,0581,Zach Philyaw,US,1,3,0,3,False,False,Mega Absol Box,mega-absol-box,absol-mega|kangaskhan-mega
,0580,Zach Roy,US,1,3,0,3,False,False,Gardevoir,gardevoir-ex-sv,gardevoir
,2161,connor deveny,US,1,4,0,3,False,False,Mega Absol Box,mega-absol-box,absol-mega|kangaskhan-mega
,1861,jonathan gonzalez,US,1,4,0,3,False,False,Raging Bolt Ogerpon,raging-bolt-ogerpon,raging-bolt|ogerpon
,1190,logan Traviglia,US,1,3,0,3,False,False,Dragapult Dusknoir,dragapult-dusknoir,dragapult|dusknoir
,0263,matt apple,US,1,3,0,3,False,False,Tinkaton,tinkaton-ex,tinkaton
,1851,nick sheffer,US,1,3,0,3,False,False,roaring-moon,?roaring-moon,roaring-moon
,1743,Alexander Dembo,US,0,3,2,2,False,False,Raging Bolt Ogerpon,raging-bolt-ogerpon,raging-bolt|ogerpon
,0360,Andres Bermudez,US,0,2,2,2,False,False,Dragapult Dusknoir,dragapult-dusknoir,dragapult|dusknoir
,0817,Austen G Martinez,US,0,3,2,2,False,False,Dragapult Dusknoir,dragapult-dusknoir,dragapult|dusknoir
,1031,Benny Zheng,US,0,2,2,2,False,False,Gardevoir,gardevoir-ex-sv,gardevoir
,2017,Brayden Schmitt,US,0,1,2,2,False,False,Dragapult Dusknoir,dragapult-dusknoir,dragapult|dusknoir
,1899,Dain Yoshizumi,US,0,3,2,2,False,False,Gholdengo Lunatone,gholdengo-lunatone,gholdengo|lunatone
,1503,Daniel Penn,US,0,2,2,2,False,False,Mega Absol Box,mega-absol-box,absol-mega|kangaskhan-mega
,0961,Emily Mulloy,US,0,3,2,2,False,False,Gholdengo Lunatone,gholdengo-lunatone,gholdengo|lunatone
,0553,Eric Ha,US,0,2,2,2,False,False,Mega Absol Box,mega-absol-box,absol-mega|kangaskhan-mega
,1798,Erick De La Rosa,US,0,2,2,2,False,False,Gholdengo Lunatone,gholdengo-lunatone,gholdengo|lunatone
,1690,Gary Huang,US,0,3,2,2,False,False,Gholdengo Lunatone,gholdengo-lunatone,gholdengo|lunatone
,1055,Jason Paterra,US,0,3,2,2,False,False,Gholdengo Lunatone,gholdengo-lunatone,gholdengo|lunatone
,2224,Jordan Juarez,US,0,2,2,2,False,False,Gardevoir,gardevoir-ex-sv,gardevoir
,1869,Lucas Laviolette,CA,0,2,2,2,False,False,Mega Absol Box,mega-absol-box,absol-mega|kangaskhan-mega
,0300,Luis Lopez,US,0,2,2,2,False,False,Raging Bolt Ogerpon,raging-bolt-ogerpon,raging-bolt|ogerpon
,1906,Matthew Christensen,US,0,2,2,2,False,False,Tera Box,tera-box,noctowl|ogerpon-wellspring
,1000,Melody Joiner,US,0,3,2,2,False,False,Hydrapple Ogerpon,hydrapple-ogerpon,hydrapple|ogerpon
,1048,Nikolai Ventura,US,0,3,2,2,False,False,Grimmsnarl Froslass,grimmsnarl-froslass,grimmsnarl|froslass
,2205,Noeh escareno,US,0,2,2,2,False,False,Grimmsnarl Froslass,grimmsnarl-froslass,grimmsnarl|froslass
,2107,Rhiannon Morrison,US,0,2,2,2,False,False,Gholdengo Lunatone,gholdengo-lunatone,gholdengo|lunatone
,1942,Seunghwan Lee,US,0,2,2,2,False,False,Dragapult Dusknoir,dragapult-dusknoir,dragapult|dusknoir
,0283,Thomas Gallegos,US,0,2,2,2,False,False,Dragapult Dusknoir,dragapult-dusknoir,dragapult|dusknoir
,0617,Timothy Luk,US,0,6,2,2,False,False,N's Zoroark,n-zoroark,zoroark
,1687,Tyler Taketa,US,0,3,2,2,False,False,Grimmsnarl Froslass,grimmsnarl-froslass,grimmsnarl|froslass
,0927,Uriel Alfaro,US,0,4,2,2,False,False,Mega Absol Box,mega-absol-box,absol-mega|kangaskhan-mega
,1778,Yunhao Li,US,0,3,2,2,False,False,Gholdengo Lunatone,gholdengo-lunatone,gholdengo|lunatone
,0518,Adrian Reyes,US,0,3,1,1,False,False,Gholdengo Lunatone,gholdengo-lunatone,gholdengo|lunatone
,0433,Alex Dayley,US,0,3,1,1,False,False,Gholdengo Lunatone,gholdengo-lunatone,gholdengo|lunatone
,0403,Andre Colon,US,0,1,1,1,False,False,Charizard Noctowl,charizard-noctowl,charizard|noctowl
,1497,Andreya Dunks,US,0,2,1,1,False,False,Grimmsnarl Froslass,grimmsnarl-froslass,grimmsnarl|froslass
,0499,Annabella Nouel Barreto,US,0,4,1,1,False,False,Tera Box,tera-box,noctowl|ogerpon-wellspring
,2029,Ashton Almandinger,US,0,3,1,1,False,False,Gardevoir Jellicent,gardevoir-jellicent,gardevoir|jellicent
,0606,Bayani Eleccion,US,0,3,1,1,False,False,unknown,?,
,1827,Brandon Fitz,US,0,2,1,1,False,False,Alakazam Dudunsparce,alakazam-dudunsparce,alakazam|dudunsparce
,1597,Cade Izuo,US,0,3,1,1,False,False,Greninja,greninja-ex,greninja
,1686,Charles Mcburney,US,0,3,1,1,False,False,Charizard Noctowl,charizard-noctowl,charizard|noctowl
,0779,Christian Faatoafe,US,0,3,1,1,False,False,Greninja,greninja-ex,greninja
,2228,Christopher Kalphat,US,0,3,1,1,False,False,Gengar,gengar-ex,gengar
,1740,Conner Major,US,0,3,1,1,False,False,Gholdengo Lunatone,gholdengo-lunatone,gholdengo|lunatone
,1792,Daiki Kumasegawa,US,0,3,1,1,False,False,Mega Absol Box,mega-absol-box,absol-mega|kangaskhan-mega
,0851,Daniel Ong,US,0,4,1,1,False,False,Gholdengo Lunatone,gholdengo-lunatone,gholdengo|lunatone
,0721,Daniela Jimenez-Torres,US,0,4,1,1,False,False,Gardevoir,gardevoir-ex-sv,gardevoir
,1492,David Johansson,US,0,2,1,1,False,False,Charizard Noctowl,charizard-noctowl,charizard|noctowl
,1570,Derek Hu,US,0,2,1,1,False,False,Ceruledge,ceruledge-ex,ceruledge
,2007,Diana Lopez,US,0,4,1,1,False,False,Charizard Pidgeot,charizard-pidgeot,charizard|pidgeot
,0229,Emily Louie,CA,0,5,1,1,False,False,Dragapult Charizard,dragapult-charizard,dragapult|charizard
,1229,Emily Tam,US,0,7,1,1,False,False,Charizard Pidgeot,charizard-pidgeot,charizard|pidgeot
,0549,Fernando Lepe,US,0,3,1,1,False,False,Dragapult Charizard,dragapult-charizard,dragapult|charizard
,0600,Harlan Adams,US,0,3,1,1,False,False,Gholdengo Lunatone,gholdengo-lunatone,gholdengo|lunatone
,0977,Josh Ogden,US,0,3,1,1,False,False,N's Zoroark,n-zoroark,zoroark
,0152,Joshua Parris,US,0,4,1,1,False,False,Dragapult Dusknoir,dragapult-dusknoir,dragapult|dusknoir
,1475,Joshua Pratt,US,0,4,1,1,False,False,Gholdengo Lunatone,gholdengo-lunatone,gholdengo|lunatone
,2171,Kaden Petrie,US,0,4,1,1,False,False,Alakazam Dudunsparce,alakazam-dudunsparce,alakazam|dudunsparce
,0554,Kalvin Martinez,US,0,3,1,1,False,False,Gholdengo Lunatone,gholdengo-lunatone,gholdengo|lunatone
,1306,Kevin Trac,US,0,5,1,1,False,False,Gardevoir,gardevoir-ex-sv,gardevoir
,0794,Kodey Weppler,US,0,3,1,1,False,False,Gardevoir,gardevoir-ex-sv,gardevoir
,0398,Kunze Wei,US,0,3,1,1,False,False,Gholdengo Lunatone,gholdengo-lunatone,gholdengo|lunatone
,0319,Laurajane Curry,US,0,5,1,1,False,False,Other,other,substitute
,0780,Mason Ortloff,US,0,3,1,1,False,False,N's Zoroark,n-zoroark,zoroark
,1611,Moises Gonzalez,US,0,4,1,1,False,False,Gardevoir Jellicent,gardevoir-jellicent,gardevoir|jellicent
,1591,Napoleon Lee,US,0,3,1,1,False,False,Dragapult Blaziken,dragapult-blaziken,dragapult|blaziken
,1160,Nicholas Le,US,0,3,1,1,False,False,Mega Absol Box,mega-absol-box,absol-mega|kangaskhan-mega
,0191,Nicole Dochych,US,0,3,1,1,False,False,Gholdengo Lunatone,gholdengo-lunatone,gholdengo|lunatone
,2064,Phong Vu,US,0,3,1,1,False,False,unknown,?,
,1390,Remy Jackson,US,0,2,1,1,False,False,Mega Venusaur,mega-venusaur-ex,venusaur-mega
,1398,Remy Kops,US,0,3,1,1,False,False,Gardevoir Jellicent,gardevoir-jellicent,gardevoir|jellicent
,0975,Roman Garcia,US,0,2,1,1,False,False,Cynthia's Garchomp,cynthia-garchomp-ex,garchomp
,1641,Samnang Mom,US,0,3,1,1,False,False,Hydreigon,hydreigon-ex,hydreigon
,1339,Songshan Guo,CA,0,3,1,1,False,False,Dragapult Dusknoir,dragapult-dusknoir,dragapult|dusknoir
,0384,Talon Holloway,US,0,3,1,1,False,False,okidogi,?okidogi,okidogi
,1265,Tony Mendoza,US,0,1,1,1,False,False,unknown,?,
,0071,Tyler Wardlow,US,0,3,1,1,False,False,Gardevoir Jellicent,gardevoir-jellicent,gardevoir|jellicent
,1811,Wayne Skeeters,US,0,4,1,1,False,False,Mega Absol Box,mega-absol-box,absol-mega|kangaskhan-mega
,0302,joshua lee,US,0,3,1,1,False,False,Dragapult Dusknoir,dragapult-dusknoir,dragapult|dusknoir
,1728,kaia murphy,US,0,3,1,1,False,False,Gholdengo Lunatone,gholdengo-lunatone,gholdengo|lunatone
,0532,stacy vigil,US,0,3,1,1,False,False,N's Zoroark,n-zoroark,zoroark
,0878,Abraham Hernandez,US,0,3,0,0,False,False,Gholdengo Lunatone,gholdengo-lunatone,gholdengo|lunatone
,2074,Alejandro Garnica Hinojosa,US,0,4,0,0,False,False,Gholdengo,gholdengo-ex,gholdengo
,1682,Alexander Brooks,US,0,4,0,0,False,False,Hydrapple Ogerpon,hydrapple-ogerpon,hydrapple|ogerpon
,2066,Alexander Marquez,US,0,3,0,0,False,False,Gholdengo Lunatone,gholdengo-lunatone,gholdengo|lunatone
,0109,Andres Cole Rubio,US,0,3,0,0,False,False,Charizard Noctowl,charizard-noctowl,charizard|noctowl
,1892,Andres Herrera,US,0,1,0,0,False,False,Other,other,substitute
,0181,Ange Fermin,US,0,5,0,0,False,False,Gholdengo Lunatone,gholdengo-lunatone,gholdengo|lunatone
,0892,April Marcuzzo,US,0,4,0,0,False,False,Sharpedo Toxtricity,sharpedo-toxtricity,sharpedo-mega|toxtricity
,2126,Ashton Char,US,0,4,0,0,False,False,Gardevoir Jellicent,gardevoir-jellicent,gardevoir|jellicent
,1838,Aurelio Guevara,US,0,1,0,0,False,False,Dragapult Dusknoir,dragapult-dusknoir,dragapult|dusknoir
,1317,Austin Ryf,US,0,3,0,0,False,False,Dragapult Dusknoir,dragapult-dusknoir,dragapult|dusknoir
,2024,Axel Murillo,US,0,1,0,0,False,False,Dragapult Dusknoir,dragapult-dusknoir,dragapult|dusknoir
,2077,Benjamin bolton,US,0,3,0,0,False,False,Kangaskhan Bouffalant,kangaskhan-bouffalant,kangaskhan-mega|bouffalant
,0848,Bradley Sumoge,US,0,4,0,0,False,False,Gardevoir,gardevoir-ex-sv,gardevoir
,0694,Brandon Baughn,US,0,3,0,0,False,False,Kangaskhan Bouffalant,kangaskhan-bouffalant,kangaskhan-mega|bouffalant
,1257,Brian Weber,US,0,2,0,0,False,False,Mega Charizard X,mega-charizard-x-ex,charizard-mega-x
,1299,Bryan Mendoza,US,0,3,0,0,False,False,Gardevoir Jellicent,gardevoir-jellicent,gardevoir|jellicent
,0889,Caden Bautista,US,0,3,0,0,False,False,Gardevoir Jellicent,gardevoir-jellicent,gardevoir|jellicent
,0959,Canyon Reynolds,US,0,3,0,0,False,False,Froslass Munkidori,froslass-munkidori,froslass|munkidori
,1925,Chris Moore,US,0,3,0,0,False,False,Dragapult Dusknoir,dragapult-dusknoir,dragapult|dusknoir
,0572,Christopher Atkinson,US,0,4,0,0,False,False,Charizard Pidgeot,charizard-pidgeot,charizard|pidgeot
,2014,Connor Dedrick,US,0,2,0,0,False,False,Wugtrio Mill,wugtrio-svi,wugtrio
,0688,Conrad Garcia-Hauzer,US,0,4,0,0,False,False,Gholdengo Lunatone,gholdengo-lunatone,gholdengo|lunatone
,1776,Corey Godfrey,US,0,4,0,0,False,False,Raging Bolt Ogerpon,raging-bolt-ogerpon,raging-bolt|ogerpon
,1301,Daniel Cole,US,0,3,0,0,False,False,Flareon Noctowl,flareon-noctowl,flareon|noctowl
,0240,Darius Waller-Savage,US,0,3,0,0,False,False,Dragapult Dusknoir,dragapult-dusknoir,dragapult|dusknoir
,0431,Denise Hagen,US,0,3,0,0,False,False,Charizard Noctowl,charizard-noctowl,charizard|noctowl
,0669,Dimitri Davis,US,0,4,0,0,False,False,Dragapult,dragapult-ex,dragapult
,1228,Donald Stauffer,US,0,1,0,0,False,False,Ceruledge,ceruledge-ex,ceruledge
,0305,Elainea Kesler,US,0,4,0,0,False,False,Flareon Noctowl,flareon-noctowl,flareon|noctowl
,0797,Elias Flores,US,0,4,0,0,False,False,Alakazam Dudunsparce,alakazam-dudunsparce,alakazam|dudunsparce
,0238,Ellie Sharp,US,0,2,0,0,False,False,Dragapult Dusknoir,dragapult-dusknoir,dragapult|dusknoir
,1304,Eric Encarnacion,US,0,1,0,0,False,False,Ceruledge,ceruledge-ex,ceruledge
,1913,Erik Carlson,US,0,1,0,0,False,False,Dragapult Charizard,dragapult-charizard,dragapult|charizard
,1910,Erin Zimmer,US,0,3,0,0,False,False,N's Zoroark,n-zoroark,zoroark
,1310,Ethan Durrant,US,0,4,0,0,False,False,Gardevoir,gardevoir-ex-sv,gardevoir
,1369,Evanbir Dhesi,US,0,3,0,0,False,False,roaring-moon,?roaring-moon,roaring-moon
,2199,Fernando Hernandez,US,0,3,0,0,False,False,Ethan's Typhlosion,ethan-typhlosion,typhlosion
,1062,Gavin Richardson,US,0,3,0,0,False,False,Mega Charizard X,mega-charizard-x-ex,charizard-mega-x
,1699,Griffin Wetzel,US,0,4,0,0,False,False,Gholdengo Lunatone,gholdengo-lunatone,gholdengo|lunatone
,2210,Hale Mefford,US,0,1,0,0,False,False,Charizard Pidgeot,charizard-pidgeot,charizard|pidgeot
,2170,Huy Tran,US,0,3,0,0,False,False,Mega Absol Box,mega-absol-box,absol-mega|kangaskhan-mega
,2011,Isaac Smith,US,0,4,0,0,False,False,Gardevoir,gardevoir-ex-sv,gardevoir
,0108,Isabelle Saechao,US,0,4,0,0,False,False,Gardevoir Jellicent,gardevoir-jellicent,gardevoir|jellicent
,0837,Itztli Hebdon,US,0,1,0,0,False,False,Dragapult,dragapult-ex,dragapult
,1601,Jaime Hernandez,US,0,4,0,0,False,False,Gardevoir,gardevoir-ex-sv,gardevoir
,0221,James Bruggeman,US,0,3,0,0,False,False,Gardevoir Jellicent,gardevoir-jellicent,gardevoir|jellicent
,1113,James Reese,US,0,3,0,0,False,False,Alakazam Dudunsparce,alakazam-dudunsparce,alakazam|dudunsparce
,1588,Jeremi Huertas,US,0,3,0,0,False,False,Gardevoir,gardevoir-ex-sv,gardevoir
,1779,Jerin Jose,US,0,4,0,0,False,False,Lucario Hariyama,lucario-hariyama,lucario-mega|hariyama
,0080,Jimmy Sweitzer,US,0,3,0,0,False,False,Dragapult Dusknoir,dragapult-dusknoir,dragapult|dusknoir
,0743,John Blythe,US,0,3,0,0,False,False,Gholdengo Lunatone,gholdengo-lunatone,gholdengo|lunatone
,1008,Jordan Cullen,US,0,3,0,0,False,False,Gholdengo Lunatone,gholdengo-lunatone,gholdengo|lunatone
,1209,Josh Christian,US,0,2,0,0,False,False,Gholdengo Lunatone,gholdengo-lunatone,gholdengo|lunatone
,1573,Joshua Donaghue,US,0,3,0,0,False,False,roaring-moon,?roaring-moon,roaring-moon
,1146,Joshua Ernst,US,0,2,0,0,False,False,Slaking,slaking-ex,slaking
,2121,Joshua Maack,US,0,3,0,0,False,False,Dragapult Dusknoir,dragapult-dusknoir,dragapult|dusknoir
,1654,July Longcob,US,0,4,0,0,False,False,Festival Lead,festival-lead,dipplin|thwackey
,1006,Justin Wiley,US,0,3,0,0,False,False,Dragapult Dusknoir,dragapult-dusknoir,dragapult|dusknoir
,1433,Kasey Krueger,US,0,4,0,0,False,False,Iono's Bellibolt,iono-bellibolt,bellibolt|voltorb
,1606,Kasey Rubin,US,0,1,0,0,False,False,Mega Absol Box,mega-absol-box,absol-mega|kangaskhan-mega
,0467,Kevin Clemente,US,0,2,0,0,False,False,Raging Bolt Ogerpon,raging-bolt-ogerpon,raging-bolt|ogerpon
,2060,Kris Krueger,US,0,3,0,0,False,False,Iono's Bellibolt,iono-bellibolt,bellibolt|voltorb
,0140,Kushal Sharma,US,0,3,0,0,False,False,N's Zoroark,n-zoroark,zoroark
,0508,Kyuss McKinney,US,0,1,0,0,False,False,Charizard Noctowl,charizard-noctowl,charizard|noctowl
,1018,Landon Main,US,0,3,0,0,False,False,Gholdengo Lunatone,gholdengo-lunatone,gholdengo|lunatone
,0603,Leonard Jia,US,0,4,0,0,False,False,Charizard Noctowl,charizard-noctowl,charizard|noctowl
,0033,Liam Hampon,US,0,1,0,0,False,False,Dragapult Charizard,dragapult-charizard,dragapult|charizard
,0995,Lindsay Berkebile,US,0,1,0,0,False,False,Gholdengo Lunatone,gholdengo-lunatone,gholdengo|lunatone
,1532,Luke Dinh,US,0,3,0,0,False,False,Flareon Noctowl,flareon-noctowl,flareon|noctowl
,0381,Luke Lasley,US,0,1,0,0,False,False,Dragapult Dusknoir,dragapult-dusknoir,dragapult|dusknoir
,1647,Matthew Mixan,US,0,3,0,0,False,False,Mega Venusaur,mega-venusaur-ex,venusaur-mega
,1279,Max Roundy,US,0,4,0,0,False,False,Toxtricity Box,toxtricity-pfl,toxtricity|absol-mega
,0391,MeiLun Ma,US,0,1,0,0,False,False,Wugtrio Mill,wugtrio-svi,wugtrio
,1804,Miguel Dooley,US,0,5,0,0,False,False,Pidgeot Control,pidgeot-control,pidgeot
,1920,Miguel Manalo,US,0,3,0,0,False,False,Charizard Noctowl,charizard-noctowl,charizard|noctowl
,0859,Morgan Wilson,US,0,3,0,0,False,False,N's Zoroark,n-zoroark,zoroark
,2215,Nathan Hermes,US,0,4,0,0,False,False,Gholdengo Lunatone,gholdengo-lunatone,gholdengo|lunatone
,0171,Nef Herrada,US,0,3,0,0,False,False,Gholdengo Lunatone,gholdengo-lunatone,gholdengo|lunatone
,1426,Neilsen Mallari,US,0,4,0,0,False,False,Gardevoir Jellicent,gardevoir-jellicent,gardevoir|jellicent
,1393,Nichole Win,US,0,3,0,0,False,False,Dragapult Dusknoir,dragapult-dusknoir,dragapult|dusknoir
,1674,Nick Jun,US,0,3,0,0,False,False,Gholdengo Lunatone,gholdengo-lunatone,gholdengo|lunatone
,1081,Orion Capuyon,US,0,3,0,0,False,False,Mega Absol Box,mega-absol-box,absol-mega|kangaskhan-mega
,1177,Patrick Sauve-Brown,US,0,4,0,0,False,False,Gholdengo Lunatone,gholdengo-lunatone,gholdengo|lunatone
,0955,Reed Redding,US,0,2,0,0,False,False,Sinistcha Ogerpon,sinistcha-ogerpon,sinistcha|ogerpon
,0174,Reyli Garcia,US,0,3,0,0,False,False,Mamoswine,mamoswine-ex,mamoswine
,1427,Robert Farwell,US,0,4,0,0,False,False,Ho-Oh Armarouge,ho-oh-armarouge,ho-oh|armarouge
,0091,Ronald Sharpsteen,US,0,3,0,0,False,False,Lucario Hariyama,lucario-hariyama,lucario-mega|hariyama
,0045,Roy Morse,US,0,5,0,0,False,False,Tyranitar,tyranitar-jtg,tyranitar
,1736,Ryan Rude,US,0,3,0,0,False,False,Gholdengo Lunatone,gholdengo-lunatone,gholdengo|lunatone
,0680,Saizen Ochi,US,0,3,0,0,False,False,Mega Absol Box,mega-absol-box,absol-mega|kangaskhan-mega
,1240,Sakura Clanan,US,0,3,0,0,False,False,Dragapult Dusknoir,dragapult-dusknoir,dragapult|dusknoir
,0465,Sal Alarcon,US,0,4,0,0,False,False,Ogerpon Meganium,ogerpon-meganium,ogerpon|meganium
,1835,Sam Johanson,US,0,5,0,0,False,False,Cynthia's Garchomp,cynthia-garchomp-ex,garchomp
,1709,Sean Roberts,US,0,1,0,0,False,False,Alakazam Dudunsparce,alakazam-dudunsparce,alakazam|dudunsparce
,0767,Sharath Cherian,US,0,1,0,0,False,False,Raging Bolt Ogerpon,raging-bolt-ogerpon,raging-bolt|ogerpon
,1263,Shawn Ni,US,0,4,0,0,False,False,Grimmsnarl Froslass,grimmsnarl-froslass,grimmsnarl|froslass
,0510,Skyla Hefton,US,0,2,0,0,False,False,Gardevoir,gardevoir-ex-sv,gardevoir
,1193,Sydney LaCoursiere,US,0,3,0,0,False,False,Dragapult Dusknoir,dragapult-dusknoir,dragapult|dusknoir
,0692,Tim Reilly,US,0,4,0,0,False,False,Alakazam Dudunsparce,alakazam-dudunsparce,alakazam|dudunsparce
,0418,Trevor Ames,US,0,4,0,0,False,False,Dragapult Dusknoir,dragapult-dusknoir,dragapult|dusknoir
,1012,Trevor Kelly,US,0,4,0,0,False,False,Slaking,slaking-ex,slaking
,0167,Tyler Dantuma,US,0,2,0,0,False,False,Grimmsnarl Froslass,grimmsnarl-froslass,grimmsnarl|froslass
,1933,Tyler Malmon,US,0,3,0,0,False,False,Gardevoir Jellicent,gardevoir-jellicent,gardevoir|jellicent
,1556,Velyz Zafra,US,0,1,0,0,False,False,N's Zoroark,n-zoroark,zoroark
,1156,brian myers,US,0,3,0,0,False,False,Dragapult,dragapult-ex,dragapult
,0716,justyn cardis,US,0,3,0,0,False,False,Gholdengo Joltik Box,gholdengo-joltik-box,gholdengo|joltik
