round,table,result,p1_id,p1_archetype_slug,p2_id,p2_archetype_slug
1,501,p1,0001,dragapult-dusknoir,0002,lucario-hariyama
1,502,p2,0003,mega-chandelure-ex,0004,beedrill-ex-cri
1,503,p1,0005,slowking-scr,0006,festival-lead
1,504,p2,0007,dragapult-ex,0008,alakazam-dudunsparce
1,505,p1,0009,basic-box-m,0010,n-zoroark
1,506,p2,0011,dragapult-dusknoir,0012,dragapult-ex
1,507,p1,0013,dragapult-ex,0014,dragapult-ex
1,508,p2,0015,crustle-dri,0016,alakazam-dudunsparce
1,509,p1,0017,dragapult-ex,0018,festival-lead
1,510,p2,0019,n-zoroark,0020,ogerpon-meganium-hydrapple
1,511,p1,0021,n-zoroark,0022,rockets-honchkrow
1,512,p1,0023,raging-bolt-ogerpon,0024,hops-trevenant
1,513,p2,0025,lucario-hariyama,0026,slowking-scr
1,514,p2,0027,dragapult-ex,0028,dragapult-ex
1,515,p2,0029,slowking-scr,0030,seaking-pre
1,516,p2,0031,basic-box-m,0032,alakazam-dusknoir
1,517,p1,0033,dragapult-ex,0034,starmie-dusknoir
1,518,tie,0035,basic-box-m,0036,alakazam-dusknoir
1,519,tie,0037,dragapult-ex,0038,alakazam-dudunsparce
1,520,p2,0039,dragapult-ex,0040,dragapult-ex
1,521,tie,0041,slowking-scr,0042,dragapult-dusknoir
1,522,p1,0043,cynthia-garchomp-ex,0044,dragapult-ex
1,523,p2,0045,dragapult-blaziken,0046,dragapult-blaziken
1,524,p1,0047,dragapult-dudunsparce,0048,festival-lead
1,525,p2,0049,slowking-scr,0050,mega-excadrill-ex
1,526,p2,0051,alakazam-dudunsparce,0052,dragapult-dusknoir
1,527,tie,0053,dragapult-ex,0054,slowking-scr
1,528,p1,0055,n-zoroark,0056,diancie-dusknoir
1,529,p1,0057,dragapult-ex,0058,mega-greninja-ex
1,530,p1,0059,dragapult-ex,0060,crustle-dri
1,531,p1,0061,ceruledge-ex,0062,alakazam-dudunsparce
1,532,p1,0063,lucario-hariyama,0064,dragapult-ex
1,533,tie,0065,n-zoroark,0066,cynthia-garchomp-ex
1,534,p1,0067,basic-box-m,0068,beedrill-ex-cri
1,535,p2,0069,festival-lead,0070,basic-box-m
1,536,p1,0071,rockets-honchkrow,0072,cynthia-garchomp-ex
1,537,tie,0073,dragapult-ex,0074,slowking-scr
1,538,p1,0075,mega-venusaur-ex,0076,basic-box-m
1,539,tie,0077,ogerpon-meganium-hydrapple,0078,dragapult-ex
1,540,p1,0079,slowking-scr,0080,dragapult-ex
1,541,p1,0081,rockets-honchkrow,0082,dragapult-ex
1,542,p1,0083,dragapult-ex,0084,grimmsnarl-froslass
1,543,p1,0085,slowking-scr,0086,mega-venusaur-ex
1,544,p1,0087,dragapult-ex,0088,dragapult-blaziken
1,545,p2,0089,mega-abomasnow-ex,0090,n-zoroark
1,546,p1,0091,crustle-dri,0092,raging-bolt-ogerpon
1,547,p1,0093,lucario-hariyama,0094,n-zoroark
1,548,p2,0095,crustle-dri,0096,n-zoroark
1,549,p2,0097,n-zoroark,0098,dragapult-ex
1,550,p1,0099,n-zoroark,0100,slowking-scr
1,551,p2,0101,dragapult-ex,0102,dragapult-ex
1,552,p2,0103,dragapult-blaziken,0104,crustle-dri
1,553,p1,0105,slowking-scr,0106,ogerpon-meganium-hydrapple
1,554,p1,0107,dragapult-dusknoir,0108,dragapult-dusknoir
1,555,p2,0109,alakazam-dudunsparce,0110,dragapult-blaziken
1,556,p1,0111,dragapult-blaziken,0112,dragapult-dusknoir
1,557,p2,0113,starmie-froslass,0114,basic-box-m
1,558,p2,0115,grimmsnarl-froslass,0116,alakazam-dudunsparce
1,559,p2,0117,kangaskhan-bouffalant,0118,dragapult-ex
1,560,p2,0119,ogerpon-meganium-hydrapple,0120,mega-excadrill-ex
1,561,p2,0121,dragapult-blaziken,0122,grimmsnarl-froslass
1,562,p1,0123,dragapult-ex,0124,alakazam-dudunsparce
1,563,p2,0125,n-zoroark,0126,lopunny-dusknoir
1,564,p2,0127,rockets-honchkrow,0128,dragapult-ex
1,565,tie,0129,slowking-scr,0130,dragapult-ex
1,566,p1,0131,dhelmise-pbl,0132,dragapult-ex
1,567,p1,0133,n-zoroark,0134,alakazam-dudunsparce
1,568,p2,0135,n-zoroark,0136,dragapult-ex
1,569,p1,0137,dragapult-ex,0138,dhelmise-pbl
1,570,p2,0139,mega-venusaur-ex,0140,mega-starmie-ex
1,571,p2,0141,dragapult-ex,0142,dragapult-ex
1,572,p1,0143,basic-box-m,0144,mega-lucario-ex
1,573,tie,0145,n-zoroark,0146,crustle-dri
1,574,p2,0147,festival-lead,0148,dragapult-ex
1,575,p2,0149,dragapult-ex,0150,dragapult-dusknoir
1,576,p2,0151,dragapult-ex,0152,sharpedo-toxtricity
1,577,p1,0153,dragapult-ex,0154,mega-excadrill-ex
1,578,p1,0155,alakazam-dudunsparce,0156,dragapult-ex
1,579,p2,0157,hydreigon-ex,0158,lucario-hariyama
1,580,p2,0159,dragapult-ex,0160,n-zoroark
1,581,p2,0161,dragapult-blaziken,0162,dragapult-ex
1,582,p2,0163,dragapult-blaziken,0164,rockets-honchkrow
1,583,p1,0165,basic-box-m,0166,rocket-mewtwo-ex
1,584,p2,0167,ogerpon-meganium-hydrapple,0168,dragapult-ex
1,585,tie,0169,dragapult-ex,0170,hop-zacian
1,586,tie,0171,alakazam-dusknoir,0172,kangaskhan-bouffalant
1,587,p2,0173,sharpedo-toxtricity,0174,lucario-hariyama
1,588,p2,0175,dhelmise-pbl,0176,starmie-dusknoir
1,589,p2,0177,dragapult-ex,0178,dragapult-ex
1,590,p1,0179,dragapult-blaziken,0180,mega-excadrill-ex
1,591,p1,0181,dragapult-ex,0182,alakazam-dudunsparce
1,592,p2,0183,lopunny-dudunsparce,0184,n-zoroark
1,593,tie,0185,ogerpon-meganium-arboliva,0186,mega-starmie-ex
1,594,tie,0187,basic-box-m,0188,alakazam-dudunsparce
1,595,p1,0189,ogerpon-meganium-hydrapple,0190,sharpedo-toxtricity
1,596,p1,0191,lopunny-dudunsparce,0192,basic-box-m
1,597,tie,0193,dragapult-ex,0194,dragapult-blaziken
1,598,p1,0195,other,0196,mega-chandelure-ex
1,599,p2,0197,dragapult-dusknoir,0198,dragapult-dusknoir
1,600,tie,0199,n-zoroark,0200,rockets-honchkrow
1,601,p2,0201,dragapult-dusknoir,0202,crustle-dri
1,602,p2,0203,lopunny-dudunsparce,0204,n-zoroark
1,603,p1,0205,lucario-hariyama,0206,alakazam-dusknoir
1,604,tie,0207,n-zoroark,0208,iono-bellibolt
1,605,tie,0209,dragapult-blaziken,0210,dragapult-ex
1,606,p2,0211,dragapult-dusknoir,0212,dragapult-dusknoir
1,607,p2,0213,crustle-dri,0214,crustle-dri
1,608,tie,0215,mega-excadrill-ex,0216,grimmsnarl-froslass
1,609,p2,0217,dhelmise-pbl,0218,dragapult-ex
1,610,p2,0219,dragapult-blaziken,0220,slowking-scr
1,611,p1,0221,alakazam-dudunsparce,0222,n-zoroark
1,612,p2,0223,basic-box-m,0224,dragapult-ex
1,613,p1,0225,rockets-honchkrow,0226,dragapult-ex
1,614,p2,0227,dragapult-ex,0228,basic-box-m
1,615,tie,0229,mega-excadrill-ex,0230,festival-lead
1,616,p2,0231,dragapult-ex,0232,dragapult-ex
1,617,p1,0233,n-zoroark,0234,n-zoroark
1,618,p2,0235,slowking-scr,0236,mega-excadrill-ex
1,619,tie,0237,alakazam-dusknoir,0238,crustle-dri
1,620,p2,0239,lopunny-dusknoir,0240,seaking-pre
1,621,p1,0241,rockets-honchkrow,0242,alakazam-dudunsparce
1,622,p1,0243,dragapult-ex,0244,lucario-hariyama
1,623,p1,0245,dragapult-ex,0246,crustle-dri
1,624,p2,0247,toxtricity-box,0248,basic-box-m
1,625,p1,0249,basic-box-m,0250,crustle-dri
1,626,p2,0251,crustle-dri,0252,lopunny-dusknoir
1,627,p2,0253,lucario-hariyama,0254,n-zoroark
1,628,p1,0255,crustle-dri,0256,ogerpon-meganium-hydrapple
1,629,p2,0257,alakazam-dudunsparce,0258,dragapult-ex
1,630,p1,0259,dragapult-ex,0260,n-zoroark
1,631,p1,0261,ogerpon-meganium-arboliva,0262,dragapult-ex
1,632,p1,0263,alakazam-dudunsparce,0264,n-zoroark
1,633,p1,0265,rockets-honchkrow,0266,mega-excadrill-ex
1,634,p1,0267,dudunsparce-control,0268,dragapult-ex
1,635,p2,0269,mega-excadrill-ex,0270,dragapult-dusknoir
1,636,p1,0271,dragapult-ex,0272,dragapult-ex
1,637,p1,0273,ogerpon-meganium-hydrapple,0274,seaking-pre
1,638,p1,0275,dragapult-ex,0276,cynthia-garchomp-ex
1,639,p1,0277,basic-box-m,0278,dragapult-dusknoir
1,640,p2,0279,sharpedo-toxtricity,0280,dragapult-ex
1,641,p2,0281,dragapult-ex,0282,mega-excadrill-ex
1,642,p1,0283,dragapult-ex,0284,n-zoroark
1,643,tie,0285,dragapult-ex,0286,lucario-hariyama
1,644,p2,0287,?metagross,0288,dragapult-blaziken
1,645,p1,0289,crustle-dri,0290,sharpedo-toxtricity
1,646,p1,0291,crustle-dri,0292,dragapult-dusknoir
1,647,p1,0293,grimmsnarl-froslass,0294,crustle-dri
1,648,p1,0295,n-zoroark,0296,dragapult-ex
1,649,p2,0297,alakazam-dudunsparce,0298,n-zoroark
1,650,p2,0299,clefairy-ogerpon,0300,dragapult-ex
1,651,tie,0301,dragapult-ex,0302,n-zoroark
1,652,tie,0303,beedrill-ex-cri,0304,dragapult-ex
1,653,p1,0305,mega-greninja-ex,0306,basic-box-m
1,654,p2,0307,sharpedo-toxtricity,0308,mega-excadrill-ex
1,655,tie,0309,toucannon-pbl,0310,mega-greninja-ex
1,656,p1,0311,starmie-froslass,0312,dhelmise-pbl
1,657,tie,0313,rockets-honchkrow,0314,dragapult-blaziken
1,658,p2,0315,dragapult-dusknoir,0316,dragapult-ex
1,659,p2,0317,starmie-dusknoir,0318,slowking-scr
1,660,p2,0319,basic-box-m,0320,crustle-dri
1,661,p1,0321,alakazam-dudunsparce,0322,dragapult-ex
1,662,p2,0323,dragapult-dusknoir,0324,n-zoroark
1,663,tie,0325,dragapult-ex,0326,dragapult-ex
1,664,p2,0327,crustle-dri,0328,rockets-honchkrow
1,665,tie,0329,dragapult-ex,0330,n-zoroark
1,666,tie,0331,mega-excadrill-ex,0332,ogerpon-meganium-hydrapple
1,667,p2,0333,basic-box-m,0334,festival-lead
1,668,p2,0335,flareon-ex,0336,dragapult-dusknoir
1,669,p1,0337,ogerpon-meganium-hydrapple,0338,n-zoroark
1,670,p2,0339,n-zoroark,0340,palafin-ex
1,671,p2,0341,n-zoroark,0342,ogerpon-meganium-hydrapple
1,672,p2,0343,dragapult-blaziken,0344,raging-bolt-ogerpon
1,673,p2,0345,dragapult-ex,0346,lucario-hariyama
1,674,p2,0347,dragapult-dusknoir,0348,festival-lead
1,675,p2,0349,dragapult-dusknoir,0350,mega-chandelure-ex
1,676,p1,0351,n-zoroark,0352,dragapult-ex
1,677,p1,0353,dragapult-ex,0354,rockets-honchkrow
1,678,p2,0355,mega-lucario-ex,0356,dhelmise-pbl
1,679,p1,0357,dhelmise-pbl,0358,alakazam-dudunsparce
1,680,p2,0359,basic-box-m,0360,crustle-dri
1,681,p2,0361,slowking-scr,0362,n-zoroark
1,682,p1,0363,basic-box-m,0364,raging-bolt-ogerpon
1,683,p2,0365,kangaskhan-bouffalant,0366,sharpedo-toxtricity
1,684,p2,0367,dragapult-ex,0368,basic-box-m
1,685,p1,0369,slowking-scr,0370,dragapult-ex
1,686,p1,0371,dragapult-dusknoir,0372,alakazam-dudunsparce
1,687,p2,0373,dragapult-ex,0374,crustle-dri
1,688,p1,0375,dragapult-ex,0376,dragapult-dusknoir
1,689,p2,0377,mega-greninja-ex,0378,lucario-hariyama
1,690,p1,0379,mega-excadrill-ex,0380,dragapult-ex
1,691,p2,0381,mega-venusaur-ex,0382,slowking-scr
1,692,p1,0383,slowking-scr,0384,dragapult-dusknoir
1,693,p1,0385,dragapult-ex,0386,dragapult-ex
1,694,p2,0387,basic-box-m,0388,dragapult-blaziken
1,695,p1,0389,dragapult-dusknoir,0390,dragapult-dusknoir
1,696,p1,0391,festival-lead,0392,dragapult-dusknoir
1,697,tie,0393,crustle-dri,0394,sharpedo-toxtricity
1,698,tie,0395,mega-excadrill-ex,0396,basic-box-m
1,699,p1,0397,dragapult-blaziken,0398,raging-bolt-ogerpon
1,700,p2,0399,n-zoroark,0400,alakazam-dudunsparce
1,701,p2,0401,dragapult-blaziken,0402,crustle-dri
1,702,p2,0403,dragapult-blaziken,0404,dragapult-ex
1,703,p2,0405,dragapult-blaziken,0406,basic-box-m
1,704,p2,0407,basic-box-m,0408,dragapult-ex
1,705,p1,0409,dragapult-ex,0410,dragapult-dusknoir
1,706,p1,0411,basic-box-m,0412,lucario-hariyama
1,707,p1,0413,dragapult-ex,0414,dragapult-ex
1,708,p2,0415,dragapult-dusknoir,0416,lopunny-dudunsparce
1,709,p1,0417,dragapult-blaziken,0418,dragapult-dusknoir
1,710,p2,0419,mega-lucario-ex,0420,dragapult-dusknoir
1,711,p2,0421,n-zoroark,0422,okidogi-barbaracle
1,712,p1,0423,n-zoroark,0424,alakazam-dudunsparce
1,713,p1,0425,slowking-scr,0426,alakazam-dudunsparce
1,714,p1,0427,lucario-hariyama,0428,dragapult-ex
1,715,p1,0429,n-zoroark,0430,raging-bolt-ogerpon
1,716,p1,0431,slowking-scr,0432,crustle-dri
1,717,tie,0433,rockets-honchkrow,0434,dragapult-ex
1,718,p1,0435,dragapult-ex,0436,ceruledge-ex
1,719,tie,0437,mega-chandelure-ex,0438,dragapult-ex
1,720,p2,0439,basic-box-m,0440,festival-lead
1,721,tie,0441,alakazam-dudunsparce,0442,dragapult-ex
1,722,tie,0443,dragapult-ex,0444,slowking-scr
1,723,p2,0445,dragapult-ex,0446,dragapult-ex
1,724,p1,0447,dragapult-ex,0448,ogerpon-meganium-hydrapple
1,725,p1,0449,n-zoroark,0450,ceruledge-ex
1,726,p1,0451,dragapult-blaziken,0452,basic-box-m
1,727,p1,0453,dragapult-ex,0454,dragapult-ex
1,728,p2,0455,mega-excadrill-ex,0456,dragapult-dusknoir
1,729,p1,0457,dragapult-ex,0458,lucario-hariyama
1,730,tie,0459,basic-box-m,0460,crustle-dri
1,731,p2,0461,dragapult-ex,0462,crustle-dri
1,732,p2,0463,dragapult-ex,0464,dragapult-ex
1,733,tie,0465,dhelmise-pbl,0466,dragapult-ex
1,734,p1,0467,mega-excadrill-ex,0468,basic-box-m
1,735,p1,0469,raging-bolt-ogerpon,0470,alakazam-dudunsparce
1,736,p1,0471,seaking-pre,0472,alakazam-dudunsparce
1,737,tie,0473,n-zoroark,0474,doublade-por
1,738,p1,0475,basic-box-m,0476,grimmsnarl-froslass
1,739,p2,0477,raging-bolt-ogerpon,0478,n-zoroark
1,740,p1,0479,dragapult-dusknoir,0480,n-zoroark
1,741,tie,0481,lucario-hariyama,0482,dragapult-blaziken
1,742,p2,0483,n-zoroark,0484,ogerpon-meganium-hydrapple
1,743,p2,0485,alakazam-dudunsparce,0486,dragapult-ex
1,744,p2,0487,dragapult-dusknoir,0488,basic-box-m
1,745,p1,0489,dragapult-blaziken,0490,dragapult-ex
1,746,p1,0491,sharpedo-toxtricity,0492,alakazam-dudunsparce
1,747,p1,0493,mega-excadrill-ex,0494,lucario-hariyama
1,748,p2,0495,mega-excadrill-ex,0496,dragapult-dusknoir
1,749,p1,0497,dragapult-ex,0498,dragapult-ex
1,750,p2,0499,dragapult-ex,0500,basic-box-m
1,751,tie,0501,basic-box-m,0502,dhelmise-pbl
1,752,p1,0503,dragapult-ex,0504,slowking-scr
1,753,tie,0505,dragapult-ex,0506,basic-box-m
1,754,p2,0507,crustle-dri,0508,n-zoroark
1,755,tie,0509,okidogi-barbaracle,0510,alakazam-dudunsparce
1,756,p1,0511,n-zoroark,0512,alakazam-dudunsparce
1,757,p2,0513,n-zoroark,0514,dragapult-ex
1,758,p2,0515,dragapult-dusknoir,0516,grimmsnarl-froslass
1,759,p2,0517,festival-lead,0518,crustle-dri
1,760,tie,0519,dragapult-dusknoir,0520,n-zoroark
1,761,p1,0521,raging-bolt-ogerpon,0522,n-zoroark
1,762,p1,0523,alakazam-dusknoir,0524,n-zoroark
1,763,p1,0525,crustle-dri,0526,starmie-froslass
1,764,p1,0527,dragapult-ex,0528,alakazam-dudunsparce
1,765,tie,0529,dragapult-ex,0530,mega-excadrill-ex
1,766,p1,0531,dragapult-ex,0532,dragapult-ex
1,767,p2,0533,ogerpon-meganium-hydrapple,0534,dragapult-dusknoir
1,768,p1,0535,crustle-dri,0536,alakazam-dusknoir
1,769,p1,0537,cynthia-garchomp-ex,0538,dhelmise-pbl
1,770,tie,0539,mega-venusaur-ex,0540,dragapult-ex
1,771,p1,0541,dragapult-dusknoir,0542,festival-lead
1,772,p2,0543,n-zoroark,0544,raging-bolt-ogerpon
1,773,p1,0545,sharpedo-toxtricity,0546,ogerpon-meganium-hydrapple
1,774,p2,0547,dragapult-dusknoir,0548,dragapult-ex
1,775,p2,0549,rocket-mewtwo-ex,0550,n-zoroark
1,776,p1,0551,mega-excadrill-ex,0552,dragapult-ex
1,777,p2,0553,rockets-honchkrow,0554,rocket-mewtwo-ex
1,778,p2,0555,n-zoroark,0556,festival-lead
1,779,p2,0557,alakazam-dudunsparce,0558,rockets-honchkrow
1,780,p1,0559,diancie-dusknoir,0560,dragapult-dusknoir
1,781,p2,0561,festival-lead,0562,basic-box-m
1,782,tie,0563,dragapult-dusknoir,0564,mega-venusaur-ex
1,783,p1,0565,lucario-hariyama,0566,dragapult-dusknoir
1,784,p1,0567,dragapult-ex,0568,hops-trevenant
1,785,p1,0569,basic-box-m,0570,hydreigon-ex
1,786,p1,0571,slowking-scr,0572,dragapult-blaziken
1,787,p2,0573,crustle-dri,0574,n-zoroark
1,788,p1,0575,n-zoroark,0576,cinccino-ex
1,789,tie,0577,mega-excadrill-ex,0578,crustle-dri
1,790,p1,0579,dhelmise-pbl,0580,dragapult-dusknoir
1,791,p2,0581,beedrill-ex-cri,0582,dragapult-ex
1,792,p1,0583,mega-excadrill-ex,0584,crustle-dri
1,793,p1,0585,ogerpon-meganium-hydrapple,0586,slowking-scr
1,794,p1,0587,ogerpon-meganium-hydrapple,0588,sharpedo-toxtricity
1,795,tie,0589,ogerpon-meganium-hydrapple,0590,dragapult-ex
1,796,p1,0591,n-zoroark,0592,dragapult-ex
1,797,tie,0593,alakazam-dudunsparce,0594,alakazam-dusknoir
1,798,p2,0595,dragapult-ex,0596,dragapult-dusknoir
1,799,tie,0597,lucario-hariyama,0598,n-zoroark
1,800,p1,0599,dragapult-ex,0600,dragapult-dusknoir
1,801,p2,0601,dragapult-dusknoir,0602,dragapult-ex
1,802,p2,0603,n-zoroark,0604,dragapult-blaziken
1,803,p2,0605,dhelmise-pbl,0606,n-zoroark
1,804,p1,0607,rockets-honchkrow,0608,n-zoroark
1,805,p2,0609,rockets-honchkrow,0610,dragapult-ex
1,806,tie,0611,dragapult-ex,0612,n-zoroark
1,807,p1,0613,dragapult-dusknoir,0614,slowking-scr
1,808,tie,0615,mega-greninja-ex,0616,sharpedo-toxtricity
1,809,p2,0617,ogerpon-meganium-hydrapple,0618,n-zoroark
1,810,p2,0619,basic-box-m,0620,rockets-honchkrow
1,811,p2,0621,mega-excadrill-ex,0622,dragapult-blaziken
1,812,p1,0623,basic-box-m,0624,dhelmise-pbl
1,813,p2,0625,dragapult-ex,0626,dragapult-blaziken
1,814,tie,0627,dragapult-ex,0628,ogerpon-meganium-hydrapple
1,815,p2,0629,raging-bolt-ogerpon,0630,lucario-hariyama
1,816,p1,0631,dragapult-ex,0632,slowking-scr
1,817,p1,0633,slowking-scr,0634,alakazam-dudunsparce
1,818,p1,0635,basic-box-m,0636,mega-excadrill-ex
1,819,p1,0637,lucario-hariyama,0638,ogerpon-meganium-hydrapple
1,820,p2,0639,mega-venusaur-ex,0640,dragapult-dudunsparce
1,821,p2,0641,rocket-mewtwo-ex,0642,dragapult-dusknoir
1,822,p2,0643,grimmsnarl-froslass,0644,lopunny-dusknoir
1,823,p2,0645,dragapult-ex,0646,basic-box-m
1,824,p1,0647,dragapult-ex,0648,clefairy-ogerpon
1,825,p1,0649,lucario-hariyama,0650,crustle-dri
1,826,p2,0651,grimmsnarl-froslass,0652,grimmsnarl-froslass
1,827,p2,0653,dragapult-dusknoir,0654,mega-lucario-ex
1,828,p2,0655,mega-excadrill-ex,0656,dragapult-blaziken
1,829,p2,0657,dragapult-dusknoir,0658,greninja-ex
1,830,p2,0659,alakazam-dudunsparce,0660,alakazam-dudunsparce
1,831,tie,0661,dragapult-blaziken,0662,alakazam-dudunsparce
1,832,p1,0663,dragapult-ex,0664,slowking-scr
1,833,p1,0665,dragapult-ex,0666,dragapult-blaziken
1,834,p2,0667,dhelmise-pbl,0668,dragapult-ex
1,835,p2,0669,n-zoroark,0670,dragapult-ex
1,836,p1,0671,crustle-dri,0672,dragapult-ex
1,837,p2,0673,grimmsnarl-froslass,0674,dragapult-ex
1,838,p2,0675,dragapult-dusknoir,0676,alakazam-dudunsparce
1,839,p2,0677,mega-abomasnow-ex,0678,mega-excadrill-ex
1,840,p1,0679,dragapult-ex,0680,mega-excadrill-ex
1,841,p1,0681,dragapult-dusknoir,0682,mega-greninja-ex
1,842,p2,0683,mega-excadrill-ex,0684,n-zoroark
1,843,p2,0685,dragapult-ex,0686,n-zoroark
1,844,p1,0687,dragapult-ex,0688,n-zoroark
1,845,p2,0689,dragapult-dusknoir,0690,flareon-noctowl
1,846,tie,0691,mega-starmie-ex,0692,dragapult-ex
1,847,tie,0693,dragapult-dusknoir,0694,toxtricity-box
1,848,p1,0695,dragapult-ex,0696,dragapult-dusknoir
1,849,p2,0697,slowking-scr,0698,dhelmise-pbl
1,850,p2,0699,greninja-ex,0700,lopunny-dusknoir
1,851,p2,0701,alakazam-dudunsparce,0702,n-zoroark
1,852,p2,0703,dragapult-dusknoir,0704,dragapult-ex
1,853,p2,0705,dhelmise-pbl,0706,dragapult-blaziken
1,854,tie,0707,mega-excadrill-ex,0708,mega-excadrill-ex
1,855,p2,0709,raging-bolt-ogerpon,0710,lucario-hariyama
1,856,tie,0711,dragapult-ex,0712,alakazam-dudunsparce
1,857,p1,0713,ethan-typhlosion,0714,crustle-dri
1,858,p1,0715,dragapult-ex,0716,alakazam-dudunsparce
1,859,p2,0717,cynthia-garchomp-ex,0718,festival-lead
1,860,p2,0719,dragapult-ex,0720,mega-lucario-ex
1,861,p1,0721,mega-chandelure-ex,0722,crustle-dri
1,862,p1,0723,cynthia-garchomp-ex,0724,dragapult-ex
1,863,p2,0725,kangaskhan-bouffalant,0726,n-zoroark
1,864,p2,0727,festival-lead,0728,ogerpon-meganium-hydrapple
1,865,tie,0729,dragapult-dusknoir,0730,grimmsnarl-froslass
1,866,p2,0731,alakazam-dudunsparce,0732,dhelmise-pbl
1,867,p1,0733,basic-box-m,0734,mega-excadrill-ex
1,868,p2,0735,starmie-dusknoir,0736,dragapult-ex
1,869,p1,0737,mega-chandelure-ex,0738,mega-lucario-ex
1,870,p2,0739,slowking-scr,0740,dragapult-blaziken
1,871,p1,0741,lopunny-dudunsparce,0742,crustle-dri
1,872,p2,0743,dragapult-ex,0744,lillie-clefairy
1,873,p1,0745,dragapult-ex,0746,slowking-scr
1,874,p1,0747,dragapult-ex,0748,other
1,875,tie,0749,seaking-pre,0750,lillie-clefairy
1,876,p1,0751,alakazam-dudunsparce,0752,alakazam-meg
1,877,p1,0753,kangaskhan-bouffalant,0754,hops-trevenant
1,878,p2,0755,alakazam-dudunsparce,0756,dhelmise-pbl
1,879,p2,0757,mega-chandelure-ex,0758,n-zoroark
1,880,p1,0759,dragapult-dusknoir,0760,ethan-typhlosion
1,881,p2,0761,cynthia-garchomp-ex,0762,raging-bolt-ogerpon
1,882,p1,0763,slowking-scr,0764,n-zoroark
1,883,tie,0765,dragapult-ex,0766,crustle-dri
1,884,p2,0767,sharpedo-toxtricity,0768,dragapult-ex
1,885,p1,0769,alakazam-dudunsparce,0770,alakazam-dudunsparce
1,886,p2,0771,ogerpon-meganium-hydrapple,0772,alakazam-dudunsparce
1,887,p1,0773,dragapult-ex,0774,alakazam-dusknoir
1,888,p2,0775,alakazam-dusknoir,0776,rockets-honchkrow
1,889,p2,0777,dragapult-blaziken,0778,ogerpon-meganium-hydrapple
1,890,tie,0779,dragapult-dusknoir,0780,n-zoroark
1,891,p1,0781,slowking-scr,0782,dragapult-blaziken
1,892,p2,0783,ogerpon-meganium-hydrapple,0784,dragapult-blaziken
1,893,p2,0785,dragapult-ex,0786,crustle-dri
1,894,p1,0787,dragapult-ex,0788,slowking-scr
1,895,tie,0789,n-zoroark,0790,ogerpon-meganium-hydrapple
1,896,p1,0791,ogerpon-meganium-hydrapple,0792,lucario-hariyama
1,897,p1,0793,dragapult-ex,0794,crustle-dri
1,898,p1,0795,mega-greninja-ex,0796,mega-excadrill-ex
1,899,p1,0797,dragapult-ex,0798,rockets-honchkrow
1,900,p1,0799,dhelmise-pbl,0800,basic-box-m
1,901,p2,0801,ogerpon-meganium-hydrapple,0802,basic-box-m
1,902,p2,0803,dragapult-ex,0804,alakazam-dudunsparce
1,903,p2,0805,dragapult-ex,0806,lucario-hariyama
1,904,p2,0807,basic-box-m,0808,dragapult-ex
1,905,p2,0809,mega-lucario-ex,0810,dragapult-dusknoir
1,906,p2,0811,lucario-hariyama,0812,slowking-scr
1,907,p2,0813,mega-lucario-ex,0814,dragapult-ex
1,908,p2,0815,dragapult-ex,0816,dragapult-ex
1,909,tie,0817,dhelmise-pbl,0818,n-zoroark
1,910,tie,0819,alakazam-dudunsparce,0820,n-zoroark
1,911,p1,0821,slowking-scr,0822,sharpedo-toxtricity
1,912,p2,0823,other,0824,starmie-dusknoir
1,913,p1,0825,dragapult-ex,0826,festival-lead
1,914,p1,0827,dragapult-dusknoir,0828,mega-feraligatr-ex
1,915,p2,0829,slowking-scr,0830,ogerpon-meganium-hydrapple
1,916,p1,0831,dragapult-ex,0832,dhelmise-pbl
1,917,p1,0833,sharpedo-toxtricity,0834,other
1,918,p2,0835,alakazam-dusknoir,0836,dragapult-ex
1,919,p1,0837,dhelmise-pbl,0838,mega-froslass-ex
1,920,tie,0839,dragapult-dusknoir,0840,alakazam-dudunsparce
1,921,p1,0841,dragapult-ex,0842,starmie-froslass
1,922,p2,0843,dragapult-dusknoir,0844,ogerpon-meganium-hydrapple
1,923,p2,0845,alakazam-dudunsparce,0846,dragapult-dusknoir
1,924,p1,0847,dragapult-ex,0848,grimmsnarl-froslass
1,925,p1,0849,sharpedo-toxtricity,0850,lillie-clefairy
1,926,tie,0851,mega-excadrill-ex,0852,grimmsnarl-froslass
1,927,p1,0853,slowking-scr,0854,slowking-scr
1,928,p1,0855,rockets-honchkrow,0856,basic-box-m
1,929,p1,0857,dragapult-blaziken,0858,mega-excadrill-ex
1,930,p2,0859,crustle-dri,0860,dragapult-blaziken
1,931,p1,0861,dragapult-blaziken,0862,alakazam-dusknoir
1,932,p2,0863,festival-lead,0864,festival-lead
1,933,p1,0865,lucario-hariyama,0866,sharpedo-toxtricity
1,934,p2,0867,alakazam-dudunsparce,0868,dragapult-ex
1,935,tie,0869,crustle-dri,0870,ogerpon-meganium-hydrapple
1,936,p2,0871,dhelmise-pbl,0872,alakazam-dusknoir
1,937,p2,0873,dragapult-ex,0874,mega-greninja-ex
1,938,p1,0875,basic-box-m,0876,basic-box-m
1,939,p1,0877,festival-lead,0878,cynthia-garchomp-ex
1,940,p1,0879,other,0880,rocket-mewtwo-ex
1,941,tie,0881,crustle-dri,0882,dragapult-ex
1,942,p2,0883,mega-excadrill-ex,0884,dragapult-ex
1,943,p2,0885,alakazam-dudunsparce,0886,mega-lucario-ex
1,944,tie,0887,dragapult-blaziken,0888,n-zoroark
1,945,p2,0889,ogerpon-meganium-arboliva,0890,dragapult-ex
1,946,p2,0891,n-zoroark,0892,sharpedo-toxtricity
1,947,p2,0893,dragapult-ex,0894,dragapult-blaziken
1,948,p2,0895,alakazam-dusknoir,0896,crustle-dri
1,949,tie,0897,slowking-scr,0898,raging-bolt-ogerpon
1,950,p2,0899,dragapult-blaziken,0900,festival-lead
1,951,p2,0901,dragapult-blaziken,0902,alakazam-dusknoir
1,952,p1,0903,rocket-spidops,0904,dhelmise-pbl
1,953,p2,0905,crustle-dri,0906,rocket-mewtwo-ex
1,954,p1,0907,dragapult-dusknoir,0908,mega-starmie-ex
1,955,p1,0909,alakazam-dudunsparce,0910,mega-chandelure-ex
1,956,tie,0911,basic-box-m,0912,dhelmise-pbl
1,957,p1,0913,lucario-hariyama,0914,mega-lucario-ex
1,958,p1,0915,slowking-scr,0916,mega-greninja-ex
1,959,p1,0917,hops-trevenant,0918,raging-bolt-ogerpon
1,960,tie,0919,lucario-hariyama,0920,mega-excadrill-ex
1,961,p1,0921,slowking-scr,0922,dragapult-blaziken
1,962,p1,0923,dragapult-dusknoir,0924,dragapult-ex
1,963,p2,0925,slowking-scr,0926,seaking-pre
1,964,p2,0927,dragapult-dusknoir,0928,dhelmise-pbl
1,965,p2,0929,dragapult-dusknoir,0930,rocket-mewtwo-ex
1,966,p2,0931,crustle-dri,0932,dragapult-dusknoir
1,967,p2,0933,lucario-hariyama,0934,dragapult-ex
1,968,p1,0935,slowking-scr,0936,festival-lead
1,969,p2,0937,dragapult-ex,0938,n-zoroark
1,970,p1,0939,ogerpon-meganium-arboliva,0940,dhelmise-pbl
1,971,p2,0941,alakazam-dudunsparce,0942,lucario-hariyama
1,972,tie,0943,basic-box-m,0944,crustle-dri
1,973,p1,0945,dragapult-ex,0946,cynthia-garchomp-ex
1,974,p2,0947,dragapult-ex,0948,n-zoroark
1,975,tie,0949,dragapult-dusknoir,0950,n-zoroark
1,976,p2,0951,lucario-hariyama,0952,dragapult-ex
1,977,p2,0953,toucannon-pbl,0954,mega-excadrill-ex
1,978,tie,0955,mega-excadrill-ex,0956,alakazam-dudunsparce
1,979,p1,0957,sharpedo-toxtricity,0958,mega-venusaur-ex
1,980,tie,0959,dhelmise-pbl,0960,okidogi-barbaracle
1,981,tie,0961,alakazam-dudunsparce,0962,dragapult-blaziken
1,982,p1,0963,dragapult-ex,0964,dragapult-ex
1,983,p2,0965,crustle-dri,0966,dragapult-ex
1,984,tie,0967,marnie-grimmsnarl-ex,0968,n-zoroark
1,985,p1,0969,n-zoroark,0970,basic-box-m
1,986,tie,0971,dragapult-ex,0972,mega-lucario-ex
1,987,p2,0973,dragapult-dusknoir,0974,seaking-pre
1,988,p2,0975,raging-bolt-ogerpon,0976,alakazam-dusknoir
1,989,p1,0977,n-zoroark,0978,raging-bolt-ogerpon
1,990,p1,0979,dragapult-blaziken,0980,raging-bolt-ogerpon
1,991,p1,0981,clefairy-ogerpon,0982,mega-chandelure-ex
1,992,p2,0983,crustle-dri,0984,festival-lead
1,993,p2,0985,basic-box-m,0986,dragapult-ex
1,994,p2,0987,dragapult-ex,0988,dragapult-ex
1,995,p2,0989,crustle-dri,0990,dragapult-dusknoir
1,996,p1,0991,lopunny-dusknoir,0992,ogerpon-meganium-hydrapple
1,997,p2,0993,dragapult-blaziken,0994,lucario-hariyama
1,998,p1,0995,slowking-scr,0996,crustle-dri
1,999,p2,0997,dragapult-ex,0998,dragapult-blaziken
1,1000,p1,0999,dragapult-ex,1000,dhelmise-pbl
1,1001,p2,1001,grimmsnarl-froslass,1002,dragapult-ex
1,1002,p2,1003,lopunny-dusknoir,1004,dragapult-froslass
1,1003,p1,1005,alakazam-dudunsparce,1006,ceruledge-ex
1,1004,p2,1007,festival-lead,1008,dragapult-blaziken
1,1005,p2,1009,slowking-scr,1010,rocket-mewtwo-ex
1,1006,p2,1011,crustle-dri,1012,seaking-pre
1,1007,p2,1013,crustle-dri,1014,alakazam-dudunsparce
1,1008,p2,1015,manectric-eelektrik,1016,dragapult-dudunsparce
1,1009,p1,1017,mega-excadrill-ex,1018,n-zoroark
1,1010,p1,1019,dragapult-ex,1020,dragapult-dusknoir
1,1011,tie,1021,n-zoroark,1022,dragapult-dusknoir
1,1012,p1,1023,dragapult-blaziken,1024,alakazam-dudunsparce
1,1013,p1,1025,festival-lead,1026,slowking-scr
1,1014,tie,1027,diancie-dusknoir,1028,dragapult-ex
1,1015,p1,1029,dragapult-blaziken,1030,basic-box-m
1,1016,p2,1031,lucario-hariyama,1032,mega-lucario-ex
1,1017,p2,1033,basic-box-m,1034,dragapult-ex
1,1018,p2,1035,basic-box-m,1036,ogerpon-meganium-hydrapple
1,1019,p1,1037,dragapult-blaziken,1038,hops-trevenant
1,1020,p2,1039,hops-trevenant,1040,dragapult-ex
1,1021,p2,1041,other,1042,dragapult-ex
1,1022,tie,1043,dragapult-ex,1044,dragapult-dusknoir
1,1023,p2,1045,ethan-typhlosion,1046,alakazam-dusknoir
1,1024,tie,1047,n-zoroark,1048,alakazam-dudunsparce
1,1025,p2,1049,alakazam-dudunsparce,1050,lucario-hariyama
1,1026,p2,1051,lopunny-dudunsparce,1052,n-zoroark
1,1027,p1,1053,n-zoroark,1054,dragapult-ex
1,1028,p1,1055,dragapult-ex,1056,alakazam-dudunsparce
1,1029,p2,1057,basic-box-m,1058,n-zoroark
1,1030,p2,1059,dragapult-dusknoir,1060,mega-excadrill-ex
1,1031,p2,1061,n-zoroark,1062,dragapult-ex
1,1032,tie,1063,crustle-dri,1064,dragapult-blaziken
1,1033,p2,1065,sharpedo-toxtricity,1066,basic-box-m
1,1034,p2,1067,mega-excadrill-ex,1068,alakazam-dusknoir
1,1035,p1,1069,dragapult-ex,1070,dragapult-ex
1,1036,tie,1071,dragapult-ex,1072,alakazam-dudunsparce
1,1037,tie,1073,n-zoroark,1074,ethan-typhlosion
1,1038,p2,1075,alakazam-dudunsparce,1076,rockets-honchkrow
1,1039,p1,1077,alakazam-dusknoir,1078,cinccino-ex
1,1040,p2,1079,slowking-scr,1080,slowking-scr
1,1041,tie,1081,starmie-froslass,1082,dragapult-ex
1,1042,p1,1083,ogerpon-meganium-arboliva,1084,n-zoroark
1,1043,p2,1085,n-zoroark,1086,mega-lucario-ex
1,1044,p1,1087,dragapult-dusknoir,1088,beedrill-ex-cri
1,1045,p2,1089,dhelmise-pbl,1090,basic-box-m
1,1046,p1,1091,dragapult-ex,1092,mega-greninja-ex
1,1047,p1,1093,dragapult-ex,1094,mega-excadrill-ex
1,1048,p2,1095,toucannon-pbl,1096,dragapult-ex
1,1049,p1,1097,slowking-scr,1098,dragapult-ex
1,1050,tie,1099,dragapult-dusknoir,1100,ogerpon-meganium-hydrapple
1,1051,p2,1101,dragapult-ex,1102,mega-excadrill-ex
1,1052,tie,1103,dragapult-ex,1104,crustle-dri
1,1053,p2,1105,lopunny-dusknoir,1106,lopunny-dudunsparce
1,1054,p2,1107,ogerpon-meganium-hydrapple,1108,crustle-dri
1,1055,p1,1109,dragapult-ex,1110,mega-greninja-ex
1,1056,p1,1111,dragapult-ex,1112,cynthia-garchomp-ex
1,1057,p2,1113,crustle-dri,1114,manectric-eelektrik
1,1058,p1,1115,beedrill-ex-cri,1116,mega-starmie-ex
1,1059,p2,1117,dragapult-ex,1118,mega-lucario-ex
1,1060,tie,1119,mega-excadrill-ex,1120,hops-trevenant
1,1061,p2,1121,mega-starmie-ex,1122,basic-box-m
1,1062,p2,1123,alakazam-dudunsparce,1124,dragapult-blaziken
1,1063,p2,1125,n-zoroark,1126,grimmsnarl-froslass
1,1064,tie,1127,n-zoroark,1128,hops-trevenant
1,1065,p2,1129,dragapult-dusknoir,1130,n-zoroark
1,1066,p1,1131,rocket-mewtwo-ex,1132,slowking-scr
1,1067,p1,1133,dragapult-ex,1134,dudunsparce-control
1,1068,tie,1135,basic-box-m,1136,dragapult-ex
1,1069,p1,1137,dragapult-blaziken,1138,mega-excadrill-ex
1,1070,p1,1139,festival-lead,1140,doublade-por
1,1071,tie,1141,basic-box-m,1142,alakazam-dudunsparce
1,1072,p2,1143,basic-box-m,1144,alakazam-dudunsparce
1,1073,p2,1145,crustle-dri,1146,kangaskhan-bouffalant
1,1074,p1,1147,dhelmise-pbl,1148,mega-chandelure-ex
1,1075,p1,1149,basic-box-m,1150,n-zoroark
1,1076,p2,1151,alakazam-dudunsparce,1152,crustle-dri
1,1077,p1,1153,dragapult-blaziken,1154,flareon-noctowl
1,1078,p1,1155,alakazam-dudunsparce,1156,clefairy-ogerpon
1,1079,p2,1157,festival-lead,1158,n-zoroark
1,1080,p2,1159,dragapult-dusknoir,1160,festival-lead
1,1081,p1,1161,alakazam-dudunsparce,1162,slowking-scr
1,1082,p1,1163,crustle-dri,1164,dragapult-dusknoir
1,1083,p1,1165,slowking-scr,1166,sharpedo-toxtricity
1,1084,p1,1167,dragapult-ex,1168,dhelmise-pbl
1,1085,p1,1169,dragapult-ex,1170,slowking-scr
1,1086,p2,1171,n-zoroark,1172,n-zoroark
1,1087,p2,1173,dragapult-dusknoir,1174,lucario-hariyama
1,1088,p1,1175,basic-box-m,1176,festival-lead
1,1089,p2,1177,lucario-hariyama,1178,slowking-scr
1,1090,p1,1179,dragapult-dusknoir,1180,dragapult-dusknoir
1,1091,p1,1181,n-zoroark,1182,dragapult-ex
1,1092,p2,1183,grimmsnarl-froslass,1184,dragapult-ex
1,1093,p1,1185,crustle-dri,1186,greninja-ex
1,1094,p2,1187,seaking-pre,1188,dragapult-ex
1,1095,p2,1189,alakazam-dudunsparce,1190,ogerpon-meganium-hydrapple
1,1096,p2,1191,dragapult-ex,1192,basic-box-m
1,1097,p1,1193,dragapult-ex,1194,dragapult-dudunsparce
1,1098,p2,1195,mega-excadrill-ex,1196,mega-excadrill-ex
1,1099,p2,1197,dragapult-dusknoir,1198,mega-excadrill-ex
1,1100,p1,1199,alakazam-dudunsparce,1200,festival-lead
1,1101,p1,1201,dragapult-blaziken,1202,lopunny-dusknoir
1,1102,p2,1203,dragapult-ex,1204,crustle-dri
1,1103,p1,1205,crustle-dri,1206,alakazam-dudunsparce
1,1104,p2,1207,ogerpon-meganium-arboliva,1208,slowking-scr
1,1105,p1,1209,raging-bolt-ogerpon,1210,mega-excadrill-ex
1,1106,p2,1211,n-zoroark,1212,crustle-dri
1,1107,tie,1213,dragapult-blaziken,1214,basic-box-m
1,1108,p2,1215,festival-lead,1216,dragapult-dusknoir
1,1109,p2,1217,dragapult-blaziken,1218,dragapult-ex
1,1110,p1,1219,rockets-honchkrow,1220,other
1,1111,p2,1221,basic-box-m,1222,mega-excadrill-ex
1,1112,p2,1223,dragapult-ex,1224,lopunny-dusknoir
1,1113,p2,1225,mega-excadrill-ex,1226,dragapult-dusknoir
1,1114,p1,1227,dragapult-ex,1228,decidueye-ex
1,1115,p1,1229,dragapult-blaziken,1230,mega-venusaur-ex
1,1116,p2,1231,beedrill-ex-cri,1232,dhelmise-pbl
1,1117,p2,1233,rocket-mewtwo-ex,1234,basic-box-m
1,1118,p1,1235,lopunny-dudunsparce,1236,alakazam-dudunsparce
1,1119,p1,1237,clefairy-ogerpon,1238,mega-excadrill-ex
1,1120,p1,1239,ogerpon-meganium-hydrapple,1240,bronzong-tef
1,1121,p2,1241,dragapult-ex,1242,mega-chandelure-ex
1,1122,tie,1243,lillie-clefairy,1244,alakazam-dudunsparce
1,1123,p2,1245,dragapult-ex,1246,dhelmise-pbl
1,1124,p2,1247,festival-lead,1248,slowking-scr
1,1125,p2,1249,other,1250,dragapult-ex
1,1126,p1,1251,sharpedo-toxtricity,1252,other
1,1127,p2,1253,mega-excadrill-ex,1254,alakazam-dudunsparce
1,1128,tie,1255,dragapult-ex,1256,dragapult-ex
1,1129,tie,1257,alakazam-dudunsparce,1258,n-zoroark
1,1130,tie,1259,n-zoroark,1260,slowking-scr
1,1131,p2,1261,dragapult-ex,1262,dhelmise-pbl
1,1132,tie,1263,lopunny-dudunsparce,1264,n-zoroark
1,1133,tie,1265,seaking-pre,1266,dragapult-ex
1,1134,tie,1267,dragapult-dusknoir,1268,basic-box-m
1,1135,p2,1269,sharpedo-toxtricity,1270,mega-excadrill-ex
1,1136,p1,1271,dragapult-dusknoir,1272,dragapult-ex
1,1137,p2,1273,dragapult-dudunsparce,1274,alakazam-dudunsparce
1,1138,tie,1275,hops-trevenant,1276,lucario-hariyama
1,1139,p2,1277,ethan-magcargo,1278,rockets-honchkrow
1,1140,tie,1279,starmie-froslass,1280,dragapult-dudunsparce
1,1141,p2,1281,dragapult-ex,1282,n-zoroark
1,1142,p2,1283,cynthia-garchomp-ex,1284,mega-venusaur-ex
1,1143,p2,1285,dragapult-dusknoir,1286,lopunny-dusknoir
1,1144,tie,1287,crustle-dri,1288,lopunny-dudunsparce
1,1145,p2,1289,mega-excadrill-ex,1290,lucario-hariyama
1,1146,tie,1291,crustle-dri,1292,dragapult-dusknoir
1,1147,p1,1293,dhelmise-pbl,1294,mega-venusaur-ex
1,1148,p2,1295,ceruledge-ex,1296,n-zoroark
1,1149,p1,1297,dragapult-ex,1298,raging-bolt-ogerpon
1,1150,tie,1299,slowking-scr,1300,dragapult-dusknoir
1,1151,p2,1301,n-zoroark,1302,mega-excadrill-ex
1,1152,p2,1303,basic-box-m,1304,alakazam-dudunsparce
1,1153,p1,1305,slowking-scr,1306,alakazam-dusknoir
1,1154,p2,1307,cynthia-garchomp-ex,1308,dragapult-ex
1,1155,p2,1309,dragapult-blaziken,1310,festival-lead
1,1156,tie,1311,mega-excadrill-ex,1312,rockets-honchkrow
1,1157,p2,1313,beedrill-ex-cri,1314,dragapult-ex
1,1158,p1,1315,grimmsnarl-froslass,1316,ogerpon-meganium-hydrapple
1,1159,p1,1317,dragapult-blaziken,1318,hops-trevenant
1,1160,p2,1319,dragapult-dusknoir,1320,basic-box-m
1,1161,p2,1321,crustle-dri,1322,slowking-scr
1,1162,p2,1323,lucario-hariyama,1324,dragapult-ex
1,1163,p1,1325,dragapult-ex,1326,rocket-mewtwo-ex
1,1164,p1,1327,dragapult-dusknoir,1328,sharpedo-toxtricity
1,1165,tie,1329,slowking-scr,1330,dragapult-ex
1,1166,p1,1331,n-zoroark,1332,lopunny-dusknoir
1,1167,p2,1333,manectric-eelektrik,1334,ceruledge-ex
1,1168,p2,1335,n-zoroark,1336,dragapult-ex
1,1169,p2,1337,alakazam-dudunsparce,1338,kangaskhan-bouffalant
1,1170,p1,1339,dragapult-ex,1340,festival-lead
1,1171,p1,1341,dragapult-ex,1342,cinccino-ex
1,1172,p2,1343,n-zoroark,1344,festival-lead
1,1173,p2,1345,basic-box-m,1346,dragapult-ex
1,1174,p1,1347,toxtricity-box,1348,alakazam-dudunsparce
1,1175,p2,1349,dragapult-ex,1350,n-zoroark
1,1176,p2,1351,raging-bolt-ogerpon,1352,mega-excadrill-ex
1,1177,p2,1353,dragapult-blaziken,1354,crustle-dri
1,1178,p2,1355,dragapult-ex,1356,alakazam-dusknoir
1,1179,p1,1357,slowking-scr,1358,ceruledge-ex
1,1180,p2,1359,dragapult-ex,1360,dragapult-ex
1,1181,p1,1361,dragapult-dusknoir,1362,?metagross
1,1182,tie,1363,dragapult-blaziken,1364,lucario-hariyama
1,1183,p1,1365,dragapult-ex,1366,sharpedo-toxtricity
1,1184,p2,1367,ogerpon-meganium-hydrapple,1368,dragapult-ex
1,1185,p1,1369,lucario-hariyama,1370,n-zoroark
1,1186,p1,1371,dragapult-ex,1372,kangaskhan-bouffalant
1,1187,p1,1373,cinccino-ex,1374,dragapult-ex
1,1188,p2,1375,basic-box-m,1376,dragapult-ex
1,1189,p1,1377,rockets-honchkrow,1378,cynthia-garchomp-ex
1,1190,p2,1379,lucario-hariyama,1380,dhelmise-pbl
1,1191,p1,1381,slowking-scr,1382,basic-box-m
1,1192,p1,1383,dragapult-ex,1384,n-zoroark
1,1193,tie,1385,dragapult-dusknoir,1386,festival-lead
1,1194,p2,1387,dragapult-blaziken,1388,crustle-dri
1,1195,p2,1389,dragapult-ex,1390,lucario-hariyama
1,1196,p1,1391,slowking-scr,1392,mega-excadrill-ex
1,1197,p1,1393,dragapult-ex,1394,crustle-dri
1,1198,p1,1395,mega-lucario-ex,1396,alakazam-dudunsparce
1,1199,p1,1397,raging-bolt-ogerpon,1398,festival-lead
1,1200,p2,1399,dragapult-blaziken,1400,dragapult-dusknoir
1,1201,p2,1401,kangaskhan-bouffalant,1402,dragapult-ex
1,1202,p2,1403,mega-lucario-ex,1404,n-zoroark
1,1203,p1,1405,sharpedo-toxtricity,1406,mega-excadrill-ex
1,1204,p1,1407,dragapult-dusknoir,1408,rocket-mewtwo-ex
1,1205,p2,1409,alakazam-dudunsparce,1410,ogerpon-meganium
1,1206,p1,1411,n-zoroark,1412,dragapult-dusknoir
1,1207,p1,1413,n-zoroark,1414,slowking-scr
1,1208,p2,1415,dragapult-dusknoir,1416,mega-excadrill-ex
1,1209,p2,1417,ogerpon-meganium-hydrapple,1418,mega-excadrill-ex
1,1210,p1,1419,dragapult-dusknoir,1420,lopunny-dusknoir
1,1211,p2,1421,dragapult-ex,1422,dragapult-blaziken
1,1212,tie,1423,n-zoroark,1424,mega-excadrill-ex
1,1213,tie,1425,cynthia-garchomp-ex,1426,dragapult-dusknoir
1,1214,p2,1427,n-zoroark,1428,dragapult-dusknoir
1,1215,tie,1429,dragapult-dusknoir,1430,basic-box-m
1,1216,tie,1431,rocket-mewtwo-ex,1432,dragapult-dusknoir
1,1217,p1,1433,lucario-hariyama,1434,dragapult-dusknoir
1,1218,p1,1435,dragapult-ex,1436,alakazam-dudunsparce
1,1219,p1,1437,dragapult-blaziken,1438,slowking-scr
1,1220,p1,1439,ethan-typhlosion,1440,dragapult-ex
1,1221,p1,1441,azumarill-ssp,1442,rockets-honchkrow
1,1222,p2,1443,crustle-dri,1444,dragapult-ex
1,1223,p1,1445,dragapult-ex,1446,ethan-typhlosion
1,1224,p2,1447,dragapult-ex,1448,dragapult-dusknoir
1,1225,p2,1449,dragapult-blaziken,1450,slowking-scr
1,1226,p1,1451,n-zoroark,1452,dragapult-ex
1,1227,p1,1453,rockets-honchkrow,1454,rocket-mewtwo-ex
1,1228,p2,1455,dragapult-dusknoir,1456,slowking-scr
1,1229,p1,1457,dragapult-ex,1458,alakazam-dudunsparce
1,1230,tie,1459,alakazam-dudunsparce,1460,dragapult-ex
1,1231,tie,1461,lucario-hariyama,1462,alakazam-dusknoir
1,1232,tie,1463,dragapult-ex,1464,dragapult-blaziken
1,1233,p2,1465,alakazam-dudunsparce,1466,dragapult-ex
1,1234,p2,1467,dragapult-ex,1468,dragapult-ex
1,1235,p1,1469,crustle-dri,1470,dragapult-ex
1,1236,p2,1471,hops-trevenant,1472,slowking-scr
1,1237,p1,1473,alakazam-dudunsparce,1474,alakazam-dudunsparce
1,1238,p1,1475,dragapult-dusknoir,1476,mega-excadrill-ex
1,1239,p2,1477,alakazam-dudunsparce,1478,dragapult-dusknoir
1,1240,p1,1479,dhelmise-pbl,1480,dhelmise-pbl
1,1241,p2,1481,slowking-scr,1482,other
1,1242,p2,1483,alakazam-dudunsparce,1484,mega-excadrill-ex
1,1243,p2,1485,basic-box-m,1486,sharpedo-toxtricity
1,1244,p1,1487,alakazam-dudunsparce,1488,basic-box-m
1,1245,p2,1489,alakazam-dudunsparce,1490,mega-lucario-ex
1,1246,p2,1491,mega-lucario-ex,1492,alakazam-dusknoir
1,1247,p2,1493,mega-excadrill-ex,1494,slowking-scr
1,1248,p1,1495,alakazam-dudunsparce,1496,sinistcha-ogerpon
1,1249,p2,1497,dragapult-ex,1498,festival-lead
1,1250,p1,1499,dragapult-ex,1500,dragapult-blaziken
1,1251,p2,1501,crustle-dri,1502,crustle-dri
1,1252,p2,1503,alakazam-dudunsparce,1504,dragapult-dusknoir
1,1253,p1,1505,dragapult-blaziken,1506,lopunny-dudunsparce
1,1254,p2,1507,dragapult-ex,1508,dhelmise-pbl
1,1255,p1,1509,cynthia-garchomp-ex,1510,dhelmise-pbl
1,1256,p2,1511,dragapult-ex,1512,basic-box-m
1,1257,p1,1513,basic-box-m,1514,dragapult-blaziken
1,1258,tie,1515,rockets-honchkrow,1516,basic-box-m
1,1259,p2,1517,mega-lucario-ex,1518,festival-lead
1,1260,p1,1519,dragapult-blaziken,1520,dragapult-dusknoir
1,1261,p2,1521,dragapult-ex,1522,basic-box-m
1,1262,p2,1523,basic-box-m,1524,crustle-dri
1,1263,p2,1525,n-zoroark,1526,lucario-hariyama
1,1264,p1,1527,alakazam-dudunsparce,1528,basic-box-m
1,1265,tie,1529,kangaskhan-bouffalant,1530,dragapult-ex
1,1266,tie,1531,dhelmise-pbl,1532,blaziken-ex-jtg
1,1267,p2,1533,slowking-scr,1534,marnie-grimmsnarl-ex
1,1268,tie,1535,cynthia-garchomp-ex,1536,alakazam-dudunsparce
1,1269,tie,1537,mega-excadrill-ex,1538,mega-excadrill-ex
1,1270,tie,1539,dragapult-blaziken,1540,dragapult-ex
1,1271,p1,1541,n-zoroark,1542,n-zoroark
1,1272,p2,1543,toxtricity-brute-bonnet,1544,ogerpon-meganium-hydrapple
1,1273,tie,1545,n-zoroark,1546,n-zoroark
1,1274,p2,1547,dragapult-ex,1548,grimmsnarl-froslass
1,1275,p1,1549,mega-lucario-ex,1550,mega-excadrill-ex
1,1276,p2,1551,slowking-scr,1552,grimmsnarl-froslass
1,1277,p1,1553,crustle-dri,1554,beedrill-ex-cri
1,1278,p1,1555,dragapult-blaziken,1556,festival-lead
1,1279,p1,1557,hop-zacian,1558,slowking-scr
1,1280,p1,1559,lopunny-dudunsparce,1560,dragapult-ex
1,1281,p2,1561,dragapult-ex,1562,crustle-dri
1,1282,p1,1563,dragapult-ex,1564,alakazam-dudunsparce
1,1283,p1,1565,mega-chandelure-ex,1566,crustle-dri
1,1284,p1,1567,dragapult-ex,1568,n-zoroark
1,1285,p2,1569,dragapult-ex,1570,dhelmise-pbl
1,1286,tie,1571,alakazam-dudunsparce,1572,kangaskhan-bouffalant
1,1287,tie,1573,raging-bolt-ogerpon,1574,grimmsnarl-froslass
1,1288,tie,1575,dragapult-ex,1576,mega-excadrill-ex
1,1289,tie,1577,dragapult-ex,1578,slowking-scr
1,1290,p1,1579,mega-starmie-ex,1580,festival-lead
1,1291,p1,1581,dragapult-dusknoir,1582,ogerpon-meganium-hydrapple
1,1292,p2,1583,dhelmise-pbl,1584,dragapult-ex
1,1293,p2,1585,mega-venusaur-ex,1586,slowking-scr
1,1294,p2,1587,slowking-scr,1588,dragapult-ex
1,1295,p2,1589,yanmega-ex,1590,lopunny-dudunsparce
1,1296,p2,1591,?metagross,1592,dragapult-ex
1,1297,p2,1593,n-zoroark,1594,dragapult-ex
1,1298,p2,1595,dragapult-ex,1596,crustle-dri
1,1299,p1,1597,dragapult-ex,1598,mega-excadrill-ex
1,1300,p2,1599,doublade-por,1600,greninja-ex
1,1301,p2,1601,crustle-dri,1602,alakazam-dudunsparce
1,1302,p1,1603,lopunny-dusknoir,1604,slowking-scr
1,1303,p1,1605,n-zoroark,1606,dragapult-blaziken
1,1304,p1,1607,ethan-typhlosion,1608,lucario-hariyama
1,1305,p2,1609,basic-box-m,1610,slowking-scr
1,1306,tie,1611,dragapult-ex,1612,other
1,1307,p2,1613,alakazam-dudunsparce,1614,dragapult-blaziken
1,1308,p2,1615,sharpedo-toxtricity,1616,mega-excadrill-ex
1,1309,p1,1617,festival-lead,1618,rockets-honchkrow
1,1310,p2,1619,hops-trevenant,1620,other
1,1311,p1,1621,other,1622,ogerpon-meganium-hydrapple
1,1312,tie,1623,mega-lucario-ex,1624,dragapult-ex
1,1313,p1,1625,dragapult-blaziken,1626,ogerpon-meganium-hydrapple
1,1314,p2,1627,other,1628,n-zoroark
1,1315,tie,1629,dragapult-ex,1630,slowking-scr
1,1316,tie,1631,starmie-dusknoir,1632,n-zoroark
1,1317,p1,1633,rockets-honchkrow,1634,crustle-dri
1,1318,p2,1635,lopunny-dudunsparce,1636,dragapult-ex
1,1319,p1,1637,basic-box-m,1638,dragapult-ex
1,1320,p2,1639,other,1640,slowking-scr
1,1321,p1,1641,basic-box-m,1642,dhelmise-pbl
1,1322,p1,1643,dragapult-dusknoir,1644,crustle-dri
1,1323,tie,1645,mega-excadrill-ex,1646,lucario-hariyama
1,1324,p2,1647,mega-excadrill-ex,1648,dragapult-blaziken
1,1325,p1,1649,dragapult-ex,1650,dragapult-ex
1,1326,p2,1651,dragapult-ex,1652,dragapult-blaziken
1,1327,p1,1653,starmie-froslass,1654,manectric-eelektrik
1,1328,p1,1655,dragapult-blaziken,1656,dragapult-dusknoir
1,1329,p2,1657,mega-starmie-ex,1658,alakazam-dusknoir
1,1330,p1,1659,n-zoroark,1660,dragapult-ex
1,1331,p2,1661,crustle-dri,1662,dragapult-dudunsparce
1,1332,p1,1663,n-zoroark,1664,lucario-hariyama
1,1333,p2,1665,dragapult-blaziken,1666,dragapult-ex
1,1334,p1,1667,rockets-honchkrow,1668,dragapult-ex
1,1335,p2,1669,slowking-scr,1670,mega-manectric-ex-meg
1,1336,tie,1671,dhelmise-pbl,1672,basic-box-m
1,1337,p1,1673,dragapult-dusknoir,1674,slowking-scr
1,1338,p1,1675,mega-lucario-ex,1676,doublade-por
1,1339,p2,1677,dragapult-ex,1678,dragapult-blaziken
1,1340,p1,1679,grimmsnarl-froslass,1680,seaking-pre
1,1341,p2,1681,festival-lead,1682,basic-box-m
1,1342,p1,1683,raging-bolt-ogerpon,1684,archaludon-ex
1,1343,p1,1685,mega-froslass-dudunsparce,1686,toxtricity-box
1,1344,p2,1687,crustle-dri,1688,mega-excadrill-ex
1,1345,p1,1689,basic-box-m,1690,lucario-hariyama
1,1346,p1,1691,dragapult-ex,1692,ceruledge-ex
1,1347,p2,1693,n-zoroark,1694,cynthia-garchomp-ex
1,1348,p2,1695,dragapult-blaziken,1696,dragapult-ex
1,1349,p1,1697,ogerpon-meganium-hydrapple,1698,dragapult-blaziken
1,1351,p2,1699,alakazam-dusknoir,1700,n-zoroark
1,1352,p2,1701,dragapult-ex,1702,dhelmise-pbl
1,1353,p2,1703,dragapult-ex,1704,basic-box-m
1,1354,p1,1705,grimmsnarl-froslass,1706,dragapult-blaziken
1,1355,p2,1707,sharpedo-toxtricity,1708,greninja-ex
1,1356,p1,1709,dragapult-dusknoir,1710,basic-box-m
1,1357,p2,1711,dragapult-dusknoir,1712,?
1,1358,p1,1713,lucario-hariyama,1714,mega-excadrill-ex
1,1359,p2,1715,crustle-dri,1716,n-zoroark
1,1360,tie,1717,dragapult-ex,1718,dragapult-ex
1,1361,p2,1719,other,1720,festival-lead
1,1362,p1,1721,lucario-hariyama,1722,alakazam-dudunsparce
1,1363,p2,1723,dragapult-ex,1724,dragapult-ex
1,1364,p2,1725,sharpedo-toxtricity,1726,dhelmise-pbl
1,1365,p2,1727,paldean-tauros-pfl,1728,dragapult-dusknoir
1,1366,tie,1729,ogerpon-meganium-hydrapple,1730,slowking-scr
1,1367,p2,1731,raging-bolt-ogerpon,1732,dragapult-ex
1,1368,p2,1733,rocket-mewtwo-ex,1734,dragapult-ex
1,1369,p1,1735,sharpedo-toxtricity,1736,dragapult-ex
1,1370,tie,1737,dragapult-ex,1738,n-zoroark
1,1371,p2,1739,mega-venusaur-ex,1740,slowking-scr
1,1372,p1,1741,alakazam-dusknoir,1742,seaking-pre
1,1373,p2,1743,dragapult-dusknoir,1744,dragapult-ex
1,1374,p2,1745,dragapult-dusknoir,1746,crustle-dri
1,1375,p2,1747,dragapult-ex,1748,dragapult-dusknoir
1,1376,p1,1749,lucario-hariyama,1750,mega-excadrill-ex
1,1377,p1,1751,mega-excadrill-ex,1752,dragapult-ex
1,1378,p1,1753,mega-excadrill-ex,1754,crustle-dri
1,1379,p1,1755,n-zoroark,1756,clefairy-ogerpon
1,1380,p2,1757,alakazam-dudunsparce,1758,lucario-hariyama
1,1381,p1,1759,dragapult-ex,1760,mega-excadrill-ex
1,1382,p2,1761,kangaskhan-bouffalant,1762,other
1,1383,p1,1763,dragapult-blaziken,1764,dragapult-dusknoir
1,1384,p2,1765,mega-greninja-ex,1766,basic-box-m
1,1385,p1,1767,dhelmise-pbl,1768,jellicent-dusknoir
1,1386,p2,1769,festival-lead,1770,n-zoroark
1,1387,p2,1771,starmie-dusknoir,1772,dragapult-ex
1,1388,p1,1773,crustle-dri,1774,dragapult-ex
1,1389,p1,1775,rockets-honchkrow,1776,dhelmise-pbl
1,1390,p2,1777,dragapult-ex,1778,basic-box-m
1,1391,tie,1779,dhelmise-pbl,1780,dragapult-ex
1,1392,p1,1781,crustle-dri,1782,dragapult-ex
1,1393,p1,1783,dragapult-blaziken,1784,toucannon-pbl
1,1394,p1,1785,dragapult-ex,1786,dragapult-ex
1,1395,p1,1787,basic-box-m,1788,dragapult-dusknoir
1,1396,p1,1789,n-zoroark,1790,dragapult-dusknoir
1,1397,p2,1791,mega-excadrill-ex,1792,slowking-scr
1,1398,p2,1793,slowking-scr,1794,kangaskhan-bouffalant
1,1399,tie,1795,dragapult-ex,1796,cynthia-garchomp-ex
1,1400,p2,1797,mega-excadrill-ex,1798,dragapult-ex
1,1401,p2,1799,crustle-dri,1800,mega-manectric-ex-meg
1,1402,p1,1801,cynthia-garchomp-ex,1802,grimmsnarl-froslass
1,1403,p1,1803,dragapult-ex,1804,alakazam-dudunsparce
1,1404,p1,1805,dragapult-ex,1806,slowking-scr
1,1405,p2,1807,alakazam-dudunsparce,1808,dhelmise-pbl
1,1406,p2,1809,basic-box-m,1810,crustle-dri
1,1407,p1,1811,n-zoroark,1812,basic-box-m
1,1408,p1,1813,ogerpon-meganium-hydrapple,1814,dragapult-dusknoir
1,1409,p1,1815,rockets-honchkrow,1816,lopunny-dudunsparce
1,1410,p1,1817,rocket-spidops,1818,festival-lead
1,1411,p1,1819,dragapult-ex,1820,ogerpon-meganium-hydrapple
1,1412,p1,1821,n-zoroark,1822,mega-chandelure-ex
1,1413,p2,1823,dragapult-dusknoir,1824,alakazam-dudunsparce
1,1414,tie,1825,dragapult-ex,1826,crustle-dri
1,1415,tie,1827,alakazam-dudunsparce,1828,sharpedo-toxtricity
1,1416,p2,1829,dragapult-dusknoir,1830,ogerpon-meganium-hydrapple
1,1417,p1,1831,dragapult-ex,1832,ogerpon-meganium-hydrapple
1,1418,p2,1833,mega-excadrill-ex,1834,dragapult-ex
1,1419,tie,1835,seaking-pre,1836,rocket-spidops
1,1420,p2,1837,mega-greninja-ex,1838,n-zoroark
1,1421,p1,1839,n-zoroark,1840,crustle-dri
1,1422,p2,1841,dragapult-dusknoir,1842,basic-box-m
1,1423,tie,1843,dhelmise-pbl,1844,mega-venusaur-ex
1,1424,tie,1845,slowking-scr,1846,n-zoroark
1,1425,p1,1847,grimmsnarl-froslass,1848,froslass-munkidori
1,1426,p1,1849,ogerpon-meganium-hydrapple,1850,n-zoroark
1,1427,tie,1851,dragapult-ex,1852,dhelmise-pbl
1,1428,p2,1853,kangaskhan-bouffalant,1854,kangaskhan-bouffalant
1,1429,tie,1855,rockets-honchkrow,1856,crustle-dri
1,1430,p2,1857,ogerpon-meganium-hydrapple,1858,dragapult-dusknoir
1,1431,p2,1859,mega-darkrai-ex,1860,dragapult-dusknoir
1,1432,p2,1861,mega-abomasnow-ex,1862,dragapult-ex
1,1433,p1,1863,dragapult-ex,1864,mega-greninja-ex
1,1434,tie,1865,dragapult-ex,1866,mega-venusaur-ex
1,1435,p2,1867,raging-bolt-ogerpon,1868,ethan-typhlosion
1,1436,tie,1869,dragapult-ex,1870,slowking-scr
1,1437,p1,1871,mega-excadrill-ex,1872,tera-box
1,1438,p2,1873,dragapult-blaziken,1874,dragapult-ex
1,1439,p1,1875,ogerpon-meganium-hydrapple,1876,rocket-mewtwo-ex
1,1440,p2,1877,lopunny-dusknoir,1878,rocket-spidops
1,1441,p2,1879,slowking-scr,1880,alakazam-dudunsparce
1,1442,p1,1881,n-zoroark,1882,alakazam-dudunsparce
1,1443,p2,1883,basic-box-m,1884,mega-lucario-ex
1,1444,tie,1885,dhelmise-pbl,1886,dragapult-dusknoir
1,1445,p2,1887,ethan-typhlosion,1888,cynthia-garchomp-ex
1,1446,p1,1889,dragapult-dusknoir,1890,crustle-dri
1,1447,p1,1891,dragapult-blaziken,1892,dragapult-dusknoir
1,1448,p2,1893,dragapult-blaziken,1894,n-zoroark
1,1449,p2,1895,festival-lead,1896,dragapult-dusknoir
1,1450,p2,1897,dragapult-ex,1898,dhelmise-pbl
1,1451,p1,1899,mega-excadrill-ex,1900,dragapult-ex
1,1452,p2,1901,dragapult-ex,1902,n-zoroark
1,1453,tie,1903,dragapult-ex,1904,rockets-honchkrow
1,1454,p2,1905,rocket-mewtwo-ex,1906,basic-box-m
1,1455,p2,1907,dhelmise-pbl,1908,n-zoroark
1,1456,p1,1909,lillie-clefairy,1910,dragapult-dusknoir
1,1457,p2,1911,dragapult-ex,1912,ethan-typhlosion
1,1458,tie,1913,lopunny-dusknoir,1914,dragapult-ex
1,1459,p2,1915,dragapult-ex,1916,lopunny-dusknoir
1,1460,p2,1917,okidogi-barbaracle,1918,alakazam-dudunsparce
1,1461,p1,1919,mega-excadrill-ex,1920,basic-box-m
1,1462,tie,1921,n-zoroark,1922,rocket-mewtwo-ex
1,1463,p2,1923,dragapult-ex,1924,basic-box-m
1,1464,p2,1925,dragapult-ex,1926,mega-absol-box
1,1465,p2,1927,dragapult-blaziken,1928,dragapult-ex
1,1466,p1,1929,basic-box-m,1930,zygarde-barbaracle
1,1467,p2,1931,crustle-dri,1932,dragapult-dusknoir
1,1468,p2,1933,greninja-ex,1934,slowking-scr
1,1469,p2,1935,slowking-scr,1936,n-zoroark
1,1470,tie,1937,dragapult-ex,1938,dragapult-blaziken
1,1471,p2,1939,dragapult-dusknoir,1940,alakazam-dusknoir
1,1472,p2,1941,dragapult-dusknoir,1942,lucario-hariyama
1,1473,tie,1943,lucario-hariyama,1944,alakazam-dudunsparce
1,1474,p2,1945,dragapult-ex,1946,dragapult-ex
1,1475,p2,1947,rocket-mewtwo-ex,1948,mega-excadrill-ex
1,1476,p2,1949,lucario-hariyama,1950,dragapult-ex
1,1477,p2,1951,dhelmise-pbl,1952,slowking-scr
1,1478,p2,1953,dragapult-ex,1954,dragapult-ex
1,1479,tie,1955,dragapult-ex,1956,basic-box-m
1,1480,p2,1957,n-zoroark,1958,festival-lead
1,1481,tie,1959,dragapult-ex,1960,dragapult-blaziken
1,1482,p1,1961,dragapult-blaziken,1962,dragapult-ex
1,1483,p2,1963,alakazam-dudunsparce,1964,mega-charizard-x-ex
1,1484,p2,1965,dhelmise-pbl,1966,lopunny-dusknoir
1,1485,p1,1967,dragapult-ex,1968,crustle-dri
1,1486,p2,1969,dragapult-dusknoir,1970,dragapult-ex
1,1487,p2,1971,mega-excadrill-ex,1972,alakazam-dudunsparce
1,1488,tie,1973,sharpedo-toxtricity,1974,mega-chandelure-ex
1,1489,p1,1975,alakazam-dudunsparce,1976,mega-venusaur-ex
1,1490,p2,1977,dragapult-ex,1978,dragapult-ex
1,1491,p1,1979,dragapult-ex,1980,dragapult-ex
1,1492,p1,1981,mega-greninja-ex,1982,dragapult-dusknoir
1,1493,p2,1983,okidogi-barbaracle,1984,cynthia-garchomp-ex
1,1494,tie,1985,dragapult-dusknoir,1986,alakazam-dudunsparce
1,1495,p1,1987,dragapult-ex,1988,slowking-scr
1,1496,p2,1989,n-zoroark,1990,dragapult-ex
1,1497,p1,1991,sharpedo-toxtricity,1992,dragapult-ex
1,1498,tie,1993,toucannon-pbl,1994,alakazam-dudunsparce
1,1499,p1,1995,alakazam-dudunsparce,1996,ogerpon-meganium-hydrapple
1,1500,p2,1997,crustle-dri,1998,lopunny-dusknoir
1,1501,tie,1999,festival-lead,2000,crustle-dri
1,1502,p2,2001,rockets-honchkrow,2002,ogerpon-meganium-hydrapple
1,1503,p2,2003,slowking-scr,2004,slowking-scr
1,1504,p2,2005,dragapult-dusknoir,2006,basic-box-m
1,1505,tie,2007,dragapult-blaziken,2008,basic-box-m
1,1506,p1,2009,dragapult-ex,2010,manectric-eelektrik
1,1507,p1,2011,n-zoroark,2012,dhelmise-pbl
1,1508,p2,2013,slowking-scr,2014,dragapult-dusknoir
1,1509,p1,2015,festival-lead,2016,alakazam-dudunsparce
1,1510,p2,2017,ogerpon-meganium-hydrapple,2018,n-zoroark
1,1511,tie,2019,dhelmise-pbl,2020,dragapult-ex
1,1512,tie,2021,lucario-hariyama,2022,dragapult-ex
1,1513,tie,2023,dragapult-dusknoir,2024,basic-box-m
1,1514,p2,2025,ogerpon-meganium-hydrapple,2026,dragapult-dusknoir
1,1515,tie,2027,rockets-honchkrow,2028,mega-excadrill-ex
1,1516,p1,2029,n-zoroark,2030,dragapult-dusknoir
1,1517,p2,2031,slowking-scr,2032,dragapult-ex
1,1518,tie,2033,basic-box-m,2034,dragapult-ex
1,1519,p2,2035,alakazam-dudunsparce,2036,dragapult-ex
1,1520,p1,2037,dragapult-dusknoir,2038,festival-lead
1,1521,p2,2039,ethan-typhlosion,2040,ogerpon-meganium-arboliva
1,1522,p2,2041,alakazam-dudunsparce,2042,tera-box
1,1523,tie,2043,diancie-dusknoir,2044,n-zoroark
1,1524,p2,2045,dragapult-blaziken,2046,dragapult-ex
1,1525,p1,2047,dhelmise-pbl,2048,dragapult-ex
1,1526,p2,2049,lucario-hariyama,2050,ogerpon-meganium-hydrapple
1,1527,p2,2051,dragapult-dusknoir,2052,n-zoroark
1,1528,p1,2053,other,2054,other
1,1529,p1,2055,palafin-ex,2056,mega-excadrill-ex
1,1530,p2,2057,festival-lead,2058,starmie-froslass
1,1531,p2,2059,dragapult-ex,2060,festival-lead
1,1532,p2,2061,slowking-scr,2062,lopunny-dusknoir
1,1533,p1,2063,slowking-scr,2064,dragapult-ex
1,1534,p1,2065,dragapult-dusknoir,2066,alakazam-dudunsparce
1,1535,p1,2067,crustle-dri,2068,dragapult-ex
1,1536,p1,2069,rockets-honchkrow,2070,n-zoroark
1,1537,p1,2071,beedrill-ex-cri,2072,n-zoroark
1,1538,p1,2073,alolan-exeggutor-ex,2074,conkeldurr-twm
1,1539,p1,2075,slowking-scr,2076,slowking-scr
1,1540,tie,2077,dragapult-ex,2078,alakazam-dudunsparce
1,1541,p2,2079,alakazam-dudunsparce,2080,basic-box-m
1,1542,p1,2081,dragapult-ex,2082,dragapult-ex
1,1543,p2,2083,dragapult-ex,2084,alakazam-dudunsparce
1,1544,p2,2085,grimmsnarl-froslass,2086,rockets-honchkrow
1,1545,p2,2087,dragapult-blaziken,2088,n-zoroark
1,1546,p1,2089,mega-excadrill-ex,2090,starmie-froslass
1,1547,p1,2091,hops-trevenant,2092,n-zoroark
1,1548,p2,2093,dhelmise-pbl,2094,sharpedo-toxtricity
1,1549,p1,2095,dragapult-ex,2096,alakazam-dudunsparce
1,1550,p1,2097,slowking-scr,2098,ogerpon-meganium
1,1551,p2,2099,dragapult-ex,2100,dragapult-ex
1,1552,p2,2101,dragapult-dusknoir,2102,mega-excadrill-ex
1,1553,p2,2103,ethan-typhlosion,2104,dragapult-ex
1,1554,p1,2105,basic-box-m,2106,okidogi-barbaracle
1,1555,p2,2107,mega-excadrill-ex,2108,dragapult-dusknoir
1,1556,p1,2109,rockets-honchkrow,2110,mega-chandelure-ex
1,1557,tie,2111,crustle-dri,2112,dragapult-ex
1,1558,p1,2113,crustle-dri,2114,slowking-scr
1,1559,p2,2115,dragapult-blaziken,2116,basic-box-m
1,1560,p2,2117,dragapult-dusknoir,2118,crustle-dri
1,1561,p2,2119,dragapult-ex,2120,dragapult-ex
1,1562,p2,2121,alakazam-dudunsparce,2122,dragapult-ex
1,1563,p2,2123,dragapult-dusknoir,2124,lucario-hariyama
1,1564,p2,2125,dragapult-dusknoir,2126,dragapult-blaziken
1,1565,p1,2127,basic-box-m,2128,n-zoroark
1,1566,p1,2129,alakazam-dudunsparce,2130,toxtricity-box
1,1567,p1,2131,dragapult-ex,2132,dragapult-blaziken
1,1568,p2,2133,n-zoroark,2134,mega-chandelure-ex
1,1569,p2,2135,dragapult-ex,2136,festival-lead
1,1570,p2,2137,basic-box-m,2138,n-zoroark
1,1571,tie,2139,mega-excadrill-ex,2140,mega-excadrill-ex
1,1572,p2,2141,n-zoroark,2142,basic-box-m
1,1573,p2,2143,dragapult-dudunsparce,2144,dragapult-blaziken
1,1574,p2,2145,dragapult-dusknoir,2146,dragapult-ex
1,1575,p1,2147,slowking-scr,2148,sharpedo-toxtricity
1,1576,p1,2149,slowking-scr,2150,dragapult-dusknoir
1,1577,p1,2151,dragapult-ex,2152,dragapult-ex
1,1578,tie,2153,alakazam-dudunsparce,2154,dragapult-ex
1,1579,p2,2155,seaking-pre,2156,dragapult-ex
1,1580,p1,2157,dragapult-dusknoir,2158,dragapult-ex
1,1581,p2,2159,mega-excadrill-ex,2160,dragapult-ex
1,1582,p1,2161,mega-chandelure-ex,2162,ceruledge-ex
1,1583,p1,2163,n-zoroark,2164,dragapult-dusknoir
1,1584,p2,2165,sharpedo-toxtricity,2166,n-zoroark
1,1585,p2,2167,n-zoroark,2168,starmie-dusknoir
1,1586,p2,2169,ethan-typhlosion,2170,dragapult-blaziken
1,1587,tie,2171,n-zoroark,2172,slowking-scr
1,1588,p2,2173,n-zoroark,2174,ogerpon-meganium-hydrapple
1,1589,tie,2175,rocket-mewtwo-ex,2176,n-zoroark
1,1590,p2,2177,dragapult-dusknoir,2178,dragapult-dusknoir
1,1591,p1,2179,rocket-spidops,2180,alakazam-dudunsparce
1,1592,p2,2181,mega-excadrill-ex,2182,alakazam-dudunsparce
1,1593,p1,2183,mega-excadrill-ex,2184,dragapult-ex
1,1594,p2,2185,ogerpon-meganium-hydrapple,2186,dragapult-ex
1,1595,p1,2187,lucario-hariyama,2188,alakazam-dudunsparce
1,1596,p2,2189,n-zoroark,2190,mega-greninja-ex
1,1597,p2,2191,dragapult-dusknoir,2192,dragapult-ex
1,1598,p1,2193,dragapult-dusknoir,2194,sharpedo-toxtricity
1,1599,p1,2195,dragapult-dusknoir,2196,?metagross
1,1600,p2,2197,dragapult-blaziken,2198,dragapult-ex
1,1601,p1,2199,dragapult-ex,2200,alakazam-dusknoir
1,1602,p2,2201,greninja-ex,2202,dragapult-dusknoir
1,1603,p1,2203,dragapult-blaziken,2204,dragapult-ex
1,1604,p2,2205,dragapult-ex,2206,n-zoroark
1,1605,p2,2207,slowking-scr,2208,basic-box-m
1,1606,p1,2209,n-zoroark,2210,dragapult-dusknoir
1,1607,tie,2211,toxtricity-box,2212,dhelmise-pbl
1,1608,p2,2213,dragapult-ex,2214,basic-box-m
1,1609,p2,2215,starmie-froslass,2216,basic-box-m
1,1610,p1,2217,lucario-hariyama,2218,mega-excadrill-ex
1,1611,p1,2219,dragapult-ex,2220,n-zoroark
1,1612,p1,2221,lillie-clefairy,2222,mega-excadrill-ex
1,1613,p2,2223,dragapult-ex,2224,crustle-dri
1,1614,tie,2225,dhelmise-pbl,2226,ogerpon-meganium-hydrapple
1,1615,tie,2227,alakazam-dudunsparce,2228,lucario-hariyama
1,1616,p2,2229,alakazam-dudunsparce,2230,seaking-pre
1,1617,p1,2231,basic-box-m,2232,dragapult-ex
1,1618,p1,2233,n-zoroark,2234,dhelmise-pbl
1,1619,tie,2235,dragapult-dusknoir,2236,rockets-honchkrow
1,1620,tie,2237,slowking-scr,2238,dragapult-ex
1,1621,p1,2239,dragapult-ex,2240,crustle-dri
1,1622,p2,2241,dragapult-dusknoir,2242,alakazam-dusknoir
1,1623,p1,2243,dragapult-ex,2244,dragapult-blaziken
1,1624,p1,2245,dragapult-blaziken,2246,mega-lucario-ex
1,1625,p2,2247,dragapult-ex,2248,n-zoroark
1,1626,tie,2249,hops-trevenant,2250,?
1,1627,p1,2251,sharpedo-toxtricity,2252,n-zoroark
1,1628,p1,2253,crustle-dri,2254,hop-zacian
1,1629,tie,2255,rockets-honchkrow,2256,alakazam-dusknoir
1,1630,p1,2257,mega-excadrill-ex,2258,alakazam-dudunsparce
1,1631,p2,2259,dragapult-blaziken,2260,dragapult-ex
1,1632,p2,2261,mega-lucario-ex,2262,crustle-dri
1,1633,p2,2263,palafin-ex,2264,basic-box-m
1,1634,tie,2265,alakazam-dudunsparce,2266,mega-excadrill-ex
1,1635,p2,2267,ogerpon-meganium-hydrapple,2268,dragapult-ex
1,1636,tie,2269,crustle-dri,2270,dragapult-blaziken
1,1637,p2,2271,alakazam-dudunsparce,2272,dragapult-ex
1,1638,p2,2273,ursaluna-lunatone,2274,lucario-hariyama
1,1639,p1,2275,mega-excadrill-ex,2276,mega-excadrill-ex
1,1640,tie,2277,alakazam-dudunsparce,2278,dragapult-ex
1,1641,p2,2279,dhelmise-pbl,2280,seaking-pre
1,1642,tie,2281,grimmsnarl-froslass,2282,n-zoroark
1,1643,p1,2283,mega-lucario-ex,2284,festival-lead
1,1644,p1,2285,dragapult-ex,2286,joltik-box
1,1645,p1,2287,dragapult-blaziken,2288,alakazam-dudunsparce
1,1646,tie,2289,dragapult-dusknoir,2290,dragapult-blaziken
1,1647,p1,2291,dragapult-blaziken,2292,mega-venusaur-ex
1,1648,p1,2293,dragapult-ex,2294,dragapult-blaziken
1,1649,p2,2295,festival-lead,2296,dragapult-ex
1,1650,p2,2297,mega-excadrill-ex,2298,lucario-hariyama
1,1651,p1,2299,crustle-dri,2300,dragapult-ex
1,1652,p2,2301,n-zoroark,2302,dragapult-ex
1,1653,p1,2303,rocket-mewtwo-ex,2304,dragapult-ex
1,1654,p1,2305,basic-box-m,2306,dragapult-blaziken
1,1655,p2,2307,dragapult-dusknoir,2308,dhelmise-pbl
1,1656,p1,2309,rocket-mewtwo-ex,2310,lucario-hariyama
1,1657,p2,2311,dragapult-blaziken,2312,dragapult-dusknoir
1,1658,p2,2313,ogerpon-meganium-hydrapple,2314,dragapult-ex
1,1659,tie,2315,dragapult-ex,2316,kangaskhan-bouffalant
1,1660,p2,2317,n-zoroark,2318,dragapult-ex
1,1661,p2,2319,dragapult-blaziken,2320,alakazam-dudunsparce
1,1662,p1,2321,beedrill-ex-cri,2322,basic-box-m
1,1663,p1,2323,sharpedo-toxtricity,2324,festival-lead
1,1664,p1,2325,dragapult-ex,2326,alakazam-dudunsparce
1,1665,p2,2327,mega-excadrill-ex,2328,dragapult-ex
1,1666,tie,2329,alakazam-dudunsparce,2330,slowking-scr
1,1667,p1,2331,dragapult-ex,2332,dragapult-ex
1,1668,p2,2333,other,2334,dragapult-ex
1,1669,p1,2335,festival-lead,2336,dragapult-ex
1,1670,p1,2337,mega-excadrill-ex,2338,crustle-dri
1,1671,p1,2339,dragapult-blaziken,2340,mega-chandelure-ex
1,1672,p2,2341,mega-excadrill-ex,2342,slowking-scr
1,1673,p2,2343,greninja-ex,2344,dragapult-ex
1,1674,p2,2345,tera-box,2346,slowking-scr
1,1675,tie,2347,dragapult-blaziken,2348,crustle-dri
1,1676,p2,2349,lucario-hariyama,2350,lillie-clefairy
1,1677,p2,2351,n-zoroark,2352,alakazam-dudunsparce
1,1678,p1,2353,dragapult-ex,2354,dragapult-blaziken
1,1679,tie,2355,alakazam-dudunsparce,2356,cynthia-garchomp-ex
1,1680,p2,2357,basic-box-m,2358,n-zoroark
1,1681,tie,2359,n-zoroark,2360,dragapult-blaziken
1,1682,p2,2361,lucario-hariyama,2362,alakazam-dusknoir
1,1683,p1,2363,festival-lead,2364,slowking-scr
1,1684,p1,2365,dhelmise-pbl,2366,dragapult-ex
1,1685,p2,2367,dragapult-ex,2368,grimmsnarl-froslass
1,1686,p2,2369,mega-excadrill-ex,2370,dragapult-ex
1,1687,tie,2371,dragapult-dusknoir,2372,dragapult-blaziken
1,1688,tie,2373,dragapult-dusknoir,2374,mega-excadrill-ex
1,1689,tie,2375,n-zoroark,2376,dragapult-ex
1,1690,p2,2377,mega-venusaur-ex,2378,n-zoroark
1,1691,p2,2379,yanmega-ex,2380,dragapult-dusknoir
1,1692,p2,2381,other,2382,dragapult-blaziken
1,1693,p2,2383,dhelmise-pbl,2384,basic-box-m
1,1694,p1,2385,crustle-dri,2386,crustle-dri
1,1695,p2,2387,other,2388,lopunny-dudunsparce
1,1696,tie,2389,alakazam-dudunsparce,2390,dragapult-dusknoir
1,1697,tie,2391,mega-greninja-ex,2392,kangaskhan-bouffalant
1,1698,p2,2393,alakazam-dudunsparce,2394,festival-lead
1,1699,tie,2395,slowking-scr,2396,n-zoroark
1,1700,p1,2397,dragapult-ex,2398,rockets-honchkrow
1,1701,p1,2399,slowking-scr,2400,alakazam-dudunsparce
1,1702,p1,2401,dragapult-ex,2402,dhelmise-pbl
1,1703,p1,2403,dragapult-blaziken,2404,mega-excadrill-ex
1,1704,p2,2405,basic-box-m,2406,dragapult-ex
1,1705,p1,2407,dragapult-ex,2408,n-zoroark
1,1706,p1,2409,slowking-scr,2410,doublade-por
1,1707,p2,2411,dragapult-blaziken,2412,starmie-dusknoir
1,1708,p1,2413,crustle-dri,2414,basic-box-m
1,1709,p1,2415,dragapult-ex,2416,ursaluna-lunatone
1,1710,tie,2417,dragapult-blaziken,2418,slowking-scr
1,1711,p1,2419,ogerpon-meganium-hydrapple,2420,mega-excadrill-ex
1,1712,tie,2421,ethan-typhlosion,2422,dragapult-ex
1,1713,p1,2423,alakazam-dudunsparce,2424,dragapult-ex
1,1714,p1,2425,ogerpon-meganium-hydrapple,2426,lopunny-dusknoir
1,1715,p1,2427,dragapult-ex,2428,raging-bolt-ogerpon
1,1716,p1,2429,dragapult-ex,2430,dragapult-dusknoir
1,1717,p2,2431,crustle-dri,2432,mega-excadrill-ex
1,1718,p2,2433,lucario-hariyama,2434,dragapult-ex
1,1719,p2,2435,festival-lead,2436,dragapult-dusknoir
1,1720,p1,2437,dragapult-blaziken,2438,slowking-scr
1,1721,p1,2439,dragapult-dusknoir,2440,rockets-honchkrow
1,1722,p2,2441,mega-excadrill-ex,2442,dragapult-ex
1,1723,p2,2443,dhelmise-pbl,2444,dragapult-ex
1,1724,p2,2445,basic-box-m,2446,lopunny-dudunsparce
1,1725,tie,2447,lucario-hariyama,2448,festival-lead
1,1726,p2,2449,other,2450,dragapult-dusknoir
1,1727,p1,2451,dragapult-ex,2452,other
1,1728,p2,2453,slowking-scr,2454,n-zoroark
1,1729,p1,2455,dragapult-ex,2456,crustle-dri
1,1730,p2,2457,mega-excadrill-ex,2458,slowking-scr
1,1731,p2,2459,basic-box-m,2460,basic-box-m
1,1732,p2,2461,ethan-typhlosion,2462,bronzong-tef
1,1733,tie,2463,toucannon-pbl,2464,lopunny-dudunsparce
1,1734,p1,2465,dragapult-ex,2466,cynthia-garchomp-ex
1,1735,p2,2467,rockets-honchkrow,2468,mega-venusaur-ex
1,1736,p2,2469,cynthia-garchomp-ex,2470,dhelmise-pbl
1,1737,tie,2471,sharpedo-toxtricity,2472,sharpedo-toxtricity
1,1738,p2,2473,dragapult-ex,2474,starmie-froslass
1,1739,p1,2475,n-zoroark,2476,mega-excadrill-ex
1,1740,p2,2477,mega-venusaur-ex,2478,dragapult-blaziken
1,1741,p2,2479,dragapult-blaziken,2480,lucario-hariyama
1,1742,p1,2481,alakazam-dudunsparce,2482,festival-lead
1,1743,p2,2483,n-zoroark,2484,n-zoroark
1,1744,p2,2485,basic-box-m,2486,n-zoroark
1,1745,p2,2487,crustle-dri,2488,mega-lucario-ex
1,1746,p1,2489,alakazam-dudunsparce,2490,dragapult-dusknoir
1,1747,p1,2491,dragapult-ex,2492,dragapult-dusknoir
1,1748,tie,2493,mega-excadrill-ex,2494,dragapult-ex
1,1749,tie,2495,dragapult-ex,2496,rockets-honchkrow
1,1750,p2,2497,ogerpon-meganium-hydrapple,2498,dragapult-ex
1,1751,tie,2499,alakazam-dudunsparce,2500,manectric-eelektrik
1,1752,p2,2501,sylveon-pre,2502,dragapult-ex
1,1753,p1,2503,rocket-mewtwo-ex,2504,mega-lucario-ex
1,1754,p2,2505,sharpedo-toxtricity,2506,sharpedo-toxtricity
1,1755,p2,2507,mega-excadrill-ex,2508,festival-lead
1,1756,p1,2509,dragapult-dusknoir,2510,rocket-mewtwo-ex
1,1757,p2,2511,festival-lead,2512,alakazam-dudunsparce
1,1758,p1,2513,slowking-scr,2514,ceruledge-ex
1,1759,tie,2515,beedrill-ex-cri,2516,dragapult-dusknoir
1,1760,p2,2517,mega-venusaur-ex,2518,alakazam-dudunsparce
1,1761,p1,2519,n-zoroark,2520,ogerpon-meganium-hydrapple
1,1762,p2,2521,lucario-hariyama,2522,dhelmise-pbl
1,1763,tie,2523,lopunny-dudunsparce,2524,slowking-scr
1,1764,tie,2525,lopunny-dusknoir,2526,dragapult-ex
1,1765,p2,2527,alakazam-dudunsparce,2528,dragapult-ex
1,1766,p1,2529,n-zoroark,2530,lopunny-dusknoir
1,1767,tie,2531,alakazam-dudunsparce,2532,dragapult-ex
1,1768,tie,2533,dragapult-ex,2534,n-zoroark
1,1769,p1,2535,dragapult-ex,2536,dragapult-ex
1,1770,p1,2537,slowking-scr,2538,dragapult-dusknoir
1,1771,p2,2539,alakazam-dudunsparce,2540,lucario-hariyama
1,1772,p1,2541,dhelmise-pbl,2542,crustle-dri
1,1773,p2,2543,dragapult-ex,2544,mega-greninja-ex
1,1774,tie,2545,dragapult-dusknoir,2546,n-zoroark
1,1775,tie,2547,dragapult-ex,2548,doublade-por
1,1776,p2,2549,dragapult-dudunsparce,2550,mega-excadrill-ex
1,1777,tie,2551,dragapult-blaziken,2552,dragapult-dusknoir
1,1778,p1,2553,festival-lead,2554,rocket-spidops
1,1779,p1,2555,dhelmise-pbl,2556,slowking-scr
1,1780,p1,2557,slowking-scr,2558,rockets-honchkrow
1,1781,p2,2559,yanmega-ex,2560,n-zoroark
1,1782,p2,2561,dragapult-blaziken,2562,n-zoroark
1,1783,p2,2563,alakazam-dusknoir,2564,n-zoroark
1,1784,p1,2565,n-zoroark,2566,basic-box-m
1,1785,p2,2567,basic-box-m,2568,mega-excadrill-ex
1,1786,p2,2569,dragapult-blaziken,2570,n-zoroark
1,1787,p1,2571,n-zoroark,2572,dragapult-blaziken
1,1788,p1,2573,n-zoroark,2574,lopunny-dudunsparce
1,1789,p1,2575,basic-box-m,2576,crustle-dri
1,1790,tie,2577,dragapult-dusknoir,2578,crustle-dri
1,1791,p1,2579,dragapult-blaziken,2580,raging-bolt-ogerpon
1,1792,p2,2581,?metagross,2582,alakazam-dudunsparce
1,1793,p1,2583,kangaskhan-bouffalant,2584,festival-lead
1,1794,p1,2585,rockets-honchkrow,2586,crustle-dri
1,1795,p2,2587,rockets-honchkrow,2588,grimmsnarl-froslass
1,1796,p1,2589,slowking-scr,2590,festival-lead
1,1797,p1,2591,ogerpon-meganium-hydrapple,2592,mega-excadrill-ex
1,1798,tie,2593,dragapult-ex,2594,mega-excadrill-ex
1,1799,p1,2595,dragapult-blaziken,2596,mega-excadrill-ex
1,1800,tie,2597,mega-chandelure-ex,2598,basic-box-m
1,1801,p2,2599,dragapult-ex,2600,crustle-dri
1,1802,p1,2601,dragapult-dusknoir,2602,mega-starmie-ex
1,1803,p2,2603,dragapult-ex,2604,slowking-scr
1,1804,p2,2605,mega-excadrill-ex,2606,alakazam-dudunsparce
1,1805,p2,2607,rocket-mewtwo-ex,2608,dragapult-blaziken
1,1806,tie,2609,festival-lead,2610,dragapult-dudunsparce
1,1807,p2,2611,dragapult-ex,2612,dragapult-dusknoir
1,1808,p2,2613,dragapult-ex,2614,dhelmise-pbl
1,1809,p2,2615,dragapult-blaziken,2616,alakazam-dudunsparce
1,1810,p2,2617,mega-absol-box,2618,mega-excadrill-ex
1,1811,tie,2619,mega-excadrill-ex,2620,grimmsnarl-froslass
1,1812,p1,2621,slowking-scr,2622,lucario-hariyama
1,1813,p1,2623,rockets-honchkrow,2624,lopunny-dudunsparce
1,1814,tie,2625,mega-excadrill-ex,2626,festival-lead
1,1815,p2,2627,?,2628,mega-excadrill-ex
1,1816,p1,2629,n-zoroark,2630,dhelmise-pbl
1,1817,p2,2631,hops-trevenant,2632,n-zoroark
1,1818,p1,2633,manectric-eelektrik,2634,mega-lucario-ex
1,1819,tie,2635,crustle-dri,2636,cynthia-garchomp-ex
1,1820,p2,2637,crustle-dri,2638,lucario-hariyama
1,1821,p1,2639,dragapult-ex,2640,lucario-hariyama
1,1822,tie,2641,rocket-mewtwo-ex,2642,dragapult-ex
1,1823,p1,2643,ogerpon-meganium-hydrapple,2644,mega-lucario-ex
1,1824,p2,2645,rocket-mewtwo-ex,2646,dhelmise-pbl
1,1825,tie,2647,dragapult-ex,2648,mega-excadrill-ex
1,1826,p1,2649,dragapult-dusknoir,2650,cynthia-garchomp-ex
1,1827,p1,2651,slowking-scr,2652,dhelmise-pbl
1,1828,p2,2653,ethan-typhlosion,2654,dragapult-dusknoir
1,1829,p1,2655,sharpedo-toxtricity,2656,alakazam-dudunsparce
1,1830,p1,2657,dragapult-blaziken,2658,dragapult-ex
1,1831,p1,2659,toxtricity-box,2660,dragapult-ex
1,1832,p1,2661,dragapult-ex,2662,lopunny-dudunsparce
1,1833,p1,2663,mega-excadrill-ex,2664,crustle-dri
1,1834,p2,2665,slowking-scr,2666,slowking-scr
1,1835,p1,2667,mega-lucario-ex,2668,dragapult-ex
1,1836,p2,2669,mega-excadrill-ex,2670,dragapult-ex
1,1837,p2,2671,slowking-scr,2672,n-zoroark
1,1838,p1,2673,sinistcha-ogerpon,2674,mega-excadrill-ex
1,1839,p1,2675,lucario-hariyama,2676,cinccino-ex
1,1840,p1,2677,n-zoroark,2678,ceruledge-ex
1,1841,p2,2679,rocket-mewtwo-ex,2680,festival-lead
1,1842,p2,2681,ceruledge-ex,2682,cynthia-garchomp-ex
1,1843,p2,2683,ogerpon-meganium-hydrapple,2684,toucannon-pbl
1,1844,p2,2685,dragapult-dusknoir,2686,ogerpon-meganium
1,1845,p2,2687,slowking-scr,2688,basic-box-m
1,1846,p1,2689,alakazam-dudunsparce,2690,dragapult-ex
1,1847,p2,2691,slowking-scr,2692,slowking-scr
1,1848,p1,2693,sinistcha-ogerpon,2694,dragapult-dusknoir
1,1849,tie,2695,alakazam-dudunsparce,2696,dragapult-dusknoir
1,1850,p2,2697,n-zoroark,2698,cynthia-garchomp-ex
1,1851,p2,2699,slowking-scr,2700,dhelmise-pbl
1,1852,p1,2701,rockets-honchkrow,2702,sharpedo-toxtricity
1,1853,p1,2703,slowking-scr,2704,dragapult-ex
1,1854,tie,2705,mega-lucario-ex,2706,dragapult-dusknoir
1,1855,tie,2707,dragapult-blaziken,2708,alakazam-dudunsparce
1,1856,p1,2709,dragapult-dusknoir,2710,crustle-dri
1,1857,p2,2711,slowking-scr,2712,n-zoroark
1,1858,p2,2713,cynthia-garchomp-ex,2714,beedrill-ex-cri
1,1859,p2,2715,dragapult-ex,2716,ogerpon-meganium-hydrapple
1,1860,p2,2717,dragapult-ex,2718,basic-box-m
1,1861,p2,2719,slowking-scr,2720,alakazam-dudunsparce
1,1862,p2,2721,alakazam-dudunsparce,2722,slowking-scr
1,1863,tie,2723,dragapult-ex,2724,n-zoroark
1,1864,p2,2725,dragapult-ex,2726,slowking-scr
1,1865,tie,2727,slowking-scr,2728,basic-box-m
1,1866,p1,2729,cynthia-garchomp-ex,2730,n-zoroark
1,1867,p2,2731,dragapult-dusknoir,2732,dragapult-ex
1,1868,p2,2733,cynthia-garchomp-ex,2734,beedrill-ex-cri
1,1869,p1,2735,dragapult-ex,2736,alakazam-dudunsparce
1,1870,p1,2737,dhelmise-pbl,2738,lopunny-dudunsparce
1,1871,p2,2739,mega-excadrill-ex,2740,festival-lead
1,1872,p1,2741,lucario-hariyama,2742,dragapult-dusknoir
1,1873,p2,2743,basic-box-m,2744,crustle-dri
1,1874,tie,2745,dragapult-ex,2746,festival-lead
1,1875,tie,2747,lucario-hariyama,2748,alakazam-dudunsparce
1,1876,p2,2749,n-zoroark,2750,basic-box-m
1,1877,p1,2751,greninja-ex,2752,basic-box-m
1,1878,tie,2753,diancie-dusknoir,2754,slowking-scr
1,1879,p2,2755,dragapult-ex,2756,alakazam-dusknoir
1,1880,p2,2757,dragapult-ex,2758,mega-excadrill-ex
1,1881,p1,2759,ogerpon-meganium-hydrapple,2760,dragapult-dusknoir
1,1882,p2,2761,festival-lead,2762,festival-lead
1,1883,p1,2763,mega-excadrill-ex,2764,alakazam-dudunsparce
1,1884,p2,2765,slowking-scr,2766,crustle-dri
1,1885,p1,2767,dragapult-ex,2768,alakazam-dudunsparce
1,1886,p2,2769,ogerpon-meganium-hydrapple,2770,dragapult-ex
1,1887,p1,2771,alakazam-dudunsparce,2772,dragapult-ex
1,1888,p2,2773,mega-greninja-ex,2774,alakazam-dudunsparce
1,1889,p2,2775,alakazam-dudunsparce,2776,dragapult-ex
1,1890,p1,2777,mega-excadrill-ex,2778,toucannon-pbl
1,1891,p2,2779,alakazam-dudunsparce,2780,n-zoroark
1,1892,p2,2781,n-zoroark,2782,crustle-dri
1,1893,tie,2783,basic-box-m,2784,dragapult-blaziken
1,1894,p1,2785,dragapult-ex,2786,ogerpon-meganium-hydrapple
1,1895,p1,2787,dragapult-ex,2788,alakazam-dudunsparce
1,1896,p1,2789,dragapult-ex,2790,n-zoroark
1,1897,tie,2791,dragapult-ex,2792,basic-box-m
1,1898,tie,2793,other,2794,mega-greninja-ex
1,1899,p1,2795,alakazam-dudunsparce,2796,n-zoroark
1,1900,p2,2797,dragapult-ex,2798,beedrill-ex-cri
1,1901,p1,2799,n-zoroark,2800,dragapult-ex
1,1902,tie,2801,lillie-clefairy,2802,ethan-typhlosion
1,1903,p1,2803,slowking-scr,2804,dragapult-ex
1,1904,tie,2805,n-zoroark,2806,cynthia-garchomp-ex
1,1905,p1,2807,rockets-honchkrow,2808,dragapult-dusknoir
1,1906,p1,2809,basic-box-m,2810,ceruledge-ex
1,1907,p2,2811,slowking-scr,2812,n-zoroark
1,1908,p2,2813,mega-excadrill-ex,2814,mega-excadrill-ex
1,1909,p1,2815,dragapult-ex,2816,rockets-honchkrow
1,1910,p2,2817,slowking-scr,2818,mega-excadrill-ex
1,1911,p1,2819,mega-greninja-ex,2820,festival-lead
1,1912,p1,2821,festival-lead,2822,grimmsnarl-froslass
1,1913,p2,2823,n-zoroark,2824,dragapult-dusknoir
1,1914,p2,2825,dhelmise-pbl,2826,dragapult-blaziken
1,1915,tie,2827,n-zoroark,2828,toucannon-pbl
1,1916,p2,2829,dragapult-ex,2830,slowking-scr
1,1917,p2,2831,dragapult-ex,2832,dragapult-ex
1,1918,p1,2833,basic-box-m,2834,basic-box-m
1,1919,p2,2835,basic-box-m,2836,mega-excadrill-ex
1,1920,p2,2837,dragapult-dusknoir,2838,n-zoroark
1,1921,p2,2839,starmie-froslass,2840,dragapult-blaziken
1,1922,p2,2841,dhelmise-pbl,2842,mega-excadrill-ex
1,1923,p1,2843,mega-chandelure-ex,2844,dragapult-blaziken
1,1924,tie,2845,n-zoroark,2846,slowking-scr
1,1925,p2,2847,lucario-hariyama,2848,slowking-scr
1,1926,tie,2849,dragapult-ex,2850,n-zoroark
1,1927,p1,2851,dragapult-ex,2852,slowking-scr
1,1928,p1,2853,n-zoroark,2854,dragapult-dusknoir
1,1929,p2,2855,mega-excadrill-ex,2856,sharpedo-toxtricity
1,1930,p2,2857,dragapult-ex,2858,slowking-scr
1,1931,p1,2859,dragapult-ex,2860,mega-excadrill-ex
1,1932,p2,2861,starmie-dusknoir,2862,mega-excadrill-ex
1,1933,tie,2863,greninja-ex,2864,dragapult-ex
1,1934,p1,2865,dragapult-dusknoir,2866,other
1,1935,p1,2867,lopunny-dudunsparce,2868,alakazam-dusknoir
1,1936,p2,2869,mega-excadrill-ex,2870,dragapult-dusknoir
1,1937,p2,2871,n-zoroark,2872,n-zoroark
1,1938,tie,2873,alakazam-dudunsparce,2874,mega-excadrill-ex
1,1939,tie,2875,dragapult-blaziken,2876,basic-box-m
1,1940,tie,2877,ogerpon-meganium-hydrapple,2878,dhelmise-pbl
1,1941,p1,2879,crustle-dri,2880,dhelmise-pbl
1,1942,p1,2881,slowking-scr,2882,dragapult-ex
1,1943,p2,2883,alakazam-dudunsparce,2884,n-zoroark
1,1944,tie,2885,alakazam-dudunsparce,2886,slowking-scr
1,1945,p2,2887,hops-trevenant,2888,dragapult-ex
1,1946,p2,2889,cynthia-garchomp-ex,2890,festival-lead
1,1947,p2,2891,dragapult-dusknoir,2892,grimmsnarl-froslass
1,1948,p2,2893,dragapult-dusknoir,2894,mega-excadrill-ex
1,1949,p2,2895,dhelmise-pbl,2896,dragapult-blaziken
1,1950,tie,2897,basic-box-m,2898,dragapult-dusknoir
1,1951,p1,2899,dragapult-ex,2900,sharpedo-toxtricity
1,1952,p2,2901,crustle-dri,2902,dragapult-dusknoir
1,1953,p2,2903,dragapult-dudunsparce,2904,dragapult-ex
1,1954,p2,2905,rockets-honchkrow,2906,grimmsnarl-froslass
1,1955,p1,2907,dragapult-blaziken,2908,sharpedo-toxtricity
1,1956,p2,2909,dragapult-ex,2910,raging-bolt-ogerpon
1,1957,p2,2911,dragapult-dusknoir,2912,lopunny-dusknoir
1,1958,p2,2913,seaking-pre,2914,dragapult-ex
1,1959,tie,2915,slowking-scr,2916,ethan-typhlosion
1,1960,p2,2917,n-zoroark,2918,dragapult-blaziken
1,1961,p1,2919,basic-box-m,2920,dragapult-ex
1,1962,p2,2921,dragapult-dusknoir,2922,rockets-honchkrow
1,1963,p2,2923,alakazam-dudunsparce,2924,n-zoroark
1,1964,p1,2925,basic-box-m,2926,mega-excadrill-ex
1,1965,tie,2927,lopunny-dudunsparce,2928,basic-box-m
1,1966,p1,2929,dragapult-ex,2930,grimmsnarl-froslass
1,1967,p2,2931,dragapult-ex,2932,mega-excadrill-ex
1,1968,p2,2933,ogerpon-meganium-hydrapple,2934,n-zoroark
1,1969,p2,2935,dhelmise-pbl,2936,beedrill-ex-cri
1,1970,tie,2937,alakazam-dudunsparce,2938,mega-greninja-ex
1,1971,p1,2939,dragapult-dusknoir,2940,sharpedo-toxtricity
1,1972,p2,2941,slowking-scr,2942,n-zoroark
1,1973,tie,2943,dragapult-blaziken,2944,dragapult-ex
1,1974,p1,2945,diancie-dusknoir,2946,lucario-hariyama
1,1975,p1,2947,n-zoroark,2948,basic-box-m
1,1976,p1,2949,mega-excadrill-ex,2950,n-zoroark
1,1977,p2,2951,mega-lucario-ex,2952,grimmsnarl-froslass
1,1978,p1,2953,cynthia-garchomp-ex,2954,lucario-hariyama
1,1979,tie,2955,alakazam-dudunsparce,2956,festival-lead
1,1980,p2,2957,slowking-scr,2958,basic-box-m
1,1981,p2,2959,n-zoroark,2960,kangaskhan-bouffalant
1,1982,p1,2961,slowking-scr,2962,dragapult-dusknoir
1,1983,p1,2963,mega-excadrill-ex,2964,basic-box-m
1,1984,p1,2965,mega-excadrill-ex,2966,dragapult-dusknoir
1,1985,p2,2967,dragapult-ex,2968,slowking-scr
1,1986,p2,2969,sharpedo-toxtricity,2970,ethan-typhlosion
1,1987,tie,2971,seaking-pre,2972,lucario-hariyama
1,1988,tie,2973,dragapult-dusknoir,2974,alakazam-dudunsparce
1,1989,tie,2975,festival-lead,2976,slowking-scr
1,1990,p1,2977,basic-box-m,2978,n-zoroark
1,1991,p2,2979,beedrill-ex-cri,2980,lucario-hariyama
1,1992,p2,2981,cynthia-garchomp-ex,2982,dhelmise-pbl
1,1993,p2,2983,mega-chandelure-ex,2984,alakazam-dudunsparce
1,1994,p1,2985,dragapult-ex,2986,raging-bolt-ogerpon
1,1995,p2,2987,alakazam-dusknoir,2988,dragapult-ex
1,1996,p1,2989,mega-dragonite-ex,2990,basic-box-m
1,1997,p2,2991,dragapult-dusknoir,2992,rockets-honchkrow
1,1998,p2,2993,slowking-scr,2994,mega-lucario-ex
1,1999,p2,2995,mega-starmie-ex,2996,starmie-froslass
1,2000,p1,2997,cynthia-garchomp-ex,2998,dragapult-ex
1,2001,p1,2999,dragapult-dusknoir,3000,ethan-typhlosion
1,2002,tie,3001,metagross-cri,3002,beedrill-ex-cri
1,2003,p2,3003,dragapult-dusknoir,3004,lopunny-dusknoir
1,2004,p1,3005,greninja-ex,3006,rocket-mewtwo-ex
1,2005,p1,3007,slowking-scr,3008,basic-box-m
1,2006,p1,3009,dragapult-ex,3010,dragapult-ex
1,2007,p1,3011,dragapult-ex,3012,alakazam-dudunsparce
1,2008,p2,3013,rockets-honchkrow,3014,dragapult-ex
1,2009,p2,3015,dragapult-ex,3016,dhelmise-pbl
1,2010,p1,3017,alakazam-dudunsparce,3018,beedrill-ex-cri
1,2011,tie,3019,dragapult-blaziken,3020,dragapult-dusknoir
1,2012,p2,3021,crustle-dri,3022,dragapult-ex
1,2013,p1,3023,dhelmise-pbl,3024,dhelmise-pbl
1,2014,p2,3025,dragapult-dusknoir,3026,dragapult-ex
1,2015,p1,3027,n-zoroark,3028,other
1,2016,tie,3029,dragapult-blaziken,3030,mega-chandelure-ex
1,2017,tie,3031,alakazam-dudunsparce,3032,dragapult-dusknoir
1,2018,p1,3033,basic-box-m,3034,mega-excadrill-ex
1,2019,p2,3035,n-zoroark,3036,dragapult-ex
1,2020,tie,3037,mega-excadrill-ex,3038,dragapult-dusknoir
1,2021,p2,3039,sharpedo-toxtricity,3040,dragapult-ex
1,2022,tie,3041,n-zoroark,3042,grimmsnarl-froslass
1,2023,p2,3043,slowking-scr,3044,grimmsnarl-froslass
1,2024,p2,3045,kangaskhan-bouffalant,3046,grimmsnarl-froslass
1,2025,p2,3047,dragapult-blaziken,3048,slowking-scr
1,2026,p1,3049,sharpedo-toxtricity,3050,lucario-hariyama
1,2027,p2,3051,dragapult-blaziken,3052,basic-box-m
1,2028,p2,3053,slowking-scr,3054,dragapult-ex
1,2029,tie,3055,n-zoroark,3056,dragapult-ex
1,2030,tie,3057,lopunny-dudunsparce,3058,crustle-dri
1,2031,tie,3059,slowking-scr,3060,dragapult-ex
1,2032,p1,3061,dhelmise-pbl,3062,rockets-honchkrow
1,2033,p1,3063,basic-box-m,3064,starmie-froslass
1,2034,tie,3065,dragapult-ex,3066,alakazam-dusknoir
1,2035,p2,3067,dragapult-ex,3068,dragapult-ex
1,2036,p2,3069,dragapult-dusknoir,3070,slowking-scr
1,2037,p2,3071,crustle-dri,3072,alakazam-dudunsparce
1,2038,p2,3073,mega-venusaur-ex,3074,lopunny-dusknoir
1,2039,p1,3075,slowking-scr,3076,alakazam-dudunsparce
1,2040,p2,3077,other,3078,rocket-mewtwo-ex
1,2041,p2,3079,dragapult-blaziken,3080,mega-venusaur-ex
1,2042,p2,3081,grimmsnarl-froslass,3082,dragapult-dusknoir
1,2043,p1,3083,dragapult-blaziken,3084,ogerpon-meganium-hydrapple
1,2044,p1,3085,alakazam-dudunsparce,3086,basic-box-m
1,2045,p2,3087,zygarde-barbaracle,3088,dragapult-ex
1,2046,tie,3089,n-zoroark,3090,dragapult-dusknoir
1,2047,p2,3091,dragapult-dusknoir,3092,rockets-honchkrow
1,2048,tie,3093,dragapult-ex,3094,alakazam-dudunsparce
1,2049,p2,3095,doublade-por,3096,crustle-dri
1,2050,p1,3097,basic-box-m,3098,rockets-honchkrow
1,2051,p1,3099,mega-absol-box,3100,sharpedo-toxtricity
1,2052,p2,3101,beedrill-ex-cri,3102,lopunny-dudunsparce
1,2053,p2,3103,dragapult-ex,3104,grimmsnarl-froslass
1,2054,p1,3105,dragapult-dusknoir,3106,alakazam-dudunsparce
1,2055,p2,3107,dragapult-ex,3108,mega-chandelure-ex
1,2056,p1,3109,dragapult-ex,3110,alakazam-dudunsparce
1,,bye,3111,dragapult-ex,,
1,,unpaired,3112,slowking-scr,,
1,,unpaired,3113,crustle-dri,,
1,,unpaired,3114,dragapult-dusknoir,,
1,,unpaired,3115,cinccino-ex,,
1,,unpaired,3116,festival-lead,,
1,,unpaired,3117,cynthia-garchomp-ex,,
1,,unpaired,3118,dragapult-ex,,
1,,unpaired,3119,mega-froslass-ex,,
1,,unpaired,3120,crustle-dri,,
1,,unpaired,3121,dragapult-ex,,
1,,unpaired,3122,dragapult-ex,,
2,501,p1,2314,dragapult-ex,1679,grimmsnarl-froslass
2,502,p2,2716,ogerpon-meganium-hydrapple,2826,dragapult-blaziken
2,503,p2,1858,dragapult-dusknoir,1926,mega-absol-box
2,504,p2,2832,dragapult-ex,1025,festival-lead
2,505,p2,2014,dragapult-dusknoir,0793,dragapult-ex
2,506,p1,0613,dragapult-dusknoir,2337,mega-excadrill-ex
2,507,p1,2489,alakazam-dudunsparce,1083,ogerpon-meganium-arboliva
2,508,p1,1553,crustle-dri,0762,raging-bolt-ogerpon
2,509,p2,2984,alakazam-dudunsparce,1077,alakazam-dusknoir
2,510,p1,0486,dragapult-ex,1482,other
2,511,p2,0240,seaking-pre,1898,dhelmise-pbl
2,512,p2,1160,festival-lead,1834,dragapult-ex
2,513,tie,0582,dragapult-ex,2365,dhelmise-pbl
2,514,p2,2134,mega-chandelure-ex,0511,n-zoroark
2,515,p1,0831,dragapult-ex,0915,slowking-scr
2,516,p1,2807,rockets-honchkrow,0954,mega-excadrill-ex
2,517,p1,2654,dragapult-dusknoir,0340,palafin-ex
2,518,tie,2912,lopunny-dusknoir,0411,basic-box-m
2,519,p2,0165,basic-box-m,2573,n-zoroark
2,520,tie,0137,dragapult-ex,2202,dragapult-dusknoir
2,521,p2,2994,mega-lucario-ex,2004,slowking-scr
2,522,p2,1502,crustle-dri,1331,n-zoroark
2,523,p2,2382,dragapult-blaziken,1271,dragapult-dusknoir
2,524,p2,2080,basic-box-m,1579,mega-starmie-ex
2,525,p2,1391,slowking-scr,2672,n-zoroark
2,526,p1,1019,dragapult-ex,0378,lucario-hariyama
2,527,p1,0791,ogerpon-meganium-hydrapple,0599,dragapult-ex
2,528,tie,1237,clefairy-ogerpon,1633,rockets-honchkrow
2,529,p2,1594,dragapult-ex,1688,mega-excadrill-ex
2,530,p2,0471,seaking-pre,1588,dragapult-ex
2,531,p2,2999,dragapult-dusknoir,1995,alakazam-dudunsparce
2,532,p2,2151,dragapult-ex,1948,mega-excadrill-ex
2,533,p1,2703,slowking-scr,1541,n-zoroark
2,534,p2,0868,dragapult-ex,0158,lucario-hariyama
2,535,tie,1875,ogerpon-meganium-hydrapple,0622,dragapult-blaziken
2,536,p2,2673,sinistcha-ogerpon,2557,slowking-scr
2,537,p2,0751,alakazam-dudunsparce,1005,alakazam-dudunsparce
2,538,p1,0136,dragapult-ex,0383,slowking-scr
2,539,p2,0012,dragapult-ex,2245,dragapult-blaziken
2,540,p2,2638,lucario-hariyama,2138,n-zoroark
2,541,p2,2124,lucario-hariyama,2434,dragapult-ex
2,542,p1,0374,crustle-dri,1954,dragapult-ex
2,543,p1,0620,rockets-honchkrow,0635,basic-box-m
2,544,p1,2053,other,1778,basic-box-m
2,545,p2,1808,dhelmise-pbl,0099,n-zoroark
2,546,p1,1023,dragapult-blaziken,1813,ogerpon-meganium-hydrapple
2,547,p1,1918,alakazam-dudunsparce,2919,basic-box-m
2,548,p2,1524,crustle-dri,2862,mega-excadrill-ex
2,549,p2,1377,rockets-honchkrow,3026,dragapult-ex
2,550,tie,0917,hops-trevenant,2108,dragapult-dusknoir
2,551,p1,2195,dragapult-dusknoir,1439,ethan-typhlosion
2,552,p1,0923,dragapult-dusknoir,2960,kangaskhan-bouffalant
2,553,tie,1734,dragapult-ex,0957,sharpedo-toxtricity
2,554,p2,0225,rockets-honchkrow,2437,dragapult-blaziken
2,555,p2,2427,dragapult-ex,0596,dragapult-dusknoir
2,556,tie,1138,mega-excadrill-ex,0112,dragapult-dusknoir
2,557,tie,2487,crustle-dri,0113,starmie-froslass
2,558,tie,2709,dragapult-dusknoir,0116,alakazam-dudunsparce
2,559,p1,0380,dragapult-ex,0117,kangaskhan-bouffalant
2,560,p2,0119,ogerpon-meganium-hydrapple,1358,ceruledge-ex
2,561,p1,0298,n-zoroark,0122,grimmsnarl-froslass
2,562,p2,2075,slowking-scr,0123,dragapult-ex
2,563,p1,0204,n-zoroark,0126,lopunny-dusknoir
2,564,p1,0128,dragapult-ex,1242,mega-chandelure-ex
2,565,p1,0130,dragapult-ex,2033,basic-box-m
2,566,p2,1581,dragapult-dusknoir,1390,lucario-hariyama
2,567,p2,0359,basic-box-m,0134,alakazam-dudunsparce
2,568,p2,2047,dhelmise-pbl,0618,n-zoroark
2,569,p2,2503,rocket-mewtwo-ex,2199,dragapult-ex
2,570,p1,0249,basic-box-m,1909,lillie-clefairy
2,571,p1,1946,dragapult-ex,1422,dragapult-blaziken
2,572,p2,0537,cynthia-garchomp-ex,2540,lucario-hariyama
2,573,p2,0404,dragapult-ex,2346,slowking-scr
2,574,p2,1373,cinccino-ex,0676,alakazam-dudunsparce
2,575,p2,0534,dragapult-dusknoir,1772,dragapult-ex
2,576,p2,2182,alakazam-dudunsparce,0150,dragapult-dusknoir
2,577,p1,0715,dragapult-ex,1441,azumarill-ssp
2,578,p1,0371,dragapult-dusknoir,2104,dragapult-ex
2,579,tie,2415,dragapult-ex,0153,dragapult-ex
2,580,p2,0337,ogerpon-meganium-hydrapple,1975,alakazam-dudunsparce
2,581,p2,2251,sharpedo-toxtricity,2821,festival-lead
2,582,p2,2888,dragapult-ex,1037,dragapult-blaziken
2,583,p2,1919,mega-excadrill-ex,1979,dragapult-ex
2,584,p2,1226,dragapult-dusknoir,1198,mega-excadrill-ex
2,585,p1,0500,basic-box-m,2677,n-zoroark
2,586,p1,1149,basic-box-m,0728,ogerpon-meganium-hydrapple
2,587,p1,0514,dragapult-ex,1433,lucario-hariyama
2,588,p1,0368,basic-box-m,1437,dragapult-blaziken
2,589,p1,2819,mega-greninja-ex,1800,mega-manectric-ex-meg
2,590,p2,2127,basic-box-m,1767,dhelmise-pbl
2,591,p1,1494,slowking-scr,0875,basic-box-m
2,592,p1,0061,ceruledge-ex,0456,dragapult-dusknoir
2,593,p2,2318,dragapult-ex,1798,dragapult-ex
2,594,tie,1499,dragapult-ex,1689,basic-box-m
2,595,p1,0604,dragapult-blaziken,3061,dhelmise-pbl
2,596,p1,2601,dragapult-dusknoir,3014,dragapult-ex
2,597,p1,1891,dragapult-blaziken,0254,n-zoroark
2,598,p1,2299,crustle-dri,3082,dragapult-dusknoir
2,599,p2,0849,sharpedo-toxtricity,1896,dragapult-dusknoir
2,600,p2,2272,dragapult-ex,2262,crustle-dri
2,601,p1,1222,mega-excadrill-ex,2945,diancie-dusknoir
2,602,p2,1967,dragapult-ex,1036,ogerpon-meganium-hydrapple
2,603,p1,1673,dragapult-dusknoir,0769,alakazam-dudunsparce
2,604,p1,0208,iono-bellibolt,0460,crustle-dri
2,605,p1,0209,dragapult-blaziken,1903,dragapult-ex
2,606,p2,2055,palafin-ex,2884,n-zoroark
2,607,p1,0855,rockets-honchkrow,1610,slowking-scr
2,608,p1,2242,alakazam-dusknoir,2591,ogerpon-meganium-hydrapple
2,609,p2,2555,dhelmise-pbl,2439,dragapult-dusknoir
2,610,p2,1811,n-zoroark,0004,beedrill-ex-cri
2,611,p2,2436,dragapult-dusknoir,2795,alakazam-dudunsparce
2,612,p2,0660,alakazam-dudunsparce,0773,dragapult-ex
2,613,p1,2429,dragapult-ex,2892,grimmsnarl-froslass
2,614,tie,0830,ogerpon-meganium-hydrapple,2726,slowking-scr
2,615,p2,2899,dragapult-ex,1783,dragapult-blaziken
2,616,p2,1741,alakazam-dusknoir,0489,dragapult-blaziken
2,617,p2,2675,lucario-hariyama,1302,mega-excadrill-ex
2,618,p2,2643,ogerpon-meganium-hydrapple,0087,dragapult-ex
2,619,p2,0228,basic-box-m,2670,dragapult-ex
2,620,p1,1270,mega-excadrill-ex,0090,n-zoroark
2,621,p2,1726,dhelmise-pbl,2444,dragapult-ex
2,622,tie,2309,rocket-mewtwo-ex,0178,dragapult-ex
2,623,p2,1526,lucario-hariyama,0821,slowking-scr
2,624,p1,2980,lucario-hariyama,2970,ethan-typhlosion
2,625,p1,1184,dragapult-ex,0026,slowking-scr
2,626,p2,0913,lucario-hariyama,0496,dragapult-dusknoir
2,627,tie,3048,slowking-scr,3033,basic-box-m
2,628,p2,0926,seaking-pre,0995,slowking-scr
2,629,p1,1567,dragapult-ex,0005,slowking-scr
2,630,p2,1928,dragapult-ex,1628,n-zoroark
2,631,p2,1181,n-zoroark,1472,slowking-scr
2,632,p2,1889,dragapult-dusknoir,0700,lopunny-dusknoir
2,633,p2,0133,n-zoroark,1746,crustle-dri
2,634,p2,1284,mega-venusaur-ex,0321,alakazam-dudunsparce
2,635,p1,0282,mega-excadrill-ex,1770,n-zoroark
2,636,p1,0921,slowking-scr,2568,mega-excadrill-ex
2,637,p1,1444,dragapult-ex,0184,n-zoroark
2,638,p2,2126,dragapult-blaziken,2146,dragapult-ex
2,639,p2,2907,dragapult-blaziken,2009,dragapult-ex
2,640,p2,2088,n-zoroark,1404,n-zoroark
2,641,p1,2902,dragapult-dusknoir,1753,mega-excadrill-ex
2,642,p2,1763,dragapult-blaziken,2335,festival-lead
2,643,p2,0283,dragapult-ex,2600,crustle-dri
2,644,p2,1878,rocket-spidops,1193,dragapult-ex
2,645,p2,0462,crustle-dri,0984,festival-lead
2,646,p1,2684,toucannon-pbl,1906,basic-box-m
2,647,p2,0948,n-zoroark,2528,dragapult-ex
2,648,p1,0202,crustle-dri,0986,dragapult-ex
2,649,p1,3009,dragapult-ex,1126,grimmsnarl-froslass
2,650,p2,2179,rocket-spidops,2666,slowking-scr
2,651,p2,0446,dragapult-ex,3111,dragapult-ex
2,652,p1,1852,dhelmise-pbl,0303,beedrill-ex-cri
2,653,p1,2285,dragapult-ex,0305,mega-greninja-ex
2,654,p2,2406,dragapult-ex,1314,dragapult-ex
2,655,p1,1411,n-zoroark,2388,lopunny-dudunsparce
2,656,tie,1570,dhelmise-pbl,0118,dragapult-ex
2,657,p1,1766,basic-box-m,2006,basic-box-m
2,658,p1,1147,dhelmise-pbl,1549,mega-lucario-ex
2,659,p1,2744,crustle-dri,0400,alakazam-dudunsparce
2,660,p2,0275,dragapult-ex,3096,crustle-dri
2,661,tie,2564,n-zoroark,0884,dragapult-ex
2,662,p2,0388,dragapult-blaziken,0402,crustle-dri
2,663,p1,1368,dragapult-ex,0493,mega-excadrill-ex
2,664,p2,2498,dragapult-ex,2659,toxtricity-box
2,665,p1,1413,n-zoroark,1383,dragapult-ex
2,666,p2,1473,alakazam-dudunsparce,2780,n-zoroark
2,667,p1,0695,dragapult-ex,1522,basic-box-m
2,668,p1,0055,n-zoroark,2468,mega-venusaur-ex
2,669,p1,1040,dragapult-ex,2506,sharpedo-toxtricity
2,670,p2,2018,n-zoroark,0909,alakazam-dudunsparce
2,671,p1,2100,dragapult-ex,2264,basic-box-m
2,672,p2,2621,slowking-scr,3097,basic-box-m
2,673,p1,1586,slowking-scr,0369,slowking-scr
2,674,tie,1972,alakazam-dudunsparce,1017,mega-excadrill-ex
2,675,p1,0114,basic-box-m,0998,dragapult-blaziken
2,676,p1,2853,n-zoroark,1451,n-zoroark
2,677,tie,1453,rockets-honchkrow,0535,crustle-dri
2,678,p1,2302,dragapult-ex,0277,basic-box-m
2,679,p2,2002,ogerpon-meganium-hydrapple,1758,lucario-hariyama
2,680,tie,1755,n-zoroark,0318,slowking-scr
2,681,p2,1344,festival-lead,1397,raging-bolt-ogerpon
2,682,p2,2042,tera-box,1484,mega-excadrill-ex
2,683,p2,1163,crustle-dri,2274,lucario-hariyama
2,684,p2,0569,basic-box-m,2858,slowking-scr
2,685,p2,0350,mega-chandelure-ex,1393,dragapult-ex
2,686,p2,2735,dragapult-ex,2320,alakazam-dudunsparce
2,687,tie,1700,n-zoroark,2409,slowking-scr
2,688,p2,1563,dragapult-ex,1991,sharpedo-toxtricity
2,689,tie,1565,mega-chandelure-ex,0974,seaking-pre
2,690,p1,2693,sinistcha-ogerpon,1165,slowking-scr
2,691,p1,0013,dragapult-ex,0544,raging-bolt-ogerpon
2,692,p2,1144,alakazam-dudunsparce,1209,raging-bolt-ogerpon
2,693,p2,2342,slowking-scr,0733,basic-box-m
2,694,p2,0907,dragapult-dusknoir,2394,festival-lead
2,695,p2,0740,dragapult-blaziken,0449,n-zoroark
2,696,p1,1322,slowking-scr,1133,dragapult-ex
2,697,p2,0900,festival-lead,2509,dragapult-dusknoir
2,698,p1,1662,dragapult-dudunsparce,0212,dragapult-dusknoir
2,699,p1,1400,dragapult-dusknoir,0631,dragapult-ex
2,700,p2,2305,basic-box-m,0220,slowking-scr
2,701,p2,1548,grimmsnarl-froslass,2484,n-zoroark
2,702,p2,0704,dragapult-ex,0248,basic-box-m
2,703,tie,0429,n-zoroark,2712,n-zoroark
2,704,tie,1775,rockets-honchkrow,0198,dragapult-dusknoir
2,705,p1,0556,festival-lead,1670,mega-manectric-ex-meg
2,706,p1,0168,dragapult-ex,2953,cynthia-garchomp-ex
2,707,p2,1380,dhelmise-pbl,1405,sharpedo-toxtricity
2,708,p2,2870,dragapult-dusknoir,0781,slowking-scr
2,709,tie,1418,mega-excadrill-ex,2698,cynthia-garchomp-ex
2,710,p2,1124,dragapult-blaziken,1740,slowking-scr
2,711,p1,0610,dragapult-ex,1297,dragapult-ex
2,712,p2,1102,mega-excadrill-ex,0105,slowking-scr
2,713,p2,0267,dudunsparce-control,0435,dragapult-ex
2,714,p2,2069,rockets-honchkrow,1509,cynthia-garchomp-ex
2,715,p2,2734,beedrill-ex-cri,2260,dragapult-ex
2,716,p1,2362,alakazam-dusknoir,1830,ogerpon-meganium-hydrapple
2,717,p2,1675,mega-lucario-ex,3036,dragapult-ex
2,718,p1,0633,slowking-scr,1115,beedrill-ex-cri
2,719,p1,2231,basic-box-m,3108,mega-chandelure-ex
2,720,tie,0083,dragapult-ex,0467,mega-excadrill-ex
2,721,p1,1109,dragapult-ex,0176,starmie-dusknoir
2,722,p2,0344,raging-bolt-ogerpon,1196,mega-excadrill-ex
2,723,p1,3017,alakazam-dudunsparce,1721,lucario-hariyama
2,724,p1,0890,dragapult-ex,2423,alakazam-dudunsparce
2,725,tie,0081,rockets-honchkrow,1224,lopunny-dusknoir
2,726,p1,1724,dragapult-ex,2814,mega-excadrill-ex
2,727,tie,2997,cynthia-garchomp-ex,1970,dragapult-ex
2,728,p1,2830,slowking-scr,0040,dragapult-ex
2,729,tie,1735,sharpedo-toxtricity,2799,n-zoroark
2,730,tie,2163,n-zoroark,1512,basic-box-m
2,731,tie,2419,ogerpon-meganium-hydrapple,0067,basic-box-m
2,732,p1,1978,dragapult-ex,2446,lopunny-dudunsparce
2,733,p1,2040,ogerpon-meganium-arboliva,1716,n-zoroark
2,734,p1,1705,grimmsnarl-froslass,2113,crustle-dri
2,735,p2,2529,n-zoroark,1290,lucario-hariyama
2,736,p2,2462,bronzong-tef,1874,dragapult-ex
2,737,p1,2751,greninja-ex,2465,dragapult-ex
2,738,p2,1636,dragapult-ex,1155,alakazam-dudunsparce
2,739,p2,1118,mega-lucario-ex,2982,dhelmise-pbl
2,740,p1,1239,ogerpon-meganium-hydrapple,0032,alakazam-dusknoir
2,741,p1,0579,dhelmise-pbl,0759,dragapult-dusknoir
2,742,tie,0525,crustle-dri,3104,grimmsnarl-froslass
2,743,p2,0640,dragapult-dudunsparce,1863,dragapult-ex
2,744,p2,2588,grimmsnarl-froslass,2432,mega-excadrill-ex
2,745,p1,1932,dragapult-dusknoir,2192,dragapult-ex
2,746,p2,1212,crustle-dri,1179,dragapult-dusknoir
2,747,p2,1450,slowking-scr,0966,dragapult-ex
2,748,p1,0979,dragapult-blaziken,2303,rocket-mewtwo-ex
2,749,p1,1122,basic-box-m,3054,dragapult-ex
2,750,p1,0602,dragapult-ex,1234,basic-box-m
2,751,p1,0375,dragapult-ex,0263,alakazam-dudunsparce
2,752,p1,0787,dragapult-ex,1884,mega-lucario-ex
2,753,p1,0508,n-zoroark,2612,dragapult-dusknoir
2,754,p1,1534,marnie-grimmsnarl-ex,2918,dragapult-blaziken
2,755,p1,0385,dragapult-ex,2992,rockets-honchkrow
2,756,p2,1278,rockets-honchkrow,2767,dragapult-ex
2,757,p2,0259,dragapult-ex,2102,mega-excadrill-ex
2,758,p2,0531,dragapult-ex,0143,basic-box-m
2,759,p2,2458,slowking-scr,1838,n-zoroark
2,760,p1,3044,grimmsnarl-froslass,0928,dhelmise-pbl
2,761,p1,0981,clefairy-ogerpon,2701,rockets-honchkrow
2,762,p1,2614,dhelmise-pbl,2628,mega-excadrill-ex
2,763,tie,0160,n-zoroark,1643,dragapult-dusknoir
2,764,p1,0864,festival-lead,0877,festival-lead
2,765,p1,2060,festival-lead,2086,rockets-honchkrow
2,766,p2,2575,basic-box-m,0071,rockets-honchkrow
2,767,p2,1655,dragapult-blaziken,0932,dragapult-dusknoir
2,768,p2,1087,dragapult-dusknoir,1498,festival-lead
2,769,tie,1350,n-zoroark,0382,slowking-scr
2,770,p1,1354,crustle-dri,0706,dragapult-blaziken
2,771,p1,1614,dragapult-blaziken,2321,beedrill-ex-cri
2,772,p1,0902,alakazam-dusknoir,0647,dragapult-ex
2,773,p2,1235,lopunny-dudunsparce,0271,dragapult-ex
2,774,p1,0289,crustle-dri,1803,dragapult-ex
2,775,p1,2233,n-zoroark,0075,mega-venusaur-ex
2,776,p2,1600,greninja-ex,0744,lillie-clefairy
2,777,tie,1336,dragapult-ex,2879,crustle-dri
2,778,p1,1902,n-zoroark,1625,dragapult-blaziken
2,779,p2,1205,crustle-dri,1324,dragapult-ex
2,780,tie,2833,basic-box-m,1004,dragapult-froslass
2,781,tie,0833,sharpedo-toxtricity,1093,dragapult-ex
2,782,p1,1908,n-zoroark,1052,n-zoroark
2,783,tie,0261,ogerpon-meganium-arboliva,0763,slowking-scr
2,784,tie,1346,dragapult-ex,1871,mega-excadrill-ex
2,785,tie,0656,dragapult-blaziken,1562,crustle-dri
2,786,p1,2958,basic-box-m,0874,mega-greninja-ex
2,787,p1,0451,dragapult-blaziken,1854,kangaskhan-bouffalant
2,788,p1,0565,lucario-hariyama,0179,dragapult-blaziken
2,789,p2,1682,basic-box-m,1495,alakazam-dudunsparce
2,790,tie,1131,rocket-mewtwo-ex,1308,dragapult-ex
2,791,p1,3078,rocket-mewtwo-ex,0484,ogerpon-meganium-hydrapple
2,792,p2,0886,mega-lucario-ex,2331,dragapult-ex
2,793,p2,2350,lillie-clefairy,1055,dragapult-ex
2,794,p1,2378,n-zoroark,0079,slowking-scr
2,795,p1,2280,seaking-pre,1810,crustle-dri
2,796,p2,1262,dhelmise-pbl,2692,slowking-scr
2,797,p2,2344,dragapult-ex,0057,dragapult-ex
2,798,p2,0311,starmie-froslass,1555,dragapult-blaziken
2,799,p2,0690,flareon-noctowl,2187,lucario-hariyama
2,800,tie,0963,dragapult-ex,1640,slowking-scr
2,801,p1,0488,basic-box-m,2334,dragapult-ex
2,802,p1,1708,greninja-ex,0671,crustle-dri
2,803,p1,2963,mega-excadrill-ex,0107,dragapult-dusknoir
2,804,p1,0300,dragapult-ex,2562,n-zoroark
2,805,p2,1381,slowking-scr,2856,sharpedo-toxtricity
2,806,p1,1248,slowking-scr,2729,cynthia-garchomp-ex
2,807,p1,1066,basic-box-m,2632,n-zoroark
2,808,p1,2161,mega-chandelure-ex,1950,dragapult-ex
2,809,p2,2840,dragapult-blaziken,1749,lucario-hariyama
2,810,p1,0469,raging-bolt-ogerpon,0892,sharpedo-toxtricity
2,811,p1,2968,slowking-scr,2824,dragapult-dusknoir
2,812,p2,2037,dragapult-dusknoir,1016,dragapult-dudunsparce
2,813,p1,2682,cynthia-garchomp-ex,1395,mega-lucario-ex
2,814,tie,2689,alakazam-dudunsparce,0334,festival-lead
2,815,p1,2522,dhelmise-pbl,2298,lucario-hariyama
2,816,p2,0008,alakazam-dudunsparce,2518,alakazam-dudunsparce
2,817,p1,1339,dragapult-ex,1250,dragapult-ex
2,818,p1,2936,beedrill-ex-cri,1357,slowking-scr
2,819,p2,2700,dhelmise-pbl,1751,mega-excadrill-ex
2,820,p2,1014,alakazam-dudunsparce,2131,dragapult-ex
2,821,p1,2156,dragapult-ex,0999,dragapult-ex
2,822,p2,2741,lucario-hariyama,0587,ogerpon-meganium-hydrapple
2,823,p1,0665,dragapult-ex,2050,ogerpon-meganium-hydrapple
2,824,p2,0046,dragapult-blaziken,2198,dragapult-ex
2,825,p2,1338,kangaskhan-bouffalant,1704,basic-box-m
2,826,p2,0846,dragapult-dusknoir,1325,dragapult-ex
2,827,p2,0797,dragapult-ex,2230,seaking-pre
2,828,tie,0861,dragapult-blaziken,1678,dragapult-blaziken
2,829,p1,1702,dhelmise-pbl,1621,other
2,830,p1,0464,dragapult-ex,0028,dragapult-ex
2,831,p2,0732,dhelmise-pbl,0423,n-zoroark
2,832,p2,2312,dragapult-dusknoir,0939,ogerpon-meganium-arboliva
2,833,p1,2291,dragapult-blaziken,0814,dragapult-ex
2,834,p1,2450,dragapult-dusknoir,0720,mega-lucario-ex
2,835,p2,0140,mega-starmie-ex,1293,dhelmise-pbl
2,836,p1,1251,sharpedo-toxtricity,3068,dragapult-ex
2,837,tie,2183,mega-excadrill-ex,0174,lucario-hariyama
2,838,p1,0824,starmie-dusknoir,0342,ogerpon-meganium-hydrapple
2,839,p1,2688,basic-box-m,0649,lucario-hariyama
2,840,p1,1046,alakazam-dusknoir,1365,dragapult-ex
2,841,p2,2740,festival-lead,0096,n-zoroark
2,842,p2,0379,mega-excadrill-ex,0270,dragapult-dusknoir
2,843,tie,0723,cynthia-garchomp-ex,1862,dragapult-ex
2,844,p2,2208,basic-box-m,2842,mega-excadrill-ex
2,845,p2,0806,lucario-hariyama,0670,dragapult-ex
2,846,p2,1961,dragapult-blaziken,2633,manectric-eelektrik
2,847,p1,0328,rockets-honchkrow,1940,alakazam-dusknoir
2,848,p1,2623,rockets-honchkrow,2217,lucario-hariyama
2,849,p2,1208,slowking-scr,2455,dragapult-ex
2,850,p1,0894,dragapult-blaziken,0827,dragapult-dusknoir
2,851,p1,1709,dragapult-dusknoir,0406,basic-box-m
2,852,p1,2737,dhelmise-pbl,1824,alakazam-dudunsparce
2,853,p1,1527,alakazam-dudunsparce,1880,alakazam-dudunsparce
2,854,p2,0857,dragapult-blaziken,0938,n-zoroark
2,855,p2,0879,other,2475,n-zoroark
2,856,p1,2977,basic-box-m,1641,basic-box-m
2,857,p1,0360,crustle-dri,0098,dragapult-ex
2,858,p1,1419,dragapult-dusknoir,0475,basic-box-m
2,859,p2,2089,mega-excadrill-ex,1603,lopunny-dusknoir
2,860,p1,2442,dragapult-ex,1666,dragapult-ex
2,861,p2,0988,dragapult-ex,0778,ogerpon-meganium-hydrapple
2,862,p1,0554,rocket-mewtwo-ex,2519,n-zoroark
2,863,p1,2253,crustle-dri,1204,crustle-dri
2,864,p2,0663,dragapult-ex,0521,raging-bolt-ogerpon
2,865,tie,2774,alakazam-dudunsparce,1649,dragapult-ex
2,866,p1,2413,crustle-dri,1596,crustle-dri
2,867,p1,2116,basic-box-m,0478,n-zoroark
2,868,p2,0252,lopunny-dusknoir,1448,dragapult-dusknoir
2,869,p1,0336,dragapult-dusknoir,2777,mega-excadrill-ex
2,870,p2,2073,alolan-exeggutor-ex,2293,dragapult-ex
2,871,p2,2032,dragapult-ex,2639,dragapult-ex
2,872,tie,0844,ogerpon-meganium-hydrapple,1199,alakazam-dudunsparce
2,873,p1,1839,n-zoroark,0047,dragapult-dudunsparce
2,874,p2,0152,sharpedo-toxtricity,0523,alakazam-dusknoir
2,875,p1,0131,dhelmise-pbl,1868,ethan-typhlosion
2,876,p1,0366,sharpedo-toxtricity,2243,dragapult-ex
2,877,p1,3046,grimmsnarl-froslass,2686,ogerpon-meganium
2,878,p1,2412,starmie-dusknoir,2544,mega-greninja-ex
2,879,tie,0860,dragapult-blaziken,0291,crustle-dri
2,880,tie,2084,alakazam-dudunsparce,1139,festival-lead
2,881,p2,1987,dragapult-ex,1456,slowking-scr
2,882,p2,1192,basic-box-m,0408,dragapult-ex
2,883,p1,0070,basic-box-m,2663,mega-excadrill-ex
2,884,p1,1478,dragapult-dusknoir,1320,basic-box-m
2,885,p2,0110,dragapult-blaziken,2370,dragapult-ex
2,886,p1,1152,crustle-dri,3105,dragapult-dusknoir
2,887,tie,1694,cynthia-garchomp-ex,1188,dragapult-ex
2,888,p1,1153,dragapult-blaziken,2585,rockets-honchkrow
2,889,p1,1720,festival-lead,0023,raging-bolt-ogerpon
2,890,tie,2776,dragapult-ex,1590,lopunny-dudunsparce
2,891,p1,1597,dragapult-ex,1815,rockets-honchkrow
2,892,p1,0017,dragapult-ex,3063,basic-box-m
2,893,p1,1169,dragapult-ex,2308,dhelmise-pbl
2,894,p1,2216,basic-box-m,1053,n-zoroark
2,895,p1,1518,festival-lead,0245,dragapult-ex
2,896,p1,0562,basic-box-m,2502,dragapult-ex
2,897,p2,1034,dragapult-ex,0812,slowking-scr
2,898,p1,0836,dragapult-ex,2929,dragapult-ex
2,899,p1,0050,mega-excadrill-ex,1167,dragapult-ex
2,900,p1,2657,dragapult-blaziken,0214,crustle-dri
2,901,p1,0945,dragapult-ex,0637,lucario-hariyama
2,902,p2,0224,dragapult-ex,1334,ceruledge-ex
2,903,tie,1984,cynthia-garchomp-ex,0033,dragapult-ex
2,904,p2,1229,dragapult-blaziken,0142,dragapult-ex
2,905,p2,2512,alakazam-dudunsparce,2063,slowking-scr
2,906,p2,0324,n-zoroark,1282,n-zoroark
2,907,p2,2537,slowking-scr,3080,mega-venusaur-ex
2,908,p2,1369,lucario-hariyama,2910,raging-bolt-ogerpon
2,909,p2,2403,dragapult-blaziken,2513,slowking-scr
2,910,p1,2872,n-zoroark,0607,rockets-honchkrow
2,911,p2,2714,beedrill-ex-cri,1091,dragapult-ex
2,912,p1,3004,lopunny-dusknoir,1821,n-zoroark
2,913,p2,0646,basic-box-m,0977,n-zoroark
2,914,p1,2170,dragapult-blaziken,1158,n-zoroark
2,915,p2,1274,alakazam-dudunsparce,0541,dragapult-dusknoir
2,916,p1,0447,dragapult-ex,2508,festival-lead
2,917,p1,2560,n-zoroark,0389,dragapult-dusknoir
2,918,p1,0626,dragapult-blaziken,0756,dhelmise-pbl
2,919,p2,1881,n-zoroark,1032,mega-lucario-ex
2,920,tie,1759,dragapult-ex,2488,mega-lucario-ex
2,921,p1,2759,ogerpon-meganium-hydrapple,1216,dragapult-dusknoir
2,922,tie,1111,dragapult-ex,3011,dragapult-ex
2,923,p1,1254,alakazam-dudunsparce,0356,dhelmise-pbl
2,924,p2,2924,n-zoroark,0644,lopunny-dusknoir
2,925,p1,3102,lopunny-dudunsparce,0320,crustle-dri
2,926,p1,2283,mega-lucario-ex,0316,dragapult-ex
2,927,p1,2651,slowking-scr,2470,dhelmise-pbl
2,928,p1,1519,dragapult-blaziken,2026,dragapult-dusknoir
2,929,tie,2932,mega-excadrill-ex,0583,mega-excadrill-ex
2,930,p1,2363,festival-lead,0721,mega-chandelure-ex
2,931,p1,0001,dragapult-dusknoir,2867,lopunny-dudunsparce
2,932,tie,2881,slowking-scr,1010,rocket-mewtwo-ex
2,933,tie,0409,dragapult-ex,1819,dragapult-ex
2,934,p1,0063,lucario-hariyama,1068,alakazam-dusknoir
2,935,p2,2214,basic-box-m,2722,slowking-scr
2,936,p2,1360,dragapult-ex,0872,alakazam-dusknoir
2,937,p1,0420,dragapult-dusknoir,1232,dhelmise-pbl
2,938,p1,1218,dragapult-ex,2353,dragapult-ex
2,939,p2,2606,alakazam-dudunsparce,1469,crustle-dri
2,940,p2,3099,mega-absol-box,2190,mega-greninja-ex
2,941,p2,0816,dragapult-ex,2029,n-zoroark
2,942,p1,2890,festival-lead,0009,basic-box-m
2,943,p1,0181,dragapult-ex,1683,raging-bolt-ogerpon
2,944,tie,1175,basic-box-m,1388,crustle-dri
2,945,p2,1817,rocket-spidops,1457,dragapult-ex
2,946,p1,1616,mega-excadrill-ex,1748,dragapult-dusknoir
2,947,p2,0837,dhelmise-pbl,2922,rockets-honchkrow
2,948,p1,0681,dragapult-dusknoir,2474,starmie-froslass
2,949,p1,1934,slowking-scr,3023,dhelmise-pbl
2,950,p1,2818,mega-excadrill-ex,0191,lopunny-dudunsparce
2,951,tie,2646,dhelmise-pbl,0295,n-zoroark
2,952,tie,1894,n-zoroark,1108,crustle-dri
2,953,tie,0802,basic-box-m,0288,dragapult-blaziken
2,954,p2,2178,dragapult-dusknoir,1002,dragapult-ex
2,955,p2,1663,n-zoroark,2865,dragapult-dusknoir
2,956,p1,0491,sharpedo-toxtricity,0425,slowking-scr
2,957,tie,2095,dragapult-ex,2407,dragapult-ex
2,958,p1,2859,dragapult-ex,2296,dragapult-ex
2,959,p2,2942,n-zoroark,2401,dragapult-ex
2,960,tie,0585,ogerpon-meganium-hydrapple,1475,dragapult-dusknoir
2,961,tie,2720,alakazam-dudunsparce,2803,slowking-scr
2,962,p2,0422,okidogi-barbaracle,0679,dragapult-ex
2,963,p1,1888,cynthia-garchomp-ex,0265,rockets-honchkrow
2,964,p2,0021,n-zoroark,1130,n-zoroark
2,965,p2,2239,dragapult-ex,2160,dragapult-ex
2,966,tie,0221,alakazam-dudunsparce,3088,dragapult-ex
2,967,p2,1114,manectric-eelektrik,1794,kangaskhan-bouffalant
2,968,p2,0841,dragapult-ex,2782,crustle-dri
2,969,p1,2809,basic-box-m,2680,festival-lead
2,970,p2,2091,hops-trevenant,1296,n-zoroark
2,971,p1,0903,rocket-spidops,2118,crustle-dri
2,972,p1,2771,alakazam-dudunsparce,2750,basic-box-m
2,973,p1,0111,dragapult-blaziken,3007,slowking-scr
2,974,p1,0189,ogerpon-meganium-hydrapple,1428,dragapult-dusknoir
2,975,p1,2604,slowking-scr,0164,rockets-honchkrow
2,976,p1,2595,dragapult-blaziken,2257,mega-excadrill-ex
2,977,p1,0503,dragapult-ex,0093,lucario-hariyama
2,978,p1,2142,basic-box-m,1958,festival-lead
2,979,p1,2939,dragapult-dusknoir,2583,kangaskhan-bouffalant
2,980,p2,2732,dragapult-ex,1648,dragapult-blaziken
2,981,p1,1966,lopunny-dusknoir,2789,dragapult-ex
2,982,p2,2206,n-zoroark,1712,?
2,983,p2,0574,n-zoroark,2553,festival-lead
2,984,p1,2275,mega-excadrill-ex,0606,n-zoroark
2,985,p2,1557,hop-zacian,3027,n-zoroark
2,986,p2,0930,rocket-mewtwo-ex,0020,ogerpon-meganium-hydrapple
2,987,p2,1090,basic-box-m,0457,dragapult-ex
2,988,tie,2186,dragapult-ex,2149,slowking-scr
2,989,p2,2071,beedrill-ex-cri,0453,dragapult-ex
2,990,p2,2015,festival-lead,0952,dragapult-ex
2,991,tie,2268,dragapult-ex,1172,n-zoroark
2,992,p1,2836,mega-excadrill-ex,1559,lopunny-dudunsparce
2,993,p1,1356,alakazam-dusknoir,1407,dragapult-dusknoir
2,994,p1,2248,n-zoroark,0550,n-zoroark
2,995,p1,1435,dragapult-ex,0155,alakazam-dudunsparce
2,996,p1,1062,dragapult-ex,2629,n-zoroark
2,997,p2,0687,dragapult-ex,0808,dragapult-ex
2,998,tie,2122,dragapult-ex,0799,dhelmise-pbl
2,999,tie,2649,dragapult-dusknoir,3022,dragapult-ex
2,1000,tie,2798,beedrill-ex-cri,1137,dragapult-blaziken
2,1001,p1,3092,rockets-honchkrow,1849,ogerpon-meganium-hydrapple
2,1002,p2,2352,alakazam-dudunsparce,0497,dragapult-ex
2,1003,p2,0104,crustle-dri,1685,mega-froslass-dudunsparce
2,1004,p2,0346,lucario-hariyama,0391,festival-lead
2,1005,p2,1584,dragapult-ex,2985,dragapult-ex
2,1006,p2,0784,dragapult-blaziken,3016,dhelmise-pbl
2,1007,p2,2570,n-zoroark,1620,other
2,1008,p2,1607,ethan-typhlosion,2541,dhelmise-pbl
2,1009,p1,2815,dragapult-ex,0795,mega-greninja-ex
2,1010,p2,1286,lopunny-dusknoir,1697,ogerpon-meganium-hydrapple
2,1011,tie,2655,sharpedo-toxtricity,2323,sharpedo-toxtricity
2,1012,p2,1789,n-zoroark,2325,dragapult-ex
2,1013,p1,2136,festival-lead,0652,grimmsnarl-froslass
2,1014,tie,1416,mega-excadrill-ex,0591,n-zoroark
2,1015,p1,0280,dragapult-ex,1310,festival-lead
2,1016,p2,1096,dragapult-ex,0853,slowking-scr
2,1017,p1,2491,dragapult-ex,2193,dragapult-dusknoir
2,1018,p1,1713,lucario-hariyama,2052,n-zoroark
2,1019,p1,2718,basic-box-m,2478,dragapult-blaziken
2,1020,p1,0698,dhelmise-pbl,0348,festival-lead
2,1021,p1,0976,alakazam-dusknoir,2894,mega-excadrill-ex
2,1022,p2,1544,ogerpon-meganium-hydrapple,2168,starmie-dusknoir
2,1023,p2,1174,lucario-hariyama,2961,slowking-scr
2,1024,p1,1805,dragapult-ex,1080,slowking-scr
2,1025,p1,0942,lucario-hariyama,3049,sharpedo-toxtricity
2,1026,p2,1304,alakazam-dudunsparce,3005,greninja-ex
2,1027,p2,0440,festival-lead,1637,basic-box-m
2,1028,tie,1605,n-zoroark,2451,dragapult-ex
2,1029,p2,2358,n-zoroark,1942,lucario-hariyama
2,1030,tie,0413,dragapult-ex,0233,n-zoroark
2,1031,p2,2425,ogerpon-meganium-hydrapple,2608,dragapult-blaziken
2,1032,tie,2906,grimmsnarl-froslass,0776,rockets-honchkrow
2,1033,p2,0363,basic-box-m,1781,crustle-dri
2,1034,p2,3074,lopunny-dusknoir,0516,grimmsnarl-froslass
2,1035,p2,1916,lopunny-dusknoir,2224,crustle-dri
2,1036,p1,0548,dragapult-ex,0630,lucario-hariyama
2,1037,p2,0091,crustle-dri,1161,alakazam-dudunsparce
2,1038,p1,2758,mega-excadrill-ex,1936,n-zoroark
2,1039,p2,2380,dragapult-dusknoir,2109,rockets-honchkrow
2,1040,p2,0658,greninja-ex,2851,dragapult-ex
2,1041,p1,2988,dragapult-ex,1402,dragapult-ex
2,1042,p1,1924,basic-box-m,2565,n-zoroark
2,1043,tie,1305,slowking-scr,1929,basic-box-m
2,1044,p2,2144,dragapult-blaziken,2667,mega-lucario-ex
2,1045,p2,1842,basic-box-m,1513,basic-box-m
2,1046,tie,0896,crustle-dri,0906,rocket-mewtwo-ex
2,1047,p2,0994,lucario-hariyama,2105,basic-box-m
2,1048,p1,2848,slowking-scr,0772,alakazam-dudunsparce
2,1049,p2,2486,n-zoroark,3109,dragapult-ex
2,1050,p1,0786,crustle-dri,2397,dragapult-ex
2,1051,p2,2081,dragapult-ex,0518,crustle-dri
2,1052,p2,2571,n-zoroark,0686,n-zoroark
2,1053,p2,1728,dragapult-dusknoir,1058,n-zoroark
2,1054,p1,1691,dragapult-ex,2157,dragapult-dusknoir
2,1055,p2,0935,slowking-scr,1315,grimmsnarl-froslass
2,1056,p1,0847,dragapult-ex,0059,dragapult-ex
2,1057,tie,0745,dragapult-ex,0273,ogerpon-meganium-hydrapple
2,1058,tie,0567,dragapult-ex,2766,crustle-dri
2,1059,p1,0241,rockets-honchkrow,0362,n-zoroark
2,1060,p2,2221,lillie-clefairy,2120,dragapult-ex
2,1061,p2,2812,n-zoroark,0255,crustle-dri
2,1062,p2,1029,dragapult-blaziken,0736,dragapult-ex
2,1063,p2,0865,lucario-hariyama,0710,lucario-hariyama
2,1064,p2,1376,dragapult-ex,0162,dragapult-ex
2,1065,p1,0085,slowking-scr,0575,n-zoroark
2,1066,p2,1445,dragapult-ex,0243,dragapult-ex
2,1067,p1,0527,dragapult-ex,2129,alakazam-dudunsparce
2,1068,p1,1505,dragapult-blaziken,2661,dragapult-ex
2,1069,p2,3072,alakazam-dudunsparce,0205,lucario-hariyama
2,1070,p2,0357,dhelmise-pbl,2756,alakazam-dusknoir
2,1071,p2,2480,lucario-hariyama,0559,diancie-dusknoir
2,1072,p2,1801,cynthia-garchomp-ex,2384,basic-box-m
2,1073,p2,1371,dragapult-ex,1847,grimmsnarl-froslass
2,1074,tie,2787,dragapult-ex,1602,alakazam-dudunsparce
2,1075,p2,2616,alakazam-dudunsparce,0804,alakazam-dudunsparce
2,1076,tie,2209,n-zoroark,1732,dragapult-ex
2,1077,p1,1042,dragapult-ex,1361,dragapult-dusknoir
2,1078,p1,2618,mega-excadrill-ex,0654,mega-lucario-ex
2,1079,p2,1012,seaking-pre,2550,mega-excadrill-ex
2,1080,tie,0148,dragapult-ex,3070,slowking-scr
2,1081,p1,0232,dragapult-ex,1912,ethan-typhlosion
2,1082,p1,2949,mega-excadrill-ex,0726,n-zoroark
2,1083,p1,0737,mega-chandelure-ex,2762,festival-lead
2,1084,p1,1069,dragapult-ex,3085,alakazam-dudunsparce
2,1085,p1,2094,sharpedo-toxtricity,2843,mega-chandelure-ex
2,1086,p2,2067,crustle-dri,0551,mega-excadrill-ex
2,1087,p2,2368,grimmsnarl-froslass,0758,n-zoroark
2,1088,p2,1468,dragapult-ex,1178,slowking-scr
2,1089,p2,1490,mega-lucario-ex,0043,cynthia-garchomp-ex
2,1090,p2,1773,crustle-dri,3052,basic-box-m
2,1091,p2,2454,n-zoroark,0702,n-zoroark
2,1092,p2,2535,dragapult-ex,2838,n-zoroark
2,1093,p2,0236,mega-excadrill-ex,0990,dragapult-dusknoir
2,1094,p1,0713,ethan-typhlosion,2147,slowking-scr
2,1095,tie,2914,dragapult-ex,1667,rockets-honchkrow
2,1096,p2,0753,kangaskhan-bouffalant,2965,mega-excadrill-ex
2,1097,p1,1860,dragapult-dusknoir,1831,dragapult-ex
2,1098,tie,1981,mega-greninja-ex,1552,grimmsnarl-froslass
2,1099,p2,0218,dragapult-ex,2770,dragapult-ex
2,1100,tie,2763,mega-excadrill-ex,0674,dragapult-ex
2,1101,p1,0427,lucario-hariyama,0416,lopunny-dudunsparce
2,1102,tie,2904,dragapult-ex,2062,lopunny-dusknoir
2,1103,tie,1998,lopunny-dusknoir,1106,lopunny-dudunsparce
2,1104,p1,0417,dragapult-blaziken,1410,ogerpon-meganium
2,1105,tie,0718,festival-lead,0293,grimmsnarl-froslass
2,1106,p2,1097,slowking-scr,1201,dragapult-blaziken
2,1107,p1,1652,dragapult-blaziken,1317,dragapult-blaziken
2,1108,p1,0479,dragapult-dusknoir,2065,dragapult-dusknoir
2,1109,p1,1792,slowking-scr,0623,basic-box-m
2,1110,p2,1086,mega-lucario-ex,1592,dragapult-ex
2,1111,p2,1787,basic-box-m,3040,dragapult-ex
2,1112,p2,2952,grimmsnarl-froslass,0825,dragapult-ex
2,1113,p2,0678,mega-excadrill-ex,2328,dragapult-ex
2,1114,p1,0351,n-zoroark,1347,toxtricity-box
2,1115,p1,1744,dragapult-ex,1050,lucario-hariyama
2,1116,p2,3083,dragapult-blaziken,2785,dragapult-ex
2,1117,p2,2174,ogerpon-meganium-hydrapple,1227,dragapult-ex
2,1118,p2,2460,basic-box-m,2385,crustle-dri
2,1119,p2,2058,starmie-froslass,1341,dragapult-ex
2,1120,p2,1964,mega-charizard-x-ex,0571,slowking-scr
2,1121,p1,0810,dragapult-dusknoir,1146,kangaskhan-bouffalant
2,1122,tie,0016,alakazam-dudunsparce,0308,mega-excadrill-ex
2,1123,tie,0030,seaking-pre,2339,dragapult-blaziken
2,1124,p1,0102,dragapult-ex,0741,lopunny-dudunsparce
2,1125,p2,0642,dragapult-dusknoir,2996,starmie-froslass
2,1126,p1,2925,basic-box-m,0684,n-zoroark
2,1127,p1,2579,dragapult-blaziken,2934,n-zoroark
2,1128,p2,0558,rockets-honchkrow,1990,dragapult-ex
2,1129,p1,0668,dragapult-ex,2896,dragapult-blaziken
2,1130,p2,0545,sharpedo-toxtricity,2046,dragapult-ex
2,1131,p2,1653,starmie-froslass,1008,dragapult-blaziken
2,1132,p2,0969,n-zoroark,1327,dragapult-dusknoir
2,1133,p2,2481,alakazam-dudunsparce,1076,rockets-honchkrow
2,1134,p1,1952,slowking-scr,1785,dragapult-ex
2,1135,tie,1659,n-zoroark,0934,dragapult-ex
2,1136,tie,2097,slowking-scr,2203,dragapult-blaziken
2,1137,p2,2399,slowking-scr,2582,alakazam-dudunsparce
2,1138,p2,0120,mega-excadrill-ex,1658,alakazam-dusknoir
2,1139,p2,0195,other,2011,n-zoroark
2,1140,p1,1060,mega-excadrill-ex,1185,crustle-dri
2,1141,p2,0991,lopunny-dusknoir,0768,dragapult-ex
2,1142,p1,1508,dhelmise-pbl,2036,dragapult-ex
2,1143,tie,0052,dragapult-dusknoir,0431,slowking-scr
2,1144,tie,1466,dragapult-ex,1190,ogerpon-meganium-hydrapple
2,1145,p2,0258,dragapult-ex,1246,dhelmise-pbl
2,1146,p2,1762,other,0747,dragapult-ex
2,1147,p2,2219,dragapult-ex,3075,slowking-scr
2,1148,p1,0353,dragapult-ex,2287,dragapult-blaziken
2,1149,p2,1899,mega-excadrill-ex,1352,mega-excadrill-ex
2,1150,p2,2166,n-zoroark,2724,n-zoroark
2,1151,p1,2876,basic-box-m,1630,slowking-scr
2,1152,p2,1738,n-zoroark,2956,festival-lead
2,1153,p2,2228,lucario-hariyama,2696,dragapult-dusknoir
2,1154,tie,0053,dragapult-ex,1141,basic-box-m
2,1155,p2,0036,alakazam-dusknoir,1844,mega-venusaur-ex
2,1156,p1,0437,mega-chandelure-ex,2034,dragapult-ex
2,1157,p1,0054,slowking-scr,0237,alakazam-dusknoir
2,1158,tie,0434,dragapult-ex,2265,alakazam-dudunsparce
2,1159,p1,0779,dragapult-dusknoir,2534,n-zoroark
2,1160,p2,3058,crustle-dri,2391,mega-greninja-ex
2,1161,p2,0074,slowking-scr,1460,dragapult-ex
2,1162,tie,0146,crustle-dri,0852,grimmsnarl-froslass
2,1163,p2,2525,lopunny-dusknoir,1938,dragapult-blaziken
2,1164,p2,1827,alakazam-dudunsparce,0187,basic-box-m
2,1165,tie,2548,doublade-por,1737,dragapult-ex
2,1166,p1,2849,dragapult-ex,1623,mega-lucario-ex
2,1167,tie,0193,dragapult-ex,1279,starmie-froslass
2,1168,p1,0325,dragapult-ex,1244,alakazam-dudunsparce
2,1169,p2,2266,mega-excadrill-ex,1828,sharpedo-toxtricity
2,1170,tie,0693,dragapult-dusknoir,0869,crustle-dri
2,1171,tie,0309,toucannon-pbl,0818,n-zoroark
2,1172,p1,3029,dragapult-blaziken,0331,mega-excadrill-ex
2,1173,p1,2226,ogerpon-meganium-hydrapple,2916,ethan-typhlosion
2,1174,p2,2250,?,2020,dragapult-ex
2,1175,p1,0628,ogerpon-meganium-hydrapple,1612,other
2,1176,p1,0078,dragapult-ex,2546,n-zoroark
2,1177,tie,1213,dragapult-blaziken,1266,dragapult-ex
2,1178,p1,1956,basic-box-m,0589,ogerpon-meganium-hydrapple
2,1179,p2,0396,basic-box-m,0442,dragapult-ex
2,1180,p2,1459,alakazam-dudunsparce,2746,festival-lead
2,1181,p2,1843,dhelmise-pbl,2359,n-zoroark
2,1182,p1,1268,basic-box-m,0474,doublade-por
2,1183,p2,1048,alakazam-dudunsparce,0820,n-zoroark
2,1184,tie,2211,toxtricity-box,1646,lucario-hariyama
2,1185,tie,1292,dragapult-dusknoir,2708,alakazam-dudunsparce
2,1186,p2,2390,dragapult-dusknoir,0530,mega-excadrill-ex
2,1187,p1,1535,cynthia-garchomp-ex,1385,dragapult-dusknoir
2,1188,p1,1287,crustle-dri,3041,n-zoroark
2,1189,p1,2783,basic-box-m,0329,dragapult-ex
2,1190,p2,3056,dragapult-ex,0037,dragapult-ex
2,1191,p2,2874,mega-excadrill-ex,2706,dragapult-dusknoir
2,1192,p2,1074,ethan-typhlosion,0691,mega-starmie-ex
2,1193,tie,1611,dragapult-ex,2728,basic-box-m
2,1194,p2,3020,dragapult-dusknoir,2531,alakazam-dudunsparce
2,1195,p2,1104,crustle-dri,0967,marnie-grimmsnarl-ex
2,1196,p2,0145,n-zoroark,2225,dhelmise-pbl
2,1197,p2,2329,alakazam-dudunsparce,2877,ogerpon-meganium-hydrapple
2,1198,p2,0943,basic-box-m,1299,slowking-scr
2,1199,tie,0612,n-zoroark,0073,dragapult-ex
2,1200,tie,1944,alakazam-dudunsparce,2533,dragapult-ex
2,1201,p2,1870,slowking-scr,0042,dragapult-dusknoir
2,1202,p1,1986,alakazam-dudunsparce,0170,hop-zacian
2,1203,p1,2448,festival-lead,0950,n-zoroark
2,1204,p2,3060,dragapult-ex,2944,dragapult-ex
2,1205,tie,0186,mega-starmie-ex,0077,ogerpon-meganium-hydrapple
2,1206,p1,2044,n-zoroark,3089,n-zoroark
2,1207,p1,1717,dragapult-ex,2371,dragapult-dusknoir
2,1208,p2,2022,dragapult-ex,2290,dragapult-blaziken
2,1209,p2,1529,kangaskhan-bouffalant,2620,grimmsnarl-froslass
2,1210,tie,1886,dragapult-dusknoir,0332,ogerpon-meganium-hydrapple
2,1211,p1,2885,alakazam-dudunsparce,2915,slowking-scr
2,1212,p1,2547,dragapult-ex,2175,rocket-mewtwo-ex
2,1213,p1,2464,lopunny-dudunsparce,2008,basic-box-m
2,1214,p1,1100,ogerpon-meganium-hydrapple,0038,alakazam-dudunsparce
2,1215,p2,1576,mega-excadrill-ex,1796,cynthia-garchomp-ex
2,1216,p1,2526,dragapult-ex,2078,alakazam-dudunsparce
2,1217,p2,0505,dragapult-ex,0594,alakazam-dusknoir
2,1218,p1,1423,n-zoroark,0539,mega-venusaur-ex
2,1219,p1,2494,dragapult-ex,2043,diancie-dusknoir
2,1220,p1,2154,dragapult-ex,0066,cynthia-garchomp-ex
2,1221,p1,1835,seaking-pre,2928,basic-box-m
2,1222,p2,1574,grimmsnarl-froslass,1937,dragapult-ex
2,1223,p2,3042,grimmsnarl-froslass,2625,mega-excadrill-ex
2,1224,p1,1364,lucario-hariyama,2610,dragapult-dudunsparce
2,1225,p2,1267,dragapult-dusknoir,0749,seaking-pre
2,1226,p1,2727,slowking-scr,1386,festival-lead
2,1227,p1,0502,dhelmise-pbl,1300,dragapult-dusknoir
2,1228,p2,2641,rocket-mewtwo-ex,1515,rockets-honchkrow
2,1229,p1,2422,dragapult-ex,1922,rocket-mewtwo-ex
2,1230,p2,2212,dhelmise-pbl,1730,slowking-scr
2,1231,p1,2255,rockets-honchkrow,2754,slowking-scr
2,1232,p1,0540,dragapult-ex,0627,dragapult-ex
2,1233,p1,1043,dragapult-ex,2077,dragapult-ex
2,1234,p1,1851,dragapult-ex,1718,dragapult-ex
2,1235,p2,2330,slowking-scr,0956,alakazam-dudunsparce
2,1236,p1,1061,n-zoroark,1471,hops-trevenant
2,1237,p2,1474,alakazam-dudunsparce,1285,dragapult-dusknoir
2,1238,p1,0542,festival-lead,1476,mega-excadrill-ex
2,1239,p2,0555,n-zoroark,1477,alakazam-dudunsparce
2,1240,p2,1219,rockets-honchkrow,1479,dhelmise-pbl
2,1241,p2,1866,mega-venusaur-ex,2802,ethan-typhlosion
2,1242,tie,1483,alakazam-dudunsparce,1841,dragapult-dusknoir
2,1243,p2,1486,sharpedo-toxtricity,2589,slowking-scr
2,1244,p1,2947,n-zoroark,1487,alakazam-dudunsparce
2,1245,p1,2256,alakazam-dusknoir,2139,mega-excadrill-ex
2,1246,tie,1492,alakazam-dusknoir,1617,festival-lead
2,1247,p1,1493,mega-excadrill-ex,0144,mega-lucario-ex
2,1248,p1,2213,dragapult-ex,1496,sinistcha-ogerpon
2,1249,tie,0458,lucario-hariyama,1497,dragapult-ex
2,1250,tie,1500,dragapult-blaziken,2169,ethan-typhlosion
2,1251,tie,2229,alakazam-dudunsparce,1501,crustle-dri
2,1252,p1,1504,dragapult-dusknoir,2989,mega-dragonite-ex
2,1253,p2,1506,lopunny-dudunsparce,1750,mega-excadrill-ex
2,1254,tie,2619,mega-excadrill-ex,0839,dragapult-dusknoir
2,1255,p2,3055,n-zoroark,1120,hops-trevenant
2,1256,p1,0443,dragapult-ex,2791,dragapult-ex
2,1257,p1,0780,n-zoroark,0314,dragapult-blaziken
2,1258,p1,1993,toucannon-pbl,1431,rocket-mewtwo-ex
2,1259,p1,1577,dragapult-ex,0615,mega-greninja-ex
2,1260,p2,0238,crustle-dri,0510,alakazam-dudunsparce
2,1261,p2,1073,n-zoroark,1546,n-zoroark
2,1262,p1,2111,crustle-dri,2598,basic-box-m
2,1263,p2,2421,ethan-typhlosion,2278,dragapult-ex
2,1264,p2,2971,seaking-pre,1329,slowking-scr
2,1265,tie,2270,dragapult-blaziken,0898,raging-bolt-ogerpon
2,1266,p1,0712,alakazam-dudunsparce,2551,dragapult-blaziken
2,1267,p2,1432,dragapult-dusknoir,1846,n-zoroark
2,1268,p1,2864,dragapult-ex,0395,mega-excadrill-ex
2,1269,p2,1545,n-zoroark,3066,alakazam-dusknoir
2,1270,p1,0444,slowking-scr,2348,crustle-dri
2,1271,tie,2642,dragapult-ex,2753,diancie-dusknoir
2,1272,p1,1021,n-zoroark,0519,dragapult-dusknoir
2,1273,p1,1291,crustle-dri,0888,n-zoroark
2,1274,p1,1136,dragapult-ex,1531,dhelmise-pbl
2,1275,tie,0662,alakazam-dudunsparce,0790,ogerpon-meganium-hydrapple
2,1276,p2,2730,n-zoroark,1551,slowking-scr
2,1277,p1,0035,basic-box-m,1461,lucario-hariyama
2,1278,p2,0465,dhelmise-pbl,0172,kangaskhan-bouffalant
2,1279,p2,1028,dragapult-ex,1573,raging-bolt-ogerpon
2,1280,p1,2392,kangaskhan-bouffalant,1540,dragapult-ex
2,1281,p1,2878,dhelmise-pbl,0459,basic-box-m
2,1282,tie,0960,okidogi-barbaracle,0897,slowking-scr
2,1283,p1,0598,n-zoroark,2418,slowking-scr
2,1284,p1,0789,n-zoroark,0711,dragapult-ex
2,1285,p1,0692,dragapult-ex,1363,dragapult-blaziken
2,1286,p2,1645,mega-excadrill-ex,1128,hops-trevenant
2,1287,p2,0229,mega-excadrill-ex,1536,alakazam-dudunsparce
2,1288,tie,1855,rockets-honchkrow,2007,dragapult-blaziken
2,1289,tie,2289,dragapult-dusknoir,0509,okidogi-barbaracle
2,1290,p1,2938,mega-greninja-ex,0661,dragapult-blaziken
2,1291,p2,1027,diancie-dusknoir,2249,hops-trevenant
2,1292,p1,2471,sharpedo-toxtricity,2277,alakazam-dudunsparce
2,1293,p2,3030,mega-chandelure-ex,1280,dragapult-dudunsparce
2,1294,tie,1885,dhelmise-pbl,0185,ogerpon-meganium-arboliva
2,1295,p1,0766,crustle-dri,3094,alakazam-dudunsparce
2,1296,p1,2863,greninja-ex,0765,dragapult-ex
2,1297,p2,0041,slowking-scr,2973,dragapult-dusknoir
2,1298,tie,2269,crustle-dri,1913,lopunny-dusknoir
2,1299,p2,2282,n-zoroark,1063,crustle-dri
2,1300,p2,1599,doublade-por,3103,dragapult-ex
2,1301,tie,1601,crustle-dri,0182,alakazam-dudunsparce
2,1302,p2,0971,dragapult-ex,2794,mega-greninja-ex
2,1303,p2,1071,dragapult-ex,1135,basic-box-m
2,1304,p1,1537,mega-excadrill-ex,2376,dragapult-ex
2,1305,p1,0882,dragapult-ex,1103,dragapult-ex
2,1306,p1,0302,n-zoroark,1258,n-zoroark
2,1307,tie,3057,lopunny-dudunsparce,0304,dragapult-ex
2,1308,p2,1462,alakazam-dusknoir,1671,dhelmise-pbl
2,1309,p2,2176,n-zoroark,1022,dragapult-dusknoir
2,1310,p1,1780,dragapult-ex,2846,slowking-scr
2,1311,p1,1999,festival-lead,0330,n-zoroark
2,1312,p1,1973,sharpedo-toxtricity,2496,rockets-honchkrow
2,1313,p2,0216,grimmsnarl-froslass,1464,dragapult-blaziken
2,1314,p2,2850,n-zoroark,0393,crustle-dri
2,1315,p2,1425,cynthia-garchomp-ex,0481,lucario-hariyama
2,1316,p2,3059,slowking-scr,1578,slowking-scr
2,1317,p1,0577,mega-excadrill-ex,1856,crustle-dri
2,1318,p2,0887,dragapult-blaziken,0313,rockets-honchkrow
2,1319,p2,2023,dragapult-dusknoir,2705,mega-lucario-ex
2,1320,tie,2828,toucannon-pbl,0065,n-zoroark
2,1321,p1,1064,dragapult-blaziken,2374,mega-excadrill-ex
2,1322,p2,0597,lucario-hariyama,0285,dragapult-ex
2,1323,p2,1127,n-zoroark,2171,n-zoroark
2,1324,tie,1647,mega-excadrill-ex,2993,slowking-scr
2,1325,p2,1650,dragapult-ex,2295,festival-lead
2,1326,p2,2974,alakazam-dudunsparce,0194,dragapult-blaziken
2,1327,p1,2784,dragapult-blaziken,2648,mega-excadrill-ex
2,1328,tie,2873,alakazam-dudunsparce,0851,mega-excadrill-ex
2,1329,p1,1729,ogerpon-meganium-hydrapple,2524,slowking-scr
2,1330,p1,2112,dragapult-ex,2238,dragapult-ex
2,1331,tie,1430,basic-box-m,0968,n-zoroark
2,1332,p1,1243,lillie-clefairy,2237,slowking-scr
2,1333,p2,1424,mega-excadrill-ex,0578,crustle-dri
2,1334,p1,0590,dragapult-ex,1985,dragapult-dusknoir
2,1335,p1,2396,n-zoroark,0563,dragapult-dusknoir
2,1336,p1,1265,seaking-pre,2975,festival-lead
2,1337,p1,2356,cynthia-garchomp-ex,1119,mega-excadrill-ex
2,1338,p1,2845,n-zoroark,1825,dragapult-ex
2,1339,tie,0870,ogerpon-meganium-hydrapple,2472,sharpedo-toxtricity
2,1340,p2,0466,dragapult-ex,0529,dragapult-ex
2,1341,p1,1260,slowking-scr,2447,lucario-hariyama
2,1342,p1,1263,lopunny-dudunsparce,1276,lucario-hariyama
2,1343,p1,3093,dragapult-ex,3038,dragapult-dusknoir
2,1344,p2,2636,cynthia-garchomp-ex,1672,basic-box-m
2,1345,p1,2897,basic-box-m,1426,dragapult-dusknoir
2,1346,p1,2315,dragapult-ex,1538,mega-excadrill-ex
2,1347,p1,0506,basic-box-m,0920,mega-excadrill-ex
2,1348,p2,1696,dragapult-ex,0397,dragapult-blaziken
2,1349,p2,1236,alakazam-dudunsparce,1698,dragapult-blaziken
2,1351,p1,1632,n-zoroark,2793,other
2,1352,p2,2372,dragapult-blaziken,1099,dragapult-dusknoir
2,1353,tie,0912,dhelmise-pbl,0611,dragapult-ex
2,1354,p1,0944,crustle-dri,2801,lillie-clefairy
2,1355,p1,2723,dragapult-ex,0962,dragapult-blaziken
2,1356,p1,2875,dragapult-blaziken,2577,dragapult-dusknoir
2,1357,p1,2745,dragapult-ex,1516,basic-box-m
2,1358,p1,2227,alakazam-dudunsparce,0482,dragapult-blaziken
2,1359,p1,2347,dragapult-blaziken,2523,lopunny-dudunsparce
2,1360,tie,3037,mega-excadrill-ex,0310,mega-greninja-ex
2,1361,tie,0949,dragapult-dusknoir,1959,dragapult-ex
2,1362,p1,1311,mega-excadrill-ex,1288,lopunny-dudunsparce
2,1363,p1,0230,festival-lead,1312,rockets-honchkrow
2,1364,p2,1974,mega-chandelure-ex,0840,alakazam-dudunsparce
2,1365,p1,1330,dragapult-ex,2597,mega-chandelure-ex
2,1366,p2,1624,dragapult-ex,2417,dragapult-blaziken
2,1367,p1,2972,lucario-hariyama,1826,crustle-dri
2,1368,p2,2495,dragapult-ex,0210,dragapult-ex
2,1369,p1,1914,dragapult-ex,2827,n-zoroark
2,1370,p1,2635,crustle-dri,2499,alakazam-dudunsparce
2,1371,p1,0911,basic-box-m,0433,rockets-honchkrow
2,1372,p2,0549,rocket-mewtwo-ex,0141,dragapult-ex
2,1373,p2,0200,rockets-honchkrow,1264,n-zoroark
2,1374,p1,1955,dragapult-ex,0501,basic-box-m
2,1375,p2,0707,mega-excadrill-ex,2493,mega-excadrill-ex
2,1376,p1,1571,alakazam-dudunsparce,2552,dragapult-dusknoir
2,1377,tie,2463,toucannon-pbl,1081,starmie-froslass
2,1378,tie,0955,mega-excadrill-ex,0819,alakazam-dudunsparce
2,1379,p1,1072,alakazam-dudunsparce,1904,rockets-honchkrow
2,1380,p2,3090,dragapult-dusknoir,2886,slowking-scr
2,1381,p2,2707,dragapult-blaziken,2236,rockets-honchkrow
2,1382,p1,1795,dragapult-ex,0438,dragapult-ex
2,1383,p1,2806,cynthia-garchomp-ex,1532,blaziken-ex-jtg
2,1384,p2,2281,grimmsnarl-froslass,2955,alakazam-dudunsparce
2,1385,p2,0729,dragapult-dusknoir,2355,alakazam-dudunsparce
2,1386,p2,0564,mega-venusaur-ex,2027,rockets-honchkrow
2,1387,p1,2153,alakazam-dudunsparce,3019,dragapult-blaziken
2,1388,tie,2360,dragapult-blaziken,0169,dragapult-ex
2,1389,p2,0301,dragapult-ex,2375,n-zoroark
2,1390,p2,0961,alakazam-dudunsparce,0326,dragapult-ex
2,1391,p1,1865,dragapult-ex,2593,dragapult-ex
2,1392,p2,0473,n-zoroark,1943,lucario-hariyama
2,1393,p1,0972,mega-lucario-ex,2937,alakazam-dudunsparce
2,1394,p2,3001,metagross-cri,2545,dragapult-dusknoir
2,1395,p2,1082,dragapult-ex,1214,basic-box-m
2,1396,p2,0207,n-zoroark,1047,n-zoroark
2,1397,p1,2019,dhelmise-pbl,1044,dragapult-dusknoir
2,1398,p1,2389,alakazam-dudunsparce,0286,lucario-hariyama
2,1399,p2,2748,alakazam-dudunsparce,1629,dragapult-ex
2,1400,p2,1575,dragapult-ex,2792,basic-box-m
2,1401,p1,1994,alakazam-dudunsparce,1429,dragapult-dusknoir
2,1402,p2,0171,alakazam-dusknoir,2000,crustle-dri
2,1403,p2,2695,alakazam-dudunsparce,2516,dragapult-dusknoir
2,1404,p2,2021,lucario-hariyama,2976,slowking-scr
2,1405,p2,3002,beedrill-ex-cri,2373,dragapult-dusknoir
2,1406,p1,1572,kangaskhan-bouffalant,2532,dragapult-ex
2,1407,p2,1539,dragapult-blaziken,0188,alakazam-dudunsparce
2,1408,p1,1921,n-zoroark,0730,grimmsnarl-froslass
2,1409,p2,2594,mega-excadrill-ex,0441,alakazam-dudunsparce
2,1410,p2,2647,dragapult-ex,1463,dragapult-ex
2,1411,p1,1869,dragapult-ex,2140,mega-excadrill-ex
2,1412,p1,0394,sharpedo-toxtricity,1275,hops-trevenant
2,1413,p1,2578,crustle-dri,1631,starmie-dusknoir
2,1414,p2,0593,alakazam-dudunsparce,2024,basic-box-m
2,1415,p2,1142,alakazam-dudunsparce,0694,toxtricity-box
2,1416,p2,2898,dragapult-dusknoir,2395,slowking-scr
2,1417,p1,1960,dragapult-blaziken,1836,rocket-spidops
2,1418,p1,3065,dragapult-ex,2515,beedrill-ex-cri
2,1419,tie,1259,n-zoroark,0215,mega-excadrill-ex
2,1420,p1,1257,alakazam-dudunsparce,2500,manectric-eelektrik
2,1421,tie,2235,dragapult-dusknoir,1845,slowking-scr
2,1422,p2,1256,dragapult-ex,2747,lucario-hariyama
2,1423,p1,0616,sharpedo-toxtricity,2316,kangaskhan-bouffalant
2,1424,p2,1530,dragapult-ex,0708,mega-excadrill-ex
2,1425,p1,3031,alakazam-dudunsparce,2805,n-zoroark
2,1426,tie,3032,dragapult-dusknoir,0750,lillie-clefairy
2,1427,p2,0881,crustle-dri,2609,festival-lead
2,1428,p1,2943,dragapult-blaziken,0919,lucario-hariyama
2,1429,p2,2172,slowking-scr,0959,dhelmise-pbl
2,1430,p2,0129,slowking-scr,0199,n-zoroark
2,1431,p1,2626,festival-lead,1255,dragapult-ex
2,1432,p2,1779,dhelmise-pbl,0817,dhelmise-pbl
2,1433,p1,2028,mega-excadrill-ex,2927,lopunny-dudunsparce
2,1434,p2,0520,n-zoroark,0086,mega-venusaur-ex
2,1435,p2,2132,dragapult-blaziken,2070,n-zoroark
2,1436,p2,0499,dragapult-ex,2357,basic-box-m
2,1437,tie,1089,dhelmise-pbl,0246,crustle-dri
2,1438,p1,0983,crustle-dri,1591,?metagross
2,1439,p2,0163,dragapult-blaziken,3113,crustle-dri
2,1440,p1,0685,dragapult-ex,0958,mega-venusaur-ex
2,1441,p1,1595,dragapult-ex,1446,ethan-typhlosion
2,1442,p2,2913,seaking-pre,2398,rockets-honchkrow
2,1443,tie,2258,alakazam-dudunsparce,2428,raging-bolt-ogerpon
2,1444,p2,2096,alakazam-dudunsparce,1561,dragapult-ex
2,1445,p2,1883,basic-box-m,2941,slowking-scr
2,1446,tie,2030,dragapult-dusknoir,1171,n-zoroark
2,1447,p2,2267,ogerpon-meganium-hydrapple,0901,dragapult-blaziken
2,1448,p1,1340,festival-lead,1326,rocket-mewtwo-ex
2,1449,p2,0124,alakazam-dudunsparce,0746,slowking-scr
2,1450,p2,2615,dragapult-blaziken,2031,slowking-scr
2,1451,p1,1241,dragapult-ex,1409,alakazam-dudunsparce
2,1452,p2,0572,dragapult-blaziken,2483,n-zoroark
2,1453,tie,2152,dragapult-ex,0031,basic-box-m
2,1454,p2,0904,dhelmise-pbl,0287,?metagross
2,1455,tie,2114,slowking-scr,1458,alakazam-dudunsparce
2,1456,p2,2218,mega-excadrill-ex,1054,dragapult-ex
2,1457,p1,0432,crustle-dri,0993,dragapult-blaziken
2,1458,p2,0347,dragapult-dusknoir,1210,mega-excadrill-ex
2,1459,p2,0056,diancie-dusknoir,1401,kangaskhan-bouffalant
2,1460,p2,2461,ethan-typhlosion,1177,lucario-hariyama
2,1461,p1,2665,slowking-scr,2710,crustle-dri
2,1462,p2,2855,mega-excadrill-ex,1927,dragapult-blaziken
2,1463,p1,0850,lillie-clefairy,2950,n-zoroark
2,1464,p1,0002,lucario-hariyama,1001,grimmsnarl-froslass
2,1465,p1,0588,sharpedo-toxtricity,0752,alakazam-meg
2,1466,p1,2294,dragapult-blaziken,2653,ethan-typhlosion
2,1467,tie,2871,n-zoroark,2013,slowking-scr
2,1468,p2,2549,dragapult-dudunsparce,2940,sharpedo-toxtricity
2,1469,p1,1725,sharpedo-toxtricity,2010,manectric-eelektrik
2,1470,tie,0603,n-zoroark,1971,mega-excadrill-ex
2,1471,p1,1289,mega-excadrill-ex,2602,mega-starmie-ex
2,1472,p2,1159,dragapult-dusknoir,2189,n-zoroark
2,1473,p2,1283,cynthia-garchomp-ex,2085,grimmsnarl-froslass
2,1474,tie,2364,slowking-scr,3081,grimmsnarl-froslass
2,1475,p1,0470,alakazam-dudunsparce,1379,lucario-hariyama
2,1476,p1,0234,n-zoroark,0115,grimmsnarl-froslass
2,1477,p1,2721,alakazam-dudunsparce,1156,clefairy-ogerpon
2,1478,p2,0885,alakazam-dudunsparce,1677,dragapult-ex
2,1479,p1,3098,rockets-honchkrow,1859,mega-darkrai-ex
2,1480,p1,2177,dragapult-dusknoir,2658,dragapult-ex
2,1481,p2,0910,mega-chandelure-ex,2090,starmie-froslass
2,1482,p1,0992,ogerpon-meganium-hydrapple,1228,decidueye-ex
2,1483,p2,2839,starmie-froslass,1180,dragapult-dusknoir
2,1484,p2,2691,slowking-scr,0349,dragapult-dusknoir
2,1485,p2,1313,beedrill-ex-cri,2430,dragapult-dusknoir
2,1486,p2,0390,dragapult-dusknoir,1707,sharpedo-toxtricity
2,1487,p2,0813,mega-lucario-ex,2137,basic-box-m
2,1488,p1,0014,dragapult-ex,1733,rocket-mewtwo-ex
2,1489,p2,2869,mega-excadrill-ex,1079,slowking-scr
2,1490,tie,1915,dragapult-ex,2079,alakazam-dudunsparce
2,1491,p2,1024,alakazam-dudunsparce,0355,mega-lucario-ex
2,1492,p1,1872,tera-box,1006,ceruledge-ex
2,1493,p1,2377,mega-venusaur-ex,0536,alakazam-dusknoir
2,1494,p1,2441,mega-excadrill-ex,0421,n-zoroark
2,1495,p1,0576,cinccino-ex,2739,mega-excadrill-ex
2,1496,p1,0951,lucario-hariyama,1764,dragapult-dusknoir
2,1497,p1,0045,dragapult-blaziken,2561,dragapult-blaziken
2,1498,tie,0372,alakazam-dudunsparce,1436,alakazam-dudunsparce
2,1499,p1,1533,slowking-scr,0761,cynthia-garchomp-ex
2,1500,p2,1470,dragapult-ex,0392,dragapult-dusknoir
2,1501,tie,1644,crustle-dri,3086,basic-box-m
2,1502,p2,1635,lopunny-dudunsparce,2361,lucario-hariyama
2,1503,p1,1233,rocket-mewtwo-ex,2056,mega-excadrill-ex
2,1504,p2,0483,n-zoroark,1343,n-zoroark
2,1505,p2,2288,alakazam-dudunsparce,0386,dragapult-ex
2,1506,p1,2909,dragapult-ex,2393,alakazam-dudunsparce
2,1507,p1,0866,sharpedo-toxtricity,1261,dragapult-ex
2,1508,p1,2099,dragapult-ex,2326,alakazam-dudunsparce
2,1509,p2,0139,mega-venusaur-ex,0436,ceruledge-ex
2,1510,p1,1809,basic-box-m,2459,basic-box-m
2,1511,p1,2844,dragapult-blaziken,0089,mega-abomasnow-ex
2,1512,p2,0292,dragapult-dusknoir,0605,dhelmise-pbl
2,1513,p1,0669,n-zoroark,2837,dragapult-dusknoir
2,1514,p1,0276,cynthia-garchomp-ex,0522,n-zoroark
2,1515,tie,0829,slowking-scr,1690,lucario-hariyama
2,1516,tie,0940,dhelmise-pbl,1583,dhelmise-pbl
2,1517,p2,2957,slowking-scr,1273,dragapult-dudunsparce
2,1518,p1,2978,n-zoroark,0492,alakazam-dudunsparce
2,1519,p1,1606,dragapult-blaziken,0738,mega-lucario-ex
2,1520,p2,1295,ceruledge-ex,1013,crustle-dri
2,1521,p1,1804,alakazam-dudunsparce,2797,dragapult-ex
2,1522,p1,0703,dragapult-dusknoir,3045,kangaskhan-bouffalant
2,1523,p1,0244,lucario-hariyama,0403,dragapult-blaziken
2,1524,p1,3051,dragapult-blaziken,2959,n-zoroark
2,1525,p2,2469,cynthia-garchomp-ex,0060,crustle-dri
2,1526,p2,2749,n-zoroark,2834,basic-box-m
2,1527,tie,2310,lucario-hariyama,2159,mega-excadrill-ex
2,1528,p1,1743,dragapult-dusknoir,2435,festival-lead
2,1529,p2,2276,mega-excadrill-ex,2411,dragapult-blaziken
2,1530,p2,0895,alakazam-dusknoir,0566,dragapult-dusknoir
2,1531,p1,1307,cynthia-garchomp-ex,1335,n-zoroark
2,1532,p2,2926,mega-excadrill-ex,2440,rockets-honchkrow
2,1533,p1,2284,festival-lead,3000,ethan-typhlosion
2,1534,p2,0352,dragapult-ex,0683,mega-excadrill-ex
2,1535,p2,0039,dragapult-ex,1065,sharpedo-toxtricity
2,1536,p2,1745,dragapult-dusknoir,1656,dragapult-dusknoir
2,1537,p1,0364,raging-bolt-ogerpon,2979,beedrill-ex-cri
2,1538,p1,1715,crustle-dri,2338,crustle-dri
2,1539,p1,0206,alakazam-dusknoir,0029,slowking-scr
2,1540,p2,2324,festival-lead,1323,lucario-hariyama
2,1541,tie,1907,dhelmise-pbl,2822,grimmsnarl-froslass
2,1542,p2,2045,dragapult-blaziken,3107,dragapult-ex
2,1543,p1,1349,dragapult-ex,0367,dragapult-ex
2,1544,tie,1639,other,3047,dragapult-blaziken
2,1545,p1,1651,dragapult-ex,1374,dragapult-ex
2,1546,p1,1609,basic-box-m,2345,tera-box
2,1547,tie,1067,mega-excadrill-ex,2241,dragapult-dusknoir
2,1548,p1,2115,dragapult-blaziken,1564,alakazam-dudunsparce
2,1549,tie,2072,n-zoroark,3114,dragapult-dusknoir
2,1550,p1,0982,mega-chandelure-ex,1026,slowking-scr
2,1551,p2,0553,rockets-honchkrow,0076,basic-box-m
2,1552,tie,0842,starmie-froslass,0863,festival-lead
2,1553,p1,0889,ogerpon-meganium-arboliva,3087,zygarde-barbaracle
2,1554,p1,1465,alakazam-dudunsparce,2215,starmie-froslass
2,1555,p2,2605,mega-excadrill-ex,0487,dragapult-dusknoir
2,1556,p1,2204,dragapult-ex,1414,slowking-scr
2,1557,p2,2831,dragapult-ex,0088,dragapult-blaziken
2,1558,p1,1585,mega-venusaur-ex,0410,dragapult-dusknoir
2,1559,p1,0905,crustle-dri,2786,ogerpon-meganium-hydrapple
2,1560,p2,1788,dragapult-dusknoir,1965,dhelmise-pbl
2,1561,p2,1157,festival-lead,1359,dragapult-ex
2,1562,tie,0699,greninja-ex,1784,toucannon-pbl
2,1563,p1,1398,festival-lead,1887,ethan-typhlosion
2,1564,p2,2035,alakazam-dudunsparce,1769,festival-lead
2,1565,p1,2332,dragapult-ex,0696,dragapult-dusknoir
2,1566,p1,2757,dragapult-ex,2699,slowking-scr
2,1567,p2,2319,dragapult-blaziken,1558,slowking-scr
2,1568,p1,0826,festival-lead,1110,mega-greninja-ex
2,1569,p2,1963,alakazam-dudunsparce,2599,dragapult-ex
2,1570,tie,1033,basic-box-m,2866,other
2,1571,p1,2107,mega-excadrill-ex,0592,dragapult-ex
2,1572,p1,1969,dragapult-dusknoir,2514,ceruledge-ex
2,1573,p1,2048,dragapult-ex,2764,alakazam-dudunsparce
2,1574,p1,1840,crustle-dri,2690,dragapult-ex
2,1575,p2,1452,dragapult-ex,0262,dragapult-ex
2,1576,p1,0774,alakazam-dusknoir,2559,yanmega-ex
2,1577,p1,2322,basic-box-m,1820,ogerpon-meganium-hydrapple
2,1578,p1,2946,lucario-hariyama,1075,alakazam-dudunsparce
2,1579,p2,2232,dragapult-ex,1202,lopunny-dusknoir
2,1580,p1,2868,alakazam-dusknoir,0834,other
2,1581,p1,0788,slowking-scr,0345,dragapult-ex
2,1582,p2,1711,dragapult-dusknoir,2779,alakazam-dudunsparce
2,1583,p2,0095,crustle-dri,0883,mega-excadrill-ex
2,1584,p1,2162,ceruledge-ex,2676,cinccino-ex
2,1585,tie,2304,dragapult-ex,0731,alakazam-dudunsparce
2,1586,p2,0557,alakazam-dudunsparce,1480,dhelmise-pbl
2,1587,tie,1525,n-zoroark,2128,n-zoroark
2,1588,tie,0297,alakazam-dudunsparce,2820,festival-lead
2,1589,tie,2603,dragapult-ex,2981,cynthia-garchomp-ex
2,1590,p1,1615,sharpedo-toxtricity,1272,dragapult-ex
2,1591,p1,2016,alakazam-dudunsparce,2817,slowking-scr
2,1592,p2,1417,ogerpon-meganium-hydrapple,2087,dragapult-blaziken
2,1593,p2,1301,n-zoroark,2637,crustle-dri
2,1594,p1,2530,lopunny-dusknoir,0157,hydreigon-ex
2,1595,p1,0480,n-zoroark,2790,n-zoroark
2,1596,p2,1695,dragapult-blaziken,1375,basic-box-m
2,1597,p2,1782,dragapult-ex,2576,crustle-dri
2,1598,p2,0269,mega-excadrill-ex,0632,slowking-scr
2,1599,p1,1367,ogerpon-meganium-hydrapple,0805,dragapult-ex
2,1600,p1,2369,mega-excadrill-ex,0315,dragapult-dusknoir
2,1601,p2,1396,alakazam-dudunsparce,1125,n-zoroark
2,1602,p1,1467,dragapult-ex,1701,dragapult-ex
2,1603,p2,0653,dragapult-dusknoir,1277,ethan-magcargo
2,1604,p1,2882,dragapult-ex,1345,basic-box-m
2,1605,p2,0709,raging-bolt-ogerpon,2110,mega-chandelure-ex
2,1606,p1,0580,dragapult-dusknoir,1253,mega-excadrill-ex
2,1607,p1,2731,dragapult-dusknoir,3076,alakazam-dudunsparce
2,1608,p2,1415,dragapult-dusknoir,1070,dragapult-ex
2,1609,p1,2584,festival-lead,2811,slowking-scr
2,1610,p1,0873,dragapult-ex,2381,other
2,1611,p2,0512,alakazam-dudunsparce,2049,lucario-hariyama
2,1612,p2,2367,dragapult-ex,2969,sharpedo-toxtricity
2,1613,p2,0664,slowking-scr,3064,starmie-froslass
2,1614,p2,0617,ogerpon-meganium-hydrapple,2711,slowking-scr
2,1615,p2,1394,crustle-dri,0072,cynthia-garchomp-ex
2,1616,tie,2800,dragapult-ex,2082,dragapult-ex
2,1617,p1,2611,dragapult-ex,0015,crustle-dri
2,1618,p2,0688,n-zoroark,2683,ogerpon-meganium-hydrapple
2,1619,p2,0196,mega-chandelure-ex,2930,grimmsnarl-froslass
2,1620,p1,0997,dragapult-ex,3091,dragapult-dusknoir
2,1621,p2,2697,n-zoroark,0546,ogerpon-meganium-hydrapple
2,1622,tie,1604,slowking-scr,1727,paldean-tauros-pfl
2,1623,p1,1318,hops-trevenant,2656,alakazam-dudunsparce
2,1624,tie,3018,beedrill-ex-cri,2624,lopunny-dudunsparce
2,1625,p1,0811,lucario-hariyama,1238,mega-excadrill-ex
2,1626,p1,0223,basic-box-m,1245,dragapult-ex
2,1627,p2,2572,dragapult-blaziken,2967,dragapult-ex
2,1628,p1,0561,festival-lead,1861,mega-abomasnow-ex
2,1629,p2,2201,greninja-ex,0619,basic-box-m
2,1630,p2,2580,raging-bolt-ogerpon,0190,sharpedo-toxtricity
2,1631,p1,2351,n-zoroark,1569,dragapult-ex
2,1632,p2,0629,raging-bolt-ogerpon,2145,dragapult-dusknoir
2,1633,p1,2505,sharpedo-toxtricity,3110,alakazam-dudunsparce
2,1634,p2,0498,dragapult-ex,2738,lopunny-dudunsparce
2,1635,p1,1523,basic-box-m,1085,n-zoroark
2,1636,p1,3015,dragapult-ex,1134,dudunsparce-control
2,1637,p2,0217,dhelmise-pbl,1378,cynthia-garchomp-ex
2,1638,tie,0794,crustle-dri,2717,dragapult-ex
2,1639,p1,0279,sharpedo-toxtricity,2501,sylveon-pre
2,1640,p1,0796,mega-excadrill-ex,0370,dragapult-ex
2,1641,tie,2416,ursaluna-lunatone,0568,hops-trevenant
2,1642,p2,0445,dragapult-ex,0734,mega-excadrill-ex
2,1643,p2,0022,rockets-honchkrow,2497,ogerpon-meganium-hydrapple
2,1644,p1,0452,basic-box-m,2210,dragapult-dusknoir
2,1645,p1,2207,slowking-scr,2650,cynthia-garchomp-ex
2,1646,p2,2012,dhelmise-pbl,0094,n-zoroark
2,1647,p2,1303,basic-box-m,0777,dragapult-blaziken
2,1648,tie,2743,basic-box-m,2685,dragapult-dusknoir
2,1649,p1,2191,dragapult-dusknoir,1837,mega-greninja-ex
2,1650,p2,3079,dragapult-blaziken,1170,slowking-scr
2,1651,p2,0933,lucario-hariyama,0989,crustle-dri
2,1652,p1,1328,sharpedo-toxtricity,0689,dragapult-dusknoir
2,1653,p1,0675,dragapult-dusknoir,0327,crustle-dri
2,1654,p1,1668,dragapult-ex,0513,n-zoroark
2,1655,p2,0532,dragapult-ex,3012,alakazam-dudunsparce
2,1656,p2,2261,mega-lucario-ex,1890,crustle-dri
2,1657,p2,0760,ethan-typhlosion,1200,festival-lead
2,1658,p1,1035,basic-box-m,2558,rockets-honchkrow
2,1659,p1,0044,dragapult-ex,0109,alakazam-dudunsparce
2,1660,tie,0247,toxtricity-box,1665,dragapult-blaziken
2,1661,p1,2901,crustle-dri,2424,dragapult-ex
2,1662,p2,2066,alakazam-dudunsparce,1879,slowking-scr
2,1663,p2,2861,starmie-dusknoir,0274,seaking-pre
2,1664,p2,1864,mega-greninja-ex,0931,crustle-dri
2,1665,tie,1930,zygarde-barbaracle,0312,dhelmise-pbl
2,1666,p1,0358,alakazam-dudunsparce,2336,dragapult-ex
2,1667,p2,1895,festival-lead,0106,ogerpon-meganium-hydrapple
2,1668,p1,2438,slowking-scr,1768,jellicent-dusknoir
2,1669,p1,1627,other,3021,crustle-dri
2,1670,p2,1333,manectric-eelektrik,0854,slowking-scr
2,1671,p1,1931,crustle-dri,1168,dhelmise-pbl
2,1672,tie,1797,mega-excadrill-ex,1949,lucario-hariyama
2,1673,p1,0595,dragapult-ex,2713,cynthia-garchomp-ex
2,1674,p1,2567,basic-box-m,0183,lopunny-dudunsparce
2,1675,p2,2921,dragapult-dusknoir,0468,basic-box-m
2,1676,tie,0764,n-zoroark,0918,raging-bolt-ogerpon
2,1677,tie,0783,ogerpon-meganium-hydrapple,2674,mega-excadrill-ex
2,1678,p1,2574,lopunny-dudunsparce,0405,dragapult-blaziken
2,1679,p2,2966,dragapult-dusknoir,0748,other
2,1680,p1,1920,basic-box-m,0828,mega-feraligatr-ex
2,1681,p2,0384,dragapult-dusknoir,2640,lucario-hariyama
2,1682,p1,1151,alakazam-dudunsparce,3050,lucario-hariyama
2,1683,p1,0924,dragapult-ex,1489,alakazam-dudunsparce
2,1684,p1,1094,mega-excadrill-ex,0515,dragapult-dusknoir
2,1685,p2,2634,mega-lucario-ex,2476,mega-excadrill-ex
2,1686,p1,2775,alakazam-dudunsparce,1503,alakazam-dudunsparce
2,1687,p1,0307,sharpedo-toxtricity,1148,mega-chandelure-ex
2,1688,p1,1793,slowking-scr,1761,kangaskhan-bouffalant
2,1689,p1,0922,dragapult-blaziken,1095,toucannon-pbl
2,1690,p1,2247,dragapult-ex,0916,mega-greninja-ex
2,1691,p2,2445,basic-box-m,1223,dragapult-ex
2,1692,p1,1992,dragapult-ex,0822,sharpedo-toxtricity
2,1693,p2,1011,crustle-dri,0815,dragapult-ex
2,1694,tie,1941,dragapult-dusknoir,0490,dragapult-ex
2,1695,p2,0809,mega-lucario-ex,1765,mega-greninja-ex
2,1696,p1,2556,slowking-scr,0526,starmie-froslass
2,1697,tie,0832,dhelmise-pbl,2387,other
2,1698,p2,0306,basic-box-m,1392,mega-excadrill-ex
2,1699,tie,3013,rockets-honchkrow,0296,dragapult-ex
2,1700,p2,2453,slowking-scr,2246,mega-lucario-ex
2,1701,p1,0543,n-zoroark,2510,rocket-mewtwo-ex
2,1702,p2,2414,basic-box-m,1217,dragapult-blaziken
2,1703,tie,1660,dragapult-ex,1203,dragapult-ex
2,1704,p1,1117,dragapult-ex,1105,lopunny-dusknoir
2,1705,p2,2117,dragapult-dusknoir,2852,slowking-scr
2,1706,p1,0049,slowking-scr,1693,n-zoroark
2,1707,p1,0743,dragapult-ex,1997,crustle-dri
2,1708,tie,2301,n-zoroark,2443,dhelmise-pbl
2,1709,p2,2426,lopunny-dusknoir,1608,lucario-hariyama
2,1710,p2,1657,mega-starmie-ex,2064,dragapult-ex
2,1711,p1,1084,n-zoroark,2197,dragapult-blaziken
2,1712,p2,1150,n-zoroark,0018,festival-lead
2,1713,p1,1098,dragapult-ex,2273,ursaluna-lunatone
2,1714,p2,1220,other,0735,starmie-dusknoir
2,1715,p2,2259,dragapult-blaziken,2813,mega-excadrill-ex
2,1716,p2,1521,dragapult-ex,1619,hops-trevenant
2,1717,p2,1850,n-zoroark,2057,festival-lead
2,1718,tie,1078,cinccino-ex,2292,mega-venusaur-ex
2,1719,p1,0197,dragapult-dusknoir,1692,ceruledge-ex
2,1720,p2,0524,n-zoroark,2539,alakazam-dudunsparce
2,1721,p1,1983,okidogi-barbaracle,2586,crustle-dri
2,1722,p1,0151,dragapult-ex,2473,dragapult-ex
2,1723,p1,0636,mega-excadrill-ex,0147,festival-lead
2,1724,p1,3069,dragapult-dusknoir,2408,n-zoroark
2,1725,p2,0980,raging-bolt-ogerpon,0251,crustle-dri
2,1726,tie,0538,dhelmise-pbl,1121,mega-starmie-ex
2,1727,p1,2781,n-zoroark,2279,dhelmise-pbl
2,1728,p2,0080,dragapult-ex,0235,slowking-scr
2,1729,p1,2527,alakazam-dudunsparce,1802,grimmsnarl-froslass
2,1730,p1,0725,kangaskhan-bouffalant,2630,dhelmise-pbl
2,1731,p2,0125,n-zoroark,3006,rocket-mewtwo-ex
2,1732,p1,0317,starmie-dusknoir,1598,mega-excadrill-ex
2,1733,p1,0485,alakazam-dudunsparce,0936,festival-lead
2,1734,p1,0058,mega-greninja-ex,2592,mega-excadrill-ex
2,1735,p2,0645,dragapult-ex,0672,dragapult-ex
2,1736,p1,0946,cynthia-garchomp-ex,0101,dragapult-ex
2,1737,tie,2715,dragapult-ex,3122,dragapult-ex
2,1738,p1,1403,mega-lucario-ex,1816,lopunny-dudunsparce
2,1739,p2,0937,dragapult-ex,0387,basic-box-m
2,1740,p2,1699,alakazam-dusknoir,0929,dragapult-dusknoir
2,1741,p1,0472,alakazam-dudunsparce,2995,mega-starmie-ex
2,1742,tie,2962,dragapult-dusknoir,2880,dhelmise-pbl
2,1743,tie,0426,alakazam-dudunsparce,0343,dragapult-blaziken
2,1744,p1,0294,crustle-dri,0007,dragapult-ex
2,1745,p1,0648,clefairy-ogerpon,1823,dragapult-dusknoir
2,1746,p2,2479,dragapult-blaziken,2383,dhelmise-pbl
2,1747,p2,1556,festival-lead,3112,slowking-scr
2,1748,p1,2003,slowking-scr,1107,ogerpon-meganium-hydrapple
2,1749,p2,0177,dragapult-ex,1706,dragapult-blaziken
2,1750,p1,2327,mega-excadrill-ex,1980,dragapult-ex
2,1751,p2,0376,dragapult-dusknoir,1434,dragapult-dusknoir
2,1752,p1,1438,slowking-scr,0560,dragapult-dusknoir
2,1753,p1,2679,rocket-mewtwo-ex,0624,dhelmise-pbl
2,1754,p1,2627,?,1366,sharpedo-toxtricity
2,1755,tie,0250,crustle-dri,0533,ogerpon-meganium-hydrapple
2,1756,tie,1000,dhelmise-pbl,2607,rocket-mewtwo-ex
2,1757,tie,1742,seaking-pre,0770,alakazam-dudunsparce
2,1758,tie,2810,ceruledge-ex,1710,basic-box-m
2,1759,p2,2644,mega-lucario-ex,0925,slowking-scr
2,1760,p1,1910,dragapult-dusknoir,3043,slowking-scr
2,1761,p1,1882,alakazam-dudunsparce,0365,kangaskhan-bouffalant
2,1762,p2,1543,toxtricity-brute-bonnet,2920,dragapult-ex
2,1763,p1,1674,slowking-scr,0964,dragapult-ex
2,1764,p1,0290,sharpedo-toxtricity,0878,cynthia-garchomp-ex
2,1765,p1,2854,dragapult-dusknoir,1162,slowking-scr
2,1766,p2,3121,dragapult-ex,0792,lucario-hariyama
2,1767,p1,2816,rockets-honchkrow,1731,raging-bolt-ogerpon
2,1768,tie,0264,n-zoroark,1306,alakazam-dusknoir
2,1769,p1,2205,dragapult-ex,1007,festival-lead
2,1770,tie,2106,okidogi-barbaracle,1221,basic-box-m
2,1771,p1,0092,raging-bolt-ogerpon,0068,beedrill-ex-cri
2,1772,p1,2905,rockets-honchkrow,3035,n-zoroark
2,1773,p2,1776,dhelmise-pbl,1321,crustle-dri
2,1774,tie,0257,alakazam-dudunsparce,1568,n-zoroark
2,1775,tie,0673,grimmsnarl-froslass,0899,dragapult-blaziken
2,1776,p2,0570,hydreigon-ex,0034,starmie-dusknoir
2,1777,p1,2452,other,1876,rocket-mewtwo-ex
2,1778,p1,0159,dragapult-ex,2039,ethan-typhlosion
2,1779,p2,2402,dhelmise-pbl,1399,dragapult-blaziken
2,1780,p1,2121,alakazam-dudunsparce,0268,dragapult-ex
2,1781,p1,2911,dragapult-dusknoir,2101,dragapult-dusknoir
2,1782,p2,0335,flareon-ex,0701,alakazam-dudunsparce
2,1783,p2,1045,ethan-typhlosion,0211,dragapult-dusknoir
2,1784,p1,1812,basic-box-m,2297,mega-excadrill-ex
2,1785,p1,1626,ogerpon-meganium-hydrapple,0581,beedrill-ex-cri
2,1786,p1,1015,manectric-eelektrik,2404,mega-excadrill-ex
2,1787,p2,1252,other,2808,dragapult-dusknoir
2,1788,tie,0398,raging-bolt-ogerpon,1951,dhelmise-pbl
2,1789,p2,2223,dragapult-ex,0319,basic-box-m
2,1790,p2,2986,raging-bolt-ogerpon,1123,alakazam-dudunsparce
2,1791,p2,2887,hops-trevenant,0284,n-zoroark
2,1792,p2,0639,mega-venusaur-ex,2964,basic-box-m
2,1793,p2,2954,lucario-hariyama,0893,dragapult-ex
2,1794,p2,1550,mega-excadrill-ex,1281,dragapult-ex
2,1795,p2,2135,dragapult-ex,1231,beedrill-ex-cri
2,1796,p2,1935,slowking-scr,1206,alakazam-dudunsparce
2,1797,p1,2773,mega-greninja-ex,3034,mega-excadrill-ex
2,1798,p1,1723,dragapult-ex,0724,dragapult-ex
2,1799,p2,0418,dragapult-dusknoir,1183,grimmsnarl-froslass
2,1800,p2,2125,dragapult-dusknoir,1353,dragapult-blaziken
2,1801,p2,0973,dragapult-dusknoir,2456,crustle-dri
2,1802,p2,2410,doublade-por,1215,festival-lead
2,1803,p1,1362,?metagross,0069,festival-lead
2,1804,p1,0651,grimmsnarl-froslass,0381,mega-venusaur-ex
2,1805,p1,0006,festival-lead,1187,seaking-pre
2,1806,p1,0454,dragapult-ex,1547,dragapult-ex
2,1807,tie,0227,dragapult-ex,0132,dragapult-ex
2,1808,p2,2987,alakazam-dusknoir,0643,grimmsnarl-froslass
2,1809,p1,2092,n-zoroark,1684,archaludon-ex
2,1810,p2,1790,dragapult-dusknoir,1680,seaking-pre
2,1811,tie,2702,sharpedo-toxtricity,1799,crustle-dri
2,1812,p2,0278,dragapult-dusknoir,2581,?metagross
2,1813,tie,1003,lopunny-dusknoir,1634,crustle-dri
2,1814,tie,2466,cynthia-garchomp-ex,1038,hops-trevenant
2,1815,p2,1488,basic-box-m,1298,raging-bolt-ogerpon
2,1816,p2,0412,lucario-hariyama,2155,seaking-pre
2,1817,p2,1412,dragapult-dusknoir,1900,dragapult-ex
2,1818,p1,0586,slowking-scr,2908,sharpedo-toxtricity
2,1819,p1,3003,dragapult-dusknoir,0682,mega-greninja-ex
2,1820,p2,1225,mega-excadrill-ex,2951,mega-lucario-ex
2,1821,p1,0161,dragapult-blaziken,0100,slowking-scr
2,1822,p1,2354,dragapult-blaziken,0439,basic-box-m
2,1823,tie,2517,mega-venusaur-ex,0659,alakazam-dudunsparce
2,1824,p2,1249,other,0166,rocket-mewtwo-ex
2,1825,p1,2433,lucario-hariyama,1905,rocket-mewtwo-ex
2,1826,p2,1319,dragapult-dusknoir,0222,n-zoroark
2,1827,tie,0771,ogerpon-meganium-hydrapple,0239,lopunny-dusknoir
2,1828,p2,2317,n-zoroark,2998,dragapult-ex
2,1829,tie,3118,dragapult-ex,2889,cynthia-garchomp-ex
2,1830,p1,1387,dragapult-blaziken,2538,dragapult-dusknoir
2,1831,p2,1664,lucario-hariyama,2119,dragapult-ex
2,1832,p2,0742,crustle-dri,0338,n-zoroark
2,1833,p1,1455,dragapult-dusknoir,2025,ogerpon-meganium-hydrapple
2,1834,p2,2755,dragapult-ex,0419,mega-lucario-ex
2,1835,p2,0848,grimmsnarl-froslass,1756,clefairy-ogerpon
2,1836,p2,1638,dragapult-ex,0213,crustle-dri
2,1837,p2,1739,mega-venusaur-ex,2772,dragapult-ex
2,1838,p1,1542,n-zoroark,0823,other
2,1839,p2,0424,alakazam-dudunsparce,2948,basic-box-m
2,1840,p2,0201,dragapult-dusknoir,2167,n-zoroark
2,1841,p1,0256,ogerpon-meganium-hydrapple,1510,dhelmise-pbl
2,1842,p2,1372,kangaskhan-bouffalant,1342,cinccino-ex
2,1843,p2,1703,dragapult-ex,0461,dragapult-ex
2,1844,p1,1962,dragapult-ex,0638,ogerpon-meganium-hydrapple
2,1845,p1,0135,n-zoroark,0476,grimmsnarl-froslass
2,1846,p1,1421,dragapult-ex,0914,mega-lucario-ex
2,1847,p1,2645,rocket-mewtwo-ex,3095,doublade-por
2,1848,tie,3039,sharpedo-toxtricity,3025,dragapult-dusknoir
2,1849,p1,2467,rockets-honchkrow,1833,mega-excadrill-ex
2,1850,p2,2768,alakazam-dudunsparce,1989,n-zoroark
2,1851,p1,2457,mega-excadrill-ex,0755,alakazam-dudunsparce
2,1852,p1,0253,lucario-hariyama,1848,froslass-munkidori
2,1853,tie,1777,dragapult-ex,1722,alakazam-dudunsparce
2,1854,p2,0121,dragapult-blaziken,0856,basic-box-m
2,1855,p2,0862,alakazam-dusknoir,2825,dhelmise-pbl
2,1856,p2,1511,dragapult-ex,0621,mega-excadrill-ex
2,1857,tie,2158,dragapult-ex,0373,dragapult-ex
2,1858,p2,2244,dragapult-blaziken,1132,slowking-scr
2,1859,p2,1528,basic-box-m,3115,cinccino-ex
2,1860,p2,2893,dragapult-dusknoir,0800,basic-box-m
2,1861,p1,1143,basic-box-m,2504,mega-lucario-ex
2,1862,p2,2485,basic-box-m,0180,mega-excadrill-ex
2,1863,p2,1154,flareon-noctowl,1867,raging-bolt-ogerpon
2,1864,p1,2835,basic-box-m,3053,slowking-scr
2,1865,p1,2185,ogerpon-meganium-hydrapple,0260,n-zoroark
2,1866,p1,0996,crustle-dri,1129,dragapult-dusknoir
2,1867,p2,2847,lucario-hariyama,0876,basic-box-m
2,1868,p2,2563,alakazam-dusknoir,1189,alakazam-dudunsparce
2,1869,p2,0266,mega-excadrill-ex,0985,basic-box-m
2,1870,p1,2093,dhelmise-pbl,0609,rockets-honchkrow
2,1871,p2,1370,n-zoroark,2719,slowking-scr
2,1872,tie,0175,dhelmise-pbl,0775,alakazam-dusknoir
2,1873,p2,2891,dragapult-dusknoir,2234,dhelmise-pbl
2,1874,p2,2857,dragapult-ex,0156,dragapult-ex
2,1875,p2,0003,mega-chandelure-ex,1020,dragapult-dusknoir
2,1876,p1,2778,toucannon-pbl,1195,mega-excadrill-ex
2,1877,p1,1009,slowking-scr,1832,ogerpon-meganium-hydrapple
2,1878,p2,0019,n-zoroark,2366,dragapult-ex
2,1879,p2,2590,festival-lead,1873,dragapult-blaziken
2,1880,p1,2903,dragapult-dudunsparce,1622,ogerpon-meganium-hydrapple
2,1881,p2,0517,festival-lead,0601,dragapult-dusknoir
2,1882,p1,2596,mega-excadrill-ex,1554,beedrill-ex-cri
2,1883,p1,1384,n-zoroark,2133,n-zoroark
2,1884,p2,1774,dragapult-ex,2341,mega-excadrill-ex
2,1885,p2,1947,rocket-mewtwo-ex,1316,ogerpon-meganium-hydrapple
2,1886,tie,0680,mega-excadrill-ex,2587,rockets-honchkrow
2,1887,p1,0504,slowking-scr,2520,ogerpon-meganium-hydrapple
2,1888,p1,0323,dragapult-dusknoir,2543,dragapult-ex
2,1889,p1,0927,dragapult-dusknoir,1101,dragapult-ex
2,1890,tie,0757,mega-chandelure-ex,0138,dhelmise-pbl
2,1891,p2,2076,slowking-scr,0272,dragapult-ex
2,1892,p2,0641,rocket-mewtwo-ex,1164,dragapult-dusknoir
2,1893,p2,2061,slowking-scr,1211,n-zoroark
2,1894,p1,1088,beedrill-ex-cri,2420,mega-excadrill-ex
2,1895,p1,0299,clefairy-ogerpon,1176,festival-lead
2,1896,p1,2103,ethan-typhlosion,3062,rockets-honchkrow
2,1897,tie,2841,dhelmise-pbl,2668,dragapult-ex
2,1898,p2,1517,mega-lucario-ex,0010,n-zoroark
2,1899,tie,2098,ogerpon-meganium,1197,dragapult-dusknoir
2,1900,p1,0552,dragapult-ex,2554,rocket-spidops
2,1901,p2,2917,n-zoroark,2263,palafin-ex
2,1902,p1,2307,dragapult-dusknoir,2130,toxtricity-box
2,1903,p1,2431,crustle-dri,0322,dragapult-ex
2,1904,p1,1269,sharpedo-toxtricity,2521,lucario-hariyama
2,1905,p2,2184,dragapult-ex,2823,n-zoroark
2,1906,p2,2613,dragapult-ex,0064,dragapult-ex
2,1907,p2,0192,basic-box-m,0798,rockets-honchkrow
2,1908,p2,1194,dragapult-dudunsparce,0785,dragapult-ex
2,1909,p2,0361,slowking-scr,2180,alakazam-dudunsparce
2,1910,p1,1829,dragapult-dusknoir,1240,bronzong-tef
2,1911,p1,1587,slowking-scr,0697,slowking-scr
2,1912,p1,2664,crustle-dri,2752,basic-box-m
2,1913,p1,1507,dragapult-ex,1247,festival-lead
2,1914,tie,0970,basic-box-m,0448,ogerpon-meganium-hydrapple
2,1915,tie,0978,raging-bolt-ogerpon,2379,yanmega-ex
2,1916,p1,1309,dragapult-blaziken,2536,dragapult-ex
2,1917,tie,0987,dragapult-ex,1207,ogerpon-meganium-arboliva
2,1918,p2,0908,mega-starmie-ex,1112,cynthia-garchomp-ex
2,1919,p1,0167,ogerpon-meganium-hydrapple,1420,lopunny-dusknoir
2,1920,p1,0634,alakazam-dudunsparce,0727,festival-lead
2,1921,p1,0242,alakazam-dudunsparce,2671,slowking-scr
2,1922,p2,0807,basic-box-m,1939,dragapult-dusknoir
2,1923,p1,2200,alakazam-dusknoir,1440,dragapult-ex
2,1924,tie,2687,slowking-scr,0414,dragapult-ex
2,1925,p1,0803,dragapult-ex,1589,yanmega-ex
2,1926,p2,2188,alakazam-dudunsparce,0667,dhelmise-pbl
2,1927,p2,0573,crustle-dri,3117,cynthia-garchomp-ex
2,1928,tie,0528,alakazam-dudunsparce,0507,crustle-dri
2,1929,p2,2678,ceruledge-ex,1041,other
2,1930,p1,1485,basic-box-m,2311,dragapult-blaziken
2,1931,p1,1332,lopunny-dusknoir,2511,festival-lead
2,1932,p2,0103,dragapult-blaziken,0051,alakazam-dudunsparce
2,1933,p2,1560,dragapult-ex,1566,crustle-dri
2,1934,p2,2829,dragapult-ex,2662,lopunny-dudunsparce
2,1935,p1,1686,toxtricity-box,1661,crustle-dri
2,1936,p2,0716,alakazam-dudunsparce,2935,dhelmise-pbl
2,1937,p2,1957,n-zoroark,0281,dragapult-ex
2,1938,p2,1976,mega-venusaur-ex,0428,dragapult-ex
2,1939,p2,2001,rockets-honchkrow,2490,dragapult-dusknoir
2,1940,tie,1911,dragapult-ex,2704,dragapult-ex
2,1941,p2,2343,greninja-ex,2736,alakazam-dudunsparce
2,1942,tie,1294,mega-venusaur-ex,1427,n-zoroark
2,1943,p1,1892,dragapult-dusknoir,0782,dragapult-blaziken
2,1944,p1,0219,dragapult-blaziken,2482,festival-lead
2,1945,p2,0097,n-zoroark,1057,basic-box-m
2,1946,p2,2652,dhelmise-pbl,2931,dragapult-ex
2,1947,p2,3106,alakazam-dudunsparce,1382,basic-box-m
2,1948,tie,2196,?metagross,1681,festival-lead
2,1949,p1,1754,crustle-dri,2300,dragapult-ex
2,1950,p1,0845,alakazam-dudunsparce,1771,starmie-dusknoir
2,1951,tie,1747,dragapult-ex,1893,dragapult-blaziken
2,1952,p2,2796,n-zoroark,2761,festival-lead
2,1953,p2,2349,lucario-hariyama,0754,hops-trevenant
2,1954,p2,0600,dragapult-dusknoir,0801,ogerpon-meganium-hydrapple
2,1955,tie,2788,alakazam-dudunsparce,1613,alakazam-dudunsparce
2,1956,p1,1923,dragapult-ex,1447,dragapult-ex
2,1957,p2,0062,alakazam-dudunsparce,2181,mega-excadrill-ex
2,1958,p1,2860,mega-excadrill-ex,1786,dragapult-ex
2,1959,p1,1443,crustle-dri,0608,n-zoroark
2,1960,p1,0203,lopunny-dudunsparce,0173,sharpedo-toxtricity
2,1961,p2,0084,grimmsnarl-froslass,1389,dragapult-ex
2,1962,tie,2760,dragapult-dusknoir,2477,mega-venusaur-ex
2,1963,tie,2254,hop-zacian,2617,mega-absol-box
2,1964,p2,1917,okidogi-barbaracle,1901,dragapult-ex
2,1965,p2,2148,sharpedo-toxtricity,0722,crustle-dri
2,1966,p1,1968,crustle-dri,3100,sharpedo-toxtricity
2,1967,tie,1857,ogerpon-meganium-hydrapple,2038,festival-lead
2,1968,p1,3071,crustle-dri,0108,dragapult-dusknoir
2,1969,p2,1140,doublade-por,0333,basic-box-m
2,1970,p1,0584,crustle-dri,1166,sharpedo-toxtricity
2,1971,p1,1669,slowking-scr,1618,rockets-honchkrow
2,1972,p1,3073,mega-venusaur-ex,1977,dragapult-ex
2,1973,p1,2660,dragapult-ex,1031,lucario-hariyama
2,1974,p2,1736,dragapult-ex,2405,basic-box-m
2,1975,p2,0495,mega-excadrill-ex,2895,dhelmise-pbl
2,1976,p1,1059,dragapult-dusknoir,1449,dragapult-blaziken
2,1977,p2,2051,dragapult-dusknoir,2150,dragapult-dusknoir
2,1978,p2,0858,mega-excadrill-ex,0891,n-zoroark
2,1979,p2,1814,dragapult-dusknoir,0739,slowking-scr
2,1980,p2,3116,festival-lead,0341,n-zoroark
2,1981,tie,2141,n-zoroark,1752,dragapult-ex
2,1982,p1,2252,n-zoroark,2769,ogerpon-meganium-hydrapple
2,1983,p1,2733,cynthia-garchomp-ex,0867,alakazam-dudunsparce
2,1984,tie,0767,sharpedo-toxtricity,0011,dragapult-dusknoir
2,1985,p2,2173,n-zoroark,1757,alakazam-dudunsparce
2,1986,p1,2622,lucario-hariyama,1351,raging-bolt-ogerpon
2,1987,tie,0401,dragapult-blaziken,2123,dragapult-dusknoir
2,1988,p1,1481,slowking-scr,3077,other
2,1989,p2,0965,crustle-dri,0455,mega-excadrill-ex
2,1990,p2,3008,basic-box-m,0547,dragapult-dusknoir
2,1991,p2,0953,toucannon-pbl,2883,alakazam-dudunsparce
2,1992,p1,1982,dragapult-dusknoir,2449,other
2,1993,p1,0231,dragapult-ex,2400,alakazam-dudunsparce
2,1994,p2,3101,beedrill-ex-cri,0625,dragapult-ex
2,1995,tie,0226,dragapult-ex,0655,mega-excadrill-ex
2,1996,p2,2306,dragapult-blaziken,1925,dragapult-ex
2,1997,p1,0407,basic-box-m,1719,other
2,1998,p1,1049,alakazam-dudunsparce,1818,festival-lead
2,1999,p2,1791,mega-excadrill-ex,0705,dhelmise-pbl
2,2000,p2,0843,dragapult-dusknoir,2804,dragapult-ex
2,2001,tie,1039,hops-trevenant,0975,raging-bolt-ogerpon
2,2002,p2,1996,ogerpon-meganium-hydrapple,2569,dragapult-blaziken
2,2003,p2,2165,sharpedo-toxtricity,2983,mega-chandelure-ex
2,2004,tie,1642,dhelmise-pbl,2765,slowking-scr
2,2005,tie,1191,dragapult-ex,1897,dragapult-ex
2,2006,p1,1520,dragapult-dusknoir,0714,crustle-dri
2,2007,p2,3119,mega-froslass-ex,0082,dragapult-ex
2,2008,tie,2542,crustle-dri,1056,alakazam-dudunsparce
2,2009,p2,2068,dragapult-ex,0666,dragapult-blaziken
2,2010,p1,1877,lopunny-dusknoir,0149,dragapult-ex
2,2011,tie,2900,sharpedo-toxtricity,0024,hops-trevenant
2,2012,p1,0835,alakazam-dusknoir,2492,dragapult-dusknoir
2,2013,tie,1853,kangaskhan-bouffalant,1092,mega-greninja-ex
2,2014,p1,2669,mega-excadrill-ex,2271,alakazam-dudunsparce
2,2015,p2,0947,dragapult-ex,3120,crustle-dri
2,2016,p2,1988,slowking-scr,2742,dragapult-dusknoir
2,2017,p2,2083,dragapult-ex,1806,slowking-scr
2,2018,tie,2194,sharpedo-toxtricity,1945,dragapult-ex
2,2019,p2,0871,dhelmise-pbl,1113,crustle-dri
2,2020,p2,1018,n-zoroark,1491,mega-lucario-ex
2,2021,p1,0027,dragapult-ex,0450,ceruledge-ex
2,2022,p1,1714,mega-excadrill-ex,0154,mega-excadrill-ex
2,2023,tie,0838,mega-froslass-ex,1580,festival-lead
2,2024,p2,3067,dragapult-ex,0463,dragapult-ex
2,2025,p1,3084,ogerpon-meganium-hydrapple,1408,rocket-mewtwo-ex
2,2026,tie,0399,n-zoroark,2681,ceruledge-ex
2,2027,p1,1807,alakazam-dudunsparce,1406,mega-excadrill-ex
2,2028,p1,2313,ogerpon-meganium-hydrapple,2507,mega-excadrill-ex
2,2029,p1,2220,n-zoroark,3010,dragapult-ex
2,2030,p2,0614,slowking-scr,3024,dhelmise-pbl
2,2031,p2,0415,dragapult-dusknoir,3028,other
2,2032,tie,2143,dragapult-dudunsparce,0048,festival-lead
2,2033,p1,0657,dragapult-dusknoir,1593,n-zoroark
2,2034,tie,1030,basic-box-m,1348,alakazam-dudunsparce
2,2035,p1,0650,crustle-dri,1687,crustle-dri
2,2036,p1,2566,basic-box-m,2990,basic-box-m
2,2037,p1,1514,dragapult-blaziken,1760,mega-excadrill-ex
2,2038,p2,0339,n-zoroark,2059,dragapult-ex
2,2039,p1,1355,dragapult-ex,0941,alakazam-dudunsparce
2,2040,p1,1582,ogerpon-meganium-hydrapple,1230,mega-venusaur-ex
2,2041,p1,2164,dragapult-dusknoir,2386,crustle-dri
2,2042,tie,1822,mega-chandelure-ex,1953,dragapult-ex
2,,unpaired,1186,greninja-ex,,
3,501,p1,1926,mega-absol-box,2756,alakazam-dusknoir
3,502,tie,0836,dragapult-ex,1254,alakazam-dudunsparce
3,503,tie,2703,slowking-scr,0488,basic-box-m
3,504,p1,2553,festival-lead,2444,dragapult-ex
3,505,p1,2654,dragapult-dusknoir,2116,basic-box-m
3,506,p2,2170,dragapult-blaziken,1282,n-zoroark
3,507,tie,1341,dragapult-ex,2063,slowking-scr
3,508,p1,1246,dhelmise-pbl,2528,dragapult-ex
3,509,p1,3080,mega-venusaur-ex,0909,alakazam-dudunsparce
3,510,p2,1037,dragapult-blaziken,1456,slowking-scr
3,511,p1,1519,dragapult-blaziken,2657,dragapult-blaziken
3,512,tie,0736,dragapult-ex,2100,dragapult-ex
3,513,p1,0541,dragapult-dusknoir,0255,crustle-dri
3,514,p1,0353,dragapult-ex,0371,dragapult-dusknoir
3,515,p2,1179,dragapult-dusknoir,1792,slowking-scr
3,516,p2,2253,crustle-dri,3078,rocket-mewtwo-ex
3,517,p2,0503,dragapult-ex,1555,dragapult-blaziken
3,518,p1,0366,sharpedo-toxtricity,3026,dragapult-ex
3,519,tie,2378,n-zoroark,3046,grimmsnarl-froslass
3,520,p1,1404,n-zoroark,2965,mega-excadrill-ex
3,521,p1,1527,alakazam-dudunsparce,0812,slowking-scr
3,522,p2,3096,crustle-dri,1390,lucario-hariyama
3,523,p2,1995,alakazam-dudunsparce,0665,dragapult-ex
3,524,p2,0402,crustle-dri,1952,slowking-scr
3,525,tie,1302,mega-excadrill-ex,1648,dragapult-blaziken
3,526,p1,1005,alakazam-dudunsparce,3017,alakazam-dudunsparce
3,527,p2,2842,mega-excadrill-ex,2540,lucario-hariyama
3,528,tie,1498,festival-lead,3075,slowking-scr
3,529,p1,1472,slowking-scr,2884,n-zoroark
3,530,p1,0990,dragapult-dusknoir,2541,dhelmise-pbl
3,531,p1,2131,dragapult-ex,2807,rockets-honchkrow
3,532,tie,1691,dragapult-ex,1888,cynthia-garchomp-ex
3,533,p1,1712,?,0087,dragapult-ex
3,534,p2,1448,dragapult-dusknoir,0374,crustle-dri
3,535,p1,1579,mega-starmie-ex,2659,toxtricity-box
3,536,p2,1251,sharpedo-toxtricity,1513,basic-box-m
3,537,p2,1023,dragapult-blaziken,0695,dragapult-ex
3,538,p2,2187,lucario-hariyama,2582,alakazam-dudunsparce
3,539,p2,0469,raging-bolt-ogerpon,0644,lopunny-dusknoir
3,540,p1,1794,kangaskhan-bouffalant,0670,dragapult-ex
3,541,p1,1709,dragapult-dusknoir,2362,alakazam-dusknoir
3,542,p2,1147,dhelmise-pbl,2233,n-zoroark
3,543,tie,0289,crustle-dri,2489,alakazam-dudunsparce
3,544,p2,0952,dragapult-ex,0668,dragapult-ex
3,545,p2,2004,slowking-scr,0417,dragapult-blaziken
3,546,p1,0017,dragapult-ex,3016,dhelmise-pbl
3,547,p2,0939,ogerpon-meganium-arboliva,2413,crustle-dri
3,548,p1,0070,basic-box-m,0020,ogerpon-meganium-hydrapple
3,549,p2,0938,n-zoroark,2011,n-zoroark
3,550,p2,1495,alakazam-dudunsparce,0966,dragapult-ex
3,551,p2,1494,slowking-scr,1325,dragapult-ex
3,552,p1,3092,rockets-honchkrow,0923,dragapult-dusknoir
3,553,p1,2156,dragapult-ex,0001,dragapult-dusknoir
3,554,p2,0932,dragapult-dusknoir,1553,crustle-dri
3,555,p1,2977,basic-box-m,2190,mega-greninja-ex
3,556,p1,0460,crustle-dri,0112,dragapult-dusknoir
3,558,tie,1260,slowking-scr,0116,alakazam-dudunsparce
3,559,tie,0727,festival-lead,0117,kangaskhan-bouffalant
3,560,p1,0119,ogerpon-meganium-hydrapple,0641,rocket-mewtwo-ex
3,561,tie,0122,grimmsnarl-froslass,2468,mega-venusaur-ex
3,562,p1,0111,dragapult-blaziken,0123,dragapult-ex
3,563,p2,0126,lopunny-dusknoir,0654,mega-lucario-ex
3,564,tie,2120,dragapult-ex,0128,dragapult-ex
3,565,p2,0130,dragapult-ex,2876,basic-box-m
3,566,tie,0282,mega-excadrill-ex,2557,slowking-scr
3,567,p1,0669,n-zoroark,0134,alakazam-dudunsparce
3,568,p1,0270,dragapult-dusknoir,0981,clefairy-ogerpon
3,569,p1,0821,slowking-scr,1702,dhelmise-pbl
3,570,p2,0559,diancie-dusknoir,1751,mega-excadrill-ex
3,571,p1,2573,n-zoroark,0142,dragapult-ex
3,572,p2,2858,slowking-scr,2216,basic-box-m
3,573,p2,0527,dragapult-ex,1184,dragapult-ex
3,574,p1,2094,sharpedo-toxtricity,2199,dragapult-ex
3,575,p1,2996,starmie-froslass,2600,crustle-dri
3,576,p2,1966,lopunny-dusknoir,0449,n-zoroark
3,577,p2,1248,slowking-scr,1652,dragapult-blaziken
3,578,tie,1978,dragapult-ex,0620,rockets-honchkrow
3,579,p2,2968,slowking-scr,0681,dragapult-dusknoir
3,580,p1,1720,festival-lead,0102,dragapult-ex
3,581,p2,2988,dragapult-ex,1592,dragapult-ex
3,582,p2,1322,slowking-scr,1805,dragapult-ex
3,583,p2,1697,ogerpon-meganium-hydrapple,0486,dragapult-ex
3,584,p2,1863,dragapult-ex,2262,crustle-dri
3,585,p1,2455,dragapult-ex,2442,dragapult-ex
3,586,p2,0902,alakazam-dusknoir,0511,n-zoroark
3,587,p2,1508,dhelmise-pbl,1324,dragapult-ex
3,588,tie,1724,dragapult-ex,0131,dhelmise-pbl
3,589,p2,1948,mega-excadrill-ex,2639,dragapult-ex
3,590,p1,0768,dragapult-ex,0984,festival-lead
3,591,p1,1896,dragapult-dusknoir,2939,dragapult-dusknoir
3,592,p2,2947,n-zoroark,2509,dragapult-dusknoir
3,593,p2,0336,dragapult-dusknoir,2614,dhelmise-pbl
3,594,p2,2980,lucario-hariyama,1847,grimmsnarl-froslass
3,595,p1,1169,dragapult-ex,1781,crustle-dri
3,596,p1,2910,raging-bolt-ogerpon,1008,dragapult-blaziken
3,597,p1,2224,crustle-dri,1708,greninja-ex
3,598,p2,2136,festival-lead,0791,ogerpon-meganium-hydrapple
3,599,p1,1614,dragapult-blaziken,1478,dragapult-dusknoir
3,600,p1,2608,dragapult-blaziken,0232,dragapult-ex
3,601,tie,0189,ogerpon-meganium-hydrapple,0773,dragapult-ex
3,602,p2,2283,mega-lucario-ex,2722,slowking-scr
3,603,p2,0328,rockets-honchkrow,0976,alakazam-dusknoir
3,604,p1,1004,dragapult-froslass,0208,iono-bellibolt
3,605,p1,0209,dragapult-blaziken,2154,dragapult-ex
3,606,p1,0143,basic-box-m,0004,beedrill-ex-cri
3,607,p1,1419,dragapult-dusknoir,0523,alakazam-dusknoir
3,608,p1,0271,dragapult-ex,2848,slowking-scr
3,609,tie,2618,mega-excadrill-ex,2484,n-zoroark
3,610,p1,0713,ethan-typhlosion,0778,ogerpon-meganium-hydrapple
3,611,p1,0831,dragapult-ex,1749,lucario-hariyama
3,612,p2,0496,dragapult-dusknoir,2314,dragapult-ex
3,613,p1,1270,mega-excadrill-ex,2491,dragapult-ex
3,614,tie,1046,alakazam-dusknoir,1979,dragapult-ex
3,615,p2,1704,basic-box-m,0057,dragapult-ex
3,616,p2,2890,festival-lead,1772,dragapult-ex
3,617,p1,2856,sharpedo-toxtricity,1469,crustle-dri
3,618,p2,1293,dhelmise-pbl,0872,alakazam-dusknoir
3,619,p1,0457,dragapult-ex,1685,mega-froslass-dudunsparce
3,620,tie,0491,sharpedo-toxtricity,1076,rockets-honchkrow
3,621,p2,2682,cynthia-garchomp-ex,2513,slowking-scr
3,622,tie,0855,rockets-honchkrow,1898,dhelmise-pbl
3,623,p2,1838,n-zoroark,2160,dragapult-ex
3,624,p2,2922,rockets-honchkrow,2230,seaking-pre
3,625,p2,2902,dragapult-dusknoir,1315,grimmsnarl-froslass
3,626,p1,2412,starmie-dusknoir,0921,slowking-scr
3,627,p1,1016,dragapult-dudunsparce,1352,mega-excadrill-ex
3,628,tie,2684,toucannon-pbl,1193,dragapult-ex
3,629,p2,2670,dragapult-ex,3027,n-zoroark
3,630,p1,1149,basic-box-m,0579,dhelmise-pbl
3,631,p2,0096,n-zoroark,2589,slowking-scr
3,632,p2,0451,dragapult-blaziken,1834,dragapult-ex
3,633,p2,0786,crustle-dri,3052,basic-box-m
3,634,p2,1368,dragapult-ex,1218,dragapult-ex
3,635,p2,0781,slowking-scr,2782,crustle-dri
3,636,tie,1178,slowking-scr,2651,slowking-scr
3,637,p1,2335,festival-lead,1918,alakazam-dudunsparce
3,638,p2,1744,dragapult-ex,2666,slowking-scr
3,639,p2,0613,dragapult-dusknoir,0162,dragapult-ex
3,640,p1,1091,dragapult-ex,1891,dragapult-blaziken
3,641,p1,0676,alakazam-dudunsparce,0368,basic-box-m
3,642,p2,1109,dragapult-ex,0202,crustle-dri
3,643,p1,1740,slowking-scr,0521,raging-bolt-ogerpon
3,644,p2,0453,dragapult-ex,1354,crustle-dri
3,645,p1,0942,lucario-hariyama,0479,dragapult-dusknoir
3,646,p1,0205,lucario-hariyama,2872,n-zoroark
3,647,p1,2667,mega-lucario-ex,1874,dragapult-ex
3,648,p1,1567,dragapult-ex,0744,lillie-clefairy
3,649,p2,3102,lopunny-dudunsparce,2770,dragapult-ex
3,650,p2,0427,lucario-hariyama,2818,mega-excadrill-ex
3,651,p2,2439,dragapult-dusknoir,0700,lopunny-dusknoir
3,652,p2,0303,beedrill-ex-cri,2880,dhelmise-pbl
3,653,p2,0305,mega-greninja-ex,1854,kangaskhan-bouffalant
3,654,p1,1586,slowking-scr,0158,lucario-hariyama
3,655,p1,2198,dragapult-ex,0977,n-zoroark
3,656,tie,0063,lucario-hariyama,1155,alakazam-dudunsparce
3,657,p1,0243,dragapult-ex,1946,dragapult-ex
3,658,p2,0995,slowking-scr,1746,crustle-dri
3,659,p1,0979,dragapult-blaziken,1196,mega-excadrill-ex
3,660,tie,1327,dragapult-dusknoir,0793,dragapult-ex
3,661,p1,1400,dragapult-dusknoir,1673,dragapult-dusknoir
3,662,p2,2601,dragapult-dusknoir,0360,crustle-dri
3,663,p1,3044,grimmsnarl-froslass,1505,dragapult-blaziken
3,664,p1,1069,dragapult-ex,2595,dragapult-blaziken
3,665,p1,1628,n-zoroark,0351,n-zoroark
3,666,p2,0825,dragapult-ex,1444,dragapult-ex
3,667,p2,0698,dhelmise-pbl,2363,festival-lead
3,668,p2,0565,lucario-hariyama,2384,basic-box-m
3,669,tie,1597,dragapult-ex,1902,n-zoroark
3,670,p1,0894,dragapult-blaziken,0864,festival-lead
3,671,tie,0945,dragapult-ex,0464,dragapult-ex
3,672,p2,2785,dragapult-ex,2795,alakazam-dudunsparce
3,673,p2,2633,manectric-eelektrik,2819,mega-greninja-ex
3,674,p1,0679,dragapult-ex,0733,basic-box-m
3,675,p1,0702,n-zoroark,0150,dragapult-dusknoir
3,676,p2,0847,dragapult-ex,0181,dragapult-ex
3,677,tie,0804,alakazam-dudunsparce,1924,basic-box-m
3,678,p2,1036,ogerpon-meganium-hydrapple,2429,dragapult-ex
3,679,p1,1658,alakazam-dusknoir,2862,mega-excadrill-ex
3,680,p1,1942,lucario-hariyama,0715,dragapult-ex
3,681,p2,2936,beedrill-ex-cri,2331,dragapult-ex
3,682,p1,2450,dragapult-dusknoir,1209,raging-bolt-ogerpon
3,683,tie,2821,festival-lead,0105,slowking-scr
3,684,p1,1534,marnie-grimmsnarl-ex,2328,dragapult-ex
3,685,p1,2751,greninja-ex,1290,lucario-hariyama
3,686,p2,2982,dhelmise-pbl,2550,mega-excadrill-ex
3,687,p2,2826,dragapult-blaziken,0500,basic-box-m
3,688,p2,0626,dragapult-blaziken,1227,dragapult-ex
3,689,p1,2437,dragapult-blaziken,2146,dragapult-ex
3,690,p2,1411,n-zoroark,1060,mega-excadrill-ex
3,691,p1,2105,basic-box-m,0551,mega-excadrill-ex
3,692,p2,2060,festival-lead,2195,dragapult-dusknoir
3,693,p2,2851,dragapult-ex,2623,rockets-honchkrow
3,694,p2,2758,mega-excadrill-ex,2046,dragapult-ex
3,695,tie,1860,dragapult-dusknoir,0220,slowking-scr
3,696,p1,1758,lucario-hariyama,2744,crustle-dri
3,697,tie,2518,alakazam-dudunsparce,1908,n-zoroark
3,698,p2,0554,rocket-mewtwo-ex,0013,dragapult-ex
3,699,p1,0758,n-zoroark,2302,dragapult-ex
3,700,p1,1077,alakazam-dusknoir,1066,basic-box-m
3,701,tie,2142,basic-box-m,0489,dragapult-blaziken
3,702,p1,2853,n-zoroark,1019,dragapult-ex
3,703,p1,0562,basic-box-m,1405,sharpedo-toxtricity
3,704,tie,2475,n-zoroark,2138,n-zoroark
3,705,p1,1296,n-zoroark,2780,n-zoroark
3,706,p1,1457,dragapult-ex,0890,dragapult-ex
3,707,p2,1032,mega-lucario-ex,0808,dragapult-ex
3,708,p1,0787,dragapult-ex,2293,dragapult-ex
3,709,p1,1122,basic-box-m,1002,dragapult-ex
3,710,p2,1161,alakazam-dudunsparce,0610,dragapult-ex
3,711,tie,0114,basic-box-m,3109,dragapult-ex
3,712,p2,2961,slowking-scr,1222,mega-excadrill-ex
3,713,tie,0420,dragapult-dusknoir,2688,basic-box-m
3,714,p1,2242,alakazam-dusknoir,1198,mega-excadrill-ex
3,715,tie,0280,dragapult-ex,1058,n-zoroark
3,716,p2,0071,rockets-honchkrow,0602,dragapult-ex
3,717,p2,1153,dragapult-blaziken,0321,alakazam-dudunsparce
3,718,p1,0497,dragapult-ex,2040,ogerpon-meganium-arboliva
3,719,p2,2385,crustle-dri,1025,festival-lead
3,720,p2,1713,lucario-hariyama,0604,dragapult-blaziken
3,721,p2,2434,dragapult-ex,2053,other
3,722,p1,2771,alakazam-dudunsparce,0516,grimmsnarl-froslass
3,723,p2,0085,slowking-scr,1588,dragapult-ex
3,724,p1,2394,festival-lead,0055,n-zoroark
3,725,tie,1637,basic-box-m,2102,mega-excadrill-ex
3,726,p1,0298,n-zoroark,0587,ogerpon-meganium-hydrapple
3,727,p1,2280,seaking-pre,0747,dragapult-ex
3,728,p1,2109,rockets-honchkrow,2767,dragapult-ex
3,729,p2,1991,sharpedo-toxtricity,0710,lucario-hariyama
3,730,p1,2346,slowking-scr,2009,dragapult-ex
3,731,p1,1042,dragapult-ex,1975,alakazam-dudunsparce
3,732,p2,2579,dragapult-blaziken,1603,lopunny-dusknoir
3,733,p2,0099,n-zoroark,2949,mega-excadrill-ex
3,734,p2,0136,dragapult-ex,1314,dragapult-ex
3,735,p2,2865,dragapult-dusknoir,1662,dragapult-dudunsparce
3,736,p1,0050,mega-excadrill-ex,3040,dragapult-ex
3,737,p2,1331,n-zoroark,0518,crustle-dri
3,738,p2,0447,dragapult-ex,1509,cynthia-garchomp-ex
3,739,p2,1393,dragapult-ex,0423,n-zoroark
3,740,p1,0043,cynthia-garchomp-ex,0686,n-zoroark
3,741,p2,1616,mega-excadrill-ex,2325,dragapult-ex
3,742,tie,1130,n-zoroark,1798,dragapult-ex
3,743,p2,0571,slowking-scr,2925,basic-box-m
3,744,p1,2836,mega-excadrill-ex,1620,other
3,745,p2,2672,n-zoroark,2604,slowking-scr
3,746,p2,0248,basic-box-m,2838,n-zoroark
3,747,p1,2370,dragapult-ex,1484,mega-excadrill-ex
3,748,p1,0903,rocket-spidops,1932,dragapult-dusknoir
3,749,tie,2859,dragapult-ex,0241,rockets-honchkrow
3,750,tie,2029,n-zoroark,2815,dragapult-ex
3,751,p1,2231,basic-box-m,0168,dragapult-ex
3,752,p1,0596,dragapult-dusknoir,1688,mega-excadrill-ex
3,753,tie,2245,dragapult-blaziken,1152,crustle-dri
3,754,p2,0824,starmie-dusknoir,0385,dragapult-ex
3,755,p1,1783,dragapult-blaziken,1062,dragapult-ex
3,756,p2,0514,dragapult-ex,0435,dragapult-ex
3,757,tie,1339,dragapult-ex,1990,dragapult-ex
3,758,tie,2693,sinistcha-ogerpon,2161,mega-chandelure-ex
3,759,p1,2759,ogerpon-meganium-hydrapple,3004,lopunny-dusknoir
3,760,p1,1201,dragapult-blaziken,1767,dhelmise-pbl
3,761,p1,3111,dragapult-ex,2285,dragapult-ex
3,762,p2,0548,dragapult-ex,1435,dragapult-ex
3,763,p1,0618,n-zoroark,2809,basic-box-m
3,764,p1,2718,basic-box-m,3009,dragapult-ex
3,765,p2,0391,festival-lead,3036,dragapult-ex
3,766,p1,0508,n-zoroark,2274,lucario-hariyama
3,767,p2,0853,slowking-scr,1334,ceruledge-ex
3,768,p2,2958,basic-box-m,1839,n-zoroark
3,769,p2,1705,grimmsnarl-froslass,1934,slowking-scr
3,770,p1,2260,dragapult-ex,1271,dragapult-dusknoir
3,771,p1,0633,slowking-scr,0397,dragapult-blaziken
3,772,p1,2560,n-zoroark,2963,mega-excadrill-ex
3,773,tie,2985,dragapult-ex,2737,dhelmise-pbl
3,774,p1,2432,mega-excadrill-ex,1518,festival-lead
3,775,p2,1766,basic-box-m,0249,basic-box-m
3,776,p1,1040,dragapult-ex,2830,slowking-scr
3,777,p1,1356,alakazam-dusknoir,2291,dragapult-blaziken
3,778,tie,2692,slowking-scr,0408,dragapult-ex
3,779,p2,1239,ogerpon-meganium-hydrapple,2320,alakazam-dudunsparce
3,780,p1,2522,dhelmise-pbl,3097,basic-box-m
3,781,p1,2275,mega-excadrill-ex,0204,n-zoroark
3,782,p2,0375,dragapult-ex,2299,crustle-dri
3,783,p2,0300,dragapult-ex,1397,raging-bolt-ogerpon
3,784,tie,2401,dragapult-ex,0556,festival-lead
3,785,p1,2248,n-zoroark,0061,ceruledge-ex
3,786,p2,1055,dragapult-ex,2168,starmie-dusknoir
3,787,p1,3005,greninja-ex,0737,mega-chandelure-ex
3,788,p2,2309,rocket-mewtwo-ex,0172,kangaskhan-bouffalant
3,789,p2,0409,dragapult-ex,1063,crustle-dri
3,790,p2,1137,dragapult-blaziken,1043,dragapult-ex
3,791,p2,0194,dragapult-blaziken,1224,lopunny-dusknoir
3,792,p2,2171,n-zoroark,0535,crustle-dri
3,793,p1,0817,dhelmise-pbl,0622,dragapult-blaziken
3,794,p1,1999,festival-lead,1305,slowking-scr
3,795,p2,2906,grimmsnarl-froslass,2019,dhelmise-pbl
3,796,p2,2649,dragapult-dusknoir,0780,n-zoroark
3,797,p1,0334,festival-lead,2183,mega-excadrill-ex
3,798,tie,1667,rockets-honchkrow,1280,dragapult-dudunsparce
3,799,p2,2564,n-zoroark,1139,festival-lead
3,800,tie,2028,mega-excadrill-ex,1970,dragapult-ex
3,801,p2,1590,lopunny-dudunsparce,0313,rockets-honchkrow
3,802,p2,1135,basic-box-m,1835,seaking-pre
3,803,tie,2955,alakazam-dudunsparce,0840,alakazam-dudunsparce
3,804,p2,1136,dragapult-ex,0723,cynthia-garchomp-ex
3,805,tie,3065,dragapult-ex,0261,ogerpon-meganium-arboliva
3,806,p2,1416,mega-excadrill-ex,2290,dragapult-blaziken
3,807,p1,1214,basic-box-m,3070,slowking-scr
3,808,tie,1671,dhelmise-pbl,1546,n-zoroark
3,809,p1,2024,basic-box-m,0118,dragapult-ex
3,810,p2,0442,dragapult-ex,3011,dragapult-ex
3,811,tie,0137,dragapult-ex,2226,ogerpon-meganium-hydrapple
3,812,p1,1570,dhelmise-pbl,1602,alakazam-dudunsparce
3,813,tie,1717,dragapult-ex,1633,rockets-honchkrow
3,814,tie,2904,dragapult-ex,1755,n-zoroark
3,815,p2,2236,rockets-honchkrow,0911,basic-box-m
3,816,tie,2409,slowking-scr,0016,alakazam-dudunsparce
3,817,p2,1894,n-zoroark,1943,lucario-hariyama
3,818,p1,1064,dragapult-blaziken,0944,crustle-dri
3,819,p2,0033,dragapult-ex,1268,basic-box-m
3,820,p1,2723,dragapult-ex,0776,rockets-honchkrow
3,821,tie,1106,lopunny-dudunsparce,2877,ogerpon-meganium-hydrapple
3,822,p2,1120,hops-trevenant,2373,dragapult-dusknoir
3,823,p1,2111,crustle-dri,1605,n-zoroark
3,824,p1,1021,n-zoroark,1573,raging-bolt-ogerpon
3,825,p1,0054,slowking-scr,0481,lucario-hariyama
3,826,p2,1172,n-zoroark,2997,cynthia-garchomp-ex
3,827,p1,2976,slowking-scr,0431,slowking-scr
3,828,p2,0585,ogerpon-meganium-hydrapple,0291,crustle-dri
3,829,p2,0198,dragapult-dusknoir,1735,sharpedo-toxtricity
3,830,p2,2347,dragapult-blaziken,0443,dragapult-ex
3,831,p2,1865,dragapult-ex,0153,dragapult-ex
3,832,p1,0437,mega-chandelure-ex,0160,n-zoroark
3,833,tie,0972,mega-lucario-ex,2932,mega-excadrill-ex
3,834,p1,2044,n-zoroark,0037,dragapult-ex
3,835,p2,2938,mega-greninja-ex,2355,alakazam-dudunsparce
3,836,p2,2255,rockets-honchkrow,0820,n-zoroark
3,837,p1,1535,cynthia-garchomp-ex,0429,n-zoroark
3,838,tie,0288,dragapult-blaziken,3033,basic-box-m
3,839,tie,2516,dragapult-dusknoir,2395,slowking-scr
3,840,p1,2709,dragapult-dusknoir,2268,dragapult-ex
3,841,p1,1862,dragapult-ex,1678,dragapult-blaziken
3,842,tie,2885,alakazam-dudunsparce,2249,hops-trevenant
3,843,p1,2886,slowking-scr,2794,mega-greninja-ex
3,844,p1,0540,dragapult-ex,0691,mega-starmie-ex
3,845,p1,0616,sharpedo-toxtricity,2712,n-zoroark
3,846,p1,0467,mega-excadrill-ex,0233,n-zoroark
3,847,tie,0583,mega-excadrill-ex,0692,dragapult-ex
3,848,p2,0295,n-zoroark,0148,dragapult-ex
3,849,p1,0712,alakazam-dudunsparce,0394,sharpedo-toxtricity
3,850,p2,3066,alakazam-dusknoir,0882,dragapult-ex
3,851,tie,1131,rocket-mewtwo-ex,2417,dragapult-blaziken
3,852,p1,2799,n-zoroark,1994,alakazam-dudunsparce
3,853,p2,1329,slowking-scr,1418,mega-excadrill-ex
3,854,p2,0441,alakazam-dudunsparce,1346,dragapult-ex
3,855,p1,2776,dragapult-ex,2389,alakazam-dudunsparce
3,856,p1,2186,dragapult-ex,2493,mega-excadrill-ex
3,857,p1,2000,crustle-dri,0802,basic-box-m
3,858,p1,2792,basic-box-m,1796,cynthia-garchomp-ex
3,859,tie,0529,dragapult-ex,0393,crustle-dri
3,860,p2,0844,ogerpon-meganium-hydrapple,2339,dragapult-blaziken
3,861,tie,2323,sharpedo-toxtricity,2646,dhelmise-pbl
3,862,p1,2375,n-zoroark,1730,slowking-scr
3,863,p2,1128,hops-trevenant,0411,basic-box-m
3,864,p2,2097,slowking-scr,2763,mega-excadrill-ex
3,865,p2,2356,cynthia-garchomp-ex,1464,dragapult-blaziken
3,866,p2,1640,slowking-scr,0042,dragapult-dusknoir
3,867,p2,1795,dragapult-ex,1689,basic-box-m
3,868,p1,2256,alakazam-dusknoir,0210,dragapult-ex
3,869,p1,1869,dragapult-ex,0708,mega-excadrill-ex
3,870,tie,0917,hops-trevenant,0861,dragapult-blaziken
3,871,p1,1188,dragapult-ex,1955,dragapult-ex
3,872,p1,2625,mega-excadrill-ex,0694,toxtricity-box
3,873,p1,2547,dragapult-ex,2833,basic-box-m
3,874,p1,1047,n-zoroark,1423,n-zoroark
3,875,p2,0067,basic-box-m,1986,alakazam-dudunsparce
3,876,p1,1072,alakazam-dudunsparce,2803,slowking-scr
3,877,p2,0302,n-zoroark,2879,crustle-dri
3,878,p1,2359,n-zoroark,1875,ogerpon-meganium-hydrapple
3,879,p2,0221,alakazam-dudunsparce,1311,mega-excadrill-ex
3,880,tie,2706,dragapult-dusknoir,2488,mega-lucario-ex
3,881,p2,0178,dragapult-ex,0413,dragapult-ex
3,882,p1,1732,dragapult-ex,0957,sharpedo-toxtricity
3,883,p1,2878,dhelmise-pbl,1775,rockets-honchkrow
3,884,p1,1960,dragapult-blaziken,2956,festival-lead
3,885,p2,0273,ogerpon-meganium-hydrapple,2845,n-zoroark
3,886,p2,0444,slowking-scr,2227,alakazam-dudunsparce
3,887,tie,1972,alakazam-dudunsparce,1984,cynthia-garchomp-ex
3,888,p2,2122,dragapult-ex,2396,n-zoroark
3,889,tie,2897,basic-box-m,2745,dragapult-ex
3,890,tie,0502,dhelmise-pbl,1299,slowking-scr
3,891,p2,1659,n-zoroark,0718,festival-lead
3,892,p2,0749,seaking-pre,2407,dragapult-ex
3,893,p2,2912,lopunny-dusknoir,1617,festival-lead
3,894,p1,2787,dragapult-ex,0860,dragapult-blaziken
3,895,p1,0578,crustle-dri,2875,dragapult-blaziken
3,896,p1,1536,alakazam-dudunsparce,1466,dragapult-ex
3,897,p1,2415,dragapult-ex,2655,sharpedo-toxtricity
3,898,p1,1099,dragapult-dusknoir,0974,seaking-pre
3,899,p2,0325,dragapult-ex,0582,dragapult-ex
3,900,p1,1956,basic-box-m,2095,dragapult-ex
3,901,p2,0766,crustle-dri,1265,seaking-pre
3,902,p2,1973,sharpedo-toxtricity,1871,mega-excadrill-ex
3,903,p1,0956,alakazam-dudunsparce,1780,dragapult-ex
3,904,tie,0779,dragapult-dusknoir,1921,n-zoroark
3,905,tie,1237,clefairy-ogerpon,0799,dhelmise-pbl
3,906,p2,0628,ogerpon-meganium-hydrapple,0884,dragapult-ex
3,907,p2,1010,rocket-mewtwo-ex,1700,n-zoroark
3,908,tie,1578,slowking-scr,0326,dragapult-ex
3,909,p2,1914,dragapult-ex,2112,dragapult-ex
3,910,tie,1475,dragapult-dusknoir,0285,dragapult-ex
3,911,p1,0967,marnie-grimmsnarl-ex,2545,dragapult-dusknoir
3,912,p2,2972,lucario-hariyama,1263,lopunny-dudunsparce
3,913,p1,0590,dragapult-ex,2203,dragapult-blaziken
3,914,p1,0199,n-zoroark,1852,dhelmise-pbl
3,915,p1,1571,alakazam-dudunsparce,2746,festival-lead
3,916,p1,1308,dragapult-ex,0506,basic-box-m
3,917,p1,1460,dragapult-ex,1572,kangaskhan-bouffalant
3,918,p1,2944,dragapult-ex,2626,festival-lead
3,919,tie,1938,dragapult-blaziken,0525,crustle-dri
3,920,p1,0187,basic-box-m,1022,dragapult-dusknoir
3,921,p2,2747,lucario-hariyama,2973,dragapult-dusknoir
3,922,p2,1552,grimmsnarl-froslass,0674,dragapult-ex
3,923,p2,2149,slowking-scr,2720,alakazam-dudunsparce
3,924,tie,0959,dhelmise-pbl,1388,crustle-dri
3,925,p1,2881,slowking-scr,0382,slowking-scr
3,926,tie,1257,alakazam-dudunsparce,3031,alakazam-dudunsparce
3,927,p2,2609,festival-lead,3022,dragapult-ex
3,928,p1,2849,dragapult-ex,2863,greninja-ex
3,929,p2,2914,dragapult-ex,1734,dragapult-ex
3,930,p1,2705,mega-lucario-ex,0035,basic-box-m
3,931,p2,1499,dragapult-ex,1512,basic-box-m
3,932,tie,1291,crustle-dri,2726,slowking-scr
3,933,p2,2696,dragapult-dusknoir,1851,dragapult-ex
3,934,p1,0567,dragapult-ex,2784,dragapult-blaziken
3,935,p1,2315,dragapult-ex,1100,ogerpon-meganium-hydrapple
3,936,p2,2451,dragapult-ex,0763,slowking-scr
3,937,tie,1336,dragapult-ex,2471,sharpedo-toxtricity
3,938,p1,0591,n-zoroark,0510,alakazam-dudunsparce
3,939,p2,1364,lucario-hariyama,2464,lopunny-dudunsparce
3,940,p2,2422,dragapult-ex,1330,dragapult-ex
3,941,tie,1828,sharpedo-toxtricity,1287,crustle-dri
3,942,p2,0078,dragapult-ex,2084,alakazam-dudunsparce
3,943,p1,1562,crustle-dri,2806,cynthia-garchomp-ex
3,944,p1,2783,basic-box-m,1350,n-zoroark
3,945,p1,1937,dragapult-ex,0318,slowking-scr
3,946,tie,1729,ogerpon-meganium-hydrapple,1672,basic-box-m
3,947,p2,1929,basic-box-m,1846,n-zoroark
3,948,p1,2943,dragapult-blaziken,3104,grimmsnarl-froslass
3,949,p1,2578,crustle-dri,1111,dragapult-ex
3,950,p1,1759,dragapult-ex,1632,n-zoroark
3,951,p1,2724,n-zoroark,0896,crustle-dri
3,952,p1,2689,alakazam-dudunsparce,2531,alakazam-dudunsparce
3,953,p1,1537,mega-excadrill-ex,3088,dragapult-ex
3,954,p2,0789,n-zoroark,2202,dragapult-dusknoir
3,955,p1,1998,lopunny-dusknoir,2448,festival-lead
3,956,p1,1819,dragapult-ex,2153,alakazam-dudunsparce
3,957,p2,2391,mega-greninja-ex,1515,rockets-honchkrow
3,958,p1,2727,slowking-scr,1993,toucannon-pbl
3,959,tie,3029,dragapult-blaziken,2864,dragapult-ex
3,960,p1,2020,dragapult-ex,0030,seaking-pre
3,961,p1,0598,n-zoroark,0230,festival-lead
3,962,p1,0830,ogerpon-meganium-hydrapple,1694,cynthia-garchomp-ex
3,963,p2,2209,n-zoroark,2798,beedrill-ex-cri
3,964,p2,2620,grimmsnarl-froslass,1264,n-zoroark
3,965,p1,3093,dragapult-ex,0594,alakazam-dusknoir
3,966,p1,0833,sharpedo-toxtricity,0906,rocket-mewtwo-ex
3,967,p1,1649,dragapult-ex,1643,dragapult-dusknoir
3,968,tie,2163,n-zoroark,2062,lopunny-dusknoir
3,969,tie,1577,dragapult-ex,1243,lillie-clefairy
3,970,p2,0656,dragapult-blaziken,2225,dhelmise-pbl
3,971,p2,1844,mega-venusaur-ex,2766,crustle-dri
3,972,p2,2698,cynthia-garchomp-ex,0963,dragapult-ex
3,973,p1,0577,mega-excadrill-ex,2802,ethan-typhlosion
3,974,p1,2027,rockets-honchkrow,2635,crustle-dri
3,975,tie,0308,mega-excadrill-ex,0052,dragapult-dusknoir
3,976,tie,0081,rockets-honchkrow,0934,dragapult-ex
3,977,p1,1108,crustle-dri,2278,dragapult-ex
3,978,p1,1175,basic-box-m,1093,dragapult-ex
3,979,p1,2494,dragapult-ex,0174,lucario-hariyama
3,980,p1,1565,mega-chandelure-ex,2365,dhelmise-pbl
3,981,p1,2108,dragapult-dusknoir,2419,ogerpon-meganium-hydrapple
3,982,tie,2774,alakazam-dudunsparce,1463,dragapult-ex
3,983,p2,1190,ogerpon-meganium-hydrapple,0188,alakazam-dudunsparce
3,984,p1,1199,alakazam-dudunsparce,2526,dragapult-ex
3,985,p1,2392,kangaskhan-bouffalant,0083,dragapult-ex
3,986,p2,1453,rockets-honchkrow,1981,mega-greninja-ex
3,987,p2,3048,slowking-scr,0293,grimmsnarl-froslass
3,988,p2,0530,mega-excadrill-ex,1017,mega-excadrill-ex
3,989,p1,0745,dragapult-ex,0982,mega-chandelure-ex
3,990,p2,1778,basic-box-m,0569,basic-box-m
3,991,p2,0803,dragapult-ex,2901,crustle-dri
3,992,p2,1080,slowking-scr,2220,n-zoroark
3,993,tie,0935,slowking-scr,0463,dragapult-ex
3,994,p2,0722,crustle-dri,0746,slowking-scr
3,995,p2,2945,diancie-dusknoir,2403,dragapult-blaziken
3,996,p2,0452,basic-box-m,0728,ogerpon-meganium-hydrapple
3,997,p2,0357,dhelmise-pbl,2460,basic-box-m
3,998,p1,0756,dhelmise-pbl,0926,seaking-pre
3,999,tie,0294,crustle-dri,2683,ogerpon-meganium-hydrapple
3,1000,tie,0446,dragapult-ex,0400,alakazam-dudunsparce
3,1001,p2,0155,alakazam-dudunsparce,0320,crustle-dri
3,1002,p1,2978,n-zoroark,1627,other
3,1003,p2,2583,kangaskhan-bouffalant,0228,basic-box-m
3,1004,p1,0657,dragapult-dusknoir,0650,crustle-dri
3,1005,p1,0800,basic-box-m,2967,dragapult-ex
3,1006,tie,2919,basic-box-m,1215,festival-lead
3,1007,p2,2612,dragapult-dusknoir,1485,basic-box-m
3,1008,p2,1927,dragapult-blaziken,2368,grimmsnarl-froslass
3,1009,p2,2679,rocket-mewtwo-ex,1387,dragapult-blaziken
3,1010,p2,2322,basic-box-m,0167,ogerpon-meganium-hydrapple
3,1011,p1,0547,dragapult-dusknoir,0721,mega-chandelure-ex
3,1012,p2,2213,dragapult-ex,2351,n-zoroark
3,1013,p1,0643,grimmsnarl-froslass,2935,dhelmise-pbl
3,1014,p1,2307,dragapult-dusknoir,0546,ogerpon-meganium-hydrapple
3,1015,p1,0456,dragapult-dusknoir,2860,mega-excadrill-ex
3,1016,p1,1668,dragapult-ex,1433,lucario-hariyama
3,1017,p2,1382,basic-box-m,2867,lopunny-dudunsparce
3,1018,p2,1347,toxtricity-box,2781,n-zoroark
3,1019,p2,2049,lucario-hariyama,0544,raging-bolt-ogerpon
3,1020,p1,2903,dragapult-dudunsparce,0915,slowking-scr
3,1021,p2,1174,lucario-hariyama,1163,crustle-dri
3,1022,p1,1342,cinccino-ex,1185,crustle-dri
3,1023,p2,0983,crustle-dri,2457,mega-excadrill-ex
3,1024,p1,1009,slowking-scr,2180,alakazam-dudunsparce
3,1025,p2,1437,dragapult-blaziken,0197,dragapult-dusknoir
3,1026,tie,0815,dragapult-ex,1307,cynthia-garchomp-ex
3,1027,p1,1358,ceruledge-ex,1377,rockets-honchkrow
3,1028,p1,2470,dhelmise-pbl,3082,dragapult-dusknoir
3,1029,p1,0225,rockets-honchkrow,2808,dragapult-dusknoir
3,1030,p1,0663,dragapult-ex,1349,dragapult-ex
3,1031,tie,1595,dragapult-ex,0889,ogerpon-meganium-arboliva
3,1032,p1,2380,dragapult-dusknoir,1806,slowking-scr
3,1033,tie,2352,alakazam-dudunsparce,1160,festival-lead
3,1034,p2,0931,crustle-dri,1455,dragapult-dusknoir
3,1035,p2,1310,festival-lead,2178,dragapult-dusknoir
3,1036,p2,0287,?metagross,1164,dragapult-dusknoir
3,1037,tie,2812,n-zoroark,1840,crustle-dri
3,1038,p1,1770,n-zoroark,0090,n-zoroark
3,1039,tie,0795,mega-greninja-ex,0267,dudunsparce-control
3,1040,tie,0161,dragapult-blaziken,2628,mega-excadrill-ex
3,1041,p1,1297,dragapult-ex,0046,dragapult-blaziken
3,1042,tie,1587,slowking-scr,2992,rockets-honchkrow
3,1043,p2,2167,n-zoroark,0574,n-zoroark
3,1044,p2,2456,crustle-dri,0801,ogerpon-meganium-hydrapple
3,1045,p2,2677,n-zoroark,2177,dragapult-dusknoir
3,1046,p2,0658,greninja-ex,2924,n-zoroark
3,1047,p2,1115,beedrill-ex-cri,2622,lucario-hariyama
3,1048,p2,0504,slowking-scr,1596,crustle-dri
3,1049,p1,1125,n-zoroark,2251,sharpedo-toxtricity
3,1050,p1,0106,ogerpon-meganium-hydrapple,2519,n-zoroark
3,1051,p1,1013,crustle-dri,3015,dragapult-ex
3,1052,p1,2430,dragapult-dusknoir,2905,rockets-honchkrow
3,1053,p2,3049,sharpedo-toxtricity,2773,mega-greninja-ex
3,1054,p1,1323,lucario-hariyama,0275,dragapult-ex
3,1055,p2,0383,slowking-scr,0701,alakazam-dudunsparce
3,1056,p2,0754,hops-trevenant,2512,alakazam-dudunsparce
3,1057,p2,0769,alakazam-dudunsparce,2742,dragapult-dusknoir
3,1058,p1,0258,dragapult-ex,1482,other
3,1059,p1,0806,lucario-hariyama,0307,sharpedo-toxtricity
3,1060,p1,1177,lucario-hariyama,3099,mega-absol-box
3,1061,p2,0333,basic-box-m,1277,ethan-magcargo
3,1062,p2,1982,dragapult-dusknoir,1900,dragapult-ex
3,1063,p1,1811,n-zoroark,0088,dragapult-blaziken
3,1064,p1,1361,dragapult-dusknoir,3028,other
3,1065,p1,0948,n-zoroark,0485,alakazam-dudunsparce
3,1066,p2,2645,rocket-mewtwo-ex,0537,cynthia-garchomp-ex
3,1067,p2,1061,n-zoroark,2741,lucario-hariyama
3,1068,p1,2357,basic-box-m,0133,n-zoroark
3,1069,p1,1584,dragapult-ex,0873,dragapult-ex
3,1070,p2,1065,sharpedo-toxtricity,1438,slowking-scr
3,1071,p1,1829,dragapult-dusknoir,0575,n-zoroark
3,1072,p2,1360,dragapult-ex,1523,basic-box-m
3,1073,tie,1278,rockets-honchkrow,1801,cynthia-garchomp-ex
3,1074,p1,2762,festival-lead,0646,basic-box-m
3,1075,p2,1123,alakazam-dudunsparce,2071,beedrill-ex-cri
3,1076,p1,2964,basic-box-m,0274,seaking-pre
3,1077,p2,1094,mega-excadrill-ex,2505,sharpedo-toxtricity
3,1078,p1,1715,crustle-dri,2272,dragapult-ex
3,1079,p2,3098,rockets-honchkrow,2436,dragapult-dusknoir
3,1080,p2,0905,crustle-dri,2465,dragapult-ex
3,1081,p1,0743,dragapult-ex,2568,mega-excadrill-ex
3,1082,p1,0774,alakazam-dusknoir,2073,alolan-exeggutor-ex
3,1083,p2,2425,ogerpon-meganium-hydrapple,0672,dragapult-ex
3,1084,tie,2088,n-zoroark,1012,seaking-pre
3,1085,p1,0739,slowking-scr,2058,starmie-froslass
3,1086,p2,1114,manectric-eelektrik,0988,dragapult-ex
3,1087,p1,0440,festival-lead,2006,basic-box-m
3,1088,p2,0784,dragapult-blaziken,0110,dragapult-blaziken
3,1089,p1,1803,dragapult-ex,1269,sharpedo-toxtricity
3,1090,p2,1884,mega-lucario-ex,2611,dragapult-ex
3,1091,p1,0009,basic-box-m,2606,alakazam-dudunsparce
3,1092,p2,3051,dragapult-blaziken,2480,lucario-hariyama
3,1093,p2,2246,mega-lucario-ex,0340,palafin-ex
3,1094,tie,1398,festival-lead,2852,slowking-scr
3,1095,p2,1158,n-zoroark,2015,festival-lead
3,1096,p1,0224,dragapult-ex,2506,sharpedo-toxtricity
3,1097,p1,2843,mega-chandelure-ex,1286,lopunny-dusknoir
3,1098,p1,2321,beedrill-ex-cri,3107,dragapult-ex
3,1099,p2,1053,n-zoroark,1992,dragapult-ex
3,1100,p1,0685,dragapult-ex,0561,festival-lead
3,1101,p2,0480,n-zoroark,3068,dragapult-ex
3,1102,p1,0703,dragapult-dusknoir,2086,rockets-honchkrow
3,1103,p1,1878,rocket-spidops,2779,alakazam-dudunsparce
3,1104,p2,2714,beedrill-ex-cri,2031,slowking-scr
3,1105,p2,2458,slowking-scr,0550,n-zoroark
3,1106,p2,0797,dragapult-ex,0586,slowking-scr
3,1107,p2,0925,slowking-scr,0856,basic-box-m
3,1108,p2,2711,slowking-scr,1809,basic-box-m
3,1109,p1,1212,crustle-dri,0969,n-zoroark
3,1110,p1,2014,dragapult-dusknoir,2474,starmie-froslass
3,1111,p2,2734,beedrill-ex-cri,0471,seaking-pre
3,1112,tie,2581,?metagross,0214,crustle-dri
3,1113,p1,0671,crustle-dri,1321,crustle-dri
3,1114,p2,1842,basic-box-m,1421,dragapult-ex
3,1115,tie,1391,slowking-scr,0558,rockets-honchkrow
3,1116,tie,0350,mega-chandelure-ex,2332,dragapult-ex
3,1117,p2,0637,lucario-hariyama,0006,festival-lead
3,1118,tie,1670,mega-manectric-ex-meg,1674,slowking-scr
3,1119,tie,0874,mega-greninja-ex,1821,n-zoroark
3,1120,p2,2951,mega-lucario-ex,2946,lucario-hariyama
3,1121,p2,0994,lucario-hariyama,0623,basic-box-m
3,1122,p2,1743,dragapult-dusknoir,1223,dragapult-ex
3,1123,p2,0951,lucario-hariyama,1526,lucario-hariyama
3,1124,p2,1920,basic-box-m,1357,slowking-scr
3,1125,p2,2018,n-zoroark,1725,sharpedo-toxtricity
3,1126,p1,0156,dragapult-ex,2591,ogerpon-meganium-hydrapple
3,1127,p2,0930,rocket-mewtwo-ex,1057,basic-box-m
3,1128,p1,2529,n-zoroark,0493,mega-excadrill-ex
3,1129,p1,1610,slowking-scr,0195,other
3,1130,p1,2498,dragapult-ex,0179,dragapult-blaziken
3,1131,p1,1112,cynthia-garchomp-ex,1298,raging-bolt-ogerpon
3,1132,p2,1473,alakazam-dudunsparce,0475,basic-box-m
3,1133,p1,2003,slowking-scr,2894,mega-excadrill-ex
3,1134,p1,2895,dhelmise-pbl,2257,mega-excadrill-ex
3,1135,p1,0631,dragapult-ex,0461,dragapult-ex
3,1136,p2,2185,ogerpon-meganium-hydrapple,2673,sinistcha-ogerpon
3,1137,p2,1807,alakazam-dudunsparce,2700,dhelmise-pbl
3,1138,p1,2953,cynthia-garchomp-ex,1901,dragapult-ex
3,1139,p1,0652,grimmsnarl-froslass,0379,mega-excadrill-ex
3,1140,p2,2462,bronzong-tef,0363,basic-box-m
3,1141,p2,0927,dragapult-dusknoir,3007,slowking-scr
3,1142,p1,2296,dragapult-ex,1318,hops-trevenant
3,1143,p2,0901,dragapult-blaziken,0470,alakazam-dudunsparce
3,1144,p1,0759,dragapult-dusknoir,0741,lopunny-dudunsparce
3,1145,p1,2089,mega-excadrill-ex,1679,grimmsnarl-froslass
3,1146,p1,0868,dragapult-ex,1787,basic-box-m
3,1147,p1,1234,basic-box-m,0180,mega-excadrill-ex
3,1148,p2,0675,dragapult-dusknoir,1563,dragapult-ex
3,1149,p1,0323,dragapult-dusknoir,2099,dragapult-ex
3,1150,p1,0619,basic-box-m,1070,dragapult-ex
3,1151,tie,1102,mega-excadrill-ex,0751,alakazam-dudunsparce
3,1152,p2,2147,slowking-scr,1666,dragapult-ex
3,1153,p2,2544,mega-greninja-ex,0002,lucario-hariyama
3,1154,tie,2134,mega-chandelure-ex,0045,dragapult-blaziken
3,1155,p1,0777,dragapult-blaziken,2252,n-zoroark
3,1156,p2,2483,n-zoroark,1465,alakazam-dudunsparce
3,1157,p1,1200,festival-lead,2503,rocket-mewtwo-ex
3,1158,p1,1229,dragapult-blaziken,0635,basic-box-m
3,1159,p1,2870,dragapult-dusknoir,1481,slowking-scr
3,1160,p2,2090,starmie-froslass,0999,dragapult-ex
3,1161,p1,1087,dragapult-dusknoir,0814,dragapult-ex
3,1162,p2,1410,ogerpon-meganium,0316,dragapult-ex
3,1163,p2,2406,dragapult-ex,1041,other
3,1164,p2,0166,rocket-mewtwo-ex,0014,dragapult-ex
3,1165,p2,0811,lucario-hariyama,0455,mega-excadrill-ex
3,1166,p1,1968,crustle-dri,0753,kangaskhan-bouffalant
3,1167,p1,1096,dragapult-ex,0484,ogerpon-meganium-hydrapple
3,1168,p2,0075,mega-venusaur-ex,2823,n-zoroark
3,1169,tie,1490,mega-lucario-ex,1502,crustle-dri
3,1170,p2,1428,dragapult-dusknoir,2596,mega-excadrill-ex
3,1171,tie,1890,crustle-dri,0406,basic-box-m
3,1172,p1,1721,lucario-hariyama,2080,basic-box-m
3,1173,tie,2204,dragapult-ex,0683,mega-excadrill-ex
3,1174,p2,2761,festival-lead,2556,slowking-scr
3,1175,p2,3072,alakazam-dudunsparce,2091,hops-trevenant
3,1176,p1,1378,cynthia-garchomp-ex,0279,sharpedo-toxtricity
3,1177,p1,1561,dragapult-ex,2969,sharpedo-toxtricity
3,1178,p2,0219,dragapult-blaziken,3064,starmie-froslass
3,1179,p2,1113,crustle-dri,1964,mega-charizard-x-ex
3,1180,tie,1401,kangaskhan-bouffalant,0798,rockets-honchkrow
3,1181,p1,0875,basic-box-m,2835,basic-box-m
3,1182,p2,2067,crustle-dri,1210,mega-excadrill-ex
3,1183,tie,0242,alakazam-dudunsparce,1450,slowking-scr
3,1184,p1,1285,dragapult-dusknoir,0348,festival-lead
3,1185,p2,2575,basic-box-m,2119,dragapult-ex
3,1186,p1,2629,n-zoroark,2110,mega-chandelure-ex
3,1187,p2,0387,basic-box-m,2476,mega-excadrill-ex
3,1188,p2,0566,dragapult-dusknoir,2247,dragapult-ex
3,1189,p1,1316,ogerpon-meganium-hydrapple,2571,n-zoroark
3,1190,p2,2104,dragapult-ex,0704,dragapult-ex
3,1191,p2,0837,dhelmise-pbl,0191,lopunny-dudunsparce
3,1192,p1,2383,dhelmise-pbl,2069,rockets-honchkrow
3,1193,p1,2081,dragapult-ex,1380,dhelmise-pbl
3,1194,p2,0826,festival-lead,1126,grimmsnarl-froslass
3,1195,p2,1793,slowking-scr,2157,dragapult-dusknoir
3,1196,tie,2638,lucario-hariyama,2813,mega-excadrill-ex
3,1197,p1,0865,lucario-hariyama,0064,dragapult-ex
3,1198,p1,2731,dragapult-dusknoir,2999,dragapult-dusknoir
3,1199,p1,0235,slowking-scr,0034,starmie-dusknoir
3,1200,tie,0021,n-zoroark,2920,dragapult-ex
3,1201,p2,2312,dragapult-dusknoir,2234,dhelmise-pbl
3,1202,tie,0667,dhelmise-pbl,0281,dragapult-ex
3,1203,tie,0223,basic-box-m,2736,alakazam-dudunsparce
3,1204,p1,0827,dragapult-dusknoir,2490,dragapult-dusknoir
3,1205,p1,2952,grimmsnarl-froslass,1520,dragapult-dusknoir
3,1206,p2,1059,dragapult-dusknoir,0152,sharpedo-toxtricity
3,1207,p2,2192,dragapult-ex,2219,dragapult-ex
3,1208,tie,1049,alakazam-dudunsparce,1773,crustle-dri
3,1209,p1,2150,dragapult-dusknoir,2411,dragapult-blaziken
3,1210,p1,2931,dragapult-ex,2497,ogerpon-meganium-hydrapple
3,1211,p2,2566,basic-box-m,1651,dragapult-ex
3,1212,p1,1165,slowking-scr,0854,slowking-scr
3,1213,p2,1084,n-zoroark,0621,mega-excadrill-ex
3,1214,p2,0378,lucario-hariyama,1217,dragapult-blaziken
3,1215,p2,0262,dragapult-ex,2145,dragapult-dusknoir
3,1216,p1,1879,slowking-scr,2032,dragapult-ex
3,1217,p2,1939,dragapult-dusknoir,2182,alakazam-dudunsparce
3,1218,p1,0369,slowking-scr,2732,dragapult-ex
3,1219,p1,2599,dragapult-ex,0311,starmie-froslass
3,1220,tie,1208,slowking-scr,0998,dragapult-blaziken
3,1221,p1,1969,dragapult-dusknoir,2789,dragapult-ex
3,1222,tie,2284,festival-lead,0082,dragapult-ex
3,1223,p2,2929,dragapult-ex,1443,crustle-dri
3,1224,p1,2970,ethan-typhlosion,1219,rockets-honchkrow
3,1225,p1,1706,dragapult-blaziken,0687,dragapult-ex
3,1226,tie,3113,crustle-dri,1381,slowking-scr
3,1227,tie,0796,mega-excadrill-ex,1585,mega-venusaur-ex
3,1228,p2,2777,mega-excadrill-ex,1392,mega-excadrill-ex
3,1229,p2,2047,dhelmise-pbl,0891,n-zoroark
3,1230,p2,3069,dragapult-dusknoir,2454,n-zoroark
3,1231,p1,1304,alakazam-dudunsparce,0425,slowking-scr
3,1232,p1,1817,rocket-spidops,1274,alakazam-dudunsparce
3,1233,p2,0049,slowking-scr,1961,dragapult-blaziken
3,1234,p1,0552,dragapult-ex,0076,basic-box-m
3,1235,tie,1581,dragapult-dusknoir,0543,n-zoroark
3,1236,p1,0108,dragapult-dusknoir,1471,hops-trevenant
3,1237,p1,1848,froslass-munkidori,1474,alakazam-dudunsparce
3,1238,p2,1476,mega-excadrill-ex,1947,rocket-mewtwo-ex
3,1239,p1,1987,dragapult-ex,1477,alakazam-dudunsparce
3,1240,p2,1479,dhelmise-pbl,0810,dragapult-dusknoir
3,1241,tie,1899,mega-excadrill-ex,1317,dragapult-blaziken
3,1242,p1,1483,alakazam-dudunsparce,0113,starmie-froslass
3,1243,p2,1486,sharpedo-toxtricity,0734,mega-excadrill-ex
3,1244,p1,1402,dragapult-ex,1487,alakazam-dudunsparce
3,1245,p1,1117,dragapult-ex,1707,sharpedo-toxtricity
3,1246,p2,1492,alakazam-dusknoir,1629,dragapult-ex
3,1247,p2,0324,n-zoroark,1493,mega-excadrill-ex
3,1248,p2,1496,sinistcha-ogerpon,1703,dragapult-ex
3,1249,p2,2603,dragapult-ex,1497,dragapult-ex
3,1250,tie,1500,dragapult-blaziken,0207,n-zoroark
3,1251,tie,2624,lopunny-dudunsparce,1501,crustle-dri
3,1252,tie,1504,dragapult-dusknoir,1413,n-zoroark
3,1253,p1,1506,lopunny-dudunsparce,2954,lucario-hariyama
3,1254,p1,3085,alakazam-dudunsparce,0991,lopunny-dusknoir
3,1255,p2,1882,alakazam-dudunsparce,1548,grimmsnarl-froslass
3,1256,p1,2002,ogerpon-meganium-hydrapple,0684,n-zoroark
3,1257,p2,0040,dragapult-ex,0346,lucario-hariyama
3,1258,p1,2899,dragapult-ex,1367,ogerpon-meganium-hydrapple
3,1259,p1,1353,dragapult-blaziken,2151,dragapult-ex
3,1260,p1,2342,slowking-scr,1813,ogerpon-meganium-hydrapple
3,1261,p2,0290,sharpedo-toxtricity,2757,dragapult-ex
3,1262,p1,2036,dragapult-ex,0636,mega-excadrill-ex
3,1263,p1,0086,mega-venusaur-ex,1906,basic-box-m
3,1264,p2,0060,crustle-dri,2438,slowking-scr
3,1265,p1,1068,alakazam-dusknoir,1439,ethan-typhlosion
3,1266,p2,2313,ogerpon-meganium-hydrapple,1910,dragapult-dusknoir
3,1267,p1,0392,dragapult-dusknoir,1542,n-zoroark
3,1268,p2,2388,lopunny-dudunsparce,1376,dragapult-ex
3,1269,p2,2478,dragapult-blaziken,1615,sharpedo-toxtricity
3,1270,p2,3003,dragapult-dusknoir,0740,dragapult-blaziken
3,1271,p1,2735,dragapult-ex,0026,slowking-scr
3,1272,p2,1451,n-zoroark,0534,dragapult-dusknoir
3,1273,tie,1559,lopunny-dudunsparce,0272,dragapult-ex
3,1274,p1,2567,basic-box-m,2527,alakazam-dudunsparce
3,1275,p2,0344,raging-bolt-ogerpon,3103,dragapult-ex
3,1276,tie,0212,dragapult-dusknoir,1551,slowking-scr
3,1277,p2,2825,dhelmise-pbl,0647,dragapult-ex
3,1278,p2,1600,greninja-ex,0732,dhelmise-pbl
3,1279,p2,0545,sharpedo-toxtricity,0265,rockets-honchkrow
3,1280,tie,1441,azumarill-ssp,0416,lopunny-dudunsparce
3,1281,p1,1925,dragapult-ex,2334,dragapult-ex
3,1282,p1,2341,mega-excadrill-ex,1365,dragapult-ex
3,1283,p1,2574,lopunny-dudunsparce,1868,ethan-typhlosion
3,1284,p2,2664,crustle-dri,0141,dragapult-ex
3,1285,p1,1373,cinccino-ex,2037,dragapult-dusknoir
3,1286,p2,0929,dragapult-dusknoir,1192,basic-box-m
3,1287,p2,2129,alakazam-dudunsparce,2621,slowking-scr
3,1288,p2,0386,dragapult-ex,0079,slowking-scr
3,1289,p2,0660,alakazam-dudunsparce,1434,dragapult-dusknoir
3,1290,p1,2643,ogerpon-meganium-hydrapple,0992,ogerpon-meganium-hydrapple
3,1291,p2,2087,dragapult-blaziken,0051,alakazam-dudunsparce
3,1292,p2,0762,raging-bolt-ogerpon,2665,slowking-scr
3,1293,p2,1146,kangaskhan-bouffalant,2358,n-zoroark
3,1294,tie,2193,dragapult-dusknoir,0104,crustle-dri
3,1295,p2,1923,dragapult-ex,1097,slowking-scr
3,1296,p1,1090,basic-box-m,1606,dragapult-blaziken
3,1297,tie,3061,dhelmise-pbl,0893,dragapult-ex
3,1298,p1,1375,basic-box-m,0008,alakazam-dudunsparce
3,1299,p2,0231,dragapult-ex,0678,mega-excadrill-ex
3,1300,p1,1176,festival-lead,1599,doublade-por
3,1301,p2,1601,crustle-dri,0673,grimmsnarl-froslass
3,1302,p1,2883,alakazam-dudunsparce,1079,slowking-scr
3,1303,p1,0876,basic-box-m,0845,alakazam-dudunsparce
3,1304,p2,0218,dragapult-ex,2155,seaking-pre
3,1305,p1,2026,dragapult-dusknoir,2662,lopunny-dudunsparce
3,1306,p2,1682,basic-box-m,0478,n-zoroark
3,1307,p2,0725,kangaskhan-bouffalant,1344,festival-lead
3,1308,p1,2896,dragapult-blaziken,0120,mega-excadrill-ex
3,1309,p1,1889,dragapult-dusknoir,2576,crustle-dri
3,1310,p1,1054,dragapult-ex,0928,dhelmise-pbl
3,1311,p2,0735,starmie-dusknoir,1216,dragapult-dusknoir
3,1312,p2,0222,n-zoroark,1928,dragapult-ex
3,1313,p1,1014,alakazam-dudunsparce,1714,mega-excadrill-ex
3,1314,p1,1812,basic-box-m,0044,dragapult-ex
3,1315,p1,0094,n-zoroark,0422,okidogi-barbaracle
3,1316,p2,0705,dhelmise-pbl,1399,dragapult-blaziken
3,1317,p2,2287,dragapult-blaziken,0276,cynthia-garchomp-ex
3,1318,p2,1967,dragapult-ex,0176,starmie-dusknoir
3,1319,p2,2984,alakazam-dudunsparce,0277,basic-box-m
3,1320,p2,2221,lillie-clefairy,0883,mega-excadrill-ex
3,1321,p1,1931,crustle-dri,0601,dragapult-dusknoir
3,1322,p2,1340,festival-lead,2115,dragapult-blaziken
3,1323,tie,2840,dragapult-blaziken,2660,dragapult-ex
3,1324,p2,0519,dragapult-dusknoir,1647,mega-excadrill-ex
3,1325,p1,1650,dragapult-ex,2324,festival-lead
3,1326,p2,2738,lopunny-dudunsparce,0058,mega-greninja-ex
3,1327,p2,1653,starmie-froslass,2243,dragapult-ex
3,1328,p1,2941,slowking-scr,2680,festival-lead
3,1329,p2,1328,sharpedo-toxtricity,2740,festival-lead
3,1330,p2,0358,alakazam-dudunsparce,1468,dragapult-ex
3,1331,p2,2907,dragapult-blaziken,0010,n-zoroark
3,1332,p1,1180,dragapult-dusknoir,2042,tera-box
3,1333,p1,2911,dragapult-dusknoir,1183,grimmsnarl-froslass
3,1334,tie,1309,dragapult-blaziken,2882,dragapult-ex
3,1335,tie,0989,crustle-dri,2441,mega-excadrill-ex
3,1336,p1,0299,clefairy-ogerpon,1124,dragapult-blaziken
3,1337,p1,1824,alakazam-dudunsparce,1235,lopunny-dudunsparce
3,1338,p2,2059,dragapult-ex,0240,seaking-pre
3,1339,p2,2103,ethan-typhlosion,2854,dragapult-dusknoir
3,1340,p1,1686,toxtricity-box,0362,n-zoroark
3,1341,p2,1151,alakazam-dudunsparce,0151,dragapult-ex
3,1342,p1,2263,palafin-ex,2189,n-zoroark
3,1343,p1,3054,dragapult-ex,1609,basic-box-m
3,1344,p1,1507,dragapult-ex,3006,rocket-mewtwo-ex
3,1345,p2,0454,dragapult-ex,1035,basic-box-m
3,1346,tie,0059,dragapult-ex,0666,dragapult-blaziken
3,1347,p2,0254,n-zoroark,1741,alakazam-dusknoir
3,1348,p2,2721,alakazam-dudunsparce,1696,dragapult-ex
3,1349,p2,2327,mega-excadrill-ex,1698,dragapult-blaziken
3,1351,p1,0184,n-zoroark,1241,dragapult-ex
3,1352,tie,1675,mega-lucario-ex,0283,dragapult-ex
3,1353,p2,3014,dragapult-ex,2308,dhelmise-pbl
3,1354,p2,2377,mega-venusaur-ex,0985,basic-box-m
3,1355,tie,1873,dragapult-blaziken,2535,dragapult-ex
3,1356,tie,1830,ogerpon-meganium-hydrapple,2537,slowking-scr
3,1357,p2,1804,alakazam-dudunsparce,1683,raging-bolt-ogerpon
3,1358,p1,0576,cinccino-ex,0256,ogerpon-meganium-hydrapple
3,1359,p1,2834,basic-box-m,1919,mega-excadrill-ex
3,1360,p2,2205,dragapult-ex,3108,mega-chandelure-ex
3,1361,p1,1626,ogerpon-meganium-hydrapple,2113,crustle-dri
3,1362,p2,1656,dragapult-dusknoir,1965,dhelmise-pbl
3,1363,p1,2298,lucario-hariyama,1754,crustle-dri
3,1364,p1,2569,dragapult-blaziken,2486,n-zoroark
3,1365,p2,1389,dragapult-ex,2930,grimmsnarl-froslass
3,1366,p2,2337,mega-excadrill-ex,1625,dragapult-blaziken
3,1367,p1,0213,crustle-dri,1371,dragapult-ex
3,1368,p1,2124,lucario-hariyama,0846,dragapult-dusknoir
3,1369,p2,1762,other,0606,n-zoroark
3,1370,p2,2844,dragapult-blaziken,2305,basic-box-m
3,1371,p2,2052,n-zoroark,1052,n-zoroark
3,1372,p2,2678,ceruledge-ex,0549,rocket-mewtwo-ex
3,1373,p2,1383,dragapult-ex,1088,beedrill-ex-cri
3,1374,p2,3024,dhelmise-pbl,1716,n-zoroark
3,1375,p2,0098,dragapult-ex,0924,dragapult-ex
3,1376,p1,1950,dragapult-ex,1362,?metagross
3,1377,p2,1728,dragapult-dusknoir,2539,alakazam-dudunsparce
3,1378,p1,0190,sharpedo-toxtricity,0472,alakazam-dudunsparce
3,1379,p2,1619,hops-trevenant,1170,slowking-scr
3,1380,p1,2162,ceruledge-ex,1029,dragapult-blaziken
3,1381,p2,1086,mega-lucario-ex,1815,rockets-honchkrow
3,1382,p2,2733,cynthia-garchomp-ex,2174,ogerpon-meganium-hydrapple
3,1383,tie,3063,basic-box-m,0595,dragapult-ex
3,1384,p1,0850,lillie-clefairy,0625,dragapult-ex
3,1385,p1,3074,lopunny-dusknoir,1769,festival-lead
3,1386,p1,2433,lucario-hariyama,0997,dragapult-ex
3,1387,p1,2909,dragapult-ex,0252,lopunny-dusknoir
3,1388,p2,2948,basic-box-m,0047,dragapult-dudunsparce
3,1389,p2,2824,dragapult-dusknoir,2701,rockets-honchkrow
3,1390,p2,2085,grimmsnarl-froslass,2397,dragapult-ex
3,1391,p1,1594,dragapult-ex,2295,festival-lead
3,1392,p1,1810,crustle-dri,0091,crustle-dri
3,1393,p2,1544,ogerpon-meganium-hydrapple,1909,lillie-clefairy
3,1394,p1,0857,dragapult-blaziken,0259,dragapult-ex
3,1395,p1,1332,lopunny-dusknoir,2994,mega-lucario-ex
3,1396,p2,2868,alakazam-dusknoir,1202,lopunny-dusknoir
3,1397,p2,1785,dragapult-ex,2206,n-zoroark
3,1398,p1,1284,mega-venusaur-ex,0748,other
3,1399,p2,0792,lucario-hariyama,0356,dhelmise-pbl
3,1400,p1,2960,kangaskhan-bouffalant,2350,lillie-clefairy
3,1401,p1,2832,dragapult-ex,1118,mega-lucario-ex
3,1402,p1,2354,dragapult-blaziken,2214,basic-box-m
3,1403,p2,0954,mega-excadrill-ex,1343,n-zoroark
3,1404,tie,2361,lucario-hariyama,0027,dragapult-ex
3,1405,p2,1808,dhelmise-pbl,1858,dragapult-dusknoir
3,1406,p1,1480,dhelmise-pbl,1050,lucario-hariyama
3,1407,p2,0355,mega-lucario-ex,0632,slowking-scr
3,1408,tie,2065,dragapult-dusknoir,2016,alakazam-dudunsparce
3,1409,p1,0159,dragapult-ex,2344,dragapult-ex
3,1410,p2,0648,clefairy-ogerpon,1750,mega-excadrill-ex
3,1411,p2,2318,dragapult-ex,1205,crustle-dri
3,1412,p1,1083,ogerpon-meganium-arboliva,1867,raging-bolt-ogerpon
3,1413,p2,2814,mega-excadrill-ex,0986,dragapult-ex
3,1414,p1,1211,n-zoroark,2555,dhelmise-pbl
3,1415,p2,1608,lucario-hariyama,0028,dragapult-ex
3,1416,tie,1189,alakazam-dudunsparce,1607,ethan-typhlosion
3,1417,p2,0866,sharpedo-toxtricity,0407,basic-box-m
3,1418,p1,2585,rockets-honchkrow,0140,mega-starmie-ex
3,1419,p1,1831,dragapult-ex,2092,n-zoroark
3,1420,p2,0849,sharpedo-toxtricity,2137,basic-box-m
3,1421,p1,3105,dragapult-dusknoir,0211,dragapult-dusknoir
3,1422,p1,0432,crustle-dri,1677,dragapult-ex
3,1423,p2,3023,dhelmise-pbl,0706,dragapult-blaziken
3,1424,p2,2934,n-zoroark,0584,crustle-dri
3,1425,p2,1723,dragapult-ex,2369,mega-excadrill-ex
3,1426,p1,2661,dragapult-ex,1912,ethan-typhlosion
3,1427,p1,0690,flareon-noctowl,2632,n-zoroark
3,1428,p1,2750,basic-box-m,1020,dragapult-dusknoir
3,1429,p2,1384,n-zoroark,1558,slowking-scr
3,1430,p2,1181,n-zoroark,0634,alakazam-dudunsparce
3,1431,p2,0588,sharpedo-toxtricity,0886,mega-lucario-ex
3,1432,p2,2570,n-zoroark,0165,basic-box-m
3,1433,p1,1098,dragapult-ex,2055,palafin-ex
3,1434,p1,2200,alakazam-dusknoir,0164,rockets-honchkrow
3,1435,p1,1467,dragapult-ex,2716,ogerpon-meganium-hydrapple
3,1436,tie,0607,rockets-honchkrow,0642,dragapult-dusknoir
3,1437,p1,0892,sharpedo-toxtricity,1133,dragapult-ex
3,1438,p1,1789,n-zoroark,2070,n-zoroark
3,1439,p1,0072,cynthia-garchomp-ex,0900,festival-lead
3,1440,p2,3012,alakazam-dudunsparce,1641,basic-box-m
3,1441,p1,2126,dragapult-blaziken,1549,mega-lucario-ex
3,1442,p1,1989,n-zoroark,0907,dragapult-dusknoir
3,1443,p1,2686,ogerpon-meganium,2239,dragapult-ex
3,1444,p1,0462,crustle-dri,2888,dragapult-ex
3,1445,p2,1524,crustle-dri,2816,rockets-honchkrow
3,1446,p1,2719,slowking-scr,0720,mega-lucario-ex
3,1447,p2,2431,crustle-dri,2637,crustle-dri
3,1448,p2,1541,n-zoroark,0244,lucario-hariyama
3,1449,p2,0234,n-zoroark,2446,lopunny-dudunsparce
3,1450,p1,1320,basic-box-m,0835,alakazam-dusknoir
3,1451,p1,0342,ogerpon-meganium-hydrapple,1954,dragapult-ex
3,1452,p2,2998,dragapult-ex,0468,basic-box-m
3,1453,tie,2382,dragapult-blaziken,0236,mega-excadrill-ex
3,1454,tie,2353,dragapult-ex,0284,n-zoroark
3,1455,p2,1273,dragapult-dudunsparce,0135,n-zoroark
3,1456,p2,0012,dragapult-ex,1242,mega-chandelure-ex
3,1457,p2,0032,alakazam-dusknoir,2640,lucario-hariyama
3,1458,p2,2264,basic-box-m,2121,alakazam-dudunsparce
3,1459,p1,1422,dragapult-blaziken,0245,dragapult-ex
3,1460,p1,0531,dragapult-ex,3083,dragapult-blaziken
3,1461,p2,0841,dragapult-ex,0018,festival-lead
3,1462,p1,2057,festival-lead,3071,crustle-dri
3,1463,p2,2144,dragapult-blaziken,0253,lucario-hariyama
3,1464,p1,3073,mega-venusaur-ex,1289,mega-excadrill-ex
3,1465,p1,1940,alakazam-dusknoir,2804,dragapult-ex
3,1466,p1,2983,mega-chandelure-ex,1621,other
3,1467,p2,1566,crustle-dri,3084,ogerpon-meganium-hydrapple
3,1468,tie,0772,alakazam-dudunsparce,2918,dragapult-blaziken
3,1469,p2,1143,basic-box-m,1034,dragapult-ex
3,1470,p1,2181,mega-excadrill-ex,2050,ogerpon-meganium-hydrapple
3,1471,tie,1756,clefairy-ogerpon,0404,dragapult-ex
3,1472,p1,1359,dragapult-ex,0206,alakazam-dusknoir
3,1473,p1,2398,rockets-honchkrow,0419,mega-lucario-ex
3,1474,p2,2940,sharpedo-toxtricity,1281,dragapult-ex
3,1475,p1,1753,mega-excadrill-ex,1557,hop-zacian
3,1476,p2,3115,cinccino-ex,1936,n-zoroark
3,1477,p1,0093,lucario-hariyama,1403,mega-lucario-ex
3,1478,p1,1233,rocket-mewtwo-ex,0388,dragapult-blaziken
3,1479,p1,1395,mega-lucario-ex,0341,n-zoroark
3,1480,tie,2075,slowking-scr,2048,dragapult-ex
3,1481,p2,2423,alakazam-dudunsparce,1680,seaking-pre
3,1482,p2,1407,dragapult-dusknoir,2663,mega-excadrill-ex
3,1483,p2,0630,lucario-hariyama,0605,dhelmise-pbl
3,1484,p2,2669,mega-excadrill-ex,2892,grimmsnarl-froslass
3,1485,p2,2565,n-zoroark,0428,dragapult-ex
3,1486,p1,2427,dragapult-ex,1958,festival-lead
3,1487,p1,1881,n-zoroark,2166,n-zoroark
3,1488,p1,2303,rocket-mewtwo-ex,0389,dragapult-dusknoir
3,1489,p2,0649,lucario-hariyama,0092,raging-bolt-ogerpon
3,1490,p1,1880,alakazam-dudunsparce,1916,lopunny-dusknoir
3,1491,p1,1763,dragapult-blaziken,1983,okidogi-barbaracle
3,1492,p1,0580,dragapult-dusknoir,2452,other
3,1493,p2,1369,lucario-hariyama,0023,raging-bolt-ogerpon
3,1494,p1,1533,slowking-scr,1204,crustle-dri
3,1495,p1,0785,dragapult-ex,2502,dragapult-ex
3,1496,p1,2399,slowking-scr,2294,dragapult-blaziken
3,1497,p2,1800,mega-manectric-ex-meg,2775,alakazam-dudunsparce
3,1498,p2,2107,mega-excadrill-ex,1849,ogerpon-meganium-hydrapple
3,1499,p2,2179,rocket-spidops,0107,dragapult-dusknoir
3,1500,tie,1167,dragapult-ex,0922,dragapult-blaziken
3,1501,p1,0542,festival-lead,1669,slowking-scr
3,1502,p1,2405,basic-box-m,1877,lopunny-dusknoir
3,1503,p2,0651,grimmsnarl-froslass,3117,cynthia-garchomp-ex
3,1504,p1,1232,dhelmise-pbl,0263,alakazam-dudunsparce
3,1505,p2,0879,other,0338,n-zoroark
3,1506,p2,2989,mega-dragonite-ex,1962,dragapult-ex
3,1507,p1,0319,basic-box-m,2366,dragapult-ex
3,1508,tie,0349,dragapult-dusknoir,0788,slowking-scr
3,1509,tie,1582,ogerpon-meganium-hydrapple,0436,ceruledge-ex
3,1510,p2,2191,dragapult-dusknoir,1892,dragapult-dusknoir
3,1511,p1,0877,festival-lead,1355,dragapult-ex
3,1512,p1,1748,dragapult-dusknoir,0946,cynthia-garchomp-ex
3,1513,p2,0005,slowking-scr,1636,dragapult-ex
3,1514,p2,2481,alakazam-dudunsparce,0996,crustle-dri
3,1515,tie,2093,dhelmise-pbl,2588,grimmsnarl-froslass
3,1516,p2,1445,dragapult-ex,0487,dragapult-dusknoir
3,1517,p2,2508,festival-lead,0317,starmie-dusknoir
3,1518,p2,1757,alakazam-dudunsparce,1226,dragapult-dusknoir
3,1519,p2,0599,dragapult-ex,2729,cynthia-garchomp-ex
3,1520,p2,1338,kangaskhan-bouffalant,2772,dragapult-ex
3,1521,p1,3112,slowking-scr,2584,festival-lead
3,1522,p1,1206,alakazam-dudunsparce,2207,slowking-scr
3,1523,tie,1663,n-zoroark,2562,n-zoroark
3,1524,p1,0913,lucario-hariyama,0364,raging-bolt-ogerpon
3,1525,tie,1250,dragapult-ex,1262,dhelmise-pbl
3,1526,p2,2164,dragapult-dusknoir,1522,basic-box-m
3,1527,p1,1132,slowking-scr,2942,n-zoroark
3,1528,p2,0380,dragapult-ex,1872,tera-box
3,1529,p1,2217,lucario-hariyama,1765,mega-greninja-ex
3,1530,p1,0203,lopunny-dudunsparce,2530,lopunny-dusknoir
3,1531,p2,3120,crustle-dri,2440,rockets-honchkrow
3,1532,tie,1655,dragapult-blaziken,2064,dragapult-ex
3,1533,p2,2467,rockets-honchkrow,1514,dragapult-blaziken
3,1534,p2,2778,toucannon-pbl,2675,lucario-hariyama
3,1535,p2,0337,ogerpon-meganium-hydrapple,0640,dragapult-dudunsparce
3,1536,p2,1231,beedrill-ex-cri,2616,alakazam-dudunsparce
3,1537,tie,1144,alakazam-dudunsparce,1726,dhelmise-pbl
3,1538,p2,2127,basic-box-m,1015,manectric-eelektrik
3,1539,p2,0726,n-zoroark,0251,crustle-dri
3,1540,p2,2627,?,2118,crustle-dri
3,1541,p2,1491,mega-lucario-ex,0816,dragapult-ex
3,1542,p2,0186,mega-starmie-ex,3037,mega-excadrill-ex
3,1543,p2,2708,alakazam-dudunsparce,1259,n-zoroark
3,1544,p2,1944,alakazam-dudunsparce,2269,crustle-dri
3,1545,p2,0693,dragapult-dusknoir,2873,alakazam-dudunsparce
3,1546,tie,0869,crustle-dri,3032,dragapult-dusknoir
3,1547,p2,2828,toucannon-pbl,2360,dragapult-blaziken
3,1548,p2,0839,dragapult-dusknoir,0818,n-zoroark
3,1549,tie,0193,dragapult-ex,0898,raging-bolt-ogerpon
3,1550,p2,0968,n-zoroark,0215,mega-excadrill-ex
3,1551,p2,2211,toxtricity-box,0065,n-zoroark
3,1552,tie,2007,dragapult-blaziken,2728,basic-box-m
3,1553,tie,0332,ogerpon-meganium-hydrapple,1292,dragapult-dusknoir
3,1554,p2,2235,dragapult-dusknoir,0185,ogerpon-meganium-arboliva
3,1555,tie,1081,starmie-froslass,0819,alakazam-dudunsparce
3,1556,p2,1959,dragapult-ex,2619,mega-excadrill-ex
3,1557,p2,2289,dragapult-dusknoir,0912,dhelmise-pbl
3,1558,p2,0852,grimmsnarl-froslass,0870,ogerpon-meganium-hydrapple
3,1559,p1,2472,sharpedo-toxtricity,1845,slowking-scr
3,1560,p1,0897,slowking-scr,0790,ogerpon-meganium-hydrapple
3,1561,p2,1430,basic-box-m,2642,dragapult-ex
3,1562,p2,0309,toucannon-pbl,3057,lopunny-dudunsparce
3,1563,p1,2533,dragapult-ex,0146,crustle-dri
3,1564,p2,1886,dragapult-dusknoir,0611,dragapult-ex
3,1565,tie,1855,rockets-honchkrow,0434,dragapult-ex
3,1566,p1,0949,dragapult-dusknoir,2753,diancie-dusknoir
3,1567,p2,0073,dragapult-ex,2270,dragapult-blaziken
3,1568,tie,1885,dhelmise-pbl,1737,dragapult-ex
3,1569,p2,1279,starmie-froslass,0955,mega-excadrill-ex
3,1570,p2,0053,dragapult-ex,0851,mega-excadrill-ex
3,1571,tie,1611,dragapult-ex,1646,lucario-hariyama
3,1572,p2,2265,alakazam-dudunsparce,0612,n-zoroark
3,1573,p2,2548,doublade-por,0304,dragapult-ex
3,1574,p2,0750,lillie-clefairy,0960,okidogi-barbaracle
3,1575,tie,0310,mega-greninja-ex,0509,okidogi-barbaracle
3,1576,tie,1266,dragapult-ex,0662,alakazam-dudunsparce
3,1577,p2,2463,toucannon-pbl,0169,dragapult-ex
3,1578,p1,1213,dragapult-blaziken,0077,ogerpon-meganium-hydrapple
3,1579,tie,1141,basic-box-m,1913,lopunny-dusknoir
3,1580,p2,0978,raging-bolt-ogerpon,2128,n-zoroark
3,1581,p2,2447,lucario-hariyama,1071,dragapult-ex
3,1582,tie,2330,slowking-scr,1903,dragapult-ex
3,1583,p2,1432,dragapult-dusknoir,0138,dhelmise-pbl
3,1584,p1,1073,n-zoroark,2304,dragapult-ex
3,1585,p1,0247,toxtricity-box,1092,mega-greninja-ex
3,1586,p1,2534,n-zoroark,2648,mega-excadrill-ex
3,1587,p2,0987,dragapult-ex,1427,n-zoroark
3,1588,p1,0568,hops-trevenant,1425,cynthia-garchomp-ex
3,1589,p2,0474,doublade-por,0011,dragapult-dusknoir
3,1590,p2,3002,beedrill-ex-cri,0036,alakazam-dusknoir
3,1591,p1,3094,alakazam-dudunsparce,2212,dhelmise-pbl
3,1592,p1,0603,n-zoroark,3056,dragapult-ex
3,1593,tie,0539,mega-venusaur-ex,2524,slowking-scr
3,1594,p1,0943,basic-box-m,2871,n-zoroark
3,1595,p1,1142,alakazam-dudunsparce,2266,mega-excadrill-ex
3,1596,p1,1275,hops-trevenant,0757,mega-chandelure-ex
3,1597,p2,2499,alakazam-dudunsparce,1866,mega-venusaur-ex
3,1598,tie,0659,alakazam-dudunsparce,2258,alakazam-dudunsparce
3,1599,p1,3030,mega-chandelure-ex,2292,mega-venusaur-ex
3,1600,p1,0711,dragapult-ex,1574,grimmsnarl-froslass
3,1601,p1,0171,alakazam-dusknoir,0226,dragapult-ex
3,1602,p2,0775,alakazam-dusknoir,2523,lopunny-dudunsparce
3,1603,p1,2418,slowking-scr,0373,dragapult-ex
3,1604,p2,2748,alakazam-dudunsparce,0329,dragapult-ex
3,1605,p2,0074,slowking-scr,0699,greninja-ex
3,1606,p2,1539,dragapult-blaziken,1836,rocket-spidops
3,1607,p1,3038,dragapult-dusknoir,0918,raging-bolt-ogerpon
3,1608,p2,0301,dragapult-ex,0465,dhelmise-pbl
3,1609,p2,2008,basic-box-m,2194,sharpedo-toxtricity
3,1610,p1,0024,hops-trevenant,1660,dragapult-ex
3,1611,p2,1779,dhelmise-pbl,1853,kangaskhan-bouffalant
3,1612,p1,1718,dragapult-ex,1385,dragapult-dusknoir
3,1613,p2,1856,crustle-dri,2013,slowking-scr
3,1614,p1,1525,n-zoroark,1244,alakazam-dudunsparce
3,1615,tie,2702,sharpedo-toxtricity,0038,alakazam-dudunsparce
3,1616,p2,1639,other,2707,dragapult-blaziken
3,1617,p1,1623,mega-lucario-ex,2822,grimmsnarl-froslass
3,1618,p1,0770,alakazam-dudunsparce,2793,other
3,1619,tie,0655,mega-excadrill-ex,0414,dragapult-ex
3,1620,p2,3013,rockets-honchkrow,2765,slowking-scr
3,1621,p1,0731,alakazam-dudunsparce,1531,dhelmise-pbl
3,1622,p2,0438,dragapult-ex,1941,dragapult-dusknoir
3,1623,tie,1027,diancie-dusknoir,1583,dhelmise-pbl
3,1624,tie,1630,slowking-scr,0533,ogerpon-meganium-hydrapple
3,1625,tie,1138,mega-excadrill-ex,2316,kangaskhan-bouffalant
3,1626,p2,0229,mega-excadrill-ex,2974,alakazam-dudunsparce
3,1627,p2,2889,cynthia-garchomp-ex,0312,dhelmise-pbl
3,1628,p1,0132,dragapult-ex,0433,rockets-honchkrow
3,1629,p1,1624,dragapult-ex,1459,alakazam-dudunsparce
3,1630,p2,0563,dragapult-dusknoir,0940,dhelmise-pbl
3,1631,p1,1953,dragapult-ex,1532,blaziken-ex-jtg
3,1632,p2,0426,alakazam-dudunsparce,2898,dragapult-dusknoir
3,1633,p1,1631,starmie-dusknoir,1644,crustle-dri
3,1634,p1,0372,alakazam-dudunsparce,0729,dragapult-dusknoir
3,1635,p1,2477,mega-venusaur-ex,0330,n-zoroark
3,1636,tie,1429,dragapult-dusknoir,2827,n-zoroark
3,1637,p2,1841,dragapult-dusknoir,2788,alakazam-dudunsparce
3,1638,p2,2033,basic-box-m,2277,alakazam-dudunsparce
3,1639,p1,2043,diancie-dusknoir,2791,dragapult-ex
3,1640,p2,3039,sharpedo-toxtricity,2717,dragapult-ex
3,1641,p1,2866,other,0730,grimmsnarl-froslass
3,1642,tie,1538,mega-excadrill-ex,3042,grimmsnarl-froslass
3,1643,p1,1576,mega-excadrill-ex,2743,basic-box-m
3,1644,p2,2176,n-zoroark,3019,dragapult-blaziken
3,1645,p1,2077,dragapult-ex,0473,n-zoroark
3,1646,p1,2072,n-zoroark,2229,alakazam-dudunsparce
3,1647,p2,0919,lucario-hariyama,0482,dragapult-blaziken
3,1648,p2,1985,dragapult-dusknoir,1127,n-zoroark
3,1649,p2,1044,dragapult-dusknoir,2034,dragapult-ex
3,1650,p2,2500,manectric-eelektrik,2915,slowking-scr
3,1651,p2,0458,lucario-hariyama,1911,dragapult-ex
3,1652,p1,1000,dhelmise-pbl,2038,festival-lead
3,1653,p1,0863,festival-lead,2542,crustle-dri
3,1654,p1,1030,basic-box-m,1752,dragapult-ex
3,1655,p1,1642,dhelmise-pbl,3020,dragapult-dusknoir
3,1656,p2,0707,mega-excadrill-ex,2810,ceruledge-ex
3,1657,tie,1171,n-zoroark,2114,slowking-scr
3,1658,p2,2820,festival-lead,2123,dragapult-dusknoir
3,1659,p2,2801,lillie-clefairy,0961,alakazam-dudunsparce
3,1660,p2,2228,lucario-hariyama,2577,dragapult-dusknoir
3,1661,p1,1974,mega-chandelure-ex,3018,beedrill-ex-cri
3,1662,p1,2172,slowking-scr,0887,dragapult-blaziken
3,1663,p2,0783,ogerpon-meganium-hydrapple,2390,dragapult-dusknoir
3,1664,tie,2152,dragapult-ex,1288,lopunny-dudunsparce
3,1665,p2,2281,grimmsnarl-froslass,2800,dragapult-ex
3,1666,p1,1426,dragapult-dusknoir,1056,alakazam-dudunsparce
3,1667,p1,0466,dragapult-ex,0507,crustle-dri
3,1668,p2,3089,n-zoroark,1612,other
3,1669,p2,2754,slowking-scr,1907,dhelmise-pbl
3,1670,p1,0490,dragapult-ex,1028,dragapult-ex
3,1671,p2,0970,basic-box-m,1089,dhelmise-pbl
3,1672,p2,2079,alakazam-dudunsparce,0200,rockets-honchkrow
3,1673,p2,0343,dragapult-blaziken,0794,crustle-dri
3,1674,p1,0627,dragapult-ex,3081,grimmsnarl-froslass
3,1675,p1,2140,mega-excadrill-ex,1530,dragapult-ex
3,1676,p2,1681,festival-lead,1797,mega-excadrill-ex
3,1677,p1,2310,lucario-hariyama,1255,dragapult-ex
3,1678,p2,1462,alakazam-dusknoir,1300,dragapult-dusknoir
3,1679,p1,1915,dragapult-ex,2846,slowking-scr
3,1680,p1,2348,crustle-dri,1580,festival-lead
3,1681,p1,2636,cynthia-garchomp-ex,1945,dragapult-ex
3,1682,p2,1857,ogerpon-meganium-hydrapple,2282,n-zoroark
3,1683,p2,2687,slowking-scr,1048,alakazam-dudunsparce
3,1684,p1,1843,dhelmise-pbl,1575,dragapult-ex
3,1685,p1,2937,alakazam-dudunsparce,0975,raging-bolt-ogerpon
3,1686,p2,1645,mega-excadrill-ex,2760,dragapult-dusknoir
3,1687,p1,0398,raging-bolt-ogerpon,2704,dragapult-ex
3,1688,tie,2617,mega-absol-box,1386,festival-lead
3,1689,p1,2975,festival-lead,2428,raging-bolt-ogerpon
3,1690,p1,2610,dragapult-dudunsparce,0920,mega-excadrill-ex
3,1691,tie,2598,basic-box-m,2098,ogerpon-meganium
3,1692,p2,1722,alakazam-dudunsparce,2928,basic-box-m
3,1693,p1,1634,crustle-dri,1568,n-zoroark
3,1694,p1,2850,n-zoroark,2301,n-zoroark
3,1695,p1,0031,basic-box-m,2021,lucario-hariyama
3,1696,p1,2376,dragapult-ex,1458,alakazam-dudunsparce
3,1697,tie,3086,basic-box-m,0175,dhelmise-pbl
3,1698,tie,1348,alakazam-dudunsparce,1784,toucannon-pbl
3,1699,tie,2962,dragapult-dusknoir,0145,n-zoroark
3,1700,p2,2981,cynthia-garchomp-ex,2379,yanmega-ex
3,1701,p2,0842,starmie-froslass,2372,dragapult-blaziken
3,1702,p1,1082,dragapult-ex,0528,alakazam-dudunsparce
3,1703,p2,0297,alakazam-dudunsparce,0899,dragapult-blaziken
3,1704,tie,2668,dragapult-ex,1904,rockets-honchkrow
3,1705,p2,0237,alakazam-dusknoir,3060,dragapult-ex
3,1706,tie,1971,mega-excadrill-ex,2022,dragapult-ex
3,1707,tie,0041,slowking-scr,2685,dragapult-dusknoir
3,1708,p2,0564,mega-venusaur-ex,3090,dragapult-dusknoir
3,1709,p2,2552,dragapult-dusknoir,2416,ursaluna-lunatone
3,1710,p2,0246,crustle-dri,1276,lucario-hariyama
3,1711,p1,1690,lucario-hariyama,2387,other
3,1712,p2,1870,slowking-scr,2525,lopunny-dusknoir
3,1713,p1,2641,rocket-mewtwo-ex,1665,dragapult-blaziken
3,1714,p1,2158,dragapult-ex,1038,hops-trevenant
3,1715,p2,2175,rocket-mewtwo-ex,0066,cynthia-garchomp-ex
3,1716,p1,2364,slowking-scr,2674,mega-excadrill-ex
3,1717,p1,0501,basic-box-m,1516,basic-box-m
3,1718,tie,3041,n-zoroark,2971,seaking-pre
3,1719,p2,0838,mega-froslass-ex,0888,n-zoroark
3,1720,p1,1893,dragapult-blaziken,3047,dragapult-blaziken
3,1721,tie,1203,dragapult-ex,0538,dhelmise-pbl
3,1722,p1,0680,mega-excadrill-ex,0257,alakazam-dudunsparce
3,1723,p1,0589,ogerpon-meganium-hydrapple,2587,rockets-honchkrow
3,1724,tie,1197,dragapult-dusknoir,0962,dragapult-blaziken
3,1725,p2,2371,dragapult-dusknoir,2495,dragapult-ex
3,1726,p1,1540,dragapult-ex,1074,ethan-typhlosion
3,1727,p1,1545,n-zoroark,1104,crustle-dri
3,1728,p2,1747,dragapult-ex,3114,dragapult-dusknoir
3,1729,tie,2196,?metagross,1039,hops-trevenant
3,1730,p1,2916,ethan-typhlosion,1922,rocket-mewtwo-ex
3,1731,p1,3001,metagross-cri,0216,grimmsnarl-froslass
3,1732,p1,1424,mega-excadrill-ex,1103,dragapult-ex
3,1733,tie,0505,dragapult-ex,2805,n-zoroark
3,1734,p1,0395,mega-excadrill-ex,3025,dragapult-dusknoir
3,1735,p2,2515,beedrill-ex-cri,0520,n-zoroark
3,1736,p1,1207,ogerpon-meganium-arboliva,1949,lucario-hariyama
3,1737,p1,1827,alakazam-dudunsparce,1078,cinccino-ex
3,1738,p1,0767,sharpedo-toxtricity,0239,lopunny-dusknoir
3,1739,p2,2374,mega-excadrill-ex,1710,basic-box-m
3,1740,p1,0881,crustle-dri,2082,dragapult-ex
3,1741,tie,1738,n-zoroark,1191,dragapult-ex
3,1742,tie,2169,ethan-typhlosion,1312,rockets-honchkrow
3,1743,p2,0250,crustle-dri,2106,okidogi-barbaracle
3,1744,tie,2593,dragapult-ex,0331,mega-excadrill-ex
3,1745,p2,0238,crustle-dri,0950,n-zoroark
3,1746,p2,1306,alakazam-dusknoir,3058,crustle-dri
3,1747,p2,3055,n-zoroark,0764,n-zoroark
3,1748,p2,2329,alakazam-dudunsparce,1897,dragapult-ex
3,1749,tie,2496,rockets-honchkrow,0615,mega-greninja-ex
3,1750,tie,0314,dragapult-blaziken,2254,hop-zacian
3,1751,p2,2143,dragapult-dudunsparce,0296,dragapult-ex
3,1752,p2,0048,festival-lead,2030,dragapult-dusknoir
3,1753,p1,2139,mega-excadrill-ex,1294,mega-venusaur-ex
3,1754,tie,3122,dragapult-ex,2078,alakazam-dudunsparce
3,1755,tie,1742,seaking-pre,1799,crustle-dri
3,1756,p2,1221,basic-box-m,2159,mega-excadrill-ex
3,1757,p1,2715,dragapult-ex,0593,alakazam-dudunsparce
3,1758,p2,1826,crustle-dri,1258,n-zoroark
3,1759,p1,1436,alakazam-dudunsparce,0771,ogerpon-meganium-hydrapple
3,1760,tie,2681,ceruledge-ex,1727,paldean-tauros-pfl
3,1761,tie,3059,slowking-scr,2237,slowking-scr
3,1762,p1,2927,lopunny-dudunsparce,2421,ethan-typhlosion
3,1763,p1,2238,dragapult-ex,1121,mega-starmie-ex
3,1764,tie,0182,alakazam-dudunsparce,3118,dragapult-ex
3,1765,p2,2517,mega-venusaur-ex,0264,n-zoroark
3,1766,tie,0286,lucario-hariyama,0227,dragapult-ex
3,1767,p1,0829,slowking-scr,0129,slowking-scr
3,1768,p2,0459,basic-box-m,1363,dragapult-blaziken
3,1769,tie,0399,n-zoroark,1951,dhelmise-pbl
3,1770,p2,2443,dhelmise-pbl,2546,n-zoroark
3,1771,p1,0396,basic-box-m,0401,dragapult-blaziken
3,1772,p2,1267,dragapult-dusknoir,0661,dragapult-blaziken
3,1773,p2,2900,sharpedo-toxtricity,1822,mega-chandelure-ex
3,1774,p2,1431,rocket-mewtwo-ex,1604,slowking-scr
3,1775,p2,0170,hop-zacian,1067,mega-excadrill-ex
3,1776,p2,1777,dragapult-ex,2594,mega-excadrill-ex
3,1777,p1,1003,lopunny-dusknoir,2993,slowking-scr
3,1778,p2,1119,mega-excadrill-ex,2695,alakazam-dudunsparce
3,1779,p2,2551,dragapult-blaziken,1033,basic-box-m
3,1780,p1,0832,dhelmise-pbl,1930,zygarde-barbaracle
3,1781,p2,2487,crustle-dri,2874,mega-excadrill-ex
3,1782,tie,2597,mega-chandelure-ex,2532,dragapult-ex
3,1783,p1,1825,dragapult-ex,0971,dragapult-ex
3,1784,tie,1256,dragapult-ex,2647,dragapult-ex
3,1785,p2,1613,alakazam-dudunsparce,0765,dragapult-ex
3,1786,p2,2141,n-zoroark,2241,dragapult-dusknoir
3,1787,p1,2607,rocket-mewtwo-ex,2466,cynthia-garchomp-ex
3,1788,p1,0448,ogerpon-meganium-hydrapple,1461,lucario-hariyama
3,1789,p1,2023,dragapult-dusknoir,1529,kangaskhan-bouffalant
3,1790,p1,2841,dhelmise-pbl,2101,dragapult-dusknoir
3,1791,p1,0862,alakazam-dusknoir,1159,dragapult-dusknoir
3,1792,p1,0367,dragapult-ex,0068,beedrill-ex-cri
3,1793,p2,0742,crustle-dri,0154,mega-excadrill-ex
3,1794,p2,0614,slowking-scr,2691,slowking-scr
3,1795,p1,0084,grimmsnarl-froslass,2317,n-zoroark
3,1796,p1,0022,rockets-honchkrow,2393,alakazam-dudunsparce
3,1797,tie,1664,lucario-hariyama,1283,cynthia-garchomp-ex
3,1798,p2,2979,beedrill-ex-cri,0908,mega-starmie-ex
3,1799,p1,0095,crustle-dri,2414,basic-box-m
3,1800,p1,2408,n-zoroark,2424,dragapult-ex
3,1801,p1,0809,mega-lucario-ex,2165,sharpedo-toxtricity
3,1802,p2,0157,hydreigon-ex,2400,alakazam-dudunsparce
3,1803,tie,2083,dragapult-ex,0100,slowking-scr
3,1804,p1,0895,alakazam-dusknoir,1622,ogerpon-meganium-hydrapple
3,1805,p1,0421,n-zoroark,1440,dragapult-ex
3,1806,p2,2891,dragapult-dusknoir,2051,dragapult-dusknoir
3,1807,tie,1996,ogerpon-meganium-hydrapple,0517,festival-lead
3,1808,p2,1547,dragapult-ex,1245,dragapult-ex
3,1809,p1,0306,basic-box-m,0878,cynthia-garchomp-ex
3,1810,p1,0144,mega-lucario-ex,1351,raging-bolt-ogerpon
3,1811,p2,2650,cynthia-garchomp-ex,2699,slowking-scr
3,1812,p2,1406,mega-excadrill-ex,2950,n-zoroark
3,1813,p1,0345,dragapult-ex,0560,dragapult-dusknoir
3,1814,p2,2839,starmie-froslass,2602,mega-starmie-ex
3,1815,p2,1253,mega-excadrill-ex,2658,dragapult-ex
3,1816,p1,1556,festival-lead,3067,dragapult-ex
3,1817,p2,2917,n-zoroark,2276,mega-excadrill-ex
3,1818,tie,1470,dragapult-ex,2218,mega-excadrill-ex
3,1819,p1,3000,ethan-typhlosion,0916,mega-greninja-ex
3,1820,p1,3034,mega-excadrill-ex,1247,festival-lead
3,1821,p1,2367,dragapult-ex,0412,lucario-hariyama
3,1822,p2,0390,dragapult-dusknoir,2135,dragapult-ex
3,1823,p2,0183,lopunny-dudunsparce,3035,n-zoroark
3,1824,p1,2572,dragapult-blaziken,1510,dhelmise-pbl
3,1825,p2,0760,ethan-typhlosion,1452,dragapult-ex
3,1826,p1,2671,slowking-scr,0697,slowking-scr
3,1827,p2,1166,sharpedo-toxtricity,2861,starmie-dusknoir
3,1828,p1,0609,rockets-honchkrow,1134,dudunsparce-control
3,1829,p2,0964,dragapult-ex,0201,dragapult-dusknoir
3,1830,p2,2817,slowking-scr,1788,dragapult-dusknoir
3,1831,p1,0410,dragapult-dusknoir,2558,rockets-honchkrow
3,1832,p1,1638,dragapult-ex,1684,archaludon-ex
3,1833,tie,2288,alakazam-dudunsparce,1503,alakazam-dudunsparce
3,1834,p2,1488,basic-box-m,2473,dragapult-ex
3,1835,p1,1447,dragapult-ex,2232,dragapult-ex
3,1836,p2,2749,n-zoroark,2768,alakazam-dudunsparce
3,1837,p2,2986,raging-bolt-ogerpon,2829,dragapult-ex
3,1838,p2,2271,alakazam-dudunsparce,2148,sharpedo-toxtricity
3,1839,p2,1129,dragapult-dusknoir,1026,slowking-scr
3,1840,p1,0755,alakazam-dudunsparce,1917,okidogi-barbaracle
3,1841,p1,1194,dragapult-dudunsparce,0125,n-zoroark
3,1842,p2,0149,dragapult-ex,2184,dragapult-ex
3,1843,p1,2510,rocket-mewtwo-ex,3095,doublade-por
3,1844,p2,0682,mega-greninja-ex,2713,cynthia-garchomp-ex
3,1845,p2,1313,beedrill-ex-cri,2797,dragapult-ex
3,1846,p1,3010,dragapult-ex,2482,festival-lead
3,1847,p1,2306,dragapult-blaziken,2453,slowking-scr
3,1848,p2,0515,dragapult-dusknoir,1230,mega-venusaur-ex
3,1849,tie,1101,dragapult-ex,2586,crustle-dri
3,1850,p2,0629,raging-bolt-ogerpon,2386,crustle-dri
3,1851,p2,1449,dragapult-blaziken,1818,festival-lead
3,1852,p1,0450,ceruledge-ex,2267,ogerpon-meganium-hydrapple
3,1853,p1,3119,mega-froslass-ex,2580,raging-bolt-ogerpon
3,1854,tie,1837,mega-greninja-ex,0327,crustle-dri
3,1855,p2,1957,n-zoroark,0761,cynthia-garchomp-ex
3,1856,p2,3062,rockets-honchkrow,2435,festival-lead
3,1857,p1,0645,dragapult-ex,2188,alakazam-dudunsparce
3,1858,tie,0103,dragapult-blaziken,0019,n-zoroark
3,1859,p2,1409,alakazam-dudunsparce,1110,mega-greninja-ex
3,1860,tie,1011,crustle-dri,2507,mega-excadrill-ex
3,1861,p2,0638,ogerpon-meganium-hydrapple,2690,dragapult-ex
3,1862,p2,2096,alakazam-dudunsparce,3043,slowking-scr
3,1863,p1,1657,mega-starmie-ex,2197,dragapult-blaziken
3,1864,p1,1895,festival-lead,1335,n-zoroark
3,1865,p1,1687,crustle-dri,0572,dragapult-blaziken
3,1866,p2,0269,mega-excadrill-ex,1833,mega-excadrill-ex
3,1867,p1,1864,mega-greninja-ex,1963,alakazam-dudunsparce
3,1868,p2,0843,dragapult-dusknoir,0512,alakazam-dudunsparce
3,1869,p2,1790,dragapult-dusknoir,1374,dragapult-ex
3,1870,p2,0910,mega-chandelure-ex,1764,dragapult-dusknoir
3,1871,p1,0958,mega-venusaur-ex,1238,mega-excadrill-ex
3,1872,p1,0914,mega-lucario-ex,1370,n-zoroark
3,1873,p2,2210,dragapult-dusknoir,0069,festival-lead
3,1874,p1,0738,mega-lucario-ex,2349,lucario-hariyama
3,1875,p1,1420,lopunny-dusknoir,1591,?metagross
3,1876,p1,0177,dragapult-ex,2511,festival-lead
3,1877,p2,2549,dragapult-dudunsparce,2966,dragapult-dusknoir
3,1878,tie,0335,flareon-ex,1564,alakazam-dudunsparce
3,1879,p2,1085,n-zoroark,0600,dragapult-dusknoir
3,1880,p2,2559,yanmega-ex,0445,dragapult-ex
3,1881,p2,2056,mega-excadrill-ex,2730,n-zoroark
3,1882,p1,2520,ogerpon-meganium-hydrapple,0716,alakazam-dudunsparce
3,1883,p1,0498,dragapult-ex,0617,ogerpon-meganium-hydrapple
3,1884,p2,3100,sharpedo-toxtricity,2133,n-zoroark
3,1885,p2,2461,ethan-typhlosion,3053,slowking-scr
3,1886,p1,1736,dragapult-ex,1366,sharpedo-toxtricity
3,1887,tie,2404,mega-excadrill-ex,0936,festival-lead
3,1888,p2,2130,toxtricity-box,1883,basic-box-m
3,1889,p1,1661,crustle-dri,1550,mega-excadrill-ex
3,1890,p1,2117,dragapult-dusknoir,2630,dhelmise-pbl
3,1891,tie,2656,alakazam-dudunsparce,1517,mega-lucario-ex
3,1892,p1,0624,dhelmise-pbl,2634,mega-lucario-ex
3,1893,p2,2887,hops-trevenant,1701,dragapult-ex
3,1894,p2,2311,dragapult-blaziken,3076,alakazam-dudunsparce
3,1895,tie,1521,dragapult-ex,1887,ethan-typhlosion
3,1896,p2,0522,n-zoroark,1711,dragapult-dusknoir
3,1897,p1,1154,flareon-noctowl,2563,alakazam-dusknoir
3,1898,p2,1861,mega-abomasnow-ex,2420,mega-excadrill-ex
3,1899,p1,2543,dragapult-ex,0581,beedrill-ex-cri
3,1900,p1,1771,starmie-dusknoir,2796,n-zoroark
3,1901,p2,2957,slowking-scr,0858,mega-excadrill-ex
3,1902,p1,1635,lopunny-dudunsparce,1187,seaking-pre
3,1903,p1,1417,ogerpon-meganium-hydrapple,2410,doublade-por
3,1904,tie,2345,tera-box,1543,toxtricity-brute-bonnet
3,1905,p1,1303,basic-box-m,0381,mega-venusaur-ex
3,1906,tie,0173,sharpedo-toxtricity,1692,ceruledge-ex
3,1907,p1,2869,mega-excadrill-ex,2066,alakazam-dudunsparce
3,1908,p1,0714,crustle-dri,0268,dragapult-ex
3,1909,p1,2035,alakazam-dudunsparce,1859,mega-darkrai-ex
3,1910,p1,2831,dragapult-ex,1007,festival-lead
3,1911,p1,0260,n-zoroark,0115,grimmsnarl-froslass
3,1912,p1,3106,alakazam-dudunsparce,0709,raging-bolt-ogerpon
3,1913,tie,2326,alakazam-dudunsparce,1301,n-zoroark
3,1914,p2,2173,n-zoroark,0147,festival-lead
3,1915,p2,1760,mega-excadrill-ex,1618,rockets-honchkrow
3,1916,p1,0403,dragapult-blaziken,0339,n-zoroark
3,1917,p1,2426,lopunny-dusknoir,3045,kangaskhan-bouffalant
3,1918,tie,2554,rocket-spidops,2921,dragapult-dusknoir
3,1919,p1,2479,dragapult-blaziken,3087,zygarde-barbaracle
3,1920,p1,0973,dragapult-dusknoir,2504,mega-lucario-ex
3,1921,p1,0101,dragapult-ex,1699,alakazam-dusknoir
3,1922,p2,0848,grimmsnarl-froslass,2764,alakazam-dudunsparce
3,1923,p1,3091,dragapult-dusknoir,2336,dragapult-ex
3,1924,p1,0365,kangaskhan-bouffalant,1168,dhelmise-pbl
3,1925,p1,2125,dragapult-dusknoir,2893,dragapult-dusknoir
3,1926,tie,1372,kangaskhan-bouffalant,2837,dragapult-dusknoir
3,1927,tie,1776,dhelmise-pbl,2244,dragapult-blaziken
3,1928,p2,1446,ethan-typhlosion,0039,dragapult-ex
3,1929,p1,2261,mega-lucario-ex,1001,grimmsnarl-froslass
3,1930,p2,1814,dragapult-dusknoir,1782,dragapult-ex
3,1931,p1,0347,dragapult-dusknoir,2913,seaking-pre
3,1932,p1,1157,festival-lead,2514,ceruledge-ex
3,1933,p2,2857,dragapult-ex,1415,dragapult-dusknoir
3,1934,p2,1326,rocket-mewtwo-ex,1820,ogerpon-meganium-hydrapple
3,1935,p1,1272,dragapult-ex,0139,mega-venusaur-ex
3,1936,tie,1850,n-zoroark,3116,festival-lead
3,1937,tie,2605,mega-excadrill-ex,1249,other
3,1938,tie,1225,mega-excadrill-ex,2926,mega-excadrill-ex
3,1939,p1,1105,lopunny-dusknoir,0867,alakazam-dudunsparce
3,1940,p1,0752,alakazam-meg,1695,dragapult-blaziken
3,1941,p1,0782,dragapult-blaziken,1045,ethan-typhlosion
3,1942,p1,1394,crustle-dri,1528,basic-box-m
3,1943,p1,0217,dhelmise-pbl,1031,lucario-hariyama
3,1944,p2,1593,n-zoroark,1379,lucario-hariyama
3,1945,p1,0807,basic-box-m,0056,diancie-dusknoir
3,1946,p2,2613,dragapult-ex,0513,n-zoroark
3,1947,p1,2501,sylveon-pre,0937,dragapult-ex
3,1948,p2,1396,alakazam-dudunsparce,0192,basic-box-m
3,1949,p2,3077,other,1731,raging-bolt-ogerpon
3,1950,p2,0370,dragapult-ex,2790,n-zoroark
3,1951,tie,2811,slowking-scr,1569,dragapult-ex
3,1952,p2,1006,ceruledge-ex,2752,basic-box-m
3,1953,tie,3110,alakazam-dudunsparce,0029,slowking-scr
3,1954,p1,0553,rockets-honchkrow,2990,basic-box-m
3,1955,p2,0322,dragapult-ex,3050,lucario-hariyama
3,1956,p1,2068,dragapult-ex,0555,n-zoroark
3,1957,p2,2010,manectric-eelektrik,2485,basic-box-m
3,1958,p2,0292,dragapult-dusknoir,2538,dragapult-dusknoir
3,1959,p1,1408,rocket-mewtwo-ex,1236,alakazam-dudunsparce
3,1960,p2,1693,n-zoroark,0813,mega-lucario-ex
3,1961,tie,1935,slowking-scr,1150,n-zoroark
3,1962,p1,2615,dragapult-blaziken,1240,bronzong-tef
3,1963,p1,2297,mega-excadrill-ex,2739,mega-excadrill-ex
3,1964,p1,0557,alakazam-dudunsparce,2769,ogerpon-meganium-hydrapple
3,1965,tie,0993,dragapult-blaziken,2755,dragapult-ex
3,1966,p2,0947,dragapult-ex,2076,slowking-scr
3,1967,p1,0688,n-zoroark,2402,dhelmise-pbl
3,1968,p1,0805,dragapult-ex,3079,dragapult-blaziken
3,1969,p1,0278,dragapult-dusknoir,2445,basic-box-m
3,1970,p2,0941,alakazam-dudunsparce,2273,ursaluna-lunatone
3,1971,p2,1977,dragapult-ex,1412,dragapult-dusknoir
3,1972,p1,2959,n-zoroark,1802,grimmsnarl-froslass
3,1973,p1,0592,dragapult-ex,2039,ethan-typhlosion
3,1974,p1,1560,dragapult-ex,0526,starmie-froslass
3,1975,p1,0608,n-zoroark,1095,toucannon-pbl
3,1976,p1,1195,mega-excadrill-ex,2786,ogerpon-meganium-hydrapple
3,1977,tie,2697,n-zoroark,3021,crustle-dri
3,1978,p2,0476,grimmsnarl-froslass,1739,mega-venusaur-ex
3,1979,p2,2855,mega-excadrill-ex,0405,dragapult-blaziken
3,1980,p2,1786,dragapult-ex,1997,crustle-dri
3,1981,p1,0532,dragapult-ex,1976,mega-venusaur-ex
3,1982,p2,1156,clefairy-ogerpon,1252,other
3,1983,p2,3008,basic-box-m,1719,other
3,1984,p1,2223,dragapult-ex,1745,dragapult-dusknoir
3,1985,p1,1589,yanmega-ex,2492,dragapult-dusknoir
3,1986,p2,2652,dhelmise-pbl,0904,dhelmise-pbl
3,1987,p1,2061,slowking-scr,0871,dhelmise-pbl
3,1988,p1,0570,hydreigon-ex,1733,rocket-mewtwo-ex
3,1989,p1,1832,ogerpon-meganium-hydrapple,3121,dragapult-ex
3,1990,p2,2319,dragapult-blaziken,0653,dragapult-dusknoir
3,1991,p1,0724,dragapult-ex,1107,ogerpon-meganium-hydrapple
3,1992,tie,0689,dragapult-dusknoir,1319,dragapult-dusknoir
3,1993,p1,0266,mega-excadrill-ex,1345,basic-box-m
3,1994,p1,2279,dhelmise-pbl,1228,decidueye-ex
3,1995,p2,2590,festival-lead,0696,dragapult-dusknoir
3,1996,p1,1816,lopunny-dudunsparce,0015,crustle-dri
3,1997,tie,2132,dragapult-blaziken,2012,dhelmise-pbl
3,1998,p1,0196,mega-chandelure-ex,0933,lucario-hariyama
3,1999,p2,1261,dragapult-ex,0359,basic-box-m
3,2000,p2,1489,alakazam-dudunsparce,0885,alakazam-dudunsparce
3,2001,p2,0163,dragapult-blaziken,2449,other
3,2002,p1,1024,alakazam-dudunsparce,0439,basic-box-m
3,2003,p1,0536,alakazam-dusknoir,2653,ethan-typhlosion
3,2004,tie,0352,dragapult-ex,0664,slowking-scr
3,2005,p1,1988,slowking-scr,0089,mega-abomasnow-ex
3,2006,p2,0823,other,0315,dragapult-dusknoir
3,2007,p1,0097,n-zoroark,1018,n-zoroark
3,2008,p2,1333,manectric-eelektrik,0124,alakazam-dudunsparce
3,2009,p2,0834,other,0822,sharpedo-toxtricity
3,2010,p2,0495,mega-excadrill-ex,0062,alakazam-dudunsparce
3,2011,p1,2338,crustle-dri,0361,slowking-scr
3,2012,p2,0109,alakazam-dudunsparce,2459,basic-box-m
3,2013,p2,2001,rockets-honchkrow,1876,rocket-mewtwo-ex
3,2014,p1,1511,dragapult-ex,1140,doublade-por
3,2015,p2,2676,cinccino-ex,2536,dragapult-ex
3,2016,tie,0639,mega-venusaur-ex,1554,beedrill-ex-cri
3,2017,p2,2521,lucario-hariyama,2201,greninja-ex
3,2018,p2,2561,dragapult-blaziken,2710,crustle-dri
3,2019,p2,2025,ogerpon-meganium-hydrapple,1823,dragapult-dusknoir
3,2020,p1,0376,dragapult-dusknoir,2908,sharpedo-toxtricity
3,2021,p1,2300,dragapult-ex,1295,ceruledge-ex
3,2022,p2,1414,slowking-scr,0980,raging-bolt-ogerpon
3,2023,p2,0007,dragapult-ex,2259,dragapult-blaziken
3,2024,p2,2381,other,0492,alakazam-dudunsparce
3,2025,tie,1791,mega-excadrill-ex,2045,dragapult-blaziken
3,2026,p2,0828,mega-feraligatr-ex,0418,dragapult-dusknoir
3,2027,p1,1075,alakazam-dudunsparce,0965,crustle-dri
3,2028,p2,1148,mega-chandelure-ex,1761,kangaskhan-bouffalant
3,2029,p2,2592,mega-excadrill-ex,1774,dragapult-ex
3,2030,p2,0499,dragapult-ex,0080,dragapult-ex
3,2031,p1,1186,greninja-ex,1598,mega-excadrill-ex
3,2032,p1,0524,n-zoroark,0121,dragapult-blaziken
3,2033,p2,1905,rocket-mewtwo-ex,0384,dragapult-dusknoir
3,2034,p2,1220,other,0424,alakazam-dudunsparce
3,,bye,0573,crustle-dri,,
4,501,p1,0249,basic-box-m,1720,festival-lead
4,502,p2,1419,dragapult-dusknoir,2275,mega-excadrill-ex
4,503,p2,2195,dragapult-dusknoir,2437,dragapult-blaziken
4,504,p2,2996,starmie-froslass,0758,n-zoroark
4,505,p2,3005,greninja-ex,1315,grimmsnarl-froslass
4,506,p2,1435,dragapult-ex,0787,dragapult-ex
4,507,p2,1222,mega-excadrill-ex,0435,dragapult-ex
4,508,p1,1169,dragapult-ex,1356,alakazam-dusknoir
4,509,p1,1847,grimmsnarl-froslass,2782,crustle-dri
4,510,p2,2910,raging-bolt-ogerpon,2242,alakazam-dusknoir
4,511,tie,1149,basic-box-m,0486,dragapult-ex
4,512,tie,2131,dragapult-ex,2623,rockets-honchkrow
4,513,p1,0497,dragapult-ex,1740,slowking-scr
4,514,p1,2105,basic-box-m,2604,slowking-scr
4,515,p1,2168,starmie-dusknoir,0374,crustle-dri
4,516,p1,0298,n-zoroark,0633,slowking-scr
4,517,p2,2432,mega-excadrill-ex,1456,slowking-scr
4,518,p2,2299,crustle-dri,1025,festival-lead
4,519,p1,2109,rockets-honchkrow,2949,mega-excadrill-ex
4,520,p1,0872,alakazam-dusknoir,1896,dragapult-dusknoir
4,521,p1,2046,dragapult-ex,2260,dragapult-ex
4,522,p2,2346,slowking-scr,2853,n-zoroark
4,523,p2,0243,dragapult-ex,2540,lucario-hariyama
4,524,p2,1270,mega-excadrill-ex,2589,slowking-scr
4,525,p2,2751,greninja-ex,2280,seaking-pre
4,526,p2,0713,ethan-typhlosion,0702,n-zoroark
4,527,p2,1282,n-zoroark,2455,dragapult-ex
4,528,p2,0541,dragapult-dusknoir,1592,dragapult-ex
4,529,p1,1509,cynthia-garchomp-ex,0449,n-zoroark
4,530,p2,1534,marnie-grimmsnarl-ex,2216,basic-box-m
4,531,p2,0050,mega-excadrill-ex,1324,dragapult-ex
4,532,p2,0668,dragapult-ex,2838,n-zoroark
4,533,p2,0604,dragapult-blaziken,1184,dragapult-ex
4,534,tie,0417,dragapult-blaziken,2320,alakazam-dudunsparce
4,535,p2,2412,starmie-dusknoir,1772,dragapult-ex
4,536,p1,0270,dragapult-dusknoir,0942,lucario-hariyama
4,537,p2,1334,ceruledge-ex,0205,lucario-hariyama
4,538,p2,0508,n-zoroark,1404,n-zoroark
4,539,p1,2156,dragapult-ex,2582,alakazam-dudunsparce
4,540,tie,1783,dragapult-blaziken,1444,dragapult-ex
4,541,p1,0679,dragapult-ex,0162,dragapult-ex
4,542,tie,2384,basic-box-m,1457,dragapult-ex
4,543,p1,1472,slowking-scr,1042,dragapult-ex
4,544,p1,1926,mega-absol-box,0976,alakazam-dusknoir
4,545,p2,2198,dragapult-ex,2771,alakazam-dudunsparce
4,546,tie,0181,dragapult-ex,3078,rocket-mewtwo-ex
4,547,p1,1040,dragapult-ex,1527,alakazam-dudunsparce
4,548,p1,2722,slowking-scr,2231,basic-box-m
4,549,p1,2718,basic-box-m,2925,basic-box-m
4,550,tie,0990,dragapult-dusknoir,1091,dragapult-ex
4,551,p1,2667,mega-lucario-ex,0500,basic-box-m
4,552,p2,1122,basic-box-m,1390,lucario-hariyama
4,553,p1,1586,slowking-scr,3027,n-zoroark
4,554,p2,1519,dragapult-blaziken,1246,dhelmise-pbl
4,555,p2,0808,dragapult-ex,0768,dragapult-ex
4,556,p1,0112,dragapult-dusknoir,2292,mega-venusaur-ex
4,557,p1,0246,crustle-dri,0113,starmie-froslass
4,558,p1,0116,alakazam-dudunsparce,2488,mega-lucario-ex
4,559,p2,0117,kangaskhan-bouffalant,2218,mega-excadrill-ex
4,560,p1,1954,dragapult-ex,0119,ogerpon-meganium-hydrapple
4,561,tie,0122,grimmsnarl-froslass,1953,dragapult-ex
4,562,p2,0123,dragapult-ex,1683,raging-bolt-ogerpon
4,563,p2,0126,lopunny-dusknoir,3072,alakazam-dudunsparce
4,564,p1,2727,slowking-scr,0128,dragapult-ex
4,565,p1,2638,lucario-hariyama,0130,dragapult-ex
4,566,p2,1016,dragapult-dudunsparce,1588,dragapult-ex
4,567,p1,0344,raging-bolt-ogerpon,0134,alakazam-dudunsparce
4,568,p1,1658,alakazam-dusknoir,0821,slowking-scr
4,569,p2,2233,n-zoroark,3080,mega-venusaur-ex
4,570,p2,0360,crustle-dri,1652,dragapult-blaziken
4,571,tie,2522,dhelmise-pbl,2094,sharpedo-toxtricity
4,572,p1,1325,dragapult-ex,1579,mega-starmie-ex
4,573,p2,2608,dragapult-blaziken,2977,basic-box-m
4,574,p2,3044,grimmsnarl-froslass,2639,dragapult-ex
4,575,p2,1077,alakazam-dusknoir,0676,alakazam-dudunsparce
4,576,tie,2795,alakazam-dudunsparce,1839,n-zoroark
4,577,tie,1296,n-zoroark,0894,dragapult-blaziken
4,578,p2,3111,dragapult-ex,0791,ogerpon-meganium-hydrapple
4,579,p2,2770,dragapult-ex,2262,crustle-dri
4,580,p2,2160,dragapult-ex,1662,dragapult-dudunsparce
4,581,p2,2553,festival-lead,1794,kangaskhan-bouffalant
4,582,tie,1628,n-zoroark,0111,dragapult-blaziken
4,583,p1,2224,crustle-dri,1805,dragapult-ex
4,584,p1,1314,dragapult-ex,2759,ogerpon-meganium-hydrapple
4,585,tie,2509,dragapult-dusknoir,1354,crustle-dri
4,586,p2,0562,basic-box-m,0057,dragapult-ex
4,587,p2,1201,dragapult-blaziken,0966,dragapult-ex
4,588,p2,2513,slowking-scr,0271,dragapult-ex
4,589,p2,0903,rocket-spidops,1712,?
4,590,p2,3092,rockets-honchkrow,0321,alakazam-dudunsparce
4,591,tie,1834,dragapult-ex,1227,dragapult-ex
4,592,p2,2573,n-zoroark,2819,mega-greninja-ex
4,593,tie,2370,dragapult-ex,2614,dhelmise-pbl
4,594,p2,1218,dragapult-ex,0143,basic-box-m
4,595,p2,1513,basic-box-m,2654,dragapult-dusknoir
4,596,p2,2429,dragapult-ex,2331,dragapult-ex
4,597,p2,1069,dragapult-ex,1758,lucario-hariyama
4,598,p2,0644,lopunny-dusknoir,1567,dragapult-ex
4,599,tie,2053,other,2011,n-zoroark
4,600,p1,0017,dragapult-ex,1614,dragapult-blaziken
4,601,p2,3036,dragapult-ex,1005,alakazam-dudunsparce
4,602,tie,3052,basic-box-m,2363,festival-lead
4,603,p1,0831,dragapult-ex,0353,dragapult-ex
4,605,p1,1724,dragapult-ex,0209,dragapult-blaziken
4,606,tie,0202,crustle-dri,2856,sharpedo-toxtricity
4,607,p2,0070,basic-box-m,2413,crustle-dri
4,608,p2,0457,dragapult-ex,0695,dragapult-ex
4,609,tie,0979,dragapult-blaziken,0602,dragapult-ex
4,610,p1,0043,cynthia-garchomp-ex,2818,mega-excadrill-ex
4,611,p1,1746,crustle-dri,0665,dragapult-ex
4,612,p2,2666,slowking-scr,0518,crustle-dri
4,613,p1,1709,dragapult-dusknoir,1942,lucario-hariyama
4,614,p2,0366,sharpedo-toxtricity,2450,dragapult-dusknoir
4,615,p2,2248,n-zoroark,0511,n-zoroark
4,616,p1,1060,mega-excadrill-ex,1792,slowking-scr
4,617,p1,2335,festival-lead,0710,lucario-hariyama
4,618,p1,1397,raging-bolt-ogerpon,1603,lopunny-dusknoir
4,619,p1,0423,n-zoroark,2230,seaking-pre
4,620,p2,2560,n-zoroark,0810,dragapult-dusknoir
4,621,p2,2314,dragapult-ex,2836,mega-excadrill-ex
4,622,p1,0013,dragapult-ex,2550,mega-excadrill-ex
4,623,p1,1400,dragapult-dusknoir,1553,crustle-dri
4,624,tie,1751,mega-excadrill-ex,0681,dragapult-dusknoir
4,625,p2,0385,dragapult-ex,1952,slowking-scr
4,626,p2,0700,lopunny-dusknoir,1934,slowking-scr
4,627,p2,2325,dragapult-ex,1555,dragapult-blaziken
4,628,p1,0596,dragapult-dusknoir,2394,festival-lead
4,629,p1,0610,dragapult-ex,0618,n-zoroark
4,630,p2,1986,alakazam-dudunsparce,0582,dragapult-ex
4,631,p2,1193,dragapult-ex,1139,festival-lead
4,632,p1,0911,basic-box-m,0836,dragapult-ex
4,633,p2,2798,beedrill-ex-cri,1562,crustle-dri
4,634,p2,2547,dragapult-ex,2763,mega-excadrill-ex
4,635,p1,1152,crustle-dri,2821,festival-lead
4,636,p2,1311,mega-excadrill-ex,2027,rockets-honchkrow
4,637,p2,2703,slowking-scr,1339,dragapult-ex
4,638,tie,2063,slowking-scr,2776,dragapult-ex
4,639,p2,2997,cynthia-garchomp-ex,1943,lucario-hariyama
4,640,tie,1046,alakazam-dusknoir,0598,n-zoroark
4,641,tie,0467,mega-excadrill-ex,2120,dragapult-ex
4,642,p1,0882,dragapult-ex,0289,crustle-dri
4,643,p1,0578,crustle-dri,2392,kangaskhan-bouffalant
4,644,p1,0153,dragapult-ex,1981,mega-greninja-ex
4,645,p2,1254,alakazam-dudunsparce,0291,crustle-dri
4,646,p2,1691,dragapult-ex,0963,dragapult-ex
4,647,tie,1960,dragapult-blaziken,2359,n-zoroark
4,648,p1,0293,grimmsnarl-froslass,0804,alakazam-dudunsparce
4,649,p1,1199,alakazam-dudunsparce,0967,marnie-grimmsnarl-ex
4,650,p2,1072,alakazam-dudunsparce,0408,dragapult-ex
4,651,p1,1617,festival-lead,0199,n-zoroark
4,652,p1,0771,ogerpon-meganium-hydrapple,0303,beedrill-ex-cri
4,653,p2,0305,mega-greninja-ex,1765,mega-greninja-ex
4,654,p2,1979,dragapult-ex,0945,dragapult-ex
4,655,p1,1302,mega-excadrill-ex,1268,basic-box-m
4,656,p2,0736,dragapult-ex,2396,n-zoroark
4,657,p1,1308,dragapult-ex,1869,dragapult-ex
4,658,p1,1004,dragapult-froslass,1043,dragapult-ex
4,659,p2,0556,festival-lead,0674,dragapult-ex
4,660,p1,1898,dhelmise-pbl,1515,rockets-honchkrow
4,661,p2,0464,dragapult-ex,2625,mega-excadrill-ex
4,662,p1,1418,mega-excadrill-ex,0820,n-zoroark
4,663,tie,0491,sharpedo-toxtricity,2084,alakazam-dudunsparce
4,664,p1,1341,dragapult-ex,0489,dragapult-blaziken
4,665,p2,1571,alakazam-dudunsparce,2256,alakazam-dusknoir
4,666,p1,0114,basic-box-m,2787,dragapult-ex
4,667,p1,1990,dragapult-ex,2000,crustle-dri
4,668,p2,1413,n-zoroark,2709,dragapult-dusknoir
4,669,p2,1047,n-zoroark,3109,dragapult-ex
4,670,p2,2044,n-zoroark,1058,n-zoroark
4,671,p2,2100,dragapult-ex,0443,dragapult-ex
4,672,p1,0437,mega-chandelure-ex,2720,alakazam-dudunsparce
4,673,p1,1535,cynthia-garchomp-ex,2227,alakazam-dudunsparce
4,674,p1,0718,festival-lead,2108,dragapult-dusknoir
4,675,p2,0590,dragapult-ex,0884,dragapult-ex
4,676,p1,2024,basic-box-m,2723,dragapult-ex
4,677,p2,1188,dragapult-ex,0535,crustle-dri
4,678,p2,0313,rockets-honchkrow,1888,cynthia-garchomp-ex
4,679,p1,0833,sharpedo-toxtricity,2019,dhelmise-pbl
4,680,p2,0334,festival-lead,1629,dragapult-ex
4,681,p1,3093,dragapult-ex,2651,slowking-scr
4,682,p2,1597,dragapult-ex,2879,crustle-dri
4,683,p1,1846,n-zoroark,1512,basic-box-m
4,684,tie,2102,mega-excadrill-ex,2111,crustle-dri
4,685,p2,0723,cynthia-garchomp-ex,2976,slowking-scr
4,686,tie,0413,dragapult-ex,1798,dragapult-ex
4,687,p2,3011,dragapult-ex,0773,dragapult-ex
4,688,p2,1937,dragapult-ex,2943,dragapult-blaziken
4,689,tie,2737,dhelmise-pbl,2315,dragapult-ex
4,690,p2,0763,slowking-scr,1735,sharpedo-toxtricity
4,691,tie,1464,dragapult-blaziken,1265,seaking-pre
4,692,p1,0577,mega-excadrill-ex,1021,n-zoroark
4,693,p2,1327,dragapult-dusknoir,2225,dhelmise-pbl
4,694,p1,3075,slowking-scr,1076,rockets-honchkrow
4,695,p2,2378,n-zoroark,2518,alakazam-dudunsparce
4,696,p1,1064,dragapult-blaziken,2849,dragapult-ex
4,697,p2,2489,alakazam-dudunsparce,0282,mega-excadrill-ex
4,698,p2,2705,mega-lucario-ex,0220,slowking-scr
4,699,tie,2578,crustle-dri,0148,dragapult-ex
4,700,p1,1155,alakazam-dudunsparce,2407,dragapult-ex
4,701,tie,1460,dragapult-ex,1346,dragapult-ex
4,702,p1,1175,basic-box-m,3046,grimmsnarl-froslass
4,703,p1,0241,rockets-honchkrow,1130,n-zoroark
4,704,p2,2799,n-zoroark,2724,n-zoroark
4,705,p1,2186,dragapult-ex,0280,dragapult-ex
4,706,p1,2415,dragapult-ex,2684,toucannon-pbl
4,707,p2,0616,sharpedo-toxtricity,1099,dragapult-dusknoir
4,708,p1,1498,festival-lead,2792,basic-box-m
4,709,p2,0956,alakazam-dudunsparce,0567,dragapult-ex
4,710,tie,1819,dragapult-ex,1570,dhelmise-pbl
4,711,tie,3022,dragapult-ex,2161,mega-chandelure-ex
4,712,p2,1017,mega-excadrill-ex,2138,n-zoroark
4,713,p1,0780,n-zoroark,2339,dragapult-blaziken
4,714,p2,1214,basic-box-m,2373,dragapult-dusknoir
4,715,p1,1924,basic-box-m,2845,n-zoroark
4,716,p2,2557,slowking-scr,2494,dragapult-ex
4,717,tie,1648,dragapult-blaziken,0855,rockets-honchkrow
4,718,p2,1734,dragapult-ex,0420,dragapult-dusknoir
4,719,tie,2692,slowking-scr,1224,lopunny-dusknoir
4,720,p1,0591,n-zoroark,2290,dragapult-blaziken
4,721,p1,2688,basic-box-m,2783,basic-box-m
4,722,p1,1956,basic-box-m,1178,slowking-scr
4,723,p2,0793,dragapult-ex,2401,dragapult-ex
4,724,p1,0105,slowking-scr,2815,dragapult-ex
4,725,p2,2464,lopunny-dudunsparce,1689,basic-box-m
4,726,p1,2484,n-zoroark,0540,dragapult-ex
4,727,p2,1851,dragapult-ex,2878,dhelmise-pbl
4,728,p2,1637,basic-box-m,2029,n-zoroark
4,729,p2,1649,dragapult-ex,1536,alakazam-dudunsparce
4,730,p1,2112,dragapult-ex,1908,n-zoroark
4,731,p2,0187,basic-box-m,2881,slowking-scr
4,732,p1,1108,crustle-dri,2475,n-zoroark
4,733,p1,1862,dragapult-ex,2876,basic-box-m
4,734,p1,1330,dragapult-ex,1732,dragapult-ex
4,735,p2,0488,basic-box-m,0054,slowking-scr
4,736,p1,2375,n-zoroark,1264,n-zoroark
4,737,p1,2693,sinistcha-ogerpon,0411,basic-box-m
4,738,p2,2618,mega-excadrill-ex,2355,alakazam-dudunsparce
4,739,p1,0620,rockets-honchkrow,0188,alakazam-dudunsparce
4,740,p1,2973,dragapult-dusknoir,1902,n-zoroark
4,741,p2,2886,slowking-scr,1537,mega-excadrill-ex
4,742,p2,1565,mega-chandelure-ex,0172,kangaskhan-bouffalant
4,743,p1,1871,mega-excadrill-ex,1063,crustle-dri
4,744,p1,2944,dragapult-ex,0817,dhelmise-pbl
4,745,tie,0131,dhelmise-pbl,0745,dragapult-ex
4,746,p2,0830,ogerpon-meganium-hydrapple,2859,dragapult-ex
4,747,p1,1700,n-zoroark,2245,dragapult-blaziken
4,748,p1,0189,ogerpon-meganium-hydrapple,2142,basic-box-m
4,749,p2,1860,dragapult-dusknoir,2985,dragapult-ex
4,750,tie,1759,dragapult-ex,1978,dragapult-ex
4,751,p2,1835,seaking-pre,1999,festival-lead
4,752,p1,2689,alakazam-dudunsparce,0042,dragapult-dusknoir
4,753,tie,2766,crustle-dri,2020,dragapult-ex
4,754,p2,0712,alakazam-dudunsparce,0063,lucario-hariyama
4,755,p1,1263,lopunny-dudunsparce,2202,dragapult-dusknoir
4,756,p2,2665,slowking-scr,0427,lucario-hariyama
4,757,p2,1505,dragapult-blaziken,0277,basic-box-m
4,758,tie,1688,mega-excadrill-ex,2637,crustle-dri
4,759,p2,1395,mega-lucario-ex,2234,dhelmise-pbl
4,760,p1,0402,crustle-dri,2756,alakazam-dusknoir
4,761,p2,2936,beedrill-ex-cri,0213,crustle-dri
4,762,p1,2040,ogerpon-meganium-arboliva,1508,dhelmise-pbl
4,763,p1,0156,dragapult-ex,0051,alakazam-dudunsparce
4,764,p1,1402,dragapult-ex,3112,slowking-scr
4,765,p1,1789,n-zoroark,2539,alakazam-dudunsparce
4,766,tie,1991,sharpedo-toxtricity,2682,cynthia-garchomp-ex
4,767,p2,0996,crustle-dri,2867,lopunny-dudunsparce
4,768,p2,1290,lucario-hariyama,1962,dragapult-ex
4,769,p2,2369,mega-excadrill-ex,1668,dragapult-ex
4,770,tie,2670,dragapult-ex,1023,dragapult-blaziken
4,771,tie,2036,dragapult-ex,1223,dragapult-ex
4,772,p2,0744,lillie-clefairy,0391,festival-lead
4,773,p2,2673,sinistcha-ogerpon,2403,dragapult-blaziken
4,774,p2,3068,dragapult-ex,2858,slowking-scr
4,775,p1,1705,grimmsnarl-froslass,2965,mega-excadrill-ex
4,776,p2,0369,slowking-scr,0816,dragapult-ex
4,777,p2,2964,basic-box-m,0010,n-zoroark
4,778,p2,1112,cynthia-garchomp-ex,2686,ogerpon-meganium
4,779,p2,0672,dragapult-ex,2200,alakazam-dusknoir
4,780,tie,1014,alakazam-dudunsparce,2434,dragapult-ex
4,781,p1,2719,slowking-scr,2968,slowking-scr
4,782,p1,0877,festival-lead,0678,mega-excadrill-ex
4,783,p2,2398,rockets-honchkrow,0801,ogerpon-meganium-hydrapple
4,784,p2,1055,dragapult-ex,1651,dragapult-ex
4,785,p2,1032,mega-lucario-ex,2433,lucario-hariyama
4,786,p1,1968,crustle-dri,0777,dragapult-blaziken
4,787,p1,1966,lopunny-dusknoir,2901,crustle-dri
4,788,p2,0909,alakazam-dudunsparce,2243,dragapult-ex
4,789,p2,2579,dragapult-blaziken,1987,dragapult-ex
4,790,p1,1626,ogerpon-meganium-hydrapple,2405,basic-box-m
4,791,p1,2145,dragapult-dusknoir,0351,n-zoroark
4,792,p1,1034,dragapult-ex,1563,dragapult-ex
4,793,p1,3103,dragapult-ex,2741,lucario-hariyama
4,794,p2,0690,flareon-noctowl,1946,dragapult-ex
4,795,tie,1716,n-zoroark,1153,dragapult-blaziken
4,796,p1,2170,dragapult-blaziken,2089,mega-excadrill-ex
4,797,p1,1177,lucario-hariyama,0580,dragapult-dusknoir
4,798,p1,0759,dragapult-dusknoir,0902,alakazam-dusknoir
4,799,p1,1641,basic-box-m,2890,festival-lead
4,800,p1,1909,lillie-clefairy,0579,dhelmise-pbl
4,801,p1,2616,alakazam-dudunsparce,0733,basic-box-m
4,802,p2,1702,dhelmise-pbl,2399,slowking-scr
4,803,tie,0663,dragapult-ex,0737,mega-chandelure-ex
4,804,p2,2622,lucario-hariyama,0732,dhelmise-pbl
4,805,p1,1233,rocket-mewtwo-ex,0096,n-zoroark
4,806,tie,1443,crustle-dri,1368,dragapult-ex
4,807,p1,1411,n-zoroark,1831,dragapult-ex
4,808,p1,2003,slowking-scr,2952,grimmsnarl-froslass
4,809,p2,2750,basic-box-m,2119,dragapult-ex
4,810,p2,1277,ethan-magcargo,2446,lopunny-dudunsparce
4,811,p2,1584,dragapult-ex,0856,basic-box-m
4,812,p2,0487,dragapult-dusknoir,0047,dragapult-dudunsparce
4,813,p2,1455,dragapult-dusknoir,1170,slowking-scr
4,814,p2,2902,dragapult-dusknoir,0890,dragapult-ex
4,815,p1,0652,grimmsnarl-froslass,2438,slowking-scr
4,816,p1,1164,dragapult-dusknoir,0276,cynthia-garchomp-ex
4,817,p2,1495,alakazam-dudunsparce,0923,dragapult-dusknoir
4,818,p2,0072,cynthia-garchomp-ex,0248,basic-box-m
4,819,p1,1344,festival-lead,1548,grimmsnarl-froslass
4,820,p2,2454,n-zoroark,1281,dragapult-ex
4,821,p2,0093,lucario-hariyama,0338,n-zoroark
4,822,p2,1205,crustle-dri,2004,slowking-scr
4,823,p2,1434,dragapult-dusknoir,1849,ogerpon-meganium-hydrapple
4,824,tie,2941,slowking-scr,1514,dragapult-blaziken
4,825,p2,1809,basic-box-m,1163,crustle-dri
4,826,p2,2206,n-zoroark,1494,slowking-scr
4,827,p2,2567,basic-box-m,0106,ogerpon-meganium-hydrapple
4,828,tie,2884,n-zoroark,2383,dhelmise-pbl
4,829,p2,0800,basic-box-m,2585,rockets-honchkrow
4,830,p2,2182,alakazam-dudunsparce,1948,mega-excadrill-ex
4,831,tie,0167,ogerpon-meganium-hydrapple,3054,dragapult-ex
4,832,p1,1322,slowking-scr,2816,rockets-honchkrow
4,833,p2,1098,dragapult-ex,0634,alakazam-dudunsparce
4,834,p1,0158,lucario-hariyama,2341,mega-excadrill-ex
4,835,p1,0523,alakazam-dusknoir,0086,mega-venusaur-ex
4,836,p2,1332,lopunny-dusknoir,0632,slowking-scr
4,837,p1,1706,dragapult-blaziken,0253,lucario-hariyama
4,838,p2,0058,mega-greninja-ex,1342,cinccino-ex
4,839,p2,2351,n-zoroark,2430,dragapult-dusknoir
4,840,p2,0995,slowking-scr,2060,festival-lead
4,841,p1,2757,dragapult-ex,2767,dragapult-ex
4,842,p1,0107,dragapult-dusknoir,2362,alakazam-dusknoir
4,843,p1,0407,basic-box-m,2762,festival-lead
4,844,p1,2444,dragapult-ex,0235,slowking-scr
4,845,p1,1964,mega-charizard-x-ex,0203,lopunny-dudunsparce
4,846,p1,1209,raging-bolt-ogerpon,0586,slowking-scr
4,847,p2,0316,dragapult-ex,0204,n-zoroark
4,848,p1,0371,dragapult-dusknoir,1766,basic-box-m
4,849,p2,0551,mega-excadrill-ex,1880,alakazam-dudunsparce
4,850,p1,1392,mega-excadrill-ex,2842,mega-excadrill-ex
4,851,p2,0948,n-zoroark,1810,crustle-dri
4,852,tie,2947,n-zoroark,2357,basic-box-m
4,853,p1,3007,slowking-scr,1484,mega-excadrill-ex
4,854,p1,0734,mega-excadrill-ex,1892,dragapult-dusknoir
4,855,tie,0701,alakazam-dudunsparce,1989,n-zoroark
4,856,p2,0985,basic-box-m,0079,slowking-scr
4,857,tie,1239,ogerpon-meganium-hydrapple,1212,crustle-dri
4,858,tie,0864,festival-lead,0023,raging-bolt-ogerpon
4,859,p1,1013,crustle-dri,1211,n-zoroark
4,860,p2,0197,dragapult-dusknoir,2958,basic-box-m
4,861,p2,1910,dragapult-dusknoir,2498,dragapult-ex
4,862,p1,1226,dragapult-dusknoir,0328,rockets-honchkrow
4,863,p1,0055,n-zoroark,1767,dhelmise-pbl
4,864,p2,2263,palafin-ex,1610,slowking-scr
4,865,p1,1995,alakazam-dudunsparce,0619,basic-box-m
4,866,p1,2675,lucario-hariyama,2291,dragapult-blaziken
4,867,tie,2014,dragapult-dusknoir,0606,n-zoroark
4,868,p1,2809,basic-box-m,2961,slowking-scr
4,869,p1,2600,crustle-dri,0825,dragapult-ex
4,870,p1,2781,n-zoroark,0623,basic-box-m
4,871,p1,1132,slowking-scr,2939,dragapult-dusknoir
4,872,p2,1373,cinccino-ex,3085,alakazam-dudunsparce
4,873,p1,3073,mega-venusaur-ex,1180,dragapult-dusknoir
4,874,p1,0455,mega-excadrill-ex,2026,dragapult-dusknoir
4,875,tie,1331,n-zoroark,0141,dragapult-ex
4,876,p1,1096,dragapult-ex,0781,slowking-scr
4,877,p2,0704,dragapult-ex,2629,n-zoroark
4,878,tie,1057,basic-box-m,0336,dragapult-dusknoir
4,879,tie,2071,beedrill-ex-cri,0299,clefairy-ogerpon
4,880,p1,2181,mega-excadrill-ex,0847,dragapult-ex
4,881,p1,0240,seaking-pre,0728,ogerpon-meganium-hydrapple
4,882,p1,2596,mega-excadrill-ex,0087,dragapult-ex
4,883,p1,1686,toxtricity-box,3096,crustle-dri
4,884,p2,2895,dhelmise-pbl,2599,dragapult-ex
4,885,tie,0605,dhelmise-pbl,0168,dragapult-ex
4,886,p1,2643,ogerpon-meganium-hydrapple,1196,mega-excadrill-ex
4,887,p1,2465,dragapult-ex,0565,lucario-hariyama
4,888,p2,0475,basic-box-m,2307,dragapult-dusknoir
4,889,p2,2758,mega-excadrill-ex,0886,mega-lucario-ex
4,890,tie,2659,toxtricity-box,2892,grimmsnarl-froslass
4,891,p2,0440,festival-lead,0698,dhelmise-pbl
4,892,p1,0094,n-zoroark,0988,dragapult-ex
4,893,p1,2177,dragapult-dusknoir,1881,n-zoroark
4,894,p1,0876,basic-box-m,0812,slowking-scr
4,895,p1,0537,cynthia-garchomp-ex,0654,mega-lucario-ex
4,896,p1,1054,dragapult-ex,1019,dragapult-ex
4,897,tie,0265,rockets-honchkrow,0503,dragapult-ex
4,898,p2,0085,slowking-scr,1992,dragapult-ex
4,899,p2,0857,dragapult-blaziken,0986,dragapult-ex
4,900,tie,2283,mega-lucario-ex,2953,cynthia-garchomp-ex
4,901,p1,1748,dragapult-dusknoir,0547,dragapult-dusknoir
4,902,p2,0363,basic-box-m,0548,dragapult-ex
4,903,p2,2731,dragapult-dusknoir,0569,basic-box-m
4,904,p1,2982,dhelmise-pbl,2187,lucario-hariyama
4,905,p1,0686,n-zoroark,0883,mega-excadrill-ex
4,906,p1,1872,tera-box,2556,slowking-scr
4,907,p2,1744,dragapult-ex,0142,dragapult-ex
4,908,p2,2780,n-zoroark,3017,alakazam-dudunsparce
4,909,p2,1087,dragapult-dusknoir,3074,lopunny-dusknoir
4,910,p1,2830,slowking-scr,2911,dragapult-dusknoir
4,911,p2,1097,slowking-scr,1889,dragapult-dusknoir
4,912,tie,0006,festival-lead,0850,lillie-clefairy
4,913,tie,0300,dragapult-ex,1009,slowking-scr
4,914,p2,2633,manectric-eelektrik,3040,dragapult-ex
4,915,p1,1561,dragapult-ex,1002,dragapult-ex
4,916,tie,1359,dragapult-ex,1961,dragapult-blaziken
4,917,p1,1200,festival-lead,0432,crustle-dri
4,918,p2,0824,starmie-dusknoir,1523,basic-box-m
4,919,tie,1161,alakazam-dudunsparce,1361,dragapult-dusknoir
4,920,p1,1932,dragapult-dusknoir,2002,ogerpon-meganium-hydrapple
4,921,p2,0152,sharpedo-toxtricity,0165,basic-box-m
4,922,p1,1874,dragapult-ex,1357,slowking-scr
4,923,p1,0244,lucario-hariyama,2296,dragapult-ex
4,924,p1,2354,dragapult-blaziken,2775,alakazam-dudunsparce
4,925,p1,2031,slowking-scr,1812,basic-box-m
4,926,p2,0631,dragapult-ex,1320,basic-box-m
4,927,p2,0613,dragapult-dusknoir,1468,dragapult-ex
4,928,p1,0150,dragapult-dusknoir,2930,grimmsnarl-froslass
4,929,p2,2397,dragapult-ex,2872,n-zoroark
4,930,p2,1217,dragapult-blaziken,1518,festival-lead
4,931,p1,0574,n-zoroark,1725,sharpedo-toxtricity
4,932,p2,3026,dragapult-ex,0892,sharpedo-toxtricity
4,933,p1,1900,dragapult-ex,1206,alakazam-dudunsparce
4,934,p2,0061,ceruledge-ex,2611,dragapult-ex
4,935,p1,1179,dragapult-dusknoir,0225,rockets-honchkrow
4,936,p2,0640,dragapult-dudunsparce,2574,lopunny-dudunsparce
4,937,p2,1358,ceruledge-ex,0981,clefairy-ogerpon
4,938,p2,1750,mega-excadrill-ex,2217,lucario-hariyama
4,939,p1,2115,dragapult-blaziken,2220,n-zoroark
4,940,p2,1879,slowking-scr,2308,dhelmise-pbl
4,941,p1,2851,dragapult-ex,1928,dragapult-ex
4,942,p2,1405,sharpedo-toxtricity,2621,slowking-scr
4,943,p1,2385,crustle-dri,0469,raging-bolt-ogerpon
4,944,p1,1620,other,3016,dhelmise-pbl
4,945,p1,2569,dragapult-blaziken,1940,alakazam-dusknoir
4,946,p1,0774,alakazam-dusknoir,1829,dragapult-dusknoir
4,947,p1,0251,crustle-dri,1284,mega-venusaur-ex
4,948,p2,2823,n-zoroark,0471,seaking-pre
4,949,p2,3084,ogerpon-meganium-hydrapple,1323,lucario-hariyama
4,950,p1,0703,dragapult-dusknoir,0740,dragapult-blaziken
4,951,p1,0151,dragapult-ex,2742,dragapult-dusknoir
4,952,p2,2439,dragapult-dusknoir,1965,dhelmise-pbl
4,953,p2,2091,hops-trevenant,0136,dragapult-ex
4,954,p2,2924,n-zoroark,2909,dragapult-ex
4,955,p2,3102,lopunny-dudunsparce,0527,dragapult-ex
4,956,p2,0004,beedrill-ex-cri,2146,dragapult-ex
4,957,p2,0020,ogerpon-meganium-hydrapple,1232,dhelmise-pbl
4,958,p2,2460,basic-box-m,1615,sharpedo-toxtricity
4,959,p1,1229,dragapult-blaziken,0756,dhelmise-pbl
4,960,p2,0552,dragapult-ex,1858,dragapult-dusknoir
4,961,p2,2848,slowking-scr,1811,n-zoroark
4,962,tie,2505,sharpedo-toxtricity,0317,starmie-dusknoir
4,963,p1,0071,rockets-honchkrow,2480,lucario-hariyama
4,964,tie,2832,dragapult-ex,1304,alakazam-dudunsparce
4,965,tie,3009,dragapult-ex,1666,dragapult-ex
4,966,p1,1558,slowking-scr,0984,festival-lead
4,967,p2,1680,seaking-pre,2009,dragapult-ex
4,968,p2,3108,mega-chandelure-ex,0938,n-zoroark
4,969,p1,0255,crustle-dri,2661,dragapult-ex
4,970,p1,0092,raging-bolt-ogerpon,2862,mega-excadrill-ex
4,971,tie,0447,dragapult-ex,2744,crustle-dri
4,972,tie,2178,dragapult-dusknoir,2442,dragapult-ex
4,973,p1,1448,dragapult-dusknoir,0571,slowking-scr
4,974,p2,2595,dragapult-blaziken,1838,n-zoroark
4,975,p1,1015,manectric-eelektrik,0190,sharpedo-toxtricity
4,976,p1,0340,palafin-ex,0232,dragapult-ex
4,977,p2,2190,mega-greninja-ex,1192,basic-box-m
4,978,p2,0669,n-zoroark,2380,dragapult-dusknoir
4,979,p2,0932,dragapult-dusknoir,0099,n-zoroark
4,980,p2,1697,ogerpon-meganium-hydrapple,0228,basic-box-m
4,981,p1,0550,n-zoroark,1685,mega-froslass-dudunsparce
4,982,p1,2342,slowking-scr,1817,rocket-spidops
4,983,p1,0853,slowking-scr,0368,basic-box-m
4,984,p1,1715,crustle-dri,2773,mega-greninja-ex
4,985,p1,1625,dragapult-blaziken,2302,dragapult-ex
4,986,p2,1594,dragapult-ex,2285,dragapult-ex
4,987,p2,1376,dragapult-ex,2931,dragapult-ex
4,988,p2,1533,slowking-scr,1596,crustle-dri
4,989,p2,2785,dragapult-ex,2253,crustle-dri
4,990,p1,2700,dhelmise-pbl,1242,mega-chandelure-ex
4,991,p2,0135,n-zoroark,2476,mega-excadrill-ex
4,992,p1,2978,n-zoroark,1090,basic-box-m
4,993,p1,2512,alakazam-dudunsparce,0921,slowking-scr
4,994,p1,0913,lucario-hariyama,1803,dragapult-ex
4,995,tie,1387,dragapult-blaziken,2970,ethan-typhlosion
4,996,p2,2807,rockets-honchkrow,0176,starmie-dusknoir
4,997,tie,1083,ogerpon-meganium-arboliva,2883,alakazam-dudunsparce
4,998,p2,2729,cynthia-garchomp-ex,1088,beedrill-ex-cri
4,999,p2,0428,dragapult-ex,1781,crustle-dri
4,1000,p1,1708,greninja-ex,1035,basic-box-m
4,1001,p2,0554,rocket-mewtwo-ex,1878,rocket-spidops
4,1002,p1,1478,dragapult-dusknoir,0621,mega-excadrill-ex
4,1003,tie,0715,dragapult-ex,2946,lucario-hariyama
4,1004,p1,0746,slowking-scr,1721,lucario-hariyama
4,1005,p2,3004,lopunny-dusknoir,2368,grimmsnarl-froslass
4,1006,p2,1198,mega-excadrill-ex,0392,dragapult-dusknoir
4,1007,p1,0977,n-zoroark,0356,dhelmise-pbl
4,1008,p1,0009,basic-box-m,1316,ogerpon-meganium-hydrapple
4,1009,p1,2303,rocket-mewtwo-ex,0456,dragapult-dusknoir
4,1010,p2,0346,lucario-hariyama,1271,dragapult-dusknoir
4,1011,p1,0028,dragapult-ex,2601,dragapult-dusknoir
4,1012,tie,1526,lucario-hariyama,2922,rockets-honchkrow
4,1013,p2,2293,dragapult-ex,1165,slowking-scr
4,1014,p1,1438,slowking-scr,1285,dragapult-dusknoir
4,1015,p2,0191,lopunny-dudunsparce,0224,dragapult-ex
4,1016,tie,0496,dragapult-dusknoir,1485,basic-box-m
4,1017,p1,2124,lucario-hariyama,1925,dragapult-ex
4,1018,p1,2470,dhelmise-pbl,1248,slowking-scr
4,1019,p1,1824,alakazam-dudunsparce,1210,mega-excadrill-ex
4,1020,p1,0468,basic-box-m,1936,n-zoroark
4,1021,p2,0102,dragapult-ex,1891,dragapult-blaziken
4,1022,p1,0865,lucario-hariyama,3117,cynthia-garchomp-ex
4,1023,p2,1753,mega-excadrill-ex,1068,alakazam-dusknoir
4,1024,p1,2870,dragapult-dusknoir,2126,dragapult-blaziken
4,1025,p1,1522,basic-box-m,0323,dragapult-dusknoir
4,1026,p2,2162,ceruledge-ex,0320,crustle-dri
4,1027,p1,1037,dragapult-blaziken,1975,alakazam-dudunsparce
4,1028,p1,2541,dhelmise-pbl,1673,dragapult-dusknoir
4,1029,p1,0891,n-zoroark,0544,raging-bolt-ogerpon
4,1030,p1,2491,dragapult-ex,2960,kangaskhan-bouffalant
4,1031,p1,3105,dragapult-dusknoir,0647,dragapult-ex
4,1032,p1,0559,diancie-dusknoir,2436,dragapult-dusknoir
4,1033,tie,1216,dragapult-dusknoir,2657,dragapult-blaziken
4,1034,p2,1863,dragapult-ex,2121,alakazam-dudunsparce
4,1035,p1,0319,basic-box-m,1126,grimmsnarl-froslass
4,1036,p1,0924,dragapult-ex,0670,dragapult-ex
4,1037,tie,2854,dragapult-dusknoir,1918,alakazam-dudunsparce
4,1038,p1,2427,dragapult-ex,2529,n-zoroark
4,1039,p1,1393,dragapult-ex,0462,crustle-dri
4,1040,tie,0584,crustle-dri,0875,basic-box-m
4,1041,p2,0521,raging-bolt-ogerpon,2137,basic-box-m
4,1042,p1,2199,dragapult-ex,2843,mega-chandelure-ex
4,1043,p1,3064,starmie-froslass,2983,mega-chandelure-ex
4,1044,p2,0778,ogerpon-meganium-hydrapple,0375,dragapult-ex
4,1045,p2,1353,dragapult-blaziken,2298,lucario-hariyama
4,1046,tie,2663,mega-excadrill-ex,0159,dragapult-ex
4,1047,p1,0743,dragapult-ex,2899,dragapult-ex
4,1048,tie,0001,dragapult-dusknoir,1109,dragapult-ex
4,1049,p2,0014,dragapult-ex,1421,dragapult-ex
4,1050,p1,0534,dragapult-dusknoir,2219,dragapult-ex
4,1051,p1,2057,festival-lead,2116,basic-box-m
4,1052,p1,2963,mega-excadrill-ex,1147,dhelmise-pbl
4,1053,p1,2896,dragapult-blaziken,1741,alakazam-dusknoir
4,1054,p2,2528,dragapult-ex,1375,basic-box-m
4,1055,p1,1950,dragapult-ex,2321,beedrill-ex-cri
4,1056,p2,0739,slowking-scr,0999,dragapult-ex
4,1057,p1,2903,dragapult-dudunsparce,0451,dragapult-blaziken
4,1058,p1,2457,mega-excadrill-ex,0785,dragapult-ex
4,1059,p2,0786,crustle-dri,1117,dragapult-ex
4,1060,p1,1616,mega-excadrill-ex,1293,dhelmise-pbl
4,1061,p2,0952,dragapult-ex,0706,dragapult-blaziken
4,1062,p2,2305,basic-box-m,2015,festival-lead
4,1063,p1,1704,basic-box-m,0542,festival-lead
4,1064,tie,2174,ogerpon-meganium-hydrapple,2980,lucario-hariyama
4,1065,p2,2672,n-zoroark,1763,dragapult-blaziken
4,1066,p1,1480,dhelmise-pbl,1749,lucario-hariyama
4,1067,p1,0827,dragapult-dusknoir,1713,lucario-hariyama
4,1068,p1,2136,festival-lead,1465,alakazam-dudunsparce
4,1069,p1,2247,dragapult-ex,2826,dragapult-blaziken
4,1070,p1,2772,dragapult-ex,2735,dragapult-ex
4,1071,p1,0516,grimmsnarl-froslass,0018,festival-lead
4,1072,p1,1125,n-zoroark,1770,n-zoroark
4,1073,p2,2274,lucario-hariyama,0184,n-zoroark
4,1074,p2,0002,lucario-hariyama,2081,dragapult-ex
4,1075,p1,1969,dragapult-dusknoir,1066,basic-box-m
4,1076,tie,1052,n-zoroark,1507,dragapult-ex
4,1077,p1,1399,dragapult-blaziken,0342,ogerpon-meganium-hydrapple
4,1078,p1,1854,kangaskhan-bouffalant,1343,n-zoroark
4,1079,p1,1352,mega-excadrill-ex,0453,dragapult-ex
4,1080,p1,2358,n-zoroark,1422,dragapult-blaziken
4,1081,p1,0514,dragapult-ex,1036,ogerpon-meganium-hydrapple
4,1082,p2,1815,rockets-honchkrow,2865,dragapult-dusknoir
4,1083,tie,0747,dragapult-ex,2640,lucario-hariyama
4,1084,p2,0657,dragapult-dusknoir,2118,crustle-dri
4,1085,p1,1202,lopunny-dusknoir,0643,grimmsnarl-froslass
4,1086,p2,0806,lucario-hariyama,0479,dragapult-dusknoir
4,1087,p2,0531,dragapult-ex,1931,crustle-dri
4,1088,p1,0397,dragapult-blaziken,0671,crustle-dri
4,1089,tie,2440,rockets-honchkrow,0939,ogerpon-meganium-arboliva
4,1090,p2,2155,seaking-pre,0110,dragapult-blaziken
4,1091,tie,0685,dragapult-ex,3097,basic-box-m
4,1092,p2,0587,ogerpon-meganium-hydrapple,2988,dragapult-ex
4,1093,p2,1636,dragapult-ex,1251,sharpedo-toxtricity
4,1094,p1,2328,dragapult-ex,2701,rockets-honchkrow
4,1095,p2,2157,dragapult-dusknoir,2150,dragapult-dusknoir
4,1096,p2,1467,dragapult-ex,2834,basic-box-m
4,1097,p2,1378,cynthia-garchomp-ex,1234,basic-box-m
4,1098,p2,2740,festival-lead,0868,dragapult-ex
4,1099,p2,0626,dragapult-blaziken,1008,dragapult-blaziken
4,1100,p2,1062,dragapult-ex,1469,crustle-dri
4,1101,p1,0478,n-zoroark,0470,alakazam-dudunsparce
4,1102,tie,1755,n-zoroark,2873,alakazam-dudunsparce
4,1103,p2,0611,dragapult-ex,1243,lillie-clefairy
4,1104,p2,3037,mega-excadrill-ex,1921,n-zoroark
4,1105,p1,1260,slowking-scr,0185,ogerpon-meganium-arboliva
4,1106,p2,2471,sharpedo-toxtricity,2706,dragapult-dusknoir
4,1107,p1,2360,dragapult-blaziken,2226,ogerpon-meganium-hydrapple
4,1108,p2,1984,cynthia-garchomp-ex,2533,dragapult-ex
4,1109,p2,0285,dragapult-ex,2028,mega-excadrill-ex
4,1110,tie,0215,mega-excadrill-ex,1577,dragapult-ex
4,1111,p1,2269,crustle-dri,0912,dhelmise-pbl
4,1112,p1,1257,alakazam-dudunsparce,2955,alakazam-dudunsparce
4,1113,p2,1972,alakazam-dudunsparce,2163,n-zoroark
4,1114,p2,0897,slowking-scr,0016,alakazam-dudunsparce
4,1115,tie,0529,dragapult-ex,0818,n-zoroark
4,1116,p2,0393,crustle-dri,0851,mega-excadrill-ex
4,1117,p1,1938,dragapult-blaziken,0955,mega-excadrill-ex
4,1118,tie,0972,mega-lucario-ex,0304,dragapult-ex
4,1119,p1,1667,rockets-honchkrow,1106,lopunny-dudunsparce
4,1120,p1,2472,sharpedo-toxtricity,2774,alakazam-dudunsparce
4,1121,p2,0861,dragapult-blaziken,2877,ogerpon-meganium-hydrapple
4,1122,p2,1388,crustle-dri,2395,slowking-scr
4,1123,p2,0692,dragapult-ex,1671,dhelmise-pbl
4,1124,p2,2864,dragapult-ex,2323,sharpedo-toxtricity
4,1125,p1,1633,rockets-honchkrow,1287,crustle-dri
4,1126,p1,2932,mega-excadrill-ex,0612,n-zoroark
4,1127,p1,1291,crustle-dri,0261,ogerpon-meganium-arboliva
4,1128,p2,0840,alakazam-dudunsparce,3057,lopunny-dudunsparce
4,1129,p1,2417,dragapult-blaziken,2897,basic-box-m
4,1130,p1,2062,lopunny-dusknoir,0326,dragapult-ex
4,1131,p2,0308,mega-excadrill-ex,0137,dragapult-ex
4,1132,p1,1299,slowking-scr,0779,dragapult-dusknoir
4,1133,tie,2270,dragapult-blaziken,0949,dragapult-dusknoir
4,1134,p1,1672,basic-box-m,2646,dhelmise-pbl
4,1135,p1,1970,dragapult-ex,0081,rockets-honchkrow
4,1136,p1,0502,dhelmise-pbl,1546,n-zoroark
4,1137,p2,2904,dragapult-ex,1259,n-zoroark
4,1138,p2,0917,hops-trevenant,2249,hops-trevenant
4,1139,p1,0799,dhelmise-pbl,2726,slowking-scr
4,1140,tie,2885,alakazam-dudunsparce,1336,dragapult-ex
4,1141,p2,2619,mega-excadrill-ex,2409,slowking-scr
4,1142,p1,1729,ogerpon-meganium-hydrapple,0870,ogerpon-meganium-hydrapple
4,1143,p1,0525,crustle-dri,0169,dragapult-ex
4,1144,p2,0065,n-zoroark,1578,slowking-scr
4,1145,p1,1237,clefairy-ogerpon,3029,dragapult-blaziken
4,1146,p1,0052,dragapult-dusknoir,3031,alakazam-dudunsparce
4,1147,p2,1463,dragapult-ex,2745,dragapult-ex
4,1148,p1,2642,dragapult-ex,3033,basic-box-m
4,1149,p1,0960,okidogi-barbaracle,1717,dragapult-ex
4,1150,p1,1213,dragapult-blaziken,1280,dragapult-dudunsparce
4,1151,p1,0583,mega-excadrill-ex,2516,dragapult-dusknoir
4,1152,tie,3065,dragapult-ex,0934,dragapult-ex
4,1153,p1,1131,rocket-mewtwo-ex,0288,dragapult-blaziken
4,1154,p1,1475,dragapult-dusknoir,0959,dhelmise-pbl
4,1155,p1,1828,sharpedo-toxtricity,2495,dragapult-ex
4,1156,tie,2531,alakazam-dudunsparce,1659,n-zoroark
4,1157,tie,0501,basic-box-m,0138,dhelmise-pbl
4,1158,p2,3030,mega-chandelure-ex,0490,dragapult-ex
4,1159,tie,1994,alakazam-dudunsparce,2468,mega-venusaur-ex
4,1160,p1,0766,crustle-dri,2016,alakazam-dudunsparce
4,1161,tie,0482,dragapult-blaziken,0889,ogerpon-meganium-arboliva
4,1162,p2,2097,slowking-scr,1033,basic-box-m
4,1163,p1,1364,lucario-hariyama,1559,lopunny-dudunsparce
4,1164,p1,2523,lopunny-dudunsparce,0863,festival-lead
4,1165,p2,0078,dragapult-ex,3070,slowking-scr
4,1166,p1,1756,clefairy-ogerpon,0104,crustle-dri
4,1167,p2,0829,slowking-scr,0589,ogerpon-meganium-hydrapple
4,1168,tie,2361,lucario-hariyama,1207,ogerpon-meganium-arboliva
4,1169,p2,1317,dragapult-blaziken,2065,dragapult-dusknoir
4,1170,p2,1941,dragapult-dusknoir,3038,dragapult-dusknoir
4,1171,p2,1067,mega-excadrill-ex,0935,slowking-scr
4,1172,p1,0174,lucario-hariyama,2171,n-zoroark
4,1173,p2,1073,n-zoroark,1602,alakazam-dudunsparce
4,1174,p1,0160,n-zoroark,3061,dhelmise-pbl
4,1175,p2,2419,ogerpon-meganium-hydrapple,0400,alakazam-dudunsparce
4,1176,p1,2928,basic-box-m,1208,slowking-scr
4,1177,p1,0284,n-zoroark,0223,basic-box-m
4,1178,p1,3060,dragapult-ex,1398,festival-lead
4,1179,tie,0683,mega-excadrill-ex,1071,dragapult-ex
4,1180,tie,2800,dragapult-ex,0680,mega-excadrill-ex
4,1181,tie,0694,toxtricity-box,0460,crustle-dri
4,1182,tie,1450,slowking-scr,0396,basic-box-m
4,1183,tie,2072,n-zoroark,2441,mega-excadrill-ex
4,1184,tie,1840,crustle-dri,0881,crustle-dri
4,1185,p2,1852,dhelmise-pbl,2975,festival-lead
4,1186,p2,2715,dragapult-ex,0318,slowking-scr
4,1187,tie,0673,grimmsnarl-froslass,2023,dragapult-dusknoir
4,1188,p1,2898,dragapult-dusknoir,2418,slowking-scr
4,1189,p1,1424,mega-excadrill-ex,1172,n-zoroark
4,1190,tie,2974,alakazam-dudunsparce,1309,dragapult-blaziken
4,1191,p1,2906,grimmsnarl-froslass,0798,rockets-honchkrow
4,1192,p2,0772,alakazam-dudunsparce,2880,dhelmise-pbl
4,1193,p2,0764,n-zoroark,2794,mega-greninja-ex
4,1194,p1,1003,lopunny-dusknoir,1624,dragapult-ex
4,1195,p1,1911,dragapult-ex,0796,mega-excadrill-ex
4,1196,tie,0230,festival-lead,0329,dragapult-ex
4,1197,p2,0594,alakazam-dusknoir,0481,lucario-hariyama
4,1198,p1,2209,n-zoroark,2282,n-zoroark
4,1199,p2,1634,crustle-dri,0035,basic-box-m
4,1200,p2,2158,dragapult-ex,3048,slowking-scr
4,1201,p2,2660,dragapult-ex,1801,cynthia-garchomp-ex
4,1202,p2,0296,dragapult-ex,2833,basic-box-m
4,1203,p1,2912,lopunny-dusknoir,1955,dragapult-ex
4,1204,tie,1875,ogerpon-meganium-hydrapple,0815,dragapult-ex
4,1205,p2,1128,hops-trevenant,1894,n-zoroark
4,1206,p1,1127,n-zoroark,2545,dragapult-dusknoir
4,1207,tie,2535,dragapult-ex,0283,dragapult-ex
4,1208,p1,0530,mega-excadrill-ex,1278,rockets-honchkrow
4,1209,p1,1000,dhelmise-pbl,2810,ceruledge-ex
4,1210,p1,2707,dragapult-blaziken,2204,dragapult-ex
4,1211,p2,0398,raging-bolt-ogerpon,2154,dragapult-ex
4,1212,p1,0024,hops-trevenant,1642,dhelmise-pbl
4,1213,p1,0789,n-zoroark,1827,alakazam-dudunsparce
4,1214,p1,0404,dragapult-ex,2422,dragapult-ex
4,1215,p2,2255,rockets-honchkrow,0906,rocket-mewtwo-ex
4,1216,p2,2093,dhelmise-pbl,0628,ogerpon-meganium-hydrapple
4,1217,p1,3063,basic-box-m,0382,slowking-scr
4,1218,p1,1258,n-zoroark,1907,dhelmise-pbl
4,1219,p1,1605,n-zoroark,1262,dhelmise-pbl
4,1220,p1,0466,dragapult-ex,0844,ogerpon-meganium-hydrapple
4,1221,p2,0409,dragapult-ex,2088,n-zoroark
4,1222,p2,0273,ogerpon-meganium-hydrapple,2236,rockets-honchkrow
4,1223,p1,0874,mega-greninja-ex,1843,dhelmise-pbl
4,1224,tie,1670,mega-manectric-ex-meg,1844,mega-venusaur-ex
4,1225,p2,2920,dragapult-ex,0194,dragapult-blaziken
4,1226,p2,0448,ogerpon-meganium-hydrapple,1581,dragapult-dusknoir
4,1227,p1,1631,starmie-dusknoir,1718,dragapult-ex
4,1228,p1,1775,rockets-honchkrow,2172,slowking-scr
4,1229,p1,2159,mega-excadrill-ex,2919,basic-box-m
4,1230,tie,2353,dragapult-ex,0603,n-zoroark
4,1231,p2,3113,crustle-dri,0558,rockets-honchkrow
4,1232,p2,2649,dragapult-dusknoir,3058,crustle-dri
4,1233,p1,1866,mega-venusaur-ex,0198,dragapult-dusknoir
4,1234,p2,2803,slowking-scr,2193,dragapult-dusknoir
4,1235,p2,0037,dragapult-ex,2134,mega-chandelure-ex
4,1236,p1,1370,n-zoroark,1471,hops-trevenant
4,1237,p2,2749,n-zoroark,1474,alakazam-dudunsparce
4,1238,p2,2817,slowking-scr,1476,mega-excadrill-ex
4,1239,p2,1477,alakazam-dudunsparce,3010,dragapult-ex
4,1240,tie,1479,dhelmise-pbl,1297,dragapult-ex
4,1241,tie,1973,sharpedo-toxtricity,1821,n-zoroark
4,1242,p2,1483,alakazam-dudunsparce,2352,alakazam-dudunsparce
4,1243,p1,1983,okidogi-barbaracle,1486,sharpedo-toxtricity
4,1244,p1,1487,alakazam-dudunsparce,1793,slowking-scr
4,1245,p2,2712,n-zoroark,2620,grimmsnarl-froslass
4,1246,p1,1350,n-zoroark,1492,alakazam-dusknoir
4,1247,p1,1493,mega-excadrill-ex,0576,cinccino-ex
4,1249,p1,0210,dragapult-ex,1497,dragapult-ex
4,1250,p2,1500,dragapult-blaziken,1203,dragapult-ex
4,1251,p2,1501,crustle-dri,0539,mega-venusaur-ex
4,1252,tie,1998,lopunny-dusknoir,1504,dragapult-dusknoir
4,1253,p1,2632,n-zoroark,1506,lopunny-dudunsparce
4,1254,p2,1082,dragapult-ex,2577,dragapult-dusknoir
4,1255,p1,0066,cynthia-garchomp-ex,1914,dragapult-ex
4,1256,p1,1632,n-zoroark,1540,dragapult-ex
4,1257,tie,0395,mega-excadrill-ex,0242,alakazam-dudunsparce
4,1258,p1,2525,lopunny-dusknoir,1730,slowking-scr
4,1259,p1,1499,dragapult-ex,2863,greninja-ex
4,1260,p2,1655,dragapult-blaziken,2309,rocket-mewtwo-ex
4,1261,p1,1795,dragapult-ex,2765,slowking-scr
4,1262,p1,2238,dragapult-ex,0749,seaking-pre
4,1263,p1,0161,dragapult-blaziken,2992,rockets-honchkrow
4,1264,p1,0214,crustle-dri,1427,n-zoroark
4,1265,p2,2972,lucario-hariyama,0247,toxtricity-box
4,1266,p2,1137,dragapult-blaziken,1093,dragapult-ex
4,1267,p1,0295,n-zoroark,1822,mega-chandelure-ex
4,1268,p2,2655,sharpedo-toxtricity,2581,?metagross
4,1269,p1,0708,mega-excadrill-ex,0031,basic-box-m
4,1270,p2,2866,other,0950,n-zoroark
4,1271,p2,0272,dragapult-ex,0281,dragapult-ex
4,1272,p1,2122,dragapult-ex,2696,dragapult-dusknoir
4,1273,tie,0998,dragapult-blaziken,0802,basic-box-m
4,1274,p1,2416,ursaluna-lunatone,0372,alakazam-dudunsparce
4,1275,p1,0441,alakazam-dudunsparce,1329,slowking-scr
4,1276,p2,0832,dhelmise-pbl,1551,slowking-scr
4,1277,tie,2123,dragapult-dusknoir,0860,dragapult-blaziken
4,1278,p1,2390,dragapult-dusknoir,2277,alakazam-dudunsparce
4,1279,tie,1401,kangaskhan-bouffalant,0221,alakazam-dudunsparce
4,1280,tie,0776,rockets-honchkrow,2806,cynthia-garchomp-ex
4,1281,p2,2372,dragapult-blaziken,1144,alakazam-dudunsparce
4,1282,p1,0595,dragapult-ex,0171,alakazam-dusknoir
4,1283,p1,1929,basic-box-m,1100,ogerpon-meganium-hydrapple
4,1284,tie,0233,n-zoroark,2149,slowking-scr
4,1285,p1,0302,n-zoroark,0506,basic-box-m
4,1286,tie,1643,dragapult-dusknoir,2918,dragapult-blaziken
4,1287,p1,0325,dragapult-ex,1215,festival-lead
4,1288,tie,2140,mega-excadrill-ex,1423,n-zoroark
4,1289,tie,2332,dragapult-ex,1436,alakazam-dudunsparce
4,1290,tie,0788,slowking-scr,0212,dragapult-dusknoir
4,1291,p2,2840,dragapult-blaziken,1640,slowking-scr
4,1292,p1,1694,cynthia-garchomp-ex,0465,dhelmise-pbl
4,1293,p2,2183,mega-excadrill-ex,2852,slowking-scr
4,1294,p1,0267,dudunsparce-control,0036,alakazam-dusknoir
4,1295,p2,0510,alakazam-dudunsparce,2636,cynthia-garchomp-ex
4,1296,p2,1915,dragapult-ex,2875,dragapult-blaziken
4,1297,p1,1576,mega-excadrill-ex,2695,alakazam-dudunsparce
4,1298,p1,1612,other,1391,slowking-scr
4,1299,p2,2546,n-zoroark,1830,ogerpon-meganium-hydrapple
4,1300,p2,2954,lucario-hariyama,1599,doublade-por
4,1301,p1,1776,dhelmise-pbl,1601,crustle-dri
4,1302,p2,0236,mega-excadrill-ex,1305,slowking-scr
4,1303,p1,2365,dhelmise-pbl,0030,seaking-pre
4,1304,p2,1853,kangaskhan-bouffalant,2477,mega-venusaur-ex
4,1305,tie,2628,mega-excadrill-ex,1587,slowking-scr
4,1306,p1,1022,dragapult-dusknoir,0416,lopunny-dudunsparce
4,1307,p2,1623,mega-lucario-ex,2788,alakazam-dudunsparce
4,1308,p1,1590,lopunny-dudunsparce,1012,seaking-pre
4,1309,tie,0711,dragapult-ex,0922,dragapult-blaziken
4,1310,p1,1453,rockets-honchkrow,2813,mega-excadrill-ex
4,1311,p1,2153,alakazam-dudunsparce,0011,dragapult-dusknoir
4,1312,p2,0568,hops-trevenant,1190,ogerpon-meganium-hydrapple
4,1313,p1,1780,dragapult-ex,1796,cynthia-garchomp-ex
4,1314,p1,1490,mega-lucario-ex,1993,toucannon-pbl
4,1315,p1,1572,kangaskhan-bouffalant,2562,n-zoroark
4,1316,p2,0585,ogerpon-meganium-hydrapple,0627,dragapult-ex
4,1317,p1,1604,slowking-scr,1102,mega-excadrill-ex
4,1318,p2,1030,basic-box-m,2364,slowking-scr
4,1319,p1,2348,crustle-dri,2048,dragapult-ex
4,1320,p1,0349,dragapult-dusknoir,2493,mega-excadrill-ex
4,1321,p1,2376,dragapult-ex,1825,dragapult-ex
4,1322,p1,0642,dragapult-dusknoir,2347,dragapult-blaziken
4,1323,p2,2914,dragapult-ex,0667,dhelmise-pbl
4,1324,p2,2812,n-zoroark,1647,mega-excadrill-ex
4,1325,p2,1650,dragapult-ex,2989,mega-dragonite-ex
4,1326,p1,2391,mega-greninja-ex,1974,mega-chandelure-ex
4,1327,p1,2850,n-zoroark,0691,mega-starmie-ex
4,1328,tie,0543,n-zoroark,2077,dragapult-ex
4,1329,p2,0312,dhelmise-pbl,1416,mega-excadrill-ex
4,1330,p1,0765,dragapult-ex,0770,alakazam-dudunsparce
4,1331,p1,0442,dragapult-ex,2641,rocket-mewtwo-ex
4,1332,p1,2030,dragapult-dusknoir,1189,alakazam-dudunsparce
4,1333,p1,1663,n-zoroark,1381,slowking-scr
4,1334,p2,2382,dragapult-blaziken,1890,crustle-dri
4,1335,p2,2938,mega-greninja-ex,0436,ceruledge-ex
4,1336,p2,1502,crustle-dri,2747,lucario-hariyama
4,1337,tie,1300,dragapult-dusknoir,2635,crustle-dri
4,1338,p1,2389,alakazam-dudunsparce,1582,ogerpon-meganium-hydrapple
4,1339,p1,2013,slowking-scr,0083,dragapult-ex
4,1340,p1,1120,hops-trevenant,0795,mega-greninja-ex
4,1341,p1,2241,dragapult-dusknoir,0033,dragapult-ex
4,1342,tie,0463,dragapult-ex,0751,alakazam-dudunsparce
4,1343,p2,2095,dragapult-ex,1363,dragapult-blaziken
4,1344,tie,0944,crustle-dri,1607,ethan-typhlosion
4,1345,p2,0045,dragapult-blaziken,0021,n-zoroark
4,1346,p2,2034,dragapult-ex,0520,n-zoroark
4,1347,p1,1049,alakazam-dudunsparce,1276,lucario-hariyama
4,1348,p1,1696,dragapult-ex,1041,other
4,1349,p2,1698,dragapult-blaziken,0258,dragapult-ex
4,1351,p2,0943,basic-box-m,3094,alakazam-dudunsparce
4,1352,p1,0699,greninja-ex,0974,seaking-pre
4,1353,tie,2534,n-zoroark,0444,slowking-scr
4,1354,p1,2760,dragapult-dusknoir,1466,dragapult-ex
4,1355,p2,1899,mega-excadrill-ex,1307,cynthia-garchomp-ex
4,1356,p2,0622,dragapult-blaziken,0893,dragapult-ex
4,1357,p2,2284,festival-lead,1675,mega-lucario-ex
4,1358,p1,0027,dragapult-ex,1893,dragapult-blaziken
4,1359,p1,2356,cynthia-garchomp-ex,1275,hops-trevenant
4,1360,tie,2937,alakazam-dudunsparce,2448,festival-lead
4,1361,p1,0656,dragapult-blaziken,2610,dragapult-dudunsparce
4,1362,p2,0940,dhelmise-pbl,0294,crustle-dri
4,1363,p2,1441,azumarill-ssp,1111,dragapult-ex
4,1364,p1,2626,festival-lead,2268,dragapult-ex
4,1365,p1,2915,slowking-scr,0429,n-zoroark
4,1366,p1,0200,rockets-honchkrow,1010,rocket-mewtwo-ex
4,1367,tie,2609,festival-lead,2203,dragapult-blaziken
4,1368,tie,0666,dragapult-blaziken,1426,dragapult-dusknoir
4,1369,p1,0264,n-zoroark,2717,dragapult-ex
4,1370,p1,2564,n-zoroark,0431,slowking-scr
4,1371,p1,1710,basic-box-m,2043,diancie-dusknoir
4,1372,p2,0994,lucario-hariyama,0549,rocket-mewtwo-ex
4,1373,p2,2128,n-zoroark,2194,sharpedo-toxtricity
4,1374,p1,1545,n-zoroark,0731,alakazam-dudunsparce
4,1375,p2,2106,okidogi-barbaracle,2882,dragapult-ex
4,1376,p1,0178,dragapult-ex,1690,lucario-hariyama
4,1377,p2,0059,dragapult-ex,1865,dragapult-ex
4,1378,p2,1160,festival-lead,2841,dhelmise-pbl
4,1379,p1,1897,dragapult-ex,3104,grimmsnarl-froslass
4,1380,p1,2594,mega-excadrill-ex,3114,dragapult-dusknoir
4,1381,p2,2736,alakazam-dudunsparce,1135,basic-box-m
4,1382,p1,1167,dragapult-ex,1797,mega-excadrill-ex
4,1383,p1,1142,alakazam-dudunsparce,0406,basic-box-m
4,1384,p1,0661,dragapult-blaziken,1678,dragapult-blaziken
4,1385,p2,2588,grimmsnarl-froslass,2139,mega-excadrill-ex
4,1386,tie,1595,dragapult-ex,1136,dragapult-ex
4,1387,p2,1525,n-zoroark,0067,basic-box-m
4,1388,p1,2451,dragapult-ex,1048,alakazam-dudunsparce
4,1389,p1,1089,dhelmise-pbl,1836,rocket-spidops
4,1390,p1,1250,dragapult-ex,2310,lucario-hariyama
4,1391,tie,0607,rockets-honchkrow,2278,dragapult-ex
4,1392,p1,0394,sharpedo-toxtricity,1674,slowking-scr
4,1393,p2,2064,dragapult-ex,0767,sharpedo-toxtricity
4,1394,p1,0132,dragapult-ex,2379,yanmega-ex
4,1395,p1,1585,mega-venusaur-ex,1552,grimmsnarl-froslass
4,1396,p2,2607,rocket-mewtwo-ex,2683,ogerpon-meganium-hydrapple
4,1397,p2,3090,dragapult-dusknoir,2956,festival-lead
4,1398,tie,0989,crustle-dri,0082,dragapult-ex
4,1399,p1,2537,slowking-scr,0350,mega-chandelure-ex
4,1400,p2,0118,dragapult-ex,1873,dragapult-blaziken
4,1401,p2,2927,lopunny-dudunsparce,2746,festival-lead
4,1402,p1,3019,dragapult-blaziken,2916,ethan-typhlosion
4,1403,p2,2784,dragapult-blaziken,2075,slowking-scr
4,1404,p1,0888,n-zoroark,0957,sharpedo-toxtricity
4,1405,p1,3066,alakazam-dusknoir,2698,cynthia-garchomp-ex
4,1406,p2,2874,mega-excadrill-ex,0446,dragapult-ex
4,1407,p1,0899,dragapult-blaziken,2802,ethan-typhlosion
4,1408,p1,1773,crustle-dri,0794,crustle-dri
4,1409,p1,1726,dhelmise-pbl,1573,raging-bolt-ogerpon
4,1410,p2,3088,dragapult-ex,3001,metagross-cri
4,1411,p1,2526,dragapult-ex,0961,alakazam-dudunsparce
4,1412,p2,0896,crustle-dri,2730,n-zoroark
4,1413,p2,0179,dragapult-blaziken,1355,dragapult-ex
4,1414,p1,2151,dragapult-ex,0311,starmie-froslass
4,1415,tie,0509,okidogi-barbaracle,0084,grimmsnarl-froslass
4,1416,p2,1782,dragapult-ex,1687,crustle-dri
4,1417,p1,0256,ogerpon-meganium-hydrapple,3024,dhelmise-pbl
4,1418,tie,2294,dragapult-blaziken,0180,mega-excadrill-ex
4,1419,tie,0575,n-zoroark,2110,mega-chandelure-ex
4,1420,tie,1061,n-zoroark,1433,lucario-hariyama
4,1421,p2,0826,festival-lead,2276,mega-excadrill-ex
4,1422,p1,0418,dragapult-dusknoir,1608,lucario-hariyama
4,1423,p2,2728,basic-box-m,2868,alakazam-dusknoir
4,1424,p1,1080,slowking-scr,1347,toxtricity-box
4,1425,tie,0091,crustle-dri,1754,crustle-dri
4,1426,p1,0201,dragapult-dusknoir,0008,alakazam-dudunsparce
4,1427,p2,1105,lopunny-dusknoir,2058,starmie-froslass
4,1428,p2,2239,dragapult-ex,1769,festival-lead
4,1429,p2,0895,alakazam-dusknoir,1816,lopunny-dudunsparce
4,1430,p1,0928,dhelmise-pbl,0196,mega-chandelure-ex
4,1431,p2,0492,alakazam-dudunsparce,1115,beedrill-ex-cri
4,1432,p2,0484,ogerpon-meganium-hydrapple,0154,mega-excadrill-ex
4,1433,p2,0908,mega-starmie-ex,0636,mega-excadrill-ex
4,1434,p1,0687,dragapult-ex,1832,ogerpon-meganium-hydrapple
4,1435,p1,2950,n-zoroark,3083,dragapult-blaziken
4,1436,tie,1818,festival-lead,2179,rocket-spidops
4,1437,p1,2449,other,1787,basic-box-m
4,1438,p1,1627,other,2566,basic-box-m
4,1439,p1,0365,kangaskhan-bouffalant,1124,dragapult-blaziken
4,1440,p2,1867,raging-bolt-ogerpon,3015,dragapult-ex
4,1441,p1,3006,rocket-mewtwo-ex,2677,n-zoroark
4,1442,p2,2297,mega-excadrill-ex,2037,dragapult-dusknoir
4,1443,p2,2503,rocket-mewtwo-ex,2474,starmie-froslass
4,1444,p1,1823,dragapult-dusknoir,1186,greninja-ex
4,1445,p1,2572,dragapult-blaziken,1123,alakazam-dudunsparce
4,1446,p2,3003,dragapult-dusknoir,2069,rockets-honchkrow
4,1447,tie,1437,dragapult-blaziken,0969,n-zoroark
4,1448,p1,2481,alakazam-dudunsparce,2406,dragapult-ex
4,1449,p1,2797,dragapult-ex,0608,n-zoroark
4,1450,tie,1410,ogerpon-meganium,0907,dragapult-dusknoir
4,1451,p2,1619,hops-trevenant,0384,dragapult-dusknoir
4,1452,p1,0367,dragapult-ex,2252,n-zoroark
4,1453,p2,0219,dragapult-blaziken,0761,cynthia-garchomp-ex
4,1454,p1,1855,rockets-honchkrow,1541,n-zoroark
4,1455,p2,1682,basic-box-m,2366,dragapult-ex
4,1456,p1,1804,alakazam-dudunsparce,0347,dragapult-dusknoir
4,1457,p1,2733,cynthia-garchomp-ex,1728,dragapult-dusknoir
4,1458,p1,2519,n-zoroark,2192,dragapult-ex
4,1459,p2,1895,festival-lead,2367,dragapult-ex
4,1460,p1,2538,dragapult-dusknoir,2425,ogerpon-meganium-hydrapple
4,1461,p2,0900,festival-lead,0858,mega-excadrill-ex
4,1462,p1,1328,sharpedo-toxtricity,2092,n-zoroark
4,1463,p2,0403,dragapult-blaziken,1321,crustle-dri
4,1464,p1,0741,lopunny-dudunsparce,1403,mega-lucario-ex
4,1465,p1,0359,basic-box-m,1195,mega-excadrill-ex
4,1466,p1,1113,crustle-dri,0101,dragapult-ex
4,1467,p1,0637,lucario-hariyama,1761,kangaskhan-bouffalant
4,1468,tie,0624,dhelmise-pbl,0841,dragapult-ex
4,1469,p1,2829,dragapult-ex,1157,festival-lead
4,1470,p1,3071,crustle-dri,1266,dragapult-ex
4,1471,p1,1452,dragapult-ex,0735,starmie-dusknoir
4,1472,p1,1151,alakazam-dudunsparce,0310,mega-greninja-ex
4,1473,tie,1743,dragapult-dusknoir,0012,dragapult-ex
4,1474,p1,1997,crustle-dri,0262,dragapult-ex
4,1475,tie,1420,lopunny-dusknoir,2388,lopunny-dudunsparce
4,1476,p2,2070,n-zoroark,2583,kangaskhan-bouffalant
4,1477,p1,2213,dragapult-ex,0688,n-zoroark
4,1478,p2,1174,lucario-hariyama,0931,crustle-dri
4,1479,p1,0095,crustle-dri,0380,dragapult-ex
4,1480,p1,2658,dragapult-ex,1912,ethan-typhlosion
4,1481,p1,0609,rockets-honchkrow,1646,lucario-hariyama
4,1482,tie,1365,dragapult-ex,1310,festival-lead
4,1483,tie,0849,sharpedo-toxtricity,1379,lucario-hariyama
4,1484,p1,0905,crustle-dri,0866,sharpedo-toxtricity
4,1485,p1,2423,alakazam-dudunsparce,0049,slowking-scr
4,1486,p1,1053,n-zoroark,2180,alakazam-dudunsparce
4,1487,p1,2184,dragapult-ex,2279,dhelmise-pbl
4,1488,p1,1557,hop-zacian,2861,starmie-dusknoir
4,1489,p2,2721,alakazam-dudunsparce,1026,slowking-scr
4,1490,p1,0653,dragapult-dusknoir,2602,mega-starmie-ex
4,1491,p2,2411,dragapult-blaziken,2591,ogerpon-meganium-hydrapple
4,1492,p2,1677,dragapult-ex,3035,n-zoroark
4,1493,p1,2259,dragapult-blaziken,1901,dragapult-ex
4,1494,p1,2458,slowking-scr,0898,raging-bolt-ogerpon
4,1495,tie,0524,n-zoroark,2201,greninja-ex
4,1496,p1,2435,festival-lead,0862,alakazam-dusknoir
4,1497,p2,0064,dragapult-ex,0927,dragapult-dusknoir
4,1498,tie,1143,basic-box-m,0193,dragapult-ex
4,1499,p2,2690,dragapult-ex,1542,n-zoroark
4,1500,p1,2223,dragapult-ex,0177,dragapult-ex
4,1501,p2,2555,dhelmise-pbl,2966,dragapult-dusknoir
4,1502,tie,2344,dragapult-ex,2711,slowking-scr
4,1503,tie,0650,crustle-dri,0726,n-zoroark
4,1504,p1,0660,alakazam-dudunsparce,0097,n-zoroark
4,1505,p2,0721,mega-chandelure-ex,0845,alakazam-dudunsparce
4,1506,p1,0306,basic-box-m,2824,dragapult-dusknoir
4,1507,p2,1382,basic-box-m,2166,n-zoroark
4,1508,tie,1231,beedrill-ex-cri,2462,bronzong-tef
4,1509,p1,0566,dragapult-dusknoir,0748,other
4,1510,p2,2671,slowking-scr,1360,dragapult-ex
4,1511,p2,1927,dragapult-blaziken,2113,crustle-dri
4,1512,p1,1445,dragapult-ex,0809,mega-lucario-ex
4,1513,p2,0646,basic-box-m,2934,n-zoroark
4,1514,p1,1703,dragapult-ex,0561,festival-lead
4,1515,p2,2287,dragapult-blaziken,1621,other
4,1516,tie,1762,other,0062,alakazam-dudunsparce
4,1517,p1,2076,slowking-scr,3069,dragapult-dusknoir
4,1518,p2,2808,dragapult-dusknoir,0705,dhelmise-pbl
4,1519,p1,2185,ogerpon-meganium-hydrapple,2191,dragapult-dusknoir
4,1520,p2,2948,basic-box-m,3098,rockets-honchkrow
4,1521,p1,0991,lopunny-dusknoir,1176,festival-lead
4,1522,tie,1084,n-zoroark,2107,mega-excadrill-ex
4,1523,p1,0753,kangaskhan-bouffalant,1094,mega-excadrill-ex
4,1524,p2,0951,lucario-hariyama,1473,alakazam-dudunsparce
4,1525,p2,2080,basic-box-m,0080,dragapult-ex
4,1526,p1,0144,mega-lucario-ex,0630,lucario-hariyama
4,1527,p2,0714,crustle-dri,2669,mega-excadrill-ex
4,1528,p2,0472,alakazam-dudunsparce,0046,dragapult-blaziken
4,1529,p2,2627,?,1600,greninja-ex
4,1530,p2,1133,dragapult-ex,1739,mega-venusaur-ex
4,1531,p1,0133,n-zoroark,1913,lopunny-dusknoir
4,1532,p1,1491,mega-lucario-ex,0493,mega-excadrill-ex
4,1533,p1,2606,alakazam-dudunsparce,0461,dragapult-ex
4,1534,p2,3023,dhelmise-pbl,2835,basic-box-m
4,1535,tie,0513,n-zoroark,0980,raging-bolt-ogerpon
4,1536,p1,1808,dhelmise-pbl,2490,dragapult-dusknoir
4,1537,p1,1417,ogerpon-meganium-hydrapple,2420,mega-excadrill-ex
4,1538,p2,1778,basic-box-m,1731,raging-bolt-ogerpon
4,1539,p1,2059,dragapult-ex,0480,n-zoroark
4,1540,p1,0192,basic-box-m,2055,palafin-ex
4,1541,p2,2473,dragapult-ex,2099,dragapult-ex
4,1542,p1,1885,dhelmise-pbl,0792,lucario-hariyama
4,1543,p1,0982,mega-chandelure-ex,1589,yanmega-ex
4,1544,p1,3032,dragapult-dusknoir,1081,starmie-froslass
4,1545,tie,2768,alakazam-dudunsparce,1292,dragapult-dusknoir
4,1546,p1,1774,dragapult-ex,0805,dragapult-ex
4,1547,p1,3043,slowking-scr,2501,sylveon-pre
4,1548,p1,0813,mega-lucario-ex,2831,dragapult-ex
4,1549,tie,0254,n-zoroark,1020,dragapult-dusknoir
4,1550,p1,0345,dragapult-ex,0645,dragapult-ex
4,1551,tie,1289,mega-excadrill-ex,0546,ogerpon-meganium-hydrapple
4,1552,p2,0147,festival-lead,0997,dragapult-ex
4,1553,p2,0422,okidogi-barbaracle,2994,mega-lucario-ex
4,1554,p2,2778,toucannon-pbl,3082,dragapult-dusknoir
4,1555,p1,1141,basic-box-m,0424,alakazam-dudunsparce
4,1556,p1,2125,dragapult-dusknoir,1916,lopunny-dusknoir
4,1557,p1,2207,slowking-scr,0120,mega-excadrill-ex
4,1558,tie,0450,ceruledge-ex,0357,dhelmise-pbl
4,1559,p2,2940,sharpedo-toxtricity,1371,dragapult-ex
4,1560,p2,2007,dragapult-blaziken,3051,dragapult-blaziken
4,1561,p1,2530,lopunny-dusknoir,1340,festival-lead
4,1562,p2,2261,mega-lucario-ex,0044,dragapult-ex
4,1563,p2,1075,alakazam-dudunsparce,2264,basic-box-m
4,1564,p2,1737,dragapult-ex,2483,n-zoroark
4,1565,p2,2907,dragapult-blaziken,3049,sharpedo-toxtricity
4,1566,p1,1439,ethan-typhlosion,2377,mega-venusaur-ex
4,1567,p2,1679,grimmsnarl-froslass,1906,basic-box-m
4,1568,tie,2680,festival-lead,1252,other
4,1569,tie,1367,ogerpon-meganium-hydrapple,0287,?metagross
4,1570,p2,1711,dragapult-dusknoir,2478,dragapult-blaziken
4,1571,p2,0885,alakazam-dudunsparce,0797,dragapult-ex
4,1572,p2,0222,n-zoroark,0662,alakazam-dudunsparce
4,1573,p1,2543,dragapult-ex,1947,rocket-mewtwo-ex
4,1574,p1,1158,n-zoroark,2073,alolan-exeggutor-ex
4,1575,p2,3053,slowking-scr,2214,basic-box-m
4,1576,tie,2164,dragapult-dusknoir,1273,dragapult-dudunsparce
4,1577,p2,1785,dragapult-ex,2129,alakazam-dudunsparce
4,1578,p2,0279,sharpedo-toxtricity,2067,crustle-dri
4,1579,p2,1842,basic-box-m,2804,dragapult-ex
4,1580,p2,3050,lucario-hariyama,0376,dragapult-dusknoir
4,1581,p1,2544,mega-greninja-ex,0266,mega-excadrill-ex
4,1582,p1,2148,sharpedo-toxtricity,2032,dragapult-ex
4,1583,p2,2536,dragapult-ex,1065,sharpedo-toxtricity
4,1584,p2,2713,cynthia-garchomp-ex,2459,basic-box-m
4,1585,p1,0983,crustle-dri,0696,dragapult-dusknoir
4,1586,tie,0388,dragapult-blaziken,1318,hops-trevenant
4,1587,tie,2844,dragapult-blaziken,0803,dragapult-ex
4,1588,p1,2486,n-zoroark,2734,beedrill-ex-cri
4,1589,p2,2273,ursaluna-lunatone,1919,mega-excadrill-ex
4,1590,p1,2894,mega-excadrill-ex,0837,dhelmise-pbl
4,1591,p1,2699,slowking-scr,1511,dragapult-ex
4,1592,p2,1635,lopunny-dudunsparce,0040,dragapult-ex
4,1593,p1,0108,dragapult-dusknoir,1524,crustle-dri
4,1594,p1,3014,dragapult-ex,2905,rockets-honchkrow
4,1595,p1,0973,dragapult-dusknoir,2576,crustle-dri
4,1596,p1,2777,mega-excadrill-ex,2051,dragapult-dusknoir
4,1597,p2,1566,crustle-dri,2869,mega-excadrill-ex
4,1598,p2,2615,dragapult-blaziken,1245,dragapult-ex
4,1599,p1,0914,mega-lucario-ex,0195,other
4,1600,tie,2205,dragapult-ex,0364,raging-bolt-ogerpon
4,1601,p1,0557,alakazam-dudunsparce,0358,alakazam-dudunsparce
4,1602,tie,2272,dragapult-ex,2408,n-zoroark
4,1603,p2,2888,dragapult-ex,0060,crustle-dri
4,1604,p1,2508,festival-lead,1269,sharpedo-toxtricity
4,1605,p2,1241,dragapult-ex,2050,ogerpon-meganium-hydrapple
4,1606,p2,2006,basic-box-m,2085,grimmsnarl-froslass
4,1607,p2,1338,kangaskhan-bouffalant,2246,mega-lucario-ex
4,1608,p1,1653,starmie-froslass,2969,sharpedo-toxtricity
4,1609,p2,2133,n-zoroark,1820,ogerpon-meganium-hydrapple
4,1610,p1,1374,dragapult-ex,2426,lopunny-dusknoir
4,1611,p2,1771,starmie-dusknoir,2664,crustle-dri
4,1612,p2,0421,n-zoroark,2575,basic-box-m
4,1613,p1,0769,alakazam-dudunsparce,2221,lillie-clefairy
4,1614,p1,1086,mega-lucario-ex,0419,mega-lucario-ex
4,1615,p2,0454,dragapult-ex,2467,rockets-honchkrow
4,1616,p1,1349,dragapult-ex,1719,other
4,1617,p2,0835,alakazam-dusknoir,2144,dragapult-blaziken
4,1618,p2,2779,alakazam-dudunsparce,0088,dragapult-blaziken
4,1619,p1,3034,mega-excadrill-ex,0166,rocket-mewtwo-ex
4,1620,p2,2485,basic-box-m,2257,mega-excadrill-ex
4,1621,p1,0592,dragapult-ex,2400,alakazam-dudunsparce
4,1622,p1,1848,froslass-munkidori,0387,basic-box-m
4,1623,p2,2189,n-zoroark,1606,dragapult-blaziken
4,1624,p2,3028,other,0649,lucario-hariyama
4,1625,p2,2047,dhelmise-pbl,2825,dhelmise-pbl
4,1626,p2,0545,sharpedo-toxtricity,0098,dragapult-ex
4,1627,p2,3115,cinccino-ex,2300,dragapult-ex
4,1628,p1,1868,ethan-typhlosion,0684,n-zoroark
4,1629,p2,1788,dragapult-dusknoir,1556,festival-lead
4,1630,tie,0811,lucario-hariyama,2645,rocket-mewtwo-ex
4,1631,tie,0410,dragapult-dusknoir,0601,dragapult-dusknoir
4,1632,p1,2998,dragapult-ex,2306,dragapult-blaziken
4,1633,p1,0925,slowking-scr,1611,dragapult-ex
4,1634,p2,1286,lopunny-dusknoir,1384,n-zoroark
4,1635,p2,2752,basic-box-m,0307,sharpedo-toxtricity
4,1636,p1,0218,dragapult-ex,2814,mega-excadrill-ex
4,1637,p2,0901,dragapult-blaziken,2117,dragapult-dusknoir
4,1638,p2,0315,dragapult-dusknoir,3000,ethan-typhlosion
4,1639,p1,1029,dragapult-blaziken,1059,dragapult-dusknoir
4,1640,tie,2318,dragapult-ex,1274,alakazam-dudunsparce
4,1641,p1,3012,alakazam-dudunsparce,0762,raging-bolt-ogerpon
4,1642,p1,2386,crustle-dri,2312,dragapult-dusknoir
4,1643,p2,1807,alakazam-dudunsparce,0278,dragapult-dusknoir
4,1644,tie,1982,dragapult-dusknoir,2984,alakazam-dudunsparce
4,1645,tie,0140,mega-starmie-ex,0039,dragapult-ex
4,1646,p2,3076,alakazam-dudunsparce,1877,lopunny-dusknoir
4,1647,p2,1204,crustle-dri,0386,dragapult-ex
4,1648,p1,2738,lopunny-dudunsparce,0252,lopunny-dusknoir
4,1649,p1,0026,slowking-scr,0651,grimmsnarl-froslass
4,1650,tie,1757,alakazam-dudunsparce,1369,lucario-hariyama
4,1651,tie,2662,lopunny-dudunsparce,2959,n-zoroark
4,1652,p1,2452,other,2612,dragapult-dusknoir
4,1653,tie,2570,n-zoroark,1883,basic-box-m
4,1654,p2,1482,other,0231,dragapult-ex
4,1655,p2,0211,dragapult-dusknoir,0348,festival-lead
4,1656,p1,0553,rockets-honchkrow,1714,mega-excadrill-ex
4,1657,p1,0930,rocket-mewtwo-ex,2313,ogerpon-meganium-hydrapple
4,1658,tie,2135,dragapult-ex,1451,n-zoroark
4,1659,tie,2790,n-zoroark,0124,alakazam-dudunsparce
4,1660,tie,0485,alakazam-dudunsparce,0755,alakazam-dudunsparce
4,1661,p1,0784,dragapult-blaziken,1876,rocket-mewtwo-ex
4,1662,tie,1389,dragapult-ex,0600,dragapult-dusknoir
4,1663,p2,0379,mega-excadrill-ex,2967,dragapult-ex
4,1664,p2,1362,?metagross,2510,rocket-mewtwo-ex
4,1665,p2,0022,rockets-honchkrow,0904,dhelmise-pbl
4,1666,p2,1408,rocket-mewtwo-ex,0164,rockets-honchkrow
4,1667,p1,0573,crustle-dri,2929,dragapult-ex
4,1668,tie,0570,hydreigon-ex,0869,crustle-dri
4,1669,p1,2691,slowking-scr,1882,alakazam-dudunsparce
4,1670,p1,1958,festival-lead,2334,dragapult-ex
4,1671,p2,2456,crustle-dri,1520,dragapult-dusknoir
4,1672,p1,0675,dragapult-dusknoir,0290,sharpedo-toxtricity
4,1673,tie,2431,crustle-dri,0635,basic-box-m
4,1674,p1,0599,dragapult-ex,0720,mega-lucario-ex
4,1675,tie,1380,dhelmise-pbl,0332,ogerpon-meganium-hydrapple
4,1676,p1,1701,dragapult-ex,2042,tera-box
4,1677,p1,2761,festival-lead,0954,mega-excadrill-ex
4,1678,p2,2337,mega-excadrill-ex,2716,ogerpon-meganium-hydrapple
4,1679,p2,2565,n-zoroark,1377,rockets-honchkrow
4,1680,p2,2103,ethan-typhlosion,1383,dragapult-ex
4,1681,p1,2520,ogerpon-meganium-hydrapple,1394,crustle-dri
4,1682,p2,3099,mega-absol-box,2127,basic-box-m
4,1683,tie,3120,crustle-dri,2295,festival-lead
4,1684,p2,0929,dragapult-dusknoir,0337,ogerpon-meganium-hydrapple
4,1685,p2,2710,crustle-dri,0658,greninja-ex
4,1686,p2,0445,dragapult-ex,0819,alakazam-dudunsparce
4,1687,p1,0405,dragapult-blaziken,2789,dragapult-ex
4,1688,p2,2049,lucario-hariyama,2061,slowking-scr
4,1689,p2,1415,dragapult-dusknoir,1079,slowking-scr
4,1690,p2,2999,dragapult-dusknoir,3106,alakazam-dudunsparce
4,1691,tie,1219,rockets-honchkrow,3119,mega-froslass-ex
4,1692,p2,0034,starmie-dusknoir,0754,hops-trevenant
4,1693,p1,2035,alakazam-dudunsparce,0355,mega-lucario-ex
4,1694,p1,2338,crustle-dri,2479,dragapult-blaziken
4,1695,p1,0076,basic-box-m,1618,rockets-honchkrow
4,1696,p1,2087,dragapult-blaziken,1024,alakazam-dudunsparce
4,1697,p1,2764,alakazam-dudunsparce,2506,sharpedo-toxtricity
4,1698,p1,2068,dragapult-ex,0946,cynthia-garchomp-ex
4,1699,p1,1549,mega-lucario-ex,0738,mega-lucario-ex
4,1700,p1,1560,dragapult-ex,0378,lucario-hariyama
4,1701,p1,1298,raging-bolt-ogerpon,2018,n-zoroark
4,1702,p2,2502,dragapult-ex,1407,dragapult-dusknoir
4,1703,p2,0434,dragapult-ex,2527,alakazam-dudunsparce
4,1704,p2,2090,starmie-froslass,3107,dragapult-ex
4,1705,p2,1110,mega-greninja-ex,0807,basic-box-m
4,1706,p2,0625,dragapult-ex,1638,dragapult-ex
4,1707,p2,1864,mega-greninja-ex,2732,dragapult-ex
4,1708,p1,0069,festival-lead,1661,crustle-dri
4,1709,p1,0245,dragapult-ex,1800,mega-manectric-ex-meg
4,1710,p1,2497,ogerpon-meganium-hydrapple,2104,dragapult-ex
4,1711,tie,1967,dragapult-ex,0588,sharpedo-toxtricity
4,1712,p2,0260,n-zoroark,2584,festival-lead
4,1713,p1,1146,kangaskhan-bouffalant,1194,dragapult-dudunsparce
4,1714,p2,1428,dragapult-dusknoir,1939,dragapult-dusknoir
4,1715,p1,0274,seaking-pre,0926,seaking-pre
4,1716,p1,0341,n-zoroark,1657,mega-starmie-ex
4,1717,p1,0822,sharpedo-toxtricity,1412,dragapult-dusknoir
4,1718,tie,1736,dragapult-ex,1181,n-zoroark
4,1719,p1,0324,n-zoroark,1707,sharpedo-toxtricity
4,1720,tie,0915,slowking-scr,0259,dragapult-ex
4,1721,p1,0782,dragapult-blaziken,0752,alakazam-meg
4,1722,p2,1235,lopunny-dudunsparce,0725,kangaskhan-bouffalant
4,1723,p2,2942,n-zoroark,2714,beedrill-ex-cri
4,1724,p2,0090,n-zoroark,3091,dragapult-dusknoir
4,1725,p2,1723,dragapult-ex,0032,alakazam-dusknoir
4,1726,p1,1154,flareon-noctowl,2322,basic-box-m
4,1727,p2,1656,dragapult-dusknoir,1303,basic-box-m
4,1728,p1,2951,mega-lucario-ex,1230,mega-venusaur-ex
4,1729,tie,1988,slowking-scr,1923,dragapult-ex
4,1730,p2,2945,diancie-dusknoir,1920,basic-box-m
4,1731,p2,1114,manectric-eelektrik,0425,slowking-scr
4,1732,p2,0724,dragapult-ex,0648,clefairy-ogerpon
4,1733,tie,0814,dragapult-ex,1185,crustle-dri
4,1734,tie,1272,dragapult-ex,1833,mega-excadrill-ex
4,1735,p1,1669,slowking-scr,2086,rockets-honchkrow
4,1736,p1,0536,alakazam-dusknoir,0722,crustle-dri
4,1737,p1,2052,n-zoroark,0206,alakazam-dusknoir
4,1738,p1,0333,basic-box-m,0512,alakazam-dudunsparce
4,1739,p1,1884,mega-lucario-ex,0498,dragapult-ex
4,1740,p2,1806,slowking-scr,0854,slowking-scr
4,1741,tie,0075,mega-venusaur-ex,0005,slowking-scr
4,1742,p1,0452,basic-box-m,1481,slowking-scr
4,1743,p2,2935,dhelmise-pbl,0234,n-zoroark
4,1744,p2,0958,mega-venusaur-ex,0275,dragapult-ex
4,1745,p1,0532,dragapult-ex,2251,sharpedo-toxtricity
4,1746,p2,2167,n-zoroark,0155,alakazam-dudunsparce
4,1747,p2,0992,ogerpon-meganium-hydrapple,0263,alakazam-dudunsparce
4,1748,p2,0873,dragapult-ex,0217,dhelmise-pbl
4,1749,p1,1813,ogerpon-meganium-hydrapple,1070,dragapult-ex
4,1750,tie,0389,dragapult-dusknoir,2571,n-zoroark
4,1751,p2,0504,slowking-scr,0383,slowking-scr
4,1752,p1,2568,mega-excadrill-ex,1447,dragapult-ex
4,1753,p2,1764,dragapult-dusknoir,0362,n-zoroark
4,1754,p2,0846,dragapult-dusknoir,1118,mega-lucario-ex
4,1755,p1,1583,dhelmise-pbl,0962,dragapult-blaziken
4,1756,tie,1845,slowking-scr,2971,seaking-pre
4,1757,p2,2593,dragapult-ex,2685,dragapult-dusknoir
4,1758,p1,0286,lucario-hariyama,0693,dragapult-dusknoir
4,1759,p1,0852,grimmsnarl-froslass,1348,alakazam-dudunsparce
4,1760,p2,2828,toucannon-pbl,1727,paldean-tauros-pfl
4,1761,p1,2169,ethan-typhlosion,2524,slowking-scr
4,1762,p1,1386,festival-lead,1312,rockets-honchkrow
4,1763,tie,1742,seaking-pre,2316,kangaskhan-bouffalant
4,1764,p1,1027,diancie-dusknoir,0533,ogerpon-meganium-hydrapple
4,1765,p2,0331,mega-excadrill-ex,1171,n-zoroark
4,1766,p1,1971,mega-excadrill-ex,2598,basic-box-m
4,1767,p1,0053,dragapult-ex,1430,basic-box-m
4,1768,p1,3122,dragapult-ex,0077,ogerpon-meganium-hydrapple
4,1769,p2,2254,hop-zacian,0186,mega-starmie-ex
4,1770,p2,2022,dragapult-ex,2196,?metagross
4,1771,p1,0182,alakazam-dudunsparce,0655,mega-excadrill-ex
4,1772,p1,2668,dragapult-ex,0175,dhelmise-pbl
4,1773,tie,1944,alakazam-dudunsparce,0073,dragapult-ex
4,1774,p2,0146,crustle-dri,2597,mega-chandelure-ex
4,1775,p2,2708,alakazam-dudunsparce,2211,toxtricity-box
4,1776,p2,0399,n-zoroark,2805,n-zoroark
4,1777,p2,3059,slowking-scr,2753,diancie-dusknoir
4,1778,p1,2827,n-zoroark,2647,dragapult-ex
4,1779,p1,2098,ogerpon-meganium,0207,n-zoroark
4,1780,p1,0309,toucannon-pbl,2463,toucannon-pbl
4,1781,p2,0041,slowking-scr,1904,rockets-honchkrow
4,1782,p1,1191,dragapult-ex,2289,dragapult-dusknoir
4,1783,p1,2152,dragapult-ex,0968,n-zoroark
4,1784,p1,2265,alakazam-dudunsparce,2330,slowking-scr
4,1785,p1,0227,dragapult-ex,1886,dragapult-dusknoir
4,1786,p2,1630,slowking-scr,2258,alakazam-dudunsparce
4,1787,p1,2681,ceruledge-ex,0659,alakazam-dudunsparce
4,1788,p1,0750,lillie-clefairy,1951,dhelmise-pbl
4,1789,p1,1738,n-zoroark,1256,dragapult-ex
4,1790,p2,1138,mega-excadrill-ex,2617,mega-absol-box
4,1791,p1,0314,dragapult-blaziken,3086,basic-box-m
4,1792,p2,0038,alakazam-dudunsparce,1903,dragapult-ex
4,1793,p1,0145,n-zoroark,2532,dragapult-ex
4,1794,p2,2078,alakazam-dudunsparce,2235,dragapult-dusknoir
4,1795,p2,2237,slowking-scr,3041,n-zoroark
4,1796,p1,1429,dragapult-dusknoir,1288,lopunny-dudunsparce
4,1797,tie,2496,rockets-honchkrow,2702,sharpedo-toxtricity
4,1798,p1,0839,dragapult-dusknoir,1039,hops-trevenant
4,1799,p2,1538,mega-excadrill-ex,2114,slowking-scr
4,1800,p1,0505,dragapult-ex,2624,lopunny-dudunsparce
4,1801,tie,1279,starmie-froslass,3118,dragapult-ex
4,1802,p2,0414,dragapult-ex,1799,crustle-dri
4,1803,p1,1784,toucannon-pbl,1197,dragapult-dusknoir
4,1804,p1,0790,ogerpon-meganium-hydrapple,3042,grimmsnarl-froslass
4,1805,p1,2962,dragapult-dusknoir,1959,dragapult-ex
4,1806,p1,0538,dhelmise-pbl,2038,festival-lead
4,1807,tie,2132,dragapult-blaziken,1532,blaziken-ex-jtg
4,1808,p1,1613,alakazam-dudunsparce,2404,mega-excadrill-ex
4,1809,p1,2345,tera-box,2500,manectric-eelektrik
4,1810,p1,2082,dragapult-ex,1564,alakazam-dudunsparce
4,1811,p2,1554,beedrill-ex-cri,0019,n-zoroark
4,1812,p1,0100,slowking-scr,2443,dhelmise-pbl
4,1813,p2,1530,dragapult-ex,1645,mega-excadrill-ex
4,1814,p1,2587,rockets-honchkrow,1791,mega-excadrill-ex
4,1815,p1,0887,dragapult-blaziken,0216,grimmsnarl-froslass
4,1816,p1,1930,zygarde-barbaracle,2175,rocket-mewtwo-ex
4,1817,tie,0689,dragapult-dusknoir,0993,dragapult-blaziken
4,1818,p2,0919,lucario-hariyama,0029,slowking-scr
4,1819,tie,0173,sharpedo-toxtricity,2515,beedrill-ex-cri
4,1820,p2,3055,n-zoroark,1856,crustle-dri
4,1821,p2,2754,slowking-scr,1887,ethan-typhlosion
4,1822,p1,3020,dragapult-dusknoir,0918,raging-bolt-ogerpon
4,1823,p1,1664,lucario-hariyama,1529,kangaskhan-bouffalant
4,1824,p2,0297,alakazam-dudunsparce,1044,dragapult-dusknoir
4,1825,p1,0401,dragapult-blaziken,1078,cinccino-ex
4,1826,p1,2329,alakazam-dudunsparce,1503,alakazam-dudunsparce
4,1827,p2,1458,alakazam-dudunsparce,1752,dragapult-ex
4,1828,p1,1221,basic-box-m,1074,ethan-typhlosion
4,1829,p1,0074,slowking-scr,1028,dragapult-ex
4,1830,p2,2008,basic-box-m,1517,mega-lucario-ex
4,1831,p2,0978,raging-bolt-ogerpon,1837,mega-greninja-ex
4,1832,p1,1516,basic-box-m,0473,n-zoroark
4,1833,p1,2846,slowking-scr,2229,alakazam-dudunsparce
4,1834,tie,1255,dragapult-ex,1121,mega-starmie-ex
4,1835,tie,1580,festival-lead,3047,dragapult-blaziken
4,1836,p2,2586,crustle-dri,2687,slowking-scr
4,1837,p1,2304,dragapult-ex,0775,alakazam-dusknoir
4,1838,p2,0458,lucario-hariyama,0170,hop-zacian
4,1839,p2,2605,mega-excadrill-ex,1470,dragapult-ex
4,1840,p1,2083,dragapult-ex,2387,other
4,1841,p1,0971,dragapult-ex,1431,rocket-mewtwo-ex
4,1842,tie,0103,dragapult-blaziken,1038,hops-trevenant
4,1843,p2,0564,mega-venusaur-ex,2499,alakazam-dudunsparce
4,1844,p1,1249,other,2079,alakazam-dudunsparce
4,1845,tie,1935,slowking-scr,1568,n-zoroark
4,1846,p1,0250,crustle-dri,1850,n-zoroark
4,1847,p2,1692,ceruledge-ex,2926,mega-excadrill-ex
4,1848,tie,1119,mega-excadrill-ex,0335,flareon-ex
4,1849,p2,0783,ogerpon-meganium-hydrapple,0757,mega-chandelure-ex
4,1850,p1,1461,lucario-hariyama,1283,cynthia-garchomp-ex
4,1851,p1,2301,n-zoroark,3018,beedrill-ex-cri
4,1852,tie,2281,grimmsnarl-froslass,2428,raging-bolt-ogerpon
4,1853,p2,0301,dragapult-ex,1665,dragapult-blaziken
4,1854,p1,1777,dragapult-ex,0528,alakazam-dudunsparce
4,1855,p1,0459,basic-box-m,2447,lucario-hariyama
4,1856,p2,1225,mega-excadrill-ex,3110,alakazam-dudunsparce
4,1857,p2,2176,n-zoroark,1575,dragapult-ex
4,1858,p2,0842,starmie-froslass,0730,grimmsnarl-froslass
4,1859,tie,0239,lopunny-dusknoir,1747,dragapult-ex
4,1860,p2,2822,grimmsnarl-froslass,0229,mega-excadrill-ex
4,1861,tie,2045,dragapult-blaziken,1294,mega-venusaur-ex
4,1862,p1,2648,mega-excadrill-ex,2674,mega-excadrill-ex
4,1863,p2,1870,slowking-scr,0352,dragapult-ex
4,1864,p1,0519,dragapult-dusknoir,0517,festival-lead
4,1865,p2,2326,alakazam-dudunsparce,3056,dragapult-ex
4,1866,p2,2801,lillie-clefairy,1722,alakazam-dudunsparce
4,1867,p2,2487,crustle-dri,0257,alakazam-dudunsparce
4,1868,p2,2542,crustle-dri,0838,mega-froslass-ex
4,1869,p1,0238,crustle-dri,0426,alakazam-dudunsparce
4,1870,p2,1996,ogerpon-meganium-hydrapple,0474,doublade-por
4,1871,p2,1425,cynthia-garchomp-ex,0729,dragapult-dusknoir
4,1872,tie,0664,slowking-scr,1543,toxtricity-brute-bonnet
4,1873,p1,2811,slowking-scr,1949,lucario-hariyama
4,1874,p2,2228,lucario-hariyama,2748,alakazam-dudunsparce
4,1875,p2,2837,dragapult-dusknoir,2141,n-zoroark
4,1876,p2,1569,dragapult-ex,0707,mega-excadrill-ex
4,1877,p1,0920,mega-excadrill-ex,2507,mega-excadrill-ex
4,1878,p1,3025,dragapult-dusknoir,0433,rockets-honchkrow
4,1879,tie,2993,slowking-scr,2981,cynthia-garchomp-ex
4,1880,p1,1462,alakazam-dusknoir,2921,dragapult-dusknoir
4,1881,p1,1011,crustle-dri,0343,dragapult-blaziken
4,1882,p2,2421,ethan-typhlosion,2012,dhelmise-pbl
4,1883,p1,0330,n-zoroark,0987,dragapult-ex
4,1884,p2,1267,dragapult-dusknoir,1385,dragapult-dusknoir
4,1885,p1,0237,alakazam-dusknoir,1432,dragapult-dusknoir
4,1886,p2,1826,crustle-dri,2743,basic-box-m
4,1887,p2,1319,dragapult-dusknoir,1104,crustle-dri
4,1888,p1,1521,dragapult-ex,0226,dragapult-ex
4,1889,p2,0129,slowking-scr,0970,basic-box-m
4,1890,p1,2755,dragapult-ex,1539,dragapult-blaziken
4,1891,p1,2656,alakazam-dudunsparce,2697,n-zoroark
4,1892,p2,1644,crustle-dri,1985,dragapult-dusknoir
4,1893,p1,2871,n-zoroark,0727,festival-lead
4,1894,p2,1306,alakazam-dusknoir,3116,festival-lead
4,1895,p2,2021,lucario-hariyama,2244,dragapult-blaziken
4,1896,tie,2791,dragapult-ex,1660,dragapult-ex
4,1897,p1,1372,kangaskhan-bouffalant,2900,sharpedo-toxtricity
4,1898,p1,1681,festival-lead,0507,crustle-dri
4,1899,p1,3021,crustle-dri,1056,alakazam-dudunsparce
4,1900,p2,0975,raging-bolt-ogerpon,0373,dragapult-ex
4,1901,p2,1857,ogerpon-meganium-hydrapple,1244,alakazam-dudunsparce
4,1902,p2,1574,grimmsnarl-froslass,2889,cynthia-garchomp-ex
4,1903,p1,1301,n-zoroark,2374,mega-excadrill-ex
4,1904,p1,0936,festival-lead,1092,mega-greninja-ex
4,1905,p2,2033,basic-box-m,0639,mega-venusaur-ex
4,1906,tie,0327,crustle-dri,1922,rocket-mewtwo-ex
4,1907,p1,1779,dhelmise-pbl,3013,rockets-honchkrow
4,1908,p2,1459,alakazam-dudunsparce,1101,dragapult-ex
4,1909,p1,1945,dragapult-ex,0563,dragapult-dusknoir
4,1910,p1,2143,dragapult-dudunsparce,3089,n-zoroark
4,1911,tie,1531,dhelmise-pbl,3039,sharpedo-toxtricity
4,1912,tie,2266,mega-excadrill-ex,2793,other
4,1913,p2,2517,mega-venusaur-ex,2603,dragapult-ex
4,1914,p1,1814,dragapult-dusknoir,2001,rockets-honchkrow
4,1915,p1,0933,lucario-hariyama,1220,other
4,1916,p1,1547,dragapult-ex,1366,sharpedo-toxtricity
4,1917,p2,0916,mega-greninja-ex,2025,ogerpon-meganium-hydrapple
4,1918,p2,0629,raging-bolt-ogerpon,1406,mega-excadrill-ex
4,1919,p2,0910,mega-chandelure-ex,2650,cynthia-garchomp-ex
4,1920,p1,3087,zygarde-barbaracle,1228,decidueye-ex
4,1921,tie,2559,yanmega-ex,0697,slowking-scr
4,1922,p2,1684,archaludon-ex,1446,ethan-typhlosion
4,1923,tie,0716,alakazam-dudunsparce,3062,rockets-honchkrow
4,1924,p1,0292,dragapult-dusknoir,2979,beedrill-ex-cri
4,1925,p2,2482,festival-lead,1159,dragapult-dusknoir
4,1926,p1,1168,dhelmise-pbl,0572,dragapult-blaziken
4,1927,tie,0115,grimmsnarl-froslass,2839,starmie-froslass
4,1928,p1,0125,n-zoroark,1957,n-zoroark
4,1929,p2,0007,dragapult-ex,2311,dragapult-blaziken
4,1930,p1,2511,festival-lead,0089,mega-abomasnow-ex
4,1931,p1,2130,toxtricity-box,1591,?metagross
4,1932,p1,2504,mega-lucario-ex,2267,ogerpon-meganium-hydrapple
4,1933,p2,0641,rocket-mewtwo-ex,1976,mega-venusaur-ex
4,1934,p1,0709,raging-bolt-ogerpon,0834,other
4,1935,p2,0183,lopunny-dudunsparce,2891,dragapult-dusknoir
4,1936,p2,2653,ethan-typhlosion,1156,clefairy-ogerpon
4,1937,p1,2786,ogerpon-meganium-hydrapple,1905,rocket-mewtwo-ex
4,1938,p1,2096,alakazam-dudunsparce,1760,mega-excadrill-ex
4,1939,tie,0268,dragapult-ex,2558,rockets-honchkrow
4,1940,tie,0828,mega-feraligatr-ex,0682,mega-greninja-ex
4,1941,p1,1963,alakazam-dudunsparce,1449,dragapult-blaziken
4,1942,p1,1488,basic-box-m,0269,mega-excadrill-ex
4,1943,p2,0526,starmie-froslass,2101,dragapult-dusknoir
4,1944,p2,1699,alakazam-dusknoir,0937,dragapult-ex
4,1945,p2,0370,dragapult-ex,2414,basic-box-m
4,1946,p2,0361,slowking-scr,0964,dragapult-ex
4,1947,tie,1295,ceruledge-ex,2580,raging-bolt-ogerpon
4,1948,p2,1859,mega-darkrai-ex,3067,dragapult-ex
4,1949,p2,1148,mega-chandelure-ex,1238,mega-excadrill-ex
4,1950,p2,2652,dhelmise-pbl,1598,mega-excadrill-ex
4,1951,p2,0760,ethan-typhlosion,1345,basic-box-m
4,1952,p1,1693,n-zoroark,3121,dragapult-ex
4,1953,p1,2066,alakazam-dudunsparce,2445,basic-box-m
4,1954,p2,2563,alakazam-dusknoir,0560,dragapult-dusknoir
4,1955,p2,0515,dragapult-dusknoir,2210,dragapult-dusknoir
4,1956,p2,0947,dragapult-ex,2561,dragapult-blaziken
4,1957,p2,1247,festival-lead,2410,doublade-por
4,1958,p1,2461,ethan-typhlosion,2039,ethan-typhlosion
4,1959,p2,1134,dudunsparce-control,2056,mega-excadrill-ex
4,1960,p1,0476,grimmsnarl-froslass,3079,dragapult-blaziken
4,1961,p2,2796,n-zoroark,1045,ethan-typhlosion
4,1962,p2,2990,basic-box-m,1253,mega-excadrill-ex
4,1963,p1,1335,n-zoroark,0339,n-zoroark
4,1964,p2,1326,rocket-mewtwo-ex,1129,dragapult-dusknoir
4,1965,p2,3077,other,2232,dragapult-ex
4,1966,tie,1790,dragapult-dusknoir,0555,n-zoroark
4,1967,p1,0581,beedrill-ex-cri,2634,mega-lucario-ex
4,1968,p2,3008,basic-box-m,0638,ogerpon-meganium-hydrapple
4,1969,p1,2393,alakazam-dudunsparce,0614,slowking-scr
4,1970,p1,2424,dragapult-ex,1140,doublade-por
4,1971,p1,2324,festival-lead,1018,n-zoroark
4,1972,tie,3045,kangaskhan-bouffalant,1786,dragapult-ex
4,1973,p2,1414,slowking-scr,2336,dragapult-ex
4,1974,p1,1085,n-zoroark,2010,manectric-eelektrik
4,1975,p1,1333,manectric-eelektrik,2676,cinccino-ex
4,1976,p2,0068,beedrill-ex-cri,1409,alakazam-dudunsparce
4,1977,p2,0495,mega-excadrill-ex,1236,alakazam-dudunsparce
4,1978,p2,2739,mega-excadrill-ex,2678,ceruledge-ex
4,1979,p2,1006,ceruledge-ex,2893,dragapult-dusknoir
4,1980,tie,0157,hydreigon-ex,2197,dragapult-blaziken
4,1981,p2,1861,mega-abomasnow-ex,1166,sharpedo-toxtricity
5,501,p2,1712,?,0270,dragapult-dusknoir
5,502,tie,1005,alakazam-dudunsparce,1404,n-zoroark
5,503,tie,1314,dragapult-ex,0017,dragapult-ex
5,504,tie,1060,mega-excadrill-ex,0511,n-zoroark
5,505,p1,3080,mega-venusaur-ex,1586,slowking-scr
5,506,p1,2331,dragapult-ex,1456,slowking-scr
5,507,p2,0271,dragapult-ex,2977,basic-box-m
5,508,p2,1847,grimmsnarl-froslass,2216,basic-box-m
5,509,p1,2280,seaking-pre,2109,rockets-honchkrow
5,510,p1,2722,slowking-scr,2413,crustle-dri
5,511,p2,2335,festival-lead,0518,crustle-dri
5,512,p1,1567,dragapult-ex,2168,starmie-dusknoir
5,513,p2,2156,dragapult-ex,1758,lucario-hariyama
5,514,p2,1926,mega-absol-box,1658,alakazam-dusknoir
5,515,tie,1400,dragapult-dusknoir,1325,dragapult-ex
5,516,p1,0676,alakazam-dudunsparce,2771,alakazam-dudunsparce
5,517,p2,0596,dragapult-dusknoir,0758,n-zoroark
5,518,p2,1184,dragapult-ex,0610,dragapult-ex
5,519,p2,2667,mega-lucario-ex,2836,mega-excadrill-ex
5,520,tie,0787,dragapult-ex,0497,dragapult-ex
5,521,p1,0435,dragapult-ex,2437,dragapult-blaziken
5,522,p2,2275,mega-excadrill-ex,2455,dragapult-ex
5,523,p1,2589,slowking-scr,1390,lucario-hariyama
5,524,p2,2242,alakazam-dusknoir,1509,cynthia-garchomp-ex
5,525,p2,0702,n-zoroark,0321,alakazam-dudunsparce
5,526,p1,0043,cynthia-garchomp-ex,1555,dragapult-blaziken
5,527,p1,1169,dragapult-ex,1772,dragapult-ex
5,528,p1,2450,dragapult-dusknoir,1025,festival-lead
5,529,tie,2639,dragapult-ex,2718,basic-box-m
5,530,tie,1592,dragapult-ex,0831,dragapult-ex
5,531,tie,1040,dragapult-ex,1324,dragapult-ex
5,532,p2,2262,crustle-dri,2224,crustle-dri
5,533,p2,2654,dragapult-dusknoir,2853,n-zoroark
5,534,p2,1934,slowking-scr,1397,raging-bolt-ogerpon
5,535,p2,0966,dragapult-ex,0679,dragapult-ex
5,536,p2,0423,n-zoroark,1709,dragapult-dusknoir
5,537,p1,0143,basic-box-m,1588,dragapult-ex
5,538,p1,0872,alakazam-dusknoir,1472,slowking-scr
5,539,p2,0205,lucario-hariyama,0013,dragapult-ex
5,540,p1,1746,crustle-dri,0768,dragapult-ex
5,541,p1,1652,dragapult-blaziken,2105,basic-box-m
5,542,p1,2046,dragapult-ex,1662,dragapult-dudunsparce
5,543,tie,2819,mega-greninja-ex,2838,n-zoroark
5,544,p2,0057,dragapult-ex,1246,dhelmise-pbl
5,545,p2,0249,basic-box-m,1952,slowking-scr
5,546,tie,0298,n-zoroark,0810,dragapult-dusknoir
5,547,p1,2540,lucario-hariyama,1315,grimmsnarl-froslass
5,548,p1,0695,dragapult-ex,0791,ogerpon-meganium-hydrapple
5,549,p2,1794,kangaskhan-bouffalant,0105,slowking-scr
5,550,p2,1839,n-zoroark,1629,dragapult-ex
5,551,p2,1724,dragapult-ex,0420,dragapult-dusknoir
5,552,p2,1302,mega-excadrill-ex,0063,lucario-hariyama
5,553,p1,3052,basic-box-m,1898,dhelmise-pbl
5,554,p2,0282,mega-excadrill-ex,2363,festival-lead
5,555,p2,0111,dragapult-blaziken,1700,n-zoroark
5,556,p2,0600,dragapult-dusknoir,0112,dragapult-dusknoir
5,558,p1,0116,alakazam-dudunsparce,2028,mega-excadrill-ex
5,559,p2,0226,dragapult-ex,0117,kangaskhan-bouffalant
5,560,p2,0119,ogerpon-meganium-hydrapple,1446,ethan-typhlosion
5,561,p2,0122,grimmsnarl-froslass,2685,dragapult-dusknoir
5,562,p1,0123,dragapult-ex,0135,n-zoroark
5,563,p2,2232,dragapult-ex,0126,lopunny-dusknoir
5,564,p2,0128,dragapult-ex,2178,dragapult-dusknoir
5,565,p2,2846,slowking-scr,0130,dragapult-ex
5,566,p2,2484,n-zoroark,2094,sharpedo-toxtricity
5,567,p1,0134,alakazam-dudunsparce,0688,n-zoroark
5,568,p2,0602,dragapult-ex,1155,alakazam-dudunsparce
5,569,p2,0567,dragapult-ex,3109,dragapult-ex
5,570,p1,1296,n-zoroark,1091,dragapult-ex
5,571,tie,2024,basic-box-m,0620,rockets-honchkrow
5,572,p1,1444,dragapult-ex,0443,dragapult-ex
5,573,p2,3093,dragapult-ex,1834,dragapult-ex
5,574,p2,2724,n-zoroark,1354,crustle-dri
5,575,p1,1628,n-zoroark,0681,dragapult-dusknoir
5,576,tie,0241,rockets-honchkrow,0884,dragapult-ex
5,577,p2,2614,dhelmise-pbl,1999,festival-lead
5,578,p1,1888,cynthia-garchomp-ex,1536,alakazam-dudunsparce
5,579,p1,1199,alakazam-dudunsparce,2976,slowking-scr
5,580,p1,2859,dragapult-ex,1064,dragapult-blaziken
5,581,p2,2494,dragapult-ex,0582,dragapult-ex
5,582,p1,1457,dragapult-ex,0718,festival-lead
5,583,p2,0114,basic-box-m,1537,mega-excadrill-ex
5,584,p1,2401,dragapult-ex,0591,n-zoroark
5,585,p1,2509,dragapult-dusknoir,0293,grimmsnarl-froslass
5,586,p1,2688,basic-box-m,2027,rockets-honchkrow
5,587,p2,1139,festival-lead,0054,slowking-scr
5,588,p1,0535,crustle-dri,1149,basic-box-m
5,589,p2,0833,sharpedo-toxtricity,1956,basic-box-m
5,590,p1,1330,dragapult-ex,1871,mega-excadrill-ex
5,591,tie,1751,mega-excadrill-ex,2370,dragapult-ex
5,592,p2,0674,dragapult-ex,1562,crustle-dri
5,593,p1,2795,alakazam-dudunsparce,2623,rockets-honchkrow
5,594,p2,1099,dragapult-dusknoir,1689,basic-box-m
5,595,p2,2985,dragapult-ex,1735,sharpedo-toxtricity
5,596,p1,1339,dragapult-ex,2375,n-zoroark
5,597,p2,0220,slowking-scr,1846,n-zoroark
5,598,p1,0945,dragapult-ex,2186,dragapult-ex
5,599,p1,2373,dragapult-dusknoir,0990,dragapult-dusknoir
5,600,p1,0202,crustle-dri,2879,crustle-dri
5,601,p1,0894,dragapult-blaziken,2689,alakazam-dudunsparce
5,602,p2,1058,n-zoroark,1308,dragapult-ex
5,603,tie,2944,dragapult-ex,0153,dragapult-ex
5,605,tie,0595,dragapult-ex,0209,dragapult-blaziken
5,606,p2,1175,basic-box-m,2355,alakazam-dudunsparce
5,607,p1,1341,dragapult-ex,2384,basic-box-m
5,608,p1,3078,rocket-mewtwo-ex,2256,alakazam-dusknoir
5,609,p1,1152,crustle-dri,0172,kangaskhan-bouffalant
5,610,p2,0189,ogerpon-meganium-hydrapple,0578,crustle-dri
5,611,p1,0577,mega-excadrill-ex,2973,dragapult-dusknoir
5,612,p1,0408,dragapult-ex,1862,dragapult-ex
5,613,p2,0437,mega-chandelure-ex,1263,lopunny-dudunsparce
5,614,tie,2709,dragapult-dusknoir,2138,n-zoroark
5,615,p1,2856,sharpedo-toxtricity,1227,dragapult-ex
5,616,p2,2625,mega-excadrill-ex,2396,n-zoroark
5,617,p2,1943,lucario-hariyama,2415,dragapult-ex
5,618,p2,1924,basic-box-m,0979,dragapult-blaziken
5,619,tie,0486,dragapult-ex,0417,dragapult-blaziken
5,620,tie,2053,other,2029,n-zoroark
5,621,p1,2881,slowking-scr,2518,alakazam-dudunsparce
5,622,tie,1498,festival-lead,2763,mega-excadrill-ex
5,623,p1,1990,dragapult-ex,2693,sinistcha-ogerpon
5,624,p2,1004,dragapult-froslass,2878,dhelmise-pbl
5,625,p1,2131,dragapult-ex,0773,dragapult-ex
5,626,p1,2011,n-zoroark,2943,dragapult-blaziken
5,627,p1,1783,dragapult-blaziken,1617,festival-lead
5,628,p1,3075,slowking-scr,2727,slowking-scr
5,629,p1,0780,n-zoroark,2320,alakazam-dudunsparce
5,630,p2,1535,cynthia-garchomp-ex,0181,dragapult-ex
5,631,p1,2112,dragapult-ex,1108,crustle-dri
5,632,p1,2522,dhelmise-pbl,0291,crustle-dri
5,633,p1,2225,dhelmise-pbl,0963,dragapult-ex
5,634,p2,0882,dragapult-ex,0911,basic-box-m
5,635,p1,1418,mega-excadrill-ex,2675,lucario-hariyama
5,636,p1,2198,dragapult-ex,0923,dragapult-dusknoir
5,637,p1,0808,dragapult-ex,1950,dragapult-ex
5,638,p1,2137,basic-box-m,2457,mega-excadrill-ex
5,639,p1,2243,dragapult-ex,3044,grimmsnarl-froslass
5,640,p1,0360,crustle-dri,0892,sharpedo-toxtricity
5,641,p1,0010,n-zoroark,1122,basic-box-m
5,642,p2,1942,lucario-hariyama,0746,slowking-scr
5,643,p2,2925,basic-box-m,2599,dragapult-ex
5,644,p1,0142,dragapult-ex,0652,grimmsnarl-froslass
5,645,p2,1969,dragapult-dusknoir,0478,n-zoroark
5,646,p1,1641,basic-box-m,2444,dragapult-ex
5,647,tie,2009,dragapult-ex,0094,n-zoroark
5,648,tie,0913,lucario-hariyama,2498,dragapult-ex
5,649,p2,1708,greninja-ex,1805,dragapult-ex
5,650,p2,1165,slowking-scr,1229,dragapult-blaziken
5,651,p2,2231,basic-box-m,2358,n-zoroark
5,652,p1,2228,lucario-hariyama,0303,beedrill-ex-cri
5,653,tie,2778,toucannon-pbl,0305,mega-greninja-ex
5,654,p2,0106,ogerpon-meganium-hydrapple,1686,toxtricity-box
5,655,p2,1880,alakazam-dudunsparce,2328,dragapult-ex
5,656,p1,2759,ogerpon-meganium-hydrapple,1170,slowking-scr
5,657,p2,0853,slowking-scr,1068,alakazam-dusknoir
5,658,tie,0976,alakazam-dusknoir,2512,alakazam-dudunsparce
5,659,p2,0151,dragapult-ex,1616,mega-excadrill-ex
5,660,p2,0028,dragapult-ex,1344,festival-lead
5,661,p1,0366,sharpedo-toxtricity,2550,mega-excadrill-ex
5,662,p2,2470,dhelmise-pbl,1706,dragapult-blaziken
5,663,p1,2325,dragapult-ex,0713,ethan-typhlosion
5,664,p1,1375,basic-box-m,0050,mega-excadrill-ex
5,665,p2,1125,n-zoroark,2217,lucario-hariyama
5,666,p2,1419,dragapult-dusknoir,1615,sharpedo-toxtricity
5,667,p1,2004,slowking-scr,0009,basic-box-m
5,668,p1,1968,crustle-dri,1704,basic-box-m
5,669,p1,1603,lopunny-dusknoir,1037,dragapult-blaziken
5,670,p1,2380,dragapult-dusknoir,0523,alakazam-dusknoir
5,671,p2,1523,basic-box-m,1469,crustle-dri
5,672,tie,0816,dragapult-ex,0710,lucario-hariyama
5,673,p1,3005,greninja-ex,0890,dragapult-ex
5,674,p1,2851,dragapult-ex,0668,dragapult-ex
5,675,p2,0634,alakazam-dudunsparce,2872,n-zoroark
5,676,p1,1651,dragapult-ex,1281,dragapult-ex
5,677,p1,1946,dragapult-ex,0047,dragapult-dudunsparce
5,678,p2,1323,lucario-hariyama,2115,dragapult-blaziken
5,679,p2,2513,slowking-scr,1854,kangaskhan-bouffalant
5,680,p1,1192,basic-box-m,1992,dragapult-ex
5,681,p2,1527,alakazam-dudunsparce,1096,dragapult-ex
5,682,p2,3007,slowking-scr,2686,ogerpon-meganium
5,683,p2,1858,dragapult-dusknoir,2751,greninja-ex
5,684,p1,1900,dragapult-ex,1838,n-zoroark
5,685,p2,1209,raging-bolt-ogerpon,2596,mega-excadrill-ex
5,686,p1,1480,dhelmise-pbl,2560,n-zoroark
5,687,p1,0338,n-zoroark,0698,dhelmise-pbl
5,688,p1,2978,n-zoroark,2342,slowking-scr
5,689,p1,1705,grimmsnarl-froslass,2124,lucario-hariyama
5,690,p1,2476,mega-excadrill-ex,0213,crustle-dri
5,691,p2,0244,lucario-hariyama,0569,basic-box-m
5,692,p2,3085,alakazam-dudunsparce,2285,dragapult-ex
5,693,tie,1013,crustle-dri,1626,ogerpon-meganium-hydrapple
5,694,tie,1222,mega-excadrill-ex,0184,n-zoroark
5,695,p1,1342,cinccino-ex,2582,alakazam-dudunsparce
5,696,p2,0156,dragapult-ex,0865,lucario-hariyama
5,697,p1,1494,slowking-scr,0353,dragapult-ex
5,698,p1,2015,festival-lead,0176,starmie-dusknoir
5,699,p1,2446,lopunny-dudunsparce,1810,crustle-dri
5,700,p2,2600,crustle-dri,1270,mega-excadrill-ex
5,701,p1,2621,slowking-scr,1117,dragapult-ex
5,702,p2,2233,n-zoroark,2412,starmie-dusknoir
5,703,p1,1534,marnie-grimmsnarl-ex,1561,dragapult-ex
5,704,p1,2307,dragapult-dusknoir,0774,alakazam-dusknoir
5,705,p1,2949,mega-excadrill-ex,1781,crustle-dri
5,706,p2,0402,crustle-dri,0071,rockets-honchkrow
5,707,tie,0319,basic-box-m,0527,dragapult-ex
5,708,p1,2988,dragapult-ex,1271,dragapult-dusknoir
5,709,p2,1402,dragapult-ex,2909,dragapult-ex
5,710,tie,1558,slowking-scr,0468,basic-box-m
5,711,p2,0070,basic-box-m,0743,dragapult-ex
5,712,p1,2865,dragapult-dusknoir,0427,lucario-hariyama
5,713,p2,0240,seaking-pre,2963,mega-excadrill-ex
5,714,p1,2145,dragapult-dusknoir,0471,seaking-pre
5,715,p2,1668,dragapult-ex,1322,slowking-scr
5,716,p1,0500,basic-box-m,0277,basic-box-m
5,717,p1,0977,n-zoroark,1179,dragapult-dusknoir
5,718,p1,0877,festival-lead,0574,n-zoroark
5,719,p2,2491,dragapult-ex,0136,dragapult-ex
5,720,tie,1164,dragapult-dusknoir,0374,crustle-dri
5,721,p1,3103,dragapult-ex,1421,dragapult-ex
5,722,p1,1088,beedrill-ex-cri,3040,dragapult-ex
5,723,p1,2253,crustle-dri,0099,n-zoroark
5,724,p2,3074,lopunny-dusknoir,0732,dhelmise-pbl
5,725,p2,2119,dragapult-ex,1232,dhelmise-pbl
5,726,p1,1008,dragapult-blaziken,0604,dragapult-blaziken
5,727,tie,2234,dhelmise-pbl,3064,starmie-froslass
5,728,p2,2896,dragapult-blaziken,0924,dragapult-ex
5,729,p2,2399,slowking-scr,2303,rocket-mewtwo-ex
5,730,p2,1226,dragapult-dusknoir,2346,slowking-scr
5,731,p2,0516,grimmsnarl-froslass,2569,dragapult-blaziken
5,732,p1,2230,seaking-pre,0371,dragapult-dusknoir
5,733,p1,1625,dragapult-blaziken,2574,lopunny-dudunsparce
5,734,p2,0340,palafin-ex,3105,dragapult-dusknoir
5,735,p2,1610,slowking-scr,1596,crustle-dri
5,736,p2,1077,alakazam-dusknoir,2430,dragapult-dusknoir
5,737,p2,2608,dragapult-blaziken,1792,slowking-scr
5,738,p2,1518,festival-lead,2247,dragapult-ex
5,739,p2,1891,dragapult-blaziken,2314,dragapult-ex
5,740,p2,1872,tera-box,2060,festival-lead
5,741,tie,0537,cynthia-garchomp-ex,1016,dragapult-dudunsparce
5,742,p1,2199,dragapult-ex,0541,dragapult-dusknoir
5,743,p1,0821,slowking-scr,2700,dhelmise-pbl
5,744,p2,1789,n-zoroark,2181,mega-excadrill-ex
5,745,p1,2834,basic-box-m,2858,slowking-scr
5,746,tie,0559,diancie-dusknoir,0228,basic-box-m
5,747,p2,1468,dragapult-ex,0534,dragapult-dusknoir
5,748,p1,0618,n-zoroark,1448,dragapult-dusknoir
5,749,p2,2031,slowking-scr,2121,alakazam-dudunsparce
5,750,p1,0479,dragapult-dusknoir,0255,crustle-dri
5,751,p1,2368,grimmsnarl-froslass,0759,dragapult-dusknoir
5,752,p2,0665,dragapult-ex,0942,lucario-hariyama
5,753,p2,2299,crustle-dri,1740,slowking-scr
5,754,p2,0224,dragapult-ex,0165,basic-box-m
5,755,p2,2260,dragapult-ex,1393,dragapult-ex
5,756,p2,2870,dragapult-dusknoir,2354,dragapult-blaziken
5,757,p1,0079,slowking-scr,0644,lopunny-dusknoir
5,758,p2,2146,dragapult-ex,2040,ogerpon-meganium-arboliva
5,759,p2,2170,dragapult-blaziken,3073,mega-venusaur-ex
5,760,p1,1720,festival-lead,1620,other
5,761,p1,2118,crustle-dri,1054,dragapult-ex
5,762,p1,1513,basic-box-m,0110,dragapult-blaziken
5,763,p1,0055,n-zoroark,0375,dragapult-ex
5,764,p2,0248,basic-box-m,2772,dragapult-ex
5,765,p1,2432,mega-excadrill-ex,0734,mega-excadrill-ex
5,766,p2,2867,lopunny-dudunsparce,0706,dragapult-blaziken
5,767,p2,1163,crustle-dri,0243,dragapult-ex
5,768,p2,1878,rocket-spidops,0868,dragapult-ex
5,769,p2,2308,dhelmise-pbl,2553,festival-lead
5,770,tie,0562,basic-box-m,0514,dragapult-ex
5,771,p2,2177,dragapult-dusknoir,1177,lucario-hariyama
5,772,tie,1282,n-zoroark,1132,slowking-scr
5,773,p2,1763,dragapult-blaziken,1478,dragapult-dusknoir
5,774,tie,2057,festival-lead,2429,dragapult-ex
5,775,p1,0162,dragapult-ex,2903,dragapult-dudunsparce
5,776,p2,1251,sharpedo-toxtricity,0876,basic-box-m
5,777,p2,2465,dragapult-ex,2200,alakazam-dusknoir
5,778,p1,1320,basic-box-m,1909,lillie-clefairy
5,779,p1,2136,festival-lead,1896,dragapult-dusknoir
5,780,p1,1015,manectric-eelektrik,1522,basic-box-m
5,781,p1,2385,crustle-dri,3017,alakazam-dudunsparce
5,782,tie,3111,dragapult-ex,1200,festival-lead
5,783,p1,2427,dragapult-ex,2982,dhelmise-pbl
5,784,tie,1614,dragapult-blaziken,0999,dragapult-ex
5,785,p1,2433,lucario-hariyama,1234,basic-box-m
5,786,p2,0550,n-zoroark,0092,raging-bolt-ogerpon
5,787,p2,1683,raging-bolt-ogerpon,1932,dragapult-dusknoir
5,788,p2,0150,dragapult-dusknoir,2248,n-zoroark
5,789,tie,0391,festival-lead,1233,rocket-mewtwo-ex
5,790,p2,3027,n-zoroark,2150,dragapult-dusknoir
5,791,p1,1352,mega-excadrill-ex,1356,alakazam-dusknoir
5,792,tie,0258,dragapult-ex,2195,dragapult-dusknoir
5,793,p2,2830,slowking-scr,1579,mega-starmie-ex
5,794,p2,2931,dragapult-ex,2573,n-zoroark
5,795,p2,0158,lucario-hariyama,2643,ogerpon-meganium-hydrapple
5,796,p1,0856,basic-box-m,1964,mega-charizard-x-ex
5,797,p2,1399,dragapult-blaziken,1201,dragapult-blaziken
5,798,p1,0508,n-zoroark,1966,lopunny-dusknoir
5,799,p2,0251,crustle-dri,3092,rockets-honchkrow
5,800,p1,2629,n-zoroark,2782,crustle-dri
5,801,p1,1811,n-zoroark,0392,dragapult-dusknoir
5,802,p1,0407,basic-box-m,0703,dragapult-dusknoir
5,803,tie,3036,dragapult-ex,0385,dragapult-ex
5,804,p1,0204,n-zoroark,2003,slowking-scr
5,805,p1,2081,dragapult-ex,1948,mega-excadrill-ex
5,806,tie,1748,dragapult-dusknoir,0903,rocket-spidops
5,807,p2,1034,dragapult-ex,2616,alakazam-dudunsparce
5,808,p2,1411,n-zoroark,1334,ceruledge-ex
5,809,p1,1519,dragapult-blaziken,2160,dragapult-ex
5,810,p2,2394,festival-lead,2757,dragapult-ex
5,811,p1,1965,dhelmise-pbl,1435,dragapult-ex
5,812,p1,1889,dragapult-dusknoir,1849,ogerpon-meganium-hydrapple
5,813,p2,0686,n-zoroark,0632,slowking-scr
5,814,p2,2996,starmie-froslass,2585,rockets-honchkrow
5,815,p1,0801,ogerpon-meganium-hydrapple,0457,dragapult-ex
5,816,p1,2719,slowking-scr,0455,mega-excadrill-ex
5,817,p2,1824,alakazam-dudunsparce,1874,dragapult-ex
5,818,p2,1218,dragapult-ex,2958,basic-box-m
5,819,tie,0633,slowking-scr,1438,slowking-scr
5,820,p2,1995,alakazam-dudunsparce,1962,dragapult-ex
5,821,p2,0397,dragapult-blaziken,0700,lopunny-dusknoir
5,822,p2,0827,dragapult-dusknoir,0107,dragapult-dusknoir
5,823,p1,0981,clefairy-ogerpon,2403,dragapult-blaziken
5,824,p2,0986,dragapult-ex,1553,crustle-dri
5,825,p1,2809,basic-box-m,1069,dragapult-ex
5,826,p2,2611,dragapult-ex,1042,dragapult-ex
5,827,tie,0938,n-zoroark,1715,crustle-dri
5,828,p2,0548,dragapult-ex,1202,lopunny-dusknoir
5,829,p2,2541,dhelmise-pbl,0320,crustle-dri
5,830,tie,0891,n-zoroark,2604,slowking-scr
5,831,p1,2910,raging-bolt-ogerpon,2298,lucario-hariyama
5,832,p2,1931,crustle-dri,2666,slowking-scr
5,833,p2,2818,mega-excadrill-ex,1392,mega-excadrill-ex
5,834,p2,0886,mega-lucario-ex,1987,dragapult-ex
5,835,p2,2770,dragapult-ex,2737,dhelmise-pbl
5,836,p1,1237,clefairy-ogerpon,1819,dragapult-ex
5,837,tie,1970,dragapult-ex,1299,slowking-scr
5,838,p2,2359,n-zoroark,2269,crustle-dri
5,839,p2,1938,dragapult-blaziken,2323,sharpedo-toxtricity
5,840,p1,0467,mega-excadrill-ex,0583,mega-excadrill-ex
5,841,p2,2360,dragapult-blaziken,1648,dragapult-blaziken
5,842,p2,2111,crustle-dri,1828,sharpedo-toxtricity
5,843,p1,0525,crustle-dri,2533,dragapult-ex
5,844,p2,2062,lopunny-dusknoir,1671,dhelmise-pbl
5,845,p1,2395,slowking-scr,0855,rockets-honchkrow
5,846,p2,0799,dhelmise-pbl,2020,dragapult-ex
5,847,p1,0851,mega-excadrill-ex,3057,lopunny-dudunsparce
5,848,p1,1667,rockets-honchkrow,2932,mega-excadrill-ex
5,849,p2,2692,slowking-scr,1046,alakazam-dusknoir
5,850,tie,1672,basic-box-m,2642,dragapult-ex
5,851,p1,1291,crustle-dri,1798,dragapult-ex
5,852,p2,1960,dragapult-blaziken,2766,crustle-dri
5,853,p1,2776,dragapult-ex,0960,okidogi-barbaracle
5,854,p1,1260,slowking-scr,0745,dragapult-ex
5,855,tie,2249,hops-trevenant,0502,dhelmise-pbl
5,856,p1,2161,mega-chandelure-ex,1998,lopunny-dusknoir
5,857,p1,1759,dragapult-ex,1213,dragapult-blaziken
5,858,p2,1978,dragapult-ex,0148,dragapult-ex
5,859,tie,2745,dragapult-ex,2163,n-zoroark
5,860,p2,0137,dragapult-ex,1460,dragapult-ex
5,861,p1,1259,n-zoroark,2706,dragapult-dusknoir
5,862,p2,1464,dragapult-blaziken,1578,slowking-scr
5,863,p2,2102,mega-excadrill-ex,2063,slowking-scr
5,864,p1,2120,dragapult-ex,1475,dragapult-dusknoir
5,865,p1,1921,n-zoroark,0131,dhelmise-pbl
5,866,p2,2084,alakazam-dudunsparce,2578,crustle-dri
5,867,tie,1257,alakazam-dudunsparce,1570,dhelmise-pbl
5,868,p2,1729,ogerpon-meganium-hydrapple,1224,lopunny-dusknoir
5,869,p1,0052,dragapult-dusknoir,2877,ogerpon-meganium-hydrapple
5,870,p1,2315,dragapult-ex,2472,sharpedo-toxtricity
5,871,p1,1265,seaking-pre,0413,dragapult-ex
5,872,p1,1243,lillie-clefairy,2409,slowking-scr
5,873,tie,0598,n-zoroark,1633,rockets-honchkrow
5,874,p1,1131,rocket-mewtwo-ex,3022,dragapult-ex
5,875,p1,0491,sharpedo-toxtricity,0016,alakazam-dudunsparce
5,876,tie,1346,dragapult-ex,1894,n-zoroark
5,877,p2,0590,dragapult-ex,0464,dragapult-ex
5,878,p1,1902,n-zoroark,2389,alakazam-dudunsparce
5,879,p1,1361,dragapult-dusknoir,2875,dragapult-blaziken
5,880,p1,0400,alakazam-dudunsparce,1014,alakazam-dudunsparce
5,881,tie,1311,mega-excadrill-ex,2547,dragapult-ex
5,882,p1,2841,dhelmise-pbl,0850,lillie-clefairy
5,883,p1,2014,dragapult-dusknoir,2309,rocket-mewtwo-ex
5,884,p2,0708,mega-excadrill-ex,2886,slowking-scr
5,885,p1,1869,dragapult-ex,0066,cynthia-garchomp-ex
5,886,tie,1691,dragapult-ex,0280,dragapult-ex
5,887,p1,2044,n-zoroark,0001,dragapult-dusknoir
5,888,tie,1597,dragapult-ex,1986,alakazam-dudunsparce
5,889,p1,2912,lopunny-dusknoir,1726,dhelmise-pbl
5,890,p2,1368,dragapult-ex,0214,crustle-dri
5,891,p1,0024,hops-trevenant,2946,lucario-hariyama
5,892,p2,0187,basic-box-m,1512,basic-box-m
5,893,p2,0956,alakazam-dudunsparce,3009,dragapult-ex
5,894,p1,2108,dragapult-dusknoir,0747,dragapult-ex
5,895,p1,0899,dragapult-blaziken,1239,ogerpon-meganium-hydrapple
5,896,p2,1327,dragapult-dusknoir,2620,grimmsnarl-froslass
5,897,p2,2747,lucario-hariyama,1581,dragapult-dusknoir
5,898,p2,0685,dragapult-ex,0723,cynthia-garchomp-ex
5,899,p1,2241,dragapult-dusknoir,2640,lucario-hariyama
5,900,p2,2956,festival-lead,1961,dragapult-blaziken
5,901,p1,2202,dragapult-dusknoir,1127,n-zoroark
5,902,p1,0663,dragapult-ex,1144,alakazam-dudunsparce
5,903,p1,2594,mega-excadrill-ex,1017,mega-excadrill-ex
5,904,p1,0836,dragapult-ex,0939,ogerpon-meganium-arboliva
5,905,p2,1565,mega-chandelure-ex,3066,alakazam-dusknoir
5,906,p2,0874,mega-greninja-ex,2378,n-zoroark
5,907,p2,0556,festival-lead,1111,dragapult-ex
5,908,tie,2391,mega-greninja-ex,1190,ogerpon-meganium-hydrapple
5,909,p1,0804,alakazam-dudunsparce,1264,n-zoroark
5,910,p1,1991,sharpedo-toxtricity,1514,dragapult-blaziken
5,911,p2,1413,n-zoroark,2564,n-zoroark
5,912,p2,2636,cynthia-garchomp-ex,1866,mega-venusaur-ex
5,913,p2,3038,dragapult-dusknoir,1443,crustle-dri
5,914,p1,0737,mega-chandelure-ex,0530,mega-excadrill-ex
5,915,p2,0281,dragapult-ex,1710,basic-box-m
5,916,p1,1023,dragapult-blaziken,1490,mega-lucario-ex
5,917,p2,2577,dragapult-dusknoir,2019,dhelmise-pbl
5,918,p2,2906,grimmsnarl-froslass,0627,dragapult-ex
5,919,p1,2799,n-zoroark,1572,kangaskhan-bouffalant
5,920,tie,1602,alakazam-dudunsparce,0950,n-zoroark
5,921,p1,2618,mega-excadrill-ex,1929,basic-box-m
5,922,p1,1033,basic-box-m,1649,dragapult-ex
5,923,p1,2705,mega-lucario-ex,0642,dragapult-dusknoir
5,924,p2,2440,rockets-honchkrow,0160,n-zoroark
5,925,p1,2236,rockets-honchkrow,0289,crustle-dri
5,926,p1,0864,festival-lead,2356,cynthia-garchomp-ex
5,927,p2,1083,ogerpon-meganium-arboliva,2434,dragapult-ex
5,928,p2,1250,dragapult-ex,2723,dragapult-ex
5,929,p1,2892,grimmsnarl-froslass,0488,basic-box-m
5,930,tie,1076,rockets-honchkrow,2442,dragapult-ex
5,931,p1,1453,rockets-honchkrow,2489,alakazam-dudunsparce
5,932,p2,2744,crustle-dri,0935,slowking-scr
5,933,p2,0540,dragapult-ex,0313,rockets-honchkrow
5,934,p1,1268,basic-box-m,1142,alakazam-dudunsparce
5,935,p1,3060,dragapult-ex,1130,n-zoroark
5,936,p1,0736,dragapult-ex,2013,slowking-scr
5,937,p1,2364,slowking-scr,1937,dragapult-ex
5,938,p1,2683,ogerpon-meganium-hydrapple,1304,alakazam-dudunsparce
5,939,p2,1801,cynthia-garchomp-ex,0265,rockets-honchkrow
5,940,p2,1865,dragapult-ex,2882,dragapult-ex
5,941,p2,2174,ogerpon-meganium-hydrapple,1851,dragapult-ex
5,942,p1,2884,n-zoroark,1675,mega-lucario-ex
5,943,p2,2209,n-zoroark,0906,rocket-mewtwo-ex
5,944,p2,0667,dhelmise-pbl,2451,dragapult-ex
5,945,p1,0042,dragapult-dusknoir,1120,hops-trevenant
5,946,p1,1089,dhelmise-pbl,1364,lucario-hariyama
5,947,p1,3011,dragapult-ex,0875,basic-box-m
5,948,p1,2352,alakazam-dudunsparce,1049,alakazam-dudunsparce
5,949,p1,2122,dragapult-ex,2657,dragapult-blaziken
5,950,p2,1003,lopunny-dusknoir,0830,ogerpon-meganium-hydrapple
5,951,p1,1153,dragapult-blaziken,3048,slowking-scr
5,952,p1,3046,grimmsnarl-froslass,0520,n-zoroark
5,953,tie,2475,n-zoroark,0210,dragapult-ex
5,954,p1,1795,dragapult-ex,2238,dragapult-ex
5,955,p2,0168,dragapult-ex,3094,alakazam-dudunsparce
5,956,p1,2852,slowking-scr,1545,n-zoroark
5,957,p1,0317,starmie-dusknoir,0295,n-zoroark
5,958,p1,2953,cynthia-garchomp-ex,0199,n-zoroark
5,959,p2,0247,toxtricity-box,2651,slowking-scr
5,960,p1,1161,alakazam-dudunsparce,1688,mega-excadrill-ex
5,961,p1,1178,slowking-scr,0656,dragapult-blaziken
5,962,p2,1989,n-zoroark,1873,dragapult-blaziken
5,963,p2,1057,basic-box-m,1908,n-zoroark
5,964,p1,1890,crustle-dri,1716,n-zoroark
5,965,tie,1637,basic-box-m,1193,dragapult-ex
5,966,p2,2392,kangaskhan-bouffalant,1734,dragapult-ex
5,967,p2,0404,dragapult-ex,1223,dragapult-ex
5,968,p1,2383,dhelmise-pbl,2703,slowking-scr
5,969,p1,2975,festival-lead,0023,raging-bolt-ogerpon
5,970,p2,2760,dragapult-dusknoir,0888,n-zoroark
5,971,p1,2798,beedrill-ex-cri,2947,n-zoroark
5,972,tie,1515,rockets-honchkrow,0789,n-zoroark
5,973,p2,0496,dragapult-dusknoir,2787,dragapult-ex
5,974,p1,1350,n-zoroark,3019,dragapult-blaziken
5,975,tie,2357,basic-box-m,2416,ursaluna-lunatone
5,976,tie,0558,rockets-honchkrow,2581,?metagross
5,977,p1,0701,alakazam-dudunsparce,2159,mega-excadrill-ex
5,978,p2,1135,basic-box-m,2876,basic-box-m
5,979,p2,1663,n-zoroark,1694,cynthia-garchomp-ex
5,980,p1,0628,ogerpon-meganium-hydrapple,0334,festival-lead
5,981,p2,1000,dhelmise-pbl,2746,festival-lead
5,982,p2,2883,alakazam-dudunsparce,1981,mega-greninja-ex
5,983,p1,0967,marnie-grimmsnarl-ex,2941,slowking-scr
5,984,p1,3097,basic-box-m,2390,dragapult-dusknoir
5,985,p2,1604,slowking-scr,2088,n-zoroark
5,986,p1,2557,slowking-scr,0584,crustle-dri
5,987,p1,0299,clefairy-ogerpon,2707,dragapult-blaziken
5,988,p1,0188,alakazam-dudunsparce,2980,lucario-hariyama
5,989,p2,0820,n-zoroark,3058,crustle-dri
5,990,p2,1507,dragapult-ex,0766,crustle-dri
5,991,p1,2792,basic-box-m,1093,dragapult-ex
5,992,tie,2898,dragapult-dusknoir,0294,crustle-dri
5,993,p2,2720,alakazam-dudunsparce,2659,toxtricity-box
5,994,p2,1485,basic-box-m,1009,slowking-scr
5,995,p2,1897,dragapult-ex,1590,lopunny-dudunsparce
5,996,p1,2071,beedrill-ex-cri,0349,dragapult-dusknoir
5,997,p2,2348,crustle-dri,2153,alakazam-dudunsparce
5,998,p1,0489,dragapult-blaziken,2682,cynthia-garchomp-ex
5,999,p2,0490,dragapult-ex,1363,dragapult-blaziken
5,1000,p1,0006,festival-lead,2880,dhelmise-pbl
5,1001,p2,0503,dragapult-ex,0325,dragapult-ex
5,1002,p1,0817,dhelmise-pbl,0159,dragapult-ex
5,1003,p2,1526,lucario-hariyama,1775,rockets-honchkrow
5,1004,tie,2638,lucario-hariyama,1666,dragapult-ex
5,1005,p1,2626,festival-lead,2849,dragapult-ex
5,1006,p2,0035,basic-box-m,1331,n-zoroark
5,1007,tie,2922,rockets-honchkrow,0284,n-zoroark
5,1008,p1,1424,mega-excadrill-ex,0765,dragapult-ex
5,1009,p2,1773,crustle-dri,0300,dragapult-ex
5,1010,tie,1167,dragapult-ex,2663,mega-excadrill-ex
5,1011,p2,1911,dragapult-ex,0318,slowking-scr
5,1012,p2,2670,dragapult-ex,2997,cynthia-garchomp-ex
5,1013,tie,1063,crustle-dri,1072,alakazam-dudunsparce
5,1014,p2,1387,dragapult-blaziken,1212,crustle-dri
5,1015,tie,3063,basic-box-m,0661,dragapult-blaziken
5,1016,p2,2523,lopunny-dudunsparce,2030,dragapult-dusknoir
5,1017,p1,2193,dragapult-dusknoir,2794,mega-greninja-ex
5,1018,p2,1632,n-zoroark,1043,dragapult-ex
5,1019,p2,1605,n-zoroark,0141,dragapult-ex
5,1020,p1,1216,dragapult-dusknoir,0394,sharpedo-toxtricity
5,1021,p1,3054,dragapult-ex,2505,sharpedo-toxtricity
5,1022,p2,2477,mega-venusaur-ex,1571,alakazam-dudunsparce
5,1023,p1,1499,dragapult-ex,2464,lopunny-dudunsparce
5,1024,p2,1860,dragapult-dusknoir,1612,other
5,1025,p1,0411,basic-box-m,2637,crustle-dri
5,1026,p1,0302,n-zoroark,1021,n-zoroark
5,1027,p1,2376,dragapult-ex,1576,mega-excadrill-ex
5,1028,p1,0616,sharpedo-toxtricity,1305,slowking-scr
5,1029,tie,2832,dragapult-ex,0481,lucario-hariyama
5,1030,tie,1756,clefairy-ogerpon,2915,slowking-scr
5,1031,tie,0793,dragapult-ex,2850,n-zoroark
5,1032,p2,1585,mega-venusaur-ex,2854,dragapult-dusknoir
5,1033,p2,2194,sharpedo-toxtricity,1297,dragapult-ex
5,1034,p1,3001,metagross-cri,2537,slowking-scr
5,1035,p1,1780,dragapult-ex,0589,ogerpon-meganium-hydrapple
5,1036,p2,2684,toucannon-pbl,1732,dragapult-ex
5,1037,p2,2036,dragapult-ex,2365,dhelmise-pbl
5,1038,p2,0178,dragapult-ex,0336,dragapult-dusknoir
5,1039,p2,0200,rockets-honchkrow,3070,slowking-scr
5,1040,tie,0161,dragapult-blaziken,1830,ogerpon-meganium-hydrapple
5,1041,p2,0167,ogerpon-meganium-hydrapple,2788,alakazam-dudunsparce
5,1042,p2,0264,n-zoroark,0442,dragapult-ex
5,1043,p2,2833,basic-box-m,2139,mega-excadrill-ex
5,1044,p1,2142,basic-box-m,1109,dragapult-ex
5,1045,tie,1640,slowking-scr,0021,n-zoroark
5,1046,p1,0174,lucario-hariyama,1631,starmie-dusknoir
5,1047,p2,0699,greninja-ex,2065,dragapult-dusknoir
5,1048,p1,1047,n-zoroark,0441,alakazam-dudunsparce
5,1049,tie,1359,dragapult-ex,1307,cynthia-garchomp-ex
5,1050,p1,2245,dragapult-blaziken,0763,slowking-scr
5,1051,p2,2227,alakazam-dudunsparce,2075,slowking-scr
5,1052,tie,2000,crustle-dri,0715,dragapult-ex
5,1053,p2,2783,basic-box-m,1052,n-zoroark
5,1054,p1,0194,dragapult-blaziken,0267,dudunsparce-control
5,1055,p2,2283,mega-lucario-ex,0605,dhelmise-pbl
5,1056,p1,0466,dragapult-ex,2100,dragapult-ex
5,1057,p2,1416,mega-excadrill-ex,1214,basic-box-m
5,1058,p1,0893,dragapult-ex,1979,dragapult-ex
5,1059,p1,1022,dragapult-dusknoir,2970,ethan-typhlosion
5,1060,p2,1918,alakazam-dudunsparce,0767,sharpedo-toxtricity
5,1061,p1,2526,dragapult-ex,2928,basic-box-m
5,1062,p1,1835,seaking-pre,2339,dragapult-blaziken
5,1063,p1,2815,dragapult-ex,0712,alakazam-dudunsparce
5,1064,p2,2154,dragapult-ex,1188,dragapult-ex
5,1065,p2,0436,ceruledge-ex,0067,basic-box-m
5,1066,p1,0447,dragapult-ex,2134,mega-chandelure-ex
5,1067,p2,0606,n-zoroark,2290,dragapult-blaziken
5,1068,p1,2845,n-zoroark,0132,dragapult-ex
5,1069,p2,2407,dragapult-ex,2525,lopunny-dusknoir
5,1070,p2,0446,dragapult-ex,2821,festival-lead
5,1071,p1,1154,flareon-noctowl,1019,dragapult-ex
5,1072,p1,1445,dragapult-ex,0657,dragapult-dusknoir
5,1073,p1,0451,dragapult-blaziken,0847,dragapult-ex
5,1074,tie,0278,dragapult-dusknoir,1669,slowking-scr
5,1075,p2,0819,alakazam-dudunsparce,1774,dragapult-ex
5,1076,p2,1405,sharpedo-toxtricity,1533,slowking-scr
5,1077,p1,2672,n-zoroark,0744,lillie-clefairy
5,1078,p1,2270,dragapult-blaziken,1277,ethan-magcargo
5,1079,p1,0087,dragapult-ex,2185,ogerpon-meganium-hydrapple
5,1080,p1,2730,n-zoroark,1701,dragapult-ex
5,1081,p2,0995,slowking-scr,1032,mega-lucario-ex
5,1082,p2,2868,alakazam-dusknoir,2449,other
5,1083,p1,1600,greninja-ex,1750,mega-excadrill-ex
5,1084,p2,1357,slowking-scr,2259,dragapult-blaziken
5,1085,p1,1377,rockets-honchkrow,1816,lopunny-dudunsparce
5,1086,tie,0983,crustle-dri,0462,crustle-dri
5,1087,p1,0014,dragapult-ex,1112,cynthia-garchomp-ex
5,1088,p2,0927,dragapult-dusknoir,3065,dragapult-ex
5,1089,p2,1336,dragapult-ex,3035,n-zoroark
5,1090,p2,0046,dragapult-blaziken,1680,seaking-pre
5,1091,tie,3098,rockets-honchkrow,1062,dragapult-ex
5,1092,p2,1491,mega-lucario-ex,1557,hop-zacian
5,1093,p1,1881,n-zoroark,2184,dragapult-ex
5,1094,tie,1725,sharpedo-toxtricity,2826,dragapult-blaziken
5,1095,p1,0275,dragapult-ex,0452,basic-box-m
5,1096,p2,0636,mega-excadrill-ex,2994,mega-lucario-ex
5,1097,p2,3043,slowking-scr,2274,lucario-hariyama
5,1098,p1,0914,mega-lucario-ex,0307,sharpedo-toxtricity
5,1099,p2,1358,ceruledge-ex,3006,rocket-mewtwo-ex
5,1100,p1,0579,dhelmise-pbl,2206,n-zoroark
5,1101,p2,0813,mega-lucario-ex,2825,dhelmise-pbl
5,1102,p2,1113,crustle-dri,0098,dragapult-ex
5,1103,p2,2223,dragapult-ex,2338,crustle-dri
5,1104,p2,0921,slowking-scr,0800,basic-box-m
5,1105,p1,0201,dragapult-dusknoir,1877,lopunny-dusknoir
5,1106,p2,1906,basic-box-m,3072,alakazam-dudunsparce
5,1107,p1,0086,mega-venusaur-ex,2127,basic-box-m
5,1108,p1,0613,dragapult-dusknoir,0051,alakazam-dudunsparce
5,1109,p1,0973,dragapult-dusknoir,0469,raging-bolt-ogerpon
5,1110,p2,2302,dragapult-ex,2785,dragapult-ex
5,1111,p1,2735,dragapult-ex,2664,crustle-dri
5,1112,p1,1198,mega-excadrill-ex,0542,festival-lead
5,1113,p1,0777,dragapult-blaziken,2539,alakazam-dudunsparce
5,1114,tie,1349,dragapult-ex,2125,dragapult-dusknoir
5,1115,p2,0191,lopunny-dudunsparce,2478,dragapult-blaziken
5,1116,p1,1417,ogerpon-meganium-hydrapple,0592,dragapult-ex
5,1117,p1,1374,dragapult-ex,0155,alakazam-dudunsparce
5,1118,tie,1217,dragapult-blaziken,0231,dragapult-ex
5,1119,p1,0144,mega-lucario-ex,0725,kangaskhan-bouffalant
5,1120,p1,0217,dhelmise-pbl,2729,cynthia-garchomp-ex
5,1121,p2,2213,dragapult-ex,2481,alakazam-dudunsparce
5,1122,p1,1855,rockets-honchkrow,1355,dragapult-ex
5,1123,p1,0203,lopunny-dudunsparce,1653,starmie-froslass
5,1124,tie,0740,dragapult-blaziken,2767,dragapult-ex
5,1125,tie,1673,dragapult-dusknoir,1627,other
5,1126,p2,0571,slowking-scr,0705,dhelmise-pbl
5,1127,tie,1739,mega-venusaur-ex,1196,mega-excadrill-ex
5,1128,p1,3016,dhelmise-pbl,0565,lucario-hariyama
5,1129,p1,0002,lucario-hariyama,1495,alakazam-dudunsparce
5,1130,p2,2538,dragapult-dusknoir,0356,dhelmise-pbl
5,1131,p2,0587,ogerpon-meganium-hydrapple,1029,dragapult-blaziken
5,1132,p1,0276,cynthia-garchomp-ex,1407,dragapult-dusknoir
5,1133,tie,2741,lucario-hariyama,0536,alakazam-dusknoir
5,1134,p2,0363,basic-box-m,1983,okidogi-barbaracle
5,1135,p1,2366,dragapult-ex,0232,dragapult-ex
5,1136,p2,0785,dragapult-ex,3108,mega-chandelure-ex
5,1137,p2,0026,slowking-scr,1211,n-zoroark
5,1138,p2,0384,dragapult-dusknoir,2276,mega-excadrill-ex
5,1139,p1,2842,mega-excadrill-ex,3107,dragapult-ex
5,1140,p2,1376,dragapult-ex,1594,dragapult-ex
5,1141,p1,0428,dragapult-ex,2732,dragapult-ex
5,1142,p1,0367,dragapult-ex,1560,dragapult-ex
5,1143,p2,1958,festival-lead,0640,dragapult-dudunsparce
5,1144,tie,2543,dragapult-ex,2633,manectric-eelektrik
5,1145,p2,0552,dragapult-ex,1621,other
5,1146,p1,1455,dragapult-dusknoir,2291,dragapult-blaziken
5,1147,p1,2263,palafin-ex,2764,alakazam-dudunsparce
5,1148,p1,2885,alakazam-dudunsparce,2556,slowking-scr
5,1149,p2,1316,ogerpon-meganium-hydrapple,3082,dragapult-dusknoir
5,1150,p2,1343,n-zoroark,0733,basic-box-m
5,1151,tie,1115,beedrill-ex-cri,2068,dragapult-ex
5,1152,p2,2155,seaking-pre,1484,mega-excadrill-ex
5,1153,p1,2460,basic-box-m,0637,lucario-hariyama
5,1154,p1,1928,dragapult-ex,1384,n-zoroark
5,1155,p2,2939,dragapult-dusknoir,0647,dragapult-ex
5,1156,p2,2058,starmie-froslass,2964,basic-box-m
5,1157,p1,0653,dragapult-dusknoir,0580,dragapult-dusknoir
5,1158,p2,2087,dragapult-blaziken,2894,mega-excadrill-ex
5,1159,p1,1505,dragapult-blaziken,2207,slowking-scr
5,1160,p1,2187,lucario-hariyama,0649,lucario-hariyama
5,1161,p2,0215,mega-excadrill-ex,2862,mega-excadrill-ex
5,1162,p1,2085,grimmsnarl-froslass,0306,basic-box-m
5,1163,p2,2519,n-zoroark,0753,kangaskhan-bouffalant
5,1164,p1,0739,slowking-scr,0475,basic-box-m
5,1165,p2,2961,slowking-scr,1079,slowking-scr
5,1166,p2,2673,sinistcha-ogerpon,0245,dragapult-ex
5,1167,tie,0854,slowking-scr,1636,dragapult-ex
5,1168,p2,0256,ogerpon-meganium-hydrapple,2901,crustle-dri
5,1169,p1,3106,alakazam-dudunsparce,2300,dragapult-ex
5,1170,p1,0164,rockets-honchkrow,0566,dragapult-dusknoir
5,1171,p2,2510,rocket-mewtwo-ex,2714,beedrill-ex-cri
5,1172,p1,2601,dragapult-dusknoir,2797,dragapult-ex
5,1173,p2,2930,grimmsnarl-froslass,0440,festival-lead
5,1174,p1,1939,dragapult-dusknoir,3091,dragapult-dusknoir
5,1175,p1,2756,alakazam-dusknoir,0337,ogerpon-meganium-hydrapple
5,1176,p2,2606,alakazam-dudunsparce,2052,n-zoroark
5,1177,tie,0152,sharpedo-toxtricity,1892,dragapult-dusknoir
5,1178,p1,2116,basic-box-m,0080,dragapult-ex
5,1179,p1,1753,mega-excadrill-ex,2219,dragapult-ex
5,1180,p1,0972,mega-lucario-ex,2528,dragapult-ex
5,1181,p2,1820,ogerpon-meganium-hydrapple,1884,mega-lucario-ex
5,1182,p1,2890,festival-lead,1769,festival-lead
5,1183,p1,1332,lopunny-dusknoir,0274,seaking-pre
5,1184,p2,0004,beedrill-ex-cri,2966,dragapult-dusknoir
5,1185,p2,0032,alakazam-dusknoir,0369,slowking-scr
5,1186,tie,3015,dragapult-ex,0807,basic-box-m
5,1187,p2,2305,basic-box-m,0453,dragapult-ex
5,1188,tie,0934,dragapult-ex,1548,grimmsnarl-froslass
5,1189,p1,1098,dragapult-ex,1473,alakazam-dudunsparce
5,1190,p1,0824,starmie-dusknoir,2873,alakazam-dudunsparce
5,1191,p1,2405,basic-box-m,3004,lopunny-dusknoir
5,1192,p1,0102,dragapult-ex,1848,froslass-munkidori
5,1193,p2,2438,slowking-scr,0818,n-zoroark
5,1194,p2,2902,dragapult-dusknoir,1242,mega-chandelure-ex
5,1195,p1,2162,ceruledge-ex,0551,mega-excadrill-ex
5,1196,p1,1815,rockets-honchkrow,0576,cinccino-ex
5,1197,p1,1090,basic-box-m,2661,dragapult-ex
5,1198,p1,0532,dragapult-ex,1293,dhelmise-pbl
5,1199,p2,1298,raging-bolt-ogerpon,2568,mega-excadrill-ex
5,1200,p2,2351,n-zoroark,2762,festival-lead
5,1201,p2,0825,dragapult-ex,1687,crustle-dri
5,1202,p2,1685,mega-froslass-dudunsparce,0857,dragapult-blaziken
5,1203,p2,1026,slowking-scr,0076,basic-box-m
5,1204,p2,0072,cynthia-garchomp-ex,2761,festival-lead
5,1205,p2,0487,dragapult-dusknoir,3012,alakazam-dudunsparce
5,1206,p2,0786,crustle-dri,0982,mega-chandelure-ex
5,1207,p1,1831,dragapult-ex,0020,ogerpon-meganium-hydrapple
5,1208,tie,2924,n-zoroark,0323,dragapult-dusknoir
5,1209,p2,2293,dragapult-ex,2622,lucario-hariyama
5,1210,p1,0678,mega-excadrill-ex,0316,dragapult-ex
5,1211,p1,0658,greninja-ex,2583,kangaskhan-bouffalant
5,1212,p2,1055,dragapult-ex,0133,n-zoroark
5,1213,p2,1452,dragapult-ex,1731,raging-bolt-ogerpon
5,1214,p2,1765,mega-greninja-ex,1767,dhelmise-pbl
5,1215,p2,1584,dragapult-ex,2658,dragapult-ex
5,1216,p1,1702,dhelmise-pbl,0905,crustle-dri
5,1217,p2,2341,mega-excadrill-ex,2439,dragapult-dusknoir
5,1218,p1,0529,dragapult-ex,1041,other
5,1219,p1,0991,lopunny-dusknoir,2246,mega-lucario-ex
5,1220,p1,0778,ogerpon-meganium-hydrapple,2091,hops-trevenant
5,1221,p1,0997,dragapult-ex,2367,dragapult-ex
5,1222,p2,0365,kangaskhan-bouffalant,2804,dragapult-ex
5,1223,p2,1997,crustle-dri,1919,mega-excadrill-ex
5,1224,p1,2321,beedrill-ex-cri,1829,dragapult-dusknoir
5,1225,p1,0626,dragapult-blaziken,3026,dragapult-ex
5,1226,p2,1065,sharpedo-toxtricity,2835,basic-box-m
5,1227,p2,0345,dragapult-ex,2067,crustle-dri
5,1228,p1,2166,n-zoroark,0599,dragapult-ex
5,1229,p1,1813,ogerpon-meganium-hydrapple,0660,alakazam-dudunsparce
5,1230,p1,2467,rockets-honchkrow,1066,basic-box-m
5,1231,tie,0557,alakazam-dudunsparce,1328,sharpedo-toxtricity
5,1232,p1,1563,dragapult-ex,3084,ogerpon-meganium-hydrapple
5,1233,p1,2895,dhelmise-pbl,0235,slowking-scr
5,1234,p1,0648,clefairy-ogerpon,1303,basic-box-m
5,1235,p2,0093,lucario-hariyama,0806,lucario-hariyama
5,1236,tie,1471,hops-trevenant,0947,dragapult-ex
5,1237,p2,0709,raging-bolt-ogerpon,1474,alakazam-dudunsparce
5,1238,tie,1476,mega-excadrill-ex,2650,cynthia-garchomp-ex
5,1239,p2,2734,beedrill-ex-cri,1477,alakazam-dudunsparce
5,1240,p1,1479,dhelmise-pbl,1258,n-zoroark
5,1241,p1,2584,festival-lead,2398,rockets-honchkrow
5,1242,p1,1483,alakazam-dudunsparce,0171,alakazam-dusknoir
5,1243,tie,1486,sharpedo-toxtricity,1728,dragapult-dusknoir
5,1244,p1,1556,festival-lead,1487,alakazam-dudunsparce
5,1245,p2,2699,slowking-scr,2508,festival-lead
5,1246,p2,2938,mega-greninja-ex,1492,alakazam-dusknoir
5,1247,p1,0449,n-zoroark,1493,mega-excadrill-ex
5,1249,p2,1497,dragapult-ex,2914,dragapult-ex
5,1250,p1,1500,dragapult-blaziken,0399,n-zoroark
5,1251,tie,1138,mega-excadrill-ex,1501,crustle-dri
5,1252,p2,2417,dragapult-blaziken,1504,dragapult-dusknoir
5,1254,p2,0619,basic-box-m,1940,alakazam-dusknoir
5,1255,p2,0368,basic-box-m,1520,dragapult-dusknoir
5,1256,p1,1741,alakazam-dusknoir,0061,ceruledge-ex
5,1257,tie,0669,n-zoroark,0573,crustle-dri
5,1258,p1,3014,dragapult-ex,1439,ethan-typhlosion
5,1259,tie,0784,dragapult-blaziken,1749,lucario-hariyama
5,1260,p2,1087,dragapult-dusknoir,1885,dhelmise-pbl
5,1261,p2,0348,festival-lead,1808,dhelmise-pbl
5,1262,p1,1863,dragapult-ex,0984,festival-lead
5,1263,p1,0225,rockets-honchkrow,2423,alakazam-dudunsparce
5,1264,p1,2595,dragapult-blaziken,0085,slowking-scr
5,1265,p1,2076,slowking-scr,0234,n-zoroark
5,1266,p2,2151,dragapult-ex,0621,mega-excadrill-ex
5,1267,tie,1936,n-zoroark,1371,dragapult-ex
5,1268,p2,0324,n-zoroark,1638,dragapult-ex
5,1269,p2,0095,crustle-dri,2037,dragapult-dusknoir
5,1270,tie,2126,dragapult-blaziken,2848,slowking-scr
5,1271,p2,0988,dragapult-ex,2214,basic-box-m
5,1272,p1,0069,festival-lead,2474,starmie-froslass
5,1273,p1,1606,dragapult-blaziken,1422,dragapult-blaziken
5,1274,p2,0544,raging-bolt-ogerpon,1804,alakazam-dudunsparce
5,1275,p2,2816,rockets-honchkrow,2002,ogerpon-meganium-hydrapple
5,1276,p2,1551,slowking-scr,0027,dragapult-ex
5,1277,tie,2750,basic-box-m,0470,alakazam-dudunsparce
5,1278,p1,2435,festival-lead,2968,slowking-scr
5,1279,p1,1321,crustle-dri,0769,alakazam-dudunsparce
5,1280,p2,1383,dragapult-ex,1577,dragapult-ex
5,1281,p2,1158,n-zoroark,1147,dhelmise-pbl
5,1282,p2,2989,mega-dragonite-ex,1206,alakazam-dudunsparce
5,1283,p1,0547,dragapult-dusknoir,1180,dragapult-dusknoir
5,1284,p1,0060,crustle-dri,0418,dragapult-dusknoir
5,1285,p1,2965,mega-excadrill-ex,2777,mega-excadrill-ex
5,1286,p2,0756,dhelmise-pbl,0782,dragapult-blaziken
5,1287,p1,2780,n-zoroark,1141,basic-box-m
5,1288,p1,1910,dragapult-dusknoir,1467,dragapult-ex
5,1289,p1,2397,dragapult-ex,2220,n-zoroark
5,1290,p2,0432,crustle-dri,1549,mega-lucario-ex
5,1291,p1,2117,dragapult-dusknoir,3032,dragapult-dusknoir
5,1292,p1,0931,crustle-dri,1002,dragapult-ex
5,1293,p1,0928,dhelmise-pbl,2691,slowking-scr
5,1294,p2,2264,basic-box-m,2572,dragapult-blaziken
5,1295,p2,2936,beedrill-ex-cri,1817,rocket-spidops
5,1296,p1,0996,crustle-dri,0362,n-zoroark
5,1297,p2,2823,n-zoroark,0883,mega-excadrill-ex
5,1298,p2,0822,sharpedo-toxtricity,2459,basic-box-m
5,1299,p2,0521,raging-bolt-ogerpon,0346,lucario-hariyama
5,1300,p1,0403,dragapult-blaziken,1599,doublade-por
5,1301,p1,1564,alakazam-dudunsparce,1601,crustle-dri
5,1302,p2,0654,mega-lucario-ex,0553,rockets-honchkrow
5,1303,p1,3071,crustle-dri,2998,dragapult-ex
5,1304,p2,2960,kangaskhan-bouffalant,3034,mega-excadrill-ex
5,1305,tie,0952,dragapult-ex,0351,n-zoroark
5,1306,p1,1036,ogerpon-meganium-hydrapple,0858,mega-excadrill-ex
5,1307,p2,0904,dhelmise-pbl,2182,alakazam-dudunsparce
5,1308,p1,0687,dragapult-ex,3051,dragapult-blaziken
5,1309,p2,0456,dragapult-dusknoir,2716,ogerpon-meganium-hydrapple
5,1310,p2,0609,rockets-honchkrow,0531,dragapult-ex
5,1311,tie,2113,crustle-dri,1925,dragapult-ex
5,1312,p1,1035,basic-box-m,0197,dragapult-dusknoir
5,1313,p2,2807,rockets-honchkrow,2701,rockets-honchkrow
5,1314,p2,1353,dragapult-blaziken,0671,crustle-dri
5,1315,p2,2591,ogerpon-meganium-hydrapple,1126,grimmsnarl-froslass
5,1316,p1,1823,dragapult-dusknoir,0096,n-zoroark
5,1317,p2,3112,slowking-scr,1812,basic-box-m
5,1318,p1,0218,dragapult-ex,1053,n-zoroark
5,1319,p1,2362,alakazam-dusknoir,2089,mega-excadrill-ex
5,1320,p1,2843,mega-chandelure-ex,0902,alakazam-dusknoir
5,1321,p1,2061,slowking-scr,1713,lucario-hariyama
5,1322,p2,0154,mega-excadrill-ex,2480,lucario-hariyama
5,1323,p2,1118,mega-lucario-ex,1766,basic-box-m
5,1324,p2,1647,mega-excadrill-ex,1254,alakazam-dudunsparce
5,1326,p1,0359,basic-box-m,0341,n-zoroark
5,1327,p1,0930,rocket-mewtwo-ex,2483,n-zoroark
5,1328,p1,2742,dragapult-dusknoir,2369,mega-excadrill-ex
5,1329,tie,0925,slowking-scr,2296,dragapult-ex
5,1330,p2,0949,dragapult-dusknoir,2758,mega-excadrill-ex
5,1331,p1,1879,slowking-scr,0670,dragapult-ex
5,1332,tie,1360,dragapult-ex,0108,dragapult-dusknoir
5,1333,p2,2059,dragapult-ex,0761,cynthia-garchomp-ex
5,1334,p1,1744,dragapult-ex,0690,flareon-noctowl
5,1335,p1,1146,kangaskhan-bouffalant,2544,mega-greninja-ex
5,1336,p2,2869,mega-excadrill-ex,2035,alakazam-dudunsparce
5,1337,p1,0383,slowking-scr,0040,dragapult-ex
5,1338,p1,2950,n-zoroark,1721,lucario-hariyama
5,1339,p2,0623,basic-box-m,3096,crustle-dri
5,1340,p2,2899,dragapult-ex,0631,dragapult-ex
5,1341,p2,1803,dragapult-ex,2026,dragapult-dusknoir
5,1342,p1,2069,rockets-honchkrow,1809,basic-box-m
5,1343,p2,0044,dragapult-ex,0192,basic-box-m
5,1344,p1,0088,dragapult-blaziken,0253,lucario-hariyama
5,1345,p2,1205,crustle-dri,1868,ethan-typhlosion
5,1346,p2,2740,festival-lead,0672,dragapult-ex
5,1347,p2,2458,slowking-scr,1210,mega-excadrill-ex
5,1348,tie,1696,dragapult-ex,2781,n-zoroark
5,1349,p1,0263,alakazam-dudunsparce,1698,dragapult-blaziken
5,1351,p2,1954,dragapult-ex,3049,sharpedo-toxtricity
5,1352,p2,0704,dragapult-ex,2579,dragapult-blaziken
5,1353,p1,1395,mega-lucario-ex,0328,rockets-honchkrow
5,1354,p1,3010,dragapult-ex,0018,festival-lead
5,1355,p2,3117,cynthia-garchomp-ex,1248,slowking-scr
5,1356,tie,0190,sharpedo-toxtricity,2386,crustle-dri
5,1357,p2,2452,other,0554,rocket-mewtwo-ex
5,1358,p1,2665,slowking-scr,2669,mega-excadrill-ex
5,1359,p1,2144,dragapult-blaziken,1770,n-zoroark
5,1360,p2,0342,ogerpon-meganium-hydrapple,0675,dragapult-dusknoir
5,1361,p2,0797,dragapult-ex,0781,slowking-scr
5,1362,p1,2529,n-zoroark,1151,alakazam-dudunsparce
5,1363,p2,2911,dragapult-dusknoir,2738,lopunny-dudunsparce
5,1364,p1,3000,ethan-typhlosion,2497,ogerpon-meganium-hydrapple
5,1365,p1,0985,basic-box-m,2050,ogerpon-meganium-hydrapple
5,1366,p1,0845,alakazam-dudunsparce,2632,n-zoroark
5,1367,p2,2829,dragapult-ex,2486,n-zoroark
5,1368,p1,2520,ogerpon-meganium-hydrapple,2733,cynthia-garchomp-ex
5,1369,p1,3068,dragapult-ex,0909,alakazam-dudunsparce
5,1370,p1,2575,basic-box-m,1508,dhelmise-pbl
5,1371,p1,2775,alakazam-dudunsparce,0643,grimmsnarl-froslass
5,1372,p2,1920,basic-box-m,0549,rocket-mewtwo-ex
5,1373,p1,0376,dragapult-dusknoir,0425,slowking-scr
5,1374,p1,0754,hops-trevenant,2436,dragapult-dusknoir
5,1375,p1,2530,lopunny-dusknoir,1975,alakazam-dudunsparce
5,1376,p1,1542,n-zoroark,2190,mega-greninja-ex
5,1377,p1,2454,n-zoroark,2527,alakazam-dudunsparce
5,1378,p1,0728,ogerpon-meganium-hydrapple,1378,cynthia-garchomp-ex
5,1379,tie,2148,sharpedo-toxtricity,2967,dragapult-ex
5,1380,tie,0932,dragapult-dusknoir,0662,alakazam-dudunsparce
5,1381,p1,2257,mega-excadrill-ex,1086,mega-lucario-ex
5,1382,p1,0333,basic-box-m,1290,lucario-hariyama
5,1383,p2,2951,mega-lucario-ex,0058,mega-greninja-ex
5,1384,p2,1080,slowking-scr,2567,basic-box-m
5,1385,tie,1465,alakazam-dudunsparce,0812,slowking-scr
5,1386,p1,0386,dragapult-ex,0405,dragapult-blaziken
5,1387,p2,1373,cinccino-ex,2731,dragapult-dusknoir
5,1388,tie,1245,dragapult-ex,0741,lopunny-dudunsparce
5,1389,tie,2934,n-zoroark,1703,dragapult-ex
5,1390,p2,0586,slowking-scr,2129,alakazam-dudunsparce
5,1391,p2,1755,n-zoroark,2157,dragapult-dusknoir
5,1392,p1,1697,ogerpon-meganium-hydrapple,2099,dragapult-ex
5,1393,p1,2983,mega-chandelure-ex,1284,mega-venusaur-ex
5,1394,p2,2773,mega-greninja-ex,0344,raging-bolt-ogerpon
5,1395,p1,2952,grimmsnarl-froslass,0611,dragapult-ex
5,1396,p1,0680,mega-excadrill-ex,2516,dragapult-dusknoir
5,1397,p1,2668,dragapult-ex,0138,dhelmise-pbl
5,1398,p2,0309,toucannon-pbl,2353,dragapult-ex
5,1399,p2,2149,slowking-scr,0998,dragapult-blaziken
5,1400,p2,2140,mega-excadrill-ex,2488,mega-lucario-ex
5,1401,p1,0053,dragapult-ex,1994,alakazam-dudunsparce
5,1402,p2,2726,slowking-scr,1587,slowking-scr
5,1403,p1,1300,dragapult-dusknoir,1643,dragapult-dusknoir
5,1404,p1,1171,n-zoroark,2904,dragapult-ex
5,1405,p1,1436,alakazam-dudunsparce,0750,lillie-clefairy
5,1406,p1,0395,mega-excadrill-ex,2937,alakazam-dudunsparce
5,1407,tie,2265,alakazam-dudunsparce,2448,festival-lead
5,1408,p1,0944,crustle-dri,0881,crustle-dri
5,1409,p2,2646,dhelmise-pbl,0543,n-zoroark
5,1410,p1,2609,festival-lead,0839,dragapult-dusknoir
5,1411,p2,0711,dragapult-ex,1463,dragapult-ex
5,1412,p2,0538,dhelmise-pbl,0683,mega-excadrill-ex
5,1413,p2,1388,crustle-dri,2805,n-zoroark
5,1414,p2,1738,n-zoroark,0065,n-zoroark
5,1415,p1,1191,dragapult-ex,1136,dragapult-ex
5,1416,p2,2681,ceruledge-ex,2531,alakazam-dudunsparce
5,1417,p2,0692,dragapult-ex,2955,alakazam-dudunsparce
5,1418,p1,1659,n-zoroark,1903,dragapult-ex
5,1419,p1,0308,mega-excadrill-ex,1429,dragapult-dusknoir
5,1420,p1,0852,grimmsnarl-froslass,1799,crustle-dri
5,1421,p2,0607,rockets-honchkrow,0860,dragapult-blaziken
5,1422,p2,2806,cynthia-garchomp-ex,0081,rockets-honchkrow
5,1423,p2,0221,alakazam-dudunsparce,2597,mega-chandelure-ex
5,1424,p2,1423,n-zoroark,0230,festival-lead
5,1425,p1,0463,dragapult-ex,1287,crustle-dri
5,1426,p2,0776,rockets-honchkrow,2800,dragapult-ex
5,1427,p1,2203,dragapult-blaziken,1972,alakazam-dudunsparce
5,1428,p1,3029,dragapult-blaziken,3037,mega-excadrill-ex
5,1429,p2,2361,lucario-hariyama,0673,grimmsnarl-froslass
5,1430,p2,0897,slowking-scr,0959,dhelmise-pbl
5,1431,p1,0288,dragapult-blaziken,1971,mega-excadrill-ex
5,1432,p1,0815,dragapult-ex,2441,mega-excadrill-ex
5,1433,p1,2962,dragapult-dusknoir,0242,alakazam-dudunsparce
5,1434,p2,0603,n-zoroark,2098,ogerpon-meganium
5,1435,p1,2918,dragapult-blaziken,2023,dragapult-dusknoir
5,1436,p1,0482,dragapult-blaziken,0285,dragapult-ex
5,1437,p2,2235,dragapult-dusknoir,1595,dragapult-ex
5,1438,p2,0212,dragapult-dusknoir,0283,dragapult-ex
5,1439,tie,0870,ogerpon-meganium-hydrapple,1840,crustle-dri
5,1440,p1,0840,alakazam-dudunsparce,0922,dragapult-blaziken
5,1441,p2,3041,n-zoroark,2169,ethan-typhlosion
5,1442,p1,2827,n-zoroark,1386,festival-lead
5,1443,p2,2753,diancie-dusknoir,1821,n-zoroark
5,1444,tie,1607,ethan-typhlosion,0169,dragapult-ex
5,1445,p2,3122,dragapult-ex,0185,ogerpon-meganium-arboliva
5,1446,p1,1844,mega-venusaur-ex,0790,ogerpon-meganium-hydrapple
5,1447,p2,0802,basic-box-m,1207,ogerpon-meganium-arboliva
5,1448,p2,2196,?metagross,0861,dragapult-blaziken
5,1449,p1,0912,dhelmise-pbl,3031,alakazam-dudunsparce
5,1450,p2,2072,n-zoroark,0460,crustle-dri
5,1451,p2,0694,toxtricity-box,3033,basic-box-m
5,1452,p1,0505,dragapult-ex,1203,dragapult-ex
5,1453,p2,0779,dragapult-dusknoir,2077,dragapult-ex
5,1454,p1,0612,n-zoroark,0788,slowking-scr
5,1455,tie,1717,dragapult-ex,0182,alakazam-dudunsparce
5,1456,tie,0539,mega-venusaur-ex,0286,lucario-hariyama
5,1457,p2,0233,n-zoroark,2628,mega-excadrill-ex
5,1458,tie,1546,n-zoroark,1583,dhelmise-pbl
5,1459,p1,1875,ogerpon-meganium-hydrapple,1450,slowking-scr
5,1460,tie,2123,dragapult-dusknoir,0989,crustle-dri
5,1461,p2,2534,n-zoroark,2635,crustle-dri
5,1462,p2,0889,ogerpon-meganium-arboliva,2152,dragapult-ex
5,1463,p2,1904,rockets-honchkrow,0326,dragapult-ex
5,1464,p1,2864,dragapult-ex,0396,basic-box-m
5,1465,p2,1670,mega-manectric-ex-meg,0751,alakazam-dudunsparce
5,1466,p1,2774,alakazam-dudunsparce,0261,ogerpon-meganium-arboliva
5,1467,tie,1426,dragapult-dusknoir,2211,toxtricity-box
5,1468,tie,0666,dragapult-blaziken,2468,mega-venusaur-ex
5,1469,p1,1071,dragapult-ex,0329,dragapult-ex
5,1470,p2,0917,hops-trevenant,2535,dragapult-ex
5,1471,tie,2617,mega-absol-box,0227,dragapult-ex
5,1472,p2,2278,dragapult-ex,1280,dragapult-dudunsparce
5,1473,p1,2332,dragapult-ex,1984,cynthia-garchomp-ex
5,1474,tie,0186,mega-starmie-ex,1309,dragapult-blaziken
5,1475,tie,0145,n-zoroark,2114,slowking-scr
5,1476,tie,1973,sharpedo-toxtricity,0955,mega-excadrill-ex
5,1477,p2,2258,alakazam-dudunsparce,2471,sharpedo-toxtricity
5,1478,p2,1401,kangaskhan-bouffalant,1727,paldean-tauros-pfl
5,1479,p1,0444,slowking-scr,2226,ogerpon-meganium-hydrapple
5,1480,tie,1953,dragapult-ex,0314,dragapult-blaziken
5,1481,p2,0501,basic-box-m,0082,dragapult-ex
5,1482,p2,1784,toucannon-pbl,2974,alakazam-dudunsparce
5,1483,p1,2897,basic-box-m,1073,n-zoroark
5,1484,p1,2064,dragapult-ex,2802,ethan-typhlosion
5,1485,p2,1843,dhelmise-pbl,1372,kangaskhan-bouffalant
5,1486,p2,0795,mega-greninja-ex,1914,dragapult-ex
5,1487,p1,0585,ogerpon-meganium-hydrapple,0465,dhelmise-pbl
5,1488,p2,2097,slowking-scr,1655,dragapult-blaziken
5,1489,p2,2641,rocket-mewtwo-ex,0170,hop-zacian
5,1490,p1,1752,dragapult-ex,1736,dragapult-ex
5,1491,tie,0771,ogerpon-meganium-hydrapple,0869,crustle-dri
5,1492,p1,0237,alakazam-dusknoir,0794,crustle-dri
5,1493,p2,1420,lopunny-dusknoir,1101,dragapult-ex
5,1494,p1,0726,n-zoroark,0033,dragapult-ex
5,1495,p2,1718,dragapult-ex,0943,basic-box-m
5,1496,p2,2655,sharpedo-toxtricity,2016,alakazam-dudunsparce
5,1497,p1,0005,slowking-scr,1883,basic-box-m
5,1498,p2,2431,crustle-dri,2419,ogerpon-meganium-hydrapple
5,1499,p1,0238,crustle-dri,2748,alakazam-dudunsparce
5,1500,p1,2204,dragapult-ex,2244,dragapult-blaziken
5,1501,p2,0448,ogerpon-meganium-hydrapple,1369,lucario-hariyama
5,1502,p1,2711,slowking-scr,0039,dragapult-ex
5,1503,p2,1181,n-zoroark,1974,mega-chandelure-ex
5,1504,p1,0389,dragapult-dusknoir,2920,dragapult-ex
5,1505,tie,2926,mega-excadrill-ex,2282,n-zoroark
5,1506,p2,0459,basic-box-m,0140,mega-starmie-ex
5,1507,p2,0509,okidogi-barbaracle,0259,dragapult-ex
5,1508,tie,1941,dragapult-dusknoir,0357,dhelmise-pbl
5,1509,p1,0829,slowking-scr,2372,dragapult-blaziken
5,1510,p1,2462,bronzong-tef,2755,dragapult-ex
5,1511,p1,0246,crustle-dri,2310,lucario-hariyama
5,1512,tie,2201,greninja-ex,0940,dhelmise-pbl
5,1513,p2,3020,dragapult-dusknoir,0059,dragapult-ex
5,1514,p2,2571,n-zoroark,1517,mega-lucario-ex
5,1515,p2,0811,lucario-hariyama,1208,slowking-scr
5,1516,tie,2916,ethan-typhlosion,1967,dragapult-ex
5,1517,p1,0031,basic-box-m,1945,dragapult-ex
5,1518,p1,2656,alakazam-dudunsparce,2268,dragapult-ex
5,1519,p2,3056,dragapult-ex,0332,ogerpon-meganium-hydrapple
5,1520,tie,1822,mega-chandelure-ex,0730,grimmsnarl-froslass
5,1521,p1,1398,festival-lead,2662,lopunny-dudunsparce
5,1522,p2,0546,ogerpon-meganium-hydrapple,0409,dragapult-ex
5,1523,p1,1084,n-zoroark,1575,dragapult-ex
5,1524,p1,2295,festival-lead,1818,festival-lead
5,1525,p1,1249,other,0312,dhelmise-pbl
5,1526,p1,2106,okidogi-barbaracle,1379,lucario-hariyama
5,1527,p1,1559,lopunny-dudunsparce,1410,ogerpon-meganium
5,1528,p2,1391,slowking-scr,0731,alakazam-dudunsparce
5,1529,p1,2607,rocket-mewtwo-ex,1461,lucario-hariyama
5,1530,p2,0513,n-zoroark,1690,lucario-hariyama
5,1531,p2,1082,dragapult-ex,2863,greninja-ex
5,1532,p2,0410,dragapult-dusknoir,1104,crustle-dri
5,1533,p1,0957,sharpedo-toxtricity,0849,sharpedo-toxtricity
5,1534,p2,0198,dragapult-dusknoir,0639,mega-venusaur-ex
5,1535,p2,2093,dhelmise-pbl,2812,n-zoroark
5,1536,p2,1678,dragapult-blaziken,1776,dhelmise-pbl
5,1537,p1,2649,dragapult-dusknoir,1582,ogerpon-meganium-hydrapple
5,1538,p2,2095,dragapult-ex,1923,dragapult-ex
5,1539,p1,0887,dragapult-blaziken,0273,ogerpon-meganium-hydrapple
5,1540,tie,0969,n-zoroark,0030,seaking-pre
5,1541,p1,1502,crustle-dri,1985,dragapult-dusknoir
5,1542,p1,3114,dragapult-dusknoir,2329,alakazam-dudunsparce
5,1543,p1,1048,alakazam-dudunsparce,0796,mega-excadrill-ex
5,1544,p1,3030,mega-chandelure-ex,0382,slowking-scr
5,1545,p2,2284,festival-lead,1623,mega-lucario-ex
5,1546,p1,2840,dragapult-blaziken,0838,mega-froslass-ex
5,1547,p1,3061,dhelmise-pbl,1955,dragapult-ex
5,1548,p2,0980,raging-bolt-ogerpon,1757,alakazam-dudunsparce
5,1549,p2,2110,mega-chandelure-ex,0037,dragapult-ex
5,1550,p2,1573,raging-bolt-ogerpon,2784,dragapult-blaziken
5,1551,p1,1231,beedrill-ex-cri,1367,ogerpon-meganium-hydrapple
5,1552,tie,2810,ceruledge-ex,2344,dragapult-ex
5,1553,p2,1613,alakazam-dudunsparce,0568,hops-trevenant
5,1554,p1,0431,slowking-scr,1185,crustle-dri
5,1555,p1,1102,mega-excadrill-ex,1172,n-zoroark
5,1556,p1,1289,mega-excadrill-ex,0624,dhelmise-pbl
5,1557,p2,0588,sharpedo-toxtricity,0691,mega-starmie-ex
5,1558,p2,0474,doublade-por,2382,dragapult-blaziken
5,1559,tie,3120,crustle-dri,1365,dragapult-ex
5,1560,p2,0798,rockets-honchkrow,1215,festival-lead
5,1561,p1,2164,dragapult-dusknoir,1833,mega-excadrill-ex
5,1562,p1,2499,alakazam-dudunsparce,0971,dragapult-ex
5,1563,p1,2660,dragapult-ex,2645,rocket-mewtwo-ex
5,1564,tie,2813,mega-excadrill-ex,0074,slowking-scr
5,1565,p2,1665,dragapult-blaziken,2715,dragapult-ex
5,1566,p2,1893,dragapult-blaziken,1100,ogerpon-meganium-hydrapple
5,1567,p1,0863,festival-lead,0757,mega-chandelure-ex
5,1568,p1,2143,dragapult-dudunsparce,1681,festival-lead
5,1569,p2,1516,basic-box-m,1837,mega-greninja-ex
5,1570,p1,0036,alakazam-dusknoir,1381,slowking-scr
5,1571,p2,1993,toucannon-pbl,2587,rockets-honchkrow
5,1572,p1,2603,dragapult-ex,2141,n-zoroark
5,1573,tie,1160,festival-lead,0045,dragapult-blaziken
5,1574,p2,3104,grimmsnarl-froslass,2695,alakazam-dudunsparce
5,1575,p1,2874,mega-excadrill-ex,1552,grimmsnarl-froslass
5,1576,p1,0915,slowking-scr,2811,slowking-scr
5,1577,p2,2034,dragapult-ex,0372,alakazam-dudunsparce
5,1578,p2,2172,slowking-scr,2546,n-zoroark
5,1579,p2,0019,n-zoroark,0519,dragapult-dusknoir
5,1580,p2,1278,rockets-honchkrow,2844,dragapult-blaziken
5,1581,tie,2205,dragapult-ex,1061,n-zoroark
5,1582,tie,2927,lopunny-dudunsparce,1887,ethan-typhlosion
5,1583,p2,1252,other,2082,dragapult-ex
5,1584,p1,2871,n-zoroark,2495,dragapult-ex
5,1585,p2,1010,rocket-mewtwo-ex,1797,mega-excadrill-ex
5,1586,p1,2083,dragapult-ex,3116,festival-lead
5,1587,p2,3090,dragapult-dusknoir,1930,zygarde-barbaracle
5,1588,p2,0755,alakazam-dudunsparce,0257,alakazam-dudunsparce
5,1589,p1,2493,mega-excadrill-ex,1722,alakazam-dudunsparce
5,1590,p1,0373,dragapult-ex,2687,slowking-scr
5,1591,p1,2768,alakazam-dudunsparce,1674,slowking-scr
5,1592,p2,0524,n-zoroark,1988,slowking-scr
5,1593,p2,2183,mega-excadrill-ex,0406,basic-box-m
5,1594,p1,3088,dragapult-ex,0250,crustle-dri
5,1595,p1,1525,n-zoroark,2562,n-zoroark
5,1596,p2,0961,alakazam-dudunsparce,1779,dhelmise-pbl
5,1597,p2,0416,lopunny-dudunsparce,2972,lucario-hariyama
5,1598,tie,2388,lopunny-dudunsparce,3110,alakazam-dudunsparce
5,1599,p1,1221,basic-box-m,2379,yanmega-ex
5,1600,tie,1796,cynthia-garchomp-ex,1856,crustle-dri
5,1601,tie,2301,n-zoroark,0770,alakazam-dudunsparce
5,1602,p1,0907,dragapult-dusknoir,1762,other
5,1603,tie,1389,dragapult-ex,0075,mega-venusaur-ex
5,1604,p2,2680,festival-lead,3119,mega-froslass-ex
5,1605,p2,1276,lucario-hariyama,1836,rocket-spidops
5,1606,p2,1470,dragapult-ex,1642,dhelmise-pbl
5,1607,p2,0296,dragapult-ex,1624,dragapult-ex
5,1608,tie,1433,lucario-hariyama,2422,dragapult-ex
5,1609,p2,0814,dragapult-ex,0896,crustle-dri
5,1610,p1,0083,dragapult-ex,0352,dragapult-ex
5,1611,p1,0084,grimmsnarl-froslass,1273,dragapult-dudunsparce
5,1612,p1,0570,hydreigon-ex,2179,rocket-spidops
5,1613,p2,2736,alakazam-dudunsparce,1329,slowking-scr
5,1614,tie,1219,rockets-honchkrow,0388,dragapult-blaziken
5,1615,p1,0450,ceruledge-ex,1899,mega-excadrill-ex
5,1616,tie,2984,alakazam-dudunsparce,0920,mega-excadrill-ex
5,1617,p1,1380,dhelmise-pbl,0229,mega-excadrill-ex
5,1618,p2,1030,basic-box-m,2919,basic-box-m
5,1619,p1,1521,dragapult-ex,0841,dragapult-ex
5,1620,p2,0100,slowking-scr,3113,crustle-dri
5,1621,p1,0844,ogerpon-meganium-hydrapple,1262,dhelmise-pbl
5,1622,p1,1318,hops-trevenant,1272,dragapult-ex
5,1623,p1,1310,festival-lead,0193,dragapult-ex
5,1624,p1,0180,mega-excadrill-ex,0772,alakazam-dudunsparce
5,1625,p1,1137,dragapult-blaziken,1020,dragapult-dusknoir
5,1626,p1,0012,dragapult-ex,0594,alakazam-dusknoir
5,1627,p2,3025,dragapult-dusknoir,1982,dragapult-dusknoir
5,1628,p1,2648,mega-excadrill-ex,0575,n-zoroark
5,1629,p1,2318,dragapult-ex,1466,dragapult-ex
5,1630,p1,2959,n-zoroark,2545,dragapult-dusknoir
5,1631,p1,0118,dragapult-ex,2012,dhelmise-pbl
5,1632,p2,1011,crustle-dri,0650,crustle-dri
5,1633,p2,1451,n-zoroark,2345,tera-box
5,1634,p1,2158,dragapult-ex,0601,dragapult-dusknoir
5,1635,p2,1274,alakazam-dudunsparce,0974,seaking-pre
5,1636,p1,0803,dragapult-ex,0764,n-zoroark
5,1637,p1,2272,dragapult-ex,1907,dhelmise-pbl
5,1638,p2,0506,basic-box-m,1754,crustle-dri
5,1639,p1,0707,mega-excadrill-ex,0398,raging-bolt-ogerpon
5,1640,p1,0091,crustle-dri,2712,n-zoroark
5,1641,p1,0223,basic-box-m,2048,dragapult-ex
5,1642,p1,0622,dragapult-blaziken,0510,alakazam-dudunsparce
5,1643,p1,1012,seaking-pre,3021,crustle-dri
5,1644,p2,1852,dhelmise-pbl,2107,mega-excadrill-ex
5,1645,p2,0124,alakazam-dudunsparce,2717,dragapult-ex
5,1646,p1,1730,slowking-scr,0485,alakazam-dudunsparce
5,1647,tie,1462,alakazam-dusknoir,0254,n-zoroark
5,1648,tie,2304,dragapult-ex,0287,?metagross
5,1649,p2,1645,mega-excadrill-ex,2218,mega-excadrill-ex
5,1650,p1,1067,mega-excadrill-ex,0272,dragapult-ex
5,1651,p1,0635,basic-box-m,0936,festival-lead
5,1652,p1,0330,n-zoroark,2743,basic-box-m
5,1653,p1,2171,n-zoroark,2992,rockets-honchkrow
5,1654,p1,1743,dragapult-dusknoir,0104,crustle-dri
5,1655,p2,1385,dragapult-dusknoir,1441,azumarill-ssp
5,1656,p2,1915,dragapult-ex,1634,crustle-dri
5,1657,p2,1189,alakazam-dudunsparce,0029,slowking-scr
5,1658,p2,0011,dragapult-dusknoir,2866,other
5,1659,p1,2803,slowking-scr,2408,n-zoroark
5,1660,p1,0832,dhelmise-pbl,1664,lucario-hariyama
5,1661,p1,0970,basic-box-m,0729,dragapult-dusknoir
5,1662,p2,1275,hops-trevenant,1143,basic-box-m
5,1663,tie,1853,kangaskhan-bouffalant,2347,dragapult-blaziken
5,1664,p1,1244,alakazam-dudunsparce,1301,n-zoroark
5,1665,p2,0062,alakazam-dudunsparce,1044,dragapult-dusknoir
5,1666,p2,0429,n-zoroark,2610,dragapult-dudunsparce
5,1667,p2,2255,rockets-honchkrow,1128,hops-trevenant
5,1668,p2,0364,raging-bolt-ogerpon,1292,dragapult-dusknoir
5,1669,p2,2128,n-zoroark,2277,alakazam-dudunsparce
5,1670,p1,2698,cynthia-garchomp-ex,2418,slowking-scr
5,1671,p1,2889,cynthia-garchomp-ex,2294,dragapult-blaziken
5,1672,p1,2790,n-zoroark,1825,dragapult-ex
5,1673,p1,1777,dragapult-ex,0078,dragapult-ex
5,1674,p1,0749,seaking-pre,2135,dragapult-ex
5,1675,p2,0401,dragapult-blaziken,0350,mega-chandelure-ex
5,1676,p1,1814,dragapult-dusknoir,1333,manectric-eelektrik
5,1677,p2,2313,ogerpon-meganium-hydrapple,1110,mega-greninja-ex
5,1678,p1,1340,festival-lead,0581,beedrill-ex-cri
5,1679,p1,0898,raging-bolt-ogerpon,1761,kangaskhan-bouffalant
5,1680,p2,2056,mega-excadrill-ex,2504,mega-lucario-ex
5,1681,p1,1253,mega-excadrill-ex,2336,dragapult-ex
5,1682,tie,1338,kangaskhan-bouffalant,0561,festival-lead
5,1683,p2,0222,n-zoroark,1403,mega-lucario-ex
5,1684,tie,0492,alakazam-dudunsparce,2049,lucario-hariyama
5,1685,p1,2490,dragapult-dusknoir,0347,dragapult-dusknoir
5,1686,p2,2337,mega-excadrill-ex,2306,dragapult-blaziken
5,1687,p1,1194,dragapult-dudunsparce,1912,ethan-typhlosion
5,1688,p2,2425,ogerpon-meganium-hydrapple,2080,basic-box-m
5,1689,p1,3118,dragapult-ex,1916,lopunny-dusknoir
5,1690,p1,0196,mega-chandelure-ex,2456,crustle-dri
5,1691,p2,0926,seaking-pre,2312,dragapult-dusknoir
5,1692,p2,2814,mega-excadrill-ex,1345,basic-box-m
5,1693,tie,2971,seaking-pre,1168,dhelmise-pbl
5,1694,p1,1230,mega-venusaur-ex,2473,dragapult-ex
5,1695,p2,2942,n-zoroark,0630,lucario-hariyama
5,1696,p2,0493,mega-excadrill-ex,0964,dragapult-ex
5,1697,p1,0476,grimmsnarl-froslass,2066,alakazam-dudunsparce
5,1698,p2,1133,dragapult-ex,2252,n-zoroark
5,1699,p1,0958,mega-venusaur-ex,1778,basic-box-m
5,1700,p2,2420,mega-excadrill-ex,1024,alakazam-dudunsparce
5,1701,p1,1963,alakazam-dudunsparce,0937,dragapult-ex
5,1702,p2,2678,ceruledge-ex,2891,dragapult-dusknoir
5,1703,p1,2210,dragapult-dusknoir,0901,dragapult-blaziken
5,1704,p2,0545,sharpedo-toxtricity,2316,kangaskhan-bouffalant
5,1705,p2,2929,dragapult-ex,2602,mega-starmie-ex
5,1706,p1,2324,festival-lead,1124,dragapult-blaziken
5,1707,p1,2612,dragapult-dusknoir,0895,alakazam-dusknoir
5,1708,p2,0752,alakazam-meg,3087,zygarde-barbaracle
5,1709,p2,0646,basic-box-m,2713,cynthia-garchomp-ex
5,1710,p2,1976,mega-venusaur-ex,2485,basic-box-m
5,1711,p1,0933,lucario-hariyama,0125,n-zoroark
5,1712,p1,2831,dragapult-ex,0721,mega-chandelure-ex
5,1713,p1,2702,sharpedo-toxtricity,1656,dragapult-dusknoir
5,1714,p1,0866,sharpedo-toxtricity,1081,starmie-froslass
5,1715,p2,1159,dragapult-dusknoir,1782,dragapult-ex
5,1716,p1,2940,sharpedo-toxtricity,3024,dhelmise-pbl
5,1717,p1,0862,alakazam-dusknoir,2565,n-zoroark
5,1718,p1,2096,alakazam-dudunsparce,1693,n-zoroark
5,1719,p1,0206,alakazam-dusknoir,2051,dragapult-dusknoir
5,1720,p1,2090,starmie-froslass,2786,ogerpon-meganium-hydrapple
5,1721,p1,1415,dragapult-dusknoir,0315,dragapult-dusknoir
5,1722,p1,1719,other,1045,ethan-typhlosion
5,1723,p2,0929,dragapult-dusknoir,3083,dragapult-blaziken
5,1724,p2,1123,alakazam-dudunsparce,1085,n-zoroark
5,1725,p2,2424,dragapult-ex,0645,dragapult-ex
5,1726,tie,0387,basic-box-m,1845,slowking-scr
5,1727,p1,0946,cynthia-garchomp-ex,1511,dragapult-ex
5,1728,tie,2047,dhelmise-pbl,2893,dragapult-dusknoir
5,1729,p1,0625,dragapult-ex,2576,crustle-dri
5,1730,p1,0748,other,0292,dragapult-dusknoir
5,1731,p1,0720,mega-lucario-ex,1646,lucario-hariyama
5,1732,p2,1166,sharpedo-toxtricity,1406,mega-excadrill-ex
5,1733,p2,2073,alolan-exeggutor-ex,0445,dragapult-ex
5,1734,p2,1447,dragapult-ex,0379,mega-excadrill-ex
5,1735,tie,3099,mega-absol-box,0310,mega-greninja-ex
5,1736,p2,2496,rockets-honchkrow,1723,dragapult-ex
5,1737,p2,0421,n-zoroark,0714,crustle-dri
5,1738,p1,3115,cinccino-ex,0380,dragapult-ex
5,1739,p2,2279,dhelmise-pbl,1787,basic-box-m
5,1740,tie,2287,dragapult-blaziken,1657,mega-starmie-ex
5,1741,p2,1174,lucario-hariyama,1156,clefairy-ogerpon
5,1742,p1,2935,dhelmise-pbl,1611,dragapult-ex
5,1743,p1,0097,n-zoroark,0512,alakazam-dudunsparce
5,1744,p1,0638,ogerpon-meganium-hydrapple,1832,ogerpon-meganium-hydrapple
5,1745,tie,2905,rockets-honchkrow,2410,doublade-por
5,1746,p2,0873,dragapult-ex,2322,basic-box-m
5,1747,p1,0837,dhelmise-pbl,1408,rocket-mewtwo-ex
5,1748,p1,0498,dragapult-ex,2502,dragapult-ex
5,1749,p1,2055,palafin-ex,0022,rockets-honchkrow
5,1750,p1,2032,dragapult-ex,1409,alakazam-dudunsparce
5,1751,tie,2511,festival-lead,0073,dragapult-ex
5,1752,p1,1488,basic-box-m,1105,lopunny-dusknoir
5,1753,p1,2789,dragapult-ex,1598,mega-excadrill-ex
5,1754,p1,1864,mega-greninja-ex,2261,mega-lucario-ex
5,1755,p2,0908,mega-starmie-ex,0504,slowking-scr
5,1756,p1,1661,crustle-dri,2479,dragapult-blaziken
5,1757,p2,0262,dragapult-ex,1541,n-zoroark
5,1758,p1,0434,dragapult-ex,1279,starmie-froslass
5,1759,p2,1947,rocket-mewtwo-ex,0900,festival-lead
5,1760,tie,2311,dragapult-blaziken,2191,dragapult-dusknoir
5,1761,p2,1711,dragapult-dusknoir,3003,dragapult-dusknoir
5,1762,p1,2671,slowking-scr,0805,dragapult-ex
5,1763,tie,2103,ethan-typhlosion,2808,dragapult-dusknoir
5,1764,p2,0147,festival-lead,0762,raging-bolt-ogerpon
5,1765,tie,1236,alakazam-dudunsparce,2615,dragapult-blaziken
5,1766,tie,0008,alakazam-dudunsparce,2824,dragapult-dusknoir
5,1767,p1,1070,dragapult-ex,2239,dragapult-ex
5,1768,tie,0179,dragapult-blaziken,1094,mega-excadrill-ex
5,1769,p1,0835,alakazam-dusknoir,2561,dragapult-blaziken
5,1770,p1,1482,other,1901,dragapult-ex
5,1771,p1,2888,dragapult-ex,2297,mega-excadrill-ex
5,1772,tie,2555,dhelmise-pbl,3023,dhelmise-pbl
5,1773,tie,0454,dragapult-ex,0219,dragapult-blaziken
5,1774,p2,0252,lopunny-dusknoir,0885,alakazam-dudunsparce
5,1775,p1,2948,basic-box-m,2070,n-zoroark
5,1776,p2,3028,other,2189,n-zoroark
5,1777,p2,1742,seaking-pre,1286,lopunny-dusknoir
5,1778,p2,2251,sharpedo-toxtricity,0792,lucario-hariyama
5,1779,p1,1335,n-zoroark,2426,lopunny-dusknoir
5,1780,p1,0809,mega-lucario-ex,0684,n-zoroark
5,1781,p1,1714,mega-excadrill-ex,1394,crustle-dri
5,1782,p2,1771,starmie-dusknoir,2167,n-zoroark
5,1783,p2,1370,n-zoroark,1635,lopunny-dudunsparce
5,1784,tie,2393,alakazam-dudunsparce,2406,dragapult-ex
5,1785,p2,2721,alakazam-dudunsparce,1524,crustle-dri
5,1786,p1,1547,dragapult-ex,2130,toxtricity-box
5,1787,p1,1677,dragapult-ex,2334,dragapult-ex
5,1788,p1,2101,dragapult-dusknoir,2461,ethan-typhlosion
5,1789,p1,1186,greninja-ex,2945,diancie-dusknoir
5,1790,p1,2092,n-zoroark,2969,sharpedo-toxtricity
5,1791,p1,2025,ogerpon-meganium-hydrapple,1867,raging-bolt-ogerpon
5,1792,p2,1238,mega-excadrill-ex,0049,slowking-scr
5,1793,p2,0378,lucario-hariyama,3067,dragapult-ex
5,1794,p1,1255,dragapult-ex,0175,dhelmise-pbl
5,1795,p2,0655,mega-excadrill-ex,1580,festival-lead
5,1796,p1,2793,other,1543,toxtricity-brute-bonnet
5,1797,p2,2254,hop-zacian,2624,lopunny-dudunsparce
5,1798,p2,0693,dragapult-dusknoir,1312,rockets-honchkrow
5,1799,tie,0689,dragapult-dusknoir,2532,dragapult-ex
5,1800,p2,2266,mega-excadrill-ex,2791,dragapult-ex
5,1801,tie,2828,toucannon-pbl,1039,hops-trevenant
5,1802,p1,2078,alakazam-dudunsparce,2993,slowking-scr
5,1803,p2,2330,slowking-scr,1348,alakazam-dudunsparce
5,1804,p2,2593,dragapult-ex,2598,basic-box-m
5,1805,p2,0962,dragapult-blaziken,1121,mega-starmie-ex
5,1806,p1,0207,n-zoroark,0659,alakazam-dudunsparce
5,1807,p1,2428,raging-bolt-ogerpon,3039,sharpedo-toxtricity
5,1808,p1,0041,slowking-scr,1288,lopunny-dudunsparce
5,1809,tie,1568,n-zoroark,0335,flareon-ex
5,1810,tie,1951,dhelmise-pbl,1294,mega-venusaur-ex
5,1811,p2,2045,dragapult-blaziken,0414,dragapult-ex
5,1812,p2,2463,toucannon-pbl,2981,cynthia-garchomp-ex
5,1813,tie,3047,dragapult-blaziken,0239,lopunny-dusknoir
5,1814,p2,1959,dragapult-ex,0664,slowking-scr
5,1815,p2,1531,dhelmise-pbl,0077,ogerpon-meganium-hydrapple
5,1816,p2,1660,dragapult-ex,0327,crustle-dri
5,1817,tie,2237,slowking-scr,1935,slowking-scr
5,1818,p1,0103,dragapult-blaziken,1197,dragapult-dusknoir
5,1819,p1,2515,beedrill-ex-cri,2281,grimmsnarl-froslass
5,1820,p1,2647,dragapult-ex,0173,sharpedo-toxtricity
5,1821,p1,1886,dragapult-dusknoir,1532,blaziken-ex-jtg
5,1822,p1,3013,rockets-honchkrow,0564,mega-venusaur-ex
5,1823,tie,2197,dragapult-blaziken,0426,alakazam-dudunsparce
5,1824,p1,2387,other,2443,dhelmise-pbl
5,1825,p2,0828,mega-feraligatr-ex,3018,beedrill-ex-cri
5,1826,tie,2586,crustle-dri,1786,dragapult-ex
5,1827,tie,3062,rockets-honchkrow,2033,basic-box-m
5,1828,tie,0507,crustle-dri,0555,n-zoroark
5,1829,p2,1431,rocket-mewtwo-ex,2008,basic-box-m
5,1830,p2,2038,festival-lead,2507,mega-excadrill-ex
5,1831,p2,2404,mega-excadrill-ex,2697,n-zoroark
5,1832,p1,1425,cynthia-garchomp-ex,1092,mega-greninja-ex
5,1833,p2,1790,dragapult-dusknoir,1791,mega-excadrill-ex
5,1834,p2,0473,n-zoroark,2176,n-zoroark
5,1835,p2,0918,raging-bolt-ogerpon,2079,alakazam-dudunsparce
5,1836,p1,2837,dragapult-dusknoir,1078,cinccino-ex
5,1837,p1,2822,grimmsnarl-froslass,2374,mega-excadrill-ex
5,1838,p2,2500,manectric-eelektrik,0517,festival-lead
5,1839,p1,1530,dragapult-ex,2921,dragapult-dusknoir
5,1840,p2,0783,ogerpon-meganium-hydrapple,0433,rockets-honchkrow
5,1841,p2,0842,starmie-froslass,0697,slowking-scr
5,1842,p2,0216,grimmsnarl-froslass,0157,hydreigon-ex
5,1843,p1,2487,crustle-dri,2558,rockets-honchkrow
5,1844,p1,0301,dragapult-ex,0716,alakazam-dudunsparce
5,1845,p1,1028,dragapult-ex,0268,dragapult-ex
5,1846,p2,2559,yanmega-ex,1074,ethan-typhlosion
5,1847,p2,1503,alakazam-dudunsparce,1056,alakazam-dudunsparce
5,1848,p1,2605,mega-excadrill-ex,3045,kangaskhan-bouffalant
5,1849,p2,1458,alakazam-dudunsparce,0115,grimmsnarl-froslass
5,1850,tie,0919,lucario-hariyama,2580,raging-bolt-ogerpon
5,1851,p2,1857,ogerpon-meganium-hydrapple,2839,starmie-froslass
5,1852,p2,0987,dragapult-ex,0975,raging-bolt-ogerpon
5,1853,tie,3079,dragapult-blaziken,0068,beedrill-ex-cri
5,1854,p1,1699,alakazam-dusknoir,1140,doublade-por
5,1855,p2,1591,?metagross,2445,basic-box-m
5,1856,p2,0834,other,0370,dragapult-ex
5,1857,p1,1905,rocket-mewtwo-ex,3121,dragapult-ex
5,1858,p1,0572,dragapult-blaziken,1861,mega-abomasnow-ex
5,1859,p2,1006,ceruledge-ex,2653,ethan-typhlosion
5,1860,p2,2001,rockets-honchkrow,0614,slowking-scr
5,1861,p2,2979,beedrill-ex-cri,2954,lucario-hariyama
5,1862,p2,0089,mega-abomasnow-ex,0007,dragapult-ex
5,1863,p1,1957,n-zoroark,1859,mega-darkrai-ex
5,1864,p2,0760,ethan-typhlosion,2563,alakazam-dusknoir
5,1865,p2,0495,mega-excadrill-ex,0515,dragapult-dusknoir
5,1866,p2,3008,basic-box-m,2482,festival-lead
5,1867,p1,1366,sharpedo-toxtricity,2817,slowking-scr
5,1868,p2,1220,other,0910,mega-chandelure-ex
5,1869,p1,2010,manectric-eelektrik,0526,starmie-froslass
5,1870,p2,2267,ogerpon-meganium-hydrapple,2990,basic-box-m
5,1871,tie,1449,dragapult-blaziken,1760,mega-excadrill-ex
5,,bye,2676,cinccino-ex,,
6,501,p2,2836,mega-excadrill-ex,1952,slowking-scr
6,502,p2,0435,dragapult-ex,1397,raging-bolt-ogerpon
6,503,p2,2540,lucario-hariyama,2722,slowking-scr
6,504,p2,3080,mega-venusaur-ex,0518,crustle-dri
6,505,p2,0013,dragapult-ex,0695,dragapult-ex
6,506,p1,2331,dragapult-ex,2853,n-zoroark
6,507,p2,1509,cynthia-garchomp-ex,2977,basic-box-m
6,508,p1,0679,dragapult-ex,0758,n-zoroark
6,509,p2,1658,alakazam-dusknoir,2216,basic-box-m
6,510,p2,2280,seaking-pre,0872,alakazam-dusknoir
6,511,p2,2224,crustle-dri,2450,dragapult-dusknoir
6,512,p2,1246,dhelmise-pbl,1709,dragapult-dusknoir
6,513,p2,0676,alakazam-dudunsparce,2455,dragapult-ex
6,514,p2,0043,cynthia-garchomp-ex,1169,dragapult-ex
6,515,p2,1567,dragapult-ex,1758,lucario-hariyama
6,516,p2,0270,dragapult-dusknoir,2589,slowking-scr
6,517,tie,1746,crustle-dri,0610,dragapult-ex
6,518,tie,1652,dragapult-blaziken,0143,basic-box-m
6,519,p1,2046,dragapult-ex,0321,alakazam-dudunsparce
6,520,p2,1060,mega-excadrill-ex,1400,dragapult-dusknoir
6,521,p1,1457,dragapult-ex,1341,dragapult-ex
6,522,p2,1155,alakazam-dudunsparce,2688,basic-box-m
6,523,p1,0535,crustle-dri,1700,n-zoroark
6,524,p2,2094,sharpedo-toxtricity,1999,festival-lead
6,525,p1,1735,sharpedo-toxtricity,0780,n-zoroark
6,526,p1,2718,basic-box-m,0894,dragapult-blaziken
6,527,p1,1325,dragapult-ex,0063,lucario-hariyama
6,528,p1,1324,dragapult-ex,2401,dragapult-ex
6,529,p1,0578,crustle-dri,1005,alakazam-dudunsparce
6,530,p2,1628,n-zoroark,0017,dragapult-ex
6,531,p2,1888,cynthia-garchomp-ex,1689,basic-box-m
6,532,p2,0202,crustle-dri,0105,slowking-scr
6,533,p1,1956,basic-box-m,1783,dragapult-blaziken
6,534,p1,2509,dragapult-dusknoir,0831,dragapult-ex
6,535,p2,0582,dragapult-ex,1990,dragapult-ex
6,536,p2,2363,festival-lead,1404,n-zoroark
6,537,tie,2878,dhelmise-pbl,0945,dragapult-ex
6,538,p2,1537,mega-excadrill-ex,2131,dragapult-ex
6,539,p1,2795,alakazam-dudunsparce,1354,crustle-dri
6,540,p2,3109,dragapult-ex,0810,dragapult-dusknoir
6,541,p1,2011,n-zoroark,1846,n-zoroark
6,542,p2,0408,dragapult-ex,0054,slowking-scr
6,543,p1,0497,dragapult-ex,0511,n-zoroark
6,544,tie,0787,dragapult-ex,1339,dragapult-ex
6,545,p1,2856,sharpedo-toxtricity,2373,dragapult-dusknoir
6,546,p1,1418,mega-excadrill-ex,0298,n-zoroark
6,547,p2,1199,alakazam-dudunsparce,1314,dragapult-ex
6,548,p2,2225,dhelmise-pbl,1263,lopunny-dudunsparce
6,549,p2,2415,dragapult-ex,2396,n-zoroark
6,550,p1,1592,dragapult-ex,1834,dragapult-ex
6,551,tie,0420,dragapult-dusknoir,1152,crustle-dri
6,552,p1,2838,n-zoroark,2522,dhelmise-pbl
6,553,p1,2112,dragapult-ex,1330,dragapult-ex
6,554,p1,1562,crustle-dri,0911,basic-box-m
6,555,p1,3078,rocket-mewtwo-ex,1296,n-zoroark
6,556,p2,2464,lopunny-dudunsparce,0112,dragapult-dusknoir
6,558,p2,0116,alakazam-dudunsparce,1046,alakazam-dusknoir
6,561,p2,0077,ogerpon-meganium-hydrapple,0122,grimmsnarl-froslass
6,562,p2,0203,lopunny-dudunsparce,0123,dragapult-ex
6,563,p2,2080,basic-box-m,0126,lopunny-dusknoir
6,564,p1,1897,dragapult-ex,0128,dragapult-ex
6,565,p1,0130,dragapult-ex,0691,mega-starmie-ex
6,566,p2,0181,dragapult-ex,0577,mega-excadrill-ex
6,567,p2,0134,alakazam-dudunsparce,1353,dragapult-blaziken
6,568,p1,2639,dragapult-ex,3075,slowking-scr
6,569,p2,1308,dragapult-ex,2881,slowking-scr
6,570,tie,0979,dragapult-blaziken,1040,dragapult-ex
6,571,p1,2859,dragapult-ex,1629,dragapult-ex
6,572,p2,3052,basic-box-m,2819,mega-greninja-ex
6,573,p1,1444,dragapult-ex,2355,alakazam-dudunsparce
6,574,p1,1534,marnie-grimmsnarl-ex,2275,mega-excadrill-ex
6,575,p1,1201,dragapult-blaziken,2314,dragapult-ex
6,576,p2,2427,dragapult-ex,2865,dragapult-dusknoir
6,577,tie,2368,grimmsnarl-froslass,1900,dragapult-ex
6,578,tie,2156,dragapult-ex,1342,cinccino-ex
6,579,p1,2446,lopunny-dudunsparce,1706,dragapult-blaziken
6,580,p2,1662,dragapult-dudunsparce,1469,crustle-dri
6,581,p1,2437,dragapult-blaziken,1202,lopunny-dusknoir
6,582,p1,2181,mega-excadrill-ex,2285,dragapult-ex
6,583,p2,1270,mega-excadrill-ex,2121,alakazam-dudunsparce
6,584,p2,1344,festival-lead,0107,dragapult-dusknoir
6,585,p1,0569,basic-box-m,0360,crustle-dri
6,586,tie,1513,basic-box-m,0500,basic-box-m
6,587,p2,1720,festival-lead,2988,dragapult-ex
6,588,tie,0743,dragapult-ex,2262,crustle-dri
6,589,p2,1177,lucario-hariyama,0136,dragapult-ex
6,590,p2,0142,dragapult-ex,1934,slowking-scr
6,591,p2,2328,dragapult-ex,2253,crustle-dri
6,592,p1,1579,mega-starmie-ex,0596,dragapult-dusknoir
6,593,p1,0821,slowking-scr,0808,dragapult-ex
6,594,p1,1008,dragapult-blaziken,2040,ogerpon-meganium-arboliva
6,595,p1,2303,rocket-mewtwo-ex,2476,mega-excadrill-ex
6,596,tie,1472,slowking-scr,1315,grimmsnarl-froslass
6,597,p1,2198,dragapult-ex,1740,slowking-scr
6,598,p1,1686,toxtricity-box,0079,slowking-scr
6,599,p2,2413,crustle-dri,2168,starmie-dusknoir
6,600,p2,2751,greninja-ex,1232,dhelmise-pbl
6,601,tie,1322,slowking-scr,1393,dragapult-ex
6,602,p1,0732,dhelmise-pbl,1772,dragapult-ex
6,603,p1,0165,basic-box-m,2217,lucario-hariyama
6,605,p1,2353,dragapult-ex,0209,dragapult-blaziken
6,606,p1,1889,dragapult-dusknoir,1615,sharpedo-toxtricity
6,607,p1,2199,dragapult-ex,1192,basic-box-m
6,608,tie,1184,dragapult-ex,2963,mega-excadrill-ex
6,609,p2,2242,alakazam-dusknoir,0162,dragapult-ex
6,610,p1,2380,dragapult-dusknoir,2771,alakazam-dudunsparce
6,611,p2,2412,starmie-dusknoir,1987,dragapult-ex
6,612,p1,2150,dragapult-dusknoir,1042,dragapult-ex
6,613,p1,2666,slowking-scr,2081,dragapult-ex
6,614,tie,1946,dragapult-ex,1962,dragapult-ex
6,615,tie,2978,n-zoroark,2809,basic-box-m
6,616,p2,1811,n-zoroark,1392,mega-excadrill-ex
6,617,p2,1705,grimmsnarl-froslass,2686,ogerpon-meganium
6,618,p2,1926,mega-absol-box,2432,mega-excadrill-ex
6,619,tie,2346,slowking-scr,1616,mega-excadrill-ex
6,620,p1,0057,dragapult-ex,2569,dragapult-blaziken
6,621,p2,0876,basic-box-m,0204,n-zoroark
6,622,p2,0924,dragapult-ex,0700,lopunny-dusknoir
6,623,p2,1480,dhelmise-pbl,2872,n-zoroark
6,624,p1,2307,dragapult-dusknoir,0702,n-zoroark
6,625,p2,1088,beedrill-ex-cri,2433,lucario-hariyama
6,626,p1,1603,lopunny-dusknoir,1651,dragapult-ex
6,627,p1,1068,alakazam-dusknoir,2949,mega-excadrill-ex
6,628,p1,1320,basic-box-m,2553,festival-lead
6,629,p1,1096,dragapult-ex,0010,n-zoroark
6,630,p2,0977,n-zoroark,2109,rockets-honchkrow
6,631,p2,1641,basic-box-m,0407,basic-box-m
6,632,p1,0865,lucario-hariyama,0071,rockets-honchkrow
6,633,p1,2136,festival-lead,0877,festival-lead
6,634,p2,1478,dragapult-dusknoir,1712,?
6,635,p1,2354,dragapult-blaziken,2335,festival-lead
6,636,p2,3092,rockets-honchkrow,0632,slowking-scr
6,637,p2,2137,basic-box-m,2585,rockets-honchkrow
6,638,p1,2004,slowking-scr,1390,lucario-hariyama
6,639,p1,1588,dragapult-ex,1847,grimmsnarl-froslass
6,640,p2,0856,basic-box-m,2719,slowking-scr
6,641,p1,1519,dragapult-blaziken,1596,crustle-dri
6,642,p2,1965,dhelmise-pbl,1229,dragapult-blaziken
6,643,p1,1334,ceruledge-ex,2248,n-zoroark
6,644,p2,3105,dragapult-dusknoir,0981,clefairy-ogerpon
6,645,tie,2629,n-zoroark,2430,dragapult-dusknoir
6,646,p2,1854,kangaskhan-bouffalant,0366,sharpedo-toxtricity
6,647,tie,0801,ogerpon-meganium-hydrapple,2200,alakazam-dusknoir
6,648,p2,0618,n-zoroark,0249,basic-box-m
6,649,p1,2060,festival-lead,0478,n-zoroark
6,650,p1,1015,manectric-eelektrik,1025,festival-lead
6,651,p2,2230,seaking-pre,0205,lucario-hariyama
6,653,p1,3025,dragapult-dusknoir,0305,mega-greninja-ex
6,654,tie,2385,crustle-dri,0423,n-zoroark
6,655,p2,2643,ogerpon-meganium-hydrapple,0706,dragapult-blaziken
6,656,p2,2325,dragapult-ex,2105,basic-box-m
6,657,p1,0768,dragapult-ex,0966,dragapult-ex
6,658,tie,0746,slowking-scr,0508,n-zoroark
6,659,p1,2118,crustle-dri,0449,n-zoroark
6,660,p1,3103,dragapult-ex,1553,crustle-dri
6,661,p2,3005,greninja-ex,2772,dragapult-ex
6,662,p2,2596,mega-excadrill-ex,2247,dragapult-ex
6,663,p2,0320,crustle-dri,3073,mega-venusaur-ex
6,664,p2,2667,mega-lucario-ex,2909,dragapult-ex
6,665,p2,1352,mega-excadrill-ex,0338,n-zoroark
6,666,p1,1874,dragapult-ex,2599,dragapult-ex
6,667,p2,2757,dragapult-ex,1586,slowking-scr
6,668,p2,1792,slowking-scr,2573,n-zoroark
6,669,tie,2358,n-zoroark,2654,dragapult-dusknoir
6,670,p2,0092,raging-bolt-ogerpon,1968,crustle-dri
6,671,p2,1375,basic-box-m,1456,slowking-scr
6,672,p2,1932,dragapult-dusknoir,0534,dragapult-dusknoir
6,673,p2,0055,n-zoroark,0791,ogerpon-meganium-hydrapple
6,674,p1,1494,slowking-scr,1805,dragapult-ex
6,675,tie,2616,alakazam-dudunsparce,0243,dragapult-ex
6,676,p2,1555,dragapult-blaziken,2910,raging-bolt-ogerpon
6,677,p2,2243,dragapult-ex,0868,dragapult-ex
6,678,p1,1794,kangaskhan-bouffalant,2115,dragapult-blaziken
6,679,p2,2851,dragapult-ex,0479,dragapult-dusknoir
6,680,p2,2145,dragapult-dusknoir,0271,dragapult-ex
6,681,tie,2958,basic-box-m,1625,dragapult-blaziken
6,682,p1,2015,festival-lead,0942,lucario-hariyama
6,683,tie,2834,basic-box-m,2621,slowking-scr
6,684,p1,2759,ogerpon-meganium-hydrapple,2323,sharpedo-toxtricity
6,685,p2,2709,dragapult-dusknoir,0153,dragapult-ex
6,686,p2,1259,n-zoroark,2766,crustle-dri
6,687,p2,0241,rockets-honchkrow,2944,dragapult-ex
6,688,p2,2315,dragapult-ex,0884,dragapult-ex
6,689,p1,0486,dragapult-ex,2053,other
6,690,p2,1243,lillie-clefairy,1237,clefairy-ogerpon
6,691,p2,1265,seaking-pre,0417,dragapult-blaziken
6,692,p2,0148,dragapult-ex,1224,lopunny-dusknoir
6,693,tie,2578,crustle-dri,2120,dragapult-ex
6,694,p2,2029,n-zoroark,2395,slowking-scr
6,695,p1,1291,crustle-dri,1460,dragapult-ex
6,696,tie,1921,n-zoroark,2063,slowking-scr
6,697,p2,2370,dragapult-ex,1667,rockets-honchkrow
6,698,tie,2020,dragapult-ex,1759,dragapult-ex
6,699,p1,1260,slowking-scr,1131,rocket-mewtwo-ex
6,700,p2,1828,sharpedo-toxtricity,0851,mega-excadrill-ex
6,701,p1,0620,rockets-honchkrow,2269,crustle-dri
6,702,p2,2024,basic-box-m,0525,crustle-dri
6,703,p2,0491,sharpedo-toxtricity,2776,dragapult-ex
6,704,p1,1671,dhelmise-pbl,1648,dragapult-blaziken
6,705,p1,2138,n-zoroark,0052,dragapult-dusknoir
6,706,p1,1498,festival-lead,0467,mega-excadrill-ex
6,707,tie,2737,dhelmise-pbl,2763,mega-excadrill-ex
6,708,p1,2161,mega-chandelure-ex,1751,mega-excadrill-ex
6,709,p2,0562,basic-box-m,3094,alakazam-dudunsparce
6,710,p1,1734,dragapult-ex,1216,dragapult-dusknoir
6,711,p1,0628,ogerpon-meganium-hydrapple,2044,n-zoroark
6,712,p2,2320,alakazam-dudunsparce,2943,dragapult-blaziken
6,713,p2,1188,dragapult-ex,2195,dragapult-dusknoir
6,714,p1,2781,n-zoroark,0188,alakazam-dudunsparce
6,715,p2,2122,dragapult-ex,1715,crustle-dri
6,716,tie,0094,n-zoroark,1043,dragapult-ex
6,717,p2,2512,alakazam-dudunsparce,1282,n-zoroark
6,718,p1,3066,alakazam-dusknoir,0313,rockets-honchkrow
6,719,p1,1175,basic-box-m,2693,sinistcha-ogerpon
6,720,p1,0804,alakazam-dudunsparce,2876,basic-box-m
6,721,tie,0447,dragapult-ex,2625,mega-excadrill-ex
6,722,p1,0228,basic-box-m,0300,dragapult-ex
6,723,p2,0967,marnie-grimmsnarl-ex,2854,dragapult-dusknoir
6,724,p2,2139,mega-excadrill-ex,2746,festival-lead
6,725,p1,2841,dhelmise-pbl,1961,dragapult-blaziken
6,726,p2,3058,crustle-dri,2065,dragapult-dusknoir
6,727,p2,1214,basic-box-m,1898,dhelmise-pbl
6,728,p1,1227,dragapult-ex,0906,rocket-mewtwo-ex
6,729,p1,2985,dragapult-ex,0718,festival-lead
6,730,p2,2564,n-zoroark,2953,cynthia-garchomp-ex
6,731,p1,1016,dragapult-dudunsparce,1866,mega-venusaur-ex
6,732,p2,2019,dhelmise-pbl,2845,n-zoroark
6,733,p1,1052,n-zoroark,2142,basic-box-m
6,734,p2,1009,slowking-scr,2108,dragapult-dusknoir
6,735,p1,2705,mega-lucario-ex,2364,slowking-scr
6,736,p1,2618,mega-excadrill-ex,0888,n-zoroark
6,737,p2,1297,dragapult-ex,0325,dragapult-ex
6,738,p2,0336,dragapult-dusknoir,2604,slowking-scr
6,739,p1,0663,dragapult-ex,2236,rockets-honchkrow
6,740,p1,2352,alakazam-dudunsparce,1710,basic-box-m
6,741,p2,0766,crustle-dri,0411,basic-box-m
6,742,tie,2518,alakazam-dudunsparce,1871,mega-excadrill-ex
6,743,p2,3009,dragapult-ex,1089,dhelmise-pbl
6,744,p1,2892,grimmsnarl-froslass,0836,dragapult-ex
6,745,p1,1047,n-zoroark,1161,alakazam-dudunsparce
6,746,p2,0391,festival-lead,2689,alakazam-dudunsparce
6,747,p2,1212,crustle-dri,0633,slowking-scr
6,748,p2,1424,mega-excadrill-ex,2027,rockets-honchkrow
6,749,p2,1013,crustle-dri,1233,rocket-mewtwo-ex
6,750,tie,0899,dragapult-blaziken,0172,kangaskhan-bouffalant
6,751,p2,2451,dragapult-ex,2014,dragapult-dusknoir
6,752,p2,0830,ogerpon-meganium-hydrapple,2434,dragapult-ex
6,753,p2,0990,dragapult-dusknoir,0891,n-zoroark
6,754,p1,2193,dragapult-dusknoir,0464,dragapult-ex
6,755,p2,2723,dragapult-ex,3064,starmie-froslass
6,756,p2,2557,slowking-scr,0602,dragapult-ex
6,757,p2,0710,lucario-hariyama,2009,dragapult-ex
6,758,tie,0114,basic-box-m,3036,dragapult-ex
6,759,p2,2882,dragapult-ex,2792,basic-box-m
6,760,p1,1869,dragapult-ex,2973,dragapult-dusknoir
6,761,tie,2057,festival-lead,0214,crustle-dri
6,762,tie,2088,n-zoroark,2525,lopunny-dusknoir
6,763,p1,0816,dragapult-ex,0674,dragapult-ex
6,764,p1,1614,dragapult-blaziken,2852,slowking-scr
6,765,p1,0935,slowking-scr,1780,dragapult-ex
6,766,p1,0591,n-zoroark,2620,grimmsnarl-froslass
6,767,p1,2526,dragapult-ex,3097,basic-box-m
6,768,p2,1108,crustle-dri,0938,n-zoroark
6,769,p1,0466,dragapult-ex,0006,festival-lead
6,770,p1,0141,dragapult-ex,2884,n-zoroark
6,771,p2,1694,cynthia-garchomp-ex,0443,dragapult-ex
6,772,p1,0893,dragapult-ex,2798,beedrill-ex-cri
6,773,tie,2375,n-zoroark,0616,sharpedo-toxtricity
6,774,tie,1164,dragapult-dusknoir,2787,dragapult-ex
6,775,p2,0773,dragapult-ex,1132,slowking-scr
6,776,tie,1302,mega-excadrill-ex,1004,dragapult-froslass
6,777,p1,3070,slowking-scr,0567,dragapult-ex
6,778,p1,2075,slowking-scr,2975,festival-lead
6,779,p2,0817,dhelmise-pbl,2594,mega-excadrill-ex
6,780,tie,3060,dragapult-ex,1902,n-zoroark
6,781,p1,2976,slowking-scr,2378,n-zoroark
6,782,p1,1571,alakazam-dudunsparce,0999,dragapult-ex
6,783,p2,0042,dragapult-dusknoir,0701,alakazam-dudunsparce
6,784,p2,1924,basic-box-m,0024,hops-trevenant
6,785,p1,1612,other,1149,basic-box-m
6,786,p2,2383,dhelmise-pbl,0299,clefairy-ogerpon
6,787,p1,1512,basic-box-m,0318,slowking-scr
6,788,p1,1268,basic-box-m,3001,metagross-cri
6,789,p1,2365,dhelmise-pbl,1943,lucario-hariyama
6,790,tie,2997,cynthia-garchomp-ex,0963,dragapult-ex
6,791,p2,0374,crustle-dri,1023,dragapult-blaziken
6,792,p2,0385,dragapult-ex,2290,dragapult-blaziken
6,793,p2,2623,rockets-honchkrow,0293,grimmsnarl-froslass
6,794,p1,3111,dragapult-ex,2429,dragapult-ex
6,795,p2,2788,alakazam-dudunsparce,2178,dragapult-dusknoir
6,796,p2,0605,dhelmise-pbl,1908,n-zoroark
6,797,p1,1223,dragapult-ex,1091,dragapult-ex
6,798,p1,2241,dragapult-dusknoir,1222,mega-excadrill-ex
6,799,p2,1535,cynthia-garchomp-ex,0067,basic-box-m
6,800,p1,2683,ogerpon-meganium-hydrapple,2614,dhelmise-pbl
6,801,p2,0319,basic-box-m,1590,lopunny-dudunsparce
6,802,p1,0174,lucario-hariyama,2659,toxtricity-box
6,803,p1,1438,slowking-scr,1111,dragapult-ex
6,804,p1,0882,dragapult-ex,1350,n-zoroark
6,805,tie,1873,dragapult-blaziken,0627,dragapult-ex
6,806,p1,1732,dragapult-ex,2821,festival-lead
6,807,p1,3046,grimmsnarl-froslass,2727,slowking-scr
6,808,tie,1033,basic-box-m,0189,ogerpon-meganium-hydrapple
6,809,p1,0468,basic-box-m,0903,rocket-spidops
6,810,p2,0559,diancie-dusknoir,2484,n-zoroark
6,811,p2,1254,alakazam-dudunsparce,0976,alakazam-dusknoir
6,812,tie,0220,slowking-scr,2071,beedrill-ex-cri
6,813,p1,2384,basic-box-m,0437,mega-chandelure-ex
6,814,p2,0265,rockets-honchkrow,3054,dragapult-ex
6,815,p2,0514,dragapult-ex,2234,dhelmise-pbl
6,816,p2,2886,slowking-scr,2030,dragapult-dusknoir
6,817,p2,1617,festival-lead,1724,dragapult-ex
6,818,p1,2912,lopunny-dusknoir,2494,dragapult-ex
6,819,p2,0736,dragapult-ex,1890,crustle-dri
6,820,p2,2186,dragapult-ex,2153,alakazam-dudunsparce
6,821,tie,1991,sharpedo-toxtricity,1536,alakazam-dudunsparce
6,822,p1,1361,dragapult-dusknoir,0291,crustle-dri
6,823,p1,1139,festival-lead,2256,alakazam-dusknoir
6,824,p1,1835,seaking-pre,1626,ogerpon-meganium-hydrapple
6,825,p1,1453,rockets-honchkrow,1200,festival-lead
6,826,p2,2376,dragapult-ex,0258,dragapult-ex
6,827,tie,1363,dragapult-blaziken,1851,dragapult-ex
6,828,tie,2815,dragapult-ex,1331,n-zoroark
6,829,p2,2202,dragapult-dusknoir,2651,slowking-scr
6,830,p2,2879,crustle-dri,0913,lucario-hariyama
6,831,p1,1581,dragapult-dusknoir,2245,dragapult-blaziken
6,832,p2,0184,n-zoroark,2626,festival-lead
6,833,p1,1443,crustle-dri,0681,dragapult-dusknoir
6,834,p1,0537,cynthia-garchomp-ex,1839,n-zoroark
6,835,p1,0442,dragapult-ex,2498,dragapult-ex
6,836,p2,0400,alakazam-dudunsparce,1022,dragapult-dusknoir
6,837,p2,0864,festival-lead,0489,dragapult-blaziken
6,838,p2,0111,dragapult-blaziken,1558,slowking-scr
6,839,p1,0767,sharpedo-toxtricity,0833,sharpedo-toxtricity
6,840,p1,1064,dragapult-blaziken,1178,slowking-scr
6,841,p2,1862,dragapult-ex,1748,dragapult-dusknoir
6,842,p2,0194,dragapult-blaziken,2724,n-zoroark
6,843,p2,0723,cynthia-garchomp-ex,3093,dragapult-ex
6,844,p2,1499,dragapult-ex,0282,mega-excadrill-ex
6,845,p2,1058,n-zoroark,0527,dragapult-ex
6,846,p1,1775,rockets-honchkrow,0160,n-zoroark
6,847,p2,1099,dragapult-dusknoir,3011,dragapult-ex
6,848,tie,0027,dragapult-ex,2799,n-zoroark
6,849,p2,1153,dragapult-blaziken,0317,starmie-dusknoir
6,850,p2,0302,n-zoroark,1950,dragapult-ex
6,851,p2,2567,basic-box-m,0164,rockets-honchkrow
6,852,tie,2338,crustle-dri,3010,dragapult-ex
6,853,p1,1077,alakazam-dusknoir,0883,mega-excadrill-ex
6,854,p2,0471,seaking-pre,2622,lucario-hariyama
6,855,p1,1774,dragapult-ex,3006,rocket-mewtwo-ex
6,856,p1,1855,rockets-honchkrow,1557,hop-zacian
6,857,p1,1931,crustle-dri,3027,n-zoroark
6,858,p2,1708,greninja-ex,2568,mega-excadrill-ex
6,859,p2,0531,dragapult-ex,1812,basic-box-m
6,860,p2,1374,dragapult-ex,0541,dragapult-dusknoir
6,861,p2,0778,ogerpon-meganium-hydrapple,0427,lucario-hariyama
6,862,p1,1896,dragapult-dusknoir,0106,ogerpon-meganium-hydrapple
6,863,p2,2675,lucario-hariyama,2249,hops-trevenant
6,864,tie,1872,tera-box,0997,dragapult-ex
6,865,p1,0675,dragapult-dusknoir,3000,ethan-typhlosion
6,866,p2,2541,dhelmise-pbl,0705,dhelmise-pbl
6,867,tie,0665,dragapult-ex,1838,n-zoroark
6,868,p1,2896,dragapult-blaziken,2394,festival-lead
6,869,p1,0824,starmie-dusknoir,2035,alakazam-dudunsparce
6,870,tie,0263,alakazam-dudunsparce,1421,dragapult-ex
6,871,p1,2119,dragapult-ex,2366,dragapult-ex
6,872,p2,3016,dhelmise-pbl,2600,crustle-dri
6,873,p1,3085,alakazam-dudunsparce,3049,sharpedo-toxtricity
6,874,p2,1455,dragapult-dusknoir,2160,dragapult-ex
6,875,p2,0158,lucario-hariyama,1090,basic-box-m
6,876,p1,1879,slowking-scr,1542,n-zoroark
6,877,p1,0218,dragapult-ex,0728,ogerpon-meganium-hydrapple
6,878,p1,1741,alakazam-dusknoir,0069,festival-lead
6,879,p2,2835,basic-box-m,1518,festival-lead
6,880,p1,1789,n-zoroark,2459,basic-box-m
6,881,p2,0930,rocket-mewtwo-ex,2439,dragapult-dusknoir
6,882,p1,2231,basic-box-m,1767,dhelmise-pbl
6,883,p1,0346,lucario-hariyama,1683,raging-bolt-ogerpon
6,884,p1,0224,dragapult-ex,1034,dragapult-ex
6,885,p1,2129,alakazam-dudunsparce,0453,dragapult-ex
6,886,p1,1417,ogerpon-meganium-hydrapple,2950,n-zoroark
6,887,p1,1610,slowking-scr,2700,dhelmise-pbl
6,888,p2,3017,alakazam-dudunsparce,3065,dragapult-ex
6,889,p2,0890,dragapult-ex,0626,dragapult-blaziken
6,890,tie,1823,dragapult-dusknoir,2486,n-zoroark
6,891,p1,2260,dragapult-ex,1668,dragapult-ex
6,892,p2,0276,cynthia-garchomp-ex,1940,alakazam-dusknoir
6,893,p1,2182,alakazam-dudunsparce,2894,mega-excadrill-ex
6,894,p1,0402,crustle-dri,1079,slowking-scr
6,895,p1,2761,festival-lead,2756,alakazam-dusknoir
6,896,p2,0644,lopunny-dusknoir,0806,lucario-hariyama
6,897,p1,2931,dragapult-ex,0367,dragapult-ex
6,898,p1,0672,dragapult-ex,1633,rockets-honchkrow
6,899,p2,0353,dragapult-ex,3071,crustle-dri
6,900,tie,0359,basic-box-m,2996,starmie-froslass
6,901,p1,0698,dhelmise-pbl,0076,basic-box-m
6,902,p2,0102,dragapult-ex,2952,grimmsnarl-froslass
6,903,p2,0386,dragapult-ex,1939,dragapult-dusknoir
6,904,p2,0972,mega-lucario-ex,1942,lucario-hariyama
6,905,p2,0225,rockets-honchkrow,2745,dragapult-ex
6,906,p1,1126,grimmsnarl-froslass,1563,dragapult-ex
6,907,tie,2399,slowking-scr,1878,rocket-spidops
6,908,p2,0516,grimmsnarl-froslass,0647,dragapult-ex
6,909,p2,2157,dragapult-dusknoir,0523,alakazam-dusknoir
6,910,p2,1163,crustle-dri,2901,crustle-dri
6,911,p1,1125,n-zoroark,0009,basic-box-m
6,912,p2,1810,crustle-dri,2530,lopunny-dusknoir
6,913,p1,3108,mega-chandelure-ex,0251,crustle-dri
6,914,p1,0502,dhelmise-pbl,0176,starmie-dusknoir
6,915,p1,0070,basic-box-m,1881,n-zoroark
6,916,p1,2454,n-zoroark,2031,slowking-scr
6,917,p2,2738,lopunny-dudunsparce,1505,dragapult-blaziken
6,918,p1,2069,rockets-honchkrow,3068,dragapult-ex
6,919,p1,0277,basic-box-m,0255,crustle-dri
6,920,p2,2842,mega-excadrill-ex,2966,dragapult-dusknoir
6,921,p1,1037,dragapult-blaziken,2714,beedrill-ex-cri
6,922,p1,2731,dragapult-dusknoir,2276,mega-excadrill-ex
6,923,p2,1570,dhelmise-pbl,1561,dragapult-ex
6,924,tie,0340,palafin-ex,1983,okidogi-barbaracle
6,925,p2,1731,raging-bolt-ogerpon,2762,festival-lead
6,926,p1,2672,n-zoroark,2520,ogerpon-meganium-hydrapple
6,927,p1,1849,ogerpon-meganium-hydrapple,2994,mega-lucario-ex
6,928,p1,0982,mega-chandelure-ex,1206,alakazam-dudunsparce
6,929,p2,0144,mega-lucario-ex,1702,dhelmise-pbl
6,930,p1,1533,slowking-scr,0733,basic-box-m
6,931,p2,1170,slowking-scr,3082,dragapult-dusknoir
6,932,p1,1146,kangaskhan-bouffalant,1210,mega-excadrill-ex
6,933,p1,0671,crustle-dri,3096,crustle-dri
6,934,tie,1815,rockets-honchkrow,1281,dragapult-ex
6,935,p1,1621,other,2405,basic-box-m
6,936,p2,2513,slowking-scr,1863,dragapult-ex
6,937,tie,1969,dragapult-dusknoir,1964,mega-charizard-x-ex
6,938,p2,2825,dhelmise-pbl,2858,slowking-scr
6,939,tie,0371,dragapult-dusknoir,3034,mega-excadrill-ex
6,940,p1,2665,slowking-scr,2804,dragapult-ex
6,941,p2,0244,lucario-hariyama,0151,dragapult-ex
6,942,tie,2782,crustle-dri,1970,dragapult-ex
6,943,p2,0713,ethan-typhlosion,0845,alakazam-dudunsparce
6,944,p1,2843,mega-chandelure-ex,0110,dragapult-blaziken
6,945,p2,2449,other,0086,mega-venusaur-ex
6,946,p1,0613,dragapult-dusknoir,0245,dragapult-ex
6,947,p1,1556,festival-lead,0652,grimmsnarl-froslass
6,948,p2,0774,alakazam-dusknoir,1577,dragapult-ex
6,949,tie,2470,dhelmise-pbl,2730,n-zoroark
6,950,p1,0375,dragapult-ex,2895,dhelmise-pbl
6,951,p1,1880,alakazam-dudunsparce,0598,n-zoroark
6,952,p1,0098,dragapult-ex,0853,slowking-scr
6,953,p1,2965,mega-excadrill-ex,0761,cynthia-garchomp-ex
6,954,p2,2611,dragapult-ex,1687,crustle-dri
6,955,p2,2321,beedrill-ex-cri,0734,mega-excadrill-ex
6,956,p2,2775,alakazam-dudunsparce,2560,n-zoroark
6,957,p2,1419,dragapult-dusknoir,1402,dragapult-ex
6,958,p2,0579,dhelmise-pbl,2170,dragapult-blaziken
6,959,p2,1251,sharpedo-toxtricity,2460,basic-box-m
6,960,p2,1321,crustle-dri,0275,dragapult-ex
6,961,p2,3007,slowking-scr,2575,basic-box-m
6,962,p1,1448,dragapult-dusknoir,2177,dragapult-dusknoir
6,963,p2,1257,alakazam-dudunsparce,0973,dragapult-dusknoir
6,964,p2,1884,mega-lucario-ex,0800,basic-box-m
6,965,p1,2742,dragapult-dusknoir,2550,mega-excadrill-ex
6,966,p1,1594,dragapult-ex,2658,dragapult-ex
6,967,p2,0827,dragapult-dusknoir,1909,lillie-clefairy
6,968,p2,3014,dragapult-ex,2785,dragapult-ex
6,969,p1,1179,dragapult-dusknoir,2052,n-zoroark
6,970,p1,1638,dragapult-ex,0985,basic-box-m
6,971,p1,0648,clefairy-ogerpon,1154,flareon-noctowl
6,972,p2,2435,festival-lead,1248,slowking-scr
6,973,p1,0088,dragapult-blaziken,1035,basic-box-m
6,974,p1,0653,dragapult-dusknoir,2983,mega-chandelure-ex
6,975,p1,1948,mega-excadrill-ex,2584,festival-lead
6,976,p1,2362,alakazam-dusknoir,1323,lucario-hariyama
6,977,p2,0058,mega-greninja-ex,2529,n-zoroark
6,978,p1,1346,dragapult-ex,0658,greninja-ex
6,979,p1,1117,dragapult-ex,2508,festival-lead
6,980,p2,1165,slowking-scr,0781,slowking-scr
6,981,tie,2444,dragapult-ex,1824,alakazam-dudunsparce
6,982,p1,1032,mega-lucario-ex,1122,basic-box-m
6,983,tie,2818,mega-excadrill-ex,2982,dhelmise-pbl
6,984,p1,2465,dragapult-ex,2478,dragapult-blaziken
6,985,p2,2146,dragapult-ex,2298,lucario-hariyama
6,986,p2,2299,crustle-dri,2457,mega-excadrill-ex
6,987,p1,0634,alakazam-dudunsparce,3074,lopunny-dusknoir
6,988,p2,2642,dragapult-ex,3035,n-zoroark
6,989,tie,0687,dragapult-ex,1868,ethan-typhlosion
6,990,p1,0192,basic-box-m,0553,rockets-honchkrow
6,991,p2,1399,dragapult-blaziken,1891,dragapult-blaziken
6,992,p1,0451,dragapult-blaziken,2403,dragapult-blaziken
6,993,p2,0392,dragapult-dusknoir,2903,dragapult-dudunsparce
6,994,p2,1606,dragapult-blaziken,0376,dragapult-dusknoir
6,995,tie,0886,mega-lucario-ex,0060,crustle-dri
6,996,tie,2582,alakazam-dudunsparce,1680,seaking-pre
6,997,p2,2117,dragapult-dusknoir,0759,dragapult-dusknoir
6,998,p2,1147,dhelmise-pbl,0604,dragapult-blaziken
6,999,p1,1523,basic-box-m,0002,lucario-hariyama
6,1000,p1,2233,n-zoroark,2308,dhelmise-pbl
6,1001,p2,1356,alakazam-dusknoir,3106,alakazam-dudunsparce
6,1002,tie,2259,dragapult-blaziken,2574,lopunny-dudunsparce
6,1003,p1,1620,other,2257,mega-excadrill-ex
6,1004,p2,2758,mega-excadrill-ex,0217,dhelmise-pbl
6,1005,p1,0333,basic-box-m,0383,slowking-scr
6,1006,tie,1522,basic-box-m,1218,dragapult-ex
6,1007,p1,2163,n-zoroark,2608,dragapult-blaziken
6,1008,p2,2467,rockets-honchkrow,1520,dragapult-dusknoir
6,1009,p1,2964,basic-box-m,0703,dragapult-dusknoir
6,1010,p2,1910,dragapult-dusknoir,0892,sharpedo-toxtricity
6,1011,p2,2862,mega-excadrill-ex,1209,raging-bolt-ogerpon
6,1012,p2,1831,dragapult-ex,2003,slowking-scr
6,1013,p2,1995,alakazam-dudunsparce,0631,dragapult-ex
6,1014,p1,1813,ogerpon-meganium-hydrapple,1098,dragapult-ex
6,1015,tie,0931,crustle-dri,1234,basic-box-m
6,1016,p2,2701,rockets-honchkrow,1468,dragapult-ex
6,1017,p1,1704,basic-box-m,1966,lopunny-dusknoir
6,1018,tie,2595,dragapult-blaziken,0248,basic-box-m
6,1019,tie,0213,crustle-dri,2716,ogerpon-meganium-hydrapple
6,1020,p2,2061,slowking-scr,1781,crustle-dri
6,1021,p1,0991,lopunny-dusknoir,3072,alakazam-dudunsparce
6,1022,tie,3012,alakazam-dudunsparce,2925,basic-box-m
6,1023,p2,1029,dragapult-blaziken,1766,basic-box-m
6,1024,p1,2124,lucario-hariyama,1377,rockets-honchkrow
6,1025,p1,0857,dragapult-blaziken,1804,alakazam-dudunsparce
6,1026,p2,2162,ceruledge-ex,2780,n-zoroark
6,1027,p2,1697,ogerpon-meganium-hydrapple,0156,dragapult-ex
6,1028,tie,1928,dragapult-ex,2270,dragapult-blaziken
6,1029,p1,0782,dragapult-blaziken,1808,dhelmise-pbl
6,1030,p1,1919,mega-excadrill-ex,2867,lopunny-dudunsparce
6,1031,p1,0923,dragapult-dusknoir,0668,dragapult-ex
6,1032,p2,2481,alakazam-dudunsparce,2274,lucario-hariyama
6,1033,p1,2187,lucario-hariyama,1435,dragapult-ex
6,1034,p1,0087,dragapult-ex,0986,dragapult-ex
6,1035,tie,0532,dragapult-ex,1332,lopunny-dusknoir
6,1036,p2,1271,dragapult-dusknoir,0150,dragapult-dusknoir
6,1037,p2,0914,mega-lucario-ex,2026,dragapult-dusknoir
6,1038,p2,0739,slowking-scr,0428,dragapult-ex
6,1039,p2,0678,mega-excadrill-ex,0344,raging-bolt-ogerpon
6,1040,p1,0047,dragapult-dudunsparce,0397,dragapult-blaziken
6,1041,p2,0550,n-zoroark,0529,dragapult-ex
6,1042,p2,1817,rocket-spidops,0554,rocket-mewtwo-ex
6,1043,p1,2480,lucario-hariyama,2830,slowking-scr
6,1044,p2,0369,slowking-scr,1211,n-zoroark
6,1045,p1,1744,dragapult-ex,2263,palafin-ex
6,1046,tie,0686,n-zoroark,0028,dragapult-ex
6,1047,p1,1069,dragapult-ex,2037,dragapult-dusknoir
6,1048,p1,0754,hops-trevenant,1036,ogerpon-meganium-hydrapple
6,1049,p1,0753,kangaskhan-bouffalant,1299,slowking-scr
6,1050,p1,0928,dhelmise-pbl,1527,alakazam-dudunsparce
6,1051,p2,1858,dragapult-dusknoir,0133,n-zoroark
6,1052,p2,0014,dragapult-ex,2116,basic-box-m
6,1053,tie,0457,dragapult-ex,2885,alakazam-dudunsparce
6,1054,p1,1753,mega-excadrill-ex,1445,dragapult-ex
6,1055,tie,0640,dragapult-dudunsparce,2214,basic-box-m
6,1056,p1,0201,dragapult-dusknoir,1549,mega-lucario-ex
6,1057,tie,0547,dragapult-dusknoir,0050,mega-excadrill-ex
6,1058,p2,0777,dragapult-blaziken,0574,n-zoroark
6,1059,p1,1226,dragapult-dusknoir,1763,dragapult-blaziken
6,1060,p1,0548,dragapult-ex,0996,crustle-dri
6,1061,p2,0455,mega-excadrill-ex,2491,dragapult-ex
6,1062,p1,3044,grimmsnarl-froslass,2601,dragapult-dusknoir
6,1063,p1,2166,n-zoroark,1395,mega-lucario-ex
6,1064,p1,2067,crustle-dri,2735,dragapult-ex
6,1065,p2,1992,dragapult-ex,0099,n-zoroark
6,1066,p1,2085,grimmsnarl-froslass,2770,dragapult-ex
6,1067,p1,2002,ogerpon-meganium-hydrapple,1672,basic-box-m
6,1068,p1,2397,dragapult-ex,1242,mega-chandelure-ex
6,1069,p1,2890,festival-lead,1411,n-zoroark
6,1070,p2,0818,n-zoroark,2870,dragapult-dusknoir
6,1071,p2,0356,dhelmise-pbl,2144,dragapult-blaziken
6,1072,p1,1198,mega-excadrill-ex,0440,festival-lead
6,1073,tie,1885,dhelmise-pbl,2572,dragapult-blaziken
6,1074,p1,1054,dragapult-ex,0621,mega-excadrill-ex
6,1075,p1,1600,greninja-ex,1484,mega-excadrill-ex
6,1076,p1,0240,seaking-pre,2076,slowking-scr
6,1077,p2,2579,dragapult-blaziken,0505,dragapult-ex
6,1078,p2,0482,dragapult-blaziken,0793,dragapult-ex
6,1079,p2,1595,dragapult-ex,2533,dragapult-ex
6,1080,p1,0065,n-zoroark,0413,dragapult-ex
6,1081,p2,1072,alakazam-dudunsparce,2706,dragapult-dusknoir
6,1082,p1,2635,crustle-dri,0021,n-zoroark
6,1083,p1,1960,dragapult-blaziken,1986,alakazam-dudunsparce
6,1084,p2,1875,ogerpon-meganium-hydrapple,2084,alakazam-dudunsparce
6,1085,p1,0944,crustle-dri,1167,dragapult-ex
6,1086,p1,0789,n-zoroark,1821,n-zoroark
6,1087,p1,2475,n-zoroark,0852,grimmsnarl-froslass
6,1088,p2,2169,ethan-typhlosion,0137,dragapult-ex
6,1089,p1,1819,dragapult-ex,0288,dragapult-blaziken
6,1090,p2,3063,basic-box-m,1071,dragapult-ex
6,1091,p2,2098,ogerpon-meganium,3029,dragapult-blaziken
6,1092,p1,2531,alakazam-dudunsparce,1727,paldean-tauros-pfl
6,1093,p1,0230,festival-lead,0680,mega-excadrill-ex
6,1094,p2,2488,mega-lucario-ex,1587,slowking-scr
6,1095,p2,2663,mega-excadrill-ex,2638,lucario-hariyama
6,1096,p2,0595,dragapult-ex,2915,slowking-scr
6,1097,tie,2932,mega-excadrill-ex,2547,dragapult-ex
6,1098,p1,0444,slowking-scr,1729,ogerpon-meganium-hydrapple
6,1099,tie,2850,n-zoroark,0185,ogerpon-meganium-arboliva
6,1100,p2,1190,ogerpon-meganium-hydrapple,2077,dragapult-ex
6,1101,p1,2877,ogerpon-meganium-hydrapple,1602,alakazam-dudunsparce
6,1102,p2,0308,mega-excadrill-ex,2597,mega-chandelure-ex
6,1103,p2,0745,dragapult-ex,0543,n-zoroark
6,1104,p2,0673,grimmsnarl-froslass,2357,basic-box-m
6,1105,p2,2416,ursaluna-lunatone,0081,rockets-honchkrow
6,1106,p2,1280,dragapult-dudunsparce,0016,alakazam-dudunsparce
6,1107,p1,2668,dragapult-ex,1938,dragapult-blaziken
6,1108,p2,0082,dragapult-ex,0950,n-zoroark
6,1109,p2,3022,dragapult-ex,2827,n-zoroark
6,1110,p2,0855,rockets-honchkrow,1207,ogerpon-meganium-arboliva
6,1111,p2,1191,dragapult-ex,2111,crustle-dri
6,1112,p2,0558,rockets-honchkrow,0283,dragapult-ex
6,1113,p2,1213,dragapult-blaziken,0799,dhelmise-pbl
6,1114,p1,1637,basic-box-m,2883,alakazam-dudunsparce
6,1115,tie,1830,ogerpon-meganium-hydrapple,0460,crustle-dri
6,1116,tie,2417,dragapult-blaziken,1756,clefairy-ogerpon
6,1117,p2,0326,dragapult-ex,1691,dragapult-ex
6,1118,p2,0998,dragapult-blaziken,3033,basic-box-m
6,1119,p1,0053,dragapult-ex,1597,dragapult-ex
6,1120,p2,1666,dragapult-ex,2359,n-zoroark
6,1121,p1,0959,dhelmise-pbl,0131,dhelmise-pbl
6,1122,p1,2471,sharpedo-toxtricity,0612,n-zoroark
6,1123,p1,2102,mega-excadrill-ex,2832,dragapult-ex
6,1124,p1,0210,dragapult-ex,1844,mega-venusaur-ex
6,1125,p2,2974,alakazam-dudunsparce,0481,lucario-hariyama
6,1126,p2,1436,alakazam-dudunsparce,2922,rockets-honchkrow
6,1127,p1,0860,dragapult-blaziken,2962,dragapult-dusknoir
6,1128,p1,2628,mega-excadrill-ex,2535,dragapult-ex
6,1129,p1,0960,okidogi-barbaracle,2685,dragapult-dusknoir
6,1130,p2,2391,mega-greninja-ex,2774,alakazam-dudunsparce
6,1131,p1,1307,cynthia-garchomp-ex,2409,slowking-scr
6,1132,tie,0463,dragapult-ex,1359,dragapult-ex
6,1133,p2,2581,?metagross,1998,lopunny-dusknoir
6,1134,p1,2203,dragapult-blaziken,1894,n-zoroark
6,1135,p1,1659,n-zoroark,0683,mega-excadrill-ex
6,1136,p1,1063,crustle-dri,0161,dragapult-blaziken
6,1137,p2,2472,sharpedo-toxtricity,0815,dragapult-ex
6,1138,p2,2332,dragapult-ex,0284,n-zoroark
6,1139,p1,1978,dragapult-ex,1193,dragapult-ex
6,1140,p1,2152,dragapult-ex,2800,dragapult-ex
6,1141,p1,2609,festival-lead,2805,n-zoroark
6,1142,p2,1798,dragapult-ex,2864,dragapult-ex
6,1143,p1,2000,crustle-dri,2442,dragapult-ex
6,1144,p2,2898,dragapult-dusknoir,1171,n-zoroark
6,1145,p1,2897,basic-box-m,0751,alakazam-dudunsparce
6,1146,p1,0294,crustle-dri,0861,dragapult-blaziken
6,1147,p1,1464,dragapult-blaziken,2028,mega-excadrill-ex
6,1148,p1,1311,mega-excadrill-ex,1463,dragapult-ex
6,1149,p1,2360,dragapult-blaziken,0661,dragapult-blaziken
6,1150,tie,1981,mega-greninja-ex,1076,rockets-honchkrow
6,1151,p2,0715,dragapult-ex,1515,rockets-honchkrow
6,1152,p1,1300,dragapult-dusknoir,0583,mega-excadrill-ex
6,1153,p1,2918,dragapult-blaziken,3057,lopunny-dudunsparce
6,1154,p2,1475,dragapult-dusknoir,0912,dhelmise-pbl
6,1155,p2,1640,slowking-scr,0840,alakazam-dudunsparce
6,1156,p2,2692,slowking-scr,2955,alakazam-dudunsparce
6,1157,p2,0280,dragapult-ex,2062,lopunny-dusknoir
6,1158,p1,1084,n-zoroark,0108,dragapult-dusknoir
6,1159,p1,2741,lucario-hariyama,1585,mega-venusaur-ex
6,1160,p1,1773,crustle-dri,0496,dragapult-dusknoir
6,1161,p2,2695,alakazam-dudunsparce,0726,n-zoroark
6,1162,p2,2637,crustle-dri,1017,mega-excadrill-ex
6,1163,p2,0247,toxtricity-box,2636,cynthia-garchomp-ex
6,1164,p2,0896,crustle-dri,2833,basic-box-m
6,1165,p1,3048,slowking-scr,2154,dragapult-ex
6,1166,p2,2744,crustle-dri,2159,mega-excadrill-ex
6,1167,p1,2505,sharpedo-toxtricity,1937,dragapult-ex
6,1168,p1,0029,slowking-scr,0199,n-zoroark
6,1169,tie,2227,alakazam-dudunsparce,0168,dragapult-ex
6,1170,p1,1627,other,0170,hop-zacian
6,1171,p2,0530,mega-excadrill-ex,2660,dragapult-ex
6,1172,p2,0259,dragapult-ex,0031,basic-box-m
6,1173,p2,0257,alakazam-dudunsparce,1911,dragapult-ex
6,1174,p1,1109,dragapult-ex,2826,dragapult-blaziken
6,1175,p2,0519,dragapult-dusknoir,0441,alakazam-dudunsparce
6,1176,p1,1624,dragapult-ex,0406,basic-box-m
6,1177,p2,0059,dragapult-ex,2747,lucario-hariyama
6,1178,p1,2272,dragapult-ex,1135,basic-box-m
6,1179,p2,1526,lucario-hariyama,1143,basic-box-m
6,1180,p2,2972,lucario-hariyama,1360,dragapult-ex
6,1181,p1,1101,dragapult-ex,0372,alakazam-dudunsparce
6,1182,p2,1102,mega-excadrill-ex,2013,slowking-scr
6,1183,p2,0970,basic-box-m,0005,slowking-scr
6,1184,p2,2711,slowking-scr,1892,dragapult-dusknoir
6,1185,p2,1369,lucario-hariyama,0520,n-zoroark
6,1186,tie,1739,mega-venusaur-ex,2767,dragapult-ex
6,1187,p1,0349,dragapult-dusknoir,2980,lucario-hariyama
6,1188,p2,0934,dragapult-ex,1231,beedrill-ex-cri
6,1189,p2,3061,dhelmise-pbl,0820,n-zoroark
6,1190,p2,2812,n-zoroark,1914,dragapult-ex
6,1191,p1,0606,n-zoroark,0850,lillie-clefairy
6,1192,p2,0037,dragapult-ex,2238,dragapult-ex
6,1193,p1,1521,dragapult-ex,3019,dragapult-blaziken
6,1194,p1,1485,basic-box-m,1642,dhelmise-pbl
6,1195,p2,0540,dragapult-ex,1749,lucario-hariyama
6,1196,p2,1000,dhelmise-pbl,1636,dragapult-ex
6,1197,tie,2784,dragapult-blaziken,2906,grimmsnarl-froslass
6,1198,p1,1623,mega-lucario-ex,2036,dragapult-ex
6,1199,tie,1465,alakazam-dudunsparce,1716,n-zoroark
6,1200,p1,1128,hops-trevenant,2863,greninja-ex
6,1201,p2,0956,alakazam-dudunsparce,0635,basic-box-m
6,1202,p2,1777,dragapult-ex,1669,slowking-scr
6,1203,p1,0667,dhelmise-pbl,2068,dragapult-ex
6,1204,p1,2648,mega-excadrill-ex,2849,dragapult-ex
6,1205,p2,2790,n-zoroark,1115,beedrill-ex-cri
6,1206,p1,1632,n-zoroark,2717,dragapult-ex
6,1207,p2,1797,mega-excadrill-ex,1490,mega-lucario-ex
6,1208,p2,0585,ogerpon-meganium-hydrapple,1250,dragapult-ex
6,1209,p2,0323,dragapult-dusknoir,2603,dragapult-ex
6,1210,p1,2082,dragapult-ex,2794,mega-greninja-ex
6,1211,p2,1988,slowking-scr,0844,ogerpon-meganium-hydrapple
6,1212,p2,0589,ogerpon-meganium-hydrapple,0765,dragapult-ex
6,1213,p1,2956,festival-lead,0747,dragapult-ex
6,1214,p1,0332,ogerpon-meganium-hydrapple,0490,dragapult-ex
6,1215,p1,2419,ogerpon-meganium-hydrapple,0712,alakazam-dudunsparce
6,1216,p2,1318,hops-trevenant,1743,dragapult-dusknoir
6,1217,p2,2143,dragapult-dudunsparce,0084,grimmsnarl-froslass
6,1218,p1,1368,dragapult-ex,0590,dragapult-ex
6,1219,tie,1517,mega-lucario-ex,1860,dragapult-dusknoir
6,1220,p2,0267,dudunsparce-control,0807,basic-box-m
6,1221,p1,0932,dragapult-dusknoir,0083,dragapult-ex
6,1222,tie,1923,dragapult-ex,1663,n-zoroark
6,1223,p2,0295,n-zoroark,2703,slowking-scr
6,1224,p1,0409,dragapult-ex,0436,ceruledge-ex
6,1225,p1,2967,dragapult-ex,1014,alakazam-dudunsparce
6,1226,tie,0012,dragapult-ex,0662,alakazam-dudunsparce
6,1227,p2,0152,sharpedo-toxtricity,2684,toucannon-pbl
6,1228,p1,1974,mega-chandelure-ex,2889,cynthia-garchomp-ex
6,1229,p1,2543,dragapult-ex,1127,n-zoroark
6,1230,p2,1264,n-zoroark,2715,dragapult-ex
6,1231,p1,1548,grimmsnarl-froslass,1021,n-zoroark
6,1232,p1,0812,slowking-scr,1328,sharpedo-toxtricity
6,1233,p1,1514,dragapult-blaziken,3113,crustle-dri
6,1234,p1,2640,lucario-hariyama,2947,n-zoroark
6,1235,p1,0943,basic-box-m,0351,n-zoroark
6,1236,p1,1471,hops-trevenant,3008,basic-box-m
6,1237,p2,1474,alakazam-dudunsparce,2939,dragapult-dusknoir
6,1239,tie,3115,cinccino-ex,1477,alakazam-dudunsparce
6,1240,p2,1479,dhelmise-pbl,1795,dragapult-ex
6,1241,p2,0488,basic-box-m,2489,alakazam-dudunsparce
6,1242,tie,1483,alakazam-dudunsparce,2126,dragapult-blaziken
6,1243,p2,1486,sharpedo-toxtricity,2179,rocket-spidops
6,1245,p1,1327,dragapult-dusknoir,1559,lopunny-dudunsparce
6,1246,tie,1492,alakazam-dusknoir,2134,mega-chandelure-ex
6,1247,p2,2342,slowking-scr,1493,mega-excadrill-ex
6,1249,p1,1497,dragapult-ex,0601,dragapult-dusknoir
6,1250,p1,2235,dragapult-dusknoir,1500,dragapult-blaziken
6,1251,p1,2561,dragapult-blaziken,1501,crustle-dri
6,1252,p1,1578,slowking-scr,1504,dragapult-dusknoir
6,1254,p2,2171,n-zoroark,1989,n-zoroark
6,1255,p2,2477,mega-venusaur-ex,0803,dragapult-ex
6,1256,p2,1217,dragapult-blaziken,0223,basic-box-m
6,1257,p1,0557,alakazam-dudunsparce,1398,festival-lead
6,1258,p2,1776,dhelmise-pbl,1130,n-zoroark
6,1259,p1,1631,starmie-dusknoir,2194,sharpedo-toxtricity
6,1260,p2,2649,dragapult-dusknoir,2064,dragapult-ex
6,1261,p1,0462,crustle-dri,2100,dragapult-ex
6,1262,p1,1258,n-zoroark,0330,n-zoroark
6,1263,p1,1757,alakazam-dudunsparce,0180,mega-excadrill-ex
6,1264,p2,3088,dragapult-ex,1979,dragapult-ex
6,1265,p1,2959,n-zoroark,2209,n-zoroark
6,1266,p2,1725,sharpedo-toxtricity,3114,dragapult-dusknoir
6,1267,p1,2204,dragapult-ex,0190,sharpedo-toxtricity
6,1268,tie,1655,dragapult-blaziken,2382,dragapult-blaziken
6,1269,p1,0187,basic-box-m,3038,dragapult-dusknoir
6,1270,p1,0118,dragapult-ex,1387,dragapult-blaziken
6,1271,tie,1673,dragapult-dusknoir,2386,crustle-dri
6,1272,p1,0140,mega-starmie-ex,2607,rocket-mewtwo-ex
6,1273,p1,0915,slowking-scr,0503,dragapult-ex
6,1274,p1,2768,alakazam-dudunsparce,0784,dragapult-blaziken
6,1275,p1,0685,dragapult-ex,1062,dragapult-ex
6,1276,p1,1551,slowking-scr,0264,n-zoroark
6,1277,p2,2164,dragapult-dusknoir,1292,dragapult-dusknoir
6,1278,p2,2875,dragapult-blaziken,1754,crustle-dri
6,1279,p1,1779,dhelmise-pbl,0278,dragapult-dusknoir
6,1280,tie,0246,crustle-dri,0874,mega-greninja-ex
6,1281,p2,2924,n-zoroark,2348,crustle-dri
6,1282,p1,0023,raging-bolt-ogerpon,1100,ogerpon-meganium-hydrapple
6,1283,p2,1675,mega-lucario-ex,1120,hops-trevenant
6,1284,p1,2016,alakazam-dudunsparce,1310,festival-lead
6,1285,p2,0238,crustle-dri,1349,dragapult-ex
6,1286,p1,1215,festival-lead,2174,ogerpon-meganium-hydrapple
6,1287,p2,2537,slowking-scr,2941,slowking-scr
6,1288,p1,2803,slowking-scr,1634,crustle-dri
6,1289,p2,0650,crustle-dri,1837,mega-greninja-ex
6,1290,p2,0389,dragapult-dusknoir,0446,dragapult-ex
6,1291,p2,0350,mega-chandelure-ex,0741,lopunny-dudunsparce
6,1292,p2,0875,basic-box-m,2657,dragapult-blaziken
6,1293,p2,2345,tera-box,2083,dragapult-ex
6,1294,double_loss,1703,dragapult-ex,2970,ethan-typhlosion
6,1295,p1,1196,mega-excadrill-ex,0159,dragapult-ex
6,1296,p1,0740,dragapult-blaziken,0642,dragapult-dusknoir
6,1297,p2,0952,dragapult-ex,1545,n-zoroark
6,1298,tie,0373,dragapult-ex,2760,dragapult-dusknoir
6,1299,p2,0749,seaking-pre,0404,dragapult-ex
6,1300,p2,0929,dragapult-dusknoir,1599,doublade-por
6,1301,p1,1857,ogerpon-meganium-hydrapple,1601,crustle-dri
6,1302,p2,1982,dragapult-dusknoir,1649,dragapult-ex
6,1303,p1,2707,dragapult-blaziken,2318,dragapult-ex
6,1304,p1,1572,kangaskhan-bouffalant,0570,hydreigon-ex
6,1305,tie,2682,cynthia-garchomp-ex,1057,basic-box-m
6,1306,p1,2218,mega-excadrill-ex,2309,rocket-mewtwo-ex
6,1307,p1,0983,crustle-dri,1048,alakazam-dudunsparce
6,1308,p2,0639,mega-venusaur-ex,0200,rockets-honchkrow
6,1309,p2,1605,n-zoroark,0066,cynthia-garchomp-ex
6,1310,p2,2407,dragapult-ex,2107,mega-excadrill-ex
6,1311,p2,0731,alakazam-dudunsparce,0669,n-zoroark
6,1312,p1,2577,dragapult-dusknoir,1144,alakazam-dudunsparce
6,1313,p1,1142,alakazam-dudunsparce,2392,kangaskhan-bouffalant
6,1314,p2,0887,dragapult-blaziken,2871,n-zoroark
6,1315,p1,0536,alakazam-dusknoir,2339,dragapult-blaziken
6,1316,p2,2462,bronzong-tef,0036,alakazam-dusknoir
6,1317,p1,1502,crustle-dri,1726,dhelmise-pbl
6,1318,p2,0431,slowking-scr,1690,lucario-hariyama
6,1319,p2,1930,zygarde-barbaracle,0957,sharpedo-toxtricity
6,1320,p2,0167,ogerpon-meganium-hydrapple,1044,dragapult-dusknoir
6,1321,p1,1565,mega-chandelure-ex,0001,dragapult-dusknoir
6,1322,p1,1067,mega-excadrill-ex,0178,dragapult-ex
6,1323,p2,0699,greninja-ex,2670,dragapult-ex
6,1324,p2,1647,mega-excadrill-ex,1329,slowking-scr
6,1326,p1,2840,dragapult-blaziken,2866,other
6,1327,p2,1525,n-zoroark,2698,cynthia-garchomp-ex
6,1328,p2,2656,alakazam-dudunsparce,1752,dragapult-ex
6,1329,p1,0584,crustle-dri,0863,festival-lead
6,1330,p2,1249,other,0289,crustle-dri
6,1331,p1,0450,ceruledge-ex,1372,kangaskhan-bouffalant
6,1332,p2,0854,slowking-scr,1604,slowking-scr
6,1333,p2,0568,hops-trevenant,1507,dragapult-ex
6,1334,p2,1865,dragapult-ex,0707,mega-excadrill-ex
6,1335,p2,1208,slowking-scr,2546,n-zoroark
6,1336,p2,1049,alakazam-dudunsparce,2934,n-zoroark
6,1337,p1,0394,sharpedo-toxtricity,2390,dragapult-dusknoir
6,1338,p2,3098,rockets-honchkrow,0573,crustle-dri
6,1339,p1,0656,dragapult-blaziken,1083,ogerpon-meganium-arboliva
6,1340,p1,0035,basic-box-m,1137,dragapult-blaziken
6,1341,p2,1221,basic-box-m,1003,lopunny-dusknoir
6,1342,p1,0334,festival-lead,0237,alakazam-dusknoir
6,1343,p1,2125,dragapult-dusknoir,2848,slowking-scr
6,1344,p2,2356,cynthia-garchomp-ex,2750,basic-box-m
6,1345,p2,1364,lucario-hariyama,0974,seaking-pre
6,1346,p2,2148,sharpedo-toxtricity,1801,cynthia-garchomp-ex
6,1347,tie,3015,dragapult-ex,1441,azumarill-ssp
6,1348,p1,0737,mega-chandelure-ex,1696,dragapult-ex
6,1349,p2,1698,dragapult-blaziken,2305,basic-box-m
6,1351,p1,2919,basic-box-m,0708,mega-excadrill-ex
6,1352,p1,1093,dragapult-ex,2277,alakazam-dudunsparce
6,1353,p1,2499,alakazam-dudunsparce,1304,alakazam-dudunsparce
6,1354,p1,2283,mega-lucario-ex,2633,manectric-eelektrik
6,1355,p1,1289,mega-excadrill-ex,2928,basic-box-m
6,1356,p2,0829,slowking-scr,0556,festival-lead
6,1357,p2,1416,mega-excadrill-ex,1576,mega-excadrill-ex
6,1358,tie,1918,alakazam-dudunsparce,2844,dragapult-blaziken
6,1359,p1,1413,n-zoroark,1925,dragapult-ex
6,1360,p1,1929,basic-box-m,2389,alakazam-dudunsparce
6,1361,p2,2914,dragapult-ex,1239,ogerpon-meganium-hydrapple
6,1362,p2,2493,mega-excadrill-ex,1688,mega-excadrill-ex
6,1363,p2,3030,mega-chandelure-ex,2783,basic-box-m
6,1364,tie,2296,dragapult-ex,1371,dragapult-ex
6,1365,p1,3119,mega-froslass-ex,1836,rocket-spidops
6,1366,tie,2874,mega-excadrill-ex,1305,slowking-scr
6,1367,tie,2440,rockets-honchkrow,0231,dragapult-ex
6,1368,p1,2587,rockets-honchkrow,0907,dragapult-dusknoir
6,1369,p2,2523,lopunny-dudunsparce,1245,dragapult-ex
6,1370,p2,1244,alakazam-dudunsparce,0832,dhelmise-pbl
6,1371,p1,2610,dragapult-dudunsparce,0925,slowking-scr
6,1372,tie,0549,rocket-mewtwo-ex,3040,dragapult-ex
6,1373,p2,2158,dragapult-ex,0622,dragapult-blaziken
6,1374,p1,0939,ogerpon-meganium-arboliva,2295,festival-lead
6,1375,p1,0763,slowking-scr,0470,alakazam-dudunsparce
6,1376,p1,0132,dragapult-ex,2946,lucario-hariyama
6,1377,p1,0091,crustle-dri,1104,crustle-dri
6,1378,p1,1730,slowking-scr,2113,crustle-dri
6,1379,p1,2880,dhelmise-pbl,1012,seaking-pre
6,1380,p1,1380,dhelmise-pbl,2106,okidogi-barbaracle
6,1381,p2,0587,ogerpon-meganium-hydrapple,1156,clefairy-ogerpon
6,1382,p1,0365,kangaskhan-bouffalant,2316,kangaskhan-bouffalant
6,1383,p1,1508,dhelmise-pbl,0155,alakazam-dudunsparce
6,1384,tie,0432,crustle-dri,0756,dhelmise-pbl
6,1385,p2,2306,dragapult-blaziken,0809,mega-lucario-ex
6,1386,tie,0955,mega-excadrill-ex,0576,cinccino-ex
6,1387,p1,2207,slowking-scr,0235,slowking-scr
6,1388,p1,2713,cynthia-garchomp-ex,1086,mega-lucario-ex
6,1389,p1,0328,rockets-honchkrow,0051,alakazam-dudunsparce
6,1390,p2,2510,rocket-mewtwo-ex,1357,slowking-scr
6,1391,p1,1415,dragapult-dusknoir,2468,mega-venusaur-ex
6,1392,p2,0379,mega-excadrill-ex,2789,dragapult-ex
6,1393,p2,1298,raging-bolt-ogerpon,3067,dragapult-ex
6,1394,tie,2050,ogerpon-meganium-hydrapple,1560,dragapult-ex
6,1395,p2,0551,mega-excadrill-ex,2831,dragapult-ex
6,1396,p2,2099,dragapult-ex,1524,crustle-dri
6,1397,p1,2961,slowking-scr,0504,slowking-scr
6,1398,p2,2351,n-zoroark,3083,dragapult-blaziken
6,1399,p2,0521,raging-bolt-ogerpon,1714,mega-excadrill-ex
6,1400,tie,1787,basic-box-m,1717,dragapult-ex
6,1401,p1,0040,dragapult-ex,1070,dragapult-ex
6,1402,p1,0785,dragapult-ex,1721,lucario-hariyama
6,1403,p2,2873,alakazam-dudunsparce,2246,mega-lucario-ex
6,1404,p1,0324,n-zoroark,3051,dragapult-blaziken
6,1405,tie,2096,alakazam-dudunsparce,1253,mega-excadrill-ex
6,1406,p2,1019,dragapult-ex,1406,mega-excadrill-ex
6,1407,p1,0989,crustle-dri,1452,dragapult-ex
6,1408,p2,2504,mega-lucario-ex,0314,dragapult-blaziken
6,1409,tie,1284,mega-venusaur-ex,2911,dragapult-dusknoir
6,1410,p1,2797,dragapult-ex,0898,raging-bolt-ogerpon
6,1411,p2,1024,alakazam-dudunsparce,0964,dragapult-ex
6,1412,p2,0306,basic-box-m,1065,sharpedo-toxtricity
6,1413,p1,2474,starmie-froslass,2671,slowking-scr
6,1414,p1,0080,dragapult-ex,1547,dragapult-ex
6,1415,p2,1087,dragapult-dusknoir,1002,dragapult-ex
6,1416,p2,1840,crustle-dri,1816,lopunny-dudunsparce
6,1417,p2,3118,dragapult-ex,1293,dhelmise-pbl
6,1418,tie,0498,dragapult-ex,0368,basic-box-m
6,1419,p1,1546,n-zoroark,2252,n-zoroark
6,1420,p1,0927,dragapult-dusknoir,0725,kangaskhan-bouffalant
6,1421,tie,1026,slowking-scr,2032,dragapult-ex
6,1422,p1,2669,mega-excadrill-ex,0636,mega-excadrill-ex
6,1423,p1,0690,flareon-noctowl,1769,festival-lead
6,1424,p2,1335,n-zoroark,2869,mega-excadrill-ex
6,1425,p1,0645,dragapult-ex,2151,dragapult-ex
6,1426,p1,0191,lopunny-dudunsparce,1583,dhelmise-pbl
6,1427,p2,1765,mega-greninja-ex,2190,mega-greninja-ex
6,1428,p1,2888,dragapult-ex,0666,dragapult-blaziken
6,1429,p2,0475,basic-box-m,0049,slowking-scr
6,1430,tie,2101,dragapult-dusknoir,2092,n-zoroark
6,1431,p2,0096,n-zoroark,1541,n-zoroark
6,1432,p2,2664,crustle-dri,0186,mega-starmie-ex
6,1433,tie,1953,dragapult-ex,2167,n-zoroark
6,1434,p2,2265,alakazam-dudunsparce,0565,lucario-hariyama
6,1435,p2,0762,raging-bolt-ogerpon,0638,ogerpon-meganium-hydrapple
6,1436,p1,1906,basic-box-m,1653,starmie-froslass
6,1437,p1,0403,dragapult-blaziken,0599,dragapult-ex
6,1438,p1,0362,n-zoroark,0135,n-zoroark
6,1439,p2,0197,dragapult-dusknoir,0182,alakazam-dudunsparce
6,1440,p2,1151,alakazam-dudunsparce,1055,dragapult-ex
6,1441,p2,2223,dragapult-ex,2089,mega-excadrill-ex
6,1442,p1,1180,dragapult-dusknoir,2960,kangaskhan-bouffalant
6,1443,p2,1194,dragapult-dudunsparce,2300,dragapult-ex
6,1444,p1,0434,dragapult-ex,2699,slowking-scr
6,1445,p1,0539,mega-venusaur-ex,0253,lucario-hariyama
6,1446,p2,2090,starmie-froslass,1141,basic-box-m
6,1447,p1,2732,dragapult-ex,1677,dragapult-ex
6,1448,p2,0571,slowking-scr,2612,dragapult-dusknoir
6,1449,p2,1701,dragapult-ex,2189,n-zoroark
6,1450,p2,1345,basic-box-m,1277,ethan-magcargo
6,1451,tie,1407,dragapult-dusknoir,0822,sharpedo-toxtricity
6,1452,p1,2702,sharpedo-toxtricity,1230,mega-venusaur-ex
6,1453,p1,2591,ogerpon-meganium-hydrapple,1770,n-zoroark
6,1454,p2,0630,lucario-hariyama,2087,dragapult-blaziken
6,1455,p2,2483,n-zoroark,0452,basic-box-m
6,1456,p2,1877,lopunny-dusknoir,1661,crustle-dri
6,1457,p1,0196,mega-chandelure-ex,1635,lopunny-dudunsparce
6,1458,p1,2025,ogerpon-meganium-hydrapple,2485,basic-box-m
6,1459,p2,2807,rockets-honchkrow,1336,dragapult-ex
6,1460,p1,0206,alakazam-dusknoir,1975,alakazam-dudunsparce
6,1461,p1,1286,lopunny-dusknoir,1491,mega-lucario-ex
6,1462,p1,0921,slowking-scr,3043,slowking-scr
6,1463,p1,2369,mega-excadrill-ex,2220,n-zoroark
6,1464,p2,1186,greninja-ex,2114,slowking-scr
6,1465,p1,1803,dragapult-ex,1820,ogerpon-meganium-hydrapple
6,1466,p2,1309,dragapult-blaziken,2264,basic-box-m
6,1467,p2,1053,n-zoroark,1482,other
6,1468,p2,2868,alakazam-dusknoir,2673,sinistcha-ogerpon
6,1469,p2,0456,dragapult-dusknoir,2930,grimmsnarl-froslass
6,1470,p2,0445,dragapult-ex,2602,mega-starmie-ex
6,1471,p1,2423,alakazam-dudunsparce,2367,dragapult-ex
6,1472,p1,2322,basic-box-m,0542,festival-lead
6,1473,p2,1495,alakazam-dudunsparce,2935,dhelmise-pbl
6,1474,p1,1963,alakazam-dudunsparce,2773,mega-greninja-ex
6,1475,p1,2539,alakazam-dudunsparce,0552,dragapult-ex
6,1476,p1,0813,mega-lucario-ex,0095,crustle-dri
6,1477,p1,2544,mega-greninja-ex,0835,alakazam-dusknoir
6,1478,p2,0946,cynthia-garchomp-ex,0637,lucario-hariyama
6,1479,tie,0720,mega-lucario-ex,1290,lucario-hariyama
6,1480,p2,1110,mega-greninja-ex,1848,froslass-munkidori
6,1481,p1,0792,lucario-hariyama,0093,lucario-hariyama
6,1482,p1,1782,dragapult-ex,2127,basic-box-m
6,1483,tie,2452,other,2617,mega-absol-box
6,1484,p1,0900,festival-lead,0215,mega-excadrill-ex
6,1485,p1,3091,dragapult-dusknoir,0097,n-zoroark
6,1486,p1,0020,ogerpon-meganium-hydrapple,0342,ogerpon-meganium-hydrapple
6,1487,p2,2324,festival-lead,3112,slowking-scr
6,1488,p2,3084,ogerpon-meganium-hydrapple,3107,dragapult-ex
6,1489,p2,2606,alakazam-dudunsparce,0958,mega-venusaur-ex
6,1490,p2,0837,dhelmise-pbl,0866,sharpedo-toxtricity
6,1491,p1,0905,crustle-dri,0487,dragapult-dusknoir
6,1492,p1,0405,dragapult-blaziken,2293,dragapult-ex
6,1493,p2,1814,dragapult-dusknoir,1405,sharpedo-toxtricity
6,1494,p1,2538,dragapult-dusknoir,1488,basic-box-m
6,1495,p2,1066,basic-box-m,0619,basic-box-m
6,1496,p1,0714,crustle-dri,0018,festival-lead
6,1497,p1,2058,starmie-froslass,0227,dragapult-ex
6,1498,p2,3117,cynthia-garchomp-ex,2211,toxtricity-box
6,1499,p1,1607,ethan-typhlosion,1041,other
6,1500,p2,2661,dragapult-ex,0748,other
6,1501,p1,1446,ethan-typhlosion,0154,mega-excadrill-ex
6,1502,p2,0885,alakazam-dudunsparce,1158,n-zoroark
6,1503,p1,2341,mega-excadrill-ex,0625,dragapult-ex
6,1504,p1,0904,dhelmise-pbl,2951,mega-lucario-ex
6,1505,p2,1809,basic-box-m,2490,dragapult-dusknoir
6,1506,p2,0061,ceruledge-ex,1340,festival-lead
6,1507,p2,0044,dragapult-ex,2527,alakazam-dudunsparce
6,1508,p1,1085,n-zoroark,3003,dragapult-dusknoir
6,1509,p1,2691,slowking-scr,1403,mega-lucario-ex
6,1510,p2,2777,mega-excadrill-ex,2948,basic-box-m
6,1511,p2,0623,basic-box-m,1723,dragapult-ex
6,1512,tie,2312,dragapult-dusknoir,3087,zygarde-barbaracle
6,1513,p2,2123,dragapult-dusknoir,0234,n-zoroark
6,1514,p2,2458,slowking-scr,0902,alakazam-dusknoir
6,1515,p2,2940,sharpedo-toxtricity,0286,lucario-hariyama
6,1516,p2,1864,mega-greninja-ex,2891,dragapult-dusknoir
6,1517,p2,0933,lucario-hariyama,0085,slowking-scr
6,1518,p2,2981,cynthia-garchomp-ex,1287,crustle-dri
6,1519,p1,0261,ogerpon-meganium-arboliva,0770,alakazam-dudunsparce
6,1520,p2,1856,crustle-dri,0538,dhelmise-pbl
6,1521,p2,0940,dhelmise-pbl,2624,lopunny-dudunsparce
6,1522,p2,2793,other,1738,n-zoroark
6,1523,p1,1312,rockets-honchkrow,3031,alakazam-dudunsparce
6,1524,p2,1203,dragapult-ex,2149,slowking-scr
6,1525,p1,0221,alakazam-dudunsparce,2937,alakazam-dudunsparce
6,1526,p1,2515,beedrill-ex-cri,2927,lopunny-dudunsparce
6,1527,p1,1796,cynthia-garchomp-ex,0041,slowking-scr
6,1528,p1,1984,cynthia-garchomp-ex,1136,dragapult-ex
6,1529,p2,2205,dragapult-ex,0790,ogerpon-meganium-hydrapple
6,1530,p2,2304,dragapult-ex,2791,dragapult-ex
6,1531,p1,3037,mega-excadrill-ex,0396,basic-box-m
6,1532,p2,1255,dragapult-ex,0285,dragapult-ex
6,1533,tie,0869,crustle-dri,1401,kangaskhan-bouffalant
6,1534,tie,0611,dragapult-ex,1971,mega-excadrill-ex
6,1535,tie,1348,alakazam-dudunsparce,1887,ethan-typhlosion
6,1536,p2,0309,toucannon-pbl,0664,slowking-scr
6,1537,p1,0388,dragapult-blaziken,2078,alakazam-dudunsparce
6,1538,p2,1784,toucannon-pbl,0414,dragapult-ex
6,1539,p1,1462,alakazam-dusknoir,2422,dragapult-ex
6,1540,p2,1853,kangaskhan-bouffalant,0242,alakazam-dudunsparce
6,1541,p1,0254,n-zoroark,1433,lucario-hariyama
6,1542,p2,0501,basic-box-m,3041,n-zoroark
6,1543,p2,2140,mega-excadrill-ex,1972,alakazam-dudunsparce
6,1544,p2,2753,diancie-dusknoir,2344,dragapult-ex
6,1545,p2,0212,dragapult-dusknoir,1121,mega-starmie-ex
6,1546,p2,2984,alakazam-dudunsparce,0233,n-zoroark
6,1547,p2,2926,mega-excadrill-ex,0779,dragapult-dusknoir
6,1548,tie,2598,basic-box-m,1160,festival-lead
6,1549,p1,0329,dragapult-ex,1904,rockets-honchkrow
6,1550,p1,2347,dragapult-blaziken,1967,dragapult-ex
6,1551,p1,0327,crustle-dri,2806,cynthia-garchomp-ex
6,1552,tie,2196,?metagross,0207,n-zoroark
6,1553,p1,0839,dragapult-dusknoir,0922,dragapult-blaziken
6,1554,p2,2904,dragapult-ex,2023,dragapult-dusknoir
6,1555,p1,2282,n-zoroark,1061,n-zoroark
6,1556,p2,2428,raging-bolt-ogerpon,2072,n-zoroark
6,1557,p2,2646,dhelmise-pbl,0920,mega-excadrill-ex
6,1558,p2,1886,dragapult-dusknoir,1429,dragapult-dusknoir
6,1559,p2,1822,mega-chandelure-ex,2534,n-zoroark
6,1560,tie,2647,dragapult-ex,2301,n-zoroark
6,1561,p2,1994,alakazam-dudunsparce,2201,greninja-ex
6,1562,tie,1670,mega-manectric-ex-meg,0074,slowking-scr
6,1563,p2,2388,lopunny-dudunsparce,1365,dragapult-ex
6,1564,p1,1643,dragapult-dusknoir,0030,seaking-pre
6,1565,p2,2726,slowking-scr,0045,dragapult-blaziken
6,1566,p1,1388,crustle-dri,1941,dragapult-dusknoir
6,1567,p1,1219,rockets-honchkrow,2810,ceruledge-ex
6,1568,tie,3120,crustle-dri,0357,dhelmise-pbl
6,1569,p1,0889,ogerpon-meganium-arboliva,3122,dragapult-ex
6,1570,p1,2258,alakazam-dudunsparce,0788,slowking-scr
6,1571,tie,0969,n-zoroark,1580,festival-lead
6,1572,tie,3110,alakazam-dudunsparce,0103,dragapult-blaziken
6,1573,p1,0772,alakazam-dudunsparce,1451,n-zoroark
6,1574,tie,2697,n-zoroark,0433,rockets-honchkrow
6,1575,p2,2938,mega-greninja-ex,1993,toucannon-pbl
6,1576,p1,2615,dragapult-blaziken,0410,dragapult-dusknoir
6,1577,p1,1236,alakazam-dudunsparce,2811,slowking-scr
6,1578,p2,0019,n-zoroark,2287,dragapult-blaziken
6,1579,p2,0975,raging-bolt-ogerpon,2920,dragapult-ex
6,1580,p2,2846,slowking-scr,0594,alakazam-dusknoir
6,1581,p1,1678,dragapult-blaziken,2802,ethan-typhlosion
6,1582,p1,2294,dragapult-blaziken,1665,dragapult-blaziken
6,1583,tie,2244,dragapult-blaziken,0008,alakazam-dudunsparce
6,1584,p2,1010,rocket-mewtwo-ex,0454,dragapult-ex
6,1585,p2,2034,dragapult-ex,1385,dragapult-dusknoir
6,1586,p1,2191,dragapult-dusknoir,2103,ethan-typhlosion
6,1587,p2,1899,mega-excadrill-ex,0033,dragapult-ex
6,1588,p2,0509,okidogi-barbaracle,1893,dragapult-blaziken
6,1589,p1,2311,dragapult-blaziken,2097,slowking-scr
6,1590,p1,2748,alakazam-dudunsparce,3018,beedrill-ex-cri
6,1591,p1,0387,basic-box-m,2680,festival-lead
6,1592,p1,0273,ogerpon-meganium-hydrapple,1172,n-zoroark
6,1593,p2,1845,slowking-scr,2778,toucannon-pbl
6,1594,p2,2662,lopunny-dudunsparce,1645,mega-excadrill-ex
6,1595,p2,2406,dragapult-ex,1367,ogerpon-meganium-hydrapple
6,1596,tie,1466,dragapult-ex,0517,festival-lead
6,1597,p2,2511,festival-lead,0171,alakazam-dusknoir
6,1598,p1,0492,alakazam-dudunsparce,2418,slowking-scr
6,1599,p2,0465,dhelmise-pbl,0115,grimmsnarl-froslass
6,1600,p2,1681,festival-lead,2255,rockets-honchkrow
6,1601,p1,3056,dragapult-ex,1272,dragapult-ex
6,1602,tie,1728,dragapult-dusknoir,0524,n-zoroark
6,1603,tie,0697,slowking-scr,2049,lucario-hariyama
6,1604,tie,0624,dhelmise-pbl,0100,slowking-scr
6,1605,p1,1461,lucario-hariyama,1185,crustle-dri
6,1606,tie,2387,other,1276,lucario-hariyama
6,1607,p2,1073,n-zoroark,2893,dragapult-dusknoir
6,1608,tie,1082,dragapult-ex,1564,alakazam-dudunsparce
6,1609,p2,0841,dragapult-ex,2837,dragapult-dusknoir
6,1610,p1,2571,n-zoroark,1273,dragapult-dudunsparce
6,1611,p1,2545,dragapult-dusknoir,1791,mega-excadrill-ex
6,1612,p1,0310,mega-greninja-ex,1575,dragapult-ex
6,1613,p1,1843,dhelmise-pbl,2495,dragapult-ex
6,1614,p1,2048,dragapult-ex,2172,slowking-scr
6,1615,p1,1011,crustle-dri,2176,n-zoroark
6,1616,p2,0764,n-zoroark,1657,mega-starmie-ex
6,1617,p1,1262,dhelmise-pbl,1613,alakazam-dudunsparce
6,1618,p2,2410,doublade-por,1530,dragapult-ex
6,1619,tie,2284,festival-lead,0301,dragapult-ex
6,1620,p1,1915,dragapult-ex,0838,mega-froslass-ex
6,1621,p2,1907,dhelmise-pbl,2839,starmie-froslass
6,1622,p2,1722,alakazam-dudunsparce,2135,dragapult-ex
6,1623,p1,0352,dragapult-ex,2012,dhelmise-pbl
6,1624,p1,0510,alakazam-dudunsparce,0513,n-zoroark
6,1625,p1,1379,lucario-hariyama,0250,crustle-dri
6,1626,p2,1074,ethan-typhlosion,3013,rockets-honchkrow
6,1627,p2,2655,sharpedo-toxtricity,2824,dragapult-dusknoir
6,1628,p1,0229,mega-excadrill-ex,0814,dragapult-ex
6,1629,tie,2228,lucario-hariyama,0796,mega-excadrill-ex
6,1630,p1,2079,alakazam-dudunsparce,2008,basic-box-m
6,1631,p2,0124,alakazam-dudunsparce,0219,dragapult-blaziken
6,1632,p1,1955,dragapult-ex,1094,mega-excadrill-ex
6,1633,p2,1028,dragapult-ex,2822,grimmsnarl-froslass
6,1634,p1,0179,dragapult-blaziken,0755,alakazam-dudunsparce
6,1635,p1,2562,n-zoroark,2905,rockets-honchkrow
6,1636,p2,3099,mega-absol-box,3023,dhelmise-pbl
6,1637,tie,1030,basic-box-m,0474,doublade-por
6,1638,p1,0039,dragapult-ex,0157,hydreigon-ex
6,1639,p2,1410,ogerpon-meganium,2310,lucario-hariyama
6,1640,tie,1056,alakazam-dudunsparce,1945,dragapult-ex
6,1641,p2,3116,festival-lead,3104,grimmsnarl-froslass
6,1642,p1,0794,crustle-dri,0485,alakazam-dudunsparce
6,1643,p2,1818,festival-lead,2507,mega-excadrill-ex
6,1644,p2,2605,mega-excadrill-ex,2808,dragapult-dusknoir
6,1645,p1,2393,alakazam-dudunsparce,0401,dragapult-blaziken
6,1646,p1,2687,slowking-scr,0398,raging-bolt-ogerpon
6,1647,p2,1718,dragapult-ex,0193,dragapult-ex
6,1648,p2,2736,alakazam-dudunsparce,2971,seaking-pre
6,1649,tie,1338,kangaskhan-bouffalant,2056,mega-excadrill-ex
6,1650,p2,0022,rockets-honchkrow,1699,alakazam-dusknoir
6,1651,p1,0721,mega-chandelure-ex,0007,dragapult-ex
6,1652,p2,2051,dragapult-dusknoir,2969,sharpedo-toxtricity
6,1653,p1,2251,sharpedo-toxtricity,3024,dhelmise-pbl
6,1654,p1,1976,mega-venusaur-ex,0901,dragapult-blaziken
6,1655,p1,1366,sharpedo-toxtricity,1138,mega-excadrill-ex
6,1656,p1,2445,basic-box-m,2532,dragapult-ex
6,1657,p1,2070,n-zoroark,2334,dragapult-ex
6,1658,p2,2297,mega-excadrill-ex,2678,ceruledge-ex
6,1659,p1,0125,n-zoroark,0709,raging-bolt-ogerpon
6,1660,p2,1279,starmie-froslass,1957,n-zoroark
6,1661,p1,1333,manectric-eelektrik,1947,rocket-mewtwo-ex
6,1662,p1,1394,crustle-dri,0512,alakazam-dudunsparce
6,1663,p2,1693,n-zoroark,2237,slowking-scr
6,1664,tie,2482,festival-lead,1778,basic-box-m
6,1665,p2,1598,mega-excadrill-ex,0572,dragapult-blaziken
6,1666,p1,3047,dragapult-blaziken,2954,lucario-hariyama
6,1667,p1,0614,slowking-scr,0684,n-zoroark
6,1668,p1,0239,lopunny-dusknoir,0292,dragapult-dusknoir
6,1669,p2,1711,dragapult-dusknoir,2479,dragapult-blaziken
6,1670,p2,0421,n-zoroark,1408,rocket-mewtwo-ex
6,1671,tie,2425,ogerpon-meganium-hydrapple,2496,rockets-honchkrow
6,1672,p1,2473,dragapult-ex,1133,dragapult-ex
6,1673,p1,1220,other,1238,mega-excadrill-ex
6,1674,p1,0873,dragapult-ex,2313,ogerpon-meganium-hydrapple
6,1675,p1,1951,dhelmise-pbl,1511,dragapult-ex
6,1676,p1,2676,cinccino-ex,2990,basic-box-m
6,1677,p1,1935,slowking-scr,2563,alakazam-dusknoir
6,1678,p1,0370,dragapult-ex,0581,beedrill-ex-cri
6,1679,p1,2653,ethan-typhlosion,0380,dragapult-ex
6,1680,tie,0908,mega-starmie-ex,2232,dragapult-ex
6,1681,p2,0688,n-zoroark,2576,crustle-dri
6,1682,p2,0335,flareon-ex,2929,dragapult-ex
6,1683,p2,1742,seaking-pre,2828,toucannon-pbl
6,1684,tie,0689,dragapult-dusknoir,2010,manectric-eelektrik
6,1685,p1,0515,dragapult-dusknoir,0315,dragapult-dusknoir
6,1686,p2,1568,n-zoroark,1646,lucario-hariyama
6,1687,p2,2073,alolan-exeggutor-ex,2420,mega-excadrill-ex
6,1688,p1,1832,ogerpon-meganium-hydrapple,1905,rocket-mewtwo-ex
6,1689,p2,0347,dragapult-dusknoir,1912,ethan-typhlosion
6,1690,tie,1656,dragapult-dusknoir,1761,kangaskhan-bouffalant
6,1691,p1,0895,alakazam-dusknoir,1039,hops-trevenant
6,1692,p1,2424,dragapult-ex,0378,lucario-hariyama
6,1693,p2,0222,n-zoroark,2945,diancie-dusknoir
6,1694,p1,1771,starmie-dusknoir,3028,other
6,1695,p2,0919,lucario-hariyama,2281,grimmsnarl-froslass
6,1696,p1,0693,dragapult-dusknoir,0555,n-zoroark
6,1697,p2,1786,dragapult-ex,2580,raging-bolt-ogerpon
6,1698,p1,0426,alakazam-dudunsparce,3062,rockets-honchkrow
6,1699,p1,0962,dragapult-blaziken,1531,dhelmise-pbl
6,1700,p1,3039,sharpedo-toxtricity,2197,dragapult-blaziken
6,1701,p1,1532,blaziken-ex-jtg,2586,crustle-dri
6,1702,p2,2033,basic-box-m,2254,hop-zacian
6,1703,p1,2993,slowking-scr,2463,toucannon-pbl
6,1704,p2,1197,dragapult-dusknoir,0659,alakazam-dudunsparce
6,1705,p2,0173,sharpedo-toxtricity,2921,dragapult-dusknoir
6,1706,tie,1760,mega-excadrill-ex,1092,mega-greninja-ex
6,1707,p2,2404,mega-excadrill-ex,0564,mega-venusaur-ex
6,1708,p1,1449,dragapult-blaziken,2558,rockets-honchkrow
6,1709,tie,2374,mega-excadrill-ex,3045,kangaskhan-bouffalant
6,1710,p1,0987,dragapult-ex,0226,dragapult-ex
6,1711,p1,0268,dragapult-ex,0783,ogerpon-meganium-hydrapple
6,1712,p1,0828,mega-feraligatr-ex,1503,alakazam-dudunsparce
6,1713,p2,0947,dragapult-ex,3079,dragapult-blaziken
6,1714,p2,1861,mega-abomasnow-ex,0910,mega-chandelure-ex
6,1715,p1,1591,?metagross,3121,dragapult-ex
6,1716,p2,2267,ogerpon-meganium-hydrapple,2979,beedrill-ex-cri
6,1717,p1,0760,ethan-typhlosion,1859,mega-darkrai-ex
6,1718,p2,1006,ceruledge-ex,2001,rockets-honchkrow
7,501,p2,2046,dragapult-ex,1952,slowking-scr
7,502,p1,0695,dragapult-ex,2589,slowking-scr
7,503,p1,2331,dragapult-ex,0872,alakazam-dusknoir
7,504,p2,1169,dragapult-ex,0679,dragapult-ex
7,505,p1,2722,slowking-scr,2450,dragapult-dusknoir
7,506,p1,1758,lucario-hariyama,2455,dragapult-ex
7,507,tie,0518,crustle-dri,1709,dragapult-dusknoir
7,508,p1,2977,basic-box-m,2216,basic-box-m
7,509,p2,1397,raging-bolt-ogerpon,0610,dragapult-ex
7,510,p1,2509,dragapult-dusknoir,1689,basic-box-m
7,511,p1,1746,crustle-dri,1314,dragapult-ex
7,512,p1,2718,basic-box-m,2838,n-zoroark
7,513,p2,0497,dragapult-ex,2112,dragapult-ex
7,514,p1,2881,slowking-scr,0143,basic-box-m
7,515,p1,1418,mega-excadrill-ex,2856,sharpedo-toxtricity
7,516,p2,1263,lopunny-dudunsparce,1735,sharpedo-toxtricity
7,517,p1,1404,n-zoroark,2639,dragapult-ex
7,518,p2,0577,mega-excadrill-ex,1652,dragapult-blaziken
7,519,tie,2011,n-zoroark,1400,dragapult-dusknoir
7,520,p2,2396,n-zoroark,3078,rocket-mewtwo-ex
7,521,p1,0017,dragapult-ex,1990,dragapult-ex
7,522,p1,2795,alakazam-dudunsparce,2131,dragapult-ex
7,523,tie,0105,slowking-scr,1324,dragapult-ex
7,524,tie,0535,crustle-dri,2859,dragapult-ex
7,525,p1,1956,basic-box-m,1592,dragapult-ex
7,526,p2,2819,mega-greninja-ex,1999,festival-lead
7,527,p2,1457,dragapult-ex,0810,dragapult-dusknoir
7,528,p1,2688,basic-box-m,1325,dragapult-ex
7,529,p1,0578,crustle-dri,0054,slowking-scr
7,530,p2,1444,dragapult-ex,1562,crustle-dri
7,531,p1,3073,mega-venusaur-ex,2253,crustle-dri
7,532,p2,1987,dragapult-ex,0162,dragapult-ex
7,533,p2,0057,dragapult-ex,0865,lucario-hariyama
7,534,p1,2109,rockets-honchkrow,1201,dragapult-blaziken
7,535,tie,3103,dragapult-ex,0632,slowking-scr
7,536,tie,0706,dragapult-blaziken,1334,ceruledge-ex
7,537,p2,2224,crustle-dri,1320,basic-box-m
7,538,p1,0270,dragapult-dusknoir,1096,dragapult-ex
7,539,tie,1712,?,2432,mega-excadrill-ex
7,540,p2,2150,dragapult-dusknoir,2910,raging-bolt-ogerpon
7,541,p2,2136,festival-lead,0981,clefairy-ogerpon
7,542,tie,2759,ogerpon-meganium-hydrapple,2168,starmie-dusknoir
7,543,tie,0136,dragapult-ex,0534,dragapult-dusknoir
7,544,tie,1392,mega-excadrill-ex,0013,dragapult-ex
7,545,tie,2247,dragapult-ex,2988,dragapult-ex
7,546,tie,0271,dragapult-ex,0758,n-zoroark
7,547,p2,2118,crustle-dri,1579,mega-starmie-ex
7,548,p2,2121,alakazam-dudunsparce,2446,lopunny-dudunsparce
7,549,p2,2015,festival-lead,0700,lopunny-dusknoir
7,550,tie,1456,slowking-scr,2585,rockets-honchkrow
7,551,p1,1588,dragapult-ex,2060,festival-lead
7,552,p2,0204,n-zoroark,2865,dragapult-dusknoir
7,553,tie,2280,seaking-pre,0366,sharpedo-toxtricity
7,554,p2,1794,kangaskhan-bouffalant,2433,lucario-hariyama
7,555,p2,0205,lucario-hariyama,2437,dragapult-blaziken
7,556,p1,1924,basic-box-m,0112,dragapult-dusknoir
7,558,p1,2635,crustle-dri,0116,alakazam-dudunsparce
7,561,tie,2488,mega-lucario-ex,0122,grimmsnarl-froslass
7,562,tie,0133,n-zoroark,0123,dragapult-ex
7,563,p1,1884,mega-lucario-ex,0126,lopunny-dusknoir
7,564,tie,2462,bronzong-tef,0128,dragapult-ex
7,565,p1,1801,cynthia-garchomp-ex,0130,dragapult-ex
7,566,tie,0768,dragapult-ex,2666,slowking-scr
7,568,p2,0321,alakazam-dudunsparce,0569,basic-box-m
7,569,p2,2380,dragapult-dusknoir,0479,dragapult-dusknoir
7,570,tie,3080,mega-venusaur-ex,1494,slowking-scr
7,571,p2,2836,mega-excadrill-ex,1509,cynthia-garchomp-ex
7,572,p1,2686,ogerpon-meganium,1889,dragapult-dusknoir
7,573,p1,0676,alakazam-dudunsparce,2719,slowking-scr
7,574,p2,1658,alakazam-dusknoir,0407,basic-box-m
7,575,p1,0165,basic-box-m,0435,dragapult-ex
7,576,tie,1968,crustle-dri,0249,basic-box-m
7,577,p2,0338,n-zoroark,1934,slowking-scr
7,578,tie,1686,toxtricity-box,2540,lucario-hariyama
7,579,tie,2198,dragapult-ex,2004,slowking-scr
7,580,p1,1567,dragapult-ex,1232,dhelmise-pbl
7,581,p1,2354,dragapult-blaziken,1015,manectric-eelektrik
7,582,p2,1874,dragapult-ex,2181,mega-excadrill-ex
7,583,tie,2303,rocket-mewtwo-ex,0868,dragapult-ex
7,584,p1,1229,dragapult-blaziken,1246,dhelmise-pbl
7,585,tie,0732,dhelmise-pbl,0043,cynthia-garchomp-ex
7,586,p1,2772,dragapult-ex,2199,dragapult-ex
7,587,p2,2909,dragapult-ex,2105,basic-box-m
7,588,p2,1008,dragapult-blaziken,0821,slowking-scr
7,589,tie,1586,slowking-scr,1519,dragapult-blaziken
7,590,p2,2853,n-zoroark,0791,ogerpon-meganium-hydrapple
7,591,p1,2573,n-zoroark,2872,n-zoroark
7,592,p2,0107,dragapult-dusknoir,1603,lopunny-dusknoir
7,593,p2,2307,dragapult-dusknoir,1534,marnie-grimmsnarl-ex
7,594,p2,1068,alakazam-dusknoir,1469,crustle-dri
7,595,tie,0420,dragapult-dusknoir,1671,dhelmise-pbl
7,596,tie,0417,dragapult-blaziken,2395,slowking-scr
7,597,p2,0153,dragapult-ex,1152,crustle-dri
7,598,p1,1237,clefairy-ogerpon,1578,slowking-scr
7,599,tie,0884,dragapult-ex,0979,dragapult-blaziken
7,600,p2,1291,crustle-dri,2878,dhelmise-pbl
7,601,p2,0945,dragapult-ex,2161,mega-chandelure-ex
7,602,p1,1260,slowking-scr,0851,mega-excadrill-ex
7,603,p1,0787,dragapult-ex,1498,festival-lead
7,605,p2,1219,rockets-honchkrow,0209,dragapult-blaziken
7,606,p1,0486,dragapult-ex,0620,rockets-honchkrow
7,607,p2,1046,alakazam-dusknoir,0525,crustle-dri
7,608,p2,1667,rockets-honchkrow,2944,dragapult-ex
7,609,tie,2776,dragapult-ex,1040,dragapult-ex
7,610,p1,1224,lopunny-dusknoir,2766,crustle-dri
7,611,p2,2138,n-zoroark,1339,dragapult-ex
7,612,p2,2781,n-zoroark,0181,dragapult-ex
7,613,p2,2604,slowking-scr,2352,alakazam-dudunsparce
7,614,p1,0911,basic-box-m,2241,dragapult-dusknoir
7,615,p2,0894,dragapult-blaziken,2651,slowking-scr
7,616,p2,0468,basic-box-m,2526,dragapult-ex
7,617,p1,2373,dragapult-dusknoir,1184,dragapult-ex
7,618,p1,0976,alakazam-dusknoir,1322,slowking-scr
7,619,p2,0816,dragapult-ex,0591,n-zoroark
7,620,p2,1732,dragapult-ex,1748,dragapult-dusknoir
7,621,p1,2075,slowking-scr,2193,dragapult-dusknoir
7,622,p1,0442,dragapult-ex,1060,mega-excadrill-ex
7,623,p1,2415,dragapult-ex,2746,festival-lead
7,624,p2,0628,ogerpon-meganium-hydrapple,2616,alakazam-dudunsparce
7,625,tie,0582,dragapult-ex,1472,slowking-scr
7,626,p1,2195,dragapult-dusknoir,2683,ogerpon-meganium-hydrapple
7,627,tie,1330,dragapult-ex,1223,dragapult-ex
7,628,p1,0466,dragapult-ex,3093,dragapult-ex
7,629,p1,3066,alakazam-dusknoir,0174,lucario-hariyama
7,630,p2,1361,dragapult-dusknoir,0913,lucario-hariyama
7,631,tie,2178,dragapult-dusknoir,1282,n-zoroark
7,632,p1,0243,dragapult-ex,0701,alakazam-dudunsparce
7,633,p1,2346,slowking-scr,0893,dragapult-ex
7,634,p1,1132,slowking-scr,1308,dragapult-ex
7,635,p2,1715,crustle-dri,0411,basic-box-m
7,636,p2,2912,lopunny-dusknoir,2834,basic-box-m
7,637,tie,2978,n-zoroark,1625,dragapult-blaziken
7,638,p2,2365,dhelmise-pbl,0511,n-zoroark
7,639,tie,2976,slowking-scr,1628,n-zoroark
7,640,tie,3109,dragapult-ex,1795,dragapult-ex
7,641,p2,1199,alakazam-dudunsparce,1315,grimmsnarl-froslass
7,642,p1,0489,dragapult-blaziken,1296,n-zoroark
7,643,p2,2225,dhelmise-pbl,1900,dragapult-ex
7,644,tie,1946,dragapult-ex,2845,n-zoroark
7,645,tie,2430,dragapult-dusknoir,0831,dragapult-ex
7,646,p2,1438,slowking-scr,1962,dragapult-ex
7,647,p1,2705,mega-lucario-ex,1052,n-zoroark
7,648,p2,1571,alakazam-dudunsparce,2384,basic-box-m
7,649,p2,0423,n-zoroark,1835,seaking-pre
7,650,p2,1016,dragapult-dudunsparce,1155,alakazam-dudunsparce
7,651,p2,2892,grimmsnarl-froslass,2200,alakazam-dusknoir
7,653,p1,0305,mega-greninja-ex,1718,dragapult-ex
7,654,tie,1834,dragapult-ex,2958,basic-box-m
7,655,p1,0882,dragapult-ex,0063,lucario-hariyama
7,656,p2,2434,dragapult-ex,1846,n-zoroark
7,657,p2,0325,dragapult-ex,0408,dragapult-ex
7,658,p2,1612,other,1393,dragapult-ex
7,659,p1,0602,dragapult-ex,0282,mega-excadrill-ex
7,660,tie,2854,dragapult-dusknoir,0202,crustle-dri
7,661,p1,0299,clefairy-ogerpon,0258,dragapult-ex
7,662,p1,1453,rockets-honchkrow,0500,basic-box-m
7,663,p2,3054,dragapult-ex,1175,basic-box-m
7,664,tie,2368,grimmsnarl-froslass,3052,basic-box-m
7,665,p2,0067,basic-box-m,1734,dragapult-ex
7,666,tie,3064,starmie-froslass,3046,grimmsnarl-froslass
7,667,tie,2943,dragapult-blaziken,2724,n-zoroark
7,668,p2,2522,dhelmise-pbl,2792,basic-box-m
7,669,p1,1005,alakazam-dudunsparce,1139,festival-lead
7,670,p2,1558,slowking-scr,2484,n-zoroark
7,671,p1,1616,mega-excadrill-ex,2594,mega-excadrill-ex
7,672,p2,2156,dragapult-ex,2985,dragapult-ex
7,673,p2,2385,crustle-dri,2094,sharpedo-toxtricity
7,674,p1,2108,dragapult-dusknoir,2809,basic-box-m
7,675,p1,2358,n-zoroark,1590,lopunny-dudunsparce
7,676,p1,2963,mega-excadrill-ex,1888,cynthia-garchomp-ex
7,677,p2,0228,basic-box-m,0298,n-zoroark
7,678,p2,1233,rocket-mewtwo-ex,0317,starmie-dusknoir
7,679,p1,1047,n-zoroark,3111,dragapult-ex
7,680,p2,2953,cynthia-garchomp-ex,3070,slowking-scr
7,681,p2,3011,dragapult-ex,0508,n-zoroark
7,682,p2,1581,dragapult-dusknoir,0024,hops-trevenant
7,683,p1,1700,n-zoroark,0537,cynthia-garchomp-ex
7,684,p2,0663,dragapult-ex,3094,alakazam-dudunsparce
7,685,p1,3075,slowking-scr,0938,n-zoroark
7,686,p2,0141,dragapult-ex,1629,dragapult-ex
7,687,p1,1908,n-zoroark,1023,dragapult-blaziken
7,688,p1,2841,dhelmise-pbl,0746,slowking-scr
7,689,p2,0633,slowking-scr,1869,dragapult-ex
7,690,p1,2234,dhelmise-pbl,2009,dragapult-ex
7,691,p1,2065,dragapult-dusknoir,1890,crustle-dri
7,692,p1,1341,dragapult-ex,0935,slowking-scr
7,693,p2,1512,basic-box-m,2629,n-zoroark
7,694,p1,2654,dragapult-dusknoir,2618,mega-excadrill-ex
7,695,p1,0891,n-zoroark,1022,dragapult-dusknoir
7,696,p1,2014,dragapult-dusknoir,1775,rockets-honchkrow
7,697,p1,0527,dragapult-ex,2363,festival-lead
7,698,p1,1513,basic-box-m,0767,sharpedo-toxtricity
7,699,tie,2153,alakazam-dudunsparce,0804,alakazam-dudunsparce
7,700,p1,1268,basic-box-m,2290,dragapult-blaziken
7,701,p2,1354,crustle-dri,0780,n-zoroark
7,702,tie,2621,slowking-scr,1064,dragapult-blaziken
7,703,p2,0801,ogerpon-meganium-hydrapple,1898,dhelmise-pbl
7,704,p1,0743,dragapult-ex,2689,alakazam-dudunsparce
7,705,p1,1227,dragapult-ex,0443,dragapult-ex
7,706,p2,2027,rockets-honchkrow,2626,festival-lead
7,707,p2,1342,cinccino-ex,1089,dhelmise-pbl
7,708,p2,1724,dragapult-ex,0737,mega-chandelure-ex
7,709,p2,1443,crustle-dri,2355,alakazam-dudunsparce
7,710,p2,1614,dragapult-blaziken,2401,dragapult-ex
7,711,p2,2030,dragapult-dusknoir,0293,grimmsnarl-froslass
7,712,tie,1537,mega-excadrill-ex,2262,crustle-dri
7,713,p1,1783,dragapult-blaziken,1478,dragapult-dusknoir
7,714,p2,1402,dragapult-ex,2328,dragapult-ex
7,715,p1,2144,dragapult-blaziken,0523,alakazam-dusknoir
7,716,p2,0320,crustle-dri,1561,dragapult-ex
7,717,p2,2761,festival-lead,0240,seaking-pre
7,718,p2,0734,mega-excadrill-ex,0275,dragapult-ex
7,719,p1,0218,dragapult-ex,2643,ogerpon-meganium-hydrapple
7,720,p2,2529,n-zoroark,2116,basic-box-m
7,721,p1,1781,crustle-dri,2260,dragapult-ex
7,722,p2,1891,dragapult-blaziken,1192,basic-box-m
7,723,p2,1620,other,0277,basic-box-m
7,724,p2,2762,festival-lead,2120,dragapult-ex
7,725,p2,3085,alakazam-dudunsparce,1553,crustle-dri
7,726,p1,2851,dragapult-ex,0087,dragapult-ex
7,727,p1,0759,dragapult-dusknoir,2560,n-zoroark
7,728,p2,1704,basic-box-m,2780,n-zoroark
7,729,p2,1662,dragapult-dudunsparce,0201,dragapult-dusknoir
7,730,tie,2599,dragapult-ex,0782,dragapult-blaziken
7,731,p2,0164,rockets-honchkrow,1226,dragapult-dusknoir
7,732,p2,2119,dragapult-ex,1805,dragapult-ex
7,733,p2,2298,lucario-hariyama,2335,festival-lead
7,734,p1,2454,n-zoroark,0977,n-zoroark
7,735,p1,1849,ogerpon-meganium-hydrapple,0344,raging-bolt-ogerpon
7,736,p2,0877,festival-lead,2890,festival-lead
7,737,p2,2667,mega-lucario-ex,1596,crustle-dri
7,738,p2,1177,lucario-hariyama,1090,basic-box-m
7,739,p1,2397,dragapult-ex,1759,dragapult-ex
7,740,p2,1948,mega-excadrill-ex,1117,dragapult-ex
7,741,p2,1847,grimmsnarl-froslass,0698,dhelmise-pbl
7,742,p1,2081,dragapult-ex,2965,mega-excadrill-ex
7,743,p1,0224,dragapult-ex,1390,lucario-hariyama
7,744,p1,1505,dragapult-blaziken,2672,n-zoroark
7,745,p1,0502,dhelmise-pbl,0781,slowking-scr
7,746,p1,2115,dragapult-blaziken,2002,ogerpon-meganium-hydrapple
7,747,p2,2085,grimmsnarl-froslass,2596,mega-excadrill-ex
7,748,p1,2163,n-zoroark,0892,sharpedo-toxtricity
7,749,p1,1480,dhelmise-pbl,1753,mega-excadrill-ex
7,750,p1,2771,alakazam-dudunsparce,2751,greninja-ex
7,751,p2,2569,dragapult-blaziken,1352,mega-excadrill-ex
7,752,p2,1705,grimmsnarl-froslass,0648,clefairy-ogerpon
7,753,p2,0548,dragapult-ex,1740,slowking-scr
7,754,p2,0857,dragapult-blaziken,3092,rockets-honchkrow
7,755,p1,1556,festival-lead,0451,dragapult-blaziken
7,756,p2,0088,dragapult-blaziken,2160,dragapult-ex
7,757,p2,2413,crustle-dri,3005,greninja-ex
7,758,p1,0402,crustle-dri,0753,kangaskhan-bouffalant
7,759,p1,2439,dragapult-dusknoir,1198,mega-excadrill-ex
7,760,tie,2040,ogerpon-meganium-arboliva,0529,dragapult-ex
7,761,p2,3035,n-zoroark,0071,rockets-honchkrow
7,762,p2,0991,lopunny-dusknoir,0449,n-zoroark
7,763,p2,2145,dragapult-dusknoir,2903,dragapult-dudunsparce
7,764,p2,1772,dragapult-ex,0360,crustle-dri
7,765,p1,0541,dragapult-dusknoir,2230,seaking-pre
7,766,p2,2843,mega-chandelure-ex,2231,basic-box-m
7,767,p2,1346,dragapult-ex,1468,dragapult-ex
7,768,p2,1555,dragapult-blaziken,1126,grimmsnarl-froslass
7,769,p2,1448,dragapult-dusknoir,2274,lucario-hariyama
7,770,p2,0086,mega-venusaur-ex,1211,n-zoroark
7,771,p2,1125,n-zoroark,2952,grimmsnarl-froslass
7,772,p2,0618,n-zoroark,0596,dragapult-dusknoir
7,773,p2,2568,mega-excadrill-ex,1965,dhelmise-pbl
7,774,p2,3082,dragapult-dusknoir,0217,dhelmise-pbl
7,775,p1,1855,rockets-honchkrow,1621,other
7,776,p2,2480,lucario-hariyama,0923,dragapult-dusknoir
7,777,p2,3105,dragapult-dusknoir,1863,dragapult-ex
7,778,p2,1931,crustle-dri,2170,dragapult-blaziken
7,779,p2,0428,dragapult-ex,0151,dragapult-ex
7,780,p2,1896,dragapult-dusknoir,0876,basic-box-m
7,781,p1,1146,kangaskhan-bouffalant,2460,basic-box-m
7,782,p1,2003,slowking-scr,1209,raging-bolt-ogerpon
7,783,p2,2731,dragapult-dusknoir,3065,dragapult-ex
7,784,p1,2412,starmie-dusknoir,0604,dragapult-blaziken
7,785,p1,0982,mega-chandelure-ex,2233,n-zoroark
7,786,p2,2476,mega-excadrill-ex,2622,lucario-hariyama
7,787,p2,0845,alakazam-dudunsparce,1520,dragapult-dusknoir
7,788,p2,1792,slowking-scr,1909,lillie-clefairy
7,789,p2,2745,dragapult-ex,0055,n-zoroark
7,790,p1,2362,alakazam-dusknoir,0966,dragapult-ex
7,791,p2,3044,grimmsnarl-froslass,2858,slowking-scr
7,792,tie,1088,beedrill-ex-cri,1025,festival-lead
7,793,p1,1037,dragapult-blaziken,0928,dhelmise-pbl
7,794,p2,0754,hops-trevenant,1706,dragapult-blaziken
7,795,p1,0613,dragapult-dusknoir,2137,basic-box-m
7,796,p1,2248,n-zoroark,0634,alakazam-dudunsparce
7,797,tie,2742,dragapult-dusknoir,2901,crustle-dri
7,798,p2,1766,basic-box-m,1741,alakazam-dusknoir
7,799,p1,0150,dragapult-dusknoir,0099,n-zoroark
7,800,p1,0800,basic-box-m,2129,alakazam-dudunsparce
7,801,p1,2069,rockets-honchkrow,2026,dragapult-dusknoir
7,802,p1,2575,basic-box-m,1932,dragapult-dusknoir
7,803,p1,1812,basic-box-m,1069,dragapult-ex
7,804,p1,0808,dragapult-ex,1523,basic-box-m
7,805,p2,2553,festival-lead,2737,dhelmise-pbl
7,806,p2,0478,n-zoroark,1270,mega-excadrill-ex
7,807,p1,1720,festival-lead,0079,slowking-scr
7,808,tie,1042,dragapult-ex,0671,crustle-dri
7,809,p2,3106,alakazam-dudunsparce,2325,dragapult-ex
7,810,p2,1774,dragapult-ex,1641,basic-box-m
7,811,tie,0973,dragapult-dusknoir,0333,basic-box-m
7,812,p1,2242,alakazam-dusknoir,1880,alakazam-dudunsparce
7,813,p2,2067,crustle-dri,1179,dragapult-dusknoir
7,814,p1,3108,mega-chandelure-ex,1533,slowking-scr
7,815,tie,2870,dragapult-dusknoir,0856,basic-box-m
7,816,tie,1942,lucario-hariyama,0554,rocket-mewtwo-ex
7,817,p1,1926,mega-absol-box,1077,alakazam-dusknoir
7,818,p2,0156,dragapult-ex,3071,crustle-dri
7,819,p2,0942,lucario-hariyama,0672,dragapult-ex
7,820,p1,0192,basic-box-m,1615,sharpedo-toxtricity
7,821,p1,2427,dragapult-ex,1919,mega-excadrill-ex
7,822,p2,2763,mega-excadrill-ex,0653,dragapult-dusknoir
7,823,p1,0092,raging-bolt-ogerpon,0427,lucario-hariyama
7,824,p2,1702,dhelmise-pbl,2243,dragapult-ex
7,825,p1,1811,n-zoroark,1940,alakazam-dusknoir
7,826,p1,1638,dragapult-ex,2530,lopunny-dusknoir
7,827,p2,0626,dragapult-blaziken,2966,dragapult-dusknoir
7,828,p2,1744,dragapult-ex,0631,dragapult-ex
7,829,p2,1789,n-zoroark,0142,dragapult-ex
7,830,p2,2187,lucario-hariyama,1248,slowking-scr
7,831,p1,2931,dragapult-ex,2217,lucario-hariyama
7,832,p2,1651,dragapult-ex,0924,dragapult-ex
7,833,p2,1202,lopunny-dusknoir,2182,alakazam-dudunsparce
7,834,p1,0574,n-zoroark,0705,dhelmise-pbl
7,835,p2,2020,dragapult-ex,0098,dragapult-ex
7,836,p1,0047,dragapult-dudunsparce,2600,crustle-dri
7,837,p2,1854,kangaskhan-bouffalant,1813,ogerpon-meganium-hydrapple
7,838,p1,0806,lucario-hariyama,2124,lucario-hariyama
7,839,p2,1594,dragapult-ex,1610,slowking-scr
7,840,p2,2275,mega-excadrill-ex,1032,mega-lucario-ex
7,841,p2,1518,festival-lead,0376,dragapult-dusknoir
7,842,p2,1344,festival-lead,2949,mega-excadrill-ex
7,843,p1,2457,mega-excadrill-ex,2578,crustle-dri
7,844,p1,0070,basic-box-m,0010,n-zoroark
7,845,p1,2757,dragapult-ex,1950,dragapult-ex
7,846,tie,1939,dragapult-dusknoir,1054,dragapult-ex
7,847,p1,1921,n-zoroark,2964,basic-box-m
7,848,p2,2465,dragapult-ex,2665,slowking-scr
7,849,p1,2785,dragapult-ex,2249,hops-trevenant
7,850,p2,1577,dragapult-ex,2896,dragapult-blaziken
7,851,tie,1600,greninja-ex,1417,ogerpon-meganium-hydrapple
7,852,p1,2314,dragapult-ex,0647,dragapult-ex
7,853,tie,1879,slowking-scr,0375,dragapult-ex
7,854,p1,0824,starmie-dusknoir,2285,dragapult-ex
7,855,p1,0346,lucario-hariyama,2166,n-zoroark
7,856,tie,2063,slowking-scr,2491,dragapult-ex
7,857,p1,0675,dragapult-dusknoir,0789,n-zoroark
7,858,p2,1063,crustle-dri,0214,crustle-dri
7,859,p1,0065,n-zoroark,0220,slowking-scr
7,860,p1,0172,kangaskhan-bouffalant,2609,festival-lead
7,861,tie,0959,dhelmise-pbl,0616,sharpedo-toxtricity
7,862,p2,0912,dhelmise-pbl,1307,cynthia-garchomp-ex
7,863,p2,2071,beedrill-ex-cri,2918,dragapult-blaziken
7,864,p2,0114,basic-box-m,2269,crustle-dri
7,865,p1,1131,rocket-mewtwo-ex,1648,dragapult-blaziken
7,866,p1,2922,rockets-honchkrow,2359,n-zoroark
7,867,p2,1587,slowking-scr,3036,dragapult-ex
7,868,p2,1464,dragapult-blaziken,0815,dragapult-ex
7,869,p1,2353,dragapult-ex,2029,n-zoroark
7,870,p2,2518,alakazam-dudunsparce,2111,crustle-dri
7,871,p2,2628,mega-excadrill-ex,2864,dragapult-ex
7,872,p1,2915,slowking-scr,2360,dragapult-blaziken
7,873,p2,0860,dragapult-blaziken,1536,alakazam-dudunsparce
7,874,p1,0899,dragapult-blaziken,1363,dragapult-blaziken
7,875,p2,1873,dragapult-blaziken,0543,n-zoroark
7,876,p2,2774,alakazam-dudunsparce,1300,dragapult-dusknoir
7,877,p1,2152,dragapult-ex,1071,dragapult-ex
7,878,p1,2370,dragapult-ex,0467,mega-excadrill-ex
7,879,p1,1960,dragapult-blaziken,0294,crustle-dri
7,880,p2,1515,rockets-honchkrow,1981,mega-greninja-ex
7,881,p1,0053,dragapult-ex,2471,sharpedo-toxtricity
7,882,p1,1691,dragapult-ex,1902,n-zoroark
7,883,p2,2053,other,0027,dragapult-ex
7,884,p1,2799,n-zoroark,0505,dragapult-ex
7,885,p2,1751,mega-excadrill-ex,2475,n-zoroark
7,886,p1,2102,mega-excadrill-ex,1828,sharpedo-toxtricity
7,887,p2,1302,mega-excadrill-ex,3033,basic-box-m
7,888,p1,0444,slowking-scr,1331,n-zoroark
7,889,p1,1978,dragapult-ex,2077,dragapult-ex
7,890,p1,1171,n-zoroark,0094,n-zoroark
7,891,p2,2815,dragapult-ex,0189,ogerpon-meganium-hydrapple
7,892,p2,0210,dragapult-ex,2533,dragapult-ex
7,893,p2,0799,dhelmise-pbl,0447,dragapult-ex
7,894,p2,2531,alakazam-dudunsparce,2084,alakazam-dudunsparce
7,895,p2,1259,n-zoroark,1637,basic-box-m
7,896,p1,2062,lopunny-dusknoir,2955,alakazam-dudunsparce
7,897,tie,2375,n-zoroark,1043,dragapult-ex
7,898,p2,1265,seaking-pre,0081,rockets-honchkrow
7,899,p1,2877,ogerpon-meganium-hydrapple,2088,n-zoroark
7,900,tie,2057,festival-lead,0840,alakazam-dudunsparce
7,901,p2,0148,dragapult-ex,0137,dragapult-ex
7,902,p1,0950,n-zoroark,1871,mega-excadrill-ex
7,903,p2,0284,n-zoroark,2024,basic-box-m
7,904,p1,0491,sharpedo-toxtricity,0944,crustle-dri
7,905,p1,2997,cynthia-garchomp-ex,1991,sharpedo-toxtricity
7,906,p1,1164,dragapult-dusknoir,1311,mega-excadrill-ex
7,907,p2,1033,basic-box-m,0230,festival-lead
7,908,p1,3060,dragapult-ex,2668,dragapult-ex
7,909,p1,2000,crustle-dri,1819,dragapult-ex
7,910,p2,2787,dragapult-ex,2357,basic-box-m
7,911,tie,1851,dragapult-ex,1659,n-zoroark
7,912,tie,0016,alakazam-dudunsparce,2203,dragapult-blaziken
7,913,p1,1004,dragapult-froslass,2706,dragapult-dusknoir
7,914,p1,0963,dragapult-ex,2323,sharpedo-toxtricity
7,915,p1,2827,n-zoroark,2897,basic-box-m
7,916,p1,0241,rockets-honchkrow,0052,dragapult-dusknoir
7,917,p2,0960,okidogi-barbaracle,2315,dragapult-ex
7,918,p2,1243,lillie-clefairy,2525,lopunny-dusknoir
7,919,p2,1207,ogerpon-meganium-arboliva,0481,lucario-hariyama
7,920,p2,2709,dragapult-dusknoir,0793,dragapult-ex
7,921,p1,1998,lopunny-dusknoir,2625,mega-excadrill-ex
7,922,p1,0283,dragapult-ex,2638,lucario-hariyama
7,923,p1,2597,mega-chandelure-ex,3029,dragapult-blaziken
7,924,p2,0627,dragapult-ex,2707,dragapult-blaziken
7,925,p1,0060,crustle-dri,1115,beedrill-ex-cri
7,926,p2,1983,okidogi-barbaracle,1289,mega-excadrill-ex
7,927,p1,2577,dragapult-dusknoir,0334,festival-lead
7,928,p2,1200,festival-lead,1897,dragapult-ex
7,929,p2,0640,dragapult-dudunsparce,1128,hops-trevenant
7,930,p2,1216,dragapult-dusknoir,0336,dragapult-dusknoir
7,931,p2,1058,n-zoroark,0685,dragapult-ex
7,932,p2,2364,slowking-scr,2383,dhelmise-pbl
7,933,p1,0371,dragapult-dusknoir,1862,dragapult-ex
7,934,p2,0023,raging-bolt-ogerpon,2186,dragapult-ex
7,935,p1,1250,dragapult-ex,1327,dragapult-dusknoir
7,936,p1,0830,ogerpon-meganium-hydrapple,0997,dragapult-ex
7,937,p1,2574,lopunny-dudunsparce,0409,dragapult-ex
7,938,p2,1349,dragapult-ex,0833,sharpedo-toxtricity
7,939,p2,0707,mega-excadrill-ex,2204,dragapult-ex
7,940,p2,2557,slowking-scr,1572,kangaskhan-bouffalant
7,941,tie,2451,dragapult-ex,2876,basic-box-m
7,942,tie,1623,mega-lucario-ex,0573,crustle-dri
7,943,p2,1421,dragapult-ex,0006,festival-lead
7,944,p2,2139,mega-excadrill-ex,0836,dragapult-ex
7,945,p2,0532,dragapult-ex,2833,basic-box-m
7,946,p2,0736,dragapult-ex,3034,mega-excadrill-ex
7,947,p1,0050,mega-excadrill-ex,1507,dragapult-ex
7,948,p2,1885,dhelmise-pbl,1099,dragapult-dusknoir
7,949,p2,2716,ogerpon-meganium-hydrapple,2494,dragapult-ex
7,950,p1,2572,dragapult-blaziken,1499,dragapult-ex
7,951,p2,1108,crustle-dri,1749,lucario-hariyama
7,952,p1,0886,mega-lucario-ex,1631,starmie-dusknoir
7,953,p1,0983,crustle-dri,2852,slowking-scr
7,954,p2,3058,crustle-dri,2614,dhelmise-pbl
7,955,tie,1754,crustle-dri,2623,rockets-honchkrow
7,956,p2,1979,dragapult-ex,2489,alakazam-dudunsparce
7,957,p1,0766,crustle-dri,1245,dragapult-ex
7,958,p2,1757,alakazam-dudunsparce,2238,dragapult-ex
7,959,p2,0765,dragapult-ex,0723,cynthia-garchomp-ex
7,960,p2,1878,rocket-spidops,1624,dragapult-ex
7,961,p1,0567,dragapult-ex,1109,dragapult-ex
7,962,p2,1142,alakazam-dudunsparce,0028,dragapult-ex
7,963,p1,0773,dragapult-ex,0844,ogerpon-meganium-hydrapple
7,964,p2,1292,dragapult-dusknoir,0457,dragapult-ex
7,965,p2,0263,alakazam-dudunsparce,0710,lucario-hariyama
7,966,p2,0807,basic-box-m,1413,n-zoroark
7,967,p1,1632,n-zoroark,1649,dragapult-ex
7,968,p1,0394,sharpedo-toxtricity,1254,alakazam-dudunsparce
7,969,p1,1017,mega-excadrill-ex,0903,rocket-spidops
7,970,p2,1576,mega-excadrill-ex,0656,dragapult-blaziken
7,971,p1,0223,basic-box-m,0686,n-zoroark
7,972,p1,0812,slowking-scr,2973,dragapult-dusknoir
7,973,p1,2107,mega-excadrill-ex,0084,grimmsnarl-froslass
7,974,p2,0332,ogerpon-meganium-hydrapple,1752,dragapult-ex
7,975,p1,2603,dragapult-ex,1989,n-zoroark
7,976,p1,1101,dragapult-ex,2083,dragapult-ex
7,977,p2,2941,slowking-scr,0118,dragapult-ex
7,978,p1,0817,dhelmise-pbl,1003,lopunny-dusknoir
7,979,p1,0446,dragapult-ex,2259,dragapult-blaziken
7,980,p1,0441,alakazam-dudunsparce,1485,basic-box-m
7,981,p2,0514,dragapult-ex,2546,n-zoroark
7,982,p2,2723,dragapult-ex,2348,crustle-dri
7,983,p2,0605,dhelmise-pbl,0437,mega-chandelure-ex
7,984,p2,0681,dragapult-dusknoir,1329,slowking-scr
7,985,p1,2871,n-zoroark,0667,dhelmise-pbl
7,986,p1,0464,dragapult-ex,2016,alakazam-dudunsparce
7,987,p2,0385,dragapult-ex,2727,slowking-scr
7,988,p2,1703,dragapult-ex,1961,dragapult-blaziken
7,989,p1,1839,n-zoroark,2925,basic-box-m
7,990,p2,2640,lucario-hariyama,0906,rocket-mewtwo-ex
7,991,p1,1149,basic-box-m,0450,ceruledge-ex
7,992,p2,1943,lucario-hariyama,1188,dragapult-ex
7,993,p1,2657,dragapult-blaziken,3048,slowking-scr
7,994,p2,0302,n-zoroark,1522,basic-box-m
7,995,p2,1730,slowking-scr,3009,dragapult-ex
7,996,p1,1258,n-zoroark,1669,slowking-scr
7,997,p1,2956,festival-lead,0140,mega-starmie-ex
7,998,tie,1743,dragapult-dusknoir,1130,n-zoroark
7,999,p1,0359,basic-box-m,1688,mega-excadrill-ex
7,1000,p1,0999,dragapult-ex,1143,basic-box-m
7,1001,p1,2272,dragapult-ex,0036,alakazam-dusknoir
7,1002,p2,1929,basic-box-m,0188,alakazam-dudunsparce
7,1003,p2,2214,basic-box-m,0820,n-zoroark
7,1004,p2,2512,alakazam-dudunsparce,2715,dragapult-ex
7,1005,p1,0091,crustle-dri,1866,mega-venusaur-ex
7,1006,p2,2693,sinistcha-ogerpon,0111,dragapult-blaziken
7,1007,p2,2218,mega-excadrill-ex,1218,dragapult-ex
7,1008,p1,0194,dragapult-blaziken,0584,crustle-dri
7,1009,p2,1368,dragapult-ex,1084,n-zoroark
7,1010,p2,0066,cynthia-garchomp-ex,0318,slowking-scr
7,1011,p2,1153,dragapult-blaziken,0374,crustle-dri
7,1012,p2,2982,dhelmise-pbl,2595,dragapult-blaziken
7,1013,p2,0622,dragapult-blaziken,0547,dragapult-dusknoir
7,1014,p1,1604,slowking-scr,2684,toucannon-pbl
7,1015,p1,1535,cynthia-garchomp-ex,2741,lucario-hariyama
7,1016,p1,3012,alakazam-dudunsparce,2159,mega-excadrill-ex
7,1017,p1,0031,basic-box-m,0391,festival-lead
7,1018,p2,0265,rockets-honchkrow,0931,crustle-dri
7,1019,p1,1779,dhelmise-pbl,2879,crustle-dri
7,1020,p1,0520,n-zoroark,1196,mega-excadrill-ex
7,1021,p1,1823,dragapult-dusknoir,2378,n-zoroark
7,1022,p1,1780,dragapult-ex,1617,festival-lead
7,1023,p2,2142,basic-box-m,2885,alakazam-dudunsparce
7,1024,p2,1545,n-zoroark,1974,mega-chandelure-ex
7,1025,p2,3040,dragapult-ex,0187,basic-box-m
7,1026,p1,2582,alakazam-dudunsparce,1067,mega-excadrill-ex
7,1027,p2,0557,alakazam-dudunsparce,0915,slowking-scr
7,1028,p2,2934,n-zoroark,0213,crustle-dri
7,1029,p1,2444,dragapult-ex,1281,dragapult-ex
7,1030,p2,1161,alakazam-dudunsparce,1838,n-zoroark
7,1031,p1,2064,dragapult-ex,2783,basic-box-m
7,1032,p1,2884,n-zoroark,0741,lopunny-dudunsparce
7,1033,p2,2698,cynthia-garchomp-ex,1694,cynthia-garchomp-ex
7,1034,p1,0005,slowking-scr,0248,basic-box-m
7,1035,tie,0832,dhelmise-pbl,2660,dragapult-ex
7,1036,p2,2818,mega-excadrill-ex,2919,basic-box-m
7,1037,p2,0400,alakazam-dudunsparce,1514,dragapult-blaziken
7,1038,p1,2399,slowking-scr,0763,slowking-scr
7,1039,tie,2202,dragapult-dusknoir,0319,basic-box-m
7,1040,p1,0132,dragapult-ex,1380,dhelmise-pbl
7,1041,p2,3010,dragapult-ex,0289,crustle-dri
7,1042,tie,0606,n-zoroark,2122,dragapult-ex
7,1043,p1,0562,basic-box-m,1212,crustle-dri
7,1044,tie,2882,dragapult-ex,0803,dragapult-ex
7,1045,p1,0669,n-zoroark,0635,basic-box-m
7,1046,p2,1565,mega-chandelure-ex,0029,slowking-scr
7,1047,p2,1969,dragapult-dusknoir,1111,dragapult-ex
7,1048,p2,1928,dragapult-ex,0957,sharpedo-toxtricity
7,1049,p2,0300,dragapult-ex,0035,basic-box-m
7,1050,p2,0718,festival-lead,1868,ethan-typhlosion
7,1051,p2,0462,crustle-dri,2648,mega-excadrill-ex
7,1052,p2,1234,basic-box-m,1214,basic-box-m
7,1053,p1,1490,mega-lucario-ex,0160,n-zoroark
7,1054,p2,2636,cynthia-garchomp-ex,2283,mega-lucario-ex
7,1055,p1,2803,slowking-scr,0967,marnie-grimmsnarl-ex
7,1056,p1,1964,mega-charizard-x-ex,1231,beedrill-ex-cri
7,1057,p2,0042,dragapult-dusknoir,2886,slowking-scr
7,1058,p1,0291,crustle-dri,2610,dragapult-dudunsparce
7,1059,p1,0184,n-zoroark,2256,alakazam-dusknoir
7,1060,p1,0404,dragapult-ex,2499,alakazam-dudunsparce
7,1061,p1,1773,crustle-dri,2376,dragapult-ex
7,1062,p1,2967,dragapult-ex,0864,festival-lead
7,1063,p1,2470,dhelmise-pbl,2840,dragapult-blaziken
7,1064,p2,1120,hops-trevenant,0943,basic-box-m
7,1065,p2,0340,palafin-ex,2620,grimmsnarl-froslass
7,1066,p1,0556,festival-lead,1636,dragapult-ex
7,1067,p2,1815,rockets-honchkrow,2821,festival-lead
7,1068,p1,2338,crustle-dri,0536,alakazam-dusknoir
7,1069,p1,2768,alakazam-dudunsparce,2013,slowking-scr
7,1070,p1,1911,dragapult-ex,1626,ogerpon-meganium-hydrapple
7,1071,tie,2543,dragapult-ex,2880,dhelmise-pbl
7,1072,p2,2975,festival-lead,1239,ogerpon-meganium-hydrapple
7,1073,p1,0559,diancie-dusknoir,1690,lucario-hariyama
7,1074,p2,1013,crustle-dri,0726,n-zoroark
7,1075,p1,1627,other,0939,ogerpon-meganium-arboliva
7,1076,p1,2959,n-zoroark,2270,dragapult-blaziken
7,1077,p1,2587,rockets-honchkrow,1837,mega-greninja-ex
7,1078,p2,0349,dragapult-dusknoir,2747,lucario-hariyama
7,1079,p2,2486,n-zoroark,2236,rockets-honchkrow
7,1080,p2,0313,rockets-honchkrow,1009,slowking-scr
7,1081,p2,2750,basic-box-m,1093,dragapult-ex
7,1082,p1,1044,dragapult-dusknoir,1521,dragapult-ex
7,1083,p1,0888,n-zoroark,0674,dragapult-ex
7,1084,p1,3001,metagross-cri,0932,dragapult-dusknoir
7,1085,p1,1824,alakazam-dudunsparce,3097,basic-box-m
7,1086,tie,0665,dragapult-ex,1502,crustle-dri
7,1087,p1,2798,beedrill-ex-cri,2564,n-zoroark
7,1088,p1,2498,dragapult-ex,2788,alakazam-dudunsparce
7,1089,p1,2082,dragapult-ex,1424,mega-excadrill-ex
7,1090,p1,1215,festival-lead,0974,seaking-pre
7,1091,p1,2670,dragapult-ex,2419,ogerpon-meganium-hydrapple
7,1092,p2,2505,sharpedo-toxtricity,2245,dragapult-blaziken
7,1093,p1,1892,dragapult-dusknoir,1548,grimmsnarl-froslass
7,1094,p1,1970,dragapult-ex,3119,mega-froslass-ex
7,1095,p1,0990,dragapult-dusknoir,1360,dragapult-ex
7,1096,p2,1297,dragapult-ex,2429,dragapult-ex
7,1097,p2,0200,rockets-honchkrow,2703,slowking-scr
7,1098,p1,2996,starmie-froslass,2782,crustle-dri
7,1099,p1,1914,dragapult-ex,3114,dragapult-dusknoir
7,1100,p1,1350,n-zoroark,2125,dragapult-dusknoir
7,1101,p1,1710,basic-box-m,2019,dhelmise-pbl
7,1102,p1,0740,dragapult-blaziken,1222,mega-excadrill-ex
7,1103,p1,1872,tera-box,0687,dragapult-ex
7,1104,p1,2044,n-zoroark,1374,dragapult-ex
7,1105,p1,2308,dhelmise-pbl,2300,dragapult-ex
7,1106,p1,1524,crustle-dri,0058,mega-greninja-ex
7,1107,p1,1293,dhelmise-pbl,1817,rocket-spidops
7,1108,tie,0904,dhelmise-pbl,1076,rockets-honchkrow
7,1109,p1,2076,slowking-scr,2714,beedrill-ex-cri
7,1110,p1,0009,basic-box-m,2037,dragapult-dusknoir
7,1111,p2,1156,clefairy-ogerpon,0191,lopunny-dudunsparce
7,1112,p1,2025,ogerpon-meganium-hydrapple,0813,mega-lucario-ex
7,1113,p1,2888,dragapult-ex,1359,dragapult-ex
7,1114,p2,1405,sharpedo-toxtricity,2162,ceruledge-ex
7,1115,p2,0020,ogerpon-meganium-hydrapple,2673,sinistcha-ogerpon
7,1116,p2,2035,alakazam-dudunsparce,1541,n-zoroark
7,1117,p2,1170,slowking-scr,2061,slowking-scr
7,1118,p2,0645,dragapult-ex,2341,mega-excadrill-ex
7,1119,p1,0883,mega-excadrill-ex,2797,dragapult-ex
7,1120,p1,2611,dragapult-ex,3017,alakazam-dudunsparce
7,1121,p1,1098,dragapult-ex,0353,dragapult-ex
7,1122,p1,2246,mega-lucario-ex,1147,dhelmise-pbl
7,1123,p2,2658,dragapult-ex,1034,dragapult-ex
7,1124,p1,0102,dragapult-ex,0785,dragapult-ex
7,1125,tie,0367,dragapult-ex,2435,festival-lead
7,1126,p2,0040,dragapult-ex,2089,mega-excadrill-ex
7,1127,p2,0714,crustle-dri,1242,mega-chandelure-ex
7,1128,p1,1881,n-zoroark,2366,dragapult-ex
7,1129,p2,0383,slowking-scr,1848,froslass-munkidori
7,1130,tie,3067,dragapult-ex,0958,mega-venusaur-ex
7,1131,p2,2474,starmie-froslass,2478,dragapult-blaziken
7,1132,p1,2994,mega-lucario-ex,0644,lopunny-dusknoir
7,1133,p2,2550,mega-excadrill-ex,2305,basic-box-m
7,1134,p1,2189,n-zoroark,2831,dragapult-ex
7,1135,p1,0565,lucario-hariyama,2930,grimmsnarl-froslass
7,1136,p2,1357,slowking-scr,0049,slowking-scr
7,1137,p2,1482,other,2087,dragapult-blaziken
7,1138,p2,1683,raging-bolt-ogerpon,0286,lucario-hariyama
7,1139,p1,2932,mega-excadrill-ex,1563,dragapult-ex
7,1140,p1,0638,ogerpon-meganium-hydrapple,0553,rockets-honchkrow
7,1141,p2,0403,dragapult-blaziken,0792,lucario-hariyama
7,1142,p1,0463,dragapult-ex,2701,rockets-honchkrow
7,1143,p2,2700,dhelmise-pbl,2825,dhelmise-pbl
7,1144,p2,2713,cynthia-garchomp-ex,1002,dragapult-ex
7,1145,p1,1356,alakazam-dusknoir,2520,ogerpon-meganium-hydrapple
7,1146,p1,1406,mega-excadrill-ex,2449,other
7,1147,p2,2835,basic-box-m,0598,n-zoroark
7,1148,p1,0245,dragapult-ex,0900,festival-lead
7,1149,p2,0989,crustle-dri,1508,dhelmise-pbl
7,1150,p2,1353,dragapult-blaziken,0434,dragapult-ex
7,1151,p1,2935,dhelmise-pbl,1154,flareon-noctowl
7,1152,p2,1340,festival-lead,1803,dragapult-ex
7,1153,p1,2939,dragapult-dusknoir,0110,dragapult-blaziken
7,1154,tie,3091,dragapult-dusknoir,1158,n-zoroark
7,1155,p1,0196,mega-chandelure-ex,1767,dhelmise-pbl
7,1156,p2,2891,dragapult-dusknoir,0452,basic-box-m
7,1157,p2,0106,ogerpon-meganium-hydrapple,2538,dragapult-dusknoir
7,1158,p2,2052,n-zoroark,3027,n-zoroark
7,1159,tie,0080,dragapult-ex,2601,dragapult-dusknoir
7,1160,p1,3049,sharpedo-toxtricity,0637,lucario-hariyama
7,1161,p2,1286,lopunny-dusknoir,0809,mega-lucario-ex
7,1162,p1,1377,rockets-honchkrow,0362,n-zoroark
7,1163,p2,1277,ethan-magcargo,0453,dragapult-ex
7,1164,p1,1079,slowking-scr,3112,slowking-scr
7,1165,p2,2527,alakazam-dudunsparce,0397,dragapult-blaziken
7,1166,p1,3083,dragapult-blaziken,1804,alakazam-dudunsparce
7,1167,p1,1668,dragapult-ex,2862,mega-excadrill-ex
7,1168,p1,0619,basic-box-m,0085,slowking-scr
7,1169,p2,0964,dragapult-ex,1607,ethan-typhlosion
7,1170,tie,0579,dhelmise-pbl,1723,dragapult-ex
7,1171,p2,0392,dragapult-dusknoir,2541,dhelmise-pbl
7,1172,p2,1446,ethan-typhlosion,0405,dragapult-blaziken
7,1173,p1,0158,lucario-hariyama,2770,dragapult-ex
7,1174,p1,0921,slowking-scr,0748,other
7,1175,tie,2481,alakazam-dudunsparce,1055,dragapult-ex
7,1176,p1,1782,dragapult-ex,2612,dragapult-dusknoir
7,1177,p2,2789,dragapult-ex,1180,dragapult-dusknoir
7,1178,p2,1906,basic-box-m,2869,mega-excadrill-ex
7,1179,p1,3107,dragapult-ex,2579,dragapult-blaziken
7,1180,p1,1570,dhelmise-pbl,1141,basic-box-m
7,1181,p1,0076,basic-box-m,3072,alakazam-dudunsparce
7,1182,p1,2117,dragapult-dusknoir,0621,mega-excadrill-ex
7,1183,p1,2177,dragapult-dusknoir,2263,palafin-ex
7,1184,p1,1549,mega-lucario-ex,1029,dragapult-blaziken
7,1185,p1,1036,ogerpon-meganium-hydrapple,1633,rockets-honchkrow
7,1186,p2,1995,alakazam-dudunsparce,1756,clefairy-ogerpon
7,1187,p1,0761,cynthia-garchomp-ex,1035,basic-box-m
7,1188,p1,0866,sharpedo-toxtricity,0652,grimmsnarl-froslass
7,1189,tie,0386,dragapult-ex,0328,rockets-honchkrow
7,1190,p1,0369,slowking-scr,2114,slowking-scr
7,1191,p1,0185,ogerpon-meganium-arboliva,2513,slowking-scr
7,1192,p2,2369,mega-excadrill-ex,0186,mega-starmie-ex
7,1193,p2,2850,n-zoroark,2691,slowking-scr
7,1194,p2,1661,crustle-dri,0276,cynthia-garchomp-ex
7,1195,p1,2211,toxtricity-box,0827,dragapult-dusknoir
7,1196,p2,3096,crustle-dri,0713,ethan-typhlosion
7,1197,p1,3016,dhelmise-pbl,1163,crustle-dri
7,1198,p1,2544,mega-greninja-ex,1810,crustle-dri
7,1199,p1,1065,sharpedo-toxtricity,2775,alakazam-dudunsparce
7,1200,p1,0460,crustle-dri,3014,dragapult-ex
7,1201,p2,2669,mega-excadrill-ex,1299,slowking-scr
7,1202,p2,2732,dragapult-ex,0539,mega-venusaur-ex
7,1203,p1,2591,ogerpon-meganium-hydrapple,1085,n-zoroark
7,1204,p2,0471,seaking-pre,0927,dragapult-dusknoir
7,1205,p2,0356,dhelmise-pbl,2322,basic-box-m
7,1206,p2,0314,dragapult-blaziken,2642,dragapult-ex
7,1207,p1,0516,grimmsnarl-froslass,2264,basic-box-m
7,1208,p1,0225,rockets-honchkrow,2948,basic-box-m
7,1209,p2,2146,dragapult-ex,2961,slowking-scr
7,1210,p2,1415,dragapult-dusknoir,1858,dragapult-dusknoir
7,1211,p1,1714,mega-excadrill-ex,2547,dragapult-ex
7,1212,p2,3068,dragapult-ex,2702,sharpedo-toxtricity
7,1213,p2,2405,basic-box-m,0365,kangaskhan-bouffalant
7,1214,p2,2190,mega-greninja-ex,2539,alakazam-dudunsparce
7,1215,p2,0455,mega-excadrill-ex,0902,alakazam-dusknoir
7,1216,p2,0905,crustle-dri,2675,lucario-hariyama
7,1217,p1,1395,mega-lucario-ex,0244,lucario-hariyama
7,1218,p1,1831,dragapult-ex,0690,flareon-noctowl
7,1219,p1,0972,mega-lucario-ex,2058,starmie-froslass
7,1220,p1,2423,alakazam-dudunsparce,0002,lucario-hariyama
7,1221,p1,1323,lucario-hariyama,1557,hop-zacian
7,1222,p1,3006,rocket-mewtwo-ex,0996,crustle-dri
7,1223,tie,1963,alakazam-dudunsparce,1271,dragapult-dusknoir
7,1224,p2,2490,dragapult-dusknoir,2299,crustle-dri
7,1225,p2,1808,dhelmise-pbl,0930,rocket-mewtwo-ex
7,1226,p2,2207,slowking-scr,2403,dragapult-blaziken
7,1227,p2,2508,festival-lead,1336,dragapult-ex
7,1228,p2,3074,lopunny-dusknoir,1546,n-zoroark
7,1229,p2,2459,basic-box-m,0661,dragapult-blaziken
7,1230,tie,1121,mega-starmie-ex,1972,alakazam-dudunsparce
7,1231,p2,1517,mega-lucario-ex,2760,dragapult-dusknoir
7,1232,p2,1057,basic-box-m,0261,ogerpon-meganium-arboliva
7,1233,p2,2072,n-zoroark,0612,n-zoroark
7,1234,p2,2201,greninja-ex,2767,dragapult-ex
7,1235,p2,1441,azumarill-ssp,1595,dragapult-ex
7,1236,p2,1471,hops-trevenant,1073,n-zoroark
7,1237,p1,1474,alakazam-dudunsparce,1770,n-zoroark
7,1239,p2,1477,alakazam-dudunsparce,2356,cynthia-garchomp-ex
7,1240,p2,1479,dhelmise-pbl,1680,seaking-pre
7,1241,p1,2416,ursaluna-lunatone,0482,dragapult-blaziken
7,1242,p1,1483,alakazam-dudunsparce,1597,dragapult-ex
7,1243,p1,2418,slowking-scr,1486,sharpedo-toxtricity
7,1245,p2,0855,rockets-honchkrow,1643,dragapult-dusknoir
7,1246,p2,1492,alakazam-dusknoir,0168,dragapult-ex
7,1247,p1,1493,mega-excadrill-ex,1687,crustle-dri
7,1250,p2,1564,alakazam-dudunsparce,1500,dragapult-blaziken
7,1252,tie,1460,dragapult-ex,1504,dragapult-dusknoir
7,1254,p1,1875,ogerpon-meganium-hydrapple,0889,ogerpon-meganium-arboliva
7,1255,tie,0558,rockets-honchkrow,2126,dragapult-blaziken
7,1256,tie,1918,alakazam-dudunsparce,2344,dragapult-ex
7,1257,p1,1984,cynthia-garchomp-ex,1798,dragapult-ex
7,1258,p2,0839,dragapult-dusknoir,1371,dragapult-ex
7,1259,p1,2791,dragapult-ex,2784,dragapult-blaziken
7,1260,p1,0852,grimmsnarl-froslass,1673,dragapult-dusknoir
7,1261,p1,0715,dragapult-ex,2098,ogerpon-meganium
7,1262,p1,2296,dragapult-ex,0288,dragapult-blaziken
7,1263,tie,2515,beedrill-ex-cri,2682,cynthia-garchomp-ex
7,1264,p1,0664,slowking-scr,2805,n-zoroark
7,1265,p2,0998,dragapult-blaziken,1796,cynthia-garchomp-ex
7,1266,p1,1463,dragapult-ex,2844,dragapult-blaziken
7,1267,p2,2134,mega-chandelure-ex,0790,ogerpon-meganium-hydrapple
7,1268,p1,1739,mega-venusaur-ex,1986,alakazam-dudunsparce
7,1269,p1,1655,dragapult-blaziken,1465,alakazam-dudunsparce
7,1270,p1,2440,rockets-honchkrow,2382,dragapult-blaziken
7,1271,p1,1716,n-zoroark,0751,alakazam-dudunsparce
7,1272,p1,0673,grimmsnarl-froslass,0538,dhelmise-pbl
7,1273,p2,2962,dragapult-dusknoir,0285,dragapult-ex
7,1274,tie,0779,dragapult-dusknoir,1365,dragapult-ex
7,1275,p2,0012,dragapult-ex,1436,alakazam-dudunsparce
7,1276,p2,1551,slowking-scr,1332,lopunny-dusknoir
7,1277,p1,2258,alakazam-dudunsparce,0329,dragapult-ex
7,1278,p1,1280,dragapult-dudunsparce,1894,n-zoroark
7,1279,p1,1821,n-zoroark,2906,grimmsnarl-froslass
7,1280,p2,2227,alakazam-dudunsparce,2534,n-zoroark
7,1281,p1,2023,dragapult-dusknoir,0021,n-zoroark
7,1282,p1,2149,slowking-scr,2347,dragapult-blaziken
7,1283,p2,1462,alakazam-dusknoir,1213,dragapult-blaziken
7,1284,p2,2169,ethan-typhlosion,1938,dragapult-blaziken
7,1285,p2,0373,dragapult-ex,0327,crustle-dri
7,1286,p1,0326,dragapult-ex,0745,dragapult-ex
7,1287,p2,0131,dhelmise-pbl,0308,mega-excadrill-ex
7,1288,p1,1738,n-zoroark,0595,dragapult-ex
7,1289,p2,2692,slowking-scr,1287,crustle-dri
7,1290,p1,2282,n-zoroark,0680,mega-excadrill-ex
7,1291,p1,1663,n-zoroark,0861,dragapult-blaziken
7,1292,p2,0388,dragapult-blaziken,1191,dragapult-ex
7,1293,p1,1312,rockets-honchkrow,2386,crustle-dri
7,1294,p1,1193,dragapult-ex,1072,alakazam-dudunsparce
7,1295,p2,2535,dragapult-ex,0045,dragapult-blaziken
7,1296,p1,1388,crustle-dri,1729,ogerpon-meganium-hydrapple
7,1297,p1,0920,mega-excadrill-ex,2874,mega-excadrill-ex
7,1298,p2,0242,alakazam-dudunsparce,3022,dragapult-ex
7,1299,p2,1305,slowking-scr,0414,dragapult-ex
7,1300,p1,1771,starmie-dusknoir,1599,doublade-por
7,1301,tie,0173,sharpedo-toxtricity,1601,crustle-dri
7,1302,p2,2332,dragapult-ex,1640,slowking-scr
7,1303,p1,0254,n-zoroark,3041,n-zoroark
7,1304,p2,2685,dragapult-dusknoir,2898,dragapult-dusknoir
7,1305,p2,0662,alakazam-dudunsparce,1955,dragapult-ex
7,1306,p1,0749,seaking-pre,2848,slowking-scr
7,1307,p2,1776,dhelmise-pbl,0863,festival-lead
7,1308,p2,0492,alakazam-dudunsparce,2778,toucannon-pbl
7,1309,tie,0568,hops-trevenant,2617,mega-absol-box
7,1310,p1,1318,hops-trevenant,1560,dragapult-ex
7,1311,p1,0822,sharpedo-toxtricity,0351,n-zoroark
7,1312,p1,0708,mega-excadrill-ex,2971,seaking-pre
7,1313,p1,2920,dragapult-ex,2656,alakazam-dudunsparce
7,1314,p2,1953,dragapult-ex,2452,other
7,1315,p2,2287,dragapult-blaziken,2311,dragapult-blaziken
7,1316,p1,2970,ethan-typhlosion,1290,lucario-hariyama
7,1317,p1,1310,festival-lead,0229,mega-excadrill-ex
7,1318,p1,2171,n-zoroark,0278,dragapult-dusknoir
7,1319,p2,0594,alakazam-dusknoir,0323,dragapult-dusknoir
7,1320,p1,3023,dhelmise-pbl,2695,alakazam-dudunsparce
7,1321,p1,0237,alakazam-dusknoir,2837,dragapult-dusknoir
7,1322,p1,2318,dragapult-ex,2068,dragapult-ex
7,1323,p1,2849,dragapult-ex,2893,dragapult-dusknoir
7,1326,p1,2194,sharpedo-toxtricity,3030,mega-chandelure-ex
7,1327,tie,2839,starmie-froslass,3025,dragapult-dusknoir
7,1328,p2,0431,slowking-scr,1915,dragapult-ex
7,1329,tie,2615,dragapult-blaziken,1634,crustle-dri
7,1330,p2,1836,rocket-spidops,2032,dragapult-ex
7,1331,p1,2571,n-zoroark,2866,other
7,1332,p2,0238,crustle-dri,2980,lucario-hariyama
7,1333,p2,0159,dragapult-ex,2826,dragapult-blaziken
7,1334,p2,2092,n-zoroark,1797,mega-excadrill-ex
7,1335,p2,0530,mega-excadrill-ex,2312,dragapult-dusknoir
7,1336,p1,2048,dragapult-ex,0352,dragapult-ex
7,1337,p1,0589,ogerpon-meganium-hydrapple,3038,dragapult-dusknoir
7,1338,p2,1993,toucannon-pbl,0519,dragapult-dusknoir
7,1339,p2,2649,dragapult-dusknoir,0033,dragapult-ex
7,1340,p2,0083,dragapult-ex,0152,sharpedo-toxtricity
7,1341,p1,1585,mega-venusaur-ex,0115,grimmsnarl-froslass
7,1342,tie,1787,basic-box-m,0454,dragapult-ex
7,1343,p1,3013,rockets-honchkrow,0219,dragapult-blaziken
7,1344,p1,2748,alakazam-dudunsparce,3056,dragapult-ex
7,1345,tie,0496,dragapult-dusknoir,2191,dragapult-dusknoir
7,1346,p2,2209,n-zoroark,0720,mega-lucario-ex
7,1347,p2,0956,alakazam-dudunsparce,2036,dragapult-ex
7,1348,p2,1696,dragapult-ex,1178,slowking-scr
7,1349,p2,0515,dragapult-dusknoir,1698,dragapult-blaziken
7,1351,tie,0970,basic-box-m,1645,mega-excadrill-ex
7,1352,p1,1100,ogerpon-meganium-hydrapple,1675,mega-lucario-ex
7,1353,p2,2812,n-zoroark,0193,dragapult-ex
7,1354,p2,0887,dragapult-blaziken,0406,basic-box-m
7,1355,p1,1000,dhelmise-pbl,1385,dragapult-dusknoir
7,1356,p2,1369,lucario-hariyama,0510,alakazam-dudunsparce
7,1357,tie,1364,lucario-hariyama,2339,dragapult-blaziken
7,1358,p1,0389,dragapult-dusknoir,1236,alakazam-dudunsparce
7,1359,p1,0171,alakazam-dusknoir,1893,dragapult-blaziken
7,1360,p1,0590,dragapult-ex,2914,dragapult-ex
7,1361,p2,2310,lucario-hariyama,0907,dragapult-dusknoir
7,1362,p1,1605,n-zoroark,0691,mega-starmie-ex
7,1363,p2,2392,kangaskhan-bouffalant,0259,dragapult-ex
7,1364,p2,2493,mega-excadrill-ex,2946,lucario-hariyama
7,1365,p2,0498,dragapult-ex,1657,mega-starmie-ex
7,1366,p1,2822,grimmsnarl-froslass,3115,cinccino-ex
7,1367,p1,2523,lopunny-dudunsparce,0772,alakazam-dudunsparce
7,1368,p2,2790,n-zoroark,1284,mega-venusaur-ex
7,1369,p1,1221,basic-box-m,0273,ogerpon-meganium-hydrapple
7,1370,p1,0350,mega-chandelure-ex,3061,dhelmise-pbl
7,1371,p1,2875,dragapult-blaziken,0108,dragapult-dusknoir
7,1372,p1,0549,rocket-mewtwo-ex,2320,alakazam-dudunsparce
7,1373,p2,2079,alakazam-dudunsparce,1367,ogerpon-meganium-hydrapple
7,1374,tie,1253,mega-excadrill-ex,2100,dragapult-ex
7,1375,p2,2158,dragapult-ex,3104,grimmsnarl-froslass
7,1376,p2,1208,slowking-scr,0540,dragapult-ex
7,1377,p1,2507,mega-excadrill-ex,2545,dragapult-dusknoir
7,1378,p1,1416,mega-excadrill-ex,0488,basic-box-m
7,1379,p1,0264,n-zoroark,0854,slowking-scr
7,1380,p2,2096,alakazam-dudunsparce,0310,mega-greninja-ex
7,1381,p1,0167,ogerpon-meganium-hydrapple,0387,basic-box-m
7,1382,p1,0372,alakazam-dudunsparce,2345,tera-box
7,1383,p1,0642,dragapult-dusknoir,0699,greninja-ex
7,1384,p2,2911,dragapult-dusknoir,0179,dragapult-blaziken
7,1385,p2,2294,dragapult-blaziken,0247,toxtricity-box
7,1386,p2,3113,crustle-dri,2050,ogerpon-meganium-hydrapple
7,1387,p2,2824,dragapult-dusknoir,2390,dragapult-dusknoir
7,1388,p1,0585,ogerpon-meganium-hydrapple,2687,slowking-scr
7,1389,p2,2154,dragapult-ex,2928,basic-box-m
7,1390,p1,1062,dragapult-ex,2255,rockets-honchkrow
7,1391,p1,1843,dhelmise-pbl,1530,dragapult-ex
7,1392,p2,1372,kangaskhan-bouffalant,0712,alakazam-dudunsparce
7,1393,p1,0794,crustle-dri,0295,n-zoroark
7,1394,p2,0570,hydreigon-ex,2113,crustle-dri
7,1395,p1,1461,lucario-hariyama,2537,slowking-scr
7,1396,p1,0059,dragapult-ex,3087,zygarde-barbaracle
7,1397,p1,2808,dragapult-dusknoir,2179,rocket-spidops
7,1398,p1,1407,dragapult-dusknoir,0503,dragapult-ex
7,1399,p1,1102,mega-excadrill-ex,1083,ogerpon-meganium-arboliva
7,1400,tie,0368,basic-box-m,0952,dragapult-ex
7,1401,p1,1244,alakazam-dudunsparce,0178,dragapult-ex
7,1402,p2,0180,mega-excadrill-ex,1930,zygarde-barbaracle
7,1403,p2,1011,crustle-dri,2972,lucario-hariyama
7,1404,p1,0436,ceruledge-ex,1765,mega-greninja-ex
7,1405,p2,1160,festival-lead,2473,dragapult-ex
7,1406,p2,1151,alakazam-dudunsparce,2664,crustle-dri
7,1407,p1,0837,dhelmise-pbl,1403,mega-lucario-ex
7,1408,tie,0051,alakazam-dudunsparce,2873,alakazam-dudunsparce
7,1409,p2,2606,alakazam-dudunsparce,1335,n-zoroark
7,1410,p1,1701,dragapult-ex,1348,alakazam-dudunsparce
7,1411,p1,1452,dragapult-ex,0725,kangaskhan-bouffalant
7,1412,p1,0093,lucario-hariyama,0239,lopunny-dusknoir
7,1413,p2,0125,n-zoroark,0306,basic-box-m
7,1414,p2,1087,dragapult-dusknoir,2951,mega-lucario-ex
7,1415,p1,2678,ceruledge-ex,0551,mega-excadrill-ex
7,1416,p1,1971,mega-excadrill-ex,2504,mega-lucario-ex
7,1417,p1,2929,dragapult-ex,1635,lopunny-dudunsparce
7,1418,p1,0504,slowking-scr,0895,alakazam-dusknoir
7,1419,p2,0910,mega-chandelure-ex,1699,alakazam-dusknoir
7,1420,p2,2151,dragapult-ex,0154,mega-excadrill-ex
7,1421,p1,1832,ogerpon-meganium-hydrapple,2598,basic-box-m
7,1422,p1,2090,starmie-froslass,2773,mega-greninja-ex
7,1423,p2,2420,mega-excadrill-ex,1066,basic-box-m
7,1424,p2,0625,dragapult-ex,1408,rocket-mewtwo-ex
7,1425,p1,1975,alakazam-dudunsparce,2510,rocket-mewtwo-ex
7,1426,p2,1646,lucario-hariyama,3118,dragapult-ex
7,1427,p1,1957,n-zoroark,1110,mega-greninja-ex
7,1428,p2,2807,rockets-honchkrow,2676,cinccino-ex
7,1429,p1,1086,mega-lucario-ex,2123,dragapult-dusknoir
7,1430,p1,2576,crustle-dri,0599,dragapult-ex
7,1431,p2,0253,lucario-hariyama,0074,slowking-scr
7,1432,p2,0587,ogerpon-meganium-hydrapple,1887,ethan-typhlosion
7,1433,p1,1186,greninja-ex,1935,slowking-scr
7,1434,p2,2424,dragapult-ex,2367,dragapult-ex
7,1435,tie,0611,dragapult-ex,0342,ogerpon-meganium-hydrapple
7,1436,p1,1230,mega-venusaur-ex,2468,mega-venusaur-ex
7,1437,p1,2479,dragapult-blaziken,0571,slowking-scr
7,1438,p1,2940,sharpedo-toxtricity,1488,basic-box-m
7,1439,p2,0835,alakazam-dusknoir,1394,crustle-dri
7,1440,tie,1019,dragapult-ex,1366,sharpedo-toxtricity
7,1441,p1,2561,dragapult-blaziken,2868,alakazam-dusknoir
7,1442,p2,2445,basic-box-m,1976,mega-venusaur-ex
7,1443,p1,0969,n-zoroark,0456,dragapult-dusknoir
7,1444,p1,1820,ogerpon-meganium-hydrapple,2301,n-zoroark
7,1445,p1,2237,slowking-scr,2220,n-zoroark
7,1446,p1,1580,festival-lead,1583,dhelmise-pbl
7,1447,p2,2324,festival-lead,0370,dragapult-ex
7,1448,tie,0207,n-zoroark,1670,mega-manectric-ex-meg
7,1449,p1,0572,dragapult-blaziken,1912,ethan-typhlosion
7,1450,p1,2485,basic-box-m,0096,n-zoroark
7,1451,p1,2945,diancie-dusknoir,1864,mega-greninja-ex
7,1452,p2,2196,?metagross,3043,slowking-scr
7,1453,p1,2969,sharpedo-toxtricity,2647,dragapult-ex
7,1454,p2,2777,mega-excadrill-ex,0614,slowking-scr
7,1455,tie,3120,crustle-dri,0475,basic-box-m
7,1456,p1,1053,n-zoroark,0946,cynthia-garchomp-ex
7,1457,p2,1653,starmie-froslass,2251,sharpedo-toxtricity
7,1458,tie,2828,toucannon-pbl,1024,alakazam-dudunsparce
7,1459,p2,1495,alakazam-dudunsparce,2070,n-zoroark
7,1460,p1,2351,n-zoroark,0898,raging-bolt-ogerpon
7,1461,tie,2653,ethan-typhlosion,0869,crustle-dri
7,1462,p1,0215,mega-excadrill-ex,1951,dhelmise-pbl
7,1463,p1,1333,manectric-eelektrik,0873,dragapult-ex
7,1464,p1,0542,festival-lead,1401,kangaskhan-bouffalant
7,1465,p2,1298,raging-bolt-ogerpon,1309,dragapult-blaziken
7,1466,p1,0095,crustle-dri,0044,dragapult-ex
7,1467,p1,1840,crustle-dri,2810,ceruledge-ex
7,1468,p2,1082,dragapult-ex,0396,basic-box-m
7,1469,p1,0940,dhelmise-pbl,2049,lucario-hariyama
7,1470,p1,1945,dragapult-ex,2646,dhelmise-pbl
7,1471,p2,1532,blaziken-ex-jtg,2281,grimmsnarl-froslass
7,1472,p1,1030,basic-box-m,2422,dragapult-ex
7,1473,tie,1056,alakazam-dudunsparce,2981,cynthia-garchomp-ex
7,1474,tie,2984,alakazam-dudunsparce,0624,dhelmise-pbl
7,1475,p2,2304,dragapult-ex,2926,mega-excadrill-ex
7,1476,tie,1822,mega-chandelure-ex,0008,alakazam-dudunsparce
7,1477,p1,2904,dragapult-ex,2697,n-zoroark
7,1478,p2,0426,alakazam-dudunsparce,0517,festival-lead
7,1479,p2,0659,alakazam-dudunsparce,2753,diancie-dusknoir
7,1480,p2,2244,dragapult-blaziken,0962,dragapult-blaziken
7,1481,p1,3039,sharpedo-toxtricity,0697,slowking-scr
7,1482,p2,2388,lopunny-dudunsparce,2806,cynthia-garchomp-ex
7,1483,p2,1994,alakazam-dudunsparce,2580,raging-bolt-ogerpon
7,1484,tie,2284,festival-lead,1853,kangaskhan-bouffalant
7,1485,p1,2140,mega-excadrill-ex,1886,dragapult-dusknoir
7,1486,p2,1856,crustle-dri,0796,mega-excadrill-ex
7,1487,tie,0524,n-zoroark,0100,slowking-scr
7,1488,tie,1276,lucario-hariyama,0301,dragapult-ex
7,1489,tie,0212,dragapult-dusknoir,2793,other
7,1490,tie,2228,lucario-hariyama,2078,alakazam-dudunsparce
7,1491,p1,2254,hop-zacian,1433,lucario-hariyama
7,1492,p1,2428,raging-bolt-ogerpon,0693,dragapult-dusknoir
7,1493,p1,1255,dragapult-ex,2993,slowking-scr
7,1494,p2,1466,dragapult-ex,1728,dragapult-dusknoir
7,1495,tie,3031,alakazam-dudunsparce,0030,seaking-pre
7,1496,tie,1338,kangaskhan-bouffalant,2937,alakazam-dudunsparce
7,1497,p2,2726,slowking-scr,0474,doublade-por
7,1498,p1,0433,rockets-honchkrow,0077,ogerpon-meganium-hydrapple
7,1499,p1,2387,other,0041,slowking-scr
7,1500,p2,3116,festival-lead,1272,dragapult-ex
7,1501,p2,2232,dragapult-ex,2034,dragapult-ex
7,1502,p1,0509,okidogi-barbaracle,2662,lopunny-dudunsparce
7,1503,p2,0841,dragapult-ex,2811,slowking-scr
7,1504,p2,2605,mega-excadrill-ex,1074,ethan-typhlosion
7,1505,p2,2410,doublade-por,1907,dhelmise-pbl
7,1506,p1,1613,alakazam-dudunsparce,0268,dragapult-ex
7,1507,p1,0601,dragapult-dusknoir,2008,basic-box-m
7,1508,p2,2176,n-zoroark,3018,beedrill-ex-cri
7,1509,p1,2012,dhelmise-pbl,0465,dhelmise-pbl
7,1510,p2,0157,hydreigon-ex,0689,dragapult-dusknoir
7,1511,p2,2680,festival-lead,2482,festival-lead
7,1512,p1,1857,ogerpon-meganium-hydrapple,0828,mega-feraligatr-ex
7,1513,p2,2097,slowking-scr,1449,dragapult-blaziken
7,1514,p2,2425,ogerpon-meganium-hydrapple,1681,festival-lead
7,1515,p2,1010,rocket-mewtwo-ex,0908,mega-starmie-ex
7,1516,p1,3079,dragapult-blaziken,0755,alakazam-dudunsparce
7,1517,p1,0814,dragapult-ex,1818,festival-lead
7,1518,p1,1845,slowking-scr,0485,alakazam-dudunsparce
7,1519,p1,2496,rockets-honchkrow,1172,n-zoroark
7,1520,p2,0250,crustle-dri,2511,festival-lead
7,1521,p2,0987,dragapult-ex,1185,crustle-dri
7,1522,p1,1451,n-zoroark,0513,n-zoroark
7,1523,p2,0564,mega-venusaur-ex,1761,kangaskhan-bouffalant
7,1524,p2,1656,dragapult-dusknoir,0398,raging-bolt-ogerpon
7,1525,p2,1778,basic-box-m,2103,ethan-typhlosion
7,1526,p2,0975,raging-bolt-ogerpon,0838,mega-froslass-ex
7,1527,p2,1410,ogerpon-meganium,0022,rockets-honchkrow
7,1528,p2,0688,n-zoroark,0380,dragapult-ex
7,1529,p1,1947,rocket-mewtwo-ex,1220,other
7,1530,p1,1511,dragapult-ex,2990,basic-box-m
7,1531,p1,1039,hops-trevenant,2334,dragapult-ex
7,1532,p2,1905,rocket-mewtwo-ex,1598,mega-excadrill-ex
7,1533,tie,0292,dragapult-dusknoir,2051,dragapult-dusknoir
7,1534,p2,0760,ethan-typhlosion,2954,lucario-hariyama
7,1535,p1,1742,seaking-pre,1133,dragapult-ex
7,1536,p1,1138,mega-excadrill-ex,2979,beedrill-ex-cri
7,1537,p1,0335,flareon-ex,2073,alolan-exeggutor-ex
7,1538,p2,0421,n-zoroark,3028,other
7,1539,p1,1591,?metagross,0378,lucario-hariyama
7,1540,p2,0007,dragapult-ex,2297,mega-excadrill-ex
7,1541,p2,0581,beedrill-ex-cri,1238,mega-excadrill-ex
7,1542,p1,2001,rockets-honchkrow,2313,ogerpon-meganium-hydrapple
7,1543,p1,0709,raging-bolt-ogerpon,1760,mega-excadrill-ex
7,1544,p2,2374,mega-excadrill-ex,2197,dragapult-blaziken
7,1545,p1,0919,lucario-hariyama,2463,toucannon-pbl
7,1546,p2,2033,basic-box-m,1092,mega-greninja-ex
7,1547,tie,1197,dragapult-dusknoir,3045,kangaskhan-bouffalant
7,1548,p1,1786,dragapult-ex,1531,dhelmise-pbl
7,1549,p2,2558,rockets-honchkrow,0947,dragapult-ex
7,1550,p2,1006,ceruledge-ex,1859,mega-darkrai-ex
7,1551,p2,2267,ogerpon-meganium-hydrapple,3008,basic-box-m
7,,bye,3121,dragapult-ex,,
7,,unpaired,0885,alakazam-dudunsparce,,
8,501,p2,0679,dragapult-ex,2331,dragapult-ex
8,502,p2,2722,slowking-scr,1952,slowking-scr
8,503,p1,0695,dragapult-ex,2977,basic-box-m
8,504,p1,1758,lucario-hariyama,0810,dragapult-dusknoir
8,505,tie,1746,crustle-dri,2795,alakazam-dudunsparce
8,506,tie,1562,crustle-dri,1735,sharpedo-toxtricity
8,507,p2,2112,dragapult-ex,0518,crustle-dri
8,508,tie,1999,festival-lead,0610,dragapult-ex
8,509,p2,1652,dragapult-blaziken,1404,n-zoroark
8,510,tie,0578,crustle-dri,1418,mega-excadrill-ex
8,511,p2,2688,basic-box-m,2718,basic-box-m
8,512,p2,2509,dragapult-dusknoir,1956,basic-box-m
8,513,tie,1709,dragapult-dusknoir,0017,dragapult-ex
8,514,p2,3078,rocket-mewtwo-ex,2881,slowking-scr
8,515,p1,0676,alakazam-dudunsparce,2354,dragapult-blaziken
8,516,p1,1169,dragapult-ex,0821,slowking-scr
8,517,tie,2446,lopunny-dudunsparce,0872,alakazam-dusknoir
8,518,p2,1469,crustle-dri,2105,basic-box-m
8,519,p1,0270,dragapult-dusknoir,1320,basic-box-m
8,520,p1,2455,dragapult-ex,1934,slowking-scr
8,521,tie,2589,slowking-scr,0700,lopunny-dusknoir
8,522,p1,1588,dragapult-ex,1397,raging-bolt-ogerpon
8,523,tie,2046,dragapult-ex,1567,dragapult-ex
8,524,p1,0791,ogerpon-meganium-hydrapple,0407,basic-box-m
8,525,p2,2865,dragapult-dusknoir,0981,clefairy-ogerpon
8,526,p2,2772,dragapult-ex,0479,dragapult-dusknoir
8,527,p2,1509,cynthia-garchomp-ex,0165,basic-box-m
8,528,p2,2216,basic-box-m,2181,mega-excadrill-ex
8,529,tie,2109,rockets-honchkrow,0162,dragapult-ex
8,530,p1,1603,lopunny-dusknoir,1534,marnie-grimmsnarl-ex
8,531,p2,0569,basic-box-m,1229,dragapult-blaziken
8,532,p2,3073,mega-venusaur-ex,2910,raging-bolt-ogerpon
8,533,p1,2437,dragapult-blaziken,2686,ogerpon-meganium
8,534,p2,1579,mega-starmie-ex,2433,lucario-hariyama
8,535,p1,2450,dragapult-dusknoir,2573,n-zoroark
8,536,p2,0865,lucario-hariyama,2878,dhelmise-pbl
8,537,tie,1152,crustle-dri,0486,dragapult-ex
8,538,p1,2011,n-zoroark,1237,clefairy-ogerpon
8,539,p2,0525,crustle-dri,2161,mega-chandelure-ex
8,540,p2,2859,dragapult-ex,1324,dragapult-ex
8,541,p1,0535,crustle-dri,0787,dragapult-ex
8,542,p1,1260,slowking-scr,2944,dragapult-ex
8,543,p1,1224,lopunny-dusknoir,1400,dragapult-dusknoir
8,544,p2,0105,slowking-scr,1339,dragapult-ex
8,545,p2,2838,n-zoroark,3066,alakazam-dusknoir
8,546,tie,1962,dragapult-ex,2075,slowking-scr
8,547,tie,2094,sharpedo-toxtricity,0366,sharpedo-toxtricity
8,548,p2,0054,slowking-scr,1263,lopunny-dudunsparce
8,549,p1,1900,dragapult-ex,0527,dragapult-ex
8,550,p2,1686,toxtricity-box,1519,dragapult-blaziken
8,551,p1,0891,n-zoroark,1334,ceruledge-ex
8,552,tie,0743,dragapult-ex,1453,rockets-honchkrow
8,553,p1,0508,n-zoroark,0737,mega-chandelure-ex
8,554,p2,2401,dragapult-ex,1175,basic-box-m
8,555,p1,2616,alakazam-dudunsparce,0758,n-zoroark
8,556,p1,0112,dragapult-dusknoir,1862,dragapult-ex
8,558,p2,0116,alakazam-dudunsparce,0114,basic-box-m
8,561,p2,0122,grimmsnarl-froslass,1701,dragapult-ex
8,562,p1,0123,dragapult-ex,1624,dragapult-ex
8,563,p1,0126,lopunny-dusknoir,2797,dragapult-ex
8,564,p2,0128,dragapult-ex,0998,dragapult-blaziken
8,565,p1,0130,dragapult-ex,2259,dragapult-blaziken
8,566,p2,0271,dragapult-ex,1047,n-zoroark
8,568,p2,2346,slowking-scr,0293,grimmsnarl-froslass
8,569,p2,3075,slowking-scr,2819,mega-greninja-ex
8,570,p1,0976,alakazam-dusknoir,1689,basic-box-m
8,571,p2,1227,dragapult-ex,1908,n-zoroark
8,572,p1,2432,mega-excadrill-ex,2484,n-zoroark
8,573,p2,0298,n-zoroark,1392,mega-excadrill-ex
8,574,p1,0591,n-zoroark,2168,starmie-dusknoir
8,575,p1,1268,basic-box-m,2234,dhelmise-pbl
8,576,p1,2651,slowking-scr,2792,basic-box-m
8,577,p2,1592,dragapult-ex,2526,dragapult-ex
8,578,p1,2626,festival-lead,2629,n-zoroark
8,579,p2,2963,mega-excadrill-ex,1783,dragapult-blaziken
8,580,p1,1990,dragapult-ex,2280,seaking-pre
8,581,p2,2415,dragapult-ex,0143,basic-box-m
8,582,p1,1132,slowking-scr,2654,dragapult-dusknoir
8,583,tie,0913,lucario-hariyama,2247,dragapult-ex
8,584,p1,2108,dragapult-dusknoir,2585,rockets-honchkrow
8,585,p1,1700,n-zoroark,2988,dragapult-ex
8,586,tie,0299,clefairy-ogerpon,0868,dragapult-ex
8,587,p1,2841,dhelmise-pbl,2065,dragapult-dusknoir
8,588,tie,2195,dragapult-dusknoir,0489,dragapult-blaziken
8,589,p2,2358,n-zoroark,2303,rocket-mewtwo-ex
8,590,p1,2856,sharpedo-toxtricity,1393,dragapult-ex
8,591,p2,1898,dhelmise-pbl,1968,crustle-dri
8,592,p2,1712,?,0013,dragapult-ex
8,593,p1,2639,dragapult-ex,2705,mega-lucario-ex
8,594,p1,0249,basic-box-m,2985,dragapult-ex
8,595,p2,2540,lucario-hariyama,0577,mega-excadrill-ex
8,596,tie,1616,mega-excadrill-ex,2355,alakazam-dudunsparce
8,597,p1,2396,n-zoroark,0732,dhelmise-pbl
8,598,p1,0780,n-zoroark,1586,slowking-scr
8,599,p2,1494,slowking-scr,1444,dragapult-ex
8,600,p1,2759,ogerpon-meganium-hydrapple,1513,basic-box-m
8,601,tie,2198,dragapult-ex,0768,dragapult-ex
8,602,tie,1457,dragapult-ex,1835,seaking-pre
8,603,p2,0043,cynthia-garchomp-ex,2014,dragapult-dusknoir
8,605,p1,0209,dragapult-blaziken,0326,dragapult-ex
8,606,p1,1155,alakazam-dudunsparce,0706,dragapult-blaziken
8,607,p1,0882,dragapult-ex,0534,dragapult-dusknoir
8,608,p2,0317,starmie-dusknoir,2131,dragapult-ex
8,609,p2,1089,dhelmise-pbl,1846,n-zoroark
8,610,p1,2373,dragapult-dusknoir,1315,grimmsnarl-froslass
8,611,p1,0024,hops-trevenant,3094,alakazam-dudunsparce
8,612,tie,0411,basic-box-m,1325,dragapult-ex
8,613,p2,0911,basic-box-m,0408,dragapult-ex
8,614,tie,0466,dragapult-ex,2666,slowking-scr
8,615,p1,0136,dragapult-ex,0181,dragapult-ex
8,616,p2,0442,dragapult-ex,3103,dragapult-ex
8,617,p1,1005,alakazam-dudunsparce,0602,dragapult-ex
8,618,p2,3070,slowking-scr,2200,alakazam-dusknoir
8,619,p1,1314,dragapult-ex,2384,basic-box-m
8,620,tie,1341,dragapult-ex,1734,dragapult-ex
8,621,p2,0243,dragapult-ex,1629,dragapult-ex
8,622,p1,0497,dragapult-ex,1456,slowking-scr
8,623,p1,0511,n-zoroark,2834,basic-box-m
8,624,p2,2004,slowking-scr,2352,alakazam-dudunsparce
8,625,p1,1748,dragapult-dusknoir,3080,mega-venusaur-ex
8,626,p1,0632,slowking-scr,1869,dragapult-ex
8,627,tie,1096,dragapult-ex,3005,greninja-ex
8,628,p1,0376,dragapult-dusknoir,0218,dragapult-ex
8,629,tie,2575,basic-box-m,2115,dragapult-blaziken
8,630,p1,0071,rockets-honchkrow,0224,dragapult-ex
8,631,tie,2242,alakazam-dusknoir,0092,raging-bolt-ogerpon
8,632,p2,0142,dragapult-ex,0360,crustle-dri
8,633,tie,0338,n-zoroark,1781,crustle-dri
8,634,tie,1246,dhelmise-pbl,0806,lucario-hariyama
8,635,tie,2182,alakazam-dudunsparce,2362,alakazam-dusknoir
8,636,tie,2253,crustle-dri,0047,dragapult-dudunsparce
8,637,tie,1926,mega-absol-box,2231,basic-box-m
8,638,tie,1248,slowking-scr,2757,dragapult-ex
8,639,p1,0924,dragapult-ex,0672,dragapult-ex
8,640,tie,1671,dhelmise-pbl,1040,dragapult-ex
8,641,tie,0057,dragapult-ex,2596,mega-excadrill-ex
8,642,p2,2325,dragapult-ex,1090,basic-box-m
8,643,p1,2069,rockets-honchkrow,0884,dragapult-ex
8,644,p1,0876,basic-box-m,1965,dhelmise-pbl
8,645,tie,0277,basic-box-m,0982,mega-chandelure-ex
8,646,tie,1179,dragapult-dusknoir,1037,dragapult-blaziken
8,647,p1,2328,dragapult-ex,2015,festival-lead
8,648,tie,0217,dhelmise-pbl,2160,dragapult-ex
8,649,tie,0541,dragapult-dusknoir,1192,basic-box-m
8,650,tie,0759,dragapult-dusknoir,2397,dragapult-ex
8,651,tie,0201,dragapult-dusknoir,0648,clefairy-ogerpon
8,653,p2,0305,mega-greninja-ex,2811,slowking-scr
8,654,tie,0979,dragapult-blaziken,1556,festival-lead
8,655,tie,0192,basic-box-m,1008,dragapult-blaziken
8,656,p2,0205,lucario-hariyama,2949,mega-excadrill-ex
8,657,p1,0402,crustle-dri,1068,alakazam-dusknoir
8,658,tie,1480,dhelmise-pbl,3065,dragapult-ex
8,659,tie,1561,dragapult-ex,2335,festival-lead
8,660,tie,0098,dragapult-ex,2966,dragapult-dusknoir
8,661,tie,0435,dragapult-ex,1117,dragapult-ex
8,662,tie,0631,dragapult-ex,1352,mega-excadrill-ex
8,663,tie,2872,n-zoroark,0240,seaking-pre
8,664,tie,2457,mega-excadrill-ex,1863,dragapult-ex
8,665,p1,2896,dragapult-blaziken,1889,dragapult-dusknoir
8,666,tie,2412,starmie-dusknoir,1641,basic-box-m
8,667,tie,2776,dragapult-ex,2380,dragapult-dusknoir
8,668,tie,1201,dragapult-blaziken,2248,n-zoroark
8,669,p1,0420,dragapult-dusknoir,2952,grimmsnarl-froslass
8,670,tie,2851,dragapult-ex,3071,crustle-dri
8,671,tie,2314,dragapult-ex,1468,dragapult-ex
8,672,p1,1126,grimmsnarl-froslass,1855,rockets-honchkrow
8,673,tie,2439,dragapult-dusknoir,0502,dhelmise-pbl
8,674,p2,0055,n-zoroark,1740,slowking-scr
8,675,tie,0675,dragapult-dusknoir,2274,lucario-hariyama
8,676,tie,2120,dragapult-ex,1909,lillie-clefairy
8,677,tie,1226,dragapult-dusknoir,1720,festival-lead
8,678,tie,2771,alakazam-dudunsparce,1638,dragapult-ex
8,679,tie,2719,slowking-scr,1610,slowking-scr
8,680,tie,1270,mega-excadrill-ex,1706,dragapult-blaziken
8,681,p1,2780,n-zoroark,2858,slowking-scr
8,682,tie,0107,dragapult-dusknoir,1805,dragapult-ex
8,683,tie,0321,alakazam-dudunsparce,2118,crustle-dri
8,684,p2,0204,n-zoroark,1596,crustle-dri
8,685,p2,0613,dragapult-dusknoir,0698,dhelmise-pbl
8,686,tie,1741,alakazam-dusknoir,0808,dragapult-ex
8,687,tie,1146,kangaskhan-bouffalant,1015,manectric-eelektrik
8,688,p2,1553,crustle-dri,2150,dragapult-dusknoir
8,689,p1,1032,mega-lucario-ex,1812,basic-box-m
8,690,p2,0346,lucario-hariyama,2665,slowking-scr
8,691,tie,1813,ogerpon-meganium-hydrapple,2454,n-zoroark
8,692,tie,2199,dragapult-ex,2890,festival-lead
8,693,tie,0596,dragapult-dusknoir,0070,basic-box-m
8,694,tie,0275,dragapult-ex,2427,dragapult-ex
8,695,p1,2136,festival-lead,2903,dragapult-dudunsparce
8,696,p1,2395,slowking-scr,0800,basic-box-m
8,697,tie,1232,dhelmise-pbl,2003,slowking-scr
8,698,tie,0151,dragapult-ex,0653,dragapult-dusknoir
8,699,p1,0574,n-zoroark,1921,n-zoroark
8,700,p1,2931,dragapult-ex,2307,dragapult-dusknoir
8,701,tie,2121,alakazam-dudunsparce,3108,mega-chandelure-ex
8,702,tie,1987,dragapult-ex,1520,dragapult-dusknoir
8,703,tie,2224,crustle-dri,1794,kangaskhan-bouffalant
8,704,tie,1811,n-zoroark,0417,dragapult-blaziken
8,705,tie,0824,starmie-dusknoir,2737,dhelmise-pbl
8,706,p1,2622,lucario-hariyama,2909,dragapult-ex
8,707,tie,2243,dragapult-ex,1658,alakazam-dusknoir
8,708,tie,2836,mega-excadrill-ex,1211,n-zoroark
8,709,p2,0923,dragapult-dusknoir,2163,n-zoroark
8,710,tie,1849,ogerpon-meganium-hydrapple,0449,n-zoroark
8,711,p2,0150,dragapult-dusknoir,2853,n-zoroark
8,712,tie,2144,dragapult-blaziken,1505,dragapult-blaziken
8,713,tie,2170,dragapult-blaziken,2060,festival-lead
8,714,tie,2116,basic-box-m,2081,dragapult-ex
8,715,p2,2785,dragapult-ex,1874,dragapult-ex
8,716,p1,2943,dragapult-blaziken,0543,n-zoroark
8,717,tie,2854,dragapult-dusknoir,0214,crustle-dri
8,718,p2,2533,dragapult-ex,2877,ogerpon-meganium-hydrapple
8,719,p2,2922,rockets-honchkrow,2315,dragapult-ex
8,720,p2,1282,n-zoroark,2111,crustle-dri
8,721,p1,0444,slowking-scr,2178,dragapult-dusknoir
8,722,p2,1472,slowking-scr,0081,rockets-honchkrow
8,723,p2,0963,dragapult-ex,1064,dragapult-blaziken
8,724,tie,2000,crustle-dri,0230,festival-lead
8,725,p2,2368,grimmsnarl-froslass,2024,basic-box-m
8,726,p2,1625,dragapult-blaziken,0945,dragapult-ex
8,727,p2,3060,dragapult-ex,0950,n-zoroark
8,728,p1,0620,rockets-honchkrow,3052,basic-box-m
8,729,p2,2597,mega-chandelure-ex,0804,alakazam-dudunsparce
8,730,p2,0065,n-zoroark,2978,n-zoroark
8,731,p2,2102,mega-excadrill-ex,2621,slowking-scr
8,732,p2,2353,dragapult-ex,1578,slowking-scr
8,733,p2,2976,slowking-scr,2724,n-zoroark
8,734,p1,2269,crustle-dri,0793,dragapult-ex
8,735,p1,1946,dragapult-ex,1978,dragapult-ex
8,736,p2,2525,lopunny-dusknoir,1691,dragapult-ex
8,737,p1,2084,alakazam-dudunsparce,1637,basic-box-m
8,738,p1,1834,dragapult-ex,2915,slowking-scr
8,739,p2,2635,crustle-dri,2062,lopunny-dusknoir
8,740,p2,3109,dragapult-ex,1330,dragapult-ex
8,741,p1,1536,alakazam-dudunsparce,0172,kangaskhan-bouffalant
8,742,p1,0027,dragapult-ex,1498,festival-lead
8,743,p1,3046,grimmsnarl-froslass,2958,basic-box-m
8,744,p1,2799,n-zoroark,0815,dragapult-ex
8,745,p1,1628,n-zoroark,0283,dragapult-ex
8,746,p1,1223,dragapult-ex,0137,dragapult-ex
8,747,p2,1795,dragapult-ex,2997,cynthia-garchomp-ex
8,748,p2,1307,cynthia-garchomp-ex,1131,rocket-mewtwo-ex
8,749,p1,0851,mega-excadrill-ex,0202,crustle-dri
8,750,p2,2153,alakazam-dudunsparce,1046,alakazam-dusknoir
8,751,p2,1300,dragapult-dusknoir,2262,crustle-dri
8,752,p1,0481,lucario-hariyama,2827,n-zoroark
8,753,tie,1537,mega-excadrill-ex,0447,dragapult-ex
8,754,p1,2845,n-zoroark,2766,crustle-dri
8,755,p1,0053,dragapult-ex,0241,rockets-honchkrow
8,756,p2,0582,dragapult-ex,0831,dragapult-ex
8,757,p1,1291,crustle-dri,0899,dragapult-blaziken
8,758,p2,1004,dragapult-froslass,2918,dragapult-blaziken
8,759,p2,2152,dragapult-ex,1998,lopunny-dusknoir
8,760,p1,2357,basic-box-m,2864,dragapult-ex
8,761,p1,0189,ogerpon-meganium-hydrapple,2475,n-zoroark
8,762,p1,1960,dragapult-blaziken,3064,starmie-froslass
8,763,p1,3036,dragapult-ex,1164,dragapult-dusknoir
8,764,tie,2138,n-zoroark,1981,mega-greninja-ex
8,765,p1,2370,dragapult-ex,0153,dragapult-ex
8,766,p2,2430,dragapult-dusknoir,3033,basic-box-m
8,767,p1,0491,sharpedo-toxtricity,1171,n-zoroark
8,768,p1,1667,rockets-honchkrow,0671,crustle-dri
8,769,p1,1572,kangaskhan-bouffalant,1680,seaking-pre
8,770,p2,1890,crustle-dri,0833,sharpedo-toxtricity
8,771,p1,1801,cynthia-garchomp-ex,0029,slowking-scr
8,772,p2,2290,dragapult-blaziken,1054,dragapult-ex
8,773,p2,0141,dragapult-ex,0289,crustle-dri
8,774,p1,1872,tera-box,2241,dragapult-dusknoir
8,775,p2,1911,dragapult-ex,0005,slowking-scr
8,776,p2,1749,lucario-hariyama,2886,slowking-scr
8,777,p1,1512,basic-box-m,1025,festival-lead
8,778,p2,2444,dragapult-ex,1779,dhelmise-pbl
8,779,p1,2494,dragapult-ex,2204,dragapult-ex
8,780,p2,1215,festival-lead,2599,dragapult-ex
8,781,p2,0701,alakazam-dudunsparce,2603,dragapult-ex
8,782,p1,0050,mega-excadrill-ex,0325,dragapult-ex
8,783,p1,1350,n-zoroark,1961,dragapult-blaziken
8,784,p2,1879,slowking-scr,1970,dragapult-ex
8,785,p1,0801,ogerpon-meganium-hydrapple,0184,n-zoroark
8,786,p1,1522,basic-box-m,1897,dragapult-ex
8,787,p1,2595,dragapult-blaziken,1149,basic-box-m
8,788,p1,3111,dragapult-ex,2798,beedrill-ex-cri
8,789,tie,0669,n-zoroark,2063,slowking-scr
8,790,p2,0663,dragapult-ex,1914,dragapult-ex
8,791,p2,0404,dragapult-ex,2470,dhelmise-pbl
8,792,p2,0935,slowking-scr,0188,alakazam-dudunsparce
8,793,p2,1289,mega-excadrill-ex,1614,dragapult-blaziken
8,794,p2,1775,rockets-honchkrow,2434,dragapult-ex
8,795,p2,0943,basic-box-m,2546,n-zoroark
8,796,p2,1838,n-zoroark,1022,dragapult-dusknoir
8,797,p1,0437,mega-chandelure-ex,2193,dragapult-dusknoir
8,798,p1,0554,rocket-mewtwo-ex,2582,alakazam-dudunsparce
8,799,p2,1715,crustle-dri,2892,grimmsnarl-froslass
8,800,p2,1111,dragapult-ex,0656,dragapult-blaziken
8,801,p2,2871,n-zoroark,0333,basic-box-m
8,802,p1,1438,slowking-scr,2803,slowking-scr
8,803,p1,1322,slowking-scr,0060,crustle-dri
8,804,p2,0894,dragapult-blaziken,1184,dragapult-ex
8,805,p1,1939,dragapult-dusknoir,1023,dragapult-blaziken
8,806,p1,1558,slowking-scr,0740,dragapult-blaziken
8,807,p2,2156,dragapult-ex,2870,dragapult-dusknoir
8,808,p2,0820,n-zoroark,2648,mega-excadrill-ex
8,809,p1,0423,n-zoroark,2614,dhelmise-pbl
8,810,p2,1101,dragapult-ex,0957,sharpedo-toxtricity
8,811,p2,0893,dragapult-ex,0336,dragapult-dusknoir
8,812,p2,1535,cynthia-garchomp-ex,2186,dragapult-ex
8,813,p1,2572,dragapult-blaziken,3034,mega-excadrill-ex
8,814,p1,0782,dragapult-blaziken,2044,n-zoroark
8,815,p2,1974,mega-chandelure-ex,2604,slowking-scr
8,816,p1,0628,ogerpon-meganium-hydrapple,0999,dragapult-ex
8,817,p1,1710,basic-box-m,0710,lucario-hariyama
8,818,p2,0371,dragapult-dusknoir,2107,mega-excadrill-ex
8,819,p1,2809,basic-box-m,0547,dragapult-dusknoir
8,820,p1,0766,crustle-dri,2399,slowking-scr
8,821,p2,2821,festival-lead,0559,diancie-dusknoir
8,822,p2,2996,starmie-froslass,1361,dragapult-dusknoir
8,823,p1,2082,dragapult-ex,0464,dragapult-ex
8,824,p1,2489,alakazam-dudunsparce,1888,cynthia-garchomp-ex
8,825,p2,0773,dragapult-ex,2912,lopunny-dusknoir
8,826,p2,0886,mega-lucario-ex,0537,cynthia-garchomp-ex
8,827,p1,0174,lucario-hariyama,1839,n-zoroark
8,828,p1,0520,n-zoroark,1017,mega-excadrill-ex
8,829,p1,1233,rocket-mewtwo-ex,0375,dragapult-ex
8,830,p1,1258,n-zoroark,2715,dragapult-ex
8,831,tie,1600,greninja-ex,2884,n-zoroark
8,832,p1,1590,lopunny-dudunsparce,0746,slowking-scr
8,833,p1,2618,mega-excadrill-ex,3093,dragapult-ex
8,834,p2,2348,crustle-dri,2781,n-zoroark
8,835,p2,2742,dragapult-dusknoir,3001,metagross-cri
8,836,p2,2959,n-zoroark,0457,dragapult-ex
8,837,p2,0726,n-zoroark,1732,dragapult-ex
8,838,p2,0500,basic-box-m,0767,sharpedo-toxtricity
8,839,p1,1773,crustle-dri,0291,crustle-dri
8,840,p2,2670,dragapult-ex,0983,crustle-dri
8,841,p2,0441,alakazam-dudunsparce,0915,slowking-scr
8,842,p2,1296,n-zoroark,2577,dragapult-dusknoir
8,843,p1,1250,dragapult-ex,1632,n-zoroark
8,844,p1,0394,sharpedo-toxtricity,2574,lopunny-dudunsparce
8,845,p2,3009,dragapult-ex,2027,rockets-honchkrow
8,846,p1,0258,dragapult-ex,1178,slowking-scr
8,847,p1,1413,n-zoroark,0633,slowking-scr
8,848,p1,0468,basic-box-m,2383,dhelmise-pbl
8,849,p1,3011,dragapult-ex,3054,dragapult-ex
8,850,tie,2272,dragapult-ex,0723,cynthia-garchomp-ex
8,851,p2,1060,mega-excadrill-ex,0282,mega-excadrill-ex
8,852,p1,2967,dragapult-ex,0685,dragapult-ex
8,853,p2,0028,dragapult-ex,1044,dragapult-dusknoir
8,854,p1,1199,alakazam-dudunsparce,1752,dragapult-ex
8,855,p1,1128,hops-trevenant,0035,basic-box-m
8,856,p1,2498,dragapult-ex,1016,dragapult-dudunsparce
8,857,p1,2919,basic-box-m,2746,festival-lead
8,858,p2,1780,dragapult-ex,2429,dragapult-ex
8,859,p1,2365,dhelmise-pbl,1342,cinccino-ex
8,860,p2,0856,basic-box-m,2885,alakazam-dudunsparce
8,861,p2,2009,dragapult-ex,0118,dragapult-ex
8,862,p2,2689,alakazam-dudunsparce,2703,slowking-scr
8,863,p1,1924,basic-box-m,0359,basic-box-m
8,864,p1,1332,lopunny-dusknoir,0006,festival-lead
8,865,p1,2385,crustle-dri,0223,basic-box-m
8,866,p1,0830,ogerpon-meganium-hydrapple,0031,basic-box-m
8,867,p2,2363,festival-lead,0990,dragapult-dusknoir
8,868,p2,2236,rockets-honchkrow,2587,rockets-honchkrow
8,869,p2,2901,crustle-dri,2768,alakazam-dudunsparce
8,870,p1,1218,dragapult-ex,1084,n-zoroark
8,871,p1,1604,slowking-scr,1093,dragapult-ex
8,872,p2,1892,dragapult-dusknoir,0132,dragapult-ex
8,873,tie,0213,crustle-dri,2245,dragapult-blaziken
8,874,p1,1824,alakazam-dudunsparce,1942,lucario-hariyama
8,875,p1,0562,basic-box-m,0817,dhelmise-pbl
8,876,p1,2522,dhelmise-pbl,0446,dragapult-ex
8,877,p1,2064,dragapult-ex,2620,grimmsnarl-froslass
8,878,p1,1099,dragapult-dusknoir,2338,crustle-dri
8,879,p2,2594,mega-excadrill-ex,1868,ethan-typhlosion
8,880,p2,1188,dragapult-ex,1571,alakazam-dudunsparce
8,881,p1,1052,n-zoroark,1009,slowking-scr
8,882,p2,2283,mega-lucario-ex,2956,festival-lead
8,883,tie,2040,ogerpon-meganium-arboliva,1823,dragapult-dusknoir
8,884,p2,0529,dragapult-ex,1627,other
8,885,p2,1329,slowking-scr,2683,ogerpon-meganium-hydrapple
8,886,p2,0067,basic-box-m,1214,basic-box-m
8,887,p1,1694,cynthia-garchomp-ex,2727,slowking-scr
8,888,p1,1139,festival-lead,0091,crustle-dri
8,889,p1,2225,dhelmise-pbl,2833,basic-box-m
8,890,p2,0556,festival-lead,0443,dragapult-ex
8,891,p1,0374,crustle-dri,1612,other
8,892,p1,0938,n-zoroark,1308,dragapult-ex
8,893,p2,0063,lucario-hariyama,0187,basic-box-m
8,894,p1,1354,crustle-dri,0133,n-zoroark
8,895,p2,0931,crustle-dri,2238,dragapult-ex
8,896,p1,0906,rocket-mewtwo-ex,1964,mega-charizard-x-ex
8,897,p2,2707,dragapult-blaziken,1490,mega-lucario-ex
8,898,p2,0888,n-zoroark,0228,basic-box-m
8,899,p2,0836,dragapult-ex,1417,ogerpon-meganium-hydrapple
8,900,p2,1088,beedrill-ex-cri,0816,dragapult-ex
8,901,p1,2953,cynthia-garchomp-ex,2491,dragapult-ex
8,902,p1,1042,dragapult-ex,2657,dragapult-blaziken
8,903,p2,1443,crustle-dri,1239,ogerpon-meganium-hydrapple
8,904,p1,3012,alakazam-dudunsparce,1514,dragapult-blaziken
8,905,p1,0111,dragapult-blaziken,2747,lucario-hariyama
8,906,p1,0812,slowking-scr,0194,dragapult-blaziken
8,907,p1,0567,dragapult-ex,2030,dragapult-dusknoir
8,908,p1,1581,dragapult-dusknoir,1724,dragapult-ex
8,909,p2,0973,dragapult-dusknoir,2673,sinistcha-ogerpon
8,910,tie,1209,raging-bolt-ogerpon,0245,dragapult-ex
8,911,p2,2137,basic-box-m,3027,n-zoroark
8,912,p1,1202,lopunny-dusknoir,2423,alakazam-dudunsparce
8,913,p1,1950,dragapult-ex,1851,dragapult-ex
8,914,p2,1077,alakazam-dusknoir,2761,festival-lead
8,915,p1,2308,dhelmise-pbl,0463,dragapult-ex
8,916,p2,0598,n-zoroark,2341,mega-excadrill-ex
8,917,p1,1782,dragapult-ex,0276,cynthia-garchomp-ex
8,918,p1,1518,festival-lead,1881,n-zoroark
8,919,tie,1377,rockets-honchkrow,1570,dhelmise-pbl
8,920,p1,0156,dragapult-ex,0158,lucario-hariyama
8,921,p2,2478,dragapult-blaziken,2285,dragapult-ex
8,922,tie,1577,dragapult-ex,1774,dragapult-ex
8,923,p2,2667,mega-lucario-ex,1533,slowking-scr
8,924,p1,0434,dragapult-ex,1620,other
8,925,p2,1702,dhelmise-pbl,1125,n-zoroark
8,926,tie,0365,kangaskhan-bouffalant,1848,froslass-munkidori
8,927,p1,0753,kangaskhan-bouffalant,2691,slowking-scr
8,928,tie,1177,lucario-hariyama,2087,dragapult-blaziken
8,929,p1,2117,dragapult-dusknoir,1508,dhelmise-pbl
8,930,p2,1523,basic-box-m,0460,crustle-dri
8,931,p2,0604,dragapult-blaziken,3082,dragapult-dusknoir
8,932,p2,2994,mega-lucario-ex,2305,basic-box-m
8,933,p2,1789,n-zoroark,2745,dragapult-ex
8,934,p2,2020,dragapult-ex,0616,sharpedo-toxtricity
8,935,p2,0049,slowking-scr,2480,lucario-hariyama
8,936,p2,0344,raging-bolt-ogerpon,0565,lucario-hariyama
8,937,p1,2061,slowking-scr,2189,n-zoroark
8,938,p1,1555,dragapult-blaziken,3106,alakazam-dudunsparce
8,939,p2,2465,dragapult-ex,0427,lucario-hariyama
8,940,p1,2529,n-zoroark,1336,dragapult-ex
8,941,p2,2888,dragapult-ex,3105,dragapult-dusknoir
8,942,tie,3107,dragapult-ex,3035,n-zoroark
8,943,p1,0539,mega-venusaur-ex,2961,slowking-scr
8,944,p2,0902,alakazam-dusknoir,2403,dragapult-blaziken
8,945,p2,0286,lucario-hariyama,1034,dragapult-ex
8,946,p1,0451,dragapult-blaziken,0634,alakazam-dudunsparce
8,947,tie,1792,slowking-scr,2932,mega-excadrill-ex
8,948,p2,0369,slowking-scr,1891,dragapult-blaziken
8,949,p1,1065,sharpedo-toxtricity,1704,basic-box-m
8,950,p2,2249,hops-trevenant,0892,sharpedo-toxtricity
8,951,p1,2119,dragapult-ex,1344,festival-lead
8,952,p2,2246,mega-lucario-ex,0921,slowking-scr
8,953,p2,1549,mega-lucario-ex,1448,dragapult-dusknoir
8,954,p2,0840,alakazam-dudunsparce,1896,dragapult-dusknoir
8,955,p2,2057,festival-lead,2939,dragapult-dusknoir
8,956,p1,0088,dragapult-blaziken,0397,dragapult-blaziken
8,957,p2,2763,mega-excadrill-ex,0405,dragapult-blaziken
8,958,p1,2076,slowking-scr,1299,slowking-scr
8,959,p2,1043,dragapult-ex,2539,alakazam-dudunsparce
8,960,p1,2578,crustle-dri,0320,crustle-dri
8,961,p2,2544,mega-greninja-ex,3083,dragapult-blaziken
8,962,p2,2026,dragapult-dusknoir,1323,lucario-hariyama
8,963,p2,0102,dragapult-ex,1615,sharpedo-toxtricity
8,964,p1,0626,dragapult-blaziken,1546,n-zoroark
8,965,p2,0453,dragapult-ex,2025,ogerpon-meganium-hydrapple
8,966,p2,2211,toxtricity-box,0809,mega-lucario-ex
8,967,tie,0959,dhelmise-pbl,0734,mega-excadrill-ex
8,968,p1,1880,alakazam-dudunsparce,3016,dhelmise-pbl
8,969,p1,0619,basic-box-m,1524,crustle-dri
8,970,p2,0647,dragapult-ex,1460,dragapult-ex
8,971,tie,1847,grimmsnarl-froslass,0977,n-zoroark
8,972,p2,2162,ceruledge-ex,2166,n-zoroark
8,973,tie,2541,dhelmise-pbl,1766,basic-box-m
8,974,p2,1659,n-zoroark,1919,mega-excadrill-ex
8,975,p1,0076,basic-box-m,2642,dragapult-ex
8,976,p1,2233,n-zoroark,1756,clefairy-ogerpon
8,977,p2,1931,crustle-dri,2762,festival-lead
8,978,p1,2672,n-zoroark,1858,dragapult-dusknoir
8,979,p1,1803,dragapult-ex,0857,dragapult-blaziken
8,980,p2,2217,lucario-hariyama,2702,sharpedo-toxtricity
8,981,p1,1002,dragapult-ex,2591,ogerpon-meganium-hydrapple
8,982,p1,0191,lopunny-dudunsparce,2869,mega-excadrill-ex
8,983,p2,1831,dragapult-ex,2476,mega-excadrill-ex
8,984,p2,0991,lopunny-dusknoir,0516,grimmsnarl-froslass
8,985,p2,1541,n-zoroark,2843,mega-chandelure-ex
8,986,p2,2935,dhelmise-pbl,2299,crustle-dri
8,987,p2,2460,basic-box-m,0186,mega-starmie-ex
8,988,p1,0877,festival-lead,0099,n-zoroark
8,989,p2,0196,mega-chandelure-ex,2530,lopunny-dusknoir
8,990,p2,2675,lucario-hariyama,0930,rocket-mewtwo-ex
8,991,p1,1651,dragapult-ex,2731,dragapult-dusknoir
8,992,p2,1594,dragapult-ex,2067,crustle-dri
8,993,p2,0185,ogerpon-meganium-arboliva,0883,mega-excadrill-ex
8,994,p1,1932,dragapult-dusknoir,0087,dragapult-ex
8,995,p2,0079,slowking-scr,1884,mega-lucario-ex
8,996,p1,1395,mega-lucario-ex,3085,alakazam-dudunsparce
8,997,p1,2187,lucario-hariyama,1478,dragapult-dusknoir
8,998,p1,1098,dragapult-ex,1744,dragapult-ex
8,999,p1,1948,mega-excadrill-ex,1621,other
8,1000,p1,0928,dhelmise-pbl,2751,greninja-ex
8,1001,p1,2085,grimmsnarl-froslass,0966,dragapult-ex
8,1002,p1,2322,basic-box-m,0009,basic-box-m
8,1003,p2,2124,lucario-hariyama,2825,dhelmise-pbl
8,1004,p2,0792,lucario-hariyama,0761,cynthia-garchomp-ex
8,1005,p1,2538,dragapult-dusknoir,0638,ogerpon-meganium-hydrapple
8,1006,p2,2089,mega-excadrill-ex,0781,slowking-scr
8,1007,p2,0016,alakazam-dudunsparce,3006,rocket-mewtwo-ex
8,1008,p2,1668,dragapult-ex,1402,dragapult-ex
8,1009,tie,0942,lucario-hariyama,1390,lucario-hariyama
8,1010,p2,2298,lucario-hariyama,0972,mega-lucario-ex
8,1011,p1,1356,alakazam-dusknoir,2260,dragapult-ex
8,1012,tie,0452,basic-box-m,1705,grimmsnarl-froslass
8,1013,p1,2413,crustle-dri,2560,n-zoroark
8,1014,p1,0845,alakazam-dudunsparce,2275,mega-excadrill-ex
8,1015,p1,0010,n-zoroark,1180,dragapult-dusknoir
8,1016,p2,0866,sharpedo-toxtricity,0618,n-zoroark
8,1017,tie,0164,rockets-honchkrow,2375,n-zoroark
8,1018,p1,2145,dragapult-dusknoir,0086,mega-venusaur-ex
8,1019,p2,1406,mega-excadrill-ex,1293,dhelmise-pbl
8,1020,p1,0548,dragapult-ex,0478,n-zoroark
8,1021,p2,0428,dragapult-ex,0713,ethan-typhlosion
8,1022,p1,1759,dragapult-ex,1242,mega-chandelure-ex
8,1023,tie,0705,dhelmise-pbl,1607,ethan-typhlosion
8,1024,p2,0225,rockets-honchkrow,1079,slowking-scr
8,1025,p1,2177,dragapult-dusknoir,0927,dragapult-dusknoir
8,1026,p1,2964,basic-box-m,3049,sharpedo-toxtricity
8,1027,p2,1714,mega-excadrill-ex,2760,dragapult-dusknoir
8,1028,p1,2609,festival-lead,1502,crustle-dri
8,1029,tie,1938,dragapult-blaziken,0505,dragapult-ex
8,1030,p2,1436,alakazam-dudunsparce,2451,dragapult-ex
8,1031,p2,1063,crustle-dri,2625,mega-excadrill-ex
8,1032,p1,2071,beedrill-ex-cri,1796,cynthia-garchomp-ex
8,1033,p2,0285,dragapult-ex,2202,dragapult-dusknoir
8,1034,p2,2077,dragapult-ex,1371,dragapult-ex
8,1035,tie,0210,dragapult-ex,2296,dragapult-ex
8,1036,p2,0912,dhelmise-pbl,2709,dragapult-dusknoir
8,1037,p1,1388,crustle-dri,0052,dragapult-dusknoir
8,1038,p1,2898,dragapult-dusknoir,0045,dragapult-blaziken
8,1039,p2,0294,crustle-dri,1302,mega-excadrill-ex
8,1040,p1,1287,crustle-dri,0606,n-zoroark
8,1041,p2,2534,n-zoroark,2876,basic-box-m
8,1042,p2,1743,dragapult-dusknoir,1193,dragapult-ex
8,1043,p1,0789,n-zoroark,1716,n-zoroark
8,1044,tie,2767,dragapult-ex,0414,dragapult-ex
8,1045,p2,0799,dhelmise-pbl,1991,sharpedo-toxtricity
8,1046,p1,0665,dragapult-ex,2023,dragapult-dusknoir
8,1047,tie,2416,ursaluna-lunatone,2029,n-zoroark
8,1048,p1,2282,n-zoroark,2360,dragapult-blaziken
8,1049,p2,2668,dragapult-ex,1754,crustle-dri
8,1050,p2,1751,mega-excadrill-ex,0661,dragapult-blaziken
8,1051,p2,0920,mega-excadrill-ex,2774,alakazam-dudunsparce
8,1052,tie,0673,grimmsnarl-froslass,1311,mega-excadrill-ex
8,1053,tie,2543,dragapult-ex,2660,dragapult-ex
8,1054,p2,1643,dragapult-dusknoir,3022,dragapult-ex
8,1055,p1,0261,ogerpon-meganium-arboliva,1071,dragapult-ex
8,1056,p1,1828,sharpedo-toxtricity,0852,grimmsnarl-froslass
8,1057,p2,1623,mega-lucario-ex,3029,dragapult-blaziken
8,1058,p1,0573,crustle-dri,1363,dragapult-blaziken
8,1059,p2,0254,n-zoroark,1207,ogerpon-meganium-arboliva
8,1060,p2,1819,dragapult-ex,0944,crustle-dri
8,1061,p1,2053,other,1984,cynthia-garchomp-ex
8,1062,tie,0284,n-zoroark,2323,sharpedo-toxtricity
8,1063,p2,0860,dragapult-blaziken,1331,n-zoroark
8,1064,p2,0960,okidogi-barbaracle,2258,alakazam-dudunsparce
8,1065,p2,2706,dragapult-dusknoir,1738,n-zoroark
8,1066,p2,2638,lucario-hariyama,0832,dhelmise-pbl
8,1067,tie,2880,dhelmise-pbl,1640,slowking-scr
8,1068,p2,1130,n-zoroark,0612,n-zoroark
8,1069,p2,1739,mega-venusaur-ex,1280,dragapult-dudunsparce
8,1070,p1,2897,basic-box-m,0327,crustle-dri
8,1071,p2,1312,rockets-honchkrow,1265,seaking-pre
8,1072,p2,0664,slowking-scr,0220,slowking-scr
8,1073,tie,0790,ogerpon-meganium-hydrapple,0319,basic-box-m
8,1074,p1,1595,dragapult-ex,0715,dragapult-ex
8,1075,p2,0148,dragapult-ex,1902,n-zoroark
8,1076,p1,0308,mega-excadrill-ex,1663,n-zoroark
8,1077,p2,1875,ogerpon-meganium-hydrapple,1463,dragapult-ex
8,1078,tie,2122,dragapult-ex,1655,dragapult-blaziken
8,1079,p2,1464,dragapult-blaziken,2791,dragapult-ex
8,1080,p1,2440,rockets-honchkrow,2531,alakazam-dudunsparce
8,1081,p1,1213,dragapult-blaziken,2955,alakazam-dudunsparce
8,1082,p2,2359,n-zoroark,2518,alakazam-dudunsparce
8,1083,p1,1191,dragapult-ex,1033,basic-box-m
8,1084,p1,2628,mega-excadrill-ex,0467,mega-excadrill-ex
8,1085,p1,1648,dragapult-blaziken,1821,n-zoroark
8,1086,tie,2471,sharpedo-toxtricity,0168,dragapult-ex
8,1087,p2,2882,dragapult-ex,1871,mega-excadrill-ex
8,1088,tie,0803,dragapult-ex,0094,n-zoroark
8,1089,tie,1142,alakazam-dudunsparce,1102,mega-excadrill-ex
8,1090,p2,1349,dragapult-ex,1955,dragapult-ex
8,1091,p1,0904,dhelmise-pbl,1669,slowking-scr
8,1092,p2,2125,dragapult-dusknoir,0557,alakazam-dudunsparce
8,1093,p1,1244,alakazam-dudunsparce,3119,mega-froslass-ex
8,1094,p2,0635,basic-box-m,0605,dhelmise-pbl
8,1095,p1,2376,dragapult-ex,0059,dragapult-ex
8,1096,p2,1231,beedrill-ex-cri,1318,hops-trevenant
8,1097,p1,2356,cynthia-garchomp-ex,2032,dragapult-ex
8,1098,p2,0237,alakazam-dusknoir,0323,dragapult-dusknoir
8,1099,p1,1076,rockets-honchkrow,0686,n-zoroark
8,1100,p2,0406,basic-box-m,2378,n-zoroark
8,1101,p1,1757,alakazam-dudunsparce,1485,basic-box-m
8,1102,p2,0712,alakazam-dudunsparce,0313,rockets-honchkrow
8,1103,p2,1928,dragapult-ex,0334,festival-lead
8,1104,p2,2840,dragapult-blaziken,1585,mega-venusaur-ex
8,1105,p1,2975,festival-lead,0264,n-zoroark
8,1106,p1,0409,dragapult-ex,0864,festival-lead
8,1107,p2,2875,dragapult-blaziken,0332,ogerpon-meganium-hydrapple
8,1108,p1,0042,dragapult-dusknoir,0907,dragapult-dusknoir
8,1109,p1,3040,dragapult-ex,2723,dragapult-ex
8,1110,p1,0386,dragapult-ex,2048,dragapult-ex
8,1111,p1,1297,dragapult-ex,2610,dragapult-dudunsparce
8,1112,p1,1221,basic-box-m,0863,festival-lead
8,1113,p1,3048,slowking-scr,1963,alakazam-dudunsparce
8,1114,p2,1631,starmie-dusknoir,0302,n-zoroark
8,1115,p2,1380,dhelmise-pbl,0584,crustle-dri
8,1116,p1,3097,basic-box-m,2972,lucario-hariyama
8,1117,p2,1222,mega-excadrill-ex,1843,dhelmise-pbl
8,1118,p1,2684,toucannon-pbl,0247,toxtricity-box
8,1119,tie,2941,slowking-scr,1915,dragapult-ex
8,1120,double_loss,1100,ogerpon-meganium-hydrapple,1878,rocket-spidops
8,1121,p2,1108,crustle-dri,0193,dragapult-ex
8,1122,p1,0300,dragapult-ex,2601,dragapult-dusknoir
8,1123,p1,1367,ogerpon-meganium-hydrapple,2980,lucario-hariyama
8,1124,p1,1979,dragapult-ex,2312,dragapult-dusknoir
8,1125,p1,0997,dragapult-ex,1930,zygarde-barbaracle
8,1126,p2,0903,rocket-spidops,1212,crustle-dri
8,1127,p1,2925,basic-box-m,3023,dhelmise-pbl
8,1128,p2,0310,mega-greninja-ex,0167,ogerpon-meganium-hydrapple
8,1129,p2,0389,dragapult-dusknoir,0259,dragapult-ex
8,1130,p1,1688,mega-excadrill-ex,0462,crustle-dri
8,1131,p1,0391,festival-lead,2879,crustle-dri
8,1132,tie,1416,mega-excadrill-ex,1360,dragapult-ex
8,1133,p1,0822,sharpedo-toxtricity,2852,slowking-scr
8,1134,p1,1866,mega-venusaur-ex,1216,dragapult-dusknoir
8,1135,p2,2698,cynthia-garchomp-ex,2113,crustle-dri
8,1136,p1,0807,basic-box-m,0958,mega-venusaur-ex
8,1137,p2,0765,dragapult-ex,1723,dragapult-ex
8,1138,p1,1120,hops-trevenant,1062,dragapult-ex
8,1139,p1,1461,lucario-hariyama,1284,mega-venusaur-ex
8,1140,p2,2748,alakazam-dudunsparce,2019,dhelmise-pbl
8,1141,p2,2808,dragapult-dusknoir,1929,basic-box-m
8,1142,p1,1730,slowking-scr,3067,dragapult-ex
8,1143,p2,2499,alakazam-dudunsparce,0585,ogerpon-meganium-hydrapple
8,1144,p2,1310,festival-lead,1983,okidogi-barbaracle
8,1145,tie,1797,mega-excadrill-ex,3013,rockets-honchkrow
8,1146,p1,2050,ogerpon-meganium-hydrapple,2505,sharpedo-toxtricity
8,1147,p2,2435,festival-lead,1407,dragapult-dusknoir
8,1148,p2,1254,alakazam-dudunsparce,0350,mega-chandelure-ex
8,1149,p1,2311,dragapult-blaziken,0080,dragapult-ex
8,1150,p1,2512,alakazam-dudunsparce,0687,dragapult-ex
8,1151,p2,0372,alakazam-dudunsparce,0263,alakazam-dudunsparce
8,1152,p1,2390,dragapult-dusknoir,0171,alakazam-dusknoir
8,1153,p2,2036,dragapult-ex,1013,crustle-dri
8,1154,p1,0708,mega-excadrill-ex,0519,dragapult-dusknoir
8,1155,p2,0450,ceruledge-ex,2523,lopunny-dudunsparce
8,1156,p2,2318,dragapult-ex,0152,sharpedo-toxtricity
8,1157,p1,2826,dragapult-blaziken,0179,dragapult-blaziken
8,1158,p2,1115,beedrill-ex-cri,0589,ogerpon-meganium-hydrapple
8,1159,tie,2016,alakazam-dudunsparce,2783,basic-box-m
8,1160,p2,1196,mega-excadrill-ex,0248,basic-box-m
8,1161,p2,0340,palafin-ex,1943,lucario-hariyama
8,1162,tie,1143,basic-box-m,2139,mega-excadrill-ex
8,1163,tie,2934,n-zoroark,0349,dragapult-dusknoir
8,1164,p2,1234,basic-box-m,0736,dragapult-ex
8,1165,tie,0510,alakazam-dudunsparce,2452,other
8,1166,p2,0622,dragapult-blaziken,3010,dragapult-ex
8,1167,p1,2920,dragapult-ex,0642,dragapult-dusknoir
8,1168,tie,2564,n-zoroark,0590,dragapult-ex
8,1169,p2,2741,lucario-hariyama,1000,dhelmise-pbl
8,1170,p1,1548,grimmsnarl-froslass,1815,rockets-honchkrow
8,1171,p2,1067,mega-excadrill-ex,2636,cynthia-garchomp-ex
8,1172,p2,1507,dragapult-ex,1605,n-zoroark
8,1173,tie,2083,dragapult-ex,1003,lopunny-dusknoir
8,1174,p1,2571,n-zoroark,0579,dhelmise-pbl
8,1175,p1,0140,mega-starmie-ex,1058,n-zoroark
8,1176,p2,0932,dragapult-dusknoir,0532,dragapult-ex
8,1177,p1,3114,dragapult-dusknoir,0763,slowking-scr
8,1178,p2,0514,dragapult-ex,0540,dragapult-ex
8,1179,p2,2194,sharpedo-toxtricity,0640,dragapult-dudunsparce
8,1180,tie,2481,alakazam-dudunsparce,1885,dhelmise-pbl
8,1181,p1,1657,mega-starmie-ex,1499,dragapult-ex
8,1182,p2,2778,toucannon-pbl,1161,alakazam-dudunsparce
8,1183,p2,2716,ogerpon-meganium-hydrapple,1055,dragapult-ex
8,1184,p2,2557,slowking-scr,2928,basic-box-m
8,1185,p2,0367,dragapult-ex,1617,festival-lead
8,1186,p2,0667,dhelmise-pbl,2849,dragapult-ex
8,1187,p2,2507,mega-excadrill-ex,1521,dragapult-ex
8,1188,tie,0160,n-zoroark,0720,mega-lucario-ex
8,1189,p2,3058,crustle-dri,2982,dhelmise-pbl
8,1190,p2,3104,grimmsnarl-froslass,0385,dragapult-ex
8,1191,p1,1565,mega-chandelure-ex,2970,ethan-typhlosion
8,1192,p2,1153,dragapult-blaziken,2171,n-zoroark
8,1193,tie,2419,ogerpon-meganium-hydrapple,2788,alakazam-dudunsparce
8,1194,p1,1424,mega-excadrill-ex,2822,grimmsnarl-froslass
8,1195,p1,0794,crustle-dri,1109,dragapult-ex
8,1196,tie,0707,mega-excadrill-ex,1158,n-zoroark
8,1197,p2,2693,sinistcha-ogerpon,0328,rockets-honchkrow
8,1198,p1,3043,slowking-scr,2405,basic-box-m
8,1199,p1,3074,lopunny-dusknoir,0353,dragapult-ex
8,1200,p1,2850,n-zoroark,2485,basic-box-m
8,1201,p2,2114,slowking-scr,1832,ogerpon-meganium-hydrapple
8,1202,p1,1563,dragapult-ex,1661,crustle-dri
8,1203,p2,1557,hop-zacian,2344,dragapult-ex
8,1204,p2,2831,dragapult-ex,1580,festival-lead
8,1205,p2,2474,starmie-froslass,2520,ogerpon-meganium-hydrapple
8,1206,p2,1482,other,2490,dragapult-dusknoir
8,1207,p2,2678,ceruledge-ex,0074,slowking-scr
8,1208,tie,2664,crustle-dri,1086,mega-lucario-ex
8,1209,p2,2579,dragapult-blaziken,1452,dragapult-ex
8,1210,p2,2449,other,0002,lucario-hariyama
8,1211,tie,2547,dragapult-ex,0020,ogerpon-meganium-hydrapple
8,1212,p2,3118,dragapult-ex,0154,mega-excadrill-ex
8,1213,p2,1359,dragapult-ex,2351,n-zoroark
8,1214,p1,0455,mega-excadrill-ex,1230,mega-venusaur-ex
8,1215,p1,2945,diancie-dusknoir,1170,slowking-scr
8,1216,p2,2369,mega-excadrill-ex,0383,slowking-scr
8,1217,p2,2237,slowking-scr,1374,dragapult-ex
8,1218,p2,3014,dragapult-ex,2190,mega-greninja-ex
8,1219,p2,1353,dragapult-blaziken,2090,starmie-froslass
8,1220,tie,0614,slowking-scr,2682,cynthia-garchomp-ex
8,1221,p2,0504,slowking-scr,2713,cynthia-garchomp-ex
8,1222,p2,1141,basic-box-m,1975,alakazam-dudunsparce
8,1223,p2,1957,n-zoroark,0370,dragapult-ex
8,1224,p1,2058,starmie-froslass,1154,flareon-noctowl
8,1225,tie,2515,beedrill-ex-cri,2488,mega-lucario-ex
8,1226,p1,1156,clefairy-ogerpon,1085,n-zoroark
8,1227,p2,2251,sharpedo-toxtricity,1340,festival-lead
8,1228,p2,1333,manectric-eelektrik,2527,alakazam-dudunsparce
8,1229,tie,2969,sharpedo-toxtricity,2473,dragapult-ex
8,1230,tie,2732,dragapult-ex,2479,dragapult-blaziken
8,1231,p1,0652,grimmsnarl-froslass,1808,dhelmise-pbl
8,1232,p2,0813,mega-lucario-ex,0637,lucario-hariyama
8,1233,p2,0572,dragapult-blaziken,0714,crustle-dri
8,1234,p1,0690,flareon-noctowl,1121,mega-starmie-ex
8,1235,p2,0095,crustle-dri,2929,dragapult-ex
8,1236,tie,0268,dragapult-ex,1471,hops-trevenant
8,1237,p2,0215,mega-excadrill-ex,1474,alakazam-dudunsparce
8,1240,p2,0749,seaking-pre,1479,dhelmise-pbl
8,1241,p1,0110,dragapult-blaziken,0964,dragapult-ex
8,1242,tie,2149,slowking-scr,1483,alakazam-dudunsparce
8,1243,p1,0987,dragapult-ex,1486,sharpedo-toxtricity
8,1245,p2,1357,slowking-scr,0748,other
8,1246,p1,0839,dragapult-dusknoir,1492,alakazam-dusknoir
8,1247,tie,3092,rockets-honchkrow,1493,mega-excadrill-ex
8,1250,tie,2926,mega-excadrill-ex,1500,dragapult-blaziken
8,1252,p2,1504,dragapult-dusknoir,1772,dragapult-ex
8,1254,p2,2940,sharpedo-toxtricity,0558,rockets-honchkrow
8,1255,p2,0553,rockets-honchkrow,1186,greninja-ex
8,1256,p2,2367,dragapult-ex,2891,dragapult-dusknoir
8,1257,tie,1335,n-zoroark,2264,basic-box-m
8,1258,p2,1971,mega-excadrill-ex,2770,dragapult-ex
8,1259,p2,1147,dhelmise-pbl,2948,basic-box-m
8,1260,p1,1840,crustle-dri,0106,ogerpon-meganium-hydrapple
8,1261,p2,3072,alakazam-dudunsparce,1394,crustle-dri
8,1262,p1,0040,dragapult-ex,1906,basic-box-m
8,1263,p1,2658,dragapult-ex,0996,crustle-dri
8,1264,p2,1408,rocket-mewtwo-ex,0403,dragapult-blaziken
8,1265,p1,0356,dhelmise-pbl,1918,alakazam-dudunsparce
8,1266,p1,0306,basic-box-m,3112,slowking-scr
8,1267,p2,3017,alakazam-dudunsparce,1029,dragapult-blaziken
8,1268,p1,2561,dragapult-blaziken,1820,ogerpon-meganium-hydrapple
8,1269,p1,1699,alakazam-dusknoir,1976,mega-venusaur-ex
8,1270,p2,2862,mega-excadrill-ex,2676,cinccino-ex
8,1271,p2,0093,lucario-hariyama,2146,dragapult-ex
8,1272,p1,1446,ethan-typhlosion,2070,n-zoroark
8,1273,tie,0905,crustle-dri,0392,dragapult-dusknoir
8,1274,p2,1771,starmie-dusknoir,2930,grimmsnarl-froslass
8,1275,p2,0989,crustle-dri,1415,dragapult-dusknoir
8,1276,p2,2946,lucario-hariyama,1551,slowking-scr
8,1277,p2,1767,dhelmise-pbl,2263,palafin-ex
8,1278,p1,2576,crustle-dri,0827,dragapult-dusknoir
8,1279,p1,1286,lopunny-dusknoir,2300,dragapult-ex
8,1280,p2,0471,seaking-pre,1972,alakazam-dudunsparce
8,1281,p2,0837,dhelmise-pbl,1309,dragapult-blaziken
8,1282,p1,1683,raging-bolt-ogerpon,0058,mega-greninja-ex
8,1283,p2,2459,basic-box-m,1053,n-zoroark
8,1284,p2,0779,dragapult-dusknoir,2550,mega-excadrill-ex
8,1285,p2,0542,festival-lead,2701,rockets-honchkrow
8,1286,p1,2207,slowking-scr,1253,mega-excadrill-ex
8,1287,tie,0538,dhelmise-pbl,2874,mega-excadrill-ex
8,1288,p2,2904,dragapult-ex,1728,dragapult-dusknoir
8,1289,p2,2692,slowking-scr,1645,mega-excadrill-ex
8,1290,p1,3025,dragapult-dusknoir,1072,alakazam-dudunsparce
8,1291,p1,1219,rockets-honchkrow,0368,basic-box-m
8,1292,p1,2428,raging-bolt-ogerpon,1057,basic-box-m
8,1293,tie,2906,grimmsnarl-froslass,2753,diancie-dusknoir
8,1294,p1,0396,basic-box-m,2806,cynthia-garchomp-ex
8,1295,tie,0433,rockets-honchkrow,0751,alakazam-dudunsparce
8,1296,p2,2140,mega-excadrill-ex,2201,greninja-ex
8,1297,p1,1945,dragapult-ex,2387,other
8,1298,p1,0940,dhelmise-pbl,2100,dragapult-ex
8,1299,p1,0855,rockets-honchkrow,1030,basic-box-m
8,1300,p2,1599,doublade-por,0599,dragapult-ex
8,1301,p2,1760,mega-excadrill-ex,1601,crustle-dri
8,1302,p1,2169,ethan-typhlosion,0012,dragapult-ex
8,1303,p1,0970,basic-box-m,0373,dragapult-ex
8,1304,p1,2615,dragapult-blaziken,0952,dragapult-ex
8,1305,p1,1441,azumarill-ssp,0517,festival-lead
8,1306,p1,3039,sharpedo-toxtricity,2072,n-zoroark
8,1307,p1,0242,alakazam-dudunsparce,2191,dragapult-dusknoir
8,1308,p2,2281,grimmsnarl-froslass,2098,ogerpon-meganium
8,1309,p2,2839,starmie-froslass,0745,dragapult-ex
8,1310,p1,0021,n-zoroark,0131,dhelmise-pbl
8,1311,p2,0496,dragapult-dusknoir,1255,dragapult-ex
8,1312,p2,1517,mega-lucario-ex,2580,raging-bolt-ogerpon
8,1313,p2,0568,hops-trevenant,0329,dragapult-ex
8,1314,p2,1729,ogerpon-meganium-hydrapple,0796,mega-excadrill-ex
8,1315,p1,1673,dragapult-dusknoir,1465,alakazam-dudunsparce
8,1316,p2,0474,doublade-por,2339,dragapult-blaziken
8,1317,p1,0454,dragapult-ex,3041,n-zoroark
8,1318,p1,0962,dragapult-blaziken,0662,alakazam-dudunsparce
8,1319,p2,2347,dragapult-blaziken,2617,mega-absol-box
8,1320,p1,2805,n-zoroark,2254,hop-zacian
8,1321,p2,0488,basic-box-m,0611,dragapult-ex
8,1322,tie,2158,dragapult-ex,2848,slowking-scr
8,1323,p1,2154,dragapult-ex,2653,ethan-typhlosion
8,1326,p1,0772,alakazam-dudunsparce,1019,dragapult-ex
8,1327,p2,3120,crustle-dri,2179,rocket-spidops
8,1328,p2,1953,dragapult-ex,0887,dragapult-blaziken
8,1329,p1,0689,dragapult-dusknoir,2294,dragapult-blaziken
8,1330,p1,2392,kangaskhan-bouffalant,3038,dragapult-dusknoir
8,1331,p1,2511,festival-lead,0342,ogerpon-meganium-hydrapple
8,1332,tie,0475,basic-box-m,1893,dragapult-blaziken
8,1333,p1,1208,slowking-scr,2209,n-zoroark
8,1334,p2,2493,mega-excadrill-ex,2649,dragapult-dusknoir
8,1335,p1,1776,dhelmise-pbl,0051,alakazam-dudunsparce
8,1336,tie,2092,n-zoroark,2824,dragapult-dusknoir
8,1337,p1,0838,mega-froslass-ex,1290,lucario-hariyama
8,1338,p2,0351,n-zoroark,0387,basic-box-m
8,1339,p2,1675,mega-lucario-ex,0278,dragapult-dusknoir
8,1340,p1,3056,dragapult-ex,3018,beedrill-ex-cri
8,1341,p1,1272,dragapult-ex,0509,okidogi-barbaracle
8,1342,p2,1024,alakazam-dudunsparce,1907,dhelmise-pbl
8,1343,p1,2012,dhelmise-pbl,2537,slowking-scr
8,1344,tie,2482,festival-lead,2034,dragapult-ex
8,1345,p1,2695,alakazam-dudunsparce,0601,dragapult-dusknoir
8,1346,p2,0207,n-zoroark,0108,dragapult-dusknoir
8,1347,p2,0594,alakazam-dusknoir,0229,mega-excadrill-ex
8,1349,p2,1698,dragapult-blaziken,0085,slowking-scr
8,1351,p2,3030,mega-chandelure-ex,1236,alakazam-dudunsparce
8,1352,p2,1560,dragapult-ex,2103,ethan-typhlosion
8,1353,tie,0398,raging-bolt-ogerpon,1074,ethan-typhlosion
8,1354,p1,2687,slowking-scr,2656,alakazam-dudunsparce
8,1355,p1,0814,dragapult-ex,3087,zygarde-barbaracle
8,1356,p1,1011,crustle-dri,3079,dragapult-blaziken
8,1357,p1,1083,ogerpon-meganium-arboliva,2310,lucario-hariyama
8,1358,p1,2496,rockets-honchkrow,0691,mega-starmie-ex
8,1359,p1,0178,dragapult-ex,2255,rockets-honchkrow
8,1360,p2,2345,tera-box,2079,alakazam-dudunsparce
8,1361,p1,2096,alakazam-dudunsparce,1451,n-zoroark
8,1362,p2,0570,hydreigon-ex,2790,n-zoroark
8,1363,p2,1703,dragapult-ex,1845,slowking-scr
8,1364,p1,1530,dragapult-ex,1073,n-zoroark
8,1365,p1,2828,toucannon-pbl,1670,mega-manectric-ex-meg
8,1366,p1,2971,seaking-pre,0869,crustle-dri
8,1367,p2,0956,alakazam-dudunsparce,0530,mega-excadrill-ex
8,1368,p1,2873,alakazam-dudunsparce,2418,slowking-scr
8,1369,p2,1366,sharpedo-toxtricity,0908,mega-starmie-ex
8,1370,p2,2893,dragapult-dusknoir,1761,kangaskhan-bouffalant
8,1371,p2,0492,alakazam-dudunsparce,1185,crustle-dri
8,1372,p2,0549,rocket-mewtwo-ex,0318,slowking-scr
8,1373,p1,1857,ogerpon-meganium-hydrapple,0895,alakazam-dusknoir
8,1374,tie,1338,kangaskhan-bouffalant,2123,dragapult-dusknoir
8,1375,tie,1238,mega-excadrill-ex,0524,n-zoroark
8,1376,p1,1138,mega-excadrill-ex,2807,rockets-honchkrow
8,1377,p1,0551,mega-excadrill-ex,2954,lucario-hariyama
8,1378,p2,0515,dragapult-dusknoir,0709,raging-bolt-ogerpon
8,1379,p2,0022,rockets-honchkrow,1947,rocket-mewtwo-ex
8,1380,p2,2868,alakazam-dusknoir,0624,dhelmise-pbl
8,1381,p1,2078,alakazam-dudunsparce,1822,mega-chandelure-ex
8,1382,p2,0212,dragapult-dusknoir,0008,alakazam-dudunsparce
8,1383,tie,1583,dhelmise-pbl,0885,alakazam-dudunsparce
8,1384,p1,1635,lopunny-dudunsparce,2445,basic-box-m
8,1385,tie,2981,cynthia-garchomp-ex,3028,other
8,1386,p2,0301,dragapult-ex,2420,mega-excadrill-ex
8,1387,p2,0910,mega-chandelure-ex,0335,flareon-ex
8,1388,p2,1598,mega-excadrill-ex,2777,mega-excadrill-ex
8,1389,p1,0571,slowking-scr,2773,mega-greninja-ex
8,1390,p1,2647,dragapult-ex,2228,lucario-hariyama
8,1391,tie,1151,alakazam-dudunsparce,1298,raging-bolt-ogerpon
8,1392,tie,1770,n-zoroark,1039,hops-trevenant
8,1393,p2,2937,alakazam-dudunsparce,0044,dragapult-ex
8,1394,p1,1935,slowking-scr,1853,kangaskhan-bouffalant
8,1395,p2,0898,raging-bolt-ogerpon,0835,alakazam-dusknoir
8,1396,p2,1591,?metagross,2001,rockets-honchkrow
8,1397,p2,2984,alakazam-dudunsparce,1511,dragapult-ex
8,1398,p2,1912,ethan-typhlosion,2151,dragapult-ex
8,1399,p1,2196,?metagross,1056,alakazam-dudunsparce
8,1400,p1,1653,starmie-froslass,2606,alakazam-dudunsparce
8,1401,p2,0873,dragapult-ex,0100,slowking-scr
8,1402,p2,1276,lucario-hariyama,2793,other
8,1403,p1,3031,alakazam-dudunsparce,0587,ogerpon-meganium-hydrapple
8,1404,tie,1951,dhelmise-pbl,0380,dragapult-ex
8,1405,p2,2297,mega-excadrill-ex,1742,seaking-pre
8,1406,p1,2424,dragapult-ex,2284,festival-lead
8,1407,tie,0030,seaking-pre,2468,mega-venusaur-ex
8,1408,tie,1110,mega-greninja-ex,1466,dragapult-ex
8,1409,tie,2810,ceruledge-ex,2422,dragapult-ex
8,1410,p2,0077,ogerpon-meganium-hydrapple,2726,slowking-scr
8,1411,p2,1856,crustle-dri,2697,n-zoroark
8,1412,p1,1433,lucario-hariyama,2197,dragapult-blaziken
8,1413,tie,1092,mega-greninja-ex,1564,alakazam-dudunsparce
8,1414,p1,0697,slowking-scr,1886,dragapult-dusknoir
8,1415,tie,0919,lucario-hariyama,0659,alakazam-dudunsparce
8,1416,p2,0693,dragapult-dusknoir,1532,blaziken-ex-jtg
8,1417,p2,1786,dragapult-ex,1082,dragapult-ex
8,1418,p1,1172,n-zoroark,2605,mega-excadrill-ex
8,1419,p2,0755,alakazam-dudunsparce,3116,festival-lead
8,1420,p1,2176,n-zoroark,0947,dragapult-ex
8,1421,tie,1778,basic-box-m,0828,mega-feraligatr-ex
8,1422,p2,1818,festival-lead,2232,dragapult-ex
8,1423,p1,1656,dragapult-dusknoir,0841,dragapult-ex
8,1424,p2,2410,doublade-por,1010,rocket-mewtwo-ex
8,1425,tie,1718,dragapult-ex,0513,n-zoroark
8,1426,p1,2051,dragapult-dusknoir,2680,festival-lead
8,1427,p2,0485,alakazam-dudunsparce,2425,ogerpon-meganium-hydrapple
8,1428,p2,2008,basic-box-m,0292,dragapult-dusknoir
8,1429,p1,0465,dhelmise-pbl,0581,beedrill-ex-cri
8,1430,p1,3121,dragapult-ex,1220,other
8,1431,p2,1859,mega-darkrai-ex,1133,dragapult-ex
8,1432,p1,0760,ethan-typhlosion,0421,n-zoroark
8,1433,tie,0378,lucario-hariyama,0173,sharpedo-toxtricity
8,1434,p1,2979,beedrill-ex-cri,1197,dragapult-dusknoir
8,1435,tie,3045,kangaskhan-bouffalant,3008,basic-box-m
8,1436,p2,0007,dragapult-ex,2313,ogerpon-meganium-hydrapple
8,1437,p1,2073,alolan-exeggutor-ex,1905,rocket-mewtwo-ex
8,1438,p2,2033,basic-box-m,2374,mega-excadrill-ex
8,1439,p1,2267,ogerpon-meganium-hydrapple,1006,ceruledge-ex
9,501,p2,1758,lucario-hariyama,1952,slowking-scr
9,502,p1,2331,dragapult-ex,0695,dragapult-ex
9,503,p1,1956,basic-box-m,2881,slowking-scr
9,504,p2,0518,crustle-dri,2718,basic-box-m
9,505,p1,1404,n-zoroark,0676,alakazam-dudunsparce
9,506,p2,0479,dragapult-dusknoir,2437,dragapult-blaziken
9,507,p1,0679,dragapult-ex,2450,dragapult-dusknoir
9,508,p1,2181,mega-excadrill-ex,1229,dragapult-blaziken
9,509,tie,1588,dragapult-ex,2105,basic-box-m
9,510,p2,1169,dragapult-ex,2722,slowking-scr
9,511,p1,2910,raging-bolt-ogerpon,0165,basic-box-m
9,512,p1,2977,basic-box-m,1603,lopunny-dusknoir
9,513,p2,0270,dragapult-dusknoir,2433,lucario-hariyama
9,514,p2,0981,clefairy-ogerpon,0791,ogerpon-meganium-hydrapple
9,515,p2,2455,dragapult-ex,1224,lopunny-dusknoir
9,516,p2,1260,slowking-scr,2795,alakazam-dudunsparce
9,517,p1,1339,dragapult-ex,1562,crustle-dri
9,518,p2,1418,mega-excadrill-ex,0017,dragapult-ex
9,519,p1,0610,dragapult-ex,2161,mega-chandelure-ex
9,520,p2,0578,crustle-dri,1746,crustle-dri
9,521,p2,1709,dragapult-dusknoir,2878,dhelmise-pbl
9,522,tie,1324,dragapult-ex,0535,crustle-dri
9,523,p2,2011,n-zoroark,1735,sharpedo-toxtricity
9,524,p1,1999,festival-lead,0024,hops-trevenant
9,525,p2,0577,mega-excadrill-ex,2589,slowking-scr
9,526,p1,0591,n-zoroark,1846,n-zoroark
9,527,p2,0408,dragapult-ex,1968,crustle-dri
9,528,p1,2109,rockets-honchkrow,1990,dragapult-ex
9,529,tie,0136,dragapult-ex,0497,dragapult-ex
9,530,p1,1629,dragapult-ex,2200,alakazam-dusknoir
9,531,tie,0511,n-zoroark,1652,dragapult-blaziken
9,532,p1,1047,n-zoroark,2446,lopunny-dudunsparce
9,533,p2,1263,lopunny-dudunsparce,1700,n-zoroark
9,534,p2,1900,dragapult-ex,0162,dragapult-ex
9,535,p2,0013,dragapult-ex,2526,dragapult-ex
9,536,p2,2396,n-zoroark,1175,basic-box-m
9,537,p2,2131,dragapult-ex,2432,mega-excadrill-ex
9,538,tie,2639,dragapult-ex,1748,dragapult-dusknoir
9,539,p1,2373,dragapult-dusknoir,1005,alakazam-dudunsparce
9,540,p1,0249,basic-box-m,1314,dragapult-ex
9,541,p1,2841,dhelmise-pbl,2626,festival-lead
9,542,p1,0810,dragapult-dusknoir,2352,alakazam-dudunsparce
9,543,p2,2856,sharpedo-toxtricity,0143,basic-box-m
9,544,p2,2303,rocket-mewtwo-ex,2014,dragapult-dusknoir
9,545,p1,2759,ogerpon-meganium-hydrapple,2688,basic-box-m
9,546,p1,0700,lopunny-dusknoir,1444,dragapult-ex
9,547,p1,0872,alakazam-dusknoir,0976,alakazam-dusknoir
9,548,p2,2108,dragapult-dusknoir,2509,dragapult-dusknoir
9,549,p1,1155,alakazam-dudunsparce,3103,dragapult-ex
9,550,p1,0780,n-zoroark,0293,grimmsnarl-froslass
9,551,p1,3078,rocket-mewtwo-ex,1268,basic-box-m
9,552,p1,0891,n-zoroark,2112,dragapult-ex
9,553,tie,2616,alakazam-dudunsparce,1392,mega-excadrill-ex
9,554,p1,1783,dragapult-blaziken,2046,dragapult-ex
9,555,p2,1908,n-zoroark,1567,dragapult-ex
9,556,p2,3066,alakazam-dusknoir,2819,mega-greninja-ex
9,557,p1,2651,slowking-scr,0508,n-zoroark
9,558,p1,1519,dragapult-blaziken,0632,slowking-scr
9,559,p1,0882,dragapult-ex,2069,rockets-honchkrow
9,560,p1,2136,festival-lead,0569,basic-box-m
9,561,p1,1493,mega-excadrill-ex,0537,cynthia-garchomp-ex
9,562,p2,1117,dragapult-ex,0123,dragapult-ex
9,563,p2,2865,dragapult-dusknoir,0376,dragapult-dusknoir
9,564,p1,1934,slowking-scr,1874,dragapult-ex
9,565,p2,2780,n-zoroark,1397,raging-bolt-ogerpon
9,566,p2,1740,slowking-scr,2150,dragapult-dusknoir
9,567,p1,1126,grimmsnarl-froslass,1534,marnie-grimmsnarl-ex
9,568,p2,0876,basic-box-m,0360,crustle-dri
9,569,p1,1320,basic-box-m,0698,dhelmise-pbl
9,570,p1,2665,slowking-scr,1090,basic-box-m
9,571,p1,0924,dragapult-ex,0407,basic-box-m
9,572,p2,0420,dragapult-dusknoir,1579,mega-starmie-ex
9,573,p2,2395,slowking-scr,2853,n-zoroark
9,574,p1,2772,dragapult-ex,1469,crustle-dri
9,575,p1,2328,dragapult-ex,2931,dragapult-ex
9,576,tie,2686,ogerpon-meganium,2896,dragapult-blaziken
9,577,p2,2354,dragapult-blaziken,0865,lucario-hariyama
9,578,p1,1152,crustle-dri,2573,n-zoroark
9,579,tie,0486,dragapult-ex,1509,cynthia-garchomp-ex
9,580,p1,0071,rockets-honchkrow,1596,crustle-dri
9,581,p2,2163,n-zoroark,2949,mega-excadrill-ex
9,582,tie,0402,crustle-dri,2622,lucario-hariyama
9,583,p1,0821,slowking-scr,0574,n-zoroark
9,584,tie,3073,mega-venusaur-ex,1032,mega-lucario-ex
9,585,p2,2216,basic-box-m,1667,rockets-honchkrow
9,586,p1,1960,dragapult-blaziken,1237,clefairy-ogerpon
9,587,p2,0913,lucario-hariyama,2978,n-zoroark
9,588,p1,3036,dragapult-ex,2724,n-zoroark
9,589,p1,3033,basic-box-m,1400,dragapult-dusknoir
9,590,tie,2111,crustle-dri,2315,dragapult-ex
9,591,tie,2666,slowking-scr,1691,dragapult-ex
9,592,p2,2799,n-zoroark,1834,dragapult-ex
9,593,p1,2084,alakazam-dudunsparce,0525,crustle-dri
9,594,p2,2094,sharpedo-toxtricity,0950,n-zoroark
9,595,tie,1291,crustle-dri,2845,n-zoroark
9,596,p1,1998,lopunny-dusknoir,1835,seaking-pre
9,597,p2,0945,dragapult-ex,3046,grimmsnarl-froslass
9,598,p2,2247,dragapult-ex,0851,mega-excadrill-ex
9,599,p1,0768,dragapult-ex,0299,clefairy-ogerpon
9,600,p2,1962,dragapult-ex,2943,dragapult-blaziken
9,601,p1,0189,ogerpon-meganium-hydrapple,2997,cynthia-garchomp-ex
9,602,p2,2944,dragapult-ex,1341,dragapult-ex
9,603,tie,0081,rockets-honchkrow,0366,sharpedo-toxtricity
9,604,p2,0804,alakazam-dudunsparce,2859,dragapult-ex
9,605,p2,2355,alakazam-dudunsparce,1946,dragapult-ex
9,606,p1,0489,dragapult-blaziken,2918,dragapult-blaziken
9,607,p2,0831,dragapult-ex,2621,slowking-scr
9,608,p2,2198,dragapult-ex,2262,crustle-dri
9,609,tie,0787,dragapult-ex,1578,slowking-scr
9,610,p1,0444,slowking-scr,0105,slowking-scr
9,611,p1,2024,basic-box-m,0743,dragapult-ex
9,612,p1,1536,alakazam-dudunsparce,2370,dragapult-ex
9,613,p1,0620,rockets-honchkrow,1046,alakazam-dusknoir
9,614,p1,2062,lopunny-dusknoir,0491,sharpedo-toxtricity
9,615,p1,2195,dragapult-dusknoir,2075,slowking-scr
9,616,tie,2357,basic-box-m,1457,dragapult-ex
9,617,p1,1734,dragapult-ex,0053,dragapult-ex
9,618,tie,0027,dragapult-ex,1330,dragapult-ex
9,619,p2,0481,lucario-hariyama,1325,dragapult-ex
9,620,p1,0411,basic-box-m,2269,crustle-dri
9,621,tie,1628,n-zoroark,1064,dragapult-blaziken
9,622,p2,1453,rockets-honchkrow,0466,dragapult-ex
9,623,p1,1223,dragapult-ex,1616,mega-excadrill-ex
9,624,p1,0868,dragapult-ex,1131,rocket-mewtwo-ex
9,625,p1,2877,ogerpon-meganium-hydrapple,1694,cynthia-garchomp-ex
9,626,p2,2457,mega-excadrill-ex,1332,lopunny-dusknoir
9,627,p1,0911,basic-box-m,2599,dragapult-ex
9,628,p2,1939,dragapult-dusknoir,1490,mega-lucario-ex
9,629,p2,0317,starmie-dusknoir,2004,slowking-scr
9,630,p2,1239,ogerpon-meganium-hydrapple,2683,ogerpon-meganium-hydrapple
9,631,p2,0758,n-zoroark,2603,dragapult-ex
9,632,p1,0737,mega-chandelure-ex,0782,dragapult-blaziken
9,633,p2,3065,dragapult-ex,0188,alakazam-dudunsparce
9,634,p2,1022,dragapult-dusknoir,2892,grimmsnarl-froslass
9,635,p1,0915,slowking-scr,1227,dragapult-ex
9,636,p2,0394,sharpedo-toxtricity,2335,festival-lead
9,637,p2,1315,grimmsnarl-froslass,2170,dragapult-blaziken
9,638,p1,2703,slowking-scr,2540,lucario-hariyama
9,639,p1,1813,ogerpon-meganium-hydrapple,2065,dragapult-dusknoir
9,640,p1,2596,mega-excadrill-ex,1610,slowking-scr
9,641,p2,0541,dragapult-dusknoir,1054,dragapult-ex
9,642,p1,1987,dragapult-ex,0675,dragapult-dusknoir
9,643,p2,1480,dhelmise-pbl,0653,dragapult-dusknoir
9,644,p2,0192,basic-box-m,1710,basic-box-m
9,645,p2,2385,crustle-dri,2415,dragapult-ex
9,646,tie,1869,dragapult-ex,2967,dragapult-ex
9,647,tie,1468,dragapult-ex,2434,dragapult-ex
9,648,p2,1924,basic-box-m,2489,alakazam-dudunsparce
9,649,p1,2886,slowking-scr,0298,n-zoroark
9,650,p1,3094,alakazam-dudunsparce,0706,dragapult-blaziken
9,651,p2,0240,seaking-pre,0201,dragapult-dusknoir
9,652,p2,0628,ogerpon-meganium-hydrapple,0648,clefairy-ogerpon
9,653,p1,1179,dragapult-dusknoir,1658,alakazam-dusknoir
9,654,p1,2384,basic-box-m,1322,slowking-scr
9,655,p2,0983,crustle-dri,0282,mega-excadrill-ex
9,656,p2,1199,alakazam-dudunsparce,1779,dhelmise-pbl
9,657,p1,2757,dragapult-ex,2988,dragapult-ex
9,658,p2,2872,n-zoroark,2546,n-zoroark
9,659,p2,3011,dragapult-ex,0806,lucario-hariyama
9,660,p2,0990,dragapult-dusknoir,2737,dhelmise-pbl
9,661,tie,0336,dragapult-dusknoir,2595,dragapult-blaziken
9,662,p1,0812,slowking-scr,0520,n-zoroark
9,663,p2,2234,dhelmise-pbl,0457,dragapult-ex
9,664,tie,1214,basic-box-m,2572,dragapult-blaziken
9,665,p1,0333,basic-box-m,3075,slowking-scr
9,666,p1,1192,basic-box-m,0449,n-zoroark
9,667,p2,2121,alakazam-dudunsparce,0107,dragapult-dusknoir
9,668,p2,0656,dragapult-blaziken,0437,mega-chandelure-ex
9,669,p2,0979,dragapult-blaziken,1184,dragapult-ex
9,670,p2,1872,tera-box,2771,alakazam-dudunsparce
9,671,p2,1604,slowking-scr,2314,dragapult-ex
9,672,p1,0228,basic-box-m,0824,starmie-dusknoir
9,673,p2,0187,basic-box-m,2003,slowking-scr
9,674,p1,1258,n-zoroark,1926,mega-absol-box
9,675,p1,0321,alakazam-dudunsparce,0596,dragapult-dusknoir
9,676,tie,0374,crustle-dri,0559,diancie-dusknoir
9,677,p2,2380,dragapult-dusknoir,2224,crustle-dri
9,678,tie,2225,dhelmise-pbl,0801,ogerpon-meganium-hydrapple
9,679,p2,1015,manectric-eelektrik,1849,ogerpon-meganium-hydrapple
9,680,p2,0132,dragapult-ex,0443,dragapult-ex
9,681,p2,1044,dragapult-dusknoir,2705,mega-lucario-ex
9,682,p1,1805,dragapult-ex,1218,dragapult-ex
9,683,p1,2522,dhelmise-pbl,0174,lucario-hariyama
9,684,p2,1246,dhelmise-pbl,1590,lopunny-dudunsparce
9,685,tie,1781,crustle-dri,1232,dhelmise-pbl
9,686,p1,1909,lillie-clefairy,0442,dragapult-ex
9,687,p2,1361,dragapult-dusknoir,0050,mega-excadrill-ex
9,688,p2,2577,dragapult-dusknoir,2274,lucario-hariyama
9,689,p1,2719,slowking-scr,1512,basic-box-m
9,690,p1,1824,alakazam-dudunsparce,2243,dragapult-ex
9,691,p2,2231,basic-box-m,1354,crustle-dri
9,692,p1,0258,dragapult-ex,1040,dragapult-ex
9,693,p1,2027,rockets-honchkrow,0277,basic-box-m
9,694,tie,0243,dragapult-ex,2648,mega-excadrill-ex
9,695,p2,1732,dragapult-ex,3108,mega-chandelure-ex
9,696,p1,1572,kangaskhan-bouffalant,2494,dragapult-ex
9,697,p1,2160,dragapult-ex,2498,dragapult-ex
9,698,tie,1614,dragapult-blaziken,2412,starmie-dusknoir
9,699,p1,1513,basic-box-m,2107,mega-excadrill-ex
9,700,p1,0527,dragapult-ex,2168,starmie-dusknoir
9,701,tie,2248,n-zoroark,2870,dragapult-dusknoir
9,702,tie,1970,dragapult-ex,2144,dragapult-blaziken
9,703,p2,0562,basic-box-m,2956,festival-lead
9,704,p1,0468,basic-box-m,0423,n-zoroark
9,705,p1,2238,dragapult-ex,1556,festival-lead
9,706,p2,3070,slowking-scr,2768,alakazam-dudunsparce
9,707,p2,3001,metagross-cri,1794,kangaskhan-bouffalant
9,708,p1,1211,n-zoroark,2470,dhelmise-pbl
9,709,tie,0043,cynthia-garchomp-ex,0111,dragapult-blaziken
9,710,p1,1641,basic-box-m,1638,dragapult-ex
9,711,p1,0275,dragapult-ex,0938,n-zoroark
9,712,p2,0808,dragapult-ex,1561,dragapult-ex
9,713,p2,3071,crustle-dri,2966,dragapult-dusknoir
9,714,tie,1571,alakazam-dudunsparce,0567,dragapult-ex
9,715,tie,1250,dragapult-ex,1706,dragapult-blaziken
9,716,p1,0217,dhelmise-pbl,2401,dragapult-ex
9,717,p2,0271,dragapult-ex,2604,slowking-scr
9,718,p2,1233,rocket-mewtwo-ex,1042,dragapult-ex
9,719,tie,1592,dragapult-ex,0982,mega-chandelure-ex
9,720,p2,1914,dragapult-ex,2120,dragapult-ex
9,721,p1,1581,dragapult-dusknoir,2792,basic-box-m
9,722,p1,2885,alakazam-dudunsparce,2809,basic-box-m
9,723,p1,1393,dragapult-ex,1413,n-zoroark
9,724,p2,0766,crustle-dri,2060,festival-lead
9,725,p2,2365,dhelmise-pbl,2429,dragapult-ex
9,726,tie,1773,crustle-dri,1350,n-zoroark
9,727,tie,2851,dragapult-ex,2629,n-zoroark
9,728,tie,0057,dragapult-ex,0181,dragapult-ex
9,729,p1,1811,n-zoroark,1558,slowking-scr
9,730,p1,2985,dragapult-ex,2838,n-zoroark
9,731,p1,0534,dragapult-dusknoir,1226,dragapult-dusknoir
9,732,tie,1352,mega-excadrill-ex,0098,dragapult-ex
9,733,p2,2587,rockets-honchkrow,3012,alakazam-dudunsparce
9,734,p1,0318,slowking-scr,2118,crustle-dri
9,735,tie,1801,cynthia-garchomp-ex,2186,dragapult-ex
9,736,tie,1671,dhelmise-pbl,0767,sharpedo-toxtricity
9,737,p2,1627,other,2919,basic-box-m
9,738,p2,2963,mega-excadrill-ex,2912,lopunny-dusknoir
9,739,p2,0151,dragapult-ex,0554,rocket-mewtwo-ex
9,740,p2,0732,dhelmise-pbl,2781,n-zoroark
9,741,p2,2199,dragapult-ex,1505,dragapult-blaziken
9,742,p2,2836,mega-excadrill-ex,2575,basic-box-m
9,743,p2,3111,dragapult-ex,1494,slowking-scr
9,744,p2,2454,n-zoroark,0118,dragapult-ex
9,745,p1,2427,dragapult-ex,2362,alakazam-dusknoir
9,746,p1,1456,slowking-scr,3092,rockets-honchkrow
9,747,p2,2358,n-zoroark,2484,n-zoroark
9,748,p2,1201,dragapult-blaziken,2182,alakazam-dudunsparce
9,749,p1,1720,festival-lead,0816,dragapult-ex
9,750,p2,1270,mega-excadrill-ex,0759,dragapult-dusknoir
9,751,p2,2064,dragapult-ex,0602,dragapult-ex
9,752,tie,1522,basic-box-m,0047,dragapult-dudunsparce
9,753,p1,2834,basic-box-m,1146,kangaskhan-bouffalant
9,754,p1,3080,mega-venusaur-ex,2346,slowking-scr
9,755,p2,2115,dragapult-blaziken,1139,festival-lead
9,756,tie,0417,dragapult-blaziken,1686,toxtricity-box
9,757,p2,0070,basic-box-m,1248,slowking-scr
9,758,p1,1863,dragapult-ex,2439,dragapult-dusknoir
9,759,tie,0502,dhelmise-pbl,0005,slowking-scr
9,760,p1,0957,sharpedo-toxtricity,0830,ogerpon-meganium-hydrapple
9,761,p1,0631,dragapult-ex,1334,ceruledge-ex
9,762,tie,2776,dragapult-ex,0338,n-zoroark
9,763,p2,2116,basic-box-m,1096,dragapult-ex
9,764,p1,1128,hops-trevenant,2890,festival-lead
9,765,p2,2082,dragapult-ex,2397,dragapult-ex
9,766,p2,2081,dragapult-ex,2585,rockets-honchkrow
9,767,p2,1689,basic-box-m,1438,slowking-scr
9,768,p1,1898,dhelmise-pbl,0289,crustle-dri
9,769,p1,2242,alakazam-dusknoir,1417,ogerpon-meganium-hydrapple
9,770,p2,2654,dragapult-dusknoir,1089,dhelmise-pbl
9,771,p2,1099,dragapult-dusknoir,1052,n-zoroark
9,772,p1,0092,raging-bolt-ogerpon,2618,mega-excadrill-ex
9,773,tie,0833,sharpedo-toxtricity,1741,alakazam-dusknoir
9,774,p2,2953,cynthia-garchomp-ex,1008,dragapult-blaziken
9,775,p2,2280,seaking-pre,0054,slowking-scr
9,776,p2,3005,greninja-ex,1520,dragapult-dusknoir
9,777,p2,0906,rocket-mewtwo-ex,2253,crustle-dri
9,778,p2,0435,dragapult-ex,1037,dragapult-blaziken
9,779,p1,1586,slowking-scr,1868,ethan-typhlosion
10,518,p2,2331,dragapult-ex,1952,slowking-scr
10,519,p2,1404,n-zoroark,1956,basic-box-m
10,520,p1,2718,basic-box-m,2722,slowking-scr
10,521,p2,2437,dragapult-blaziken,0679,dragapult-ex
10,522,p1,2910,raging-bolt-ogerpon,2181,mega-excadrill-ex
10,523,p1,2977,basic-box-m,2433,lucario-hariyama
10,524,p1,0695,dragapult-ex,1758,lucario-hariyama
10,525,p1,0791,ogerpon-meganium-hydrapple,1735,sharpedo-toxtricity
10,526,p1,2795,alakazam-dudunsparce,1224,lopunny-dusknoir
10,527,p1,0017,dragapult-ex,2878,dhelmise-pbl
10,528,tie,1746,crustle-dri,1999,festival-lead
10,529,p1,1339,dragapult-ex,0610,dragapult-ex
10,530,p2,1968,crustle-dri,2759,ogerpon-meganium-hydrapple
10,531,tie,1567,dragapult-ex,2109,rockets-honchkrow
10,532,p2,0872,alakazam-dusknoir,2373,dragapult-dusknoir
10,533,p1,0780,n-zoroark,2651,slowking-scr
10,534,p2,2105,basic-box-m,0518,crustle-dri
10,535,p2,1155,alakazam-dudunsparce,2014,dragapult-dusknoir
10,536,p2,1783,dragapult-blaziken,1588,dragapult-ex
10,537,p2,2509,dragapult-dusknoir,1175,basic-box-m
10,538,p1,0882,dragapult-ex,0891,n-zoroark
10,539,p1,0591,n-zoroark,1519,dragapult-blaziken
10,540,p1,0249,basic-box-m,2589,slowking-scr
10,541,p2,2526,dragapult-ex,1629,dragapult-ex
10,542,tie,2432,mega-excadrill-ex,0143,basic-box-m
10,543,p1,0700,lopunny-dusknoir,0810,dragapult-dusknoir
10,544,p1,3078,rocket-mewtwo-ex,1047,n-zoroark
10,545,p1,0162,dragapult-ex,2819,mega-greninja-ex
10,546,p1,1700,n-zoroark,2841,dhelmise-pbl
10,547,p2,2881,slowking-scr,0535,crustle-dri
10,548,p1,1320,basic-box-m,0981,clefairy-ogerpon
10,549,tie,0821,slowking-scr,2328,dragapult-ex
10,550,tie,2853,n-zoroark,0924,dragapult-ex
10,551,p2,1169,dragapult-ex,2150,dragapult-dusknoir
10,552,tie,1324,dragapult-ex,1397,raging-bolt-ogerpon
10,553,p2,0479,dragapult-dusknoir,1579,mega-starmie-ex
10,554,p1,0865,lucario-hariyama,2455,dragapult-ex
10,555,p1,0270,dragapult-dusknoir,2665,slowking-scr
10,556,p2,0376,dragapult-dusknoir,2949,mega-excadrill-ex
10,557,p2,1229,dragapult-blaziken,0676,alakazam-dudunsparce
10,558,p2,0165,basic-box-m,2772,dragapult-ex
10,559,p1,1934,slowking-scr,1126,grimmsnarl-froslass
10,560,p1,0360,crustle-dri,2450,dragapult-dusknoir
10,561,p2,2956,festival-lead,1493,mega-excadrill-ex
10,562,p2,0123,dragapult-ex,1813,ogerpon-meganium-hydrapple
10,563,p2,2136,festival-lead,1603,lopunny-dusknoir
10,564,p2,1152,crustle-dri,0071,rockets-honchkrow
10,565,p1,2877,ogerpon-meganium-hydrapple,2943,dragapult-blaziken
10,566,p1,0497,dragapult-ex,1667,rockets-honchkrow
10,567,p1,2024,basic-box-m,0578,crustle-dri
10,568,p1,1652,dragapult-blaziken,2616,alakazam-dudunsparce
10,569,p2,0136,dragapult-ex,0444,slowking-scr
10,570,tie,3036,dragapult-ex,0511,n-zoroark
10,571,p2,1260,slowking-scr,2621,slowking-scr
10,572,p1,2859,dragapult-ex,1325,dragapult-ex
10,573,tie,0868,dragapult-ex,2011,n-zoroark
10,574,tie,1998,lopunny-dusknoir,1223,dragapult-ex
10,575,p1,1748,dragapult-dusknoir,1536,alakazam-dudunsparce
10,576,p2,2195,dragapult-dusknoir,1341,dragapult-ex
10,577,p2,0411,basic-box-m,1834,dragapult-ex
10,578,p2,2978,n-zoroark,1562,crustle-dri
10,579,p2,3033,basic-box-m,0768,dragapult-ex
10,580,p2,0851,mega-excadrill-ex,2262,crustle-dri
10,581,tie,2161,mega-chandelure-ex,2639,dragapult-ex
10,582,p2,1418,mega-excadrill-ex,1960,dragapult-blaziken
10,583,p2,0189,ogerpon-meganium-hydrapple,0466,dragapult-ex
10,584,p1,1709,dragapult-dusknoir,0489,dragapult-blaziken
10,585,p2,1946,dragapult-ex,3046,grimmsnarl-froslass
10,586,p2,0620,rockets-honchkrow,0950,n-zoroark
10,587,tie,1392,mega-excadrill-ex,1734,dragapult-ex
10,588,p1,2062,lopunny-dusknoir,2084,alakazam-dudunsparce
10,589,p2,0293,grimmsnarl-froslass,1505,dragapult-blaziken
10,590,p1,0107,dragapult-dusknoir,0812,slowking-scr
10,591,p2,0759,dragapult-dusknoir,2575,basic-box-m
10,592,p2,1720,festival-lead,0201,dragapult-dusknoir
10,593,p1,0024,hops-trevenant,1268,basic-box-m
10,594,p1,0054,slowking-scr,1520,dragapult-dusknoir
10,595,p1,2912,lopunny-dusknoir,1008,dragapult-blaziken
10,596,p2,0915,slowking-scr,0468,basic-box-m
10,597,p2,2112,dragapult-ex,1128,hops-trevenant
10,598,p2,0282,mega-excadrill-ex,3066,alakazam-dusknoir
10,599,p2,2429,dragapult-ex,2919,basic-box-m
10,600,p1,2683,ogerpon-meganium-hydrapple,1032,mega-lucario-ex
10,601,p2,2415,dragapult-ex,0402,crustle-dri
10,602,tie,0632,slowking-scr,1561,dragapult-ex
10,603,p2,0957,sharpedo-toxtricity,2060,festival-lead
10,604,p2,2688,basic-box-m,2484,n-zoroark
10,605,p1,1052,n-zoroark,1456,slowking-scr
10,606,p1,3012,alakazam-dudunsparce,2705,mega-lucario-ex
10,607,p2,0631,dragapult-ex,1987,dragapult-ex
10,608,p2,1192,basic-box-m,1005,alakazam-dudunsparce
10,609,p1,0443,dragapult-ex,1332,lopunny-dusknoir
10,610,p2,0092,raging-bolt-ogerpon,1096,dragapult-ex
10,611,p2,2335,festival-lead,1444,dragapult-ex
10,612,p1,2131,dragapult-ex,1393,dragapult-ex
10,613,p1,0508,n-zoroark,2170,dragapult-blaziken
10,614,p2,0527,dragapult-ex,2626,festival-lead
10,615,tie,2603,dragapult-ex,1863,dragapult-ex
10,616,p2,1805,dragapult-ex,1513,basic-box-m
10,617,p1,1909,lillie-clefairy,1710,basic-box-m
10,618,p2,1438,slowking-scr,3080,mega-venusaur-ex
10,619,p1,1314,dragapult-ex,1509,cynthia-garchomp-ex
10,620,p2,1211,n-zoroark,1581,dragapult-dusknoir
10,621,p1,2737,dhelmise-pbl,0976,alakazam-dusknoir
10,622,p1,0275,dragapult-ex,3073,mega-venusaur-ex
10,623,tie,1258,n-zoroark,2885,alakazam-dudunsparce
10,624,tie,0258,dragapult-ex,2446,lopunny-dudunsparce
10,625,p1,1089,dhelmise-pbl,1900,dragapult-ex
10,626,p2,2046,dragapult-ex,0228,basic-box-m
10,627,p2,2238,dragapult-ex,2757,dragapult-ex
10,628,p2,2200,alakazam-dusknoir,2985,dragapult-ex
10,629,p1,1037,dragapult-blaziken,2303,rocket-mewtwo-ex
10,630,p2,2771,alakazam-dudunsparce,2182,alakazam-dudunsparce
10,631,p1,1139,festival-lead,2856,sharpedo-toxtricity
10,632,p2,2966,dragapult-dusknoir,2622,lucario-hariyama
10,633,p2,2781,n-zoroark,1794,kangaskhan-bouffalant
10,634,p1,0534,dragapult-dusknoir,2768,alakazam-dudunsparce
10,635,tie,2397,dragapult-ex,0737,mega-chandelure-ex
10,636,p2,1990,dragapult-ex,3094,alakazam-dudunsparce
10,637,tie,0013,dragapult-ex,3108,mega-chandelure-ex
10,638,p2,1586,slowking-scr,2546,n-zoroark
10,639,p2,2027,rockets-honchkrow,1898,dhelmise-pbl
10,640,p1,0806,lucario-hariyama,1054,dragapult-ex
10,641,p1,0118,dragapult-ex,1490,mega-lucario-ex
10,642,p1,1184,dragapult-ex,1846,n-zoroark
10,643,p2,1572,kangaskhan-bouffalant,0486,dragapult-ex
10,644,p2,2224,crustle-dri,2352,alakazam-dudunsparce
10,645,p1,2719,slowking-scr,0408,dragapult-ex
10,646,p1,0188,alakazam-dudunsparce,2384,basic-box-m
10,647,p1,0911,basic-box-m,0318,slowking-scr
10,648,p1,0554,rocket-mewtwo-ex,0333,basic-box-m
10,649,p2,2253,crustle-dri,2703,slowking-scr
10,650,p1,0217,dhelmise-pbl,2596,mega-excadrill-ex
10,651,p2,0653,dragapult-dusknoir,1908,n-zoroark
10,652,p2,2892,grimmsnarl-froslass,2242,alakazam-dusknoir
10,653,p2,1494,slowking-scr,1248,slowking-scr
10,654,tie,1263,lopunny-dudunsparce,0602,dragapult-ex
10,655,tie,3103,dragapult-ex,1354,crustle-dri
10,656,p2,0648,clefairy-ogerpon,2585,rockets-honchkrow
10,657,p2,2160,dragapult-ex,0577,mega-excadrill-ex
10,658,p2,0437,mega-chandelure-ex,2522,dhelmise-pbl
10,659,p1,1590,lopunny-dudunsparce,0457,dragapult-ex
10,660,p1,1179,dragapult-dusknoir,2314,dragapult-ex
10,661,p2,1779,dhelmise-pbl,0050,mega-excadrill-ex
10,662,p1,2834,basic-box-m,1042,dragapult-ex
10,663,p1,0321,alakazam-dudunsparce,2489,alakazam-dudunsparce
10,664,p1,2886,slowking-scr,2686,ogerpon-meganium
10,665,p1,1824,alakazam-dudunsparce,2120,dragapult-ex
10,666,p1,2427,dragapult-ex,2108,dragapult-dusknoir
10,667,p2,2274,lucario-hariyama,2004,slowking-scr
10,668,p2,1849,ogerpon-meganium-hydrapple,2896,dragapult-blaziken
10,669,p1,1811,n-zoroark,2396,n-zoroark
10,670,p2,2604,slowking-scr,1641,basic-box-m
10,671,p1,2003,slowking-scr,1090,basic-box-m
10,672,p1,0366,sharpedo-toxtricity,1064,dragapult-blaziken
10,673,tie,1596,crustle-dri,2931,dragapult-ex
10,674,p2,2666,slowking-scr,0420,dragapult-dusknoir
10,675,p1,2111,crustle-dri,1740,slowking-scr
10,676,p1,0407,basic-box-m,1874,dragapult-ex
10,677,p1,1578,slowking-scr,2216,basic-box-m
10,678,p1,1628,n-zoroark,1330,dragapult-ex
10,679,p2,2780,n-zoroark,0027,dragapult-ex
10,680,p1,2845,n-zoroark,1691,dragapult-ex
10,681,p1,2315,dragapult-ex,0787,dragapult-ex
10,682,p1,0876,basic-box-m,2395,slowking-scr
10,683,p1,0574,n-zoroark,0698,dhelmise-pbl
10,684,p1,1534,marnie-grimmsnarl-ex,2069,rockets-honchkrow
10,685,p1,2573,n-zoroark,2163,n-zoroark
10,686,p2,0569,basic-box-m,0081,rockets-honchkrow
10,687,tie,1457,dragapult-ex,2354,dragapult-blaziken
10,688,p1,1469,crustle-dri,1291,crustle-dri
10,689,p2,2357,basic-box-m,2865,dragapult-dusknoir
10,690,p2,1453,rockets-honchkrow,1214,basic-box-m
10,691,p1,0057,dragapult-ex,0336,dragapult-dusknoir
10,692,tie,0982,mega-chandelure-ex,2870,dragapult-dusknoir
10,693,p1,2144,dragapult-blaziken,1468,dragapult-ex
10,694,p2,1352,mega-excadrill-ex,0481,lucario-hariyama
10,695,p1,1614,dragapult-blaziken,2248,n-zoroark
10,696,p2,2412,starmie-dusknoir,2799,n-zoroark
10,697,p2,2629,n-zoroark,0043,cynthia-garchomp-ex
10,698,p2,0801,ogerpon-meganium-hydrapple,0005,slowking-scr
10,699,p1,2094,sharpedo-toxtricity,1741,alakazam-dusknoir
10,700,p2,1400,dragapult-dusknoir,2918,dragapult-blaziken
10,701,p2,2198,dragapult-ex,2247,dragapult-ex
10,702,p1,0502,dhelmise-pbl,2075,slowking-scr
10,703,p2,0833,sharpedo-toxtricity,1616,mega-excadrill-ex
10,704,p2,0338,n-zoroark,1592,dragapult-ex
10,705,p2,0743,dragapult-ex,0053,dragapult-ex
10,706,p2,1571,alakazam-dudunsparce,0243,dragapult-ex
10,707,p2,1232,dhelmise-pbl,2776,dragapult-ex
10,708,p1,2186,dragapult-ex,2595,dragapult-blaziken
10,709,p1,2370,dragapult-ex,0831,dragapult-ex
10,710,p1,2355,alakazam-dudunsparce,0559,diancie-dusknoir
10,711,p1,0525,crustle-dri,2997,cynthia-garchomp-ex
10,712,p1,1686,toxtricity-box,2572,dragapult-blaziken
10,713,p2,2851,dragapult-ex,0374,crustle-dri
10,714,p1,1962,dragapult-ex,2944,dragapult-ex
10,715,p1,1781,crustle-dri,1869,dragapult-ex
10,716,p1,2434,dragapult-ex,0945,dragapult-ex
10,717,p1,1522,basic-box-m,2724,n-zoroark
10,718,p1,0804,alakazam-dudunsparce,0105,slowking-scr
10,719,p2,1046,alakazam-dusknoir,2269,crustle-dri
10,720,p1,2225,dhelmise-pbl,2648,mega-excadrill-ex
10,721,p1,0417,dragapult-blaziken,0567,dragapult-ex
10,722,p1,0491,sharpedo-toxtricity,1706,dragapult-blaziken
10,723,p2,1801,cynthia-garchomp-ex,0299,clefairy-ogerpon
10,724,p2,1131,rocket-mewtwo-ex,0913,lucario-hariyama
10,725,tie,1250,dragapult-ex,0111,dragapult-blaziken
10,726,p1,0098,dragapult-ex,0181,dragapult-ex
10,727,tie,0767,sharpedo-toxtricity,1237,clefairy-ogerpon
10,728,p2,2967,dragapult-ex,1350,n-zoroark
10,729,p1,1773,crustle-dri,0047,dragapult-dudunsparce
10,730,p2,1835,seaking-pre,1671,dhelmise-pbl
10,731,p1,1970,dragapult-ex,0990,dragapult-dusknoir
10,732,p2,0758,n-zoroark,3001,metagross-cri
10,733,p2,0596,dragapult-dusknoir,2365,dhelmise-pbl
10,734,p2,2064,dragapult-ex,2963,mega-excadrill-ex
10,735,p1,0808,dragapult-ex,0541,dragapult-dusknoir
10,736,p2,0537,cynthia-garchomp-ex,1610,slowking-scr
10,737,p1,2362,alakazam-dusknoir,0656,dragapult-blaziken
10,738,p2,1040,dragapult-ex,1146,kangaskhan-bouffalant
10,739,p2,2838,n-zoroark,0906,rocket-mewtwo-ex
10,740,p2,0240,seaking-pre,0782,dragapult-blaziken
10,741,p2,3005,greninja-ex,1117,dragapult-ex
10,742,tie,2115,dragapult-blaziken,1226,dragapult-dusknoir
10,743,p2,2599,dragapult-ex,0435,dragapult-ex
10,744,p2,2346,slowking-scr,1199,alakazam-dudunsparce
10,745,p1,1233,rocket-mewtwo-ex,2065,dragapult-dusknoir
10,746,p2,1315,grimmsnarl-froslass,1322,slowking-scr
10,747,p1,1227,dragapult-ex,0824,starmie-dusknoir
10,748,p1,2470,dhelmise-pbl,1694,cynthia-garchomp-ex
10,749,p2,2872,n-zoroark,2540,lucario-hariyama
10,750,p1,1556,festival-lead,0562,basic-box-m
10,751,p2,2577,dragapult-dusknoir,0628,ogerpon-meganium-hydrapple
10,752,tie,0442,dragapult-ex,0289,crustle-dri
10,753,p2,1361,dragapult-dusknoir,2836,mega-excadrill-ex
10,754,p1,1658,alakazam-dusknoir,1270,mega-excadrill-ex
10,755,p1,1732,dragapult-ex,3111,dragapult-ex
10,756,p1,2439,dragapult-dusknoir,0706,dragapult-blaziken
10,757,p1,0174,lucario-hariyama,0830,ogerpon-meganium-hydrapple
10,758,p2,1480,dhelmise-pbl,1627,other
10,759,tie,2358,n-zoroark,2809,basic-box-m
10,760,p1,3011,dragapult-ex,1914,dragapult-ex
10,761,p2,3065,dragapult-ex,2380,dragapult-dusknoir
10,762,p1,2587,rockets-honchkrow,1689,basic-box-m
10,763,p2,0298,n-zoroark,2243,dragapult-ex
10,764,p1,1638,dragapult-ex,3092,rockets-honchkrow
10,765,p1,0192,basic-box-m,2121,alakazam-dudunsparce
10,766,p1,2107,mega-excadrill-ex,0816,dragapult-ex
10,767,p1,2457,mega-excadrill-ex,0277,basic-box-m
10,768,p1,1872,tera-box,1334,ceruledge-ex
10,769,p1,1558,slowking-scr,3071,crustle-dri
10,770,p2,1022,dragapult-dusknoir,2792,basic-box-m
10,771,p2,2116,basic-box-m,0520,n-zoroark
10,772,p1,1926,mega-absol-box,0979,dragapult-blaziken
10,773,tie,0132,dragapult-ex,1239,ogerpon-meganium-hydrapple
10,774,p2,3075,slowking-scr,1044,dragapult-dusknoir
10,775,p1,1201,dragapult-blaziken,1939,dragapult-dusknoir
10,776,p1,1413,n-zoroark,1604,slowking-scr
10,777,p2,0151,dragapult-ex,1246,dhelmise-pbl
10,778,p2,1417,ogerpon-meganium-hydrapple,2082,dragapult-ex
10,779,tie,0449,n-zoroark,1512,basic-box-m
10,780,p2,2654,dragapult-dusknoir,0271,dragapult-ex
10,781,p1,2988,dragapult-ex,2280,seaking-pre
10,782,p1,2401,dragapult-ex,0983,crustle-dri
10,783,p2,2168,starmie-dusknoir,0938,n-zoroark
10,784,tie,1015,manectric-eelektrik,2494,dragapult-ex
10,785,p2,0394,sharpedo-toxtricity,2199,dragapult-ex
10,786,p2,2498,dragapult-ex,2618,mega-excadrill-ex
10,787,p1,2118,crustle-dri,2081,dragapult-ex
10,788,p2,0766,crustle-dri,2953,cynthia-garchomp-ex
10,789,p1,3070,slowking-scr,2231,basic-box-m
10,790,p2,2454,n-zoroark,0187,basic-box-m
10,791,p2,2234,dhelmise-pbl,1218,dragapult-ex
10,792,p1,0423,n-zoroark,0070,basic-box-m
10,793,p2,2890,festival-lead,0317,starmie-dusknoir
10,794,p2,0675,dragapult-dusknoir,0732,dhelmise-pbl
10,795,p2,1099,dragapult-dusknoir,1924,basic-box-m
11,518,p2,1952,slowking-scr,1956,basic-box-m
11,519,p2,2718,basic-box-m,0679,dragapult-ex
11,520,p2,2910,raging-bolt-ogerpon,2977,basic-box-m
11,521,p2,0791,ogerpon-meganium-hydrapple,2331,dragapult-ex
11,522,p1,0695,dragapult-ex,0017,dragapult-ex
11,523,p1,2795,alakazam-dudunsparce,1339,dragapult-ex
11,524,p2,1404,n-zoroark,1629,dragapult-ex
11,525,p1,3078,rocket-mewtwo-ex,0780,n-zoroark
11,526,p2,0591,n-zoroark,1588,dragapult-ex
11,527,p2,0162,dragapult-ex,0249,basic-box-m
11,528,p2,2759,ogerpon-meganium-hydrapple,2373,dragapult-dusknoir
11,529,p1,2014,dragapult-dusknoir,0518,crustle-dri
11,530,p1,0882,dragapult-ex,1175,basic-box-m
11,531,p1,1700,n-zoroark,0700,lopunny-dusknoir
11,532,p2,1999,festival-lead,1579,mega-starmie-ex
11,533,p1,0071,rockets-honchkrow,1320,basic-box-m
11,534,p2,2437,dragapult-blaziken,2433,lucario-hariyama
11,535,p2,0676,alakazam-dudunsparce,0865,lucario-hariyama
11,536,tie,0270,dragapult-dusknoir,2150,dragapult-dusknoir
11,537,p2,2722,slowking-scr,1758,lucario-hariyama
11,538,p1,1603,lopunny-dusknoir,2181,mega-excadrill-ex
11,539,tie,0535,crustle-dri,2949,mega-excadrill-ex
11,540,p2,2772,dragapult-ex,1746,crustle-dri
11,541,p1,1934,slowking-scr,0360,crustle-dri
11,542,p2,1341,dragapult-ex,3046,grimmsnarl-froslass
11,543,p1,2062,lopunny-dusknoir,0768,dragapult-ex
11,544,tie,0610,dragapult-ex,0466,dragapult-ex
11,545,p2,2262,crustle-dri,0444,slowking-scr
11,546,p1,1834,dragapult-ex,2109,rockets-honchkrow
11,547,p1,2621,slowking-scr,1748,dragapult-dusknoir
11,548,p1,0143,basic-box-m,1735,sharpedo-toxtricity
11,549,tie,1960,dragapult-blaziken,2877,ogerpon-meganium-hydrapple
11,550,p2,2432,mega-excadrill-ex,2878,dhelmise-pbl
11,551,tie,1224,lopunny-dusknoir,2859,dragapult-ex
11,552,p2,0497,dragapult-ex,2024,basic-box-m
11,553,p1,1562,crustle-dri,1567,dragapult-ex
11,554,p2,1652,dragapult-blaziken,0950,n-zoroark
11,555,p2,1709,dragapult-dusknoir,2484,n-zoroark
11,556,p1,2589,slowking-scr,2834,basic-box-m
11,557,p2,1155,alakazam-dudunsparce,1324,dragapult-ex
11,558,p2,2004,slowking-scr,0188,alakazam-dudunsparce
11,559,p2,1519,dragapult-blaziken,1052,n-zoroark
11,560,p2,0486,dragapult-ex,0810,dragapult-dusknoir
11,561,p2,1493,mega-excadrill-ex,3066,alakazam-dusknoir
11,562,p2,1332,lopunny-dusknoir,0123,dragapult-ex
11,563,p1,1397,raging-bolt-ogerpon,2622,lucario-hariyama
11,564,p1,2131,dragapult-ex,2546,n-zoroark
11,565,p1,2526,dragapult-ex,2651,slowking-scr
11,566,p1,2719,slowking-scr,0024,hops-trevenant
11,567,p2,1005,alakazam-dudunsparce,1898,dhelmise-pbl
11,568,p1,1811,n-zoroark,2886,slowking-scr
11,569,p2,0806,lucario-hariyama,0201,dragapult-dusknoir
11,570,p2,2626,festival-lead,1783,dragapult-blaziken
11,571,p2,1089,dhelmise-pbl,2182,alakazam-dudunsparce
11,572,p1,0891,n-zoroark,0534,dragapult-dusknoir
11,573,p1,0402,crustle-dri,1824,alakazam-dudunsparce
11,574,p2,1581,dragapult-dusknoir,2919,basic-box-m
11,575,p2,2509,dragapult-dusknoir,2328,dragapult-ex
11,576,p1,2819,mega-greninja-ex,1179,dragapult-dusknoir
11,577,p2,1794,kangaskhan-bouffalant,2985,dragapult-ex
11,578,p1,0577,mega-excadrill-ex,1139,festival-lead
11,579,p1,2585,rockets-honchkrow,1248,slowking-scr
11,580,p2,2737,dhelmise-pbl,2575,basic-box-m
11,581,p1,0872,alakazam-dusknoir,0821,slowking-scr
11,582,p2,0050,mega-excadrill-ex,2352,alakazam-dudunsparce
11,583,p2,2912,lopunny-dusknoir,2703,slowking-scr
11,584,p2,0554,rocket-mewtwo-ex,1505,dragapult-blaziken
11,585,p1,1047,n-zoroark,1909,lillie-clefairy
11,586,p1,0054,slowking-scr,2841,dhelmise-pbl
11,587,p2,1908,n-zoroark,2105,basic-box-m
11,588,p1,1037,dragapult-blaziken,0228,basic-box-m
11,589,p2,2522,dhelmise-pbl,0508,n-zoroark
11,590,p2,3012,alakazam-dudunsparce,2853,n-zoroark
11,591,p1,2896,dragapult-blaziken,1590,lopunny-dudunsparce
11,592,p1,2683,ogerpon-meganium-hydrapple,2060,festival-lead
11,593,tie,2003,slowking-scr,1314,dragapult-ex
11,594,p1,1987,dragapult-ex,1096,dragapult-ex
11,595,p2,1813,ogerpon-meganium-hydrapple,1968,crustle-dri
11,596,p2,0911,basic-box-m,1444,dragapult-ex
11,597,p2,0321,alakazam-dudunsparce,0107,dragapult-dusknoir
11,598,p1,1641,basic-box-m,0443,dragapult-ex
11,599,p1,1513,basic-box-m,1128,hops-trevenant
11,600,p1,0468,basic-box-m,3094,alakazam-dudunsparce
11,601,p1,2242,alakazam-dusknoir,2757,dragapult-ex
11,602,p2,2427,dragapult-ex,0924,dragapult-ex
11,603,p1,0275,dragapult-ex,0118,dragapult-ex
11,604,p1,3080,mega-venusaur-ex,0217,dhelmise-pbl
11,605,p2,2881,slowking-scr,1184,dragapult-ex
11,606,p1,2573,n-zoroark,1998,lopunny-dusknoir
11,607,p1,0574,n-zoroark,2845,n-zoroark
11,608,p2,1534,marnie-grimmsnarl-ex,2455,dragapult-ex
11,609,p2,0868,dragapult-ex,2111,crustle-dri
11,610,p1,2011,n-zoroark,1229,dragapult-blaziken
11,611,p1,1223,dragapult-ex,2136,festival-lead
11,612,tie,2161,mega-chandelure-ex,3036,dragapult-ex
11,613,p2,0479,dragapult-dusknoir,0981,clefairy-ogerpon
11,614,tie,1628,n-zoroark,0420,dragapult-dusknoir
11,615,tie,1469,crustle-dri,2450,dragapult-dusknoir
11,616,p1,2665,slowking-scr,0511,n-zoroark
11,617,p2,2865,dragapult-dusknoir,1392,mega-excadrill-ex
11,618,p1,0376,dragapult-dusknoir,2315,dragapult-ex
11,619,p1,0081,rockets-honchkrow,0407,basic-box-m
11,620,p1,1126,grimmsnarl-froslass,2639,dragapult-ex
11,621,p1,1734,dragapult-ex,0876,basic-box-m
11,622,p1,1152,crustle-dri,0027,dragapult-ex
11,623,p1,0165,basic-box-m,1169,dragapult-ex
11,624,p2,0366,sharpedo-toxtricity,1578,slowking-scr
11,625,p1,0525,crustle-dri,1773,crustle-dri
11,626,p1,1418,mega-excadrill-ex,1592,dragapult-ex
11,627,p1,0411,basic-box-m,1263,lopunny-dudunsparce
11,628,tie,1354,crustle-dri,1614,dragapult-blaziken
11,629,tie,1946,dragapult-ex,3103,dragapult-ex
11,630,p2,1667,rockets-honchkrow,1863,dragapult-ex
11,631,p1,1686,toxtricity-box,1536,alakazam-dudunsparce
11,632,p2,2355,alakazam-dudunsparce,2225,dhelmise-pbl
11,633,p1,0502,dhelmise-pbl,0258,dragapult-ex
11,634,p1,0374,crustle-dri,1258,n-zoroark
11,635,p2,1671,dhelmise-pbl,1781,crustle-dri
11,636,tie,2084,alakazam-dudunsparce,3033,basic-box-m
11,637,p1,0620,rockets-honchkrow,2885,alakazam-dudunsparce
11,638,p2,3108,mega-chandelure-ex,1350,n-zoroark
11,639,p2,2144,dragapult-blaziken,0043,cynthia-garchomp-ex
11,640,p2,0851,mega-excadrill-ex,2195,dragapult-dusknoir
11,641,tie,0913,lucario-hariyama,0098,dragapult-ex
11,642,p2,2269,crustle-dri,1214,basic-box-m
11,643,p1,1962,dragapult-ex,2186,dragapult-ex
11,644,p1,2978,n-zoroark,0804,alakazam-dudunsparce
11,645,p2,1970,dragapult-ex,0602,dragapult-ex
11,646,tie,0136,dragapult-ex,1616,mega-excadrill-ex
11,647,p2,0481,lucario-hariyama,0491,sharpedo-toxtricity
11,648,p1,2799,n-zoroark,2094,sharpedo-toxtricity
11,649,p1,2918,dragapult-blaziken,0189,ogerpon-meganium-hydrapple
11,650,tie,0632,slowking-scr,2247,dragapult-ex
11,651,p2,2397,dragapult-ex,0053,dragapult-ex
11,652,p1,0243,dragapult-ex,2943,dragapult-blaziken
11,653,p2,2776,dragapult-ex,0417,dragapult-blaziken
11,654,p1,2434,dragapult-ex,2446,lopunny-dudunsparce
11,655,p2,0737,mega-chandelure-ex,0005,slowking-scr
11,656,p1,1325,dragapult-ex,1260,slowking-scr
11,657,p1,1561,dragapult-ex,2616,alakazam-dudunsparce
11,658,p2,2370,dragapult-ex,0578,crustle-dri
11,659,p1,0489,dragapult-blaziken,0057,dragapult-ex
11,660,p2,2603,dragapult-ex,0299,clefairy-ogerpon
11,661,p1,1522,basic-box-m,0013,dragapult-ex
11,662,p1,1322,slowking-scr,2540,lucario-hariyama
11,663,p1,1008,dragapult-blaziken,1558,slowking-scr
11,664,p1,3011,dragapult-ex,2120,dragapult-ex
11,665,p2,0759,dragapult-dusknoir,2396,n-zoroark
11,666,p2,1638,dragapult-ex,1779,dhelmise-pbl
11,667,p1,2200,alakazam-dusknoir,1494,slowking-scr
11,668,p2,2836,mega-excadrill-ex,2439,dragapult-dusknoir
11,669,p2,1218,dragapult-ex,2892,grimmsnarl-froslass
11,670,p2,2429,dragapult-ex,2314,dragapult-ex
11,671,p1,2792,basic-box-m,2108,dragapult-dusknoir
11,672,p1,0938,n-zoroark,2705,mega-lucario-ex
11,673,p2,0435,dragapult-ex,0457,dragapult-ex
11,674,p2,2362,alakazam-dusknoir,3001,metagross-cri
11,675,p1,1246,dhelmise-pbl,2604,slowking-scr
11,676,p2,2082,dragapult-ex,2335,festival-lead
11,677,p2,1732,dragapult-ex,0915,slowking-scr
11,678,p1,1872,tera-box,0333,basic-box-m
11,679,p2,1227,dragapult-ex,0423,n-zoroark
11,680,p2,1042,dragapult-ex,2966,dragapult-dusknoir
11,681,tie,1054,dragapult-ex,1438,slowking-scr
11,682,p1,2686,ogerpon-meganium,2931,dragapult-ex
11,683,p2,2274,lucario-hariyama,2365,dhelmise-pbl
11,684,p1,2596,mega-excadrill-ex,2112,dragapult-ex
11,685,p2,1990,dragapult-ex,2253,crustle-dri
11,686,p1,2384,basic-box-m,1117,dragapult-ex
11,687,p2,2027,rockets-honchkrow,2587,rockets-honchkrow
11,688,p2,2160,dragapult-ex,0282,mega-excadrill-ex
11,689,p1,1900,dragapult-ex,2618,mega-excadrill-ex
11,690,p1,0271,dragapult-ex,1032,mega-lucario-ex
11,691,p1,0648,clefairy-ogerpon,1044,dragapult-dusknoir
11,692,tie,0628,ogerpon-meganium-hydrapple,0293,grimmsnarl-froslass
11,693,p2,0976,alakazam-dusknoir,2856,sharpedo-toxtricity
11,694,p1,0782,dragapult-blaziken,2489,alakazam-dudunsparce
11,695,p1,1627,other,2303,rocket-mewtwo-ex
11,696,p2,0631,dragapult-ex,0437,mega-chandelure-ex
11,697,p2,1572,kangaskhan-bouffalant,2107,mega-excadrill-ex
11,698,p1,1456,slowking-scr,0520,n-zoroark
11,699,p2,0906,rocket-mewtwo-ex,0192,basic-box-m
11,700,tie,1586,slowking-scr,2046,dragapult-ex
11,701,tie,0174,lucario-hariyama,1490,mega-lucario-ex
11,702,p2,1199,alakazam-dudunsparce,2470,dhelmise-pbl
11,703,p2,1596,crustle-dri,2768,alakazam-dudunsparce
11,704,p2,0732,dhelmise-pbl,1146,kangaskhan-bouffalant
11,705,tie,1710,basic-box-m,1926,mega-absol-box
11,706,p1,2243,dragapult-ex,0653,dragapult-dusknoir
11,707,tie,2988,dragapult-ex,2224,crustle-dri
11,708,p2,1211,n-zoroark,1556,festival-lead
11,709,p2,0317,starmie-dusknoir,1610,slowking-scr
11,710,p1,3070,slowking-scr,2956,festival-lead
11,711,p2,1658,alakazam-dusknoir,1520,dragapult-dusknoir
11,712,p1,2354,dragapult-blaziken,1805,dragapult-ex
11,713,p2,2963,mega-excadrill-ex,2457,mega-excadrill-ex
11,714,p1,2380,dragapult-dusknoir,2170,dragapult-blaziken
11,715,p2,2118,crustle-dri,1201,dragapult-blaziken
11,716,p1,0318,slowking-scr,2781,n-zoroark
11,717,p2,2238,dragapult-ex,1393,dragapult-ex
11,718,p1,1233,rocket-mewtwo-ex,1413,n-zoroark
11,719,p2,1509,cynthia-garchomp-ex,3073,mega-venusaur-ex
11,720,p1,2401,dragapult-ex,2199,dragapult-ex
11,721,tie,2688,basic-box-m,2771,alakazam-dudunsparce
11,722,p2,0957,sharpedo-toxtricity,1720,festival-lead
11,723,p2,0527,dragapult-ex,1846,n-zoroark
11,724,p1,1268,basic-box-m,2953,cynthia-garchomp-ex
11,725,p2,0408,dragapult-ex,0187,basic-box-m
11,726,p2,0808,dragapult-ex,0812,slowking-scr
11,727,p2,1192,basic-box-m,1457,dragapult-ex
11,728,p2,1924,basic-box-m,0092,raging-bolt-ogerpon
11,729,p1,2666,slowking-scr,1874,dragapult-ex
11,730,p1,0569,basic-box-m,2395,slowking-scr
11,731,p2,0787,dragapult-ex,2069,rockets-honchkrow
11,732,p1,1691,dragapult-ex,0111,dragapult-blaziken
11,733,p2,0767,sharpedo-toxtricity,2357,basic-box-m
11,734,p2,1237,clefairy-ogerpon,0698,dhelmise-pbl
11,735,p2,1064,dragapult-blaziken,1740,slowking-scr
11,736,p2,1291,crustle-dri,1090,basic-box-m
11,737,p2,2216,basic-box-m,2780,n-zoroark
11,738,p1,1250,dragapult-ex,1330,dragapult-ex
11,739,p1,2870,dragapult-dusknoir,2163,n-zoroark
11,740,p2,0982,mega-chandelure-ex,1801,cynthia-garchomp-ex
11,741,p1,0743,dragapult-ex,2115,dragapult-blaziken
11,742,p1,0442,dragapult-ex,2494,dragapult-ex
11,743,p1,2648,mega-excadrill-ex,1232,dhelmise-pbl
11,744,p1,2198,dragapult-ex,0181,dragapult-ex
11,745,p1,1131,rocket-mewtwo-ex,2595,dragapult-blaziken
11,746,p1,1468,dragapult-ex,1015,manectric-eelektrik
11,747,p2,2572,dragapult-blaziken,2997,cynthia-garchomp-ex
11,748,p1,2248,n-zoroark,1226,dragapult-dusknoir
11,749,p1,0559,diancie-dusknoir,0105,slowking-scr
11,750,p2,1239,ogerpon-meganium-hydrapple,1706,dragapult-blaziken
11,751,p2,2358,n-zoroark,2944,dragapult-ex
11,752,p1,2412,starmie-dusknoir,0047,dragapult-dudunsparce
11,753,tie,0132,dragapult-ex,1352,mega-excadrill-ex
11,754,p1,2809,basic-box-m,1400,dragapult-dusknoir
11,755,p2,0567,dragapult-ex,1512,basic-box-m
11,756,tie,0338,n-zoroark,1453,rockets-honchkrow
11,757,p2,2724,n-zoroark,0831,dragapult-ex
11,758,p2,2967,dragapult-ex,2629,n-zoroark
11,759,p2,1869,dragapult-ex,0449,n-zoroark
11,760,p2,1835,seaking-pre,1741,alakazam-dusknoir
11,761,p2,1046,alakazam-dusknoir,0289,crustle-dri
11,762,tie,2075,slowking-scr,0336,dragapult-dusknoir
11,763,p2,1571,alakazam-dudunsparce,0945,dragapult-ex
11,764,p2,0833,sharpedo-toxtricity,2851,dragapult-ex
11,765,p2,0990,dragapult-dusknoir,0394,sharpedo-toxtricity
11,766,tie,2064,dragapult-ex,0830,ogerpon-meganium-hydrapple
11,767,p1,1270,mega-excadrill-ex,2234,dhelmise-pbl
11,768,p2,2599,dragapult-ex,0816,dragapult-ex
11,769,p1,0151,dragapult-ex,0656,dragapult-blaziken
11,770,p1,2577,dragapult-dusknoir,1914,dragapult-ex
11,771,p2,2121,alakazam-dudunsparce,3092,rockets-honchkrow
11,772,p1,2890,festival-lead,0277,basic-box-m
11,773,p1,0070,basic-box-m,2280,seaking-pre
11,774,p2,3075,slowking-scr,2838,n-zoroark
11,775,p1,0979,dragapult-blaziken,1689,basic-box-m
11,776,p2,0537,cynthia-garchomp-ex,2872,n-zoroark
11,777,tie,1604,slowking-scr,1022,dragapult-dusknoir
11,778,p1,2231,basic-box-m,3005,greninja-ex
11,779,p1,0596,dragapult-dusknoir,1361,dragapult-dusknoir
11,780,p1,0758,n-zoroark,1334,ceruledge-ex
11,781,p1,3065,dragapult-ex,2065,dragapult-dusknoir
11,782,p1,1480,dhelmise-pbl,2168,starmie-dusknoir
11,783,p2,1315,grimmsnarl-froslass,0298,n-zoroark
11,784,p2,0824,starmie-dusknoir,0240,seaking-pre
11,785,p2,1939,dragapult-dusknoir,2346,slowking-scr
11,786,tie,2116,basic-box-m,0706,dragapult-blaziken
11,787,tie,0983,crustle-dri,1099,dragapult-dusknoir
11,788,p1,1417,ogerpon-meganium-hydrapple,1694,cynthia-garchomp-ex
11,789,p2,0562,basic-box-m,2081,dragapult-ex
11,790,tie,3111,dragapult-ex,2498,dragapult-ex
11,791,p2,0675,dragapult-dusknoir,2454,n-zoroark
11,,bye,1040,dragapult-ex,,
12,518,p2,1956,basic-box-m,2977,basic-box-m
12,519,p1,0695,dragapult-ex,1952,slowking-scr
12,520,p2,2331,dragapult-ex,2795,alakazam-dudunsparce
12,521,p2,0679,dragapult-ex,2373,dragapult-dusknoir
12,522,p2,3078,rocket-mewtwo-ex,0249,basic-box-m
12,523,p1,1629,dragapult-ex,1700,n-zoroark
12,524,p1,1588,dragapult-ex,2718,basic-box-m
12,525,p1,0882,dragapult-ex,2014,dragapult-dusknoir
12,526,p2,1603,lopunny-dusknoir,0791,ogerpon-meganium-hydrapple
12,527,p1,1934,slowking-scr,1579,mega-starmie-ex
12,528,p1,0071,rockets-honchkrow,1746,crustle-dri
12,529,p1,0865,lucario-hariyama,2433,lucario-hariyama
12,530,p1,1758,lucario-hariyama,2910,raging-bolt-ogerpon
12,531,p2,2062,lopunny-dusknoir,0444,slowking-scr
12,532,p1,1834,dragapult-ex,3046,grimmsnarl-froslass
12,533,p1,0143,basic-box-m,2621,slowking-scr
12,534,p1,2024,basic-box-m,1339,dragapult-ex
12,535,tie,2878,dhelmise-pbl,1562,crustle-dri
12,536,p1,0950,n-zoroark,0017,dragapult-ex
12,537,p2,0508,n-zoroark,2683,ogerpon-meganium-hydrapple
12,538,p1,2896,dragapult-blaziken,1184,dragapult-ex
12,539,tie,1324,dragapult-ex,0468,basic-box-m
12,540,p2,1397,raging-bolt-ogerpon,1641,basic-box-m
12,541,p2,2526,dragapult-ex,0275,dragapult-ex
12,542,p2,0054,slowking-scr,0188,alakazam-dudunsparce
12,543,p2,1811,n-zoroark,1898,dhelmise-pbl
12,544,p2,3080,mega-venusaur-ex,0107,dragapult-dusknoir
12,545,p1,1987,dragapult-ex,1037,dragapult-blaziken
12,546,p1,2150,dragapult-dusknoir,0891,n-zoroark
12,547,p2,2589,slowking-scr,2853,n-zoroark
12,548,p2,2242,alakazam-dusknoir,1047,n-zoroark
12,549,p2,0402,crustle-dri,0270,dragapult-dusknoir
12,550,tie,0162,dragapult-ex,0924,dragapult-ex
12,551,p1,1444,dragapult-ex,1968,crustle-dri
12,552,p2,2949,mega-excadrill-ex,2759,ogerpon-meganium-hydrapple
12,553,p2,2703,slowking-scr,0780,n-zoroark
12,554,p1,1783,dragapult-blaziken,2575,basic-box-m
12,555,p2,1175,basic-box-m,2819,mega-greninja-ex
12,556,p2,0201,dragapult-dusknoir,2484,n-zoroark
12,557,p2,0810,dragapult-dusknoir,2985,dragapult-ex
12,558,p1,0700,lopunny-dusknoir,2719,slowking-scr
12,559,p1,1404,n-zoroark,2328,dragapult-ex
12,560,p1,2585,rockets-honchkrow,1505,dragapult-blaziken
12,561,p1,1493,mega-excadrill-ex,2314,dragapult-ex
12,562,p1,2651,slowking-scr,0123,dragapult-ex
12,563,p2,2919,basic-box-m,2105,basic-box-m
12,564,p1,0518,crustle-dri,2182,alakazam-dudunsparce
12,565,tie,2352,alakazam-dudunsparce,1052,n-zoroark
12,566,p2,0591,n-zoroark,0872,alakazam-dusknoir
12,567,p2,0535,crustle-dri,2131,dragapult-ex
12,568,p2,0577,mega-excadrill-ex,1513,basic-box-m
12,569,tie,3066,alakazam-dusknoir,0610,dragapult-ex
12,570,p2,1126,grimmsnarl-froslass,2772,dragapult-ex
12,571,p2,2111,crustle-dri,2181,mega-excadrill-ex
12,572,p1,1320,basic-box-m,1224,lopunny-dusknoir
12,573,p2,1734,dragapult-ex,1152,crustle-dri
12,574,p2,2665,slowking-scr,2573,n-zoroark
12,575,p2,2722,slowking-scr,0081,rockets-honchkrow
12,576,p2,0165,basic-box-m,1999,festival-lead
12,577,p2,2455,dragapult-ex,1578,slowking-scr
12,578,p2,0376,dragapult-dusknoir,0466,dragapult-ex
12,579,p1,2011,n-zoroark,1223,dragapult-ex
12,580,p1,0574,n-zoroark,2437,dragapult-blaziken
12,581,p1,0981,clefairy-ogerpon,2859,dragapult-ex
12,582,p2,0676,alakazam-dudunsparce,0360,crustle-dri
12,583,p2,1960,dragapult-blaziken,1392,mega-excadrill-ex
12,584,p2,2877,ogerpon-meganium-hydrapple,0578,crustle-dri
12,585,p1,0374,crustle-dri,0053,dragapult-ex
12,586,tie,1709,dragapult-dusknoir,1735,sharpedo-toxtricity
12,587,p1,2003,slowking-scr,0489,dragapult-blaziken
12,588,p2,0043,cynthia-garchomp-ex,0005,slowking-scr
12,589,p1,2978,n-zoroark,2195,dragapult-dusknoir
12,590,tie,1781,crustle-dri,1314,dragapult-ex
12,591,p2,0502,dhelmise-pbl,1962,dragapult-ex
12,592,p2,1863,dragapult-ex,2432,mega-excadrill-ex
12,593,p2,1214,basic-box-m,1522,basic-box-m
12,594,p2,0417,dragapult-blaziken,2434,dragapult-ex
12,595,p1,0243,dragapult-ex,1561,dragapult-ex
12,596,tie,2918,dragapult-blaziken,0497,dragapult-ex
12,597,p1,1652,dragapult-blaziken,0768,dragapult-ex
12,598,p1,0602,dragapult-ex,1418,mega-excadrill-ex
12,599,p2,2262,crustle-dri,2109,rockets-honchkrow
12,600,p1,1325,dragapult-ex,2799,n-zoroark
12,601,p1,0411,basic-box-m,0491,sharpedo-toxtricity
12,602,p1,2225,dhelmise-pbl,1341,dragapult-ex
12,603,p1,0299,clefairy-ogerpon,1567,dragapult-ex
12,604,p1,1350,n-zoroark,1686,toxtricity-box
12,605,p2,1748,dragapult-dusknoir,0525,crustle-dri
12,606,p2,0620,rockets-honchkrow,1824,alakazam-dudunsparce
12,607,p2,2522,dhelmise-pbl,1720,festival-lead
12,608,p1,2243,dragapult-ex,2396,n-zoroark
12,609,p2,1139,festival-lead,0486,dragapult-ex
12,610,p1,2892,grimmsnarl-froslass,0554,rocket-mewtwo-ex
12,611,p2,0457,dragapult-ex,0915,slowking-scr
12,612,p1,0437,mega-chandelure-ex,2509,dragapult-dusknoir
12,613,p2,0092,raging-bolt-ogerpon,1008,dragapult-blaziken
12,614,p2,2622,lucario-hariyama,1179,dragapult-dusknoir
12,615,p2,3012,alakazam-dudunsparce,0938,n-zoroark
12,616,p2,2966,dragapult-dusknoir,1909,lillie-clefairy
12,617,p1,2384,basic-box-m,1872,tera-box
12,618,p1,2757,dragapult-ex,1813,ogerpon-meganium-hydrapple
12,619,p1,0228,basic-box-m,1590,lopunny-dudunsparce
12,620,p1,0812,slowking-scr,1268,basic-box-m
12,621,p2,0443,dragapult-ex,0282,mega-excadrill-ex
12,622,p2,2856,sharpedo-toxtricity,3001,metagross-cri
12,623,p2,2768,alakazam-dudunsparce,0192,basic-box-m
12,624,p2,2380,dragapult-dusknoir,2841,dhelmise-pbl
12,625,p1,1322,slowking-scr,1089,dhelmise-pbl
12,626,p1,3094,alakazam-dudunsparce,0318,slowking-scr
12,627,p2,1469,crustle-dri,2686,ogerpon-meganium
12,628,p1,3070,slowking-scr,2912,lopunny-dusknoir
12,629,tie,1457,dragapult-ex,0321,alakazam-dudunsparce
12,630,p1,1794,kangaskhan-bouffalant,3073,mega-venusaur-ex
12,631,p1,2834,basic-box-m,1201,dragapult-blaziken
12,632,p2,1456,slowking-scr,1146,kangaskhan-bouffalant
12,633,p1,2450,dragapult-dusknoir,1248,slowking-scr
12,634,p1,1581,dragapult-dusknoir,1627,other
12,635,p2,2457,mega-excadrill-ex,2200,alakazam-dusknoir
12,636,p1,0821,slowking-scr,2596,mega-excadrill-ex
12,637,p2,0050,mega-excadrill-ex,2470,dhelmise-pbl
12,638,p2,0423,n-zoroark,2792,basic-box-m
12,639,p2,2737,dhelmise-pbl,0782,dragapult-blaziken
12,640,p1,1628,n-zoroark,0217,dhelmise-pbl
12,641,p1,2161,mega-chandelure-ex,2365,dhelmise-pbl
12,642,p1,1610,slowking-scr,1246,dhelmise-pbl
12,643,p2,2881,slowking-scr,1519,dragapult-blaziken
12,644,p1,1096,dragapult-ex,2253,crustle-dri
12,645,p1,1233,rocket-mewtwo-ex,1908,n-zoroark
12,646,tie,0420,dragapult-dusknoir,2060,festival-lead
12,647,p1,2427,dragapult-ex,1155,alakazam-dudunsparce
12,648,p2,1556,festival-lead,3011,dragapult-ex
12,649,p2,2886,slowking-scr,2335,festival-lead
12,650,p2,0534,dragapult-dusknoir,1393,dragapult-ex
12,651,tie,2004,slowking-scr,1779,dhelmise-pbl
12,652,p1,0187,basic-box-m,2546,n-zoroark
12,653,p2,1128,hops-trevenant,3036,dragapult-ex
12,654,p2,0806,lucario-hariyama,0911,basic-box-m
12,655,p2,2439,dragapult-dusknoir,1520,dragapult-dusknoir
12,656,tie,0648,clefairy-ogerpon,2401,dragapult-ex
12,657,p1,2354,dragapult-blaziken,1005,alakazam-dudunsparce
12,658,tie,2107,mega-excadrill-ex,2626,festival-lead
12,659,p2,0024,hops-trevenant,1846,n-zoroark
12,660,p2,0271,dragapult-ex,0118,dragapult-ex
12,661,p2,2587,rockets-honchkrow,1900,dragapult-ex
12,662,p1,2084,alakazam-dudunsparce,0136,dragapult-ex
12,663,p2,2639,dragapult-ex,1616,mega-excadrill-ex
12,664,p1,1250,dragapult-ex,1229,dragapult-blaziken
12,665,p2,2845,n-zoroark,3033,basic-box-m
12,666,p1,0366,sharpedo-toxtricity,0632,slowking-scr
12,667,p1,1169,dragapult-ex,2136,festival-lead
12,668,p2,0868,dragapult-ex,0027,dragapult-ex
12,669,tie,1691,dragapult-ex,2069,rockets-honchkrow
12,670,p2,1090,basic-box-m,0479,dragapult-dusknoir
12,671,p1,0876,basic-box-m,1614,dragapult-blaziken
12,672,p2,1998,lopunny-dusknoir,2865,dragapult-dusknoir
12,673,tie,0098,dragapult-ex,0511,n-zoroark
12,674,p2,2780,n-zoroark,1354,crustle-dri
12,675,tie,1946,dragapult-ex,2357,basic-box-m
12,676,p2,1534,marnie-grimmsnarl-ex,0407,basic-box-m
12,677,p1,0698,dhelmise-pbl,2870,dragapult-dusknoir
12,678,p1,2315,dragapult-ex,1740,slowking-scr
12,679,p2,2247,dragapult-ex,0569,basic-box-m
12,680,p2,0913,lucario-hariyama,2666,slowking-scr
12,681,p2,3103,dragapult-ex,2248,n-zoroark
12,682,tie,0289,crustle-dri,1260,slowking-scr
12,683,p2,1586,slowking-scr,2851,dragapult-ex
12,684,tie,2603,dragapult-ex,2885,alakazam-dudunsparce
12,685,p1,0831,dragapult-ex,2046,dragapult-ex
12,686,p2,1490,mega-lucario-ex,2688,basic-box-m
12,687,p2,1926,mega-absol-box,0449,n-zoroark
12,688,p1,2809,basic-box-m,2355,alakazam-dudunsparce
12,689,p2,0481,lucario-hariyama,1801,cynthia-garchomp-ex
12,690,p1,0057,dragapult-ex,0174,lucario-hariyama
12,691,p1,1667,rockets-honchkrow,1131,rocket-mewtwo-ex
12,692,p2,2776,dragapult-ex,1710,basic-box-m
12,693,p2,2412,starmie-dusknoir,2370,dragapult-ex
12,694,p2,2397,dragapult-ex,0442,dragapult-ex
12,695,p1,1512,basic-box-m,2446,lopunny-dudunsparce
12,696,p2,2997,cynthia-garchomp-ex,0945,dragapult-ex
12,697,p1,1671,dhelmise-pbl,0804,alakazam-dudunsparce
12,698,p1,2944,dragapult-ex,2629,n-zoroark
12,699,p1,2943,dragapult-blaziken,1970,dragapult-ex
12,700,p2,2224,crustle-dri,0737,mega-chandelure-ex
12,701,p2,1592,dragapult-ex,0559,diancie-dusknoir
12,702,p2,1706,dragapult-blaziken,0293,grimmsnarl-froslass
12,703,p2,2616,alakazam-dudunsparce,2269,crustle-dri
12,704,p2,1741,alakazam-dusknoir,0851,mega-excadrill-ex
12,705,p2,2648,mega-excadrill-ex,0628,ogerpon-meganium-hydrapple
12,706,p2,2186,dragapult-ex,2094,sharpedo-toxtricity
12,707,p2,2144,dragapult-blaziken,1773,crustle-dri
12,708,tie,2198,dragapult-ex,3108,mega-chandelure-ex
12,709,p2,1438,slowking-scr,0013,dragapult-ex
12,710,p1,1468,dragapult-ex,1263,lopunny-dudunsparce
12,711,p1,0189,ogerpon-meganium-hydrapple,1258,n-zoroark
12,712,tie,1054,dragapult-ex,2771,alakazam-dudunsparce
12,713,tie,0743,dragapult-ex,1536,alakazam-dudunsparce
12,714,p2,0258,dragapult-ex,2988,dragapult-ex
12,715,p2,2118,crustle-dri,3092,rockets-honchkrow
12,716,p2,1732,dragapult-ex,2082,dragapult-ex
12,717,p2,2362,alakazam-dusknoir,2956,festival-lead
12,718,p2,1990,dragapult-ex,2931,dragapult-ex
12,719,p2,1117,dragapult-ex,2346,slowking-scr
12,720,p2,0957,sharpedo-toxtricity,0240,seaking-pre
12,721,p2,1596,crustle-dri,1924,basic-box-m
12,722,p1,0070,basic-box-m,0759,dragapult-dusknoir
12,723,p1,1558,slowking-scr,2963,mega-excadrill-ex
12,724,p2,2838,n-zoroark,2781,n-zoroark
12,725,p2,0631,dragapult-ex,2705,mega-lucario-ex
12,726,p1,1032,mega-lucario-ex,0520,n-zoroark
12,727,p2,0976,alakazam-dusknoir,2540,lucario-hariyama
12,728,p1,0527,dragapult-ex,0333,basic-box-m
12,729,p1,0298,n-zoroark,1480,dhelmise-pbl
12,730,p1,0979,dragapult-blaziken,1658,alakazam-dusknoir
12,731,p1,2160,dragapult-ex,2454,n-zoroark
12,732,p2,0151,dragapult-ex,0394,sharpedo-toxtricity
12,733,p1,2489,alakazam-dudunsparce,2120,dragapult-ex
12,734,p1,1227,dragapult-ex,1494,slowking-scr
12,735,p2,2618,mega-excadrill-ex,2429,dragapult-ex
12,736,p1,2170,dragapult-blaziken,1192,basic-box-m
12,737,p2,2238,dragapult-ex,1044,dragapult-dusknoir
12,738,p2,0808,dragapult-ex,1413,n-zoroark
12,739,p2,2953,cynthia-garchomp-ex,1509,cynthia-garchomp-ex
12,740,p1,1270,mega-excadrill-ex,0408,dragapult-ex
12,741,p1,2199,dragapult-ex,3065,dragapult-ex
12,742,p2,1218,dragapult-ex,2027,rockets-honchkrow
12,743,p1,1417,ogerpon-meganium-hydrapple,0596,dragapult-dusknoir
12,744,tie,2890,festival-lead,0906,rocket-mewtwo-ex
12,745,p2,0435,dragapult-ex,0653,dragapult-dusknoir
12,746,p2,0816,dragapult-ex,2108,dragapult-dusknoir
12,747,p2,1638,dragapult-ex,2604,slowking-scr
12,748,p2,0758,n-zoroark,1211,n-zoroark
12,749,p2,2577,dragapult-dusknoir,1805,dragapult-ex
12,750,p1,2872,n-zoroark,1332,lopunny-dusknoir
12,751,tie,2081,dragapult-ex,1040,dragapult-ex
12,752,p1,1042,dragapult-ex,2231,basic-box-m
12,753,p2,1572,kangaskhan-bouffalant,2112,dragapult-ex
12,754,p1,0317,starmie-dusknoir,2303,rocket-mewtwo-ex
12,755,p1,2274,lucario-hariyama,2836,mega-excadrill-ex
12,756,tie,1199,alakazam-dudunsparce,1453,rockets-honchkrow
12,757,p2,1237,clefairy-ogerpon,0982,mega-chandelure-ex
12,758,p2,0132,dragapult-ex,1064,dragapult-blaziken
12,759,p2,1330,dragapult-ex,0111,dragapult-blaziken
12,760,p2,1291,crustle-dri,2395,slowking-scr
12,761,p2,0338,n-zoroark,1874,dragapult-ex
12,762,tie,0787,dragapult-ex,0767,sharpedo-toxtricity
12,763,p1,0336,dragapult-dusknoir,2163,n-zoroark
12,764,p2,2075,slowking-scr,1352,mega-excadrill-ex
12,765,p1,2216,basic-box-m,0833,sharpedo-toxtricity
12,766,p1,0567,dragapult-ex,1239,ogerpon-meganium-hydrapple
12,767,p1,1571,alakazam-dudunsparce,1869,dragapult-ex
12,768,p2,2116,basic-box-m,2595,dragapult-blaziken
12,769,p1,0706,dragapult-blaziken,0181,dragapult-ex
12,770,p1,2494,dragapult-ex,1022,dragapult-dusknoir
12,771,p2,1099,dragapult-dusknoir,2498,dragapult-ex
12,772,tie,2358,n-zoroark,1604,slowking-scr
12,773,p1,2967,dragapult-ex,0047,dragapult-dudunsparce
12,774,p1,2724,n-zoroark,2064,dragapult-ex
12,775,p2,0830,ogerpon-meganium-hydrapple,1835,seaking-pre
12,776,tie,2115,dragapult-blaziken,0105,slowking-scr
12,777,p2,1226,dragapult-dusknoir,2572,dragapult-blaziken
12,778,p1,3111,dragapult-ex,1015,manectric-eelektrik
12,779,tie,0983,crustle-dri,1400,dragapult-dusknoir
12,780,p2,1046,alakazam-dusknoir,1232,dhelmise-pbl
12,781,p2,1914,dragapult-ex,0277,basic-box-m
12,782,p2,2599,dragapult-ex,0824,starmie-dusknoir
12,783,p1,2234,dhelmise-pbl,0656,dragapult-blaziken
12,784,p1,1315,grimmsnarl-froslass,2168,starmie-dusknoir
12,785,p1,3005,greninja-ex,2280,seaking-pre
12,786,p1,1694,cynthia-garchomp-ex,0537,cynthia-garchomp-ex
12,787,p1,0675,dragapult-dusknoir,2121,alakazam-dudunsparce
12,788,p1,3075,slowking-scr,1689,basic-box-m
12,789,p2,2065,dragapult-dusknoir,1939,dragapult-dusknoir
12,790,p2,1334,ceruledge-ex,1361,dragapult-dusknoir
12,,bye,0562,basic-box-m,,
13,518,p2,0695,dragapult-ex,2795,alakazam-dudunsparce
13,519,p1,2977,basic-box-m,0249,basic-box-m
13,520,p1,1956,basic-box-m,1588,dragapult-ex
13,521,tie,2373,dragapult-dusknoir,0882,dragapult-ex
13,522,p1,1629,dragapult-ex,0071,rockets-honchkrow
13,523,p1,0865,lucario-hariyama,2331,dragapult-ex
13,524,p2,0679,dragapult-ex,0791,ogerpon-meganium-hydrapple
13,525,p2,1758,lucario-hariyama,1934,slowking-scr
13,526,p1,1952,slowking-scr,1834,dragapult-ex
13,527,p1,2024,basic-box-m,0143,basic-box-m
13,528,p2,0950,n-zoroark,0444,slowking-scr
13,529,p1,2683,ogerpon-meganium-hydrapple,2718,basic-box-m
13,530,p1,1783,dragapult-blaziken,0107,dragapult-dusknoir
13,531,tie,0872,alakazam-dusknoir,1898,dhelmise-pbl
13,532,p1,2853,n-zoroark,1641,basic-box-m
13,533,p2,2484,n-zoroark,2105,basic-box-m
13,534,p1,1444,dragapult-ex,1404,n-zoroark
13,535,p1,2896,dragapult-blaziken,2759,ogerpon-meganium-hydrapple
13,536,p1,0270,dragapult-dusknoir,2585,rockets-honchkrow
13,537,p1,2131,dragapult-ex,1513,basic-box-m
13,538,p2,2819,mega-greninja-ex,2014,dragapult-dusknoir
13,539,p1,1700,n-zoroark,0275,dragapult-ex
13,540,p2,1987,dragapult-ex,0518,crustle-dri
13,541,p1,2985,dragapult-ex,1047,n-zoroark
13,542,tie,3078,rocket-mewtwo-ex,0188,alakazam-dudunsparce
13,543,p1,0700,lopunny-dusknoir,2150,dragapult-dusknoir
13,544,p2,0780,n-zoroark,1562,crustle-dri
13,545,p1,1578,slowking-scr,2573,n-zoroark
13,546,p1,1579,mega-starmie-ex,1152,crustle-dri
13,547,p1,2181,mega-excadrill-ex,2772,dragapult-ex
13,548,p2,2910,raging-bolt-ogerpon,2433,lucario-hariyama
13,549,p2,0081,rockets-honchkrow,1999,festival-lead
13,550,p1,1603,lopunny-dusknoir,0466,dragapult-ex
13,551,p1,1320,basic-box-m,0360,crustle-dri
13,552,tie,1746,crustle-dri,0574,n-zoroark
13,553,p2,1392,mega-excadrill-ex,2878,dhelmise-pbl
13,554,p2,2011,n-zoroark,0981,clefairy-ogerpon
13,555,p1,0602,dragapult-ex,0005,slowking-scr
13,556,p1,0243,dragapult-ex,1350,n-zoroark
13,557,p2,0525,crustle-dri,0578,crustle-dri
13,558,p2,2621,slowking-scr,0299,clefairy-ogerpon
13,559,tie,1325,dragapult-ex,2978,n-zoroark
13,560,p2,3046,grimmsnarl-froslass,1339,dragapult-ex
13,561,tie,1493,mega-excadrill-ex,0282,mega-excadrill-ex
13,562,p2,0318,slowking-scr,0123,dragapult-ex
13,563,p2,0374,crustle-dri,2003,slowking-scr
13,564,p2,2434,dragapult-ex,0468,basic-box-m
13,565,p1,0924,dragapult-ex,2352,alakazam-dudunsparce
13,566,p2,1052,n-zoroark,0162,dragapult-ex
13,567,p2,2432,mega-excadrill-ex,2062,lopunny-dusknoir
13,568,tie,1652,dragapult-blaziken,0411,basic-box-m
13,569,p2,1522,basic-box-m,2225,dhelmise-pbl
13,570,p2,2109,rockets-honchkrow,1324,dragapult-ex
13,571,p1,1962,dragapult-ex,3066,alakazam-dusknoir
13,572,p2,0017,dragapult-ex,2450,dragapult-dusknoir
13,573,p1,1184,dragapult-ex,1179,dragapult-dusknoir
13,574,p2,2841,dhelmise-pbl,0402,crustle-dri
13,575,p2,0610,dragapult-ex,1720,festival-lead
13,576,p2,1581,dragapult-dusknoir,2949,mega-excadrill-ex
13,577,p2,2242,alakazam-dusknoir,0535,crustle-dri
13,578,p1,2200,alakazam-dusknoir,3001,metagross-cri
13,579,p1,1397,raging-bolt-ogerpon,3011,dragapult-ex
13,580,p1,1610,slowking-scr,0891,n-zoroark
13,581,p2,2651,slowking-scr,1146,kangaskhan-bouffalant
13,582,p2,2335,festival-lead,2427,dragapult-ex
13,583,p2,0577,mega-excadrill-ex,0911,basic-box-m
13,584,tie,3094,alakazam-dudunsparce,1008,dragapult-blaziken
13,585,p2,1519,dragapult-blaziken,3036,dragapult-ex
13,586,p2,0915,slowking-scr,2589,slowking-scr
13,587,p1,2354,dragapult-blaziken,0437,mega-chandelure-ex
13,588,tie,0782,dragapult-blaziken,2328,dragapult-ex
13,589,p2,0821,slowking-scr,0201,dragapult-dusknoir
13,590,p2,0591,n-zoroark,1393,dragapult-ex
13,591,p2,1846,n-zoroark,2703,slowking-scr
13,592,p1,0938,n-zoroark,0486,dragapult-ex
13,593,p1,2384,basic-box-m,2161,mega-chandelure-ex
13,594,p1,1628,n-zoroark,2182,alakazam-dudunsparce
13,595,p1,3070,slowking-scr,1037,dragapult-blaziken
13,596,p2,2526,dragapult-ex,2243,dragapult-ex
13,597,p2,0228,basic-box-m,2834,basic-box-m
13,598,p2,2792,basic-box-m,0187,basic-box-m
13,599,tie,1322,slowking-scr,1175,basic-box-m
13,600,p2,0054,slowking-scr,0192,basic-box-m
13,601,p2,3080,mega-venusaur-ex,2575,basic-box-m
13,602,p1,2919,basic-box-m,1096,dragapult-ex
13,603,tie,2470,dhelmise-pbl,1794,kangaskhan-bouffalant
13,604,p1,1811,n-zoroark,1909,lillie-clefairy
13,605,p1,0812,slowking-scr,2757,dragapult-ex
13,606,p2,2686,ogerpon-meganium,1968,crustle-dri
13,607,p1,1900,dragapult-ex,0508,n-zoroark
13,608,p2,0810,dragapult-dusknoir,1824,alakazam-dudunsparce
13,609,p2,2892,grimmsnarl-froslass,0118,dragapult-ex
13,610,p2,1505,dragapult-blaziken,2719,slowking-scr
13,611,p1,1520,dragapult-dusknoir,1233,rocket-mewtwo-ex
13,612,p2,0479,dragapult-dusknoir,1734,dragapult-ex
13,613,p2,1126,grimmsnarl-froslass,1616,mega-excadrill-ex
13,614,p1,1169,dragapult-ex,1224,lopunny-dusknoir
13,615,p2,0676,alakazam-dudunsparce,0165,basic-box-m
13,616,p1,2865,dragapult-dusknoir,2877,ogerpon-meganium-hydrapple
13,617,p2,2722,slowking-scr,0366,sharpedo-toxtricity
13,618,p1,2315,dragapult-ex,2918,dragapult-blaziken
13,619,p1,2111,crustle-dri,1250,dragapult-ex
13,620,p1,0376,dragapult-dusknoir,0027,dragapult-ex
13,621,p2,2665,slowking-scr,2455,dragapult-ex
13,622,p2,1781,crustle-dri,1709,dragapult-dusknoir
13,623,p2,2437,dragapult-blaziken,2084,alakazam-dudunsparce
13,624,tie,1314,dragapult-ex,0497,dragapult-ex
13,625,tie,1960,dragapult-blaziken,1354,crustle-dri
13,626,p2,0698,dhelmise-pbl,2859,dragapult-ex
13,627,tie,0876,basic-box-m,1735,sharpedo-toxtricity
13,628,p1,0407,basic-box-m,1223,dragapult-ex
13,629,p1,3033,basic-box-m,0569,basic-box-m
13,630,p2,2666,slowking-scr,1341,dragapult-ex
13,631,tie,2370,dragapult-ex,0628,ogerpon-meganium-hydrapple
13,632,p2,2262,crustle-dri,0620,rockets-honchkrow
13,633,p2,1567,dragapult-ex,1457,dragapult-ex
13,634,p2,1773,crustle-dri,2799,n-zoroark
13,635,p2,0321,alakazam-dudunsparce,1779,dhelmise-pbl
13,636,p1,2688,basic-box-m,1468,dragapult-ex
13,637,p1,0189,ogerpon-meganium-hydrapple,2248,n-zoroark
13,638,p1,1863,dragapult-ex,2944,dragapult-ex
13,639,p2,0420,dragapult-dusknoir,0851,mega-excadrill-ex
13,640,p2,0648,clefairy-ogerpon,0013,dragapult-ex
13,641,p2,0945,dragapult-ex,0053,dragapult-ex
13,642,p1,1418,mega-excadrill-ex,0442,dragapult-ex
13,643,tie,0559,diancie-dusknoir,0768,dragapult-ex
13,644,p1,2851,dragapult-ex,0293,grimmsnarl-froslass
13,645,p2,1512,basic-box-m,2401,dragapult-ex
13,646,p2,0491,sharpedo-toxtricity,2107,mega-excadrill-ex
13,647,p2,1214,basic-box-m,0449,n-zoroark
13,648,p2,2626,festival-lead,0043,cynthia-garchomp-ex
13,649,p2,2943,dragapult-blaziken,2269,crustle-dri
13,650,p2,0417,dragapult-blaziken,0057,dragapult-ex
13,651,p2,1667,rockets-honchkrow,2988,dragapult-ex
13,652,p2,2004,slowking-scr,1801,cynthia-garchomp-ex
13,653,p1,2094,sharpedo-toxtricity,0737,mega-chandelure-ex
13,654,p1,1671,dhelmise-pbl,2195,dragapult-dusknoir
13,655,p2,1748,dragapult-dusknoir,1686,toxtricity-box
13,656,p2,0502,dhelmise-pbl,0489,dragapult-blaziken
13,657,p2,0831,dragapult-ex,1710,basic-box-m
13,658,p1,2809,basic-box-m,1561,dragapult-ex
13,659,p1,1908,n-zoroark,1558,slowking-scr
13,660,p2,2596,mega-excadrill-ex,2314,dragapult-ex
13,661,p2,0098,dragapult-ex,2912,lopunny-dusknoir
13,662,p1,2604,slowking-scr,0653,dragapult-dusknoir
13,663,p2,2522,dhelmise-pbl,0511,n-zoroark
13,664,p2,1155,alakazam-dudunsparce,2365,dhelmise-pbl
13,665,p2,0527,dragapult-ex,2705,mega-lucario-ex
13,666,p1,1413,n-zoroark,3073,mega-venusaur-ex
13,667,p1,2439,dragapult-dusknoir,1417,ogerpon-meganium-hydrapple
13,668,p1,2622,lucario-hariyama,0423,n-zoroark
13,669,p1,2357,basic-box-m,2931,dragapult-ex
13,670,p1,2856,sharpedo-toxtricity,1005,alakazam-dudunsparce
13,671,tie,1139,festival-lead,0457,dragapult-ex
13,672,p2,0024,hops-trevenant,2160,dragapult-ex
13,673,p2,2069,rockets-honchkrow,2886,slowking-scr
13,674,p1,2112,dragapult-ex,2199,dragapult-ex
13,675,p1,2540,lucario-hariyama,1627,other
13,676,p2,1872,tera-box,2546,n-zoroark
13,677,p2,1032,mega-lucario-ex,1556,festival-lead
13,678,p1,2489,alakazam-dudunsparce,2881,slowking-scr
13,679,tie,2274,lucario-hariyama,0979,dragapult-blaziken
13,680,p1,1924,basic-box-m,1946,dragapult-ex
13,681,p2,2429,dragapult-ex,2082,dragapult-ex
13,682,p2,0317,starmie-dusknoir,2108,dragapult-dusknoir
13,683,p1,2457,mega-excadrill-ex,2768,alakazam-dudunsparce
13,684,p1,0298,n-zoroark,1248,slowking-scr
13,685,p2,2380,dragapult-dusknoir,1270,mega-excadrill-ex
13,686,p2,2956,festival-lead,2170,dragapult-blaziken
13,687,p2,1201,dragapult-blaziken,1227,dragapult-ex
13,688,p1,0534,dragapult-dusknoir,1805,dragapult-ex
13,689,p2,1246,dhelmise-pbl,2509,dragapult-dusknoir
13,690,p2,0092,raging-bolt-ogerpon,1128,hops-trevenant
13,691,p2,0394,sharpedo-toxtricity,1691,dragapult-ex
13,692,p1,3092,rockets-honchkrow,1211,n-zoroark
13,693,p2,1044,dragapult-dusknoir,0443,dragapult-ex
13,694,p2,2253,crustle-dri,3012,alakazam-dudunsparce
13,695,p1,0217,dhelmise-pbl,2346,slowking-scr
13,696,tie,0240,seaking-pre,1813,ogerpon-meganium-hydrapple
13,697,p1,2737,dhelmise-pbl,1042,dragapult-ex
13,698,p2,2872,n-zoroark,2781,n-zoroark
13,699,p1,1469,crustle-dri,1268,basic-box-m
13,700,p1,2587,rockets-honchkrow,0050,mega-excadrill-ex
13,701,p2,2396,n-zoroark,0806,lucario-hariyama
13,702,p1,0554,rocket-mewtwo-ex,1456,slowking-scr
13,703,p2,0070,basic-box-m,0271,dragapult-ex
13,704,p2,2027,rockets-honchkrow,1509,cynthia-garchomp-ex
13,705,p2,2966,dragapult-dusknoir,1590,lopunny-dudunsparce
13,706,p2,2780,n-zoroark,2603,dragapult-ex
13,707,tie,2885,alakazam-dudunsparce,0632,slowking-scr
13,708,p2,0336,dragapult-dusknoir,0289,crustle-dri
13,709,p1,0913,lucario-hariyama,2216,basic-box-m
13,710,p2,3103,dragapult-ex,2870,dragapult-dusknoir
13,711,p1,1054,dragapult-ex,0111,dragapult-blaziken
13,712,p1,1536,alakazam-dudunsparce,1090,basic-box-m
13,713,p2,1064,dragapult-blaziken,3108,mega-chandelure-ex
13,714,p2,1352,mega-excadrill-ex,1534,marnie-grimmsnarl-ex
13,715,p2,2136,festival-lead,1874,dragapult-ex
13,716,p1,0743,dragapult-ex,2639,dragapult-ex
13,717,p2,1614,dragapult-blaziken,0136,dragapult-ex
13,718,p1,2771,alakazam-dudunsparce,1229,dragapult-blaziken
13,719,p1,2845,n-zoroark,1998,lopunny-dusknoir
13,720,p2,2247,dragapult-ex,2395,slowking-scr
13,721,tie,2198,dragapult-ex,0982,mega-chandelure-ex
13,722,p1,1740,slowking-scr,1260,slowking-scr
13,723,p1,0868,dragapult-ex,2776,dragapult-ex
13,724,p2,2629,n-zoroark,1571,alakazam-dudunsparce
13,725,p2,2572,dragapult-blaziken,2186,dragapult-ex
13,726,p1,0258,dragapult-ex,3111,dragapult-ex
13,727,p2,2498,dragapult-ex,0906,rocket-mewtwo-ex
13,728,tie,2494,dragapult-ex,1592,dragapult-ex
13,729,p2,2224,crustle-dri,0481,lucario-hariyama
13,730,p1,1970,dragapult-ex,1040,dragapult-ex
13,731,tie,1706,dragapult-blaziken,2397,dragapult-ex
13,732,tie,2648,mega-excadrill-ex,2890,festival-lead
13,733,p2,2616,alakazam-dudunsparce,2446,lopunny-dudunsparce
13,734,p2,2081,dragapult-ex,1926,mega-absol-box
13,735,p1,0174,lucario-hariyama,2997,cynthia-garchomp-ex
13,736,p1,1263,lopunny-dudunsparce,2355,alakazam-dudunsparce
13,737,p1,0567,dragapult-ex,1835,seaking-pre
13,738,p1,1232,dhelmise-pbl,1131,rocket-mewtwo-ex
13,739,p2,1199,alakazam-dudunsparce,2595,dragapult-blaziken
13,740,p1,0804,alakazam-dudunsparce,0706,dragapult-blaziken
13,741,p1,1258,n-zoroark,2046,dragapult-ex
13,742,p2,2144,dragapult-blaziken,2412,starmie-dusknoir
13,743,p1,1438,slowking-scr,1490,mega-lucario-ex
13,744,p1,2967,dragapult-ex,2724,n-zoroark
13,745,p2,1586,slowking-scr,1741,alakazam-dusknoir
13,746,p1,0520,n-zoroark,0277,basic-box-m
13,747,p1,0596,dragapult-dusknoir,3065,dragapult-ex
13,748,p2,1596,crustle-dri,2618,mega-excadrill-ex
13,749,p2,2836,mega-excadrill-ex,0435,dragapult-ex
13,750,p1,1361,dragapult-dusknoir,0767,sharpedo-toxtricity
13,751,p2,2234,dhelmise-pbl,1315,grimmsnarl-froslass
13,752,p1,2838,n-zoroark,2303,rocket-mewtwo-ex
13,753,tie,1192,basic-box-m,0631,dragapult-ex
13,754,p1,1117,dragapult-ex,1494,slowking-scr
13,755,p2,2238,dragapult-ex,1658,alakazam-dusknoir
13,756,tie,2454,n-zoroark,1218,dragapult-ex
13,757,p2,2118,crustle-dri,0824,starmie-dusknoir
13,758,p2,3075,slowking-scr,1732,dragapult-ex
13,759,p2,1939,dragapult-dusknoir,1990,dragapult-ex
13,760,p2,0808,dragapult-ex,0675,dragapult-dusknoir
13,761,p2,0151,dragapult-ex,2953,cynthia-garchomp-ex
13,762,p2,1453,rockets-honchkrow,0957,sharpedo-toxtricity
13,763,p2,0408,dragapult-ex,1332,lopunny-dusknoir
13,764,p1,1694,cynthia-garchomp-ex,2577,dragapult-dusknoir
13,765,p1,1480,dhelmise-pbl,0976,alakazam-dusknoir
13,766,p2,0816,dragapult-ex,0333,basic-box-m
13,767,tie,0759,dragapult-dusknoir,2963,mega-excadrill-ex
13,768,p2,0787,dragapult-ex,2231,basic-box-m
13,769,p1,2120,dragapult-ex,2362,alakazam-dusknoir
13,770,p1,1638,dragapult-ex,0562,basic-box-m
13,771,p2,3005,greninja-ex,2115,dragapult-blaziken
13,772,tie,1330,dragapult-ex,0983,crustle-dri
13,773,p2,0132,dragapult-ex,2075,slowking-scr
13,774,p2,1291,crustle-dri,2358,n-zoroark
13,775,tie,0105,slowking-scr,1604,slowking-scr
13,776,p1,1237,clefairy-ogerpon,1400,dragapult-dusknoir
13,777,tie,0338,n-zoroark,1015,manectric-eelektrik
13,778,p2,1022,dragapult-dusknoir,0047,dragapult-dudunsparce
13,779,p1,1239,ogerpon-meganium-hydrapple,1226,dragapult-dusknoir
13,780,p2,0833,sharpedo-toxtricity,1046,alakazam-dusknoir
13,781,p2,1099,dragapult-dusknoir,2116,basic-box-m
13,782,tie,2064,dragapult-ex,0181,dragapult-ex
13,783,p2,0830,ogerpon-meganium-hydrapple,1914,dragapult-ex
13,784,p1,2168,starmie-dusknoir,0537,cynthia-garchomp-ex
13,785,tie,2599,dragapult-ex,0656,dragapult-blaziken
13,786,p2,1334,ceruledge-ex,2121,alakazam-dudunsparce
13,,bye,1689,basic-box-m,,
14,518,p2,2977,basic-box-m,2795,alakazam-dudunsparce
14,519,tie,1629,dragapult-ex,1956,basic-box-m
14,520,tie,1934,slowking-scr,1952,slowking-scr
14,521,p1,0791,ogerpon-meganium-hydrapple,0865,lucario-hariyama
14,522,p1,0695,dragapult-ex,0882,dragapult-ex
14,523,p1,2024,basic-box-m,2373,dragapult-dusknoir
14,524,p1,0444,slowking-scr,0518,crustle-dri
14,525,p2,1444,dragapult-ex,2131,dragapult-ex
14,526,p1,0249,basic-box-m,1588,dragapult-ex
14,527,tie,0270,dragapult-dusknoir,2985,dragapult-ex
14,528,p1,2014,dragapult-dusknoir,2683,ogerpon-meganium-hydrapple
14,529,p1,0700,lopunny-dusknoir,1783,dragapult-blaziken
14,530,p2,1700,n-zoroark,2896,dragapult-blaziken
14,531,p1,2105,basic-box-m,2853,n-zoroark
14,532,p1,2878,dhelmise-pbl,0071,rockets-honchkrow
14,533,p2,1578,slowking-scr,1603,lopunny-dusknoir
14,534,p1,1579,mega-starmie-ex,2331,dragapult-ex
14,535,tie,1320,basic-box-m,1562,crustle-dri
14,536,p1,0981,clefairy-ogerpon,2433,lucario-hariyama
14,537,p2,1758,lucario-hariyama,0679,dragapult-ex
14,538,p1,1999,festival-lead,2181,mega-excadrill-ex
14,539,p1,0243,dragapult-ex,1834,dragapult-ex
14,540,p2,1962,dragapult-ex,1339,dragapult-ex
14,541,p1,0188,alakazam-dudunsparce,0468,basic-box-m
14,542,p2,0602,dragapult-ex,0299,clefairy-ogerpon
14,543,p2,0872,alakazam-dusknoir,0162,dragapult-ex
14,544,p2,0950,n-zoroark,0924,dragapult-ex
14,545,p2,0578,crustle-dri,3078,rocket-mewtwo-ex
14,546,p1,2003,slowking-scr,2225,dhelmise-pbl
14,547,p1,1898,dhelmise-pbl,1324,dragapult-ex
14,548,p2,0143,basic-box-m,2062,lopunny-dusknoir
14,549,p2,1610,slowking-scr,2949,mega-excadrill-ex
14,550,p1,3070,slowking-scr,0192,basic-box-m
14,551,p1,0118,dragapult-ex,2427,dragapult-ex
14,552,p2,1900,dragapult-ex,0402,crustle-dri
14,553,p1,0911,basic-box-m,0938,n-zoroark
14,554,p2,2834,basic-box-m,1987,dragapult-ex
14,555,p1,1824,alakazam-dudunsparce,2484,n-zoroark
14,556,p1,2718,basic-box-m,2719,slowking-scr
14,557,p1,0201,dragapult-dusknoir,1513,basic-box-m
14,558,p2,1393,dragapult-ex,1641,basic-box-m
14,559,p2,2450,dragapult-dusknoir,0187,basic-box-m
14,560,p2,2819,mega-greninja-ex,1404,n-zoroark
14,561,p1,1493,mega-excadrill-ex,2434,dragapult-ex
14,562,p1,2112,dragapult-ex,0123,dragapult-ex
14,563,p2,2384,basic-box-m,2243,dragapult-ex
14,564,p1,2759,ogerpon-meganium-hydrapple,2585,rockets-honchkrow
14,565,p2,2150,dragapult-dusknoir,0275,dragapult-ex
14,566,p1,1811,n-zoroark,2575,basic-box-m
14,567,p1,1720,festival-lead,2200,alakazam-dusknoir
14,568,p2,1146,kangaskhan-bouffalant,1520,dragapult-dusknoir
14,569,p2,0107,dragapult-dusknoir,0574,n-zoroark
14,570,p1,1628,n-zoroark,1746,crustle-dri
14,571,p2,1184,dragapult-ex,2703,slowking-scr
14,572,p2,2919,basic-box-m,0780,n-zoroark
14,573,p1,1047,n-zoroark,2589,slowking-scr
14,574,p1,0535,crustle-dri,1397,raging-bolt-ogerpon
14,575,p2,1968,crustle-dri,0812,slowking-scr
14,576,p2,3036,dragapult-ex,2354,dragapult-blaziken
14,577,p2,2455,dragapult-ex,2111,crustle-dri
14,578,p1,0407,basic-box-m,0165,basic-box-m
14,579,p2,0466,dragapult-ex,2978,n-zoroark
14,580,p2,2084,alakazam-dudunsparce,1616,mega-excadrill-ex
14,581,p1,2011,n-zoroark,2859,dragapult-ex
14,582,p1,1734,dragapult-ex,2573,n-zoroark
14,583,p1,1652,dragapult-blaziken,1152,crustle-dri
14,584,p1,3033,basic-box-m,0376,dragapult-dusknoir
14,585,tie,2772,dragapult-ex,0081,rockets-honchkrow
14,586,p1,0360,crustle-dri,0366,sharpedo-toxtricity
14,587,p1,1169,dragapult-ex,2910,raging-bolt-ogerpon
14,588,p2,2865,dragapult-dusknoir,1325,dragapult-ex
14,589,p1,1392,mega-excadrill-ex,2315,dragapult-ex
14,590,p1,1709,dragapult-dusknoir,0411,basic-box-m
14,591,p2,2432,mega-excadrill-ex,0282,mega-excadrill-ex
14,592,p1,2401,dragapult-ex,1350,n-zoroark
14,593,p2,1686,toxtricity-box,1863,dragapult-ex
14,594,p2,1418,mega-excadrill-ex,0043,cynthia-garchomp-ex
14,595,p1,1052,n-zoroark,1710,basic-box-m
14,596,p1,2688,basic-box-m,2107,mega-excadrill-ex
14,597,p2,0053,dragapult-ex,3066,alakazam-dusknoir
14,598,p1,1008,dragapult-blaziken,0851,mega-excadrill-ex
14,599,p2,0374,crustle-dri,0057,dragapult-ex
14,600,p2,2094,sharpedo-toxtricity,1341,dragapult-ex
14,601,p2,1322,slowking-scr,1779,dhelmise-pbl
14,602,p2,3094,alakazam-dudunsparce,3046,grimmsnarl-froslass
14,603,tie,2470,dhelmise-pbl,1522,basic-box-m
14,604,p2,2269,crustle-dri,2109,rockets-honchkrow
14,605,p1,0449,n-zoroark,2809,basic-box-m
14,606,p2,0620,rockets-honchkrow,0489,dragapult-blaziken
14,607,p2,1671,dhelmise-pbl,0017,dragapult-ex
14,608,p2,1457,dragapult-ex,0525,crustle-dri
14,609,p1,1794,kangaskhan-bouffalant,0013,dragapult-ex
14,610,p2,1801,cynthia-garchomp-ex,0782,dragapult-blaziken
14,611,p1,2621,slowking-scr,2352,alakazam-dudunsparce
14,612,p2,1175,basic-box-m,0189,ogerpon-meganium-hydrapple
14,613,p2,2851,dragapult-ex,2328,dragapult-ex
14,614,p2,2988,dragapult-ex,2799,n-zoroark
14,615,p1,0005,slowking-scr,0821,slowking-scr
14,616,p1,2170,dragapult-blaziken,2705,mega-lucario-ex
14,617,p1,0591,n-zoroark,0610,dragapult-ex
14,618,tie,1691,dragapult-ex,1519,dragapult-blaziken
14,619,p2,1037,dragapult-blaziken,2526,dragapult-ex
14,620,p2,0915,slowking-scr,1128,hops-trevenant
14,621,p2,0437,mega-chandelure-ex,1960,dragapult-blaziken
14,622,p2,0298,n-zoroark,0891,n-zoroark
14,623,p2,1233,rocket-mewtwo-ex,2357,basic-box-m
14,624,p1,0810,dragapult-dusknoir,2335,festival-lead
14,625,tie,2686,ogerpon-meganium,0486,dragapult-ex
14,626,p1,1314,dragapult-ex,1590,lopunny-dudunsparce
14,627,p2,1505,dragapult-blaziken,1924,basic-box-m
14,628,p2,1096,dragapult-ex,1270,mega-excadrill-ex
14,629,p2,1735,sharpedo-toxtricity,2622,lucario-hariyama
14,630,tie,3092,rockets-honchkrow,2651,slowking-scr
14,631,p1,0554,rocket-mewtwo-ex,2365,dhelmise-pbl
14,632,p2,2161,mega-chandelure-ex,1909,lillie-clefairy
14,633,p2,1581,dragapult-dusknoir,3001,metagross-cri
14,634,p2,2886,slowking-scr,2856,sharpedo-toxtricity
14,635,tie,0508,n-zoroark,1354,crustle-dri
14,636,p1,2108,dragapult-dusknoir,3080,mega-venusaur-ex
14,637,p1,1413,n-zoroark,2439,dragapult-dusknoir
14,638,p1,0054,slowking-scr,2587,rockets-honchkrow
14,639,p2,0217,dhelmise-pbl,2082,dragapult-ex
14,640,tie,1227,dragapult-ex,0577,mega-excadrill-ex
14,641,p2,2912,lopunny-dusknoir,0806,lucario-hariyama
14,642,tie,2781,n-zoroark,2892,grimmsnarl-froslass
14,643,p2,2757,dragapult-ex,0876,basic-box-m
14,644,p2,1179,dragapult-dusknoir,2182,alakazam-dudunsparce
14,645,p2,2604,slowking-scr,2546,n-zoroark
14,646,p1,2242,alakazam-dusknoir,3012,alakazam-dudunsparce
14,647,p2,3011,dragapult-ex,0443,dragapult-ex
14,648,p2,1556,festival-lead,2509,dragapult-dusknoir
14,649,p1,2457,mega-excadrill-ex,1908,n-zoroark
14,650,tie,2314,dragapult-ex,1509,cynthia-garchomp-ex
14,651,p1,0511,n-zoroark,2160,dragapult-ex
14,652,p2,0497,dragapult-ex,2792,basic-box-m
14,653,p2,0228,basic-box-m,2540,lucario-hariyama
14,654,p1,2841,dhelmise-pbl,2489,alakazam-dudunsparce
14,655,p1,2737,dhelmise-pbl,0271,dragapult-ex
14,656,p2,0534,dragapult-dusknoir,1469,crustle-dri
14,657,p1,1250,dragapult-ex,1054,dragapult-ex
14,658,p2,1534,marnie-grimmsnarl-ex,1224,lopunny-dusknoir
14,659,p1,2918,dragapult-blaziken,0628,ogerpon-meganium-hydrapple
14,660,p1,0768,dragapult-ex,0913,lucario-hariyama
14,661,p1,0868,dragapult-ex,0136,dragapult-ex
14,662,p2,0027,dragapult-ex,0698,dhelmise-pbl
14,663,p2,1536,alakazam-dudunsparce,3108,mega-chandelure-ex
14,664,p2,0559,diancie-dusknoir,2771,alakazam-dudunsparce
14,665,tie,2665,slowking-scr,2395,slowking-scr
14,666,p1,1223,dragapult-ex,1874,dragapult-ex
14,667,p1,2845,n-zoroark,2877,ogerpon-meganium-hydrapple
14,668,p1,0569,basic-box-m,1781,crustle-dri
14,669,p2,0743,dragapult-ex,2370,dragapult-ex
14,670,p2,1740,slowking-scr,1126,grimmsnarl-froslass
14,671,p2,0676,alakazam-dudunsparce,2603,dragapult-ex
14,672,p1,2437,dragapult-blaziken,0289,crustle-dri
14,673,p1,2722,slowking-scr,2870,dragapult-dusknoir
14,674,p1,2666,slowking-scr,0479,dragapult-dusknoir
14,675,p1,0417,dragapult-blaziken,1561,dragapult-ex
14,676,p1,1468,dragapult-ex,1748,dragapult-dusknoir
14,677,p2,1813,ogerpon-meganium-hydrapple,2944,dragapult-ex
14,678,p1,0502,dhelmise-pbl,2274,lucario-hariyama
14,679,p2,1773,crustle-dri,2446,lopunny-dudunsparce
14,680,tie,1263,lopunny-dudunsparce,1567,dragapult-ex
14,681,p1,0567,dragapult-ex,0481,lucario-hariyama
14,682,p1,2186,dragapult-ex,0491,sharpedo-toxtricity
14,683,tie,1970,dragapult-ex,0321,alakazam-dudunsparce
14,684,p1,0804,alakazam-dudunsparce,2412,starmie-dusknoir
14,685,p1,0240,seaking-pre,1741,alakazam-dusknoir
14,686,p1,1438,slowking-scr,1571,alakazam-dudunsparce
14,687,p2,2967,dragapult-ex,2595,dragapult-blaziken
14,688,p1,1232,dhelmise-pbl,0442,dragapult-ex
14,689,p2,0979,dragapult-blaziken,2262,crustle-dri
14,690,p2,2248,n-zoroark,0648,clefairy-ogerpon
14,691,p2,0457,dragapult-ex,0420,dragapult-dusknoir
14,692,p1,1512,basic-box-m,2626,festival-lead
14,693,tie,0293,grimmsnarl-froslass,1926,mega-absol-box
14,694,p1,1139,festival-lead,0737,mega-chandelure-ex
14,695,p1,0945,dragapult-ex,0831,dragapult-ex
14,696,p1,0258,dragapult-ex,1258,n-zoroark
14,697,p2,2943,dragapult-blaziken,2004,slowking-scr
14,698,p2,1667,rockets-honchkrow,2195,dragapult-dusknoir
14,699,p1,0174,lucario-hariyama,0906,rocket-mewtwo-ex
14,700,p1,0632,slowking-scr,0317,starmie-dusknoir
14,701,p1,1361,dragapult-dusknoir,0092,raging-bolt-ogerpon
14,702,p1,2838,n-zoroark,1117,dragapult-ex
14,703,tie,0318,slowking-scr,0435,dragapult-ex
14,704,p1,0050,mega-excadrill-ex,1417,ogerpon-meganium-hydrapple
14,705,p1,2253,crustle-dri,0333,basic-box-m
14,706,p1,0824,starmie-dusknoir,2953,cynthia-garchomp-ex
14,707,p2,2429,dragapult-ex,1805,dragapult-ex
14,708,p2,1480,dhelmise-pbl,0098,dragapult-ex
14,709,p2,1694,cynthia-garchomp-ex,1456,slowking-scr
14,710,p1,1732,dragapult-ex,1658,alakazam-dusknoir
14,711,tie,2966,dragapult-dusknoir,2872,n-zoroark
14,712,p2,0982,mega-chandelure-ex,2231,basic-box-m
14,713,p2,2198,dragapult-ex,1248,slowking-scr
14,714,p1,2522,dhelmise-pbl,2380,dragapult-dusknoir
14,715,p2,1990,dragapult-ex,1155,alakazam-dudunsparce
14,716,p1,1627,other,1638,dragapult-ex
14,717,p2,0394,sharpedo-toxtricity,2027,rockets-honchkrow
14,718,p2,1032,mega-lucario-ex,2120,dragapult-ex
14,719,p1,2931,dragapult-ex,0596,dragapult-dusknoir
14,720,p2,0070,basic-box-m,2069,rockets-honchkrow
14,721,p2,2396,n-zoroark,2881,slowking-scr
14,722,p1,0675,dragapult-dusknoir,2768,alakazam-dudunsparce
14,723,p2,2346,slowking-scr,1332,lopunny-dusknoir
14,724,p2,1946,dragapult-ex,2956,festival-lead
14,725,p1,1005,alakazam-dudunsparce,2596,mega-excadrill-ex
14,726,p1,2618,mega-excadrill-ex,0957,sharpedo-toxtricity
14,727,p1,0423,n-zoroark,1201,dragapult-blaziken
14,728,p2,0520,n-zoroark,0527,dragapult-ex
14,729,p1,0653,dragapult-dusknoir,1872,tera-box
14,730,tie,1044,dragapult-dusknoir,2885,alakazam-dudunsparce
14,731,tie,3073,mega-venusaur-ex,2199,dragapult-ex
14,732,p1,1315,grimmsnarl-froslass,0024,hops-trevenant
14,733,p2,1558,slowking-scr,1211,n-zoroark
14,734,p2,1268,basic-box-m,2136,festival-lead
14,735,p1,2648,mega-excadrill-ex,2639,dragapult-ex
14,736,tie,2358,n-zoroark,2494,dragapult-ex
14,737,tie,1229,dragapult-blaziken,2216,basic-box-m
14,738,p2,1352,mega-excadrill-ex,1260,slowking-scr
14,739,p2,2115,dragapult-blaziken,0336,dragapult-dusknoir
14,740,p2,1998,lopunny-dusknoir,1090,basic-box-m
14,741,p1,1592,dragapult-ex,1614,dragapult-blaziken
14,742,p2,1064,dragapult-blaziken,2397,dragapult-ex
14,743,p1,3103,dragapult-ex,2075,slowking-scr
14,744,p2,2780,n-zoroark,1706,dragapult-blaziken
14,745,p2,1237,clefairy-ogerpon,0111,dragapult-blaziken
14,746,p1,2890,festival-lead,2116,basic-box-m
14,747,p2,1239,ogerpon-meganium-hydrapple,2144,dragapult-blaziken
14,748,p1,2724,n-zoroark,2454,n-zoroark
14,749,p1,2224,crustle-dri,1040,dragapult-ex
14,750,p2,2963,mega-excadrill-ex,1192,basic-box-m
14,751,tie,2997,cynthia-garchomp-ex,2616,alakazam-dudunsparce
14,752,p2,2355,alakazam-dudunsparce,2572,dragapult-blaziken
14,753,p2,1586,slowking-scr,1218,dragapult-ex
14,754,p1,0759,dragapult-dusknoir,0706,dragapult-blaziken
14,755,p2,2081,dragapult-ex,1835,seaking-pre
14,756,p2,2046,dragapult-ex,1199,alakazam-dudunsparce
14,757,p1,1131,rocket-mewtwo-ex,1490,mega-lucario-ex
14,758,tie,3111,dragapult-ex,0047,dragapult-dudunsparce
14,759,p2,2498,dragapult-ex,2776,dragapult-ex
14,760,p1,2629,n-zoroark,1046,alakazam-dusknoir
14,761,p1,0631,dragapult-ex,1914,dragapult-ex
14,762,tie,1453,rockets-honchkrow,2303,rocket-mewtwo-ex
14,763,tie,1604,slowking-scr,1939,dragapult-dusknoir
14,764,p2,0105,slowking-scr,3075,slowking-scr
14,765,p2,2121,alakazam-dudunsparce,2168,starmie-dusknoir
14,766,tie,0816,dragapult-ex,0787,dragapult-ex
14,767,p1,3005,greninja-ex,2118,crustle-dri
14,768,p2,3065,dragapult-ex,0976,alakazam-dusknoir
14,769,p2,2238,dragapult-ex,1596,crustle-dri
14,770,p1,0983,crustle-dri,1689,basic-box-m
14,771,p2,0562,basic-box-m,2362,alakazam-dusknoir
14,772,p1,0277,basic-box-m,2234,dhelmise-pbl
14,773,p1,0408,dragapult-ex,1330,dragapult-ex
14,774,p2,0151,dragapult-ex,0808,dragapult-ex
14,775,p1,2577,dragapult-dusknoir,0767,sharpedo-toxtricity
14,776,tie,2836,mega-excadrill-ex,1494,slowking-scr
14,777,tie,0338,n-zoroark,0181,dragapult-ex
14,778,p1,1400,dragapult-dusknoir,1015,manectric-eelektrik
14,779,p2,2064,dragapult-ex,0132,dragapult-ex
14,780,p2,1291,crustle-dri,1226,dragapult-dusknoir
14,781,p2,0830,ogerpon-meganium-hydrapple,0656,dragapult-blaziken
14,782,p1,0833,sharpedo-toxtricity,2599,dragapult-ex
14,783,tie,1099,dragapult-dusknoir,1022,dragapult-dusknoir
14,784,tie,0537,cynthia-garchomp-ex,1334,ceruledge-ex
15,518,p2,2795,alakazam-dudunsparce,0444,slowking-scr
15,519,p2,1956,basic-box-m,0791,ogerpon-meganium-hydrapple
15,520,p2,0695,dragapult-ex,2024,basic-box-m
15,521,p1,1629,dragapult-ex,2977,basic-box-m
16,518,p2,0444,slowking-scr,0791,ogerpon-meganium-hydrapple
16,519,p1,2024,basic-box-m,1629,dragapult-ex
17,518,p2,0791,ogerpon-meganium-hydrapple,2024,basic-box-m
