round,table,result,p1_id,p1_archetype_slug,p2_id,p2_archetype_slug
1,1,p1,0001,gardevoir-ex-sv,0002,gholdengo-lunatone
1,2,p2,0003,charizard-noctowl,0004,dragapult-dusknoir
1,3,tie,0005,gholdengo-lunatone,0006,gholdengo-lunatone
1,4,tie,0007,gholdengo-lunatone,0008,dragapult-dusknoir
1,5,p1,0009,n-zoroark,0010,tyranitar-jtg
1,6,p2,0011,cynthia-garchomp-ex,0012,flareon-noctowl
1,7,tie,0013,gholdengo-lunatone,0014,ceruledge-ex
1,8,p1,0015,gardevoir-ex-sv,0016,seaking-pre
1,9,p1,0017,gholdengo-lunatone,0018,gholdengo-lunatone
1,10,p2,0019,gholdengo-lunatone,0020,gholdengo-lunatone
1,11,p2,0021,alakazam-dudunsparce,0022,pidgeot-control
1,12,tie,0023,gholdengo-lunatone,0024,gardevoir-ex-sv
1,13,p2,0025,charizard-noctowl,0026,lopunny-dusknoir
1,14,p1,0027,gholdengo-lunatone,0028,dragapult-dusknoir
1,15,p1,0029,charizard-pidgeot,0030,ceruledge-ex
1,16,p1,0031,dragapult-charizard,0032,charizard-noctowl
1,17,p1,0033,gardevoir-ex-sv,0034,n-zoroark
1,18,p1,0035,gholdengo-lunatone,0036,joltik-box
1,19,p1,0037,charizard-noctowl,0038,n-zoroark
1,20,tie,0039,dragapult-ex,0040,alakazam-dudunsparce
1,21,p2,0041,ceruledge-ex,0042,mega-absol-box
1,22,p1,0043,charizard-pidgeot,0044,gardevoir-ex-sv
1,23,p1,0045,gholdengo-lunatone,0046,slaking-ex
1,24,p2,0047,gardevoir-jellicent,0048,charizard-pidgeot
1,25,p1,0049,dragapult-dusknoir,0050,mega-absol-box
1,26,p1,0051,gholdengo-lunatone,0052,charizard-noctowl
1,27,p2,0053,gardevoir-jellicent,0054,gardevoir-ex-sv
1,28,p1,0055,charizard-noctowl,0056,raging-bolt-ogerpon
1,29,p1,0057,charizard-noctowl,0058,mega-venusaur-ex
1,30,p1,0059,gardevoir-ex-sv,0060,dragapult-charizard
1,31,p2,0061,gholdengo-lunatone,0062,grimmsnarl-froslass
1,32,p1,0063,n-zoroark,0064,flareon-noctowl
1,33,p2,0065,charizard-noctowl,0066,gholdengo-lunatone
1,34,p1,0067,pidgeot-control,0068,gardevoir-ex-sv
1,35,p2,0069,rocket-porygon-z,0070,dragapult-dusknoir
1,36,tie,0071,dragapult-dusknoir,0072,gholdengo-lunatone
1,37,p1,0073,dragapult-dusknoir,0074,flareon-noctowl
1,38,tie,0075,dragapult-charizard,0076,gholdengo-lunatone
1,39,p1,0077,seaking-pre,0078,gholdengo-lunatone
1,40,p2,0079,gholdengo-lunatone,0080,dragapult-charizard
1,41,tie,0081,gholdengo-lunatone,0082,charizard-pidgeot
1,42,tie,0083,reging-bolt-bellibolt,0084,kangaskhan-bouffalant
1,43,p1,0085,flareon-noctowl,0086,gardevoir-jellicent
1,44,p2,0087,mega-venusaur-ex,0088,gardevoir-jellicent
1,45,p2,0089,dragapult-dusknoir,0090,mega-absol-box
1,46,p2,0091,gholdengo-lunatone,0092,gholdengo-lunatone
1,47,p1,0093,n-zoroark,0094,gholdengo-lunatone
1,48,p2,0095,gardevoir-jellicent,0096,dragapult-dusknoir
1,49,p1,0097,pidgeot-control,0098,gholdengo-lunatone
1,50,p2,0099,kangaskhan-bouffalant,0100,ceruledge-ex
1,51,p2,0101,dragapult-dusknoir,0102,charizard-pidgeot
1,52,p2,0103,gardevoir-jellicent,0104,gholdengo-lunatone
1,53,p1,0105,charizard-noctowl,0106,gardevoir-ex-sv
1,54,tie,0107,ceruledge-ex,0108,charizard-pidgeot
1,55,p1,0109,gholdengo-lunatone,0110,gholdengo-lunatone
1,56,p1,0111,dragapult-charizard,0112,joltik-box
1,57,p2,0113,charizard-noctowl,0114,lopunny-dusknoir
1,58,tie,0115,gholdengo-lunatone,0116,n-zoroark
1,59,p1,0117,dragapult-dusknoir,0118,cynthia-garchomp-ex
1,60,p2,0119,charizard-pidgeot,0120,n-zoroark
1,61,p2,0121,cynthia-garchomp-ex,0122,dragapult-charizard
1,62,p1,0123,gardevoir-jellicent,0124,gardevoir-ex-sv
1,63,p2,0125,gholdengo-lunatone,0126,gholdengo-lunatone
1,64,p1,0127,gholdengo-lunatone,0128,grimmsnarl-froslass
1,65,p1,0129,gholdengo-lunatone,0130,joltik-box
1,66,p2,0131,n-zoroark,0132,n-zoroark
1,67,tie,0133,dragapult-dusknoir,0134,charizard-noctowl
1,68,p1,0135,dragapult-dusknoir,0136,alakazam-dudunsparce
1,69,p1,0137,dragapult-charizard,0138,marnie-grimmsnarl-ex
1,70,p1,0139,raging-bolt-ogerpon,0140,charizard-noctowl
1,71,p2,0141,n-zoroark,0142,gholdengo-lunatone
1,72,tie,0143,gholdengo-lunatone,0144,gardevoir-ex-sv
1,73,p2,0145,greninja-ex,0146,grimmsnarl-froslass
1,74,p1,0147,dragapult-dusknoir,0148,gholdengo-ex
1,75,p1,0149,gholdengo-lunatone,0150,other
1,76,p1,0151,dragapult-dusknoir,0152,dragapult-dusknoir
1,77,p1,0153,gholdengo-lunatone,0154,dragapult-dusknoir
1,78,p1,0155,mega-absol-box,0156,gholdengo-lunatone
1,79,p1,0157,gholdengo-lunatone,0158,other
1,80,p2,0159,n-zoroark,0160,n-zoroark
1,81,p1,0161,dragapult-dusknoir,0162,alakazam-dudunsparce
1,82,p2,0163,tera-box,0164,gholdengo-lunatone
1,83,p1,0165,gholdengo-ex,0166,gardevoir-ex-sv
1,84,p2,0167,dragapult-dusknoir,0168,charizard-noctowl
1,85,p1,0169,grimmsnarl-froslass,0170,gholdengo-lunatone
1,86,p1,0171,dragapult-dusknoir,0172,gholdengo-lunatone
1,87,tie,0173,charizard-pidgeot,0174,gardevoir-jellicent
1,88,tie,0175,iron-thorns-crustle,0176,gholdengo-lunatone
1,89,p1,0177,dragapult-dusknoir,0178,lucario-hariyama
1,90,p2,0179,gholdengo-lunatone,0180,gholdengo-lunatone
1,91,p1,0181,mega-absol-box,0182,tera-box
1,92,p2,0183,gardevoir-ex-sv,0184,gholdengo-lunatone
1,93,p2,0185,raging-bolt-ogerpon,0186,gholdengo-lunatone
1,94,p2,0187,gardevoir-ex-sv,0188,gardevoir-jellicent
1,95,p2,0189,charizard-pidgeot,0190,kangaskhan-bouffalant
1,96,p2,0191,gardevoir-jellicent,0192,joltik-box
1,97,p1,0193,n-zoroark,0194,gholdengo-lunatone
1,98,p1,0195,gholdengo-ex,0196,gholdengo-lunatone
1,99,p1,0197,gholdengo-lunatone,0198,lopunny-dusknoir
1,100,p1,0199,dragapult-dusknoir,0200,charizard-noctowl
1,101,p1,0201,charizard-noctowl,0202,charizard-pidgeot
1,102,p1,0203,charizard-dragapult,0204,gholdengo-lunatone
1,103,tie,0205,gholdengo-lunatone,0206,gardevoir-ex-sv
1,104,p2,0207,lucario-hariyama,0208,gholdengo-lunatone
1,105,p1,0209,charizard-noctowl,0210,lucario-hariyama
1,106,p2,0211,gardevoir-jellicent,0212,charizard-noctowl
1,107,p1,0213,charizard-noctowl,0214,lucario-hariyama
1,108,p1,0215,raging-bolt-ogerpon,0216,lopunny-dusknoir
1,109,p2,0217,gardevoir-ex-sv,0218,dragapult-dusknoir
1,110,tie,0219,gholdengo-lunatone,0220,gholdengo-joltik-box
1,111,p2,0221,other,0222,dragapult-dusknoir
1,112,p1,0223,gardevoir-ex-sv,0224,gholdengo-lunatone
1,113,p1,0225,dragapult-dusknoir,0226,charizard-ex
1,114,p2,0227,dragapult-dusknoir,0228,gholdengo-lunatone
1,115,p2,0229,gardevoir-jellicent,0230,gholdengo-lunatone
1,116,p1,0231,n-zoroark,0232,alakazam-dudunsparce
1,117,p1,0233,raging-bolt-ogerpon,0234,gholdengo-lunatone
1,118,p1,0235,gholdengo-lunatone,0236,dragapult-dusknoir
1,119,tie,0237,flareon-noctowl,0238,dragapult-dusknoir
1,120,p2,0239,charizard-noctowl,0240,greninja-ex
1,121,p2,0241,dragapult-dusknoir,0242,mega-lopunny-ex
1,122,p1,0243,dragapult-dusknoir,0244,charizard-pidgeot
1,123,p2,0245,cynthia-garchomp-ex,0246,gholdengo-lunatone
1,124,p1,0247,dragapult-dusknoir,0248,cynthia-garchomp-ex
1,125,tie,0249,grimmsnarl-froslass,0250,mega-absol-box
1,126,p1,0251,hydrapple-ogerpon,0252,sharpedo-toxtricity
1,127,p2,0253,gholdengo-lunatone,0254,gardevoir-ex-sv
1,128,tie,0255,alakazam-dudunsparce,0256,grimmsnarl-froslass
1,129,p1,0257,gardevoir-jellicent,0258,dragapult-dusknoir
1,130,p1,0259,gholdengo-lunatone,0260,joltik-box
1,131,p1,0261,gholdengo-lunatone,0262,gardevoir-jellicent
1,132,tie,0263,dragapult-dusknoir,0264,charizard-noctowl
1,133,tie,0265,charizard-pidgeot,0266,dragapult-dusknoir
1,134,p1,0267,gardevoir-jellicent,0268,?roaring-moon
1,135,p1,0269,gardevoir-ex-sv,0270,gardevoir-ex-sv
1,136,p1,0271,gardevoir-jellicent,0272,dragapult-dusknoir
1,137,p1,0273,ceruledge-ex,0274,charizard-pidgeot
1,138,tie,0275,tera-box,0276,gholdengo-lunatone
1,139,p1,0277,chien-pao-baxcalibur,0278,gardevoir-jellicent
1,140,tie,0279,pidgeot-control,0280,dragapult-dusknoir
1,141,p1,0281,gholdengo-lunatone,0282,gholdengo-lunatone
1,142,p2,0283,gardevoir-ex-sv,0284,gholdengo-lunatone
1,143,p2,0285,cynthia-garchomp-ex,0286,alakazam-dudunsparce
1,144,tie,0287,gholdengo-lunatone,0288,greninja-ex
1,145,p2,0289,gholdengo-lunatone,0290,gholdengo-lunatone
1,146,p2,0291,mega-absol-box,0292,greninja-ex
1,147,p1,0293,charizard-noctowl,0294,gholdengo-lunatone
1,148,p2,0295,festival-lead,0296,gholdengo-lunatone
1,149,tie,0297,gardevoir-ex-sv,0298,gholdengo-lunatone
1,150,p2,0299,gholdengo-lunatone,0300,grimmsnarl-froslass
1,151,p2,0301,charizard-noctowl,0302,other
1,152,p1,0303,dragapult-dusknoir,0304,dragapult-dusknoir
1,153,p1,0305,joltik-box,0306,charizard-noctowl
1,154,p1,0307,charizard-noctowl,0308,joltik-box
1,155,tie,0309,gholdengo-lunatone,0310,gholdengo-lunatone
1,156,p1,0311,n-zoroark,0312,dragapult-dusknoir
1,157,tie,0313,gholdengo-lunatone,0314,charizard-pidgeot
1,158,tie,0315,gardevoir-ex-sv,0316,gardevoir-jellicent
1,159,p2,0317,dragapult-dusknoir,0318,gardevoir-jellicent
1,160,p2,0319,n-zoroark,0320,gholdengo-lunatone
1,161,p2,0321,flareon-noctowl,0322,kangaskhan-bouffalant
1,162,p1,0323,pidgeot-control,0324,charizard-pidgeot
1,163,tie,0325,dragapult-dusknoir,0326,tera-box
1,164,p2,0327,charizard-noctowl,0328,gardevoir-jellicent
1,165,p1,0329,charizard-noctowl,0330,n-zoroark
1,166,p1,0331,gardevoir-jellicent,0332,dragapult-dusknoir
1,167,p1,0333,charizard-noctowl,0334,dragapult-dusknoir
1,168,tie,0335,charizard-noctowl,0336,n-zoroark
1,169,p2,0337,gholdengo-lunatone,0338,mega-absol-box
1,170,p1,0339,charizard-pidgeot,0340,dragapult-dusknoir
1,171,p2,0341,ceruledge-ex,0342,charizard-dragapult
1,172,p2,0343,lopunny-dusknoir,0344,grimmsnarl-froslass
1,173,p1,0345,alakazam-dudunsparce,0346,ceruledge-ex
1,174,tie,0347,gholdengo-joltik-box,0348,ethan-typhlosion
1,175,p2,0349,gardevoir-ex-sv,0350,charizard-noctowl
1,176,tie,0351,gardevoir-jellicent,0352,charizard-noctowl
1,177,p1,0353,gholdengo-lunatone,0354,dragapult-dusknoir
1,178,p1,0355,miraidon-eelektrik,0356,slaking-ex
1,179,tie,0357,gardevoir-jellicent,0358,ho-oh-armarouge
1,180,p2,0359,ceruledge-ex,0360,gholdengo-joltik-box
1,181,p2,0361,gholdengo-lunatone,0362,dragapult-dusknoir
1,182,tie,0363,dragapult-dusknoir,0364,charizard-noctowl
1,183,p2,0365,slaking-ex,0366,charizard-noctowl
1,184,tie,0367,charizard-noctowl,0368,mega-absol-box
1,185,p2,0369,mega-venusaur-ex,0370,gardevoir-jellicent
1,186,tie,0371,ceruledge-ex,0372,raging-bolt-ogerpon
1,187,p2,0373,gholdengo-lunatone,0374,ceruledge-ex
1,188,p1,0375,dragapult-dusknoir,0376,charizard-noctowl
1,189,p1,0377,charizard-noctowl,0378,raging-bolt-ogerpon
1,190,p1,0379,dragapult-dusknoir,0380,dragapult-dusknoir
1,191,tie,0381,dragapult-dusknoir,0382,mega-absol-box
1,192,p1,0383,charizard-noctowl,0384,gardevoir-ex-sv
1,193,p1,0385,gardevoir-jellicent,0386,charizard-noctowl
1,194,tie,0387,gholdengo-lunatone,0388,gardevoir-jellicent
1,195,p1,0389,gardevoir-ex-sv,0390,alakazam-dudunsparce
1,196,p2,0391,charizard-noctowl,0392,blaziken-ex-jtg
1,197,p1,0393,dragapult-charizard,0394,gardevoir-jellicent
1,198,p1,0395,charizard-pidgeot,0396,gholdengo-lunatone
1,199,p1,0397,n-zoroark,0398,dragapult-dusknoir
1,200,p1,0399,gardevoir-ex-sv,0400,mega-venusaur-ex
1,201,p1,0401,gholdengo-lunatone,0402,n-zoroark
1,202,p2,0403,raging-bolt-ogerpon,0404,gholdengo-lunatone
1,203,p2,0405,gardevoir-ex-sv,0406,n-zoroark
1,204,p1,0407,gardevoir-jellicent,0408,gardevoir-jellicent
1,205,tie,0409,slowking-scr,0410,gardevoir-jellicent
1,206,p2,0411,flareon-noctowl,0412,gholdengo-lunatone
1,207,p1,0413,gardevoir-ex-sv,0414,gholdengo-lunatone
1,208,p1,0415,joltik-box,0416,charizard-noctowl
1,209,p1,0417,gholdengo-lunatone,0418,dragapult-dusknoir
1,210,p2,0419,gardevoir-ex-sv,0420,gholdengo-lunatone
1,211,tie,0421,gardevoir-jellicent,0422,dragapult-dusknoir
1,212,tie,0423,gholdengo-lunatone,0424,charizard-pidgeot
1,213,tie,0425,gardevoir-ex-sv,0426,dragapult-dusknoir
1,214,p1,0427,charizard-noctowl,0428,gardevoir-jellicent
1,215,p1,0429,tera-box,0430,gholdengo-lunatone
1,216,p1,0431,dragapult-dusknoir,0432,n-zoroark
1,217,p1,0433,?,0434,froslass-munkidori
1,218,tie,0435,gardevoir-jellicent,0436,gardevoir-ex-sv
1,219,p1,0437,gholdengo-lunatone,0438,alakazam-dudunsparce
1,220,p1,0439,gholdengo-lunatone,0440,ceruledge-ex
1,221,p1,0441,iron-hands-magneton,0442,charizard-noctowl
1,222,p1,0443,gholdengo-lunatone,0444,lopunny-dusknoir
1,223,p1,0445,gholdengo-lunatone,0446,rocket-mewtwo-ex
1,224,p1,0447,charizard-noctowl,0448,gardevoir-jellicent
1,225,p2,0449,gholdengo-lunatone,0450,gholdengo-lunatone
1,226,tie,0451,gardevoir-jellicent,0452,mega-venusaur-ex
1,227,p1,0453,raging-bolt-ogerpon,0454,flareon-noctowl
1,228,p1,0455,gholdengo-joltik-box,0456,gardevoir-ex-sv
1,229,p1,0457,mega-absol-box,0458,charizard-noctowl
1,230,p1,0459,festival-lead,0460,gholdengo-ex
1,231,tie,0461,gholdengo-ex,0462,charizard-noctowl
1,232,p1,0463,gholdengo-lunatone,0464,dragapult-dusknoir
1,233,p2,0465,gholdengo-lunatone,0466,charizard-noctowl
1,234,p2,0467,dragapult-dusknoir,0468,gardevoir-ex-sv
1,235,tie,0469,gardevoir-jellicent,0470,mega-absol-box
1,236,p2,0471,gardevoir-jellicent,0472,charizard-noctowl
1,237,p1,0473,gholdengo-lunatone,0474,gholdengo-lunatone
1,238,tie,0475,dragapult-dusknoir,0476,dragapult-dusknoir
1,239,p2,0477,charizard-noctowl,0478,gardevoir-ex-sv
1,240,p2,0479,mega-absol-box,0480,gardevoir-ex-sv
1,241,p2,0481,grimmsnarl-froslass,0482,gardevoir-ex-sv
1,242,p1,0483,raging-bolt-ogerpon,0484,gardevoir-jellicent
1,243,p2,0485,gholdengo-lunatone,0486,gholdengo-lunatone
1,244,p1,0487,dragapult-dusknoir,0488,n-zoroark
1,245,p2,0489,gholdengo-lunatone,0490,dragapult-dusknoir
1,246,p2,0491,gardevoir-ex-sv,0492,gholdengo-lunatone
1,247,p1,0493,raging-bolt-ogerpon,0494,gardevoir-ex-sv
1,248,tie,0495,gholdengo-lunatone,0496,other
1,249,p2,0497,gardevoir-jellicent,0498,mega-absol-box
1,250,p2,0499,gardevoir-ex-sv,0500,mega-absol-box
1,251,p1,0501,gardevoir-ex-sv,0502,charizard-pidgeot
1,252,tie,0503,gholdengo-lunatone,0504,dragapult-dusknoir
1,253,tie,0505,dragapult-dusknoir,0506,dragapult-dusknoir
1,254,p2,0507,ethan-typhlosion,0508,festival-lead
1,255,p2,0509,mega-absol-box,0510,dragapult-dusknoir
1,256,p2,0511,other,0512,ceruledge-ex
1,257,p2,0513,gardevoir-jellicent,0514,n-zoroark
1,258,p2,0515,gardevoir-jellicent,0516,n-zoroark
1,259,p1,0517,mega-absol-box,0518,gardevoir-ex-sv
1,260,p2,0519,mega-absol-box,0520,n-zoroark
1,261,p2,0521,tera-box,0522,charizard-noctowl
1,262,p1,0523,gardevoir-ex-sv,0524,gholdengo-lunatone
1,263,p1,0525,gholdengo-lunatone,0526,gholdengo-lunatone
1,264,p1,0527,gholdengo-lunatone,0528,dragapult-dusknoir
1,265,p1,0529,grimmsnarl-froslass,0530,dragapult-charizard
1,266,p2,0531,gholdengo-lunatone,0532,froslass-munkidori
1,267,tie,0533,gardevoir-ex-sv,0534,gardevoir-ex-sv
1,268,p1,0535,mega-absol-box,0536,chien-pao-baxcalibur
1,270,p2,0537,slowking-scr,0538,gardevoir-jellicent
1,271,p2,0539,gholdengo-lunatone,0540,kangaskhan-bouffalant
1,272,p2,0541,gardevoir-jellicent,0542,charizard-noctowl
1,273,p2,0543,slowking-scr,0544,kangaskhan-bouffalant
1,274,p2,0545,charizard-noctowl,0546,dragapult-charizard
1,275,p1,0547,dragapult-dusknoir,0548,charizard-pidgeot
1,276,p1,0549,gholdengo-lunatone,0550,lopunny-dusknoir
1,277,p2,0551,chien-pao-baxcalibur,0552,alakazam-dudunsparce
1,278,p1,0553,gholdengo-lunatone,0554,gholdengo-lunatone
1,279,p2,0555,gardevoir-jellicent,0556,dragapult-dusknoir
1,280,p1,0557,gholdengo-joltik-box,0558,flareon-noctowl
1,281,p1,0559,conkeldurr-twm,0560,gholdengo-lunatone
1,282,p2,0561,gardevoir-jellicent,0562,gholdengo-lunatone
1,283,p1,0563,charizard-noctowl,0564,gardevoir-ex-sv
1,284,p2,0565,charizard-noctowl,0566,gardevoir-jellicent
1,285,tie,0567,lucario-hariyama,0568,charizard-noctowl
1,286,p1,0569,gholdengo-lunatone,0570,gholdengo-lunatone
1,287,p1,0571,dragapult-dusknoir,0572,gardevoir-ex-sv
1,288,p2,0573,grimmsnarl-froslass,0574,charizard-noctowl
1,289,p2,0575,gholdengo-lunatone,0576,gholdengo-lunatone
1,290,p1,0577,n-zoroark,0578,dragapult-charizard
1,291,p1,0579,gholdengo-lunatone,0580,toxtricity-pfl
1,292,p2,0581,dragapult-dusknoir,0582,dragapult-dusknoir
1,293,p1,0583,dragapult-dusknoir,0584,gardevoir-jellicent
1,294,p1,0585,dragapult-dusknoir,0586,gholdengo-lunatone
1,295,p2,0587,gardevoir-jellicent,0588,charizard-noctowl
1,296,tie,0589,dragapult-dusknoir,0590,kangaskhan-bouffalant
1,297,p1,0591,gholdengo-lunatone,0592,gardevoir-ex-sv
1,298,p2,0593,gholdengo-lunatone,0594,gholdengo-lunatone
1,299,p2,0595,lopunny-dusknoir,0596,dragapult-dusknoir
1,300,p1,0597,greninja-ex,0598,sharpedo-toxtricity
1,301,tie,0599,dragapult-dusknoir,0600,gholdengo-lunatone
1,302,p2,0601,dragapult-dusknoir,0602,gholdengo-lunatone
1,303,p2,0603,ceruledge-ex,0604,gholdengo-lunatone
1,304,p1,0605,raging-bolt-ogerpon,0606,dragapult-dusknoir
1,305,p2,0607,gholdengo-lunatone,0608,flareon-noctowl
1,306,p1,0609,gardevoir-ex-sv,0610,lopunny-dusknoir
1,307,p1,0611,charizard-noctowl,0612,n-zoroark
1,308,p1,0613,gholdengo-lunatone,0614,charizard-noctowl
1,309,p1,0615,grimmsnarl-froslass,0616,gardevoir-ex-sv
1,310,p1,0617,tera-box,0618,gholdengo-lunatone
1,311,p2,0619,dragapult-dusknoir,0620,charizard-noctowl
1,312,p1,0621,charizard-pidgeot,0622,charizard-pidgeot
1,313,p2,0623,gholdengo-lunatone,0624,n-zoroark
1,314,p1,0625,greninja-ex,0626,n-zoroark
1,315,p1,0627,gardevoir-ex-sv,0628,charizard-pidgeot
1,316,p1,0629,gardevoir-jellicent,0630,dragapult-dusknoir
1,317,p2,0631,charizard-noctowl,0632,dragapult-dusknoir
1,318,tie,0633,dragapult-dusknoir,0634,charizard-noctowl
1,319,p2,0635,ethan-typhlosion,0636,gardevoir-jellicent
1,320,p2,0637,gardevoir-ex-sv,0638,raging-bolt-ogerpon
1,321,tie,0639,gholdengo-lunatone,0640,gholdengo-lunatone
1,322,p2,0641,dragapult-dusknoir,0642,gholdengo-lunatone
1,323,p1,0643,gholdengo-lunatone,0644,gholdengo-lunatone
1,324,p1,0645,dragapult-dusknoir,0646,ceruledge-ex
1,325,p2,0647,ho-oh-armarouge,0648,gardevoir-jellicent
1,326,p2,0649,dragapult-dusknoir,0650,charizard-pidgeot
1,327,p1,0651,n-zoroark,0652,gholdengo-lunatone
1,328,p2,0653,gardevoir-jellicent,0654,charizard-pidgeot
1,329,p2,0655,raging-bolt-ogerpon,0656,mega-absol-box
1,330,p2,0657,gholdengo-lunatone,0658,flareon-noctowl
1,331,p2,0659,gholdengo-lunatone,0660,gardevoir-jellicent
1,332,p2,0661,tera-box,0662,gholdengo-lunatone
1,333,p1,0663,alakazam-dudunsparce,0664,gardevoir-jellicent
1,334,p1,0665,dragapult-dusknoir,0666,lopunny-dusknoir
1,335,p2,0667,gholdengo-lunatone,0668,gardevoir-ex-sv
1,336,p1,0669,gardevoir-jellicent,0670,dragapult-dusknoir
1,337,p2,0671,gardevoir-ex-sv,0672,gardevoir-ex-sv
1,338,p2,0673,dragapult-dusknoir,0674,gardevoir-jellicent
1,339,p1,0675,charizard-noctowl,0676,dragapult-dusknoir
1,340,p2,0677,flareon-noctowl,0678,joltik-box
1,341,p2,0679,lopunny-dusknoir,0680,gholdengo-lunatone
1,342,tie,0681,dragapult-dusknoir,0682,gholdengo-lunatone
1,343,p1,0683,dragapult-charizard,0684,alakazam-dudunsparce
1,344,tie,0685,festival-lead,0686,ethan-typhlosion
1,345,p2,0687,n-zoroark,0688,n-zoroark
1,346,p2,0689,mega-absol-box,0690,charizard-noctowl
1,347,p2,0691,gholdengo-lunatone,0692,alakazam-dudunsparce
1,348,p2,0693,gholdengo-lunatone,0694,iron-thorns-crustle
1,349,tie,0695,gardevoir-ex-sv,0696,gardevoir-ex-sv
1,350,p1,0697,gholdengo-lunatone,0698,dragapult-dusknoir
1,351,p1,0699,dragapult-dusknoir,0700,mega-absol-box
1,352,p2,0701,dragapult-dusknoir,0702,lopunny-dusknoir
1,353,p1,0703,flareon-noctowl,0704,grimmsnarl-froslass
1,354,p1,0705,gardevoir-ex-sv,0706,charizard-ex
1,355,p1,0707,alakazam-dudunsparce,0708,charizard-noctowl
1,356,p1,0709,gholdengo-lunatone,0710,okidogi-twm
1,357,tie,0711,n-zoroark,0712,iron-hands-magneton
1,358,p2,0713,charizard-noctowl,0714,kangaskhan-bouffalant
1,359,p2,0715,dragapult-dusknoir,0716,dragapult-dusknoir
1,360,p1,0717,grimmsnarl-froslass,0718,raging-bolt-ogerpon
1,361,p2,0719,gholdengo-lunatone,0720,tera-box
1,362,p2,0721,gholdengo-lunatone,0722,charizard-pidgeot
1,363,p2,0723,gholdengo-lunatone,0724,gardevoir-ex-sv
1,364,p2,0725,tera-box,0726,gholdengo-lunatone
1,365,p1,0727,gardevoir-ex-sv,0728,dragapult-dusknoir
1,366,p1,0729,gholdengo-lunatone,0730,n-zoroark
1,367,p1,0731,n-zoroark,0732,flareon-noctowl
1,368,tie,0733,dragapult-dusknoir,0734,grimmsnarl-froslass
1,369,p1,0735,gholdengo-lunatone,0736,gholdengo-lunatone
1,370,tie,0737,lopunny-dusknoir,0738,kangaskhan-bouffalant
1,371,p2,0739,gardevoir-jellicent,0740,gholdengo-lunatone
1,372,p2,0741,charizard-ex,0742,ceruledge-ex
1,373,p2,0743,gardevoir-ex-sv,0744,gholdengo-lunatone
1,374,p1,0745,dragapult-dusknoir,0746,dragapult-dusknoir
1,375,tie,0747,gardevoir-jellicent,0748,gholdengo-lunatone
1,376,p2,0749,charizard-noctowl,0750,gardevoir-ex-sv
1,377,p1,0751,gardevoir-ex-sv,0752,gholdengo-lunatone
1,378,p1,0753,gholdengo-lunatone,0754,gardevoir-ex-sv
1,379,p2,0755,gardevoir-jellicent,0756,ceruledge-ex
1,380,p1,0757,n-zoroark,0758,gholdengo-lunatone
1,381,p1,0759,grimmsnarl-froslass,0760,charizard-pidgeot
1,382,p1,0761,charizard-noctowl,0762,dragapult-charizard
1,383,p2,0763,gholdengo-lunatone,0764,pidgeot-control
1,384,p2,0765,gardevoir-ex-sv,0766,charizard-noctowl
1,385,p1,0767,ceruledge-ex,0768,dragapult-dusknoir
1,386,p2,0769,dragapult-dusknoir,0770,lucario-hariyama
1,387,p1,0771,gholdengo-lunatone,0772,n-zoroark
1,388,p1,0773,hop-zacian,0774,gholdengo-lunatone
1,389,p1,0775,charizard-noctowl,0776,dragapult-dusknoir
1,390,p1,0777,gholdengo-lunatone,0778,hydrapple-ogerpon
1,391,p1,0779,gholdengo-lunatone,0780,kangaskhan-bouffalant
1,392,p2,0781,n-zoroark,0782,kangaskhan-bouffalant
1,393,p2,0783,mega-latias-ex,0784,dragapult-dusknoir
1,394,p2,0785,n-zoroark,0786,gardevoir-ex-sv
1,395,p2,0787,gholdengo-lunatone,0788,dragapult-charizard
1,396,p1,0789,dragapult-dusknoir,0790,flareon-noctowl
1,397,p2,0791,dragapult-dusknoir,0792,kangaskhan-bouffalant
1,398,p1,0793,dragapult-dusknoir,0794,gholdengo-lunatone
1,399,p1,0795,alakazam-dudunsparce,0796,raging-bolt-ogerpon
1,400,p2,0797,gholdengo-lunatone,0798,alakazam-dudunsparce
1,401,tie,0799,alakazam-dudunsparce,0800,ceruledge-ex
1,402,tie,0801,sharpedo-toxtricity,0802,dragapult-dusknoir
1,403,p1,0803,gardevoir-ex-sv,0804,archaludon-ex
1,404,p2,0805,gholdengo-lunatone,0806,dragapult-dusknoir
1,405,p2,0807,n-zoroark,0808,ceruledge-ex
1,406,p2,0809,gardevoir-jellicent,0810,gardevoir-jellicent
1,407,p1,0811,gholdengo-lunatone,0812,grimmsnarl-froslass
1,408,p1,0813,kangaskhan-bouffalant,0814,lopunny-dusknoir
1,409,tie,0815,gholdengo-lunatone,0816,charizard-noctowl
1,410,p1,0817,charizard-noctowl,0818,gardevoir-ex-sv
1,411,tie,0819,gholdengo-lunatone,0820,flareon-noctowl
1,412,tie,0821,other,0822,n-zoroark
1,413,p2,0823,mega-abomasnow-ex,0824,dragapult-dusknoir
1,414,p1,0825,gardevoir-ex-sv,0826,gardevoir-ex-sv
1,415,p1,0827,gholdengo-lunatone,0828,mega-absol-box
1,416,p1,0829,roaring-moon-dudunsparce,0830,gardevoir-ex-sv
1,417,p1,0831,greninja-ex,0832,gardevoir-jellicent
1,418,p1,0833,gardevoir-ex-sv,0834,gholdengo-lunatone
1,419,p2,0835,gholdengo-lunatone,0836,gholdengo-lunatone
1,420,p1,0837,lopunny-dusknoir,0838,lopunny-dusknoir
1,421,p1,0839,charizard-pidgeot,0840,?roaring-moon
1,422,p1,0841,dragapult-dusknoir,0842,gardevoir-jellicent
1,423,tie,0843,charizard-noctowl,0844,grimmsnarl-froslass
1,424,p2,0845,dragapult-charizard,0846,cynthia-garchomp-ex
1,425,p2,0847,ceruledge-ex,0848,dragapult-dusknoir
1,426,p1,0849,charizard-noctowl,0850,lucario-hariyama
1,427,p2,0851,dragapult-dusknoir,0852,gholdengo-lunatone
1,428,p1,0853,gholdengo-lunatone,0854,dragapult-dusknoir
1,429,p2,0855,n-zoroark,0856,gholdengo-lunatone
1,430,p2,0857,dragapult-dusknoir,0858,mega-absol-box
1,431,p2,0859,gholdengo-lunatone,0860,charizard-noctowl
1,432,p1,0861,gholdengo-lunatone,0862,charizard-noctowl
1,433,p1,0863,gholdengo-lunatone,0864,flareon-noctowl
1,434,tie,0865,chien-pao-baxcalibur,0866,gardevoir-jellicent
1,435,p2,0867,gholdengo-lunatone,0868,gardevoir-jellicent
1,436,p2,0869,gholdengo-lunatone,0870,greninja-ex
1,437,p2,0871,ceruledge-ex,0872,ethan-typhlosion
1,438,p1,0873,charizard-pidgeot,0874,gholdengo-ex
1,439,p1,0875,dragapult-dusknoir,0876,dragapult-ex
1,440,tie,0877,charizard-noctowl,0878,dragapult-dusknoir
1,441,p1,0879,gardevoir-ex-sv,0880,gardevoir-jellicent
1,442,p2,0881,gardevoir-jellicent,0882,gholdengo-lunatone
1,443,p2,0883,mega-abomasnow-ex,0884,sharpedo-toxtricity
1,444,p1,0885,cynthia-garchomp-ex,0886,n-zoroark
1,445,p1,0887,gardevoir-jellicent,0888,lopunny-dusknoir
1,446,p2,0889,charizard-pidgeot,0890,charizard-pidgeot
1,447,p2,0891,sharpedo-toxtricity,0892,lopunny-dusknoir
1,448,p2,0893,n-zoroark,0894,kangaskhan-bouffalant
1,449,p1,0895,dragapult-dusknoir,0896,dragapult-dusknoir
1,450,p2,0897,dragapult-dusknoir,0898,alakazam-dudunsparce
1,451,p1,0899,gardevoir-ex-sv,0900,dragapult-charizard
1,452,p2,0901,gholdengo-lunatone,0902,gholdengo-lunatone
1,453,p1,0903,charizard-noctowl,0904,joltik-box
1,454,p1,0905,gholdengo-lunatone,0906,mega-venusaur-ex
1,455,p2,0907,gardevoir-ex-sv,0908,dragapult-dusknoir
1,456,p2,0909,n-zoroark,0910,dragapult-dusknoir
1,457,p2,0911,gholdengo-lunatone,0912,gholdengo-lunatone
1,458,p1,0913,charizard-noctowl,0914,alakazam-dudunsparce
1,459,p1,0915,raging-bolt-ogerpon,0916,dragapult-dusknoir
1,460,p2,0917,gholdengo-lunatone,0918,gholdengo-lunatone
1,461,p1,0919,dragapult-dusknoir,0920,gholdengo-lunatone
1,462,p2,0921,ceruledge-ex,0922,gholdengo-lunatone
1,463,p2,0923,charizard-pidgeot,0924,gardevoir-jellicent
1,464,p2,0925,mega-absol-box,0926,kangaskhan-bouffalant
1,465,p2,0927,dragapult-dusknoir,0928,mega-absol-box
1,466,p1,0929,other,0930,gardevoir-jellicent
1,467,p2,0931,charizard-pidgeot,0932,tera-box
1,468,p2,0933,charizard-noctowl,0934,gholdengo-lunatone
1,469,p1,0935,gardevoir-ex-sv,0936,alakazam-dudunsparce
1,470,p1,0937,marnie-grimmsnarl-ex,0938,gardevoir-ex-sv
1,471,p2,0939,charizard-noctowl,0940,gardevoir-jellicent
1,472,p1,0941,gardevoir-jellicent,0942,gholdengo-lunatone
1,473,p2,0943,gholdengo-lunatone,0944,charizard-noctowl
1,474,p2,0945,mega-lopunny-ex,0946,other
1,475,p2,0947,kangaskhan-bouffalant,0948,dragapult-charizard
1,476,p1,0949,gholdengo-lunatone,0950,gholdengo-lunatone
1,477,p1,0951,charizard-pidgeot,0952,gholdengo-lunatone
1,478,p2,0953,n-zoroark,0954,gholdengo-lunatone
1,479,tie,0955,gardevoir-ex-sv,0956,dragapult-charizard
1,480,p2,0957,gholdengo-lunatone,0958,dragapult-dusknoir
1,481,p1,0959,gardevoir-jellicent,0960,kangaskhan-bouffalant
1,482,p1,0961,dragapult-dusknoir,0962,alakazam-dudunsparce
1,483,p1,0963,gholdengo-lunatone,0964,gholdengo-lunatone
1,484,p2,0965,joltik-box,0966,gardevoir-jellicent
1,485,p2,0967,gholdengo-lunatone,0968,dragapult-dusknoir
1,486,p1,0969,gholdengo-lunatone,0970,gardevoir-ex-sv
1,487,p1,0971,gholdengo-lunatone,0972,kangaskhan-bouffalant
1,488,p2,0973,dragapult-dusknoir,0974,charizard-noctowl
1,489,p2,0975,dragapult-dusknoir,0976,gardevoir-ex-sv
1,490,p1,0977,gholdengo-lunatone,0978,joltik-box
1,491,p2,0979,alakazam-dudunsparce,0980,kangaskhan-bouffalant
1,492,p2,0981,gholdengo-lunatone,0982,gardevoir-ex-sv
1,493,p1,0983,gholdengo-lunatone,0984,hydreigon-ex
1,494,tie,0985,gholdengo-lunatone,0986,dragapult-dusknoir
1,495,p2,0987,flareon-ex,0988,mega-absol-box
1,496,p1,0989,meowscarada-ex,0990,dragapult-dusknoir
1,497,p1,0991,charizard-pidgeot,0992,lopunny-dusknoir
1,498,p2,0993,gardevoir-ex-sv,0994,gardevoir-jellicent
1,499,tie,0995,alakazam-dudunsparce,0996,gholdengo-lunatone
1,500,p2,0997,ceruledge-ex,0998,charizard-noctowl
1,501,p1,0999,gardevoir-ex-sv,1000,gholdengo-lunatone
1,502,p1,1001,dragapult-dusknoir,1002,seaking-pre
1,503,p2,1003,charizard-pidgeot,1004,gholdengo-lunatone
1,504,p1,1005,gardevoir-jellicent,1006,dragapult-dusknoir
1,505,p2,1007,gholdengo-lunatone,1008,alakazam-dudunsparce
1,506,p1,1009,gardevoir-ex-sv,1010,gholdengo-lunatone
1,507,tie,1011,gardevoir-ex-sv,1012,gholdengo-lunatone
1,508,p2,1013,gholdengo-lunatone,1014,joltik-box
1,509,p1,1015,charizard-noctowl,1016,conkeldurr-twm
1,510,tie,1017,dragapult-dusknoir,1018,mega-absol-box
1,511,p1,1019,gholdengo-lunatone,1020,gholdengo-lunatone
1,512,p1,1021,lopunny-dusknoir,1022,gardevoir-ex-sv
1,513,p2,1023,gholdengo-lunatone,1024,grimmsnarl-froslass
1,514,p1,1025,gardevoir-jellicent,1026,greninja-ex
1,515,tie,1027,dragapult-dusknoir,1028,mega-absol-box
1,516,p2,1029,dragapult-dusknoir,1030,charizard-noctowl
1,517,p2,1031,charizard-pidgeot,1032,froslass-munkidori
1,518,p2,1033,dragapult-dusknoir,1034,dragapult-dusknoir
1,519,p1,1035,gholdengo-lunatone,1036,greninja-ex
1,520,tie,1037,charizard-pidgeot,1038,raging-bolt-ogerpon
1,521,p1,1039,gholdengo-lunatone,1040,gardevoir-jellicent
1,522,p2,1041,grimmsnarl-froslass,1042,gholdengo-lunatone
1,523,p1,1043,dragapult-dusknoir,1044,gholdengo-lunatone
1,524,p1,1045,cynthia-garchomp-ex,1046,gardevoir-ex-sv
1,525,p2,1047,gardevoir-jellicent,1048,charizard-noctowl
1,526,p1,1049,gardevoir-ex-sv,1050,mega-venusaur-ex
1,527,p2,1051,n-zoroark,1052,dragapult-ex
1,528,tie,1053,charizard-pidgeot,1054,gholdengo-lunatone
1,529,p1,1055,raging-bolt-ogerpon,1056,grimmsnarl-froslass
1,530,p2,1057,gardevoir-ex-sv,1058,gholdengo-lunatone
1,531,p1,1059,dragapult-dusknoir,1060,?roaring-moon
1,532,p2,1061,rocket-spidops,1062,charizard-noctowl
1,533,p2,1063,charizard-noctowl,1064,gardevoir-jellicent
1,534,p2,1065,lucario-hariyama,1066,gardevoir-jellicent
1,535,p2,1067,dragapult-dusknoir,1068,dragapult-dusknoir
1,536,p2,1069,mega-absol-box,1070,dragapult-dusknoir
1,537,p2,1071,mega-absol-box,1072,raging-bolt-ogerpon
1,538,p2,1073,gholdengo-joltik-box,1074,charizard-pidgeot
1,539,p2,1075,gholdengo-lunatone,1076,raging-bolt-ogerpon
1,540,p1,1077,dragapult-dusknoir,1078,charizard-pidgeot
1,541,tie,1079,kangaskhan-bouffalant,1080,pidgeot-control
1,542,p2,1081,dragapult-dusknoir,1082,charizard-noctowl
1,543,tie,1083,gardevoir-ex-sv,1084,gholdengo-lunatone
1,544,p2,1085,dragapult-dusknoir,1086,gholdengo-lunatone
1,545,p1,1087,charizard-noctowl,1088,greninja-ex
1,546,p2,1089,kangaskhan-bouffalant,1090,dragapult-dusknoir
1,547,p2,1091,charizard-noctowl,1092,gholdengo-lunatone
1,548,p1,1093,charizard-noctowl,1094,gholdengo-lunatone
1,549,p1,1095,mega-absol-box,1096,dragapult-dusknoir
1,550,p1,1097,charizard-noctowl,1098,charizard-noctowl
1,551,p2,1099,gholdengo-lunatone,1100,gardevoir-jellicent
1,552,p1,1101,dragapult-dusknoir,1102,gardevoir-jellicent
1,553,p1,1103,ursaluna-lunatone,1104,gholdengo-lunatone
1,554,p2,1105,n-zoroark,1106,gholdengo-lunatone
1,555,p1,1107,gardevoir-jellicent,1108,cynthia-garchomp-ex
1,556,p1,1109,other,1110,charizard-noctowl
1,557,tie,1111,gholdengo-lunatone,1112,dragapult-dusknoir
1,558,p2,1113,other,1114,dragapult-charizard
1,559,p2,1115,lopunny-dusknoir,1116,n-zoroark
1,560,p2,1117,charizard-pidgeot,1118,dragapult-charizard
1,561,tie,1119,dragapult-charizard,1120,charizard-pidgeot
1,562,tie,1121,kangaskhan-bouffalant,1122,gardevoir-jellicent
1,563,p2,1123,gardevoir-jellicent,1124,gholdengo-lunatone
1,564,tie,1125,gardevoir-jellicent,1126,gholdengo-lunatone
1,565,p1,1127,n-zoroark,1128,dragapult-dusknoir
1,566,tie,1129,gholdengo-lunatone,1130,ceruledge-ex
1,567,p2,1131,tsareena-ex,1132,gholdengo-lunatone
1,568,p2,1133,ursaluna-lunatone,1134,n-zoroark
1,569,p1,1135,charizard-noctowl,1136,charizard-noctowl
1,570,p1,1137,grimmsnarl-froslass,1138,gholdengo-lunatone
1,571,p1,1139,charizard-noctowl,1140,n-zoroark
1,572,p2,1141,gardevoir-ex-sv,1142,gholdengo-lunatone
1,573,p1,1143,gardevoir-ex-sv,1144,gardevoir-jellicent
1,574,tie,1145,palafin-ex,1146,dragapult-charizard
1,575,p1,1147,marnie-grimmsnarl-ex,1148,gardevoir-ex-sv
1,576,tie,1149,charizard-pidgeot,1150,dragapult-charizard
1,577,p1,1151,gardevoir-jellicent,1152,other
1,578,tie,1153,kangaskhan-bouffalant,1154,charizard-noctowl
1,579,p1,1155,gardevoir-jellicent,1156,future-box
1,580,p1,1157,iron-thorns-crustle,1158,n-zoroark
1,581,p2,1159,lopunny-dusknoir,1160,gholdengo-lunatone
1,582,p2,1161,gardevoir-jellicent,1162,charizard-noctowl
1,583,p1,1163,tera-box,1164,mega-sharpedo-ex
1,584,tie,1165,grimmsnarl-froslass,1166,charizard-noctowl
1,585,p2,1167,marnie-grimmsnarl-ex,1168,dragapult-dusknoir
1,586,p2,1169,mega-venusaur-ex,1170,gardevoir-ex-sv
1,587,p2,1171,gardevoir-jellicent,1172,gardevoir-ex-sv
1,588,p2,1173,charizard-noctowl,1174,charizard-noctowl
1,589,p1,1175,dragapult-dusknoir,1176,raging-bolt-ogerpon
1,590,p1,1177,charizard-noctowl,1178,gardevoir-ex-sv
1,591,p1,1179,charizard-noctowl,1180,gholdengo-lunatone
1,592,tie,1181,dragapult-dusknoir,1182,dragapult-dusknoir
1,593,p2,1183,kangaskhan-bouffalant,1184,lopunny-dusknoir
1,594,p1,1185,cynthia-garchomp-ex,1186,n-zoroark
1,595,tie,1187,sharpedo-toxtricity,1188,gardevoir-jellicent
1,596,tie,1189,mega-absol-box,1190,dragapult-dusknoir
1,597,p2,1191,charizard-pidgeot,1192,cynthia-garchomp-ex
1,598,p1,1193,dragapult-dusknoir,1194,wugtrio-svi
1,599,p1,1195,n-zoroark,1196,lopunny-dusknoir
1,600,p1,1197,dragapult-dusknoir,1198,mega-venusaur-ex
1,601,p2,1199,gardevoir-jellicent,1200,mega-venusaur-ex
1,602,tie,1201,gholdengo-lunatone,1202,gholdengo-lunatone
1,603,p1,1203,kangaskhan-bouffalant,1204,raging-bolt-ogerpon
1,604,p1,1205,froslass-munkidori,1206,mega-venusaur-ex
1,605,p1,1207,dragapult-dusknoir,1208,charizard-pidgeot
1,606,p2,1209,charizard-noctowl,1210,gholdengo-lunatone
1,607,tie,1211,gardevoir-ex-sv,1212,charizard-pidgeot
1,608,p1,1213,charizard-noctowl,1214,gardevoir-jellicent
1,609,p2,1215,gardevoir-ex-sv,1216,gardevoir-ex-sv
1,610,p1,1217,gholdengo-lunatone,1218,charizard-pidgeot
1,611,p2,1219,kangaskhan-bouffalant,1220,charizard-noctowl
1,612,p1,1221,mega-venusaur-ex,1222,charizard-pidgeot
1,613,p1,1223,ceruledge-ex,1224,gholdengo-lunatone
1,614,p1,1225,pidgeot-control,1226,joltik-box
1,615,p1,1227,charizard-noctowl,1228,gardevoir-ex-sv
1,616,p2,1229,gholdengo-lunatone,1230,froslass-munkidori
1,617,p2,1231,n-zoroark,1232,dragapult-dusknoir
1,618,p1,1233,charizard-noctowl,1234,dragapult-dusknoir
1,619,p1,1235,n-zoroark,1236,gholdengo-lunatone
1,620,p2,1237,slowking-scr,1238,charizard-pidgeot
1,621,tie,1239,gholdengo-lunatone,1240,n-zoroark
1,622,p1,1241,joltik-box,1242,charizard-pidgeot
1,623,tie,1243,n-zoroark,1244,kangaskhan-bouffalant
1,624,p1,1245,gholdengo-lunatone,1246,gholdengo-lunatone
1,625,p1,1247,charizard-pidgeot,1248,gholdengo-lunatone
1,626,p1,1249,dragapult-dusknoir,1250,gholdengo-lunatone
1,627,p2,1251,joltik-box,1252,lopunny-dusknoir
1,628,p2,1253,gholdengo-lunatone,1254,charizard-noctowl
1,629,tie,1255,charizard-noctowl,1256,charizard-noctowl
1,630,p1,1257,lopunny-dusknoir,1258,tera-box
1,631,p1,1259,gardevoir-jellicent,1260,mega-absol-box
1,632,p2,1261,sharpedo-toxtricity,1262,dragapult-charizard
1,633,p1,1263,gholdengo-lunatone,1264,charizard-pidgeot
1,634,p2,1265,raging-bolt-ogerpon,1266,ceruledge-ex
1,635,p2,1267,gholdengo-lunatone,1268,gardevoir-ex-sv
1,636,p2,1269,flareon-noctowl,1270,gardevoir-jellicent
1,637,p2,1271,dragapult-dusknoir,1272,gardevoir-jellicent
1,638,p1,1273,charizard-pidgeot,1274,charizard-pidgeot
1,639,p2,1275,gholdengo-lunatone,1276,mega-absol-box
1,640,p2,1277,gholdengo-lunatone,1278,toxtricity-pfl
1,641,p1,1279,mega-absol-box,1280,charizard-noctowl
1,642,p2,1281,pidgeot-control,1282,gardevoir-jellicent
1,643,p1,1283,charizard-pidgeot,1284,gholdengo-lunatone
1,644,tie,1285,gardevoir-jellicent,1286,dragapult-dusknoir
1,645,tie,1287,gholdengo-lunatone,1288,gholdengo-lunatone
1,646,p2,1289,joltik-box,1290,dragapult-dusknoir
1,647,p1,1291,gholdengo-lunatone,1292,dragapult-dusknoir
1,648,p1,1293,gholdengo-lunatone,1294,charizard-noctowl
1,649,p2,1295,gardevoir-ex-sv,1296,grimmsnarl-froslass
1,650,p1,1297,gardevoir-jellicent,1298,raging-bolt-ogerpon
1,651,p1,1299,n-zoroark,1300,gardevoir-ex-sv
1,652,p1,1301,greninja-ex,1302,gholdengo-lunatone
1,653,p2,1303,alakazam-dudunsparce,1304,?roaring-moon
1,654,p2,1305,froslass-munkidori,1306,grimmsnarl-froslass
1,655,p1,1307,mega-absol-box,1308,ethan-typhlosion
1,656,p2,1309,dragapult-dusknoir,1310,flareon-noctowl
1,657,p2,1311,gardevoir-ex-sv,1312,charizard-noctowl
1,658,p1,1313,n-zoroark,1314,n-zoroark
1,659,p2,1315,gholdengo-lunatone,1316,gholdengo-lunatone
1,660,p2,1317,mega-venusaur-ex,1318,charizard-noctowl
1,661,p1,1319,gholdengo-lunatone,1320,grimmsnarl-froslass
1,662,p1,1321,ceruledge-ex,1322,dragapult-dusknoir
1,663,p2,1323,dragapult-ex,1324,gardevoir-ex-sv
1,664,p1,1325,charizard-noctowl,1326,gholdengo-ex
1,665,p1,1327,gholdengo-lunatone,1328,gholdengo-lunatone
1,666,p2,1329,charizard-pidgeot,1330,charizard-noctowl
1,667,p1,1331,gholdengo-lunatone,1332,grimmsnarl-froslass
1,668,p1,1333,dragapult-dusknoir,1334,hydreigon-ex
1,669,tie,1335,gholdengo-lunatone,1336,alakazam-dudunsparce
1,670,p2,1337,gholdengo-lunatone,1338,charizard-pidgeot
1,671,p1,1339,kangaskhan-bouffalant,1340,seaking-pre
1,672,p1,1341,kangaskhan-bouffalant,1342,charizard-noctowl
1,673,p1,1343,gholdengo-lunatone,1344,ceruledge-ex
1,674,p2,1345,gholdengo-lunatone,1346,charizard-noctowl
1,675,p2,1347,charizard-noctowl,1348,crustle-dri
1,676,p2,1349,alakazam-dudunsparce,1350,gardevoir-ex-sv
1,677,p2,1351,n-zoroark,1352,raging-bolt-ogerpon
1,678,tie,1353,gardevoir-ex-sv,1354,charizard-noctowl
1,679,p2,1355,charizard-noctowl,1356,n-zoroark
1,680,p1,1357,gardevoir-jellicent,1358,dragapult-dusknoir
1,681,p2,1359,alakazam-dudunsparce,1360,gholdengo-lunatone
1,682,tie,1361,alakazam-dudunsparce,1362,charizard-pidgeot
1,683,p2,1363,charizard-noctowl,1364,dragapult-dusknoir
1,684,tie,1365,gardevoir-ex-sv,1366,charizard-pidgeot
1,685,p2,1367,dragapult-dusknoir,1368,flareon-noctowl
1,686,p2,1369,gholdengo-lunatone,1370,gholdengo-lunatone
1,687,p2,1371,dragapult-dusknoir,1372,dragapult-dusknoir
1,688,p2,1373,gholdengo-lunatone,1374,alakazam-dudunsparce
1,689,p2,1375,gardevoir-jellicent,1376,alakazam-dudunsparce
1,690,p1,1377,gholdengo-lunatone,1378,lopunny-dusknoir
1,691,p2,1379,n-zoroark,1380,raging-bolt-ogerpon
1,692,p1,1381,grimmsnarl-froslass,1382,dragapult-dusknoir
1,693,tie,1383,dragapult-dusknoir,1384,charizard-noctowl
1,694,p1,1385,alakazam-dudunsparce,1386,alakazam-dudunsparce
1,695,p1,1387,charizard-noctowl,1388,gholdengo-lunatone
1,696,p1,1389,charizard-noctowl,1390,gholdengo-lunatone
1,697,p2,1391,?roaring-moon,1392,raging-bolt-ogerpon
1,698,tie,1393,gardevoir-jellicent,1394,gardevoir-ex-sv
1,699,p1,1395,dragapult-dusknoir,1396,ceruledge-ex
1,700,p1,1397,charizard-pidgeot,1398,gholdengo-lunatone
1,701,p2,1399,charizard-noctowl,1400,n-zoroark
1,702,p1,1401,dragapult-dusknoir,1402,gholdengo-lunatone
1,703,p1,1403,charizard-noctowl,1404,gholdengo-lunatone
1,704,tie,1405,n-zoroark,1406,n-zoroark
1,705,p1,1407,gardevoir-ex-sv,1408,gholdengo-lunatone
1,706,p2,1409,joltik-box,1410,gholdengo-lunatone
1,707,p1,1411,gardevoir-ex-sv,1412,dragapult-dusknoir
1,708,p2,1413,dragapult-dusknoir,1414,ceruledge-ex
1,709,p2,1415,charizard-noctowl,1416,dragapult-dusknoir
1,710,p2,1417,kangaskhan-bouffalant,1418,rocket-mewtwo-ex
1,711,p1,1419,gholdengo-lunatone,1420,gardevoir-ex-sv
1,712,p1,1421,grimmsnarl-froslass,1422,alakazam-dudunsparce
1,713,p2,1423,gardevoir-jellicent,1424,dragapult-dusknoir
1,714,p2,1425,dragapult-charizard,1426,gardevoir-ex-sv
1,715,tie,1427,raging-bolt-ogerpon,1428,gholdengo-lunatone
1,716,tie,1429,miraidon-eelektrik,1430,gholdengo-lunatone
1,717,p2,1431,dragapult-dusknoir,1432,gardevoir-ex-sv
1,718,p1,1433,gholdengo-lunatone,1434,charizard-pidgeot
1,719,p1,1435,dragapult-dusknoir,1436,gardevoir-ex-sv
1,720,p1,1437,charizard-noctowl,1438,gholdengo-lunatone
1,721,p1,1439,n-zoroark,1440,gholdengo-lunatone
1,722,p2,1441,mega-absol-box,1442,gholdengo-lunatone
1,723,p1,1443,grimmsnarl-froslass,1444,gholdengo-lunatone
1,724,p1,1445,dragapult-dusknoir,1446,dragapult-dusknoir
1,725,p2,1447,archaludon-ex,1448,tera-box
1,726,p2,1449,gholdengo-lunatone,1450,alakazam-dudunsparce
1,727,p2,1451,charizard-pidgeot,1452,charizard-pidgeot
1,728,p2,1453,gholdengo-lunatone,1454,gholdengo-lunatone
1,729,tie,1455,flareon-noctowl,1456,charizard-noctowl
1,730,p1,1457,gholdengo-lunatone,1458,dragapult-dusknoir
1,731,p2,1459,dragapult-dusknoir,1460,charizard-noctowl
1,732,tie,1461,n-zoroark,1462,charizard-pidgeot
1,733,p1,1463,n-zoroark,1464,gholdengo-lunatone
1,734,p1,1465,flareon-noctowl,1466,gholdengo-lunatone
1,735,p1,1467,gholdengo-lunatone,1468,gholdengo-lunatone
1,736,tie,1469,charizard-pidgeot,1470,n-zoroark
1,737,p2,1471,alakazam-dudunsparce,1472,gholdengo-lunatone
1,738,p2,1473,joltik-box,1474,charizard-pidgeot
1,739,p2,1475,charizard-pidgeot,1476,dragapult-dusknoir
1,740,p2,1477,gholdengo-lunatone,1478,kangaskhan-bouffalant
1,741,p2,1479,n-zoroark,1480,dragapult-dusknoir
1,742,p2,1481,grimmsnarl-froslass,1482,gholdengo-lunatone
1,743,p2,1483,hydreigon-ex,1484,mega-absol-box
1,744,p1,1485,dragapult-dusknoir,1486,charizard-pidgeot
1,745,p2,1487,conkeldurr-twm,1488,dragapult-dusknoir
1,746,p1,1489,dragapult-dusknoir,1490,dragapult-dusknoir
1,747,p1,1491,gholdengo-lunatone,1492,alakazam-dudunsparce
1,748,p1,1493,charizard-noctowl,1494,n-zoroark
1,749,p1,1495,seaking-pre,1496,gholdengo-lunatone
1,750,p1,1497,kangaskhan-forretress,1498,dragapult-dusknoir
1,751,p2,1499,dragapult-dusknoir,1500,gholdengo-lunatone
1,752,p2,1501,gholdengo-lunatone,1502,charizard-noctowl
1,753,p2,1503,grimmsnarl-froslass,1504,gholdengo-lunatone
1,754,p2,1505,greninja-ex,1506,charizard-noctowl
1,755,p1,1507,gholdengo-lunatone,1508,gardevoir-jellicent
1,756,tie,1509,gholdengo-lunatone,1510,charizard-noctowl
1,757,p2,1511,conkeldurr-twm,1512,seaking-pre
1,758,p2,1513,gardevoir-jellicent,1514,gholdengo-lunatone
1,759,p1,1515,gholdengo-lunatone,1516,gholdengo-lunatone
1,760,p1,1517,dragapult-dusknoir,1518,dragapult-dusknoir
1,761,tie,1519,charizard-noctowl,1520,gardevoir-ex-sv
1,762,p1,1521,charizard-noctowl,1522,pidgeot-control
1,763,p1,1523,dragapult-charizard,1524,charizard-pidgeot
1,764,p1,1525,gholdengo-lunatone,1526,kangaskhan-bouffalant
1,765,p1,1527,gardevoir-ex-sv,1528,dragapult-dusknoir
1,766,p2,1529,dragapult-dusknoir,1530,grimmsnarl-froslass
1,767,tie,1531,tera-box,1532,dragapult-dusknoir
1,768,p2,1533,dragapult-charizard,1534,charizard-noctowl
1,769,p2,1535,gholdengo-lunatone,1536,charizard-noctowl
1,770,p2,1537,gholdengo-ex,1538,gardevoir-jellicent
1,771,p1,1539,joltik-box,1540,gholdengo-lunatone
1,772,tie,1541,gholdengo-lunatone,1542,dragapult-dusknoir
1,773,p1,1543,dragapult-dusknoir,1544,ceruledge-ex
1,774,p1,1545,dragapult-dusknoir,1546,charizard-pidgeot
1,775,p1,1547,dragapult-dusknoir,1548,sharpedo-toxtricity
1,776,p1,1549,charizard-noctowl,1550,joltik-box
1,777,p2,1551,dragapult-charizard,1552,gardevoir-jellicent
1,778,p1,1553,other,1554,n-zoroark
1,779,p2,1555,wugtrio-svi,1556,mega-absol-box
1,780,p1,1557,gardevoir-ex-sv,1558,gholdengo-lunatone
1,781,p1,1559,mega-absol-box,1560,other
1,782,p1,1561,raging-bolt-ogerpon,1562,mega-absol-box
1,783,p2,1563,gholdengo-lunatone,1564,greninja-ex
1,784,p1,1565,alakazam-dudunsparce,1566,?
1,785,p2,1567,dragapult-dusknoir,1568,dragapult-dusknoir
1,786,p2,1569,charizard-noctowl,1570,charizard-pidgeot
1,787,p2,1571,gholdengo-lunatone,1572,gholdengo-lunatone
1,788,p2,1573,charizard-noctowl,1574,kangaskhan-bouffalant
1,789,p1,1575,dragapult-dusknoir,1576,tera-box
1,790,p2,1577,charizard-noctowl,1578,sharpedo-toxtricity
1,791,p1,1579,charizard-pidgeot,1580,dragapult-dusknoir
1,792,tie,1581,crustle-dri,1582,alakazam-dudunsparce
1,793,p1,1583,charizard-noctowl,1584,kangaskhan-bouffalant
1,794,p2,1585,charizard-pidgeot,1586,charizard-noctowl
1,795,p1,1587,charizard-noctowl,1588,hydreigon-ex
1,796,tie,1589,charizard-pidgeot,1590,gardevoir-jellicent
1,797,p1,1591,gholdengo-lunatone,1592,greninja-ex
1,798,tie,1593,alakazam-dudunsparce,1594,gardevoir-jellicent
1,799,p1,1595,gholdengo-lunatone,1596,flareon-noctowl
1,800,tie,1597,mega-absol-box,1598,charizard-noctowl
1,801,p1,1599,gardevoir-jellicent,1600,ceruledge-ex
1,802,p2,1601,dragapult-dusknoir,1602,gholdengo-lunatone
1,803,p2,1603,alakazam-dudunsparce,1604,dragapult-dusknoir
1,804,p2,1605,kangaskhan-bouffalant,1606,n-zoroark
1,805,p2,1607,dragapult-dusknoir,1608,gardevoir-ex-sv
1,806,p2,1609,charizard-noctowl,1610,dragapult-dusknoir
1,807,p2,1611,gholdengo-ex,1612,gholdengo-lunatone
1,808,p2,1613,gardevoir-jellicent,1614,gholdengo-joltik-box
1,809,p1,1615,palafin-ex,1616,charizard-pidgeot
1,810,p2,1617,gardevoir-jellicent,1618,charizard-noctowl
1,811,p2,1619,kangaskhan-bouffalant,1620,dragapult-dusknoir
1,812,p1,1621,gardevoir-jellicent,1622,gholdengo-lunatone
1,813,p1,1623,charizard-noctowl,1624,gholdengo-joltik-box
1,814,p2,1625,gholdengo-lunatone,1626,gholdengo-lunatone
1,815,p1,1627,gholdengo-lunatone,1628,dragapult-dusknoir
1,816,tie,1629,gholdengo-lunatone,1630,dragapult-dusknoir
1,817,tie,1631,charizard-noctowl,1632,alakazam-dudunsparce
1,818,tie,1633,dragapult-dusknoir,1634,gholdengo-lunatone
1,819,p2,1635,lucario-hariyama,1636,charizard-noctowl
1,820,p2,1637,kangaskhan-bouffalant,1638,gholdengo-lunatone
1,821,p1,1639,dragapult-dusknoir,1640,charizard-noctowl
1,822,p2,1641,dragapult-dusknoir,1642,joltik-box
1,823,p2,1643,lopunny-dusknoir,1644,gholdengo-lunatone
1,824,p2,1645,n-zoroark,1646,charizard-noctowl
1,825,p1,1647,kangaskhan-bouffalant,1648,charizard-noctowl
1,826,p1,1649,dragapult-charizard,1650,lucario-hariyama
1,827,tie,1651,dragapult-dusknoir,1652,gholdengo-lunatone
1,828,p1,1653,dragapult-dusknoir,1654,charizard-noctowl
1,829,tie,1655,conkeldurr-twm,1656,gholdengo-lunatone
1,830,p1,1657,gholdengo-lunatone,1658,iron-hands-magneton
1,831,tie,1659,gardevoir-ex-sv,1660,grimmsnarl-froslass
1,832,p1,1661,gardevoir-jellicent,1662,lopunny-dusknoir
1,833,tie,1663,kangaskhan-bouffalant,1664,gholdengo-lunatone
1,834,p1,1665,charizard-noctowl,1666,gardevoir-ex-sv
1,835,p2,1667,gholdengo-lunatone,1668,gholdengo-lunatone
1,836,p1,1669,gholdengo-lunatone,1670,gholdengo-lunatone
1,837,p1,1671,raging-bolt-ogerpon,1672,iron-hands-magneton
1,838,p1,1673,charizard-noctowl,1674,grimmsnarl-froslass
1,839,p1,1675,gholdengo-lunatone,1676,lopunny-dusknoir
1,840,p2,1677,gardevoir-ex-sv,1678,flareon-noctowl
1,841,p1,1679,dragapult-dusknoir,1680,charizard-noctowl
1,842,p1,1681,charizard-noctowl,1682,gholdengo-typhlosion
1,843,p2,1683,flareon-noctowl,1684,n-zoroark
1,844,p1,1685,joltik-box,1686,raging-bolt-ogerpon
1,845,p1,1687,grimmsnarl-froslass,1688,joltik-box
1,846,p1,1689,gholdengo-lunatone,1690,dragapult-dusknoir
1,847,p1,1691,gholdengo-lunatone,1692,gholdengo-lunatone
1,848,tie,1693,tera-box,1694,dragapult-dusknoir
1,849,p1,1695,grimmsnarl-froslass,1696,raging-bolt-ogerpon
1,850,p1,1697,ceruledge-ex,1698,gholdengo-lunatone
1,851,p1,1699,gholdengo-lunatone,1700,raging-bolt-ogerpon
1,852,tie,1701,gholdengo-lunatone,1702,gardevoir-jellicent
1,853,tie,1703,gholdengo-lunatone,1704,charizard-noctowl
1,854,p1,1705,raging-bolt-ogerpon,1706,dragapult-dusknoir
1,855,tie,1707,alakazam-dudunsparce,1708,gardevoir-jellicent
1,856,p2,1709,dragapult-dusknoir,1710,ceruledge-ex
1,857,p2,1711,dragapult-dusknoir,1712,lucario-hariyama
1,858,p2,1713,gholdengo-lunatone,1714,dragapult-dusknoir
1,859,p2,1715,dragapult-dusknoir,1716,raging-bolt-ogerpon
1,860,p1,1717,charizard-noctowl,1718,ho-oh-armarouge
1,861,p1,1719,n-zoroark,1720,n-zoroark
1,862,p2,1721,dragapult-dusknoir,1722,dragapult-dusknoir
1,863,p2,1723,dragapult-dusknoir,1724,charizard-noctowl
1,864,p2,1725,dragapult-dusknoir,1726,dragapult-dusknoir
1,865,p1,1727,joltik-box,1728,joltik-box
1,866,p1,1729,gardevoir-ex-sv,1730,dragapult-dusknoir
1,867,p1,1731,grimmsnarl-froslass,1732,dragapult-dusknoir
1,868,tie,1733,charizard-noctowl,1734,gholdengo-lunatone
1,869,p2,1735,gholdengo-joltik-box,1736,gholdengo-lunatone
1,870,p2,1737,gardevoir-jellicent,1738,charizard-noctowl
1,871,p2,1739,alakazam-dudunsparce,1740,gholdengo-lunatone
1,872,p1,1741,alakazam-dudunsparce,1742,gholdengo-lunatone
1,873,tie,1743,charizard-ex,1744,gholdengo-joltik-box
1,874,p2,1745,ethan-typhlosion,1746,gardevoir-jellicent
1,875,p1,1747,gholdengo-lunatone,1748,gholdengo-lunatone
1,876,p1,1749,charizard-pidgeot,1750,gholdengo-dudunsparce
1,877,p2,1751,mega-absol-box,1752,kangaskhan-bouffalant
1,878,tie,1753,ceruledge-ex,1754,n-zoroark
1,879,tie,1755,mega-absol-box,1756,gardevoir-ex-sv
1,880,p2,1757,other,1758,gholdengo-lunatone
1,881,p1,1759,gardevoir-ex-sv,1760,iron-thorns-crustle
1,882,p1,1761,n-zoroark,1762,mega-abomasnow-ex
1,883,p1,1763,other,1764,dragapult-dusknoir
1,884,p2,1765,gholdengo-lunatone,1766,charizard-noctowl
1,885,p1,1767,gardevoir-jellicent,1768,gholdengo-lunatone
1,886,p1,1769,dragapult-charizard,1770,gholdengo-lunatone
1,887,tie,1771,alakazam-dudunsparce,1772,charizard-pidgeot
1,888,p1,1773,gardevoir-jellicent,1774,gholdengo-lunatone
1,889,p2,1775,crustle-dri,1776,dragapult-dusknoir
1,890,p2,1777,dragapult-dusknoir,1778,gholdengo-lunatone
1,891,tie,1779,ursaluna-lunatone,1780,dragapult-dusknoir
1,892,p2,1781,greninja-ex,1782,tera-box
1,893,p2,1783,gardevoir-ex-sv,1784,dragapult-dusknoir
1,894,p1,1785,dragapult-dusknoir,1786,alakazam-dudunsparce
1,895,p1,1787,grimmsnarl-froslass,1788,gholdengo-lunatone
1,896,p2,1789,gholdengo-lunatone,1790,charizard-noctowl
1,897,p1,1791,gardevoir-jellicent,1792,gardevoir-jellicent
1,898,p1,1793,gardevoir-jellicent,1794,gardevoir-ex-sv
1,899,p1,1795,charizard-noctowl,1796,charizard-noctowl
1,900,p2,1797,ceruledge-ex,1798,seaking-pre
1,901,p2,1799,dragapult-dusknoir,1800,dragapult-charizard
1,902,p1,1801,dragapult-dusknoir,1802,flareon-noctowl
1,903,p2,1803,gholdengo-lunatone,1804,raging-bolt-ogerpon
1,904,p2,1805,dragapult-dusknoir,1806,grimmsnarl-froslass
1,905,p1,1807,gardevoir-ex-sv,1808,gardevoir-ex-sv
1,906,p2,1809,dragapult-dusknoir,1810,raging-bolt-ogerpon
1,907,p1,1811,gholdengo-lunatone,1812,tera-box
1,908,p2,1813,n-zoroark,1814,mega-venusaur-ex
1,909,p2,1815,iron-thorns-crustle,1816,ursaluna-lunatone
1,910,p1,1817,ceruledge-ex,1818,gardevoir-ex-sv
1,911,p2,1819,gholdengo-typhlosion,1820,dragapult-dusknoir
1,912,p2,1821,gardevoir-jellicent,1822,gardevoir-ex-sv
1,913,p2,1823,other,1824,manectric-eelektrik
1,914,p1,1825,kangaskhan-bouffalant,1826,gardevoir-ex-sv
1,915,p2,1827,gardevoir-ex-sv,1828,n-zoroark
1,916,p1,1829,slowking-scr,1830,gholdengo-lunatone
1,917,p2,1831,raging-bolt-ogerpon,1832,gholdengo-lunatone
1,918,p2,1833,slaking-ex,1834,gholdengo-lunatone
1,919,p1,1835,gholdengo-lunatone,1836,ceruledge-ex
1,920,tie,1837,gardevoir-jellicent,1838,dragapult-dusknoir
1,921,p2,1839,flareon-noctowl,1840,charizard-noctowl
1,922,p2,1841,gardevoir-ex-sv,1842,tera-box
1,923,p1,1843,alakazam-dudunsparce,1844,charizard-noctowl
1,924,p2,1845,gholdengo-lunatone,1846,raging-bolt-ogerpon
1,925,p1,1847,gardevoir-ex-sv,1848,gardevoir-ex-sv
1,926,p2,1849,dragapult-blaziken,1850,dragapult-dusknoir
1,927,p2,1851,kangaskhan-bouffalant,1852,mega-absol-box
1,928,p2,1853,charizard-noctowl,1854,gardevoir-ex-sv
1,929,p1,1855,n-zoroark,1856,gardevoir-ex-sv
1,930,p1,1857,?,1858,n-zoroark
1,931,p2,1859,gholdengo-lunatone,1860,kangaskhan-bouffalant
1,932,p2,1861,dragapult-dusknoir,1862,gholdengo-lunatone
1,933,p1,1863,gholdengo-lunatone,1864,charizard-noctowl
1,934,p1,1865,charizard-noctowl,1866,dragapult-charizard
1,935,p2,1867,seaking-pre,1868,kangaskhan-bouffalant
1,936,p1,1869,gardevoir-ex-sv,1870,gholdengo-lunatone
1,937,p1,1871,gholdengo-lunatone,1872,gardevoir-jellicent
1,938,tie,1873,slaking-ex,1874,gardevoir-jellicent
1,939,p1,1875,dragapult-dusknoir,1876,gholdengo-lunatone
1,940,tie,1877,dragapult-dusknoir,1878,gholdengo-lunatone
1,941,tie,1879,charizard-noctowl,1880,gholdengo-lunatone
1,942,p1,1881,gholdengo-lunatone,1882,gardevoir-ex-sv
1,943,p1,1883,sharpedo-toxtricity,1884,gholdengo-lunatone
1,944,p1,1885,gholdengo-lunatone,1886,charizard-pidgeot
1,945,p2,1887,charizard-noctowl,1888,grimmsnarl-froslass
1,946,tie,1889,dragapult-charizard,1890,gardevoir-ex-sv
1,947,p2,1891,charizard-noctowl,1892,gholdengo-lunatone
1,948,p1,1893,charizard-noctowl,1894,gardevoir-ex-sv
1,949,p2,1895,gardevoir-ex-sv,1896,dragapult-dusknoir
1,950,p2,1897,charizard-pidgeot,1898,charizard-noctowl
1,951,p2,1899,raging-bolt-ogerpon,1900,charizard-noctowl
1,952,p1,1901,charizard-noctowl,1902,hydrapple-ogerpon
1,953,p2,1903,gholdengo-lunatone,1904,ceruledge-ex
1,954,tie,1905,gholdengo-lunatone,1906,gholdengo-lunatone
1,955,p2,1907,gardevoir-jellicent,1908,gholdengo-lunatone
1,956,p2,1909,dragapult-dusknoir,1910,gardevoir-jellicent
1,957,p1,1911,charizard-noctowl,1912,gholdengo-lunatone
1,958,tie,1913,alakazam-dudunsparce,1914,gholdengo-lunatone
1,959,p1,1915,grimmsnarl-froslass,1916,dragapult-dusknoir
1,960,p1,1917,gardevoir-ex-sv,1918,ceruledge-ex
1,961,p1,1919,grimmsnarl-froslass,1920,joltik-box
1,962,tie,1921,gholdengo-lunatone,1922,gholdengo-lunatone
1,963,p1,1923,gholdengo-lunatone,1924,n-zoroark
1,964,p2,1925,gholdengo-lunatone,1926,n-zoroark
1,965,p2,1927,gardevoir-ex-sv,1928,gardevoir-jellicent
1,966,p1,1929,miraidon-eelektrik,1930,charizard-noctowl
1,967,tie,1931,n-zoroark,1932,dragapult-dusknoir
1,968,p2,1933,gardevoir-jellicent,1934,charizard-noctowl
1,969,p2,1935,dragapult-dusknoir,1936,gardevoir-ex-sv
1,970,p1,1937,charizard-noctowl,1938,ho-oh-armarouge
1,971,tie,1939,charizard-noctowl,1940,gholdengo-lunatone
1,972,tie,1941,gardevoir-jellicent,1942,charizard-noctowl
1,973,p1,1943,dragapult-charizard,1944,charizard-pidgeot
1,974,p1,1945,dragapult-dusknoir,1946,dragapult-dusknoir
1,975,p2,1947,gholdengo-lunatone,1948,mega-absol-box
1,976,p2,1949,ceruledge-ex,1950,gardevoir-ex-sv
1,977,p1,1951,charizard-noctowl,1952,ursaluna-lunatone
1,978,tie,1953,gholdengo-lunatone,1954,gholdengo-lunatone
1,979,p2,1955,gholdengo-lunatone,1956,dragapult-dusknoir
1,980,p1,1957,charizard-noctowl,1958,n-zoroark
1,981,p2,1959,dragapult-dusknoir,1960,crustle-dri
1,982,p1,1961,charizard-noctowl,1962,gholdengo-lunatone
1,983,p1,1963,gholdengo-lunatone,1964,dragapult-dusknoir
1,984,p1,1965,gholdengo-typhlosion,1966,gholdengo-lunatone
1,985,tie,1967,gholdengo-lunatone,1968,lucario-hariyama
1,986,p1,1969,charizard-noctowl,1970,flareon-noctowl
1,987,p1,1971,gardevoir-ex-sv,1972,charizard-noctowl
1,988,p1,1973,charizard-noctowl,1974,gardevoir-ex-sv
1,989,tie,1975,grimmsnarl-froslass,1976,gardevoir-jellicent
1,990,p2,1977,charizard-noctowl,1978,gholdengo-lunatone
1,991,p2,1979,charizard-pidgeot,1980,grimmsnarl-froslass
1,992,p1,1981,gardevoir-jellicent,1982,gardevoir-ex-sv
1,993,tie,1983,hydreigon-ex,1984,hydrapple-ogerpon
1,994,p2,1985,gholdengo-lunatone,1986,tera-box
1,995,p1,1987,cynthia-garchomp-ex,1988,n-zoroark
1,996,p1,1989,gholdengo-lunatone,1990,charizard-noctowl
1,997,tie,1991,charizard-noctowl,1992,grimmsnarl-froslass
1,998,p1,1993,gardevoir-ex-sv,1994,gardevoir-ex-sv
1,999,p2,1995,gholdengo-lunatone,1996,joltik-box
1,1000,tie,1997,gholdengo-lunatone,1998,dragapult-dusknoir
1,1001,p2,1999,gholdengo-ex,2000,charizard-noctowl
1,1002,tie,2001,gholdengo-lunatone,2002,gholdengo-lunatone
1,1003,p1,2003,dragapult-dusknoir,2004,mega-venusaur-ex
1,1004,p2,2005,charizard-noctowl,2006,gholdengo-lunatone
1,1005,p2,2007,charizard-pidgeot,2008,charizard-noctowl
1,1006,p1,2009,raging-bolt-ogerpon,2010,ethan-typhlosion
1,1007,tie,2011,gardevoir-ex-sv,2012,flareon-noctowl
1,1008,tie,2013,grimmsnarl-froslass,2014,gardevoir-jellicent
1,1009,tie,2015,charizard-noctowl,2016,charizard-pidgeot
1,1010,tie,2017,gholdengo-lunatone,2018,gholdengo-lunatone
1,1011,p2,2019,gardevoir-ex-sv,2020,charizard-pidgeot
1,1012,p2,2021,hydreigon-ex,2022,gholdengo-lunatone
1,1013,p2,2023,gardevoir-ex-sv,2024,gholdengo-lunatone
1,1014,p1,2025,charizard-noctowl,2026,dragapult-dusknoir
1,1015,p2,2027,kangaskhan-bouffalant,2028,gholdengo-lunatone
1,1016,p1,2029,gholdengo-lunatone,2030,dragapult-dusknoir
1,1017,p1,2031,dragapult-dusknoir,2032,alakazam-dudunsparce
1,1018,p1,2033,alakazam-dudunsparce,2034,flareon-noctowl
1,1019,p2,2035,crustle-dri,2036,charizard-noctowl
1,1020,p2,2037,charizard-noctowl,2038,n-zoroark
1,1021,tie,2039,gholdengo-lunatone,2040,kangaskhan-bouffalant
1,1022,p1,2041,gardevoir-jellicent,2042,gardevoir-jellicent
1,1023,p2,2043,gholdengo-lunatone,2044,charizard-noctowl
1,1024,tie,2045,grimmsnarl-froslass,2046,flareon-noctowl
1,1025,p1,2047,dragapult-dusknoir,2048,gardevoir-ex-sv
1,1026,p1,2049,gardevoir-ex-sv,2050,joltik-box
1,1027,p1,2051,mega-venusaur-ex,2052,tera-box
1,1028,p1,2053,gardevoir-jellicent,2054,dragapult-dusknoir
1,1029,p1,2055,gardevoir-ex-sv,2056,gardevoir-jellicent
1,1030,p2,2057,gholdengo-joltik-box,2058,gholdengo-lunatone
1,1031,p1,2059,sharpedo-toxtricity,2060,charizard-noctowl
1,1032,p2,2061,charizard-noctowl,2062,ceruledge-ex
1,1033,tie,2063,dragapult-dusknoir,2064,grimmsnarl-froslass
1,1034,p2,2065,charizard-noctowl,2066,dragapult-dusknoir
1,1035,tie,2067,dragapult-dusknoir,2068,gholdengo-lunatone
1,1036,p2,2069,charizard-noctowl,2070,tera-box
1,1037,tie,2071,gardevoir-ex-sv,2072,iron-thorns-ex
1,1038,p2,2073,ceruledge-ex,2074,gardevoir-ex-sv
1,1039,p1,2075,charizard-noctowl,2076,gardevoir-ex-sv
1,1040,tie,2077,charizard-pidgeot,2078,charizard-noctowl
1,1041,p2,2079,gardevoir-jellicent,2080,gardevoir-ex-sv
1,1042,p2,2081,kangaskhan-bouffalant,2082,alakazam-dudunsparce
1,1043,p2,2083,manectric-eelektrik,2084,dragapult-dusknoir
1,1044,p2,2085,gholdengo-lunatone,2086,gholdengo-lunatone
1,1045,p1,2087,gholdengo-lunatone,2088,gholdengo-lunatone
1,1046,p2,2089,charizard-pidgeot,2090,gardevoir-ex-sv
1,1047,p1,2091,greninja-ex,2092,joltik-box
1,1048,p2,2093,lopunny-dusknoir,2094,greninja-ex
1,1049,p2,2095,tera-box,2096,mega-absol-box
1,1050,p2,2097,mega-absol-box,2098,gardevoir-ex-sv
1,1051,p1,2099,kangaskhan-bouffalant,2100,raging-bolt-ogerpon
1,1052,tie,2101,seaking-pre,2102,gholdengo-lunatone
1,1053,p1,2103,raging-bolt-ogerpon,2104,raging-bolt-ogerpon
1,1054,p2,2105,gardevoir-ex-sv,2106,charizard-noctowl
1,1055,p1,2107,raging-bolt-ogerpon,2108,kangaskhan-bouffalant
1,1056,p1,2109,dragapult-dusknoir,2110,dragapult-dusknoir
1,1057,p1,2111,mega-absol-box,2112,dragapult-dusknoir
1,1058,p2,2113,gholdengo-lunatone,2114,gholdengo-lunatone
1,1059,p2,2115,ceruledge-ex,2116,charizard-noctowl
1,1060,tie,2117,gholdengo-lunatone,2118,gardevoir-jellicent
1,1061,p1,2119,gardevoir-jellicent,2120,other
1,1062,p2,2121,ceruledge-ex,2122,tera-box
1,1063,p2,2123,gholdengo-lunatone,2124,charizard-noctowl
1,1064,p2,2125,cynthia-garchomp-ex,2126,gardevoir-jellicent
1,1065,p1,2127,kangaskhan-bouffalant,2128,alakazam-dudunsparce
1,1066,p1,2129,charizard-noctowl,2130,n-zoroark
1,1067,p1,2131,mega-venusaur-ex,2132,kangaskhan-bouffalant
1,1068,p2,2133,joltik-box,2134,gholdengo-lunatone
1,1069,p2,2135,gholdengo-lunatone,2136,joltik-box
1,1070,p2,2137,gardevoir-jellicent,2138,gholdengo-lunatone
1,1071,p2,2139,dragapult-dusknoir,2140,gholdengo-lunatone
1,1072,p1,2141,gardevoir-jellicent,2142,gholdengo-lunatone
1,1073,p2,2143,ceruledge-ex,2144,dragapult-dusknoir
1,1074,tie,2145,charizard-noctowl,2146,lucario-hariyama
1,1075,p1,2147,gardevoir-jellicent,2148,lopunny-dusknoir
1,1076,p1,2149,mega-absol-box,2150,dragapult-dusknoir
1,1077,p1,2151,alakazam-dudunsparce,2152,raging-bolt-ogerpon
1,1078,p1,2153,gardevoir-jellicent,2154,gholdengo-lunatone
1,1079,p1,2155,gholdengo-lunatone,2156,raging-bolt-ogerpon
1,1080,tie,2157,dragapult-dusknoir,2158,charizard-noctowl
1,1081,p1,2159,conkeldurr-twm,2160,charizard-noctowl
1,1082,p2,2161,gholdengo-lunatone,2162,slowking-scr
1,1083,p1,2163,dragapult-dusknoir,2164,gholdengo-lunatone
1,1084,tie,2165,conkeldurr-twm,2166,grimmsnarl-froslass
1,1085,p2,2167,charizard-noctowl,2168,dragapult-dusknoir
1,1086,p2,2169,ogerpon-meganium,2170,gholdengo-lunatone
1,1087,tie,2171,marnie-grimmsnarl-ex,2172,slowking-scr
1,1088,p1,2173,mega-absol-box,2174,charizard-noctowl
1,1089,tie,2175,gardevoir-jellicent,2176,ceruledge-ex
1,1090,p2,2177,gholdengo-lunatone,2178,n-zoroark
1,1091,p1,2179,grimmsnarl-froslass,2180,dragapult-dusknoir
1,1092,p1,2181,gholdengo-lunatone,2182,gholdengo-lunatone
1,1093,p2,2183,charizard-pidgeot,2184,charizard-noctowl
1,1094,p2,2185,mega-absol-box,2186,dragapult-dusknoir
1,1095,p2,2187,gholdengo-lunatone,2188,charizard-noctowl
1,1096,p1,2189,gardevoir-jellicent,2190,dragapult-dusknoir
1,1097,p2,2191,greninja-ex,2192,gholdengo-lunatone
1,1098,tie,2193,dragapult-dusknoir,2194,tera-box
1,1099,p2,2195,gardevoir-ex-sv,2196,gholdengo-lunatone
1,1100,tie,2197,ceruledge-ex,2198,hydrapple-ogerpon
1,1101,p1,2199,gholdengo-lunatone,2200,sharpedo-toxtricity
1,1102,p2,2201,gholdengo-lunatone,2202,ceruledge-ex
1,1103,p1,2203,charizard-noctowl,2204,gholdengo-lunatone
1,1104,tie,2205,gardevoir-ex-sv,2206,seaking-pre
1,1105,tie,2207,alakazam-dudunsparce,2208,conkeldurr-twm
1,1106,p2,2209,charizard-noctowl,2210,gholdengo-lunatone
1,1107,p2,2211,other,2212,gardevoir-jellicent
1,1108,p2,2213,dragapult-dusknoir,2214,dragapult-dusknoir
1,1109,p1,2215,dragapult-dusknoir,2216,lopunny-dusknoir
1,1110,p2,2217,iron-hands-magneton,2218,dragapult-dusknoir
1,1111,p2,2219,kangaskhan-bouffalant,2220,raging-bolt-ogerpon
1,1112,p2,2221,lopunny-dusknoir,2222,dragapult-dusknoir
1,1113,tie,2223,other,2224,ursaluna-lunatone
1,1114,p1,2225,grimmsnarl-froslass,2226,dragapult-dusknoir
1,1115,p1,2227,gholdengo-lunatone,2228,gardevoir-ex-sv
1,1116,p2,2229,gholdengo-lunatone,2230,n-zoroark
1,1117,tie,2231,mega-absol-box,2232,tera-box
1,1118,p1,2233,gardevoir-jellicent,2234,charizard-pidgeot
1,1119,p2,2235,dragapult-dusknoir,2236,dragapult-dusknoir
1,1120,tie,2237,charizard-noctowl,2238,gholdengo-lunatone
1,1121,p2,2239,gholdengo-lunatone,2240,gholdengo-lunatone
1,1122,p2,2241,hydrapple-ogerpon,2242,charizard-noctowl
1,1123,p2,2243,charizard-noctowl,2244,dragapult-dusknoir
1,1124,p1,2245,gholdengo-lunatone,2246,gholdengo-joltik-box
1,1125,tie,2247,kangaskhan-bouffalant,2248,gardevoir-ex-sv
1,1126,p2,2249,alakazam-dudunsparce,2250,dragapult-dusknoir
1,,bye,2251,raging-bolt-ogerpon,,
1,,unpaired,2252,gardevoir-ex-sv,,
1,,unpaired,2253,gholdengo-lunatone,,
1,,unpaired,2254,n-zoroark,,
1,,unpaired,2255,charizard-noctowl,,
1,,unpaired,2256,dragapult-charizard,,
1,,unpaired,2257,charizard-noctowl,,
1,,unpaired,2258,dragapult-dusknoir,,
1,,unpaired,2259,tera-box,,
1,,unpaired,2260,gardevoir-ex-sv,,
1,,unpaired,2261,dragapult-dusknoir,,
1,,unpaired,2262,gardevoir-ex-sv,,
1,,unpaired,2263,gardevoir-ex-sv,,
1,,unpaired,2264,gholdengo-lunatone,,
1,,unpaired,2265,mega-absol-box,,
1,,unpaired,2266,charizard-noctowl,,
1,,unpaired,2267,grimmsnarl-froslass,,
1,,unpaired,2268,dragapult-dusknoir,,
1,,unpaired,2269,gholdengo-lunatone,,
1,,bye,2270,tera-box,,
2,1,tie,0811,gholdengo-lunatone,1124,gholdengo-lunatone
2,2,p1,1331,gholdengo-lunatone,0345,alakazam-dudunsparce
2,3,p1,1318,charizard-noctowl,0015,gardevoir-ex-sv
2,4,p2,0932,tera-box,0111,dragapult-charizard
2,5,p1,1321,ceruledge-ex,1467,gholdengo-lunatone
2,6,p1,1160,gholdengo-lunatone,0155,mega-absol-box
2,7,p2,0457,mega-absol-box,1109,other
2,8,p1,0714,kangaskhan-bouffalant,0668,gardevoir-ex-sv
2,9,p2,0397,n-zoroark,1936,gardevoir-ex-sv
2,10,p1,0720,tera-box,0895,dragapult-dusknoir
2,11,p1,0374,ceruledge-ex,1407,gardevoir-ex-sv
2,12,p1,1502,charizard-noctowl,0525,gholdengo-lunatone
2,13,tie,1087,charizard-noctowl,0817,charizard-noctowl
2,14,tie,0379,dragapult-dusknoir,1330,charizard-noctowl
2,15,p1,0803,gardevoir-ex-sv,0915,raging-bolt-ogerpon
2,16,p2,1614,gholdengo-joltik-box,0690,charizard-noctowl
2,17,p1,2251,raging-bolt-ogerpon,0067,pidgeot-control
2,18,p1,1681,charizard-noctowl,2202,ceruledge-ex
2,19,tie,1216,gardevoir-ex-sv,1397,charizard-pidgeot
2,20,p2,2179,grimmsnarl-froslass,1527,gardevoir-ex-sv
2,21,tie,1615,palafin-ex,0190,kangaskhan-bouffalant
2,22,p1,0833,gardevoir-ex-sv,0197,gholdengo-lunatone
2,23,p1,2038,n-zoroark,1875,dragapult-dusknoir
2,24,tie,0027,gholdengo-lunatone,2084,dragapult-dusknoir
2,25,p1,2044,charizard-noctowl,0123,gardevoir-jellicent
2,26,p2,0149,gholdengo-lunatone,1346,charizard-noctowl
2,27,p2,0389,gardevoir-ex-sv,2058,gholdengo-lunatone
2,28,p2,0775,charizard-noctowl,0654,charizard-pidgeot
2,29,tie,0697,gholdengo-lunatone,1749,charizard-pidgeot
2,30,p1,1915,grimmsnarl-froslass,0722,charizard-pidgeot
2,31,p2,1928,gardevoir-jellicent,1463,n-zoroark
2,32,p1,0100,ceruledge-ex,0305,joltik-box
2,33,p2,0164,gholdengo-lunatone,1908,gholdengo-lunatone
2,34,p1,0709,gholdengo-lunatone,2122,tera-box
2,35,p1,1077,dragapult-dusknoir,1862,gholdengo-lunatone
2,36,p2,0910,dragapult-dusknoir,2090,gardevoir-ex-sv
2,37,p2,1800,dragapult-charizard,1910,gardevoir-jellicent
2,38,tie,1352,raging-bolt-ogerpon,0969,gholdengo-lunatone
2,39,p2,1221,mega-venusaur-ex,1387,charizard-noctowl
2,40,tie,1568,dragapult-dusknoir,1064,gardevoir-jellicent
2,41,p1,0868,gardevoir-jellicent,0450,gholdengo-lunatone
2,42,p1,0523,gardevoir-ex-sv,0415,joltik-box
2,43,p1,1534,charizard-noctowl,1103,ursaluna-lunatone
2,44,p1,0946,other,0151,dragapult-dusknoir
2,45,p2,2184,charizard-noctowl,2025,charizard-noctowl
2,46,p1,1885,gholdengo-lunatone,1032,froslass-munkidori
2,47,tie,1052,dragapult-ex,1896,dragapult-dusknoir
2,48,p2,0445,gholdengo-lunatone,1426,gardevoir-ex-sv
2,49,p2,1278,toxtricity-pfl,0656,mega-absol-box
2,50,p1,1565,alakazam-dudunsparce,0795,alakazam-dudunsparce
2,51,p1,0861,gholdengo-lunatone,0908,dragapult-dusknoir
2,52,p2,1489,dragapult-dusknoir,1357,gardevoir-jellicent
2,53,p2,0195,gholdengo-ex,1301,greninja-ex
2,54,tie,0085,flareon-noctowl,1883,sharpedo-toxtricity
2,55,p2,1691,gholdengo-lunatone,1951,charizard-noctowl
2,56,p1,1829,slowking-scr,1101,dragapult-dusknoir
2,57,p1,1493,charizard-noctowl,2051,mega-venusaur-ex
2,58,p1,0233,raging-bolt-ogerpon,0535,mega-absol-box
2,59,p1,1695,grimmsnarl-froslass,1411,gardevoir-ex-sv
2,60,p2,1583,charizard-noctowl,0427,charizard-noctowl
2,61,p2,0344,grimmsnarl-froslass,1960,crustle-dri
2,62,p2,1241,joltik-box,2109,dragapult-dusknoir
2,63,p1,1457,gholdengo-lunatone,1377,gholdengo-lunatone
2,64,p2,1824,manectric-eelektrik,0290,gholdengo-lunatone
2,65,p1,1142,gholdengo-lunatone,0929,other
2,66,p1,1220,charizard-noctowl,1716,raging-bolt-ogerpon
2,67,p1,0161,dragapult-dusknoir,1638,gholdengo-lunatone
2,68,p2,1538,gardevoir-jellicent,1729,gardevoir-ex-sv
2,69,p1,0439,gholdengo-lunatone,0934,gholdengo-lunatone
2,70,p2,0753,gholdengo-lunatone,0109,gholdengo-lunatone
2,71,p1,0999,gardevoir-ex-sv,1021,lopunny-dusknoir
2,72,p1,1074,charizard-pidgeot,0980,kangaskhan-bouffalant
2,73,p1,1290,dragapult-dusknoir,0251,hydrapple-ogerpon
2,74,p2,0453,raging-bolt-ogerpon,1965,gholdengo-typhlosion
2,75,p2,1249,dragapult-dusknoir,0366,charizard-noctowl
2,76,p2,1790,charizard-noctowl,1293,gholdengo-lunatone
2,77,p2,0057,charizard-noctowl,1556,mega-absol-box
2,78,p1,0240,greninja-ex,1485,dragapult-dusknoir
2,79,p2,0660,gardevoir-jellicent,1943,dragapult-charizard
2,80,p1,1488,dragapult-dusknoir,0583,dragapult-dusknoir
2,81,p2,1127,n-zoroark,0307,charizard-noctowl
2,82,p2,0767,ceruledge-ex,1403,charizard-noctowl
2,83,tie,1746,gardevoir-jellicent,0017,gholdengo-lunatone
2,84,p1,1324,gardevoir-ex-sv,0863,gholdengo-lunatone
2,85,p2,0777,gholdengo-lunatone,0080,dragapult-charizard
2,86,p1,1950,gardevoir-ex-sv,2075,charizard-noctowl
2,87,p2,1004,gholdengo-lunatone,1627,gholdengo-lunatone
2,88,p2,1911,charizard-noctowl,1776,dragapult-dusknoir
2,89,p1,1266,ceruledge-ex,0926,kangaskhan-bouffalant
2,90,p2,0683,dragapult-charizard,1443,grimmsnarl-froslass
2,91,p2,1282,gardevoir-jellicent,1871,gholdengo-lunatone
2,92,p2,0717,grimmsnarl-froslass,0066,gholdengo-lunatone
2,93,p1,1917,gardevoir-ex-sv,1649,dragapult-charizard
2,94,p2,1389,charizard-noctowl,2144,dragapult-dusknoir
2,95,p1,1675,gholdengo-lunatone,2031,dragapult-dusknoir
2,96,p2,1595,gholdengo-lunatone,1724,charizard-noctowl
2,97,p2,0597,greninja-ex,1717,charizard-noctowl
2,98,tie,0549,gholdengo-lunatone,0235,gholdengo-lunatone
2,99,p2,0602,gholdengo-lunatone,0582,dragapult-dusknoir
2,100,p2,1828,n-zoroark,1168,dragapult-dusknoir
2,101,p2,0988,mega-absol-box,0645,dragapult-dusknoir
2,102,p1,0246,gholdengo-lunatone,1926,n-zoroark
2,103,tie,1539,joltik-box,0913,charizard-noctowl
2,104,p1,1151,gardevoir-jellicent,1476,dragapult-dusknoir
2,105,p2,1254,charizard-noctowl,0322,kangaskhan-bouffalant
2,106,p1,0339,charizard-pidgeot,2227,gholdengo-lunatone
2,107,p2,2250,dragapult-dusknoir,0557,gholdengo-joltik-box
2,108,p1,1989,gholdengo-lunatone,0218,dragapult-dusknoir
2,109,p1,0201,charizard-noctowl,0267,gardevoir-jellicent
2,110,p1,1865,charizard-noctowl,1710,ceruledge-ex
2,111,p1,1646,charizard-noctowl,0230,gholdengo-lunatone
2,112,p1,0798,alakazam-dudunsparce,1685,joltik-box
2,113,p1,1738,charizard-noctowl,0443,gholdengo-lunatone
2,114,p2,1058,gholdengo-lunatone,1842,tera-box
2,115,p2,1045,cynthia-garchomp-ex,1741,alakazam-dudunsparce
2,116,p2,2119,gardevoir-jellicent,0147,dragapult-dusknoir
2,117,tie,1517,dragapult-dusknoir,1348,crustle-dri
2,118,p1,1901,charizard-noctowl,0751,gardevoir-ex-sv
2,119,p2,1761,n-zoroark,1263,gholdengo-lunatone
2,120,p2,0793,dragapult-dusknoir,0022,pidgeot-control
2,121,tie,0487,dragapult-dusknoir,0165,gholdengo-ex
2,122,p1,1172,gardevoir-ex-sv,1981,gardevoir-jellicent
2,123,p2,0088,gardevoir-jellicent,2028,gholdengo-lunatone
2,124,p1,0383,charizard-noctowl,0744,gholdengo-lunatone
2,125,p2,0329,charizard-noctowl,0879,gardevoir-ex-sv
2,126,p2,1574,kangaskhan-bouffalant,0059,gardevoir-ex-sv
2,127,p2,1325,charizard-noctowl,0441,iron-hands-magneton
2,128,tie,0961,dragapult-dusknoir,0971,gholdengo-lunatone
2,129,p2,1134,n-zoroark,0482,gardevoir-ex-sv
2,130,p1,0585,dragapult-dusknoir,1048,charizard-noctowl
2,131,p1,0431,dragapult-dusknoir,2220,raging-bolt-ogerpon
2,132,p2,0870,greninja-ex,0370,gardevoir-jellicent
2,133,p1,1491,gholdengo-lunatone,0941,gardevoir-jellicent
2,134,p1,2162,slowking-scr,1621,gardevoir-jellicent
2,135,p2,2047,dragapult-dusknoir,1380,raging-bolt-ogerpon
2,136,p2,2244,dragapult-dusknoir,0968,dragapult-dusknoir
2,137,p2,1602,gholdengo-lunatone,2009,raging-bolt-ogerpon
2,138,p1,0905,gholdengo-lunatone,0771,gholdengo-lunatone
2,139,tie,1474,charizard-pidgeot,0959,gardevoir-jellicent
2,140,p2,0043,charizard-pidgeot,1174,charizard-noctowl
2,141,p1,1699,gholdengo-lunatone,1825,kangaskhan-bouffalant
2,142,p1,1039,gholdengo-lunatone,1163,tera-box
2,143,p2,0097,pidgeot-control,2020,charizard-pidgeot
2,144,p2,0212,charizard-noctowl,0168,charizard-noctowl
2,145,p1,1082,charizard-noctowl,2170,gholdengo-lunatone
2,146,p2,2222,dragapult-dusknoir,1132,gholdengo-lunatone
2,147,p2,1578,sharpedo-toxtricity,2114,gholdengo-lunatone
2,148,p2,0177,dragapult-dusknoir,1801,dragapult-dusknoir
2,149,p2,0323,pidgeot-control,0193,n-zoroark
2,150,tie,0613,gholdengo-lunatone,1445,dragapult-dusknoir
2,151,p2,1904,ceruledge-ex,0480,gardevoir-ex-sv
2,152,p2,1561,raging-bolt-ogerpon,0468,gardevoir-ex-sv
2,153,p2,0846,cynthia-garchomp-ex,1009,gardevoir-ex-sv
2,154,p1,2149,mega-absol-box,0073,dragapult-dusknoir
2,155,p2,0658,flareon-noctowl,2096,mega-absol-box
2,156,tie,0320,gholdengo-lunatone,0705,gardevoir-ex-sv
2,157,p1,0500,mega-absol-box,2218,dragapult-dusknoir
2,158,p1,0132,n-zoroark,1759,gardevoir-ex-sv
2,159,tie,1661,gardevoir-jellicent,2215,dragapult-dusknoir
2,160,p1,1042,gholdengo-lunatone,1547,dragapult-dusknoir
2,161,p2,1143,gardevoir-ex-sv,1106,gholdengo-lunatone
2,162,p2,0604,gholdengo-lunatone,1035,gholdengo-lunatone
2,163,p1,1665,charizard-noctowl,1207,dragapult-dusknoir
2,164,p2,1376,alakazam-dudunsparce,1782,tera-box
2,165,p2,1608,gardevoir-ex-sv,0784,dragapult-dusknoir
2,166,p2,1620,dragapult-dusknoir,2240,gholdengo-lunatone
2,167,p1,1421,grimmsnarl-froslass,0884,sharpedo-toxtricity
2,168,p1,0703,flareon-noctowl,1185,cynthia-garchomp-ex
2,169,tie,0576,gholdengo-lunatone,1636,charizard-noctowl
2,170,p1,1898,charizard-noctowl,1008,alakazam-dudunsparce
2,171,p2,1820,dragapult-dusknoir,0035,gholdengo-lunatone
2,172,p2,1785,dragapult-dusknoir,1319,gholdengo-lunatone
2,173,p1,0318,gardevoir-jellicent,1147,marnie-grimmsnarl-ex
2,174,p1,2055,gardevoir-ex-sv,0001,gardevoir-ex-sv
2,175,p1,1810,raging-bolt-ogerpon,0350,charizard-noctowl
2,176,p1,1296,grimmsnarl-froslass,0512,ceruledge-ex
2,177,p1,1072,raging-bolt-ogerpon,2131,mega-venusaur-ex
2,178,p1,0808,ceruledge-ex,1604,dragapult-dusknoir
2,179,p1,0650,charizard-pidgeot,0223,gardevoir-ex-sv
2,180,p2,0407,gardevoir-jellicent,0188,gardevoir-jellicent
2,181,p2,1155,gardevoir-jellicent,1612,gholdengo-lunatone
2,182,p2,1852,mega-absol-box,0740,gholdengo-lunatone
2,183,p2,0412,gholdengo-lunatone,0222,dragapult-dusknoir
2,184,p1,1139,charizard-noctowl,0629,gardevoir-jellicent
2,185,tie,1213,charizard-noctowl,2147,gardevoir-jellicent
2,186,p1,0117,dragapult-dusknoir,1279,mega-absol-box
2,187,p2,0184,gholdengo-lunatone,0122,dragapult-charizard
2,188,p2,0199,dragapult-dusknoir,0054,gardevoir-ex-sv
2,189,p2,1793,gardevoir-jellicent,1068,dragapult-dusknoir
2,190,p2,1001,dragapult-dusknoir,2134,gholdengo-lunatone
2,191,tie,2080,gardevoir-ex-sv,1653,dragapult-dusknoir
2,192,p1,1184,lopunny-dusknoir,2203,charizard-noctowl
2,193,tie,1961,charizard-noctowl,1424,dragapult-dusknoir
2,194,p1,0292,greninja-ex,1419,gholdengo-lunatone
2,195,p1,0033,gardevoir-ex-sv,1778,gholdengo-lunatone
2,196,p2,0806,dragapult-dusknoir,0547,dragapult-dusknoir
2,197,p1,1822,gardevoir-ex-sv,2066,dragapult-dusknoir
2,198,p2,1712,lucario-hariyama,0841,dragapult-dusknoir
2,199,p2,1177,charizard-noctowl,0642,gholdengo-lunatone
2,200,p1,2103,raging-bolt-ogerpon,0699,dragapult-dusknoir
2,201,p1,0912,gholdengo-lunatone,0296,gholdengo-lunatone
2,202,tie,0674,gardevoir-jellicent,0625,greninja-ex
2,203,p2,0037,charizard-noctowl,1270,gardevoir-jellicent
2,204,p1,0745,dragapult-dusknoir,1460,charizard-noctowl
2,205,p2,1948,mega-absol-box,2155,gholdengo-lunatone
2,206,tie,1618,charizard-noctowl,0146,grimmsnarl-froslass
2,207,p1,2188,charizard-noctowl,0303,dragapult-dusknoir
2,208,p1,1350,gardevoir-ex-sv,1787,grimmsnarl-froslass
2,209,p2,0353,gholdengo-lunatone,2173,mega-absol-box
2,210,p2,1504,gholdengo-lunatone,2059,sharpedo-toxtricity
2,211,p1,1114,dragapult-charizard,0852,gholdengo-lunatone
2,212,tie,0077,seaking-pre,1385,alakazam-dudunsparce
2,213,tie,0393,dragapult-charizard,0976,gardevoir-ex-sv
2,214,p2,1118,dragapult-charizard,0404,gholdengo-lunatone
2,215,p1,0853,gholdengo-lunatone,0493,raging-bolt-ogerpon
2,216,p2,0042,mega-absol-box,0463,gholdengo-lunatone
2,217,p2,1360,gholdengo-lunatone,1092,gholdengo-lunatone
2,218,tie,1454,gholdengo-lunatone,1752,kangaskhan-bouffalant
2,219,p1,1297,gardevoir-jellicent,0860,charizard-noctowl
2,220,p1,1806,grimmsnarl-froslass,0620,charizard-noctowl
2,221,p1,1137,grimmsnarl-froslass,1410,gholdengo-lunatone
2,222,p2,0569,gholdengo-lunatone,1811,gholdengo-lunatone
2,224,p2,1727,joltik-box,0527,gholdengo-lunatone
2,225,p2,2225,grimmsnarl-froslass,1024,grimmsnarl-froslass
2,226,p2,0135,dragapult-dusknoir,0355,miraidon-eelektrik
2,227,p1,0848,dragapult-dusknoir,0574,charizard-noctowl
2,228,p2,0129,gholdengo-lunatone,0903,charizard-noctowl
2,229,p1,0051,gholdengo-lunatone,0254,gardevoir-ex-sv
2,230,p1,1414,ceruledge-ex,0951,charizard-pidgeot
2,231,p2,1969,charizard-noctowl,1356,n-zoroark
2,232,p2,0782,kangaskhan-bouffalant,0120,n-zoroark
2,233,p2,1086,gholdengo-lunatone,1252,lopunny-dusknoir
2,234,p2,0127,gholdengo-lunatone,0617,tera-box
2,235,p2,0998,charizard-noctowl,1313,n-zoroark
2,236,p2,2099,kangaskhan-bouffalant,0624,n-zoroark
2,237,p1,2008,charizard-noctowl,1506,charizard-noctowl
2,238,p1,1587,charizard-noctowl,0665,dragapult-dusknoir
2,239,p2,0473,gholdengo-lunatone,1798,seaking-pre
2,240,p1,0231,n-zoroark,1306,grimmsnarl-froslass
2,241,p2,1832,gholdengo-lunatone,0420,gholdengo-lunatone
2,242,p2,2036,charizard-noctowl,0181,mega-absol-box
2,243,p1,0577,n-zoroark,2214,dragapult-dusknoir
2,244,p1,2230,n-zoroark,2116,charizard-noctowl
2,245,p2,1586,charizard-noctowl,0632,dragapult-dusknoir
2,246,p2,0810,gardevoir-jellicent,1049,gardevoir-ex-sv
2,247,p1,1299,n-zoroark,1059,dragapult-dusknoir
2,248,p2,0126,gholdengo-lunatone,0770,lucario-hariyama
2,249,tie,0300,grimmsnarl-froslass,0360,gholdengo-joltik-box
2,250,tie,2136,joltik-box,0954,gholdengo-lunatone
2,251,p2,1364,dragapult-dusknoir,0983,gholdengo-lunatone
2,252,p2,1100,gardevoir-jellicent,1304,?roaring-moon
2,253,p2,1195,n-zoroark,2074,gardevoir-ex-sv
2,254,p2,0764,pidgeot-control,0615,grimmsnarl-froslass
2,255,p1,2006,gholdengo-lunatone,0012,flareon-noctowl
2,256,tie,0963,gholdengo-lunatone,1657,gholdengo-lunatone
2,257,p2,2192,gholdengo-lunatone,0873,charizard-pidgeot
2,258,p1,1268,gardevoir-ex-sv,0157,gholdengo-lunatone
2,259,p2,0406,n-zoroark,0062,grimmsnarl-froslass
2,260,p1,0399,gardevoir-ex-sv,0837,lopunny-dusknoir
2,261,p1,0333,charizard-noctowl,1722,dragapult-dusknoir
2,262,p2,0517,mega-absol-box,1804,raging-bolt-ogerpon
2,263,p2,1392,raging-bolt-ogerpon,0522,charizard-noctowl
2,264,p1,2242,charizard-noctowl,1170,gardevoir-ex-sv
2,265,tie,0203,charizard-dragapult,1854,gardevoir-ex-sv
2,266,p2,0362,dragapult-dusknoir,0579,gholdengo-lunatone
2,267,p1,1705,raging-bolt-ogerpon,1095,mega-absol-box
2,268,p2,0447,charizard-noctowl,2087,gholdengo-lunatone
2,270,p2,0538,gardevoir-jellicent,1034,dragapult-dusknoir
2,271,p2,0539,gholdengo-lunatone,0774,gholdengo-lunatone
2,272,p1,0541,gardevoir-jellicent,0593,gholdengo-lunatone
2,273,p1,0544,kangaskhan-bouffalant,1731,grimmsnarl-froslass
2,274,p2,0546,dragapult-charizard,1439,n-zoroark
2,275,tie,0548,charizard-pidgeot,2259,tera-box
2,276,p1,0550,lopunny-dusknoir,1231,n-zoroark
2,277,p2,0552,alakazam-dudunsparce,0501,gardevoir-ex-sv
2,278,p1,0433,?,0553,gholdengo-lunatone
2,279,p2,0556,dragapult-dusknoir,1791,gardevoir-jellicent
2,280,p1,1730,dragapult-dusknoir,0558,flareon-noctowl
2,281,p2,0559,conkeldurr-twm,0401,gholdengo-lunatone
2,282,tie,0562,gholdengo-lunatone,0417,gholdengo-lunatone
2,283,p2,1543,dragapult-dusknoir,0563,charizard-noctowl
2,284,p2,0565,charizard-noctowl,1830,gholdengo-lunatone
2,285,tie,0542,charizard-noctowl,0029,charizard-pidgeot
2,286,p2,2022,gholdengo-lunatone,0692,alakazam-dudunsparce
2,287,p1,1291,gholdengo-lunatone,1448,tera-box
2,288,p1,2168,dragapult-dusknoir,1840,charizard-noctowl
2,289,p2,0611,charizard-noctowl,1647,kangaskhan-bouffalant
2,290,p1,0948,dragapult-charizard,1497,kangaskhan-forretress
2,291,p1,1900,charizard-noctowl,0609,gardevoir-ex-sv
2,292,p1,2062,ceruledge-ex,1433,gholdengo-lunatone
2,293,tie,1559,mega-absol-box,1107,gardevoir-jellicent
2,294,p1,1982,gardevoir-ex-sv,0074,flareon-noctowl
2,295,p1,0694,iron-thorns-crustle,1014,joltik-box
2,296,p1,0779,gholdengo-lunatone,1273,charizard-pidgeot
2,297,p2,1210,gholdengo-lunatone,1070,dragapult-dusknoir
2,298,p2,0259,gholdengo-lunatone,0792,kangaskhan-bouffalant
2,299,p2,0944,charizard-noctowl,1401,dragapult-dusknoir
2,300,p1,2041,gardevoir-jellicent,2151,alakazam-dudunsparce
2,301,p2,1679,dragapult-dusknoir,1442,gholdengo-lunatone
2,302,tie,0031,dragapult-charizard,0742,ceruledge-ex
2,303,p1,1238,charizard-pidgeot,1435,dragapult-dusknoir
2,304,tie,2049,gardevoir-ex-sv,2107,raging-bolt-ogerpon
2,305,p1,1197,dragapult-dusknoir,0055,charizard-noctowl
2,306,p1,1642,joltik-box,0257,gardevoir-jellicent
2,307,tie,0514,n-zoroark,1545,dragapult-dusknoir
2,308,p2,0977,gholdengo-lunatone,0918,gholdengo-lunatone
2,309,p1,1495,seaking-pre,0688,n-zoroark
2,310,p2,0375,dragapult-dusknoir,0395,charizard-pidgeot
2,311,p2,1233,charizard-noctowl,0271,gardevoir-jellicent
2,312,p2,2091,greninja-ex,1062,charizard-noctowl
2,313,tie,0532,froslass-munkidori,0277,chien-pao-baxcalibur
2,314,p1,0636,gardevoir-jellicent,1262,dragapult-charizard
2,315,p2,0643,gholdengo-lunatone,0096,dragapult-dusknoir
2,316,tie,1552,gardevoir-jellicent,1814,mega-venusaur-ex
2,317,p2,1259,gardevoir-jellicent,1076,raging-bolt-ogerpon
2,318,tie,1179,charizard-noctowl,0813,kangaskhan-bouffalant
2,319,p1,0114,lopunny-dusknoir,0209,charizard-noctowl
2,320,p2,0605,raging-bolt-ogerpon,0675,charizard-noctowl
2,321,p2,0858,mega-absol-box,1807,gardevoir-ex-sv
2,322,p1,0492,gholdengo-lunatone,2178,n-zoroark
2,323,p2,0875,dragapult-dusknoir,0284,gholdengo-lunatone
2,324,p2,0940,gardevoir-jellicent,0045,gholdengo-lunatone
2,325,tie,1557,gardevoir-ex-sv,0928,mega-absol-box
2,326,p2,0594,gholdengo-lunatone,1203,kangaskhan-bouffalant
2,327,p2,0761,charizard-noctowl,1860,kangaskhan-bouffalant
2,328,tie,0338,mega-absol-box,0160,n-zoroark
2,329,p2,0486,gholdengo-lunatone,0651,n-zoroark
2,330,p1,1843,alakazam-dudunsparce,1980,grimmsnarl-froslass
2,331,p1,1996,joltik-box,0281,gholdengo-lunatone
2,332,tie,0169,grimmsnarl-froslass,1217,gholdengo-lunatone
2,333,p2,1093,charizard-noctowl,1530,grimmsnarl-froslass
2,334,p1,0342,charizard-dragapult,1986,tera-box
2,335,p1,2003,dragapult-dusknoir,1512,seaking-pre
2,336,tie,1230,froslass-munkidori,0788,dragapult-charizard
2,337,p1,0756,ceruledge-ex,1834,gholdengo-lunatone
2,338,p2,0839,charizard-pidgeot,2233,gardevoir-jellicent
2,339,p1,1507,gholdengo-lunatone,0510,dragapult-dusknoir
2,340,p1,0093,n-zoroark,0472,charizard-noctowl
2,341,p2,1923,gholdengo-lunatone,0142,gholdengo-lunatone
2,342,p2,1847,gardevoir-ex-sv,1019,gholdengo-lunatone
2,343,p2,2000,charizard-noctowl,1689,gholdengo-lunatone
2,344,p1,1465,flareon-noctowl,2181,gholdengo-lunatone
2,345,p2,1500,gholdengo-lunatone,1639,dragapult-dusknoir
2,346,p2,0269,gardevoir-ex-sv,0009,n-zoroark
2,347,p2,0849,charizard-noctowl,0490,dragapult-dusknoir
2,348,p2,0608,flareon-noctowl,0478,gardevoir-ex-sv
2,349,p2,0672,gardevoir-ex-sv,0890,charizard-pidgeot
2,350,p1,0242,mega-lopunny-ex,0898,alakazam-dudunsparce
2,351,p2,1726,dragapult-dusknoir,1272,gardevoir-jellicent
2,352,p1,0894,kangaskhan-bouffalant,2196,gholdengo-lunatone
2,353,p1,0070,dragapult-dusknoir,1963,gholdengo-lunatone
2,354,p2,0302,other,1097,charizard-noctowl
2,355,p1,1025,gardevoir-jellicent,0429,tera-box
2,356,p2,1400,n-zoroark,1579,charizard-pidgeot
2,357,tie,0137,dragapult-charizard,0735,gholdengo-lunatone
2,358,p2,2053,gardevoir-jellicent,1767,gardevoir-jellicent
2,359,p2,1572,gholdengo-lunatone,1232,dragapult-dusknoir
2,360,p2,0529,grimmsnarl-froslass,1553,other
2,361,p1,0153,gholdengo-lunatone,1245,gholdengo-lunatone
2,362,p2,0892,lopunny-dusknoir,1993,gardevoir-ex-sv
2,363,p1,2106,charizard-noctowl,2140,gholdengo-lunatone
2,364,p1,0247,dragapult-dusknoir,1480,dragapult-dusknoir
2,365,p1,0902,gholdengo-lunatone,1192,cynthia-garchomp-ex
2,366,p1,0104,gholdengo-lunatone,1795,charizard-noctowl
2,367,p1,0662,gholdengo-lunatone,0049,dragapult-dusknoir
2,368,tie,0856,gholdengo-lunatone,0004,dragapult-dusknoir
2,369,p1,0919,dragapult-dusknoir,1536,charizard-noctowl
2,370,tie,2086,gholdengo-lunatone,1549,charizard-noctowl
2,371,p1,1116,n-zoroark,1437,charizard-noctowl
2,372,p1,1521,charizard-noctowl,0872,ethan-typhlosion
2,373,p2,1863,gholdengo-lunatone,1055,raging-bolt-ogerpon
2,374,p2,0571,dragapult-dusknoir,1769,dragapult-charizard
2,375,p2,2082,alakazam-dudunsparce,1452,charizard-pidgeot
2,376,p1,2210,gholdengo-lunatone,0726,gholdengo-lunatone
2,377,p2,0105,charizard-noctowl,0935,gardevoir-ex-sv
2,378,tie,0225,dragapult-dusknoir,0882,gholdengo-lunatone
2,379,p2,1418,rocket-mewtwo-ex,1472,gholdengo-lunatone
2,380,tie,2212,gardevoir-jellicent,2098,gardevoir-ex-sv
2,381,p2,1005,gardevoir-jellicent,1626,gholdengo-lunatone
2,382,p1,2094,greninja-ex,1784,dragapult-dusknoir
2,383,p2,1888,grimmsnarl-froslass,0213,charizard-noctowl
2,384,p1,0757,n-zoroark,1343,gholdengo-lunatone
2,385,p1,1370,gholdengo-lunatone,1668,gholdengo-lunatone
2,386,tie,0566,gardevoir-jellicent,0520,n-zoroark
2,387,p1,0824,dragapult-dusknoir,0773,hop-zacian
2,388,p2,2153,gardevoir-jellicent,1687,grimmsnarl-froslass
2,389,p2,0789,dragapult-dusknoir,0020,gholdengo-lunatone
2,390,p2,1956,dragapult-dusknoir,0228,gholdengo-lunatone
2,391,p1,1247,charizard-pidgeot,1919,grimmsnarl-froslass
2,392,p1,1564,greninja-ex,1570,charizard-pidgeot
2,393,p1,1773,gardevoir-jellicent,1929,miraidon-eelektrik
2,394,tie,1162,charizard-noctowl,1205,froslass-munkidori
2,395,p1,0750,gardevoir-ex-sv,1235,n-zoroark
2,396,p2,0825,gardevoir-ex-sv,1381,grimmsnarl-froslass
2,397,p1,1312,charizard-noctowl,1881,gholdengo-lunatone
2,398,tie,1973,charizard-noctowl,0702,lopunny-dusknoir
2,399,p1,1276,mega-absol-box,0286,alakazam-dudunsparce
2,400,p2,1599,gardevoir-jellicent,0516,n-zoroark
2,401,tie,2029,gholdengo-lunatone,0621,charizard-pidgeot
2,402,tie,1714,dragapult-dusknoir,1816,ursaluna-lunatone
2,403,p1,1135,charizard-noctowl,0829,roaring-moon-dudunsparce
2,404,p1,0215,raging-bolt-ogerpon,1591,gholdengo-lunatone
2,405,p1,0455,gholdengo-joltik-box,0989,meowscarada-ex
2,406,p1,0766,charizard-noctowl,0392,blaziken-ex-jtg
2,407,p1,0958,dragapult-dusknoir,1223,ceruledge-ex
2,408,tie,1333,dragapult-dusknoir,0759,grimmsnarl-froslass
2,409,p1,1327,gholdengo-lunatone,1747,gholdengo-lunatone
2,410,tie,1523,dragapult-charizard,0899,gardevoir-ex-sv
2,411,p2,1623,charizard-noctowl,0648,gardevoir-jellicent
2,412,p2,1678,flareon-noctowl,0186,gholdengo-lunatone
2,413,tie,1339,kangaskhan-bouffalant,0982,gardevoir-ex-sv
2,414,p2,1669,gholdengo-lunatone,0707,alakazam-dudunsparce
2,415,p1,2141,gardevoir-jellicent,0680,gholdengo-lunatone
2,416,p2,2186,dragapult-dusknoir,0591,gholdengo-lunatone
2,417,tie,0669,gardevoir-jellicent,2127,kangaskhan-bouffalant
2,418,p2,0949,gholdengo-lunatone,0192,joltik-box
2,419,tie,1740,gholdengo-lunatone,1758,gholdengo-lunatone
2,420,p1,1395,dragapult-dusknoir,1671,raging-bolt-ogerpon
2,421,p2,0498,mega-absol-box,0437,gholdengo-lunatone
2,422,p1,1157,iron-thorns-crustle,0377,charizard-noctowl
2,423,p1,0827,gholdengo-lunatone,2033,alakazam-dudunsparce
2,424,p2,0048,charizard-pidgeot,1372,dragapult-dusknoir
2,425,p2,0102,charizard-pidgeot,0937,marnie-grimmsnarl-ex
2,426,tie,1868,kangaskhan-bouffalant,1855,n-zoroark
2,427,p2,2236,dragapult-dusknoir,1525,gholdengo-lunatone
2,428,p2,2129,charizard-noctowl,1719,n-zoroark
2,429,p1,0483,raging-bolt-ogerpon,0716,dragapult-dusknoir
2,430,tie,1368,flareon-noctowl,2159,conkeldurr-twm
2,431,p1,1432,gardevoir-ex-sv,1374,alakazam-dudunsparce
2,432,p1,0171,dragapult-dusknoir,0063,n-zoroark
2,433,p2,2126,gardevoir-jellicent,1514,gholdengo-lunatone
2,434,tie,1043,dragapult-dusknoir,1817,ceruledge-ex
2,435,p1,1869,gardevoir-ex-sv,1193,dragapult-dusknoir
2,436,p2,1200,mega-venusaur-ex,0385,gardevoir-jellicent
2,437,p1,1338,charizard-pidgeot,0678,joltik-box
2,438,p1,1515,gholdengo-lunatone,1257,lopunny-dusknoir
2,439,p2,1225,pidgeot-control,1892,gholdengo-lunatone
2,440,p1,0966,gardevoir-jellicent,0727,gardevoir-ex-sv
2,441,p1,2111,mega-absol-box,0180,gholdengo-lunatone
2,442,p1,0459,festival-lead,0243,dragapult-dusknoir
2,443,p1,1971,gardevoir-ex-sv,1478,kangaskhan-bouffalant
2,444,p1,1987,cynthia-garchomp-ex,1850,dragapult-dusknoir
2,445,p1,1416,dragapult-dusknoir,1673,charizard-noctowl
2,446,p1,1450,alakazam-dudunsparce,1697,ceruledge-ex
2,447,p2,1766,charizard-noctowl,0924,gardevoir-jellicent
2,448,p2,0331,gardevoir-jellicent,0786,gardevoir-ex-sv
2,449,tie,0293,charizard-noctowl,0991,charizard-pidgeot
2,450,p1,1893,charizard-noctowl,1857,?
2,451,p2,1684,n-zoroark,1175,dragapult-dusknoir
2,452,p1,2163,dragapult-dusknoir,1937,charizard-noctowl
2,453,p2,0261,gholdengo-lunatone,1307,mega-absol-box
2,454,tie,0139,raging-bolt-ogerpon,1015,charizard-noctowl
2,455,p1,0724,gardevoir-ex-sv,1575,dragapult-dusknoir
2,456,p2,1030,charizard-noctowl,0208,gholdengo-lunatone
2,457,p2,0588,charizard-noctowl,2024,gholdengo-lunatone
2,458,tie,2245,gholdengo-lunatone,0311,n-zoroark
2,459,p2,2070,tera-box,2138,gholdengo-lunatone
2,460,tie,1484,mega-absol-box,1283,charizard-pidgeot
2,461,p2,1316,gholdengo-lunatone,0413,gardevoir-ex-sv
2,462,p1,0731,n-zoroark,0328,gardevoir-jellicent
2,463,p2,1763,other,0026,lopunny-dusknoir
2,464,p1,1090,dragapult-dusknoir,0663,alakazam-dudunsparce
2,465,p2,0836,gholdengo-lunatone,0974,charizard-noctowl
2,466,p2,1957,charizard-noctowl,2199,gholdengo-lunatone
2,467,p1,1482,gholdengo-lunatone,0092,gholdengo-lunatone
2,468,tie,1835,gholdengo-lunatone,1978,gholdengo-lunatone
2,469,p2,0887,gardevoir-jellicent,1227,charizard-noctowl
2,470,p1,2124,charizard-noctowl,0466,charizard-noctowl
2,471,tie,1736,gholdengo-lunatone,1945,dragapult-dusknoir
2,472,p2,1610,dragapult-dusknoir,0627,gardevoir-ex-sv
2,473,p2,0273,ceruledge-ex,0508,festival-lead
2,474,p2,0922,gholdengo-lunatone,0596,dragapult-dusknoir
2,475,p2,1310,flareon-noctowl,0729,gholdengo-lunatone
2,476,p1,0540,kangaskhan-bouffalant,1341,kangaskhan-bouffalant
2,477,p1,2189,gardevoir-jellicent,0994,gardevoir-jellicent
2,478,p2,1934,charizard-noctowl,0831,greninja-ex
2,479,p1,1846,raging-bolt-ogerpon,0638,raging-bolt-ogerpon
2,480,p1,0090,mega-absol-box,0885,cynthia-garchomp-ex
2,481,p1,1644,gholdengo-lunatone,1606,n-zoroark
2,482,p2,1066,gardevoir-jellicent,2248,gardevoir-ex-sv
2,483,p1,1166,charizard-noctowl,1366,charizard-pidgeot
2,484,tie,1362,charizard-pidgeot,1838,dragapult-dusknoir
2,485,p1,0995,alakazam-dudunsparce,1361,alakazam-dudunsparce
2,486,p1,0503,gholdengo-lunatone,2247,kangaskhan-bouffalant
2,487,p1,0348,ethan-typhlosion,0249,grimmsnarl-froslass
2,488,tie,1383,dragapult-dusknoir,1754,n-zoroark
2,489,p1,2071,gardevoir-ex-sv,0237,flareon-noctowl
2,490,p2,0843,charizard-noctowl,1940,gholdengo-lunatone
2,491,p1,2197,ceruledge-ex,0325,dragapult-dusknoir
2,492,p1,0143,gholdengo-lunatone,2237,charizard-noctowl
2,493,tie,1240,n-zoroark,2067,dragapult-dusknoir
2,494,p2,1997,gholdengo-lunatone,0506,dragapult-dusknoir
2,495,p1,1837,gardevoir-jellicent,0367,charizard-noctowl
2,496,p2,1456,charizard-noctowl,1079,kangaskhan-bouffalant
2,497,p1,0822,n-zoroark,2146,lucario-hariyama
2,498,p1,1921,gholdengo-lunatone,0422,dragapult-dusknoir
2,499,p1,0176,gholdengo-lunatone,0082,charizard-pidgeot
2,500,p2,2077,charizard-pidgeot,0326,tera-box
2,501,p1,0280,dragapult-dusknoir,1394,gardevoir-ex-sv
2,502,p2,1652,gholdengo-lunatone,0351,gardevoir-jellicent
2,503,tie,1365,gardevoir-ex-sv,1429,miraidon-eelektrik
2,504,p1,0600,gholdengo-lunatone,1428,gholdengo-lunatone
2,505,p1,0985,gholdengo-lunatone,0634,charizard-noctowl
2,506,p2,1753,ceruledge-ex,2193,dragapult-dusknoir
2,507,p2,0685,festival-lead,1531,tera-box
2,508,p1,0313,gholdengo-lunatone,0436,gardevoir-ex-sv
2,509,tie,1122,gardevoir-jellicent,0335,charizard-noctowl
2,510,p2,1287,gholdengo-lunatone,1663,kangaskhan-bouffalant
2,511,p1,1288,gholdengo-lunatone,1701,gholdengo-lunatone
2,512,p2,1149,charizard-pidgeot,1112,dragapult-dusknoir
2,513,tie,2014,gardevoir-jellicent,0264,charizard-noctowl
2,514,p1,1756,gardevoir-ex-sv,1012,gholdengo-lunatone
2,515,p1,1353,gardevoir-ex-sv,1462,charizard-pidgeot
2,516,p1,0083,reging-bolt-bellibolt,0014,ceruledge-ex
2,517,p1,0007,gholdengo-lunatone,0081,gholdengo-lunatone
2,518,p1,1581,crustle-dri,2207,alakazam-dudunsparce
2,519,p2,1028,mega-absol-box,1255,charizard-noctowl
2,520,tie,0955,gardevoir-ex-sv,0040,alakazam-dudunsparce
2,521,p2,1755,mega-absol-box,1181,dragapult-dusknoir
2,522,p2,1659,gardevoir-ex-sv,1354,charizard-noctowl
2,523,tie,1651,dragapult-dusknoir,1038,raging-bolt-ogerpon
2,524,p1,1878,gholdengo-lunatone,0738,kangaskhan-bouffalant
2,525,p1,1120,charizard-pidgeot,1942,charizard-noctowl
2,526,p1,1664,gholdengo-lunatone,1905,gholdengo-lunatone
2,527,p1,0275,tera-box,2175,gardevoir-jellicent
2,528,p1,0388,gardevoir-jellicent,0800,ceruledge-ex
2,529,tie,1037,charizard-pidgeot,1053,charizard-pidgeot
2,530,p1,0024,gardevoir-ex-sv,1953,gholdengo-lunatone
2,531,p1,1772,charizard-pidgeot,2158,charizard-noctowl
2,532,p2,0461,gholdengo-ex,1590,gardevoir-jellicent
2,533,tie,0435,gardevoir-jellicent,1083,gardevoir-ex-sv
2,534,p1,2157,dragapult-dusknoir,1146,dragapult-charizard
2,535,p2,1890,gardevoir-ex-sv,1126,gholdengo-lunatone
2,536,p2,1780,dragapult-dusknoir,1708,gardevoir-jellicent
2,537,p1,0250,mega-absol-box,1967,gholdengo-lunatone
2,538,p1,1594,gardevoir-jellicent,0815,gholdengo-lunatone
2,539,p1,0316,gardevoir-jellicent,0956,dragapult-charizard
2,540,p2,2118,gardevoir-jellicent,1660,grimmsnarl-froslass
2,541,p1,1704,charizard-noctowl,1976,gardevoir-jellicent
2,542,p2,1630,dragapult-dusknoir,1589,charizard-pidgeot
2,543,tie,2015,charizard-noctowl,1189,mega-absol-box
2,544,p1,1461,n-zoroark,0205,gholdengo-lunatone
2,545,p1,1509,gholdengo-lunatone,0363,dragapult-dusknoir
2,546,p1,1693,tera-box,2165,conkeldurr-twm
2,547,tie,2231,mega-absol-box,0144,gardevoir-ex-sv
2,548,p2,1631,charizard-noctowl,2208,conkeldurr-twm
2,549,p2,1703,gholdengo-lunatone,1130,ceruledge-ex
2,550,p2,2198,hydrapple-ogerpon,1121,kangaskhan-bouffalant
2,551,p1,1384,charizard-noctowl,2171,marnie-grimmsnarl-ex
2,552,tie,2002,gholdengo-lunatone,2176,ceruledge-ex
2,553,p1,0372,raging-bolt-ogerpon,1510,charizard-noctowl
2,554,p1,1430,gholdengo-lunatone,1743,charizard-ex
2,555,p1,1922,gholdengo-lunatone,0799,alakazam-dudunsparce
2,556,p2,1694,dragapult-dusknoir,2205,gardevoir-ex-sv
2,557,p1,1873,slaking-ex,2238,gholdengo-lunatone
2,558,p2,0298,gholdengo-lunatone,0115,gholdengo-lunatone
2,559,p1,0423,gholdengo-lunatone,1239,gholdengo-lunatone
2,560,tie,0986,dragapult-dusknoir,1111,gholdengo-lunatone
2,561,p2,1153,kangaskhan-bouffalant,0013,gholdengo-lunatone
2,562,p2,1336,alakazam-dudunsparce,0381,dragapult-dusknoir
2,563,tie,1582,alakazam-dudunsparce,1906,gholdengo-lunatone
2,564,p1,0039,dragapult-ex,1598,charizard-noctowl
2,565,p1,1532,dragapult-dusknoir,2194,tera-box
2,566,p2,0567,lucario-hariyama,2206,seaking-pre
2,567,p1,2012,flareon-noctowl,0219,gholdengo-lunatone
2,568,p2,0599,dragapult-dusknoir,0206,gardevoir-ex-sv
2,569,p2,1393,gardevoir-jellicent,0476,dragapult-dusknoir
2,570,p1,0263,dragapult-dusknoir,0255,alakazam-dudunsparce
2,571,p2,0266,dragapult-dusknoir,1335,gholdengo-lunatone
2,572,p2,1779,ursaluna-lunatone,1470,n-zoroark
2,573,p2,0006,gholdengo-lunatone,0265,charizard-pidgeot
2,574,p1,0696,gardevoir-ex-sv,0451,gardevoir-jellicent
2,575,p1,0352,charizard-noctowl,1150,dragapult-charizard
2,576,p1,2013,grimmsnarl-froslass,0820,flareon-noctowl
2,577,tie,1211,gardevoir-ex-sv,2078,charizard-noctowl
2,578,p1,1286,dragapult-dusknoir,1771,alakazam-dudunsparce
2,579,p2,1145,palafin-ex,0084,kangaskhan-bouffalant
2,580,p1,1632,alakazam-dudunsparce,0382,mega-absol-box
2,581,tie,2064,grimmsnarl-froslass,0424,charizard-pidgeot
2,582,p2,0802,dragapult-dusknoir,0640,gholdengo-lunatone
2,583,p2,0734,grimmsnarl-froslass,0865,chien-pao-baxcalibur
2,584,p1,1734,gholdengo-lunatone,1542,dragapult-dusknoir
2,585,tie,0076,gholdengo-lunatone,1702,gardevoir-jellicent
2,586,p1,2166,grimmsnarl-froslass,1520,gardevoir-ex-sv
2,587,p1,0819,gholdengo-lunatone,0421,gardevoir-jellicent
2,588,p1,1187,sharpedo-toxtricity,1633,dragapult-dusknoir
2,589,p2,0504,dragapult-dusknoir,1931,n-zoroark
2,590,p1,1597,mega-absol-box,0425,gardevoir-ex-sv
2,591,p1,0220,gholdengo-joltik-box,1656,gholdengo-lunatone
2,592,tie,0475,dragapult-dusknoir,1954,gholdengo-lunatone
2,593,p1,1202,gholdengo-lunatone,0297,gardevoir-ex-sv
2,594,p2,1080,pidgeot-control,2018,gholdengo-lunatone
2,595,p1,0256,grimmsnarl-froslass,1879,charizard-noctowl
2,596,p2,0371,ceruledge-ex,2011,gardevoir-ex-sv
2,597,tie,0426,dragapult-dusknoir,1932,dragapult-dusknoir
2,598,p1,2145,charizard-noctowl,1469,charizard-pidgeot
2,599,p1,0996,gholdengo-lunatone,0347,gholdengo-joltik-box
2,600,tie,2017,gholdengo-lunatone,0695,gardevoir-ex-sv
2,601,p2,0821,other,1629,gholdengo-lunatone
2,602,p2,0747,gardevoir-jellicent,1880,gholdengo-lunatone
2,603,tie,2172,slowking-scr,1243,n-zoroark
2,604,p1,0279,pidgeot-control,1188,gardevoir-jellicent
2,605,p2,0409,slowking-scr,0071,dragapult-dusknoir
2,606,p1,2016,charizard-pidgeot,1054,gholdengo-lunatone
2,607,p1,2101,seaking-pre,0336,n-zoroark
2,608,p2,1084,gholdengo-lunatone,0534,gardevoir-ex-sv
2,609,p2,0116,n-zoroark,0462,charizard-noctowl
2,610,p2,1984,hydrapple-ogerpon,0134,charizard-noctowl
2,611,p2,1968,lucario-hariyama,0008,dragapult-dusknoir
2,612,p2,0075,dragapult-charizard,0681,dragapult-dusknoir
2,613,p1,1011,gardevoir-ex-sv,0107,ceruledge-ex
2,614,p1,1027,dragapult-dusknoir,1998,dragapult-dusknoir
2,615,p1,1190,dragapult-dusknoir,2224,ursaluna-lunatone
2,616,p2,1941,gardevoir-jellicent,1634,gholdengo-lunatone
2,617,p2,0633,dragapult-dusknoir,0533,gardevoir-ex-sv
2,618,tie,1455,flareon-noctowl,1874,gardevoir-jellicent
2,619,p1,1244,kangaskhan-bouffalant,1285,gardevoir-jellicent
2,620,p1,0469,gardevoir-jellicent,0712,iron-hands-magneton
2,621,p1,0711,n-zoroark,1154,charizard-noctowl
2,622,p2,0682,gholdengo-lunatone,0310,gholdengo-lunatone
2,623,p1,0276,gholdengo-lunatone,0108,charizard-pidgeot
2,624,p1,0496,other,0309,gholdengo-lunatone
2,625,p2,0878,dragapult-dusknoir,2117,gholdengo-lunatone
2,626,p1,1975,grimmsnarl-froslass,0589,dragapult-dusknoir
2,627,p1,0174,gardevoir-jellicent,0364,charizard-noctowl
2,628,p1,0238,dragapult-dusknoir,0748,gholdengo-lunatone
2,629,tie,1914,gholdengo-lunatone,0733,dragapult-dusknoir
2,630,p1,0023,gholdengo-lunatone,1593,alakazam-dudunsparce
2,631,tie,1992,grimmsnarl-froslass,0287,gholdengo-lunatone
2,632,p2,1405,n-zoroark,0173,charizard-pidgeot
2,633,p1,1125,gardevoir-jellicent,0358,ho-oh-armarouge
2,634,p1,1017,dragapult-dusknoir,0470,mega-absol-box
2,635,tie,1119,dragapult-charizard,1256,charizard-noctowl
2,636,tie,0801,sharpedo-toxtricity,2232,tera-box
2,637,p2,1983,hydreigon-ex,1018,mega-absol-box
2,638,p1,1165,grimmsnarl-froslass,2040,kangaskhan-bouffalant
2,639,p1,0288,greninja-ex,1427,raging-bolt-ogerpon
2,640,p1,2068,gholdengo-lunatone,1913,alakazam-dudunsparce
2,641,p1,0866,gardevoir-jellicent,1655,conkeldurr-twm
2,642,p1,1201,gholdengo-lunatone,0737,lopunny-dusknoir
2,643,p1,1129,gholdengo-lunatone,1744,gholdengo-joltik-box
2,644,p1,0877,charizard-noctowl,0368,mega-absol-box
2,645,p2,0387,gholdengo-lunatone,0844,grimmsnarl-froslass
2,646,p1,2063,dragapult-dusknoir,1877,dragapult-dusknoir
2,647,p2,2001,gholdengo-lunatone,0410,gardevoir-jellicent
2,648,p1,0505,dragapult-dusknoir,1707,alakazam-dudunsparce
2,649,p1,0686,ethan-typhlosion,0590,kangaskhan-bouffalant
2,650,p2,1541,gholdengo-lunatone,0175,iron-thorns-crustle
2,651,p2,1406,n-zoroark,0005,gholdengo-lunatone
2,652,tie,0639,gholdengo-lunatone,1212,charizard-pidgeot
2,653,p1,1889,dragapult-charizard,2072,iron-thorns-ex
2,654,tie,0568,charizard-noctowl,0072,gholdengo-lunatone
2,655,p1,2102,gholdengo-lunatone,0315,gardevoir-ex-sv
2,656,tie,2039,gholdengo-lunatone,2046,flareon-noctowl
2,657,tie,1991,charizard-noctowl,2045,grimmsnarl-froslass
2,658,p1,1733,charizard-noctowl,0314,charizard-pidgeot
2,659,p1,1182,dragapult-dusknoir,1939,charizard-noctowl
2,660,p2,0816,charizard-noctowl,0357,gardevoir-jellicent
2,661,p2,0133,dragapult-dusknoir,0452,mega-venusaur-ex
2,662,p2,2223,other,1519,charizard-noctowl
2,663,p1,0495,gholdengo-lunatone,0384,gardevoir-ex-sv
2,664,p1,0701,dragapult-dusknoir,1029,dragapult-dusknoir
2,665,p2,0772,n-zoroark,0343,lopunny-dusknoir
2,666,p2,1667,gholdengo-lunatone,1858,n-zoroark
2,667,tie,1481,grimmsnarl-froslass,2010,ethan-typhlosion
2,668,tie,0739,gardevoir-jellicent,1774,gholdengo-lunatone
2,669,p1,0859,gholdengo-lunatone,2137,gardevoir-jellicent
2,670,p1,0521,tera-box,0661,tera-box
2,671,p1,0901,gholdengo-lunatone,1709,dragapult-dusknoir
2,672,p1,0089,dragapult-dusknoir,1098,charizard-noctowl
2,673,p1,1186,n-zoroark,2216,lopunny-dusknoir
2,674,p2,0554,gholdengo-lunatone,1284,gholdengo-lunatone
2,675,p1,1099,gholdengo-lunatone,1490,dragapult-dusknoir
2,676,p2,0479,mega-absol-box,2263,gardevoir-ex-sv
2,677,p1,2143,ceruledge-ex,0025,charizard-noctowl
2,678,p1,1571,gholdengo-lunatone,1781,greninja-ex
2,679,tie,2182,gholdengo-lunatone,2125,cynthia-garchomp-ex
2,680,tie,0906,mega-venusaur-ex,1677,gardevoir-ex-sv
2,681,p2,0488,n-zoroark,1128,dragapult-dusknoir
2,682,p1,0652,gholdengo-lunatone,1466,gholdengo-lunatone
2,683,p1,0584,gardevoir-jellicent,1803,gholdengo-lunatone
2,684,p2,1813,n-zoroark,0869,gholdengo-lunatone
2,685,p2,1191,charizard-pidgeot,0862,charizard-noctowl
2,686,p1,1745,ethan-typhlosion,0010,tyranitar-jtg
2,687,p2,2256,dragapult-charizard,1140,n-zoroark
2,688,p1,1369,gholdengo-lunatone,2139,dragapult-dusknoir
2,689,p1,2217,iron-hands-magneton,0997,ceruledge-ex
2,690,p1,0957,gholdengo-lunatone,1601,dragapult-dusknoir
2,691,p2,1144,gardevoir-jellicent,1836,ceruledge-ex
2,692,p2,1792,gardevoir-jellicent,1751,mega-absol-box
2,693,p1,1183,kangaskhan-bouffalant,1637,kangaskhan-bouffalant
2,694,p2,0830,gardevoir-ex-sv,2150,dragapult-dusknoir
2,695,p2,0369,mega-venusaur-ex,0198,lopunny-dusknoir
2,696,p1,0002,gholdengo-lunatone,1102,gardevoir-jellicent
2,697,p2,1194,wugtrio-svi,1075,gholdengo-lunatone
2,698,p2,1750,gholdengo-dudunsparce,0295,festival-lead
2,699,tie,1133,ursaluna-lunatone,1866,dragapult-charizard
2,700,p1,0689,mega-absol-box,1173,charizard-noctowl
2,701,p2,2167,charizard-noctowl,0376,charizard-noctowl
2,702,p1,1060,?roaring-moon,1396,ceruledge-ex
2,703,tie,0854,dragapult-dusknoir,1584,kangaskhan-bouffalant
2,704,p1,0361,gholdengo-lunatone,0893,n-zoroark
2,705,p1,0832,gardevoir-jellicent,1136,charizard-noctowl
2,706,tie,0704,grimmsnarl-froslass,0671,gardevoir-ex-sv
2,707,tie,0187,gardevoir-ex-sv,0796,raging-bolt-ogerpon
2,708,p2,1453,gholdengo-lunatone,0921,ceruledge-ex
2,709,p2,1966,gholdengo-lunatone,1648,charizard-noctowl
2,710,p2,0896,dragapult-dusknoir,0489,gholdengo-lunatone
2,711,p2,1326,gholdengo-ex,0804,archaludon-ex
2,712,tie,1844,charizard-noctowl,0430,gholdengo-lunatone
2,713,p2,1382,dragapult-dusknoir,1051,n-zoroark
2,714,p1,0646,ceruledge-ex,1737,gardevoir-jellicent
2,715,p2,1479,n-zoroark,1563,gholdengo-lunatone
2,716,p1,1486,charizard-pidgeot,2253,gholdengo-lunatone
2,717,p2,1725,dragapult-dusknoir,2042,gardevoir-jellicent
2,718,p2,0289,gholdengo-lunatone,0241,dragapult-dusknoir
2,719,tie,2267,grimmsnarl-froslass,1332,grimmsnarl-froslass
2,720,p2,1446,dragapult-dusknoir,1841,gardevoir-ex-sv
2,721,p2,1440,gholdengo-lunatone,1431,dragapult-dusknoir
2,722,p2,1611,gholdengo-ex,1849,dragapult-blaziken
2,723,p1,0432,n-zoroark,0619,dragapult-dusknoir
2,724,p1,2254,n-zoroark,1071,mega-absol-box
2,725,p2,1551,dragapult-charizard,1783,gardevoir-ex-sv
2,726,p1,1856,gardevoir-ex-sv,0864,flareon-noctowl
2,727,p2,0028,dragapult-dusknoir,1229,gholdengo-lunatone
2,728,p1,1444,gholdengo-lunatone,0507,ethan-typhlosion
2,729,p1,0332,dragapult-dusknoir,1762,mega-abomasnow-ex
2,730,p2,0016,seaking-pre,0018,gholdengo-lunatone
2,731,p2,2132,kangaskhan-bouffalant,1511,conkeldurr-twm
2,732,p2,1131,tsareena-ex,1061,rocket-spidops
2,733,p1,0847,ceruledge-ex,0990,dragapult-dusknoir
2,734,p2,1236,gholdengo-lunatone,1158,n-zoroark
2,735,p1,1148,gardevoir-ex-sv,0207,lucario-hariyama
2,736,p1,0914,alakazam-dudunsparce,0324,charizard-pidgeot
2,737,tie,0667,gholdengo-lunatone,0933,charizard-noctowl
2,738,p1,0128,grimmsnarl-froslass,1367,dragapult-dusknoir
2,739,p1,1720,n-zoroark,0301,charizard-noctowl
2,740,p1,0356,slaking-ex,0262,gardevoir-jellicent
2,741,p1,0586,gholdengo-lunatone,1959,dragapult-dusknoir
2,742,p1,0491,gardevoir-ex-sv,0978,joltik-box
2,743,tie,2187,gholdengo-lunatone,0438,alakazam-dudunsparce
2,744,p1,0454,flareon-noctowl,0460,gholdengo-ex
2,745,p1,1775,crustle-dri,2154,gholdengo-lunatone
2,746,p2,1952,ursaluna-lunatone,0797,gholdengo-lunatone
2,747,p2,0210,lucario-hariyama,1907,gardevoir-jellicent
2,748,p2,0118,cynthia-garchomp-ex,2249,alakazam-dudunsparce
2,749,tie,1635,lucario-hariyama,2161,gholdengo-lunatone
2,750,p2,0927,dragapult-dusknoir,0229,gardevoir-jellicent
2,751,p1,0653,gardevoir-jellicent,0930,gardevoir-jellicent
2,752,p1,1477,gholdengo-lunatone,1065,lucario-hariyama
2,753,tie,0163,tera-box,1688,joltik-box
2,754,p1,1501,gholdengo-lunatone,2219,kangaskhan-bouffalant
2,755,p2,2128,alakazam-dudunsparce,0911,gholdengo-lunatone
2,756,p1,1742,gholdengo-lunatone,2269,gholdengo-lunatone
2,757,p1,1311,gardevoir-ex-sv,0904,joltik-box
2,758,p2,1391,?roaring-moon,0499,gardevoir-ex-sv
2,759,p2,0952,gholdengo-lunatone,0630,dragapult-dusknoir
2,760,p2,0765,gardevoir-ex-sv,0125,gholdengo-lunatone
2,761,p1,2156,raging-bolt-ogerpon,0272,dragapult-dusknoir
2,762,p1,0211,gardevoir-jellicent,0807,n-zoroark
2,763,p2,1412,dragapult-dusknoir,1513,gardevoir-jellicent
2,764,p2,1794,gardevoir-ex-sv,0330,n-zoroark
2,765,p2,0403,raging-bolt-ogerpon,1209,charizard-noctowl
2,766,p2,0916,dragapult-dusknoir,1662,lopunny-dusknoir
2,767,p1,1715,dragapult-dusknoir,0065,charizard-noctowl
2,768,p1,2226,dragapult-dusknoir,2258,dragapult-dusknoir
2,769,p1,0655,raging-bolt-ogerpon,1872,gardevoir-jellicent
2,770,tie,1864,charizard-noctowl,0099,kangaskhan-bouffalant
2,771,tie,1777,dragapult-dusknoir,0623,gholdengo-lunatone
2,772,p2,0064,flareon-noctowl,1091,charizard-noctowl
2,773,p2,2092,joltik-box,1294,charizard-noctowl
2,774,p2,1000,gholdengo-lunatone,0095,gardevoir-jellicent
2,775,tie,1848,gardevoir-ex-sv,0513,gardevoir-jellicent
2,776,p2,0449,gholdengo-lunatone,1933,gardevoir-jellicent
2,777,p1,1670,gholdengo-lunatone,1468,gholdengo-lunatone
2,778,p1,1458,dragapult-dusknoir,2264,gholdengo-lunatone
2,779,p2,1026,greninja-ex,0790,flareon-noctowl
2,780,p2,1974,gardevoir-ex-sv,1355,charizard-noctowl
2,781,p2,2007,charizard-pidgeot,1234,dragapult-dusknoir
2,782,tie,0953,n-zoroark,0907,gardevoir-ex-sv
2,783,p2,1303,alakazam-dudunsparce,2234,charizard-pidgeot
2,784,p2,1349,alakazam-dudunsparce,0673,dragapult-dusknoir
2,785,p1,0110,gholdengo-lunatone,1386,alakazam-dudunsparce
2,786,p1,0855,n-zoroark,1281,pidgeot-control
2,787,p2,0196,gholdengo-lunatone,1674,grimmsnarl-froslass
2,788,tie,2061,charizard-noctowl,1760,iron-thorns-crustle
2,789,p2,1329,charizard-pidgeot,1320,grimmsnarl-froslass
2,790,p1,1420,gardevoir-ex-sv,1475,charizard-pidgeot
2,791,p1,1711,dragapult-dusknoir,1040,gardevoir-jellicent
2,792,p1,2060,charizard-noctowl,2079,gardevoir-jellicent
2,793,tie,1459,dragapult-dusknoir,0889,charizard-pidgeot
2,794,p1,1317,mega-venusaur-ex,0526,gholdengo-lunatone
2,795,tie,0939,charizard-noctowl,0061,gholdengo-lunatone
2,796,p1,1494,n-zoroark,2252,gardevoir-ex-sv
2,797,p2,1390,gholdengo-lunatone,0572,gardevoir-ex-sv
2,798,p2,1988,n-zoroark,1081,dragapult-dusknoir
2,799,p2,2073,ceruledge-ex,0972,kangaskhan-bouffalant
2,800,tie,0888,lopunny-dusknoir,0835,gholdengo-lunatone
2,801,p1,1226,joltik-box,1020,gholdengo-lunatone
2,802,p2,1995,gholdengo-lunatone,0776,dragapult-dusknoir
2,803,p2,0285,cynthia-garchomp-ex,0058,mega-venusaur-ex
2,804,tie,1603,alakazam-dudunsparce,1218,charizard-pidgeot
2,805,p1,0159,n-zoroark,0570,gholdengo-lunatone
2,806,tie,1169,mega-venusaur-ex,0785,n-zoroark
2,807,p2,0456,gardevoir-ex-sv,1884,gholdengo-lunatone
2,808,tie,0138,marnie-grimmsnarl-ex,1219,kangaskhan-bouffalant
2,809,p2,0130,joltik-box,2056,gardevoir-jellicent
2,810,p1,1264,charizard-pidgeot,0191,gardevoir-jellicent
2,811,p1,1569,charizard-noctowl,1735,gholdengo-joltik-box
2,812,tie,0947,kangaskhan-bouffalant,0867,gholdengo-lunatone
2,813,p1,1044,gholdengo-lunatone,1308,ethan-typhlosion
2,814,p2,0317,dragapult-dusknoir,0047,gardevoir-jellicent
2,815,p1,0011,cynthia-garchomp-ex,0920,gholdengo-lunatone
2,816,p1,1228,gardevoir-ex-sv,1115,lopunny-dusknoir
2,817,tie,1903,gholdengo-lunatone,0414,gholdengo-lunatone
2,818,tie,0543,slowking-scr,0871,ceruledge-ex
2,819,p1,0101,dragapult-dusknoir,0555,gardevoir-jellicent
2,820,p1,2239,gholdengo-lunatone,1441,mega-absol-box
2,821,p1,1208,charizard-pidgeot,1423,gardevoir-jellicent
2,822,tie,2209,charizard-noctowl,0622,charizard-pidgeot
2,823,p1,2169,ogerpon-meganium,1041,grimmsnarl-froslass
2,824,tie,1204,raging-bolt-ogerpon,2026,dragapult-dusknoir
2,825,p2,1768,gholdengo-lunatone,1413,dragapult-dusknoir
2,826,tie,2265,mega-absol-box,2241,hydrapple-ogerpon
2,827,p1,0524,gholdengo-lunatone,0693,gholdengo-lunatone
2,828,p1,1788,gholdengo-lunatone,0938,gardevoir-ex-sv
2,829,p1,2034,flareon-noctowl,1057,gardevoir-ex-sv
2,830,p2,1292,dragapult-dusknoir,0992,lopunny-dusknoir
2,831,p1,0881,gardevoir-jellicent,0519,mega-absol-box
2,832,p2,1322,dragapult-dusknoir,0826,gardevoir-ex-sv
2,833,p2,1540,gholdengo-lunatone,0194,gholdengo-lunatone
2,834,p2,1912,gholdengo-lunatone,1289,joltik-box
2,835,tie,0327,charizard-noctowl,0050,mega-absol-box
2,836,p1,1625,gholdengo-lunatone,1924,n-zoroark
2,837,p2,1935,dragapult-dusknoir,2076,gardevoir-ex-sv
2,838,p1,0842,gardevoir-jellicent,1723,dragapult-dusknoir
2,839,p2,1152,other,0637,gardevoir-ex-sv
2,840,p2,0614,charizard-noctowl,1069,mega-absol-box
2,841,p2,0086,gardevoir-jellicent,0136,alakazam-dudunsparce
2,842,p1,1764,dragapult-dusknoir,0234,gholdengo-lunatone
2,843,p2,0706,charizard-ex,1159,lopunny-dusknoir
2,844,p2,0981,gholdengo-lunatone,1692,gholdengo-lunatone
2,845,p1,1990,charizard-noctowl,0891,sharpedo-toxtricity
2,846,tie,1819,gholdengo-typhlosion,0857,dragapult-dusknoir
2,847,p1,0778,hydrapple-ogerpon,1089,kangaskhan-bouffalant
2,848,tie,1305,froslass-munkidori,0979,alakazam-dudunsparce
2,849,p1,1622,gholdengo-lunatone,1464,gholdengo-lunatone
2,850,tie,1867,seaking-pre,0217,gardevoir-ex-sv
2,851,p2,1537,gholdengo-ex,1063,charizard-noctowl
2,852,p2,1613,gardevoir-jellicent,1796,charizard-noctowl
2,853,p2,0684,alakazam-dudunsparce,2266,charizard-noctowl
2,854,p1,0580,toxtricity-pfl,0975,dragapult-dusknoir
2,855,p1,0053,gardevoir-jellicent,1167,marnie-grimmsnarl-ex
2,856,p2,1409,joltik-box,0294,gholdengo-lunatone
2,857,p2,1359,alakazam-dudunsparce,0400,mega-venusaur-ex
2,858,p2,0805,gholdengo-lunatone,1550,joltik-box
2,859,p1,0838,lopunny-dusknoir,0987,flareon-ex
2,860,tie,0676,dragapult-dusknoir,2019,gardevoir-ex-sv
2,861,p1,2201,gholdengo-lunatone,2108,kangaskhan-bouffalant
2,862,p1,1023,gholdengo-lunatone,1277,gholdengo-lunatone
2,863,tie,0172,gholdengo-lunatone,0341,ceruledge-ex
2,864,p2,0502,charizard-pidgeot,1894,gardevoir-ex-sv
2,865,p2,1607,dragapult-dusknoir,0141,n-zoroark
2,866,p2,1006,dragapult-dusknoir,0781,n-zoroark
2,867,p1,0060,dragapult-charizard,1947,gholdengo-lunatone
2,868,p2,2130,n-zoroark,1178,gardevoir-ex-sv
2,869,p1,2120,other,2104,raging-bolt-ogerpon
2,870,p2,1964,dragapult-dusknoir,0030,ceruledge-ex
2,871,p2,1196,lopunny-dusknoir,0723,gholdengo-lunatone
2,872,p1,0581,dragapult-dusknoir,1498,dragapult-dusknoir
2,873,p1,2069,charizard-noctowl,0664,gardevoir-jellicent
2,874,p2,0741,charizard-ex,2200,sharpedo-toxtricity
2,875,p2,1265,raging-bolt-ogerpon,1516,gholdengo-lunatone
2,876,p2,0394,gardevoir-jellicent,1222,charizard-pidgeot
2,877,p2,1897,charizard-pidgeot,1258,tera-box
2,878,p1,0728,dragapult-dusknoir,1342,charizard-noctowl
2,879,p2,1047,gardevoir-jellicent,0758,gholdengo-lunatone
2,880,p1,1718,ho-oh-armarouge,0321,flareon-noctowl
2,881,p1,2235,dragapult-dusknoir,1351,n-zoroark
2,882,p1,0725,tera-box,0850,lucario-hariyama
2,883,p1,1562,mega-absol-box,0561,gardevoir-jellicent
2,884,p1,0390,alakazam-dudunsparce,1363,charizard-noctowl
2,885,p2,2110,dragapult-dusknoir,1088,greninja-ex
2,886,p2,1206,mega-venusaur-ex,1345,gholdengo-lunatone
2,887,p1,0575,gholdengo-lunatone,0458,charizard-noctowl
2,888,p2,1138,gholdengo-lunatone,0880,gardevoir-jellicent
2,889,p2,1275,gholdengo-lunatone,0484,gardevoir-jellicent
2,890,tie,1379,n-zoroark,1640,charizard-noctowl
2,891,p1,1739,alakazam-dudunsparce,1123,gardevoir-jellicent
2,892,p2,0485,gholdengo-lunatone,1876,gholdengo-lunatone
2,893,p2,1483,hydreigon-ex,0396,gholdengo-lunatone
2,894,p1,1925,gholdengo-lunatone,0477,charizard-noctowl
2,895,p1,0408,gardevoir-jellicent,2261,dragapult-dusknoir
2,896,p1,1176,raging-bolt-ogerpon,1171,gardevoir-jellicent
2,897,p2,0606,dragapult-dusknoir,0386,charizard-noctowl
2,898,p2,0719,gholdengo-lunatone,1577,charizard-noctowl
2,899,p2,1588,hydreigon-ex,0769,dragapult-dusknoir
2,900,p1,0179,gholdengo-lunatone,1698,gholdengo-lunatone
2,901,p1,0248,cynthia-garchomp-ex,2050,joltik-box
2,902,p1,1985,gholdengo-lunatone,0700,mega-absol-box
2,903,p2,1958,n-zoroark,1198,mega-venusaur-ex
2,904,p2,0245,cynthia-garchomp-ex,1799,dragapult-dusknoir
2,905,p1,0078,gholdengo-lunatone,2213,dragapult-dusknoir
2,906,p2,1700,raging-bolt-ogerpon,0119,charizard-pidgeot
2,907,tie,0154,dragapult-dusknoir,1073,gholdengo-joltik-box
2,908,p2,0019,gholdengo-lunatone,0306,charizard-noctowl
2,909,p1,0573,grimmsnarl-froslass,0069,rocket-porygon-z
2,910,p1,1585,charizard-pidgeot,0214,lucario-hariyama
2,911,p2,1809,dragapult-dusknoir,0464,dragapult-dusknoir
2,912,p1,0418,dragapult-dusknoir,1930,charizard-noctowl
2,913,p2,0419,gardevoir-ex-sv,1887,charizard-noctowl
2,914,p1,0943,gholdengo-lunatone,1676,lopunny-dusknoir
2,915,p2,1250,gholdengo-lunatone,1408,gholdengo-lunatone
2,916,p1,0809,gardevoir-jellicent,2115,ceruledge-ex
2,917,p1,1706,dragapult-dusknoir,0511,other
2,918,tie,1056,grimmsnarl-froslass,0189,charizard-pidgeot
2,919,tie,0391,charizard-noctowl,1972,charizard-noctowl
2,920,p1,0509,mega-absol-box,0628,charizard-pidgeot
2,921,p2,0036,joltik-box,0897,dragapult-dusknoir
2,922,p2,0003,charizard-noctowl,1067,dragapult-dusknoir
2,923,p2,1596,flareon-noctowl,1417,kangaskhan-bouffalant
2,924,tie,0365,slaking-ex,0762,dragapult-charizard
2,925,p2,2027,kangaskhan-bouffalant,0721,gholdengo-lunatone
2,926,p1,0812,grimmsnarl-froslass,1447,archaludon-ex
2,927,p2,1970,flareon-noctowl,1473,joltik-box
2,928,tie,1757,other,1831,raging-bolt-ogerpon
2,929,p1,0052,charizard-noctowl,0402,n-zoroark
2,930,p1,0834,gholdengo-lunatone,1859,gholdengo-lunatone
2,931,p2,2004,mega-venusaur-ex,0601,dragapult-dusknoir
2,932,p1,0718,raging-bolt-ogerpon,0666,lopunny-dusknoir
2,933,p1,1375,gardevoir-jellicent,1786,alakazam-dudunsparce
2,934,tie,1505,greninja-ex,1003,charizard-pidgeot
2,935,p1,2095,tera-box,2191,greninja-ex
2,936,p2,1522,pidgeot-control,0909,n-zoroark
2,937,p2,0304,dragapult-dusknoir,0308,joltik-box
2,938,p2,0931,charizard-pidgeot,0162,alakazam-dudunsparce
2,939,p2,1853,charizard-noctowl,1215,gardevoir-ex-sv
2,940,p2,1533,dragapult-charizard,1251,joltik-box
2,941,p1,2105,gardevoir-ex-sv,1821,gardevoir-jellicent
2,942,tie,2097,mega-absol-box,0334,dragapult-dusknoir
2,943,p1,0787,gholdengo-lunatone,1248,gholdengo-lunatone
2,944,p1,0755,gardevoir-jellicent,0041,ceruledge-ex
2,945,tie,0595,lopunny-dusknoir,0970,gardevoir-ex-sv
2,946,tie,0244,charizard-pidgeot,1274,charizard-pidgeot
2,947,p2,1524,charizard-pidgeot,1977,charizard-noctowl
2,948,p2,0610,lopunny-dusknoir,0657,gholdengo-lunatone
2,949,tie,2183,charizard-pidgeot,1680,charizard-noctowl
2,950,p1,0152,dragapult-dusknoir,1260,mega-absol-box
2,951,p1,0354,dragapult-dusknoir,0091,gholdengo-lunatone
2,952,tie,0398,dragapult-dusknoir,0592,gardevoir-ex-sv
2,953,p1,2142,gholdengo-lunatone,0536,chien-pao-baxcalibur
2,954,p1,1682,gholdengo-typhlosion,0106,gardevoir-ex-sv
2,955,tie,2023,gardevoir-ex-sv,0291,mega-absol-box
2,956,p2,0148,gholdengo-ex,1690,dragapult-dusknoir
2,957,p2,1492,alakazam-dudunsparce,0274,charizard-pidgeot
2,958,p2,0056,raging-bolt-ogerpon,0068,gardevoir-ex-sv
2,959,p1,1434,charizard-pidgeot,1078,charizard-pidgeot
2,960,p2,0691,gholdengo-lunatone,0936,alakazam-dudunsparce
2,961,tie,1845,gholdengo-lunatone,0038,n-zoroark
2,962,tie,1645,n-zoroark,1851,kangaskhan-bouffalant
2,963,p1,2185,mega-absol-box,0687,n-zoroark
2,964,tie,1358,dragapult-dusknoir,0730,n-zoroark
2,965,p2,0416,charizard-noctowl,0967,gholdengo-lunatone
2,966,p2,1567,dragapult-dusknoir,0278,gardevoir-jellicent
2,967,p1,0607,gholdengo-lunatone,0545,charizard-noctowl
2,968,tie,1031,charizard-pidgeot,1895,gardevoir-ex-sv
2,969,p1,0448,gardevoir-jellicent,0442,charizard-noctowl
2,970,p1,1388,gholdengo-lunatone,0079,gholdengo-lunatone
2,971,p2,1650,lucario-hariyama,0713,charizard-noctowl
2,972,p1,0253,gholdengo-lunatone,0528,dragapult-dusknoir
2,973,p2,1036,greninja-ex,2262,gardevoir-ex-sv
2,974,p2,1508,gardevoir-jellicent,0312,dragapult-dusknoir
2,975,p2,1609,charizard-noctowl,2043,gholdengo-lunatone
2,976,p2,0917,gholdengo-lunatone,1666,gardevoir-ex-sv
2,977,p1,1658,iron-hands-magneton,0094,gholdengo-lunatone
2,978,p2,0923,charizard-pidgeot,2221,lopunny-dusknoir
2,979,p1,0942,gholdengo-lunatone,1748,gholdengo-lunatone
2,980,p1,0494,gardevoir-ex-sv,0471,gardevoir-jellicent
2,981,tie,0736,gholdengo-lunatone,1916,dragapult-dusknoir
2,982,p2,1955,gholdengo-lunatone,2260,gardevoir-ex-sv
2,983,p2,0780,kangaskhan-bouffalant,2195,gardevoir-ex-sv
2,984,p2,0204,gholdengo-lunatone,0518,gardevoir-ex-sv
2,985,p1,1309,dragapult-dusknoir,1573,charizard-noctowl
2,986,tie,1337,gholdengo-lunatone,1344,ceruledge-ex
2,987,p2,0434,froslass-munkidori,0698,dragapult-dusknoir
2,988,tie,0167,dragapult-dusknoir,0270,gardevoir-ex-sv
2,989,tie,0950,gholdengo-lunatone,1269,flareon-noctowl
2,990,p1,2255,charizard-noctowl,1544,ceruledge-ex
2,991,p1,0616,gardevoir-ex-sv,1199,gardevoir-jellicent
2,992,p2,0158,other,0319,n-zoroark
2,993,p1,1529,dragapult-dusknoir,0113,charizard-noctowl
2,994,p2,1624,gholdengo-joltik-box,0032,charizard-noctowl
2,995,p1,2052,tera-box,0150,other
2,996,p1,1422,alakazam-dudunsparce,1600,ceruledge-ex
2,997,p1,0647,ho-oh-armarouge,0618,gholdengo-lunatone
2,998,p1,1818,gardevoir-ex-sv,0945,mega-lopunny-ex
2,999,p2,0814,lopunny-dusknoir,0034,n-zoroark
2,1000,p1,0993,gardevoir-ex-sv,1246,gholdengo-lunatone
2,1001,p2,2112,dragapult-dusknoir,0183,gardevoir-ex-sv
2,1002,p2,1827,gardevoir-ex-sv,1628,dragapult-dusknoir
2,1003,tie,1267,gholdengo-lunatone,0428,gardevoir-jellicent
2,1004,p2,1765,gholdengo-lunatone,0708,charizard-noctowl
2,1005,p2,1946,dragapult-dusknoir,0131,n-zoroark
2,1006,p1,1487,conkeldurr-twm,0140,charizard-noctowl
2,1007,p1,1861,dragapult-dusknoir,2257,charizard-noctowl
2,1008,tie,2243,charizard-noctowl,0925,mega-absol-box
2,1009,p1,1378,lopunny-dusknoir,0964,gholdengo-lunatone
2,1010,p1,1713,gholdengo-lunatone,1085,dragapult-dusknoir
2,1011,p2,1237,slowking-scr,1271,dragapult-dusknoir
2,1012,p1,0551,chien-pao-baxcalibur,0481,grimmsnarl-froslass
2,1013,p1,2152,raging-bolt-ogerpon,1314,n-zoroark
2,1014,tie,1242,charizard-pidgeot,1117,charizard-pidgeot
2,1015,p2,0226,charizard-ex,1918,ceruledge-ex
2,1016,p1,1672,iron-hands-magneton,1518,dragapult-dusknoir
2,1017,p2,0227,dragapult-dusknoir,0411,flareon-noctowl
2,1018,p1,0679,lopunny-dusknoir,2121,ceruledge-ex
2,1019,p2,2065,charizard-noctowl,0145,greninja-ex
2,1020,p2,0749,charizard-noctowl,1728,joltik-box
2,1021,p2,1979,charizard-pidgeot,0156,gholdengo-lunatone
2,1022,p1,1833,slaking-ex,1503,grimmsnarl-froslass
2,1023,p1,1295,gardevoir-ex-sv,1839,flareon-noctowl
2,1024,p1,0121,cynthia-garchomp-ex,0474,gholdengo-lunatone
2,1025,tie,0760,charizard-pidgeot,1548,sharpedo-toxtricity
2,1026,tie,1927,gardevoir-ex-sv,1402,gholdengo-lunatone
2,1027,p2,0603,ceruledge-ex,2268,dragapult-dusknoir
2,1028,p2,0349,gardevoir-ex-sv,2093,lopunny-dusknoir
2,1029,p2,1471,alakazam-dudunsparce,0818,gardevoir-ex-sv
2,1030,p1,0046,slaking-ex,0960,kangaskhan-bouffalant
2,1031,p2,0268,?roaring-moon,2228,gardevoir-ex-sv
2,1032,p2,1696,raging-bolt-ogerpon,0965,joltik-box
2,1033,p2,2088,gholdengo-lunatone,0531,gholdengo-lunatone
2,1034,p2,0883,mega-abomasnow-ex,0626,n-zoroark
2,1035,p1,0202,charizard-pidgeot,2135,gholdengo-lunatone
2,1036,tie,2229,gholdengo-lunatone,1436,gardevoir-ex-sv
2,1037,p2,1643,lopunny-dusknoir,1438,gholdengo-lunatone
2,1038,p2,0973,dragapult-dusknoir,2180,dragapult-dusknoir
2,1039,p1,1546,charizard-pidgeot,1302,gholdengo-lunatone
2,1040,p1,0564,gardevoir-ex-sv,1526,kangaskhan-bouffalant
2,1041,tie,1161,gardevoir-jellicent,1994,gardevoir-ex-sv
2,1042,p2,1328,gholdengo-lunatone,1999,gholdengo-ex
2,1043,p2,0178,lucario-hariyama,0224,gholdengo-lunatone
2,1044,tie,0337,gholdengo-lunatone,1399,charizard-noctowl
2,1045,p1,1110,charizard-noctowl,1253,gholdengo-lunatone
2,1046,p1,2089,charizard-pidgeot,0644,gholdengo-lunatone
2,1047,tie,1920,joltik-box,0886,n-zoroark
2,1048,tie,0340,dragapult-dusknoir,1616,charizard-pidgeot
2,1049,p1,1373,gholdengo-lunatone,0659,gholdengo-lunatone
2,1050,p2,0044,gardevoir-ex-sv,1528,dragapult-dusknoir
2,1051,tie,2174,charizard-noctowl,1002,seaking-pre
2,1052,p1,0124,gardevoir-ex-sv,1141,gardevoir-ex-sv
2,1053,p1,0768,dragapult-dusknoir,2204,gholdengo-lunatone
2,1054,p1,2083,manectric-eelektrik,1938,ho-oh-armarouge
2,1055,p1,0465,gholdengo-lunatone,0746,dragapult-dusknoir
2,1056,p2,0783,mega-latias-ex,1580,dragapult-dusknoir
2,1057,p2,0598,sharpedo-toxtricity,1721,dragapult-dusknoir
2,1058,p1,0378,raging-bolt-ogerpon,0794,gholdengo-lunatone
2,1059,p1,1007,gholdengo-lunatone,0380,dragapult-dusknoir
2,1060,p1,1033,dragapult-dusknoir,1371,dragapult-dusknoir
2,1061,tie,0530,dragapult-charizard,2100,raging-bolt-ogerpon
2,1062,p2,1347,charizard-noctowl,1046,gardevoir-ex-sv
2,1063,p1,1398,gholdengo-lunatone,1404,gholdengo-lunatone
2,1064,p1,0851,dragapult-dusknoir,1340,seaking-pre
2,1065,p2,0497,gardevoir-jellicent,0677,flareon-noctowl
2,1066,p2,0754,gardevoir-ex-sv,2177,gholdengo-lunatone
2,1067,tie,1558,gholdengo-lunatone,2160,charizard-noctowl
2,1068,tie,0170,gholdengo-lunatone,0252,sharpedo-toxtricity
2,1069,p2,0260,joltik-box,0239,charizard-noctowl
2,1070,p2,0984,hydreigon-ex,2246,gholdengo-joltik-box
2,1071,p1,0641,dragapult-dusknoir,0635,ethan-typhlosion
2,1072,p2,1891,charizard-noctowl,1449,gholdengo-lunatone
2,1073,p2,2030,dragapult-dusknoir,1334,hydreigon-ex
2,1074,tie,1315,gholdengo-lunatone,1683,flareon-noctowl
2,1075,p2,0715,dragapult-dusknoir,1592,greninja-ex
2,1076,p1,1013,gholdengo-lunatone,1050,mega-venusaur-ex
2,1077,p1,1902,hydrapple-ogerpon,1094,gholdengo-lunatone
2,1078,tie,1576,tera-box,1826,gardevoir-ex-sv
2,1079,tie,0103,gardevoir-jellicent,1261,sharpedo-toxtricity
2,1080,p2,0828,mega-absol-box,1654,charizard-noctowl
2,1081,p1,0874,gholdengo-ex,1496,gholdengo-lunatone
2,1082,tie,0221,other,1962,gholdengo-lunatone
2,1083,p1,0087,mega-venusaur-ex,1802,flareon-noctowl
2,1084,p2,0840,?roaring-moon,2211,other
2,1085,tie,1812,tera-box,1617,gardevoir-jellicent
2,1086,p2,0405,gardevoir-ex-sv,0258,dragapult-dusknoir
2,1087,p1,1096,dragapult-dusknoir,1886,charizard-pidgeot
2,1088,tie,1300,gardevoir-ex-sv,1108,cynthia-garchomp-ex
2,1089,p2,2057,gholdengo-joltik-box,1732,dragapult-dusknoir
2,1090,p1,0166,gardevoir-ex-sv,1280,charizard-noctowl
2,1091,p1,1770,gholdengo-lunatone,1619,kangaskhan-bouffalant
2,1092,p1,1180,gholdengo-lunatone,0021,alakazam-dudunsparce
2,1093,p1,2113,gholdengo-lunatone,1882,gardevoir-ex-sv
2,1094,p2,1815,iron-thorns-crustle,2164,gholdengo-lunatone
2,1095,tie,1870,gholdengo-lunatone,2123,gholdengo-lunatone
2,1096,p1,1214,gardevoir-jellicent,0200,charizard-noctowl
2,1097,p2,1323,dragapult-ex,0467,dragapult-dusknoir
2,1098,p2,2190,dragapult-dusknoir,0283,gardevoir-ex-sv
2,1099,p2,2148,lopunny-dusknoir,1224,gholdengo-lunatone
2,1100,p1,0232,alakazam-dudunsparce,0216,lopunny-dusknoir
2,1101,p1,0649,dragapult-dusknoir,2005,charizard-noctowl
2,1102,p2,1899,raging-bolt-ogerpon,1944,charizard-pidgeot
2,1103,p1,1909,dragapult-dusknoir,2054,dragapult-dusknoir
2,1104,tie,2032,alakazam-dudunsparce,0299,gholdengo-lunatone
2,1105,p1,0670,dragapult-dusknoir,0515,gardevoir-jellicent
2,1106,p1,0763,gholdengo-lunatone,0236,dragapult-dusknoir
2,1107,p1,1415,charizard-noctowl,0444,lopunny-dusknoir
2,1108,p2,2048,gardevoir-ex-sv,0373,gholdengo-lunatone
2,1109,p1,2085,gholdengo-lunatone,0587,gardevoir-jellicent
2,1110,p2,1104,gholdengo-lunatone,0631,charizard-noctowl
2,1111,tie,1016,conkeldurr-twm,2133,joltik-box
2,1112,p1,1105,n-zoroark,0962,alakazam-dudunsparce
2,1113,p1,0112,joltik-box,1605,kangaskhan-bouffalant
2,1114,p2,2021,hydreigon-ex,1298,raging-bolt-ogerpon
2,1115,p1,0732,flareon-noctowl,0182,tera-box
2,1116,p1,0900,dragapult-charizard,0537,slowking-scr
2,1117,p1,2037,charizard-noctowl,1555,wugtrio-svi
2,1118,p2,1686,raging-bolt-ogerpon,0098,gholdengo-lunatone
2,1119,p1,1949,ceruledge-ex,1535,gholdengo-lunatone
2,1120,p1,1797,ceruledge-ex,0282,gholdengo-lunatone
2,1121,p2,0791,dragapult-dusknoir,1022,gardevoir-ex-sv
2,1122,p2,0346,ceruledge-ex,1808,gardevoir-ex-sv
2,1123,p1,0743,gardevoir-ex-sv,1499,dragapult-dusknoir
2,1124,tie,1554,n-zoroark,1805,dragapult-dusknoir
2,,bye,0876,dragapult-ex,,
2,,bye,2270,tera-box,,
2,,unpaired,0446,rocket-mewtwo-ex,,
3,1,p2,0968,dragapult-dusknoir,1068,dragapult-dusknoir
3,2,p1,1527,gardevoir-ex-sv,0585,dragapult-dusknoir
3,3,p1,0745,dragapult-dusknoir,1798,seaking-pre
3,4,tie,0724,gardevoir-ex-sv,0694,iron-thorns-crustle
3,5,p2,2044,charizard-noctowl,1960,crustle-dri
3,6,tie,1776,dragapult-dusknoir,2124,charizard-noctowl
3,7,p1,1472,gholdengo-lunatone,1227,charizard-noctowl
3,8,p1,1372,dragapult-dusknoir,0792,kangaskhan-bouffalant
3,9,tie,2028,gholdengo-lunatone,0729,gholdengo-lunatone
3,10,p1,0339,charizard-pidgeot,1203,kangaskhan-bouffalant
3,11,p1,0342,charizard-dragapult,1681,charizard-noctowl
3,12,p1,0441,iron-hands-magneton,0627,gardevoir-ex-sv
3,13,p1,1072,raging-bolt-ogerpon,1442,gholdengo-lunatone
3,14,p1,1801,dragapult-dusknoir,2059,sharpedo-toxtricity
3,15,tie,0054,gardevoir-ex-sv,0188,gardevoir-jellicent
3,16,p2,0171,dragapult-dusknoir,1689,gholdengo-lunatone
3,17,p1,0924,gardevoir-jellicent,0919,dragapult-dusknoir
3,18,p2,1304,?roaring-moon,1301,greninja-ex
3,19,p2,0096,dragapult-dusknoir,0632,dragapult-dusknoir
3,20,tie,1416,dragapult-dusknoir,1971,gardevoir-ex-sv
3,21,p1,1996,joltik-box,0062,grimmsnarl-froslass
3,22,p1,0766,charizard-noctowl,1319,gholdengo-lunatone
3,23,p2,1846,raging-bolt-ogerpon,0215,raging-bolt-ogerpon
3,24,p1,0413,gardevoir-ex-sv,1019,gholdengo-lunatone
3,25,p2,1172,gardevoir-ex-sv,0208,gholdengo-lunatone
3,26,p2,0009,n-zoroark,0080,dragapult-charizard
3,27,p2,1892,gholdengo-lunatone,1495,seaking-pre
3,28,p2,0890,charizard-pidgeot,0966,gardevoir-jellicent
3,29,p1,1612,gholdengo-lunatone,1965,gholdengo-typhlosion
3,30,p1,1556,mega-absol-box,1829,slowking-scr
3,31,p1,0483,raging-bolt-ogerpon,0066,gholdengo-lunatone
3,32,p2,1174,charizard-noctowl,1331,gholdengo-lunatone
3,33,p1,0168,charizard-noctowl,1811,gholdengo-lunatone
3,34,p1,1175,dragapult-dusknoir,1426,gardevoir-ex-sv
3,35,tie,0636,gardevoir-jellicent,2210,gholdengo-lunatone
3,36,p2,1488,dragapult-dusknoir,0861,gholdengo-lunatone
3,37,p1,0848,dragapult-dusknoir,0117,dragapult-dusknoir
3,38,tie,0478,gardevoir-ex-sv,1950,gardevoir-ex-sv
3,39,p2,1168,dragapult-dusknoir,0431,dragapult-dusknoir
3,40,p2,0051,gholdengo-lunatone,0022,pidgeot-control
3,41,p2,1160,gholdengo-lunatone,1077,dragapult-dusknoir
3,42,p2,2025,charizard-noctowl,1034,dragapult-dusknoir
3,43,p1,0020,gholdengo-lunatone,1268,gardevoir-ex-sv
3,44,p1,1076,raging-bolt-ogerpon,0902,gholdengo-lunatone
3,45,p1,1421,grimmsnarl-froslass,1646,charizard-noctowl
3,46,p1,2242,charizard-noctowl,0617,tera-box
3,47,p1,1729,gardevoir-ex-sv,0831,greninja-ex
3,48,p2,2094,greninja-ex,0703,flareon-noctowl
3,49,p2,1137,grimmsnarl-froslass,2162,slowking-scr
3,50,p1,0104,gholdengo-lunatone,1039,gholdengo-lunatone
3,51,p2,0383,charizard-noctowl,1842,tera-box
3,52,tie,1009,gardevoir-ex-sv,0222,dragapult-dusknoir
3,53,p1,0958,dragapult-dusknoir,0650,charizard-pidgeot
3,54,p1,0935,gardevoir-ex-sv,1871,gholdengo-lunatone
3,55,p1,0577,n-zoroark,1312,charizard-noctowl
3,56,p2,2003,dragapult-dusknoir,1139,charizard-noctowl
3,57,tie,0111,dragapult-charizard,0596,dragapult-dusknoir
3,58,p2,0879,gardevoir-ex-sv,1024,grimmsnarl-froslass
3,59,p2,1717,charizard-noctowl,2173,mega-absol-box
3,60,p2,0824,dragapult-dusknoir,0035,gholdengo-lunatone
3,61,tie,1132,gholdengo-lunatone,1565,alakazam-dudunsparce
3,62,p2,0240,greninja-ex,2074,gardevoir-ex-sv
3,63,tie,0912,gholdengo-lunatone,0656,mega-absol-box
3,64,p1,0720,tera-box,2144,dragapult-dusknoir
3,65,p1,0894,kangaskhan-bouffalant,0100,ceruledge-ex
3,66,p2,2138,gholdengo-lunatone,1395,dragapult-dusknoir
3,67,p1,0399,gardevoir-ex-sv,2240,gholdengo-lunatone
3,68,p1,1307,mega-absol-box,0833,gardevoir-ex-sv
3,69,p2,1893,charizard-noctowl,1142,gholdengo-lunatone
3,70,p2,2024,gholdengo-lunatone,0500,mega-absol-box
3,71,p2,1791,gardevoir-jellicent,0395,charizard-pidgeot
3,72,tie,2168,dragapult-dusknoir,0142,gholdengo-lunatone
3,73,p1,1338,charizard-pidgeot,1272,gardevoir-jellicent
3,74,p1,0648,gardevoir-jellicent,0946,other
3,75,p2,1738,charizard-noctowl,1993,gardevoir-ex-sv
3,76,p1,0322,kangaskhan-bouffalant,1151,gardevoir-jellicent
3,77,p1,0557,gholdengo-joltik-box,1220,charizard-noctowl
3,78,p2,0459,festival-lead,2111,mega-absol-box
3,79,p1,1639,dragapult-dusknoir,0463,gholdengo-lunatone
3,80,p2,1644,gholdengo-lunatone,1293,gholdengo-lunatone
3,81,p1,0201,charizard-noctowl,1767,gardevoir-jellicent
3,82,p1,2233,gardevoir-jellicent,1381,grimmsnarl-froslass
3,83,p1,1266,ceruledge-ex,1514,gholdengo-lunatone
3,84,tie,0527,gholdengo-lunatone,1276,mega-absol-box
3,85,p2,0355,miraidon-eelektrik,1070,dragapult-dusknoir
3,86,p1,1463,n-zoroark,1687,grimmsnarl-froslass
3,87,p2,0070,dragapult-dusknoir,0374,ceruledge-ex
3,88,tie,0547,dragapult-dusknoir,0827,gholdengo-lunatone
3,89,p2,1465,flareon-noctowl,1074,charizard-pidgeot
3,90,p2,1627,gholdengo-lunatone,2090,gardevoir-ex-sv
3,91,tie,2251,raging-bolt-ogerpon,0873,charizard-pidgeot
3,92,tie,1936,gardevoir-ex-sv,0624,n-zoroark
3,93,tie,1082,charizard-noctowl,0808,ceruledge-ex
3,94,p2,1515,gholdengo-lunatone,2189,gardevoir-jellicent
3,95,p1,1324,gardevoir-ex-sv,1350,gardevoir-ex-sv
3,96,p2,0740,gholdengo-lunatone,2134,gholdengo-lunatone
3,97,p2,1318,charizard-noctowl,2109,dragapult-dusknoir
3,98,p2,2062,ceruledge-ex,2041,gardevoir-jellicent
3,99,p1,0292,greninja-ex,1642,joltik-box
3,100,p1,0455,gholdengo-joltik-box,1860,kangaskhan-bouffalant
3,101,p2,1665,charizard-noctowl,0675,charizard-noctowl
3,102,p1,1910,gardevoir-jellicent,0318,gardevoir-jellicent
3,103,p1,1769,dragapult-charizard,0147,dragapult-dusknoir
3,104,p2,1885,gholdengo-lunatone,1773,gardevoir-jellicent
3,105,tie,0482,gardevoir-ex-sv,1452,charizard-pidgeot
3,106,p1,2199,gholdengo-lunatone,0974,charizard-noctowl
3,107,p1,1482,gholdengo-lunatone,0186,gholdengo-lunatone
3,108,p1,1675,gholdengo-lunatone,1252,lopunny-dusknoir
3,109,p1,1357,gardevoir-jellicent,0228,gholdengo-lunatone
3,110,p2,1530,grimmsnarl-froslass,1806,grimmsnarl-froslass
3,111,p1,1521,charizard-noctowl,2096,mega-absol-box
3,112,p1,0779,gholdengo-lunatone,1647,kangaskhan-bouffalant
3,113,tie,1403,charizard-noctowl,2009,raging-bolt-ogerpon
3,114,p1,0420,gholdengo-lunatone,0059,gardevoir-ex-sv
3,115,p1,0841,dragapult-dusknoir,0522,charizard-noctowl
3,116,p1,1917,gardevoir-ex-sv,1782,tera-box
3,117,p2,1327,gholdengo-lunatone,0642,gholdengo-lunatone
3,118,p1,1370,gholdengo-lunatone,1290,dragapult-dusknoir
3,119,p1,1457,gholdengo-lunatone,2006,gholdengo-lunatone
3,120,tie,2106,charizard-noctowl,1491,gholdengo-lunatone
3,121,p1,0213,charizard-noctowl,1579,charizard-pidgeot
3,122,p1,0516,n-zoroark,0615,grimmsnarl-froslass
3,123,p1,1807,gardevoir-ex-sv,1356,n-zoroark
3,124,p2,0026,lopunny-dusknoir,1090,dragapult-dusknoir
3,125,tie,0468,gardevoir-ex-sv,1534,charizard-noctowl
3,126,p2,1915,grimmsnarl-froslass,1049,gardevoir-ex-sv
3,127,p1,1035,gholdengo-lunatone,0709,gholdengo-lunatone
3,128,p2,0307,charizard-noctowl,0433,?
3,129,p1,0645,dragapult-dusknoir,1414,ceruledge-ex
3,130,p2,1432,gardevoir-ex-sv,1951,charizard-noctowl
3,131,tie,0480,gardevoir-ex-sv,1699,gholdengo-lunatone
3,132,p2,2087,gholdengo-lunatone,1843,alakazam-dudunsparce
3,133,p2,0582,dragapult-dusknoir,0161,dragapult-dusknoir
3,134,p2,1869,gardevoir-ex-sv,1507,gholdengo-lunatone
3,135,tie,0540,kangaskhan-bouffalant,0404,gholdengo-lunatone
3,136,p1,0662,gholdengo-lunatone,1943,dragapult-charizard
3,137,p2,2163,dragapult-dusknoir,0786,gardevoir-ex-sv
3,138,p1,1502,charizard-noctowl,1908,gholdengo-lunatone
3,139,p1,0770,lucario-hariyama,1097,charizard-noctowl
3,140,p2,0579,gholdengo-lunatone,0231,n-zoroark
3,141,p1,1270,gardevoir-jellicent,0918,gholdengo-lunatone
3,142,p2,1380,raging-bolt-ogerpon,2103,raging-bolt-ogerpon
3,143,p2,1626,gholdengo-lunatone,0757,n-zoroark
3,144,p1,0523,gardevoir-ex-sv,0271,gardevoir-jellicent
3,145,tie,0651,n-zoroark,0122,dragapult-charizard
3,146,p1,1493,charizard-noctowl,1106,gholdengo-lunatone
3,147,p1,1321,ceruledge-ex,1724,charizard-noctowl
3,148,tie,1346,charizard-noctowl,0427,charizard-noctowl
3,149,tie,1025,gardevoir-jellicent,0707,alakazam-dudunsparce
3,150,p2,1553,other,1042,gholdengo-lunatone
3,151,tie,0983,gholdengo-lunatone,1116,n-zoroark
3,152,p1,0366,charizard-noctowl,1291,gholdengo-lunatone
3,153,p2,1564,greninja-ex,0903,charizard-noctowl
3,154,p2,0937,marnie-grimmsnarl-ex,0437,gholdengo-lunatone
3,155,tie,2058,gholdengo-lunatone,2114,gholdengo-lunatone
3,156,p2,1092,gholdengo-lunatone,0692,alakazam-dudunsparce
3,157,p1,0803,gardevoir-ex-sv,2230,n-zoroark
3,158,p1,2188,charizard-noctowl,2055,gardevoir-ex-sv
3,159,p1,0853,gholdengo-lunatone,1695,grimmsnarl-froslass
3,160,p2,0948,dragapult-charizard,1247,charizard-pidgeot
3,161,p1,0401,gholdengo-lunatone,0385,gardevoir-jellicent
3,162,p1,1263,gholdengo-lunatone,1387,charizard-noctowl
3,163,p2,1804,raging-bolt-ogerpon,1232,dragapult-dusknoir
3,164,p1,0784,dragapult-dusknoir,1898,charizard-noctowl
3,165,p1,1865,charizard-noctowl,1810,raging-bolt-ogerpon
3,166,p1,1525,gholdengo-lunatone,0033,gardevoir-ex-sv
3,167,p2,1987,cynthia-garchomp-ex,0045,gholdengo-lunatone
3,168,p2,1401,dragapult-dusknoir,0284,gholdengo-lunatone
3,169,p2,2038,n-zoroark,1062,charizard-noctowl
3,170,p2,0114,lopunny-dusknoir,2141,gardevoir-jellicent
3,171,p1,0731,n-zoroark,0492,gholdengo-lunatone
3,172,p1,1296,grimmsnarl-froslass,2008,charizard-noctowl
3,173,p1,0591,gholdengo-lunatone,2020,charizard-pidgeot
3,174,p1,0120,n-zoroark,0181,mega-absol-box
3,175,tie,0499,gardevoir-ex-sv,0350,charizard-noctowl
3,176,p2,1741,alakazam-dudunsparce,0242,mega-lopunny-ex
3,177,p1,1443,grimmsnarl-froslass,0490,dragapult-dusknoir
3,178,p1,0233,raging-bolt-ogerpon,1197,dragapult-dusknoir
3,179,p2,1705,raging-bolt-ogerpon,2149,mega-absol-box
3,180,p1,0756,ceruledge-ex,1313,n-zoroark
3,181,p1,1109,other,0247,dragapult-dusknoir
3,182,tie,2155,gholdengo-lunatone,0093,n-zoroark
3,183,p1,0439,gholdengo-lunatone,0370,gardevoir-jellicent
3,184,p1,0999,gardevoir-ex-sv,1157,iron-thorns-crustle
3,185,p1,0905,gholdengo-lunatone,1587,charizard-noctowl
3,186,p1,1114,dragapult-charizard,1439,n-zoroark
3,187,p1,0868,gardevoir-jellicent,1822,gardevoir-ex-sv
3,188,tie,1297,gardevoir-jellicent,1719,n-zoroark
3,189,tie,1184,lopunny-dusknoir,0333,charizard-noctowl
3,190,tie,1238,charizard-pidgeot,0153,gholdengo-lunatone
3,191,p1,0654,charizard-pidgeot,1299,n-zoroark
3,192,tie,0798,alakazam-dudunsparce,0090,mega-absol-box
3,193,p1,0290,gholdengo-lunatone,0192,joltik-box
3,194,p1,1135,charizard-noctowl,1989,gholdengo-lunatone
3,195,p1,0109,gholdengo-lunatone,0714,kangaskhan-bouffalant
3,196,p1,0246,gholdengo-lunatone,0690,charizard-noctowl
3,197,tie,1901,charizard-noctowl,0193,n-zoroark
3,198,p2,1900,charizard-noctowl,0508,festival-lead
3,199,p1,0132,n-zoroark,1055,raging-bolt-ogerpon
3,200,p2,1450,alakazam-dudunsparce,0503,gholdengo-lunatone
3,201,p1,1217,gholdengo-lunatone,1017,dragapult-dusknoir
3,202,p2,1368,flareon-noctowl,1288,gholdengo-lunatone
3,203,p2,1255,charizard-noctowl,1945,dragapult-dusknoir
3,204,p2,0165,gholdengo-ex,1230,froslass-munkidori
3,205,p2,0696,gardevoir-ex-sv,2166,grimmsnarl-froslass
3,206,p2,1693,tera-box,1244,kangaskhan-bouffalant
3,207,p1,2018,gholdengo-lunatone,2117,gholdengo-lunatone
3,208,p1,1594,gardevoir-jellicent,1126,gholdengo-lunatone
3,209,p2,0954,gholdengo-lunatone,1216,gardevoir-ex-sv
3,210,p1,1978,gholdengo-lunatone,1052,dragapult-ex
3,211,p2,1749,charizard-pidgeot,1286,dragapult-dusknoir
3,212,p2,1474,charizard-pidgeot,2084,dragapult-dusknoir
3,213,tie,0811,gholdengo-lunatone,0452,mega-venusaur-ex
3,214,tie,1124,gholdengo-lunatone,1940,gholdengo-lunatone
3,215,p2,0735,gholdengo-lunatone,1015,charizard-noctowl
3,216,tie,0277,chien-pao-baxcalibur,1756,gardevoir-ex-sv
3,217,p2,1445,dragapult-dusknoir,2063,dragapult-dusknoir
3,218,p1,1470,n-zoroark,0175,iron-thorns-crustle
3,219,tie,0206,gardevoir-ex-sv,2086,gholdengo-lunatone
3,220,p2,1283,charizard-pidgeot,0969,gholdengo-lunatone
3,221,p1,0865,chien-pao-baxcalibur,0311,n-zoroark
3,222,p1,1120,charizard-pidgeot,0029,charizard-pidgeot
3,223,p1,0446,rocket-mewtwo-ex,0245,cynthia-garchomp-ex
3,224,p2,1352,raging-bolt-ogerpon,1618,charizard-noctowl
3,225,p2,2068,gholdengo-lunatone,1931,n-zoroark
3,226,p2,0174,gardevoir-jellicent,1868,kangaskhan-bouffalant
3,227,p2,1523,dragapult-charizard,0381,dragapult-dusknoir
3,228,p2,0007,gholdengo-lunatone,0423,gholdengo-lunatone
3,229,p2,2205,gardevoir-ex-sv,0542,charizard-noctowl
3,230,p1,0320,gholdengo-lunatone,0235,gholdengo-lunatone
3,231,p1,0388,gardevoir-jellicent,1661,gardevoir-jellicent
3,232,p2,1181,dragapult-dusknoir,1202,gholdengo-lunatone
3,233,p1,0788,dragapult-charizard,1733,charizard-noctowl
3,234,p2,1162,charizard-noctowl,1213,charizard-noctowl
3,235,p1,0856,gholdengo-lunatone,0822,n-zoroark
3,236,p1,0256,grimmsnarl-froslass,1855,n-zoroark
3,237,p1,0877,charizard-noctowl,0613,gholdengo-lunatone
3,238,p2,0681,dragapult-dusknoir,1657,gholdengo-lunatone
3,239,tie,0705,gardevoir-ex-sv,1664,gholdengo-lunatone
3,240,tie,1961,charizard-noctowl,0496,other
3,241,p1,1597,mega-absol-box,1896,dragapult-dusknoir
3,242,tie,2107,raging-bolt-ogerpon,1589,charizard-pidgeot
3,243,p1,1837,gardevoir-jellicent,2208,conkeldurr-twm
3,244,p2,0995,alakazam-dudunsparce,1043,dragapult-dusknoir
3,245,p1,1736,gholdengo-lunatone,0506,dragapult-dusknoir
3,246,tie,0084,kangaskhan-bouffalant,1772,charizard-pidgeot
3,247,p1,1348,crustle-dri,0265,charizard-pidgeot
3,248,p1,2193,dragapult-dusknoir,1166,charizard-noctowl
3,249,tie,1330,charizard-noctowl,2013,grimmsnarl-froslass
3,250,p2,1532,dragapult-dusknoir,0959,gardevoir-jellicent
3,251,p2,1397,charizard-pidgeot,1385,alakazam-dudunsparce
3,252,p2,0190,kangaskhan-bouffalant,1816,ursaluna-lunatone
3,253,p1,2248,gardevoir-ex-sv,1079,kangaskhan-bouffalant
3,254,p1,1975,grimmsnarl-froslass,1752,kangaskhan-bouffalant
3,255,p2,1461,n-zoroark,0899,gardevoir-ex-sv
3,256,tie,1704,charizard-noctowl,1182,dragapult-dusknoir
3,257,p2,1130,ceruledge-ex,1922,gholdengo-lunatone
3,258,p1,1740,gholdengo-lunatone,1339,kangaskhan-bouffalant
3,259,p2,1087,charizard-noctowl,0487,dragapult-dusknoir
3,260,p1,1011,gardevoir-ex-sv,1568,dragapult-dusknoir
3,261,p2,0220,gholdengo-joltik-box,2098,gardevoir-ex-sv
3,262,p2,0352,charizard-noctowl,0039,dragapult-ex
3,263,p1,1746,gardevoir-jellicent,2011,gardevoir-ex-sv
3,264,p1,1018,mega-absol-box,1064,gardevoir-jellicent
3,265,p2,0313,gholdengo-lunatone,1921,gholdengo-lunatone
3,266,p1,1519,charizard-noctowl,1557,gardevoir-ex-sv
3,267,p1,2159,conkeldurr-twm,0520,n-zoroark
3,268,p1,2206,seaking-pre,1629,gholdengo-lunatone
3,270,p1,1369,gholdengo-lunatone,0538,gardevoir-jellicent
3,271,p1,0539,gholdengo-lunatone,1131,tsareena-ex
3,272,tie,0678,joltik-box,0541,gardevoir-jellicent
3,273,p2,0544,kangaskhan-bouffalant,0750,gardevoir-ex-sv
3,274,p1,0653,gardevoir-jellicent,0546,dragapult-charizard
3,275,tie,0167,dragapult-dusknoir,0548,charizard-pidgeot
3,276,p2,0550,lopunny-dusknoir,0943,gholdengo-lunatone
3,277,p2,1033,dragapult-dusknoir,0552,alakazam-dudunsparce
3,278,p1,0412,gholdengo-lunatone,0553,gholdengo-lunatone
3,279,p2,0121,cynthia-garchomp-ex,0556,dragapult-dusknoir
3,280,p2,0079,gholdengo-lunatone,0558,flareon-noctowl
3,281,p2,0559,conkeldurr-twm,1820,dragapult-dusknoir
3,282,p2,0562,gholdengo-lunatone,0137,dragapult-charizard
3,283,p1,0501,gardevoir-ex-sv,0563,charizard-noctowl
3,284,p1,1303,alakazam-dudunsparce,0565,charizard-noctowl
3,285,p2,1889,dragapult-charizard,1817,ceruledge-ex
3,286,p2,2197,ceruledge-ex,0203,charizard-dragapult
3,287,p2,1660,grimmsnarl-froslass,1758,gholdengo-lunatone
3,288,p2,1531,tera-box,0991,charizard-pidgeot
3,289,tie,1615,palafin-ex,1854,gardevoir-ex-sv
3,290,p1,1129,gholdengo-lunatone,1714,dragapult-dusknoir
3,291,p1,1125,gardevoir-jellicent,0071,dragapult-dusknoir
3,292,p2,0963,gholdengo-lunatone,0300,grimmsnarl-froslass
3,293,p1,2136,joltik-box,0250,mega-absol-box
3,294,p2,0074,flareon-noctowl,0593,gholdengo-lunatone
3,295,p2,1632,alakazam-dudunsparce,1333,dragapult-dusknoir
3,296,p2,0686,ethan-typhlosion,2049,gardevoir-ex-sv
3,297,tie,1509,gholdengo-lunatone,0372,raging-bolt-ogerpon
3,298,p1,1384,charizard-noctowl,0985,gholdengo-lunatone
3,299,p2,2012,flareon-noctowl,0077,seaking-pre
3,300,tie,0462,charizard-noctowl,1424,dragapult-dusknoir
3,301,tie,0393,dragapult-charizard,0169,grimmsnarl-froslass
3,302,p2,2245,gholdengo-lunatone,0004,dragapult-dusknoir
3,303,p2,0288,greninja-ex,0495,gholdengo-lunatone
3,304,p2,0357,gardevoir-jellicent,0514,n-zoroark
3,305,tie,0008,dragapult-dusknoir,0005,gholdengo-lunatone
3,306,p1,0083,reging-bolt-bellibolt,0326,tera-box
3,307,p1,1973,charizard-noctowl,0549,gholdengo-lunatone
3,308,p2,0027,gholdengo-lunatone,1179,charizard-noctowl
3,309,p1,1663,kangaskhan-bouffalant,1353,gardevoir-ex-sv
3,310,p1,0115,gholdengo-lunatone,0813,kangaskhan-bouffalant
3,311,p1,0013,gholdengo-lunatone,0819,gholdengo-lunatone
3,312,tie,0674,gardevoir-jellicent,2080,gardevoir-ex-sv
3,313,p1,0176,gholdengo-lunatone,2102,gholdengo-lunatone
3,314,p1,0576,gholdengo-lunatone,0139,raging-bolt-ogerpon
3,315,p2,2101,seaking-pre,0600,gholdengo-lunatone
3,316,tie,1873,slaking-ex,0360,gholdengo-joltik-box
3,317,p2,1835,gholdengo-lunatone,0280,dragapult-dusknoir
3,318,tie,0961,dragapult-dusknoir,0976,gardevoir-ex-sv
3,319,p2,0882,gholdengo-lunatone,1027,dragapult-dusknoir
3,320,p1,2147,gardevoir-jellicent,0844,grimmsnarl-froslass
3,321,p1,0024,gardevoir-ex-sv,0566,gardevoir-jellicent
3,322,p2,2212,gardevoir-jellicent,2157,dragapult-dusknoir
3,323,p2,0410,gardevoir-jellicent,1517,dragapult-dusknoir
3,324,p1,0146,grimmsnarl-froslass,1581,crustle-dri
3,325,p1,0759,grimmsnarl-froslass,0982,gardevoir-ex-sv
3,326,tie,2016,charizard-pidgeot,0742,ceruledge-ex
3,327,p1,1880,gholdengo-lunatone,0697,gholdengo-lunatone
3,328,p1,0225,dragapult-dusknoir,0534,gardevoir-ex-sv
3,329,p1,0669,gardevoir-jellicent,1590,gardevoir-jellicent
3,330,p1,1112,dragapult-dusknoir,0996,gholdengo-lunatone
3,331,p2,1878,gholdengo-lunatone,0276,gholdengo-lunatone
3,332,p1,0173,charizard-pidgeot,1883,sharpedo-toxtricity
3,333,p2,2029,gholdengo-lunatone,0379,dragapult-dusknoir
3,334,p2,1814,mega-venusaur-ex,0505,dragapult-dusknoir
3,335,p1,0928,mega-absol-box,1205,froslass-munkidori
3,336,p1,2071,gardevoir-ex-sv,1545,dragapult-dusknoir
3,337,p1,0711,n-zoroark,1559,mega-absol-box
3,338,p1,0263,dragapult-dusknoir,1636,charizard-noctowl
3,339,p2,0023,gholdengo-lunatone,1107,gardevoir-jellicent
3,340,p1,1653,dragapult-dusknoir,0702,lopunny-dusknoir
3,341,p2,0866,gardevoir-jellicent,0417,gholdengo-lunatone
3,342,p2,1539,joltik-box,0351,gardevoir-jellicent
3,343,tie,0134,charizard-noctowl,1354,charizard-noctowl
3,344,p1,0469,gardevoir-jellicent,0625,greninja-ex
3,345,p2,1634,gholdengo-lunatone,0275,tera-box
3,346,p2,1187,sharpedo-toxtricity,1734,gholdengo-lunatone
3,347,p1,0316,gardevoir-jellicent,1549,charizard-noctowl
3,348,p1,1484,mega-absol-box,2145,charizard-noctowl
3,349,p1,0160,n-zoroark,0348,ethan-typhlosion
3,350,p2,0621,charizard-pidgeot,0031,dragapult-charizard
3,351,tie,1430,gholdengo-lunatone,2215,dragapult-dusknoir
3,352,tie,0017,gholdengo-lunatone,0476,dragapult-dusknoir
3,353,tie,1165,grimmsnarl-froslass,0293,charizard-noctowl
3,354,p1,0085,flareon-noctowl,0640,gholdengo-lunatone
3,355,p1,0279,pidgeot-control,0817,charizard-noctowl
3,356,p1,1201,gholdengo-lunatone,0143,gholdengo-lunatone
3,357,p2,1190,dragapult-dusknoir,0533,gardevoir-ex-sv
3,358,p2,0238,dragapult-dusknoir,1552,gardevoir-jellicent
3,359,p2,0913,charizard-noctowl,1121,kangaskhan-bouffalant
3,360,p2,0338,mega-absol-box,2127,kangaskhan-bouffalant
3,361,p2,1454,gholdengo-lunatone,0532,froslass-munkidori
3,362,tie,0971,gholdengo-lunatone,1335,gholdengo-lunatone
3,363,p1,0310,gholdengo-lunatone,1708,gardevoir-jellicent
3,364,p1,1745,ethan-typhlosion,1013,gholdengo-lunatone
3,365,p2,1497,kangaskhan-forretress,0863,gholdengo-lunatone
3,366,p2,0884,sharpedo-toxtricity,2170,gholdengo-lunatone
3,367,p1,1195,n-zoroark,0197,gholdengo-lunatone
3,368,p1,1434,charizard-pidgeot,1233,charizard-noctowl
3,369,tie,0400,mega-venusaur-ex,0177,dragapult-dusknoir
3,370,p1,0149,gholdengo-lunatone,1712,lucario-hariyama
3,371,p1,1099,gholdengo-lunatone,0259,gholdengo-lunatone
3,372,p1,0166,gardevoir-ex-sv,1229,gholdengo-lunatone
3,373,p1,0769,dragapult-dusknoir,0922,gholdengo-lunatone
3,374,p2,0825,gardevoir-ex-sv,1254,charizard-noctowl
3,375,p1,2195,gardevoir-ex-sv,0767,ceruledge-ex
3,376,p1,1228,gardevoir-ex-sv,1610,dragapult-dusknoir
3,377,tie,1504,gholdengo-lunatone,1376,alakazam-dudunsparce
3,378,tie,1909,dragapult-dusknoir,0967,gholdengo-lunatone
3,379,p2,0764,pidgeot-control,1847,gardevoir-ex-sv
3,380,p1,0581,dragapult-dusknoir,1410,gholdengo-lunatone
3,381,tie,2254,n-zoroark,0286,alakazam-dudunsparce
3,382,p1,0594,gholdengo-lunatone,0713,charizard-noctowl
3,383,tie,0909,n-zoroark,1654,charizard-noctowl
3,384,p2,1066,gardevoir-jellicent,2031,dragapult-dusknoir
3,385,p1,2226,dragapult-dusknoir,0432,n-zoroark
3,386,p1,1543,dragapult-dusknoir,1907,gardevoir-jellicent
3,387,p1,0467,dragapult-dusknoir,0251,hydrapple-ogerpon
3,388,p1,0647,ho-oh-armarouge,1818,gardevoir-ex-sv
3,389,p2,1407,gardevoir-ex-sv,1209,charizard-noctowl
3,390,tie,2225,grimmsnarl-froslass,0663,alakazam-dudunsparce
3,391,p1,0921,ceruledge-ex,0885,cynthia-garchomp-ex
3,392,tie,0875,dragapult-dusknoir,1852,mega-absol-box
3,393,tie,1726,dragapult-dusknoir,1606,n-zoroark
3,394,p1,2249,alakazam-dudunsparce,1621,gardevoir-jellicent
3,395,p1,0655,raging-bolt-ogerpon,1273,charizard-pidgeot
3,396,p2,2202,ceruledge-ex,0980,kangaskhan-bouffalant
3,397,p2,0929,other,1928,gardevoir-jellicent
3,398,p2,0392,blaziken-ex-jtg,0043,charizard-pidgeot
3,399,p1,1711,dragapult-dusknoir,0362,dragapult-dusknoir
3,400,tie,2052,tera-box,0851,dragapult-dusknoir
3,401,p2,2218,dragapult-dusknoir,0415,joltik-box
3,402,p1,1800,dragapult-charizard,2221,lopunny-dusknoir
3,403,p2,1487,conkeldurr-twm,0088,gardevoir-jellicent
3,404,p2,0323,pidgeot-control,1691,gholdengo-lunatone
3,405,tie,1561,raging-bolt-ogerpon,0672,gardevoir-ex-sv
3,406,tie,1710,ceruledge-ex,0855,n-zoroark
3,407,p2,2244,dragapult-dusknoir,0564,gardevoir-ex-sv
3,408,tie,1715,dragapult-dusknoir,1001,dragapult-dusknoir
3,409,p1,1048,charizard-noctowl,1282,gardevoir-jellicent
3,410,p1,1563,gholdengo-lunatone,0797,gholdengo-lunatone
3,411,tie,0509,mega-absol-box,0195,gholdengo-ex
3,412,p2,1222,charizard-pidgeot,1751,mega-absol-box
3,413,p1,0136,alakazam-dudunsparce,0763,gholdengo-lunatone
3,414,p1,0934,gholdengo-lunatone,2042,gardevoir-jellicent
3,415,tie,1825,kangaskhan-bouffalant,0472,charizard-noctowl
3,416,tie,1158,n-zoroark,1415,charizard-noctowl
3,417,p2,0274,charizard-pidgeot,1511,conkeldurr-twm
3,418,p2,1088,greninja-ex,0529,grimmsnarl-froslass
3,419,tie,0631,charizard-noctowl,0267,gardevoir-jellicent
3,420,p2,1969,charizard-noctowl,0911,gholdengo-lunatone
3,421,p1,1669,gholdengo-lunatone,0708,charizard-noctowl
3,422,p2,0454,flareon-noctowl,1856,gardevoir-ex-sv
3,423,p1,0375,dragapult-dusknoir,0580,toxtricity-pfl
3,424,p2,0768,dragapult-dusknoir,0406,n-zoroark
3,425,p2,1163,tera-box,0717,grimmsnarl-froslass
3,426,tie,0751,gardevoir-ex-sv,1666,gardevoir-ex-sv
3,427,tie,1278,toxtricity-pfl,0837,lopunny-dusknoir
3,428,p1,0758,gholdengo-lunatone,1444,gholdengo-lunatone
3,429,p2,2083,manectric-eelektrik,0049,dragapult-dusknoir
3,430,p2,2214,dragapult-dusknoir,0941,gardevoir-jellicent
3,431,p2,1143,gardevoir-ex-sv,1022,gardevoir-ex-sv
3,432,p1,0126,gholdengo-lunatone,0804,archaludon-ex
3,433,p1,2255,charizard-noctowl,1317,mega-venusaur-ex
3,434,p2,0253,gholdengo-lunatone,1110,charizard-noctowl
3,435,p2,1706,dragapult-dusknoir,0874,gholdengo-ex
3,436,p1,0063,n-zoroark,1783,gardevoir-ex-sv
3,437,p1,2116,charizard-noctowl,2000,charizard-noctowl
3,438,tie,1662,lopunny-dusknoir,1608,gardevoir-ex-sv
3,439,p2,1298,raging-bolt-ogerpon,2250,dragapult-dusknoir
3,440,tie,0616,gardevoir-ex-sv,0180,gholdengo-lunatone
3,441,p1,1948,mega-absol-box,1933,gardevoir-jellicent
3,442,p2,1672,iron-hands-magneton,0135,dragapult-dusknoir
3,443,p2,1096,dragapult-dusknoir,1956,dragapult-dusknoir
3,444,p2,0777,gholdengo-lunatone,1944,charizard-pidgeot
3,445,p2,0670,dragapult-dusknoir,1628,dragapult-dusknoir
3,446,tie,0329,charizard-noctowl,0390,alakazam-dudunsparce
3,447,p1,0535,mega-absol-box,0331,gardevoir-jellicent
3,448,p2,0776,dragapult-dusknoir,0510,dragapult-dusknoir
3,449,p1,1435,dragapult-dusknoir,1389,charizard-noctowl
3,450,p2,0726,gholdengo-lunatone,0701,dragapult-dusknoir
3,451,p2,1210,gholdengo-lunatone,0818,gardevoir-ex-sv
3,452,p1,2178,n-zoroark,0652,gholdengo-lunatone
3,453,tie,0128,grimmsnarl-froslass,0790,flareon-noctowl
3,454,p2,1788,gholdengo-lunatone,1562,mega-absol-box
3,455,tie,0223,gardevoir-ex-sv,0343,lopunny-dusknoir
3,456,p1,2246,gholdengo-joltik-box,1375,gardevoir-jellicent
3,457,p1,2217,iron-hands-magneton,1373,gholdengo-lunatone
3,458,p1,0053,gardevoir-jellicent,0869,gholdengo-lunatone
3,459,p1,0940,gardevoir-jellicent,1101,dragapult-dusknoir
3,460,p2,1678,flareon-noctowl,0755,gardevoir-jellicent
3,461,p1,0629,gardevoir-jellicent,0305,joltik-box
3,462,p2,1790,charizard-noctowl,2236,dragapult-dusknoir
3,463,p2,1850,dragapult-dusknoir,0397,n-zoroark
3,464,p2,1830,gholdengo-lunatone,1981,gardevoir-jellicent
3,465,p1,0281,gholdengo-lunatone,0989,meowscarada-ex
3,466,p2,0218,dragapult-dusknoir,1841,gardevoir-ex-sv
3,467,p1,0951,charizard-pidgeot,2156,raging-bolt-ogerpon
3,468,tie,1091,charizard-noctowl,2105,gardevoir-ex-sv
3,469,p2,1569,charizard-noctowl,0880,gardevoir-jellicent
3,470,p1,0046,slaking-ex,1547,dragapult-dusknoir
3,471,p1,1449,gholdengo-lunatone,0037,charizard-noctowl
3,472,p2,1177,charizard-noctowl,2070,tera-box
3,473,p2,1721,dragapult-dusknoir,1592,greninja-ex
3,474,p1,1127,n-zoroark,1884,gholdengo-lunatone
3,475,p2,0573,grimmsnarl-froslass,1316,gholdengo-lunatone
3,476,p2,1176,raging-bolt-ogerpon,1679,dragapult-dusknoir
3,477,p2,1797,ceruledge-ex,2099,kangaskhan-bouffalant
3,478,p1,1170,gardevoir-ex-sv,2126,gardevoir-jellicent
3,479,p1,1985,gholdengo-lunatone,2043,gholdengo-lunatone
3,480,p1,1030,charizard-noctowl,0793,dragapult-dusknoir
3,481,tie,0876,dragapult-ex,0484,gardevoir-jellicent
3,482,p2,1673,charizard-noctowl,1045,cynthia-garchomp-ex
3,483,p2,1763,other,0354,dragapult-dusknoir
3,484,p1,0211,gardevoir-jellicent,1980,grimmsnarl-froslass
3,485,p2,0849,charizard-noctowl,1118,dragapult-charizard
3,486,p1,0269,gardevoir-ex-sv,0209,charizard-noctowl
3,487,p1,0386,charizard-noctowl,1477,gholdengo-lunatone
3,488,tie,1580,dragapult-dusknoir,0926,kangaskhan-bouffalant
3,489,p2,0773,hop-zacian,0373,gholdengo-lunatone
3,490,p1,2177,gholdengo-lunatone,0744,gholdengo-lunatone
3,491,p2,1500,gholdengo-lunatone,0258,dragapult-dusknoir
3,492,p1,0067,pidgeot-control,0229,gardevoir-jellicent
3,493,p2,1284,gholdengo-lunatone,0162,alakazam-dudunsparce
3,494,p2,1902,hydrapple-ogerpon,1861,dragapult-dusknoir
3,495,p1,0620,charizard-noctowl,1224,gholdengo-lunatone
3,496,p2,1572,gholdengo-lunatone,2085,gholdengo-lunatone
3,497,p2,0842,gardevoir-jellicent,2227,gholdengo-lunatone
3,498,p1,0957,gholdengo-lunatone,1863,gholdengo-lunatone
3,499,p2,0243,dragapult-dusknoir,1198,mega-venusaur-ex
3,500,p1,1793,gardevoir-jellicent,0630,dragapult-dusknoir
3,501,p1,0898,alakazam-dudunsparce,1904,ceruledge-ex
3,502,p1,0486,gholdengo-lunatone,0602,gholdengo-lunatone
3,503,p1,1046,gardevoir-ex-sv,0838,lopunny-dusknoir
3,504,tie,2089,charizard-pidgeot,1005,gardevoir-jellicent
3,505,p1,0257,gardevoir-jellicent,1638,gholdengo-lunatone
3,506,p1,0727,gardevoir-ex-sv,1473,joltik-box
3,507,p2,2075,charizard-noctowl,0832,gardevoir-jellicent
3,508,p2,2220,raging-bolt-ogerpon,2036,charizard-noctowl
3,509,p2,1727,joltik-box,1437,charizard-noctowl
3,510,p1,0230,gholdengo-lunatone,2113,gholdengo-lunatone
3,511,p1,1420,gardevoir-ex-sv,1849,dragapult-blaziken
3,512,p1,1957,charizard-noctowl,2234,charizard-pidgeot
3,513,tie,0517,mega-absol-box,0498,mega-absol-box
3,514,p2,1536,charizard-noctowl,0131,n-zoroark
3,515,tie,1147,marnie-grimmsnarl-ex,0151,dragapult-dusknoir
3,516,p2,2200,sharpedo-toxtricity,0312,dragapult-dusknoir
3,517,p1,1225,pidgeot-control,0361,gholdengo-lunatone
3,518,p1,2122,tera-box,1742,gholdengo-lunatone
3,519,p1,0718,raging-bolt-ogerpon,1785,dragapult-dusknoir
3,520,tie,1919,grimmsnarl-froslass,2262,gardevoir-ex-sv
3,521,p2,1422,alakazam-dudunsparce,0089,dragapult-dusknoir
3,522,tie,0810,gardevoir-jellicent,0060,dragapult-charizard
3,523,p2,1489,dragapult-dusknoir,2201,gholdengo-lunatone
3,524,p1,0782,kangaskhan-bouffalant,1310,flareon-noctowl
3,525,p2,1834,gholdengo-lunatone,1538,gardevoir-jellicent
3,526,p2,1060,?roaring-moon,1583,charizard-noctowl
3,527,p1,0525,gholdengo-lunatone,0141,n-zoroark
3,528,p2,1731,grimmsnarl-froslass,1796,charizard-noctowl
3,529,p2,1259,gardevoir-jellicent,1155,gardevoir-jellicent
3,530,tie,2203,charizard-noctowl,0344,grimmsnarl-froslass
3,531,p2,0605,raging-bolt-ogerpon,1671,raging-bolt-ogerpon
3,532,p2,0680,gholdengo-lunatone,1918,ceruledge-ex
3,533,p2,0998,charizard-noctowl,1990,charizard-noctowl
3,534,p1,0944,charizard-noctowl,0092,gholdengo-lunatone
3,535,p1,1418,rocket-mewtwo-ex,1309,dragapult-dusknoir
3,536,p2,1480,dragapult-dusknoir,0725,tera-box
3,537,p1,1100,gardevoir-jellicent,0453,raging-bolt-ogerpon
3,538,p2,1258,tera-box,0881,gardevoir-jellicent
3,539,p2,1311,gardevoir-ex-sv,1021,lopunny-dusknoir
3,540,p2,2119,gardevoir-jellicent,1546,charizard-pidgeot
3,541,p1,0586,gholdengo-lunatone,1862,gholdengo-lunatone
3,542,p2,1374,alakazam-dudunsparce,1926,n-zoroark
3,543,p1,0034,n-zoroark,0992,lopunny-dusknoir
3,544,p1,0743,gardevoir-ex-sv,0778,hydrapple-ogerpon
3,545,p1,0771,gholdengo-lunatone,0145,greninja-ex
3,546,p1,1360,gholdengo-lunatone,0002,gholdengo-lunatone
3,547,p1,2150,dragapult-dusknoir,0047,gardevoir-jellicent
3,548,p1,2142,gholdengo-lunatone,1058,gholdengo-lunatone
3,549,p2,2211,other,0306,charizard-noctowl
3,550,p2,1894,gardevoir-ex-sv,1832,gholdengo-lunatone
3,551,p2,0308,joltik-box,0806,dragapult-dusknoir
3,552,p1,1586,charizard-noctowl,2091,greninja-ex
3,553,p2,1512,seaking-pre,1105,n-zoroark
3,554,p2,0377,charizard-noctowl,1183,kangaskhan-bouffalant
3,555,p1,0466,charizard-noctowl,1982,gardevoir-ex-sv
3,556,p2,0378,raging-bolt-ogerpon,1575,dragapult-dusknoir
3,557,tie,0124,gardevoir-ex-sv,1051,n-zoroark
3,558,p1,1355,charizard-noctowl,1095,mega-absol-box
3,559,p1,0232,alakazam-dudunsparce,2047,dragapult-dusknoir
3,560,p1,0569,gholdengo-lunatone,1086,gholdengo-lunatone
3,561,p1,0657,gholdengo-lunatone,0571,dragapult-dusknoir
3,562,p2,1747,gholdengo-lunatone,1251,joltik-box
3,563,p1,0157,gholdengo-lunatone,1334,hydreigon-ex
3,564,p1,0283,gardevoir-ex-sv,1697,ceruledge-ex
3,565,p2,1718,ho-oh-armarouge,0689,mega-absol-box
3,566,p2,0637,gardevoir-ex-sv,1599,gardevoir-jellicent
3,567,p1,1911,charizard-noctowl,1433,gholdengo-lunatone
3,568,p2,0097,pidgeot-control,0105,charizard-noctowl
3,569,p1,0448,gardevoir-jellicent,0295,festival-lead
3,570,p2,0852,gholdengo-lunatone,2263,gardevoir-ex-sv
3,571,tie,0858,mega-absol-box,0901,gholdengo-lunatone
3,572,p1,1775,crustle-dri,0860,charizard-noctowl
3,573,p1,1295,gardevoir-ex-sv,0396,gholdengo-lunatone
3,574,p2,1134,n-zoroark,0611,charizard-noctowl
3,575,p1,0775,charizard-noctowl,1529,dragapult-dusknoir
3,576,p2,0601,dragapult-dusknoir,2053,gardevoir-jellicent
3,577,p2,0641,dragapult-dusknoir,1223,ceruledge-ex
3,578,p2,0494,gardevoir-ex-sv,0198,lopunny-dusknoir
3,579,p1,1730,dragapult-dusknoir,0679,lopunny-dusknoir
3,580,p2,0055,charizard-noctowl,2239,gholdengo-lunatone
3,581,tie,0112,joltik-box,1378,lopunny-dusknoir
3,582,p2,1550,joltik-box,0345,alakazam-dudunsparce
3,583,p2,1148,gardevoir-ex-sv,0445,gholdengo-lunatone
3,584,p1,1398,gholdengo-lunatone,2222,dragapult-dusknoir
3,585,p2,1858,n-zoroark,0098,gholdengo-lunatone
3,586,p2,1578,sharpedo-toxtricity,0473,gholdengo-lunatone
3,587,p2,1075,gholdengo-lunatone,2266,charizard-noctowl
3,588,p2,1192,cynthia-garchomp-ex,1784,dragapult-dusknoir
3,589,p2,0521,tera-box,0683,dragapult-charizard
3,590,tie,1577,charizard-noctowl,1200,mega-venusaur-ex
3,591,p1,1840,charizard-noctowl,0658,flareon-noctowl
3,592,p1,1875,dragapult-dusknoir,2192,gholdengo-lunatone
3,593,p1,0588,charizard-noctowl,0846,cynthia-garchomp-ex
3,594,p1,1235,n-zoroark,0608,flareon-noctowl
3,595,p2,0716,dragapult-dusknoir,1467,gholdengo-lunatone
3,596,p2,1271,dragapult-dusknoir,0665,dragapult-dusknoir
3,597,p2,1059,dragapult-dusknoir,1685,joltik-box
3,598,p1,2260,gardevoir-ex-sv,1413,dragapult-dusknoir
3,599,p2,1081,dragapult-dusknoir,1486,charizard-pidgeot
3,600,p1,0892,lopunny-dusknoir,2095,tera-box
3,601,p2,0407,gardevoir-jellicent,0839,charizard-pidgeot
3,602,p1,1485,dragapult-dusknoir,1836,ceruledge-ex
3,603,p1,0908,dragapult-dusknoir,1887,charizard-noctowl
3,604,p1,0057,charizard-noctowl,2152,raging-bolt-ogerpon
3,605,p1,2131,mega-venusaur-ex,0638,raging-bolt-ogerpon
3,606,p2,2186,dragapult-dusknoir,1925,gholdengo-lunatone
3,607,p1,2153,gardevoir-jellicent,1408,gholdengo-lunatone
3,608,p2,0156,gholdengo-lunatone,1684,n-zoroark
3,609,p1,1186,n-zoroark,0447,charizard-noctowl
3,610,p2,2235,dragapult-dusknoir,0774,gholdengo-lunatone
3,611,p2,0660,gardevoir-jellicent,1799,dragapult-dusknoir
3,612,p2,0408,gardevoir-jellicent,0457,mega-absol-box
3,613,p2,1014,joltik-box,1623,charizard-noctowl
3,614,p1,1999,gholdengo-ex,0248,cynthia-garchomp-ex
3,615,p1,0698,dragapult-dusknoir,0836,gholdengo-lunatone
3,616,p2,0018,gholdengo-lunatone,0078,gholdengo-lunatone
3,617,p2,1325,charizard-noctowl,0159,n-zoroark
3,618,p2,0572,gardevoir-ex-sv,0787,gholdengo-lunatone
3,619,p2,1923,gholdengo-lunatone,1728,joltik-box
3,620,p2,1180,gholdengo-lunatone,1032,froslass-munkidori
3,621,tie,0164,gholdengo-lunatone,0303,dragapult-dusknoir
3,622,p1,0241,dragapult-dusknoir,1226,joltik-box
3,623,p1,0202,charizard-pidgeot,1392,raging-bolt-ogerpon
3,624,p2,0887,gardevoir-jellicent,0183,gardevoir-ex-sv
3,625,p2,0597,greninja-ex,1622,gholdengo-lunatone
3,626,p1,0493,raging-bolt-ogerpon,1833,slaking-ex
3,627,p2,1364,dragapult-dusknoir,0994,gardevoir-jellicent
3,628,p1,0673,dragapult-dusknoir,1929,miraidon-eelektrik
3,629,p2,1061,rocket-spidops,1595,gholdengo-lunatone
3,630,p1,0254,gardevoir-ex-sv,1193,dragapult-dusknoir
3,631,p2,1245,gholdengo-lunatone,1674,grimmsnarl-froslass
3,632,p1,1128,dragapult-dusknoir,1585,charizard-pidgeot
3,633,p2,0646,ceruledge-ex,0489,gholdengo-lunatone
3,634,p2,1778,gholdengo-lunatone,0872,ethan-typhlosion
3,635,p2,1602,gholdengo-lunatone,0152,dragapult-dusknoir
3,636,p1,0179,gholdengo-lunatone,1766,charizard-noctowl
3,637,p2,1241,joltik-box,1670,gholdengo-lunatone
3,638,tie,0942,gholdengo-lunatone,1604,dragapult-dusknoir
3,639,p2,0450,gholdengo-lunatone,2034,flareon-noctowl
3,640,p1,0688,n-zoroark,0993,gardevoir-ex-sv
3,641,p2,0723,gholdengo-lunatone,1888,grimmsnarl-froslass
3,642,p1,0728,dragapult-dusknoir,1501,gholdengo-lunatone
3,643,tie,2069,charizard-noctowl,0001,gardevoir-ex-sv
3,644,p2,0273,ceruledge-ex,0949,gholdengo-lunatone
3,645,p2,0834,gholdengo-lunatone,1716,raging-bolt-ogerpon
3,646,p1,2060,charizard-noctowl,1692,gholdengo-lunatone
3,647,p1,1178,gardevoir-ex-sv,0895,dragapult-dusknoir
3,648,p1,2143,ceruledge-ex,1690,dragapult-dusknoir
3,649,p2,1513,gardevoir-jellicent,1977,charizard-noctowl
3,650,p1,0429,tera-box,1739,alakazam-dudunsparce
3,651,p1,2076,gardevoir-ex-sv,1876,gholdengo-lunatone
3,652,p2,2184,charizard-noctowl,0087,mega-venusaur-ex
3,653,tie,0491,gardevoir-ex-sv,1649,dragapult-charizard
3,654,p2,0575,gholdengo-lunatone,1438,gholdengo-lunatone
3,655,p2,1713,gholdengo-lunatone,0465,gholdengo-lunatone
3,656,p2,0356,slaking-ex,0101,dragapult-dusknoir
3,657,p1,0826,gardevoir-ex-sv,0795,alakazam-dudunsparce
3,658,p1,1761,n-zoroark,0965,joltik-box
3,659,p2,1221,mega-venusaur-ex,1419,gholdengo-lunatone
3,660,p2,1795,charizard-noctowl,1257,lopunny-dusknoir
3,661,tie,1764,dragapult-dusknoir,1208,charizard-pidgeot
3,662,p2,0668,gardevoir-ex-sv,1103,ursaluna-lunatone
3,663,p1,0607,gholdengo-lunatone,0212,charizard-noctowl
3,664,p1,0512,ceruledge-ex,0677,flareon-noctowl
3,665,p1,0781,n-zoroark,0829,roaring-moon-dudunsparce
3,666,p1,0584,gardevoir-jellicent,1185,cynthia-garchomp-ex
3,667,p1,1067,dragapult-dusknoir,2033,alakazam-dudunsparce
3,668,p2,1093,charizard-noctowl,1377,gholdengo-lunatone
3,669,p2,0155,mega-absol-box,1044,gholdengo-lunatone
3,670,p1,1234,dragapult-dusknoir,2228,gardevoir-ex-sv
3,671,p2,2051,mega-venusaur-ex,2179,grimmsnarl-froslass
3,672,tie,0032,charizard-noctowl,0789,dragapult-dusknoir
3,673,p1,0068,gardevoir-ex-sv,0721,gholdengo-lunatone
3,674,p1,1289,joltik-box,2037,charizard-noctowl
3,675,p2,1343,gholdengo-lunatone,1571,gholdengo-lunatone
3,676,tie,0330,n-zoroark,1591,gholdengo-lunatone
3,677,p2,0761,charizard-noctowl,1476,dragapult-dusknoir
3,678,p1,1069,mega-absol-box,2196,gholdengo-lunatone
3,679,p1,0294,gholdengo-lunatone,0524,gholdengo-lunatone
3,680,tie,0910,dragapult-dusknoir,1008,alakazam-dudunsparce
3,681,p1,0932,tera-box,0418,dragapult-dusknoir
3,682,p1,2129,charizard-noctowl,0604,gholdengo-lunatone
3,683,p1,1207,dragapult-dusknoir,1388,gholdengo-lunatone
3,684,p2,1620,dragapult-dusknoir,1400,n-zoroark
3,685,p1,1159,lopunny-dusknoir,0110,gholdengo-lunatone
3,686,p2,1431,dragapult-dusknoir,1720,n-zoroark
3,687,p2,0058,mega-venusaur-ex,1004,gholdengo-lunatone
3,688,p1,1279,mega-absol-box,2181,gholdengo-lunatone
3,689,p1,0518,gardevoir-ex-sv,2268,dragapult-dusknoir
3,690,p2,1648,charizard-noctowl,0809,gardevoir-jellicent
3,691,p2,1140,n-zoroark,0464,dragapult-dusknoir
3,692,tie,1264,charizard-pidgeot,0125,gholdengo-lunatone
3,693,p1,1857,?,1417,kangaskhan-bouffalant
3,694,p1,0048,charizard-pidgeot,1345,gholdengo-lunatone
3,695,p1,1574,kangaskhan-bouffalant,1478,kangaskhan-bouffalant
3,696,tie,1759,gardevoir-ex-sv,0531,gholdengo-lunatone
3,697,p2,1023,gholdengo-lunatone,0977,gholdengo-lunatone
3,698,tie,0583,dragapult-dusknoir,2082,alakazam-dudunsparce
3,699,p2,0011,cynthia-garchomp-ex,0224,gholdengo-lunatone
3,700,p1,1262,dragapult-charizard,2093,lopunny-dusknoir
3,701,p2,1824,manectric-eelektrik,0073,dragapult-dusknoir
3,702,p1,0732,flareon-noctowl,1460,charizard-noctowl
3,703,p2,0914,alakazam-dudunsparce,1320,grimmsnarl-froslass
3,704,p2,0332,dragapult-dusknoir,0127,gholdengo-lunatone
3,705,p2,0095,gardevoir-jellicent,1787,grimmsnarl-froslass
3,706,p1,2056,gardevoir-jellicent,0900,dragapult-charizard
3,707,p1,0574,charizard-noctowl,1614,gholdengo-joltik-box
3,708,p2,1063,charizard-noctowl,0119,charizard-pidgeot
3,709,tie,0699,dragapult-dusknoir,0972,kangaskhan-bouffalant
3,710,p1,0261,gholdengo-lunatone,0753,gholdengo-lunatone
3,711,p2,0296,gholdengo-lunatone,0443,gholdengo-lunatone
3,712,p1,1448,tera-box,0123,gardevoir-jellicent
3,713,p1,1494,n-zoroark,0042,mega-absol-box
3,714,tie,1808,gardevoir-ex-sv,1722,dragapult-dusknoir
3,715,p1,1881,gholdengo-lunatone,1770,gholdengo-lunatone
3,716,tie,1986,tera-box,2270,tera-box
3,717,p1,0862,charizard-noctowl,0870,greninja-ex
3,718,tie,1937,charizard-noctowl,1949,ceruledge-ex
3,719,p2,2185,mega-absol-box,0015,gardevoir-ex-sv
3,720,p1,0643,gholdengo-lunatone,0052,charizard-noctowl
3,721,tie,0609,gardevoir-ex-sv,1516,gholdengo-lunatone
3,722,p2,1294,charizard-noctowl,0411,flareon-noctowl
3,723,p1,1214,gardevoir-jellicent,1458,dragapult-dusknoir
3,724,p1,0859,gholdengo-lunatone,0030,ceruledge-ex
3,725,tie,0199,dragapult-dusknoir,1341,kangaskhan-bouffalant
3,726,p2,0988,mega-absol-box,0102,charizard-pidgeot
3,727,p1,1658,iron-hands-magneton,1963,gholdengo-lunatone
3,728,p1,0722,charizard-pidgeot,1625,gholdengo-lunatone
3,729,p2,2022,gholdengo-lunatone,0376,charizard-noctowl
3,730,p1,1934,charizard-noctowl,0649,dragapult-dusknoir
3,731,p1,0915,raging-bolt-ogerpon,2120,other
3,732,tie,1828,n-zoroark,0239,charizard-noctowl
3,733,p1,0319,n-zoroark,2140,gholdengo-lunatone
3,734,p2,0897,dragapult-dusknoir,1668,gholdengo-lunatone
3,735,p2,2066,dragapult-dusknoir,1528,dragapult-dusknoir
3,736,tie,0551,chien-pao-baxcalibur,1411,gardevoir-ex-sv
3,737,p1,0194,gholdengo-lunatone,0389,gardevoir-ex-sv
3,738,p2,0278,gardevoir-jellicent,0353,gholdengo-lunatone
3,739,p1,0012,flareon-noctowl,2151,alakazam-dudunsparce
3,740,p2,1007,gholdengo-lunatone,0328,gardevoir-jellicent
3,741,p1,1682,gholdengo-typhlosion,0184,gholdengo-lunatone
3,742,tie,0936,alakazam-dudunsparce,2169,ogerpon-meganium
3,743,p2,0847,ceruledge-ex,1506,charizard-noctowl
3,744,p2,1570,charizard-pidgeot,1215,gardevoir-ex-sv
3,745,p2,2180,dragapult-dusknoir,1249,dragapult-dusknoir
3,746,tie,1306,grimmsnarl-froslass,0626,n-zoroark
3,747,p1,2164,gholdengo-lunatone,0812,grimmsnarl-froslass
3,748,p1,0129,gholdengo-lunatone,2064,grimmsnarl-froslass
3,749,tie,2176,ceruledge-ex,1582,alakazam-dudunsparce
3,750,p2,0475,dragapult-dusknoir,2014,gardevoir-jellicent
3,751,tie,0986,dragapult-dusknoir,1240,n-zoroark
3,752,p1,1038,raging-bolt-ogerpon,0264,charizard-noctowl
3,753,p2,2078,charizard-noctowl,1383,dragapult-dusknoir
3,754,p2,2002,gholdengo-lunatone,2046,flareon-noctowl
3,755,tie,1365,gardevoir-ex-sv,2172,slowking-scr
3,756,p2,1037,charizard-pidgeot,1874,gardevoir-jellicent
3,757,tie,1256,charizard-noctowl,2067,dragapult-dusknoir
3,758,p1,1083,gardevoir-ex-sv,1119,dragapult-charizard
3,759,p1,0695,gardevoir-ex-sv,2232,tera-box
3,760,p2,1429,miraidon-eelektrik,1914,gholdengo-lunatone
3,761,p1,0955,gardevoir-ex-sv,0639,gholdengo-lunatone
3,762,p1,1651,dragapult-dusknoir,1754,n-zoroark
3,763,tie,0144,gardevoir-ex-sv,0435,gardevoir-jellicent
3,764,p1,0076,gholdengo-lunatone,1932,dragapult-dusknoir
3,765,p1,2015,charizard-noctowl,0072,gholdengo-lunatone
3,766,p1,1111,gholdengo-lunatone,0335,charizard-noctowl
3,767,p2,2039,gholdengo-lunatone,0424,charizard-pidgeot
3,768,p2,2231,mega-absol-box,1838,dragapult-dusknoir
3,769,tie,1906,gholdengo-lunatone,1362,charizard-pidgeot
3,770,p1,1954,gholdengo-lunatone,1053,charizard-pidgeot
3,771,tie,0426,dragapult-dusknoir,0568,charizard-noctowl
3,772,p1,1992,grimmsnarl-froslass,1455,flareon-noctowl
3,773,p1,1189,mega-absol-box,2045,grimmsnarl-froslass
3,774,p2,0801,sharpedo-toxtricity,1122,gardevoir-jellicent
3,775,tie,1211,gardevoir-ex-sv,1702,gardevoir-jellicent
3,776,p2,1212,charizard-pidgeot,1991,charizard-noctowl
3,777,p1,2017,gholdengo-lunatone,0040,alakazam-dudunsparce
3,778,p1,1243,n-zoroark,0287,gholdengo-lunatone
3,779,tie,0733,dragapult-dusknoir,0796,raging-bolt-ogerpon
3,780,p1,0365,slaking-ex,1379,n-zoroark
3,781,p2,2026,dragapult-dusknoir,0712,iron-hands-magneton
3,782,p1,1812,tera-box,0325,dragapult-dusknoir
3,783,p1,2032,alakazam-dudunsparce,1744,gholdengo-joltik-box
3,784,p1,0255,alakazam-dudunsparce,0314,charizard-pidgeot
3,785,p2,1997,gholdengo-lunatone,0364,charizard-noctowl
3,786,p2,1239,gholdengo-lunatone,0187,gardevoir-ex-sv
3,787,p2,0006,gholdengo-lunatone,1905,gholdengo-lunatone
3,788,p2,1688,joltik-box,1366,charizard-pidgeot
3,789,p2,1656,gholdengo-lunatone,0461,gholdengo-ex
3,790,p1,1188,gardevoir-jellicent,1054,gholdengo-lunatone
3,791,p1,0504,dragapult-dusknoir,1701,gholdengo-lunatone
3,792,p2,0116,n-zoroark,0760,charizard-pidgeot
3,793,p2,1146,dragapult-charizard,1399,charizard-noctowl
3,794,p1,1659,gardevoir-ex-sv,0634,charizard-noctowl
3,795,p2,0050,mega-absol-box,1274,charizard-pidgeot
3,796,p2,1927,gardevoir-ex-sv,1406,n-zoroark
3,797,p1,0739,gardevoir-jellicent,1877,dragapult-dusknoir
3,798,p2,2182,gholdengo-lunatone,1743,charizard-ex
3,799,p2,0682,gholdengo-lunatone,0736,gholdengo-lunatone
3,800,p2,2165,conkeldurr-twm,1436,gardevoir-ex-sv
3,801,p2,1344,ceruledge-ex,2183,charizard-pidgeot
3,802,p1,1994,gardevoir-ex-sv,1984,hydrapple-ogerpon
3,803,p1,1427,raging-bolt-ogerpon,1108,cynthia-garchomp-ex
3,804,tie,0599,dragapult-dusknoir,0414,gholdengo-lunatone
3,805,p2,1683,flareon-noctowl,1866,dragapult-charizard
3,806,p2,0430,gholdengo-lunatone,1558,gholdengo-lunatone
3,807,p2,2146,lucario-hariyama,0082,charizard-pidgeot
3,808,p2,2259,tera-box,1777,dragapult-dusknoir
3,809,p1,0336,n-zoroark,1133,ursaluna-lunatone
3,810,tie,1826,gardevoir-ex-sv,1080,pidgeot-control
3,811,p2,0244,charizard-pidgeot,0368,mega-absol-box
3,812,tie,1972,charizard-noctowl,1652,gholdengo-lunatone
3,813,tie,1584,kangaskhan-bouffalant,1394,gardevoir-ex-sv
3,814,tie,0172,gholdengo-lunatone,0704,grimmsnarl-froslass
3,815,p2,1459,dragapult-dusknoir,1920,joltik-box
3,816,p2,0671,gardevoir-ex-sv,1593,alakazam-dudunsparce
3,817,tie,0956,dragapult-charizard,0309,gholdengo-lunatone
3,818,p2,1117,charizard-pidgeot,1576,tera-box
3,819,tie,1161,gardevoir-jellicent,1150,dragapult-charizard
3,820,p1,1895,gardevoir-ex-sv,0038,n-zoroark
3,821,p1,0421,gardevoir-jellicent,0676,dragapult-dusknoir
3,822,p1,1953,gholdengo-lunatone,0327,charizard-noctowl
3,823,tie,0590,kangaskhan-bouffalant,1941,gardevoir-jellicent
3,824,p2,2207,alakazam-dudunsparce,1805,dragapult-dusknoir
3,825,p1,1831,raging-bolt-ogerpon,0888,lopunny-dusknoir
3,826,p2,0315,gardevoir-ex-sv,0170,gholdengo-lunatone
3,827,p2,2100,raging-bolt-ogerpon,2209,charizard-noctowl
3,828,p1,0138,marnie-grimmsnarl-ex,1300,gardevoir-ex-sv
3,829,p2,1976,gardevoir-jellicent,1631,charizard-noctowl
3,830,p2,0363,dragapult-dusknoir,0237,flareon-noctowl
3,831,p2,1510,charizard-noctowl,1332,grimmsnarl-froslass
3,832,p1,0886,n-zoroark,2224,ursaluna-lunatone
3,833,p1,1469,charizard-pidgeot,1287,gholdengo-lunatone
3,834,p2,2175,gardevoir-jellicent,0391,charizard-noctowl
3,835,p2,0014,ceruledge-ex,0398,dragapult-dusknoir
3,836,p1,0409,slowking-scr,0939,charizard-noctowl
3,837,p1,1405,n-zoroark,0436,gardevoir-ex-sv
3,838,p1,1003,charizard-pidgeot,1779,ursaluna-lunatone
3,839,p2,1707,alakazam-dudunsparce,0762,dragapult-charizard
3,840,p2,1169,mega-venusaur-ex,0543,slowking-scr
3,841,p1,1542,dragapult-dusknoir,1774,gholdengo-lunatone
3,842,tie,1393,gardevoir-jellicent,2097,mega-absol-box
3,843,p2,1337,gholdengo-lunatone,2229,gholdengo-lunatone
3,844,p1,0099,kangaskhan-bouffalant,1428,gholdengo-lunatone
3,845,p2,0347,gholdengo-joltik-box,0530,dragapult-charizard
3,846,tie,1402,gholdengo-lunatone,1630,dragapult-dusknoir
3,847,tie,0133,dragapult-dusknoir,1635,lucario-hariyama
3,848,p1,0802,dragapult-dusknoir,0816,charizard-noctowl
3,849,p1,1844,charizard-noctowl,1204,raging-bolt-ogerpon
3,850,p1,0266,dragapult-dusknoir,1616,charizard-pidgeot
3,851,p2,1655,conkeldurr-twm,2118,gardevoir-jellicent
3,852,p2,1219,kangaskhan-bouffalant,1462,charizard-pidgeot
3,853,p1,0438,alakazam-dudunsparce,0871,ceruledge-ex
3,854,p2,0623,gholdengo-lunatone,0451,gardevoir-jellicent
3,855,p1,1267,gholdengo-lunatone,0425,gardevoir-ex-sv
3,856,p1,0075,dragapult-charizard,0299,gholdengo-lunatone
3,857,p2,0387,gholdengo-lunatone,0107,ceruledge-ex
3,858,tie,0291,mega-absol-box,2241,hydrapple-ogerpon
3,859,p1,0108,charizard-pidgeot,2247,kangaskhan-bouffalant
3,860,p1,0567,lucario-hariyama,0821,other
3,861,p2,2023,gardevoir-ex-sv,2072,iron-thorns-ex
3,862,p1,0154,dragapult-dusknoir,2174,charizard-noctowl
3,863,p1,1002,seaking-pre,1261,sharpedo-toxtricity
3,864,p2,1998,dragapult-dusknoir,0667,gholdengo-lunatone
3,865,p1,1939,charizard-noctowl,0334,dragapult-dusknoir
3,866,p2,0843,charizard-noctowl,1645,n-zoroark
3,867,p1,1056,grimmsnarl-froslass,0297,gardevoir-ex-sv
3,868,p2,2077,charizard-pidgeot,1942,charizard-noctowl
3,869,p1,1145,palafin-ex,1554,n-zoroark
3,870,tie,2040,kangaskhan-bouffalant,2267,grimmsnarl-froslass
3,871,p2,2223,other,0622,charizard-pidgeot
3,872,p1,1755,mega-absol-box,0815,gholdengo-lunatone
3,873,tie,0738,kangaskhan-bouffalant,1903,gholdengo-lunatone
3,874,p1,2237,charizard-noctowl,1694,dragapult-dusknoir
3,875,p1,0592,gardevoir-ex-sv,0878,dragapult-dusknoir
3,876,p1,1680,charizard-noctowl,0221,other
3,877,p2,1967,gholdengo-lunatone,1753,ceruledge-ex
3,878,p1,0595,lopunny-dusknoir,0589,dragapult-dusknoir
3,879,p2,0730,n-zoroark,2133,joltik-box
3,880,p2,1603,alakazam-dudunsparce,0747,gardevoir-jellicent
3,881,tie,1031,charizard-pidgeot,0371,ceruledge-ex
3,882,p2,1016,conkeldurr-twm,0979,alakazam-dudunsparce
3,883,p1,0298,gholdengo-lunatone,1153,kangaskhan-bouffalant
3,884,p1,1771,alakazam-dudunsparce,2171,marnie-grimmsnarl-ex
3,885,p1,0217,gardevoir-ex-sv,2158,charizard-noctowl
3,886,tie,2125,cynthia-garchomp-ex,2160,charizard-noctowl
3,887,p1,1845,gholdengo-lunatone,0748,gholdengo-lunatone
3,888,p2,2238,gholdengo-lunatone,1361,alakazam-dudunsparce
3,889,p1,1633,dragapult-dusknoir,0061,gholdengo-lunatone
3,890,p1,0947,kangaskhan-bouffalant,0513,gardevoir-jellicent
3,891,p1,0341,ceruledge-ex,1315,gholdengo-lunatone
3,892,p1,1760,iron-thorns-crustle,2265,mega-absol-box
3,893,p1,2010,ethan-typhlosion,1916,dragapult-dusknoir
3,894,p1,1968,lucario-hariyama,0820,flareon-noctowl
3,895,p1,1548,sharpedo-toxtricity,0428,gardevoir-jellicent
3,896,p2,1541,gholdengo-lunatone,1819,gholdengo-typhlosion
3,897,p2,1757,other,2243,charizard-noctowl
3,898,p2,2061,charizard-noctowl,1242,charizard-pidgeot
3,899,p1,0252,sharpedo-toxtricity,1913,alakazam-dudunsparce
3,900,tie,0270,gardevoir-ex-sv,1305,froslass-munkidori
3,901,p2,0907,gardevoir-ex-sv,0081,gholdengo-lunatone
3,902,p2,1269,flareon-noctowl,1851,kangaskhan-bouffalant
3,903,p1,1073,gholdengo-joltik-box,1870,gholdengo-lunatone
3,904,p1,1890,gardevoir-ex-sv,0734,grimmsnarl-froslass
3,905,p1,1598,charizard-noctowl,1879,charizard-noctowl
3,906,p1,0470,mega-absol-box,0422,dragapult-dusknoir
3,907,p1,1703,gholdengo-lunatone,0953,n-zoroark
3,908,p1,2187,gholdengo-lunatone,1864,charizard-noctowl
3,909,p2,1336,alakazam-dudunsparce,1505,greninja-ex
3,910,p1,0633,dragapult-dusknoir,1962,gholdengo-lunatone
3,911,p2,1640,charizard-noctowl,1848,gardevoir-ex-sv
3,912,p1,0925,mega-absol-box,1983,hydreigon-ex
3,913,p2,0906,mega-venusaur-ex,1358,dragapult-dusknoir
3,914,tie,1677,gardevoir-ex-sv,1456,charizard-noctowl
3,915,p2,0799,alakazam-dudunsparce,0249,grimmsnarl-froslass
3,916,p1,0382,mega-absol-box,0358,ho-oh-armarouge
3,917,p2,1012,gholdengo-lunatone,0785,n-zoroark
3,918,p2,0340,dragapult-dusknoir,0970,gardevoir-ex-sv
3,919,p1,1154,charizard-noctowl,0103,gardevoir-jellicent
3,920,tie,0189,charizard-pidgeot,1617,gardevoir-jellicent
3,921,p2,1867,seaking-pre,0854,dragapult-dusknoir
3,922,p2,1084,gholdengo-lunatone,0337,gholdengo-lunatone
3,923,p2,1218,charizard-pidgeot,1520,gardevoir-ex-sv
3,924,p2,0889,charizard-pidgeot,0685,festival-lead
3,925,p1,2001,gholdengo-lunatone,1149,charizard-pidgeot
3,926,p1,1780,dragapult-dusknoir,1481,grimmsnarl-froslass
3,927,p1,0219,gholdengo-lunatone,1028,mega-absol-box
3,928,p2,1285,gardevoir-jellicent,2019,gardevoir-ex-sv
3,929,p1,0205,gholdengo-lunatone,2123,gholdengo-lunatone
3,930,p2,0737,lopunny-dusknoir,0163,tera-box
3,931,tie,2198,hydrapple-ogerpon,0950,gholdengo-lunatone
3,932,p2,2161,gholdengo-lunatone,0933,charizard-noctowl
3,933,p2,0800,ceruledge-ex,2194,tera-box
3,934,p1,0857,dragapult-dusknoir,0867,gholdengo-lunatone
3,935,p2,0367,charizard-noctowl,0587,gardevoir-jellicent
3,936,p2,1391,?roaring-moon,1544,ceruledge-ex
3,937,p2,0507,ethan-typhlosion,1248,gholdengo-lunatone
3,938,p1,0706,charizard-ex,0850,lucario-hariyama
3,939,p2,2027,kangaskhan-bouffalant,1781,greninja-ex
3,940,p1,0321,flareon-noctowl,1308,ethan-typhlosion
3,941,p2,0561,gardevoir-jellicent,0891,sharpedo-toxtricity
3,942,p2,1000,gholdengo-lunatone,0207,lucario-hariyama
3,943,tie,0056,raging-bolt-ogerpon,1503,grimmsnarl-froslass
3,944,p1,1302,gholdengo-lunatone,1853,charizard-noctowl
3,945,tie,1440,gholdengo-lunatone,0301,charizard-noctowl
3,946,tie,1897,charizard-pidgeot,1196,lopunny-dusknoir
3,947,p2,2005,charizard-noctowl,1026,greninja-ex
3,948,p1,0456,gardevoir-ex-sv,1762,mega-abomasnow-ex
3,949,tie,1464,gholdengo-lunatone,1065,lucario-hariyama
3,950,tie,1292,dragapult-dusknoir,0113,charizard-noctowl
3,951,p2,1496,gholdengo-lunatone,1246,gholdengo-lunatone
3,952,p1,1138,gholdengo-lunatone,0570,gholdengo-lunatone
3,953,p2,0840,?roaring-moon,1102,gardevoir-jellicent
3,954,tie,0984,hydreigon-ex,1912,gholdengo-lunatone
3,955,p1,1340,seaking-pre,1786,alakazam-dudunsparce
3,956,p1,1098,charizard-noctowl,0349,gardevoir-ex-sv
3,957,p1,0268,?roaring-moon,0555,gardevoir-jellicent
3,958,tie,0091,gholdengo-lunatone,0515,gardevoir-jellicent
3,959,p1,0285,cynthia-garchomp-ex,0528,dragapult-dusknoir
3,960,tie,0715,dragapult-dusknoir,1078,charizard-pidgeot
3,961,tie,0962,alakazam-dudunsparce,1899,raging-bolt-ogerpon
3,962,tie,1524,charizard-pidgeot,1607,dragapult-dusknoir
3,963,p1,1171,gardevoir-jellicent,2130,n-zoroark
3,964,p2,0419,gardevoir-ex-sv,1624,gholdengo-joltik-box
3,965,p1,1089,kangaskhan-bouffalant,1498,dragapult-dusknoir
3,966,p2,0741,charizard-ex,0479,mega-absol-box
3,967,p2,0394,gardevoir-jellicent,1123,gardevoir-jellicent
3,968,tie,1104,gholdengo-lunatone,1275,gholdengo-lunatone
3,969,p1,2108,kangaskhan-bouffalant,1750,gholdengo-dudunsparce
3,970,p2,0883,mega-abomasnow-ex,0485,gholdengo-lunatone
3,971,tie,1676,lopunny-dusknoir,1518,dragapult-dusknoir
3,972,p1,0234,gholdengo-lunatone,0644,gholdengo-lunatone
3,973,p2,2115,ceruledge-ex,0931,charizard-pidgeot
3,974,p1,1700,raging-bolt-ogerpon,1737,gardevoir-jellicent
3,975,p2,0471,gardevoir-jellicent,1859,gholdengo-lunatone
3,976,p1,1490,dragapult-dusknoir,1492,alakazam-dudunsparce
3,977,p1,1794,gardevoir-ex-sv,0262,gardevoir-jellicent
3,978,p2,1522,pidgeot-control,2264,gholdengo-lunatone
3,979,p2,1611,gholdengo-ex,1735,gholdengo-joltik-box
3,980,p2,2252,gardevoir-ex-sv,2065,charizard-noctowl
3,981,tie,0094,gholdengo-lunatone,1958,n-zoroark
3,982,p1,0930,gardevoir-jellicent,0158,other
3,983,p1,2257,charizard-noctowl,1979,charizard-pidgeot
3,984,p1,2092,joltik-box,1237,slowking-scr
3,985,p2,1363,charizard-noctowl,2135,gholdengo-lunatone
3,986,p1,1326,gholdengo-ex,2112,dragapult-dusknoir
3,987,p1,0474,gholdengo-lunatone,0603,ceruledge-ex
3,988,p2,2128,alakazam-dudunsparce,1115,lopunny-dusknoir
3,989,p2,0693,gholdengo-lunatone,0449,gholdengo-lunatone
3,990,p2,0216,lopunny-dusknoir,1765,gholdengo-lunatone
3,991,p2,0545,charizard-noctowl,0920,gholdengo-lunatone
3,992,p2,1725,dragapult-dusknoir,2132,kangaskhan-bouffalant
3,993,tie,0659,gholdengo-lunatone,0598,sharpedo-toxtricity
3,994,p2,0118,cynthia-garchomp-ex,2213,dragapult-dusknoir
3,995,p1,1964,dragapult-dusknoir,0282,gholdengo-lunatone
3,996,tie,0805,gholdengo-lunatone,1551,dragapult-charizard
3,997,p2,1792,gardevoir-jellicent,1094,gholdengo-lunatone
3,998,p2,1260,mega-absol-box,1533,dragapult-charizard
3,999,p1,0036,joltik-box,1508,gardevoir-jellicent
3,1000,p2,1144,gardevoir-jellicent,1637,kangaskhan-bouffalant
3,1001,p2,0148,gholdengo-ex,1821,gardevoir-jellicent
3,1002,p2,1882,gardevoir-ex-sv,1351,n-zoroark
3,1003,p2,1173,charizard-noctowl,2253,gholdengo-lunatone
3,1004,p2,1955,gholdengo-lunatone,1466,gholdengo-lunatone
3,1005,p1,0069,rocket-porygon-z,0025,charizard-noctowl
3,1006,p2,1071,mega-absol-box,0978,joltik-box
3,1007,p2,1206,mega-venusaur-ex,2073,ceruledge-ex
3,1008,p2,0794,gholdengo-lunatone,0442,charizard-noctowl
3,1009,p2,0236,dragapult-dusknoir,0434,froslass-munkidori
3,1010,p1,0904,joltik-box,1479,n-zoroark
3,1011,p1,1453,gholdengo-lunatone,0772,n-zoroark
3,1012,tie,0497,gardevoir-jellicent,1555,wugtrio-svi
3,1013,p1,1813,n-zoroark,0814,lopunny-dusknoir
3,1014,p2,1323,dragapult-ex,1253,gholdengo-lunatone
3,1015,p2,1947,gholdengo-lunatone,1152,other
3,1016,p2,0324,charizard-pidgeot,0700,mega-absol-box
3,1017,p2,2204,gholdengo-lunatone,1930,charizard-noctowl
3,1018,p2,0536,chien-pao-baxcalibur,1995,gholdengo-lunatone
3,1019,p2,1040,gardevoir-jellicent,2007,charizard-pidgeot
3,1020,p1,1446,dragapult-dusknoir,0749,charizard-noctowl
3,1021,p1,2021,hydreigon-ex,1768,gholdengo-lunatone
3,1022,p2,0691,gholdengo-lunatone,2148,lopunny-dusknoir
3,1023,p2,1199,gardevoir-jellicent,2048,gardevoir-ex-sv
3,1024,p1,0260,joltik-box,0519,mega-absol-box
3,1025,p1,0618,gholdengo-lunatone,1483,hydreigon-ex
3,1026,tie,1047,gardevoir-jellicent,1809,dragapult-dusknoir
3,1027,p1,2154,gholdengo-lunatone,0666,lopunny-dusknoir
3,1028,p2,0196,gholdengo-lunatone,0214,lucario-hariyama
3,1029,p1,2054,dragapult-dusknoir,0927,dragapult-dusknoir
3,1030,p1,0403,raging-bolt-ogerpon,0619,dragapult-dusknoir
3,1031,p1,0554,gholdengo-lunatone,0916,dragapult-dusknoir
3,1032,p1,1872,gardevoir-jellicent,2137,gardevoir-jellicent
3,1033,p2,0684,alakazam-dudunsparce,0140,charizard-noctowl
3,1034,p2,0003,charizard-noctowl,1322,dragapult-dusknoir
3,1035,p1,2139,dragapult-dusknoir,2216,lopunny-dusknoir
3,1036,p1,1191,charizard-pidgeot,1802,flareon-noctowl
3,1037,p2,0614,charizard-noctowl,0317,dragapult-dusknoir
3,1038,p2,0987,flareon-ex,0783,mega-latias-ex
3,1039,p1,1314,n-zoroark,1535,gholdengo-lunatone
3,1040,tie,0380,dragapult-dusknoir,1959,dragapult-dusknoir
3,1041,p2,0864,flareon-noctowl,1236,gholdengo-lunatone
3,1042,p1,0964,gholdengo-lunatone,0204,gholdengo-lunatone
3,1043,p1,0200,charizard-noctowl,1643,lopunny-dusknoir
3,1044,tie,1946,dragapult-dusknoir,1499,dragapult-dusknoir
3,1045,p1,0488,n-zoroark,1386,alakazam-dudunsparce
3,1046,p1,0477,charizard-noctowl,0346,ceruledge-ex
3,1047,p2,0021,alakazam-dudunsparce,1803,gholdengo-lunatone
3,1048,p2,2256,dragapult-charizard,2261,dragapult-dusknoir
3,1049,p2,0719,gholdengo-lunatone,0010,tyranitar-jtg
3,1050,p1,1041,grimmsnarl-froslass,0226,charizard-ex
3,1051,p2,0687,n-zoroark,0384,gardevoir-ex-sv
3,1052,p1,2030,dragapult-dusknoir,2167,charizard-noctowl
3,1053,p1,0537,slowking-scr,1619,kangaskhan-bouffalant
3,1054,p2,0019,gholdengo-lunatone,1601,dragapult-dusknoir
3,1055,p2,1328,gholdengo-lunatone,0481,grimmsnarl-froslass
3,1056,p1,1423,gardevoir-jellicent,0150,other
3,1057,p1,2269,gholdengo-lunatone,0664,gardevoir-jellicent
3,1058,p2,1396,ceruledge-ex,1006,dragapult-dusknoir
3,1059,p1,1412,dragapult-dusknoir,0791,dragapult-dusknoir
3,1060,p1,2057,gholdengo-joltik-box,1613,gardevoir-jellicent
3,1061,p1,1974,gardevoir-ex-sv,0917,gholdengo-lunatone
3,1062,p2,1886,charizard-pidgeot,2110,dragapult-dusknoir
3,1063,p2,1600,ceruledge-ex,1723,dragapult-dusknoir
3,1064,p2,0526,gholdengo-lunatone,1265,raging-bolt-ogerpon
3,1065,tie,0606,dragapult-dusknoir,1966,gholdengo-lunatone
3,1066,p2,1167,marnie-grimmsnarl-ex,0178,lucario-hariyama
3,1067,p1,0893,n-zoroark,0780,kangaskhan-bouffalant
3,1068,p2,1250,gholdengo-lunatone,0458,charizard-noctowl
3,1069,p2,0610,lopunny-dusknoir,2190,dragapult-dusknoir
3,1070,tie,2121,ceruledge-ex,0938,gardevoir-ex-sv
3,1071,p2,0191,gardevoir-jellicent,0807,n-zoroark
3,1072,p2,1935,dragapult-dusknoir,0661,tera-box
3,1073,p1,0416,charizard-noctowl,1057,gardevoir-ex-sv
3,1074,p2,1650,lucario-hariyama,1475,charizard-pidgeot
3,1075,p2,0210,lucario-hariyama,1409,joltik-box
3,1076,p2,0130,joltik-box,0746,dragapult-dusknoir
3,1077,tie,1696,raging-bolt-ogerpon,1588,hydreigon-ex
3,1078,tie,1029,dragapult-dusknoir,1827,gardevoir-ex-sv
3,1079,tie,2191,greninja-ex,0028,dragapult-dusknoir
3,1080,p2,1347,charizard-noctowl,0272,dragapult-dusknoir
3,1081,p2,2079,gardevoir-jellicent,0945,mega-lopunny-ex
3,1082,p2,0065,charizard-noctowl,1526,kangaskhan-bouffalant
3,1083,p2,1359,alakazam-dudunsparce,0405,gardevoir-ex-sv
3,1084,p1,0952,gholdengo-lunatone,0402,n-zoroark
3,1085,p2,0227,dragapult-dusknoir,0182,tera-box
3,1086,p1,0765,gardevoir-ex-sv,1970,flareon-noctowl
3,1087,p2,1371,dragapult-dusknoir,0923,charizard-pidgeot
3,1088,tie,0044,gardevoir-ex-sv,1952,ursaluna-lunatone
3,1089,p2,1447,archaludon-ex,0990,dragapult-dusknoir
3,1090,p1,1277,gholdengo-lunatone,1698,gholdengo-lunatone
3,1091,p2,1349,alakazam-dudunsparce,1136,charizard-noctowl
3,1092,p1,1609,charizard-noctowl,1686,raging-bolt-ogerpon
3,1093,p2,1382,dragapult-dusknoir,1537,gholdengo-ex
3,1094,p1,1988,n-zoroark,1085,dragapult-dusknoir
3,1095,tie,1390,gholdengo-lunatone,1194,wugtrio-svi
3,1096,tie,0635,ethan-typhlosion,1471,alakazam-dudunsparce
3,1097,p1,0444,lopunny-dusknoir,0086,gardevoir-jellicent
3,1098,p2,1709,dragapult-dusknoir,1020,gholdengo-lunatone
3,1099,p2,1573,charizard-noctowl,0896,dragapult-dusknoir
3,1100,p1,0106,gardevoir-ex-sv,2004,mega-venusaur-ex
3,1101,tie,0973,dragapult-dusknoir,0628,charizard-pidgeot
3,1102,p1,1924,n-zoroark,2219,kangaskhan-bouffalant
3,1103,p1,2258,dragapult-dusknoir,0830,gardevoir-ex-sv
3,1104,p1,0828,mega-absol-box,0502,charizard-pidgeot
3,1105,p1,0997,ceruledge-ex,1329,charizard-pidgeot
3,1106,p1,0289,gholdengo-lunatone,1367,dragapult-dusknoir
3,1107,p1,0754,gardevoir-ex-sv,1605,kangaskhan-bouffalant
3,1108,p2,0511,other,0369,mega-venusaur-ex
3,1109,p2,1280,charizard-noctowl,1891,charizard-noctowl
3,1110,p2,0960,kangaskhan-bouffalant,2050,joltik-box
3,1111,p2,1468,gholdengo-lunatone,0016,seaking-pre
3,1112,p2,1141,gardevoir-ex-sv,1404,gholdengo-lunatone
3,1113,tie,1839,flareon-noctowl,0975,dragapult-dusknoir
3,1114,p2,1342,charizard-noctowl,1036,greninja-ex
3,1115,p2,1596,flareon-noctowl,0064,flareon-noctowl
3,1116,p2,1281,pidgeot-control,0981,gholdengo-lunatone
3,1117,p2,0041,ceruledge-ex,1667,gholdengo-lunatone
3,1118,p1,1050,mega-venusaur-ex,0304,dragapult-dusknoir
3,1119,p1,1938,ho-oh-armarouge,1231,n-zoroark
3,,bye,1748,gholdengo-lunatone,,
4,1,tie,0523,gardevoir-ex-sv,0284,gholdengo-lunatone
4,2,p2,0080,dragapult-charizard,2074,gardevoir-ex-sv
4,3,p2,0905,gholdengo-lunatone,2233,gardevoir-jellicent
4,4,p2,0104,gholdengo-lunatone,0692,alakazam-dudunsparce
4,5,p1,1266,ceruledge-ex,1074,charizard-pidgeot
4,6,p1,0757,n-zoroark,1556,mega-absol-box
4,7,p1,1482,gholdengo-lunatone,2189,gardevoir-jellicent
4,8,p2,0770,lucario-hariyama,0654,charizard-pidgeot
4,9,p2,0720,tera-box,2103,raging-bolt-ogerpon
4,10,p1,0642,gholdengo-lunatone,0632,dragapult-dusknoir
4,11,p2,1109,other,0703,flareon-noctowl
4,12,tie,0439,gholdengo-lunatone,0035,gholdengo-lunatone
4,13,p2,0231,n-zoroark,1247,charizard-pidgeot
4,14,p1,2149,mega-absol-box,0433,?
4,15,p1,0848,dragapult-dusknoir,1865,charizard-noctowl
4,16,p2,0745,dragapult-dusknoir,0648,gardevoir-jellicent
4,17,p2,0750,gardevoir-ex-sv,1801,dragapult-dusknoir
4,18,p2,0894,kangaskhan-bouffalant,2173,mega-absol-box
4,19,tie,1270,gardevoir-jellicent,1443,grimmsnarl-froslass
4,20,tie,0903,charizard-noctowl,0508,festival-lead
4,21,tie,2090,gardevoir-ex-sv,1463,n-zoroark
4,22,p1,1301,greninja-ex,0395,charizard-pidgeot
4,23,p2,0020,gholdengo-lunatone,0591,gholdengo-lunatone
4,24,p2,0803,gardevoir-ex-sv,0401,gholdengo-lunatone
4,25,p2,0756,ceruledge-ex,2109,dragapult-dusknoir
4,26,p2,0233,raging-bolt-ogerpon,1842,tera-box
4,27,p1,0168,charizard-noctowl,1612,gholdengo-lunatone
4,28,tie,1421,grimmsnarl-froslass,1951,charizard-noctowl
4,29,p2,0861,gholdengo-lunatone,0431,dragapult-dusknoir
4,30,p2,1493,charizard-noctowl,1395,dragapult-dusknoir
4,31,p1,0766,charizard-noctowl,0213,charizard-noctowl
4,32,p1,1321,ceruledge-ex,1077,dragapult-dusknoir
4,33,p2,0132,n-zoroark,0399,gardevoir-ex-sv
4,34,p2,2188,charizard-noctowl,1338,charizard-pidgeot
4,35,tie,0022,pidgeot-control,0366,charizard-noctowl
4,36,tie,1068,dragapult-dusknoir,1296,grimmsnarl-froslass
4,37,p2,1070,dragapult-dusknoir,1806,grimmsnarl-froslass
4,38,p2,0645,dragapult-dusknoir,1521,charizard-noctowl
4,39,p2,1993,gardevoir-ex-sv,0420,gholdengo-lunatone
4,40,p2,1293,gholdengo-lunatone,0786,gardevoir-ex-sv
4,41,tie,1960,crustle-dri,1996,joltik-box
4,42,p2,0339,charizard-pidgeot,0784,dragapult-dusknoir
4,43,p1,1062,charizard-noctowl,0342,charizard-dragapult
4,44,p1,1502,charizard-noctowl,0322,kangaskhan-bouffalant
4,45,p2,0045,gholdengo-lunatone,1076,raging-bolt-ogerpon
4,46,p2,2041,gardevoir-jellicent,2141,gardevoir-jellicent
4,47,tie,1072,raging-bolt-ogerpon,0557,gholdengo-joltik-box
4,48,p1,0675,charizard-noctowl,1457,gholdengo-lunatone
4,49,p1,1049,gardevoir-ex-sv,1331,gholdengo-lunatone
4,50,p1,1357,gardevoir-jellicent,1142,gholdengo-lunatone
4,51,p1,2111,mega-absol-box,0242,mega-lopunny-ex
4,52,p1,1307,mega-absol-box,1139,charizard-noctowl
4,53,p1,0290,gholdengo-lunatone,0120,n-zoroark
4,54,p2,1135,charizard-noctowl,1507,gholdengo-lunatone
4,55,tie,1773,gardevoir-jellicent,1372,dragapult-dusknoir
4,56,tie,0441,iron-hands-magneton,0455,gholdengo-joltik-box
4,57,p1,1042,gholdengo-lunatone,1689,gholdengo-lunatone
4,58,p2,0161,dragapult-dusknoir,0779,gholdengo-lunatone
4,59,p1,1729,gardevoir-ex-sv,1495,seaking-pre
4,60,p2,1843,alakazam-dudunsparce,0935,gardevoir-ex-sv
4,61,p2,0924,gardevoir-jellicent,1807,gardevoir-ex-sv
4,62,p2,2162,slowking-scr,0246,gholdengo-lunatone
4,63,p1,0841,dragapult-dusknoir,2134,gholdengo-lunatone
4,64,p2,1090,dragapult-dusknoir,1232,dragapult-dusknoir
4,65,p1,0201,charizard-noctowl,2242,charizard-noctowl
4,66,p2,0374,ceruledge-ex,0868,gardevoir-jellicent
4,67,p1,0437,gholdengo-lunatone,0731,n-zoroark
4,68,p2,0215,raging-bolt-ogerpon,0999,gardevoir-ex-sv
4,69,p1,0413,gardevoir-ex-sv,1034,dragapult-dusknoir
4,70,p2,1769,dragapult-charizard,1525,gholdengo-lunatone
4,71,p1,0958,dragapult-dusknoir,2199,gholdengo-lunatone
4,72,p1,0500,mega-absol-box,1024,grimmsnarl-froslass
4,73,p2,1910,gardevoir-jellicent,1175,dragapult-dusknoir
4,74,p2,0662,gholdengo-lunatone,1263,gholdengo-lunatone
4,75,p2,1675,gholdengo-lunatone,1527,gardevoir-ex-sv
4,76,p2,0483,raging-bolt-ogerpon,1114,dragapult-charizard
4,77,p1,1035,gholdengo-lunatone,0292,greninja-ex
4,78,p2,0109,gholdengo-lunatone,1370,gholdengo-lunatone
4,79,p1,0208,gholdengo-lunatone,0577,n-zoroark
4,80,p1,1472,gholdengo-lunatone,0501,gardevoir-ex-sv
4,81,p1,1917,gardevoir-ex-sv,1639,dragapult-dusknoir
4,82,p1,0966,gardevoir-jellicent,0853,gholdengo-lunatone
4,83,p1,0516,n-zoroark,1324,gardevoir-ex-sv
4,84,tie,2124,charizard-noctowl,1837,gardevoir-jellicent
4,85,p1,1565,alakazam-dudunsparce,0077,seaking-pre
4,86,p1,1975,grimmsnarl-froslass,1758,gholdengo-lunatone
4,87,p2,1082,charizard-noctowl,0487,dragapult-dusknoir
4,88,tie,2157,dragapult-dusknoir,0111,dragapult-charizard
4,89,p2,0495,gholdengo-lunatone,0899,gardevoir-ex-sv
4,90,p1,0724,gardevoir-ex-sv,2028,gholdengo-lunatone
4,91,p1,1597,mega-absol-box,2147,gardevoir-jellicent
4,92,p2,1776,dragapult-dusknoir,0865,chien-pao-baxcalibur
4,93,p1,0788,dragapult-charizard,0636,gardevoir-jellicent
4,94,p1,1452,charizard-pidgeot,0085,flareon-noctowl
4,95,p2,1238,charizard-pidgeot,1385,alakazam-dudunsparce
4,96,p1,1950,gardevoir-ex-sv,1734,gholdengo-lunatone
4,97,p1,1025,gardevoir-jellicent,0532,froslass-munkidori
4,98,p2,1868,kangaskhan-bouffalant,1657,gholdengo-lunatone
4,99,p1,1286,dragapult-dusknoir,0482,gardevoir-ex-sv
4,100,p2,1213,charizard-noctowl,1719,n-zoroark
4,101,p1,1244,kangaskhan-bouffalant,1936,gardevoir-ex-sv
4,102,p2,0533,gardevoir-ex-sv,2106,charizard-noctowl
4,103,p1,2136,joltik-box,1534,charizard-noctowl
4,104,p2,1971,gardevoir-ex-sv,0711,n-zoroark
4,105,p1,1107,gardevoir-jellicent,0808,ceruledge-ex
4,106,p1,0798,alakazam-dudunsparce,0969,gholdengo-lunatone
4,107,p1,0912,gholdengo-lunatone,1011,gardevoir-ex-sv
4,108,p2,1120,charizard-pidgeot,0651,n-zoroark
4,109,p2,0090,mega-absol-box,0176,gholdengo-lunatone
4,110,p1,0333,charizard-noctowl,0729,gholdengo-lunatone
4,111,p1,0540,kangaskhan-bouffalant,1978,gholdengo-lunatone
4,112,p1,2114,gholdengo-lunatone,0468,gardevoir-ex-sv
4,113,tie,0351,gardevoir-jellicent,1519,charizard-noctowl
4,114,p1,0031,dragapult-charizard,0188,gardevoir-jellicent
4,115,p1,1653,dragapult-dusknoir,0310,gholdengo-lunatone
4,116,p1,0669,gardevoir-jellicent,0225,dragapult-dusknoir
4,117,p2,0527,gholdengo-lunatone,1018,mega-absol-box
4,118,p2,1009,gardevoir-ex-sv,0759,grimmsnarl-froslass
4,119,p2,2168,dragapult-dusknoir,0547,dragapult-dusknoir
4,120,p2,1346,charizard-noctowl,2159,conkeldurr-twm
4,121,tie,1384,charizard-noctowl,1901,charizard-noctowl
4,122,p1,1027,dragapult-dusknoir,2018,gholdengo-lunatone
4,123,tie,1416,dragapult-dusknoir,1699,gholdengo-lunatone
4,124,tie,0160,n-zoroark,0469,gardevoir-jellicent
4,125,p2,1517,dragapult-dusknoir,2166,grimmsnarl-froslass
4,126,p1,0480,gardevoir-ex-sv,2058,gholdengo-lunatone
4,127,p2,2206,seaking-pre,0827,gholdengo-lunatone
4,128,p2,0505,dragapult-dusknoir,0381,dragapult-dusknoir
4,129,p1,2071,gardevoir-ex-sv,0222,dragapult-dusknoir
4,130,p2,1129,gholdengo-lunatone,1817,ceruledge-ex
4,131,p1,1216,gardevoir-ex-sv,2063,dragapult-dusknoir
4,132,p1,2210,gholdengo-lunatone,1121,kangaskhan-bouffalant
4,133,p2,0877,charizard-noctowl,2193,dragapult-dusknoir
4,134,p1,1663,kangaskhan-bouffalant,1230,froslass-munkidori
4,135,p2,0576,gholdengo-lunatone,1594,gardevoir-jellicent
4,136,p1,2098,gardevoir-ex-sv,1921,gholdengo-lunatone
4,137,p2,1348,crustle-dri,0279,pidgeot-control
4,138,p2,1276,mega-absol-box,1333,dragapult-dusknoir
4,139,p1,1403,charizard-noctowl,0928,mega-absol-box
4,140,p2,2009,raging-bolt-ogerpon,0083,reging-bolt-bellibolt
4,141,p2,0320,gholdengo-lunatone,1945,dragapult-dusknoir
4,142,p1,0624,n-zoroark,1184,lopunny-dusknoir
4,143,p1,0991,charizard-pidgeot,2084,dragapult-dusknoir
4,144,p2,0039,dragapult-ex,1740,gholdengo-lunatone
4,145,p1,1922,gholdengo-lunatone,0122,dragapult-charizard
4,146,p1,0656,mega-absol-box,2248,gardevoir-ex-sv
4,147,p1,1015,charizard-noctowl,1132,gholdengo-lunatone
4,148,p1,1202,gholdengo-lunatone,0203,charizard-dragapult
4,149,p2,0137,dragapult-charizard,0054,gardevoir-ex-sv
4,150,p1,0596,dragapult-dusknoir,0275,tera-box
4,151,p1,1043,dragapult-dusknoir,0153,gholdengo-lunatone
4,152,p1,1112,dragapult-dusknoir,0417,gholdengo-lunatone
4,153,p1,1470,n-zoroark,0503,gholdengo-lunatone
4,154,tie,0423,gholdengo-lunatone,0514,n-zoroark
4,155,p1,0004,dragapult-dusknoir,0707,alakazam-dudunsparce
4,156,p2,1116,n-zoroark,1484,mega-absol-box
4,157,p1,1179,charizard-noctowl,0856,gholdengo-lunatone
4,158,p2,1880,gholdengo-lunatone,2049,gardevoir-ex-sv
4,159,p2,2155,gholdengo-lunatone,1297,gardevoir-jellicent
4,160,p2,0600,gholdengo-lunatone,0873,charizard-pidgeot
4,161,p1,0024,gardevoir-ex-sv,0478,gardevoir-ex-sv
4,162,p1,0959,gardevoir-jellicent,0379,dragapult-dusknoir
4,163,p1,0427,charizard-noctowl,0542,charizard-noctowl
4,164,tie,1618,charizard-noctowl,1736,gholdengo-lunatone
4,165,p2,0276,gholdengo-lunatone,1201,gholdengo-lunatone
4,166,p2,0013,gholdengo-lunatone,1816,ursaluna-lunatone
4,167,p1,0193,n-zoroark,0280,dragapult-dusknoir
4,168,p2,1217,gholdengo-lunatone,0404,gholdengo-lunatone
4,169,p1,1491,gholdengo-lunatone,0146,grimmsnarl-froslass
4,170,p1,1931,n-zoroark,1552,gardevoir-jellicent
4,171,p2,0173,charizard-pidgeot,0093,n-zoroark
4,172,p1,0316,gardevoir-jellicent,0115,gholdengo-lunatone
4,173,p1,1746,gardevoir-jellicent,2127,kangaskhan-bouffalant
4,174,p2,0388,gardevoir-jellicent,1125,gardevoir-jellicent
4,175,p2,1126,gholdengo-lunatone,0350,charizard-noctowl
4,176,p2,0983,gholdengo-lunatone,1973,charizard-noctowl
4,177,p2,0256,grimmsnarl-froslass,1288,gholdengo-lunatone
4,178,p1,0694,iron-thorns-crustle,0142,gholdengo-lunatone
4,179,p2,0300,grimmsnarl-froslass,2251,raging-bolt-ogerpon
4,180,p1,0263,dragapult-dusknoir,1100,gardevoir-jellicent
4,181,tie,1203,kangaskhan-bouffalant,0769,dragapult-dusknoir
4,182,p1,0319,n-zoroark,0271,gardevoir-jellicent
4,183,p2,1730,dragapult-dusknoir,1045,cynthia-garchomp-ex
4,184,tie,1195,n-zoroark,1977,charizard-noctowl
4,185,p2,1846,raging-bolt-ogerpon,0627,gardevoir-ex-sv
4,186,p1,1485,dragapult-dusknoir,0781,n-zoroark
4,187,p2,0862,charizard-noctowl,1944,charizard-pidgeot
4,188,p2,1658,iron-hands-magneton,1956,dragapult-dusknoir
4,189,p2,1691,gholdengo-lunatone,0181,mega-absol-box
4,190,tie,1137,grimmsnarl-froslass,0943,gholdengo-lunatone
4,191,tie,1553,other,1934,charizard-noctowl
4,192,p2,1400,n-zoroark,0211,gardevoir-jellicent
4,193,tie,1486,charizard-pidgeot,0806,dragapult-dusknoir
4,194,p2,0946,other,1787,grimmsnarl-froslass
4,195,p1,0100,ceruledge-ex,1476,dragapult-dusknoir
4,196,p2,0157,gholdengo-lunatone,1252,lopunny-dusknoir
4,197,p2,0564,gardevoir-ex-sv,1926,n-zoroark
4,198,p1,2020,charizard-pidgeot,0283,gardevoir-ex-sv
4,199,p2,0026,lopunny-dusknoir,1048,charizard-noctowl
4,200,p2,1799,dragapult-dusknoir,0406,n-zoroark
4,201,p2,1092,gholdengo-lunatone,1684,n-zoroark
4,202,p2,0385,gardevoir-jellicent,1316,gholdengo-lunatone
4,203,p2,0717,grimmsnarl-froslass,2034,flareon-noctowl
4,204,p1,0135,dragapult-dusknoir,0615,grimmsnarl-froslass
4,205,tie,0908,dragapult-dusknoir,1674,grimmsnarl-froslass
4,206,p1,1105,n-zoroark,1021,lopunny-dusknoir
4,207,p1,1628,dragapult-dusknoir,2085,gholdengo-lunatone
4,208,p1,1220,charizard-noctowl,1538,gardevoir-jellicent
4,209,p1,1110,charizard-noctowl,0881,gardevoir-jellicent
4,210,p1,2178,n-zoroark,1948,mega-absol-box
4,211,p1,0937,marnie-grimmsnarl-ex,2003,dragapult-dusknoir
4,212,p2,0758,gholdengo-lunatone,0198,lopunny-dusknoir
4,213,p2,1687,grimmsnarl-froslass,0015,gardevoir-ex-sv
4,214,p1,1426,gardevoir-ex-sv,1380,raging-bolt-ogerpon
4,215,tie,2143,ceruledge-ex,0053,gardevoir-jellicent
4,216,p2,0062,grimmsnarl-froslass,1564,greninja-ex
4,217,p1,0859,gholdengo-lunatone,0353,gholdengo-lunatone
4,218,p1,1437,charizard-noctowl,0492,gholdengo-lunatone
4,219,p2,0376,charizard-noctowl,1957,charizard-noctowl
4,220,p2,1262,dragapult-charizard,1822,gardevoir-ex-sv
4,221,p1,1511,conkeldurr-twm,0585,dragapult-dusknoir
4,222,tie,0611,charizard-noctowl,0131,n-zoroark
4,223,p2,0446,rocket-mewtwo-ex,1322,dragapult-dusknoir
4,224,tie,1151,gardevoir-jellicent,1118,dragapult-charizard
4,225,tie,0034,n-zoroark,0375,dragapult-dusknoir
4,226,p2,1198,mega-venusaur-ex,0127,gholdengo-lunatone
4,227,p1,0415,joltik-box,0009,n-zoroark
4,228,tie,0774,gholdengo-lunatone,0412,gholdengo-lunatone
4,229,p1,0129,gholdengo-lunatone,1626,gholdengo-lunatone
4,230,tie,0818,gardevoir-ex-sv,1442,gholdengo-lunatone
4,231,p1,0373,gholdengo-lunatone,1304,?roaring-moon
4,232,p1,2263,gardevoir-ex-sv,0257,gardevoir-jellicent
4,233,p1,1030,charizard-noctowl,1418,rocket-mewtwo-ex
4,234,p2,0046,slaking-ex,1981,gardevoir-jellicent
4,235,p2,0932,tera-box,0312,dragapult-dusknoir
4,236,p2,1791,gardevoir-jellicent,0934,gholdengo-lunatone
4,237,p1,1574,kangaskhan-bouffalant,1623,charizard-noctowl
4,238,p2,0535,mega-absol-box,1097,charizard-noctowl
4,239,p2,1820,dragapult-dusknoir,1004,gholdengo-lunatone
4,240,tie,1810,raging-bolt-ogerpon,0718,raging-bolt-ogerpon
4,241,tie,2177,gholdengo-lunatone,1055,raging-bolt-ogerpon
4,242,p1,0443,gholdengo-lunatone,0232,alakazam-dudunsparce
4,243,p2,1039,gholdengo-lunatone,0228,gholdengo-lunatone
4,244,p1,0994,gardevoir-jellicent,2227,gholdengo-lunatone
4,245,p1,1741,alakazam-dudunsparce,0241,dragapult-dusknoir
4,246,p2,0240,greninja-ex,0968,dragapult-dusknoir
4,247,tie,0429,tera-box,1751,mega-absol-box
4,248,p2,0101,dragapult-dusknoir,0230,gholdengo-lunatone
4,249,tie,0833,gardevoir-ex-sv,1856,gardevoir-ex-sv
4,250,p2,0957,gholdengo-lunatone,1587,charizard-noctowl
4,251,p1,1235,n-zoroark,0650,charizard-pidgeot
4,252,p1,1155,gardevoir-jellicent,1767,gardevoir-jellicent
4,253,p2,0192,joltik-box,0318,gardevoir-jellicent
4,254,tie,2260,gardevoir-ex-sv,1186,n-zoroark
4,255,p1,1918,ceruledge-ex,2056,gardevoir-jellicent
4,256,p1,0581,dragapult-dusknoir,2129,charizard-noctowl
4,257,p1,0063,n-zoroark,0136,alakazam-dudunsparce
4,258,p2,1829,slowking-scr,2226,dragapult-dusknoir
4,259,p2,1985,gholdengo-lunatone,1249,dragapult-dusknoir
4,260,tie,0949,gholdengo-lunatone,0261,gholdengo-lunatone
4,261,p1,1925,gholdengo-lunatone,1420,gardevoir-ex-sv
4,262,p1,1439,n-zoroark,1627,gholdengo-lunatone
4,263,p1,1515,gholdengo-lunatone,0087,mega-venusaur-ex
4,264,p1,0490,dragapult-dusknoir,0709,gholdengo-lunatone
4,265,p2,0048,charizard-pidgeot,1893,charizard-noctowl
4,266,p2,0824,dragapult-dusknoir,0078,gholdengo-lunatone
4,267,tie,1999,gholdengo-ex,1289,joltik-box
4,268,tie,0096,dragapult-dusknoir,0254,gardevoir-ex-sv
4,270,p1,1692,gholdengo-lunatone,0538,gardevoir-jellicent
4,271,p2,0539,gholdengo-lunatone,1544,ceruledge-ex
4,272,p1,0541,gardevoir-jellicent,2194,tera-box
4,273,p2,0544,kangaskhan-bouffalant,0586,gholdengo-lunatone
4,274,p2,1075,gholdengo-lunatone,0546,dragapult-charizard
4,275,p2,0548,charizard-pidgeot,1617,gardevoir-jellicent
4,276,p2,1152,other,0550,lopunny-dusknoir
4,277,tie,1915,grimmsnarl-froslass,0552,alakazam-dudunsparce
4,278,tie,0553,gholdengo-lunatone,0930,gardevoir-jellicent
4,279,p2,0921,ceruledge-ex,0556,dragapult-dusknoir
4,280,p1,0558,flareon-noctowl,2083,manectric-eelektrik
4,281,p2,0110,gholdengo-lunatone,0559,conkeldurr-twm
4,282,p2,0936,alakazam-dudunsparce,0562,gholdengo-lunatone
4,283,p1,1106,gholdengo-lunatone,0563,charizard-noctowl
4,284,p1,0610,lopunny-dusknoir,0565,charizard-noctowl
4,285,p2,0683,dragapult-charizard,0066,gholdengo-lunatone
4,286,tie,0665,dragapult-dusknoir,1668,gholdengo-lunatone
4,287,p2,2150,dragapult-dusknoir,1685,joltik-box
4,288,p1,0510,dragapult-dusknoir,0944,charizard-noctowl
4,289,p2,1775,crustle-dri,1784,dragapult-dusknoir
4,290,tie,0839,charizard-pidgeot,1214,gardevoir-jellicent
4,291,p2,1543,dragapult-dusknoir,1197,dragapult-dusknoir
4,292,p1,0493,raging-bolt-ogerpon,1965,gholdengo-typhlosion
4,293,tie,0574,charizard-noctowl,2036,charizard-noctowl
4,294,p1,0074,flareon-noctowl,1955,gholdengo-lunatone
4,295,tie,1908,gholdengo-lunatone,0067,pidgeot-control
4,296,p1,1575,dragapult-dusknoir,1127,n-zoroark
4,297,p2,1251,joltik-box,0980,kangaskhan-bouffalant
4,298,p1,0486,gholdengo-lunatone,1438,gholdengo-lunatone
4,299,tie,1840,charizard-noctowl,0465,gholdengo-lunatone
4,300,p2,2239,gholdengo-lunatone,0070,dragapult-dusknoir
4,301,p1,0281,gholdengo-lunatone,0464,dragapult-dusknoir
4,302,p2,2131,mega-venusaur-ex,0831,greninja-ex
4,303,p2,0874,gholdengo-ex,1871,gholdengo-lunatone
4,304,p2,1738,charizard-noctowl,1796,charizard-noctowl
4,305,tie,1670,gholdengo-lunatone,0809,gardevoir-jellicent
4,306,p2,1067,dragapult-dusknoir,2055,gardevoir-ex-sv
4,307,p1,0941,gardevoir-jellicent,0179,gholdengo-lunatone
4,308,p1,1450,alakazam-dudunsparce,1888,grimmsnarl-froslass
4,309,tie,0918,gholdengo-lunatone,0089,dragapult-dusknoir
4,310,p1,0466,charizard-noctowl,1571,gholdengo-lunatone
4,311,p2,0105,charizard-noctowl,1847,gardevoir-ex-sv
4,312,p1,1832,gholdengo-lunatone,2062,ceruledge-ex
4,313,p2,0119,charizard-pidgeot,2053,gardevoir-jellicent
4,314,p1,1644,gholdengo-lunatone,0147,dragapult-dusknoir
4,315,p1,0919,dragapult-dusknoir,0159,n-zoroark
4,316,p2,0529,grimmsnarl-froslass,1562,mega-absol-box
4,317,p1,0307,charizard-noctowl,2099,kangaskhan-bouffalant
4,318,tie,0977,gholdengo-lunatone,0688,n-zoroark
4,319,tie,1695,grimmsnarl-froslass,1681,charizard-noctowl
4,320,p1,1592,greninja-ex,1679,dragapult-dusknoir
4,321,p2,1223,ceruledge-ex,0653,gardevoir-jellicent
4,322,p1,1448,tera-box,0826,gardevoir-ex-sv
4,323,p2,1793,gardevoir-jellicent,1377,gholdengo-lunatone
4,324,tie,1671,raging-bolt-ogerpon,0643,gholdengo-lunatone
4,325,p2,1257,lopunny-dusknoir,2240,gholdengo-lunatone
4,326,p1,1160,gholdengo-lunatone,1168,dragapult-dusknoir
4,327,p2,2076,gardevoir-ex-sv,0328,gardevoir-jellicent
4,328,p2,0689,mega-absol-box,1069,mega-absol-box
4,329,tie,1928,gardevoir-jellicent,1032,froslass-munkidori
4,330,tie,0792,kangaskhan-bouffalant,2116,charizard-noctowl
4,331,p1,0880,gardevoir-jellicent,1622,gholdengo-lunatone
4,332,p2,1494,n-zoroark,1885,gholdengo-lunatone
4,333,p1,2236,dragapult-dusknoir,0171,dragapult-dusknoir
4,334,p1,1291,gholdengo-lunatone,0152,dragapult-dusknoir
4,335,p2,1157,iron-thorns-crustle,0743,gardevoir-ex-sv
4,336,p1,1875,dragapult-dusknoir,0467,dragapult-dusknoir
4,337,p2,0872,ethan-typhlosion,0588,charizard-noctowl
4,338,p1,0518,gardevoir-ex-sv,0629,gardevoir-jellicent
4,339,p2,0126,gholdengo-lunatone,1599,gardevoir-jellicent
4,340,p1,2008,charizard-noctowl,2070,tera-box
4,341,p1,1728,joltik-box,2060,charizard-noctowl
4,342,p1,1465,flareon-noctowl,2138,gholdengo-lunatone
4,343,p1,1705,raging-bolt-ogerpon,0114,lopunny-dusknoir
4,344,p2,0569,gholdengo-lunatone,1355,charizard-noctowl
4,345,p1,0890,charizard-pidgeot,0974,charizard-noctowl
4,346,tie,1398,gholdengo-lunatone,2266,charizard-noctowl
4,347,p1,0775,charizard-noctowl,1804,raging-bolt-ogerpon
4,348,p1,1647,kangaskhan-bouffalant,2031,dragapult-dusknoir
4,349,p2,0915,raging-bolt-ogerpon,0690,charizard-noctowl
4,350,p1,1022,gardevoir-ex-sv,0186,gholdengo-lunatone
4,351,p1,0579,gholdengo-lunatone,0725,tera-box
4,352,p1,0457,mega-absol-box,0911,gholdengo-lunatone
4,353,p2,0386,charizard-noctowl,1414,ceruledge-ex
4,354,tie,1128,dragapult-dusknoir,0051,gholdengo-lunatone
4,355,p1,1172,gardevoir-ex-sv,1990,charizard-noctowl
4,356,p1,1356,n-zoroark,1207,dragapult-dusknoir
4,357,p1,1892,gholdengo-lunatone,0512,ceruledge-ex
4,358,p2,0582,dragapult-dusknoir,1401,dragapult-dusknoir
4,359,p1,1178,gardevoir-ex-sv,0525,gholdengo-lunatone
4,360,p1,0294,gholdengo-lunatone,0463,gholdengo-lunatone
4,361,p1,0224,gholdengo-lunatone,0445,gholdengo-lunatone
4,362,p1,2024,gholdengo-lunatone,1869,gardevoir-ex-sv
4,363,p1,1841,gardevoir-ex-sv,1798,seaking-pre
4,364,p1,1989,gholdengo-lunatone,0049,dragapult-dusknoir
4,365,p1,1595,gholdengo-lunatone,1319,gholdengo-lunatone
4,366,p1,2255,charizard-noctowl,1911,charizard-noctowl
4,367,p1,2250,dragapult-dusknoir,1227,charizard-noctowl
4,368,p2,1987,cynthia-garchomp-ex,1898,charizard-noctowl
4,369,p2,0448,gardevoir-jellicent,1682,gholdengo-typhlosion
4,370,p1,2087,gholdengo-lunatone,2006,gholdengo-lunatone
4,371,p1,1228,gardevoir-ex-sv,0657,gholdengo-lunatone
4,372,p1,1183,kangaskhan-bouffalant,1665,charizard-noctowl
4,373,p2,0102,charizard-pidgeot,0940,gardevoir-jellicent
4,374,p1,0727,gardevoir-ex-sv,0647,ho-oh-armarouge
4,375,p1,1313,n-zoroark,1583,charizard-noctowl
4,376,p2,1103,ursaluna-lunatone,1467,gholdengo-lunatone
4,377,p2,1327,gholdengo-lunatone,0202,charizard-pidgeot
4,378,p1,0117,dragapult-dusknoir,0755,gardevoir-jellicent
4,379,p1,1528,dragapult-dusknoir,0397,n-zoroark
4,380,p2,2038,n-zoroark,1881,gholdengo-lunatone
4,381,p1,0068,gardevoir-ex-sv,0584,gardevoir-jellicent
4,382,p2,1215,gardevoir-ex-sv,1019,gholdengo-lunatone
4,383,tie,0522,charizard-noctowl,0098,gholdengo-lunatone
4,384,p1,1900,charizard-noctowl,0162,alakazam-dudunsparce
4,385,p1,1290,dragapult-dusknoir,1044,gholdengo-lunatone
4,386,p2,2153,gardevoir-jellicent,1563,gholdengo-lunatone
4,387,p2,2201,gholdengo-lunatone,0732,flareon-noctowl
4,388,p2,1811,gholdengo-lunatone,0473,gholdengo-lunatone
4,389,p2,1435,dragapult-dusknoir,1170,gardevoir-ex-sv
4,390,p1,0073,dragapult-dusknoir,0088,gardevoir-jellicent
4,391,tie,1159,lopunny-dusknoir,0269,gardevoir-ex-sv
4,392,p2,0740,gholdengo-lunatone,2144,dragapult-dusknoir
4,393,p2,0370,gardevoir-jellicent,2246,gholdengo-joltik-box
4,394,p1,1943,dragapult-charizard,1724,charizard-noctowl
4,395,p1,1646,charizard-noctowl,1369,gholdengo-lunatone
4,396,p2,1320,grimmsnarl-froslass,0879,gardevoir-ex-sv
4,397,p2,1318,charizard-noctowl,1861,dragapult-dusknoir
4,398,p2,1800,dragapult-charizard,1642,joltik-box
4,399,tie,1268,gardevoir-ex-sv,1312,charizard-noctowl
4,400,p1,2217,iron-hands-magneton,0728,dragapult-dusknoir
4,401,tie,1449,gholdengo-lunatone,2025,charizard-noctowl
4,402,tie,1295,gardevoir-ex-sv,1360,gholdengo-lunatone
4,403,p1,0782,kangaskhan-bouffalant,0617,tera-box
4,404,p1,1586,charizard-noctowl,1350,gardevoir-ex-sv
4,405,tie,2230,n-zoroark,1514,gholdengo-lunatone
4,406,p2,2096,mega-absol-box,0832,gardevoir-jellicent
4,407,p1,2195,gardevoir-ex-sv,0149,gholdengo-lunatone
4,408,p2,1381,grimmsnarl-froslass,2044,charizard-noctowl
4,409,p2,1419,gholdengo-lunatone,1434,charizard-pidgeot
4,410,p1,0183,gardevoir-ex-sv,0620,charizard-noctowl
4,411,p1,0411,flareon-noctowl,0012,flareon-noctowl
4,412,p2,1234,dragapult-dusknoir,0258,dragapult-dusknoir
4,413,p2,0714,kangaskhan-bouffalant,0345,alakazam-dudunsparce
4,414,p1,0698,dragapult-dusknoir,0787,gholdengo-lunatone
4,415,p2,2170,gholdengo-lunatone,0594,gholdengo-lunatone
4,416,p2,1857,?,0057,charizard-noctowl
4,417,p1,0951,charizard-pidgeot,1272,gardevoir-jellicent
4,418,tie,1279,mega-absol-box,0059,gardevoir-ex-sv
4,419,p1,0383,charizard-noctowl,0489,gholdengo-lunatone
4,420,p2,1387,charizard-noctowl,1669,gholdengo-lunatone
4,421,p2,0771,gholdengo-lunatone,0194,gholdengo-lunatone
4,422,p2,0354,dragapult-dusknoir,0892,lopunny-dusknoir
4,423,p2,0607,gholdengo-lunatone,1225,pidgeot-control
4,424,p2,1860,kangaskhan-bouffalant,0948,dragapult-charizard
4,425,p1,0033,gardevoir-ex-sv,2094,greninja-ex
4,426,p2,1174,charizard-noctowl,1717,charizard-noctowl
4,427,p1,0355,miraidon-eelektrik,0655,raging-bolt-ogerpon
4,428,p2,1488,dragapult-dusknoir,1782,tera-box
4,429,tie,1761,n-zoroark,1046,gardevoir-ex-sv
4,430,p1,2249,alakazam-dudunsparce,0701,dragapult-dusknoir
4,431,p2,2163,dragapult-dusknoir,1432,gardevoir-ex-sv
4,432,p2,2164,gholdengo-lunatone,0247,dragapult-dusknoir
4,433,p1,1506,charizard-noctowl,1254,charizard-noctowl
4,434,p1,0722,charizard-pidgeot,2179,grimmsnarl-froslass
4,435,p2,0306,charizard-noctowl,1720,n-zoroark
4,436,p2,1099,gholdengo-lunatone,0898,alakazam-dudunsparce
4,437,p1,0043,charizard-pidgeot,2122,tera-box
4,438,p2,0863,gholdengo-lunatone,1711,dragapult-dusknoir
4,439,p1,1530,grimmsnarl-froslass,1546,charizard-pidgeot
4,440,p1,0166,gardevoir-ex-sv,1579,charizard-pidgeot
4,441,p1,0902,gholdengo-lunatone,1299,n-zoroark
4,442,p2,1745,ethan-typhlosion,0459,festival-lead
4,443,tie,2059,sharpedo-toxtricity,2142,gholdengo-lunatone
4,444,p1,0673,dragapult-dusknoir,1209,charizard-noctowl
4,445,tie,1716,raging-bolt-ogerpon,0462,charizard-noctowl
4,446,p1,1704,charizard-noctowl,0705,gardevoir-ex-sv
4,447,p2,1122,gardevoir-jellicent,1509,gholdengo-lunatone
4,448,p1,0076,gholdengo-lunatone,1873,slaking-ex
4,449,p2,0496,other,0674,gardevoir-jellicent
4,450,tie,1165,grimmsnarl-froslass,1914,gholdengo-lunatone
4,451,p2,2015,charizard-noctowl,0961,dragapult-dusknoir
4,452,p2,2107,raging-bolt-ogerpon,1330,charizard-noctowl
4,453,p1,0695,gardevoir-ex-sv,2215,dragapult-dusknoir
4,454,tie,2086,gholdengo-lunatone,0277,chien-pao-baxcalibur
4,455,tie,0452,mega-venusaur-ex,1335,gholdengo-lunatone
4,456,p1,0008,dragapult-dusknoir,1124,gholdengo-lunatone
4,457,p2,0976,gardevoir-ex-sv,1243,n-zoroark
4,458,p2,1991,charizard-noctowl,2016,charizard-pidgeot
4,459,p2,1874,gardevoir-jellicent,0476,dragapult-dusknoir
4,460,p1,1992,grimmsnarl-froslass,1424,dragapult-dusknoir
4,461,p2,1940,gholdengo-lunatone,0169,grimmsnarl-froslass
4,462,p2,0206,gardevoir-ex-sv,1189,mega-absol-box
4,463,p2,1756,gardevoir-ex-sv,2017,gholdengo-lunatone
4,464,p1,1772,charizard-pidgeot,1954,gholdengo-lunatone
4,465,p2,0134,charizard-noctowl,2014,gardevoir-jellicent
4,466,p2,0372,raging-bolt-ogerpon,1854,gardevoir-ex-sv
4,467,p2,1838,dragapult-dusknoir,0293,charizard-noctowl
4,468,tie,1589,charizard-pidgeot,1182,dragapult-dusknoir
4,469,tie,1383,dragapult-dusknoir,0360,gholdengo-joltik-box
4,470,p2,0955,gardevoir-ex-sv,1615,palafin-ex
4,471,p2,0393,dragapult-charizard,2013,grimmsnarl-froslass
4,472,p2,1038,raging-bolt-ogerpon,1354,charizard-noctowl
4,473,p1,1664,gholdengo-lunatone,1651,dragapult-dusknoir
4,474,p2,2080,gardevoir-ex-sv,0424,charizard-pidgeot
4,475,p2,0017,gholdengo-lunatone,0005,gholdengo-lunatone
4,476,p1,0971,gholdengo-lunatone,0084,kangaskhan-bouffalant
4,477,tie,1430,gholdengo-lunatone,1111,gholdengo-lunatone
4,478,p2,2046,flareon-noctowl,1961,charizard-noctowl
4,479,tie,1083,gardevoir-ex-sv,0742,ceruledge-ex
4,480,p1,0811,gholdengo-lunatone,1743,charizard-ex
4,481,p2,0699,dragapult-dusknoir,0762,dragapult-charizard
4,482,tie,0298,gholdengo-lunatone,0400,mega-venusaur-ex
4,483,tie,1645,n-zoroark,0751,gardevoir-ex-sv
4,484,p2,0851,dragapult-dusknoir,1166,charizard-noctowl
4,485,p1,1001,dragapult-dusknoir,2237,charizard-noctowl
4,486,p1,0802,dragapult-dusknoir,1008,alakazam-dudunsparce
4,487,p1,1919,grimmsnarl-froslass,1200,mega-venusaur-ex
4,488,p1,1828,n-zoroark,0484,gardevoir-jellicent
4,489,p2,2101,seaking-pre,0678,joltik-box
4,490,tie,1848,gardevoir-ex-sv,0170,gholdengo-lunatone
4,491,p1,1937,charizard-noctowl,0421,gardevoir-jellicent
4,492,p1,0239,charizard-noctowl,0857,dragapult-dusknoir
4,493,p1,1949,ceruledge-ex,0337,gholdengo-lunatone
4,494,p1,1181,dragapult-dusknoir,0398,dragapult-dusknoir
4,495,p1,0686,ethan-typhlosion,0326,tera-box
4,496,p2,1278,toxtricity-pfl,0672,gardevoir-ex-sv
4,497,p2,0663,alakazam-dudunsparce,0530,dragapult-charizard
4,498,tie,1158,n-zoroark,1558,gholdengo-lunatone
4,499,p1,2229,gholdengo-lunatone,1606,n-zoroark
4,500,p2,1581,crustle-dri,0810,gardevoir-jellicent
4,501,p2,2118,gardevoir-jellicent,0027,gholdengo-lunatone
4,502,tie,0060,dragapult-charizard,0001,gardevoir-ex-sv
4,503,p1,1819,gholdengo-typhlosion,0099,kangaskhan-bouffalant
4,504,p1,0681,dragapult-dusknoir,0985,gholdengo-lunatone
4,505,p2,1516,gholdengo-lunatone,0410,gardevoir-jellicent
4,506,p2,1590,gardevoir-jellicent,0344,grimmsnarl-froslass
4,507,p2,2010,ethan-typhlosion,0165,gholdengo-ex
4,508,p1,1568,dragapult-dusknoir,1545,dragapult-dusknoir
4,509,p2,0329,charizard-noctowl,1405,n-zoroark
4,510,p2,1523,dragapult-charizard,1542,dragapult-dusknoir
4,511,p2,0177,dragapult-dusknoir,1580,dragapult-dusknoir
4,512,tie,2212,gardevoir-jellicent,1461,n-zoroark
4,513,p2,2072,iron-thorns-ex,0303,dragapult-dusknoir
4,514,tie,1633,dragapult-dusknoir,0926,kangaskhan-bouffalant
4,515,p1,2133,joltik-box,2270,tera-box
4,516,tie,0032,charizard-noctowl,1056,grimmsnarl-froslass
4,517,p1,0616,gardevoir-ex-sv,1632,alakazam-dudunsparce
4,518,p2,0472,charizard-noctowl,0534,gardevoir-ex-sv
4,519,p1,1366,charizard-pidgeot,0288,greninja-ex
4,520,p1,0352,charizard-noctowl,1397,charizard-pidgeot
4,521,p1,1539,joltik-box,1188,gardevoir-jellicent
4,522,p2,0391,charizard-noctowl,1332,grimmsnarl-froslass
4,523,tie,0954,gholdengo-lunatone,1205,froslass-munkidori
4,524,p2,0996,gholdengo-lunatone,2011,gardevoir-ex-sv
4,525,p2,0925,mega-absol-box,1427,raging-bolt-ogerpon
4,526,p2,1520,gardevoir-ex-sv,1091,charizard-noctowl
4,527,tie,1780,dragapult-dusknoir,0747,gardevoir-jellicent
4,528,p1,1722,dragapult-dusknoir,0667,gholdengo-lunatone
4,529,p1,0506,dragapult-dusknoir,0075,dragapult-charizard
4,530,p2,1953,gholdengo-lunatone,2019,gardevoir-ex-sv
4,531,p1,1532,dragapult-dusknoir,1666,gardevoir-ex-sv
4,532,tie,0451,gardevoir-jellicent,1005,gardevoir-jellicent
4,533,p2,1749,charizard-pidgeot,0913,charizard-noctowl
4,534,p1,1726,dragapult-dusknoir,1814,mega-venusaur-ex
4,535,p1,0311,n-zoroark,1339,kangaskhan-bouffalant
4,536,p1,1557,gardevoir-ex-sv,0190,kangaskhan-bouffalant
4,537,p2,0108,charizard-pidgeot,0365,slaking-ex
4,538,p1,0626,n-zoroark,1890,gardevoir-ex-sv
4,539,p2,2197,ceruledge-ex,0267,gardevoir-jellicent
4,540,p1,1994,gardevoir-ex-sv,0470,mega-absol-box
4,541,tie,1831,raging-bolt-ogerpon,1825,kangaskhan-bouffalant
4,542,p2,0250,mega-absol-box,0364,charizard-noctowl
4,543,p2,1753,ceruledge-ex,1255,charizard-noctowl
4,544,tie,2117,gholdengo-lunatone,1208,charizard-pidgeot
4,545,p2,0566,gardevoir-jellicent,1352,raging-bolt-ogerpon
4,546,p2,1064,gardevoir-jellicent,0901,gholdengo-lunatone
4,547,p2,0631,charizard-noctowl,2089,charizard-pidgeot
4,548,tie,0509,mega-absol-box,0071,dragapult-dusknoir
4,549,p1,1415,charizard-noctowl,2225,grimmsnarl-froslass
4,550,tie,0967,gholdengo-lunatone,1852,mega-absol-box
4,551,p1,0252,sharpedo-toxtricity,0858,mega-absol-box
4,552,p1,1454,gholdengo-lunatone,0625,greninja-ex
4,553,p2,1505,greninja-ex,0844,grimmsnarl-froslass
4,554,p2,1634,gholdengo-lunatone,1190,dragapult-dusknoir
4,555,p1,0819,gholdengo-lunatone,1715,dragapult-dusknoir
4,556,tie,0175,iron-thorns-crustle,2254,n-zoroark
4,557,p1,0029,charizard-pidgeot,2183,charizard-pidgeot
4,558,p2,0237,flareon-noctowl,0138,marnie-grimmsnarl-ex
4,559,p1,1368,flareon-noctowl,0855,n-zoroark
4,560,p2,1855,n-zoroark,0785,n-zoroark
4,561,p2,1629,gholdengo-lunatone,1733,charizard-noctowl
4,562,p2,1649,dragapult-charizard,2052,tera-box
4,563,p2,1808,gardevoir-ex-sv,0343,lopunny-dusknoir
4,564,p2,0609,gardevoir-ex-sv,1051,n-zoroark
4,565,tie,1777,dragapult-dusknoir,0735,gholdengo-lunatone
4,566,p2,1577,charizard-noctowl,0595,lopunny-dusknoir
4,567,p1,0933,charizard-noctowl,0286,alakazam-dudunsparce
4,568,p1,1631,charizard-noctowl,0164,gholdengo-lunatone
4,569,p2,0837,lopunny-dusknoir,0947,kangaskhan-bouffalant
4,570,p1,2001,gholdengo-lunatone,0217,gardevoir-ex-sv
4,571,tie,1073,gholdengo-joltik-box,1361,alakazam-dudunsparce
4,572,p2,1660,grimmsnarl-froslass,0696,gardevoir-ex-sv
4,573,p2,1267,gholdengo-lunatone,1474,charizard-pidgeot
4,574,p2,1986,tera-box,1708,gardevoir-jellicent
4,575,tie,0789,dragapult-dusknoir,2068,gholdengo-lunatone
4,576,tie,0520,n-zoroark,1895,gardevoir-ex-sv
4,577,p1,0348,ethan-typhlosion,0790,flareon-noctowl
4,578,p2,0219,gholdengo-lunatone,0438,alakazam-dudunsparce
4,579,p1,1591,gholdengo-lunatone,0491,gardevoir-ex-sv
4,580,p2,1845,gholdengo-lunatone,0531,gholdengo-lunatone
4,581,p2,1079,kangaskhan-bouffalant,0866,gardevoir-jellicent
4,582,p2,0909,n-zoroark,0685,festival-lead
4,583,p2,0338,mega-absol-box,1866,dragapult-charizard
4,584,p2,0128,grimmsnarl-froslass,0942,gholdengo-lunatone
4,585,p2,0876,dragapult-ex,1659,gardevoir-ex-sv
4,586,p2,0622,charizard-pidgeot,2082,alakazam-dudunsparce
4,587,p1,2209,charizard-noctowl,1920,joltik-box
4,588,p1,1752,kangaskhan-bouffalant,0498,mega-absol-box
4,589,tie,1145,palafin-ex,0357,gardevoir-jellicent
4,590,p2,1017,dragapult-dusknoir,0760,charizard-pidgeot
4,591,p2,1905,gholdengo-lunatone,1353,gardevoir-ex-sv
4,592,p1,0205,gholdengo-lunatone,0154,dragapult-dusknoir
4,593,p1,1939,charizard-noctowl,1548,sharpedo-toxtricity
4,594,p1,1844,charizard-noctowl,0107,ceruledge-ex
4,595,p2,0621,charizard-pidgeot,0125,gholdengo-lunatone
4,596,p2,2203,charizard-noctowl,1889,dragapult-charizard
4,597,tie,1242,charizard-pidgeot,0195,gholdengo-ex
4,598,tie,0583,dragapult-dusknoir,0382,mega-absol-box
4,599,p2,1147,marnie-grimmsnarl-ex,1909,dragapult-dusknoir
4,600,p1,0336,n-zoroark,0313,gholdengo-lunatone
4,601,p2,1003,charizard-pidgeot,1187,sharpedo-toxtricity
4,602,p2,0882,gholdengo-lunatone,1411,gardevoir-ex-sv
4,603,p1,0736,gholdengo-lunatone,1154,charizard-noctowl
4,604,p1,0963,gholdengo-lunatone,1755,mega-absol-box
4,605,tie,0151,dragapult-dusknoir,0592,gardevoir-ex-sv
4,606,p2,1264,charizard-pidgeot,1805,dragapult-dusknoir
4,607,p1,2029,gholdengo-lunatone,0613,gholdengo-lunatone
4,608,p1,1462,charizard-pidgeot,0249,grimmsnarl-froslass
4,609,p1,1878,gholdengo-lunatone,0124,gardevoir-ex-sv
4,610,p1,1636,charizard-noctowl,1812,tera-box
4,611,p1,1593,alakazam-dudunsparce,2032,alakazam-dudunsparce
4,612,p2,1087,charizard-noctowl,0199,dragapult-dusknoir
4,613,p1,1358,dragapult-dusknoir,1703,gholdengo-lunatone
4,614,p1,1283,charizard-pidgeot,1274,charizard-pidgeot
4,615,tie,0504,dragapult-dusknoir,2105,gardevoir-ex-sv
4,616,p1,0813,kangaskhan-bouffalant,0499,gardevoir-ex-sv
4,617,p1,1835,gholdengo-lunatone,0697,gholdengo-lunatone
4,618,p1,1376,alakazam-dudunsparce,0461,gholdengo-ex
4,619,p1,2145,charizard-noctowl,2012,flareon-noctowl
4,620,p2,0875,dragapult-dusknoir,2245,gholdengo-lunatone
4,621,p2,1052,dragapult-ex,0082,charizard-pidgeot
4,622,p1,2208,conkeldurr-twm,0712,iron-hands-magneton
4,623,p2,0739,gardevoir-jellicent,1598,charizard-noctowl
4,624,p1,1378,lopunny-dusknoir,1771,alakazam-dudunsparce
4,625,p2,2243,charizard-noctowl,0549,gholdengo-lunatone
4,626,p2,0910,dragapult-dusknoir,1968,lucario-hariyama
4,627,p2,1531,tera-box,0265,charizard-pidgeot
4,628,p1,1469,charizard-pidgeot,1399,charizard-noctowl
4,629,p2,0390,alakazam-dudunsparce,0567,lucario-hariyama
4,630,p1,1549,charizard-noctowl,1504,gholdengo-lunatone
4,631,p1,0187,gardevoir-ex-sv,0368,mega-absol-box
4,632,p1,1693,tera-box,1445,dragapult-dusknoir
4,633,p2,2069,charizard-noctowl,1760,iron-thorns-crustle
4,634,p2,1576,tera-box,1714,dragapult-dusknoir
4,635,p1,1942,charizard-noctowl,1002,seaking-pre
4,636,p1,0822,n-zoroark,1162,charizard-noctowl
4,637,p2,0223,gardevoir-ex-sv,1764,dragapult-dusknoir
4,638,tie,1436,gardevoir-ex-sv,0112,joltik-box
4,639,p2,1306,grimmsnarl-froslass,0409,slowking-scr
4,640,p2,0979,alakazam-dudunsparce,0982,gardevoir-ex-sv
4,641,p2,1654,charizard-noctowl,0633,dragapult-dusknoir
4,642,p2,0995,alakazam-dudunsparce,0886,n-zoroark
4,643,p1,0007,gholdengo-lunatone,0517,mega-absol-box
4,644,p1,1341,kangaskhan-bouffalant,0970,gardevoir-ex-sv
4,645,p1,0551,chien-pao-baxcalibur,1680,charizard-noctowl
4,646,p2,1661,gardevoir-jellicent,0238,dragapult-dusknoir
4,647,p2,1561,raging-bolt-ogerpon,2262,gardevoir-ex-sv
4,648,p2,0330,n-zoroark,0143,gholdengo-lunatone
4,649,tie,1559,mega-absol-box,0139,raging-bolt-ogerpon
4,650,p2,0543,slowking-scr,2102,gholdengo-lunatone
4,651,p2,1130,ceruledge-ex,0854,dragapult-dusknoir
4,652,p1,1710,ceruledge-ex,1883,sharpedo-toxtricity
4,653,p1,0180,gholdengo-lunatone,0266,dragapult-dusknoir
4,654,p2,1759,gardevoir-ex-sv,1406,n-zoroark
4,655,p2,0640,gholdengo-lunatone,0023,gholdengo-lunatone
4,656,p2,0972,kangaskhan-bouffalant,0081,gholdengo-lunatone
4,657,p1,0255,alakazam-dudunsparce,0220,gholdengo-joltik-box
4,658,p1,0235,gholdengo-lunatone,0163,tera-box
4,659,p1,1851,kangaskhan-bouffalant,1604,dragapult-dusknoir
4,660,p2,2187,gholdengo-lunatone,0817,charizard-noctowl
4,661,p2,2205,gardevoir-ex-sv,2169,ogerpon-meganium
4,662,tie,1896,dragapult-dusknoir,1608,gardevoir-ex-sv
4,663,p1,0702,lopunny-dusknoir,0341,ceruledge-ex
4,664,p2,0174,gardevoir-jellicent,1163,tera-box
4,665,p2,1637,kangaskhan-bouffalant,1241,joltik-box
4,666,p2,1529,dragapult-dusknoir,1477,gholdengo-lunatone
4,667,p1,2066,dragapult-dusknoir,1294,charizard-noctowl
4,668,p1,0145,greninja-ex,0444,lopunny-dusknoir
4,669,p2,0407,gardevoir-jellicent,2222,dragapult-dusknoir
4,670,p1,1362,charizard-pidgeot,0893,n-zoroark
4,671,p2,1340,seaking-pre,1404,gholdengo-lunatone
4,672,p1,2073,ceruledge-ex,0922,gholdengo-lunatone
4,673,p1,0846,cynthia-garchomp-ex,0378,raging-bolt-ogerpon
4,674,p1,1095,mega-absol-box,1123,gardevoir-jellicent
4,675,tie,0554,gholdengo-lunatone,1058,gholdengo-lunatone
4,676,tie,1783,gardevoir-ex-sv,1569,charizard-noctowl
4,677,p1,1143,gardevoir-ex-sv,2221,lopunny-dusknoir
4,678,p2,0447,charizard-noctowl,1718,ho-oh-armarouge
4,679,p1,1969,charizard-noctowl,1763,other
4,680,p1,1258,tera-box,2148,lopunny-dusknoir
4,681,p2,1995,gholdengo-lunatone,1667,gholdengo-lunatone
4,682,p1,2172,slowking-scr,0602,gholdengo-lunatone
4,683,p1,0243,dragapult-dusknoir,1345,gholdengo-lunatone
4,684,p1,0658,flareon-noctowl,2135,gholdengo-lunatone
4,685,p1,2048,gardevoir-ex-sv,0095,gardevoir-jellicent
4,686,tie,1512,seaking-pre,1601,dragapult-dusknoir
4,687,p2,1343,gholdengo-lunatone,2186,dragapult-dusknoir
4,688,p1,2258,dragapult-dusknoir,1102,gardevoir-jellicent
4,689,tie,1723,dragapult-dusknoir,2091,greninja-ex
4,690,p2,1902,hydrapple-ogerpon,1930,charizard-noctowl
4,691,tie,0885,cynthia-garchomp-ex,0952,gholdengo-lunatone
4,692,tie,1408,gholdengo-lunatone,2037,charizard-noctowl
4,693,tie,0248,cynthia-garchomp-ex,1006,dragapult-dusknoir
4,694,p2,0323,pidgeot-control,0036,joltik-box
4,695,tie,0442,charizard-noctowl,1821,gardevoir-jellicent
4,696,p2,0965,joltik-box,2176,ceruledge-ex
4,697,p1,1818,gardevoir-ex-sv,1326,gholdengo-ex
4,698,p1,0587,gardevoir-jellicent,1712,lucario-hariyama
4,699,p1,0418,dragapult-dusknoir,0575,gholdengo-lunatone
4,700,p1,0767,ceruledge-ex,1923,gholdengo-lunatone
4,701,tie,1392,raging-bolt-ogerpon,1721,dragapult-dusknoir
4,702,tie,0763,gholdengo-lunatone,0432,n-zoroark
4,703,p2,1007,gholdengo-lunatone,1061,rocket-spidops
4,704,p2,1081,dragapult-dusknoir,0630,dragapult-dusknoir
4,705,tie,1020,gholdengo-lunatone,1256,charizard-noctowl
4,706,p2,0573,grimmsnarl-froslass,1933,gardevoir-jellicent
4,707,p1,0978,joltik-box,1277,gholdengo-lunatone
4,708,p1,0998,charizard-noctowl,1282,gardevoir-jellicent
4,709,p1,1742,gholdengo-lunatone,0018,gholdengo-lunatone
4,710,tie,0852,gholdengo-lunatone,0454,flareon-noctowl
4,711,p2,1859,gholdengo-lunatone,2156,raging-bolt-ogerpon
4,712,tie,0929,other,2202,ceruledge-ex
4,713,p2,1735,gholdengo-joltik-box,0058,mega-venusaur-ex
4,714,tie,0795,alakazam-dudunsparce,1351,n-zoroark
4,715,p2,1489,dragapult-dusknoir,1924,n-zoroark
4,716,tie,2185,mega-absol-box,1311,gardevoir-ex-sv
4,717,tie,1303,alakazam-dudunsparce,1191,charizard-pidgeot
4,718,p1,2264,gholdengo-lunatone,0580,toxtricity-pfl
4,719,p2,0716,dragapult-dusknoir,0253,gholdengo-lunatone
4,720,p2,1314,n-zoroark,0052,charizard-noctowl
4,721,p2,0047,gardevoir-jellicent,0268,?roaring-moon
4,722,p2,0214,lucario-hariyama,2042,gardevoir-jellicent
4,723,p1,0700,mega-absol-box,0521,tera-box
4,724,p2,2154,gholdengo-lunatone,0649,dragapult-dusknoir
4,725,p2,0825,gardevoir-ex-sv,0923,charizard-pidgeot
4,726,p2,1891,charizard-noctowl,0537,slowking-scr
4,727,p2,1501,gholdengo-lunatone,1298,raging-bolt-ogerpon
4,728,p2,0218,dragapult-dusknoir,1602,gholdengo-lunatone
4,729,p2,1739,alakazam-dudunsparce,2095,tera-box
4,730,p1,0209,charizard-noctowl,2092,joltik-box
4,731,tie,1086,gholdengo-lunatone,2051,mega-venusaur-ex
4,732,p1,0904,joltik-box,2054,dragapult-dusknoir
4,733,p2,1938,ho-oh-armarouge,1572,gholdengo-lunatone
4,734,p1,1609,charizard-noctowl,0092,gholdengo-lunatone
4,735,tie,0295,festival-lead,1770,gholdengo-lunatone
4,736,p2,1444,gholdengo-lunatone,1309,dragapult-dusknoir
4,737,p2,0677,flareon-noctowl,1458,dragapult-dusknoir
4,738,p1,0896,dragapult-dusknoir,1180,gholdengo-lunatone
4,739,p1,1094,gholdengo-lunatone,0783,mega-latias-ex
4,740,p2,1050,mega-venusaur-ex,1317,mega-venusaur-ex
4,741,p1,1964,dragapult-dusknoir,1417,kangaskhan-bouffalant
4,742,p2,0744,gholdengo-lunatone,1500,gholdengo-lunatone
4,743,p2,1271,dragapult-dusknoir,1713,gholdengo-lunatone
4,744,p1,1578,sharpedo-toxtricity,1803,gholdengo-lunatone
4,745,p2,0274,charizard-pidgeot,1813,n-zoroark
4,746,p2,2050,joltik-box,1041,grimmsnarl-froslass
4,747,p1,1830,gholdengo-lunatone,0332,dragapult-dusknoir
4,748,tie,0988,mega-absol-box,0900,dragapult-charizard
4,749,p1,1550,joltik-box,0670,dragapult-dusknoir
4,750,p1,0753,gholdengo-lunatone,2184,charizard-noctowl
4,751,tie,0723,gholdengo-lunatone,0069,rocket-porygon-z
4,752,p2,0494,gardevoir-ex-sv,0708,charizard-noctowl
4,753,p2,1148,gardevoir-ex-sv,0829,roaring-moon-dudunsparce
4,754,p1,1795,charizard-noctowl,1614,gholdengo-joltik-box
4,755,p1,1974,gardevoir-ex-sv,2067,dragapult-dusknoir
4,756,p2,0986,dragapult-dusknoir,0403,raging-bolt-ogerpon
4,757,p1,0260,joltik-box,0945,mega-lopunny-ex
4,758,tie,1221,mega-venusaur-ex,1788,gholdengo-lunatone
4,759,p2,0259,gholdengo-lunatone,0981,gholdengo-lunatone
4,760,tie,1872,gardevoir-jellicent,1797,ceruledge-ex
4,761,p2,0097,pidgeot-control,0308,joltik-box
4,762,p1,0362,dragapult-dusknoir,1193,dragapult-dusknoir
4,763,p2,0765,gardevoir-ex-sv,0229,gardevoir-jellicent
4,764,p1,1423,gardevoir-jellicent,1547,dragapult-dusknoir
4,765,p1,1265,raging-bolt-ogerpon,2190,dragapult-dusknoir
4,766,tie,0804,archaludon-ex,1375,gardevoir-jellicent
4,767,p2,1533,dragapult-charizard,1833,slaking-ex
4,768,p2,1210,gholdengo-lunatone,0123,gardevoir-jellicent
4,769,tie,1980,grimmsnarl-froslass,1862,gholdengo-lunatone
4,770,p1,1211,gardevoir-ex-sv,0641,dragapult-dusknoir
4,771,p1,0836,gholdengo-lunatone,1089,kangaskhan-bouffalant
4,772,p2,0408,gardevoir-jellicent,1177,charizard-noctowl
4,773,p2,1245,gholdengo-lunatone,0721,gholdengo-lunatone
4,774,tie,2269,gholdengo-lunatone,2228,gardevoir-ex-sv
4,775,p1,0997,ceruledge-ex,1907,gardevoir-jellicent
4,776,p1,2220,raging-bolt-ogerpon,1063,charizard-noctowl
4,777,p1,2244,dragapult-dusknoir,2213,dragapult-dusknoir
4,778,p1,2268,dragapult-dusknoir,1610,dragapult-dusknoir
4,779,tie,0234,gholdengo-lunatone,0990,dragapult-dusknoir
4,780,p1,1236,gholdengo-lunatone,0182,tera-box
4,781,p2,0037,charizard-noctowl,0450,gholdengo-lunatone
4,782,p2,0416,charizard-noctowl,0212,charizard-noctowl
4,783,p1,0920,gholdengo-lunatone,0828,mega-absol-box
4,784,p1,0458,charizard-noctowl,2257,charizard-noctowl
4,785,p2,1836,ceruledge-ex,0064,flareon-noctowl
4,786,p2,1115,lopunny-dusknoir,2065,charizard-noctowl
4,787,tie,1014,joltik-box,0042,mega-absol-box
4,788,p1,0754,gardevoir-ex-sv,1727,joltik-box
4,789,p1,0184,gholdengo-lunatone,1229,gholdengo-lunatone
4,790,p1,1098,charizard-noctowl,0479,mega-absol-box
4,791,p2,0660,gardevoir-jellicent,1136,charizard-noctowl
4,792,p2,1473,joltik-box,1224,gholdengo-lunatone
4,793,p2,0604,gholdengo-lunatone,2218,dragapult-dusknoir
4,794,p2,1410,gholdengo-lunatone,0377,charizard-noctowl
4,795,p2,0761,charizard-noctowl,2234,charizard-pidgeot
4,796,p1,1059,dragapult-dusknoir,0272,dragapult-dusknoir
4,797,p1,1259,gardevoir-jellicent,1748,gholdengo-lunatone
4,798,tie,0891,sharpedo-toxtricity,0016,seaking-pre
4,799,p1,2110,dragapult-dusknoir,0106,gardevoir-ex-sv
4,800,p2,2235,dragapult-dusknoir,0572,gardevoir-ex-sv
4,801,p2,0764,pidgeot-control,2113,gholdengo-lunatone
4,802,p1,2043,gholdengo-lunatone,0964,gholdengo-lunatone
4,803,p2,0273,ceruledge-ex,2181,gholdengo-lunatone
4,804,p1,2057,gholdengo-joltik-box,2139,dragapult-dusknoir
4,805,p1,2214,dragapult-dusknoir,1824,manectric-eelektrik
4,806,p1,1088,greninja-ex,1334,hydreigon-ex
4,807,p1,1887,charizard-noctowl,1697,ceruledge-ex
4,808,p1,0842,gardevoir-jellicent,1794,gardevoir-ex-sv
4,809,tie,0637,gardevoir-ex-sv,0296,gholdengo-lunatone
4,810,p1,0200,charizard-noctowl,0668,gardevoir-ex-sv
4,811,tie,1284,gholdengo-lunatone,1988,n-zoroark
4,812,p2,1412,dragapult-dusknoir,2108,kangaskhan-bouffalant
4,813,p1,0797,gholdengo-lunatone,1302,gholdengo-lunatone
4,814,p1,1431,dragapult-dusknoir,0713,charizard-noctowl
4,815,p1,0746,dragapult-dusknoir,0285,cynthia-garchomp-ex
4,816,p1,0392,blaziken-ex-jtg,2047,dragapult-dusknoir
4,817,p2,1621,gardevoir-jellicent,0646,ceruledge-ex
4,818,p1,1906,gholdengo-lunatone,0778,hydrapple-ogerpon
4,819,p2,0426,dragapult-dusknoir,2132,kangaskhan-bouffalant
4,820,p1,1747,gholdengo-lunatone,2211,other
4,821,p1,1389,charizard-noctowl,0361,gholdengo-lunatone
4,822,p2,1226,joltik-box,1475,charizard-pidgeot
4,823,p2,0834,gholdengo-lunatone,1790,charizard-noctowl
4,824,p1,1433,gholdengo-lunatone,0011,cynthia-garchomp-ex
4,825,p1,0793,dragapult-dusknoir,2180,dragapult-dusknoir
4,826,p2,0305,joltik-box,1625,gholdengo-lunatone
4,827,p2,0030,ceruledge-ex,0887,gardevoir-jellicent
4,828,tie,2075,charizard-noctowl,1536,charizard-noctowl
4,829,tie,0838,lopunny-dusknoir,0207,lucario-hariyama
4,830,p1,1884,gholdengo-lunatone,1700,raging-bolt-ogerpon
4,831,p1,1407,gardevoir-ex-sv,1690,dragapult-dusknoir
4,832,p1,1487,conkeldurr-twm,2021,hydreigon-ex
4,833,tie,2007,charizard-pidgeot,0155,mega-absol-box
4,834,tie,0597,greninja-ex,0474,gholdengo-lunatone
4,835,p1,1422,alakazam-dudunsparce,1478,kangaskhan-bouffalant
4,836,p2,1093,charizard-noctowl,1192,cynthia-garchomp-ex
4,837,p2,0010,tyranitar-jtg,0141,n-zoroark
4,838,p1,1233,charizard-noctowl,2253,gholdengo-lunatone
4,839,p1,0638,raging-bolt-ogerpon,0733,dragapult-dusknoir
4,840,p1,1850,dragapult-dusknoir,1638,gholdengo-lunatone
4,841,p2,1253,gholdengo-lunatone,0321,flareon-noctowl
4,842,p1,1731,grimmsnarl-froslass,0488,n-zoroark
4,843,tie,2030,dragapult-dusknoir,0178,lucario-hariyama
4,844,p1,0860,charizard-noctowl,1490,dragapult-dusknoir
4,845,p1,1373,gholdengo-lunatone,0384,gardevoir-ex-sv
4,846,p1,1446,dragapult-dusknoir,1480,dragapult-dusknoir
4,847,tie,1176,raging-bolt-ogerpon,1702,gardevoir-jellicent
4,848,tie,0768,dragapult-dusknoir,1413,dragapult-dusknoir
4,849,p1,1273,charizard-pidgeot,1140,n-zoroark
4,850,p2,1513,gardevoir-jellicent,1364,dragapult-dusknoir
4,851,tie,0456,gardevoir-ex-sv,2120,other
4,852,p1,1582,alakazam-dudunsparce,2000,charizard-noctowl
4,853,p2,1785,dragapult-dusknoir,0435,gardevoir-jellicent
4,854,p2,1963,gholdengo-lunatone,2033,alakazam-dudunsparce
4,855,tie,1678,flareon-noctowl,1526,kangaskhan-bouffalant
4,856,p2,0989,meowscarada-ex,0849,charizard-noctowl
4,857,p1,1325,charizard-noctowl,2196,gholdengo-lunatone
4,858,p1,2119,gardevoir-jellicent,1620,dragapult-dusknoir
4,859,p2,1409,joltik-box,1033,dragapult-dusknoir
4,860,p1,0405,gardevoir-ex-sv,0897,dragapult-dusknoir
4,861,p2,1466,gholdengo-lunatone,0869,gholdengo-lunatone
4,862,p2,2022,gholdengo-lunatone,0847,ceruledge-ex
4,863,p2,0870,greninja-ex,0568,charizard-noctowl
4,864,tie,1240,n-zoroark,1060,?roaring-moon
4,865,p2,0317,dragapult-dusknoir,1585,charizard-pidgeot
4,866,tie,0895,dragapult-dusknoir,0914,alakazam-dudunsparce
4,867,p2,1246,gholdengo-lunatone,1648,charizard-noctowl
4,868,p2,2140,gholdengo-lunatone,0777,gholdengo-lunatone
4,869,p1,2152,raging-bolt-ogerpon,1834,gholdengo-lunatone
4,870,p2,1624,gholdengo-joltik-box,1222,charizard-pidgeot
4,871,p1,1570,charizard-pidgeot,0618,gholdengo-lunatone
4,872,p2,1904,ceruledge-ex,1765,gholdengo-lunatone
4,873,p1,0055,charizard-noctowl,1066,gardevoir-jellicent
4,874,p1,0605,raging-bolt-ogerpon,0356,slaking-ex
4,875,p1,0369,mega-venusaur-ex,1497,kangaskhan-forretress
4,876,p2,2261,dragapult-dusknoir,0485,gholdengo-lunatone
4,877,p1,1460,charizard-noctowl,0661,tera-box
4,878,p2,1310,flareon-noctowl,0679,lopunny-dusknoir
4,879,p1,1248,gholdengo-lunatone,0680,gholdengo-lunatone
4,880,p1,0453,raging-bolt-ogerpon,1894,gardevoir-ex-sv
4,881,p2,2200,sharpedo-toxtricity,0726,gholdengo-lunatone
4,882,p1,0289,gholdengo-lunatone,0121,cynthia-garchomp-ex
4,883,tie,0776,dragapult-dusknoir,0481,grimmsnarl-froslass
4,884,p2,1982,gardevoir-ex-sv,0434,froslass-munkidori
4,885,p1,1026,greninja-ex,0884,sharpedo-toxtricity
4,886,p1,0477,charizard-noctowl,0706,charizard-ex
4,887,p1,1171,gardevoir-jellicent,0931,charizard-pidgeot
4,888,p1,1023,gholdengo-lunatone,1013,gholdengo-lunatone
4,889,tie,0389,gardevoir-ex-sv,0993,gardevoir-ex-sv
4,890,p1,2093,lopunny-dusknoir,1101,dragapult-dusknoir
4,891,tie,0449,gholdengo-lunatone,0773,hop-zacian
4,892,p2,0251,hydrapple-ogerpon,1929,miraidon-eelektrik
4,893,p2,1374,alakazam-dudunsparce,0144,gardevoir-ex-sv
4,894,tie,2151,alakazam-dudunsparce,0652,gholdengo-lunatone
4,895,p1,1672,iron-hands-magneton,1673,charizard-noctowl
4,896,p2,1537,gholdengo-ex,1453,gholdengo-lunatone
4,897,p1,0807,n-zoroark,0608,flareon-noctowl
4,898,p2,0140,charizard-noctowl,1138,gholdengo-lunatone
4,899,p2,1876,gholdengo-lunatone,1778,gholdengo-lunatone
4,900,p2,1036,greninja-ex,1185,cynthia-garchomp-ex
4,901,p2,1365,gardevoir-ex-sv,1134,n-zoroark
4,902,p2,0601,dragapult-dusknoir,2126,gardevoir-jellicent
4,903,p2,0812,grimmsnarl-froslass,0593,gholdengo-lunatone
4,904,p1,0002,gholdengo-lunatone,1781,greninja-ex
4,905,p1,0197,gholdengo-lunatone,0396,gholdengo-lunatone
4,906,p2,0475,dragapult-dusknoir,0040,alakazam-dudunsparce
4,907,tie,1053,charizard-pidgeot,1456,charizard-noctowl
4,908,p1,0599,dragapult-dusknoir,0950,gholdengo-lunatone
4,909,p2,0796,raging-bolt-ogerpon,1150,dragapult-charizard
4,910,p1,0167,dragapult-dusknoir,2002,gholdengo-lunatone
4,911,p1,2231,mega-absol-box,0172,gholdengo-lunatone
4,912,tie,2232,tera-box,1080,pidgeot-control
4,913,p1,1932,dragapult-dusknoir,0072,gholdengo-lunatone
4,914,p2,2040,kangaskhan-bouffalant,1754,n-zoroark
4,915,p1,0371,ceruledge-ex,0287,gholdengo-lunatone
4,916,p1,1903,gholdengo-lunatone,1630,dragapult-dusknoir
4,917,p2,1037,charizard-pidgeot,1941,gardevoir-jellicent
4,918,p1,1402,gholdengo-lunatone,0590,kangaskhan-bouffalant
4,919,p1,0133,dragapult-dusknoir,1429,miraidon-eelektrik
4,920,p2,0309,gholdengo-lunatone,2039,gholdengo-lunatone
4,921,p2,1972,charizard-noctowl,0264,charizard-noctowl
4,922,p1,0335,charizard-noctowl,2097,mega-absol-box
4,923,p1,1212,charizard-pidgeot,1455,flareon-noctowl
4,924,p1,0270,gardevoir-ex-sv,2064,grimmsnarl-froslass
4,925,p2,1826,gardevoir-ex-sv,1677,gardevoir-ex-sv
4,926,p1,2198,hydrapple-ogerpon,1119,dragapult-charizard
4,927,p2,0738,kangaskhan-bouffalant,1635,lucario-hariyama
4,928,p1,0956,dragapult-charizard,0189,charizard-pidgeot
4,929,p1,2267,grimmsnarl-froslass,2241,hydrapple-ogerpon
4,930,p2,1161,gardevoir-jellicent,1394,gardevoir-ex-sv
4,931,p1,0801,sharpedo-toxtricity,1393,gardevoir-jellicent
4,932,p2,1652,gholdengo-lunatone,0639,gholdengo-lunatone
4,933,p1,0414,gholdengo-lunatone,1584,kangaskhan-bouffalant
4,934,p2,2045,grimmsnarl-froslass,2078,charizard-noctowl
4,935,tie,1031,charizard-pidgeot,0291,mega-absol-box
4,936,p1,0704,grimmsnarl-froslass,2125,cynthia-garchomp-ex
4,937,p2,1305,froslass-munkidori,0380,dragapult-dusknoir
4,938,p2,1300,gardevoir-ex-sv,1379,n-zoroark
4,939,p1,1897,charizard-pidgeot,1701,gholdengo-lunatone
4,940,p2,1541,gholdengo-lunatone,1864,charizard-noctowl
4,941,p1,0800,ceruledge-ex,0061,gholdengo-lunatone
4,942,p2,0799,alakazam-dudunsparce,1966,gholdengo-lunatone
4,943,p2,1694,dragapult-dusknoir,1867,seaking-pre
4,944,p2,0014,ceruledge-ex,0973,dragapult-dusknoir
4,945,p2,1390,gholdengo-lunatone,1133,ursaluna-lunatone
4,946,p1,0006,gholdengo-lunatone,0805,gholdengo-lunatone
4,947,p1,1275,gholdengo-lunatone,1012,gholdengo-lunatone
4,948,p2,0094,gholdengo-lunatone,1078,charizard-pidgeot
4,949,p1,0387,gholdengo-lunatone,0028,dragapult-dusknoir
4,950,p2,1518,dragapult-dusknoir,1827,gardevoir-ex-sv
4,951,tie,2026,dragapult-dusknoir,0113,charizard-noctowl
4,952,p1,1877,dragapult-dusknoir,2182,gholdengo-lunatone
4,953,p2,1337,gholdengo-lunatone,1554,n-zoroark
4,954,p2,2023,gardevoir-ex-sv,1239,gholdengo-lunatone
4,955,p2,0050,mega-absol-box,2247,kangaskhan-bouffalant
4,956,p1,0315,gardevoir-ex-sv,1499,dragapult-dusknoir
4,957,p2,1983,hydreigon-ex,1870,gholdengo-lunatone
4,958,tie,1464,gholdengo-lunatone,1219,kangaskhan-bouffalant
4,959,p1,1998,dragapult-dusknoir,1287,gholdengo-lunatone
4,960,p2,1285,gardevoir-jellicent,2061,charizard-noctowl
4,961,p1,1065,lucario-hariyama,1481,grimmsnarl-froslass
4,962,tie,1962,gholdengo-lunatone,1958,n-zoroark
4,963,p2,0623,gholdengo-lunatone,1153,kangaskhan-bouffalant
4,964,p2,0815,gholdengo-lunatone,0671,gardevoir-ex-sv
4,965,p1,0820,flareon-noctowl,2100,raging-bolt-ogerpon
4,966,p2,0606,dragapult-dusknoir,0843,charizard-noctowl
4,967,p2,1707,alakazam-dudunsparce,0334,dragapult-dusknoir
4,968,p1,0297,gardevoir-ex-sv,1551,dragapult-charizard
4,969,p2,1976,gardevoir-jellicent,1471,alakazam-dudunsparce
4,970,p2,0038,n-zoroark,0682,gholdengo-lunatone
4,971,p2,0422,dragapult-dusknoir,1913,alakazam-dudunsparce
4,972,p2,0984,hydreigon-ex,2158,charizard-noctowl
4,973,p1,1839,flareon-noctowl,0821,other
4,974,p2,2207,alakazam-dudunsparce,1588,hydreigon-ex
4,975,p2,0889,charizard-pidgeot,1774,gholdengo-lunatone
4,976,p2,1603,alakazam-dudunsparce,0430,gholdengo-lunatone
4,977,p2,0907,gardevoir-ex-sv,0244,charizard-pidgeot
4,978,p2,0091,gholdengo-lunatone,0953,n-zoroark
4,979,tie,0871,ceruledge-ex,0628,charizard-pidgeot
4,980,p1,0116,n-zoroark,1607,dragapult-dusknoir
4,981,p1,1503,grimmsnarl-froslass,0325,dragapult-dusknoir
4,982,p1,2175,gardevoir-jellicent,0436,gardevoir-ex-sv
4,983,p2,0734,grimmsnarl-froslass,1997,gholdengo-lunatone
4,984,tie,0363,dragapult-dusknoir,2165,conkeldurr-twm
4,985,p2,0634,charizard-noctowl,0938,gardevoir-ex-sv
4,986,p1,2259,tera-box,1616,charizard-pidgeot
4,987,p1,0635,ethan-typhlosion,1959,dragapult-dusknoir
4,988,p2,1510,charizard-noctowl,0676,dragapult-dusknoir
4,989,p2,1194,wugtrio-svi,1984,hydrapple-ogerpon
4,990,tie,1656,gholdengo-lunatone,1459,dragapult-dusknoir
4,991,tie,1916,dragapult-dusknoir,0730,n-zoroark
4,992,p2,1054,gholdengo-lunatone,0301,charizard-noctowl
4,993,p1,0299,gholdengo-lunatone,1879,charizard-noctowl
4,994,p2,1196,lopunny-dusknoir,0327,charizard-noctowl
4,995,p1,2146,lucario-hariyama,1261,sharpedo-toxtricity
4,996,p1,1683,flareon-noctowl,1757,other
4,997,p2,0347,gholdengo-joltik-box,0497,gardevoir-jellicent
4,998,p1,1640,charizard-noctowl,0056,raging-bolt-ogerpon
4,999,p2,1292,dragapult-dusknoir,0358,ho-oh-armarouge
4,1000,p1,1428,gholdengo-lunatone,1676,lopunny-dusknoir
4,1001,p1,1809,dragapult-dusknoir,1946,dragapult-dusknoir
4,1002,p1,1336,alakazam-dudunsparce,1555,wugtrio-svi
4,1003,p1,1029,dragapult-dusknoir,0598,sharpedo-toxtricity
4,1004,p2,0103,gardevoir-jellicent,0659,gholdengo-lunatone
4,1005,p2,0878,dragapult-dusknoir,1440,gholdengo-lunatone
4,1006,p1,1696,raging-bolt-ogerpon,1899,raging-bolt-ogerpon
4,1007,p2,1204,raging-bolt-ogerpon,0816,charizard-noctowl
4,1008,p1,2174,charizard-noctowl,2238,gholdengo-lunatone
4,1009,p1,2191,greninja-ex,1655,conkeldurr-twm
4,1010,p1,0939,charizard-noctowl,0888,lopunny-dusknoir
4,1011,p1,1744,gholdengo-joltik-box,1047,gardevoir-jellicent
4,1012,p1,1084,gholdengo-lunatone,2265,mega-absol-box
4,1013,p2,2123,gholdengo-lunatone,0044,gardevoir-ex-sv
4,1014,p1,0867,gholdengo-lunatone,0513,gardevoir-jellicent
4,1015,p1,2161,gholdengo-lunatone,1967,gholdengo-lunatone
4,1016,p2,0715,dragapult-dusknoir,1315,gholdengo-lunatone
4,1017,p1,1149,charizard-pidgeot,1108,cynthia-garchomp-ex
4,1018,tie,1912,gholdengo-lunatone,2121,ceruledge-ex
4,1019,p1,0221,other,0515,gardevoir-jellicent
4,1020,tie,2223,other,1269,flareon-noctowl
4,1021,p1,0962,alakazam-dudunsparce,1218,charizard-pidgeot
4,1022,p2,0737,lopunny-dusknoir,2224,ursaluna-lunatone
4,1023,p1,1779,ursaluna-lunatone,1016,conkeldurr-twm
4,1024,p1,1952,ursaluna-lunatone,0589,dragapult-dusknoir
4,1025,p1,1524,charizard-pidgeot,1104,gholdengo-lunatone
4,1026,p2,1146,dragapult-charizard,0314,charizard-pidgeot
4,1027,p1,2077,charizard-pidgeot,0425,gardevoir-ex-sv
4,1028,p1,0975,dragapult-dusknoir,1117,charizard-pidgeot
4,1029,p1,0340,dragapult-dusknoir,1886,charizard-pidgeot
4,1030,p2,0691,gholdengo-lunatone,0927,dragapult-dusknoir
4,1031,p2,1391,?roaring-moon,1970,flareon-noctowl
4,1032,p2,0693,gholdengo-lunatone,0794,gholdengo-lunatone
4,1033,p1,0118,cynthia-garchomp-ex,0507,ethan-typhlosion
4,1034,p2,0226,charizard-ex,0236,dragapult-dusknoir
4,1035,p1,0555,gardevoir-jellicent,0664,gardevoir-jellicent
4,1036,p2,0196,gholdengo-lunatone,0814,lopunny-dusknoir
4,1037,p2,0850,lucario-hariyama,1619,kangaskhan-bouffalant
4,1038,p2,0204,gholdengo-lunatone,0916,dragapult-dusknoir
4,1039,p2,2004,mega-venusaur-ex,1979,charizard-pidgeot
4,1040,p2,0741,charizard-ex,1382,dragapult-dusknoir
4,1041,p1,1686,raging-bolt-ogerpon,0987,flareon-ex
4,1042,p1,1447,archaludon-ex,0086,gardevoir-jellicent
4,1043,tie,2115,ceruledge-ex,1573,charizard-noctowl
4,1044,tie,0191,gardevoir-jellicent,2137,gardevoir-jellicent
4,1045,p2,0025,charizard-noctowl,2167,charizard-noctowl
4,1046,p2,1650,lucario-hariyama,0830,gardevoir-ex-sv
4,1047,p1,2256,dragapult-charizard,1709,dragapult-dusknoir
4,1048,p1,1600,ceruledge-ex,0148,gholdengo-ex
4,1049,p1,0227,dragapult-dusknoir,2112,dragapult-dusknoir
4,1050,p1,2027,kangaskhan-bouffalant,1131,tsareena-ex
4,1051,p2,0545,charizard-noctowl,0684,alakazam-dudunsparce
4,1052,p1,0349,gardevoir-ex-sv,1206,mega-venusaur-ex
4,1053,p2,1786,alakazam-dudunsparce,0791,dragapult-dusknoir
4,1054,tie,2216,lopunny-dusknoir,0262,gardevoir-jellicent
4,1055,p1,1750,gholdengo-dudunsparce,1280,charizard-noctowl
4,1056,p1,0216,lopunny-dusknoir,1141,gardevoir-ex-sv
4,1057,p2,0772,n-zoroark,2204,gholdengo-lunatone
4,1058,p1,1359,alakazam-dudunsparce,0502,charizard-pidgeot
4,1059,p2,0324,charizard-pidgeot,1367,dragapult-dusknoir
4,1060,p1,0644,gholdengo-lunatone,1085,dragapult-dusknoir
4,1061,p2,2130,n-zoroark,0304,dragapult-dusknoir
4,1062,p1,0130,joltik-box,0471,gardevoir-jellicent
4,1063,p1,1167,marnie-grimmsnarl-ex,0780,kangaskhan-bouffalant
4,1064,p1,1613,gardevoir-jellicent,1342,charizard-noctowl
4,1065,p1,0883,mega-abomasnow-ex,0041,ceruledge-ex
4,1066,p2,1349,alakazam-dudunsparce,0065,charizard-noctowl
4,1067,p1,0749,charizard-noctowl,1596,flareon-noctowl
4,1068,p2,1935,dragapult-dusknoir,0282,gholdengo-lunatone
4,1069,p2,1483,hydreigon-ex,1328,gholdengo-lunatone
4,1070,p2,1492,alakazam-dudunsparce,0561,gardevoir-jellicent
4,1071,p2,1468,gholdengo-lunatone,1605,kangaskhan-bouffalant
4,1072,p2,1308,ethan-typhlosion,1237,slowking-scr
4,1073,tie,0402,n-zoroark,0840,?roaring-moon
4,1074,p1,0210,lucario-hariyama,0150,other
4,1075,p2,1643,lopunny-dusknoir,0687,n-zoroark
4,1076,p1,1768,gholdengo-lunatone,1792,gardevoir-jellicent
4,1077,p1,1250,gholdengo-lunatone,1260,mega-absol-box
4,1078,p2,0528,dragapult-dusknoir,0666,lopunny-dusknoir
4,1079,p1,1802,flareon-noctowl,0960,kangaskhan-bouffalant
4,1080,p1,1386,alakazam-dudunsparce,1522,pidgeot-control
4,1081,p2,1347,charizard-noctowl,1040,gardevoir-jellicent
4,1082,p1,0346,ceruledge-ex,1762,mega-abomasnow-ex
5,1,tie,1301,greninja-ex,1266,ceruledge-ex
5,2,p2,0246,gholdengo-lunatone,1507,gholdengo-lunatone
5,3,p2,1806,grimmsnarl-froslass,1842,tera-box
5,4,p1,1502,charizard-noctowl,1527,gardevoir-ex-sv
5,5,p2,1521,charizard-noctowl,1049,gardevoir-ex-sv
5,6,p1,0841,dragapult-dusknoir,2109,dragapult-dusknoir
5,7,p2,0516,n-zoroark,0168,charizard-noctowl
5,8,p1,0966,gardevoir-jellicent,0420,gholdengo-lunatone
5,9,p1,0500,mega-absol-box,0208,gholdengo-lunatone
5,10,p1,1175,dragapult-dusknoir,0642,gholdengo-lunatone
5,11,p1,0779,gholdengo-lunatone,1062,charizard-noctowl
5,12,tie,0935,gardevoir-ex-sv,2074,gardevoir-ex-sv
5,13,p2,1370,gholdengo-lunatone,0675,charizard-noctowl
5,14,tie,0654,charizard-pidgeot,0786,gardevoir-ex-sv
5,15,tie,1917,gardevoir-ex-sv,0431,dragapult-dusknoir
5,16,p2,1035,gholdengo-lunatone,0958,dragapult-dusknoir
5,17,p1,1729,gardevoir-ex-sv,2141,gardevoir-jellicent
5,18,p1,0868,gardevoir-jellicent,0591,gholdengo-lunatone
5,19,p1,0413,gardevoir-ex-sv,2233,gardevoir-jellicent
5,20,p1,1472,gholdengo-lunatone,0290,gholdengo-lunatone
5,21,p2,1232,dragapult-dusknoir,1263,gholdengo-lunatone
5,22,tie,1321,ceruledge-ex,2173,mega-absol-box
5,23,p1,0999,gardevoir-ex-sv,1247,charizard-pidgeot
5,24,p2,2103,raging-bolt-ogerpon,1338,charizard-pidgeot
5,25,p2,0848,dragapult-dusknoir,1307,mega-absol-box
5,26,p2,0692,alakazam-dudunsparce,1395,dragapult-dusknoir
5,27,tie,2111,mega-absol-box,0201,charizard-noctowl
5,28,p1,1357,gardevoir-jellicent,1482,gholdengo-lunatone
5,29,p1,0784,dragapult-dusknoir,0437,gholdengo-lunatone
5,30,p1,1076,raging-bolt-ogerpon,1525,gholdengo-lunatone
5,31,tie,2149,mega-absol-box,1807,gardevoir-ex-sv
5,32,p2,0399,gardevoir-ex-sv,1801,dragapult-dusknoir
5,33,p1,0703,flareon-noctowl,0401,gholdengo-lunatone
5,34,p2,1114,dragapult-charizard,0757,n-zoroark
5,35,p2,0648,gardevoir-jellicent,1042,gholdengo-lunatone
5,36,p1,0766,charizard-noctowl,2136,joltik-box
5,37,p1,1015,charizard-noctowl,0441,iron-hands-magneton
5,38,p1,1740,gholdengo-lunatone,1443,grimmsnarl-froslass
5,39,p2,2210,gholdengo-lunatone,2071,gardevoir-ex-sv
5,40,tie,1297,gardevoir-jellicent,0263,dragapult-dusknoir
5,41,tie,1372,dragapult-dusknoir,2106,charizard-noctowl
5,42,p1,0669,gardevoir-jellicent,1403,charizard-noctowl
5,43,p2,1817,ceruledge-ex,0487,dragapult-dusknoir
5,44,p1,0547,dragapult-dusknoir,1746,gardevoir-jellicent
5,45,p1,1125,gardevoir-jellicent,0439,gholdengo-lunatone
5,46,p2,0366,charizard-noctowl,1960,crustle-dri
5,47,p2,0651,n-zoroark,0523,gardevoir-ex-sv
5,48,p2,1463,n-zoroark,1068,dragapult-dusknoir
5,49,p2,0035,gholdengo-lunatone,1025,gardevoir-jellicent
5,50,p2,1931,n-zoroark,1470,n-zoroark
5,51,p1,0798,alakazam-dudunsparce,0093,n-zoroark
5,52,tie,0788,dragapult-charizard,0873,charizard-pidgeot
5,53,p1,1594,gardevoir-jellicent,0381,dragapult-dusknoir
5,54,p1,1816,ursaluna-lunatone,1491,gholdengo-lunatone
5,55,p1,0031,dragapult-charizard,2159,conkeldurr-twm
5,56,p1,1027,dragapult-dusknoir,0991,charizard-pidgeot
5,57,p1,1657,gholdengo-lunatone,1043,dragapult-dusknoir
5,58,p2,0557,gholdengo-joltik-box,2166,grimmsnarl-froslass
5,59,tie,2114,gholdengo-lunatone,1773,gardevoir-jellicent
5,60,p1,1072,raging-bolt-ogerpon,1975,grimmsnarl-froslass
5,61,p1,1945,dragapult-dusknoir,1244,kangaskhan-bouffalant
5,62,p2,1107,gardevoir-jellicent,1286,dragapult-dusknoir
5,63,p1,1421,grimmsnarl-froslass,1202,gholdengo-lunatone
5,64,p1,1216,gardevoir-ex-sv,1288,gholdengo-lunatone
5,65,p1,1951,charizard-noctowl,0083,reging-bolt-bellibolt
5,66,tie,0176,gholdengo-lunatone,0284,gholdengo-lunatone
5,67,p2,0480,gardevoir-ex-sv,1950,gardevoir-ex-sv
5,68,p2,1018,mega-absol-box,0624,n-zoroark
5,69,p2,1653,dragapult-dusknoir,1452,charizard-pidgeot
5,70,p1,1565,alakazam-dudunsparce,1296,grimmsnarl-froslass
5,71,p1,1270,gardevoir-jellicent,0508,festival-lead
5,72,p2,0540,kangaskhan-bouffalant,0656,mega-absol-box
5,73,p2,0903,charizard-noctowl,0427,charizard-noctowl
5,74,p1,0004,dragapult-dusknoir,1996,joltik-box
5,75,p1,1333,dragapult-dusknoir,1922,gholdengo-lunatone
5,76,p1,2098,gardevoir-ex-sv,1201,gholdengo-lunatone
5,77,p2,1973,charizard-noctowl,0054,gardevoir-ex-sv
5,78,p1,0694,iron-thorns-crustle,1663,kangaskhan-bouffalant
5,79,p1,2193,dragapult-dusknoir,0759,grimmsnarl-froslass
5,80,p1,1597,mega-absol-box,0596,dragapult-dusknoir
5,81,p1,1484,mega-absol-box,0959,gardevoir-jellicent
5,82,tie,1112,dragapult-dusknoir,0827,gholdengo-lunatone
5,83,p1,0022,pidgeot-control,2251,raging-bolt-ogerpon
5,84,p2,1719,n-zoroark,0279,pidgeot-control
5,85,tie,1385,alakazam-dudunsparce,0193,n-zoroark
5,86,p2,0316,gardevoir-jellicent,0724,gardevoir-ex-sv
5,87,p2,0024,gardevoir-ex-sv,0404,gholdengo-lunatone
5,88,p1,0711,n-zoroark,0912,gholdengo-lunatone
5,89,p1,0455,gholdengo-joltik-box,0865,chien-pao-baxcalibur
5,90,tie,2090,gardevoir-ex-sv,0899,gardevoir-ex-sv
5,91,p2,0333,charizard-noctowl,1179,charizard-noctowl
5,92,p2,2049,gardevoir-ex-sv,0690,charizard-noctowl
5,93,p2,0181,mega-absol-box,1135,charizard-noctowl
5,94,p2,0339,charizard-pidgeot,1090,dragapult-dusknoir
5,95,p1,0880,gardevoir-jellicent,2055,gardevoir-ex-sv
5,96,p1,1944,charizard-pidgeot,0374,ceruledge-ex
5,97,p2,0722,charizard-pidgeot,1225,pidgeot-control
5,98,p2,1528,dragapult-dusknoir,1432,gardevoir-ex-sv
5,99,p2,0355,miraidon-eelektrik,1563,gholdengo-lunatone
5,100,p2,0941,gardevoir-jellicent,1956,dragapult-dusknoir
5,101,p2,0579,gholdengo-lunatone,0483,raging-bolt-ogerpon
5,102,p2,0231,n-zoroark,2226,dragapult-dusknoir
5,103,tie,1235,n-zoroark,0104,gholdengo-lunatone
5,104,tie,0934,gholdengo-lunatone,0161,dragapult-dusknoir
5,105,p1,2134,gholdengo-lunatone,0727,gardevoir-ex-sv
5,106,tie,0627,gardevoir-ex-sv,0720,tera-box
5,107,p2,0831,greninja-ex,0486,gholdengo-lunatone
5,108,p2,1045,cynthia-garchomp-ex,1106,gholdengo-lunatone
5,109,p2,0066,gholdengo-lunatone,1881,gholdengo-lunatone
5,110,p2,0109,gholdengo-lunatone,1377,gholdengo-lunatone
5,111,p1,2087,gholdengo-lunatone,0902,gholdengo-lunatone
5,112,p1,1142,gholdengo-lunatone,2217,iron-hands-magneton
5,113,p2,0120,n-zoroark,0415,joltik-box
5,114,p1,0493,raging-bolt-ogerpon,1574,kangaskhan-bouffalant
5,115,p1,1741,alakazam-dudunsparce,0127,gholdengo-lunatone
5,116,p1,0033,gardevoir-ex-sv,2240,gholdengo-lunatone
5,117,p2,1918,ceruledge-ex,1530,grimmsnarl-froslass
5,118,p1,0662,gholdengo-lunatone,0980,kangaskhan-bouffalant
5,119,p2,0166,gardevoir-ex-sv,1892,gholdengo-lunatone
5,120,p1,2249,alakazam-dudunsparce,0632,dragapult-dusknoir
5,121,p1,1639,dragapult-dusknoir,1728,joltik-box
5,122,tie,0951,charizard-pidgeot,0395,charizard-pidgeot
5,123,p2,1077,dragapult-dusknoir,1426,gardevoir-ex-sv
5,124,p2,0070,dragapult-dusknoir,0215,raging-bolt-ogerpon
5,125,p2,1684,n-zoroark,0202,charizard-pidgeot
5,126,p2,0319,n-zoroark,1291,gholdengo-lunatone
5,127,tie,0782,kangaskhan-bouffalant,0919,dragapult-dusknoir
5,128,tie,0132,n-zoroark,1628,dragapult-dusknoir
5,129,p2,1293,gholdengo-lunatone,1414,ceruledge-ex
5,130,p1,1197,dragapult-dusknoir,0443,gholdengo-lunatone
5,131,tie,0015,gardevoir-ex-sv,1022,gardevoir-ex-sv
5,132,p2,1034,dragapult-dusknoir,0879,gardevoir-ex-sv
5,133,p2,1885,gholdengo-lunatone,0411,flareon-noctowl
5,134,tie,1316,gholdengo-lunatone,1847,gardevoir-ex-sv
5,135,p2,1822,gardevoir-ex-sv,1457,gholdengo-lunatone
5,136,p2,0406,n-zoroark,1705,raging-bolt-ogerpon
5,137,p2,1564,greninja-ex,0518,gardevoir-ex-sv
5,138,p2,0318,gardevoir-jellicent,1356,n-zoroark
5,139,p1,1249,dragapult-dusknoir,1669,gholdengo-lunatone
5,140,p1,1401,dragapult-dusknoir,0892,lopunny-dusknoir
5,141,p2,0433,?,1172,gardevoir-ex-sv
5,142,p2,0770,lucario-hariyama,0078,gholdengo-lunatone
5,143,tie,0043,charizard-pidgeot,1644,gholdengo-lunatone
5,144,p2,1981,gardevoir-jellicent,0803,gardevoir-ex-sv
5,145,p2,1900,charizard-noctowl,2162,slowking-scr
5,146,p1,1074,charizard-pidgeot,1515,gholdengo-lunatone
5,147,p1,1689,gholdengo-lunatone,2034,flareon-noctowl
5,148,p2,1685,joltik-box,2024,gholdengo-lunatone
5,149,p1,2189,gardevoir-jellicent,0775,charizard-noctowl
5,150,tie,2255,charizard-noctowl,1647,kangaskhan-bouffalant
5,151,p1,0501,gardevoir-ex-sv,1178,gardevoir-ex-sv
5,152,p2,0937,marnie-grimmsnarl-ex,0510,dragapult-dusknoir
5,153,p2,1228,gardevoir-ex-sv,1465,flareon-noctowl
5,154,p2,1769,dragapult-charizard,0894,kangaskhan-bouffalant
5,155,p1,0224,gholdengo-lunatone,0756,ceruledge-ex
5,156,p1,0861,gholdengo-lunatone,0117,dragapult-dusknoir
5,157,p2,0292,greninja-ex,0228,gholdengo-lunatone
5,158,p2,2199,gholdengo-lunatone,0198,lopunny-dusknoir
5,159,p1,1562,mega-absol-box,2144,dragapult-dusknoir
5,160,p1,0948,dragapult-charizard,2242,charizard-noctowl
5,161,p2,1019,gholdengo-lunatone,2044,charizard-noctowl
5,162,p2,0211,gardevoir-jellicent,0312,dragapult-dusknoir
5,163,tie,0473,gholdengo-lunatone,0898,alakazam-dudunsparce
5,164,tie,2178,n-zoroark,1556,mega-absol-box
5,165,p1,1467,gholdengo-lunatone,1070,dragapult-dusknoir
5,166,tie,1437,charizard-noctowl,0194,gholdengo-lunatone
5,167,tie,0328,gardevoir-jellicent,0230,gholdengo-lunatone
5,168,tie,0100,ceruledge-ex,1832,gholdengo-lunatone
5,169,p2,2041,gardevoir-jellicent,0940,gardevoir-jellicent
5,170,tie,1252,lopunny-dusknoir,1711,dragapult-dusknoir
5,171,p2,0968,dragapult-dusknoir,1575,dragapult-dusknoir
5,172,p2,0063,n-zoroark,1048,charizard-noctowl
5,173,p1,0233,raging-bolt-ogerpon,1024,grimmsnarl-froslass
5,174,p1,0242,mega-lopunny-ex,1871,gholdengo-lunatone
5,175,p1,0350,charizard-noctowl,1761,n-zoroark
5,176,p1,0057,charizard-noctowl,1592,greninja-ex
5,177,p2,1782,tera-box,1646,charizard-noctowl
5,178,tie,2188,charizard-noctowl,1139,charizard-noctowl
5,179,p2,1155,gardevoir-jellicent,1875,dragapult-dusknoir
5,180,p2,1642,joltik-box,1434,charizard-pidgeot
5,181,p2,0322,kangaskhan-bouffalant,0673,dragapult-dusknoir
5,182,p2,1313,n-zoroark,1493,charizard-noctowl
5,183,p2,0466,charizard-noctowl,0457,mega-absol-box
5,184,p2,1324,gardevoir-ex-sv,0135,dragapult-dusknoir
5,185,tie,1993,gardevoir-ex-sv,1893,charizard-noctowl
5,186,p1,1796,charizard-noctowl,0994,gardevoir-jellicent
5,187,p2,0213,charizard-noctowl,1290,dragapult-dusknoir
5,188,p1,0698,dragapult-dusknoir,1105,n-zoroark
5,189,p1,1925,gholdengo-lunatone,1720,n-zoroark
5,190,p2,0020,gholdengo-lunatone,2263,gardevoir-ex-sv
5,191,p2,1004,gholdengo-lunatone,0731,n-zoroark
5,192,p2,1495,seaking-pre,0743,gardevoir-ex-sv
5,193,p2,1183,kangaskhan-bouffalant,0281,gholdengo-lunatone
5,194,p2,1926,n-zoroark,1784,dragapult-dusknoir
5,195,p1,2246,gholdengo-joltik-box,1220,charizard-noctowl
5,196,p2,1861,dragapult-dusknoir,1787,grimmsnarl-froslass
5,197,p2,1331,gholdengo-lunatone,1612,gholdengo-lunatone
5,198,p1,0832,gardevoir-jellicent,1506,charizard-noctowl
5,199,p2,0924,gardevoir-jellicent,0129,gholdengo-lunatone
5,200,tie,2236,dragapult-dusknoir,1355,charizard-noctowl
5,201,p2,0853,gholdengo-lunatone,0258,dragapult-dusknoir
5,202,p1,1717,charizard-noctowl,1675,gholdengo-lunatone
5,203,p2,1898,charizard-noctowl,1160,gholdengo-lunatone
5,204,tie,1957,charizard-noctowl,1587,charizard-noctowl
5,205,p2,0183,gardevoir-ex-sv,1989,gholdengo-lunatone
5,206,tie,0859,gholdengo-lunatone,1109,other
5,207,p1,2195,gardevoir-ex-sv,0383,charizard-noctowl
5,208,tie,0588,charizard-noctowl,1511,conkeldurr-twm
5,209,p1,0581,dragapult-dusknoir,0645,dragapult-dusknoir
5,210,p2,1069,mega-absol-box,0905,gholdengo-lunatone
5,211,p1,0577,n-zoroark,1910,gardevoir-jellicent
5,212,p2,0732,flareon-noctowl,1865,charizard-noctowl
5,213,p2,1110,charizard-noctowl,1943,dragapult-charizard
5,214,p1,0342,charizard-dragapult,1030,charizard-noctowl
5,215,p1,1450,alakazam-dudunsparce,1843,alakazam-dudunsparce
5,216,tie,0045,gholdengo-lunatone,1682,gholdengo-typhlosion
5,217,p2,1439,n-zoroark,0080,dragapult-charizard
5,218,p2,1448,tera-box,0653,gardevoir-jellicent
5,219,p1,0307,charizard-noctowl,0586,gholdengo-lunatone
5,220,p2,2020,charizard-pidgeot,0750,gardevoir-ex-sv
5,221,p1,1599,gardevoir-jellicent,0373,gholdengo-lunatone
5,222,p1,0294,gholdengo-lunatone,0745,dragapult-dusknoir
5,223,p2,0446,rocket-mewtwo-ex,1294,charizard-noctowl
5,224,p2,0459,festival-lead,1841,gardevoir-ex-sv
5,225,p2,1586,charizard-noctowl,0490,dragapult-dusknoir
5,226,p1,1595,gholdengo-lunatone,2053,gardevoir-jellicent
5,227,p2,0247,dragapult-dusknoir,0890,charizard-pidgeot
5,228,p2,2008,charizard-noctowl,1170,gardevoir-ex-sv
5,229,tie,0345,alakazam-dudunsparce,1485,dragapult-dusknoir
5,230,p2,1097,charizard-noctowl,0594,gholdengo-lunatone
5,231,p2,2250,dragapult-dusknoir,0073,dragapult-dusknoir
5,232,p2,2017,gholdengo-lunatone,0293,charizard-noctowl
5,233,p1,1961,charizard-noctowl,1615,palafin-ex
5,234,tie,0476,dragapult-dusknoir,2014,gardevoir-jellicent
5,235,p2,0111,dragapult-charizard,1519,charizard-noctowl
5,236,p1,0469,gardevoir-jellicent,0008,dragapult-dusknoir
5,237,p2,0514,n-zoroark,0674,gardevoir-jellicent
5,238,p1,0005,gholdengo-lunatone,2124,charizard-noctowl
5,239,p2,0961,dragapult-dusknoir,1992,grimmsnarl-froslass
5,240,p1,1699,gholdengo-lunatone,1736,gholdengo-lunatone
5,241,tie,1354,charizard-noctowl,0351,gardevoir-jellicent
5,242,p2,1384,charizard-noctowl,1664,gholdengo-lunatone
5,243,p2,0971,gholdengo-lunatone,1837,gardevoir-jellicent
5,244,p2,1189,mega-absol-box,0811,gholdengo-lunatone
5,245,p1,1330,charizard-noctowl,0424,charizard-pidgeot
5,246,p2,1416,dragapult-dusknoir,2013,grimmsnarl-froslass
5,247,p2,0695,gardevoir-ex-sv,1901,charizard-noctowl
5,248,p2,1509,gholdengo-lunatone,1704,charizard-noctowl
5,249,tie,1243,n-zoroark,0423,gholdengo-lunatone
5,250,tie,1772,charizard-pidgeot,1854,gardevoir-ex-sv
5,251,p2,2157,dragapult-dusknoir,2016,charizard-pidgeot
5,252,p2,0169,grimmsnarl-froslass,0076,gholdengo-lunatone
5,253,tie,0160,n-zoroark,1618,charizard-noctowl
5,254,p1,0983,gholdengo-lunatone,0707,alakazam-dudunsparce
5,255,tie,1851,kangaskhan-bouffalant,0153,gholdengo-lunatone
5,256,p1,1368,flareon-noctowl,1949,ceruledge-ex
5,257,p2,2059,sharpedo-toxtricity,0173,charizard-pidgeot
5,258,p1,1539,joltik-box,1486,charizard-pidgeot
5,259,p2,2169,ogerpon-meganium,1733,charizard-noctowl
5,260,p1,0261,gholdengo-lunatone,1889,dragapult-charizard
5,261,p1,1217,gholdengo-lunatone,0238,dragapult-dusknoir
5,262,p2,2142,gholdengo-lunatone,1977,charizard-noctowl
5,263,p1,1542,dragapult-dusknoir,0665,dragapult-dusknoir
5,264,p1,2177,gholdengo-lunatone,0311,n-zoroark
5,265,p2,1693,tera-box,2143,ceruledge-ex
5,266,p1,1276,mega-absol-box,0203,charizard-dragapult
5,267,p2,1011,gardevoir-ex-sv,1082,charizard-noctowl
5,268,p2,0809,gardevoir-jellicent,0081,gholdengo-lunatone
5,270,tie,1633,dragapult-dusknoir,1145,palafin-ex
5,271,p2,0539,gholdengo-lunatone,0761,charizard-noctowl
5,272,tie,0541,gardevoir-jellicent,0808,ceruledge-ex
5,273,p1,0544,kangaskhan-bouffalant,0584,gardevoir-jellicent
5,274,p2,2033,alakazam-dudunsparce,0546,dragapult-charizard
5,275,p2,0548,charizard-pidgeot,0871,ceruledge-ex
5,276,p2,0197,gholdengo-lunatone,0550,lopunny-dusknoir
5,277,p2,0943,gholdengo-lunatone,0552,alakazam-dudunsparce
5,278,p2,1797,ceruledge-ex,0553,gholdengo-lunatone
5,279,p2,0068,gardevoir-ex-sv,0556,dragapult-dusknoir
5,280,p1,0558,flareon-noctowl,0824,dragapult-dusknoir
5,281,p2,1884,gholdengo-lunatone,0559,conkeldurr-twm
5,282,p1,0562,gholdengo-lunatone,0082,charizard-pidgeot
5,283,p2,0563,charizard-noctowl,0012,flareon-noctowl
5,284,p1,0565,charizard-noctowl,0196,gholdengo-lunatone
5,285,p1,0344,grimmsnarl-froslass,0636,gardevoir-jellicent
5,286,p2,0542,charizard-noctowl,1378,lopunny-dusknoir
5,287,p2,0409,slowking-scr,2230,n-zoroark
5,288,p1,0343,lopunny-dusknoir,2089,charizard-pidgeot
5,289,p1,1752,kangaskhan-bouffalant,2127,kangaskhan-bouffalant
5,290,p2,0478,gardevoir-ex-sv,2029,gholdengo-lunatone
5,291,p2,1840,charizard-noctowl,0505,dragapult-dusknoir
5,292,p2,2018,gholdengo-lunatone,2063,dragapult-dusknoir
5,293,p2,2116,charizard-noctowl,0626,n-zoroark
5,294,p1,0828,mega-absol-box,0074,flareon-noctowl
5,295,tie,2262,gardevoir-ex-sv,2009,raging-bolt-ogerpon
5,296,p2,0817,charizard-noctowl,1137,grimmsnarl-froslass
5,297,p2,1046,gardevoir-ex-sv,1214,gardevoir-jellicent
5,298,p1,2036,charizard-noctowl,0969,gholdengo-lunatone
5,299,p1,0265,charizard-pidgeot,0762,dragapult-charizard
5,300,tie,0633,dragapult-dusknoir,0388,gardevoir-jellicent
5,301,tie,1462,charizard-pidgeot,1659,gardevoir-ex-sv
5,302,p2,0438,alakazam-dudunsparce,0320,gholdengo-lunatone
5,303,p2,1934,charizard-noctowl,2001,gholdengo-lunatone
5,304,p1,0527,gholdengo-lunatone,0142,gholdengo-lunatone
5,305,p2,1868,kangaskhan-bouffalant,0379,dragapult-dusknoir
5,306,tie,0180,gholdengo-lunatone,1764,dragapult-dusknoir
5,307,p2,1128,dragapult-dusknoir,1878,gholdengo-lunatone
5,308,p2,1716,raging-bolt-ogerpon,0643,gholdengo-lunatone
5,309,p2,0090,mega-absol-box,2206,seaking-pre
5,310,p2,1442,gholdengo-lunatone,1776,dragapult-dusknoir
5,311,p1,1279,mega-absol-box,0225,dragapult-dusknoir
5,312,p1,1195,n-zoroark,0310,gholdengo-lunatone
5,313,p1,1580,dragapult-dusknoir,0595,lopunny-dusknoir
5,314,p2,0866,gardevoir-jellicent,1406,n-zoroark
5,315,p2,0239,charizard-noctowl,0886,n-zoroark
5,316,p1,1710,ceruledge-ex,1880,gholdengo-lunatone
5,317,p2,0928,mega-absol-box,2245,gholdengo-lunatone
5,318,p2,0531,gholdengo-lunatone,1936,gardevoir-ex-sv
5,319,p2,1121,kangaskhan-bouffalant,1474,charizard-pidgeot
5,320,tie,0468,gardevoir-ex-sv,1835,gholdengo-lunatone
5,321,p1,0096,dragapult-dusknoir,1360,gholdengo-lunatone
5,322,p1,0522,charizard-noctowl,2229,gholdengo-lunatone
5,323,p1,0785,n-zoroark,0235,gholdengo-lunatone
5,324,p2,1908,gholdengo-lunatone,1353,gardevoir-ex-sv
5,325,p1,1828,n-zoroark,0007,gholdengo-lunatone
5,326,tie,1514,gholdengo-lunatone,1268,gardevoir-ex-sv
5,327,p1,1346,charizard-noctowl,0729,gholdengo-lunatone
5,328,p2,2260,gardevoir-ex-sv,1312,charizard-noctowl
5,329,tie,0029,charizard-pidgeot,2155,gholdengo-lunatone
5,330,p2,1726,dragapult-dusknoir,0819,gholdengo-lunatone
5,331,p2,0254,gardevoir-ex-sv,0187,gardevoir-ex-sv
5,332,p1,1708,gardevoir-jellicent,1810,raging-bolt-ogerpon
5,333,p1,0348,ethan-typhlosion,0802,dragapult-dusknoir
5,334,p2,0949,gholdengo-lunatone,0034,n-zoroark
5,335,p2,0901,gholdengo-lunatone,1937,charizard-noctowl
5,336,p1,1994,gardevoir-ex-sv,0275,tera-box
5,337,p1,0188,gardevoir-jellicent,1213,charizard-noctowl
5,338,p2,0276,gholdengo-lunatone,0549,gholdengo-lunatone
5,339,p1,1695,grimmsnarl-froslass,1230,froslass-munkidori
5,340,p1,2145,charizard-noctowl,0352,charizard-noctowl
5,341,tie,1517,dragapult-dusknoir,1032,froslass-munkidori
5,342,p2,1118,dragapult-charizard,1348,crustle-dri
5,343,p1,0269,gardevoir-ex-sv,0199,dragapult-dusknoir
5,344,p1,0947,kangaskhan-bouffalant,0774,gholdengo-lunatone
5,345,p1,1405,n-zoroark,0533,gardevoir-ex-sv
5,346,tie,1341,kangaskhan-bouffalant,1714,dragapult-dusknoir
5,347,tie,0574,charizard-noctowl,0982,gardevoir-ex-sv
5,348,p2,2248,gardevoir-ex-sv,2058,gholdengo-lunatone
5,349,p1,0942,gholdengo-lunatone,0792,kangaskhan-bouffalant
5,350,p1,0506,dragapult-dusknoir,2168,dragapult-dusknoir
5,351,p2,1001,dragapult-dusknoir,0482,gardevoir-ex-sv
5,352,p2,0977,gholdengo-lunatone,1760,iron-thorns-crustle
5,353,p1,0769,dragapult-dusknoir,2084,dragapult-dusknoir
5,354,p2,2082,alakazam-dudunsparce,1751,mega-absol-box
5,355,tie,1593,alakazam-dudunsparce,1415,charizard-noctowl
5,356,p2,0336,n-zoroark,1681,charizard-noctowl
5,357,p2,1159,lopunny-dusknoir,2133,joltik-box
5,358,p1,1283,charizard-pidgeot,0576,gholdengo-lunatone
5,359,p1,1734,gholdengo-lunatone,1289,joltik-box
5,360,p1,0877,charizard-noctowl,0222,dragapult-dusknoir
5,361,p2,1856,gardevoir-ex-sv,1921,gholdengo-lunatone
5,362,p1,0854,dragapult-dusknoir,0760,charizard-pidgeot
5,363,p1,0686,ethan-typhlosion,1332,grimmsnarl-froslass
5,364,p2,0818,gardevoir-ex-sv,2011,gardevoir-ex-sv
5,365,p2,0495,gholdengo-lunatone,0115,gholdengo-lunatone
5,366,p1,0616,gardevoir-ex-sv,0678,joltik-box
5,367,p1,0051,gholdengo-lunatone,1631,charizard-noctowl
5,368,p1,0039,dragapult-ex,0412,gholdengo-lunatone
5,369,p2,0530,dragapult-charizard,0806,dragapult-dusknoir
5,370,p1,1295,gardevoir-ex-sv,0532,froslass-munkidori
5,371,tie,1238,charizard-pidgeot,0908,dragapult-dusknoir
5,372,tie,1009,gardevoir-ex-sv,0280,dragapult-dusknoir
5,373,tie,1129,gholdengo-lunatone,1557,gardevoir-ex-sv
5,374,p2,0067,pidgeot-control,0839,charizard-pidgeot
5,375,p2,1844,charizard-noctowl,1376,alakazam-dudunsparce
5,376,p2,1116,n-zoroark,0685,festival-lead
5,377,tie,0375,dragapult-dusknoir,0696,gardevoir-ex-sv
5,378,p1,2147,gardevoir-jellicent,1532,dragapult-dusknoir
5,379,p2,1427,raging-bolt-ogerpon,1722,dragapult-dusknoir
5,380,p2,1366,charizard-pidgeot,1568,dragapult-dusknoir
5,381,p2,1971,gardevoir-ex-sv,0688,n-zoroark
5,382,p1,2019,gardevoir-ex-sv,0085,flareon-noctowl
5,383,p1,0300,grimmsnarl-froslass,0718,raging-bolt-ogerpon
5,384,tie,0098,gholdengo-lunatone,1671,raging-bolt-ogerpon
5,385,p2,1939,charizard-noctowl,0681,dragapult-dusknoir
5,386,p1,0551,chien-pao-baxcalibur,0611,charizard-noctowl
5,387,p2,1203,kangaskhan-bouffalant,0822,n-zoroark
5,388,tie,0918,gholdengo-lunatone,0844,grimmsnarl-froslass
5,389,p1,1091,charizard-noctowl,1928,gardevoir-jellicent
5,390,p1,0833,gardevoir-ex-sv,0137,dragapult-charizard
5,391,p2,1805,dragapult-dusknoir,1190,dragapult-dusknoir
5,392,p1,1999,gholdengo-ex,0503,gholdengo-lunatone
5,393,p1,1978,gholdengo-lunatone,0146,grimmsnarl-froslass
5,394,p1,0810,gardevoir-jellicent,0736,gholdengo-lunatone
5,395,p1,0205,gholdengo-lunatone,1358,dragapult-dusknoir
5,396,p1,2052,tera-box,0255,alakazam-dudunsparce
5,397,p2,1255,charizard-noctowl,1553,other
5,398,tie,1919,grimmsnarl-froslass,1181,dragapult-dusknoir
5,399,tie,0933,charizard-noctowl,1942,charizard-noctowl
5,400,tie,0534,gardevoir-ex-sv,2025,charizard-noctowl
5,401,p1,1674,grimmsnarl-froslass,2208,conkeldurr-twm
5,402,p2,0567,lucario-hariyama,1598,charizard-noctowl
5,403,p1,1636,charizard-noctowl,0023,gholdengo-lunatone
5,404,p2,0013,gholdengo-lunatone,0600,gholdengo-lunatone
5,405,p2,0813,kangaskhan-bouffalant,0131,n-zoroark
5,406,p2,0138,marnie-grimmsnarl-ex,2209,charizard-noctowl
5,407,tie,2102,gholdengo-lunatone,1668,gholdengo-lunatone
5,408,tie,1670,gholdengo-lunatone,0059,gardevoir-ex-sv
5,409,tie,1449,gholdengo-lunatone,0963,gholdengo-lunatone
5,410,p2,1909,dragapult-dusknoir,0077,seaking-pre
5,411,p1,0165,gholdengo-ex,1549,charizard-noctowl
5,412,p1,1915,grimmsnarl-froslass,0143,gholdengo-lunatone
5,413,p2,0027,gholdengo-lunatone,0122,dragapult-charizard
5,414,p1,0365,slaking-ex,0702,lopunny-dusknoir
5,415,p1,1051,n-zoroark,0089,dragapult-dusknoir
5,416,p2,0465,gholdengo-lunatone,2266,charizard-noctowl
5,417,tie,1132,gholdengo-lunatone,0256,grimmsnarl-froslass
5,418,p2,1866,dragapult-charizard,0252,sharpedo-toxtricity
5,419,tie,2028,gholdengo-lunatone,1120,charizard-pidgeot
5,420,p1,1398,gholdengo-lunatone,0429,tera-box
5,421,p2,1055,raging-bolt-ogerpon,1186,n-zoroark
5,422,p1,1534,charizard-noctowl,1184,lopunny-dusknoir
5,423,p2,0417,gholdengo-lunatone,0267,gardevoir-jellicent
5,424,p2,0856,gholdengo-lunatone,0364,charizard-noctowl
5,425,p2,1552,gardevoir-jellicent,1151,gardevoir-jellicent
5,426,p2,0913,charizard-noctowl,0125,gholdengo-lunatone
5,427,p2,1591,gholdengo-lunatone,0672,gardevoir-ex-sv
5,428,tie,0410,gardevoir-jellicent,1352,raging-bolt-ogerpon
5,429,p1,1758,gholdengo-lunatone,1454,gholdengo-lunatone
5,430,p1,1411,gardevoir-ex-sv,1819,gholdengo-typhlosion
5,431,p2,1166,charizard-noctowl,0303,dragapult-dusknoir
5,432,p1,0053,gardevoir-jellicent,1968,lucario-hariyama
5,433,p1,1469,charizard-pidgeot,1187,sharpedo-toxtricity
5,434,p1,2222,dragapult-dusknoir,0229,gardevoir-jellicent
5,435,p2,1407,gardevoir-ex-sv,0862,charizard-noctowl
5,436,p1,0145,greninja-ex,1094,gholdengo-lunatone
5,437,p1,0362,dragapult-dusknoir,1718,ho-oh-armarouge
5,438,p1,2220,raging-bolt-ogerpon,2119,gardevoir-jellicent
5,439,p1,1804,raging-bolt-ogerpon,0064,flareon-noctowl
5,440,p2,0277,chien-pao-baxcalibur,2138,gholdengo-lunatone
5,441,p2,0102,charizard-pidgeot,2099,kangaskhan-bouffalant
5,442,p2,1309,dragapult-dusknoir,1165,grimmsnarl-froslass
5,443,p2,1578,sharpedo-toxtricity,0036,joltik-box
5,444,p2,0615,grimmsnarl-froslass,0376,charizard-noctowl
5,445,p1,0283,gardevoir-ex-sv,0605,raging-bolt-ogerpon
5,446,p1,1430,gholdengo-lunatone,1100,gardevoir-jellicent
5,447,p1,0701,dragapult-dusknoir,1775,crustle-dri
5,448,p1,1887,charizard-noctowl,0728,dragapult-dusknoir
5,449,p1,1811,gholdengo-lunatone,0650,charizard-pidgeot
5,450,p1,1667,gholdengo-lunatone,0568,charizard-noctowl
5,451,p1,0585,dragapult-dusknoir,1254,charizard-noctowl
5,452,p1,1911,charizard-noctowl,1929,miraidon-eelektrik
5,453,p2,1111,gholdengo-lunatone,0209,charizard-noctowl
5,454,p2,1767,gardevoir-jellicent,0119,charizard-pidgeot
5,455,p2,1487,conkeldurr-twm,0289,gholdengo-lunatone
5,456,p2,0911,gholdengo-lunatone,2176,ceruledge-ex
5,457,p1,1103,ursaluna-lunatone,1691,gholdengo-lunatone
5,458,p1,0829,roaring-moon-dudunsparce,0308,joltik-box
5,459,tie,0405,gardevoir-ex-sv,1168,dragapult-dusknoir
5,460,p1,1136,charizard-noctowl,1389,charizard-noctowl
5,461,p2,2164,gholdengo-lunatone,1026,greninja-ex
5,462,p2,1985,gholdengo-lunatone,0105,charizard-noctowl
5,463,p1,1223,ceruledge-ex,1299,n-zoroark
5,464,p1,0655,raging-bolt-ogerpon,1747,gholdengo-lunatone
5,465,p1,2186,dragapult-dusknoir,1745,ethan-typhlosion
5,466,p2,0872,ethan-typhlosion,0055,charizard-noctowl
5,467,p2,1233,charizard-noctowl,1813,n-zoroark
5,468,tie,0569,gholdengo-lunatone,1059,dragapult-dusknoir
5,469,p2,0717,grimmsnarl-froslass,0649,dragapult-dusknoir
5,470,p1,2086,gholdengo-lunatone,0240,greninja-ex
5,471,p1,1857,?,2234,charizard-pidgeot
5,472,p1,0353,gholdengo-lunatone,1198,mega-venusaur-ex
5,473,p1,2264,gholdengo-lunatone,0849,charizard-noctowl
5,474,tie,0587,gardevoir-jellicent,1304,?roaring-moon
5,475,p1,0257,gardevoir-jellicent,2181,gholdengo-lunatone
5,476,tie,1404,gholdengo-lunatone,1850,dragapult-dusknoir
5,477,p1,0492,gholdengo-lunatone,0617,tera-box
5,478,p1,0721,gholdengo-lunatone,0448,gardevoir-jellicent
5,479,tie,2094,greninja-ex,0162,alakazam-dudunsparce
5,480,p1,0755,gardevoir-jellicent,1098,charizard-noctowl
5,481,p2,1818,gardevoir-ex-sv,0974,charizard-noctowl
5,482,p2,0904,joltik-box,0271,gardevoir-jellicent
5,483,p2,0058,mega-venusaur-ex,1083,gardevoir-ex-sv
5,484,p1,1623,charizard-noctowl,2070,tera-box
5,485,tie,1400,n-zoroark,0842,gardevoir-jellicent
5,486,p1,0453,raging-bolt-ogerpon,0458,charizard-noctowl
5,487,p1,1800,dragapult-charizard,1381,grimmsnarl-froslass
5,488,p1,0887,gardevoir-jellicent,1248,gholdengo-lunatone
5,489,p1,1350,gardevoir-ex-sv,1585,charizard-pidgeot
5,490,p1,0793,dragapult-dusknoir,1626,gholdengo-lunatone
5,491,p2,1589,charizard-pidgeot,1251,joltik-box
5,492,p1,0847,ceruledge-ex,0141,n-zoroark
5,493,p2,0445,gholdengo-lunatone,1174,charizard-noctowl
5,494,tie,0787,gholdengo-lunatone,1990,charizard-noctowl
5,495,p2,0683,dragapult-charizard,1335,gholdengo-lunatone
5,496,p2,1319,gholdengo-lunatone,0881,gardevoir-jellicent
5,497,tie,2057,gholdengo-joltik-box,1948,mega-absol-box
5,498,p2,0647,ho-oh-armarouge,1215,gardevoir-ex-sv
5,499,p2,1475,charizard-pidgeot,2096,mega-absol-box
5,500,p2,1793,gardevoir-jellicent,0002,gholdengo-lunatone
5,501,tie,0268,?roaring-moon,1627,gholdengo-lunatone
5,502,p2,0529,grimmsnarl-froslass,1622,gholdengo-lunatone
5,503,p2,1138,gholdengo-lunatone,1790,charizard-noctowl
5,504,p1,2113,gholdengo-lunatone,2048,gardevoir-ex-sv
5,505,p2,0026,lopunny-dusknoir,1185,cynthia-garchomp-ex
5,506,p2,0136,alakazam-dudunsparce,2214,dragapult-dusknoir
5,507,p1,1431,dragapult-dusknoir,2132,kangaskhan-bouffalant
5,508,p1,2131,mega-venusaur-ex,1765,gholdengo-lunatone
5,509,p2,1602,gholdengo-lunatone,1570,charizard-pidgeot
5,510,p1,0714,kangaskhan-bouffalant,1546,charizard-pidgeot
5,511,tie,0186,gholdengo-lunatone,1258,tera-box
5,512,p1,1571,gholdengo-lunatone,1224,gholdengo-lunatone
5,513,p2,0998,charizard-noctowl,0944,charizard-noctowl
5,514,p2,1742,gholdengo-lunatone,0392,blaziken-ex-jtg
5,515,p1,1317,mega-venusaur-ex,1095,mega-absol-box
5,516,p1,0260,joltik-box,0535,mega-absol-box
5,517,p1,1453,gholdengo-lunatone,0370,gardevoir-jellicent
5,518,tie,2179,grimmsnarl-froslass,0452,mega-venusaur-ex
5,519,p1,1418,rocket-mewtwo-ex,1177,charizard-noctowl
5,520,p1,0467,dragapult-dusknoir,0088,gardevoir-jellicent
5,521,p2,1273,charizard-pidgeot,1458,dragapult-dusknoir
5,522,p2,2153,gardevoir-jellicent,1987,cynthia-garchomp-ex
5,523,p2,0725,tera-box,0860,charizard-noctowl
5,524,p1,0740,gholdengo-lunatone,0152,dragapult-dusknoir
5,525,tie,0932,tera-box,0572,gardevoir-ex-sv
5,526,tie,2065,charizard-noctowl,0434,froslass-munkidori
5,527,p2,0708,charizard-noctowl,0836,gholdengo-lunatone
5,528,p2,0700,mega-absol-box,1259,gardevoir-jellicent
5,529,p2,0243,dragapult-dusknoir,0869,gholdengo-lunatone
5,530,p2,0957,gholdengo-lunatone,0921,ceruledge-ex
5,531,p2,1924,n-zoroark,1500,gholdengo-lunatone
5,532,p2,1383,dragapult-dusknoir,2268,dragapult-dusknoir
5,533,p1,2201,gholdengo-lunatone,0464,dragapult-dusknoir
5,534,p1,0241,dragapult-dusknoir,1099,gholdengo-lunatone
5,535,p2,1023,gholdengo-lunatone,1227,charizard-noctowl
5,536,p1,0435,gardevoir-jellicent,1713,gholdengo-lunatone
5,537,p1,1061,rocket-spidops,1127,n-zoroark
5,538,p2,1362,charizard-pidgeot,1582,alakazam-dudunsparce
5,539,p1,1373,gholdengo-lunatone,0771,gholdengo-lunatone
5,540,tie,2227,gholdengo-lunatone,1965,gholdengo-typhlosion
5,541,p2,1778,gholdengo-lunatone,0306,charizard-noctowl
5,542,p1,1041,grimmsnarl-froslass,1974,gardevoir-ex-sv
5,543,p1,0200,charizard-noctowl,1738,charizard-noctowl
5,544,p2,1325,charizard-noctowl,2258,dragapult-dusknoir
5,545,p2,1914,gholdengo-lunatone,0101,dragapult-dusknoir
5,546,p2,2066,dragapult-dusknoir,1234,dragapult-dusknoir
5,547,p2,0679,lopunny-dusknoir,1192,cynthia-garchomp-ex
5,548,p1,2170,gholdengo-lunatone,0360,gholdengo-joltik-box
5,549,p1,2129,charizard-noctowl,0397,n-zoroark
5,550,p2,0781,n-zoroark,1846,raging-bolt-ogerpon
5,551,p2,0978,joltik-box,1665,charizard-noctowl
5,552,p1,0620,charizard-noctowl,1672,iron-hands-magneton
5,553,p1,0629,gardevoir-jellicent,0232,alakazam-dudunsparce
5,554,p1,1550,joltik-box,1869,gardevoir-ex-sv
5,555,p2,0087,mega-venusaur-ex,0607,gholdengo-lunatone
5,556,p2,0403,raging-bolt-ogerpon,1320,grimmsnarl-froslass
5,557,p1,1369,gholdengo-lunatone,2076,gardevoir-ex-sv
5,558,p2,0746,dragapult-dusknoir,1322,dragapult-dusknoir
5,559,p1,0354,dragapult-dusknoir,2056,gardevoir-jellicent
5,560,p1,0981,gholdengo-lunatone,0321,flareon-noctowl
5,561,p1,0846,cynthia-garchomp-ex,1833,slaking-ex
5,562,p1,1829,slowking-scr,1609,charizard-noctowl
5,563,p2,0797,gholdengo-lunatone,2006,gholdengo-lunatone
5,564,p2,0253,gholdengo-lunatone,1265,raging-bolt-ogerpon
5,565,tie,0767,ceruledge-ex,0726,gholdengo-lunatone
5,566,p1,2060,charizard-noctowl,1544,ceruledge-ex
5,567,tie,0753,gholdengo-lunatone,1387,charizard-noctowl
5,568,p2,0657,gholdengo-lunatone,1494,n-zoroark
5,569,p2,1423,gardevoir-jellicent,1888,grimmsnarl-froslass
5,570,p1,1579,charizard-pidgeot,1088,greninja-ex
5,571,p2,0147,dragapult-dusknoir,1380,raging-bolt-ogerpon
5,572,p2,0874,gholdengo-ex,1679,dragapult-dusknoir
5,573,p1,2122,tera-box,1488,dragapult-dusknoir
5,574,p2,2031,dragapult-dusknoir,0386,charizard-noctowl
5,575,p1,0052,charizard-noctowl,0149,gholdengo-lunatone
5,576,p2,0212,charizard-noctowl,0463,gholdengo-lunatone
5,577,p1,1930,charizard-noctowl,1318,charizard-noctowl
5,578,p1,1906,gholdengo-lunatone,1364,dragapult-dusknoir
5,579,p1,0742,ceruledge-ex,0758,gholdengo-lunatone
5,580,p1,1092,gholdengo-lunatone,2108,kangaskhan-bouffalant
5,581,p2,0512,ceruledge-ex,0184,gholdengo-lunatone
5,582,p1,0658,flareon-noctowl,0593,gholdengo-lunatone
5,583,tie,1687,grimmsnarl-froslass,2156,raging-bolt-ogerpon
5,584,p2,0564,gardevoir-ex-sv,0123,gardevoir-jellicent
5,585,p2,2043,gholdengo-lunatone,1033,dragapult-dusknoir
5,586,p1,2126,gardevoir-jellicent,1171,gardevoir-jellicent
5,587,tie,0048,charizard-pidgeot,1422,alakazam-dudunsparce
5,588,p2,1222,charizard-pidgeot,1933,gardevoir-jellicent
5,589,p2,1438,gholdengo-lunatone,0807,n-zoroark
5,590,p2,1572,gholdengo-lunatone,2163,dragapult-dusknoir
5,591,tie,0179,gholdengo-lunatone,2150,dragapult-dusknoir
5,592,p2,2152,raging-bolt-ogerpon,0754,gardevoir-ex-sv
5,593,p2,0046,slaking-ex,1964,dragapult-dusknoir
5,594,p1,2062,ceruledge-ex,1327,gholdengo-lunatone
5,595,p1,1182,dragapult-dusknoir,2172,slowking-scr
5,596,tie,0630,dragapult-dusknoir,0477,charizard-noctowl
5,597,p2,0946,other,1435,dragapult-dusknoir
5,598,p2,0709,gholdengo-lunatone,1419,gholdengo-lunatone
5,599,p2,2073,ceruledge-ex,1658,iron-hands-magneton
5,600,p2,1731,grimmsnarl-froslass,1730,dragapult-dusknoir
5,601,tie,0126,gholdengo-lunatone,1820,dragapult-dusknoir
5,602,p1,1799,dragapult-dusknoir,0450,gholdengo-lunatone
5,603,p2,1795,charizard-noctowl,1236,gholdengo-lunatone
5,604,p1,1433,gholdengo-lunatone,0689,mega-absol-box
5,605,p1,1272,gardevoir-jellicent,0159,n-zoroark
5,606,p1,1044,gholdengo-lunatone,1262,dragapult-charizard
5,607,p2,1791,gardevoir-jellicent,1257,lopunny-dusknoir
5,608,tie,1648,charizard-noctowl,1969,charizard-noctowl
5,609,p1,2003,dragapult-dusknoir,1241,joltik-box
5,610,p1,0114,lopunny-dusknoir,1298,raging-bolt-ogerpon
5,611,p2,1446,dragapult-dusknoir,2042,gardevoir-jellicent
5,612,p2,2093,lopunny-dusknoir,2095,tera-box
5,613,p2,0923,charizard-pidgeot,0920,gholdengo-lunatone
5,614,p2,0369,mega-venusaur-ex,1420,gardevoir-ex-sv
5,615,p1,2218,dragapult-dusknoir,1021,lopunny-dusknoir
5,616,p2,0537,slowking-scr,0646,ceruledge-ex
5,617,p2,2244,dragapult-dusknoir,1538,gardevoir-jellicent
5,618,p1,1209,charizard-noctowl,0525,gholdengo-lunatone
5,619,p2,1477,gholdengo-lunatone,1163,tera-box
5,620,p1,0826,gardevoir-ex-sv,1460,charizard-noctowl
5,621,p1,0062,grimmsnarl-froslass,0157,gholdengo-lunatone
5,622,p1,0377,charizard-noctowl,1692,gholdengo-lunatone
5,623,p2,1860,kangaskhan-bouffalant,0863,gholdengo-lunatone
5,624,tie,1067,dragapult-dusknoir,1134,n-zoroark
5,625,p1,1039,gholdengo-lunatone,2110,dragapult-dusknoir
5,626,p1,0385,gardevoir-jellicent,1143,gardevoir-ex-sv
5,627,p1,2239,gholdengo-lunatone,0638,raging-bolt-ogerpon
5,628,p1,1830,gholdengo-lunatone,0171,dragapult-dusknoir
5,629,p2,0997,ceruledge-ex,1476,dragapult-dusknoir
5,630,tie,0485,gholdengo-lunatone,0582,dragapult-dusknoir
5,631,tie,0777,gholdengo-lunatone,0418,dragapult-dusknoir
5,632,tie,0144,gardevoir-ex-sv,1157,iron-thorns-crustle
5,633,p1,1625,gholdengo-lunatone,0009,n-zoroark
5,634,tie,1211,gardevoir-ex-sv,2085,gholdengo-lunatone
5,635,p1,0462,charizard-noctowl,1798,seaking-pre
5,636,tie,0489,gholdengo-lunatone,2038,n-zoroark
5,637,p1,0896,dragapult-dusknoir,0049,dragapult-dusknoir
5,638,p1,1543,dragapult-dusknoir,1207,dragapult-dusknoir
5,639,tie,0071,dragapult-dusknoir,1645,n-zoroark
5,640,p2,0705,gardevoir-ex-sv,1954,gholdengo-lunatone
5,641,p2,0955,gardevoir-ex-sv,0264,charizard-noctowl
5,642,p1,0956,dragapult-charizard,0599,dragapult-dusknoir
5,643,p2,1780,dragapult-dusknoir,2080,gardevoir-ex-sv
5,644,p2,1991,charizard-noctowl,1150,dragapult-charizard
5,645,p1,0112,joltik-box,1424,dragapult-dusknoir
5,646,p2,1056,grimmsnarl-froslass,2068,gholdengo-lunatone
5,647,p2,1122,gardevoir-jellicent,0592,gardevoir-ex-sv
5,648,p1,0335,charizard-noctowl,0801,sharpedo-toxtricity
5,649,p2,1617,gardevoir-jellicent,0967,gholdengo-lunatone
5,650,p1,1212,charizard-pidgeot,1361,alakazam-dudunsparce
5,651,tie,0639,gholdengo-lunatone,1754,n-zoroark
5,652,p2,0414,gholdengo-lunatone,1205,froslass-munkidori
5,653,p2,1932,dragapult-dusknoir,1005,gardevoir-jellicent
5,654,p1,1852,mega-absol-box,0040,alakazam-dudunsparce
5,655,p1,0001,gardevoir-ex-sv,1756,gardevoir-ex-sv
5,656,tie,1838,dragapult-dusknoir,2046,flareon-noctowl
5,657,p1,1831,raging-bolt-ogerpon,0496,other
5,658,p1,1777,dragapult-dusknoir,2078,charizard-noctowl
5,659,p2,0151,dragapult-dusknoir,2212,gardevoir-jellicent
5,660,p1,0017,gholdengo-lunatone,1608,gardevoir-ex-sv
5,661,p1,0167,dragapult-dusknoir,2107,raging-bolt-ogerpon
5,662,p1,1394,gardevoir-ex-sv,2215,dragapult-dusknoir
5,663,tie,0357,gardevoir-jellicent,1895,gardevoir-ex-sv
5,664,p2,0298,gholdengo-lunatone,1461,n-zoroark
5,665,p2,1874,gardevoir-jellicent,2015,charizard-noctowl
5,666,p1,0032,charizard-noctowl,0084,kangaskhan-bouffalant
5,667,p1,1158,n-zoroark,0206,gardevoir-ex-sv
5,668,p1,0509,mega-absol-box,0270,gardevoir-ex-sv
5,669,p1,2267,grimmsnarl-froslass,0789,dragapult-dusknoir
5,670,p2,1848,gardevoir-ex-sv,1436,gardevoir-ex-sv
5,671,p1,1903,gholdengo-lunatone,1559,mega-absol-box
5,672,p2,1873,slaking-ex,1651,dragapult-dusknoir
5,673,p1,2231,mega-absol-box,1073,gholdengo-joltik-box
5,674,p1,0195,gholdengo-ex,0139,raging-bolt-ogerpon
5,675,p1,1677,gardevoir-ex-sv,0133,dragapult-dusknoir
5,676,p2,2039,gholdengo-lunatone,0372,raging-bolt-ogerpon
5,677,p2,0954,gholdengo-lunatone,0060,dragapult-charizard
5,678,tie,0583,dragapult-dusknoir,1635,lucario-hariyama
5,679,p1,0170,gholdengo-lunatone,1941,gardevoir-jellicent
5,680,p1,0751,gardevoir-ex-sv,1896,dragapult-dusknoir
5,681,p2,1402,gholdengo-lunatone,0175,iron-thorns-crustle
5,682,p1,0735,gholdengo-lunatone,0382,mega-absol-box
5,683,tie,0520,n-zoroark,0393,dragapult-charizard
5,684,p2,0134,charizard-noctowl,0926,kangaskhan-bouffalant
5,685,p2,0747,gardevoir-jellicent,1825,kangaskhan-bouffalant
5,686,p2,0371,ceruledge-ex,1940,gholdengo-lunatone
5,687,p2,2105,gardevoir-ex-sv,1208,charizard-pidgeot
5,688,tie,1242,charizard-pidgeot,0451,gardevoir-jellicent
5,689,p2,0504,dragapult-dusknoir,1038,raging-bolt-ogerpon
5,690,p1,1558,gholdengo-lunatone,0976,gardevoir-ex-sv
5,691,p1,0400,mega-venusaur-ex,0704,grimmsnarl-froslass
5,692,p2,2254,n-zoroark,2117,gholdengo-lunatone
5,693,p2,2198,hydrapple-ogerpon,1124,gholdengo-lunatone
5,694,p2,0800,ceruledge-ex,1749,charizard-pidgeot
5,695,tie,2247,kangaskhan-bouffalant,0044,gardevoir-ex-sv
5,696,p2,0996,gholdengo-lunatone,1827,gardevoir-ex-sv
5,697,p1,1855,n-zoroark,1678,flareon-noctowl
5,698,p1,1779,ursaluna-lunatone,0313,gholdengo-lunatone
5,699,tie,1379,n-zoroark,1632,alakazam-dudunsparce
5,700,p2,0390,alakazam-dudunsparce,1812,tera-box
5,701,p1,0891,sharpedo-toxtricity,0099,kangaskhan-bouffalant
5,702,tie,0155,mega-absol-box,1683,flareon-noctowl
5,703,p1,2118,gardevoir-jellicent,2259,tera-box
5,704,p2,1783,gardevoir-ex-sv,0970,gardevoir-ex-sv
5,705,p1,0816,charizard-noctowl,1086,gholdengo-lunatone
5,706,p1,1998,dragapult-dusknoir,1666,gardevoir-ex-sv
5,707,p1,0124,gardevoir-ex-sv,1808,gardevoir-ex-sv
5,708,p2,1661,gardevoir-jellicent,1505,greninja-ex
5,709,p1,1278,toxtricity-pfl,1351,n-zoroark
5,710,tie,0995,alakazam-dudunsparce,0266,dragapult-dusknoir
5,711,p2,0979,alakazam-dudunsparce,1239,gholdengo-lunatone
5,712,p1,0739,gardevoir-jellicent,0107,ceruledge-ex
5,713,p2,1680,charizard-noctowl,0481,grimmsnarl-froslass
5,714,p2,1809,dragapult-dusknoir,1715,dragapult-dusknoir
5,715,p2,0398,dragapult-dusknoir,0338,mega-absol-box
5,716,p2,0622,charizard-pidgeot,1867,seaking-pre
5,717,p2,0286,alakazam-dudunsparce,1162,charizard-noctowl
5,718,p1,1604,dragapult-dusknoir,2069,charizard-noctowl
5,719,p1,1759,gardevoir-ex-sv,0016,seaking-pre
5,720,p2,0461,gholdengo-ex,1524,charizard-pidgeot
5,721,p2,0867,gholdengo-lunatone,0925,mega-absol-box
5,722,p2,1743,charizard-ex,2237,charizard-noctowl
5,723,p2,0069,rocket-porygon-z,1008,alakazam-dudunsparce
5,724,p1,1569,charizard-noctowl,1883,sharpedo-toxtricity
5,725,p2,0909,n-zoroark,1516,gholdengo-lunatone
5,726,p1,2101,seaking-pre,0178,lucario-hariyama
5,727,p1,1200,mega-venusaur-ex,0299,gholdengo-lunatone
5,728,p2,1315,gholdengo-lunatone,1980,grimmsnarl-froslass
5,729,p1,1966,gholdengo-lunatone,0387,gholdengo-lunatone
5,730,tie,0484,gardevoir-jellicent,2269,gholdengo-lunatone
5,731,p2,1606,n-zoroark,0190,kangaskhan-bouffalant
5,732,p1,0699,dragapult-dusknoir,0368,mega-absol-box
5,733,p1,2270,tera-box,1984,hydrapple-ogerpon
5,734,p2,0295,festival-lead,1523,dragapult-charizard
5,735,p2,1588,hydreigon-ex,0962,alakazam-dudunsparce
5,736,p2,0498,mega-absol-box,1703,gholdengo-lunatone
5,737,tie,1147,marnie-grimmsnarl-ex,0635,ethan-typhlosion
5,738,p2,1913,alakazam-dudunsparce,0042,mega-absol-box
5,739,tie,1577,charizard-noctowl,0837,lopunny-dusknoir
5,740,p1,1629,gholdengo-lunatone,1753,ceruledge-ex
5,741,p1,0497,gardevoir-jellicent,0640,gholdengo-lunatone
5,742,p1,1590,gardevoir-jellicent,0795,alakazam-dudunsparce
5,743,p1,1275,gholdengo-lunatone,0296,gholdengo-lunatone
5,744,p2,0985,gholdengo-lunatone,0288,greninja-ex
5,745,p2,1188,gardevoir-jellicent,0474,gholdengo-lunatone
5,746,p1,1634,gholdengo-lunatone,0938,gardevoir-ex-sv
5,747,p2,0993,gardevoir-ex-sv,1153,kangaskhan-bouffalant
5,748,p1,0244,charizard-pidgeot,2120,other
5,749,p1,1897,charizard-pidgeot,1503,grimmsnarl-froslass
5,750,p2,1526,kangaskhan-bouffalant,2185,mega-absol-box
5,751,p1,1696,raging-bolt-ogerpon,0217,gardevoir-ex-sv
5,752,p1,1504,gholdengo-lunatone,0939,charizard-noctowl
5,753,p1,0637,gardevoir-ex-sv,1274,charizard-pidgeot
5,754,p2,1413,dragapult-dusknoir,0358,ho-oh-armarouge
5,755,p2,0790,flareon-noctowl,1339,kangaskhan-bouffalant
5,756,p2,0613,gholdengo-lunatone,1264,charizard-pidgeot
5,757,p2,2051,mega-venusaur-ex,2146,lucario-hariyama
5,758,p1,0621,charizard-pidgeot,0207,lucario-hariyama
5,759,p2,1581,crustle-dri,2224,ursaluna-lunatone
5,760,p2,1065,lucario-hariyama,2077,charizard-pidgeot
5,761,p2,0663,alakazam-dudunsparce,0597,greninja-ex
5,762,p2,0990,dragapult-dusknoir,2243,charizard-noctowl
5,763,p1,0108,charizard-pidgeot,0128,grimmsnarl-froslass
5,764,p1,1531,tera-box,1654,charizard-noctowl
5,765,p2,0470,mega-absol-box,1003,charizard-pidgeot
5,766,p2,0174,gardevoir-jellicent,0988,mega-absol-box
5,767,p1,1952,ursaluna-lunatone,1060,?roaring-moon
5,768,p2,1002,seaking-pre,0838,lopunny-dusknoir
5,769,p2,0910,dragapult-dusknoir,1774,gholdengo-lunatone
5,770,p1,0472,charizard-noctowl,0885,cynthia-garchomp-ex
5,771,tie,0895,dragapult-dusknoir,1126,gholdengo-lunatone
5,772,p2,2072,iron-thorns-ex,1601,dragapult-dusknoir
5,773,p1,1408,gholdengo-lunatone,0875,dragapult-dusknoir
5,774,p2,0237,flareon-noctowl,1545,dragapult-dusknoir
5,775,p2,1814,mega-venusaur-ex,1920,joltik-box
5,776,p1,2197,ceruledge-ex,0154,dragapult-dusknoir
5,777,p2,0075,dragapult-charizard,1744,gholdengo-joltik-box
5,778,p1,0163,tera-box,0326,tera-box
5,779,tie,0340,dragapult-dusknoir,2202,ceruledge-ex
5,780,p1,1821,gardevoir-jellicent,0116,n-zoroark
5,781,p1,0566,gardevoir-jellicent,1520,gardevoir-ex-sv
5,782,p2,1058,gholdengo-lunatone,1721,dragapult-dusknoir
5,783,p2,0334,dragapult-dusknoir,1986,tera-box
5,784,p1,2187,gholdengo-lunatone,0301,charizard-noctowl
5,785,p1,0852,gholdengo-lunatone,1191,charizard-pidgeot
5,786,p1,2075,charizard-noctowl,0857,dragapult-dusknoir
5,787,p1,0234,gholdengo-lunatone,0820,flareon-noctowl
5,788,p2,1640,charizard-noctowl,2191,greninja-ex
5,789,tie,1020,gholdengo-lunatone,0676,dragapult-dusknoir
5,790,p2,0975,dragapult-dusknoir,1988,n-zoroark
5,791,p1,1877,dragapult-dusknoir,0337,gholdengo-lunatone
5,792,p1,0164,gholdengo-lunatone,2030,dragapult-dusknoir
5,793,tie,2175,gardevoir-jellicent,0723,gholdengo-lunatone
5,794,p2,1303,alakazam-dudunsparce,1399,charizard-noctowl
5,795,p2,0517,mega-absol-box,0652,gholdengo-lunatone
5,796,p1,0249,grimmsnarl-froslass,0543,slowking-scr
5,797,p2,0953,n-zoroark,0768,dragapult-dusknoir
5,798,p2,1256,charizard-noctowl,0449,gholdengo-lunatone
5,799,tie,1240,n-zoroark,2205,gardevoir-ex-sv
5,800,p2,1723,dragapult-dusknoir,1052,dragapult-ex
5,801,tie,2151,alakazam-dudunsparce,2037,charizard-noctowl
5,802,p2,2183,charizard-pidgeot,0625,greninja-ex
5,803,p1,1397,charizard-pidgeot,0430,gholdengo-lunatone
5,804,p1,2007,charizard-pidgeot,0421,gardevoir-jellicent
5,805,p2,1079,kangaskhan-bouffalant,1149,charizard-pidgeot
5,806,p1,2158,charizard-noctowl,0341,ceruledge-ex
5,807,p2,0851,dragapult-dusknoir,2228,gardevoir-ex-sv
5,808,p2,1336,alakazam-dudunsparce,1548,sharpedo-toxtricity
5,809,p1,0315,gardevoir-ex-sv,1953,gholdengo-lunatone
5,810,p1,1872,gardevoir-jellicent,0314,charizard-pidgeot
5,811,p2,0936,alakazam-dudunsparce,0391,charizard-noctowl
5,812,p2,1445,dragapult-dusknoir,2161,gholdengo-lunatone
5,813,tie,1702,gardevoir-jellicent,0219,gholdengo-lunatone
5,814,p2,0682,gholdengo-lunatone,1375,gardevoir-jellicent
5,815,p2,0930,gardevoir-jellicent,0554,gholdengo-lunatone
5,816,p1,0914,alakazam-dudunsparce,2225,grimmsnarl-froslass
5,817,p2,0763,gholdengo-lunatone,1130,ceruledge-ex
5,818,p1,0712,iron-hands-magneton,0389,gardevoir-ex-sv
5,819,tie,1471,alakazam-dudunsparce,2032,alakazam-dudunsparce
5,820,p2,1306,grimmsnarl-froslass,1771,alakazam-dudunsparce
5,821,p1,1905,gholdengo-lunatone,1839,flareon-noctowl
5,822,p2,0380,dragapult-dusknoir,1788,gholdengo-lunatone
5,823,p2,0221,other,0773,hop-zacian
5,824,p2,1755,mega-absol-box,1392,raging-bolt-ogerpon
5,825,p1,0631,charizard-noctowl,1649,dragapult-charizard
5,826,p2,0006,gholdengo-lunatone,1084,gholdengo-lunatone
5,827,p2,1870,gholdengo-lunatone,0177,dragapult-dusknoir
5,828,p1,2174,charizard-noctowl,1078,charizard-pidgeot
5,829,p2,1997,gholdengo-lunatone,1133,ursaluna-lunatone
5,830,p1,0882,gholdengo-lunatone,0456,gardevoir-ex-sv
5,831,p1,1284,gholdengo-lunatone,0858,mega-absol-box
5,832,p1,0855,n-zoroark,1087,charizard-noctowl
5,833,tie,1576,tera-box,2203,charizard-noctowl
5,834,p1,1029,dragapult-dusknoir,0900,dragapult-charizard
5,835,p1,1440,gholdengo-lunatone,0776,dragapult-dusknoir
5,836,p1,1845,gholdengo-lunatone,0329,charizard-noctowl
5,837,p1,0454,flareon-noctowl,1864,charizard-noctowl
5,838,p2,0671,gardevoir-ex-sv,1064,gardevoir-jellicent
5,839,tie,0804,archaludon-ex,0220,gholdengo-joltik-box
5,840,p1,2061,charizard-noctowl,0972,kangaskhan-bouffalant
5,841,p2,2194,tera-box,0432,n-zoroark
5,842,p2,2012,flareon-noctowl,1428,gholdengo-lunatone
5,843,p2,1512,seaking-pre,0609,gardevoir-ex-sv
5,844,p2,1006,dragapult-dusknoir,0843,charizard-noctowl
5,845,p2,0659,gholdengo-lunatone,1536,charizard-noctowl
5,846,p2,0297,gardevoir-ex-sv,0248,cynthia-garchomp-ex
5,847,p2,1561,raging-bolt-ogerpon,0973,dragapult-dusknoir
5,848,p2,0330,n-zoroark,0929,other
5,849,p1,1221,mega-venusaur-ex,0952,gholdengo-lunatone
5,850,p2,1311,gardevoir-ex-sv,1176,raging-bolt-ogerpon
5,851,p2,1770,gholdengo-lunatone,1014,joltik-box
5,852,p2,0250,mega-absol-box,1554,n-zoroark
5,853,p1,0697,gholdengo-lunatone,1890,gardevoir-ex-sv
5,854,p2,0327,charizard-noctowl,2091,greninja-ex
5,855,p2,0442,charizard-noctowl,1862,gholdengo-lunatone
5,856,p2,0876,dragapult-ex,0223,gardevoir-ex-sv
5,857,p2,1660,grimmsnarl-froslass,1154,charizard-noctowl
5,858,p1,1017,dragapult-dusknoir,0986,dragapult-dusknoir
5,859,tie,1193,dragapult-dusknoir,1080,pidgeot-control
5,860,p1,0030,ceruledge-ex,1013,gholdengo-lunatone
5,861,p2,0285,cynthia-garchomp-ex,0684,alakazam-dudunsparce
5,862,p1,1624,gholdengo-joltik-box,0897,dragapult-dusknoir
5,863,p1,0097,pidgeot-control,0922,gholdengo-lunatone
5,864,p1,0601,dragapult-dusknoir,1410,gholdengo-lunatone
5,865,p2,1697,ceruledge-ex,0110,gholdengo-lunatone
5,866,p1,0236,dragapult-dusknoir,1167,marnie-grimmsnarl-ex
5,867,p1,0783,mega-latias-ex,1834,gholdengo-lunatone
5,868,p2,0791,dragapult-dusknoir,0214,lucario-hariyama
5,869,p2,1979,charizard-pidgeot,0291,mega-absol-box
5,870,p2,1066,gardevoir-jellicent,1478,kangaskhan-bouffalant
5,871,p1,0687,n-zoroark,1610,dragapult-dusknoir
5,872,p1,1226,joltik-box,0095,gardevoir-jellicent
5,873,p2,0251,hydrapple-ogerpon,1794,gardevoir-ex-sv
5,874,p1,0426,dragapult-dusknoir,1859,gholdengo-lunatone
5,875,p2,0644,gholdengo-lunatone,0521,tera-box
5,876,p2,0749,charizard-noctowl,0580,toxtricity-pfl
5,877,p1,0317,dragapult-dusknoir,1781,greninja-ex
5,878,p1,1310,flareon-noctowl,0259,gholdengo-lunatone
5,879,p1,1605,kangaskhan-bouffalant,1089,kangaskhan-bouffalant
5,880,p1,2139,dragapult-dusknoir,0488,n-zoroark
5,881,p2,0282,gholdengo-lunatone,1904,ceruledge-ex
5,882,p1,1700,raging-bolt-ogerpon,1748,gholdengo-lunatone
5,883,p2,1533,dragapult-charizard,1735,gholdengo-joltik-box
5,884,p2,0660,gardevoir-jellicent,2047,dragapult-dusknoir
5,885,p2,1237,slowking-scr,1245,gholdengo-lunatone
5,886,p1,2196,gholdengo-lunatone,1246,gholdengo-lunatone
5,887,p2,1386,alakazam-dudunsparce,2184,charizard-noctowl
5,888,p1,0989,meowscarada-ex,0444,lopunny-dusknoir
5,889,p1,2050,joltik-box,0479,mega-absol-box
5,890,p2,0561,gardevoir-jellicent,1102,gardevoir-jellicent
5,891,p2,1365,gardevoir-ex-sv,0964,gholdengo-lunatone
5,892,p1,1409,joltik-box,2232,tera-box
5,893,p2,1727,joltik-box,1995,gholdengo-lunatone
5,894,p2,0447,charizard-noctowl,1537,gholdengo-ex
5,895,tie,1447,archaludon-ex,1970,flareon-noctowl
5,896,p1,0378,raging-bolt-ogerpon,1367,dragapult-dusknoir
5,897,p1,2092,joltik-box,1891,charizard-noctowl
5,898,p1,1501,gholdengo-lunatone,1345,gholdengo-lunatone
5,899,p2,1328,gholdengo-lunatone,0272,dragapult-dusknoir
5,900,p1,0092,gholdengo-lunatone,1638,gholdengo-lunatone
5,901,p1,2154,gholdengo-lunatone,0794,gholdengo-lunatone
5,902,p2,1547,dragapult-dusknoir,1824,manectric-eelektrik
5,903,p1,1686,raging-bolt-ogerpon,0778,hydrapple-ogerpon
5,904,p1,0825,gardevoir-ex-sv,1271,dragapult-dusknoir
5,905,p2,0106,gardevoir-ex-sv,0018,gholdengo-lunatone
5,906,p2,1152,other,0346,ceruledge-ex
5,907,p2,2167,charizard-noctowl,1712,lucario-hariyama
5,908,p2,0216,lopunny-dusknoir,0416,charizard-noctowl
5,909,p1,0555,gardevoir-jellicent,1497,kangaskhan-forretress
5,910,p1,1456,charizard-noctowl,0323,pidgeot-control
5,911,p1,0713,charizard-noctowl,1282,gardevoir-jellicent
5,912,p1,1036,greninja-ex,1768,gholdengo-lunatone
5,913,p1,2190,dragapult-dusknoir,0608,flareon-noctowl
5,914,p1,1750,gholdengo-dudunsparce,1081,dragapult-dusknoir
5,915,tie,1326,gholdengo-ex,2022,gholdengo-lunatone
5,916,p2,2211,other,2067,dragapult-dusknoir
5,917,p2,0945,mega-lopunny-ex,1600,ceruledge-ex
5,918,p1,0668,gardevoir-ex-sv,1053,charizard-pidgeot
5,919,p1,1902,hydrapple-ogerpon,2021,hydreigon-ex
5,920,tie,1075,gholdengo-lunatone,1876,gholdengo-lunatone
5,921,p2,0140,charizard-noctowl,0118,cynthia-garchomp-ex
5,922,p1,2054,dragapult-dusknoir,1938,ho-oh-armarouge
5,923,p2,1050,mega-venusaur-ex,0065,charizard-noctowl
5,924,p1,0610,lopunny-dusknoir,1907,gardevoir-jellicent
5,925,tie,0349,gardevoir-ex-sv,2204,gholdengo-lunatone
5,926,tie,0927,dragapult-dusknoir,1489,dragapult-dusknoir
5,927,p2,0641,dragapult-dusknoir,1314,n-zoroark
5,928,p2,1093,charizard-noctowl,1690,dragapult-dusknoir
5,929,p2,1250,gholdengo-lunatone,1673,charizard-noctowl
5,930,p1,1923,gholdengo-lunatone,1529,dragapult-dusknoir
5,931,p1,1466,gholdengo-lunatone,0814,lopunny-dusknoir
5,932,p2,0916,dragapult-dusknoir,1763,other
5,933,p1,2256,dragapult-charizard,1803,gholdengo-lunatone
5,934,p2,0304,dragapult-dusknoir,0011,cynthia-garchomp-ex
5,935,p2,1343,gholdengo-lunatone,0677,flareon-noctowl
5,936,p2,1359,alakazam-dudunsparce,1210,gholdengo-lunatone
5,937,p1,0130,joltik-box,1101,dragapult-dusknoir
5,938,p2,2027,kangaskhan-bouffalant,0332,dragapult-dusknoir
5,939,p1,0227,dragapult-dusknoir,0666,lopunny-dusknoir
5,940,p2,0274,charizard-pidgeot,0037,charizard-noctowl
5,941,p1,0670,dragapult-dusknoir,1382,dragapult-dusknoir
5,942,p1,1480,dragapult-dusknoir,1619,kangaskhan-bouffalant
5,943,p2,1219,kangaskhan-bouffalant,0475,dragapult-dusknoir
5,944,p2,1912,gholdengo-lunatone,2040,kangaskhan-bouffalant
5,945,p2,2165,conkeldurr-twm,2045,grimmsnarl-froslass
5,946,p1,1958,n-zoroark,0950,gholdengo-lunatone
5,947,p1,0590,kangaskhan-bouffalant,0172,gholdengo-lunatone
5,948,p2,1459,dragapult-dusknoir,1161,gardevoir-jellicent
5,949,p2,0287,gholdengo-lunatone,0796,raging-bolt-ogerpon
5,950,tie,0363,dragapult-dusknoir,0189,charizard-pidgeot
5,951,p1,2064,grimmsnarl-froslass,0113,charizard-noctowl
5,952,p1,1455,flareon-noctowl,1464,gholdengo-lunatone
5,953,p2,2026,dragapult-dusknoir,0072,gholdengo-lunatone
5,954,p2,1305,froslass-munkidori,0738,kangaskhan-bouffalant
5,955,p1,1656,gholdengo-lunatone,1826,gardevoir-ex-sv
5,956,tie,0309,gholdengo-lunatone,1972,charizard-noctowl
5,957,tie,0628,charizard-pidgeot,1630,dragapult-dusknoir
5,958,p2,2121,ceruledge-ex,2097,mega-absol-box
5,959,p1,0730,n-zoroark,2223,other
5,960,p2,1146,dragapult-charizard,0734,grimmsnarl-froslass
5,961,p2,0038,n-zoroark,1510,charizard-noctowl
5,962,p1,1976,gardevoir-jellicent,0515,gardevoir-jellicent
5,963,p1,0821,other,1701,gholdengo-lunatone
5,964,p2,1676,lopunny-dusknoir,1047,gardevoir-jellicent
5,965,p2,2238,gholdengo-lunatone,1218,charizard-pidgeot
5,966,p1,1261,sharpedo-toxtricity,0436,gardevoir-ex-sv
5,967,p1,1603,alakazam-dudunsparce,2100,raging-bolt-ogerpon
5,968,p1,1694,dragapult-dusknoir,0815,gholdengo-lunatone
5,969,p1,2182,gholdengo-lunatone,0103,gardevoir-jellicent
5,970,p2,1117,charizard-pidgeot,1551,dragapult-charizard
5,971,p1,1707,alakazam-dudunsparce,0094,gholdengo-lunatone
5,972,p1,0402,n-zoroark,1983,hydreigon-ex
5,973,p2,1655,conkeldurr-twm,0422,dragapult-dusknoir
5,974,p1,1967,gholdengo-lunatone,0984,hydreigon-ex
5,975,p2,1196,lopunny-dusknoir,1573,charizard-noctowl
5,976,p1,0878,dragapult-dusknoir,0606,dragapult-dusknoir
5,977,p1,0907,gardevoir-ex-sv,1108,cynthia-garchomp-ex
5,978,tie,0262,gardevoir-jellicent,1616,charizard-pidgeot
5,979,p1,2115,ceruledge-ex,1607,dragapult-dusknoir
5,980,p2,2216,lopunny-dusknoir,1899,raging-bolt-ogerpon
5,981,p2,0623,gholdengo-lunatone,0028,dragapult-dusknoir
5,982,p2,2123,gholdengo-lunatone,1287,gholdengo-lunatone
5,983,p2,0634,charizard-noctowl,1946,dragapult-dusknoir
5,984,tie,1541,gholdengo-lunatone,1499,dragapult-dusknoir
5,985,p1,0050,mega-absol-box,0191,gardevoir-jellicent
5,986,p1,1337,gholdengo-lunatone,0325,dragapult-dusknoir
5,987,p2,2265,mega-absol-box,1204,raging-bolt-ogerpon
5,988,p2,0056,raging-bolt-ogerpon,0840,?roaring-moon
5,989,p1,1959,dragapult-dusknoir,0889,charizard-pidgeot
5,990,p2,1757,other,1349,alakazam-dudunsparce
5,991,p2,0150,other,1280,charizard-noctowl
5,992,double_loss,0507,ethan-typhlosion,1522,pidgeot-control
5,993,p1,1643,lopunny-dusknoir,1206,mega-venusaur-ex
5,994,p2,1955,gholdengo-lunatone,1040,gardevoir-jellicent
5,995,p2,1260,mega-absol-box,0960,kangaskhan-bouffalant
5,996,p2,1131,tsareena-ex,1492,alakazam-dudunsparce
5,997,tie,0987,flareon-ex,0226,charizard-ex
5,998,p1,0850,lucario-hariyama,1596,flareon-noctowl
5,999,tie,0545,charizard-noctowl,1342,charizard-noctowl
5,1000,tie,1468,gholdengo-lunatone,0528,dragapult-dusknoir
5,1001,tie,1786,alakazam-dudunsparce,0741,charizard-ex
5,1002,p2,1762,mega-abomasnow-ex,2130,n-zoroark
5,1003,p2,0502,charizard-pidgeot,1141,gardevoir-ex-sv
5,1004,p1,0204,gholdengo-lunatone,1347,charizard-noctowl
5,1005,p2,1792,gardevoir-jellicent,0772,n-zoroark
5,1006,p2,1308,ethan-typhlosion,2004,mega-venusaur-ex
6,1,p2,0868,gardevoir-jellicent,0675,charizard-noctowl
6,2,p2,0779,gholdengo-lunatone,0966,gardevoir-jellicent
6,3,p1,1395,dragapult-dusknoir,1729,gardevoir-ex-sv
6,4,p2,1175,dragapult-dusknoir,1338,charizard-pidgeot
6,5,p1,1049,gardevoir-ex-sv,0703,flareon-noctowl
6,6,p2,1076,raging-bolt-ogerpon,0766,charizard-noctowl
6,7,p2,0413,gardevoir-ex-sv,0784,dragapult-dusknoir
6,8,p1,0999,gardevoir-ex-sv,0958,dragapult-dusknoir
6,9,p2,1042,gholdengo-lunatone,1472,gholdengo-lunatone
6,10,p1,1502,charizard-noctowl,1801,dragapult-dusknoir
6,11,p2,0841,dragapult-dusknoir,1357,gardevoir-jellicent
6,12,p1,1307,mega-absol-box,1842,tera-box
6,13,p2,1507,gholdengo-lunatone,0500,mega-absol-box
6,14,p1,0168,charizard-noctowl,1263,gholdengo-lunatone
6,15,p2,0757,n-zoroark,1917,gardevoir-ex-sv
6,16,p1,2166,grimmsnarl-froslass,0487,dragapult-dusknoir
6,17,p1,1597,mega-absol-box,0031,dragapult-charizard
6,18,p2,0054,gardevoir-ex-sv,1015,charizard-noctowl
6,19,p1,1179,charizard-noctowl,0455,gholdengo-joltik-box
6,20,tie,0547,dragapult-dusknoir,0935,gardevoir-ex-sv
6,21,p1,2074,gardevoir-ex-sv,0669,gardevoir-jellicent
6,22,tie,1951,charizard-noctowl,0656,mega-absol-box
6,23,p1,0694,iron-thorns-crustle,0404,gholdengo-lunatone
6,24,p1,0654,charizard-pidgeot,0798,alakazam-dudunsparce
6,25,p1,1025,gardevoir-jellicent,1068,dragapult-dusknoir
6,26,p2,0624,n-zoroark,1657,gholdengo-lunatone
6,27,tie,0711,n-zoroark,1807,gardevoir-ex-sv
6,28,p2,1565,alakazam-dudunsparce,0279,pidgeot-control
6,29,p2,1421,grimmsnarl-froslass,0004,dragapult-dusknoir
6,30,p1,1333,dragapult-dusknoir,1301,greninja-ex
6,31,p2,2111,mega-absol-box,2098,gardevoir-ex-sv
6,32,p2,1484,mega-absol-box,0201,charizard-noctowl
6,33,p1,2193,dragapult-dusknoir,0431,dragapult-dusknoir
6,34,p2,0523,gardevoir-ex-sv,1950,gardevoir-ex-sv
6,35,p1,1960,crustle-dri,0427,charizard-noctowl
6,36,p2,1945,dragapult-dusknoir,1072,raging-bolt-ogerpon
6,37,p1,1216,gardevoir-ex-sv,1266,ceruledge-ex
6,38,p1,1286,dragapult-dusknoir,1470,n-zoroark
6,39,p2,1740,gholdengo-lunatone,1270,gardevoir-jellicent
6,40,p2,1321,ceruledge-ex,1027,dragapult-dusknoir
6,41,p2,0022,pidgeot-control,2071,gardevoir-ex-sv
6,42,tie,1125,gardevoir-jellicent,0724,gardevoir-ex-sv
6,43,tie,1452,charizard-pidgeot,2173,mega-absol-box
6,44,p2,1816,ursaluna-lunatone,2149,mega-absol-box
6,45,p2,1594,gardevoir-jellicent,0786,gardevoir-ex-sv
6,46,tie,1806,grimmsnarl-froslass,1356,n-zoroark
6,47,p1,2044,charizard-noctowl,0581,dragapult-dusknoir
6,48,p2,1563,gholdengo-lunatone,0483,raging-bolt-ogerpon
6,49,p1,0246,gholdengo-lunatone,1796,charizard-noctowl
6,50,p2,0803,gardevoir-ex-sv,1249,dragapult-dusknoir
6,51,p2,1875,dragapult-dusknoir,0129,gholdengo-lunatone
6,52,p2,0594,gholdengo-lunatone,2109,dragapult-dusknoir
6,53,p2,0342,charizard-dragapult,0437,gholdengo-lunatone
6,54,tie,0880,gardevoir-jellicent,0948,dragapult-charizard
6,55,p1,0202,charizard-pidgeot,0662,gholdengo-lunatone
6,56,tie,1247,charizard-pidgeot,0577,n-zoroark
6,57,p1,1639,dragapult-dusknoir,1865,charizard-noctowl
6,58,p1,0415,joltik-box,0242,mega-lopunny-ex
6,59,tie,0258,dragapult-dusknoir,1562,mega-absol-box
6,60,p2,0879,gardevoir-ex-sv,0832,gardevoir-jellicent
6,61,tie,0399,gardevoir-ex-sv,1525,gholdengo-lunatone
6,62,p1,0290,gholdengo-lunatone,1048,charizard-noctowl
6,63,tie,1944,charizard-pidgeot,0518,gardevoir-ex-sv
6,64,p2,0208,gholdengo-lunatone,0411,flareon-noctowl
6,65,p2,1074,charizard-pidgeot,0281,gholdengo-lunatone
6,66,tie,2189,gardevoir-jellicent,0743,gardevoir-ex-sv
6,67,p1,1232,dragapult-dusknoir,1493,charizard-noctowl
6,68,p1,1170,gardevoir-ex-sv,1741,alakazam-dudunsparce
6,69,p2,1426,gardevoir-ex-sv,0307,charizard-noctowl
6,70,p1,0692,alakazam-dudunsparce,0457,mega-absol-box
6,71,p2,1414,ceruledge-ex,1291,gholdengo-lunatone
6,72,p2,1521,charizard-noctowl,0905,gholdengo-lunatone
6,73,tie,0033,gardevoir-ex-sv,1527,gardevoir-ex-sv
6,74,p1,0294,gholdengo-lunatone,0861,gholdengo-lunatone
6,75,tie,1377,gholdengo-lunatone,1956,dragapult-dusknoir
6,76,tie,2141,gardevoir-jellicent,1290,dragapult-dusknoir
6,77,p2,0731,n-zoroark,1370,gholdengo-lunatone
6,78,tie,0215,raging-bolt-ogerpon,2263,gardevoir-ex-sv
6,79,tie,0591,gholdengo-lunatone,1160,gholdengo-lunatone
6,80,p1,1646,charizard-noctowl,2103,raging-bolt-ogerpon
6,81,p2,1197,dragapult-dusknoir,2246,gholdengo-joltik-box
6,82,p2,0653,gardevoir-jellicent,0135,dragapult-dusknoir
6,83,p1,1943,dragapult-charizard,2134,gholdengo-lunatone
6,84,p2,1090,dragapult-dusknoir,1135,charizard-noctowl
6,85,tie,1787,grimmsnarl-froslass,0890,charizard-pidgeot
6,86,p2,0486,gholdengo-lunatone,0690,charizard-noctowl
6,87,tie,2249,alakazam-dudunsparce,0510,dragapult-dusknoir
6,88,p1,1450,alakazam-dudunsparce,0894,kangaskhan-bouffalant
6,89,p1,1062,charizard-noctowl,2162,slowking-scr
6,90,p2,0848,dragapult-dusknoir,1432,gardevoir-ex-sv
6,91,p1,1035,gholdengo-lunatone,0080,dragapult-charizard
6,92,p1,1465,flareon-noctowl,1925,gholdengo-lunatone
6,93,p2,1689,gholdengo-lunatone,1892,gholdengo-lunatone
6,94,p2,0940,gardevoir-jellicent,1434,charizard-pidgeot
6,95,p1,1705,raging-bolt-ogerpon,2087,gholdengo-lunatone
6,96,p2,1114,dragapult-charizard,0057,charizard-noctowl
6,97,tie,0073,dragapult-dusknoir,1595,gholdengo-lunatone
6,98,p2,2226,dragapult-dusknoir,1881,gholdengo-lunatone
6,99,p1,0233,raging-bolt-ogerpon,1225,pidgeot-control
6,100,p1,0401,gholdengo-lunatone,1612,gholdengo-lunatone
6,101,p2,2195,gardevoir-ex-sv,1599,gardevoir-jellicent
6,102,p2,1482,gholdengo-lunatone,0698,dragapult-dusknoir
6,103,p1,2024,gholdengo-lunatone,1467,gholdengo-lunatone
6,104,p2,0493,raging-bolt-ogerpon,0228,gholdengo-lunatone
6,105,p2,1401,dragapult-dusknoir,0501,gardevoir-ex-sv
6,106,tie,0224,gholdengo-lunatone,0648,gardevoir-jellicent
6,107,p1,2233,gardevoir-jellicent,1989,gholdengo-lunatone
6,108,p1,0673,dragapult-dusknoir,1106,gholdengo-lunatone
6,109,p1,1784,dragapult-dusknoir,0078,gholdengo-lunatone
6,110,tie,1172,gardevoir-ex-sv,1717,charizard-noctowl
6,111,tie,1142,gholdengo-lunatone,1841,gardevoir-ex-sv
6,112,p2,0642,gholdengo-lunatone,0198,lopunny-dusknoir
6,113,p2,1575,dragapult-dusknoir,0750,gardevoir-ex-sv
6,114,p1,0420,gholdengo-lunatone,0490,dragapult-dusknoir
6,115,p1,0312,dragapult-dusknoir,1530,grimmsnarl-froslass
6,116,tie,0516,n-zoroark,0899,gardevoir-ex-sv
6,117,p2,0293,charizard-noctowl,2013,grimmsnarl-froslass
6,118,p1,0005,gholdengo-lunatone,1372,dragapult-dusknoir
6,119,tie,0811,gholdengo-lunatone,1704,charizard-noctowl
6,120,p2,0176,gholdengo-lunatone,2106,charizard-noctowl
6,121,p2,1837,gardevoir-jellicent,1699,gholdengo-lunatone
6,122,p1,0873,charizard-pidgeot,1992,grimmsnarl-froslass
6,123,p2,0263,dragapult-dusknoir,2090,gardevoir-ex-sv
6,124,p1,2016,charizard-pidgeot,0076,gholdengo-lunatone
6,125,p1,2114,gholdengo-lunatone,0469,gardevoir-jellicent
6,126,tie,1297,gardevoir-jellicent,0284,gholdengo-lunatone
6,127,p2,1664,gholdengo-lunatone,1112,dragapult-dusknoir
6,128,p1,1901,charizard-noctowl,0827,gholdengo-lunatone
6,129,p2,1385,alakazam-dudunsparce,0788,dragapult-charizard
6,130,p1,0193,n-zoroark,1330,charizard-noctowl
6,131,p2,1773,gardevoir-jellicent,0674,gardevoir-jellicent
6,132,p1,1519,charizard-noctowl,1961,charizard-noctowl
6,133,p2,1996,joltik-box,0365,slaking-ex
6,134,p1,1511,conkeldurr-twm,0034,n-zoroark
6,135,p2,1751,mega-absol-box,1921,gholdengo-lunatone
6,136,tie,1279,mega-absol-box,0919,dragapult-dusknoir
6,137,p2,1295,gardevoir-ex-sv,1977,charizard-noctowl
6,138,tie,0024,gardevoir-ex-sv,1734,gholdengo-lunatone
6,139,p1,1151,gardevoir-jellicent,0187,gardevoir-ex-sv
6,140,p2,1752,kangaskhan-bouffalant,1201,gholdengo-lunatone
6,141,p2,2209,charizard-noctowl,1893,charizard-noctowl
6,142,p1,0627,gardevoir-ex-sv,1556,mega-absol-box
6,143,p2,2011,gardevoir-ex-sv,1978,gholdengo-lunatone
6,144,p2,0328,gardevoir-jellicent,0439,gholdengo-lunatone
6,145,p1,2143,ceruledge-ex,0473,gholdengo-lunatone
6,146,p2,1542,dragapult-dusknoir,0316,gardevoir-jellicent
6,147,p2,0854,dragapult-dusknoir,1832,gholdengo-lunatone
6,148,p2,0131,n-zoroark,2178,n-zoroark
6,149,p1,0081,gholdengo-lunatone,0782,kangaskhan-bouffalant
6,150,p2,1587,charizard-noctowl,0265,charizard-pidgeot
6,151,p1,1252,lopunny-dusknoir,0898,alakazam-dudunsparce
6,152,p1,1405,n-zoroark,0688,n-zoroark
6,153,p1,0333,charizard-noctowl,1217,gholdengo-lunatone
6,154,p1,1348,crustle-dri,0122,dragapult-charizard
6,155,p1,2177,gholdengo-lunatone,1214,gardevoir-jellicent
6,156,p1,0173,charizard-pidgeot,0626,n-zoroark
6,157,p1,0600,gholdengo-lunatone,0959,gardevoir-jellicent
6,158,p1,1674,grimmsnarl-froslass,0320,gholdengo-lunatone
6,159,tie,2230,n-zoroark,0379,dragapult-dusknoir
6,160,p2,0833,gardevoir-ex-sv,1936,gardevoir-ex-sv
6,161,p2,1663,kangaskhan-bouffalant,0300,grimmsnarl-froslass
6,162,p1,0596,dragapult-dusknoir,1403,charizard-noctowl
6,163,p1,1137,grimmsnarl-froslass,1733,charizard-noctowl
6,164,tie,0557,gholdengo-joltik-box,1915,grimmsnarl-froslass
6,165,p1,1931,n-zoroark,2147,gardevoir-jellicent
6,166,p2,0720,tera-box,1186,n-zoroark
6,167,p1,1202,gholdengo-lunatone,0588,charizard-noctowl
6,168,tie,0366,charizard-noctowl,1244,kangaskhan-bouffalant
6,169,p2,1828,n-zoroark,1644,gholdengo-lunatone
6,170,p2,0681,dragapult-dusknoir,0115,gholdengo-lunatone
6,171,tie,1443,grimmsnarl-froslass,1647,kangaskhan-bouffalant
6,172,p1,1043,dragapult-dusknoir,1312,charizard-noctowl
6,173,p2,0769,dragapult-dusknoir,0165,gholdengo-ex
6,174,p1,1469,charizard-pidgeot,1107,gardevoir-jellicent
6,175,p2,0350,charizard-noctowl,1722,dragapult-dusknoir
6,176,p1,0685,festival-lead,0527,gholdengo-lunatone
6,177,p2,1485,dragapult-dusknoir,1708,gardevoir-jellicent
6,178,p2,1235,n-zoroark,0616,gardevoir-ex-sv
6,179,p1,0194,gholdengo-lunatone,1283,charizard-pidgeot
6,180,p2,2266,charizard-noctowl,1653,dragapult-dusknoir
6,181,p1,0364,charizard-noctowl,0043,charizard-pidgeot
6,182,p1,1760,iron-thorns-crustle,1022,gardevoir-ex-sv
6,183,p2,0252,sharpedo-toxtricity,0942,gholdengo-lunatone
6,184,p2,1553,other,1491,gholdengo-lunatone
6,185,p2,0819,gholdengo-lunatone,1353,gardevoir-ex-sv
6,186,p1,1276,mega-absol-box,0161,dragapult-dusknoir
6,187,p2,2052,tera-box,1957,charizard-noctowl
6,188,p1,1463,n-zoroark,0480,gardevoir-ex-sv
6,189,p2,0551,chien-pao-baxcalibur,1580,dragapult-dusknoir
6,190,p2,0345,alakazam-dudunsparce,0482,gardevoir-ex-sv
6,191,p1,0643,gholdengo-lunatone,1139,charizard-noctowl
6,192,p2,0015,gardevoir-ex-sv,2210,gholdengo-lunatone
6,193,tie,0505,dragapult-dusknoir,0100,ceruledge-ex
6,194,tie,1922,gholdengo-lunatone,0093,n-zoroark
6,195,p1,1437,charizard-noctowl,1878,gholdengo-lunatone
6,196,p1,0522,charizard-noctowl,1378,lopunny-dusknoir
6,197,p2,0083,reging-bolt-bellibolt,2058,gholdengo-lunatone
6,198,p2,2188,charizard-noctowl,0759,grimmsnarl-froslass
6,199,p1,1746,gardevoir-jellicent,2049,gardevoir-ex-sv
6,200,p1,2063,dragapult-dusknoir,2029,gholdengo-lunatone
6,201,p2,0839,charizard-pidgeot,2251,raging-bolt-ogerpon
6,202,p1,1474,charizard-pidgeot,1719,n-zoroark
6,203,p1,0785,n-zoroark,2159,conkeldurr-twm
6,204,p1,2255,charizard-noctowl,0865,chien-pao-baxcalibur
6,205,p2,1975,grimmsnarl-froslass,0125,gholdengo-lunatone
6,206,p2,0344,grimmsnarl-froslass,1999,gholdengo-ex
6,207,p2,1190,dragapult-dusknoir,1288,gholdengo-lunatone
6,208,p2,0806,dragapult-dusknoir,0947,kangaskhan-bouffalant
6,209,p1,1598,charizard-noctowl,1411,gardevoir-ex-sv
6,210,tie,2245,gholdengo-lunatone,0051,gholdengo-lunatone
6,211,p2,1346,charizard-noctowl,1195,n-zoroark
6,212,p2,1406,n-zoroark,1091,charizard-noctowl
6,213,p2,0132,n-zoroark,1355,charizard-noctowl
6,214,p1,0077,seaking-pre,0549,gholdengo-lunatone
6,215,p1,0267,gardevoir-jellicent,1993,gardevoir-ex-sv
6,216,p1,0230,gholdengo-lunatone,0441,iron-hands-magneton
6,217,p1,0886,n-zoroark,0991,charizard-pidgeot
6,218,p2,0205,gholdengo-lunatone,1817,ceruledge-ex
6,219,tie,0686,ethan-typhlosion,1316,gholdengo-lunatone
6,220,tie,1994,gardevoir-ex-sv,0104,gholdengo-lunatone
6,221,p2,0859,gholdengo-lunatone,0903,charizard-noctowl
6,222,p1,0188,gardevoir-jellicent,0506,dragapult-dusknoir
6,224,p2,1376,alakazam-dudunsparce,1681,charizard-noctowl
6,225,p2,2019,gardevoir-ex-sv,1695,grimmsnarl-froslass
6,226,p2,1973,charizard-noctowl,1296,grimmsnarl-froslass
6,227,p2,2236,dragapult-dusknoir,1847,gardevoir-ex-sv
6,228,p1,1711,dragapult-dusknoir,2136,joltik-box
6,229,p1,0912,gholdengo-lunatone,0822,n-zoroark
6,230,p2,0348,ethan-typhlosion,2206,seaking-pre
6,231,p2,0877,charizard-noctowl,1368,flareon-noctowl
6,232,p2,0269,gardevoir-ex-sv,1018,mega-absol-box
6,233,p1,0540,kangaskhan-bouffalant,0951,charizard-pidgeot
6,234,p1,1082,charizard-noctowl,0983,gholdengo-lunatone
6,235,p1,1776,dragapult-dusknoir,1534,charizard-noctowl
6,236,p1,1758,gholdengo-lunatone,0508,festival-lead
6,237,p2,1051,n-zoroark,0053,gardevoir-jellicent
6,238,p2,1937,charizard-noctowl,0395,charizard-pidgeot
6,239,p1,0303,dragapult-dusknoir,1636,charizard-noctowl
6,240,p1,0096,dragapult-dusknoir,1710,ceruledge-ex
6,241,p1,0343,lopunny-dusknoir,0672,gardevoir-ex-sv
6,242,p2,0035,gholdengo-lunatone,0045,gholdengo-lunatone
6,243,p1,2145,charizard-noctowl,0261,gholdengo-lunatone
6,244,p2,1539,joltik-box,0651,n-zoroark
6,245,p1,0381,dragapult-dusknoir,0934,gholdengo-lunatone
6,246,p2,1682,gholdengo-typhlosion,2036,charizard-noctowl
6,247,p2,0039,dragapult-ex,1568,dragapult-dusknoir
6,248,p1,1398,gholdengo-lunatone,2133,joltik-box
6,249,p2,1109,other,0810,gardevoir-jellicent
6,250,p1,0052,charizard-noctowl,1354,charizard-noctowl
6,251,p2,1077,dragapult-dusknoir,2214,dragapult-dusknoir
6,252,p2,1685,joltik-box,0271,gardevoir-jellicent
6,253,p1,0740,gholdengo-lunatone,1335,gholdengo-lunatone
6,254,p2,0231,n-zoroark,0036,joltik-box
6,255,p1,1024,grimmsnarl-froslass,0770,lucario-hariyama
6,256,p2,1259,gardevoir-jellicent,0620,charizard-noctowl
6,257,tie,1494,n-zoroark,0260,joltik-box
6,258,p2,0924,gardevoir-jellicent,0443,gholdengo-lunatone
6,259,tie,2201,gholdengo-lunatone,0920,gholdengo-lunatone
6,260,p2,1322,dragapult-dusknoir,1209,charizard-noctowl
6,261,p1,0145,greninja-ex,1564,greninja-ex
6,262,p1,1964,dragapult-dusknoir,0241,dragapult-dusknoir
6,263,p2,1163,tera-box,0101,dragapult-dusknoir
6,264,p1,1804,raging-bolt-ogerpon,0853,gholdengo-lunatone
6,265,p1,1495,seaking-pre,0862,charizard-noctowl
6,266,p2,0701,dragapult-dusknoir,0289,gholdengo-lunatone
6,267,p1,2138,gholdengo-lunatone,0114,lopunny-dusknoir
6,268,p1,0974,charizard-noctowl,0579,gholdengo-lunatone
6,270,p1,1145,palafin-ex,1248,gholdengo-lunatone
6,271,tie,0285,cynthia-garchomp-ex,0539,gholdengo-lunatone
6,272,p2,0541,gardevoir-jellicent,0592,gardevoir-ex-sv
6,273,p1,0544,kangaskhan-bouffalant,0200,charizard-noctowl
6,274,p1,0546,dragapult-charizard,1369,gholdengo-lunatone
6,275,p2,2121,ceruledge-ex,0548,charizard-pidgeot
6,276,p2,1933,gardevoir-jellicent,0550,lopunny-dusknoir
6,277,p2,0552,alakazam-dudunsparce,1628,dragapult-dusknoir
6,278,p2,0553,gholdengo-lunatone,0489,gholdengo-lunatone
6,279,p2,0556,dragapult-dusknoir,1457,gholdengo-lunatone
6,280,p1,0558,flareon-noctowl,0869,gholdengo-lunatone
6,281,p2,0283,gardevoir-ex-sv,0559,conkeldurr-twm
6,282,p1,2001,gholdengo-lunatone,0562,gholdengo-lunatone
6,283,p1,1731,grimmsnarl-froslass,0563,charizard-noctowl
6,284,tie,1529,dragapult-dusknoir,0565,charizard-noctowl
6,285,tie,1728,joltik-box,1538,gardevoir-jellicent
6,286,p1,1500,gholdengo-lunatone,0658,flareon-noctowl
6,287,p2,2034,flareon-noctowl,1822,gardevoir-ex-sv
6,288,p2,0721,gholdengo-lunatone,1069,mega-absol-box
6,289,p2,0362,dragapult-dusknoir,0476,dragapult-dusknoir
6,290,p2,1419,gholdengo-lunatone,0831,greninja-ex
6,291,p2,1667,gholdengo-lunatone,0066,gholdengo-lunatone
6,292,p1,0466,charizard-noctowl,2268,dragapult-dusknoir
6,293,p1,1272,gardevoir-jellicent,1586,charizard-noctowl
6,294,p1,0074,flareon-noctowl,1697,ceruledge-ex
6,295,tie,1178,gardevoir-ex-sv,2062,ceruledge-ex
6,296,tie,0727,gardevoir-ex-sv,0181,mega-absol-box
6,297,p1,2055,gardevoir-ex-sv,0306,charizard-noctowl
6,298,p2,0213,charizard-noctowl,2250,dragapult-dusknoir
6,299,p2,1430,gholdengo-lunatone,0376,charizard-noctowl
6,300,p1,2113,gholdengo-lunatone,1004,gholdengo-lunatone
6,301,p1,0183,gardevoir-ex-sv,0980,kangaskhan-bouffalant
6,302,p2,2199,gholdengo-lunatone,0646,ceruledge-ex
6,303,p1,1730,dragapult-dusknoir,1813,n-zoroark
6,304,p2,1829,slowking-scr,0373,gholdengo-lunatone
6,305,p1,1665,charizard-noctowl,0105,charizard-noctowl
6,306,p1,0386,charizard-noctowl,0339,charizard-pidgeot
6,307,tie,1987,cynthia-garchomp-ex,1830,gholdengo-lunatone
6,308,tie,0836,gholdengo-lunatone,1772,charizard-pidgeot
6,309,p1,0722,charizard-pidgeot,0209,charizard-noctowl
6,310,p1,1579,charizard-pidgeot,0119,charizard-pidgeot
6,311,p1,2222,dragapult-dusknoir,1448,tera-box
6,312,p1,0055,charizard-noctowl,2220,raging-bolt-ogerpon
6,313,p1,1041,grimmsnarl-froslass,1105,n-zoroark
6,314,p1,0775,charizard-noctowl,1846,raging-bolt-ogerpon
6,315,p1,0649,dragapult-dusknoir,0319,n-zoroark
6,316,p1,2014,gardevoir-jellicent,1861,dragapult-dusknoir
6,317,p2,0353,gholdengo-lunatone,2240,gholdengo-lunatone
6,318,p2,2129,charizard-noctowl,1034,dragapult-dusknoir
6,319,p2,1911,charizard-noctowl,2186,dragapult-dusknoir
6,320,p2,1192,cynthia-garchomp-ex,1265,raging-bolt-ogerpon
6,321,p1,2099,kangaskhan-bouffalant,1910,gardevoir-jellicent
6,322,p2,1871,gholdengo-lunatone,0629,gardevoir-jellicent
6,323,p1,1039,gholdengo-lunatone,0745,dragapult-dusknoir
6,324,p2,2086,gholdengo-lunatone,1155,gardevoir-jellicent
6,325,p2,0755,gardevoir-jellicent,1019,gholdengo-lunatone
6,326,p2,0944,charizard-noctowl,1317,mega-venusaur-ex
6,327,p1,2122,tera-box,0937,marnie-grimmsnarl-ex
6,328,p2,1110,charizard-noctowl,2258,dragapult-dusknoir
6,329,p1,1571,gholdengo-lunatone,0012,flareon-noctowl
6,330,tie,1857,?,1182,dragapult-dusknoir
6,331,p1,1679,dragapult-dusknoir,0846,cynthia-garchomp-ex
6,332,p2,2003,dragapult-dusknoir,1885,gholdengo-lunatone
6,333,tie,1236,gholdengo-lunatone,1228,gardevoir-ex-sv
6,334,p1,1183,kangaskhan-bouffalant,0968,dragapult-dusknoir
6,335,p1,1433,gholdengo-lunatone,1592,greninja-ex
6,336,p2,1658,iron-hands-magneton,1227,charizard-noctowl
6,337,p1,2060,charizard-noctowl,0645,dragapult-dusknoir
6,338,p2,0120,n-zoroark,1543,dragapult-dusknoir
6,339,p2,2096,mega-absol-box,1083,gardevoir-ex-sv
6,340,p2,0184,gholdengo-lunatone,0941,gardevoir-jellicent
6,341,p2,1642,joltik-box,2218,dragapult-dusknoir
6,342,p2,0892,lopunny-dusknoir,0921,ceruledge-ex
6,343,p2,0383,charizard-noctowl,1033,dragapult-dusknoir
6,344,p1,1854,gardevoir-ex-sv,0351,gardevoir-jellicent
6,345,p1,0607,gholdengo-lunatone,0355,miraidon-eelektrik
6,346,p2,1458,dragapult-dusknoir,1898,charizard-noctowl
6,347,p1,1570,charizard-pidgeot,1220,charizard-noctowl
6,348,p1,2042,gardevoir-jellicent,1215,gardevoir-ex-sv
6,349,tie,1418,rocket-mewtwo-ex,1103,ursaluna-lunatone
6,350,tie,1669,gholdengo-lunatone,2126,gardevoir-jellicent
6,351,p2,0492,gholdengo-lunatone,0462,charizard-noctowl
6,352,p2,1782,tera-box,1070,dragapult-dusknoir
6,353,p1,0292,greninja-ex,0632,dragapult-dusknoir
6,354,p1,0714,kangaskhan-bouffalant,2239,gholdengo-lunatone
6,355,p1,2163,dragapult-dusknoir,0318,gardevoir-jellicent
6,356,p2,1625,gholdengo-lunatone,1618,charizard-noctowl
6,357,p2,1843,alakazam-dudunsparce,0793,dragapult-dusknoir
6,358,p2,1174,charizard-noctowl,0881,gardevoir-jellicent
6,359,p1,1906,gholdengo-lunatone,0392,blaziken-ex-jtg
6,360,p2,0406,n-zoroark,0247,dragapult-dusknoir
6,361,p1,2144,dragapult-dusknoir,1293,gholdengo-lunatone
6,362,p1,1435,dragapult-dusknoir,1582,alakazam-dudunsparce
6,363,p1,1981,gardevoir-jellicent,0585,dragapult-dusknoir
6,364,p1,1185,cynthia-garchomp-ex,0453,raging-bolt-ogerpon
6,365,p1,1506,charizard-noctowl,0322,kangaskhan-bouffalant
6,366,p1,0807,n-zoroark,1061,rocket-spidops
6,367,p1,0123,gardevoir-jellicent,0994,gardevoir-jellicent
6,368,p1,1030,charizard-noctowl,1313,n-zoroark
6,369,p2,0732,flareon-noctowl,0117,dragapult-dusknoir
6,370,tie,0433,?,1420,gardevoir-ex-sv
6,371,p1,1930,charizard-noctowl,0826,gardevoir-ex-sv
6,372,p2,1324,gardevoir-ex-sv,0062,grimmsnarl-froslass
6,373,p1,0020,gholdengo-lunatone,0166,gardevoir-ex-sv
6,374,p2,0756,ceruledge-ex,1044,gholdengo-lunatone
6,375,tie,1574,kangaskhan-bouffalant,0423,gholdengo-lunatone
6,376,p1,1799,dragapult-dusknoir,0459,festival-lead
6,377,tie,1373,gholdengo-lunatone,2176,ceruledge-ex
6,378,p2,1684,n-zoroark,1320,grimmsnarl-froslass
6,379,p2,1257,lopunny-dusknoir,1622,gholdengo-lunatone
6,380,tie,0860,charizard-noctowl,2095,tera-box
6,381,p2,0257,gardevoir-jellicent,1790,charizard-noctowl
6,382,tie,0742,ceruledge-ex,0586,gholdengo-lunatone
6,383,tie,0063,n-zoroark,2264,gholdengo-lunatone
6,384,p1,0863,gholdengo-lunatone,0847,ceruledge-ex
6,385,p2,1251,joltik-box,0377,charizard-noctowl
6,386,tie,0070,dragapult-dusknoir,1431,dragapult-dusknoir
6,387,p1,0902,gholdengo-lunatone,1800,dragapult-charizard
6,388,tie,1165,grimmsnarl-froslass,1720,n-zoroark
6,389,p1,0374,ceruledge-ex,2053,gardevoir-jellicent
6,390,p1,0068,gardevoir-ex-sv,1528,dragapult-dusknoir
6,391,p1,2217,iron-hands-magneton,1097,charizard-noctowl
6,392,p1,1900,charizard-noctowl,0463,gholdengo-lunatone
6,393,tie,1045,cynthia-garchomp-ex,1350,gardevoir-ex-sv
6,394,p1,1026,greninja-ex,1515,gholdengo-lunatone
6,395,p2,2020,charizard-pidgeot,2242,charizard-noctowl
6,396,p2,1811,gholdengo-lunatone,0211,gardevoir-jellicent
6,397,p1,1476,dragapult-dusknoir,1243,n-zoroark
6,398,tie,2131,mega-venusaur-ex,1918,ceruledge-ex
6,399,p1,0655,raging-bolt-ogerpon,2041,gardevoir-jellicent
6,400,p2,1223,ceruledge-ex,1888,grimmsnarl-froslass
6,401,p1,0887,gardevoir-jellicent,1675,gholdengo-lunatone
6,402,tie,1439,n-zoroark,0829,roaring-moon-dudunsparce
6,403,p1,1092,gholdengo-lunatone,1136,charizard-noctowl
6,404,p1,1331,gholdengo-lunatone,0981,gholdengo-lunatone
6,405,p1,0385,gardevoir-jellicent,1380,raging-bolt-ogerpon
6,406,tie,2006,gholdengo-lunatone,1887,charizard-noctowl
6,407,p1,1926,n-zoroark,2008,charizard-noctowl
6,408,p2,1623,charizard-noctowl,0896,dragapult-dusknoir
6,409,p1,1550,joltik-box,1769,dragapult-charizard
6,410,p2,0467,dragapult-dusknoir,0754,gardevoir-ex-sv
6,411,p1,0160,n-zoroark,0354,dragapult-dusknoir
6,412,tie,2170,gholdengo-lunatone,0435,gardevoir-jellicent
6,413,p2,0109,gholdengo-lunatone,0002,gholdengo-lunatone
6,414,p2,1234,dragapult-dusknoir,0127,gholdengo-lunatone
6,415,p1,1453,gholdengo-lunatone,0918,gholdengo-lunatone
6,416,p1,2212,gardevoir-jellicent,0695,gardevoir-ex-sv
6,417,p2,1736,gholdengo-lunatone,0059,gardevoir-ex-sv
6,418,p1,2117,gholdengo-lunatone,1852,mega-absol-box
6,419,p1,0264,charizard-noctowl,1394,gardevoir-ex-sv
6,420,p1,0424,charizard-pidgeot,1714,dragapult-dusknoir
6,421,p2,1777,dragapult-dusknoir,0256,grimmsnarl-froslass
6,422,p1,1208,charizard-pidgeot,1940,gholdengo-lunatone
6,423,tie,0735,gholdengo-lunatone,2157,dragapult-dusknoir
6,424,p2,0633,dragapult-dusknoir,2028,gholdengo-lunatone
6,425,p2,1124,gholdengo-lunatone,0926,kangaskhan-bouffalant
6,426,p1,1158,n-zoroark,0388,gardevoir-jellicent
6,427,p1,1764,dragapult-dusknoir,0844,grimmsnarl-froslass
6,428,p2,1416,dragapult-dusknoir,0967,gholdengo-lunatone
6,429,p2,0400,mega-venusaur-ex,0111,dragapult-charizard
6,430,p2,1677,gardevoir-ex-sv,1415,charizard-noctowl
6,431,p1,0060,dragapult-charizard,1514,gholdengo-lunatone
6,432,p1,1189,mega-absol-box,1009,gardevoir-ex-sv
6,433,p1,1593,alakazam-dudunsparce,1825,kangaskhan-bouffalant
6,434,p2,2025,charizard-noctowl,2017,gholdengo-lunatone
6,435,p1,1384,charizard-noctowl,0195,gholdengo-ex
6,436,p1,1352,raging-bolt-ogerpon,1517,dragapult-dusknoir
6,437,p1,0808,ceruledge-ex,1670,gholdengo-lunatone
6,438,p2,0153,gholdengo-lunatone,1831,raging-bolt-ogerpon
6,439,p2,1150,dragapult-charizard,0372,raging-bolt-ogerpon
6,440,p2,1132,gholdengo-lunatone,0956,dragapult-charizard
6,441,p2,1557,gardevoir-ex-sv,2124,charizard-noctowl
6,442,p2,1436,gardevoir-ex-sv,2009,raging-bolt-ogerpon
6,443,p1,0751,gardevoir-ex-sv,0933,charizard-noctowl
6,444,p1,0167,dragapult-dusknoir,1462,charizard-pidgeot
6,445,p2,0008,dragapult-dusknoir,0982,gardevoir-ex-sv
6,446,p2,0375,dragapult-dusknoir,2262,gardevoir-ex-sv
6,447,p1,0514,n-zoroark,1919,grimmsnarl-froslass
6,448,p1,1671,raging-bolt-ogerpon,0534,gardevoir-ex-sv
6,449,p1,1120,charizard-pidgeot,1268,gardevoir-ex-sv
6,450,p1,1449,gholdengo-lunatone,1181,dragapult-dusknoir
6,451,p2,1615,palafin-ex,0961,dragapult-dusknoir
6,452,p2,0175,iron-thorns-crustle,1038,raging-bolt-ogerpon
6,453,p1,1238,charizard-pidgeot,1005,gardevoir-jellicent
6,454,p1,1558,gholdengo-lunatone,0335,charizard-noctowl
6,455,p1,2068,gholdengo-lunatone,0029,charizard-pidgeot
6,456,tie,2267,grimmsnarl-froslass,2231,mega-absol-box
6,457,p2,1461,n-zoroark,1851,kangaskhan-bouffalant
6,458,p1,0170,gholdengo-lunatone,1509,gholdengo-lunatone
6,459,p1,0001,gardevoir-ex-sv,0180,gholdengo-lunatone
6,460,p1,0017,gholdengo-lunatone,2080,gardevoir-ex-sv
6,461,p2,1954,gholdengo-lunatone,1032,froslass-munkidori
6,462,p1,0468,gardevoir-ex-sv,1129,gholdengo-lunatone
6,463,p2,1205,froslass-munkidori,1942,charizard-noctowl
6,464,p2,0971,gholdengo-lunatone,0963,gholdengo-lunatone
6,465,p1,1651,dragapult-dusknoir,1668,gholdengo-lunatone
6,466,p1,0098,gholdengo-lunatone,0112,joltik-box
6,467,p2,0696,gardevoir-ex-sv,0032,charizard-noctowl
6,468,p2,0908,dragapult-dusknoir,2102,gholdengo-lunatone
6,469,p1,0574,charizard-noctowl,0509,mega-absol-box
6,470,p2,2015,charizard-noctowl,0410,gardevoir-jellicent
6,471,p1,2155,gholdengo-lunatone,1659,gardevoir-ex-sv
6,472,p1,0280,dragapult-dusknoir,1903,gholdengo-lunatone
6,473,p2,1212,charizard-pidgeot,1341,kangaskhan-bouffalant
6,474,tie,0169,grimmsnarl-froslass,1835,gholdengo-lunatone
6,475,p2,1442,gholdengo-lunatone,1805,dragapult-dusknoir
6,476,p1,0485,gholdengo-lunatone,2118,gardevoir-jellicent
6,477,p2,2085,gholdengo-lunatone,1850,dragapult-dusknoir
6,478,p1,1536,charizard-noctowl,0288,greninja-ex
6,479,p2,1408,gholdengo-lunatone,1200,mega-venusaur-ex
6,480,p2,2018,gholdengo-lunatone,0085,flareon-noctowl
6,481,tie,1867,seaking-pre,1774,gholdengo-lunatone
6,482,p1,1968,lucario-hariyama,1304,?roaring-moon
6,483,p2,1880,gholdengo-lunatone,0625,greninja-ex
6,484,p1,0254,gardevoir-ex-sv,0572,gardevoir-ex-sv
6,485,p1,1397,charizard-pidgeot,1360,gholdengo-lunatone
6,486,p2,2101,seaking-pre,2248,gardevoir-ex-sv
6,487,p1,0179,gholdengo-lunatone,2179,grimmsnarl-froslass
6,488,p1,0249,grimmsnarl-froslass,1868,kangaskhan-bouffalant
6,489,p2,0311,n-zoroark,1601,dragapult-dusknoir
6,490,p1,2116,charizard-noctowl,0739,gardevoir-jellicent
6,491,p1,2168,dragapult-dusknoir,2208,conkeldurr-twm
6,492,p2,2169,ogerpon-meganium,0124,gardevoir-ex-sv
6,493,p2,0405,gardevoir-ex-sv,0856,gholdengo-lunatone
6,494,p2,0532,froslass-munkidori,0023,gholdengo-lunatone
6,495,p2,1827,gardevoir-ex-sv,1133,ursaluna-lunatone
6,496,p2,1532,dragapult-dusknoir,1905,gholdengo-lunatone
6,497,p1,0621,charizard-pidgeot,2077,charizard-pidgeot
6,498,p1,0949,gholdengo-lunatone,0477,charizard-noctowl
6,499,p2,0222,dragapult-dusknoir,1230,froslass-munkidori
6,500,tie,1634,gholdengo-lunatone,0699,dragapult-dusknoir
6,501,p2,0275,tera-box,2187,gholdengo-lunatone
6,502,p2,1504,gholdengo-lunatone,0481,grimmsnarl-froslass
6,503,tie,0276,gholdengo-lunatone,0817,charizard-noctowl
6,504,p2,1549,charizard-noctowl,0042,mega-absol-box
6,505,p2,2197,ceruledge-ex,1157,iron-thorns-crustle
6,506,p1,1154,charizard-noctowl,0434,froslass-munkidori
6,507,p2,1969,charizard-noctowl,2260,gardevoir-ex-sv
6,508,p2,1211,gardevoir-ex-sv,0432,n-zoroark
6,509,p1,1392,raging-bolt-ogerpon,1889,dragapult-charizard
6,510,p2,0891,sharpedo-toxtricity,0843,charizard-noctowl
6,511,p1,2224,ursaluna-lunatone,1332,grimmsnarl-froslass
6,512,p1,0048,charizard-pidgeot,0678,joltik-box
6,513,tie,2191,greninja-ex,0611,charizard-noctowl
6,514,p2,0943,gholdengo-lunatone,2082,alakazam-dudunsparce
6,515,p1,0762,dragapult-charizard,1221,mega-venusaur-ex
6,516,p1,1428,gholdengo-lunatone,2146,lucario-hariyama
6,517,p1,1128,dragapult-dusknoir,1965,gholdengo-typhlosion
6,518,p2,1627,gholdengo-lunatone,0787,gholdengo-lunatone
6,519,p2,0007,gholdengo-lunatone,1845,gholdengo-lunatone
6,520,p2,2057,gholdengo-joltik-box,1399,charizard-noctowl
6,521,p2,1988,n-zoroark,1001,dragapult-dusknoir
6,522,p1,1264,charizard-pidgeot,0067,pidgeot-control
6,523,p1,2127,kangaskhan-bouffalant,1014,joltik-box
6,524,p2,1153,kangaskhan-bouffalant,1440,gholdengo-lunatone
6,525,p1,0530,dragapult-charizard,1486,charizard-pidgeot
6,526,p2,2150,dragapult-dusknoir,1897,charizard-pidgeot
6,527,p2,1788,gholdengo-lunatone,1990,charizard-noctowl
6,528,p1,1696,raging-bolt-ogerpon,1116,n-zoroark
6,529,p1,1003,charizard-pidgeot,0582,dragapult-dusknoir
6,530,tie,0268,?roaring-moon,2227,gholdengo-lunatone
6,531,p2,0225,dragapult-dusknoir,0503,gholdengo-lunatone
6,532,p1,0013,gholdengo-lunatone,0163,tera-box
6,533,p1,1339,kangaskhan-bouffalant,2174,charizard-noctowl
6,534,p1,1278,toxtricity-pfl,1059,dragapult-dusknoir
6,535,p2,1454,gholdengo-lunatone,1289,joltik-box
6,536,p1,0186,gholdengo-lunatone,0928,mega-absol-box
6,537,p2,0567,lucario-hariyama,0768,dragapult-dusknoir
6,538,p1,2061,charizard-noctowl,0809,gardevoir-jellicent
6,539,p1,2243,charizard-noctowl,1239,gholdengo-lunatone
6,540,p1,1134,n-zoroark,1184,lopunny-dusknoir
6,541,p2,0969,gholdengo-lunatone,1909,dragapult-dusknoir
6,542,p1,1779,ursaluna-lunatone,1258,tera-box
6,543,p1,2094,greninja-ex,1387,charizard-noctowl
6,544,p1,1017,dragapult-dusknoir,0137,dragapult-charizard
6,545,p1,1067,dragapult-dusknoir,0587,gardevoir-jellicent
6,546,p1,0652,gholdengo-lunatone,2065,charizard-noctowl
6,547,p1,0913,charizard-noctowl,0970,gardevoir-ex-sv
6,548,p2,0474,gholdengo-lunatone,0177,dragapult-dusknoir
6,549,p2,1872,gardevoir-jellicent,1998,dragapult-dusknoir
6,550,p1,1118,dragapult-charizard,1159,lopunny-dusknoir
6,551,p2,1255,charizard-noctowl,0239,charizard-noctowl
6,552,p2,1176,raging-bolt-ogerpon,0665,dragapult-dusknoir
6,553,p1,0143,gholdengo-lunatone,0569,gholdengo-lunatone
6,554,p1,1524,charizard-pidgeot,2038,n-zoroark
6,555,p2,0027,gholdengo-lunatone,1862,gholdengo-lunatone
6,556,p1,1121,kangaskhan-bouffalant,0760,charizard-pidgeot
6,557,p2,1505,greninja-ex,0144,gardevoir-ex-sv
6,558,p2,0417,gholdengo-lunatone,1366,charizard-pidgeot
6,559,p2,0777,gholdengo-lunatone,1687,grimmsnarl-froslass
6,560,p2,1986,tera-box,1590,gardevoir-jellicent
6,561,p2,1187,sharpedo-toxtricity,0597,greninja-ex
6,562,p2,2228,gardevoir-ex-sv,1427,raging-bolt-ogerpon
6,563,p2,0636,gardevoir-jellicent,2007,charizard-pidgeot
6,564,p1,1213,charizard-noctowl,0962,alakazam-dudunsparce
6,565,p1,1629,gholdengo-lunatone,1203,kangaskhan-bouffalant
6,566,p2,0412,gholdengo-lunatone,1631,charizard-noctowl
6,567,p1,0609,gardevoir-ex-sv,0932,tera-box
6,568,p1,0429,tera-box,1591,gholdengo-lunatone
6,569,p2,0852,gholdengo-lunatone,1819,gholdengo-typhlosion
6,570,p1,1284,gholdengo-lunatone,0882,gholdengo-lunatone
6,571,p2,1726,dragapult-dusknoir,0310,gholdengo-lunatone
6,572,p2,1604,dragapult-dusknoir,1149,charizard-pidgeot
6,573,p1,0566,gardevoir-jellicent,1749,charizard-pidgeot
6,574,p1,0336,n-zoroark,0418,dragapult-dusknoir
6,575,p1,1523,dragapult-charizard,0973,dragapult-dusknoir
6,576,p2,1008,alakazam-dudunsparce,1716,raging-bolt-ogerpon
6,577,p2,2091,greninja-ex,1856,gardevoir-ex-sv
6,578,p2,1966,gholdengo-lunatone,0855,n-zoroark
6,579,p1,0818,gardevoir-ex-sv,0767,ceruledge-ex
6,580,tie,0438,alakazam-dudunsparce,0925,mega-absol-box
6,581,p1,2156,raging-bolt-ogerpon,0576,gholdengo-lunatone
6,582,p2,1275,gholdengo-lunatone,0712,iron-hands-magneton
6,583,p1,0465,gholdengo-lunatone,1166,charizard-noctowl
6,584,p2,1877,dragapult-dusknoir,0452,mega-venusaur-ex
6,585,tie,0138,marnie-grimmsnarl-ex,1569,charizard-noctowl
6,586,p2,1548,sharpedo-toxtricity,1721,dragapult-dusknoir
6,587,p2,0773,hop-zacian,1840,charizard-noctowl
6,588,p1,1952,ursaluna-lunatone,1866,dragapult-charizard
6,589,tie,0391,charizard-noctowl,0702,lopunny-dusknoir
6,590,p1,0454,flareon-noctowl,0631,charizard-noctowl
6,591,p1,0146,grimmsnarl-froslass,0753,gholdengo-lunatone
6,592,p1,0531,gholdengo-lunatone,0816,charizard-noctowl
6,593,p2,1759,gardevoir-ex-sv,0901,gholdengo-lunatone
6,594,p2,1648,charizard-noctowl,1064,gardevoir-jellicent
6,595,p2,0478,gardevoir-ex-sv,0774,gholdengo-lunatone
6,596,p2,0235,gholdengo-lunatone,0707,alakazam-dudunsparce
6,597,tie,1934,charizard-noctowl,0162,alakazam-dudunsparce
6,598,p1,0315,gardevoir-ex-sv,0472,charizard-noctowl
6,599,p2,1980,grimmsnarl-froslass,2075,charizard-noctowl
6,600,p1,2084,dragapult-dusknoir,2229,gholdengo-lunatone
6,601,p1,1939,charizard-noctowl,0637,gardevoir-ex-sv
6,602,p2,0838,lopunny-dusknoir,0223,gardevoir-ex-sv
6,603,p2,1029,dragapult-dusknoir,1703,gholdengo-lunatone
6,604,p2,0595,lopunny-dusknoir,1554,n-zoroark
6,605,p1,0533,gardevoir-ex-sv,0630,dragapult-dusknoir
6,606,p2,1358,dragapult-dusknoir,0164,gholdengo-lunatone
6,607,tie,0244,charizard-pidgeot,1011,gardevoir-ex-sv
6,608,p2,1055,raging-bolt-ogerpon,0199,dragapult-dusknoir
6,609,p2,0338,mega-absol-box,1052,dragapult-ex
6,610,tie,1715,dragapult-dusknoir,1971,gardevoir-ex-sv
6,611,p2,1404,gholdengo-lunatone,0449,gholdengo-lunatone
6,612,tie,2158,charizard-noctowl,2161,gholdengo-lunatone
6,613,p2,1908,gholdengo-lunatone,0497,gardevoir-jellicent
6,614,p2,0914,alakazam-dudunsparce,1821,gardevoir-jellicent
6,615,p1,1168,dragapult-dusknoir,1761,n-zoroark
6,616,p2,1130,ceruledge-ex,1812,tera-box
6,617,p1,0929,other,1531,tera-box
6,618,p2,1375,gardevoir-jellicent,1820,dragapult-dusknoir
6,619,p1,0792,kangaskhan-bouffalant,1552,gardevoir-jellicent
6,620,p2,0358,ho-oh-armarouge,0255,alakazam-dudunsparce
6,621,p2,0234,gholdengo-lunatone,0142,gholdengo-lunatone
6,622,p2,0726,gholdengo-lunatone,0977,gholdengo-lunatone
6,623,p1,0802,dragapult-dusknoir,1545,dragapult-dusknoir
6,624,p1,2185,mega-absol-box,1928,gardevoir-jellicent
6,625,p1,1949,ceruledge-ex,0238,dragapult-dusknoir
6,626,p1,0554,gholdengo-lunatone,0542,charizard-noctowl
6,627,p1,0718,raging-bolt-ogerpon,0866,gardevoir-jellicent
6,628,p1,0813,kangaskhan-bouffalant,0697,gholdengo-lunatone
6,629,p2,0729,gholdengo-lunatone,0842,gardevoir-jellicent
6,630,tie,1920,joltik-box,0082,charizard-pidgeot
6,631,p1,1744,gholdengo-joltik-box,1046,gardevoir-ex-sv
6,632,p1,0108,charizard-pidgeot,1693,tera-box
6,633,p2,1162,charizard-noctowl,1855,n-zoroark
6,634,p1,0248,cynthia-garchomp-ex,1844,charizard-noctowl
6,635,p2,1422,alakazam-dudunsparce,2270,tera-box
6,636,p2,2059,sharpedo-toxtricity,1771,alakazam-dudunsparce
6,637,p1,0126,gholdengo-lunatone,1516,gholdengo-lunatone
6,638,p2,1948,mega-absol-box,1810,raging-bolt-ogerpon
6,639,p1,1084,gholdengo-lunatone,1400,n-zoroark
6,640,p1,0409,slowking-scr,0495,gholdengo-lunatone
6,641,p1,0190,kangaskhan-bouffalant,2089,charizard-pidgeot
6,642,p2,0352,charizard-noctowl,2142,gholdengo-lunatone
6,643,p2,0988,mega-absol-box,2237,charizard-noctowl
6,644,p1,0090,mega-absol-box,1824,manectric-eelektrik
6,645,p1,1985,gholdengo-lunatone,0403,raging-bolt-ogerpon
6,646,p1,1407,gardevoir-ex-sv,0638,raging-bolt-ogerpon
6,647,p2,0448,gardevoir-jellicent,1818,gardevoir-ex-sv
6,648,p1,0593,gholdengo-lunatone,1143,gardevoir-ex-sv
6,649,p1,0030,ceruledge-ex,1222,charizard-pidgeot
6,650,p2,1210,gholdengo-lunatone,0668,gardevoir-ex-sv
6,651,p2,1111,gholdengo-lunatone,1692,gholdengo-lunatone
6,652,p2,0677,flareon-noctowl,0458,charizard-noctowl
6,653,p2,1578,sharpedo-toxtricity,0874,gholdengo-ex
6,654,p1,1241,joltik-box,2139,dragapult-dusknoir
6,655,p1,0639,gholdengo-lunatone,0037,charizard-noctowl
6,656,p1,0152,dragapult-dusknoir,1095,mega-absol-box
6,657,p2,1325,charizard-noctowl,1860,kangaskhan-bouffalant
6,658,p1,1478,kangaskhan-bouffalant,0397,n-zoroark
6,659,p2,0713,charizard-noctowl,1438,gholdengo-lunatone
6,660,p2,1040,gardevoir-jellicent,1713,gholdengo-lunatone
6,661,p1,1383,dragapult-dusknoir,0110,gholdengo-lunatone
6,662,p1,2119,gardevoir-jellicent,2056,gardevoir-jellicent
6,663,p2,0998,charizard-noctowl,0783,mega-latias-ex
6,664,p2,0451,gardevoir-jellicent,1298,raging-bolt-ogerpon
6,665,p1,0370,gardevoir-jellicent,1088,greninja-ex
6,666,tie,0849,charizard-noctowl,1314,n-zoroark
6,667,p1,2153,gardevoir-jellicent,1974,gardevoir-ex-sv
6,668,p1,0064,flareon-noctowl,1902,hydrapple-ogerpon
6,669,p1,1245,gholdengo-lunatone,0227,dragapult-dusknoir
6,670,tie,0824,dragapult-dusknoir,0141,n-zoroark
6,671,p1,1624,gholdengo-joltik-box,1501,gholdengo-lunatone
6,672,p1,0989,meowscarada-ex,1754,n-zoroark
6,673,p1,1691,gholdengo-lunatone,0212,charizard-noctowl
6,674,tie,1477,gholdengo-lunatone,1242,charizard-pidgeot
6,675,p2,0825,gardevoir-ex-sv,0657,gholdengo-lunatone
6,676,p1,0171,dragapult-dusknoir,0687,n-zoroark
6,677,p2,1466,gholdengo-lunatone,1537,gholdengo-ex
6,678,p2,1487,conkeldurr-twm,0357,gardevoir-jellicent
6,679,p1,0761,charizard-noctowl,1226,joltik-box
6,680,p1,1409,joltik-box,1929,miraidon-eelektrik
6,681,p2,0708,charizard-noctowl,0650,charizard-pidgeot
6,682,tie,0717,grimmsnarl-froslass,0615,grimmsnarl-froslass
6,683,p2,1763,other,2066,dragapult-dusknoir
6,684,tie,0605,raging-bolt-ogerpon,1718,ho-oh-armarouge
6,685,p1,0058,mega-venusaur-ex,1747,gholdengo-lunatone
6,686,p1,2184,charizard-noctowl,0512,ceruledge-ex
6,687,p1,0321,flareon-noctowl,1233,charizard-noctowl
6,688,p2,0904,joltik-box,0378,raging-bolt-ogerpon
6,689,p1,2181,gholdengo-lunatone,2048,gardevoir-ex-sv
6,690,p1,2154,gholdengo-lunatone,0679,lopunny-dusknoir
6,691,p2,0426,dragapult-dusknoir,1995,gholdengo-lunatone
6,692,p2,0092,gholdengo-lunatone,2108,kangaskhan-bouffalant
6,693,p1,2196,gholdengo-lunatone,1645,n-zoroark
6,694,tie,1273,charizard-pidgeot,0291,mega-absol-box
6,695,p2,1254,charizard-noctowl,0521,tera-box
6,696,p1,1480,dragapult-dusknoir,1609,charizard-noctowl
6,697,p2,1700,raging-bolt-ogerpon,2050,joltik-box
6,698,p2,0253,gholdengo-lunatone,0828,mega-absol-box
6,699,p1,0610,lopunny-dusknoir,0097,pidgeot-control
6,700,p1,0601,dragapult-dusknoir,0537,slowking-scr
6,701,tie,1475,charizard-pidgeot,0997,ceruledge-ex
6,702,p1,0102,charizard-pidgeot,1884,gholdengo-lunatone
6,703,p1,2033,alakazam-dudunsparce,2067,dragapult-dusknoir
6,704,p1,0580,toxtricity-pfl,0236,dragapult-dusknoir
6,705,p1,0564,gardevoir-ex-sv,2190,dragapult-dusknoir
6,706,p2,0946,other,1690,dragapult-dusknoir
6,707,p2,1735,gholdengo-joltik-box,0243,dragapult-dusknoir
6,708,p2,0797,gholdengo-lunatone,2073,ceruledge-ex
6,709,p1,0018,gholdengo-lunatone,0317,dragapult-dusknoir
6,710,p1,1544,ceruledge-ex,0758,gholdengo-lunatone
6,711,p2,0964,gholdengo-lunatone,0957,gholdengo-lunatone
6,712,p2,0214,lucario-hariyama,0670,dragapult-dusknoir
6,713,tie,1600,ceruledge-ex,1633,dragapult-dusknoir
6,714,p2,1924,n-zoroark,1775,crustle-dri
6,715,p1,1036,greninja-ex,1793,gardevoir-jellicent
6,716,p1,1904,ceruledge-ex,1023,gholdengo-lunatone
6,717,p2,1456,charizard-noctowl,1605,kangaskhan-bouffalant
6,718,p2,0240,greninja-ex,0026,lopunny-dusknoir
6,719,p2,0308,joltik-box,2076,gardevoir-ex-sv
6,720,p2,2070,tera-box,2256,dragapult-charizard
6,721,p1,0011,cynthia-garchomp-ex,2047,dragapult-dusknoir
6,722,p2,1446,dragapult-dusknoir,1635,lucario-hariyama
6,723,p1,1794,gardevoir-ex-sv,0555,gardevoir-jellicent
6,724,p1,0346,ceruledge-ex,0583,dragapult-dusknoir
6,725,p2,0647,ho-oh-armarouge,2054,dragapult-dusknoir
6,726,p1,0332,dragapult-dusknoir,0911,gholdengo-lunatone
6,727,p2,0118,cynthia-garchomp-ex,1626,gholdengo-lunatone
6,728,p1,1712,lucario-hariyama,2046,flareon-noctowl
6,729,p1,0416,charizard-noctowl,1778,gholdengo-lunatone
6,730,p2,2164,gholdengo-lunatone,1798,seaking-pre
6,731,p1,1488,dragapult-dusknoir,0445,gholdengo-lunatone
6,732,p1,1745,ethan-typhlosion,1423,gardevoir-jellicent
6,733,p2,1310,flareon-noctowl,0071,dragapult-dusknoir
6,734,p1,1309,dragapult-dusknoir,1767,gardevoir-jellicent
6,735,p1,0684,alakazam-dudunsparce,1589,charizard-pidgeot
6,736,p2,1923,gholdengo-lunatone,1750,gholdengo-dudunsparce
6,737,p2,0272,dragapult-dusknoir,0088,gardevoir-jellicent
6,738,p1,1198,mega-venusaur-ex,1765,gholdengo-lunatone
6,739,p2,1838,dragapult-dusknoir,1389,charizard-noctowl
6,740,p1,0136,alakazam-dudunsparce,1686,raging-bolt-ogerpon
6,741,p2,2215,dragapult-dusknoir,2064,grimmsnarl-froslass
6,742,p1,2105,gardevoir-ex-sv,0976,gardevoir-ex-sv
6,743,p1,2205,gardevoir-ex-sv,1379,n-zoroark
6,744,p1,0599,dragapult-dusknoir,2247,kangaskhan-bouffalant
6,745,p1,0134,charizard-noctowl,0139,raging-bolt-ogerpon
6,746,p1,0298,gholdengo-lunatone,0730,n-zoroark
6,747,p1,0219,gholdengo-lunatone,0371,ceruledge-ex
6,748,p1,2175,gardevoir-jellicent,1958,n-zoroark
6,749,p1,1073,gholdengo-joltik-box,0955,gardevoir-ex-sv
6,750,p2,0676,dragapult-dusknoir,1756,gardevoir-ex-sv
6,751,p1,1991,charizard-noctowl,1874,gardevoir-jellicent
6,752,p2,0484,gardevoir-jellicent,1873,slaking-ex
6,753,p1,0635,ethan-typhlosion,0414,gholdengo-lunatone
6,754,tie,0084,kangaskhan-bouffalant,1402,gholdengo-lunatone
6,755,p2,0801,sharpedo-toxtricity,1608,gardevoir-ex-sv
6,756,tie,0340,dragapult-dusknoir,0995,alakazam-dudunsparce
6,757,p2,0072,gholdengo-lunatone,1126,gholdengo-lunatone
6,758,tie,1455,flareon-noctowl,0496,other
6,759,p1,0220,gholdengo-joltik-box,1122,gardevoir-jellicent
6,760,p2,2032,alakazam-dudunsparce,1161,gardevoir-jellicent
6,761,p1,0871,ceruledge-ex,0155,mega-absol-box
6,762,p2,0723,gholdengo-lunatone,2037,charizard-noctowl
6,763,p1,2269,gholdengo-lunatone,2151,alakazam-dudunsparce
6,764,p1,0270,gardevoir-ex-sv,0266,dragapult-dusknoir
6,765,p2,1702,gardevoir-jellicent,1683,flareon-noctowl
6,766,p1,0789,dragapult-dusknoir,1577,charizard-noctowl
6,767,p2,0590,kangaskhan-bouffalant,1780,dragapult-dusknoir
6,768,p1,0954,gholdengo-lunatone,0133,dragapult-dusknoir
6,769,tie,2045,grimmsnarl-froslass,0040,alakazam-dudunsparce
6,770,p2,1932,dragapult-dusknoir,1576,tera-box
6,771,p2,2107,raging-bolt-ogerpon,1617,gardevoir-jellicent
6,772,p1,2078,charizard-noctowl,0738,kangaskhan-bouffalant
6,773,p1,0044,gardevoir-ex-sv,1848,gardevoir-ex-sv
6,774,tie,1020,gholdengo-lunatone,2097,mega-absol-box
6,775,p2,1471,alakazam-dudunsparce,2203,charizard-noctowl
6,776,tie,0704,grimmsnarl-froslass,2202,ceruledge-ex
6,777,p2,1656,gholdengo-lunatone,0796,raging-bolt-ogerpon
6,778,p2,0705,gardevoir-ex-sv,1240,n-zoroark
6,779,p1,0747,gardevoir-jellicent,2072,iron-thorns-ex
6,780,double_loss,1526,kangaskhan-bouffalant,0075,dragapult-charizard
6,781,p2,1997,gholdengo-lunatone,0875,dragapult-dusknoir
6,782,p2,1783,gardevoir-ex-sv,2022,gholdengo-lunatone
6,783,p1,1649,dragapult-charizard,0930,gardevoir-jellicent
6,784,p1,1193,dragapult-dusknoir,0878,dragapult-dusknoir
6,785,p1,0016,seaking-pre,0953,n-zoroark
6,786,p1,1913,alakazam-dudunsparce,0178,lucario-hariyama
6,787,p2,1191,charizard-pidgeot,1573,charizard-noctowl
6,788,p2,0517,mega-absol-box,1680,charizard-noctowl
6,789,p1,0334,dragapult-dusknoir,1447,archaludon-ex
6,790,tie,0910,dragapult-dusknoir,1336,alakazam-dudunsparce
6,791,p1,1603,alakazam-dudunsparce,0327,charizard-noctowl
6,792,p1,1079,kangaskhan-bouffalant,1723,dragapult-dusknoir
6,793,p1,1967,gholdengo-lunatone,1876,gholdengo-lunatone
6,794,p1,2115,ceruledge-ex,1899,raging-bolt-ogerpon
6,795,p2,0498,mega-absol-box,1890,gardevoir-ex-sv
6,796,p1,0028,dragapult-dusknoir,0422,dragapult-dusknoir
6,797,p2,0461,gholdengo-ex,2182,gholdengo-lunatone
6,798,p2,0671,gardevoir-ex-sv,1743,charizard-ex
6,799,p2,1445,dragapult-dusknoir,1581,crustle-dri
6,800,p2,2259,tera-box,0996,gholdengo-lunatone
6,801,p1,1503,grimmsnarl-froslass,0107,ceruledge-ex
6,802,p1,1864,charizard-noctowl,1047,gardevoir-jellicent
6,803,p2,1351,n-zoroark,0174,gardevoir-jellicent
6,804,p1,1510,charizard-noctowl,0217,gardevoir-ex-sv
6,805,tie,0299,gholdengo-lunatone,1413,dragapult-dusknoir
6,806,p1,0795,alakazam-dudunsparce,0006,gholdengo-lunatone
6,807,p1,1188,gardevoir-jellicent,1002,seaking-pre
6,808,p2,0543,slowking-scr,1489,dragapult-dusknoir
6,809,p1,0297,gardevoir-ex-sv,1303,alakazam-dudunsparce
6,810,p2,2183,charizard-pidgeot,1707,alakazam-dudunsparce
6,811,p1,2069,charizard-noctowl,1078,charizard-pidgeot
6,812,p2,1218,charizard-pidgeot,1058,gholdengo-lunatone
6,813,p1,0430,gholdengo-lunatone,0927,dragapult-dusknoir
6,814,p2,0734,grimmsnarl-froslass,0128,grimmsnarl-froslass
6,815,p1,0907,gardevoir-ex-sv,0207,lucario-hariyama
6,816,p2,0330,n-zoroark,0952,gholdengo-lunatone
6,817,p1,2030,dragapult-dusknoir,1959,dragapult-dusknoir
6,818,p1,0349,gardevoir-ex-sv,1953,gholdengo-lunatone
6,819,p2,0990,dragapult-dusknoir,0116,n-zoroark
6,820,p2,0763,gholdengo-lunatone,1808,gardevoir-ex-sv
6,821,tie,1660,grimmsnarl-froslass,0867,gholdengo-lunatone
6,822,p2,0622,charizard-pidgeot,1204,raging-bolt-ogerpon
6,823,p2,0341,ceruledge-ex,1306,grimmsnarl-froslass
6,824,p2,1520,gardevoir-ex-sv,1753,ceruledge-ex
6,825,p2,2120,other,1561,raging-bolt-ogerpon
6,826,p2,1797,ceruledge-ex,1512,seaking-pre
6,827,p1,0250,mega-absol-box,0840,?roaring-moon
6,828,p1,0337,gholdengo-lunatone,0296,gholdengo-lunatone
6,829,p1,1086,gholdengo-lunatone,1606,n-zoroark
6,830,p1,1551,dragapult-charizard,0301,charizard-noctowl
6,831,p1,1588,hydreigon-ex,0820,flareon-noctowl
6,832,p2,0900,dragapult-charizard,0398,dragapult-dusknoir
6,833,p2,0069,rocket-porygon-z,1976,gardevoir-jellicent
6,834,tie,0329,charizard-noctowl,1080,pidgeot-control
6,835,p2,0857,dragapult-dusknoir,0800,ceruledge-ex
6,836,p2,0314,charizard-pidgeot,0972,kangaskhan-bouffalant
6,837,p1,1946,dragapult-dusknoir,1261,sharpedo-toxtricity
6,838,p2,0456,gardevoir-ex-sv,1075,gholdengo-lunatone
6,839,p1,0326,tera-box,0154,dragapult-dusknoir
6,840,p2,1870,gholdengo-lunatone,0368,mega-absol-box
6,841,p2,1081,dragapult-dusknoir,0897,dragapult-dusknoir
6,842,p1,0628,charizard-pidgeot,1748,gholdengo-lunatone
6,843,p2,0778,hydrapple-ogerpon,1246,gholdengo-lunatone
6,844,p1,1638,gholdengo-lunatone,0561,gardevoir-jellicent
6,845,p1,0791,dragapult-dusknoir,1367,dragapult-dusknoir
6,846,tie,2021,hydreigon-ex,1365,gardevoir-ex-sv
6,847,p1,2027,kangaskhan-bouffalant,1938,ho-oh-armarouge
6,848,p2,1768,gholdengo-lunatone,1013,gholdengo-lunatone
6,849,p2,1152,other,2167,charizard-noctowl
6,850,p2,1167,marnie-grimmsnarl-ex,2211,other
6,851,p1,1492,alakazam-dudunsparce,0189,charizard-pidgeot
6,852,p1,1053,charizard-pidgeot,0850,lucario-hariyama
6,853,p2,1727,joltik-box,0304,dragapult-dusknoir
6,854,p1,1250,gholdengo-lunatone,0479,mega-absol-box
6,855,p2,0644,gholdengo-lunatone,1781,greninja-ex
6,856,p1,1630,dragapult-dusknoir,1619,kangaskhan-bouffalant
6,857,p2,1349,alakazam-dudunsparce,2232,tera-box
6,858,p2,1271,dragapult-dusknoir,1533,dragapult-charizard
6,859,p1,1382,dragapult-dusknoir,1803,gholdengo-lunatone
6,860,p2,1089,kangaskhan-bouffalant,1343,gholdengo-lunatone
6,861,p1,0749,charizard-noctowl,0814,lopunny-dusknoir
6,862,p2,2004,mega-venusaur-ex,1345,gholdengo-lunatone
6,863,tie,0794,gholdengo-lunatone,1237,slowking-scr
6,864,p1,0986,dragapult-dusknoir,1280,charizard-noctowl
6,865,p2,1328,gholdengo-lunatone,1141,gardevoir-ex-sv
6,866,tie,1066,gardevoir-jellicent,1643,lopunny-dusknoir
6,867,p2,0106,gardevoir-ex-sv,0216,lopunny-dusknoir
6,868,p1,0323,pidgeot-control,0363,dragapult-dusknoir
6,869,p2,2130,n-zoroark,0447,charizard-noctowl
6,870,p1,0772,n-zoroark,0666,lopunny-dusknoir
6,871,p2,1219,kangaskhan-bouffalant,0262,gardevoir-jellicent
6,872,p1,1499,dragapult-dusknoir,0113,charizard-noctowl
6,873,tie,1912,gholdengo-lunatone,2026,dragapult-dusknoir
6,874,tie,1305,froslass-munkidori,0950,gholdengo-lunatone
6,875,p1,1541,gholdengo-lunatone,1616,charizard-pidgeot
6,876,p1,0191,gardevoir-jellicent,0038,n-zoroark
6,877,tie,1468,gholdengo-lunatone,0056,raging-bolt-ogerpon
6,878,tie,2216,lopunny-dusknoir,0987,flareon-ex
6,879,p2,1146,dragapult-charizard,0545,charizard-noctowl
6,880,p2,1701,gholdengo-lunatone,0528,dragapult-dusknoir
6,881,p2,0094,gholdengo-lunatone,2100,raging-bolt-ogerpon
6,882,p1,1342,charizard-noctowl,0623,gholdengo-lunatone
6,883,p2,0984,hydreigon-ex,2238,gholdengo-lunatone
6,884,p2,0436,gardevoir-ex-sv,1117,charizard-pidgeot
6,885,p2,1676,lopunny-dusknoir,0226,charizard-ex
6,886,p1,1108,cynthia-garchomp-ex,0606,dragapult-dusknoir
6,887,p1,1206,mega-venusaur-ex,1792,gardevoir-jellicent
6,888,p2,1955,gholdengo-lunatone,0502,charizard-pidgeot
6,889,p1,1762,mega-abomasnow-ex,0196,gholdengo-lunatone
6,890,p1,1260,mega-absol-box,0150,other
6,,bye,1131,tsareena-ex,,
7,1,p1,0784,dragapult-dusknoir,0966,gardevoir-jellicent
7,2,p2,1049,gardevoir-ex-sv,0766,charizard-noctowl
7,3,p2,1357,gardevoir-jellicent,1502,charizard-noctowl
7,4,p1,1338,charizard-pidgeot,1307,mega-absol-box
7,5,p2,0675,charizard-noctowl,0500,mega-absol-box
7,6,p1,0999,gardevoir-ex-sv,1472,gholdengo-lunatone
7,7,p2,0168,charizard-noctowl,1395,dragapult-dusknoir
7,8,p1,2074,gardevoir-ex-sv,1025,gardevoir-jellicent
7,9,p1,1286,dragapult-dusknoir,1015,charizard-noctowl
7,10,p1,1917,gardevoir-ex-sv,1270,gardevoir-jellicent
7,11,p1,0786,gardevoir-ex-sv,2098,gardevoir-ex-sv
7,12,tie,2071,gardevoir-ex-sv,1657,gholdengo-lunatone
7,13,p1,0279,pidgeot-control,0694,iron-thorns-crustle
7,14,p1,2149,mega-absol-box,0004,dragapult-dusknoir
7,15,p2,1179,charizard-noctowl,0201,charizard-noctowl
7,16,p2,1950,gardevoir-ex-sv,1027,dragapult-dusknoir
7,17,p1,0654,charizard-pidgeot,2193,dragapult-dusknoir
7,18,p1,1597,mega-absol-box,1333,dragapult-dusknoir
7,19,p2,1072,raging-bolt-ogerpon,2166,grimmsnarl-froslass
7,20,p2,1960,crustle-dri,1216,gardevoir-ex-sv
7,21,p1,1881,gholdengo-lunatone,0437,gholdengo-lunatone
7,22,p2,1729,gardevoir-ex-sv,2109,dragapult-dusknoir
7,23,p1,2024,gholdengo-lunatone,0413,gardevoir-ex-sv
7,24,p1,1639,dragapult-dusknoir,0307,charizard-noctowl
7,25,tie,1035,gholdengo-lunatone,0411,flareon-noctowl
7,26,tie,0905,gholdengo-lunatone,1170,gardevoir-ex-sv
7,27,p2,0294,gholdengo-lunatone,1705,raging-bolt-ogerpon
7,28,tie,0312,dragapult-dusknoir,0198,lopunny-dusknoir
7,29,p1,0501,gardevoir-ex-sv,1062,charizard-noctowl
7,30,tie,0832,gardevoir-jellicent,1135,charizard-noctowl
7,31,p2,0202,charizard-pidgeot,0233,raging-bolt-ogerpon
7,32,tie,0673,dragapult-dusknoir,0757,n-zoroark
7,33,tie,1646,charizard-noctowl,0281,gholdengo-lunatone
7,34,tie,0057,charizard-noctowl,2044,charizard-noctowl
7,35,tie,1599,gardevoir-jellicent,1370,gholdengo-lunatone
7,36,p2,1076,raging-bolt-ogerpon,1507,gholdengo-lunatone
7,37,p2,2246,gholdengo-joltik-box,0401,gholdengo-lunatone
7,38,tie,0420,gholdengo-lunatone,0692,alakazam-dudunsparce
7,39,tie,0698,dragapult-dusknoir,1892,gholdengo-lunatone
7,40,p1,1175,dragapult-dusknoir,2233,gardevoir-jellicent
7,41,p1,1465,flareon-noctowl,1249,dragapult-dusknoir
7,42,p2,1434,charizard-pidgeot,1784,dragapult-dusknoir
7,43,p2,1232,dragapult-dusknoir,0129,gholdengo-lunatone
7,44,p2,0779,gholdengo-lunatone,0958,dragapult-dusknoir
7,45,p1,1801,dragapult-dusknoir,0841,dragapult-dusknoir
7,46,p1,0415,joltik-box,0690,charizard-noctowl
7,47,p1,1842,tera-box,1042,gholdengo-lunatone
7,48,p2,0135,dragapult-dusknoir,0868,gardevoir-jellicent
7,49,p2,0228,gholdengo-lunatone,0246,gholdengo-lunatone
7,50,tie,1432,gardevoir-ex-sv,1457,gholdengo-lunatone
7,51,p1,1263,gholdengo-lunatone,0290,gholdengo-lunatone
7,52,tie,0483,raging-bolt-ogerpon,0750,gardevoir-ex-sv
7,53,tie,1943,dragapult-charizard,1450,alakazam-dudunsparce
7,54,p1,0703,flareon-noctowl,1291,gholdengo-lunatone
7,55,p1,0193,n-zoroark,1807,gardevoir-ex-sv
7,56,p1,0656,mega-absol-box,1699,gholdengo-lunatone
7,57,tie,1901,charizard-noctowl,2173,mega-absol-box
7,58,tie,1452,charizard-pidgeot,2114,gholdengo-lunatone
7,59,p2,1125,gardevoir-jellicent,2090,gardevoir-ex-sv
7,60,p2,2106,charizard-noctowl,0674,gardevoir-jellicent
7,61,p1,1951,charizard-noctowl,0873,charizard-pidgeot
7,62,p2,1519,charizard-noctowl,0547,dragapult-dusknoir
7,63,p1,2016,charizard-pidgeot,0711,n-zoroark
7,64,tie,0005,gholdengo-lunatone,0788,dragapult-charizard
7,65,p1,0724,gardevoir-ex-sv,2013,grimmsnarl-froslass
7,66,p2,1112,dragapult-dusknoir,0935,gardevoir-ex-sv
7,67,p2,1776,dragapult-dusknoir,1978,gholdengo-lunatone
7,68,p2,0942,gholdengo-lunatone,0381,dragapult-dusknoir
7,69,tie,1511,conkeldurr-twm,2036,charizard-noctowl
7,70,p1,0439,gholdengo-lunatone,1595,gholdengo-lunatone
7,71,p1,1160,gholdengo-lunatone,0404,gholdengo-lunatone
7,72,p1,1296,grimmsnarl-froslass,0224,gholdengo-lunatone
7,73,p2,0427,charizard-noctowl,0487,dragapult-dusknoir
7,74,p2,1356,n-zoroark,0115,gholdengo-lunatone
7,75,p2,1470,n-zoroark,0125,gholdengo-lunatone
7,76,p1,1527,gardevoir-ex-sv,1252,lopunny-dusknoir
7,77,tie,1977,charizard-noctowl,0624,n-zoroark
7,78,p1,1594,gardevoir-jellicent,1195,n-zoroark
7,79,p2,0518,gardevoir-ex-sv,1847,gardevoir-ex-sv
7,80,p2,0591,gholdengo-lunatone,0188,gardevoir-jellicent
7,81,p1,1266,ceruledge-ex,2178,n-zoroark
7,82,p2,0365,slaking-ex,1474,charizard-pidgeot
7,83,tie,1463,n-zoroark,0343,lopunny-dusknoir
7,84,p2,1628,dragapult-dusknoir,0230,gholdengo-lunatone
7,85,p1,0333,charizard-noctowl,0053,gardevoir-jellicent
7,86,p1,1469,charizard-pidgeot,1893,charizard-noctowl
7,87,tie,1288,gholdengo-lunatone,1921,gholdengo-lunatone
7,88,p1,1832,gholdengo-lunatone,0798,alakazam-dudunsparce
7,89,p1,0073,dragapult-dusknoir,0743,gardevoir-ex-sv
7,90,p1,1405,n-zoroark,1681,charizard-noctowl
7,91,p2,1091,charizard-noctowl,0300,grimmsnarl-froslass
7,92,p2,0510,dragapult-dusknoir,0364,charizard-noctowl
7,93,tie,0785,n-zoroark,0482,gardevoir-ex-sv
7,94,p2,0890,charizard-pidgeot,1580,dragapult-dusknoir
7,95,p2,1746,gardevoir-jellicent,0685,festival-lead
7,96,p2,1758,gholdengo-lunatone,1787,grimmsnarl-froslass
7,97,p1,1301,greninja-ex,0669,gardevoir-jellicent
7,98,p1,0033,gardevoir-ex-sv,0194,gholdengo-lunatone
7,99,p1,0948,dragapult-charizard,0031,dragapult-charizard
7,100,p1,0258,dragapult-dusknoir,1999,gholdengo-ex
7,101,p1,0627,gardevoir-ex-sv,0096,dragapult-dusknoir
7,102,p1,1043,dragapult-dusknoir,1525,gholdengo-lunatone
7,103,p2,1817,ceruledge-ex,0431,dragapult-dusknoir
7,104,p2,1711,dragapult-dusknoir,1717,charizard-noctowl
7,105,p2,1695,grimmsnarl-froslass,1137,grimmsnarl-froslass
7,106,p2,0886,n-zoroark,1565,alakazam-dudunsparce
7,107,p1,1562,mega-absol-box,0600,gholdengo-lunatone
7,108,p1,1598,charizard-noctowl,2058,gholdengo-lunatone
7,109,p2,1377,gholdengo-lunatone,2177,gholdengo-lunatone
7,110,p2,1806,grimmsnarl-froslass,1957,charizard-noctowl
7,111,p2,1644,gholdengo-lunatone,0643,gholdengo-lunatone
7,112,p1,1708,gardevoir-jellicent,1484,mega-absol-box
7,113,p1,1368,flareon-noctowl,1674,grimmsnarl-froslass
7,114,p1,0516,n-zoroark,1722,dragapult-dusknoir
7,115,p2,1760,iron-thorns-crustle,2210,gholdengo-lunatone
7,116,tie,1568,dragapult-dusknoir,0577,n-zoroark
7,117,p2,0648,gardevoir-jellicent,1082,charizard-noctowl
7,118,tie,1437,charizard-noctowl,0880,gardevoir-jellicent
7,119,p1,0077,seaking-pre,1398,gholdengo-lunatone
7,120,tie,2263,gardevoir-ex-sv,0265,charizard-pidgeot
7,121,p1,1653,dragapult-dusknoir,0022,pidgeot-control
7,122,p1,1018,mega-absol-box,1740,gholdengo-lunatone
7,123,p2,1202,gholdengo-lunatone,2255,charizard-noctowl
7,124,p2,1276,mega-absol-box,0165,gholdengo-ex
7,125,p1,2189,gardevoir-jellicent,0596,dragapult-dusknoir
7,126,p1,1353,gardevoir-ex-sv,0522,charizard-noctowl
7,127,p1,1247,charizard-pidgeot,1201,gholdengo-lunatone
7,128,p1,2251,raging-bolt-ogerpon,1816,ursaluna-lunatone
7,129,p1,0316,gardevoir-jellicent,0616,gardevoir-ex-sv
7,130,p1,0054,gardevoir-ex-sv,0045,gholdengo-lunatone
7,131,p2,0759,grimmsnarl-froslass,0399,gardevoir-ex-sv
7,132,tie,1142,gholdengo-lunatone,2111,mega-absol-box
7,133,p2,2141,gardevoir-jellicent,0173,charizard-pidgeot
7,134,p2,0267,gardevoir-jellicent,0523,gardevoir-ex-sv
7,135,tie,1186,n-zoroark,2063,dragapult-dusknoir
7,136,p2,1491,gholdengo-lunatone,2001,gholdengo-lunatone
7,137,p1,1936,gardevoir-ex-sv,0912,gholdengo-lunatone
7,138,p1,1348,crustle-dri,0081,gholdengo-lunatone
7,139,p2,1945,dragapult-dusknoir,1321,ceruledge-ex
7,140,p1,2143,ceruledge-ex,1151,gardevoir-jellicent
7,141,p1,2249,alakazam-dudunsparce,0215,raging-bolt-ogerpon
7,142,tie,1944,charizard-pidgeot,0947,kangaskhan-bouffalant
7,143,p1,2145,charizard-noctowl,1355,charizard-noctowl
7,144,p2,0651,n-zoroark,1172,gardevoir-ex-sv
7,145,p2,1841,gardevoir-ex-sv,0303,dragapult-dusknoir
7,146,p1,0810,gardevoir-jellicent,2206,seaking-pre
7,147,p2,0903,charizard-noctowl,0540,kangaskhan-bouffalant
7,148,p1,0455,gholdengo-joltik-box,1421,grimmsnarl-froslass
7,149,p2,1956,dragapult-dusknoir,1068,dragapult-dusknoir
7,150,p2,0395,charizard-pidgeot,1290,dragapult-dusknoir
7,151,p2,1931,n-zoroark,1185,cynthia-garchomp-ex
7,152,tie,2163,dragapult-dusknoir,1034,dragapult-dusknoir
7,153,p2,0607,gholdengo-lunatone,1665,charizard-noctowl
7,154,p2,0807,n-zoroark,0881,gardevoir-jellicent
7,155,p1,1679,dragapult-dusknoir,0377,charizard-noctowl
7,156,tie,1906,gholdengo-lunatone,2226,dragapult-dusknoir
7,157,p1,1796,charizard-noctowl,2240,gholdengo-lunatone
7,158,p2,0490,dragapult-dusknoir,1618,charizard-noctowl
7,159,p2,1225,pidgeot-control,1317,mega-venusaur-ex
7,160,p1,1414,ceruledge-ex,1689,gholdengo-lunatone
7,161,tie,0902,gholdengo-lunatone,1435,dragapult-dusknoir
7,162,p2,2087,gholdengo-lunatone,1612,gholdengo-lunatone
7,163,p1,2099,kangaskhan-bouffalant,2122,tera-box
7,164,p2,0443,gholdengo-lunatone,2055,gardevoir-ex-sv
7,165,p2,1026,greninja-ex,2242,charizard-noctowl
7,166,p2,1114,dragapult-charizard,0052,charizard-noctowl
7,167,p1,0811,gholdengo-lunatone,1476,dragapult-dusknoir
7,168,p2,2250,dragapult-dusknoir,1900,charizard-noctowl
7,169,p1,1790,charizard-noctowl,1822,gardevoir-ex-sv
7,170,p2,1885,gholdengo-lunatone,0861,gholdengo-lunatone
7,171,p2,1493,charizard-noctowl,0020,gholdengo-lunatone
7,172,p2,0284,gholdengo-lunatone,1030,charizard-noctowl
7,173,p1,1209,charizard-noctowl,1804,raging-bolt-ogerpon
7,174,p1,1875,dragapult-dusknoir,0376,charizard-noctowl
7,175,p2,0350,charizard-noctowl,0597,greninja-ex
7,176,p1,0068,gardevoir-ex-sv,0462,charizard-noctowl
7,177,p1,1506,charizard-noctowl,2042,gardevoir-jellicent
7,178,p1,0080,dragapult-charizard,0493,raging-bolt-ogerpon
7,179,p1,0642,gholdengo-lunatone,2222,dragapult-dusknoir
7,180,p1,0722,charizard-pidgeot,0078,gholdengo-lunatone
7,181,p2,0292,greninja-ex,0803,gardevoir-ex-sv
7,182,p1,1570,charizard-pidgeot,1331,gholdengo-lunatone
7,183,p1,1467,gholdengo-lunatone,0160,n-zoroark
7,184,p2,2138,gholdengo-lunatone,1024,grimmsnarl-froslass
7,185,tie,1571,gholdengo-lunatone,1074,charizard-pidgeot
7,186,p2,1482,gholdengo-lunatone,0740,gholdengo-lunatone
7,187,tie,1704,charizard-noctowl,1926,n-zoroark
7,188,p1,0385,gardevoir-jellicent,1070,dragapult-dusknoir
7,189,p2,2113,gholdengo-lunatone,1033,dragapult-dusknoir
7,190,tie,0629,gardevoir-jellicent,0476,dragapult-dusknoir
7,191,p2,1106,gholdengo-lunatone,1197,dragapult-dusknoir
7,192,p2,1579,charizard-pidgeot,1401,dragapult-dusknoir
7,193,p2,1155,gardevoir-jellicent,0714,kangaskhan-bouffalant
7,194,p1,0127,gholdengo-lunatone,0247,dragapult-dusknoir
7,195,p2,0466,charizard-noctowl,0649,dragapult-dusknoir
7,196,p2,0457,mega-absol-box,0066,gholdengo-lunatone
7,197,p1,2134,gholdengo-lunatone,1320,grimmsnarl-froslass
7,198,p2,0486,gholdengo-lunatone,0373,gholdengo-lunatone
7,199,p1,1227,charizard-noctowl,1092,gholdengo-lunatone
7,200,p1,1041,grimmsnarl-froslass,0271,gardevoir-jellicent
7,201,p2,0123,gardevoir-jellicent,2162,slowking-scr
7,202,p2,0879,gardevoir-ex-sv,0848,dragapult-dusknoir
7,203,p2,0208,gholdengo-lunatone,2014,gardevoir-jellicent
7,204,p2,0002,gholdengo-lunatone,1989,gholdengo-lunatone
7,205,p2,0101,dragapult-dusknoir,1500,gholdengo-lunatone
7,206,p2,1521,charizard-noctowl,1453,gholdengo-lunatone
7,207,p1,0342,charizard-dragapult,0036,joltik-box
7,208,p1,2195,gardevoir-ex-sv,2060,charizard-noctowl
7,209,p2,1543,dragapult-dusknoir,0581,dragapult-dusknoir
7,210,p2,1048,charizard-noctowl,1183,kangaskhan-bouffalant
7,211,p1,1019,gholdengo-lunatone,2217,iron-hands-magneton
7,212,p1,2186,dragapult-dusknoir,1981,gardevoir-jellicent
7,213,p1,0183,gardevoir-ex-sv,2258,dragapult-dusknoir
7,214,p2,0620,charizard-noctowl,0974,charizard-noctowl
7,215,p1,1272,gardevoir-jellicent,1090,dragapult-dusknoir
7,216,p2,1044,gholdengo-lunatone,0940,gardevoir-jellicent
7,217,p1,1730,dragapult-dusknoir,0894,kangaskhan-bouffalant
7,218,p2,1865,charizard-noctowl,0775,charizard-noctowl
7,219,tie,0921,ceruledge-ex,0062,grimmsnarl-froslass
7,220,p1,0896,dragapult-dusknoir,0242,mega-lopunny-ex
7,221,p1,0899,gardevoir-ex-sv,1964,dragapult-dusknoir
7,222,p2,0653,gardevoir-jellicent,0646,ceruledge-ex
7,223,p1,0552,alakazam-dudunsparce,1289,joltik-box
7,224,tie,0831,greninja-ex,1039,gholdengo-lunatone
7,225,p1,2103,raging-bolt-ogerpon,0863,gholdengo-lunatone
7,226,p2,2144,dragapult-dusknoir,1799,dragapult-dusknoir
7,227,p1,1898,charizard-noctowl,1575,dragapult-dusknoir
7,228,p2,1925,gholdengo-lunatone,0145,greninja-ex
7,229,p2,0655,raging-bolt-ogerpon,0374,ceruledge-ex
7,230,p2,1622,gholdengo-lunatone,1297,gardevoir-jellicent
7,231,p2,0386,charizard-noctowl,1563,gholdengo-lunatone
7,232,p1,1433,gholdengo-lunatone,0594,gholdengo-lunatone
7,233,p1,1083,gardevoir-ex-sv,1888,grimmsnarl-froslass
7,234,p1,0117,dragapult-dusknoir,2214,dragapult-dusknoir
7,235,p2,0793,dragapult-dusknoir,1530,grimmsnarl-froslass
7,236,p2,0754,gardevoir-ex-sv,1426,gardevoir-ex-sv
7,237,tie,1854,gardevoir-ex-sv,0731,n-zoroark
7,238,tie,1741,alakazam-dudunsparce,0662,gholdengo-lunatone
7,239,p1,1069,mega-absol-box,1495,seaking-pre
7,240,p2,1550,joltik-box,0289,gholdengo-lunatone
7,241,p2,0055,charizard-noctowl,0926,kangaskhan-bouffalant
7,242,tie,0592,gardevoir-ex-sv,0264,charizard-noctowl
7,243,p2,0176,gholdengo-lunatone,1651,dragapult-dusknoir
7,244,p1,1238,charizard-pidgeot,2068,gholdengo-lunatone
7,245,p1,0111,dragapult-charizard,2155,gholdengo-lunatone
7,246,p2,1384,charizard-noctowl,0956,dragapult-charizard
7,247,p2,0366,charizard-noctowl,1915,grimmsnarl-froslass
7,248,p2,1279,mega-absol-box,0098,gholdengo-lunatone
7,249,p2,0167,dragapult-dusknoir,1341,kangaskhan-bouffalant
7,250,p1,1764,dragapult-dusknoir,0256,grimmsnarl-froslass
7,251,p2,2009,raging-bolt-ogerpon,2245,gholdengo-lunatone
7,252,p2,1330,charizard-noctowl,1647,kangaskhan-bouffalant
7,253,p2,2262,gardevoir-ex-sv,0505,dragapult-dusknoir
7,254,p1,0827,gholdengo-lunatone,1038,raging-bolt-ogerpon
7,255,p2,0032,charizard-noctowl,1773,gardevoir-jellicent
7,256,p1,2117,gholdengo-lunatone,1158,n-zoroark
7,257,p1,1664,gholdengo-lunatone,2124,charizard-noctowl
7,258,p1,0093,n-zoroark,0076,gholdengo-lunatone
7,259,p2,1922,gholdengo-lunatone,1443,grimmsnarl-froslass
7,260,p1,0051,gholdengo-lunatone,0686,ethan-typhlosion
7,261,p1,1449,gholdengo-lunatone,0059,gardevoir-ex-sv
7,262,p2,1851,kangaskhan-bouffalant,1352,raging-bolt-ogerpon
7,263,p2,1593,alakazam-dudunsparce,0468,gardevoir-ex-sv
7,264,p1,0514,n-zoroark,1189,mega-absol-box
7,265,p1,0557,gholdengo-joltik-box,0982,gardevoir-ex-sv
7,266,p1,1316,gholdengo-lunatone,2212,gardevoir-jellicent
7,267,p1,1992,grimmsnarl-froslass,0469,gardevoir-jellicent
7,268,p2,1942,charizard-noctowl,1244,kangaskhan-bouffalant
7,270,tie,1145,palafin-ex,0981,gholdengo-lunatone
7,271,p1,0539,gholdengo-lunatone,0498,mega-absol-box
7,272,p2,0817,charizard-noctowl,0541,gardevoir-jellicent
7,273,p1,0941,gardevoir-jellicent,0544,kangaskhan-bouffalant
7,274,tie,0546,dragapult-charizard,0211,gardevoir-jellicent
7,275,p2,0548,charizard-pidgeot,1660,grimmsnarl-froslass
7,276,p2,0550,lopunny-dusknoir,2218,dragapult-dusknoir
7,277,p2,0280,dragapult-dusknoir,1837,gardevoir-jellicent
7,278,p1,0553,gholdengo-lunatone,0809,gardevoir-jellicent
7,279,p2,1265,raging-bolt-ogerpon,0556,dragapult-dusknoir
7,280,p2,0558,flareon-noctowl,0887,gardevoir-jellicent
7,281,tie,1930,charizard-noctowl,0559,conkeldurr-twm
7,282,p1,0260,joltik-box,0562,gholdengo-lunatone
7,283,p1,0563,charizard-noctowl,0084,kangaskhan-bouffalant
7,284,p2,0565,charizard-noctowl,1447,archaludon-ex
7,285,p2,0104,gholdengo-lunatone,0963,gholdengo-lunatone
7,286,p1,0808,ceruledge-ex,2017,gholdengo-lunatone
7,287,p1,1032,froslass-munkidori,1994,gardevoir-ex-sv
7,288,p2,1415,charizard-noctowl,0967,gholdengo-lunatone
7,289,p1,0410,gardevoir-jellicent,1208,charizard-pidgeot
7,290,p1,2102,gholdengo-lunatone,0263,dragapult-dusknoir
7,291,p2,1831,raging-bolt-ogerpon,0060,dragapult-charizard
7,292,p1,0751,gardevoir-ex-sv,1385,alakazam-dudunsparce
7,293,p2,0379,dragapult-dusknoir,1372,dragapult-dusknoir
7,294,p2,0097,pidgeot-control,0074,flareon-noctowl
7,295,p2,2230,n-zoroark,0424,charizard-pidgeot
7,296,p1,1120,charizard-pidgeot,1734,gholdengo-lunatone
7,297,p1,1961,charizard-noctowl,0170,gholdengo-lunatone
7,298,p1,0001,gardevoir-ex-sv,1671,raging-bolt-ogerpon
7,299,p1,0017,gholdengo-lunatone,1558,gholdengo-lunatone
7,300,p1,0919,dragapult-dusknoir,0574,charizard-noctowl
7,301,p2,0961,dragapult-dusknoir,0372,raging-bolt-ogerpon
7,302,p2,0100,ceruledge-ex,0293,charizard-noctowl
7,303,p2,2028,gholdengo-lunatone,0024,gardevoir-ex-sv
7,304,p2,1554,n-zoroark,1067,dragapult-dusknoir
7,305,p2,0843,charizard-noctowl,0836,gholdengo-lunatone
7,306,p1,1820,dragapult-dusknoir,1427,raging-bolt-ogerpon
7,307,p1,1045,cynthia-garchomp-ex,1283,charizard-pidgeot
7,308,p1,1485,dragapult-dusknoir,0855,n-zoroark
7,309,p2,1939,charizard-noctowl,0854,dragapult-dusknoir
7,310,p1,0348,ethan-typhlosion,0527,gholdengo-lunatone
7,311,p1,2156,raging-bolt-ogerpon,1418,rocket-mewtwo-ex
7,312,p1,0085,flareon-noctowl,0586,gholdengo-lunatone
7,313,p2,0449,gholdengo-lunatone,0991,charizard-pidgeot
7,314,p2,1373,gholdengo-lunatone,0035,gholdengo-lunatone
7,315,p2,0070,dragapult-dusknoir,1278,toxtricity-pfl
7,316,p1,0819,gholdengo-lunatone,0665,dragapult-dusknoir
7,317,p1,0261,gholdengo-lunatone,1556,mega-absol-box
7,318,p2,1420,gardevoir-ex-sv,1887,charizard-noctowl
7,319,p2,0122,dragapult-charizard,1716,raging-bolt-ogerpon
7,320,p1,1687,grimmsnarl-froslass,1897,charizard-pidgeot
7,321,p2,1235,n-zoroark,1779,ursaluna-lunatone
7,322,p1,1494,n-zoroark,0833,gardevoir-ex-sv
7,323,p2,1133,ursaluna-lunatone,1228,gardevoir-ex-sv
7,324,p1,0768,dragapult-dusknoir,2126,gardevoir-jellicent
7,325,tie,0315,gardevoir-ex-sv,0681,dragapult-dusknoir
7,326,p1,1850,dragapult-dusknoir,0452,mega-venusaur-ex
7,327,p2,0865,chien-pao-baxcalibur,0707,alakazam-dudunsparce
7,328,p1,1862,gholdengo-lunatone,0190,kangaskhan-bouffalant
7,329,p1,0480,gardevoir-ex-sv,0432,n-zoroark
7,330,p1,0034,n-zoroark,2188,charizard-noctowl
7,331,p2,0164,gholdengo-lunatone,0126,gholdengo-lunatone
7,332,p2,0787,gholdengo-lunatone,0859,gholdengo-lunatone
7,333,p2,0310,gholdengo-lunatone,0336,n-zoroark
7,334,p1,2187,gholdengo-lunatone,1128,dragapult-dusknoir
7,335,p1,1719,n-zoroark,1003,charizard-pidgeot
7,336,p2,1538,gardevoir-jellicent,0769,dragapult-dusknoir
7,337,p1,1728,joltik-box,1312,charizard-noctowl
7,338,p1,0531,gholdengo-lunatone,0856,gholdengo-lunatone
7,339,p1,2176,ceruledge-ex,1440,gholdengo-lunatone
7,340,p1,1017,dragapult-dusknoir,0345,alakazam-dudunsparce
7,341,p2,1236,gholdengo-lunatone,1295,gardevoir-ex-sv
7,342,p2,1428,gholdengo-lunatone,0048,charizard-pidgeot
7,343,p1,0506,dragapult-dusknoir,2029,gholdengo-lunatone
7,344,p1,0762,dragapult-charizard,2237,charizard-noctowl
7,345,p1,1669,gholdengo-lunatone,0842,gardevoir-jellicent
7,346,p1,0248,cynthia-garchomp-ex,2236,dragapult-dusknoir
7,347,p1,1214,gardevoir-jellicent,0177,dragapult-dusknoir
7,348,p1,1411,gardevoir-ex-sv,1264,charizard-pidgeot
7,349,p2,1431,dragapult-dusknoir,0239,charizard-noctowl
7,350,p2,1366,charizard-pidgeot,1534,charizard-noctowl
7,351,p2,0934,gholdengo-lunatone,0626,n-zoroark
7,352,p2,1629,gholdengo-lunatone,0132,n-zoroark
7,353,p2,1905,gholdengo-lunatone,2142,gholdengo-lunatone
7,354,p2,1590,gardevoir-jellicent,1772,charizard-pidgeot
7,355,p1,1771,alakazam-dudunsparce,1587,charizard-noctowl
7,356,p1,2011,gardevoir-ex-sv,1663,kangaskhan-bouffalant
7,357,p1,1200,mega-venusaur-ex,0877,charizard-noctowl
7,358,p2,1682,gholdengo-typhlosion,1744,gholdengo-joltik-box
7,359,p1,1937,charizard-noctowl,1378,lopunny-dusknoir
7,360,p2,2168,dragapult-dusknoir,1909,dragapult-dusknoir
7,361,p1,0142,gholdengo-lunatone,0254,gardevoir-ex-sv
7,362,p1,1149,charizard-pidgeot,0959,gardevoir-jellicent
7,363,p1,1993,gardevoir-ex-sv,1821,gardevoir-jellicent
7,364,p2,1190,dragapult-dusknoir,1439,n-zoroark
7,365,p1,1178,gardevoir-ex-sv,0039,dragapult-ex
7,366,p1,0549,gholdengo-lunatone,1828,n-zoroark
7,367,p2,0131,n-zoroark,1721,dragapult-dusknoir
7,368,p2,0806,dragapult-dusknoir,2224,ursaluna-lunatone
7,369,tie,1810,raging-bolt-ogerpon,1339,kangaskhan-bouffalant
7,370,p2,0435,gardevoir-jellicent,0465,gholdengo-lunatone
7,371,p2,0328,gardevoir-jellicent,0161,dragapult-dusknoir
7,372,p2,0913,charizard-noctowl,0802,dragapult-dusknoir
7,373,p1,0423,gholdengo-lunatone,0146,grimmsnarl-froslass
7,374,p2,0672,gardevoir-ex-sv,2170,gholdengo-lunatone
7,375,p2,0481,grimmsnarl-froslass,0441,iron-hands-magneton
7,376,p2,1998,dragapult-dusknoir,2243,charizard-noctowl
7,377,p2,1830,gholdengo-lunatone,1107,gardevoir-jellicent
7,378,p1,1103,ursaluna-lunatone,0489,gholdengo-lunatone
7,379,p1,2094,greninja-ex,2062,ceruledge-ex
7,380,p1,0774,gholdengo-lunatone,0712,iron-hands-magneton
7,381,p2,0083,reging-bolt-bellibolt,0144,gardevoir-ex-sv
7,382,p1,0015,gardevoir-ex-sv,0898,alakazam-dudunsparce
7,383,p1,0249,grimmsnarl-froslass,0621,charizard-pidgeot
7,384,p1,1406,n-zoroark,0429,tera-box
7,385,p2,1710,ceruledge-ex,1975,grimmsnarl-froslass
7,386,p2,1636,charizard-noctowl,0063,n-zoroark
7,387,p2,0023,gholdengo-lunatone,0860,charizard-noctowl
7,388,p1,0143,gholdengo-lunatone,2052,tera-box
7,389,tie,0588,charizard-noctowl,1182,dragapult-dusknoir
7,390,tie,2264,gholdengo-lunatone,2201,gholdengo-lunatone
7,391,p2,0609,gardevoir-ex-sv,1165,grimmsnarl-froslass
7,392,p2,0530,dragapult-charizard,2133,joltik-box
7,393,p1,0727,gardevoir-ex-sv,1109,other
7,394,p2,1539,joltik-box,1064,gardevoir-jellicent
7,395,p1,0551,chien-pao-baxcalibur,2248,gardevoir-ex-sv
7,396,tie,1752,kangaskhan-bouffalant,1990,charizard-noctowl
7,397,p2,1118,dragapult-charizard,1601,dragapult-dusknoir
7,398,p2,1524,charizard-pidgeot,0409,slowking-scr
7,399,p1,0454,flareon-noctowl,1878,gholdengo-lunatone
7,400,p1,1857,?,2019,gardevoir-ex-sv
7,401,p2,1918,ceruledge-ex,0508,festival-lead
7,402,p2,1536,charizard-noctowl,1542,dragapult-dusknoir
7,403,p2,1051,n-zoroark,2136,joltik-box
7,404,p1,1139,charizard-noctowl,0929,other
7,405,p2,2075,charizard-noctowl,2209,charizard-noctowl
7,406,p1,0179,gholdengo-lunatone,1084,gholdengo-lunatone
7,407,p2,1631,charizard-noctowl,1399,charizard-noctowl
7,408,p1,1856,gardevoir-ex-sv,0187,gardevoir-ex-sv
7,409,p1,0205,gholdengo-lunatone,1840,charizard-noctowl
7,410,p2,0554,gholdengo-lunatone,0839,charizard-pidgeot
7,411,p2,0199,dragapult-dusknoir,1392,raging-bolt-ogerpon
7,412,tie,0269,gardevoir-ex-sv,1022,gardevoir-ex-sv
7,413,p2,1703,gholdengo-lunatone,0124,gardevoir-ex-sv
7,414,p2,0625,greninja-ex,1284,gholdengo-lunatone
7,415,p1,0901,gholdengo-lunatone,0977,gholdengo-lunatone
7,416,p1,1968,lucario-hariyama,1397,charizard-pidgeot
7,417,p2,1052,dragapult-ex,1230,froslass-munkidori
7,418,p1,2266,charizard-noctowl,1403,charizard-noctowl
7,419,p2,1855,n-zoroark,1574,kangaskhan-bouffalant
7,420,p2,0792,kangaskhan-bouffalant,0042,mega-absol-box
7,421,p1,0344,grimmsnarl-froslass,0829,roaring-moon-dudunsparce
7,422,p1,2082,alakazam-dudunsparce,1134,n-zoroark
7,423,p1,2007,charizard-pidgeot,2061,charizard-noctowl
7,424,p2,0108,charizard-pidgeot,0223,gardevoir-ex-sv
7,425,p2,0320,gholdengo-lunatone,0822,n-zoroark
7,426,p1,0186,gholdengo-lunatone,0503,gholdengo-lunatone
7,427,p2,1154,charizard-noctowl,2260,gardevoir-ex-sv
7,428,p2,2127,kangaskhan-bouffalant,0782,kangaskhan-bouffalant
7,429,p1,0688,n-zoroark,1157,iron-thorns-crustle
7,430,p2,0181,mega-absol-box,0090,mega-absol-box
7,431,p1,0533,gardevoir-ex-sv,1346,charizard-noctowl
7,432,p2,2185,mega-absol-box,0043,charizard-pidgeot
7,433,p1,1819,gholdengo-typhlosion,0473,gholdengo-lunatone
7,434,tie,0566,gardevoir-jellicent,2270,tera-box
7,435,p1,1987,cynthia-garchomp-ex,0813,kangaskhan-bouffalant
7,436,p1,0652,gholdengo-lunatone,0013,gholdengo-lunatone
7,437,p1,2131,mega-venusaur-ex,1996,joltik-box
7,438,p2,1751,mega-absol-box,2049,gardevoir-ex-sv
7,439,p2,1350,gardevoir-ex-sv,0951,charizard-pidgeot
7,440,p2,1168,dragapult-dusknoir,0818,gardevoir-ex-sv
7,441,p1,1523,dragapult-charizard,1213,charizard-noctowl
7,442,p1,1720,n-zoroark,2159,conkeldurr-twm
7,443,p1,0742,ceruledge-ex,1949,ceruledge-ex
7,444,p1,1001,dragapult-dusknoir,2095,tera-box
7,445,p1,2084,dragapult-dusknoir,1812,tera-box
7,446,p2,1696,raging-bolt-ogerpon,1973,charizard-noctowl
7,447,p1,1952,ursaluna-lunatone,2116,charizard-noctowl
7,448,p2,0949,gholdengo-lunatone,1733,charizard-noctowl
7,449,p2,1845,gholdengo-lunatone,1805,dragapult-dusknoir
7,450,p2,1217,gholdengo-lunatone,0255,alakazam-dudunsparce
7,451,p2,2006,gholdengo-lunatone,0252,sharpedo-toxtricity
7,452,p1,0497,gardevoir-jellicent,1121,kangaskhan-bouffalant
7,453,p2,0983,gholdengo-lunatone,0433,?
7,454,p2,1376,alakazam-dudunsparce,0718,raging-bolt-ogerpon
7,455,p2,0920,gholdengo-lunatone,0485,gholdengo-lunatone
7,456,p1,0720,tera-box,0243,dragapult-dusknoir
7,457,p1,0458,charizard-noctowl,1904,ceruledge-ex
7,458,p1,0650,charizard-pidgeot,2220,raging-bolt-ogerpon
7,459,p2,0318,gardevoir-jellicent,0030,ceruledge-ex
7,460,p2,0453,raging-bolt-ogerpon,1174,charizard-noctowl
7,461,p1,0957,gholdengo-lunatone,1369,gholdengo-lunatone
7,462,p1,0353,gholdengo-lunatone,0370,gardevoir-jellicent
7,463,p1,0601,dragapult-dusknoir,1309,dragapult-dusknoir
7,464,tie,1846,raging-bolt-ogerpon,2096,mega-absol-box
7,465,p2,2239,gholdengo-lunatone,0735,gholdengo-lunatone
7,466,p2,0378,raging-bolt-ogerpon,2184,charizard-noctowl
7,467,p1,1192,cynthia-garchomp-ex,1910,gardevoir-jellicent
7,468,p1,0828,mega-absol-box,1380,raging-bolt-ogerpon
7,469,p1,2073,ceruledge-ex,1769,dragapult-charizard
7,470,p1,0119,charizard-pidgeot,1794,gardevoir-ex-sv
7,471,p2,1335,gholdengo-lunatone,0847,ceruledge-ex
7,472,p2,0321,flareon-noctowl,1582,alakazam-dudunsparce
7,473,p2,2181,gholdengo-lunatone,1409,joltik-box
7,474,p1,1713,gholdengo-lunatone,0593,gholdengo-lunatone
7,475,p1,2066,dragapult-dusknoir,2153,gardevoir-jellicent
7,476,p1,0012,flareon-noctowl,2033,alakazam-dudunsparce
7,477,p1,0564,gardevoir-ex-sv,0989,meowscarada-ex
7,478,tie,0668,gardevoir-ex-sv,1537,gholdengo-ex
7,479,p2,1642,joltik-box,0392,blaziken-ex-jtg
7,480,p1,0826,gardevoir-ex-sv,0355,miraidon-eelektrik
7,481,p2,0383,charizard-noctowl,1136,charizard-noctowl
7,482,p2,2050,joltik-box,1691,gholdengo-lunatone
7,483,tie,0071,dragapult-dusknoir,0892,lopunny-dusknoir
7,484,p2,2154,gholdengo-lunatone,0579,gholdengo-lunatone
7,485,p1,1324,gardevoir-ex-sv,0184,gholdengo-lunatone
7,486,p2,0632,dragapult-dusknoir,1036,greninja-ex
7,487,p1,1097,charizard-noctowl,1985,gholdengo-lunatone
7,488,p2,0169,grimmsnarl-froslass,2196,gholdengo-lunatone
7,489,p1,0114,lopunny-dusknoir,1775,crustle-dri
7,490,p1,1251,joltik-box,0610,lopunny-dusknoir
7,491,p2,0639,gholdengo-lunatone,1933,gardevoir-jellicent
7,492,p2,1234,dragapult-dusknoir,1298,raging-bolt-ogerpon
7,493,p2,1782,tera-box,1407,gardevoir-ex-sv
7,494,tie,0319,n-zoroark,1383,dragapult-dusknoir
7,495,p2,1586,charizard-noctowl,1389,charizard-noctowl
7,496,p1,0745,dragapult-dusknoir,1478,kangaskhan-bouffalant
7,497,p2,0346,ceruledge-ex,0166,gardevoir-ex-sv
7,498,tie,1448,tera-box,2268,dragapult-dusknoir
7,499,p1,0102,charizard-pidgeot,0058,mega-venusaur-ex
7,500,p1,0944,charizard-noctowl,0755,gardevoir-jellicent
7,501,tie,1624,gholdengo-joltik-box,2054,dragapult-dusknoir
7,502,p2,1223,ceruledge-ex,0467,dragapult-dusknoir
7,503,p2,1745,ethan-typhlosion,0585,dragapult-dusknoir
7,504,tie,1259,gardevoir-jellicent,1488,dragapult-dusknoir
7,505,p2,0701,dragapult-dusknoir,1245,gholdengo-lunatone
7,506,p2,0670,dragapult-dusknoir,2108,kangaskhan-bouffalant
7,507,p2,0645,dragapult-dusknoir,2053,gardevoir-jellicent
7,508,p1,2020,charizard-pidgeot,1731,grimmsnarl-froslass
7,509,p2,1658,iron-hands-magneton,1712,lucario-hariyama
7,510,tie,0853,gholdengo-lunatone,0770,lucario-hariyama
7,511,p1,0521,tera-box,2008,charizard-noctowl
7,512,p2,1257,lopunny-dusknoir,0213,charizard-noctowl
7,513,p1,0241,dragapult-dusknoir,0862,charizard-noctowl
7,514,p2,0011,cynthia-garchomp-ex,1675,gholdengo-lunatone
7,515,p1,1544,ceruledge-ex,1626,gholdengo-lunatone
7,516,tie,0684,alakazam-dudunsparce,0980,kangaskhan-bouffalant
7,517,p2,0064,flareon-noctowl,1667,gholdengo-lunatone
7,518,p1,2199,gholdengo-lunatone,1871,gholdengo-lunatone
7,519,p1,1818,gardevoir-ex-sv,1750,gholdengo-dudunsparce
7,520,tie,2157,dragapult-dusknoir,0721,gholdengo-lunatone
7,521,p1,0459,festival-lead,1798,seaking-pre
7,522,tie,0657,gholdengo-lunatone,0732,flareon-noctowl
7,523,p2,1623,charizard-noctowl,2034,flareon-noctowl
7,524,p1,0351,gardevoir-jellicent,1438,gholdengo-lunatone
7,525,p2,1690,dragapult-dusknoir,1692,gholdengo-lunatone
7,526,p1,2267,grimmsnarl-froslass,0580,toxtricity-pfl
7,527,p2,0783,mega-latias-ex,0658,flareon-noctowl
7,528,p2,0306,charizard-noctowl,0026,lopunny-dusknoir
7,529,p1,0018,gholdengo-lunatone,1843,alakazam-dudunsparce
7,530,p1,2231,mega-absol-box,1077,dragapult-dusknoir
7,531,p2,0322,kangaskhan-bouffalant,1625,gholdengo-lunatone
7,532,p1,0332,dragapult-dusknoir,0136,alakazam-dudunsparce
7,533,p2,1995,gholdengo-lunatone,0761,charizard-noctowl
7,534,p2,1635,lucario-hariyama,0209,charizard-noctowl
7,535,p2,0416,charizard-noctowl,1911,charizard-noctowl
7,536,p2,2119,gardevoir-jellicent,1241,joltik-box
7,537,p1,0200,charizard-noctowl,0994,gardevoir-jellicent
7,538,p2,1861,dragapult-dusknoir,2256,dragapult-charizard
7,539,p1,0357,gardevoir-jellicent,1198,mega-venusaur-ex
7,540,p2,0171,dragapult-dusknoir,1835,gholdengo-lunatone
7,541,p2,1860,kangaskhan-bouffalant,2086,gholdengo-lunatone
7,542,p1,1829,slowking-scr,0492,gholdengo-lunatone
7,543,tie,0088,gardevoir-jellicent,1605,kangaskhan-bouffalant
7,544,p2,1430,gholdengo-lunatone,1800,dragapult-charizard
7,545,p1,2076,gardevoir-ex-sv,0968,dragapult-dusknoir
7,546,p1,1813,n-zoroark,1061,rocket-spidops
7,547,p2,1011,gardevoir-ex-sv,1509,gholdengo-lunatone
7,548,p1,1971,gardevoir-ex-sv,0270,gardevoir-ex-sv
7,549,p2,1919,grimmsnarl-froslass,0908,dragapult-dusknoir
7,550,p2,0611,charizard-noctowl,1617,gardevoir-jellicent
7,551,p1,2175,gardevoir-jellicent,1677,gardevoir-ex-sv
7,552,p1,2015,charizard-noctowl,1774,gholdengo-lunatone
7,553,p1,0029,charizard-pidgeot,0298,gholdengo-lunatone
7,554,p2,0635,ethan-typhlosion,2227,gholdengo-lunatone
7,555,p1,0388,gardevoir-jellicent,1825,kangaskhan-bouffalant
7,556,p1,1867,seaking-pre,1715,dragapult-dusknoir
7,557,p2,0871,ceruledge-ex,2269,gholdengo-lunatone
7,558,p1,0796,raging-bolt-ogerpon,1436,gardevoir-ex-sv
7,559,tie,1416,dragapult-dusknoir,1009,gardevoir-ex-sv
7,560,p2,0747,gardevoir-jellicent,1940,gholdengo-lunatone
7,561,tie,0933,charizard-noctowl,2105,gardevoir-ex-sv
7,562,p1,0696,gardevoir-ex-sv,0219,gholdengo-lunatone
7,563,p1,0375,dragapult-dusknoir,0918,gholdengo-lunatone
7,564,p2,1514,gholdengo-lunatone,1126,gholdengo-lunatone
7,565,tie,1394,gardevoir-ex-sv,0044,gardevoir-ex-sv
7,566,p1,1615,palafin-ex,2205,gardevoir-ex-sv
7,567,p2,0268,?roaring-moon,0153,gholdengo-lunatone
7,568,p2,0175,iron-thorns-crustle,2191,greninja-ex
7,569,p2,1212,charizard-pidgeot,2161,gholdengo-lunatone
7,570,p2,0244,charizard-pidgeot,0008,dragapult-dusknoir
7,571,p2,1608,gardevoir-ex-sv,0276,gholdengo-lunatone
7,572,tie,2203,charizard-noctowl,1659,gardevoir-ex-sv
7,573,p2,1683,flareon-noctowl,1670,gholdengo-lunatone
7,574,p1,2158,charizard-noctowl,2078,charizard-noctowl
7,575,p1,0844,grimmsnarl-froslass,1161,gardevoir-jellicent
7,576,p2,1756,gardevoir-ex-sv,1780,dragapult-dusknoir
7,577,p1,1634,gholdengo-lunatone,1073,gholdengo-joltik-box
7,578,tie,0134,charizard-noctowl,1240,n-zoroark
7,579,tie,0702,lopunny-dusknoir,0138,marnie-grimmsnarl-ex
7,580,p1,2064,grimmsnarl-froslass,0789,dragapult-dusknoir
7,581,p2,0195,gholdengo-ex,1576,tera-box
7,582,p2,1569,charizard-noctowl,0162,alakazam-dudunsparce
7,583,p2,0971,gholdengo-lunatone,2037,charizard-noctowl
7,584,p2,1873,slaking-ex,0699,dragapult-dusknoir
7,585,p2,0767,ceruledge-ex,0816,charizard-noctowl
7,586,p1,1314,n-zoroark,0697,gholdengo-lunatone
7,587,p1,1130,ceruledge-ex,1273,charizard-pidgeot
7,588,p1,1242,charizard-pidgeot,1693,tera-box
7,589,p1,0225,dragapult-dusknoir,1707,alakazam-dudunsparce
7,590,p2,1986,tera-box,1512,seaking-pre
7,591,p2,1442,gholdengo-lunatone,0849,charizard-noctowl
7,592,p1,2101,seaking-pre,0430,gholdengo-lunatone
7,593,p1,0932,tera-box,0028,dragapult-dusknoir
7,594,tie,0928,mega-absol-box,1743,charizard-ex
7,595,p1,1680,charizard-noctowl,0729,gholdengo-lunatone
7,596,p2,0326,tera-box,1375,gardevoir-jellicent
7,597,p1,2115,ceruledge-ex,2085,gholdengo-lunatone
7,598,p2,1532,dragapult-dusknoir,2038,n-zoroark
7,599,p2,1976,gardevoir-jellicent,1967,gholdengo-lunatone
7,600,p2,1358,dragapult-dusknoir,0288,greninja-ex
7,601,p1,0875,dragapult-dusknoir,1489,dragapult-dusknoir
7,602,p2,1880,gholdengo-lunatone,1454,gholdengo-lunatone
7,603,tie,1058,gholdengo-lunatone,1055,raging-bolt-ogerpon
7,604,p1,1549,charizard-noctowl,0016,seaking-pre
7,605,tie,1749,charizard-pidgeot,1603,alakazam-dudunsparce
7,606,p2,1648,charizard-noctowl,2057,gholdengo-joltik-box
7,607,p2,0334,dragapult-dusknoir,0337,gholdengo-lunatone
7,608,p1,0174,gardevoir-jellicent,2146,lucario-hariyama
7,609,p1,1633,dragapult-dusknoir,1573,charizard-noctowl
7,610,p2,0972,kangaskhan-bouffalant,1808,gardevoir-ex-sv
7,611,p2,0962,alakazam-dudunsparce,0907,gardevoir-ex-sv
7,612,p2,1079,kangaskhan-bouffalant,0739,gardevoir-jellicent
7,613,tie,1258,tera-box,1404,gholdengo-lunatone
7,614,p2,1561,raging-bolt-ogerpon,2174,charizard-noctowl
7,615,p2,1718,ho-oh-armarouge,1600,ceruledge-ex
7,616,p2,0478,gardevoir-ex-sv,1753,ceruledge-ex
7,617,tie,1239,gholdengo-lunatone,0137,dragapult-charizard
7,618,p1,0291,mega-absol-box,0630,dragapult-dusknoir
7,619,p1,1866,dragapult-charizard,1913,alakazam-dudunsparce
7,620,p1,1159,lopunny-dusknoir,1864,charizard-noctowl
7,621,p1,0234,gholdengo-lunatone,0576,gholdengo-lunatone
7,622,p1,0297,gardevoir-ex-sv,0800,ceruledge-ex
7,623,p2,1503,grimmsnarl-froslass,1400,n-zoroark
7,624,p2,0795,alakazam-dudunsparce,1649,dragapult-charizard
7,625,p2,0914,alakazam-dudunsparce,0615,grimmsnarl-froslass
7,626,p2,1505,greninja-ex,1176,raging-bolt-ogerpon
7,627,p2,1075,gholdengo-lunatone,1627,gholdengo-lunatone
7,628,p2,1551,dragapult-charizard,1188,gardevoir-jellicent
7,629,p1,2169,ogerpon-meganium,0717,grimmsnarl-froslass
7,630,p1,1604,dragapult-dusknoir,0477,charizard-noctowl
7,631,p2,0238,dragapult-dusknoir,1166,charizard-noctowl
7,632,p2,1588,hydreigon-ex,1008,alakazam-dudunsparce
7,633,p1,2228,gardevoir-ex-sv,2065,charizard-noctowl
7,634,p1,2208,conkeldurr-twm,0368,mega-absol-box
7,635,p2,1360,gholdengo-lunatone,2182,gholdengo-lunatone
7,636,tie,1548,sharpedo-toxtricity,1486,charizard-pidgeot
7,637,p2,1868,kangaskhan-bouffalant,2150,dragapult-dusknoir
7,638,p1,0128,grimmsnarl-froslass,0605,raging-bolt-ogerpon
7,639,p2,1306,grimmsnarl-froslass,2179,grimmsnarl-froslass
7,640,p2,2197,ceruledge-ex,0542,charizard-noctowl
7,641,double_loss,1969,charizard-noctowl,1014,joltik-box
7,642,p2,2091,greninja-ex,0398,dragapult-dusknoir
7,643,p2,1029,dragapult-dusknoir,0631,charizard-noctowl
7,644,p2,1761,n-zoroark,0250,mega-absol-box
7,645,p2,2030,dragapult-dusknoir,1890,gardevoir-ex-sv
7,646,p2,1504,gholdengo-lunatone,1889,dragapult-charizard
7,647,tie,0997,ceruledge-ex,0970,gardevoir-ex-sv
7,648,p1,0760,charizard-pidgeot,1477,gholdengo-lunatone
7,649,tie,0569,gholdengo-lunatone,1211,gardevoir-ex-sv
7,650,p2,0943,gholdengo-lunatone,1581,crustle-dri
7,651,p2,0116,n-zoroark,1204,raging-bolt-ogerpon
7,652,p1,0352,charizard-noctowl,1086,gholdengo-lunatone
7,653,p2,0007,gholdengo-lunatone,0824,dragapult-dusknoir
7,654,p2,0891,sharpedo-toxtricity,0969,gholdengo-lunatone
7,655,p1,0141,n-zoroark,1475,charizard-pidgeot
7,656,p1,1193,dragapult-dusknoir,1510,charizard-noctowl
7,657,p2,1153,kangaskhan-bouffalant,0996,gholdengo-lunatone
7,658,p2,0405,gardevoir-ex-sv,0952,gholdengo-lunatone
7,659,p1,0587,gardevoir-jellicent,1492,alakazam-dudunsparce
7,660,p1,0555,gardevoir-jellicent,0995,alakazam-dudunsparce
7,661,p1,1778,gholdengo-lunatone,1763,other
7,662,p2,2139,dragapult-dusknoir,1382,dragapult-dusknoir
7,663,tie,1250,gholdengo-lunatone,0040,alakazam-dudunsparce
7,664,p2,1533,dragapult-charizard,0797,gholdengo-lunatone
7,665,p1,1343,gholdengo-lunatone,1781,greninja-ex
7,666,p2,0340,dragapult-dusknoir,0496,other
7,667,p1,1923,gholdengo-lunatone,1111,gholdengo-lunatone
7,668,p1,2070,tera-box,2045,grimmsnarl-froslass
7,669,p2,0904,joltik-box,0946,other
7,670,tie,0825,gardevoir-ex-sv,0118,cynthia-garchomp-ex
7,671,tie,0749,charizard-noctowl,2232,tera-box
7,672,p2,0911,gholdengo-lunatone,0092,gholdengo-lunatone
7,673,p1,0447,charizard-noctowl,0323,pidgeot-control
7,674,p2,2164,gholdengo-lunatone,1455,flareon-noctowl
7,675,p2,1254,charizard-noctowl,1141,gardevoir-ex-sv
7,676,p1,0308,joltik-box,0037,charizard-noctowl
7,677,p1,0772,n-zoroark,1040,gardevoir-jellicent
7,678,p2,1630,dragapult-dusknoir,0986,dragapult-dusknoir
7,679,p2,1310,flareon-noctowl,0758,gholdengo-lunatone
7,680,p2,0426,dragapult-dusknoir,0451,gardevoir-jellicent
7,681,p2,0512,ceruledge-ex,2202,ceruledge-ex
7,682,p2,0304,dragapult-dusknoir,1053,charizard-pidgeot
7,683,p1,2211,other,1402,gholdengo-lunatone
7,684,p1,0704,grimmsnarl-froslass,1222,charizard-pidgeot
7,685,tie,0687,n-zoroark,2046,flareon-noctowl
7,686,tie,0317,dragapult-dusknoir,2056,gardevoir-jellicent
7,687,p1,0216,lopunny-dusknoir,1700,raging-bolt-ogerpon
7,688,p2,1248,gholdengo-lunatone,0964,gholdengo-lunatone
7,689,tie,1246,gholdengo-lunatone,1023,gholdengo-lunatone
7,690,tie,2190,dragapult-dusknoir,1638,gholdengo-lunatone
7,691,p2,0791,dragapult-dusknoir,1210,gholdengo-lunatone
7,692,p2,1446,dragapult-dusknoir,1466,gholdengo-lunatone
7,693,p1,2097,mega-absol-box,2167,charizard-noctowl
7,694,p1,0679,lopunny-dusknoir,1589,charizard-pidgeot
7,695,p2,1884,gholdengo-lunatone,0638,raging-bolt-ogerpon
7,696,p2,0713,charizard-noctowl,1226,joltik-box
7,697,p2,2027,kangaskhan-bouffalant,1924,n-zoroark
7,698,p1,1747,gholdengo-lunatone,0867,gholdengo-lunatone
7,699,p2,0299,gholdengo-lunatone,0072,gholdengo-lunatone
7,700,tie,1413,dragapult-dusknoir,1471,alakazam-dudunsparce
7,701,p2,1848,gardevoir-ex-sv,0329,charizard-noctowl
7,702,tie,2151,alakazam-dudunsparce,1080,pidgeot-control
7,703,p2,0730,n-zoroark,1958,n-zoroark
7,704,p1,0262,gardevoir-jellicent,0133,dragapult-dusknoir
7,705,tie,0910,dragapult-dusknoir,0590,kangaskhan-bouffalant
7,706,tie,0484,gardevoir-jellicent,1932,dragapult-dusknoir
7,707,p1,1577,charizard-noctowl,0723,gholdengo-lunatone
7,708,p2,0738,kangaskhan-bouffalant,0414,gholdengo-lunatone
7,709,p2,0266,dragapult-dusknoir,1499,dragapult-dusknoir
7,710,p1,0976,gardevoir-ex-sv,2021,hydreigon-ex
7,711,tie,1047,gardevoir-jellicent,0543,slowking-scr
7,712,p2,2259,tera-box,0226,charizard-ex
7,713,p1,1723,dragapult-dusknoir,0857,dragapult-dusknoir
7,714,p1,1365,gardevoir-ex-sv,0953,n-zoroark
7,715,p1,0820,flareon-noctowl,0069,rocket-porygon-z
7,716,p1,1899,raging-bolt-ogerpon,0191,gardevoir-jellicent
7,717,p1,1108,cynthia-garchomp-ex,0107,ceruledge-ex
7,718,tie,0422,dragapult-dusknoir,0528,dragapult-dusknoir
7,719,p1,0794,gholdengo-lunatone,0840,?roaring-moon
7,720,p2,1351,n-zoroark,1303,alakazam-dudunsparce
7,721,p1,2100,raging-bolt-ogerpon,2120,other
7,722,p2,0330,n-zoroark,1953,gholdengo-lunatone
7,723,tie,0285,cynthia-garchomp-ex,0314,charizard-pidgeot
7,724,p2,1342,charizard-noctowl,0296,gholdengo-lunatone
7,725,p1,1445,dragapult-dusknoir,1237,slowking-scr
7,726,p1,0178,lucario-hariyama,0517,mega-absol-box
7,727,p2,0878,dragapult-dusknoir,1261,sharpedo-toxtricity
7,728,p1,1529,dragapult-dusknoir,2183,charizard-pidgeot
7,729,p2,1117,charizard-pidgeot,2238,gholdengo-lunatone
7,730,p1,0545,charizard-noctowl,0327,charizard-noctowl
7,731,p1,1959,dragapult-dusknoir,0502,charizard-pidgeot
7,732,p1,0644,gholdengo-lunatone,1260,mega-absol-box
7,733,p2,0479,mega-absol-box,1762,mega-abomasnow-ex
7,734,p2,1305,froslass-munkidori,0778,hydrapple-ogerpon
7,735,double_loss,2130,n-zoroark,1089,kangaskhan-bouffalant
7,736,p1,1280,charizard-noctowl,1697,ceruledge-ex
7,737,p1,0561,gardevoir-jellicent,0950,gholdengo-lunatone
7,738,p1,2026,dragapult-dusknoir,0363,dragapult-dusknoir
7,739,p1,1912,gholdengo-lunatone,1619,kangaskhan-bouffalant
7,740,p2,1152,other,1768,gholdengo-lunatone
7,741,p2,1131,tsareena-ex,0666,lopunny-dusknoir
7,742,p1,0814,lopunny-dusknoir,0056,raging-bolt-ogerpon
7,743,p2,0987,flareon-ex,1468,gholdengo-lunatone
7,744,p2,2216,lopunny-dusknoir,1616,charizard-pidgeot
7,745,p1,1219,kangaskhan-bouffalant,2121,ceruledge-ex
7,746,p2,0113,charizard-noctowl,0436,gardevoir-ex-sv
7,747,tie,1676,lopunny-dusknoir,0623,gholdengo-lunatone
7,748,p2,1146,dragapult-charizard,1701,gholdengo-lunatone
7,749,tie,0150,other,1955,gholdengo-lunatone
8,1,p2,1502,charizard-noctowl,0766,charizard-noctowl
8,2,p1,1395,dragapult-dusknoir,1338,charizard-pidgeot
8,3,p1,0500,mega-absol-box,0999,gardevoir-ex-sv
8,4,p1,0784,dragapult-dusknoir,1286,dragapult-dusknoir
8,5,tie,0786,gardevoir-ex-sv,0201,charizard-noctowl
8,6,tie,2166,grimmsnarl-froslass,1216,gardevoir-ex-sv
8,7,p2,0654,charizard-pidgeot,1917,gardevoir-ex-sv
8,8,p2,1027,dragapult-dusknoir,2074,gardevoir-ex-sv
8,9,p1,2149,mega-absol-box,0279,pidgeot-control
8,10,p1,1597,mega-absol-box,0966,gardevoir-jellicent
8,11,p2,0168,charizard-noctowl,1639,dragapult-dusknoir
8,12,p2,0415,joltik-box,1175,dragapult-dusknoir
8,13,tie,0401,gholdengo-lunatone,0675,charizard-noctowl
8,14,p2,2024,gholdengo-lunatone,1801,dragapult-dusknoir
8,15,p1,1263,gholdengo-lunatone,1842,tera-box
8,16,p2,1049,gardevoir-ex-sv,0868,gardevoir-jellicent
8,17,p2,1357,gardevoir-jellicent,2109,dragapult-dusknoir
8,18,p1,0129,gholdengo-lunatone,0501,gardevoir-ex-sv
8,19,p2,1507,gholdengo-lunatone,1472,gholdengo-lunatone
8,20,tie,0958,dragapult-dusknoir,1307,mega-absol-box
8,21,p2,1705,raging-bolt-ogerpon,0246,gholdengo-lunatone
8,22,p2,1465,flareon-noctowl,0233,raging-bolt-ogerpon
8,23,p2,1881,gholdengo-lunatone,0703,flareon-noctowl
8,24,p1,1784,dragapult-dusknoir,2016,charizard-pidgeot
8,25,p2,2071,gardevoir-ex-sv,0656,mega-absol-box
8,26,p1,0724,gardevoir-ex-sv,0674,gardevoir-jellicent
8,27,p2,2090,gardevoir-ex-sv,0193,n-zoroark
8,28,p1,0547,dragapult-dusknoir,1657,gholdengo-lunatone
8,29,tie,1951,charizard-noctowl,0935,gardevoir-ex-sv
8,30,p1,1978,gholdengo-lunatone,0439,gholdengo-lunatone
8,31,p1,1950,gardevoir-ex-sv,1717,charizard-noctowl
8,32,p1,1598,charizard-noctowl,1068,dragapult-dusknoir
8,33,p2,1333,dragapult-dusknoir,2001,gholdengo-lunatone
8,34,p2,1847,gardevoir-ex-sv,0054,gardevoir-ex-sv
8,35,p2,2044,charizard-noctowl,0948,dragapult-charizard
8,36,p2,0694,iron-thorns-crustle,0333,charizard-noctowl
8,37,p2,1160,gholdengo-lunatone,2098,gardevoir-ex-sv
8,38,p1,0004,dragapult-dusknoir,0230,gholdengo-lunatone
8,39,p2,2143,ceruledge-ex,0673,dragapult-dusknoir
8,40,p2,1474,charizard-pidgeot,1562,mega-absol-box
8,41,p2,1043,dragapult-dusknoir,0698,dragapult-dusknoir
8,42,p2,0905,gholdengo-lunatone,1565,alakazam-dudunsparce
8,43,p1,1301,greninja-ex,1179,charizard-noctowl
8,44,p1,0198,lopunny-dusknoir,1266,ceruledge-ex
8,45,tie,1137,grimmsnarl-froslass,0316,gardevoir-jellicent
8,46,p2,1072,raging-bolt-ogerpon,2145,charizard-noctowl
8,47,tie,1172,gardevoir-ex-sv,2177,gholdengo-lunatone
8,48,p1,1035,gholdengo-lunatone,1296,grimmsnarl-froslass
8,49,p1,0381,dragapult-dusknoir,0033,gardevoir-ex-sv
8,50,p1,1018,mega-absol-box,1405,n-zoroark
8,51,p1,1594,gardevoir-jellicent,0483,raging-bolt-ogerpon
8,52,p2,0165,gholdengo-ex,1787,grimmsnarl-froslass
8,53,p2,0431,dragapult-dusknoir,2249,alakazam-dudunsparce
8,54,p1,1368,flareon-noctowl,1025,gardevoir-jellicent
8,55,p2,1580,dragapult-dusknoir,0281,gholdengo-lunatone
8,56,p1,1599,gardevoir-jellicent,2193,dragapult-dusknoir
8,57,p2,0057,charizard-noctowl,1708,gardevoir-jellicent
8,58,p1,0188,gardevoir-jellicent,0077,seaking-pre
8,59,p1,1646,charizard-noctowl,1450,alakazam-dudunsparce
8,60,p1,0125,gholdengo-lunatone,0523,gardevoir-ex-sv
8,61,p1,1135,charizard-noctowl,1832,gholdengo-lunatone
8,62,p2,1321,ceruledge-ex,0258,dragapult-dusknoir
8,63,tie,2251,raging-bolt-ogerpon,1432,gardevoir-ex-sv
8,64,p2,1457,gholdengo-lunatone,0692,alakazam-dudunsparce
8,65,tie,0399,gardevoir-ex-sv,1170,gardevoir-ex-sv
8,66,p1,0420,gholdengo-lunatone,0173,charizard-pidgeot
8,67,tie,0643,gholdengo-lunatone,1936,gardevoir-ex-sv
8,68,p1,0411,flareon-noctowl,0300,grimmsnarl-froslass
8,69,p2,1370,gholdengo-lunatone,1892,gholdengo-lunatone
8,70,p2,0750,gardevoir-ex-sv,0757,n-zoroark
8,71,p1,1527,gardevoir-ex-sv,1247,charizard-pidgeot
8,72,p1,1353,gardevoir-ex-sv,1348,crustle-dri
8,73,p1,0487,dragapult-dusknoir,1943,dragapult-charizard
8,74,p2,1082,charizard-noctowl,0364,charizard-noctowl
8,75,p1,0516,n-zoroark,0810,gardevoir-jellicent
8,76,p1,0540,kangaskhan-bouffalant,0455,gholdengo-joltik-box
8,77,tie,2189,gardevoir-jellicent,0832,gardevoir-jellicent
8,78,p2,1290,dragapult-dusknoir,1653,dragapult-dusknoir
8,79,p1,0312,dragapult-dusknoir,1270,gardevoir-jellicent
8,80,tie,1960,crustle-dri,0073,dragapult-dusknoir
8,81,p2,0115,gholdengo-lunatone,2255,charizard-noctowl
8,82,p2,0685,festival-lead,0627,gardevoir-ex-sv
8,83,tie,1957,charizard-noctowl,2210,gholdengo-lunatone
8,84,p1,1469,charizard-pidgeot,0303,dragapult-dusknoir
8,85,p2,1015,charizard-noctowl,0294,gholdengo-lunatone
8,86,tie,1530,grimmsnarl-froslass,1500,gholdengo-lunatone
8,87,p1,1729,gardevoir-ex-sv,0307,charizard-noctowl
8,88,tie,1249,dragapult-dusknoir,1069,mega-absol-box
8,89,tie,1799,dragapult-dusknoir,1506,charizard-noctowl
8,90,tie,1033,dragapult-dusknoir,0887,gardevoir-jellicent
8,91,tie,1612,gholdengo-lunatone,2242,charizard-noctowl
8,92,tie,0803,gardevoir-ex-sv,1875,dragapult-dusknoir
8,93,p2,1570,charizard-pidgeot,1062,charizard-noctowl
8,94,tie,0899,gardevoir-ex-sv,1197,dragapult-dusknoir
8,95,tie,0068,gardevoir-ex-sv,1209,charizard-noctowl
8,96,p1,0290,gholdengo-lunatone,1679,dragapult-dusknoir
8,97,tie,0581,dragapult-dusknoir,0690,charizard-noctowl
8,98,tie,2103,raging-bolt-ogerpon,1019,gholdengo-lunatone
8,99,tie,1618,charizard-noctowl,0183,gardevoir-ex-sv
8,100,p2,1076,raging-bolt-ogerpon,0413,gardevoir-ex-sv
8,101,tie,1291,gholdengo-lunatone,2055,gardevoir-ex-sv
8,102,tie,0642,gholdengo-lunatone,2014,gardevoir-jellicent
8,103,tie,0841,dragapult-dusknoir,2218,dragapult-dusknoir
8,104,tie,1041,grimmsnarl-froslass,1414,ceruledge-ex
8,105,tie,1467,gholdengo-lunatone,1232,dragapult-dusknoir
8,106,tie,1183,kangaskhan-bouffalant,0145,greninja-ex
8,107,tie,0646,ceruledge-ex,0005,gholdengo-lunatone
8,108,tie,1317,mega-venusaur-ex,1901,charizard-noctowl
8,109,tie,0788,dragapult-charizard,2099,kangaskhan-bouffalant
8,110,tie,2233,gardevoir-jellicent,0228,gholdengo-lunatone
8,111,p1,1452,charizard-pidgeot,0714,kangaskhan-bouffalant
8,112,tie,1030,charizard-noctowl,0020,gholdengo-lunatone
8,113,p1,2162,slowking-scr,0848,dragapult-dusknoir
8,114,p2,1433,gholdengo-lunatone,2195,gardevoir-ex-sv
8,115,tie,0135,dragapult-dusknoir,0775,charizard-noctowl
8,116,p1,1900,charizard-noctowl,0940,gardevoir-jellicent
8,117,p1,2173,mega-absol-box,1898,charizard-noctowl
8,118,tie,1083,gardevoir-ex-sv,0974,charizard-noctowl
8,119,p2,1563,gholdengo-lunatone,0779,gholdengo-lunatone
8,120,p2,1989,gholdengo-lunatone,1426,gardevoir-ex-sv
8,121,tie,0740,gholdengo-lunatone,0385,gardevoir-jellicent
8,122,tie,0289,gholdengo-lunatone,1042,gholdengo-lunatone
8,123,tie,0861,gholdengo-lunatone,0881,gardevoir-jellicent
8,124,tie,2246,gholdengo-joltik-box,1024,grimmsnarl-froslass
8,125,p2,0649,dragapult-dusknoir,2134,gholdengo-lunatone
8,126,tie,1796,charizard-noctowl,0202,charizard-pidgeot
8,127,p1,0374,ceruledge-ex,0896,dragapult-dusknoir
8,128,tie,2114,gholdengo-lunatone,0373,gholdengo-lunatone
8,129,tie,1434,charizard-pidgeot,0052,charizard-noctowl
8,130,tie,0127,gholdengo-lunatone,0117,dragapult-dusknoir
8,131,tie,1730,dragapult-dusknoir,1790,charizard-noctowl
8,132,tie,1453,gholdengo-lunatone,1665,charizard-noctowl
8,133,tie,1272,gardevoir-jellicent,0437,gholdengo-lunatone
8,134,p1,0722,charizard-pidgeot,1297,gardevoir-jellicent
8,135,p1,0941,gardevoir-jellicent,2186,dragapult-dusknoir
8,136,tie,1185,cynthia-garchomp-ex,0080,dragapult-charizard
8,137,p2,0811,gholdengo-lunatone,1227,charizard-noctowl
8,138,p2,0342,charizard-dragapult,1401,dragapult-dusknoir
8,139,p1,1142,gholdengo-lunatone,0343,lopunny-dusknoir
8,140,p1,0751,gardevoir-ex-sv,2102,gholdengo-lunatone
8,141,p1,1519,charizard-noctowl,0577,n-zoroark
8,142,tie,0098,gholdengo-lunatone,2263,gardevoir-ex-sv
8,143,p2,1664,gholdengo-lunatone,0060,dragapult-charizard
8,144,p1,1352,raging-bolt-ogerpon,2063,dragapult-dusknoir
8,145,p1,0482,gardevoir-ex-sv,1651,dragapult-dusknoir
8,146,p1,1372,dragapult-dusknoir,0624,n-zoroark
8,147,p2,0265,charizard-pidgeot,1837,gardevoir-jellicent
8,148,p2,0051,gholdengo-lunatone,0947,kangaskhan-bouffalant
8,149,p1,0963,gholdengo-lunatone,1186,n-zoroark
8,150,p1,0017,gholdengo-lunatone,0711,n-zoroark
8,151,p2,0827,gholdengo-lunatone,2036,charizard-noctowl
8,152,p1,1699,gholdengo-lunatone,0111,dragapult-charizard
8,153,p2,2013,grimmsnarl-froslass,1915,grimmsnarl-froslass
8,154,p1,1977,charizard-noctowl,1238,charizard-pidgeot
8,155,p2,2117,gholdengo-lunatone,0505,dragapult-dusknoir
8,156,p1,0956,dragapult-charizard,0093,n-zoroark
8,157,p2,1921,gholdengo-lunatone,1120,charizard-pidgeot
8,158,p2,0926,kangaskhan-bouffalant,2111,mega-absol-box
8,159,p1,0514,n-zoroark,0024,gardevoir-ex-sv
8,160,p1,1568,dragapult-dusknoir,2245,gholdengo-lunatone
8,161,p2,1511,conkeldurr-twm,1807,gardevoir-ex-sv
8,162,p2,1647,kangaskhan-bouffalant,0785,n-zoroark
8,163,p2,1244,kangaskhan-bouffalant,2106,charizard-noctowl
8,164,p2,1764,dragapult-dusknoir,0001,gardevoir-ex-sv
8,165,tie,1032,froslass-munkidori,1125,gardevoir-jellicent
8,166,p2,0808,ceruledge-ex,1773,gardevoir-jellicent
8,167,p2,0424,charizard-pidgeot,1316,gholdengo-lunatone
8,168,p1,0880,gardevoir-jellicent,1443,grimmsnarl-froslass
8,169,p2,1992,grimmsnarl-froslass,1288,gholdengo-lunatone
8,170,p2,0967,gholdengo-lunatone,1112,dragapult-dusknoir
8,171,p1,0410,gardevoir-jellicent,1944,charizard-pidgeot
8,172,p1,1961,charizard-noctowl,0372,raging-bolt-ogerpon
8,173,p2,1463,n-zoroark,0468,gardevoir-ex-sv
8,174,p2,1449,gholdengo-lunatone,0293,charizard-noctowl
8,175,p1,0350,charizard-noctowl,0657,gholdengo-lunatone
8,176,p2,1437,charizard-noctowl,1341,kangaskhan-bouffalant
8,177,p2,0557,gholdengo-joltik-box,0873,charizard-pidgeot
8,178,p1,0919,dragapult-dusknoir,0707,alakazam-dudunsparce
8,179,p1,1720,n-zoroark,2011,gardevoir-ex-sv
8,180,p1,0591,gholdengo-lunatone,0743,gardevoir-ex-sv
8,181,p1,0179,gholdengo-lunatone,1716,raging-bolt-ogerpon
8,182,p1,0031,dragapult-charizard,0043,charizard-pidgeot
8,183,p1,0267,gardevoir-jellicent,1687,grimmsnarl-froslass
8,184,p2,1999,gholdengo-ex,1195,n-zoroark
8,185,p2,1484,mega-absol-box,1377,gholdengo-lunatone
8,186,p1,0085,flareon-noctowl,0252,sharpedo-toxtricity
8,187,p2,0651,n-zoroark,1771,alakazam-dudunsparce
8,188,p2,0551,chien-pao-baxcalibur,1722,dragapult-dusknoir
8,189,p2,0239,charizard-noctowl,1760,iron-thorns-crustle
8,190,p2,0901,gholdengo-lunatone,0215,raging-bolt-ogerpon
8,191,p1,0048,charizard-pidgeot,2226,dragapult-dusknoir
8,192,p2,0859,gholdengo-lunatone,1534,charizard-noctowl
8,193,p1,1399,charizard-noctowl,2082,alakazam-dudunsparce
8,194,p1,0720,tera-box,0629,gardevoir-jellicent
8,195,p2,0090,mega-absol-box,1937,charizard-noctowl
8,196,p2,0344,grimmsnarl-froslass,2133,joltik-box
8,197,p2,1039,gholdengo-lunatone,2243,charizard-noctowl
8,198,p1,0260,joltik-box,1276,mega-absol-box
8,199,p1,1001,dragapult-dusknoir,1392,raging-bolt-ogerpon
8,200,p2,0533,gardevoir-ex-sv,0404,gholdengo-lunatone
8,201,p2,2224,ursaluna-lunatone,1139,charizard-noctowl
8,202,p2,0626,n-zoroark,0223,gardevoir-ex-sv
8,203,p1,0255,alakazam-dudunsparce,0518,gardevoir-ex-sv
8,204,p2,1987,cynthia-garchomp-ex,0480,gardevoir-ex-sv
8,205,p2,0727,gardevoir-ex-sv,0096,dragapult-dusknoir
8,206,p2,2206,seaking-pre,1214,gardevoir-jellicent
8,207,p2,0161,dragapult-dusknoir,1993,gardevoir-ex-sv
8,208,p1,1758,gholdengo-lunatone,1681,charizard-noctowl
8,209,p1,2266,charizard-noctowl,1470,n-zoroark
8,210,p1,1740,gholdengo-lunatone,1601,dragapult-dusknoir
8,211,p2,1973,charizard-noctowl,0248,cynthia-garchomp-ex
8,212,p1,1494,n-zoroark,0063,n-zoroark
8,213,p1,0768,dragapult-dusknoir,0822,n-zoroark
8,214,p1,1931,n-zoroark,1406,n-zoroark
8,215,p1,1909,dragapult-dusknoir,0045,gholdengo-lunatone
8,216,p2,0042,mega-absol-box,1806,grimmsnarl-froslass
8,217,p2,1439,n-zoroark,1817,ceruledge-ex
8,218,p1,0211,gardevoir-jellicent,1674,grimmsnarl-froslass
8,219,p1,1887,charizard-noctowl,2142,gholdengo-lunatone
8,220,p1,1149,charizard-pidgeot,1741,alakazam-dudunsparce
8,221,p2,0194,gholdengo-lunatone,0836,gholdengo-lunatone
8,222,p1,0261,gholdengo-lunatone,0510,dragapult-dusknoir
8,223,p1,0552,alakazam-dudunsparce,0903,charizard-noctowl
8,224,p1,1523,dragapult-charizard,1091,charizard-noctowl
8,225,p2,0912,gholdengo-lunatone,0818,gardevoir-ex-sv
8,226,p1,1719,n-zoroark,0759,grimmsnarl-froslass
8,227,p2,1228,gardevoir-ex-sv,0669,gardevoir-jellicent
8,228,p1,1893,charizard-noctowl,1165,grimmsnarl-froslass
8,229,p2,0365,slaking-ex,1975,grimmsnarl-froslass
8,230,p1,1284,gholdengo-lunatone,1721,dragapult-dusknoir
8,231,tie,2094,greninja-ex,1200,mega-venusaur-ex
8,232,p1,0224,gholdengo-lunatone,0126,gholdengo-lunatone
8,233,p1,0718,raging-bolt-ogerpon,0506,dragapult-dusknoir
8,234,p2,1542,dragapult-dusknoir,1704,charizard-noctowl
8,235,p2,0454,flareon-noctowl,0549,gholdengo-lunatone
8,236,p1,0991,charizard-pidgeot,0015,gardevoir-ex-sv
8,237,p2,0648,gardevoir-jellicent,0143,gholdengo-lunatone
8,238,p1,1574,kangaskhan-bouffalant,0144,gardevoir-ex-sv
8,239,p1,0476,dragapult-dusknoir,1744,gholdengo-joltik-box
8,240,p2,0688,n-zoroark,1926,n-zoroark
8,241,p1,0035,gholdengo-lunatone,1776,dragapult-dusknoir
8,242,p1,2209,charizard-noctowl,0497,gardevoir-jellicent
8,243,p2,2131,mega-venusaur-ex,0508,festival-lead
8,244,p2,0205,gholdengo-lunatone,1952,ursaluna-lunatone
8,245,p1,1435,dragapult-dusknoir,1968,lucario-hariyama
8,246,p2,2007,charizard-pidgeot,0485,gholdengo-lunatone
8,247,p2,1103,ursaluna-lunatone,1746,gardevoir-jellicent
8,248,p1,0531,gholdengo-lunatone,1930,charizard-noctowl
8,249,p2,0819,gholdengo-lunatone,1945,dragapult-dusknoir
8,250,p2,1252,lopunny-dusknoir,2170,gholdengo-lunatone
8,251,p2,0616,gardevoir-ex-sv,0742,ceruledge-ex
8,252,p2,0053,gardevoir-jellicent,0854,dragapult-dusknoir
8,253,p1,1034,dragapult-dusknoir,0249,grimmsnarl-froslass
8,254,p2,1820,dragapult-dusknoir,0441,iron-hands-magneton
8,255,p2,0662,gholdengo-lunatone,2136,joltik-box
8,256,p1,1856,gardevoir-ex-sv,0652,gholdengo-lunatone
8,257,p1,0395,charizard-pidgeot,2178,n-zoroark
8,258,p2,1850,dragapult-dusknoir,2260,gardevoir-ex-sv
8,259,p1,1230,froslass-munkidori,0427,charizard-noctowl
8,260,p1,0762,dragapult-charizard,1355,charizard-noctowl
8,261,p1,2058,gholdengo-lunatone,1841,gardevoir-ex-sv
8,262,p2,1956,dragapult-dusknoir,1728,joltik-box
8,263,p1,0465,gholdengo-lunatone,1779,ursaluna-lunatone
8,264,p1,1733,charizard-noctowl,1669,gholdengo-lunatone
8,265,p1,1805,dragapult-dusknoir,1398,gholdengo-lunatone
8,266,p1,1278,toxtricity-pfl,2141,gardevoir-jellicent
8,267,p1,0062,grimmsnarl-froslass,0597,greninja-ex
8,268,p1,0839,charizard-pidgeot,0769,dragapult-dusknoir
8,270,p2,0898,alakazam-dudunsparce,1145,palafin-ex
8,271,p1,1153,kangaskhan-bouffalant,0539,gholdengo-lunatone
8,272,p1,0541,gardevoir-jellicent,1279,mega-absol-box
8,273,p2,0462,charizard-noctowl,0544,kangaskhan-bouffalant
8,274,p1,2084,dragapult-dusknoir,0546,dragapult-charizard
8,276,p2,0550,lopunny-dusknoir,1964,dragapult-dusknoir
8,277,p2,0600,gholdengo-lunatone,1525,gholdengo-lunatone
8,278,p2,0429,tera-box,0553,gholdengo-lunatone
8,279,tie,0066,gholdengo-lunatone,0556,dragapult-dusknoir
8,280,p2,0558,flareon-noctowl,1818,gardevoir-ex-sv
8,281,p2,1644,gholdengo-lunatone,0559,conkeldurr-twm
8,282,p2,1366,charizard-pidgeot,0562,gholdengo-lunatone
8,283,tie,0670,dragapult-dusknoir,0563,charizard-noctowl
8,285,p2,1107,gardevoir-jellicent,0124,gardevoir-ex-sv
8,286,tie,1695,grimmsnarl-froslass,1906,gholdengo-lunatone
8,287,p1,0798,alakazam-dudunsparce,0336,n-zoroark
8,288,double_loss,0433,?,1857,?
8,289,p1,2049,gardevoir-ex-sv,0186,gholdengo-lunatone
8,290,p2,0348,ethan-typhlosion,0081,gholdengo-lunatone
8,291,tie,1711,dragapult-dusknoir,1854,gardevoir-ex-sv
8,292,p1,1421,grimmsnarl-froslass,0522,charizard-noctowl
8,293,p2,0860,charizard-noctowl,0022,pidgeot-control
8,294,p1,0074,flareon-noctowl,1731,grimmsnarl-froslass
8,295,p2,1074,charizard-pidgeot,1356,n-zoroark
8,296,p1,0890,charizard-pidgeot,0782,kangaskhan-bouffalant
8,297,p2,0142,gholdengo-lunatone,1772,charizard-pidgeot
8,298,p2,0942,gholdengo-lunatone,1045,cynthia-garchomp-ex
8,299,p1,0034,n-zoroark,1571,gholdengo-lunatone
8,300,p2,1411,gardevoir-ex-sv,1862,gholdengo-lunatone
8,301,p1,0886,n-zoroark,1595,gholdengo-lunatone
8,302,p2,0831,greninja-ex,0902,gholdengo-lunatone
8,303,p1,0596,dragapult-dusknoir,2156,raging-bolt-ogerpon
8,304,p2,0409,slowking-scr,1485,dragapult-dusknoir
8,305,p2,1067,dragapult-dusknoir,1819,gholdengo-typhlosion
8,306,p2,1491,gholdengo-lunatone,0921,ceruledge-ex
8,307,p2,1064,gardevoir-jellicent,0132,n-zoroark
8,308,p2,1017,dragapult-dusknoir,0802,dragapult-dusknoir
8,309,p1,0951,charizard-pidgeot,1178,gardevoir-ex-sv
8,310,p2,1295,gardevoir-ex-sv,2176,ceruledge-ex
8,311,p1,0731,n-zoroark,0774,gholdengo-lunatone
8,312,p1,1628,dragapult-dusknoir,0423,gholdengo-lunatone
8,313,p2,1201,gholdengo-lunatone,2163,dragapult-dusknoir
8,314,tie,1151,gardevoir-jellicent,1816,ursaluna-lunatone
8,315,p2,2187,gholdengo-lunatone,1202,gholdengo-lunatone
8,316,p2,1036,greninja-ex,0879,gardevoir-ex-sv
8,317,p2,1407,gardevoir-ex-sv,0490,dragapult-dusknoir
8,318,p2,0357,gardevoir-jellicent,0332,dragapult-dusknoir
8,319,p1,0601,dragapult-dusknoir,1298,raging-bolt-ogerpon
8,320,p1,1925,gholdengo-lunatone,1579,charizard-pidgeot
8,321,p2,0030,ceruledge-ex,1192,cynthia-garchomp-ex
8,322,p1,0466,charizard-noctowl,2073,ceruledge-ex
8,323,p1,1324,gardevoir-ex-sv,1155,gardevoir-jellicent
8,324,p2,0457,mega-absol-box,1582,alakazam-dudunsparce
8,325,p1,1389,charizard-noctowl,0650,charizard-pidgeot
8,326,p1,1689,gholdengo-lunatone,2222,dragapult-dusknoir
8,327,p1,0123,gardevoir-jellicent,0241,dragapult-dusknoir
8,328,p1,1888,grimmsnarl-froslass,1981,gardevoir-jellicent
8,329,p2,0761,charizard-noctowl,1667,gholdengo-lunatone
8,330,p2,0826,gardevoir-ex-sv,1800,dragapult-charizard
8,331,p2,0957,gholdengo-lunatone,2240,gholdengo-lunatone
8,332,p1,1691,gholdengo-lunatone,0376,charizard-noctowl
8,333,p1,1575,dragapult-dusknoir,0101,dragapult-dusknoir
8,334,p1,1225,pidgeot-control,0653,gardevoir-jellicent
8,335,p1,1409,joltik-box,0102,charizard-pidgeot
8,336,p1,0594,gholdengo-lunatone,0208,gholdengo-lunatone
8,337,p2,1543,dragapult-dusknoir,0166,gardevoir-ex-sv
8,338,p2,1813,n-zoroark,1911,charizard-noctowl
8,339,p2,0119,charizard-pidgeot,1048,charizard-noctowl
8,340,p1,0209,charizard-noctowl,0271,gardevoir-jellicent
8,341,p2,2250,dragapult-dusknoir,1622,gholdengo-lunatone
8,342,p2,0735,gholdengo-lunatone,2053,gardevoir-jellicent
8,343,p1,2138,gholdengo-lunatone,0036,joltik-box
8,344,p2,0018,gholdengo-lunatone,0564,gardevoir-ex-sv
8,345,p2,2214,dragapult-dusknoir,2042,gardevoir-jellicent
8,346,p1,1482,gholdengo-lunatone,1885,gholdengo-lunatone
8,347,p1,0847,ceruledge-ex,2113,gholdengo-lunatone
8,348,p2,1835,gholdengo-lunatone,1544,ceruledge-ex
8,349,p1,0213,charizard-noctowl,1804,raging-bolt-ogerpon
8,350,p1,0386,charizard-noctowl,1097,charizard-noctowl
8,351,p1,2066,dragapult-dusknoir,1933,gardevoir-jellicent
8,352,p2,1476,dragapult-dusknoir,2108,kangaskhan-bouffalant
8,353,tie,1713,gholdengo-lunatone,0493,raging-bolt-ogerpon
8,354,p2,0012,flareon-noctowl,0521,tera-box
8,355,p2,0392,blaziken-ex-jtg,0200,charizard-noctowl
8,356,p1,1865,charizard-noctowl,0351,gardevoir-jellicent
8,357,p1,0160,n-zoroark,1174,charizard-noctowl
8,358,p1,0807,n-zoroark,1331,gholdengo-lunatone
8,359,p1,0620,charizard-noctowl,0264,charizard-noctowl
8,360,p2,0459,festival-lead,1625,gholdengo-lunatone
8,361,p2,0242,mega-lopunny-ex,0863,gholdengo-lunatone
8,362,p1,0828,mega-absol-box,1692,gholdengo-lunatone
8,363,p2,2256,dragapult-charizard,2258,dragapult-dusknoir
8,364,p2,2196,gholdengo-lunatone,0114,lopunny-dusknoir
8,365,tie,1550,joltik-box,1712,lucario-hariyama
8,366,p1,0467,dragapult-dusknoir,1136,charizard-noctowl
8,367,p2,2060,charizard-noctowl,1320,grimmsnarl-froslass
8,368,p2,0944,charizard-noctowl,0754,gardevoir-ex-sv
8,369,p2,1241,joltik-box,0247,dragapult-dusknoir
8,370,p2,2020,charizard-pidgeot,1829,slowking-scr
8,371,tie,2267,grimmsnarl-froslass,0002,gholdengo-lunatone
8,372,p2,1265,raging-bolt-ogerpon,0579,gholdengo-lunatone
8,373,p1,2086,gholdengo-lunatone,2231,mega-absol-box
8,374,p1,2199,gholdengo-lunatone,2217,iron-hands-magneton
8,375,p1,0055,charizard-noctowl,0607,gholdengo-lunatone
8,376,p1,0458,charizard-noctowl,2076,gardevoir-ex-sv
8,377,p1,0078,gholdengo-lunatone,0658,flareon-noctowl
8,378,p2,1044,gholdengo-lunatone,0655,raging-bolt-ogerpon
8,379,p1,2034,flareon-noctowl,0284,gholdengo-lunatone
8,380,tie,0745,dragapult-dusknoir,0353,gholdengo-lunatone
8,381,p1,0486,gholdengo-lunatone,0592,gardevoir-ex-sv
8,382,p2,1251,joltik-box,0026,lopunny-dusknoir
8,383,p2,1114,dragapult-charizard,0585,dragapult-dusknoir
8,384,p2,2087,gholdengo-lunatone,1675,gholdengo-lunatone
8,385,tie,2184,charizard-noctowl,1106,gholdengo-lunatone
8,386,p2,1245,gholdengo-lunatone,1734,gholdengo-lunatone
8,387,p1,2158,charizard-noctowl,0379,dragapult-dusknoir
8,388,p1,2161,gholdengo-lunatone,0961,dragapult-dusknoir
8,389,p2,2264,gholdengo-lunatone,0269,gardevoir-ex-sv
8,390,p1,0686,ethan-typhlosion,1330,charizard-noctowl
8,391,p1,0375,dragapult-dusknoir,2068,gholdengo-lunatone
8,392,p2,1158,n-zoroark,0276,gholdengo-lunatone
8,393,p1,1509,gholdengo-lunatone,2227,gholdengo-lunatone
8,394,tie,1752,kangaskhan-bouffalant,1189,mega-absol-box
8,395,p2,0008,dragapult-dusknoir,0167,dragapult-dusknoir
8,396,p1,0153,gholdengo-lunatone,2028,gholdengo-lunatone
8,397,p1,1922,gholdengo-lunatone,1851,kangaskhan-bouffalant
8,398,p2,0029,charizard-pidgeot,2262,gardevoir-ex-sv
8,399,p2,2230,n-zoroark,0796,raging-bolt-ogerpon
8,400,p2,1617,gardevoir-jellicent,2015,charizard-noctowl
8,401,p1,0104,gholdengo-lunatone,2017,gholdengo-lunatone
8,402,p2,1339,kangaskhan-bouffalant,0076,gholdengo-lunatone
8,403,p2,0469,gardevoir-jellicent,1670,gholdengo-lunatone
8,404,p2,2270,tera-box,1940,gholdengo-lunatone
8,405,p2,0059,gardevoir-ex-sv,2269,gholdengo-lunatone
8,406,p2,2191,greninja-ex,2201,gholdengo-lunatone
8,407,p1,0280,dragapult-dusknoir,2212,gardevoir-jellicent
8,408,p2,1126,gholdengo-lunatone,1867,seaking-pre
8,409,p1,1810,raging-bolt-ogerpon,2064,grimmsnarl-froslass
8,410,p1,1576,tera-box,1208,charizard-pidgeot
8,411,p2,0176,gholdengo-lunatone,0366,charizard-noctowl
8,412,p2,1558,gholdengo-lunatone,1634,gholdengo-lunatone
8,413,tie,0162,alakazam-dudunsparce,0681,dragapult-dusknoir
8,414,p1,0699,dragapult-dusknoir,1971,gardevoir-ex-sv
8,415,p2,0256,grimmsnarl-froslass,0388,gardevoir-jellicent
8,416,tie,0588,charizard-noctowl,1593,alakazam-dudunsparce
8,417,p2,0170,gholdengo-lunatone,1780,dragapult-dusknoir
8,418,p2,0315,gardevoir-ex-sv,1994,gardevoir-ex-sv
8,419,p1,2155,gholdengo-lunatone,2124,charizard-noctowl
8,420,p2,0696,gardevoir-ex-sv,0908,dragapult-dusknoir
8,421,p2,0844,grimmsnarl-froslass,1831,raging-bolt-ogerpon
8,422,p1,2009,raging-bolt-ogerpon,1615,palafin-ex
8,423,p1,2037,charizard-noctowl,1942,charizard-noctowl
8,424,p1,1384,charizard-noctowl,2175,gardevoir-jellicent
8,425,p1,2116,charizard-noctowl,1549,charizard-noctowl
8,426,p2,1629,gholdengo-lunatone,0787,gholdengo-lunatone
8,427,p2,1897,charizard-pidgeot,1448,tera-box
8,428,p2,0770,lucario-hariyama,2054,dragapult-dusknoir
8,429,p1,2237,charizard-noctowl,1217,gholdengo-lunatone
8,430,p1,1166,charizard-noctowl,1538,gardevoir-jellicent
8,431,p2,0969,gholdengo-lunatone,1154,charizard-noctowl
8,432,p1,2006,gholdengo-lunatone,2126,gardevoir-jellicent
8,433,p1,1312,charizard-noctowl,1440,gholdengo-lunatone
8,434,p2,0083,reging-bolt-bellibolt,2029,gholdengo-lunatone
8,435,tie,2095,tera-box,1176,raging-bolt-ogerpon
8,436,p2,1840,charizard-noctowl,2169,ogerpon-meganium
8,437,p1,2168,dragapult-dusknoir,1587,charizard-noctowl
8,438,tie,1537,gholdengo-ex,0530,dragapult-charizard
8,439,p2,0913,charizard-noctowl,0875,dragapult-dusknoir
8,440,p1,1454,gholdengo-lunatone,0174,gardevoir-jellicent
8,441,p1,1289,joltik-box,0449,gholdengo-lunatone
8,442,p1,0199,dragapult-dusknoir,1130,ceruledge-ex
8,443,p2,1190,dragapult-dusknoir,0473,gholdengo-lunatone
8,444,tie,1431,dragapult-dusknoir,1627,gholdengo-lunatone
8,445,p2,0164,gholdengo-lunatone,1376,alakazam-dudunsparce
8,446,p2,1134,n-zoroark,1003,charizard-pidgeot
8,447,p1,1889,dragapult-charizard,0621,charizard-pidgeot
8,448,tie,0665,dragapult-dusknoir,1314,n-zoroark
8,449,p1,0824,dragapult-dusknoir,1008,alakazam-dudunsparce
8,450,p1,0503,gholdengo-lunatone,1939,charizard-noctowl
8,451,p2,0932,tera-box,0131,n-zoroark
8,452,tie,0981,gholdengo-lunatone,0631,charizard-noctowl
8,453,p2,2248,gardevoir-ex-sv,1866,dragapult-charizard
8,454,p2,2075,charizard-noctowl,2208,conkeldurr-twm
8,455,p2,0435,gardevoir-jellicent,2157,dragapult-dusknoir
8,456,p2,0853,gholdengo-lunatone,1996,joltik-box
8,457,p1,1051,n-zoroark,2268,dragapult-dusknoir
8,458,p2,1235,n-zoroark,1427,raging-bolt-ogerpon
8,459,p2,1420,gardevoir-ex-sv,2127,kangaskhan-bouffalant
8,460,p2,0225,dragapult-dusknoir,1378,lopunny-dusknoir
8,461,p1,2115,ceruledge-ex,0892,lopunny-dusknoir
8,462,p1,1350,gardevoir-ex-sv,0013,gholdengo-lunatone
8,463,p2,0071,dragapult-dusknoir,1193,dragapult-dusknoir
8,464,tie,1188,gardevoir-jellicent,0481,grimmsnarl-froslass
8,465,tie,2179,grimmsnarl-froslass,1753,ceruledge-ex
8,466,p2,1949,ceruledge-ex,1283,charizard-pidgeot
8,467,tie,1605,kangaskhan-bouffalant,1633,dragapult-dusknoir
8,468,p1,0319,n-zoroark,0310,gholdengo-lunatone
8,469,p2,0609,gardevoir-ex-sv,0732,flareon-noctowl
8,470,p1,2052,tera-box,2150,dragapult-dusknoir
8,471,p1,0337,gholdengo-lunatone,0398,dragapult-dusknoir
8,472,p1,2236,dragapult-dusknoir,2057,gholdengo-joltik-box
8,473,p2,0792,kangaskhan-bouffalant,0320,gholdengo-lunatone
8,474,tie,1554,n-zoroark,2062,ceruledge-ex
8,475,p2,1696,raging-bolt-ogerpon,1846,raging-bolt-ogerpon
8,476,tie,0345,alakazam-dudunsparce,0668,gardevoir-ex-sv
8,477,p1,1512,seaking-pre,0288,greninja-ex
8,478,p2,1118,dragapult-charizard,0432,n-zoroark
8,479,p1,0254,gardevoir-ex-sv,1830,gholdengo-lunatone
8,480,tie,1428,gholdengo-lunatone,1682,gholdengo-typhlosion
8,481,p1,0615,grimmsnarl-froslass,0146,grimmsnarl-froslass
8,482,p1,0250,mega-absol-box,2185,mega-absol-box
8,483,p1,0128,grimmsnarl-froslass,1710,ceruledge-ex
8,484,p2,1808,gardevoir-ex-sv,1403,charizard-noctowl
8,485,p2,1168,dragapult-dusknoir,2038,n-zoroark
8,486,p2,1052,dragapult-ex,0088,gardevoir-jellicent
8,487,p2,2228,gardevoir-ex-sv,1159,lopunny-dusknoir
8,488,tie,1242,charizard-pidgeot,0816,charizard-noctowl
8,489,p1,1556,mega-absol-box,0625,greninja-ex
8,490,tie,0907,gardevoir-ex-sv,0977,gholdengo-lunatone
8,491,p1,1204,raging-bolt-ogerpon,0190,kangaskhan-bouffalant
8,492,tie,1213,charizard-noctowl,0952,gholdengo-lunatone
8,493,tie,2174,charizard-noctowl,1400,n-zoroark
8,494,p1,1600,ceruledge-ex,0949,gholdengo-lunatone
8,495,p1,0352,charizard-noctowl,1346,charizard-noctowl
8,496,p1,1649,dragapult-charizard,1121,kangaskhan-bouffalant
8,497,p1,0023,gholdengo-lunatone,2019,gardevoir-ex-sv
8,498,tie,0181,mega-absol-box,0108,charizard-pidgeot
8,499,p2,0829,roaring-moon-dudunsparce,1581,crustle-dri
8,500,p2,1680,charizard-noctowl,0587,gardevoir-jellicent
8,501,p2,1536,charizard-noctowl,2061,charizard-noctowl
8,502,p1,1604,dragapult-dusknoir,0934,gholdengo-lunatone
8,503,p2,0721,gholdengo-lunatone,1918,ceruledge-ex
8,504,p1,0542,charizard-noctowl,0297,gardevoir-ex-sv
8,505,tie,1418,rocket-mewtwo-ex,0806,dragapult-dusknoir
8,506,p1,1751,mega-absol-box,0672,gardevoir-ex-sv
8,507,p1,0980,kangaskhan-bouffalant,0983,gholdengo-lunatone
8,508,p1,0291,mega-absol-box,1375,gardevoir-jellicent
8,509,p1,0122,dragapult-charizard,0739,gardevoir-jellicent
8,510,p2,0865,chien-pao-baxcalibur,1636,charizard-noctowl
8,511,p1,1663,kangaskhan-bouffalant,1383,dragapult-dusknoir
8,512,p1,0959,gardevoir-jellicent,1905,gholdengo-lunatone
8,513,p2,1855,n-zoroark,0070,dragapult-dusknoir
8,514,p2,0996,gholdengo-lunatone,0141,n-zoroark
8,515,p1,2096,mega-absol-box,0527,gholdengo-lunatone
8,516,p2,0849,charizard-noctowl,1828,n-zoroark
8,517,p1,2101,seaking-pre,1845,gholdengo-lunatone
8,518,p2,0684,alakazam-dudunsparce,1259,gardevoir-jellicent
8,519,p1,1890,gardevoir-ex-sv,1264,charizard-pidgeot
8,520,p1,1967,gholdengo-lunatone,1812,tera-box
8,521,p2,0760,charizard-pidgeot,0234,gholdengo-lunatone
8,522,p1,2211,other,1455,flareon-noctowl
8,523,p1,2203,charizard-noctowl,1747,gholdengo-lunatone
8,524,p1,0346,ceruledge-ex,0092,gholdengo-lunatone
8,525,p2,1053,charizard-pidgeot,1659,gardevoir-ex-sv
8,526,p2,0216,lopunny-dusknoir,1985,gholdengo-lunatone
8,527,p1,2105,gardevoir-ex-sv,1794,gardevoir-ex-sv
8,528,p2,0378,raging-bolt-ogerpon,1416,dragapult-dusknoir
8,529,p1,1466,gholdengo-lunatone,1778,gholdengo-lunatone
8,530,p1,1234,dragapult-dusknoir,0772,n-zoroark
8,531,tie,1745,ethan-typhlosion,0989,meowscarada-ex
8,532,p2,1871,gholdengo-lunatone,1923,gholdengo-lunatone
8,533,p1,0370,gardevoir-jellicent,1394,gardevoir-ex-sv
8,534,p1,0758,gholdengo-lunatone,1924,n-zoroark
8,535,p1,0453,raging-bolt-ogerpon,2008,charizard-noctowl
8,536,p2,1335,gholdengo-lunatone,0702,lopunny-dusknoir
8,537,p1,1843,alakazam-dudunsparce,0755,gardevoir-jellicent
8,538,p1,2070,tera-box,0138,marnie-grimmsnarl-ex
8,539,p2,0308,joltik-box,0134,charizard-noctowl
8,540,p1,0243,dragapult-dusknoir,0783,mega-latias-ex
8,541,p2,1775,crustle-dri,0645,dragapult-dusknoir
8,542,p1,1635,lucario-hariyama,2033,alakazam-dudunsparce
8,543,tie,1240,n-zoroark,1623,charizard-noctowl
8,544,p2,0986,dragapult-dusknoir,0946,other
8,545,tie,1438,gholdengo-lunatone,0044,gardevoir-ex-sv
8,546,p1,0136,alakazam-dudunsparce,1430,gholdengo-lunatone
8,547,p2,1690,dragapult-dusknoir,0704,grimmsnarl-froslass
8,548,p1,0580,toxtricity-pfl,2119,gardevoir-jellicent
8,549,p1,1861,dragapult-dusknoir,0797,gholdengo-lunatone
8,550,p2,0321,flareon-noctowl,0555,gardevoir-jellicent
8,551,p2,1910,gardevoir-jellicent,1798,seaking-pre
8,552,p1,0492,gholdengo-lunatone,1077,dragapult-dusknoir
8,553,p2,0306,charizard-noctowl,0322,kangaskhan-bouffalant
8,554,p2,2050,joltik-box,2154,gholdengo-lunatone
8,555,p2,1141,gardevoir-ex-sv,1586,charizard-noctowl
8,556,p2,0638,raging-bolt-ogerpon,1343,gholdengo-lunatone
8,557,tie,0593,gholdengo-lunatone,0383,charizard-noctowl
8,558,p2,0964,gholdengo-lunatone,1223,ceruledge-ex
8,559,p2,2097,mega-absol-box,0994,gardevoir-jellicent
8,560,p1,1782,tera-box,1226,joltik-box
8,561,p2,1369,gholdengo-lunatone,2202,ceruledge-ex
8,562,tie,0058,mega-venusaur-ex,1198,mega-venusaur-ex
8,563,p1,0496,other,1382,dragapult-dusknoir
8,564,p2,1309,dragapult-dusknoir,0171,dragapult-dusknoir
8,565,p2,1478,kangaskhan-bouffalant,0169,grimmsnarl-froslass
8,566,p1,1750,gholdengo-dudunsparce,1658,iron-hands-magneton
8,567,p1,0933,charizard-noctowl,0639,gholdengo-lunatone
8,568,p2,2153,gardevoir-jellicent,1210,gholdengo-lunatone
8,569,p1,0064,flareon-noctowl,1380,raging-bolt-ogerpon
8,570,p1,1514,gholdengo-lunatone,1825,kangaskhan-bouffalant
8,571,p2,1055,raging-bolt-ogerpon,0971,gholdengo-lunatone
8,572,tie,0262,gardevoir-jellicent,1211,gardevoir-ex-sv
8,573,p1,0918,gholdengo-lunatone,0928,mega-absol-box
8,574,p1,0072,gholdengo-lunatone,0747,gardevoir-jellicent
8,575,tie,1073,gholdengo-joltik-box,1774,gholdengo-lunatone
8,576,p1,1548,sharpedo-toxtricity,1749,charizard-pidgeot
8,577,p2,1486,charizard-pidgeot,0970,gardevoir-ex-sv
8,578,p1,1577,charizard-noctowl,1212,charizard-pidgeot
8,579,p2,1603,alakazam-dudunsparce,1608,gardevoir-ex-sv
8,580,p2,1258,tera-box,1058,gholdengo-lunatone
8,581,p1,1161,gardevoir-jellicent,1873,slaking-ex
8,582,p2,0270,gardevoir-ex-sv,1404,gholdengo-lunatone
8,583,p2,1569,charizard-noctowl,0569,gholdengo-lunatone
8,584,p2,0244,charizard-pidgeot,2205,gardevoir-ex-sv
8,585,p1,1756,gardevoir-ex-sv,2078,charizard-noctowl
8,586,p1,0219,gholdengo-lunatone,1011,gardevoir-ex-sv
8,587,p1,1499,dragapult-dusknoir,0329,charizard-noctowl
8,588,p1,0635,ethan-typhlosion,1683,flareon-noctowl
8,589,p1,0611,charizard-noctowl,1958,n-zoroark
8,590,p2,1677,gardevoir-ex-sv,1660,grimmsnarl-froslass
8,591,p1,0298,gholdengo-lunatone,1715,dragapult-dusknoir
8,592,p1,0871,ceruledge-ex,0414,gholdengo-lunatone
8,593,tie,1743,charizard-ex,0997,ceruledge-ex
8,594,p1,2146,lucario-hariyama,1246,gholdengo-lunatone
8,595,p2,0178,lucario-hariyama,1959,dragapult-dusknoir
8,596,p2,0687,n-zoroark,0767,ceruledge-ex
8,597,p2,1489,dragapult-dusknoir,1693,tera-box
8,598,tie,1250,gholdengo-lunatone,1365,gardevoir-ex-sv
8,599,p1,0795,alakazam-dudunsparce,1638,gholdengo-lunatone
8,600,p2,1303,alakazam-dudunsparce,1899,raging-bolt-ogerpon
8,601,p2,0478,gardevoir-ex-sv,0943,gholdengo-lunatone
8,602,p2,1075,gholdengo-lunatone,1079,kangaskhan-bouffalant
8,603,p1,1532,dragapult-dusknoir,1504,gholdengo-lunatone
8,604,p2,1976,gardevoir-jellicent,1588,hydreigon-ex
8,605,p1,0016,seaking-pre,0226,charizard-ex
8,606,p1,1707,alakazam-dudunsparce,0794,gholdengo-lunatone
8,607,p2,0891,sharpedo-toxtricity,1868,kangaskhan-bouffalant
8,608,tie,0040,alakazam-dudunsparce,0825,gardevoir-ex-sv
8,609,p1,1561,raging-bolt-ogerpon,0116,n-zoroark
8,610,p1,2232,tera-box,1477,gholdengo-lunatone
8,611,p1,0820,flareon-noctowl,0576,gholdengo-lunatone
8,612,p2,0605,raging-bolt-ogerpon,1445,dragapult-dusknoir
8,613,p1,1913,alakazam-dudunsparce,1447,archaludon-ex
8,614,tie,0630,dragapult-dusknoir,1953,gholdengo-lunatone
8,615,p2,1108,cynthia-garchomp-ex,0296,gholdengo-lunatone
8,616,p1,1573,charizard-noctowl,1475,charizard-pidgeot
8,617,p2,1273,charizard-pidgeot,0717,grimmsnarl-froslass
8,618,p2,2238,gholdengo-lunatone,1442,gholdengo-lunatone
8,619,p2,0430,gholdengo-lunatone,2046,flareon-noctowl
8,620,p1,0118,cynthia-garchomp-ex,1529,dragapult-dusknoir
8,621,p2,0697,gholdengo-lunatone,2056,gardevoir-jellicent
8,622,tie,2100,raging-bolt-ogerpon,0326,tera-box
8,623,p1,1306,grimmsnarl-froslass,0317,dragapult-dusknoir
8,624,p2,1551,dragapult-charizard,0962,alakazam-dudunsparce
8,625,p1,1723,dragapult-dusknoir,0800,ceruledge-ex
8,626,p2,0028,dragapult-dusknoir,2190,dragapult-dusknoir
8,627,p2,1503,grimmsnarl-froslass,1648,charizard-noctowl
8,628,p1,2030,dragapult-dusknoir,1261,sharpedo-toxtricity
8,629,tie,1413,dragapult-dusknoir,1040,gardevoir-jellicent
8,630,tie,1080,pidgeot-control,1630,dragapult-dusknoir
8,631,p2,0484,gardevoir-jellicent,2167,charizard-noctowl
8,632,p2,0561,gardevoir-jellicent,2151,alakazam-dudunsparce
8,633,p2,0304,dragapult-dusknoir,0426,dragapult-dusknoir
8,634,p1,0037,charizard-noctowl,1222,charizard-pidgeot
8,635,tie,1589,charizard-pidgeot,2139,dragapult-dusknoir
8,636,p2,0097,pidgeot-control,0791,dragapult-dusknoir
8,637,p1,1471,alakazam-dudunsparce,1884,gholdengo-lunatone
8,638,p2,2164,gholdengo-lunatone,0666,lopunny-dusknoir
8,639,tie,0910,dragapult-dusknoir,0778,hydrapple-ogerpon
8,640,p2,2026,dragapult-dusknoir,1763,other
8,641,p2,1700,raging-bolt-ogerpon,0995,alakazam-dudunsparce
8,642,p1,0814,lopunny-dusknoir,1402,gholdengo-lunatone
8,643,tie,1912,gholdengo-lunatone,1932,dragapult-dusknoir
8,644,p1,1768,gholdengo-lunatone,1762,mega-abomasnow-ex
8,645,p1,0904,joltik-box,1280,charizard-noctowl
8,646,p1,0644,gholdengo-lunatone,2045,grimmsnarl-froslass
8,647,p2,0590,kangaskhan-bouffalant,1781,greninja-ex
8,648,p1,2027,kangaskhan-bouffalant,1533,dragapult-charizard
8,649,p2,0543,slowking-scr,1848,gardevoir-ex-sv
8,650,p1,0867,gholdengo-lunatone,0730,n-zoroark
8,651,p1,0266,dragapult-dusknoir,0133,dragapult-dusknoir
8,652,p2,1219,kangaskhan-bouffalant,0285,cynthia-garchomp-ex
8,653,tie,0314,charizard-pidgeot,0528,dragapult-dusknoir
8,654,p1,1468,gholdengo-lunatone,1616,charizard-pidgeot
8,655,p2,0738,kangaskhan-bouffalant,0723,gholdengo-lunatone
8,656,p1,1047,gardevoir-jellicent,0299,gholdengo-lunatone
8,657,p1,0422,dragapult-dusknoir,1701,gholdengo-lunatone
8,658,p1,1237,slowking-scr,1117,charizard-pidgeot
8,659,p1,0436,gardevoir-ex-sv,0857,dragapult-dusknoir
8,660,p1,2183,charizard-pidgeot,0330,n-zoroark
8,661,p2,0878,dragapult-dusknoir,0517,mega-absol-box
8,662,p2,0191,gardevoir-jellicent,2021,hydreigon-ex
8,663,p2,1342,charizard-noctowl,0953,n-zoroark
8,664,p1,0840,?roaring-moon,0498,mega-absol-box
8,665,tie,0363,dragapult-dusknoir,1131,tsareena-ex
8,666,p1,1697,ceruledge-ex,0950,gholdengo-lunatone
8,667,p2,1260,mega-absol-box,1152,other
8,668,p1,0502,charizard-pidgeot,2121,ceruledge-ex
8,669,p2,0623,gholdengo-lunatone,0987,flareon-ex
8,670,p2,1676,lopunny-dusknoir,2216,lopunny-dusknoir
8,671,p1,0056,raging-bolt-ogerpon,1955,gholdengo-lunatone
8,672,p1,1146,dragapult-charizard,0150,other
9,1,p1,0559,conkeldurr-twm,1291,gholdengo-lunatone
9,2,p2,0556,dragapult-dusknoir,1500,gholdengo-lunatone
9,3,p2,1414,ceruledge-ex,0552,alakazam-dudunsparce
9,4,p1,1395,dragapult-dusknoir,0500,mega-absol-box
9,5,p1,0784,dragapult-dusknoir,0766,charizard-noctowl
9,6,p1,1597,mega-absol-box,2149,mega-absol-box
9,7,tie,2074,gardevoir-ex-sv,1917,gardevoir-ex-sv
9,8,p1,0246,gholdengo-lunatone,1784,dragapult-dusknoir
9,9,p1,0868,gardevoir-jellicent,2109,dragapult-dusknoir
9,10,p2,0129,gholdengo-lunatone,1175,dragapult-dusknoir
9,11,p1,1502,charizard-noctowl,0233,raging-bolt-ogerpon
9,12,p2,1263,gholdengo-lunatone,0703,flareon-noctowl
9,13,p1,1801,dragapult-dusknoir,0999,gardevoir-ex-sv
9,14,p2,1472,gholdengo-lunatone,1639,dragapult-dusknoir
9,15,p2,1338,charizard-pidgeot,0547,dragapult-dusknoir
9,16,p1,0656,mega-absol-box,0201,charizard-noctowl
9,17,p1,1216,gardevoir-ex-sv,0193,n-zoroark
9,18,p1,0724,gardevoir-ex-sv,0786,gardevoir-ex-sv
9,19,p2,2166,grimmsnarl-froslass,0692,alakazam-dudunsparce
9,20,p1,1135,charizard-noctowl,1307,mega-absol-box
9,21,p1,0698,dragapult-dusknoir,0281,gholdengo-lunatone
9,22,p1,1594,gardevoir-jellicent,1562,mega-absol-box
9,23,p1,0258,dragapult-dusknoir,1653,dragapult-dusknoir
9,24,p1,1646,charizard-noctowl,1708,gardevoir-jellicent
9,25,p2,1565,alakazam-dudunsparce,0654,charizard-pidgeot
9,26,p1,2249,alakazam-dudunsparce,0125,gholdengo-lunatone
9,27,p1,0364,charizard-noctowl,0948,dragapult-charizard
9,28,p1,2098,gardevoir-ex-sv,1353,gardevoir-ex-sv
9,29,p1,0516,n-zoroark,2255,charizard-noctowl
9,30,p1,1027,dragapult-dusknoir,1599,gardevoir-jellicent
9,31,p2,1598,charizard-noctowl,0675,charizard-noctowl
9,32,p2,0401,gholdengo-lunatone,1368,flareon-noctowl
9,33,p1,0054,gardevoir-ex-sv,1035,gholdengo-lunatone
9,34,p2,0411,flareon-noctowl,1301,greninja-ex
9,35,p1,0420,gholdengo-lunatone,0188,gardevoir-jellicent
9,36,p2,0279,pidgeot-control,1527,gardevoir-ex-sv
9,37,tie,0540,kangaskhan-bouffalant,0673,dragapult-dusknoir
9,38,p1,1950,gardevoir-ex-sv,0312,dragapult-dusknoir
9,39,p2,2001,gholdengo-lunatone,1978,gholdengo-lunatone
9,40,p2,0004,dragapult-dusknoir,1892,gholdengo-lunatone
9,41,p2,0958,dragapult-dusknoir,1787,grimmsnarl-froslass
9,42,p2,1018,mega-absol-box,1286,dragapult-dusknoir
9,43,p2,0198,lopunny-dusknoir,0487,dragapult-dusknoir
9,44,p1,0333,charizard-noctowl,1469,charizard-pidgeot
9,45,p1,2145,charizard-noctowl,0627,gardevoir-ex-sv
9,46,p1,0381,dragapult-dusknoir,0757,n-zoroark
9,47,p2,2024,gholdengo-lunatone,1062,charizard-noctowl
9,48,p2,0501,gardevoir-ex-sv,1507,gholdengo-lunatone
9,49,p2,2134,gholdengo-lunatone,1357,gardevoir-jellicent
9,50,p2,1227,charizard-noctowl,0935,gardevoir-ex-sv
9,51,p2,2162,slowking-scr,0413,gardevoir-ex-sv
9,52,p2,1426,gardevoir-ex-sv,1049,gardevoir-ex-sv
9,53,p2,0168,charizard-noctowl,1401,dragapult-dusknoir
9,54,tie,1452,charizard-pidgeot,1842,tera-box
9,55,tie,1900,charizard-noctowl,0722,charizard-pidgeot
9,56,p2,0374,ceruledge-ex,1729,gardevoir-ex-sv
9,57,p2,1465,flareon-noctowl,1705,raging-bolt-ogerpon
9,58,p2,0779,gholdengo-lunatone,2173,mega-absol-box
9,59,p1,1881,gholdengo-lunatone,0294,gholdengo-lunatone
9,60,p1,1951,charizard-noctowl,0966,gardevoir-jellicent
9,61,p2,0941,gardevoir-jellicent,2195,gardevoir-ex-sv
9,62,p2,0415,joltik-box,0290,gholdengo-lunatone
9,63,p1,1960,crustle-dri,1977,charizard-noctowl
9,64,p1,0017,gholdengo-lunatone,1915,grimmsnarl-froslass
9,65,p1,2189,gardevoir-jellicent,1288,gholdengo-lunatone
9,66,p1,2106,charizard-noctowl,0880,gardevoir-jellicent
9,67,p1,0674,gardevoir-jellicent,0505,dragapult-dusknoir
9,68,p2,2111,mega-absol-box,0399,gardevoir-ex-sv
9,69,p1,1837,gardevoir-jellicent,2177,gholdengo-lunatone
9,70,p1,1657,gholdengo-lunatone,1372,dragapult-dusknoir
9,71,tie,1519,charizard-noctowl,2210,gholdengo-lunatone
9,72,p1,0060,dragapult-charizard,0643,gholdengo-lunatone
9,73,p1,1137,grimmsnarl-froslass,1341,kangaskhan-bouffalant
9,74,p1,0514,n-zoroark,1142,gholdengo-lunatone
9,75,p1,1432,gardevoir-ex-sv,2036,charizard-noctowl
9,76,tie,1936,gardevoir-ex-sv,0482,gardevoir-ex-sv
9,77,p2,0919,dragapult-dusknoir,2071,gardevoir-ex-sv
9,78,p1,1807,gardevoir-ex-sv,0785,n-zoroark
9,79,tie,0832,gardevoir-jellicent,0963,gholdengo-lunatone
9,80,p1,0001,gardevoir-ex-sv,1699,gholdengo-lunatone
9,81,p2,1316,gholdengo-lunatone,1352,raging-bolt-ogerpon
9,82,p2,1957,charizard-noctowl,1112,dragapult-dusknoir
9,83,p1,2251,raging-bolt-ogerpon,0410,gardevoir-jellicent
9,84,p1,0956,dragapult-charizard,0293,charizard-noctowl
9,85,p1,0468,gardevoir-ex-sv,0873,charizard-pidgeot
9,86,p1,0316,gardevoir-jellicent,1961,charizard-noctowl
9,87,p2,1170,gardevoir-ex-sv,1773,gardevoir-jellicent
9,88,p2,2090,gardevoir-ex-sv,0947,kangaskhan-bouffalant
9,89,tie,1568,dragapult-dusknoir,2016,charizard-pidgeot
9,90,p1,0751,gardevoir-ex-sv,1172,gardevoir-ex-sv
9,91,tie,0073,dragapult-dusknoir,1120,charizard-pidgeot
9,92,p1,0145,greninja-ex,1494,n-zoroark
9,93,p1,1348,crustle-dri,1149,charizard-pidgeot
9,94,p1,0742,ceruledge-ex,0035,gholdengo-lunatone
9,95,p1,2242,charizard-noctowl,1025,gardevoir-jellicent
9,96,p2,0404,gholdengo-lunatone,0085,flareon-noctowl
9,97,p2,0775,charizard-noctowl,0179,gholdengo-lunatone
9,98,p1,0854,dragapult-dusknoir,1450,alakazam-dudunsparce
9,99,p1,2243,charizard-noctowl,2044,charizard-noctowl
9,100,p1,2218,dragapult-dusknoir,1901,charizard-noctowl
9,101,p2,0183,gardevoir-ex-sv,0080,dragapult-charizard
9,102,p2,1179,charizard-noctowl,1937,charizard-noctowl
9,103,tie,1202,gholdengo-lunatone,0211,gardevoir-jellicent
9,104,p1,0052,charizard-noctowl,0215,raging-bolt-ogerpon
9,105,p2,0485,gholdengo-lunatone,0267,gardevoir-jellicent
9,106,p1,0031,dragapult-charizard,1790,charizard-noctowl
9,107,p2,0531,gholdengo-lunatone,0228,gholdengo-lunatone
9,108,p2,1819,gholdengo-typhlosion,0439,gholdengo-lunatone
9,109,p2,1817,ceruledge-ex,0033,gardevoir-ex-sv
9,110,tie,0431,dragapult-dusknoir,1720,n-zoroark
9,111,p2,1072,raging-bolt-ogerpon,1733,charizard-noctowl
9,112,p2,0465,gholdengo-lunatone,0202,charizard-pidgeot
9,113,p1,1290,dragapult-dusknoir,0886,n-zoroark
9,114,p1,0066,gholdengo-lunatone,1952,ursaluna-lunatone
9,115,p2,1893,charizard-noctowl,2143,ceruledge-ex
9,116,p1,1197,dragapult-dusknoir,2170,gholdengo-lunatone
9,117,p2,1377,gholdengo-lunatone,1183,kangaskhan-bouffalant
9,118,p2,2103,raging-bolt-ogerpon,2176,ceruledge-ex
9,119,tie,1909,dragapult-dusknoir,2233,gardevoir-jellicent
9,120,p1,0020,gholdengo-lunatone,1580,dragapult-dusknoir
9,121,p2,0841,dragapult-dusknoir,1082,charizard-noctowl
9,122,tie,0669,gardevoir-jellicent,0260,joltik-box
9,123,p2,1945,dragapult-dusknoir,0951,charizard-pidgeot
9,124,p1,1530,grimmsnarl-froslass,1931,n-zoroark
9,125,p1,1926,n-zoroark,0261,gholdengo-lunatone
9,126,p1,2136,joltik-box,0300,grimmsnarl-froslass
9,127,p1,0718,raging-bolt-ogerpon,1321,ceruledge-ex
9,128,p2,0905,gholdengo-lunatone,0646,ceruledge-ex
9,129,p2,1296,grimmsnarl-froslass,1832,gholdengo-lunatone
9,130,p2,0068,gardevoir-ex-sv,1740,gholdengo-lunatone
9,131,p2,1333,dragapult-dusknoir,0902,gholdengo-lunatone
9,132,p1,1534,charizard-noctowl,0810,gardevoir-jellicent
9,133,p1,1435,dragapult-dusknoir,0303,dragapult-dusknoir
9,134,p1,1704,charizard-noctowl,1247,charizard-pidgeot
9,135,p2,0127,gholdengo-lunatone,1033,dragapult-dusknoir
9,136,p1,1772,charizard-pidgeot,0798,alakazam-dudunsparce
9,137,p2,0690,charizard-noctowl,1068,dragapult-dusknoir
9,138,p1,0135,dragapult-dusknoir,0890,charizard-pidgeot
9,139,p2,1272,gardevoir-jellicent,1771,alakazam-dudunsparce
9,140,p2,0768,dragapult-dusknoir,2133,joltik-box
9,141,p2,0836,gholdengo-lunatone,0788,dragapult-charizard
9,142,p2,0899,gardevoir-ex-sv,1806,grimmsnarl-froslass
9,143,p1,2193,dragapult-dusknoir,1525,gholdengo-lunatone
9,144,p1,0887,gardevoir-jellicent,2114,gholdengo-lunatone
9,145,p2,2055,gardevoir-ex-sv,0441,iron-hands-magneton
9,146,p1,1457,gholdengo-lunatone,1467,gholdengo-lunatone
9,147,p1,0143,gholdengo-lunatone,2260,gardevoir-ex-sv
9,148,p1,1024,grimmsnarl-froslass,1214,gardevoir-jellicent
9,149,p2,1083,gardevoir-ex-sv,2084,dragapult-dusknoir
9,150,p2,0921,ceruledge-ex,0685,festival-lead
9,151,p1,1618,charizard-noctowl,1665,charizard-noctowl
9,152,p1,1453,gholdengo-lunatone,1266,ceruledge-ex
9,153,p2,1730,dragapult-dusknoir,0480,gardevoir-ex-sv
9,154,p1,0476,dragapult-dusknoir,0455,gholdengo-joltik-box
9,155,tie,0642,gholdengo-lunatone,0818,gardevoir-ex-sv
9,156,p1,0224,gholdengo-lunatone,0034,n-zoroark
9,157,p2,0005,gholdengo-lunatone,1043,dragapult-dusknoir
9,158,p2,1284,gholdengo-lunatone,1719,n-zoroark
9,159,tie,0022,pidgeot-control,0057,charizard-noctowl
9,160,tie,1887,charizard-noctowl,0861,gholdengo-lunatone
9,161,p1,1034,dragapult-dusknoir,1574,kangaskhan-bouffalant
9,162,p1,0395,charizard-pidgeot,1993,gardevoir-ex-sv
9,163,p1,0115,gholdengo-lunatone,1399,charizard-noctowl
9,164,p1,0803,gardevoir-ex-sv,1230,froslass-munkidori
9,165,p1,1041,grimmsnarl-froslass,1209,charizard-noctowl
9,166,p1,0248,cynthia-garchomp-ex,0596,dragapult-dusknoir
9,167,p2,1042,gholdengo-lunatone,1612,gholdengo-lunatone
9,168,p2,1799,dragapult-dusknoir,1249,dragapult-dusknoir
9,169,p2,1758,gholdengo-lunatone,1160,gholdengo-lunatone
9,170,p1,1847,gardevoir-ex-sv,1805,dragapult-dusknoir
9,171,p1,1796,charizard-noctowl,0974,charizard-noctowl
9,172,p1,0124,gardevoir-ex-sv,0077,seaking-pre
9,173,p2,1875,dragapult-dusknoir,0750,gardevoir-ex-sv
9,174,p2,1019,gholdengo-lunatone,0549,gholdengo-lunatone
9,175,p1,0881,gardevoir-jellicent,0762,dragapult-charizard
9,176,p2,0839,charizard-pidgeot,0373,gholdengo-lunatone
9,177,p2,0591,gholdengo-lunatone,0081,gholdengo-lunatone
9,178,p1,2014,gardevoir-jellicent,1746,gardevoir-jellicent
9,179,p1,1139,charizard-noctowl,1278,toxtricity-pfl
9,180,tie,2163,dragapult-dusknoir,0132,n-zoroark
9,181,tie,1856,gardevoir-ex-sv,0483,raging-bolt-ogerpon
9,182,p2,1001,dragapult-dusknoir,0740,gholdengo-lunatone
9,183,p1,1356,n-zoroark,1405,n-zoroark
9,184,p1,2246,gholdengo-joltik-box,1045,cynthia-garchomp-ex
9,185,tie,2049,gardevoir-ex-sv,1270,gardevoir-jellicent
9,186,p1,0991,charizard-pidgeot,0289,gholdengo-lunatone
9,187,p2,0223,gardevoir-ex-sv,1015,charizard-noctowl
9,188,p1,0720,tera-box,0385,gardevoir-jellicent
9,189,p2,1434,charizard-pidgeot,1943,dragapult-charizard
9,190,tie,1862,gholdengo-lunatone,1628,dragapult-dusknoir
9,191,p1,1523,dragapult-charizard,0255,alakazam-dudunsparce
9,192,p1,0802,dragapult-dusknoir,1485,dragapult-dusknoir
9,193,p2,0096,dragapult-dusknoir,1370,gholdengo-lunatone
9,194,p1,1030,charizard-noctowl,0508,festival-lead
9,195,p1,1975,grimmsnarl-froslass,0173,charizard-pidgeot
9,196,p2,0731,n-zoroark,1317,mega-venusaur-ex
9,197,p2,0581,dragapult-dusknoir,1421,grimmsnarl-froslass
9,198,p2,0062,grimmsnarl-froslass,0523,gardevoir-ex-sv
9,199,tie,1728,joltik-box,2099,kangaskhan-bouffalant
9,200,tie,1232,dragapult-dusknoir,1760,iron-thorns-crustle
9,201,p2,1717,charizard-noctowl,0230,gholdengo-lunatone
9,202,p2,1474,charizard-pidgeot,0048,charizard-pidgeot
9,203,p1,0437,gholdengo-lunatone,1195,n-zoroark
9,204,p1,0165,gholdengo-ex,2209,charizard-noctowl
9,205,tie,1722,dragapult-dusknoir,1185,cynthia-garchomp-ex
9,206,p1,0694,iron-thorns-crustle,1506,charizard-noctowl
9,207,p1,0117,dragapult-dusknoir,2266,charizard-noctowl
9,208,p1,2058,gholdengo-lunatone,1069,mega-absol-box
10,1,p1,0784,dragapult-dusknoir,1395,dragapult-dusknoir
10,2,tie,1597,mega-absol-box,0868,gardevoir-jellicent
10,3,tie,0766,charizard-noctowl,0500,mega-absol-box
10,4,p1,1502,charizard-noctowl,0246,gholdengo-lunatone
10,5,p1,1175,dragapult-dusknoir,1801,dragapult-dusknoir
10,6,p1,1639,dragapult-dusknoir,0703,flareon-noctowl
10,7,p1,1917,gardevoir-ex-sv,0547,dragapult-dusknoir
10,8,p1,1216,gardevoir-ex-sv,0724,gardevoir-ex-sv
10,9,p2,2074,gardevoir-ex-sv,0656,mega-absol-box
10,10,p2,1950,gardevoir-ex-sv,0698,dragapult-dusknoir
10,11,p2,0692,alakazam-dudunsparce,0487,dragapult-dusknoir
10,12,p1,0054,gardevoir-ex-sv,2249,alakazam-dudunsparce
10,13,p2,1286,dragapult-dusknoir,0654,charizard-pidgeot
10,14,tie,0516,n-zoroark,0420,gholdengo-lunatone
10,15,p1,1978,gholdengo-lunatone,1301,greninja-ex
10,16,p1,1892,gholdengo-lunatone,1594,gardevoir-jellicent
10,17,p1,1646,charizard-noctowl,1027,dragapult-dusknoir
10,18,p2,1368,flareon-noctowl,1527,gardevoir-ex-sv
10,19,p2,0258,dragapult-dusknoir,1787,grimmsnarl-froslass
10,20,p2,2149,mega-absol-box,1135,charizard-noctowl
10,21,tie,0333,charizard-noctowl,2098,gardevoir-ex-sv
10,22,p1,0381,dragapult-dusknoir,0364,charizard-noctowl
10,23,p2,0675,charizard-noctowl,2145,charizard-noctowl
10,24,p2,1705,raging-bolt-ogerpon,0233,raging-bolt-ogerpon
10,25,p2,1062,charizard-noctowl,2173,mega-absol-box
10,26,p1,1049,gardevoir-ex-sv,0999,gardevoir-ex-sv
10,27,p2,1881,gholdengo-lunatone,0129,gholdengo-lunatone
10,28,tie,0935,gardevoir-ex-sv,2195,gardevoir-ex-sv
10,29,p2,1951,charizard-noctowl,0290,gholdengo-lunatone
10,30,p1,1507,gholdengo-lunatone,0413,gardevoir-ex-sv
10,31,p1,1263,gholdengo-lunatone,1729,gardevoir-ex-sv
10,32,p2,1401,dragapult-dusknoir,2109,dragapult-dusknoir
10,33,p1,1357,gardevoir-jellicent,1472,gholdengo-lunatone
10,34,p2,1338,charizard-pidgeot,1784,dragapult-dusknoir
10,35,tie,1960,crustle-dri,0193,n-zoroark
10,36,p1,2251,raging-bolt-ogerpon,0751,gardevoir-ex-sv
10,37,p2,1432,gardevoir-ex-sv,1137,grimmsnarl-froslass
10,38,tie,0468,gardevoir-ex-sv,0316,gardevoir-jellicent
10,39,tie,0201,charizard-noctowl,1352,raging-bolt-ogerpon
10,40,p1,0673,dragapult-dusknoir,0060,dragapult-charizard
10,41,p2,0786,gardevoir-ex-sv,2106,charizard-noctowl
10,42,p1,0674,gardevoir-jellicent,1112,dragapult-dusknoir
10,43,p1,2189,gardevoir-jellicent,1837,gardevoir-jellicent
10,44,p2,2071,gardevoir-ex-sv,0017,gholdengo-lunatone
10,45,p1,0001,gardevoir-ex-sv,0956,dragapult-charizard
10,46,p1,1807,gardevoir-ex-sv,2166,grimmsnarl-froslass
10,47,p1,0540,kangaskhan-bouffalant,1773,gardevoir-jellicent
10,48,p2,0788,dragapult-charizard,0559,conkeldurr-twm
10,49,p1,0117,dragapult-dusknoir,0552,alakazam-dudunsparce
10,50,p1,0556,dragapult-dusknoir,1875,dragapult-dusknoir
10,51,tie,0399,gardevoir-ex-sv,1657,gholdengo-lunatone
10,52,p2,0947,kangaskhan-bouffalant,0514,n-zoroark
10,53,p1,1356,n-zoroark,0373,gholdengo-lunatone
10,54,tie,2084,dragapult-dusknoir,0951,charizard-pidgeot
10,55,p2,1708,gardevoir-jellicent,1900,charizard-noctowl
10,56,p2,0750,gardevoir-ex-sv,0004,dragapult-dusknoir
10,57,p1,0523,gardevoir-ex-sv,1018,mega-absol-box
10,58,tie,0887,gardevoir-jellicent,0124,gardevoir-ex-sv
10,59,p1,0401,gholdengo-lunatone,0476,dragapult-dusknoir
10,60,p1,0145,greninja-ex,2136,joltik-box
10,61,p1,1842,tera-box,1139,charizard-noctowl
10,62,p1,0230,gholdengo-lunatone,1453,gholdengo-lunatone
10,63,tie,1562,mega-absol-box,1926,n-zoroark
10,64,p2,1370,gholdengo-lunatone,1034,dragapult-dusknoir
10,65,p2,1523,dragapult-charizard,0081,gholdengo-lunatone
10,66,tie,2243,charizard-noctowl,0066,gholdengo-lunatone
10,67,p1,1599,gardevoir-jellicent,1015,charizard-noctowl
10,68,p2,0080,dragapult-charizard,0202,charizard-pidgeot
10,69,p1,0125,gholdengo-lunatone,0020,gholdengo-lunatone
10,70,p1,1598,charizard-noctowl,0803,gardevoir-ex-sv
10,71,p2,0742,ceruledge-ex,1307,mega-absol-box
10,72,tie,0902,gholdengo-lunatone,1421,grimmsnarl-froslass
10,73,p2,0694,iron-thorns-crustle,1348,crustle-dri
10,74,p2,1197,dragapult-dusknoir,0143,gholdengo-lunatone
10,75,p1,0958,dragapult-dusknoir,2242,charizard-noctowl
10,76,p1,0135,dragapult-dusknoir,2058,gholdengo-lunatone
10,77,tie,1160,gholdengo-lunatone,0480,gardevoir-ex-sv
10,78,p2,1068,dragapult-dusknoir,1082,charizard-noctowl
10,79,p2,1317,mega-venusaur-ex,1740,gholdengo-lunatone
10,80,p2,0854,dragapult-dusknoir,1806,grimmsnarl-froslass
10,81,p1,1565,alakazam-dudunsparce,0718,raging-bolt-ogerpon
10,82,p1,0722,charizard-pidgeot,2001,gholdengo-lunatone
10,83,p1,0720,tera-box,0179,gholdengo-lunatone
10,84,p2,0267,gardevoir-jellicent,0188,gardevoir-jellicent
10,85,tie,0165,gholdengo-ex,1832,gholdengo-lunatone
10,86,p2,1772,charizard-pidgeot,0948,dragapult-charizard
10,87,p1,1033,dragapult-dusknoir,1771,alakazam-dudunsparce
10,88,p2,0411,flareon-noctowl,2255,charizard-noctowl
10,89,p2,0115,gholdengo-lunatone,1353,gardevoir-ex-sv
10,90,p2,2176,ceruledge-ex,1618,charizard-noctowl
10,91,p2,1719,n-zoroark,2133,joltik-box
10,92,p2,0228,gholdengo-lunatone,1534,charizard-noctowl
10,93,p1,0224,gholdengo-lunatone,1035,gholdengo-lunatone
10,94,p1,1024,grimmsnarl-froslass,0757,n-zoroark
10,95,p2,1704,charizard-noctowl,1457,gholdengo-lunatone
10,96,p1,1043,dragapult-dusknoir,0052,charizard-noctowl
10,97,p2,1796,charizard-noctowl,0312,dragapult-dusknoir
10,98,p2,0439,gholdengo-lunatone,2143,ceruledge-ex
10,99,p1,0437,gholdengo-lunatone,0279,pidgeot-control
10,100,p1,1030,charizard-noctowl,1500,gholdengo-lunatone
10,101,p1,1249,dragapult-dusknoir,0549,gholdengo-lunatone
10,102,p1,1847,gardevoir-ex-sv,0991,charizard-pidgeot
10,103,p1,1183,kangaskhan-bouffalant,0033,gardevoir-ex-sv
10,104,p2,1435,dragapult-dusknoir,0395,charizard-pidgeot
10,105,p1,1937,charizard-noctowl,2218,dragapult-dusknoir
10,106,p1,1612,gholdengo-lunatone,1653,dragapult-dusknoir
10,107,p1,0248,cynthia-garchomp-ex,0198,lopunny-dusknoir
10,108,p2,0281,gholdengo-lunatone,0646,ceruledge-ex
10,109,p1,1290,dragapult-dusknoir,1452,charizard-pidgeot
10,110,p2,1733,charizard-noctowl,0685,festival-lead
10,111,p1,1041,grimmsnarl-froslass,2014,gardevoir-jellicent
10,112,p1,1943,dragapult-charizard,0048,charizard-pidgeot
10,113,p1,0627,gardevoir-ex-sv,0881,gardevoir-jellicent
10,114,p1,2193,dragapult-dusknoir,0740,gholdengo-lunatone
10,115,p2,1530,grimmsnarl-froslass,2246,gholdengo-joltik-box
10,116,p1,0441,iron-hands-magneton,0031,dragapult-charizard
10,117,p2,1469,charizard-pidgeot,0802,dragapult-dusknoir
10,118,p2,1975,grimmsnarl-froslass,1465,flareon-noctowl
10,119,p2,0073,dragapult-dusknoir,0779,gholdengo-lunatone
10,120,p2,0941,gardevoir-jellicent,2210,gholdengo-lunatone
10,121,p1,1936,gardevoir-ex-sv,0415,joltik-box
10,122,p2,0294,gholdengo-lunatone,0832,gardevoir-jellicent
10,123,p1,2162,slowking-scr,2024,gholdengo-lunatone
10,124,p1,2134,gholdengo-lunatone,1519,charizard-noctowl
10,125,p1,1568,dragapult-dusknoir,0501,gardevoir-ex-sv
10,126,p2,1227,charizard-noctowl,0482,gardevoir-ex-sv
10,127,p2,0374,ceruledge-ex,1120,charizard-pidgeot
10,128,p2,0963,gholdengo-lunatone,2016,charizard-pidgeot
10,129,p2,0168,charizard-noctowl,0966,gardevoir-jellicent
10,130,p1,1426,gardevoir-ex-sv,1722,dragapult-dusknoir
10,131,tie,2111,mega-absol-box,1170,gardevoir-ex-sv
10,132,p1,1628,dragapult-dusknoir,1142,gholdengo-lunatone
10,133,p1,1202,gholdengo-lunatone,1720,n-zoroark
10,134,p2,0861,gholdengo-lunatone,0211,gardevoir-jellicent
10,135,p2,1185,cynthia-garchomp-ex,0880,gardevoir-jellicent
10,136,p1,0873,charizard-pidgeot,2233,gardevoir-jellicent
10,137,p1,1172,gardevoir-ex-sv,0505,dragapult-dusknoir
10,138,tie,1232,dragapult-dusknoir,1862,gholdengo-lunatone
10,139,tie,0410,gardevoir-jellicent,0643,gholdengo-lunatone
10,140,p2,2177,gholdengo-lunatone,0483,raging-bolt-ogerpon
10,141,p2,1961,charizard-noctowl,1957,charizard-noctowl
10,142,p1,0022,pidgeot-control,1288,gholdengo-lunatone
10,143,p2,1909,dragapult-dusknoir,2163,dragapult-dusknoir
10,144,p1,1915,grimmsnarl-froslass,0669,gardevoir-jellicent
10,145,tie,0293,charizard-noctowl,0919,dragapult-dusknoir
10,146,tie,0057,charizard-noctowl,0132,n-zoroark
10,147,p2,1699,gholdengo-lunatone,2090,gardevoir-ex-sv
10,148,p2,1760,iron-thorns-crustle,0818,gardevoir-ex-sv
10,149,p1,0260,joltik-box,1728,joltik-box
10,150,p2,0431,dragapult-dusknoir,0642,gholdengo-lunatone
10,151,p2,1856,gardevoir-ex-sv,0785,n-zoroark
10,152,p2,2036,charizard-noctowl,2099,kangaskhan-bouffalant
10,153,p1,1977,charizard-noctowl,1887,charizard-noctowl
10,154,p2,1316,gholdengo-lunatone,1270,gardevoir-jellicent
10,155,p1,2049,gardevoir-ex-sv,1341,kangaskhan-bouffalant
10,156,p1,1506,charizard-noctowl,1399,charizard-noctowl
10,157,tie,0836,gholdengo-lunatone,1730,dragapult-dusknoir
10,158,p2,2209,charizard-noctowl,1717,charizard-noctowl
10,159,p1,2103,raging-bolt-ogerpon,0508,festival-lead
10,160,tie,1931,n-zoroark,0531,gholdengo-lunatone
10,161,p1,1266,ceruledge-ex,0034,n-zoroark
10,162,p1,1214,gardevoir-jellicent,1284,gholdengo-lunatone
10,163,p2,1901,charizard-noctowl,1945,dragapult-dusknoir
10,164,p2,1494,n-zoroark,0581,dragapult-dusknoir
10,165,p1,1333,dragapult-dusknoir,1474,charizard-pidgeot
10,166,p2,0810,gardevoir-jellicent,0173,charizard-pidgeot
10,167,p2,1377,gholdengo-lunatone,0798,alakazam-dudunsparce
10,168,tie,0596,dragapult-dusknoir,0731,n-zoroark
10,169,p2,1025,gardevoir-jellicent,0886,n-zoroark
10,170,p2,1893,charizard-noctowl,1149,charizard-pidgeot
10,171,p2,0385,gardevoir-jellicent,2266,charizard-noctowl
10,172,tie,0077,seaking-pre,2044,charizard-noctowl
10,173,p2,0890,charizard-pidgeot,1209,charizard-noctowl
10,174,tie,0289,gholdengo-lunatone,0899,gardevoir-ex-sv
10,175,tie,2260,gardevoir-ex-sv,0839,charizard-pidgeot
10,176,p1,1525,gholdengo-lunatone,0303,dragapult-dusknoir
10,177,p1,1952,ursaluna-lunatone,0127,gholdengo-lunatone
10,178,p1,0035,gholdengo-lunatone,1195,n-zoroark
10,179,p1,0905,gholdengo-lunatone,0068,gardevoir-ex-sv
10,180,p2,0768,dragapult-dusknoir,1665,charizard-noctowl
10,181,p1,0775,charizard-noctowl,1321,ceruledge-ex
10,182,p1,1574,kangaskhan-bouffalant,0974,charizard-noctowl
10,183,p1,2114,gholdengo-lunatone,1083,gardevoir-ex-sv
10,184,p2,1001,dragapult-dusknoir,1580,dragapult-dusknoir
10,185,p2,0591,gholdengo-lunatone,0404,gholdengo-lunatone
10,186,p2,0096,dragapult-dusknoir,1019,gholdengo-lunatone
10,187,p2,0841,dragapult-dusknoir,1069,mega-absol-box
10,188,p2,0690,charizard-noctowl,1414,ceruledge-ex
10,189,p1,1230,froslass-munkidori,1072,raging-bolt-ogerpon
10,190,p2,1272,gardevoir-jellicent,1179,charizard-noctowl
10,191,p1,0485,gholdengo-lunatone,0762,dragapult-charizard
10,192,p2,1434,charizard-pidgeot,1790,charizard-noctowl
10,193,tie,1993,gardevoir-ex-sv,0215,raging-bolt-ogerpon
10,194,p1,0005,gholdengo-lunatone,1291,gholdengo-lunatone
10,195,p2,1805,dragapult-dusknoir,0255,alakazam-dudunsparce
10,196,p1,1045,cynthia-garchomp-ex,1746,gardevoir-jellicent
10,197,p1,0183,gardevoir-ex-sv,1042,gholdengo-lunatone
10,198,p1,0921,ceruledge-ex,1485,dragapult-dusknoir
10,199,p2,1758,gholdengo-lunatone,2055,gardevoir-ex-sv
10,200,p1,2170,gholdengo-lunatone,1405,n-zoroark
10,201,p1,1296,grimmsnarl-froslass,1819,gholdengo-typhlosion
10,202,p1,1467,gholdengo-lunatone,1278,toxtricity-pfl
10,203,p2,1247,charizard-pidgeot,1799,dragapult-dusknoir
10,204,tie,0455,gholdengo-joltik-box,0223,gardevoir-ex-sv
10,205,p2,1450,alakazam-dudunsparce,0062,grimmsnarl-froslass
10,,bye,0465,gholdengo-lunatone,,
11,1,p2,0784,dragapult-dusknoir,1639,dragapult-dusknoir
11,2,p2,1502,charizard-noctowl,1395,dragapult-dusknoir
11,3,tie,1175,dragapult-dusknoir,0656,mega-absol-box
11,4,p1,1917,gardevoir-ex-sv,1597,mega-absol-box
11,5,p2,1216,gardevoir-ex-sv,0054,gardevoir-ex-sv
11,6,tie,0766,charizard-noctowl,2145,charizard-noctowl
11,7,tie,1978,gholdengo-lunatone,0487,dragapult-dusknoir
11,8,p1,1892,gholdengo-lunatone,0500,mega-absol-box
11,9,tie,0654,charizard-pidgeot,1787,grimmsnarl-froslass
11,10,p2,1527,gardevoir-ex-sv,1135,charizard-noctowl
11,11,p1,0381,dragapult-dusknoir,0698,dragapult-dusknoir
11,12,p2,1646,charizard-noctowl,0868,gardevoir-jellicent
11,13,tie,1801,dragapult-dusknoir,2109,dragapult-dusknoir
11,14,p1,1049,gardevoir-ex-sv,1357,gardevoir-jellicent
11,15,p2,0290,gholdengo-lunatone,0703,flareon-noctowl
11,16,p1,2173,mega-absol-box,0129,gholdengo-lunatone
11,17,p1,0246,gholdengo-lunatone,1263,gholdengo-lunatone
11,18,p2,1784,dragapult-dusknoir,0233,raging-bolt-ogerpon
11,19,p2,1507,gholdengo-lunatone,0516,n-zoroark
11,20,p1,0674,gardevoir-jellicent,0017,gholdengo-lunatone
11,21,p1,2098,gardevoir-ex-sv,1137,grimmsnarl-froslass
11,22,p1,0724,gardevoir-ex-sv,2106,charizard-noctowl
11,23,p2,1807,gardevoir-ex-sv,2189,gardevoir-jellicent
11,24,tie,2251,raging-bolt-ogerpon,0001,gardevoir-ex-sv
11,25,p2,0420,gholdengo-lunatone,2074,gardevoir-ex-sv
11,26,p2,0540,kangaskhan-bouffalant,0333,charizard-noctowl
11,27,tie,0673,dragapult-dusknoir,0514,n-zoroark
11,28,p1,0547,dragapult-dusknoir,1030,charizard-noctowl
11,29,p2,1740,gholdengo-lunatone,0395,charizard-pidgeot
11,30,p2,1249,dragapult-dusknoir,1356,n-zoroark
11,31,p1,1348,crustle-dri,1937,charizard-noctowl
11,32,p1,0364,charizard-noctowl,0224,gholdengo-lunatone
11,33,p2,1943,dragapult-charizard,1290,dragapult-dusknoir
11,34,tie,0125,gholdengo-lunatone,0117,dragapult-dusknoir
11,35,p2,1847,gardevoir-ex-sv,1043,dragapult-dusknoir
11,36,p1,1950,gardevoir-ex-sv,1599,gardevoir-jellicent
11,37,p2,1024,grimmsnarl-froslass,1368,flareon-noctowl
11,38,p2,0145,greninja-ex,0958,dragapult-dusknoir
11,39,p2,0248,cynthia-garchomp-ex,1806,grimmsnarl-froslass
11,40,p2,0188,gardevoir-jellicent,1842,tera-box
11,41,p2,0004,dragapult-dusknoir,0802,dragapult-dusknoir
11,42,p2,0692,alakazam-dudunsparce,1286,dragapult-dusknoir
11,43,p2,2149,mega-absol-box,0627,gardevoir-ex-sv
11,44,p2,0720,tera-box,1033,dragapult-dusknoir
11,45,p2,1565,alakazam-dudunsparce,1027,dragapult-dusknoir
11,46,p2,1598,charizard-noctowl,1034,dragapult-dusknoir
11,47,p2,0685,festival-lead,1301,greninja-ex
11,48,p1,0312,dragapult-dusknoir,0559,conkeldurr-twm
11,49,tie,0881,gardevoir-jellicent,0552,alakazam-dudunsparce
11,50,tie,1530,grimmsnarl-froslass,0556,dragapult-dusknoir
11,51,p2,0143,gholdengo-lunatone,0401,gholdengo-lunatone
11,52,p1,0523,gardevoir-ex-sv,0646,ceruledge-ex
11,53,p2,0258,dragapult-dusknoir,2195,gardevoir-ex-sv
11,54,p2,0135,dragapult-dusknoir,1307,mega-absol-box
11,55,p2,2133,joltik-box,1457,gholdengo-lunatone
11,56,tie,1082,charizard-noctowl,0081,gholdengo-lunatone
11,57,p2,2143,ceruledge-ex,1594,gardevoir-jellicent
11,58,tie,2193,dragapult-dusknoir,1612,gholdengo-lunatone
11,59,p1,0948,dragapult-charizard,0675,charizard-noctowl
11,60,p2,2249,alakazam-dudunsparce,0202,charizard-pidgeot
11,61,p1,0441,iron-hands-magneton,1618,charizard-noctowl
11,62,p2,0230,gholdengo-lunatone,0935,gardevoir-ex-sv
11,63,tie,1353,gardevoir-ex-sv,2255,charizard-noctowl
11,64,p2,2246,gholdengo-joltik-box,1041,grimmsnarl-froslass
11,65,p2,1183,kangaskhan-bouffalant,1534,charizard-noctowl
11,66,tie,0437,gholdengo-lunatone,0722,charizard-pidgeot
11,67,p2,1900,charizard-noctowl,0779,gholdengo-lunatone
11,68,p1,0193,n-zoroark,2134,gholdengo-lunatone
11,69,p2,1960,crustle-dri,0413,gardevoir-ex-sv
11,70,tie,0832,gardevoir-jellicent,1729,gardevoir-ex-sv
11,71,p1,1338,charizard-pidgeot,1465,flareon-noctowl
11,72,p1,0201,charizard-noctowl,2210,gholdengo-lunatone
11,73,p1,1062,charizard-noctowl,0966,gardevoir-jellicent
11,74,tie,1426,gardevoir-ex-sv,1472,gholdengo-lunatone
11,75,p2,1705,raging-bolt-ogerpon,1936,gardevoir-ex-sv
11,76,p1,1120,charizard-pidgeot,1951,charizard-noctowl
11,77,p1,0316,gardevoir-jellicent,2016,charizard-pidgeot
11,78,p1,2162,slowking-scr,1568,dragapult-dusknoir
11,79,p2,1657,gholdengo-lunatone,1352,raging-bolt-ogerpon
11,80,tie,0999,gardevoir-ex-sv,0399,gardevoir-ex-sv
11,81,p1,1881,gholdengo-lunatone,0482,gardevoir-ex-sv
11,82,p1,0468,gardevoir-ex-sv,1401,dragapult-dusknoir
11,83,p2,1773,gardevoir-jellicent,0947,kangaskhan-bouffalant
11,84,tie,1112,dragapult-dusknoir,1562,mega-absol-box
11,85,p1,0873,charizard-pidgeot,1915,grimmsnarl-froslass
11,86,tie,1432,gardevoir-ex-sv,0060,dragapult-charizard
11,87,p2,1270,gardevoir-jellicent,0022,pidgeot-control
11,88,p2,2099,kangaskhan-bouffalant,0880,gardevoir-jellicent
11,89,p1,2090,gardevoir-ex-sv,0211,gardevoir-jellicent
11,90,tie,0751,gardevoir-ex-sv,1957,charizard-noctowl
11,91,p2,0124,gardevoir-ex-sv,0951,charizard-pidgeot
11,92,p1,0887,gardevoir-jellicent,2084,dragapult-dusknoir
11,93,p1,1421,grimmsnarl-froslass,0642,gholdengo-lunatone
11,94,p2,0165,gholdengo-ex,2049,gardevoir-ex-sv
11,95,p2,0818,gardevoir-ex-sv,0480,gardevoir-ex-sv
11,96,tie,1832,gholdengo-lunatone,0785,n-zoroark
11,97,p1,1202,gholdengo-lunatone,1172,gardevoir-ex-sv
11,98,p1,2166,grimmsnarl-froslass,2071,gardevoir-ex-sv
11,99,tie,0260,joltik-box,2243,charizard-noctowl
11,100,tie,0902,gholdengo-lunatone,1160,gholdengo-lunatone
11,101,p2,1837,gardevoir-jellicent,1926,n-zoroark
11,102,p1,0786,gardevoir-ex-sv,1628,dragapult-dusknoir
11,103,p1,2163,dragapult-dusknoir,0066,gholdengo-lunatone
11,104,p2,0483,raging-bolt-ogerpon,0956,dragapult-charizard
11,105,p2,1977,charizard-noctowl,2014,gardevoir-jellicent
11,106,p1,1179,charizard-noctowl,1772,charizard-pidgeot
11,107,tie,1796,charizard-noctowl,0886,n-zoroark
11,108,p1,2136,joltik-box,1717,charizard-noctowl
11,109,tie,0005,gholdengo-lunatone,0080,dragapult-charizard
11,110,p2,0476,dragapult-dusknoir,1069,mega-absol-box
11,111,p2,0033,gardevoir-ex-sv,0581,dragapult-dusknoir
11,112,p1,0718,raging-bolt-ogerpon,0757,n-zoroark
11,113,p1,0921,ceruledge-ex,1653,dragapult-dusknoir
11,114,p1,1523,dragapult-charizard,0173,charizard-pidgeot
11,115,p2,0035,gholdengo-lunatone,1452,charizard-pidgeot
11,116,p1,0048,charizard-pidgeot,1506,charizard-noctowl
11,117,p1,1015,charizard-noctowl,0228,gholdengo-lunatone
11,118,p2,1733,charizard-noctowl,1975,grimmsnarl-froslass
11,119,p1,1945,dragapult-dusknoir,1771,alakazam-dudunsparce
11,120,p2,1019,gholdengo-lunatone,1574,kangaskhan-bouffalant
11,121,p2,0775,charizard-noctowl,1333,dragapult-dusknoir
11,122,p2,1317,mega-venusaur-ex,1704,charizard-noctowl
11,123,tie,0740,gholdengo-lunatone,0062,grimmsnarl-froslass
11,124,p2,0179,gholdengo-lunatone,2266,charizard-noctowl
11,125,p1,1296,grimmsnarl-froslass,1719,n-zoroark
11,126,p1,1045,cynthia-garchomp-ex,1266,ceruledge-ex
11,127,p2,1068,dragapult-dusknoir,2055,gardevoir-ex-sv
11,128,tie,1214,gardevoir-jellicent,1952,ursaluna-lunatone
11,129,p1,1665,charizard-noctowl,0694,iron-thorns-crustle
11,130,p1,1197,dragapult-dusknoir,1469,charizard-pidgeot
11,131,p2,1035,gholdengo-lunatone,0031,dragapult-charizard
11,132,p2,2058,gholdengo-lunatone,1525,gholdengo-lunatone
11,133,p1,0465,gholdengo-lunatone,0020,gholdengo-lunatone
11,134,p2,1790,charizard-noctowl,1370,gholdengo-lunatone
11,135,p1,2242,charizard-noctowl,1708,gardevoir-jellicent
11,136,p2,0115,gholdengo-lunatone,0854,dragapult-dusknoir
11,137,p1,1580,dragapult-dusknoir,2170,gholdengo-lunatone
11,138,tie,0798,alakazam-dudunsparce,0803,gardevoir-ex-sv
11,139,p2,0373,gholdengo-lunatone,2103,raging-bolt-ogerpon
11,140,p1,0281,gholdengo-lunatone,1799,dragapult-dusknoir
11,141,p2,2176,ceruledge-ex,1230,froslass-munkidori
11,142,p2,0279,pidgeot-control,0052,charizard-noctowl
11,143,tie,0742,ceruledge-ex,0439,gholdengo-lunatone
11,144,p1,0183,gardevoir-ex-sv,0255,alakazam-dudunsparce
11,145,p2,0198,lopunny-dusknoir,1500,gholdengo-lunatone
11,146,p1,0485,gholdengo-lunatone,1467,gholdengo-lunatone
11,147,p2,0411,flareon-noctowl,2218,dragapult-dusknoir
11,148,p1,1139,charizard-noctowl,0267,gardevoir-jellicent
11,149,p2,0991,charizard-pidgeot,0404,gholdengo-lunatone
11,150,p1,0750,gardevoir-ex-sv,1209,charizard-noctowl
11,151,p1,1414,ceruledge-ex,0905,gholdengo-lunatone
11,152,p1,1453,gholdengo-lunatone,0549,gholdengo-lunatone
11,153,p1,1018,mega-absol-box,1435,dragapult-dusknoir
11,154,p2,1149,charizard-pidgeot,0788,dragapult-charizard
11,155,p1,2114,gholdengo-lunatone,2001,gholdengo-lunatone
11,156,p2,0293,charizard-noctowl,0501,gardevoir-ex-sv
11,157,p2,0168,charizard-noctowl,0132,n-zoroark
11,158,p1,2024,gholdengo-lunatone,0941,gardevoir-jellicent
11,159,p2,0294,gholdengo-lunatone,0963,gholdengo-lunatone
11,160,p1,0643,gholdengo-lunatone,0415,joltik-box
11,161,p2,1519,charizard-noctowl,1170,gardevoir-ex-sv
11,162,p1,2111,mega-absol-box,0919,dragapult-dusknoir
11,163,p2,0057,charizard-noctowl,0374,ceruledge-ex
11,164,p1,0410,gardevoir-jellicent,0073,dragapult-dusknoir
11,165,p1,1227,charizard-noctowl,1862,gholdengo-lunatone
11,166,p1,1232,dragapult-dusknoir,0455,gholdengo-joltik-box
11,167,tie,0899,gardevoir-ex-sv,1699,gholdengo-lunatone
11,168,p2,1760,iron-thorns-crustle,1961,charizard-noctowl
11,169,p1,0861,gholdengo-lunatone,0836,gholdengo-lunatone
11,170,p1,1856,gardevoir-ex-sv,2177,gholdengo-lunatone
11,171,p2,1185,cynthia-garchomp-ex,1142,gholdengo-lunatone
11,172,p1,2036,charizard-noctowl,0669,gardevoir-jellicent
11,173,p1,0077,seaking-pre,1993,gardevoir-ex-sv
11,174,p1,0596,dragapult-dusknoir,1730,dragapult-dusknoir
11,175,p1,0431,dragapult-dusknoir,2233,gardevoir-jellicent
11,176,tie,1288,gholdengo-lunatone,0839,charizard-pidgeot
11,177,p2,0505,dragapult-dusknoir,1931,n-zoroark
11,178,tie,2260,gardevoir-ex-sv,0731,n-zoroark
11,179,p2,1341,kangaskhan-bouffalant,1316,gholdengo-lunatone
11,180,p1,1728,joltik-box,1722,dragapult-dusknoir
11,181,p2,1720,n-zoroark,0223,gardevoir-ex-sv
11,182,p2,0289,gholdengo-lunatone,2044,charizard-noctowl
11,183,p1,1887,charizard-noctowl,0215,raging-bolt-ogerpon
11,184,p2,0531,gholdengo-lunatone,1909,dragapult-dusknoir
11,185,p2,0034,n-zoroark,0974,charizard-noctowl
11,186,tie,1746,gardevoir-jellicent,1247,charizard-pidgeot
11,187,p1,1805,dragapult-dusknoir,0690,charizard-noctowl
11,188,p1,1195,n-zoroark,1083,gardevoir-ex-sv
11,189,p1,1875,dragapult-dusknoir,0841,dragapult-dusknoir
11,190,p1,0591,gholdengo-lunatone,1025,gardevoir-jellicent
11,191,p1,1278,toxtricity-pfl,0810,gardevoir-jellicent
11,192,p1,1405,n-zoroark,1758,gholdengo-lunatone
11,193,p2,1072,raging-bolt-ogerpon,1377,gholdengo-lunatone
11,194,tie,0096,dragapult-dusknoir,0303,dragapult-dusknoir
11,195,p1,0762,dragapult-charizard,1450,alakazam-dudunsparce
11,196,p1,1284,gholdengo-lunatone,1819,gholdengo-typhlosion
11,197,tie,1399,charizard-noctowl,0508,festival-lead
11,198,tie,2209,charizard-noctowl,0890,charizard-pidgeot
11,199,p1,1901,charizard-noctowl,0768,dragapult-dusknoir
11,200,p2,0127,gholdengo-lunatone,1001,dragapult-dusknoir
11,201,p1,1893,charizard-noctowl,1272,gardevoir-jellicent
11,202,p1,1434,charizard-pidgeot,1042,gholdengo-lunatone
11,203,p2,1485,dragapult-dusknoir,1321,ceruledge-ex
11,204,p2,0068,gardevoir-ex-sv,1494,n-zoroark
11,,bye,1474,charizard-pidgeot,,
12,1,p2,1639,dragapult-dusknoir,1395,dragapult-dusknoir
12,2,p1,0784,dragapult-dusknoir,1917,gardevoir-ex-sv
12,3,p2,0381,dragapult-dusknoir,0868,gardevoir-jellicent
12,4,p1,0054,gardevoir-ex-sv,1175,dragapult-dusknoir
12,5,p2,1892,gholdengo-lunatone,1135,charizard-noctowl
12,6,p2,2173,mega-absol-box,0233,raging-bolt-ogerpon
12,7,p2,1049,gardevoir-ex-sv,1502,charizard-noctowl
12,8,p2,0246,gholdengo-lunatone,0703,flareon-noctowl
12,9,p1,0656,mega-absol-box,0674,gardevoir-jellicent
12,10,tie,2098,gardevoir-ex-sv,2074,gardevoir-ex-sv
12,11,p1,0333,charizard-noctowl,0654,charizard-pidgeot
12,12,p1,1597,mega-absol-box,2189,gardevoir-jellicent
12,13,p2,1787,grimmsnarl-froslass,2145,charizard-noctowl
12,14,p2,1216,gardevoir-ex-sv,0547,dragapult-dusknoir
12,15,p1,1978,gholdengo-lunatone,0766,charizard-noctowl
12,16,tie,0487,dragapult-dusknoir,0516,n-zoroark
12,17,p1,0724,gardevoir-ex-sv,1301,greninja-ex
12,18,p1,1527,gardevoir-ex-sv,0627,gardevoir-ex-sv
12,19,p2,0958,dragapult-dusknoir,2195,gardevoir-ex-sv
12,20,p2,1801,dragapult-dusknoir,0500,mega-absol-box
12,21,tie,2109,dragapult-dusknoir,1534,charizard-noctowl
12,22,p1,1806,grimmsnarl-froslass,1043,dragapult-dusknoir
12,23,p1,0523,gardevoir-ex-sv,1286,dragapult-dusknoir
12,24,p2,0364,charizard-noctowl,0802,dragapult-dusknoir
12,25,p1,1950,gardevoir-ex-sv,0948,dragapult-charizard
12,26,p1,0441,iron-hands-magneton,1033,dragapult-dusknoir
12,27,p2,1646,charizard-noctowl,1034,dragapult-dusknoir
12,28,p2,1027,dragapult-dusknoir,1594,gardevoir-jellicent
12,29,p1,0698,dragapult-dusknoir,1290,dragapult-dusknoir
12,30,p1,1307,mega-absol-box,1457,gholdengo-lunatone
12,31,p2,0401,gholdengo-lunatone,1842,tera-box
12,32,p1,0935,gardevoir-ex-sv,0312,dragapult-dusknoir
12,33,p1,1041,grimmsnarl-froslass,0395,charizard-pidgeot
12,34,p2,1348,crustle-dri,1356,n-zoroark
12,35,p2,0202,charizard-pidgeot,1368,flareon-noctowl
12,36,p2,0673,dragapult-dusknoir,0779,gholdengo-lunatone
12,37,p2,2251,raging-bolt-ogerpon,1062,charizard-noctowl
12,38,p2,1507,gholdengo-lunatone,1881,gholdengo-lunatone
12,39,p2,0129,gholdengo-lunatone,0193,n-zoroark
12,40,p2,1352,raging-bolt-ogerpon,1357,gardevoir-jellicent
12,41,p2,0514,n-zoroark,1784,dragapult-dusknoir
12,42,p1,0001,gardevoir-ex-sv,1338,charizard-pidgeot
12,43,p2,0290,gholdengo-lunatone,0316,gardevoir-jellicent
12,44,tie,1120,charizard-pidgeot,0201,charizard-noctowl
12,45,p2,2162,slowking-scr,1263,gholdengo-lunatone
12,46,p1,0413,gardevoir-ex-sv,0468,gardevoir-ex-sv
12,47,p2,1936,gardevoir-ex-sv,0540,kangaskhan-bouffalant
12,48,p1,0559,conkeldurr-twm,0465,gholdengo-lunatone
12,49,p2,0552,alakazam-dudunsparce,1316,gholdengo-lunatone
12,50,p2,0556,dragapult-dusknoir,0165,gholdengo-ex
12,51,p2,0786,gardevoir-ex-sv,1807,gardevoir-ex-sv
12,52,p1,2193,dragapult-dusknoir,2090,gardevoir-ex-sv
12,53,p2,0956,dragapult-charizard,2049,gardevoir-ex-sv
12,54,tie,1202,gholdengo-lunatone,2163,dragapult-dusknoir
12,55,tie,0420,gholdengo-lunatone,0125,gholdengo-lunatone
12,56,tie,2255,charizard-noctowl,0951,charizard-pidgeot
12,57,p2,0017,gholdengo-lunatone,2106,charizard-noctowl
12,58,tie,0873,charizard-pidgeot,1082,charizard-noctowl
12,59,tie,0947,kangaskhan-bouffalant,1612,gholdengo-lunatone
12,60,tie,2166,grimmsnarl-froslass,1137,grimmsnarl-froslass
12,61,tie,1421,grimmsnarl-froslass,0722,charizard-pidgeot
12,62,tie,1926,n-zoroark,1353,gardevoir-ex-sv
12,63,p1,0022,pidgeot-control,0480,gardevoir-ex-sv
12,64,p1,0081,gholdengo-lunatone,0880,gardevoir-jellicent
12,65,p1,0887,gardevoir-jellicent,0437,gholdengo-lunatone
12,66,p2,0117,dragapult-dusknoir,1230,froslass-munkidori
12,67,p2,1937,charizard-noctowl,1900,charizard-noctowl
12,68,p2,0004,dragapult-dusknoir,0258,dragapult-dusknoir
12,69,p1,0188,gardevoir-jellicent,1453,gholdengo-lunatone
12,70,p2,0031,dragapult-charizard,1197,dragapult-dusknoir
12,71,tie,0143,gholdengo-lunatone,1296,grimmsnarl-froslass
12,72,p1,1598,charizard-noctowl,0692,alakazam-dudunsparce
12,73,p2,1740,gholdengo-lunatone,2055,gardevoir-ex-sv
12,74,p2,1370,gholdengo-lunatone,0854,dragapult-dusknoir
12,75,p1,1945,dragapult-dusknoir,1580,dragapult-dusknoir
12,76,p2,0581,dragapult-dusknoir,1729,gardevoir-ex-sv
12,77,p1,1024,grimmsnarl-froslass,0048,charizard-pidgeot
12,78,p2,0921,ceruledge-ex,2249,alakazam-dudunsparce
12,79,p2,0832,gardevoir-jellicent,0230,gholdengo-lunatone
12,80,p1,1030,charizard-noctowl,2246,gholdengo-joltik-box
12,81,p2,1500,gholdengo-lunatone,0485,gholdengo-lunatone
12,82,p2,2136,joltik-box,1704,charizard-noctowl
12,83,p1,0750,gardevoir-ex-sv,1183,kangaskhan-bouffalant
12,84,p1,1565,alakazam-dudunsparce,1045,cynthia-garchomp-ex
12,85,p2,0248,cynthia-garchomp-ex,0685,festival-lead
12,86,p1,1525,gholdengo-lunatone,0404,gholdengo-lunatone
12,87,tie,1975,grimmsnarl-froslass,2266,charizard-noctowl
12,88,p2,1414,ceruledge-ex,1574,kangaskhan-bouffalant
12,89,p1,2242,charizard-noctowl,0145,greninja-ex
12,90,tie,2149,mega-absol-box,0183,gardevoir-ex-sv
12,91,p1,1069,mega-absol-box,2133,joltik-box
12,92,p1,0720,tera-box,0718,raging-bolt-ogerpon
12,93,p1,1523,dragapult-charizard,0224,gholdengo-lunatone
12,94,p1,1847,gardevoir-ex-sv,0135,dragapult-dusknoir
12,95,p2,1333,dragapult-dusknoir,1618,charizard-noctowl
12,96,p1,1599,gardevoir-jellicent,1018,mega-absol-box
12,97,p2,1139,charizard-noctowl,0788,dragapult-charizard
12,98,p2,1943,dragapult-charizard,0399,gardevoir-ex-sv
12,99,p2,2143,ceruledge-ex,2218,dragapult-dusknoir
12,100,p2,2114,gholdengo-lunatone,1179,charizard-noctowl
12,101,p2,0281,gholdengo-lunatone,1015,charizard-noctowl
12,102,p2,2014,gardevoir-jellicent,1665,charizard-noctowl
12,103,p2,1452,charizard-pidgeot,0675,charizard-noctowl
12,104,p1,0052,charizard-noctowl,1472,gholdengo-lunatone
12,105,p2,0646,ceruledge-ex,0999,gardevoir-ex-sv
12,106,p2,2103,raging-bolt-ogerpon,1249,dragapult-dusknoir
12,107,p1,1426,gardevoir-ex-sv,1227,charizard-noctowl
12,108,p2,1170,gardevoir-ex-sv,1957,charizard-noctowl
12,109,p1,0643,gholdengo-lunatone,0132,n-zoroark
12,110,p2,2134,gholdengo-lunatone,1112,dragapult-dusknoir
12,111,p1,0410,gardevoir-jellicent,1657,gholdengo-lunatone
12,112,p2,0785,n-zoroark,1465,flareon-noctowl
12,113,tie,1432,gardevoir-ex-sv,2016,charizard-pidgeot
12,114,p1,1562,mega-absol-box,2243,charizard-noctowl
12,115,p1,1951,charizard-noctowl,1232,dragapult-dusknoir
12,116,p1,0374,ceruledge-ex,1705,raging-bolt-ogerpon
12,117,p1,0482,gardevoir-ex-sv,0501,gardevoir-ex-sv
12,118,p2,2111,mega-absol-box,1160,gholdengo-lunatone
12,119,p1,0751,gardevoir-ex-sv,1568,dragapult-dusknoir
12,120,p1,2024,gholdengo-lunatone,1832,gholdengo-lunatone
12,121,p2,2210,gholdengo-lunatone,0060,dragapult-charizard
12,122,p2,0260,joltik-box,0902,gholdengo-lunatone
12,123,p2,1960,crustle-dri,1401,dragapult-dusknoir
12,124,tie,0966,gardevoir-jellicent,0963,gholdengo-lunatone
12,125,p1,0818,gardevoir-ex-sv,1214,gardevoir-jellicent
12,126,p1,1856,gardevoir-ex-sv,2044,charizard-noctowl
12,127,tie,0642,gholdengo-lunatone,0124,gardevoir-ex-sv
12,128,tie,0740,gholdengo-lunatone,2071,gardevoir-ex-sv
12,129,p1,1796,charizard-noctowl,2099,kangaskhan-bouffalant
12,130,p2,0005,gholdengo-lunatone,1977,charizard-noctowl
12,131,p1,1172,gardevoir-ex-sv,0596,dragapult-dusknoir
12,132,p1,0211,gardevoir-jellicent,1909,dragapult-dusknoir
12,133,tie,0483,raging-bolt-ogerpon,1952,ursaluna-lunatone
12,134,p1,0798,alakazam-dudunsparce,0861,gholdengo-lunatone
12,135,p2,1915,grimmsnarl-froslass,1728,joltik-box
12,136,p2,1628,dragapult-dusknoir,0803,gardevoir-ex-sv
12,137,p2,1773,gardevoir-jellicent,1887,charizard-noctowl
12,138,p1,1270,gardevoir-jellicent,0881,gardevoir-jellicent
12,139,tie,0886,n-zoroark,1530,grimmsnarl-froslass
12,140,p2,0431,dragapult-dusknoir,0223,gardevoir-ex-sv
12,141,p1,0742,ceruledge-ex,1961,charizard-noctowl
12,142,p1,0439,gholdengo-lunatone,1142,gholdengo-lunatone
12,143,tie,1931,n-zoroark,0077,seaking-pre
12,144,p2,2084,dragapult-dusknoir,0062,grimmsnarl-froslass
12,145,p2,0066,gholdengo-lunatone,0080,dragapult-charizard
12,146,p2,2036,charizard-noctowl,1837,gardevoir-jellicent
12,147,p1,1771,alakazam-dudunsparce,1901,charizard-noctowl
12,148,p2,0198,lopunny-dusknoir,0991,charizard-pidgeot
12,149,tie,2058,gholdengo-lunatone,0775,charizard-noctowl
12,150,p2,1772,charizard-pidgeot,1506,charizard-noctowl
12,151,p2,2170,gholdengo-lunatone,1733,charizard-noctowl
12,152,p1,1035,gholdengo-lunatone,1469,charizard-pidgeot
12,153,p2,1474,charizard-pidgeot,1278,toxtricity-pfl
12,154,p2,1377,gholdengo-lunatone,0411,flareon-noctowl
12,155,p1,0020,gholdengo-lunatone,1068,dragapult-dusknoir
12,156,p2,1405,n-zoroark,1805,dragapult-dusknoir
12,157,p1,1317,mega-venusaur-ex,0694,iron-thorns-crustle
12,158,p2,1708,gardevoir-jellicent,0549,gholdengo-lunatone
12,159,p1,1149,charizard-pidgeot,1653,dragapult-dusknoir
12,160,tie,1893,charizard-noctowl,1719,n-zoroark
12,161,p1,0228,gholdengo-lunatone,0255,alakazam-dudunsparce
12,162,p1,0033,gardevoir-ex-sv,1266,ceruledge-ex
12,163,p1,0476,dragapult-dusknoir,1434,charizard-pidgeot
12,164,p1,1467,gholdengo-lunatone,1435,dragapult-dusknoir
12,165,p2,1209,charizard-noctowl,0035,gholdengo-lunatone
12,166,p2,0974,charizard-noctowl,0591,gholdengo-lunatone
12,167,p2,0115,gholdengo-lunatone,0267,gardevoir-jellicent
12,168,p2,0179,gholdengo-lunatone,1284,gholdengo-lunatone
12,169,tie,1799,dragapult-dusknoir,0373,gholdengo-lunatone
12,170,p1,2176,ceruledge-ex,0757,n-zoroark
12,171,p1,1321,ceruledge-ex,0905,gholdengo-lunatone
12,172,tie,1790,charizard-noctowl,1717,charizard-noctowl
12,173,p1,0173,charizard-pidgeot,0279,pidgeot-control
12,174,p2,0762,dragapult-charizard,1875,dragapult-dusknoir
12,175,tie,2001,gholdengo-lunatone,1494,n-zoroark
12,176,p2,1001,dragapult-dusknoir,1019,gholdengo-lunatone
12,177,p1,1195,n-zoroark,1519,charizard-noctowl
12,178,p1,0731,n-zoroark,1862,gholdengo-lunatone
12,179,p1,1699,gholdengo-lunatone,2260,gardevoir-ex-sv
12,180,p1,0168,charizard-noctowl,0294,gholdengo-lunatone
12,181,p2,0899,gardevoir-ex-sv,0073,dragapult-dusknoir
12,182,p2,0415,joltik-box,0293,charizard-noctowl
12,183,p1,0941,gardevoir-jellicent,1288,gholdengo-lunatone
12,184,p1,0057,charizard-noctowl,0919,dragapult-dusknoir
12,185,p2,0839,charizard-pidgeot,1993,gardevoir-ex-sv
12,186,p2,2209,charizard-noctowl,0289,gholdengo-lunatone
12,187,tie,1185,cynthia-garchomp-ex,1746,gardevoir-jellicent
12,188,p2,1760,iron-thorns-crustle,1730,dragapult-dusknoir
12,189,p1,1399,charizard-noctowl,0455,gholdengo-joltik-box
12,190,tie,0505,dragapult-dusknoir,0669,gardevoir-jellicent
12,191,p2,2233,gardevoir-jellicent,0508,festival-lead
12,192,p1,1722,dragapult-dusknoir,1720,n-zoroark
12,193,p2,0215,raging-bolt-ogerpon,1341,kangaskhan-bouffalant
12,194,p1,0096,dragapult-dusknoir,1247,charizard-pidgeot
12,195,p1,0531,gholdengo-lunatone,0836,gholdengo-lunatone
12,196,p1,0303,dragapult-dusknoir,0890,charizard-pidgeot
12,197,p2,2177,gholdengo-lunatone,0768,dragapult-dusknoir
12,198,p2,0810,gardevoir-jellicent,0690,charizard-noctowl
12,199,p1,1042,gholdengo-lunatone,1758,gholdengo-lunatone
12,200,p1,0127,gholdengo-lunatone,0841,dragapult-dusknoir
12,201,p2,1025,gardevoir-jellicent,0068,gardevoir-ex-sv
12,202,p1,1083,gardevoir-ex-sv,1072,raging-bolt-ogerpon
12,203,p1,1272,gardevoir-jellicent,1819,gholdengo-typhlosion
12,204,p2,1450,alakazam-dudunsparce,1485,dragapult-dusknoir
12,,bye,0034,n-zoroark,,
13,1,tie,1395,dragapult-dusknoir,0054,gardevoir-ex-sv
13,2,p1,0784,dragapult-dusknoir,1135,charizard-noctowl
13,3,p1,0868,gardevoir-jellicent,0703,flareon-noctowl
13,4,p2,1502,charizard-noctowl,1639,dragapult-dusknoir
13,5,p1,0233,raging-bolt-ogerpon,0656,mega-absol-box
13,6,tie,1917,gardevoir-ex-sv,0333,charizard-noctowl
13,7,p1,1597,mega-absol-box,2145,charizard-noctowl
13,8,p1,0547,dragapult-dusknoir,0724,gardevoir-ex-sv
13,9,p2,1978,gholdengo-lunatone,1175,dragapult-dusknoir
13,10,p1,0441,iron-hands-magneton,0802,dragapult-dusknoir
13,11,p2,1842,tera-box,0523,gardevoir-ex-sv
13,12,p1,1034,dragapult-dusknoir,1356,n-zoroark
13,13,p1,1892,gholdengo-lunatone,0935,gardevoir-ex-sv
13,14,p2,0500,mega-absol-box,0698,dragapult-dusknoir
13,15,p2,1368,flareon-noctowl,1594,gardevoir-jellicent
13,16,p1,1806,grimmsnarl-froslass,1307,mega-absol-box
13,17,p1,2195,gardevoir-ex-sv,1950,gardevoir-ex-sv
13,18,p1,1041,grimmsnarl-froslass,1527,gardevoir-ex-sv
13,19,p1,0381,dragapult-dusknoir,0246,gholdengo-lunatone
13,20,p1,1062,charizard-noctowl,1263,gholdengo-lunatone
13,21,p2,2074,gardevoir-ex-sv,1049,gardevoir-ex-sv
13,22,p1,1881,gholdengo-lunatone,0487,dragapult-dusknoir
13,23,p2,0001,gardevoir-ex-sv,2098,gardevoir-ex-sv
13,24,tie,1357,gardevoir-jellicent,0193,n-zoroark
13,25,tie,2173,mega-absol-box,1784,dragapult-dusknoir
13,26,p2,0316,gardevoir-jellicent,0516,n-zoroark
13,27,p1,0413,gardevoir-ex-sv,0779,gholdengo-lunatone
13,28,p1,1807,gardevoir-ex-sv,0081,gholdengo-lunatone
13,29,p1,0766,charizard-noctowl,1216,gardevoir-ex-sv
13,30,p2,2193,dragapult-dusknoir,2049,gardevoir-ex-sv
13,31,p1,0887,gardevoir-jellicent,0654,charizard-pidgeot
13,32,p1,0540,kangaskhan-bouffalant,0674,gardevoir-jellicent
13,33,tie,1534,charizard-noctowl,2106,charizard-noctowl
13,34,p1,0022,pidgeot-control,2109,dragapult-dusknoir
13,35,tie,2189,gardevoir-jellicent,1787,grimmsnarl-froslass
13,36,p1,1426,gardevoir-ex-sv,0958,dragapult-dusknoir
13,37,tie,1847,gardevoir-ex-sv,2249,alakazam-dudunsparce
13,38,p1,0485,gholdengo-lunatone,2055,gardevoir-ex-sv
13,39,tie,1900,charizard-noctowl,1348,crustle-dri
13,40,tie,0399,gardevoir-ex-sv,0188,gardevoir-jellicent
13,41,p1,0999,gardevoir-ex-sv,1249,dragapult-dusknoir
13,42,p1,1197,dragapult-dusknoir,0685,festival-lead
13,43,p1,1599,gardevoir-jellicent,1301,greninja-ex
13,44,p2,1015,charizard-noctowl,0202,charizard-pidgeot
13,45,p1,1120,charizard-pidgeot,1286,dragapult-dusknoir
13,46,p2,1525,gholdengo-lunatone,0750,gardevoir-ex-sv
13,47,p1,1457,gholdengo-lunatone,1646,charizard-noctowl
13,48,p2,0559,conkeldurr-twm,2242,charizard-noctowl
13,49,p1,2058,gholdengo-lunatone,0552,alakazam-dudunsparce
13,50,p1,0556,dragapult-dusknoir,1909,dragapult-dusknoir
13,51,p2,1179,charizard-noctowl,1618,charizard-noctowl
13,52,p2,1043,dragapult-dusknoir,0788,dragapult-charizard
13,53,p1,0401,gholdengo-lunatone,1574,kangaskhan-bouffalant
13,54,p1,1665,charizard-noctowl,1069,mega-absol-box
13,55,p2,1729,gardevoir-ex-sv,1523,dragapult-charizard
13,56,p1,1945,dragapult-dusknoir,0052,charizard-noctowl
13,57,p2,0854,dragapult-dusknoir,1024,grimmsnarl-froslass
13,58,p2,2218,dragapult-dusknoir,0948,dragapult-charizard
13,59,p2,1598,charizard-noctowl,1801,dragapult-dusknoir
13,60,p2,0230,gholdengo-lunatone,0627,gardevoir-ex-sv
13,61,p2,0364,charizard-noctowl,0312,dragapult-dusknoir
13,62,p1,0395,charizard-pidgeot,0675,charizard-noctowl
13,63,p1,0720,tera-box,1290,dragapult-dusknoir
13,64,p2,1033,dragapult-dusknoir,0201,charizard-noctowl
13,65,p2,1565,alakazam-dudunsparce,1030,charizard-noctowl
13,66,p1,1027,dragapult-dusknoir,0258,dragapult-dusknoir
13,67,p1,1230,froslass-munkidori,1704,charizard-noctowl
13,68,tie,0643,gholdengo-lunatone,2163,dragapult-dusknoir
13,69,p1,2024,gholdengo-lunatone,0468,gardevoir-ex-sv
13,70,tie,1465,flareon-noctowl,0751,gardevoir-ex-sv
13,71,p1,1352,raging-bolt-ogerpon,1082,charizard-noctowl
13,72,p2,2162,slowking-scr,1957,charizard-noctowl
13,73,p1,0374,ceruledge-ex,1926,n-zoroark
13,74,p2,0420,gholdengo-lunatone,1421,grimmsnarl-froslass
13,75,tie,0060,dragapult-charizard,0873,charizard-pidgeot
13,76,p2,1951,charizard-noctowl,1562,mega-absol-box
13,77,p2,1507,gholdengo-lunatone,0129,gholdengo-lunatone
13,78,p1,2251,raging-bolt-ogerpon,1338,charizard-pidgeot
13,79,p2,0947,kangaskhan-bouffalant,0673,dragapult-dusknoir
13,80,p2,1401,dragapult-dusknoir,0482,gardevoir-ex-sv
13,81,p2,2255,charizard-noctowl,1137,grimmsnarl-froslass
13,82,p2,1612,gholdengo-lunatone,1160,gholdengo-lunatone
13,83,p2,0125,gholdengo-lunatone,0290,gholdengo-lunatone
13,84,tie,0514,n-zoroark,1112,dragapult-dusknoir
13,85,p1,0410,gardevoir-jellicent,1936,gardevoir-ex-sv
13,86,p2,0902,gholdengo-lunatone,1202,gholdengo-lunatone
13,87,p2,2166,grimmsnarl-froslass,0722,charizard-pidgeot
13,88,p2,1353,gardevoir-ex-sv,0951,charizard-pidgeot
13,89,p1,1172,gardevoir-ex-sv,0803,gardevoir-ex-sv
13,90,p1,2266,charizard-noctowl,2090,gardevoir-ex-sv
13,91,p2,1728,joltik-box,0080,dragapult-charizard
13,92,tie,0480,gardevoir-ex-sv,0742,ceruledge-ex
13,93,p2,0786,gardevoir-ex-sv,0143,gholdengo-lunatone
13,94,p1,0880,gardevoir-jellicent,1977,charizard-noctowl
13,95,p1,0818,gardevoir-ex-sv,1856,gardevoir-ex-sv
13,96,p2,1296,grimmsnarl-froslass,0798,alakazam-dudunsparce
13,97,tie,0956,dragapult-charizard,0183,gardevoir-ex-sv
13,98,p1,1316,gholdengo-lunatone,1887,charizard-noctowl
13,99,p2,0211,gardevoir-jellicent,1975,grimmsnarl-froslass
13,100,tie,2149,mega-absol-box,1837,gardevoir-jellicent
13,101,p1,0165,gholdengo-ex,0117,dragapult-dusknoir
13,102,tie,0437,gholdengo-lunatone,1270,gardevoir-jellicent
13,103,tie,0062,grimmsnarl-froslass,1796,charizard-noctowl
13,104,tie,0223,gardevoir-ex-sv,0439,gholdengo-lunatone
13,105,p1,0017,gholdengo-lunatone,1506,charizard-noctowl
13,106,p1,1943,dragapult-charizard,2016,charizard-pidgeot
13,107,p2,1580,dragapult-dusknoir,1284,gholdengo-lunatone
13,108,p2,0591,gholdengo-lunatone,1771,alakazam-dudunsparce
13,109,tie,1139,charizard-noctowl,1414,ceruledge-ex
13,110,p2,0963,gholdengo-lunatone,0549,gholdengo-lunatone
13,111,p2,1453,gholdengo-lunatone,0476,dragapult-dusknoir
13,112,p2,1432,gardevoir-ex-sv,0224,gholdengo-lunatone
13,113,p2,1370,gholdengo-lunatone,1018,mega-absol-box
13,114,p1,0248,cynthia-garchomp-ex,0228,gholdengo-lunatone
13,115,p2,1045,cynthia-garchomp-ex,0004,dragapult-dusknoir
13,116,p1,1149,charizard-pidgeot,0404,gholdengo-lunatone
13,117,p1,2103,raging-bolt-ogerpon,1195,n-zoroark
13,118,p2,1019,gholdengo-lunatone,2014,gardevoir-jellicent
13,119,p2,2143,ceruledge-ex,2133,joltik-box
13,120,p2,0267,gardevoir-jellicent,1733,charizard-noctowl
13,121,p2,0832,gardevoir-jellicent,1317,mega-venusaur-ex
13,122,tie,1472,gholdengo-lunatone,1452,charizard-pidgeot
13,123,tie,1321,ceruledge-ex,0033,gardevoir-ex-sv
13,124,p2,1278,toxtricity-pfl,0921,ceruledge-ex
13,125,p1,1875,dragapult-dusknoir,0145,greninja-ex
13,126,p1,0048,charizard-pidgeot,0035,gholdengo-lunatone
13,127,p1,1937,charizard-noctowl,0646,ceruledge-ex
13,128,p1,0135,dragapult-dusknoir,1467,gholdengo-lunatone
13,129,tie,2114,gholdengo-lunatone,1805,dragapult-dusknoir
13,130,p1,1740,gholdengo-lunatone,1333,dragapult-dusknoir
13,131,p2,0031,dragapult-charizard,1183,kangaskhan-bouffalant
13,132,p1,2136,joltik-box,0718,raging-bolt-ogerpon
13,133,p2,0173,charizard-pidgeot,0281,gholdengo-lunatone
13,134,p2,0991,charizard-pidgeot,0581,dragapult-dusknoir
13,135,p1,0692,alakazam-dudunsparce,1500,gholdengo-lunatone
13,136,p1,0020,gholdengo-lunatone,0966,gardevoir-jellicent
13,137,p1,0465,gholdengo-lunatone,1035,gholdengo-lunatone
13,138,p2,0411,flareon-noctowl,2246,gholdengo-joltik-box
13,139,p2,2176,ceruledge-ex,2243,charizard-noctowl
13,140,p2,2111,mega-absol-box,1931,n-zoroark
13,141,p1,0941,gardevoir-jellicent,1699,gholdengo-lunatone
13,142,p2,0057,charizard-noctowl,0260,joltik-box
13,143,p1,0731,n-zoroark,0293,charizard-noctowl
13,144,p1,1832,gholdengo-lunatone,0124,gardevoir-ex-sv
13,145,p2,2071,gardevoir-ex-sv,0483,raging-bolt-ogerpon
13,146,p1,0740,gholdengo-lunatone,1952,ursaluna-lunatone
13,147,p1,1960,crustle-dri,0642,gholdengo-lunatone
13,148,p2,1530,grimmsnarl-froslass,0501,gardevoir-ex-sv
13,149,p2,0886,n-zoroark,2134,gholdengo-lunatone
13,150,p2,0132,n-zoroark,1568,dragapult-dusknoir
13,151,p2,1170,gardevoir-ex-sv,1232,dragapult-dusknoir
13,152,tie,0785,n-zoroark,1227,charizard-noctowl
13,153,p1,1657,gholdengo-lunatone,2210,gholdengo-lunatone
13,154,p2,0077,seaking-pre,0073,dragapult-dusknoir
13,155,p2,0168,charizard-noctowl,1722,dragapult-dusknoir
13,156,p1,0096,dragapult-dusknoir,2084,dragapult-dusknoir
13,157,p2,0373,gholdengo-lunatone,0861,gholdengo-lunatone
13,158,tie,1341,kangaskhan-bouffalant,0303,dragapult-dusknoir
13,159,tie,1915,grimmsnarl-froslass,2036,charizard-noctowl
13,160,p1,0289,gholdengo-lunatone,1893,charizard-noctowl
13,161,p2,1628,dragapult-dusknoir,1730,dragapult-dusknoir
13,162,p2,0005,gholdengo-lunatone,0775,charizard-noctowl
13,163,tie,1719,n-zoroark,0066,gholdengo-lunatone
13,164,p1,1993,gardevoir-ex-sv,1142,gholdengo-lunatone
13,165,p2,1399,charizard-noctowl,1717,charizard-noctowl
13,166,p2,0508,festival-lead,1961,charizard-noctowl
13,167,p2,0531,gholdengo-lunatone,1790,charizard-noctowl
13,168,p1,2044,charizard-noctowl,0881,gardevoir-jellicent
13,169,p2,1214,gardevoir-jellicent,0431,dragapult-dusknoir
13,170,p2,1799,dragapult-dusknoir,0596,dragapult-dusknoir
13,171,p2,1494,n-zoroark,2099,kangaskhan-bouffalant
13,172,p2,1773,gardevoir-jellicent,2001,gholdengo-lunatone
13,173,p2,0768,dragapult-dusknoir,0690,charizard-noctowl
13,174,p2,0974,charizard-noctowl,1901,charizard-noctowl
13,175,p2,1083,gardevoir-ex-sv,0198,lopunny-dusknoir
13,176,p1,1405,n-zoroark,0762,dragapult-charizard
13,177,tie,0757,n-zoroark,0179,gholdengo-lunatone
13,178,p2,1708,gardevoir-jellicent,1434,charizard-pidgeot
13,179,p1,1068,dragapult-dusknoir,1772,charizard-pidgeot
13,180,p2,1474,charizard-pidgeot,1485,dragapult-dusknoir
13,181,tie,1272,gardevoir-jellicent,0068,gardevoir-ex-sv
13,182,p1,0905,gholdengo-lunatone,1042,gholdengo-lunatone
13,183,p1,0115,gholdengo-lunatone,1209,charizard-noctowl
13,184,p1,1469,charizard-pidgeot,0127,gholdengo-lunatone
13,185,p2,1266,ceruledge-ex,1653,dragapult-dusknoir
13,186,p1,0279,pidgeot-control,1377,gholdengo-lunatone
13,187,tie,1001,dragapult-dusknoir,0255,alakazam-dudunsparce
13,188,p1,0034,n-zoroark,0694,iron-thorns-crustle
13,189,p1,2170,gholdengo-lunatone,1435,dragapult-dusknoir
13,190,p2,1746,gardevoir-jellicent,0899,gardevoir-ex-sv
13,191,p2,0294,gholdengo-lunatone,0919,dragapult-dusknoir
13,192,p1,0839,charizard-pidgeot,0505,dragapult-dusknoir
13,193,p2,0669,gardevoir-jellicent,1185,cynthia-garchomp-ex
13,194,p2,1288,gholdengo-lunatone,1519,charizard-noctowl
13,195,tie,2260,gardevoir-ex-sv,1862,gholdengo-lunatone
13,196,p2,0415,joltik-box,1720,n-zoroark
13,197,p1,0836,gholdengo-lunatone,2233,gardevoir-jellicent
13,198,p2,0455,gholdengo-joltik-box,1760,iron-thorns-crustle
13,199,p1,0215,raging-bolt-ogerpon,2209,charizard-noctowl
13,200,p2,0890,charizard-pidgeot,1450,alakazam-dudunsparce
13,201,p2,0810,gardevoir-jellicent,1072,raging-bolt-ogerpon
13,202,p2,1758,gholdengo-lunatone,0841,dragapult-dusknoir
13,,bye,1819,gholdengo-typhlosion,,
14,1,tie,0784,dragapult-dusknoir,0868,gardevoir-jellicent
14,2,tie,1395,dragapult-dusknoir,0233,raging-bolt-ogerpon
14,3,tie,1639,dragapult-dusknoir,0054,gardevoir-ex-sv
14,4,p1,0547,dragapult-dusknoir,1597,mega-absol-box
14,5,p2,0381,dragapult-dusknoir,0523,gardevoir-ex-sv
14,6,p1,1594,gardevoir-jellicent,1175,dragapult-dusknoir
14,7,p2,1135,charizard-noctowl,1806,grimmsnarl-froslass
14,8,p1,1041,grimmsnarl-froslass,2195,gardevoir-ex-sv
14,9,p1,1892,gholdengo-lunatone,0441,iron-hands-magneton
14,10,p1,0698,dragapult-dusknoir,1034,dragapult-dusknoir
14,11,p1,1062,charizard-noctowl,1917,gardevoir-ex-sv
14,12,p1,2098,gardevoir-ex-sv,0413,gardevoir-ex-sv
14,13,p2,1502,charizard-noctowl,0516,n-zoroark
14,14,p1,1049,gardevoir-ex-sv,0656,mega-absol-box
14,15,p1,0333,charizard-noctowl,1881,gholdengo-lunatone
14,16,p1,0703,flareon-noctowl,0724,gardevoir-ex-sv
14,17,p2,2049,gardevoir-ex-sv,0766,charizard-noctowl
14,18,p2,0887,gardevoir-jellicent,1807,gardevoir-ex-sv
14,19,p1,0540,kangaskhan-bouffalant,0022,pidgeot-control
14,20,p2,1978,gholdengo-lunatone,2145,charizard-noctowl
14,21,p2,2173,mega-absol-box,0202,charizard-pidgeot
14,22,p2,1523,dragapult-charizard,1197,dragapult-dusknoir
14,23,p1,0999,gardevoir-ex-sv,0401,gholdengo-lunatone
14,24,p1,1599,gardevoir-jellicent,0395,charizard-pidgeot
14,25,p2,0485,gholdengo-lunatone,0935,gardevoir-ex-sv
14,26,p2,0627,gardevoir-ex-sv,1030,charizard-noctowl
14,27,p1,1801,dragapult-dusknoir,0720,tera-box
14,28,p2,1842,tera-box,1426,gardevoir-ex-sv
14,29,p2,1024,grimmsnarl-froslass,1665,charizard-noctowl
14,30,p1,1357,gardevoir-jellicent,1230,froslass-munkidori
14,31,p1,0788,dragapult-charizard,0750,gardevoir-ex-sv
14,32,p2,0802,dragapult-dusknoir,1356,n-zoroark
14,33,p1,1307,mega-absol-box,0193,n-zoroark
14,34,p2,0948,dragapult-charizard,1027,dragapult-dusknoir
14,35,tie,1120,charizard-pidgeot,0500,mega-absol-box
14,36,p1,1527,gardevoir-ex-sv,0201,charizard-noctowl
14,37,p1,1950,gardevoir-ex-sv,2242,charizard-noctowl
14,38,p2,1368,flareon-noctowl,1945,dragapult-dusknoir
14,39,p1,0312,dragapult-dusknoir,1618,charizard-noctowl
14,40,p2,1457,gholdengo-lunatone,1784,dragapult-dusknoir
14,41,tie,1421,grimmsnarl-froslass,2074,gardevoir-ex-sv
14,42,tie,0951,charizard-pidgeot,0482,gardevoir-ex-sv
14,43,tie,0129,gholdengo-lunatone,0246,gholdengo-lunatone
14,44,p1,0374,ceruledge-ex,0779,gholdengo-lunatone
14,45,p2,1787,grimmsnarl-froslass,1160,gholdengo-lunatone
14,46,p2,2024,gholdengo-lunatone,0290,gholdengo-lunatone
14,47,p1,1202,gholdengo-lunatone,0410,gardevoir-jellicent
14,48,p1,1729,gardevoir-ex-sv,0559,conkeldurr-twm
14,49,p2,0836,gholdengo-lunatone,0552,alakazam-dudunsparce
14,50,p1,0556,dragapult-dusknoir,2114,gholdengo-lunatone
14,51,p1,0673,dragapult-dusknoir,1352,raging-bolt-ogerpon
14,52,p1,2251,raging-bolt-ogerpon,1562,mega-absol-box
14,53,p1,1263,gholdengo-lunatone,2106,charizard-noctowl
14,54,p2,1957,charizard-noctowl,0722,charizard-pidgeot
14,55,tie,0001,gardevoir-ex-sv,1137,grimmsnarl-froslass
14,56,p2,2189,gardevoir-jellicent,0316,gardevoir-jellicent
14,57,p1,0487,dragapult-dusknoir,1534,charizard-noctowl
14,58,tie,0080,dragapult-charizard,1847,gardevoir-ex-sv
14,59,p1,2193,dragapult-dusknoir,0674,gardevoir-jellicent
14,60,p1,1348,crustle-dri,0017,gholdengo-lunatone
14,61,p2,1975,grimmsnarl-froslass,0143,gholdengo-lunatone
14,62,p2,0818,gardevoir-ex-sv,2266,charizard-noctowl
14,63,p1,0880,gardevoir-jellicent,0399,gardevoir-ex-sv
14,64,p1,2109,dragapult-dusknoir,0081,gholdengo-lunatone
14,65,p1,1216,gardevoir-ex-sv,0654,charizard-pidgeot
14,66,p1,1316,gholdengo-lunatone,2249,alakazam-dudunsparce
14,67,p2,0188,gardevoir-jellicent,0165,gholdengo-ex
14,68,p2,0798,alakazam-dudunsparce,1172,gardevoir-ex-sv
14,69,p1,1900,charizard-noctowl,1525,gholdengo-lunatone
14,70,p1,0921,ceruledge-ex,0004,dragapult-dusknoir
14,71,p1,0060,dragapult-charizard,1598,charizard-noctowl
14,72,p1,1249,dragapult-dusknoir,1290,dragapult-dusknoir
14,73,p2,1937,charizard-noctowl,1183,kangaskhan-bouffalant
14,74,p2,0514,n-zoroark,2218,dragapult-dusknoir
14,75,p2,2133,joltik-box,1043,dragapult-dusknoir
14,76,tie,1465,flareon-noctowl,0476,dragapult-dusknoir
14,77,p1,2136,joltik-box,0020,gholdengo-lunatone
14,78,p1,2246,gholdengo-joltik-box,0135,dragapult-dusknoir
14,79,p2,1112,dragapult-dusknoir,0751,gardevoir-ex-sv
14,80,p1,0364,charizard-noctowl,1179,charizard-noctowl
14,81,p1,1943,dragapult-charizard,1015,charizard-noctowl
14,82,p1,0873,charizard-pidgeot,1284,gholdengo-lunatone
14,83,p1,0052,charizard-noctowl,1704,charizard-noctowl
14,84,p2,0675,charizard-noctowl,1574,kangaskhan-bouffalant
14,85,p2,0581,dragapult-dusknoir,1565,alakazam-dudunsparce
14,86,p1,0248,cynthia-garchomp-ex,1646,charizard-noctowl
14,87,p2,1301,greninja-ex,0549,gholdengo-lunatone
14,88,p1,1033,dragapult-dusknoir,0692,alakazam-dudunsparce
14,89,p1,2103,raging-bolt-ogerpon,0465,gholdengo-lunatone
14,90,p1,1740,gholdengo-lunatone,0224,gholdengo-lunatone
14,91,p2,0643,gholdengo-lunatone,2055,gardevoir-ex-sv
14,92,p2,0230,gholdengo-lunatone,1018,mega-absol-box
14,93,p1,0958,dragapult-dusknoir,2163,dragapult-dusknoir
14,94,p2,2014,gardevoir-jellicent,1069,mega-absol-box
14,95,p2,0048,charizard-pidgeot,0854,dragapult-dusknoir
14,96,p2,0281,gholdengo-lunatone,1149,charizard-pidgeot
14,97,p1,0685,festival-lead,1317,mega-venusaur-ex
14,98,p1,1286,dragapult-dusknoir,0258,dragapult-dusknoir
14,99,p1,1875,dragapult-dusknoir,1733,charizard-noctowl
14,100,p2,1771,alakazam-dudunsparce,1931,n-zoroark
14,101,p1,2255,charizard-noctowl,1832,gholdengo-lunatone
14,102,tie,0941,gardevoir-jellicent,0947,kangaskhan-bouffalant
14,103,p1,1951,charizard-noctowl,0439,gholdengo-lunatone
14,104,tie,2134,gholdengo-lunatone,0420,gholdengo-lunatone
14,105,p1,0740,gholdengo-lunatone,0183,gardevoir-ex-sv
14,106,p2,0902,gholdengo-lunatone,1657,gholdengo-lunatone
14,107,p1,0501,gardevoir-ex-sv,2243,charizard-noctowl
14,108,p1,1837,gardevoir-jellicent,0223,gardevoir-ex-sv
14,109,p2,0480,gardevoir-ex-sv,0956,dragapult-charizard
14,110,p2,1960,crustle-dri,0468,gardevoir-ex-sv
14,111,p1,2162,slowking-scr,0742,ceruledge-ex
14,112,p1,1926,n-zoroark,2149,mega-absol-box
14,113,tie,1353,gardevoir-ex-sv,1612,gholdengo-lunatone
14,114,tie,0260,joltik-box,1270,gardevoir-jellicent
14,115,p1,1507,gholdengo-lunatone,1936,gardevoir-ex-sv
14,116,tie,1568,dragapult-dusknoir,0483,raging-bolt-ogerpon
14,117,p2,0062,grimmsnarl-froslass,1401,dragapult-dusknoir
14,118,p2,1796,charizard-noctowl,2166,grimmsnarl-froslass
14,119,tie,0073,dragapult-dusknoir,1338,charizard-pidgeot
14,120,p2,1082,charizard-noctowl,0125,gholdengo-lunatone
14,121,p1,1232,dragapult-dusknoir,0437,gholdengo-lunatone
14,122,p2,0731,n-zoroark,1452,charizard-pidgeot
14,123,p2,1296,grimmsnarl-froslass,2058,gholdengo-lunatone
14,124,p1,0289,gholdengo-lunatone,0803,gardevoir-ex-sv
14,125,p1,1722,dragapult-dusknoir,1414,ceruledge-ex
14,126,tie,1790,charizard-noctowl,1993,gardevoir-ex-sv
14,127,p1,1730,dragapult-dusknoir,1961,charizard-noctowl
14,128,p1,2044,charizard-noctowl,2099,kangaskhan-bouffalant
14,129,tie,0786,gardevoir-ex-sv,1139,charizard-noctowl
14,130,p1,1717,charizard-noctowl,0861,gholdengo-lunatone
14,131,p1,0117,dragapult-dusknoir,1805,dragapult-dusknoir
14,132,p1,1321,ceruledge-ex,0596,dragapult-dusknoir
14,133,p2,1887,charizard-noctowl,0431,dragapult-dusknoir
14,134,p2,1977,charizard-noctowl,1856,gardevoir-ex-sv
14,135,p1,0033,gardevoir-ex-sv,0775,charizard-noctowl
14,136,p2,1728,joltik-box,0096,dragapult-dusknoir
14,137,p2,0211,gardevoir-jellicent,2001,gholdengo-lunatone
14,138,p1,2090,gardevoir-ex-sv,1472,gholdengo-lunatone
14,139,p1,1653,dragapult-dusknoir,2143,ceruledge-ex
14,140,p2,1469,charizard-pidgeot,0198,lopunny-dusknoir
14,141,p2,1370,gholdengo-lunatone,0035,gholdengo-lunatone
14,142,p2,0279,pidgeot-control,0905,gholdengo-lunatone
14,143,p1,0228,gholdengo-lunatone,1045,cynthia-garchomp-ex
14,144,p2,1432,gardevoir-ex-sv,0404,gholdengo-lunatone
14,145,p1,2170,gholdengo-lunatone,1500,gholdengo-lunatone
14,146,p2,0267,gardevoir-jellicent,0411,flareon-noctowl
14,147,tie,1580,dragapult-dusknoir,0034,n-zoroark
14,148,tie,1434,charizard-pidgeot,1278,toxtricity-pfl
14,149,p2,1485,dragapult-dusknoir,1467,gholdengo-lunatone
14,150,p2,0991,charizard-pidgeot,1901,charizard-noctowl
14,151,p1,1506,charizard-noctowl,0785,n-zoroark
14,152,p2,0115,gholdengo-lunatone,0966,gardevoir-jellicent
14,153,p2,1035,gholdengo-lunatone,1453,gholdengo-lunatone
14,154,p1,0173,charizard-pidgeot,0963,gholdengo-lunatone
14,155,tie,1068,dragapult-dusknoir,0031,dragapult-charizard
14,156,tie,0690,charizard-noctowl,0145,greninja-ex
14,157,p2,1227,charizard-noctowl,2176,ceruledge-ex
14,158,p1,1333,dragapult-dusknoir,1195,n-zoroark
14,159,p2,0832,gardevoir-jellicent,1019,gholdengo-lunatone
14,160,p1,2016,charizard-pidgeot,0591,gholdengo-lunatone
14,161,p2,0718,raging-bolt-ogerpon,0646,ceruledge-ex
14,162,p2,1405,n-zoroark,0899,gardevoir-ex-sv
14,163,tie,0293,charizard-noctowl,1719,n-zoroark
14,164,p1,1170,gardevoir-ex-sv,2036,charizard-noctowl
14,165,p2,0642,gholdengo-lunatone,0132,n-zoroark
14,166,p2,0303,dragapult-dusknoir,0839,charizard-pidgeot
14,167,p2,0886,n-zoroark,0066,gholdengo-lunatone
14,168,p1,2071,gardevoir-ex-sv,0077,seaking-pre
14,169,p1,0919,dragapult-dusknoir,0124,gardevoir-ex-sv
14,170,tie,2210,gholdengo-lunatone,1530,grimmsnarl-froslass
14,171,p1,0057,charizard-noctowl,0168,charizard-noctowl
14,172,p2,2111,mega-absol-box,1699,gholdengo-lunatone
14,173,p1,1519,charizard-noctowl,1952,ursaluna-lunatone
14,174,p1,1915,grimmsnarl-froslass,1341,kangaskhan-bouffalant
14,175,p2,1185,cynthia-garchomp-ex,1001,dragapult-dusknoir
14,176,p2,0179,gholdengo-lunatone,1720,n-zoroark
14,177,p2,0508,festival-lead,0255,alakazam-dudunsparce
14,178,p2,0005,gholdengo-lunatone,1214,gardevoir-jellicent
14,179,tie,1760,iron-thorns-crustle,2084,dragapult-dusknoir
14,180,p2,0881,gardevoir-jellicent,0757,n-zoroark
14,181,p1,1494,n-zoroark,1142,gholdengo-lunatone
14,182,p1,1799,dragapult-dusknoir,0068,gardevoir-ex-sv
14,183,p1,1272,gardevoir-jellicent,0373,gholdengo-lunatone
14,184,p2,1628,dragapult-dusknoir,0215,raging-bolt-ogerpon
14,185,p1,1909,dragapult-dusknoir,1893,charizard-noctowl
14,186,p2,0531,gholdengo-lunatone,0694,iron-thorns-crustle
14,187,p1,1377,gholdengo-lunatone,0974,charizard-noctowl
14,188,p1,1435,dragapult-dusknoir,1708,gardevoir-jellicent
14,189,tie,2260,gardevoir-ex-sv,1266,ceruledge-ex
14,190,p2,1474,charizard-pidgeot,0762,dragapult-charizard
14,191,p1,1083,gardevoir-ex-sv,0841,dragapult-dusknoir
14,192,p1,1209,charizard-noctowl,1862,gholdengo-lunatone
14,193,p2,1042,gholdengo-lunatone,1450,alakazam-dudunsparce
14,194,p1,1819,gholdengo-typhlosion,1072,raging-bolt-ogerpon
14,195,p1,0415,joltik-box,0294,gholdengo-lunatone
14,196,p2,0505,dragapult-dusknoir,1288,gholdengo-lunatone
14,197,tie,2209,charizard-noctowl,2233,gardevoir-jellicent
14,198,p1,0890,charizard-pidgeot,0455,gholdengo-joltik-box
14,199,p1,1758,gholdengo-lunatone,0810,gardevoir-jellicent
15,1,p2,0698,dragapult-dusknoir,1892,gholdengo-lunatone
15,2,p1,0233,raging-bolt-ogerpon,1041,grimmsnarl-froslass
15,3,p1,1594,gardevoir-jellicent,1806,grimmsnarl-froslass
15,4,p1,1639,dragapult-dusknoir,0523,gardevoir-ex-sv
15,,bye,0784,dragapult-dusknoir,,
15,,bye,0547,dragapult-dusknoir,,
15,,bye,0868,gardevoir-jellicent,,
15,,bye,1395,dragapult-dusknoir,,
16,1,p1,0784,dragapult-dusknoir,1892,gholdengo-lunatone
16,2,p1,0233,raging-bolt-ogerpon,0547,dragapult-dusknoir
16,3,p2,0868,gardevoir-jellicent,1594,gardevoir-jellicent
16,4,p2,1639,dragapult-dusknoir,1395,dragapult-dusknoir
17,1,p2,0784,dragapult-dusknoir,0233,raging-bolt-ogerpon
17,2,p1,1594,gardevoir-jellicent,1395,dragapult-dusknoir
18,1,p2,0233,raging-bolt-ogerpon,1594,gardevoir-jellicent
