round,table,result,p1_id,p1_archetype_slug,p2_id,p2_archetype_slug
1,1,p1,0001,gardevoir-jellicent,0002,grimmsnarl-froslass
1,2,p2,0003,charizard-noctowl,0004,charizard-noctowl
1,3,p1,0005,gholdengo-lunatone,0006,kangaskhan-bouffalant
1,4,p1,0007,dragapult-dusknoir,0008,mega-absol-box
1,5,p1,0009,gardevoir-jellicent,0010,gardevoir-jellicent
1,6,tie,0011,raging-bolt-ogerpon,0012,gholdengo-joltik-box
1,7,p2,0013,cynthia-garchomp-ex,0014,charizard-noctowl
1,8,tie,0015,dragapult-dusknoir,0016,mega-absol-box
1,9,p1,0017,gardevoir-ex-sv,0018,grimmsnarl-froslass
1,10,p2,0019,raging-bolt-ogerpon,0020,charizard-pidgeot
1,11,tie,0021,pidgeot-control,0022,charizard-noctowl
1,12,p1,0023,dragapult-dusknoir,0024,lopunny-dusknoir
1,13,tie,0025,gardevoir-jellicent,0026,charizard-pidgeot
1,14,p1,0027,grimmsnarl-froslass,0028,alakazam-dudunsparce
1,15,p2,0029,raging-bolt-ogerpon,0030,cynthia-garchomp-ex
1,16,p2,0031,flareon-noctowl,0032,tera-box
1,17,p1,0033,gardevoir-jellicent,0034,tera-box
1,18,p1,0035,dragapult-dusknoir,0036,gardevoir-jellicent
1,19,p1,0037,dragapult-dusknoir,0038,festival-lead
1,20,tie,0039,tyranitar-jtg,0040,n-zoroark
1,21,p1,0041,dragapult-dusknoir,0042,lopunny-dusknoir
1,22,p2,0043,gardevoir-ex-sv,0044,charizard-pidgeot
1,23,tie,0045,ceruledge-ex,0046,gholdengo-lunatone
1,24,tie,0047,dragapult-dusknoir,0048,lopunny-dusknoir
1,25,p2,0049,gholdengo-lunatone,0050,charizard-noctowl
1,26,p2,0051,gardevoir-ex-sv,0052,gholdengo-lunatone
1,27,p2,0053,raging-bolt-ogerpon,0054,dragapult-dusknoir
1,28,tie,0055,n-zoroark,0056,ceruledge-ex
1,29,p1,0057,charizard-noctowl,0058,gholdengo-lunatone
1,30,p2,0059,cynthia-garchomp-ex,0060,dragapult-dusknoir
1,31,tie,0061,n-zoroark,0062,ethan-typhlosion
1,32,p2,0063,charizard-noctowl,0064,dragapult-dusknoir
1,33,p1,0065,dragapult-dusknoir,0066,alakazam-dudunsparce
1,34,p1,0067,greninja-ex,0068,ceruledge-ex
1,35,p1,0069,gholdengo-lunatone,0070,gardevoir-jellicent
1,36,p2,0071,gholdengo-lunatone,0072,charizard-pidgeot
1,37,p1,0073,cynthia-garchomp-ex,0074,iron-hands-magneton
1,38,p1,0075,gholdengo-lunatone,0076,grimmsnarl-froslass
1,39,p1,0077,dragapult-dusknoir,0078,charizard-noctowl
1,40,p1,0079,gardevoir-jellicent,0080,gholdengo-lunatone
1,41,p1,0081,dragapult-dusknoir,0082,raging-bolt-ogerpon
1,42,p2,0083,dragapult-dusknoir,0084,gholdengo-lunatone
1,43,p1,0085,charizard-noctowl,0086,raging-bolt-ex
1,44,tie,0087,alakazam-dudunsparce,0088,gardevoir-jellicent
1,45,p1,0089,dragapult-dusknoir,0090,ceruledge-ex
1,46,p1,0091,dragapult-dusknoir,0092,gholdengo-ex
1,47,p1,0093,mega-absol-box,0094,gholdengo-lunatone
1,48,tie,0095,grimmsnarl-froslass,0096,cynthia-garchomp-ex
1,49,p1,0097,alakazam-dudunsparce,0098,raging-bolt-ogerpon
1,50,p2,0099,dragapult-charizard,0100,gholdengo-lunatone
1,51,p1,0101,gardevoir-jellicent,0102,charizard-pidgeot
1,52,p1,0103,charizard-noctowl,0104,gardevoir-jellicent
1,53,p1,0105,gardevoir-jellicent,0106,alakazam-dudunsparce
1,54,tie,0107,gardevoir-jellicent,0108,gholdengo-lunatone
1,55,p2,0109,ceruledge-ex,0110,greninja-ex
1,56,p1,0111,dragapult-dusknoir,0112,iron-hands-magneton
1,57,tie,0113,charizard-noctowl,0114,gardevoir-jellicent
1,58,p1,0115,grimmsnarl-froslass,0116,charizard-noctowl
1,59,p1,0117,n-zoroark,0118,dragapult-dusknoir
1,60,p2,0119,dragapult-dusknoir,0120,crustle-dri
1,61,p1,0121,kangaskhan-bouffalant,0122,gardevoir-ex-sv
1,62,tie,0123,lucario-hariyama,0124,dragapult-dusknoir
1,63,tie,0125,charizard-pidgeot,0126,raging-bolt-ogerpon
1,64,tie,0127,dragapult-charizard,0128,tera-box
1,65,p1,0129,charizard-noctowl,0130,charizard-pidgeot
1,66,tie,0131,dragapult-dusknoir,0132,raging-bolt-ogerpon
1,67,p1,0133,gholdengo-lunatone,0134,dragapult-dusknoir
1,68,p1,0135,gholdengo-lunatone,0136,joltik-box
1,69,p2,0137,dragapult-dusknoir,0138,iron-hands-magneton
1,70,p2,0139,dragapult-dusknoir,0140,greninja-ex
1,71,p1,0141,charizard-noctowl,0142,charizard-pidgeot
1,72,p2,0143,gardevoir-ex-sv,0144,gardevoir-ex-sv
1,73,p2,0145,gholdengo-lunatone,0146,other
1,74,p2,0147,ceruledge-ex,0148,gholdengo-lunatone
1,75,p1,0149,gholdengo-lunatone,0150,lucario-hariyama
1,76,p2,0151,dragapult-dusknoir,0152,greninja-ex
1,77,p2,0153,charizard-noctowl,0154,dragapult-dusknoir
1,78,tie,0155,charizard-noctowl,0156,raging-bolt-ogerpon
1,79,tie,0157,gholdengo-lunatone,0158,gardevoir-jellicent
1,80,p2,0159,charizard-pidgeot,0160,dragapult-dusknoir
1,81,p1,0161,gholdengo-lunatone,0162,dragapult-dusknoir
1,82,p2,0163,dragapult-dusknoir,0164,gardevoir-jellicent
1,83,p1,0165,grimmsnarl-froslass,0166,lopunny-dusknoir
1,84,p1,0167,dragapult-dusknoir,0168,gholdengo-lunatone
1,85,p2,0169,raging-bolt-ogerpon,0170,gardevoir-ex-sv
1,86,p2,0171,gardevoir-ex-sv,0172,dragapult-dusknoir
1,87,p2,0173,raging-bolt-ogerpon,0174,toxtricity-pfl
1,88,p2,0175,reging-bolt-bellibolt,0176,charizard-dragapult
1,89,tie,0177,charizard-noctowl,0178,dragapult-charizard
1,90,p2,0179,dragapult-dusknoir,0180,gholdengo-ex
1,91,tie,0181,charizard-pidgeot,0182,gardevoir-ex-sv
1,92,p2,0183,mega-absol-box,0184,dragapult-dusknoir
1,93,tie,0185,dragapult-dusknoir,0186,raging-bolt-ogerpon
1,94,p1,0187,charizard-noctowl,0188,charizard-pidgeot
1,95,p2,0189,raging-bolt-ogerpon,0190,joltik-box
1,96,p2,0191,dragapult-dusknoir,0192,mega-absol-box
1,97,p1,0193,slaking-ex,0194,tera-box
1,98,p1,0195,charizard-noctowl,0196,gardevoir-jellicent
1,99,p2,0197,raging-bolt-ogerpon,0198,gholdengo-lunatone
1,100,p2,0199,raging-bolt-ogerpon,0200,dragapult-dusknoir
1,101,p2,0201,gholdengo-lunatone,0202,mega-venusaur-ex
1,102,p1,0203,lucario-hariyama,0204,charizard-noctowl
1,103,tie,0205,manectric-eelektrik,0206,gardevoir-jellicent
1,104,p2,0207,gardevoir-jellicent,0208,charizard-noctowl
1,105,p1,0209,dragapult-dusknoir,0210,tera-box
1,106,p2,0211,gholdengo-lunatone,0212,dragapult-dusknoir
1,107,p2,0213,lopunny-dusknoir,0214,gardevoir-ex-sv
1,108,p1,0215,charizard-pidgeot,0216,iron-hands-magneton
1,109,p2,0217,gardevoir-jellicent,0218,gardevoir-ex-sv
1,110,tie,0219,gholdengo-lunatone,0220,n-zoroark
1,111,p2,0221,dragapult-charizard,0222,charizard-noctowl
1,112,p2,0223,dragapult-dusknoir,0224,dragapult-dusknoir
1,113,p1,0225,gholdengo-lunatone,0226,gholdengo-ex
1,114,p1,0227,dragapult-dusknoir,0228,charizard-pidgeot
1,115,p1,0229,charizard-pidgeot,0230,ceruledge-ex
1,116,tie,0231,charizard-pidgeot,0232,dragapult-charizard
1,117,p1,0233,gardevoir-jellicent,0234,gholdengo-ex
1,118,tie,0235,charizard-noctowl,0236,joltik-box
1,119,tie,0237,ceruledge-ex,0238,joltik-box
1,120,p1,0239,dragapult-charizard,0240,charizard-pidgeot
1,121,tie,0241,n-zoroark,0242,joltik-box
1,122,p2,0243,gholdengo-lunatone,0244,gardevoir-jellicent
1,123,p2,0245,conkeldurr-twm,0246,gardevoir-jellicent
1,124,p1,0247,seaking-pre,0248,charizard-pidgeot
1,125,p1,0249,dragapult-dusknoir,0250,dragapult-dusknoir
1,126,p2,0251,greninja-ex,0252,tera-box
1,127,p2,0253,mega-absol-box,0254,ethan-typhlosion
1,128,p1,0255,gholdengo-lunatone,0256,dragapult-charizard
1,129,tie,0257,gardevoir-jellicent,0258,charizard-noctowl
1,130,p1,0259,gholdengo-lunatone,0260,dragapult-dusknoir
1,131,p2,0261,raging-bolt-ogerpon,0262,dragapult-dusknoir
1,132,tie,0263,gardevoir-jellicent,0264,grimmsnarl-froslass
1,133,p1,0265,gardevoir-jellicent,0266,gholdengo-lunatone
1,134,p2,0267,dragapult-dusknoir,0268,charizard-noctowl
1,135,p2,0269,charizard-noctowl,0270,charizard-noctowl
1,136,p2,0271,ethan-typhlosion,0272,dragapult-dusknoir
1,137,tie,0273,gholdengo-lunatone,0274,gardevoir-ex-sv
1,138,p2,0275,dragapult-charizard,0276,raging-bolt-ogerpon
1,139,p2,0277,festival-lead,0278,gardevoir-jellicent
1,140,p1,0279,toedscruel-ex,0280,gardevoir-jellicent
1,141,p2,0281,mega-absol-box,0282,gholdengo-lunatone
1,142,tie,0283,charizard-noctowl,0284,joltik-box
1,143,p1,0285,raging-bolt-ogerpon,0286,dragapult-charizard
1,144,tie,0287,charizard-noctowl,0288,n-zoroark
1,145,p1,0289,dragapult-dusknoir,0290,sharpedo-toxtricity
1,146,p2,0291,grimmsnarl-froslass,0292,joltik-box
1,147,p2,0293,charizard-noctowl,0294,raging-bolt-ogerpon
1,148,p2,0295,dragapult-dusknoir,0296,gholdengo-lunatone
1,149,p2,0297,dragapult-dusknoir,0298,charizard-noctowl
1,150,p1,0299,dragapult-dusknoir,0300,mega-venusaur-ex
1,151,p1,0301,grimmsnarl-froslass,0302,gardevoir-jellicent
1,152,p2,0303,mega-sharpedo-ex,0304,gholdengo-lunatone
1,153,p2,0305,miraidon-ex,0306,?
1,154,p1,0307,pidgeot-control,0308,raging-bolt-ogerpon
1,155,tie,0309,raging-bolt-ogerpon,0310,gholdengo-lunatone
1,156,p1,0311,gholdengo-lunatone,0312,sharpedo-toxtricity
1,157,tie,0313,lopunny-dusknoir,0314,cynthia-garchomp-ex
1,158,p2,0315,n-zoroark,0316,mega-camerupt-ex
1,159,p1,0317,gholdengo-lunatone,0318,ethan-typhlosion
1,160,p2,0319,kangaskhan-bouffalant,0320,dragapult-dusknoir
1,161,p2,0321,cynthia-garchomp-ex,0322,dragapult-dusknoir
1,162,p1,0323,charizard-noctowl,0324,gardevoir-jellicent
1,163,p1,0325,tera-box,0326,dragapult-dusknoir
1,164,p1,0327,dragapult-dusknoir,0328,dragapult-dusknoir
1,165,tie,0329,dragapult-charizard,0330,dragapult-dusknoir
1,166,p2,0331,toxtricity-pfl,0332,charizard-pidgeot
1,167,tie,0333,raging-bolt-ogerpon,0334,dragapult-charizard
1,168,p2,0335,dragapult-dusknoir,0336,gholdengo-lunatone
1,169,p1,0337,gardevoir-jellicent,0338,mega-absol-box
1,170,p1,0339,gardevoir-ex-sv,0340,gholdengo-lunatone
1,171,p2,0341,slowking-scr,0342,gardevoir-ex-sv
1,172,p1,0343,mega-venusaur-ex,0344,festival-lead
1,173,tie,0345,gardevoir-ex-sv,0346,gardevoir-ex-sv
1,174,p1,0347,alakazam-dudunsparce,0348,ceruledge-ex
1,175,p1,0349,gardevoir-ex-sv,0350,n-zoroark
1,176,p2,0351,alakazam-dudunsparce,0352,gardevoir-ex-sv
1,177,p1,0353,gardevoir-ex-sv,0354,dragapult-ex
1,178,p2,0355,gholdengo-lunatone,0356,grimmsnarl-froslass
1,179,tie,0357,gardevoir-jellicent,0358,ethan-typhlosion
1,180,tie,0359,charizard-pidgeot,0360,charizard-noctowl
1,181,tie,0361,dragapult-dusknoir,0362,mega-absol-box
1,182,p1,0363,gholdengo-lunatone,0364,flareon-noctowl
1,183,p1,0365,charizard-pidgeot,0366,greninja-ex
1,184,p2,0367,gardevoir-jellicent,0368,dragapult-dusknoir
1,185,p2,0369,charizard-noctowl,0370,mega-absol-box
1,186,p1,0371,gholdengo-lunatone,0372,charizard-pidgeot
1,187,p1,0373,tera-box,0374,gholdengo-lunatone
1,188,p2,0375,dragapult-dusknoir,0376,ceruledge-ex
1,189,p2,0377,iron-thorns-ex,0378,raging-bolt-ogerpon
1,190,p2,0379,gardevoir-jellicent,0380,pidgeot-control
1,191,p1,0381,gholdengo-lunatone,0382,dragapult-dusknoir
1,192,tie,0383,n-zoroark,0384,gardevoir-jellicent
1,193,p2,0385,gholdengo-lunatone,0386,gardevoir-ex-sv
1,194,p2,0387,alakazam-dudunsparce,0388,charizard-noctowl
1,195,p2,0389,gardevoir-ex-sv,0390,dragapult-dusknoir
1,196,p1,0391,dragapult-dusknoir,0392,alakazam-dudunsparce
1,197,p1,0393,charizard-noctowl,0394,gardevoir-jellicent
1,198,p1,0395,raging-bolt-ogerpon,0396,charizard-noctowl
1,199,p1,0397,charizard-noctowl,0398,ceruledge-ex
1,200,p2,0399,dragapult-dusknoir,0400,dragapult-dusknoir
1,201,p1,0401,iron-hands-magneton,0402,other
1,202,p2,0403,gholdengo-lunatone,0404,dragapult-charizard
1,203,p1,0405,raging-bolt-ogerpon,0406,rocket-mewtwo-ex
1,204,tie,0407,ursaluna-lunatone,0408,dragapult-dusknoir
1,205,tie,0409,lucario-hariyama,0410,conkeldurr-twm
1,206,p2,0411,n-zoroark,0412,dragapult-dusknoir
1,207,p1,0413,dragapult-dusknoir,0414,raging-bolt-ogerpon
1,208,p1,0415,charizard-pidgeot,0416,gardevoir-jellicent
1,209,p2,0417,raging-bolt-ogerpon,0418,dragapult-charizard
1,210,tie,0419,gholdengo-lunatone,0420,ceruledge-ex
1,211,p1,0421,raging-bolt-ogerpon,0422,dragapult-dusknoir
1,212,p2,0423,sharpedo-toxtricity,0424,gholdengo-ex
1,213,p1,0425,gholdengo-lunatone,0426,gholdengo-lunatone
1,214,p1,0427,gholdengo-lunatone,0428,dragapult-dusknoir
1,215,p2,0429,alakazam-dudunsparce,0430,dragapult-dusknoir
1,216,tie,0431,charizard-pidgeot,0432,dragapult-dusknoir
1,217,tie,0433,gholdengo-lunatone,0434,dragapult-dusknoir
1,218,tie,0435,charizard-pidgeot,0436,gholdengo-lunatone
1,219,tie,0437,gardevoir-ex-sv,0438,charizard-pidgeot
1,220,p2,0439,mega-absol-box,0440,gholdengo-lunatone
1,221,p2,0441,ceruledge-ex,0442,charizard-noctowl
1,222,p1,0443,greninja-ex,0444,dragapult-dusknoir
1,223,p1,0445,dragapult-dusknoir,0446,gholdengo-lunatone
1,224,p2,0447,mega-absol-box,0448,ceruledge-ex
1,225,p2,0449,dragapult-dusknoir,0450,dragapult-dusknoir
1,226,p2,0451,gholdengo-joltik-box,0452,gardevoir-ex-sv
1,227,p2,0453,grimmsnarl-froslass,0454,lopunny-dusknoir
1,228,p2,0455,gardevoir-ex-sv,0456,gholdengo-lunatone
1,229,p1,0457,crustle-dri,0458,gardevoir-jellicent
1,230,tie,0459,dragapult-charizard,0460,mega-venusaur-ex
1,231,tie,0461,gardevoir-jellicent,0462,dragapult-dusknoir
1,232,p2,0463,raging-bolt-ogerpon,0464,grimmsnarl-froslass
1,233,p1,0465,charizard-noctowl,0466,ogerpon-meganium
1,234,p1,0467,ethan-typhlosion,0468,gholdengo-lunatone
1,235,p1,0469,dragapult-dusknoir,0470,gardevoir-jellicent
1,236,p2,0471,?,0472,kangaskhan-bouffalant
1,237,tie,0473,n-zoroark,0474,lopunny-dusknoir
1,238,p1,0475,dragapult-dusknoir,0476,mega-venusaur-ex
1,239,tie,0477,mega-absol-box,0478,ceruledge-ex
1,240,p2,0479,charizard-noctowl,0480,dragapult-charizard
1,241,tie,0481,gardevoir-ex-sv,0482,charizard-noctowl
1,242,tie,0483,gardevoir-ex-sv,0484,gardevoir-ex-sv
1,243,tie,0485,greninja-ex,0486,charizard-pidgeot
1,244,tie,0487,gholdengo-lunatone,0488,alakazam-dudunsparce
1,245,tie,0489,gardevoir-jellicent,0490,tinkaton-ex
1,246,tie,0491,gardevoir-jellicent,0492,dragapult-dusknoir
1,247,p2,0493,tera-box,0494,charizard-noctowl
1,248,tie,0495,dragapult-dusknoir,0496,mega-venusaur-ex
1,249,p1,0497,kangaskhan-bouffalant,0498,tera-box
1,250,p1,0499,grimmsnarl-froslass,0500,other
1,251,p2,0501,dragapult-dusknoir,0502,dragapult-dusknoir
1,252,tie,0503,gholdengo-lunatone,0504,hydreigon-ex
1,253,tie,0505,charizard-noctowl,0506,gardevoir-jellicent
1,254,p2,0507,lopunny-dusknoir,0508,charizard-noctowl
1,255,p1,0509,dragapult-dusknoir,0510,dragapult-charizard
1,256,tie,0511,dragapult-dusknoir,0512,gholdengo-lunatone
1,257,tie,0513,dragapult-dusknoir,0514,hydrapple-ogerpon
1,258,p1,0515,ceruledge-ex,0516,grimmsnarl-froslass
1,259,tie,0517,gholdengo-lunatone,0518,raging-bolt-ogerpon
1,260,tie,0519,charizard-pidgeot,0520,lucario-hariyama
1,261,p1,0521,dragapult-dusknoir,0522,dragapult-charizard
1,262,tie,0523,charizard-noctowl,0524,gardevoir-ex-sv
1,263,tie,0525,grimmsnarl-froslass,0526,gardevoir-jellicent
1,264,tie,0527,raging-bolt-ogerpon,0528,greninja-ex
1,265,p2,0529,gholdengo-lunatone,0530,charizard-noctowl
1,266,p1,0531,charizard-noctowl,0532,dragapult-dusknoir
1,267,p1,0533,gholdengo-lunatone,0534,gholdengo-lunatone
1,268,p1,0535,gholdengo-lunatone,0536,alakazam-dudunsparce
1,269,p1,0537,greninja-ex,0538,charizard-pidgeot
1,270,p1,0539,gholdengo-lunatone,0540,mega-absol-box
1,271,p1,0541,gardevoir-ex-sv,0542,joltik-box
1,272,p2,0543,gholdengo-lunatone,0544,gardevoir-jellicent
1,273,p2,0545,dragapult-dusknoir,0546,grimmsnarl-froslass
1,274,tie,0547,n-zoroark,0548,ho-oh-armarouge
1,275,p2,0549,slowking-scr,0550,alakazam-dudunsparce
1,276,p1,0551,?,0552,gholdengo-lunatone
1,277,p1,0553,charizard-noctowl,0554,flareon-noctowl
1,278,p2,0555,n-zoroark,0556,flareon-noctowl
1,279,tie,0557,flareon-noctowl,0558,charizard-pidgeot
1,280,p1,0559,gholdengo-lunatone,0560,gardevoir-jellicent
1,281,p2,0561,iron-hands-magneton,0562,kangaskhan-bouffalant
1,282,p1,0563,dragapult-ex,0564,forretress-ex
1,283,p2,0565,grimmsnarl-froslass,0566,raging-bolt-ogerpon
1,284,p2,0567,gardevoir-jellicent,0568,kangaskhan-bouffalant
1,285,p1,0569,charizard-noctowl,0570,charizard-noctowl
1,286,p1,0571,charizard-noctowl,0572,dragapult-charizard
1,287,p1,0573,gardevoir-jellicent,0574,alakazam-dudunsparce
1,288,p2,0575,charizard-pidgeot,0576,dragapult-charizard
1,289,tie,0577,grimmsnarl-froslass,0578,tera-box
1,290,tie,0579,raging-bolt-ogerpon,0580,grimmsnarl-froslass
1,291,p2,0581,gardevoir-ex-sv,0582,charizard-noctowl
1,292,p2,0583,dragapult-dusknoir,0584,gardevoir-ex-sv
1,293,p2,0585,?,0586,dragapult-charizard
1,294,p1,0587,tera-box,0588,charizard-noctowl
1,295,p1,0589,n-zoroark,0590,charizard-ex
1,296,tie,0591,raging-bolt-ogerpon,0592,gardevoir-jellicent
1,297,p2,0593,raging-bolt-ogerpon,0594,gholdengo-lunatone
1,298,p1,0595,charizard-pidgeot,0596,gholdengo-lunatone
1,299,p2,0597,charizard-noctowl,0598,ceruledge-ex
1,300,p2,0599,charizard-pidgeot,0600,grimmsnarl-froslass
1,301,p2,0601,dragapult-dusknoir,0602,gholdengo-lunatone
1,302,p2,0603,lucario-hariyama,0604,gardevoir-ex-sv
1,303,p2,0605,dragapult-dusknoir,0606,sharpedo-toxtricity
1,304,p1,0607,dragapult-dusknoir,0608,n-zoroark
1,305,p2,0609,dragapult-dusknoir,0610,archaludon-ex
1,306,p1,0611,gholdengo-lunatone,0612,dragapult-dusknoir
1,307,p2,0613,n-zoroark,0614,gholdengo-lunatone
1,308,p2,0615,dragapult-dusknoir,0616,dragapult-dusknoir
1,309,p1,0617,raging-bolt-ogerpon,0618,greninja-ex
1,310,tie,0619,charizard-noctowl,0620,charizard-noctowl
1,311,p1,0621,grimmsnarl-froslass,0622,gardevoir-jellicent
1,312,p1,0623,gholdengo-lunatone,0624,dragapult-dusknoir
1,313,tie,0625,n-zoroark,0626,dragapult-charizard
1,314,p1,0627,alakazam-dudunsparce,0628,gholdengo-lunatone
1,315,p1,0629,dragapult-dusknoir,0630,gardevoir-jellicent
1,316,p2,0631,gardevoir-ex-sv,0632,alakazam-dudunsparce
1,317,p1,0633,raging-bolt-ogerpon,0634,mega-absol-box
1,318,p1,0635,dragapult-dusknoir,0636,dragapult-dusknoir
1,319,p2,0637,gholdengo-joltik-box,0638,charizard-noctowl
1,320,p1,0639,charizard-pidgeot,0640,dragapult-dusknoir
1,321,p2,0641,gholdengo-joltik-box,0642,charizard-noctowl
1,322,p1,0643,dragapult-dusknoir,0644,gardevoir-jellicent
1,323,p2,0645,dragapult-dusknoir,0646,lucario-hariyama
1,324,p2,0647,dragapult-dusknoir,0648,hydrapple-ogerpon
1,325,p1,0649,dragapult-dusknoir,0650,dragapult-dusknoir
1,326,p2,0651,charizard-noctowl,0652,dragapult-charizard
1,327,p1,0653,gholdengo-joltik-box,0654,gholdengo-lunatone
1,328,p2,0655,other,0656,gardevoir-jellicent
1,329,p1,0657,charizard-noctowl,0658,gholdengo-lunatone
1,330,p2,0659,cynthia-garchomp-ex,0660,grimmsnarl-froslass
1,331,tie,0661,dragapult-charizard,0662,mega-venusaur-ex
1,332,p1,0663,gholdengo-lunatone,0664,dragapult-dusknoir
1,333,tie,0665,raging-bolt-ogerpon,0666,gardevoir-jellicent
1,334,p2,0667,mega-absol-box,0668,flareon-noctowl
1,335,p2,0669,?alakazam,0670,dragapult-dusknoir
1,336,tie,0671,charizard-pidgeot,0672,charizard-noctowl
1,337,p1,0673,gardevoir-jellicent,0674,cynthia-garchomp-ex
1,338,p2,0675,gholdengo-lunatone,0676,joltik-box
1,339,p1,0677,charizard-noctowl,0678,raging-bolt-ogerpon
1,340,p2,0679,tera-box,0680,gholdengo-lunatone
1,341,p1,0681,gholdengo-ex,0682,dragapult-dusknoir
1,342,tie,0683,gholdengo-lunatone,0684,charizard-pidgeot
1,343,p1,0685,dragapult-dusknoir,0686,gardevoir-jellicent
1,344,p2,0687,raging-bolt-ogerpon,0688,dragapult-dusknoir
1,345,p2,0689,ethan-typhlosion,0690,flareon-noctowl
1,346,p2,0691,gholdengo-lunatone,0692,gholdengo-lunatone
1,347,p1,0693,charizard-noctowl,0694,joltik-box
1,348,p2,0695,cynthia-garchomp-ex,0696,dragapult-dusknoir
1,349,p1,0697,dragapult-dusknoir,0698,mega-absol-box
1,350,p2,0699,other,0700,gardevoir-jellicent
1,351,p2,0701,gholdengo-lunatone,0702,dragapult-charizard
1,352,tie,0703,hydrapple-ogerpon,0704,gholdengo-lunatone
1,353,p2,0705,n-zoroark,0706,grimmsnarl-froslass
1,354,p2,0707,dragapult-dusknoir,0708,gardevoir-ex-sv
1,355,p2,0709,gholdengo-lunatone,0710,gholdengo-lunatone
1,356,tie,0711,dragapult-dusknoir,0712,ceruledge-ex
1,357,p2,0713,gholdengo-lunatone,0714,raging-bolt-ogerpon
1,358,p2,0715,dragapult-dusknoir,0716,raging-bolt-ogerpon
1,359,p2,0717,dragapult-dusknoir,0718,gholdengo-lunatone
1,360,p1,0719,raging-bolt-ogerpon,0720,greninja-ex
1,361,p1,0721,dragapult-dusknoir,0722,dragapult-dusknoir
1,362,p2,0723,gholdengo-lunatone,0724,iron-hands-magneton
1,363,tie,0725,dragapult-dusknoir,0726,dragapult-dusknoir
1,364,p2,0727,flareon-noctowl,0728,dragapult-dusknoir
1,365,p2,0729,gardevoir-jellicent,0730,gardevoir-jellicent
1,366,p2,0731,charizard-pidgeot,0732,n-zoroark
1,367,p1,0733,dragapult-dusknoir,0734,ceruledge-ex
1,368,tie,0735,gholdengo-lunatone,0736,charizard-noctowl
1,369,p1,0737,charizard-noctowl,0738,dragapult-dusknoir
1,370,p2,0739,okidogi-ex,0740,gholdengo-lunatone
1,371,p2,0741,gholdengo-lunatone,0742,gardevoir-jellicent
1,372,p2,0743,gholdengo-lunatone,0744,iron-hands-magneton
1,373,p1,0745,hydrapple-ex,0746,charizard-noctowl
1,374,p2,0747,n-zoroark,0748,grimmsnarl-froslass
1,375,tie,0749,dragapult-dusknoir,0750,ceruledge-ex
1,376,p1,0751,grimmsnarl-froslass,0752,alakazam-dudunsparce
1,377,p2,0753,dragapult-dusknoir,0754,dragapult-charizard
1,378,p2,0755,joltik-box,0756,gholdengo-lunatone
1,379,tie,0757,mega-absol-box,0758,dragapult-dusknoir
1,380,p1,0759,gardevoir-jellicent,0760,kangaskhan-bouffalant
1,381,tie,0761,dragapult-dusknoir,0762,mega-absol-box
1,382,p2,0763,charizard-noctowl,0764,gholdengo-lunatone
1,383,p2,0765,alakazam-dudunsparce,0766,greninja-ex
1,384,p2,0767,n-zoroark,0768,dragapult-charizard
1,385,p1,0769,ursaluna-lunatone,0770,dragapult-dusknoir
1,386,tie,0771,dragapult-charizard,0772,gholdengo-lunatone
1,387,p2,0773,grimmsnarl-froslass,0774,dragapult-dusknoir
1,388,p1,0775,gholdengo-lunatone,0776,mega-absol-box
1,389,p2,0777,gholdengo-lunatone,0778,gardevoir-jellicent
1,390,tie,0779,gardevoir-ex-sv,0780,gholdengo-lunatone
1,391,p2,0781,flareon-noctowl,0782,gholdengo-lunatone
1,392,p2,0783,mega-venusaur-ex,0784,charizard-noctowl
1,393,p1,0785,dragapult-charizard,0786,charizard-noctowl
1,394,tie,0787,charizard-noctowl,0788,flareon-noctowl
1,395,p1,0789,gardevoir-ex-sv,0790,gardevoir-jellicent
1,396,p2,0791,mega-absol-box,0792,gardevoir-jellicent
1,397,p1,0793,gholdengo-lunatone,0794,gardevoir-jellicent
1,398,p2,0795,gholdengo-lunatone,0796,raging-bolt-ogerpon
1,399,p2,0797,dragapult-dusknoir,0798,charizard-noctowl
1,400,p2,0799,dragapult-dusknoir,0800,gholdengo-lunatone
1,401,tie,0801,charizard-noctowl,0802,raging-bolt-ogerpon
1,402,p2,0803,gholdengo-lunatone,0804,gardevoir-jellicent
1,403,p2,0805,gholdengo-lunatone,0806,gardevoir-ex-sv
1,404,tie,0807,gardevoir-jellicent,0808,raging-bolt-ogerpon
1,405,tie,0809,gholdengo-lunatone,0810,gardevoir-jellicent
1,406,p1,0811,mega-venusaur-ex,0812,n-zoroark
1,407,p1,0813,dragapult-dusknoir,0814,flareon-noctowl
1,408,p2,0815,gholdengo-lunatone,0816,gholdengo-lunatone
1,409,p2,0817,gholdengo-dragapult,0818,charizard-noctowl
1,410,p1,0819,charizard-noctowl,0820,n-zoroark
1,411,p2,0821,dragapult-dusknoir,0822,charizard-pidgeot
1,412,tie,0823,kangaskhan-bouffalant,0824,cynthia-garchomp-ex
1,413,p2,0825,ursaluna-lunatone,0826,dragapult-dusknoir
1,414,p2,0827,joltik-box,0828,gardevoir-ex-sv
1,415,p1,0829,gardevoir-ex-sv,0830,dragapult-dusknoir
1,416,p1,0831,mega-absol-box,0832,gardevoir-jellicent
1,417,tie,0833,gardevoir-ex-sv,0834,gholdengo-joltik-box
1,418,p1,0835,iron-hands-magneton,0836,gardevoir-jellicent
1,419,tie,0837,charizard-noctowl,0838,gardevoir-ex-sv
1,420,p2,0839,dragapult-dusknoir,0840,dragapult-dusknoir
1,421,p2,0841,charizard-ex,0842,gholdengo-lunatone
1,422,p2,0843,gholdengo-lunatone,0844,raging-bolt-ogerpon
1,423,p1,0845,raging-bolt-ogerpon,0846,raging-bolt-ogerpon
1,424,p1,0847,conkeldurr-twm,0848,hydrapple-ogerpon
1,425,tie,0849,gardevoir-jellicent,0850,charizard-ex
1,426,p2,0851,dragapult-dusknoir,0852,gholdengo-ex
1,427,p2,0853,gardevoir-jellicent,0854,charizard-noctowl
1,428,p1,0855,gardevoir-jellicent,0856,ceruledge-ex
1,429,p2,0857,dragapult-dusknoir,0858,?
1,430,p2,0859,dragapult-dusknoir,0860,dragapult-dusknoir
1,431,p2,0861,miraidon-eelektrik,0862,greninja-ex
1,432,tie,0863,gholdengo-lunatone,0864,mega-venusaur-ex
1,433,p2,0865,gholdengo-lunatone,0866,tera-box
1,434,tie,0867,charizard-noctowl,0868,gardevoir-jellicent
1,435,p2,0869,raging-bolt-ogerpon,0870,dragapult-dusknoir
1,436,tie,0871,grimmsnarl-froslass,0872,dragapult-dusknoir
1,437,tie,0873,gholdengo-lunatone,0874,gholdengo-lunatone
1,438,p2,0875,dragapult-dusknoir,0876,gholdengo-lunatone
1,439,p1,0877,gardevoir-jellicent,0878,grimmsnarl-froslass
1,440,p1,0879,mega-absol-box,0880,charizard-pidgeot
1,441,p2,0881,dragapult-dusknoir,0882,mega-absol-box
1,442,p2,0883,charizard-noctowl,0884,crustle-dri
1,443,p2,0885,ceruledge-ex,0886,gardevoir-ex-sv
1,444,p1,0887,gardevoir-jellicent,0888,gholdengo-lunatone
1,445,p1,0889,mega-absol-box,0890,dragapult-dusknoir
1,446,p1,0891,gholdengo-lunatone,0892,gardevoir-jellicent
1,447,p1,0893,charizard-noctowl,0894,dragapult-dusknoir
1,448,p2,0895,gardevoir-jellicent,0896,dragapult-dusknoir
1,449,p2,0897,gholdengo-lunatone,0898,charizard-noctowl
1,450,p2,0899,charizard-noctowl,0900,dragapult-blaziken
1,451,p2,0901,alakazam-dudunsparce,0902,hydrapple-ogerpon
1,452,p1,0903,charizard-pidgeot,0904,raging-bolt-ogerpon
1,453,p1,0905,dragapult-charizard,0906,charizard-pidgeot
1,454,p1,0907,terapagos-noctowl,0908,joltik-box
1,455,tie,0909,gholdengo-lunatone,0910,dragapult-charizard
1,456,p1,0911,gholdengo-lunatone,0912,charizard-noctowl
1,457,p1,0913,raging-bolt-ogerpon,0914,gholdengo-lunatone
1,458,p1,0915,gholdengo-lunatone,0916,charizard-noctowl
1,459,p1,0917,dragapult-dusknoir,0918,gholdengo-lunatone
1,460,p1,0919,rocket-mewtwo-ex,0920,dragapult-dusknoir
1,461,tie,0921,gardevoir-ex-sv,0922,okidogi-ex
1,462,tie,0923,dragapult-dusknoir,0924,gholdengo-lunatone
1,463,tie,0925,yanmega-ex,0926,dragapult-dusknoir
1,464,tie,0927,gholdengo-lunatone,0928,charizard-pidgeot
1,465,p2,0929,dragapult-dusknoir,0930,charizard-noctowl
1,466,p2,0931,charizard-noctowl,0932,alakazam-dudunsparce
1,467,tie,0933,iron-thorns-crustle,0934,raging-bolt-ogerpon
1,468,p1,0935,gardevoir-jellicent,0936,gholdengo-lunatone
1,469,tie,0937,gardevoir-jellicent,0938,gardevoir-jellicent
1,470,tie,0939,gardevoir-jellicent,0940,gholdengo-lunatone
1,471,p1,0941,slaking-ex,0942,gardevoir-ex-sv
1,472,p2,0943,dragapult-dusknoir,0944,mega-absol-box
1,473,p2,0945,dragapult-dusknoir,0946,cynthia-garchomp-ex
1,474,p2,0947,kangaskhan-bouffalant,0948,gardevoir-jellicent
1,475,p2,0949,raging-bolt-ogerpon,0950,dragapult-dusknoir
1,476,p1,0951,crustle-dri,0952,gardevoir-ex-sv
1,477,p2,0953,other,0954,gardevoir-ex-sv
1,478,p1,0955,dragapult-dusknoir,0956,mega-absol-box
1,479,p1,0957,charizard-noctowl,0958,charizard-noctowl
1,480,p2,0959,n-zoroark,0960,joltik-box
1,481,p1,0961,dragapult-dusknoir,0962,charizard-pidgeot
1,482,p1,0963,gardevoir-jellicent,0964,gardevoir-jellicent
1,483,p2,0965,raging-bolt-ogerpon,0966,grimmsnarl-froslass
1,484,tie,0967,lucario-hariyama,0968,charizard-pidgeot
1,485,p1,0969,raging-bolt-ogerpon,0970,gardevoir-jellicent
1,486,tie,0971,gholdengo-lunatone,0972,dragapult-dusknoir
1,487,p1,0973,dragapult-charizard,0974,flareon-noctowl
1,488,p1,0975,gardevoir-jellicent,0976,gholdengo-lunatone
1,489,tie,0977,mega-absol-box,0978,gholdengo-lunatone
1,490,p1,0979,gardevoir-ex-sv,0980,gardevoir-ex-sv
1,491,p2,0981,mega-venusaur-ex,0982,dragapult-dusknoir
1,492,p1,0983,charizard-noctowl,0984,dragapult-dusknoir
1,493,p1,0985,gardevoir-ex-sv,0986,alakazam-dudunsparce
1,494,p1,0987,mega-absol-box,0988,mega-venusaur-ex
1,495,p1,0989,joltik-box,0990,dragapult-charizard
1,496,tie,0991,mega-absol-box,0992,charizard-pidgeot
1,497,p1,0993,flareon-noctowl,0994,ceruledge-ex
1,498,p1,0995,gholdengo-lunatone,0996,gardevoir-jellicent
1,499,p1,0997,charizard-noctowl,0998,dragapult-dusknoir
1,500,tie,0999,mega-venusaur-ex,1000,charizard-noctowl
1,501,p2,1001,ceruledge-ex,1002,gardevoir-ex-sv
1,502,p2,1003,raging-bolt-ogerpon,1004,gardevoir-jellicent
1,503,p1,1005,gardevoir-jellicent,1006,dragapult-dusknoir
1,504,p1,1007,lopunny-dusknoir,1008,dragapult-dusknoir
1,505,p2,1009,raging-bolt-ogerpon,1010,charizard-pidgeot
1,506,p2,1011,lopunny-dusknoir,1012,gardevoir-jellicent
1,507,p2,1013,dragapult-dusknoir,1014,mega-absol-box
1,508,p1,1015,n-zoroark,1016,scovillain-ex
1,509,p2,1017,n-zoroark,1018,charizard-noctowl
1,510,p1,1019,dragapult-dusknoir,1020,iron-hands-magneton
1,511,tie,1021,archaludon-ex,1022,gardevoir-jellicent
1,512,p1,1023,ho-oh-armarouge,1024,dragapult-dusknoir
1,513,p1,1025,charizard-pidgeot,1026,flareon-noctowl
1,514,p2,1027,raging-bolt-ogerpon,1028,gholdengo-lunatone
1,515,p1,1029,gholdengo-lunatone,1030,dragapult-dusknoir
1,516,p2,1031,gholdengo-lunatone,1032,gholdengo-lunatone
1,517,p1,1033,charizard-pidgeot,1034,raging-bolt-ogerpon
1,518,tie,1035,charizard-pidgeot,1036,gholdengo-lunatone
1,519,p2,1037,gardevoir-jellicent,1038,gardevoir-jellicent
1,520,p2,1039,gholdengo-joltik-box,1040,gholdengo-lunatone
1,521,p1,1041,gholdengo-lunatone,1042,ethan-typhlosion
1,522,tie,1043,charizard-noctowl,1044,charizard-pidgeot
1,523,p1,1045,dragapult-dusknoir,1046,lucario-hariyama
1,524,p1,1047,gholdengo-lunatone,1048,charizard-noctowl
1,525,p1,1049,dragapult-dusknoir,1050,gholdengo-lunatone
1,526,p1,1051,gholdengo-lunatone,1052,hop-zacian
1,527,p2,1053,charizard-noctowl,1054,gholdengo-lunatone
1,528,tie,1055,gardevoir-jellicent,1056,cynthia-garchomp-ex
1,529,p1,1057,flareon-noctowl,1058,dragapult-dusknoir
1,530,tie,1059,ethan-typhlosion,1060,gholdengo-lunatone
1,531,p1,1061,dragapult-dusknoir,1062,charizard-noctowl
1,532,p2,1063,gardevoir-jellicent,1064,gholdengo-lunatone
1,533,p1,1065,gardevoir-jellicent,1066,dragapult-charizard
1,534,tie,1067,raging-bolt-ogerpon,1068,lopunny-dusknoir
1,535,p2,1069,charizard-noctowl,1070,dragapult-dusknoir
1,536,tie,1071,alakazam-dudunsparce,1072,grimmsnarl-froslass
1,537,p1,1073,charizard-noctowl,1074,gholdengo-joltik-box
1,538,p1,1075,gholdengo-lunatone,1076,gardevoir-ex-sv
1,539,p2,1077,grimmsnarl-froslass,1078,mega-absol-box
1,540,p2,1079,dragapult-dusknoir,1080,sharpedo-toxtricity
1,541,p2,1081,gholdengo-dragapult,1082,raging-bolt-ogerpon
1,542,p2,1083,gardevoir-jellicent,1084,gholdengo-lunatone
1,543,p1,1085,gholdengo-lunatone,1086,mega-absol-box
1,544,p1,1087,cynthia-garchomp-ex,1088,gardevoir-ex-sv
1,545,tie,1089,charizard-pidgeot,1090,ceruledge-ex
1,546,p2,1091,grimmsnarl-froslass,1092,gholdengo-lunatone
1,547,p1,1093,dragapult-dusknoir,1094,dragapult-dusknoir
1,548,p1,1095,raging-bolt-ogerpon,1096,gardevoir-jellicent
1,549,p1,1097,dragapult-dusknoir,1098,gardevoir-jellicent
1,550,p2,1099,cynthia-garchomp-ex,1100,mega-lucario-ex
1,551,p1,1101,gholdengo-lunatone,1102,raging-bolt-ogerpon
1,552,p1,1103,iron-hands-magneton,1104,dragapult-ex
1,553,p2,1105,dragapult-dusknoir,1106,dragapult-dusknoir
1,554,p1,1107,froslass-munkidori,1108,archaludon-ex
1,555,p2,1109,mega-venusaur-ex,1110,gardevoir-jellicent
1,556,p2,1111,dragapult-dusknoir,1112,gholdengo-lunatone
1,557,p2,1113,dragapult-dusknoir,1114,dragapult-dusknoir
1,558,p1,1115,grimmsnarl-froslass,1116,charizard-noctowl
1,559,p2,1117,gholdengo-lunatone,1118,gardevoir-jellicent
1,560,tie,1119,gholdengo-lunatone,1120,dragapult-dusknoir
1,561,p2,1121,dragapult-dusknoir,1122,mega-absol-box
1,562,tie,1123,marnie-grimmsnarl-ex,1124,gholdengo-lunatone
1,563,p1,1125,grimmsnarl-froslass,1126,n-zoroark
1,564,p1,1127,raging-bolt-ogerpon,1128,gholdengo-lunatone
1,565,p1,1129,dragapult-dusknoir,1130,tera-box
1,566,p2,1131,ceruledge-ex,1132,dragapult-dusknoir
1,567,p1,1133,gardevoir-jellicent,1134,charizard-pidgeot
1,568,tie,1135,charizard-noctowl,1136,gholdengo-lunatone
1,569,tie,1137,dragapult-dusknoir,1138,dragapult-dusknoir
1,570,p2,1139,gardevoir-jellicent,1140,gholdengo-lunatone
1,571,p1,1141,charizard-pidgeot,1142,hydrapple-ogerpon
1,572,p2,1143,dragapult-dusknoir,1144,dragapult-dusknoir
1,573,p1,1145,ethan-typhlosion,1146,charizard-pidgeot
1,574,p2,1147,gholdengo-lunatone,1148,cynthia-garchomp-ex
1,575,p2,1149,charizard-noctowl,1150,charizard-pidgeot
1,576,p1,1151,gholdengo-lunatone,1152,mega-absol-box
1,577,p2,1153,gholdengo-lunatone,1154,gardevoir-ex-sv
1,578,p1,1155,dragapult-dusknoir,1156,dragapult-dusknoir
1,579,p2,1157,dragapult-blaziken,1158,kangaskhan-bouffalant
1,580,p1,1159,gardevoir-ex-sv,1160,charizard-pidgeot
1,581,p1,1161,dragapult-dusknoir,1162,gardevoir-jellicent
1,582,p1,1163,joltik-box,1164,ursaluna-lunatone
1,583,p1,1165,lopunny-dusknoir,1166,gholdengo-lunatone
1,584,tie,1167,dragapult-dusknoir,1168,charizard-noctowl
1,585,p1,1169,grimmsnarl-froslass,1170,alakazam-dudunsparce
1,586,tie,1171,ceruledge-ex,1172,raging-bolt-ogerpon
1,587,p1,1173,gardevoir-jellicent,1174,mega-absol-box
1,588,p1,1175,?,1176,lopunny-dusknoir
1,589,p1,1177,ceruledge-ex,1178,raging-bolt-ogerpon
1,590,p1,1179,grimmsnarl-froslass,1180,hydreigon-ex
1,591,p1,1181,charizard-noctowl,1182,dragapult-dusknoir
1,592,tie,1183,tera-box,1184,raging-bolt-ogerpon
1,593,p1,1185,dragapult-dusknoir,1186,joltik-box
1,594,p2,1187,charizard-noctowl,1188,dragapult-dusknoir
1,595,p2,1189,raging-bolt-ogerpon,1190,gardevoir-ex-sv
1,596,p1,1191,?,1192,gardevoir-jellicent
1,597,tie,1193,gholdengo-lunatone,1194,dragapult-dusknoir
1,598,p1,1195,gholdengo-lunatone,1196,charizard-noctowl
1,599,p1,1197,dragapult-dusknoir,1198,charizard-noctowl
1,600,tie,1199,dragapult-charizard,1200,charizard-pidgeot
1,601,p1,1201,n-zoroark,1202,dragapult-dusknoir
1,602,p1,1203,dragapult-dusknoir,1204,gholdengo-lunatone
1,603,tie,1205,tera-box,1206,tera-box
1,604,p2,1207,gholdengo-lunatone,1208,charizard-noctowl
1,605,tie,1209,gardevoir-ex-sv,1210,gholdengo-lunatone
1,606,p2,1211,gardevoir-jellicent,1212,raging-bolt-ogerpon
1,607,p1,1213,n-zoroark,1214,dragapult-dusknoir
1,608,p2,1215,gholdengo-lunatone,1216,gardevoir-jellicent
1,609,p2,1217,manectric-eelektrik,1218,raging-bolt-ogerpon
1,610,p1,1219,tera-box,1220,tera-box
1,611,tie,1221,flareon-noctowl,1222,flareon-noctowl
1,612,p1,1223,manectric-eelektrik,1224,dragapult-dusknoir
1,613,p2,1225,seaking-pre,1226,dragapult-dusknoir
1,614,p1,1227,raging-bolt-ogerpon,1228,gholdengo-lunatone
1,615,p1,1229,gholdengo-lunatone,1230,rocket-mewtwo-ex
1,616,p1,1231,dragapult-dusknoir,1232,gholdengo-lunatone
1,617,p1,1233,?,1234,gholdengo-lunatone
1,618,p1,1235,gardevoir-ex-sv,1236,mega-absol-box
1,619,tie,1237,charizard-noctowl,1238,charizard-noctowl
1,620,p1,1239,espathra-xatu,1240,raging-bolt-ogerpon
1,621,p2,1241,dragapult-dusknoir,1242,n-zoroark
1,622,tie,1243,mega-absol-box,1244,gholdengo-lunatone
1,623,p2,1245,iron-hands-magneton,1246,gholdengo-lunatone
1,624,p2,1247,ceruledge-ex,1248,gholdengo-lunatone
1,625,p1,1249,mega-absol-box,1250,gardevoir-jellicent
1,626,p2,1251,mega-absol-box,1252,charizard-pidgeot
1,627,tie,1253,dragapult-dusknoir,1254,n-zoroark
1,628,p2,1255,gholdengo-lunatone,1256,grimmsnarl-froslass
1,629,p1,1257,gholdengo-lunatone,1258,ceruledge-ex
1,630,p2,1259,raging-bolt-ogerpon,1260,gholdengo-lunatone
1,631,p1,1261,crustle-dri,1262,ceruledge-ex
1,632,p1,1263,gholdengo-lunatone,1264,dragapult-dusknoir
1,633,p1,1265,raging-bolt-ogerpon,1266,gholdengo-lunatone
1,634,p1,1267,gardevoir-jellicent,1268,charizard-noctowl
1,635,p1,1269,grimmsnarl-froslass,1270,lucario-hariyama
1,636,tie,1271,slowking-scr,1272,charizard-noctowl
1,637,p2,1273,gardevoir-jellicent,1274,charizard-noctowl
1,638,p1,1275,charizard-noctowl,1276,sharpedo-toxtricity
1,639,p1,1277,charizard-noctowl,1278,gholdengo-joltik-box
1,640,p1,1279,charizard-noctowl,1280,flareon-noctowl
1,641,p2,1281,raging-bolt-ogerpon,1282,gardevoir-ex-sv
1,642,p2,1283,joltik-box,1284,charizard-pidgeot
1,643,p2,1285,n-zoroark,1286,charizard-pidgeot
1,644,p2,1287,gholdengo-lunatone,1288,alakazam-dudunsparce
1,645,p2,1289,flareon-noctowl,1290,gardevoir-ex-sv
1,646,p2,1291,charizard-noctowl,1292,dragapult-dusknoir
1,647,p2,1293,great-tusk-tef,1294,mega-venusaur-ex
1,648,p1,1295,mega-absol-box,1296,dragapult-dusknoir
1,649,tie,1297,cynthia-garchomp-ex,1298,dragapult-dusknoir
1,650,p1,1299,gardevoir-jellicent,1300,dragapult-dusknoir
1,651,p1,1301,dragapult-dusknoir,1302,gholdengo-lunatone
1,652,tie,1303,gardevoir-jellicent,1304,charizard-pidgeot
1,653,p1,1305,gardevoir-jellicent,1306,raging-bolt-ogerpon
1,654,p2,1307,charizard-pidgeot,1308,sharpedo-toxtricity
1,655,p2,1309,rocket-mewtwo-ex,1310,raging-bolt-ogerpon
1,656,p2,1311,charizard-pidgeot,1312,raging-bolt-ogerpon
1,657,p1,1313,n-zoroark,1314,gardevoir-ex-sv
1,658,p1,1315,charizard-noctowl,1316,mega-absol-box
1,659,p2,1317,flareon-noctowl,1318,flareon-ex
1,660,p1,1319,gholdengo-lunatone,1320,grimmsnarl-froslass
1,661,tie,1321,dragapult-dusknoir,1322,raging-bolt-ogerpon
1,662,tie,1323,gholdengo-lunatone,1324,dragapult-dusknoir
1,663,tie,1325,mega-absol-box,1326,mega-kangaskhan-ex
1,664,p2,1327,gholdengo-lunatone,1328,gardevoir-ex-sv
1,665,p1,1329,gholdengo-lunatone,1330,charizard-noctowl
1,666,p2,1331,charizard-noctowl,1332,charizard-noctowl
1,667,p1,1333,grimmsnarl-froslass,1334,dragapult-dusknoir
1,668,tie,1335,greninja-ex,1336,flareon-noctowl
1,669,p2,1337,raging-bolt-ogerpon,1338,lopunny-dusknoir
1,670,p1,1339,ho-oh-armarouge,1340,gholdengo-lunatone
1,671,p2,1341,gardevoir-ex-sv,1342,charizard-pidgeot
1,672,p2,1343,dragapult-dusknoir,1344,dragapult-dusknoir
1,673,p2,1345,charizard-noctowl,1346,gholdengo-lunatone
1,674,p1,1347,dragapult-dusknoir,1348,raging-bolt-ogerpon
1,675,p2,1349,charizard-pidgeot,1350,dragapult-dusknoir
1,676,p1,1351,charizard-noctowl,1352,gardevoir-jellicent
1,677,p1,1353,kangaskhan-bouffalant,1354,raging-bolt-ogerpon
1,678,p1,1355,gholdengo-lunatone,1356,hydrapple-ogerpon
1,679,p2,1357,raging-bolt-ogerpon,1358,dragapult-dusknoir
1,680,p1,1359,gardevoir-jellicent,1360,gholdengo-lunatone
1,681,p1,1361,gardevoir-jellicent,1362,gholdengo-ex
1,682,p1,1363,dragapult-dusknoir,1364,dragapult-dusknoir
1,683,tie,1365,mega-absol-box,1366,joltik-box
1,684,p1,1367,gholdengo-lunatone,1368,dragapult-dusknoir
1,685,p2,1369,raging-bolt-ogerpon,1370,joltik-box
1,686,p2,1371,gardevoir-jellicent,1372,gholdengo-lunatone
1,687,p1,1373,dragapult-charizard,1374,lopunny-dusknoir
1,688,p1,1375,greninja-ex,1376,raging-bolt-ogerpon
1,689,p2,1377,charizard-noctowl,1378,charizard-noctowl
1,690,p2,1379,mega-absol-box,1380,gholdengo-lunatone
1,691,p1,1381,cynthia-garchomp-ex,1382,gardevoir-ex-sv
1,692,p2,1383,gholdengo-lunatone,1384,charizard-pidgeot
1,693,p1,1385,charizard-noctowl,1386,dragapult-dusknoir
1,694,p2,1387,?,1388,mega-absol-box
1,695,p2,1389,dragapult-dusknoir,1390,raging-bolt-ogerpon
1,696,p1,1391,conkeldurr-twm,1392,charizard-pidgeot
1,697,p2,1393,gholdengo-lunatone,1394,iron-hands-magneton
1,698,p2,1395,dragapult-charizard,1396,gholdengo-lunatone
1,699,p2,1397,dragapult-dusknoir,1398,gardevoir-jellicent
1,700,p1,1399,dragapult-dusknoir,1400,ceruledge-ex
1,701,tie,1401,dragapult-dusknoir,1402,gholdengo-lunatone
1,702,p1,1403,mega-absol-box,1404,dragapult-dusknoir
1,703,p2,1405,alakazam-dudunsparce,1406,dragapult-dusknoir
1,704,tie,1407,charizard-pidgeot,1408,gardevoir-ex-sv
1,705,p2,1409,raging-bolt-ogerpon,1410,gholdengo-lunatone
1,706,p1,1411,charizard-noctowl,1412,alakazam-dudunsparce
1,707,p1,1413,dragapult-dusknoir,1414,gholdengo-lunatone
1,708,p1,1415,charizard-noctowl,1416,ogerpon-meganium
1,709,p1,1417,gardevoir-ex-sv,1418,ceruledge-ex
1,710,p1,1419,dragapult-dusknoir,1420,dragapult-dusknoir
1,711,p1,1421,alakazam-dudunsparce,1422,manectric-eelektrik
1,712,tie,1423,gardevoir-jellicent,1424,flareon-noctowl
1,713,p1,1425,charizard-noctowl,1426,charizard-pidgeot
1,714,p1,1427,gholdengo-lunatone,1428,manectric-eelektrik
1,715,tie,1429,gardevoir-jellicent,1430,n-zoroark
1,716,p1,1431,gholdengo-lunatone,1432,gardevoir-jellicent
1,717,tie,1433,gardevoir-jellicent,1434,dragapult-dusknoir
1,718,p1,1435,grimmsnarl-froslass,1436,tyranitar-jtg
1,719,p2,1437,mega-venusaur-ex,1438,dragapult-dusknoir
1,720,p2,1439,dragapult-dusknoir,1440,gardevoir-ex-sv
1,721,p1,1441,gardevoir-jellicent,1442,ceruledge-ex
1,722,p1,1443,gholdengo-lunatone,1444,grimmsnarl-froslass
1,723,p1,1445,gholdengo-lunatone,1446,dragapult-dusknoir
1,724,p1,1447,gholdengo-lunatone,1448,marnie-grimmsnarl-ex
1,725,p1,1449,flareon-noctowl,1450,charizard-noctowl
1,726,p1,1451,gholdengo-lunatone,1452,dragapult-dusknoir
1,727,tie,1453,lopunny-dusknoir,1454,gardevoir-jellicent
1,728,tie,1455,gholdengo-lunatone,1456,gholdengo-lunatone
1,729,p2,1457,cynthia-garchomp-ex,1458,gholdengo-lunatone
1,730,p1,1459,charizard-noctowl,1460,gardevoir-jellicent
1,731,p1,1461,gholdengo-lunatone,1462,gholdengo-lunatone
1,732,tie,1463,greninja-blaziken,1464,dragapult-dusknoir
1,733,p2,1465,dragapult-dusknoir,1466,mega-absol-box
1,734,p2,1467,ceruledge-ex,1468,raging-bolt-ogerpon
1,735,p1,1469,charizard-noctowl,1470,ho-oh-armarouge
1,736,p1,1471,dragapult-dusknoir,1472,raging-bolt-ex
1,737,p2,1473,dragapult-dusknoir,1474,joltik-box
1,738,p2,1475,roaring-moon-ex,1476,raging-bolt-ogerpon
1,739,p2,1477,dragapult-charizard,1478,cynthia-garchomp-ex
1,740,tie,1479,cynthia-garchomp-ex,1480,gardevoir-jellicent
1,741,p1,1481,dragapult-dusknoir,1482,grimmsnarl-froslass
1,742,p2,1483,grimmsnarl-froslass,1484,gholdengo-lunatone
1,743,tie,1485,n-zoroark,1486,dragapult-dusknoir
1,744,p1,1487,dragapult-dusknoir,1488,dragapult-dusknoir
1,745,tie,1489,gardevoir-jellicent,1490,mega-absol-box
1,746,tie,1491,gholdengo-lunatone,1492,dragapult-charizard
1,747,p2,1493,grimmsnarl-froslass,1494,flareon-noctowl
1,748,p2,1495,gholdengo-lunatone,1496,tera-box
1,749,tie,1497,raging-bolt-ogerpon,1498,gholdengo-lunatone
1,750,p1,1499,gardevoir-ex-sv,1500,grimmsnarl-froslass
1,751,p2,1501,dragapult-ex,1502,gardevoir-jellicent
1,752,tie,1503,dragapult-dusknoir,1504,charizard-noctowl
1,753,p2,1505,charizard-pidgeot,1506,ceruledge-ex
1,754,p2,1507,dragapult-dusknoir,1508,gholdengo-joltik-box
1,755,tie,1509,mega-absol-box,1510,n-zoroark
1,756,p1,1511,dragapult-dusknoir,1512,charizard-noctowl
1,757,p2,1513,gardevoir-jellicent,1514,gholdengo-lunatone
1,758,p1,1515,gholdengo-joltik-box,1516,raging-bolt-ogerpon
1,759,p1,1517,gholdengo-lunatone,1518,greninja-ex
1,760,tie,1519,ethan-typhlosion,1520,grimmsnarl-froslass
1,761,p2,1521,flareon-noctowl,1522,joltik-box
1,762,p1,1523,kangaskhan-bouffalant,1524,other
1,763,tie,1525,gardevoir-ex-sv,1526,joltik-box
1,764,p2,1527,dragapult-dusknoir,1528,gardevoir-ex-sv
1,765,tie,1529,charizard-noctowl,1530,dragapult-dusknoir
1,766,p2,1531,tera-box,1532,charizard-noctowl
1,767,p2,1533,charizard-pidgeot,1534,charizard-noctowl
1,768,tie,1535,raging-bolt-ogerpon,1536,grimmsnarl-froslass
1,769,p1,1537,archaludon-ex,1538,dragapult-dusknoir
1,770,tie,1539,dragapult-dusknoir,1540,dragapult-dusknoir
1,771,tie,1541,ceruledge-ex,1542,gardevoir-jellicent
1,772,p2,1543,dragapult-charizard,1544,crustle-dri
1,773,p2,1545,dragapult-dusknoir,1546,gardevoir-jellicent
1,774,p2,1547,gholdengo-lunatone,1548,gholdengo-lunatone
1,775,p2,1549,dragapult-dusknoir,1550,gholdengo-lunatone
1,776,tie,1551,dragapult-dusknoir,1552,gardevoir-ex-sv
1,777,p1,1553,dragapult-dusknoir,1554,gholdengo-dudunsparce
1,778,p1,1555,joltik-box,1556,dragapult-dusknoir
1,779,p2,1557,dragapult-charizard,1558,ursaluna-lunatone
1,780,p1,1559,gholdengo-lunatone,1560,gholdengo-lunatone
1,781,p1,1561,mega-absol-box,1562,raging-bolt-ogerpon
1,782,p1,1563,raging-bolt-ogerpon,1564,flareon-noctowl
1,783,p1,1565,dragapult-dusknoir,1566,ceruledge-ex
1,784,p2,1567,gholdengo-lunatone,1568,charizard-pidgeot
1,785,p1,1569,alakazam-dudunsparce,1570,joltik-box
1,786,p2,1571,charizard-noctowl,1572,gholdengo-lunatone
1,787,p2,1573,gardevoir-jellicent,1574,dragapult-dusknoir
1,788,p1,1575,dragapult-dusknoir,1576,dragapult-charizard
1,789,p1,1577,dragapult-dusknoir,1578,charizard-noctowl
1,790,p1,1579,dragapult-dusknoir,1580,raging-bolt-ogerpon
1,791,p2,1581,charizard-noctowl,1582,ethan-typhlosion
1,792,p2,1583,gardevoir-jellicent,1584,dragapult-charizard
1,793,p2,1585,grimmsnarl-froslass,1586,gholdengo-lunatone
1,794,tie,1587,gholdengo-lunatone,1588,seaking-pre
1,795,p1,1589,dragapult-dusknoir,1590,gardevoir-jellicent
1,796,p2,1591,gardevoir-jellicent,1592,charizard-noctowl
1,797,p1,1593,gardevoir-ex-sv,1594,lucario-hariyama
1,798,p1,1595,gardevoir-jellicent,1596,gholdengo-lunatone
1,799,p1,1597,charizard-noctowl,1598,other
1,800,p1,1599,gholdengo-lunatone,1600,raging-bolt-ogerpon
1,801,p1,1601,dragapult-dusknoir,1602,mega-venusaur-ex
1,802,p1,1603,?,1604,dragapult-dusknoir
1,803,tie,1605,kangaskhan-bouffalant,1606,charizard-noctowl
1,804,tie,1607,mega-venusaur-ex,1608,gholdengo-lunatone
1,805,tie,1609,?alakazam,1610,mega-venusaur-ex
1,806,p2,1611,dragapult-dusknoir,1612,lopunny-dusknoir
1,807,p2,1613,charizard-noctowl,1614,dragapult-dusknoir
1,808,tie,1615,raging-bolt-ogerpon,1616,joltik-box
1,809,p2,1617,grimmsnarl-froslass,1618,kangaskhan-bouffalant
1,810,p1,1619,dragapult-dusknoir,1620,charizard-pidgeot
1,811,p2,1621,dragapult-dusknoir,1622,gholdengo-lunatone
1,812,p2,1623,dragapult-dusknoir,1624,dragapult-dusknoir
1,813,p2,1625,gholdengo-lunatone,1626,ceruledge-ex
1,814,p1,1627,charizard-noctowl,1628,gardevoir-ex-sv
1,815,p2,1629,flareon-noctowl,1630,sharpedo-toxtricity
1,816,p1,1631,dragapult-dusknoir,1632,gardevoir-jellicent
1,817,p1,1633,dragapult-dusknoir,1634,charizard-pidgeot
1,818,tie,1635,sharpedo-toxtricity,1636,gholdengo-lunatone
1,819,p2,1637,sharpedo-toxtricity,1638,alakazam-dudunsparce
1,820,p1,1639,dragapult-dusknoir,1640,gholdengo-lunatone
1,821,p1,1641,gholdengo-lunatone,1642,charizard-noctowl
1,822,p2,1643,dragapult-charizard,1644,gholdengo-lunatone
1,823,p2,1645,iron-hands-magneton,1646,dragapult-dusknoir
1,824,p1,1647,dragapult-dusknoir,1648,dragapult-dusknoir
1,825,p1,1649,alakazam-meg,1650,flareon-noctowl
1,826,p1,1651,dragapult-dusknoir,1652,iron-hands-magneton
1,827,tie,1653,gardevoir-jellicent,1654,dragapult-dusknoir
1,828,p2,1655,sharpedo-toxtricity,1656,dragapult-dusknoir
1,829,p2,1657,gholdengo-lunatone,1658,gardevoir-jellicent
1,830,p2,1659,gholdengo-lunatone,1660,dragapult-dusknoir
1,831,tie,1661,raging-bolt-ogerpon,1662,raging-bolt-ogerpon
1,832,p2,1663,gardevoir-jellicent,1664,gholdengo-lunatone
1,833,p2,1665,flareon-noctowl,1666,gholdengo-lunatone
1,834,p2,1667,lucario-hariyama,1668,ceruledge-ex
1,835,p1,1669,dragapult-dusknoir,1670,charizard-noctowl
1,836,tie,1671,raging-bolt-ogerpon,1672,gardevoir-jellicent
1,837,p2,1673,gholdengo-lunatone,1674,charizard-noctowl
1,838,p2,1675,gardevoir-ex-sv,1676,kangaskhan-bouffalant
1,841,tie,1677,gardevoir-ex-sv,1678,gholdengo-lunatone
1,,unpaired,1679,ceruledge-ex,,
1,,unpaired,1680,cynthia-garchomp-ex,,
1,,unpaired,1681,dragapult-charizard,,
1,,unpaired,1682,gholdengo-lunatone,,
1,,unpaired,1683,grimmsnarl-froslass,,
1,,unpaired,1684,grimmsnarl-froslass,,
1,,unpaired,1685,gholdengo-lunatone,,
1,,unpaired,1686,gardevoir-jellicent,,
1,,unpaired,1687,mega-absol-box,,
1,,unpaired,1688,gardevoir-jellicent,,
1,,unpaired,1689,gholdengo-lunatone,,
1,,unpaired,1690,joltik-box,,
2,1,p1,0397,charizard-noctowl,1057,flareon-noctowl
2,2,p1,1155,dragapult-dusknoir,1474,joltik-box
2,3,tie,1158,kangaskhan-bouffalant,1047,gholdengo-lunatone
2,4,p1,1639,dragapult-dusknoir,0160,dragapult-dusknoir
2,5,p1,1260,gholdengo-lunatone,1569,alakazam-dudunsparce
2,6,p1,0161,gholdengo-lunatone,0301,grimmsnarl-froslass
2,7,tie,1085,gholdengo-lunatone,0117,n-zoroark
2,8,tie,0445,dragapult-dusknoir,1431,gholdengo-lunatone
2,9,p1,0452,gardevoir-ex-sv,0935,gardevoir-jellicent
2,10,p2,0544,gardevoir-jellicent,1179,grimmsnarl-froslass
2,11,p2,0804,gardevoir-jellicent,0100,gholdengo-lunatone
2,12,p1,0497,kangaskhan-bouffalant,0789,gardevoir-ex-sv
2,13,p1,1041,gholdengo-lunatone,0138,iron-hands-magneton
2,14,p2,0566,raging-bolt-ogerpon,1419,dragapult-dusknoir
2,15,p1,1107,froslass-munkidori,1015,n-zoroark
2,16,p1,1373,dragapult-charizard,1274,charizard-noctowl
2,17,tie,0255,gholdengo-lunatone,1249,mega-absol-box
2,18,p1,1443,gholdengo-lunatone,1372,gholdengo-lunatone
2,19,tie,0172,dragapult-dusknoir,1213,n-zoroark
2,20,tie,0282,gholdengo-lunatone,1546,gardevoir-jellicent
2,21,tie,1534,charizard-noctowl,0404,dragapult-charizard
2,22,p2,0352,gardevoir-ex-sv,0710,gholdengo-lunatone
2,23,p2,1239,espathra-xatu,1411,charizard-noctowl
2,24,tie,0465,charizard-noctowl,0582,charizard-noctowl
2,25,tie,0652,dragapult-charizard,1095,raging-bolt-ogerpon
2,26,p2,0365,charizard-pidgeot,1367,gholdengo-lunatone
2,27,p2,1359,gardevoir-jellicent,1110,gardevoir-jellicent
2,28,tie,1561,mega-absol-box,1084,gholdengo-lunatone
2,29,tie,0442,charizard-noctowl,0979,gardevoir-ex-sv
2,30,p2,0077,dragapult-dusknoir,0252,tera-box
2,31,p2,1361,gardevoir-jellicent,0294,raging-bolt-ogerpon
2,32,tie,0332,charizard-pidgeot,1499,gardevoir-ex-sv
2,33,p2,0030,cynthia-garchomp-ex,0632,alakazam-dudunsparce
2,34,tie,1097,dragapult-dusknoir,1038,gardevoir-jellicent
2,35,p2,1023,ho-oh-armarouge,1235,gardevoir-ex-sv
2,36,p1,0415,charizard-pidgeot,0546,grimmsnarl-froslass
2,37,p2,1627,charizard-noctowl,0623,gholdengo-lunatone
2,38,tie,0378,raging-bolt-ogerpon,0730,gardevoir-jellicent
2,39,p1,0509,dragapult-dusknoir,1618,kangaskhan-bouffalant
2,40,p2,0215,charizard-pidgeot,1579,dragapult-dusknoir
2,41,p1,0214,gardevoir-ex-sv,0412,dragapult-dusknoir
2,42,tie,1073,charizard-noctowl,1169,grimmsnarl-froslass
2,43,p1,1045,dragapult-dusknoir,0502,dragapult-dusknoir
2,44,p1,0900,dragapult-blaziken,0819,charizard-noctowl
2,45,tie,1347,dragapult-dusknoir,0919,rocket-mewtwo-ex
2,46,p1,0390,dragapult-dusknoir,0537,greninja-ex
2,47,p2,1305,gardevoir-jellicent,1075,gholdengo-lunatone
2,48,p2,0239,dragapult-charizard,1626,ceruledge-ex
2,49,p2,0653,gholdengo-joltik-box,0174,toxtricity-pfl
2,50,p1,0866,tera-box,0418,dragapult-charizard
2,51,p2,1555,joltik-box,0467,ethan-typhlosion
2,52,p2,0005,gholdengo-lunatone,1378,charizard-noctowl
2,53,tie,0879,mega-absol-box,0842,gholdengo-lunatone
2,54,p2,0190,joltik-box,0649,dragapult-dusknoir
2,55,tie,0381,gholdengo-lunatone,1231,dragapult-dusknoir
2,56,tie,1087,cynthia-garchomp-ex,0388,charizard-noctowl
2,57,p1,0033,gardevoir-jellicent,1550,gholdengo-lunatone
2,58,p1,1201,n-zoroark,0951,crustle-dri
2,59,p2,0149,gholdengo-lunatone,0020,charizard-pidgeot
2,60,p2,1358,dragapult-dusknoir,0027,grimmsnarl-froslass
2,61,p2,1025,charizard-pidgeot,1175,?
2,62,tie,1177,ceruledge-ex,0285,raging-bolt-ogerpon
2,63,p2,0690,flareon-noctowl,0985,gardevoir-ex-sv
2,64,p2,1396,gholdengo-lunatone,0079,gardevoir-jellicent
2,65,p1,1468,raging-bolt-ogerpon,1532,charizard-noctowl
2,66,p2,1514,gholdengo-lunatone,0963,gardevoir-jellicent
2,67,p1,1484,gholdengo-lunatone,0602,gholdengo-lunatone
2,68,p1,0140,greninja-ex,0766,greninja-ex
2,69,p2,1449,flareon-noctowl,0616,dragapult-dusknoir
2,70,p1,0440,gholdengo-lunatone,1018,charizard-noctowl
2,71,p1,1203,dragapult-dusknoir,0265,gardevoir-jellicent
2,72,p1,1476,raging-bolt-ogerpon,1315,charizard-noctowl
2,73,p2,0948,gardevoir-jellicent,0004,charizard-noctowl
2,74,p2,1332,charizard-noctowl,0395,raging-bolt-ogerpon
2,75,p1,0363,gholdengo-lunatone,0732,n-zoroark
2,76,p1,1612,lopunny-dusknoir,1029,gholdengo-lunatone
2,77,p2,0093,mega-absol-box,0915,gholdengo-lunatone
2,78,tie,0774,dragapult-dusknoir,1216,gardevoir-jellicent
2,79,p2,0192,mega-absol-box,0391,dragapult-dusknoir
2,80,p2,1603,?,1188,dragapult-dusknoir
2,81,p1,1459,charizard-noctowl,1313,n-zoroark
2,82,p1,1631,dragapult-dusknoir,0073,cynthia-garchomp-ex
2,83,p2,0844,raging-bolt-ogerpon,0676,joltik-box
2,84,p2,1054,gholdengo-lunatone,0227,dragapult-dusknoir
2,85,p1,0784,charizard-noctowl,1595,gardevoir-jellicent
2,86,p1,0563,dragapult-ex,0966,grimmsnarl-froslass
2,87,p2,0721,dragapult-dusknoir,1403,mega-absol-box
2,88,tie,0911,gholdengo-lunatone,1275,charizard-noctowl
2,89,tie,0129,charizard-noctowl,0568,kangaskhan-bouffalant
2,90,tie,0903,charizard-pidgeot,0224,dragapult-dusknoir
2,91,p2,1181,charizard-noctowl,0913,raging-bolt-ogerpon
2,92,p2,1441,gardevoir-jellicent,0627,alakazam-dudunsparce
2,93,p1,1338,lopunny-dusknoir,1487,dragapult-dusknoir
2,94,p1,1622,gholdengo-lunatone,1494,flareon-noctowl
2,95,p1,0796,raging-bolt-ogerpon,1005,gardevoir-jellicent
2,96,p2,0556,flareon-noctowl,1597,charizard-noctowl
2,97,p2,0050,charizard-noctowl,0997,charizard-noctowl
2,98,p2,1508,gholdengo-joltik-box,0606,sharpedo-toxtricity
2,99,p1,1355,gholdengo-lunatone,0816,gholdengo-lunatone
2,100,p1,0639,charizard-pidgeot,0037,dragapult-dusknoir
2,101,tie,1140,gholdengo-lunatone,1212,raging-bolt-ogerpon
2,102,tie,0069,gholdengo-lunatone,1511,dragapult-dusknoir
2,103,p2,0840,dragapult-dusknoir,0754,dragapult-charizard
2,104,tie,1413,dragapult-dusknoir,0457,crustle-dri
2,105,p2,0957,charizard-noctowl,1012,gardevoir-jellicent
2,106,tie,0960,joltik-box,0200,dragapult-dusknoir
2,107,p2,1574,dragapult-dusknoir,0680,gholdengo-lunatone
2,108,p1,0176,charizard-dragapult,0014,charizard-noctowl
2,109,p2,0792,gardevoir-jellicent,0706,grimmsnarl-froslass
2,110,p2,0600,grimmsnarl-froslass,0472,kangaskhan-bouffalant
2,111,p2,0103,charizard-noctowl,0259,gholdengo-lunatone
2,112,p1,1351,charizard-noctowl,0835,iron-hands-magneton
2,113,p1,1092,gholdengo-lunatone,1417,gardevoir-ex-sv
2,114,p2,1229,gholdengo-lunatone,0728,dragapult-dusknoir
2,115,tie,0052,gholdengo-lunatone,1638,alakazam-dudunsparce
2,116,tie,0553,charizard-noctowl,0700,gardevoir-jellicent
2,117,tie,1445,gholdengo-lunatone,0586,dragapult-charizard
2,118,p1,1159,gardevoir-ex-sv,1333,grimmsnarl-froslass
2,119,tie,0740,gholdengo-lunatone,1342,charizard-pidgeot
2,120,p1,1471,dragapult-dusknoir,0782,gholdengo-lunatone
2,121,p1,0828,gardevoir-ex-sv,1257,gholdengo-lunatone
2,122,p2,0847,conkeldurr-twm,0733,dragapult-dusknoir
2,123,p2,1112,gholdengo-lunatone,0829,gardevoir-ex-sv
2,124,p2,0054,dragapult-dusknoir,0562,kangaskhan-bouffalant
2,125,p2,0105,gardevoir-jellicent,1451,gholdengo-lunatone
2,126,p2,0218,gardevoir-ex-sv,1061,dragapult-dusknoir
2,127,p1,0535,gholdengo-lunatone,1647,dragapult-dusknoir
2,128,p2,0007,dragapult-dusknoir,1032,gholdengo-lunatone
2,129,p2,1308,sharpedo-toxtricity,0769,ursaluna-lunatone
2,130,p1,1319,gholdengo-lunatone,0811,mega-venusaur-ex
2,131,p1,0327,dragapult-dusknoir,0089,dragapult-dusknoir
2,132,p2,0032,tera-box,0337,gardevoir-jellicent
2,133,p1,0148,gholdengo-lunatone,1282,gardevoir-ex-sv
2,134,p2,0424,gholdengo-ex,0456,gholdengo-lunatone
2,135,p1,0222,charizard-noctowl,0993,flareon-noctowl
2,136,p2,1391,conkeldurr-twm,0973,dragapult-charizard
2,137,p1,1481,dragapult-dusknoir,0247,seaking-pre
2,138,p2,1669,dragapult-dusknoir,1329,gholdengo-lunatone
2,139,p1,0405,raging-bolt-ogerpon,1122,mega-absol-box
2,140,p2,0469,dragapult-dusknoir,0742,gardevoir-jellicent
2,141,p1,1101,gholdengo-lunatone,1265,raging-bolt-ogerpon
2,142,p2,0111,dragapult-dusknoir,0886,gardevoir-ex-sv
2,143,p2,0858,?,1294,mega-venusaur-ex
2,144,tie,1226,dragapult-dusknoir,1380,gholdengo-lunatone
2,145,p2,0515,ceruledge-ex,0693,charizard-noctowl
2,146,p2,0202,mega-venusaur-ex,0272,dragapult-dusknoir
2,147,tie,1033,charizard-pidgeot,1398,gardevoir-jellicent
2,148,p1,1666,gholdengo-lunatone,0209,dragapult-dusknoir
2,149,tie,0793,gholdengo-lunatone,0212,dragapult-dusknoir
2,150,p1,0454,lopunny-dusknoir,0195,charizard-noctowl
2,151,p2,0688,dragapult-dusknoir,0276,raging-bolt-ogerpon
2,152,p1,0692,gholdengo-lunatone,0268,charizard-noctowl
2,153,p2,0533,gholdengo-lunatone,0278,gardevoir-jellicent
2,154,p1,0035,dragapult-dusknoir,0818,charizard-noctowl
2,155,p2,1132,dragapult-dusknoir,0702,dragapult-charizard
2,156,p2,1496,tera-box,0475,dragapult-dusknoir
2,157,p2,1185,dragapult-dusknoir,0170,gardevoir-ex-sv
2,158,p1,1114,dragapult-dusknoir,0289,dragapult-dusknoir
2,159,tie,0233,gardevoir-jellicent,0550,alakazam-dudunsparce
2,160,p1,0855,gardevoir-jellicent,0081,dragapult-dusknoir
2,161,tie,1233,?,1127,raging-bolt-ogerpon
2,162,p1,1277,charizard-noctowl,1582,ethan-typhlosion
2,163,tie,0954,gardevoir-ex-sv,1269,grimmsnarl-froslass
2,164,p1,0604,gardevoir-ex-sv,0862,greninja-ex
2,165,p2,0246,gardevoir-jellicent,0917,dragapult-dusknoir
2,166,p1,0311,gholdengo-lunatone,0299,dragapult-dusknoir
2,167,p1,1208,charizard-noctowl,0296,gholdengo-lunatone
2,168,p1,1572,gholdengo-lunatone,0646,lucario-hariyama
2,169,tie,1292,dragapult-dusknoir,0017,gardevoir-ex-sv
2,170,p2,0322,dragapult-dusknoir,1568,charizard-pidgeot
2,171,tie,1614,dragapult-dusknoir,0164,gardevoir-jellicent
2,172,p1,1644,gholdengo-lunatone,0135,gholdengo-lunatone
2,173,p2,1051,gholdengo-lunatone,0860,dragapult-dusknoir
2,174,p1,0249,dragapult-dusknoir,0785,dragapult-charizard
2,175,p1,0144,gardevoir-ex-sv,0400,dragapult-dusknoir
2,176,p2,0670,dragapult-dusknoir,1651,dragapult-dusknoir
2,177,p1,0889,mega-absol-box,1145,ethan-typhlosion
2,178,tie,0775,gholdengo-lunatone,1641,gholdengo-lunatone
2,179,tie,0044,charizard-pidgeot,1563,raging-bolt-ogerpon
2,180,p1,1344,dragapult-dusknoir,1517,gholdengo-lunatone
2,181,tie,0072,charizard-pidgeot,1438,dragapult-dusknoir
2,182,p2,1469,charizard-noctowl,0413,dragapult-dusknoir
2,183,p2,1586,gholdengo-lunatone,0154,dragapult-dusknoir
2,184,tie,1019,dragapult-dusknoir,0764,gholdengo-lunatone
2,185,tie,0298,charizard-noctowl,0306,?
2,186,p2,1619,dragapult-dusknoir,0995,gholdengo-lunatone
2,187,p2,1350,dragapult-dusknoir,0724,iron-hands-magneton
2,188,tie,1447,gholdengo-lunatone,0826,dragapult-dusknoir
2,189,p1,0987,mega-absol-box,0576,dragapult-charizard
2,190,p2,1093,dragapult-dusknoir,0430,dragapult-dusknoir
2,191,p2,0110,greninja-ex,0531,charizard-noctowl
2,192,p1,0845,raging-bolt-ogerpon,0737,charizard-noctowl
2,193,p2,0370,mega-absol-box,1252,charizard-pidgeot
2,194,p1,0060,dragapult-dusknoir,0617,raging-bolt-ogerpon
2,195,p1,1195,gholdengo-lunatone,1165,lopunny-dusknoir
2,196,tie,0638,charizard-noctowl,0854,charizard-noctowl
2,197,p2,0887,gardevoir-jellicent,0371,gholdengo-lunatone
2,198,p2,0101,gardevoir-jellicent,1002,gardevoir-ex-sv
2,199,p1,0165,grimmsnarl-froslass,1261,crustle-dri
2,200,tie,0902,hydrapple-ogerpon,0751,grimmsnarl-froslass
2,201,p1,1668,ceruledge-ex,1646,dragapult-dusknoir
2,202,p2,1141,charizard-pidgeot,0208,charizard-noctowl
2,203,tie,1010,charizard-pidgeot,0656,gardevoir-jellicent
2,204,p1,0187,charizard-noctowl,1664,gholdengo-lunatone
2,205,tie,1592,charizard-noctowl,1565,dragapult-dusknoir
2,206,p2,1318,flareon-ex,0244,gardevoir-jellicent
2,207,p2,0091,dragapult-dusknoir,0530,charizard-noctowl
2,208,p2,0339,gardevoir-ex-sv,0975,gardevoir-jellicent
2,209,tie,0373,tera-box,0633,raging-bolt-ogerpon
2,210,p1,1223,manectric-eelektrik,1279,charizard-noctowl
2,211,p1,1440,gardevoir-ex-sv,0660,grimmsnarl-froslass
2,212,p2,0279,toedscruel-ex,1040,gholdengo-lunatone
2,213,tie,0508,charizard-noctowl,1295,mega-absol-box
2,214,p1,0427,gholdengo-lunatone,1065,gardevoir-jellicent
2,215,p1,1478,cynthia-garchomp-ex,1502,gardevoir-jellicent
2,216,p1,0115,grimmsnarl-froslass,0696,dragapult-dusknoir
2,217,tie,0657,charizard-noctowl,1381,cynthia-garchomp-ex
2,218,p2,0745,hydrapple-ex,1390,raging-bolt-ogerpon
2,219,p2,0057,charizard-noctowl,1421,alakazam-dudunsparce
2,220,p1,0896,dragapult-dusknoir,0353,gardevoir-ex-sv
2,221,p1,1649,alakazam-meg,1558,ursaluna-lunatone
2,222,p2,0368,dragapult-dusknoir,0806,gardevoir-ex-sv
2,223,p1,1593,gardevoir-ex-sv,0955,dragapult-dusknoir
2,224,p2,1125,grimmsnarl-froslass,0611,gholdengo-lunatone
2,225,p2,1161,dragapult-dusknoir,0342,gardevoir-ex-sv
2,226,p2,1100,mega-lucario-ex,0718,gholdengo-lunatone
2,227,p1,1370,joltik-box,1515,gholdengo-joltik-box
2,228,p1,0685,dragapult-dusknoir,1299,gardevoir-jellicent
2,229,p2,0317,gholdengo-lunatone,0541,gardevoir-ex-sv
2,230,p1,1014,mega-absol-box,0681,gholdengo-ex
2,231,tie,0569,charizard-noctowl,1375,greninja-ex
2,232,p2,1660,dragapult-dusknoir,0587,tera-box
2,233,p1,1328,gardevoir-ex-sv,1506,ceruledge-ex
2,234,p1,1353,kangaskhan-bouffalant,0167,dragapult-dusknoir
2,235,tie,1106,dragapult-dusknoir,0961,dragapult-dusknoir
2,236,tie,0989,joltik-box,1575,dragapult-dusknoir
2,237,p1,1656,dragapult-dusknoir,0595,charizard-pidgeot
2,238,p1,0356,grimmsnarl-froslass,0800,gholdengo-lunatone
2,239,p2,0323,charizard-noctowl,0203,lucario-hariyama
2,240,tie,1658,gardevoir-jellicent,0573,gardevoir-jellicent
2,241,p1,0719,raging-bolt-ogerpon,1284,charizard-pidgeot
2,242,tie,0932,alakazam-dudunsparce,0589,n-zoroark
2,243,p2,0946,cynthia-garchomp-ex,0944,mega-absol-box
2,244,tie,1227,raging-bolt-ogerpon,1310,raging-bolt-ogerpon
2,245,tie,1288,alakazam-dudunsparce,0075,gholdengo-lunatone
2,246,tie,0401,iron-hands-magneton,0001,gardevoir-jellicent
2,247,p2,0610,archaludon-ex,1435,grimmsnarl-froslass
2,248,p2,1522,joltik-box,0708,gardevoir-ex-sv
2,249,p2,0982,dragapult-dusknoir,0907,terapagos-noctowl
2,250,p2,0891,gholdengo-lunatone,1339,ho-oh-armarouge
2,251,p2,1633,dragapult-dusknoir,0893,charizard-noctowl
2,252,p2,0229,charizard-pidgeot,1219,tera-box
2,253,p1,0598,ceruledge-ex,0085,charizard-noctowl
2,254,p2,0759,gardevoir-jellicent,0571,charizard-noctowl
2,255,tie,0464,grimmsnarl-froslass,1115,grimmsnarl-froslass
2,256,p1,1151,gholdengo-lunatone,1523,kangaskhan-bouffalant
2,257,p1,0393,charizard-noctowl,1394,iron-hands-magneton
2,258,p2,0421,raging-bolt-ogerpon,1144,dragapult-dusknoir
2,259,p1,1601,dragapult-dusknoir,1263,gholdengo-lunatone
2,260,tie,0386,gardevoir-ex-sv,1082,raging-bolt-ogerpon
2,261,p2,0193,slaking-ex,1049,dragapult-dusknoir
2,262,p1,0551,?,1425,charizard-noctowl
2,263,p2,0852,gholdengo-ex,0499,grimmsnarl-froslass
2,264,p1,1028,gholdengo-lunatone,0270,charizard-noctowl
2,265,p1,1007,lopunny-dusknoir,1163,joltik-box
2,266,p1,1248,gholdengo-lunatone,1399,dragapult-dusknoir
2,267,p1,1129,dragapult-dusknoir,0097,alakazam-dudunsparce
2,268,p2,0673,gardevoir-jellicent,0822,charizard-pidgeot
2,269,p1,1599,gholdengo-lunatone,0629,dragapult-dusknoir
2,270,tie,0065,dragapult-dusknoir,1427,gholdengo-lunatone
2,271,p2,0180,gholdengo-ex,0744,iron-hands-magneton
2,272,tie,1589,dragapult-dusknoir,0041,dragapult-dusknoir
2,273,p1,0292,joltik-box,0184,dragapult-dusknoir
2,274,p2,1080,sharpedo-toxtricity,0584,gardevoir-ex-sv
2,275,tie,0121,kangaskhan-bouffalant,0642,charizard-noctowl
2,276,p2,1553,dragapult-dusknoir,0347,alakazam-dudunsparce
2,277,p1,0494,charizard-noctowl,1577,dragapult-dusknoir
2,278,p1,1148,cynthia-garchomp-ex,0941,slaking-ex
2,279,tie,1410,gholdengo-lunatone,0539,gholdengo-lunatone
2,280,p2,1388,mega-absol-box,0884,crustle-dri
2,281,p1,1466,mega-absol-box,0778,gardevoir-jellicent
2,282,p2,1290,gardevoir-ex-sv,1584,dragapult-charizard
2,283,p1,0521,dragapult-dusknoir,0768,dragapult-charizard
2,284,tie,0607,dragapult-dusknoir,0120,crustle-dri
2,285,p1,0748,grimmsnarl-froslass,0559,gholdengo-lunatone
2,286,p2,0969,raging-bolt-ogerpon,1674,charizard-noctowl
2,287,p1,1256,grimmsnarl-froslass,0983,charizard-noctowl
2,288,p1,1461,gholdengo-lunatone,0450,dragapult-dusknoir
2,289,tie,0614,gholdengo-lunatone,0870,dragapult-dusknoir
2,290,p2,0225,gholdengo-lunatone,1064,gholdengo-lunatone
2,291,p1,1133,gardevoir-jellicent,1415,charizard-noctowl
2,292,tie,0798,charizard-noctowl,0643,dragapult-dusknoir
2,293,tie,0831,mega-absol-box,1559,gholdengo-lunatone
2,294,p2,0697,dragapult-dusknoir,0262,dragapult-dusknoir
2,295,tie,0141,charizard-noctowl,1154,gardevoir-ex-sv
2,296,p2,0905,dragapult-charizard,1078,mega-absol-box
2,297,p1,0084,gholdengo-lunatone,1544,crustle-dri
2,298,p1,1385,charizard-noctowl,0448,ceruledge-ex
2,299,p2,0930,charizard-noctowl,0146,other
2,300,p1,1267,gardevoir-jellicent,0876,gholdengo-lunatone
2,301,p1,1173,gardevoir-jellicent,0023,dragapult-dusknoir
2,302,p2,0635,dragapult-dusknoir,0425,gholdengo-lunatone
2,303,p1,0133,gholdengo-lunatone,0320,dragapult-dusknoir
2,304,tie,0067,greninja-ex,0594,gholdengo-lunatone
2,305,p1,0663,gholdengo-lunatone,0336,gholdengo-lunatone
2,306,p1,1190,gardevoir-ex-sv,1301,dragapult-dusknoir
2,307,tie,1630,sharpedo-toxtricity,1197,dragapult-dusknoir
2,308,tie,1242,n-zoroark,0950,dragapult-dusknoir
2,309,p2,1384,charizard-pidgeot,0443,greninja-ex
2,310,p1,1312,raging-bolt-ogerpon,1406,dragapult-dusknoir
2,311,tie,0380,pidgeot-control,0198,gholdengo-lunatone
2,312,p2,0307,pidgeot-control,0648,hydrapple-ogerpon
2,313,tie,1676,kangaskhan-bouffalant,1218,raging-bolt-ogerpon
2,314,tie,1458,gholdengo-lunatone,0714,raging-bolt-ogerpon
2,315,p1,1103,iron-hands-magneton,0376,ceruledge-ex
2,316,p1,0343,mega-venusaur-ex,0668,flareon-noctowl
2,317,tie,1246,gholdengo-lunatone,0152,greninja-ex
2,318,p2,0716,raging-bolt-ogerpon,0349,gardevoir-ex-sv
2,319,tie,1528,gardevoir-ex-sv,0480,dragapult-charizard
2,320,p1,1004,gardevoir-jellicent,0877,gardevoir-jellicent
2,321,tie,1191,?,0813,dragapult-dusknoir
2,322,p1,0325,tera-box,1548,gholdengo-lunatone
2,323,tie,1537,archaludon-ex,1346,gholdengo-lunatone
2,324,p1,1150,charizard-pidgeot,0304,gholdengo-lunatone
2,325,p1,0677,charizard-noctowl,1070,dragapult-dusknoir
2,326,tie,0009,gardevoir-jellicent,0898,charizard-noctowl
2,327,p2,0882,mega-absol-box,0756,gholdengo-lunatone
2,328,p2,1286,charizard-pidgeot,1624,dragapult-dusknoir
2,329,p1,0316,mega-camerupt-ex,1363,dragapult-dusknoir
2,330,p2,1118,gardevoir-jellicent,0064,dragapult-dusknoir
2,331,p2,0621,grimmsnarl-froslass,0254,ethan-typhlosion
2,332,p1,1123,marnie-grimmsnarl-ex,0088,gardevoir-jellicent
2,333,tie,0489,gardevoir-jellicent,1535,raging-bolt-ogerpon
2,334,tie,1193,gholdengo-lunatone,1490,mega-absol-box
2,335,p2,0437,gardevoir-ex-sv,0096,cynthia-garchomp-ex
2,336,p1,0482,charizard-noctowl,1222,flareon-noctowl
2,337,p1,1068,lopunny-dusknoir,0672,charizard-noctowl
2,338,p1,0665,raging-bolt-ogerpon,1539,dragapult-dusknoir
2,339,p2,0977,mega-absol-box,0220,n-zoroark
2,340,tie,0934,raging-bolt-ogerpon,1551,dragapult-dusknoir
2,341,p2,1503,dragapult-dusknoir,1210,gholdengo-lunatone
2,342,p1,0021,pidgeot-control,1167,dragapult-dusknoir
2,343,p2,0511,dragapult-dusknoir,0329,dragapult-charizard
2,344,p1,0436,gholdengo-lunatone,0358,ethan-typhlosion
2,345,p2,0022,charizard-noctowl,1135,charizard-noctowl
2,346,tie,0921,gardevoir-ex-sv,0125,charizard-pidgeot
2,347,tie,0478,ceruledge-ex,0938,gardevoir-jellicent
2,348,p2,0671,charizard-pidgeot,1254,n-zoroark
2,349,p2,1200,charizard-pidgeot,0771,dragapult-charizard
2,350,tie,1480,gardevoir-jellicent,1485,n-zoroark
2,351,p1,0726,dragapult-dusknoir,0520,lucario-hariyama
2,352,p2,0087,alakazam-dudunsparce,1303,gardevoir-jellicent
2,353,tie,1489,gardevoir-jellicent,0967,lucario-hariyama
2,354,p1,0504,hydreigon-ex,0330,dragapult-dusknoir
2,355,p2,0807,gardevoir-jellicent,0761,dragapult-dusknoir
2,356,tie,1463,greninja-blaziken,0056,ceruledge-ex
2,357,p1,1542,gardevoir-jellicent,0925,yanmega-ex
2,358,p1,1608,gholdengo-lunatone,1606,charizard-noctowl
2,359,tie,1325,mega-absol-box,0937,gardevoir-jellicent
2,360,p1,1536,grimmsnarl-froslass,1272,charizard-noctowl
2,361,tie,0177,charizard-noctowl,0910,dragapult-charizard
2,362,p2,0787,charizard-noctowl,0257,gardevoir-jellicent
2,363,p2,1455,gholdengo-lunatone,0711,dragapult-dusknoir
2,364,p2,1662,raging-bolt-ogerpon,0334,dragapult-charizard
2,365,p1,1244,gholdengo-lunatone,1552,gardevoir-ex-sv
2,366,p2,0725,dragapult-dusknoir,0434,dragapult-dusknoir
2,367,p2,1119,gholdengo-lunatone,0488,alakazam-dudunsparce
2,368,p2,0527,raging-bolt-ogerpon,0114,gardevoir-jellicent
2,369,p1,0025,gardevoir-jellicent,0061,n-zoroark
2,370,p2,0909,gholdengo-lunatone,1335,greninja-ex
2,371,p1,0868,gardevoir-jellicent,0040,n-zoroark
2,372,tie,0015,dragapult-dusknoir,0361,dragapult-dusknoir
2,373,p2,0579,raging-bolt-ogerpon,0284,joltik-box
2,374,p2,0968,charizard-pidgeot,0045,ceruledge-ex
2,375,p1,0011,raging-bolt-ogerpon,0359,charizard-pidgeot
2,376,p2,1323,gholdengo-lunatone,1183,tera-box
2,377,p2,0823,kangaskhan-bouffalant,1454,gardevoir-jellicent
2,378,p2,0433,gholdengo-lunatone,0927,gholdengo-lunatone
2,379,p1,1635,sharpedo-toxtricity,0662,mega-venusaur-ex
2,380,p2,1607,mega-venusaur-ex,1434,dragapult-dusknoir
2,381,p1,0158,gardevoir-jellicent,1298,dragapult-dusknoir
2,382,p2,0095,grimmsnarl-froslass,0704,gholdengo-lunatone
2,383,p2,0850,charizard-ex,0923,dragapult-dusknoir
2,384,p2,1653,gardevoir-jellicent,0487,gholdengo-lunatone
2,385,p2,0346,gardevoir-ex-sv,0273,gholdengo-lunatone
2,386,tie,0474,lopunny-dusknoir,0235,charizard-noctowl
2,387,p2,0156,raging-bolt-ogerpon,1423,gardevoir-jellicent
2,388,p1,1044,charizard-pidgeot,1055,gardevoir-jellicent
2,389,p1,0625,n-zoroark,1407,charizard-pidgeot
2,390,p1,1365,mega-absol-box,0518,raging-bolt-ogerpon
2,391,p2,0788,flareon-noctowl,1453,lopunny-dusknoir
2,392,p2,1661,raging-bolt-ogerpon,0407,ursaluna-lunatone
2,393,p2,1504,charizard-noctowl,1297,cynthia-garchomp-ex
2,394,tie,1124,gholdengo-lunatone,0182,gardevoir-ex-sv
2,395,p2,0333,raging-bolt-ogerpon,1137,dragapult-dusknoir
2,396,tie,0873,gholdengo-lunatone,1540,dragapult-dusknoir
2,397,p2,1588,seaking-pre,0481,gardevoir-ex-sv
2,398,p2,0039,tyranitar-jtg,1672,gardevoir-jellicent
2,399,p2,0012,gholdengo-joltik-box,0107,gardevoir-jellicent
2,400,p2,1326,mega-kangaskhan-ex,0577,grimmsnarl-froslass
2,401,p1,0258,charizard-noctowl,0460,mega-venusaur-ex
2,402,tie,0580,grimmsnarl-froslass,1022,gardevoir-jellicent
2,403,p1,1271,slowking-scr,0824,cynthia-garchomp-ex
2,404,p2,0780,gholdengo-lunatone,0046,gholdengo-lunatone
2,405,p1,1321,dragapult-dusknoir,0749,dragapult-dusknoir
2,406,p1,1433,gardevoir-jellicent,0132,raging-bolt-ogerpon
2,407,p1,1671,raging-bolt-ogerpon,0683,gholdengo-lunatone
2,408,p2,1605,kangaskhan-bouffalant,0863,gholdengo-lunatone
2,409,p2,0477,mega-absol-box,0703,hydrapple-ogerpon
2,410,p2,1056,cynthia-garchomp-ex,0409,lucario-hariyama
2,411,p2,1636,gholdengo-lunatone,1408,gardevoir-ex-sv
2,412,p2,0314,cynthia-garchomp-ex,1402,gholdengo-lunatone
2,413,p2,1194,dragapult-dusknoir,0484,gardevoir-ex-sv
2,414,p1,1587,gholdengo-lunatone,0928,charizard-pidgeot
2,415,tie,1497,raging-bolt-ogerpon,0461,gardevoir-jellicent
2,416,tie,0157,gholdengo-lunatone,0978,gholdengo-lunatone
2,417,tie,0926,dragapult-dusknoir,0491,gardevoir-jellicent
2,418,p2,0219,gholdengo-lunatone,0779,gardevoir-ex-sv
2,419,p1,1043,charizard-noctowl,1000,charizard-noctowl
2,420,p1,1089,charizard-pidgeot,0526,gardevoir-jellicent
2,421,p1,0384,gardevoir-jellicent,0972,dragapult-dusknoir
2,422,tie,1322,raging-bolt-ogerpon,0383,n-zoroark
2,423,p2,0178,dragapult-charizard,0186,raging-bolt-ogerpon
2,424,p2,0231,charizard-pidgeot,0666,gardevoir-jellicent
2,425,p2,0801,charizard-noctowl,0205,manectric-eelektrik
2,426,p1,0626,dragapult-charizard,0263,gardevoir-jellicent
2,427,p1,0238,joltik-box,1616,joltik-box
2,428,p2,0181,charizard-pidgeot,1184,raging-bolt-ogerpon
2,429,tie,1205,tera-box,1336,flareon-noctowl
2,430,tie,0126,raging-bolt-ogerpon,0578,tera-box
2,431,p1,0838,gardevoir-ex-sv,0062,ethan-typhlosion
2,432,p1,0431,charizard-pidgeot,1541,ceruledge-ex
2,433,p1,1529,charizard-noctowl,0557,flareon-noctowl
2,434,p2,0809,gholdengo-lunatone,0524,gardevoir-ex-sv
2,435,tie,0506,gardevoir-jellicent,0833,gardevoir-ex-sv
2,436,p2,1243,mega-absol-box,0736,charizard-noctowl
2,437,p2,0131,dragapult-dusknoir,0872,dragapult-dusknoir
2,438,tie,1486,dragapult-dusknoir,0345,gardevoir-ex-sv
2,439,p2,0232,dragapult-charizard,1090,ceruledge-ex
2,440,p1,1060,gholdengo-lunatone,1253,dragapult-dusknoir
2,441,p2,0185,dragapult-dusknoir,1401,dragapult-dusknoir
2,442,p1,0523,charizard-noctowl,0762,mega-absol-box
2,443,p2,0528,greninja-ex,0124,dragapult-dusknoir
2,444,p2,0513,dragapult-dusknoir,0712,ceruledge-ex
2,445,p1,0026,charizard-pidgeot,0735,gholdengo-lunatone
2,446,p2,0242,joltik-box,0802,raging-bolt-ogerpon
2,447,tie,1526,joltik-box,0048,lopunny-dusknoir
2,448,tie,1464,dragapult-dusknoir,0435,charizard-pidgeot
2,449,tie,0123,lucario-hariyama,0410,conkeldurr-twm
2,450,p2,0113,charizard-noctowl,1237,charizard-noctowl
2,451,p2,1430,n-zoroark,1071,alakazam-dudunsparce
2,452,p2,0287,charizard-noctowl,0408,dragapult-dusknoir
2,453,tie,0519,charizard-pidgeot,1519,ethan-typhlosion
2,454,tie,1168,charizard-noctowl,0357,gardevoir-jellicent
2,455,p2,0483,gardevoir-ex-sv,1035,charizard-pidgeot
2,456,tie,0772,gholdengo-lunatone,1424,flareon-noctowl
2,457,p2,0871,grimmsnarl-froslass,0620,charizard-noctowl
2,458,p2,0310,gholdengo-lunatone,1136,gholdengo-lunatone
2,459,tie,0485,greninja-ex,1609,?alakazam
2,460,tie,0127,dragapult-charizard,0274,gardevoir-ex-sv
2,461,p1,0992,charizard-pidgeot,0432,dragapult-dusknoir
2,462,p1,0810,gardevoir-jellicent,0108,gholdengo-lunatone
2,463,p2,0492,dragapult-dusknoir,0864,mega-venusaur-ex
2,464,tie,0514,hydrapple-ogerpon,0547,n-zoroark
2,465,p1,0016,mega-absol-box,1615,raging-bolt-ogerpon
2,466,tie,1172,raging-bolt-ogerpon,1366,joltik-box
2,467,p2,1059,ethan-typhlosion,0360,charizard-noctowl
2,468,tie,0940,gholdengo-lunatone,0490,tinkaton-ex
2,469,p2,0503,gholdengo-lunatone,0236,joltik-box
2,470,p1,1324,dragapult-dusknoir,0867,charizard-noctowl
2,471,p2,1206,tera-box,0874,gholdengo-lunatone
2,472,p1,0525,grimmsnarl-froslass,0661,dragapult-charizard
2,473,p2,0849,gardevoir-jellicent,1036,gholdengo-lunatone
2,474,p2,0922,okidogi-ex,0420,ceruledge-ex
2,475,tie,0591,raging-bolt-ogerpon,0808,raging-bolt-ogerpon
2,476,p1,1509,mega-absol-box,0592,gardevoir-jellicent
2,477,tie,0047,dragapult-dusknoir,1199,dragapult-charizard
2,478,tie,1654,dragapult-dusknoir,0684,charizard-pidgeot
2,479,tie,0313,lopunny-dusknoir,0758,dragapult-dusknoir
2,480,p1,1530,dragapult-dusknoir,0939,gardevoir-jellicent
2,481,p2,1138,dragapult-dusknoir,0419,gholdengo-lunatone
2,482,p1,0362,mega-absol-box,0237,ceruledge-ex
2,483,p2,0288,n-zoroark,0971,gholdengo-lunatone
2,484,p1,1525,gardevoir-ex-sv,0438,charizard-pidgeot
2,485,tie,0283,charizard-noctowl,0505,charizard-noctowl
2,486,p2,1610,mega-venusaur-ex,0486,charizard-pidgeot
2,487,p1,1072,grimmsnarl-froslass,0558,charizard-pidgeot
2,488,p2,1491,gholdengo-lunatone,0924,gholdengo-lunatone
2,489,tie,0155,charizard-noctowl,0128,tera-box
2,490,tie,1677,gardevoir-ex-sv,0750,ceruledge-ex
2,491,p1,0517,gholdengo-lunatone,1479,cynthia-garchomp-ex
2,492,p1,1209,gardevoir-ex-sv,0496,mega-venusaur-ex
2,493,tie,0462,dragapult-dusknoir,1456,gholdengo-lunatone
2,494,p2,1067,raging-bolt-ogerpon,0837,charizard-noctowl
2,495,p2,0548,ho-oh-armarouge,0206,gardevoir-jellicent
2,496,tie,1304,charizard-pidgeot,1498,gholdengo-lunatone
2,497,p1,0495,dragapult-dusknoir,0264,grimmsnarl-froslass
2,498,p1,0834,gholdengo-joltik-box,1171,ceruledge-ex
2,499,p2,0055,n-zoroark,0473,n-zoroark
2,500,p2,0757,mega-absol-box,1238,charizard-noctowl
2,501,tie,0619,charizard-noctowl,0999,mega-venusaur-ex
2,502,p2,1510,n-zoroark,1492,dragapult-charizard
2,503,p2,1021,archaludon-ex,0991,mega-absol-box
2,504,p2,0459,dragapult-charizard,0241,n-zoroark
2,505,p1,0309,raging-bolt-ogerpon,1221,flareon-noctowl
2,506,p1,1520,grimmsnarl-froslass,0512,gholdengo-lunatone
2,507,p2,1429,gardevoir-jellicent,0933,iron-thorns-crustle
2,508,p1,0953,other,1234,gholdengo-lunatone
2,509,p2,1211,gardevoir-jellicent,0755,joltik-box
2,510,p2,0836,gardevoir-jellicent,1412,alakazam-dudunsparce
2,511,p2,1166,gholdengo-lunatone,0385,gholdengo-lunatone
2,512,tie,0038,festival-lead,0324,gardevoir-jellicent
2,513,tie,1152,mega-absol-box,0286,dragapult-charizard
2,514,p1,0777,gholdengo-lunatone,0104,gardevoir-jellicent
2,515,p1,0074,iron-hands-magneton,0534,gholdengo-lunatone
2,516,p1,1027,raging-bolt-ogerpon,0213,lopunny-dusknoir
2,517,p1,0738,dragapult-dusknoir,1598,other
2,518,p1,0230,ceruledge-ex,1302,gholdengo-lunatone
2,519,p1,1228,gholdengo-lunatone,0297,dragapult-dusknoir
2,520,p2,1632,gardevoir-jellicent,0145,gholdengo-lunatone
2,521,p1,0760,kangaskhan-bouffalant,1116,charizard-noctowl
2,522,p1,1650,flareon-noctowl,0398,ceruledge-ex
2,523,p2,0076,grimmsnarl-froslass,0631,gardevoir-ex-sv
2,524,p1,0053,raging-bolt-ogerpon,0449,dragapult-dusknoir
2,525,p1,1066,dragapult-charizard,1046,lucario-hariyama
2,526,p2,0447,mega-absol-box,0554,flareon-noctowl
2,527,p1,1531,tera-box,0143,gardevoir-ex-sv
2,528,p1,1121,dragapult-dusknoir,0029,raging-bolt-ogerpon
2,529,tie,0331,toxtricity-pfl,0312,sharpedo-toxtricity
2,530,p1,1186,joltik-box,0092,gholdengo-ex
2,531,tie,1187,charizard-noctowl,0647,dragapult-dusknoir
2,532,p1,0106,alakazam-dudunsparce,0560,gardevoir-jellicent
2,533,p1,0865,gholdengo-lunatone,0028,alakazam-dudunsparce
2,534,p1,1247,ceruledge-ex,0741,gholdengo-lunatone
2,535,p1,0082,raging-bolt-ogerpon,0423,sharpedo-toxtricity
2,536,tie,0543,gholdengo-lunatone,0119,dragapult-dusknoir
2,537,p2,0658,gholdengo-lunatone,1273,gardevoir-jellicent
2,538,p2,0723,gholdengo-lunatone,1448,marnie-grimmsnarl-ex
2,539,p2,1500,grimmsnarl-froslass,0567,gardevoir-jellicent
2,540,p1,1094,dragapult-dusknoir,0422,dragapult-dusknoir
2,541,p2,1317,flareon-noctowl,0825,ursaluna-lunatone
2,542,p2,1255,gholdengo-lunatone,1462,gholdengo-lunatone
2,543,p2,0338,mega-absol-box,0066,alakazam-dudunsparce
2,544,p2,1104,dragapult-ex,0122,gardevoir-ex-sv
2,545,p1,0869,raging-bolt-ogerpon,1567,gholdengo-lunatone
2,546,p2,0848,hydrapple-ogerpon,0216,iron-hands-magneton
2,547,p1,1345,charizard-noctowl,0266,gholdengo-lunatone
2,548,p1,1009,raging-bolt-ogerpon,1364,dragapult-dusknoir
2,549,p1,1178,raging-bolt-ogerpon,0207,gardevoir-jellicent
2,550,tie,0429,alakazam-dudunsparce,0315,n-zoroark
2,551,p1,0034,tera-box,1389,dragapult-dusknoir
2,552,p2,0280,gardevoir-jellicent,1393,gholdengo-lunatone
2,553,p2,1230,rocket-mewtwo-ex,1573,gardevoir-jellicent
2,554,tie,0605,dragapult-dusknoir,0151,dragapult-dusknoir
2,555,p1,1331,charizard-noctowl,1655,sharpedo-toxtricity
2,556,p2,0851,dragapult-dusknoir,1670,charizard-noctowl
2,557,p2,0228,charizard-pidgeot,1102,raging-bolt-ogerpon
2,558,p2,1220,tera-box,0204,charizard-noctowl
2,559,tie,1236,mega-absol-box,1240,raging-bolt-ogerpon
2,560,p1,1683,grimmsnarl-froslass,0163,dragapult-dusknoir
2,561,p1,0839,dragapult-dusknoir,0389,gardevoir-ex-sv
2,562,p2,1620,charizard-pidgeot,1460,gardevoir-jellicent
2,563,p1,0729,gardevoir-jellicent,1386,dragapult-dusknoir
2,564,tie,1113,dragapult-dusknoir,1642,charizard-noctowl
2,565,tie,0817,gholdengo-dragapult,0031,flareon-noctowl
2,566,p2,1560,gholdengo-lunatone,0645,dragapult-dusknoir
2,567,p2,0727,flareon-noctowl,0936,gholdengo-lunatone
2,568,p2,0799,dragapult-dusknoir,1149,charizard-noctowl
2,569,p1,1278,gholdengo-joltik-box,0139,dragapult-dusknoir
2,570,tie,0223,dragapult-dusknoir,1006,dragapult-dusknoir
2,571,p2,1196,charizard-noctowl,1578,charizard-noctowl
2,572,p2,0441,ceruledge-ex,1156,dragapult-dusknoir
2,573,p1,1262,ceruledge-ex,1153,gholdengo-lunatone
2,574,p2,0931,charizard-noctowl,1600,raging-bolt-ogerpon
2,575,p2,1287,gholdengo-lunatone,0426,gholdengo-lunatone
2,576,p1,1657,gholdengo-lunatone,1681,dragapult-charizard
2,577,tie,1276,sharpedo-toxtricity,0217,gardevoir-jellicent
2,578,p1,1566,ceruledge-ex,1250,gardevoir-jellicent
2,579,p2,0883,charizard-noctowl,1202,dragapult-dusknoir
2,580,p1,1053,charizard-noctowl,0599,charizard-pidgeot
2,581,tie,1307,charizard-pidgeot,0593,raging-bolt-ogerpon
2,582,p1,0326,dragapult-dusknoir,0945,dragapult-dusknoir
2,583,p1,1422,manectric-eelektrik,1214,dragapult-dusknoir
2,584,p2,0698,mega-absol-box,1320,grimmsnarl-froslass
2,585,p2,0476,mega-venusaur-ex,0613,n-zoroark
2,586,p2,1008,dragapult-dusknoir,0162,dragapult-dusknoir
2,587,p2,1446,dragapult-dusknoir,0008,mega-absol-box
2,588,p1,0080,gholdengo-lunatone,0881,dragapult-dusknoir
2,589,p1,0002,grimmsnarl-froslass,1376,raging-bolt-ogerpon
2,590,p1,0830,dragapult-dusknoir,0794,gardevoir-jellicent
2,591,p1,1682,gholdengo-lunatone,0590,charizard-ex
2,592,p1,1576,dragapult-charizard,0752,alakazam-dudunsparce
2,593,p1,0090,ceruledge-ex,1062,charizard-noctowl
2,594,p2,0171,gardevoir-ex-sv,0699,other
2,595,p2,0194,tera-box,0374,gholdengo-lunatone
2,596,p1,1245,iron-hands-magneton,0510,dragapult-charizard
2,597,p1,0063,charizard-noctowl,0783,mega-venusaur-ex
2,598,p1,1003,raging-bolt-ogerpon,1383,gholdengo-lunatone
2,599,p1,0651,charizard-noctowl,0018,grimmsnarl-froslass
2,600,p2,1306,raging-bolt-ogerpon,0691,gholdengo-lunatone
2,601,p2,1079,dragapult-dusknoir,0382,dragapult-dusknoir
2,602,p2,1570,joltik-box,1392,charizard-pidgeot
2,603,p1,0597,charizard-noctowl,1571,charizard-noctowl
2,604,p2,0821,dragapult-dusknoir,0805,gholdengo-lunatone
2,605,p1,0709,gholdengo-lunatone,0221,dragapult-charizard
2,606,p1,0493,tera-box,0196,gardevoir-jellicent
2,607,p2,1652,iron-hands-magneton,1330,charizard-noctowl
2,608,p2,1374,lopunny-dusknoir,1439,dragapult-dusknoir
2,609,p2,1432,gardevoir-jellicent,0970,gardevoir-jellicent
2,610,p2,0501,dragapult-dusknoir,1024,dragapult-dusknoir
2,611,p1,0109,ceruledge-ex,1580,raging-bolt-ogerpon
2,612,p1,1283,joltik-box,0348,ceruledge-ex
2,613,tie,0601,dragapult-dusknoir,0269,charizard-noctowl
2,614,p2,1108,archaludon-ex,1048,charizard-noctowl
2,615,p1,1088,gardevoir-ex-sv,0669,?alakazam
2,616,p2,1130,tera-box,0747,n-zoroark
2,617,tie,1096,gardevoir-jellicent,0644,gardevoir-jellicent
2,618,p2,1034,raging-bolt-ogerpon,0694,joltik-box
2,619,p2,0731,charizard-pidgeot,1675,gardevoir-ex-sv
2,620,p1,0130,charizard-pidgeot,0086,raging-bolt-ex
2,621,p2,1556,dragapult-dusknoir,1507,dragapult-dusknoir
2,622,p1,0444,dragapult-dusknoir,1143,dragapult-dusknoir
2,623,p1,0058,gholdengo-lunatone,0549,slowking-scr
2,624,p2,0689,ethan-typhlosion,0998,dragapult-dusknoir
2,625,p2,1174,mega-absol-box,0261,raging-bolt-ogerpon
2,626,p2,1467,ceruledge-ex,0024,lopunny-dusknoir
2,627,p1,0226,gholdengo-ex,0308,raging-bolt-ogerpon
2,628,tie,1356,hydrapple-ogerpon,0773,grimmsnarl-froslass
2,629,p2,0372,charizard-pidgeot,0451,gholdengo-joltik-box
2,630,p2,1311,charizard-pidgeot,1596,gholdengo-lunatone
2,631,tie,1001,ceruledge-ex,1382,gardevoir-ex-sv
2,632,p2,1377,charizard-noctowl,1091,grimmsnarl-froslass
2,633,p2,0417,raging-bolt-ogerpon,1083,gardevoir-jellicent
2,634,p2,1160,charizard-pidgeot,1488,dragapult-dusknoir
2,635,p1,0827,joltik-box,0853,gardevoir-jellicent
2,636,p1,1077,grimmsnarl-froslass,0251,greninja-ex
2,637,p2,0295,dragapult-dusknoir,0812,n-zoroark
2,638,p2,0832,gardevoir-jellicent,0561,iron-hands-magneton
2,639,tie,1590,gardevoir-jellicent,0173,raging-bolt-ogerpon
2,640,tie,1679,ceruledge-ex,0168,gholdengo-lunatone
2,641,tie,0468,gholdengo-lunatone,1602,mega-venusaur-ex
2,642,p1,0770,dragapult-dusknoir,0253,mega-absol-box
2,643,p1,0981,mega-venusaur-ex,0820,n-zoroark
2,644,p2,0210,tera-box,0885,ceruledge-ex
2,645,tie,1270,lucario-hariyama,1086,mega-absol-box
2,646,p2,1109,mega-venusaur-ex,1300,dragapult-dusknoir
2,647,p2,0403,gholdengo-lunatone,1042,ethan-typhlosion
2,648,p2,1524,other,0581,gardevoir-ex-sv
2,649,tie,0609,dragapult-dusknoir,0717,dragapult-dusknoir
2,650,p2,0964,gardevoir-jellicent,1170,alakazam-dudunsparce
2,651,tie,1131,ceruledge-ex,0707,dragapult-dusknoir
2,652,p1,0118,dragapult-dusknoir,0341,slowking-scr
2,653,tie,0516,grimmsnarl-froslass,1180,hydreigon-ex
2,654,p1,1266,gholdengo-lunatone,0675,gholdengo-lunatone
2,655,p1,0624,dragapult-dusknoir,0042,lopunny-dusknoir
2,656,p2,1564,flareon-noctowl,1659,gholdengo-lunatone
2,657,p2,0290,sharpedo-toxtricity,0687,raging-bolt-ogerpon
2,658,p2,0843,gholdengo-lunatone,0901,alakazam-dudunsparce
2,659,tie,1117,gholdengo-lunatone,1198,charizard-noctowl
2,660,p2,1362,gholdengo-ex,0116,charizard-noctowl
2,661,p2,0006,kangaskhan-bouffalant,0743,gholdengo-lunatone
2,662,p1,1545,dragapult-dusknoir,0678,raging-bolt-ogerpon
2,663,p1,0463,raging-bolt-ogerpon,1663,gardevoir-jellicent
2,664,p2,1017,n-zoroark,1645,iron-hands-magneton
2,665,p2,1405,alakazam-dudunsparce,1436,tyranitar-jtg
2,666,p1,1665,flareon-noctowl,0344,festival-lead
2,667,p2,0908,joltik-box,0791,mega-absol-box
2,668,p2,1289,flareon-noctowl,0392,alakazam-dudunsparce
2,669,p1,0564,forretress-ex,0293,charizard-noctowl
2,670,p2,0303,mega-sharpedo-ex,1594,lucario-hariyama
2,671,p1,1063,gardevoir-jellicent,1204,gholdengo-lunatone
2,672,p2,0159,charizard-pidgeot,0962,charizard-pidgeot
2,673,tie,0722,dragapult-dusknoir,0211,gholdengo-lunatone
2,674,tie,0175,reging-bolt-bellibolt,1280,flareon-noctowl
2,675,p2,1604,dragapult-dusknoir,0746,charizard-noctowl
2,676,p1,1164,ursaluna-lunatone,1013,dragapult-dusknoir
2,677,tie,0980,gardevoir-ex-sv,0428,dragapult-dusknoir
2,678,p2,0846,raging-bolt-ogerpon,1625,gholdengo-lunatone
2,679,tie,0570,charizard-noctowl,0914,gholdengo-lunatone
2,680,p2,0411,n-zoroark,0051,gardevoir-ex-sv
2,681,p2,0786,charizard-noctowl,0841,charizard-ex
2,682,p1,1192,gardevoir-jellicent,0369,charizard-noctowl
2,683,p2,1483,grimmsnarl-froslass,0753,dragapult-dusknoir
2,684,tie,1314,gardevoir-ex-sv,1357,raging-bolt-ogerpon
2,685,p2,1134,charizard-pidgeot,0654,gholdengo-lunatone
2,686,p2,0984,dragapult-dusknoir,1098,gardevoir-jellicent
2,687,p1,1673,gholdengo-lunatone,1354,raging-bolt-ogerpon
2,688,p2,1562,raging-bolt-ogerpon,1379,mega-absol-box
2,689,p1,1139,gardevoir-jellicent,0976,gholdengo-lunatone
2,690,tie,0734,ceruledge-ex,1680,cynthia-garchomp-ex
2,691,p2,1442,ceruledge-ex,1465,dragapult-dusknoir
2,692,p1,1414,gholdengo-lunatone,0916,charizard-noctowl
2,693,p1,1473,dragapult-dusknoir,0682,dragapult-dusknoir
2,694,tie,0201,gholdengo-lunatone,1341,gardevoir-ex-sv
2,695,tie,1069,charizard-noctowl,0098,raging-bolt-ogerpon
2,696,p2,1585,grimmsnarl-froslass,0277,festival-lead
2,697,p2,0630,gardevoir-jellicent,0355,gholdengo-lunatone
2,698,p1,1512,charizard-noctowl,0142,charizard-pidgeot
2,699,p2,1611,dragapult-dusknoir,0416,gardevoir-jellicent
2,700,p2,0974,flareon-noctowl,0396,charizard-noctowl
2,701,tie,1457,cynthia-garchomp-ex,1020,iron-hands-magneton
2,702,p2,1418,ceruledge-ex,0153,charizard-noctowl
2,703,p2,1687,mega-absol-box,1327,gholdengo-lunatone
2,704,p1,0500,other,1011,lopunny-dusknoir
2,705,p1,1613,charizard-noctowl,0659,cynthia-garchomp-ex
2,706,p1,0281,mega-absol-box,1099,cynthia-garchomp-ex
2,707,p1,0446,gholdengo-lunatone,1547,gholdengo-lunatone
2,708,p2,0240,charizard-pidgeot,0622,gardevoir-jellicent
2,709,p1,0918,gholdengo-lunatone,1444,grimmsnarl-froslass
2,710,p1,1360,gholdengo-lunatone,1397,dragapult-dusknoir
2,711,p2,1409,raging-bolt-ogerpon,1251,mega-absol-box
2,712,p2,1621,dragapult-dusknoir,0302,gardevoir-jellicent
2,713,tie,0920,dragapult-dusknoir,0136,joltik-box
2,714,p1,0552,gholdengo-lunatone,0036,gardevoir-jellicent
2,715,p1,0994,ceruledge-ex,0364,flareon-noctowl
2,716,p2,0071,gholdengo-lunatone,1643,dragapult-charizard
2,717,p2,0540,mega-absol-box,0628,gholdengo-lunatone
2,718,p1,0183,mega-absol-box,1037,gardevoir-jellicent
2,719,p2,1581,charizard-noctowl,0529,gholdengo-lunatone
2,720,p1,0351,alakazam-dudunsparce,1543,dragapult-charizard
2,721,p2,0147,ceruledge-ex,1232,gholdengo-lunatone
2,722,p1,0942,gardevoir-ex-sv,1426,charizard-pidgeot
2,723,p2,1521,flareon-noctowl,0588,charizard-noctowl
2,724,tie,0271,ethan-typhlosion,1291,charizard-noctowl
2,725,p1,0507,lopunny-dusknoir,0414,raging-bolt-ogerpon
2,726,p2,0245,conkeldurr-twm,1343,dragapult-dusknoir
2,727,p1,0637,gholdengo-joltik-box,1340,gholdengo-lunatone
2,728,p2,0674,cynthia-garchomp-ex,1337,raging-bolt-ogerpon
2,729,p1,1031,gholdengo-lunatone,0572,dragapult-charizard
2,730,p1,1157,dragapult-blaziken,0305,miraidon-ex
2,731,tie,0897,gholdengo-lunatone,0959,n-zoroark
2,732,p1,0739,okidogi-ex,1538,dragapult-dusknoir
2,733,p2,0019,raging-bolt-ogerpon,0406,rocket-mewtwo-ex
2,734,p1,0797,dragapult-dusknoir,0179,dragapult-dusknoir
2,735,p2,0522,dragapult-charizard,0399,dragapult-dusknoir
2,736,p1,0545,dragapult-dusknoir,1371,gardevoir-jellicent
2,737,p1,1400,ceruledge-ex,0996,gardevoir-jellicent
2,738,p1,0394,gardevoir-jellicent,0781,flareon-noctowl
2,739,p1,0636,dragapult-dusknoir,0612,dragapult-dusknoir
2,740,p2,1470,ho-oh-armarouge,1437,mega-venusaur-ex
2,741,tie,1147,gholdengo-lunatone,1217,manectric-eelektrik
2,742,tie,0679,tera-box,1617,grimmsnarl-froslass
2,743,p2,1039,gholdengo-joltik-box,1050,gholdengo-lunatone
2,744,p2,0137,dragapult-dusknoir,0634,mega-absol-box
2,745,p2,0379,gardevoir-jellicent,1689,gholdengo-lunatone
2,746,tie,0986,alakazam-dudunsparce,0715,dragapult-dusknoir
2,747,p2,0328,dragapult-dusknoir,1182,dragapult-dusknoir
2,748,p1,0857,dragapult-dusknoir,0043,gardevoir-ex-sv
2,749,p2,0956,mega-absol-box,0904,raging-bolt-ogerpon
2,750,p1,1404,dragapult-dusknoir,0387,alakazam-dudunsparce
2,751,p2,0767,n-zoroark,0695,cynthia-garchomp-ex
2,752,tie,1369,raging-bolt-ogerpon,0267,dragapult-dusknoir
2,753,p2,0803,gholdengo-lunatone,1026,flareon-noctowl
2,754,tie,0260,dragapult-dusknoir,1189,raging-bolt-ogerpon
2,755,p1,0366,greninja-ex,1684,grimmsnarl-froslass
2,756,p2,0350,n-zoroark,0878,grimmsnarl-froslass
2,757,p2,0790,gardevoir-jellicent,1111,dragapult-dusknoir
2,758,p2,0102,charizard-pidgeot,0795,gholdengo-lunatone
2,759,p2,0603,lucario-hariyama,0197,raging-bolt-ogerpon
2,760,p1,0536,alakazam-dudunsparce,0555,n-zoroark
2,761,tie,0650,dragapult-dusknoir,0574,alakazam-dudunsparce
2,762,p2,1667,lucario-hariyama,1348,raging-bolt-ogerpon
2,763,p1,1640,gholdengo-lunatone,1686,gardevoir-jellicent
2,764,p2,0099,dragapult-charizard,0542,joltik-box
2,765,p1,0471,?,1296,dragapult-dusknoir
2,766,p2,0234,gholdengo-ex,1557,dragapult-charizard
2,767,tie,0596,gholdengo-lunatone,1533,charizard-pidgeot
2,768,p1,1268,charizard-noctowl,0250,dragapult-dusknoir
2,769,p2,0070,gardevoir-jellicent,1549,dragapult-dusknoir
2,770,tie,1281,raging-bolt-ogerpon,0906,charizard-pidgeot
2,771,p2,0888,gholdengo-lunatone,0256,dragapult-charizard
2,772,p2,1450,charizard-noctowl,0248,charizard-pidgeot
2,773,p2,0641,gholdengo-joltik-box,0458,gardevoir-jellicent
2,774,tie,1637,sharpedo-toxtricity,0565,grimmsnarl-froslass
2,775,p2,0375,dragapult-dusknoir,1482,grimmsnarl-froslass
2,776,tie,0169,raging-bolt-ogerpon,1224,dragapult-dusknoir
2,777,tie,1395,dragapult-charizard,0720,greninja-ex
2,778,p2,0776,mega-absol-box,1074,gholdengo-joltik-box
2,779,p2,0814,flareon-noctowl,0367,gardevoir-jellicent
2,780,p2,1472,raging-bolt-ex,1527,dragapult-dusknoir
2,781,tie,0538,charizard-pidgeot,0318,ethan-typhlosion
2,782,p1,1285,n-zoroark,0705,n-zoroark
2,783,p2,1146,charizard-pidgeot,0112,iron-hands-magneton
2,784,tie,1258,ceruledge-ex,1685,gholdengo-lunatone
2,785,p1,0859,dragapult-dusknoir,0655,other
2,786,p2,0083,dragapult-dusknoir,0895,gardevoir-jellicent
2,787,p1,0078,charizard-noctowl,1420,dragapult-dusknoir
2,788,p1,0275,dragapult-charizard,1176,lopunny-dusknoir
2,789,p1,0875,dragapult-dusknoir,0990,dragapult-charizard
2,790,tie,0010,gardevoir-jellicent,0402,other
2,791,p1,0585,?,1081,gholdengo-dragapult
2,792,tie,0943,dragapult-dusknoir,1142,hydrapple-ogerpon
2,793,p2,1259,raging-bolt-ogerpon,0166,lopunny-dusknoir
2,794,p1,0439,mega-absol-box,0199,raging-bolt-ogerpon
2,795,p2,1648,dragapult-dusknoir,0880,charizard-pidgeot
2,796,p1,1495,gholdengo-lunatone,0321,cynthia-garchomp-ex
2,797,tie,0583,dragapult-dusknoir,0947,kangaskhan-bouffalant
2,798,p2,0890,dragapult-dusknoir,0300,mega-venusaur-ex
2,799,p1,1475,roaring-moon-ex,1583,gardevoir-jellicent
2,800,p2,1207,gholdengo-lunatone,0243,gholdengo-lunatone
2,801,p2,0191,dragapult-dusknoir,0003,charizard-noctowl
2,802,tie,0150,lucario-hariyama,0618,greninja-ex
2,803,p1,0189,raging-bolt-ogerpon,1505,charizard-pidgeot
2,804,p1,0340,gholdengo-lunatone,1225,seaking-pre
2,805,p1,0894,dragapult-dusknoir,1368,dragapult-dusknoir
2,806,p2,0988,mega-venusaur-ex,0188,charizard-pidgeot
2,807,p1,1634,charizard-pidgeot,1493,grimmsnarl-froslass
2,808,p2,1016,scovillain-ex,1058,dragapult-dusknoir
2,809,p1,1241,dragapult-dusknoir,0958,charizard-noctowl
2,810,p2,0319,kangaskhan-bouffalant,0664,dragapult-dusknoir
2,811,tie,0861,miraidon-eelektrik,1293,great-tusk-tef
2,812,tie,1688,gardevoir-jellicent,0354,dragapult-ex
2,813,p1,1316,mega-absol-box,1513,gardevoir-jellicent
2,814,p1,1623,dragapult-dusknoir,1030,dragapult-dusknoir
2,815,tie,0068,ceruledge-ex,0713,gholdengo-lunatone
2,816,p2,0532,dragapult-dusknoir,1628,gardevoir-ex-sv
2,817,p1,0291,grimmsnarl-froslass,1516,raging-bolt-ogerpon
2,818,p2,0892,gardevoir-jellicent,1690,joltik-box
2,819,p1,0134,dragapult-dusknoir,1352,gardevoir-jellicent
2,820,p2,0470,gardevoir-jellicent,0575,charizard-pidgeot
2,821,tie,0608,n-zoroark,1105,dragapult-dusknoir
2,822,p1,0965,raging-bolt-ogerpon,0059,cynthia-garchomp-ex
2,823,p1,0479,charizard-noctowl,1349,charizard-pidgeot
2,824,p2,0615,dragapult-dusknoir,1126,n-zoroark
2,825,tie,0640,dragapult-dusknoir,0815,gholdengo-lunatone
2,826,p2,0949,raging-bolt-ogerpon,0667,mega-absol-box
2,827,p1,0455,gardevoir-ex-sv,0686,gardevoir-jellicent
2,828,p2,1554,gholdengo-dudunsparce,1215,gholdengo-lunatone
2,829,tie,1591,gardevoir-jellicent,1518,greninja-ex
2,830,p1,1128,gholdengo-lunatone,0049,gholdengo-lunatone
2,831,p1,1162,gardevoir-jellicent,0763,charizard-noctowl
2,832,tie,1076,gardevoir-ex-sv,0701,gholdengo-lunatone
2,833,p2,1416,ogerpon-meganium,1387,?
2,841,p2,1678,gholdengo-lunatone,1120,dragapult-dusknoir
2,936,tie,0912,charizard-noctowl,0466,ogerpon-meganium
2,938,tie,0899,charizard-noctowl,1264,dragapult-dusknoir
2,,bye,1428,manectric-eelektrik,,
2,,bye,1629,flareon-noctowl,,
2,,bye,1452,dragapult-dusknoir,,
3,1,p1,0889,mega-absol-box,0456,gholdengo-lunatone
3,2,tie,0325,tera-box,1461,gholdengo-lunatone
3,3,p2,0535,gholdengo-lunatone,0784,charizard-noctowl
3,4,tie,0146,other,0187,charizard-noctowl
3,5,p1,1319,gholdengo-lunatone,1007,lopunny-dusknoir
3,6,tie,1624,dragapult-dusknoir,0472,kangaskhan-bouffalant
3,7,tie,1373,dragapult-charizard,0997,charizard-noctowl
3,8,p2,0562,kangaskhan-bouffalant,1208,charizard-noctowl
3,9,p1,1133,gardevoir-jellicent,0860,dragapult-dusknoir
3,10,tie,0744,iron-hands-magneton,1411,charizard-noctowl
3,11,p1,1155,dragapult-dusknoir,0509,dragapult-dusknoir
3,12,p2,1277,charizard-noctowl,0900,dragapult-blaziken
3,13,p1,1328,gardevoir-ex-sv,1190,gardevoir-ex-sv
3,14,tie,1476,raging-bolt-ogerpon,0292,joltik-box
3,15,p2,1674,charizard-noctowl,0649,dragapult-dusknoir
3,16,p1,0413,dragapult-dusknoir,0425,gholdengo-lunatone
3,17,p1,0963,gardevoir-jellicent,0796,raging-bolt-ogerpon
3,18,p2,0272,dragapult-dusknoir,0623,gholdengo-lunatone
3,19,p1,0563,dragapult-ex,1040,gholdengo-lunatone
3,20,p2,0987,mega-absol-box,0551,?
3,21,p2,1014,mega-absol-box,1666,gholdengo-lunatone
3,22,tie,1101,gholdengo-lunatone,1419,dragapult-dusknoir
3,23,p2,1644,gholdengo-lunatone,0719,raging-bolt-ogerpon
3,24,p1,1173,gardevoir-jellicent,0521,dragapult-dusknoir
3,25,p2,1129,dragapult-dusknoir,1256,grimmsnarl-froslass
3,26,p1,0806,gardevoir-ex-sv,0395,raging-bolt-ogerpon
3,27,p1,0170,gardevoir-ex-sv,0606,sharpedo-toxtricity
3,28,tie,1597,charizard-noctowl,0349,gardevoir-ex-sv
3,29,p2,1049,dragapult-dusknoir,0692,gholdengo-lunatone
3,30,p1,0222,charizard-noctowl,0254,ethan-typhlosion
3,31,p1,0733,dragapult-dusknoir,1421,alakazam-dudunsparce
3,32,p2,0244,gardevoir-jellicent,0893,charizard-noctowl
3,33,p2,0393,charizard-noctowl,0584,gardevoir-ex-sv
3,34,p2,0390,dragapult-dusknoir,1584,dragapult-charizard
3,35,p2,0598,ceruledge-ex,1370,joltik-box
3,36,p1,0907,terapagos-noctowl,0316,mega-camerupt-ex
3,37,p1,1601,dragapult-dusknoir,1294,mega-venusaur-ex
3,38,tie,1151,gholdengo-lunatone,0249,dragapult-dusknoir
3,39,p1,0829,gardevoir-ex-sv,1148,cynthia-garchomp-ex
3,40,p2,0702,dragapult-charizard,0995,gholdengo-lunatone
3,41,p2,0440,gholdengo-lunatone,1668,ceruledge-ex
3,42,tie,0648,hydrapple-ogerpon,0769,ursaluna-lunatone
3,43,p2,0663,gholdengo-lunatone,0627,alakazam-dudunsparce
3,44,tie,0677,charizard-noctowl,0060,dragapult-dusknoir
3,45,p1,0064,dragapult-dusknoir,1385,charizard-noctowl
3,46,p2,0708,gardevoir-ex-sv,0115,grimmsnarl-froslass
3,47,p1,1004,gardevoir-jellicent,1631,dragapult-dusknoir
3,48,tie,0718,gholdengo-lunatone,0604,gardevoir-ex-sv
3,49,p2,1390,raging-bolt-ogerpon,0896,dragapult-dusknoir
3,50,tie,1179,grimmsnarl-froslass,0227,dragapult-dusknoir
3,51,p2,0913,raging-bolt-ogerpon,0391,dragapult-dusknoir
3,52,tie,0728,dragapult-dusknoir,0356,grimmsnarl-froslass
3,53,p2,0035,dragapult-dusknoir,0415,charizard-pidgeot
3,54,p1,1572,gholdengo-lunatone,0165,grimmsnarl-froslass
3,55,p2,0176,charizard-dragapult,1612,lopunny-dusknoir
3,56,p2,0541,gardevoir-ex-sv,1435,grimmsnarl-froslass
3,57,p1,1188,dragapult-dusknoir,0632,alakazam-dudunsparce
3,58,p2,0343,mega-venusaur-ex,0371,gholdengo-lunatone
3,59,p1,0973,dragapult-charizard,1032,gholdengo-lunatone
3,60,tie,1219,tera-box,1201,n-zoroark
3,61,p1,1651,dragapult-dusknoir,0427,gholdengo-lunatone
3,62,p2,1260,gholdengo-lunatone,1403,mega-absol-box
3,63,p2,1484,gholdengo-lunatone,0079,gardevoir-jellicent
3,64,p2,1107,froslass-munkidori,0944,mega-absol-box
3,65,p1,0276,raging-bolt-ogerpon,1478,cynthia-garchomp-ex
3,66,tie,0154,dragapult-dusknoir,0405,raging-bolt-ogerpon
3,67,p1,0033,gardevoir-jellicent,0680,gholdengo-lunatone
3,68,p1,1012,gardevoir-jellicent,1656,dragapult-dusknoir
3,69,p2,1110,gardevoir-jellicent,0327,dragapult-dusknoir
3,70,p2,0467,ethan-typhlosion,1248,gholdengo-lunatone
3,71,tie,1064,gholdengo-lunatone,0084,gholdengo-lunatone
3,72,p2,1329,gholdengo-lunatone,1235,gardevoir-ex-sv
3,73,p1,1045,dragapult-dusknoir,0252,tera-box
3,74,p1,1338,lopunny-dusknoir,1339,ho-oh-armarouge
3,75,p1,0443,greninja-ex,0430,dragapult-dusknoir
3,76,p2,0985,gardevoir-ex-sv,1599,gholdengo-lunatone
3,77,p2,0161,gholdengo-lunatone,0828,gardevoir-ex-sv
3,78,p1,0886,gardevoir-ex-sv,1061,dragapult-dusknoir
3,79,tie,1075,gholdengo-lunatone,0676,joltik-box
3,80,tie,0100,gholdengo-lunatone,0259,gholdengo-lunatone
3,81,tie,0214,gardevoir-ex-sv,0587,tera-box
3,82,p1,1195,gholdengo-lunatone,1028,gholdengo-lunatone
3,83,p1,0639,charizard-pidgeot,1568,charizard-pidgeot
3,84,tie,1579,dragapult-dusknoir,0742,gardevoir-jellicent
3,85,tie,1223,manectric-eelektrik,0262,dragapult-dusknoir
3,86,p1,1114,dragapult-dusknoir,0822,charizard-pidgeot
3,87,p2,1078,mega-absol-box,0140,greninja-ex
3,88,p2,0855,gardevoir-jellicent,1649,alakazam-meg
3,89,p2,0454,lopunny-dusknoir,0203,lucario-hariyama
3,90,p1,1471,dragapult-dusknoir,0397,charizard-noctowl
3,91,p2,0884,crustle-dri,1159,gardevoir-ex-sv
3,92,p2,1252,charizard-pidgeot,0027,grimmsnarl-froslass
3,93,p2,0294,raging-bolt-ogerpon,0311,gholdengo-lunatone
3,94,p2,0208,charizard-noctowl,0571,charizard-noctowl
3,95,p1,0915,gholdengo-lunatone,0710,gholdengo-lunatone
3,96,p1,0342,gardevoir-ex-sv,0148,gholdengo-lunatone
3,97,p2,0020,charizard-pidgeot,1312,raging-bolt-ogerpon
3,98,p1,0748,grimmsnarl-froslass,1267,gardevoir-jellicent
3,99,p2,0530,charizard-noctowl,0975,gardevoir-jellicent
3,100,tie,1103,iron-hands-magneton,0724,iron-hands-magneton
3,101,p2,1092,gholdengo-lunatone,0144,gardevoir-ex-sv
3,102,p2,1355,gholdengo-lunatone,1451,gholdengo-lunatone
3,103,tie,0337,gardevoir-jellicent,0866,tera-box
3,104,p2,0706,grimmsnarl-froslass,0685,dragapult-dusknoir
3,105,p2,1353,kangaskhan-bouffalant,0756,gholdengo-lunatone
3,106,p1,1378,charizard-noctowl,0693,charizard-noctowl
3,107,p1,1468,raging-bolt-ogerpon,0494,charizard-noctowl
3,108,p2,0347,alakazam-dudunsparce,1144,dragapult-dusknoir
3,109,tie,1351,charizard-noctowl,1344,dragapult-dusknoir
3,110,p1,1466,mega-absol-box,0452,gardevoir-ex-sv
3,111,p2,1002,gardevoir-ex-sv,0499,grimmsnarl-froslass
3,112,tie,1175,?,1622,gholdengo-lunatone
3,113,tie,1150,charizard-pidgeot,1203,dragapult-dusknoir
3,114,p1,0845,raging-bolt-ogerpon,0531,charizard-noctowl
3,115,p1,0133,gholdengo-lunatone,0363,gholdengo-lunatone
3,116,tie,1443,gholdengo-lunatone,1626,ceruledge-ex
3,117,p2,0475,dragapult-dusknoir,0278,gardevoir-jellicent
3,118,p2,0497,kangaskhan-bouffalant,1440,gardevoir-ex-sv
3,119,tie,0174,toxtricity-pfl,1367,gholdengo-lunatone
3,120,p2,0754,dragapult-charizard,0611,gholdengo-lunatone
3,121,p2,0616,dragapult-dusknoir,1639,dragapult-dusknoir
3,122,p2,1459,charizard-noctowl,1481,dragapult-dusknoir
3,123,p1,0004,charizard-noctowl,1593,gardevoir-ex-sv
3,124,tie,1041,gholdengo-lunatone,0917,dragapult-dusknoir
3,125,tie,1630,sharpedo-toxtricity,0504,hydreigon-ex
3,126,tie,0362,mega-absol-box,1427,gholdengo-lunatone
3,127,p1,0486,charizard-pidgeot,0334,dragapult-charizard
3,128,p2,0704,gholdengo-lunatone,1511,dragapult-dusknoir
3,129,tie,0434,dragapult-dusknoir,0011,raging-bolt-ogerpon
3,130,tie,0117,n-zoroark,0979,gardevoir-ex-sv
3,131,p2,1542,gardevoir-jellicent,0508,charizard-noctowl
3,132,p1,1158,kangaskhan-bouffalant,0360,charizard-noctowl
3,133,p1,1019,dragapult-dusknoir,1010,charizard-pidgeot
3,134,p2,0751,grimmsnarl-froslass,1036,gholdengo-lunatone
3,135,p2,0224,dragapult-dusknoir,1458,gholdengo-lunatone
3,136,p2,0831,mega-absol-box,0923,dragapult-dusknoir
3,137,tie,0872,dragapult-dusknoir,1534,charizard-noctowl
3,138,tie,0220,n-zoroark,0445,dragapult-dusknoir
3,139,p1,0826,dragapult-dusknoir,0041,dragapult-dusknoir
3,140,p1,1431,gholdengo-lunatone,0158,gardevoir-jellicent
3,141,p1,0205,manectric-eelektrik,0761,dragapult-dusknoir
3,142,tie,1135,charizard-noctowl,0927,gholdengo-lunatone
3,143,p1,0384,gardevoir-jellicent,1638,alakazam-dudunsparce
3,144,tie,1492,dragapult-charizard,0381,gholdengo-lunatone
3,145,tie,0626,dragapult-charizard,0408,dragapult-dusknoir
3,146,p2,0045,ceruledge-ex,0141,charizard-noctowl
3,147,p2,1375,greninja-ex,0553,charizard-noctowl
3,148,p1,1453,lopunny-dusknoir,0577,grimmsnarl-froslass
3,149,p1,1398,gardevoir-jellicent,1184,raging-bolt-ogerpon
3,150,p1,1123,marnie-grimmsnarl-ex,1433,gardevoir-jellicent
3,151,p1,0044,charizard-pidgeot,0525,grimmsnarl-froslass
3,152,p2,0798,charizard-noctowl,0120,crustle-dri
3,153,p2,1210,gholdengo-lunatone,1271,slowking-scr
3,154,tie,0774,dragapult-dusknoir,0919,rocket-mewtwo-ex
3,155,p1,1525,gardevoir-ex-sv,1226,dragapult-dusknoir
3,156,p2,1537,archaludon-ex,0714,raging-bolt-ogerpon
3,157,tie,0238,joltik-box,0614,gholdengo-lunatone
3,158,p1,0380,pidgeot-control,1589,dragapult-dusknoir
3,159,p2,1324,dragapult-dusknoir,0200,dragapult-dusknoir
3,160,tie,0172,dragapult-dusknoir,1231,dragapult-dusknoir
3,161,p1,0870,dragapult-dusknoir,1137,dragapult-dusknoir
3,162,p1,0198,gholdengo-lunatone,1546,gardevoir-jellicent
3,163,p2,0524,gardevoir-ex-sv,0854,charizard-noctowl
3,164,p2,1671,raging-bolt-ogerpon,0625,n-zoroark
3,165,p1,0932,alakazam-dudunsparce,1244,gholdengo-lunatone
3,166,p2,0457,crustle-dri,0021,pidgeot-control
3,167,p1,0740,gholdengo-lunatone,0001,gardevoir-jellicent
3,168,p1,1346,gholdengo-lunatone,1269,grimmsnarl-froslass
3,169,tie,1136,gholdengo-lunatone,0726,dragapult-dusknoir
3,170,p2,0016,mega-absol-box,1095,raging-bolt-ogerpon
3,171,tie,0992,charizard-pidgeot,1082,raging-bolt-ogerpon
3,172,p1,0868,gardevoir-jellicent,0989,joltik-box
3,173,p2,0879,mega-absol-box,0903,charizard-pidgeot
3,174,p2,0124,dragapult-dusknoir,1676,kangaskhan-bouffalant
3,175,p2,1614,dragapult-dusknoir,0152,greninja-ex
3,176,p1,1242,n-zoroark,0573,gardevoir-jellicent
3,177,p1,0711,dragapult-dusknoir,1068,lopunny-dusknoir
3,178,p2,0065,dragapult-dusknoir,0285,raging-bolt-ogerpon
3,179,p1,1209,gardevoir-ex-sv,1434,dragapult-dusknoir
3,180,p1,0484,gardevoir-ex-sv,0404,dragapult-charizard
3,181,tie,1402,gholdengo-lunatone,0282,gholdengo-lunatone
3,182,p2,1641,gholdengo-lunatone,0594,gholdengo-lunatone
3,183,p2,1292,dragapult-dusknoir,0568,kangaskhan-bouffalant
3,184,p2,1561,mega-absol-box,1044,charizard-pidgeot
3,185,tie,1038,gardevoir-jellicent,0401,iron-hands-magneton
3,186,tie,0495,dragapult-dusknoir,0388,charizard-noctowl
3,187,tie,1335,greninja-ex,1342,charizard-pidgeot
3,188,tie,1592,charizard-noctowl,0793,gholdengo-lunatone
3,189,tie,0186,raging-bolt-ogerpon,1191,?
3,190,p1,1295,mega-absol-box,0586,dragapult-charizard
3,191,p1,0332,charizard-pidgeot,0638,charizard-noctowl
3,192,p2,1447,gholdengo-lunatone,0712,ceruledge-ex
3,193,tie,1154,gardevoir-ex-sv,1658,gardevoir-jellicent
3,194,p2,0775,gholdengo-lunatone,1445,gholdengo-lunatone
3,195,p2,0236,joltik-box,1380,gholdengo-lunatone
3,196,p1,0730,gardevoir-jellicent,1060,gholdengo-lunatone
3,197,p1,1529,charizard-noctowl,0255,gholdengo-lunatone
3,198,tie,1106,dragapult-dusknoir,1303,gardevoir-jellicent
3,199,p2,1413,dragapult-dusknoir,0898,charizard-noctowl
3,200,p2,0233,gardevoir-jellicent,0517,gholdengo-lunatone
3,201,p1,1408,gardevoir-ex-sv,1563,raging-bolt-ogerpon
3,202,p1,0902,hydrapple-ogerpon,0052,gholdengo-lunatone
3,203,p1,1454,gardevoir-jellicent,0026,charizard-pidgeot
3,204,tie,0950,dragapult-dusknoir,0164,gardevoir-jellicent
3,205,tie,1115,grimmsnarl-froslass,0378,raging-bolt-ogerpon
3,206,p1,0665,raging-bolt-ogerpon,0067,greninja-ex
3,207,p2,0072,charizard-pidgeot,0482,charizard-noctowl
3,208,p1,0736,charizard-noctowl,0046,gholdengo-lunatone
3,209,tie,0539,gholdengo-lunatone,0971,gholdengo-lunatone
3,210,p2,1297,cynthia-garchomp-ex,0284,joltik-box
3,211,p1,1275,charizard-noctowl,1177,ceruledge-ex
3,212,p1,1635,sharpedo-toxtricity,0473,n-zoroark
3,213,p2,0257,gardevoir-jellicent,0589,n-zoroark
3,214,p2,0409,lucario-hariyama,0329,dragapult-charizard
3,215,p2,1047,gholdengo-lunatone,1169,grimmsnarl-froslass
3,216,tie,1499,gardevoir-ex-sv,1090,ceruledge-ex
3,217,p2,1536,grimmsnarl-froslass,0834,gholdengo-joltik-box
3,218,p1,0802,raging-bolt-ogerpon,1035,charizard-pidgeot
3,219,p1,1365,mega-absol-box,0481,gardevoir-ex-sv
3,220,tie,0838,gardevoir-ex-sv,0810,gardevoir-jellicent
3,221,p2,1127,raging-bolt-ogerpon,0114,gardevoir-jellicent
3,222,p2,1238,charizard-noctowl,1575,dragapult-dusknoir
3,223,tie,1587,gholdengo-lunatone,0206,gardevoir-jellicent
3,224,p2,0652,dragapult-charizard,1254,n-zoroark
3,225,p2,0025,gardevoir-jellicent,0480,dragapult-charizard
3,226,tie,0813,dragapult-dusknoir,0373,tera-box
3,227,p2,0842,gholdengo-lunatone,1288,alakazam-dudunsparce
3,228,p2,0569,charizard-noctowl,0420,ceruledge-ex
3,229,p2,1212,raging-bolt-ogerpon,0656,gardevoir-jellicent
3,230,p1,0874,gholdengo-lunatone,1672,gardevoir-jellicent
3,231,tie,1183,tera-box,0386,gardevoir-ex-sv
3,232,p2,0550,alakazam-dudunsparce,1085,gholdengo-lunatone
3,233,p2,1423,gardevoir-jellicent,1084,gholdengo-lunatone
3,234,p1,0911,gholdengo-lunatone,0643,dragapult-dusknoir
3,235,p2,1381,cynthia-garchomp-ex,1071,alakazam-dudunsparce
3,236,p1,0666,gardevoir-jellicent,0488,alakazam-dudunsparce
3,237,p2,1321,dragapult-dusknoir,0703,hydrapple-ogerpon
3,238,tie,0620,charizard-noctowl,1197,dragapult-dusknoir
3,239,tie,0431,charizard-pidgeot,1237,charizard-noctowl
3,240,p2,0017,gardevoir-ex-sv,0933,iron-thorns-crustle
3,241,tie,0306,?,1033,charizard-pidgeot
3,242,p2,0779,gardevoir-ex-sv,1087,cynthia-garchomp-ex
3,243,p2,0960,joltik-box,1072,grimmsnarl-froslass
3,244,p1,1089,charizard-pidgeot,1073,charizard-noctowl
3,245,p1,0129,charizard-noctowl,1227,raging-bolt-ogerpon
3,246,tie,0465,charizard-noctowl,0657,charizard-noctowl
3,247,p1,0258,charizard-noctowl,0407,ursaluna-lunatone
3,248,p1,1530,dragapult-dusknoir,0075,gholdengo-lunatone
3,249,p2,0924,gholdengo-lunatone,0069,gholdengo-lunatone
3,250,p2,0954,gardevoir-ex-sv,0273,gholdengo-lunatone
3,251,p2,0642,charizard-noctowl,1401,dragapult-dusknoir
3,252,p1,0582,charizard-noctowl,1310,raging-bolt-ogerpon
3,253,p1,1043,charizard-noctowl,0991,mega-absol-box
3,254,p1,0764,gholdengo-lunatone,0121,kangaskhan-bouffalant
3,255,p1,0771,dragapult-charizard,0487,gholdengo-lunatone
3,256,p1,1218,raging-bolt-ogerpon,1528,gardevoir-ex-sv
3,257,p2,1347,dragapult-dusknoir,1559,gholdengo-lunatone
3,258,p1,0419,gholdengo-lunatone,0464,grimmsnarl-froslass
3,259,p2,0241,n-zoroark,1249,mega-absol-box
3,260,p1,0309,raging-bolt-ogerpon,1509,mega-absol-box
3,261,p1,1140,gholdengo-lunatone,0633,raging-bolt-ogerpon
3,262,p2,1246,gholdengo-lunatone,1410,gholdengo-lunatone
3,263,tie,1097,dragapult-dusknoir,1233,?
3,264,p2,0863,gholdengo-lunatone,0837,charizard-noctowl
3,265,p2,0107,gardevoir-jellicent,1216,gardevoir-jellicent
3,266,p1,1565,dragapult-dusknoir,0009,gardevoir-jellicent
3,267,p2,1213,n-zoroark,0607,dragapult-dusknoir
3,268,p2,1438,dragapult-dusknoir,1520,grimmsnarl-froslass
3,269,p2,0864,mega-venusaur-ex,0298,charizard-noctowl
3,270,p1,1120,dragapult-dusknoir,0212,dragapult-dusknoir
3,271,p2,0096,cynthia-garchomp-ex,1608,gholdengo-lunatone
3,272,p2,0442,charizard-noctowl,0436,gholdengo-lunatone
3,273,p2,0961,dragapult-dusknoir,0700,gardevoir-jellicent
3,274,p2,0523,charizard-noctowl,0385,gholdengo-lunatone
3,275,p2,1502,gardevoir-jellicent,0760,kangaskhan-bouffalant
3,276,p1,1031,gholdengo-lunatone,1128,gholdengo-lunatone
3,277,p2,0646,lucario-hariyama,0455,gardevoir-ex-sv
3,278,tie,1557,dragapult-charizard,1576,dragapult-charizard
3,279,p2,0166,lopunny-dusknoir,0533,gholdengo-lunatone
3,280,tie,1266,gholdengo-lunatone,1363,dragapult-dusknoir
3,281,tie,0797,dragapult-dusknoir,0935,gardevoir-jellicent
3,282,p2,1618,kangaskhan-bouffalant,1569,alakazam-dudunsparce
3,283,p1,1285,n-zoroark,1475,roaring-moon-ex
3,284,tie,1170,alakazam-dudunsparce,1050,gholdengo-lunatone
3,285,p2,0852,gholdengo-ex,0448,ceruledge-ex
3,286,p2,1121,dragapult-dusknoir,0664,dragapult-dusknoir
3,287,p1,0215,charizard-pidgeot,1506,ceruledge-ex
3,288,tie,1181,charizard-noctowl,1139,gardevoir-jellicent
3,289,tie,0037,dragapult-dusknoir,0078,charizard-noctowl
3,290,p1,0479,charizard-noctowl,0695,cynthia-garchomp-ex
3,291,tie,1634,charizard-pidgeot,0721,dragapult-dusknoir
3,292,p2,0118,dragapult-dusknoir,0190,joltik-box
3,293,p2,0631,gardevoir-ex-sv,0965,raging-bolt-ogerpon
3,294,p1,1399,dragapult-dusknoir,0600,grimmsnarl-froslass
3,295,p2,1507,dragapult-dusknoir,0610,archaludon-ex
3,296,p2,1675,gardevoir-ex-sv,1332,charizard-noctowl
3,297,tie,0697,dragapult-dusknoir,0729,gardevoir-jellicent
3,298,tie,0502,dragapult-dusknoir,1474,joltik-box
3,299,p1,0066,alakazam-dudunsparce,0053,raging-bolt-ogerpon
3,300,p1,0670,dragapult-dusknoir,0628,gholdengo-lunatone
3,301,tie,1544,crustle-dri,0515,ceruledge-ex
3,302,tie,0063,charizard-noctowl,0595,charizard-pidgeot
3,303,tie,1690,joltik-box,1650,flareon-noctowl
3,304,p1,1645,iron-hands-magneton,0110,greninja-ex
3,305,p1,1003,raging-bolt-ogerpon,1596,gholdengo-lunatone
3,306,p1,1343,dragapult-dusknoir,1025,charizard-pidgeot
3,307,p1,1350,dragapult-dusknoir,1162,gardevoir-jellicent
3,308,p2,1396,gholdengo-lunatone,0382,dragapult-dusknoir
3,309,p1,1512,charizard-noctowl,0875,dragapult-dusknoir
3,310,tie,0745,hydrapple-ex,1088,gardevoir-ex-sv
3,311,p1,0624,dragapult-dusknoir,1600,raging-bolt-ogerpon
3,312,tie,1404,dragapult-dusknoir,1284,charizard-pidgeot
3,313,tie,0812,n-zoroark,1318,flareon-ex
3,314,p2,0544,gardevoir-jellicent,1469,charizard-noctowl
3,315,p1,1241,dragapult-dusknoir,1646,dragapult-dusknoir
3,316,p1,0825,ursaluna-lunatone,1574,dragapult-dusknoir
3,317,p2,1682,gholdengo-lunatone,0869,raging-bolt-ogerpon
3,318,tie,1586,gholdengo-lunatone,0567,gardevoir-jellicent
3,319,p2,0275,dragapult-charizard,0552,gholdengo-lunatone
3,320,p1,1337,raging-bolt-ogerpon,0322,dragapult-dusknoir
3,321,p1,0688,dragapult-dusknoir,1448,marnie-grimmsnarl-ex
3,322,tie,0367,gardevoir-jellicent,0058,gholdengo-lunatone
3,323,tie,1595,gardevoir-jellicent,1578,charizard-noctowl
3,324,p2,0057,charizard-noctowl,0400,dragapult-dusknoir
3,325,p1,1057,flareon-noctowl,0621,grimmsnarl-froslass
3,326,p1,0770,dragapult-dusknoir,0256,dragapult-charizard
3,327,p2,1058,dragapult-dusknoir,1449,flareon-noctowl
3,328,tie,1360,gholdengo-lunatone,0229,charizard-pidgeot
3,329,p1,1102,raging-bolt-ogerpon,0857,dragapult-dusknoir
3,330,p1,0660,grimmsnarl-froslass,0160,dragapult-dusknoir
3,331,p2,1308,sharpedo-toxtricity,1083,gardevoir-jellicent
3,332,tie,0412,dragapult-dusknoir,0426,gholdengo-lunatone
3,333,p2,1065,gardevoir-jellicent,0370,mega-absol-box
3,334,p2,0529,gholdengo-lunatone,1156,dragapult-dusknoir
3,335,p2,0970,gardevoir-jellicent,0994,ceruledge-ex
3,336,p1,0546,grimmsnarl-froslass,1664,gholdengo-lunatone
3,337,p1,1202,dragapult-dusknoir,1392,charizard-pidgeot
3,338,p2,1412,alakazam-dudunsparce,0279,toedscruel-ex
3,339,p1,0204,charizard-noctowl,0901,alakazam-dudunsparce
3,340,p2,0396,charizard-noctowl,1274,charizard-noctowl
3,341,p2,0051,gardevoir-ex-sv,1327,gholdengo-lunatone
3,342,p2,1391,conkeldurr-twm,1305,gardevoir-jellicent
3,343,tie,1126,n-zoroark,0746,charizard-noctowl
3,344,p1,1482,grimmsnarl-froslass,0317,gholdengo-lunatone
3,345,p2,1215,gholdengo-lunatone,0340,gholdengo-lunatone
3,346,p1,0668,flareon-noctowl,0336,gholdengo-lunatone
3,347,tie,1627,charizard-noctowl,0716,raging-bolt-ogerpon
3,348,p2,0230,ceruledge-ex,0819,charizard-noctowl
3,349,p2,0941,slaking-ex,1098,gardevoir-jellicent
3,350,p2,1558,ursaluna-lunatone,0895,gardevoir-jellicent
3,351,p1,0394,gardevoir-jellicent,1400,ceruledge-ex
3,352,tie,0792,gardevoir-jellicent,1262,ceruledge-ex
3,353,p2,0918,gholdengo-lunatone,0878,grimmsnarl-froslass
3,354,p1,1118,gardevoir-jellicent,0082,raging-bolt-ogerpon
3,355,p1,1555,joltik-box,0352,gardevoir-ex-sv
3,356,tie,0597,charizard-noctowl,1670,charizard-noctowl
3,357,p1,1257,gholdengo-lunatone,0406,rocket-mewtwo-ex
3,358,p2,1359,gardevoir-jellicent,1283,joltik-box
3,359,tie,1112,gholdengo-lunatone,0392,alakazam-dudunsparce
3,360,p1,1582,ethan-typhlosion,1163,joltik-box
3,361,p1,0439,mega-absol-box,0399,dragapult-dusknoir
3,362,tie,0202,mega-venusaur-ex,1313,n-zoroark
3,363,tie,0050,charizard-noctowl,0091,dragapult-dusknoir
3,364,p2,1462,gholdengo-lunatone,0629,dragapult-dusknoir
3,365,p1,0138,iron-hands-magneton,1441,gardevoir-jellicent
3,366,p1,0416,gardevoir-jellicent,0818,charizard-noctowl
3,367,tie,0265,gardevoir-jellicent,0368,dragapult-dusknoir
3,368,p2,1029,gholdengo-lunatone,0768,dragapult-charizard
3,369,tie,0225,gholdengo-lunatone,1669,dragapult-dusknoir
3,370,tie,0830,dragapult-dusknoir,1414,gholdengo-lunatone
3,371,p2,1473,dragapult-dusknoir,0561,iron-hands-magneton
3,372,p2,1573,gardevoir-jellicent,0966,grimmsnarl-froslass
3,373,p2,0247,seaking-pre,1132,dragapult-dusknoir
3,374,p1,0743,gholdengo-lunatone,0135,gholdengo-lunatone
3,375,tie,0766,greninja-ex,0005,gholdengo-lunatone
3,376,p1,0635,dragapult-dusknoir,0811,mega-venusaur-ex
3,377,p2,0145,gholdengo-lunatone,1566,ceruledge-ex
3,378,p1,1051,gholdengo-lunatone,0024,lopunny-dusknoir
3,379,p1,0326,dragapult-dusknoir,0865,gholdengo-lunatone
3,380,p2,0946,cynthia-garchomp-ex,0153,charizard-noctowl
3,381,p2,1192,gardevoir-jellicent,0936,gholdengo-lunatone
3,382,p2,0351,alakazam-dudunsparce,0841,charizard-ex
3,383,tie,1093,dragapult-dusknoir,1273,gardevoir-jellicent
3,384,p1,0339,gardevoir-ex-sv,1186,joltik-box
3,385,p2,1178,raging-bolt-ogerpon,1689,gholdengo-lunatone
3,386,p1,0876,gholdengo-lunatone,0008,mega-absol-box
3,387,tie,0785,dragapult-charizard,1070,dragapult-dusknoir
3,388,p1,0800,gholdengo-lunatone,0537,greninja-ex
3,389,p1,1508,gholdengo-joltik-box,1548,gholdengo-lunatone
3,390,p1,0281,mega-absol-box,1024,dragapult-dusknoir
3,391,p1,0617,raging-bolt-ogerpon,1122,mega-absol-box
3,392,p2,0130,charizard-pidgeot,0613,n-zoroark
3,393,p1,1316,mega-absol-box,0564,forretress-ex
3,394,p1,0739,okidogi-ex,0002,grimmsnarl-froslass
3,395,p2,0953,other,1522,joltik-box
3,396,p1,0696,dragapult-dusknoir,0581,gardevoir-ex-sv
3,397,p2,1406,dragapult-dusknoir,1487,dragapult-dusknoir
3,398,tie,0097,alakazam-dudunsparce,1465,dragapult-dusknoir
3,399,p1,1643,dragapult-charizard,1532,charizard-noctowl
3,400,p2,0962,charizard-pidgeot,1594,lucario-hariyama
3,401,p2,0106,alakazam-dudunsparce,0957,charizard-noctowl
3,402,tie,0500,other,1161,dragapult-dusknoir
3,403,p2,1023,ho-oh-armarouge,1488,dragapult-dusknoir
3,404,p1,0862,greninja-ex,1149,charizard-noctowl
3,405,p1,1428,manectric-eelektrik,1439,dragapult-dusknoir
3,406,p2,1245,iron-hands-magneton,0180,gholdengo-ex
3,407,p2,1268,charizard-noctowl,1647,dragapult-dusknoir
3,408,p1,0366,greninja-ex,0816,gholdengo-lunatone
3,409,tie,0654,gholdengo-lunatone,1613,charizard-noctowl
3,410,p1,0891,gholdengo-lunatone,1239,espathra-xatu
3,411,tie,0969,raging-bolt-ogerpon,1659,gholdengo-lunatone
3,412,tie,0732,n-zoroark,1015,n-zoroark
3,413,tie,0450,dragapult-dusknoir,0444,dragapult-dusknoir
3,414,p1,1053,charizard-noctowl,0887,gardevoir-jellicent
3,415,p2,1228,gholdengo-lunatone,1452,dragapult-dusknoir
3,416,p2,1320,grimmsnarl-froslass,0645,dragapult-dusknoir
3,417,tie,0585,?,0894,dragapult-dusknoir
3,418,p1,0993,flareon-noctowl,1361,gardevoir-jellicent
3,419,p1,1673,gholdengo-lunatone,0602,gholdengo-lunatone
3,420,p1,0122,gardevoir-ex-sv,1080,sharpedo-toxtricity
3,421,p1,0277,festival-lead,0651,charizard-noctowl
3,422,tie,0023,dragapult-dusknoir,0195,charizard-noctowl
3,423,p2,1683,grimmsnarl-froslass,0687,raging-bolt-ogerpon
3,424,p2,1640,gholdengo-lunatone,1394,iron-hands-magneton
3,425,p1,1165,lopunny-dusknoir,1063,gardevoir-jellicent
3,426,p2,1665,flareon-noctowl,1527,dragapult-dusknoir
3,427,p2,1625,gholdengo-lunatone,0291,grimmsnarl-froslass
3,428,p1,1229,gholdengo-lunatone,0421,raging-bolt-ogerpon
3,429,tie,1358,dragapult-dusknoir,0844,raging-bolt-ogerpon
3,430,p1,1091,grimmsnarl-froslass,1247,ceruledge-ex
3,431,p1,1300,dragapult-dusknoir,1545,dragapult-dusknoir
3,432,p1,1628,gardevoir-ex-sv,0149,gholdengo-lunatone
3,433,p2,1232,gholdengo-lunatone,0112,iron-hands-magneton
3,434,p1,1279,charizard-noctowl,0759,gardevoir-jellicent
3,435,p2,1145,ethan-typhlosion,1531,tera-box
3,436,p1,1379,mega-absol-box,0218,gardevoir-ex-sv
3,437,p2,1577,dragapult-dusknoir,0804,gardevoir-jellicent
3,438,p2,1660,dragapult-dusknoir,0101,gardevoir-jellicent
3,439,p2,1603,?,0248,charizard-pidgeot
3,440,p2,1437,mega-venusaur-ex,0839,dragapult-dusknoir
3,441,p2,0193,slaking-ex,0080,gholdengo-lunatone
3,442,p1,0451,gholdengo-joltik-box,1387,?
3,443,p2,0355,gholdengo-lunatone,1514,gholdengo-lunatone
3,444,p1,0942,gardevoir-ex-sv,0905,dragapult-charizard
3,445,p2,0162,dragapult-dusknoir,0469,dragapult-dusknoir
3,446,p1,1251,mega-absol-box,0789,gardevoir-ex-sv
3,447,p2,0471,?,1125,grimmsnarl-froslass
3,448,p2,0090,ceruledge-ex,0184,dragapult-dusknoir
3,449,p2,0634,mega-absol-box,1393,gholdengo-lunatone
3,450,p2,1054,gholdengo-lunatone,0691,gholdengo-lunatone
3,451,tie,1042,ethan-typhlosion,0032,tera-box
3,452,tie,1077,grimmsnarl-froslass,1553,dragapult-dusknoir
3,453,tie,0268,charizard-noctowl,0300,mega-venusaur-ex
3,454,p2,0880,charizard-pidgeot,0209,dragapult-dusknoir
3,455,p1,0299,dragapult-dusknoir,1623,dragapult-dusknoir
3,456,tie,1372,gholdengo-lunatone,0554,flareon-noctowl
3,457,p2,0827,joltik-box,0183,mega-absol-box
3,458,p1,1388,mega-absol-box,0983,charizard-noctowl
3,459,tie,1299,gardevoir-jellicent,1330,charizard-noctowl
3,460,p2,1515,gholdengo-joltik-box,0109,ceruledge-ex
3,461,p1,0246,gardevoir-jellicent,0536,alakazam-dudunsparce
3,462,p1,1523,kangaskhan-bouffalant,1657,gholdengo-lunatone
3,463,p1,0637,gholdengo-joltik-box,1141,charizard-pidgeot
3,464,p1,0709,gholdengo-lunatone,1425,charizard-noctowl
3,465,p2,1157,dragapult-blaziken,0116,charizard-noctowl
3,466,tie,0738,dragapult-dusknoir,0111,dragapult-dusknoir
3,467,p1,1619,dragapult-dusknoir,0261,raging-bolt-ogerpon
3,468,tie,0054,dragapult-dusknoir,1333,grimmsnarl-froslass
3,469,p2,0034,tera-box,0197,raging-bolt-ogerpon
3,470,tie,0014,charizard-noctowl,0667,mega-absol-box
3,471,p2,1094,dragapult-dusknoir,1164,ursaluna-lunatone
3,472,p1,0955,dragapult-dusknoir,1009,raging-bolt-ogerpon
3,473,p1,1261,crustle-dri,0653,gholdengo-joltik-box
3,474,p1,1018,charizard-noctowl,0948,gardevoir-jellicent
3,475,p2,0542,joltik-box,0778,gardevoir-jellicent
3,476,p2,0085,charizard-noctowl,0882,mega-absol-box
3,477,p2,0981,mega-venusaur-ex,1517,gholdengo-lunatone
3,478,p2,1495,gholdengo-lunatone,0446,gholdengo-lunatone
3,479,p2,0690,flareon-noctowl,1436,tyranitar-jtg
3,480,p2,0575,charizard-pidgeot,0270,charizard-noctowl
3,481,p2,0418,dragapult-charizard,0998,dragapult-dusknoir
3,482,p1,1633,dragapult-dusknoir,1331,charizard-noctowl
3,483,p1,1417,gardevoir-ex-sv,0877,gardevoir-jellicent
3,484,p1,1315,charizard-noctowl,0556,flareon-noctowl
3,485,p1,1048,charizard-noctowl,0636,dragapult-dusknoir
3,486,p2,1496,tera-box,0559,gholdengo-lunatone
3,487,p2,1494,flareon-noctowl,1027,raging-bolt-ogerpon
3,488,p2,0694,joltik-box,0507,lopunny-dusknoir
3,489,p1,0840,dragapult-dusknoir,0353,gardevoir-ex-sv
3,490,p2,0930,charizard-noctowl,0376,ceruledge-ex
3,491,tie,1026,flareon-noctowl,0755,joltik-box
3,492,p1,0805,gholdengo-lunatone,0458,gardevoir-jellicent
3,493,p2,0188,charizard-pidgeot,0216,iron-hands-magneton
3,494,tie,0302,gardevoir-jellicent,0859,dragapult-dusknoir
3,495,p1,0791,mega-absol-box,0243,gholdengo-lunatone
3,496,p2,0795,gholdengo-lunatone,0982,dragapult-dusknoir
3,497,tie,1265,raging-bolt-ogerpon,1549,dragapult-dusknoir
3,498,p1,0307,pidgeot-control,1460,gardevoir-jellicent
3,499,tie,0782,gholdengo-lunatone,0463,raging-bolt-ogerpon
3,500,p1,0737,charizard-noctowl,0365,charizard-pidgeot
3,501,tie,1111,dragapult-dusknoir,0105,gardevoir-jellicent
3,502,p1,0747,n-zoroark,0077,dragapult-dusknoir
3,503,p2,1629,flareon-noctowl,0074,iron-hands-magneton
3,504,p1,0753,dragapult-dusknoir,1066,dragapult-charizard
3,505,p1,0073,cynthia-garchomp-ex,1074,gholdengo-joltik-box
3,506,p2,1348,raging-bolt-ogerpon,0081,dragapult-dusknoir
3,507,p1,1005,gardevoir-jellicent,0566,raging-bolt-ogerpon
3,508,p2,0374,gholdengo-lunatone,0134,dragapult-dusknoir
3,509,p1,0189,raging-bolt-ogerpon,0424,gholdengo-ex
3,510,p2,0003,charizard-noctowl,1263,gholdengo-lunatone
3,511,p2,1290,gardevoir-ex-sv,1278,gholdengo-joltik-box
3,512,p2,1550,gholdengo-lunatone,0320,dragapult-dusknoir
3,513,p2,1415,charizard-noctowl,0289,dragapult-dusknoir
3,514,p2,0493,tera-box,1100,mega-lucario-ex
3,515,p2,0777,gholdengo-lunatone,0226,gholdengo-ex
3,516,p2,0885,ceruledge-ex,1384,charizard-pidgeot
3,517,p2,0030,cynthia-garchomp-ex,1182,dragapult-dusknoir
3,518,p2,0951,crustle-dri,1422,manectric-eelektrik
3,519,p1,1286,charizard-pidgeot,0304,gholdengo-lunatone
3,520,p1,0167,dragapult-dusknoir,0588,charizard-noctowl
3,521,p2,0545,dragapult-dusknoir,0007,dragapult-dusknoir
3,522,p1,0904,raging-bolt-ogerpon,0681,gholdengo-ex
3,523,p2,0093,mega-absol-box,1345,charizard-noctowl
3,524,p2,0576,dragapult-charizard,0296,gholdengo-lunatone
3,525,p2,0673,gardevoir-jellicent,0089,dragapult-dusknoir
3,526,tie,0103,charizard-noctowl,0301,grimmsnarl-froslass
3,527,tie,1301,dragapult-dusknoir,0192,mega-absol-box
3,528,p2,0699,other,0323,charizard-noctowl
3,529,p1,1185,dragapult-dusknoir,0239,dragapult-charizard
3,530,p1,0835,iron-hands-magneton,0622,gardevoir-jellicent
3,531,p2,1282,gardevoir-ex-sv,0847,conkeldurr-twm
3,532,p2,0547,n-zoroark,0506,gardevoir-jellicent
3,533,p1,0474,lopunny-dusknoir,0047,dragapult-dusknoir
3,534,p2,0410,conkeldurr-twm,0910,dragapult-charizard
3,535,p1,1677,gardevoir-ex-sv,0967,lucario-hariyama
3,536,p1,0182,gardevoir-ex-sv,0283,charizard-noctowl
3,537,p2,0926,dragapult-dusknoir,0015,dragapult-dusknoir
3,538,p1,0619,charizard-noctowl,0873,gholdengo-lunatone
3,539,p1,0128,tera-box,0491,gardevoir-jellicent
3,540,p1,1540,dragapult-dusknoir,0937,gardevoir-jellicent
3,541,p1,0591,raging-bolt-ogerpon,1480,gardevoir-jellicent
3,542,p1,0978,gholdengo-lunatone,1485,n-zoroark
3,543,p2,1654,dragapult-dusknoir,0833,gardevoir-ex-sv
3,544,p2,1535,raging-bolt-ogerpon,1336,flareon-noctowl
3,545,tie,1486,dragapult-dusknoir,0505,charizard-noctowl
3,546,p1,0274,gardevoir-ex-sv,1172,raging-bolt-ogerpon
3,547,tie,1199,dragapult-charizard,0772,gholdengo-lunatone
3,548,p2,0999,mega-venusaur-ex,0489,gardevoir-jellicent
3,549,tie,1424,flareon-noctowl,1124,gholdengo-lunatone
3,550,p2,0126,raging-bolt-ogerpon,1322,raging-bolt-ogerpon
3,551,p1,0383,n-zoroark,0361,dragapult-dusknoir
3,552,p1,0345,gardevoir-ex-sv,0934,raging-bolt-ogerpon
3,553,p2,1205,tera-box,0357,gardevoir-jellicent
3,554,p2,0940,gholdengo-lunatone,1498,gholdengo-lunatone
3,555,p1,0177,charizard-noctowl,1464,dragapult-dusknoir
3,556,tie,1497,raging-bolt-ogerpon,0056,ceruledge-ex
3,557,tie,1609,?alakazam,0519,charizard-pidgeot
3,558,p2,0155,charizard-noctowl,0921,gardevoir-ex-sv
3,559,p2,0750,ceruledge-ex,0578,tera-box
3,560,p1,0490,tinkaton-ex,0758,dragapult-dusknoir
3,561,tie,1022,gardevoir-jellicent,0048,lopunny-dusknoir
3,562,p2,0478,ceruledge-ex,1168,charizard-noctowl
3,563,p2,0157,gholdengo-lunatone,1489,gardevoir-jellicent
3,564,p1,0938,gardevoir-jellicent,0125,charizard-pidgeot
3,565,p2,0313,lopunny-dusknoir,0435,charizard-pidgeot
3,566,p1,1193,gholdengo-lunatone,1366,joltik-box
3,567,p1,1519,ethan-typhlosion,0127,dragapult-charizard
3,568,p2,0514,hydrapple-ogerpon,0485,greninja-ex
3,569,p1,1456,gholdengo-lunatone,0808,raging-bolt-ogerpon
3,570,p2,0684,charizard-pidgeot,1490,mega-absol-box
3,571,p2,1304,charizard-pidgeot,0462,dragapult-dusknoir
3,572,p1,1325,mega-absol-box,1551,dragapult-dusknoir
3,573,tie,0123,lucario-hariyama,0235,charizard-noctowl
3,574,p2,1463,greninja-blaziken,0461,gardevoir-jellicent
3,575,p1,1526,joltik-box,0580,grimmsnarl-froslass
3,576,p2,0925,yanmega-ex,1541,ceruledge-ex
3,577,p2,0288,n-zoroark,0483,gardevoir-ex-sv
3,578,p2,0492,dragapult-dusknoir,0906,charizard-pidgeot
3,579,p1,0849,gardevoir-jellicent,0503,gholdengo-lunatone
3,580,tie,1326,mega-kangaskhan-ex,1221,flareon-noctowl
3,581,p1,0264,grimmsnarl-froslass,0095,grimmsnarl-froslass
3,582,p2,1591,gardevoir-jellicent,0939,gardevoir-jellicent
3,583,p2,0715,dragapult-dusknoir,0824,cynthia-garchomp-ex
3,584,p2,0762,mega-absol-box,1610,mega-venusaur-ex
3,585,p2,1314,gardevoir-ex-sv,0061,n-zoroark
3,586,p2,1457,cynthia-garchomp-ex,0477,mega-absol-box
3,587,p1,1280,flareon-noctowl,0788,flareon-noctowl
3,588,tie,0511,dragapult-dusknoir,0108,gholdengo-lunatone
3,589,p2,0151,dragapult-dusknoir,1341,gardevoir-ex-sv
3,590,tie,1661,raging-bolt-ogerpon,1636,gholdengo-lunatone
3,591,p2,0168,gholdengo-lunatone,1602,mega-venusaur-ex
3,592,p2,1323,gholdengo-lunatone,1653,gardevoir-jellicent
3,593,p2,0318,ethan-typhlosion,0722,dragapult-dusknoir
3,594,p2,1059,ethan-typhlosion,1264,dragapult-dusknoir
3,595,tie,0330,dragapult-dusknoir,0823,kangaskhan-bouffalant
3,596,p2,0672,charizard-noctowl,1069,charizard-noctowl
3,597,p2,1217,manectric-eelektrik,0269,charizard-noctowl
3,598,tie,1117,gholdengo-lunatone,0055,n-zoroark
3,599,tie,1395,dragapult-charizard,1407,charizard-pidgeot
3,600,p2,0543,gholdengo-lunatone,1000,charizard-noctowl
3,601,p1,0237,ceruledge-ex,1270,lucario-hariyama
3,602,p2,0223,dragapult-dusknoir,1637,sharpedo-toxtricity
3,603,tie,1021,archaludon-ex,1258,ceruledge-ex
3,604,p2,1590,gardevoir-jellicent,0920,dragapult-dusknoir
3,605,p1,0608,n-zoroark,0271,ethan-typhlosion
3,606,p2,1198,charizard-noctowl,1298,dragapult-dusknoir
3,607,p1,1006,dragapult-dusknoir,1200,charizard-pidgeot
3,608,tie,0596,gholdengo-lunatone,1552,gardevoir-ex-sv
3,609,tie,1076,gardevoir-ex-sv,1152,mega-absol-box
3,610,tie,1096,gardevoir-jellicent,0513,dragapult-dusknoir
3,611,tie,0749,dragapult-dusknoir,0928,charizard-pidgeot
3,612,p1,0809,gholdengo-lunatone,0263,gardevoir-jellicent
3,613,p2,1533,charizard-pidgeot,0242,joltik-box
3,614,p2,1369,raging-bolt-ogerpon,1607,mega-venusaur-ex
3,615,tie,0609,dragapult-dusknoir,1357,raging-bolt-ogerpon
3,616,p1,0713,gholdengo-lunatone,1171,ceruledge-ex
3,617,p1,0683,gholdengo-lunatone,0324,gardevoir-jellicent
3,618,tie,0592,gardevoir-jellicent,1680,cynthia-garchomp-ex
3,619,p1,0867,charizard-noctowl,0565,grimmsnarl-froslass
3,620,p2,0331,toxtricity-pfl,1001,ceruledge-ex
3,621,p1,0022,charizard-noctowl,0583,dragapult-dusknoir
3,622,p2,0088,gardevoir-jellicent,0132,raging-bolt-ogerpon
3,623,p1,1147,gholdengo-lunatone,0437,gardevoir-ex-sv
3,624,p1,0181,charizard-pidgeot,0012,gholdengo-joltik-box
3,625,p1,0662,mega-venusaur-ex,0977,mega-absol-box
3,626,p1,0312,sharpedo-toxtricity,0260,dragapult-dusknoir
3,627,p2,0315,n-zoroark,0801,charizard-noctowl
3,628,p2,1429,gardevoir-jellicent,1142,hydrapple-ogerpon
3,629,p2,0725,dragapult-dusknoir,0850,charizard-ex
3,630,p1,1491,gholdengo-lunatone,0640,dragapult-dusknoir
3,631,p2,0119,dragapult-dusknoir,1617,grimmsnarl-froslass
3,632,p2,1382,gardevoir-ex-sv,1189,raging-bolt-ogerpon
3,633,p1,0734,ceruledge-ex,0512,gholdengo-lunatone
3,634,tie,1086,mega-absol-box,0358,ethan-typhlosion
3,635,p2,0438,charizard-pidgeot,1067,raging-bolt-ogerpon
3,636,tie,0735,gholdengo-lunatone,1180,hydreigon-ex
3,637,p1,1616,joltik-box,0579,raging-bolt-ogerpon
3,638,p2,0558,charizard-pidgeot,1253,dragapult-dusknoir
3,639,p1,0538,charizard-pidgeot,0333,raging-bolt-ogerpon
3,640,p1,0173,raging-bolt-ogerpon,0871,grimmsnarl-froslass
3,641,tie,1240,raging-bolt-ogerpon,0178,dragapult-charizard
3,642,tie,1167,dragapult-dusknoir,0150,lucario-hariyama
3,643,p1,0922,okidogi-ex,0175,reging-bolt-bellibolt
3,644,tie,0031,flareon-noctowl,1356,hydrapple-ogerpon
3,645,tie,1131,ceruledge-ex,1539,dragapult-dusknoir
3,646,p1,1119,gholdengo-lunatone,1588,seaking-pre
3,647,p1,1479,cynthia-garchomp-ex,1291,charizard-noctowl
3,648,p2,0359,charizard-pidgeot,0701,gholdengo-lunatone
3,649,p2,0914,gholdengo-lunatone,0644,gardevoir-jellicent
3,650,p2,1662,raging-bolt-ogerpon,1615,raging-bolt-ogerpon
3,651,p1,0909,gholdengo-lunatone,1518,greninja-ex
3,652,p2,1055,gardevoir-jellicent,1272,charizard-noctowl
3,653,p2,0402,other,0428,dragapult-dusknoir
3,654,tie,0947,kangaskhan-bouffalant,0433,gholdengo-lunatone
3,655,p2,0432,dragapult-dusknoir,0526,gardevoir-jellicent
3,656,p2,0286,dragapult-charizard,1455,gholdengo-lunatone
3,657,p1,0518,raging-bolt-ogerpon,1685,gholdengo-lunatone
3,658,p1,0972,dragapult-dusknoir,0912,charizard-noctowl
3,659,p2,0548,ho-oh-armarouge,0943,dragapult-dusknoir
3,660,p1,0807,gardevoir-jellicent,0010,gardevoir-jellicent
3,661,p1,0787,charizard-noctowl,0040,n-zoroark
3,662,p2,1187,charizard-noctowl,0601,dragapult-dusknoir
3,663,p1,0815,gholdengo-lunatone,0605,dragapult-dusknoir
3,664,p1,0201,gholdengo-lunatone,1293,great-tusk-tef
3,665,p2,0136,joltik-box,0131,dragapult-dusknoir
3,666,p1,0217,gardevoir-jellicent,0717,dragapult-dusknoir
3,667,tie,0570,charizard-noctowl,0773,grimmsnarl-froslass
3,668,tie,1281,raging-bolt-ogerpon,0354,dragapult-ex
3,669,tie,0232,dragapult-charizard,0528,greninja-ex
3,670,p1,0429,alakazam-dudunsparce,0468,gholdengo-lunatone
3,671,p2,0113,charizard-noctowl,1206,tera-box
3,672,tie,0231,charizard-pidgeot,0185,dragapult-dusknoir
3,673,p2,0757,mega-absol-box,0780,gholdengo-lunatone
3,674,tie,0219,gholdengo-lunatone,0679,tera-box
3,675,p1,1504,charizard-noctowl,0068,ceruledge-ex
3,676,p2,0156,raging-bolt-ogerpon,1688,gardevoir-jellicent
3,677,p1,0287,charizard-noctowl,1606,charizard-noctowl
3,678,tie,0087,alakazam-dudunsparce,0707,dragapult-dusknoir
3,679,tie,1642,charizard-noctowl,0574,alakazam-dudunsparce
3,680,p1,0496,mega-venusaur-ex,1194,dragapult-dusknoir
3,681,tie,0647,dragapult-dusknoir,0039,tyranitar-jtg
3,682,p2,1605,kangaskhan-bouffalant,0038,festival-lead
3,683,p2,0459,dragapult-charizard,0959,n-zoroark
3,684,p2,1113,dragapult-dusknoir,1430,n-zoroark
3,685,p1,0650,dragapult-dusknoir,0671,charizard-pidgeot
3,686,p1,0062,ethan-typhlosion,0211,gholdengo-lunatone
3,687,p2,1020,iron-hands-magneton,0897,gholdengo-lunatone
3,688,tie,0817,gholdengo-dragapult,0557,flareon-noctowl
3,689,tie,0098,raging-bolt-ogerpon,1056,cynthia-garchomp-ex
3,690,p2,0267,dragapult-dusknoir,0310,gholdengo-lunatone
3,691,p1,1510,n-zoroark,1236,mega-absol-box
3,692,p1,1222,flareon-noctowl,0516,grimmsnarl-froslass
3,693,p2,0661,dragapult-charizard,0169,raging-bolt-ogerpon
3,694,tie,0986,alakazam-dudunsparce,0314,cynthia-garchomp-ex
3,695,p1,0460,mega-venusaur-ex,0980,gardevoir-ex-sv
3,696,p1,0720,greninja-ex,1243,mega-absol-box
3,697,p2,0968,charizard-pidgeot,0593,raging-bolt-ogerpon
3,698,p1,1503,dragapult-dusknoir,1224,dragapult-dusknoir
3,699,p2,1307,charizard-pidgeot,1679,ceruledge-ex
3,700,p2,0520,lucario-hariyama,1138,dragapult-dusknoir
3,701,p1,0527,raging-bolt-ogerpon,1276,sharpedo-toxtricity
3,702,tie,1684,grimmsnarl-froslass,1405,alakazam-dudunsparce
3,703,p1,1470,ho-oh-armarouge,0159,charizard-pidgeot
3,704,p2,0786,charizard-noctowl,1472,raging-bolt-ex
3,705,p2,0019,raging-bolt-ogerpon,0221,dragapult-charizard
3,706,p1,1554,gholdengo-dudunsparce,1418,ceruledge-ex
3,707,tie,1220,tera-box,0042,lopunny-dusknoir
3,708,p1,1046,lucario-hariyama,0767,n-zoroark
3,709,p1,1250,gardevoir-jellicent,1483,grimmsnarl-froslass
3,710,p2,0783,mega-venusaur-ex,0171,gardevoir-ex-sv
3,711,p1,0659,cynthia-garchomp-ex,0572,dragapult-charizard
3,712,p2,1013,dragapult-dusknoir,0843,gholdengo-lunatone
3,713,tie,0253,mega-absol-box,0803,gholdengo-lunatone
3,714,p2,0086,raging-bolt-ex,1214,dragapult-dusknoir
3,715,p1,0350,n-zoroark,0213,lopunny-dusknoir
3,716,p1,0752,alakazam-dudunsparce,1513,gardevoir-jellicent
3,717,tie,1543,dragapult-charizard,1081,gholdengo-dragapult
3,718,p1,1204,gholdengo-lunatone,1109,mega-venusaur-ex
3,719,p1,0705,n-zoroark,1547,gholdengo-lunatone
3,720,tie,1296,dragapult-dusknoir,0988,mega-venusaur-ex
3,721,p1,0006,kangaskhan-bouffalant,1556,dragapult-dusknoir
3,722,tie,1397,dragapult-dusknoir,0799,dragapult-dusknoir
3,723,tie,0540,mega-absol-box,1230,rocket-mewtwo-ex
3,724,p1,0848,hydrapple-ogerpon,1652,iron-hands-magneton
3,725,tie,1008,dragapult-dusknoir,1311,charizard-pidgeot
3,726,p2,1687,mega-absol-box,0682,dragapult-dusknoir
3,727,p2,1302,gholdengo-lunatone,1153,gholdengo-lunatone
3,728,p2,0669,?alakazam,1493,grimmsnarl-froslass
3,729,p1,0974,flareon-noctowl,0836,gardevoir-jellicent
3,730,p1,1560,gholdengo-lunatone,1368,dragapult-dusknoir
3,731,p2,0251,greninja-ex,1352,gardevoir-jellicent
3,732,tie,0881,dragapult-dusknoir,0036,gardevoir-jellicent
3,733,p1,0403,gholdengo-lunatone,0821,dragapult-dusknoir
3,734,p2,0207,gardevoir-jellicent,0532,dragapult-dusknoir
3,735,p1,0890,dragapult-dusknoir,0447,mega-absol-box
3,736,p2,0976,gholdengo-lunatone,0908,joltik-box
3,737,p1,1255,gholdengo-lunatone,1166,gholdengo-lunatone
3,738,p1,0731,charizard-pidgeot,0560,gardevoir-jellicent
3,739,tie,0945,dragapult-dusknoir,0641,gholdengo-joltik-box
3,740,p2,0293,charizard-noctowl,0892,gardevoir-jellicent
3,741,p1,0295,dragapult-dusknoir,1176,lopunny-dusknoir
3,742,p1,1583,gardevoir-jellicent,1611,dragapult-dusknoir
3,743,p1,1598,other,0364,flareon-noctowl
3,744,p2,0996,gardevoir-jellicent,1409,raging-bolt-ogerpon
3,745,tie,0820,n-zoroark,0615,dragapult-dusknoir
3,746,p2,0076,grimmsnarl-froslass,0059,cynthia-garchomp-ex
3,747,p2,1134,charizard-pidgeot,1604,dragapult-dusknoir
3,748,p1,1383,gholdengo-lunatone,1374,lopunny-dusknoir
3,749,p1,0143,gardevoir-ex-sv,0250,dragapult-dusknoir
3,750,tie,0790,gardevoir-jellicent,0049,gholdengo-lunatone
3,751,p1,0990,dragapult-charizard,0522,dragapult-charizard
3,752,p2,1099,cynthia-garchomp-ex,1432,gardevoir-jellicent
3,753,p1,0245,conkeldurr-twm,1524,other
3,754,tie,1567,gholdengo-lunatone,1585,grimmsnarl-froslass
3,755,p2,1450,charizard-noctowl,0321,cynthia-garchomp-ex
3,756,tie,1030,dragapult-dusknoir,1500,grimmsnarl-froslass
3,757,p2,0727,flareon-noctowl,1287,gholdengo-lunatone
3,758,p2,0599,charizard-pidgeot,1062,charizard-noctowl
3,759,p2,0832,gardevoir-jellicent,0658,gholdengo-lunatone
3,760,tie,0341,slowking-scr,0763,charizard-noctowl
3,761,p2,0240,charizard-pidgeot,1034,raging-bolt-ogerpon
3,762,p2,0984,dragapult-dusknoir,1386,dragapult-dusknoir
3,763,p1,1037,gardevoir-jellicent,1104,dragapult-ex
3,764,p2,0266,gholdengo-lunatone,0814,flareon-noctowl
3,765,p2,1681,dragapult-charizard,0328,dragapult-dusknoir
3,766,p2,0853,gardevoir-jellicent,1017,n-zoroark
3,767,p1,0422,dragapult-dusknoir,1349,charizard-pidgeot
3,768,p2,0102,charizard-pidgeot,1234,gholdengo-lunatone
3,769,p2,0674,cynthia-garchomp-ex,1259,raging-bolt-ogerpon
3,770,p1,1196,charizard-noctowl,0686,gardevoir-jellicent
3,771,tie,1562,raging-bolt-ogerpon,1317,flareon-noctowl
3,772,p2,0414,raging-bolt-ogerpon,1039,gholdengo-joltik-box
3,773,p1,0723,gholdengo-lunatone,1655,sharpedo-toxtricity
3,774,p1,0387,alakazam-dudunsparce,0029,raging-bolt-ogerpon
3,775,p2,1420,dragapult-dusknoir,0303,mega-sharpedo-ex
3,776,tie,0083,dragapult-dusknoir,1364,dragapult-dusknoir
3,777,tie,0104,gardevoir-jellicent,1143,dragapult-dusknoir
3,778,tie,0137,dragapult-dusknoir,1306,raging-bolt-ogerpon
3,779,p2,1571,charizard-noctowl,1648,dragapult-dusknoir
3,780,p2,1389,dragapult-dusknoir,0099,dragapult-charizard
3,781,p2,1620,charizard-pidgeot,1444,grimmsnarl-froslass
3,782,tie,0476,mega-venusaur-ex,1362,gholdengo-ex
3,783,p1,0142,charizard-pidgeot,1442,ceruledge-ex
3,784,p1,1570,joltik-box,0191,dragapult-dusknoir
3,785,p2,0290,sharpedo-toxtricity,0338,mega-absol-box
3,786,p1,0698,mega-absol-box,0228,charizard-pidgeot
3,787,p1,0210,tera-box,1581,charizard-noctowl
3,788,p1,0794,gardevoir-jellicent,0398,ceruledge-ex
3,789,tie,0883,charizard-noctowl,0846,raging-bolt-ogerpon
3,790,p2,0949,raging-bolt-ogerpon,0441,ceruledge-ex
3,791,p1,0630,gardevoir-jellicent,0781,flareon-noctowl
3,792,p1,0776,mega-absol-box,0070,gardevoir-jellicent
3,793,p1,0956,mega-absol-box,1016,scovillain-ex
3,794,p2,0449,dragapult-dusknoir,1621,dragapult-dusknoir
3,795,p2,1632,gardevoir-jellicent,0028,alakazam-dudunsparce
3,796,p2,0369,charizard-noctowl,0163,dragapult-dusknoir
3,797,p1,0678,raging-bolt-ogerpon,0423,sharpedo-toxtricity
3,798,p1,0411,n-zoroark,0603,lucario-hariyama
3,799,p2,0179,dragapult-dusknoir,1160,charizard-pidgeot
3,800,p1,0139,dragapult-dusknoir,1564,flareon-noctowl
3,801,p1,0417,raging-bolt-ogerpon,1505,charizard-pidgeot
3,802,tie,0234,gholdengo-ex,1376,raging-bolt-ogerpon
3,803,p1,0199,raging-bolt-ogerpon,0018,grimmsnarl-froslass
3,804,p2,0510,dragapult-charizard,0501,dragapult-dusknoir
3,805,p2,0549,slowking-scr,0689,ethan-typhlosion
3,806,tie,0379,gardevoir-jellicent,0297,dragapult-dusknoir
3,807,p1,0851,dragapult-dusknoir,1426,charizard-pidgeot
3,808,p1,1225,seaking-pre,1667,lucario-hariyama
3,809,tie,0319,kangaskhan-bouffalant,1538,dragapult-dusknoir
3,810,tie,0043,gardevoir-ex-sv,1467,ceruledge-ex
3,811,p1,0612,dragapult-dusknoir,0389,gardevoir-ex-sv
3,812,p1,0534,gholdengo-lunatone,1174,mega-absol-box
3,813,p2,1116,charizard-noctowl,1340,gholdengo-lunatone
3,814,p1,1521,flareon-noctowl,1211,gardevoir-jellicent
3,815,tie,0372,charizard-pidgeot,0741,gholdengo-lunatone
3,816,tie,1289,flareon-noctowl,1416,ogerpon-meganium
3,817,p1,1377,charizard-noctowl,0964,gardevoir-jellicent
3,818,p2,0194,tera-box,1580,raging-bolt-ogerpon
3,819,p2,0344,festival-lead,0375,dragapult-dusknoir
3,820,p1,0655,other,0931,charizard-noctowl
3,821,tie,0675,gholdengo-lunatone,0958,charizard-noctowl
3,822,p1,0555,n-zoroark,1686,gardevoir-jellicent
3,823,tie,1516,raging-bolt-ogerpon,0348,ceruledge-ex
3,824,p1,0071,gholdengo-lunatone,1446,dragapult-dusknoir
3,825,tie,0308,raging-bolt-ogerpon,1371,gardevoir-jellicent
3,826,p1,0147,ceruledge-ex,0916,charizard-noctowl
3,827,p2,0470,gardevoir-jellicent,1079,dragapult-dusknoir
3,828,p1,0196,gardevoir-jellicent,1663,gardevoir-jellicent
3,829,p2,1130,tera-box,1146,charizard-pidgeot
3,841,p2,1678,gholdengo-lunatone,0861,miraidon-eelektrik
3,936,p2,0466,ogerpon-meganium,1105,dragapult-dusknoir
3,938,tie,0899,charizard-noctowl,0346,gardevoir-ex-sv
3,,bye,1207,gholdengo-lunatone,,
4,1,p2,0784,charizard-noctowl,1471,dragapult-dusknoir
4,2,p2,0893,charizard-noctowl,1133,gardevoir-jellicent
4,3,p1,0649,dragapult-dusknoir,1403,mega-absol-box
4,4,p2,1114,dragapult-dusknoir,0133,gholdengo-lunatone
4,5,p1,1481,dragapult-dusknoir,1466,mega-absol-box
4,6,p1,0748,grimmsnarl-froslass,0222,charizard-noctowl
4,7,p1,0563,dragapult-ex,0975,gardevoir-jellicent
4,8,p2,1651,dragapult-dusknoir,0311,gholdengo-lunatone
4,9,p1,1639,dragapult-dusknoir,1584,dragapult-charizard
4,10,p2,0756,gholdengo-lunatone,0944,mega-absol-box
4,11,p2,0079,gardevoir-jellicent,0623,gholdengo-lunatone
4,12,p2,1612,lopunny-dusknoir,1451,gholdengo-lunatone
4,13,p1,1668,ceruledge-ex,0140,greninja-ex
4,14,p1,1235,gardevoir-ex-sv,0900,dragapult-blaziken
4,15,p2,1370,joltik-box,1256,grimmsnarl-froslass
4,16,p1,0995,gholdengo-lunatone,1188,dragapult-dusknoir
4,17,p2,1004,gardevoir-jellicent,0004,charizard-noctowl
4,18,p2,0896,dragapult-dusknoir,0889,mega-absol-box
4,19,p1,0027,grimmsnarl-froslass,1601,dragapult-dusknoir
4,20,p1,0415,charizard-pidgeot,0327,dragapult-dusknoir
4,21,tie,0806,gardevoir-ex-sv,1378,charizard-noctowl
4,22,tie,0733,dragapult-dusknoir,0829,gardevoir-ex-sv
4,23,tie,0886,gardevoir-ex-sv,0499,grimmsnarl-froslass
4,24,tie,0551,?,0571,charizard-noctowl
4,25,p2,0692,gholdengo-lunatone,1248,gholdengo-lunatone
4,26,p2,1435,grimmsnarl-froslass,0443,greninja-ex
4,27,p1,0342,gardevoir-ex-sv,0276,raging-bolt-ogerpon
4,28,p1,1208,charizard-noctowl,0907,terapagos-noctowl
4,29,p2,1338,lopunny-dusknoir,1045,dragapult-dusknoir
4,30,tie,0170,gardevoir-ex-sv,1468,raging-bolt-ogerpon
4,31,p2,1195,gholdengo-lunatone,1173,gardevoir-jellicent
4,32,p1,1012,gardevoir-jellicent,0611,gholdengo-lunatone
4,33,p2,0639,charizard-pidgeot,0584,gardevoir-ex-sv
4,34,p1,0719,raging-bolt-ogerpon,0973,dragapult-charizard
4,35,p1,1572,gholdengo-lunatone,0828,gardevoir-ex-sv
4,36,p1,1666,gholdengo-lunatone,0627,alakazam-dudunsparce
4,37,p1,0963,gardevoir-jellicent,1328,gardevoir-ex-sv
4,38,tie,0391,dragapult-dusknoir,0915,gholdengo-lunatone
4,39,p1,1155,dragapult-dusknoir,0115,grimmsnarl-froslass
4,40,p2,1649,alakazam-meg,0033,gardevoir-jellicent
4,41,tie,1144,dragapult-dusknoir,0371,gholdengo-lunatone
4,42,p1,1440,gardevoir-ex-sv,1599,gholdengo-lunatone
4,43,tie,0685,dragapult-dusknoir,0845,raging-bolt-ogerpon
4,44,p1,0144,gardevoir-ex-sv,0064,dragapult-dusknoir
4,45,p1,1319,gholdengo-lunatone,0278,gardevoir-jellicent
4,46,p1,0203,lucario-hariyama,0413,dragapult-dusknoir
4,47,p1,1312,raging-bolt-ogerpon,1159,gardevoir-ex-sv
4,48,p2,0902,hydrapple-ogerpon,1123,marnie-grimmsnarl-ex
4,49,tie,0932,alakazam-dudunsparce,0568,kangaskhan-bouffalant
4,50,tie,1365,mega-absol-box,0771,dragapult-charizard
4,51,p1,1103,iron-hands-magneton,0146,other
4,52,p1,1579,dragapult-dusknoir,0711,dragapult-dusknoir
4,53,p2,0292,joltik-box,0724,iron-hands-magneton
4,54,p2,1041,gholdengo-lunatone,0480,dragapult-charizard
4,55,p1,0349,gardevoir-ex-sv,1044,charizard-pidgeot
4,56,tie,1367,gholdengo-lunatone,1408,gardevoir-ex-sv
4,57,tie,0187,charizard-noctowl,0764,gholdengo-lunatone
4,58,tie,0129,charizard-noctowl,0837,charizard-noctowl
4,59,p1,1288,alakazam-dudunsparce,1458,gholdengo-lunatone
4,60,p1,1275,charizard-noctowl,0060,dragapult-dusknoir
4,61,p1,0834,gholdengo-joltik-box,1201,n-zoroark
4,62,tie,1218,raging-bolt-ogerpon,1461,gholdengo-lunatone
4,63,tie,0205,manectric-eelektrik,1271,slowking-scr
4,64,p1,1120,dragapult-dusknoir,1373,dragapult-charizard
4,65,tie,1529,charizard-noctowl,1084,gholdengo-lunatone
4,66,p1,0911,gholdengo-lunatone,0114,gardevoir-jellicent
4,67,tie,0769,ursaluna-lunatone,0482,charizard-noctowl
4,68,tie,1179,grimmsnarl-froslass,1525,gardevoir-ex-sv
4,69,tie,0917,dragapult-dusknoir,1419,dragapult-dusknoir
4,70,p1,0309,raging-bolt-ogerpon,0285,raging-bolt-ogerpon
4,71,p2,1624,dragapult-dusknoir,0262,dragapult-dusknoir
4,72,p1,0625,n-zoroark,0826,dragapult-dusknoir
4,73,p1,1203,dragapult-dusknoir,0740,gholdengo-lunatone
4,74,p1,1401,dragapult-dusknoir,0508,charizard-noctowl
4,75,p2,0044,charizard-pidgeot,1520,grimmsnarl-froslass
4,76,p1,1071,alakazam-dudunsparce,0198,gholdengo-lunatone
4,77,tie,0384,gardevoir-jellicent,1443,gholdengo-lunatone
4,78,p1,1453,lopunny-dusknoir,0273,gholdengo-lunatone
4,79,p2,0898,charizard-noctowl,1175,?
4,80,p1,1530,dragapult-dusknoir,0100,gholdengo-lunatone
4,81,p1,1043,charizard-noctowl,1445,gholdengo-lunatone
4,82,p2,1223,manectric-eelektrik,0703,hydrapple-ogerpon
4,83,p1,1089,charizard-pidgeot,0874,gholdengo-lunatone
4,84,p2,1608,gholdengo-lunatone,0604,gardevoir-ex-sv
4,85,p1,1398,gardevoir-jellicent,0200,dragapult-dusknoir
4,86,tie,1101,gholdengo-lunatone,0154,dragapult-dusknoir
4,87,p1,0420,ceruledge-ex,1064,gholdengo-lunatone
4,88,p1,1151,gholdengo-lunatone,0084,gholdengo-lunatone
4,89,p1,0742,gardevoir-jellicent,0380,pidgeot-control
4,90,p2,1075,gholdengo-lunatone,0553,charizard-noctowl
4,91,tie,0736,charizard-noctowl,1676,kangaskhan-bouffalant
4,92,p2,0021,pidgeot-control,0141,charizard-noctowl
4,93,p2,1344,dragapult-dusknoir,0472,kangaskhan-bouffalant
4,94,p1,0712,ceruledge-ex,0728,dragapult-dusknoir
4,95,p2,0337,gardevoir-jellicent,0405,raging-bolt-ogerpon
4,96,p2,0744,iron-hands-magneton,0665,raging-bolt-ogerpon
4,97,p1,1140,gholdengo-lunatone,0866,tera-box
4,98,p1,0802,raging-bolt-ogerpon,0607,dragapult-dusknoir
4,99,p1,1087,cynthia-garchomp-ex,0677,charizard-noctowl
4,100,p2,1249,mega-absol-box,0227,dragapult-dusknoir
4,101,p1,0587,tera-box,0258,charizard-noctowl
4,102,p1,1351,charizard-noctowl,0700,gardevoir-jellicent
4,103,p1,1597,charizard-noctowl,0868,gardevoir-jellicent
4,104,p2,0903,charizard-pidgeot,0284,joltik-box
4,105,p2,1635,sharpedo-toxtricity,0870,dragapult-dusknoir
4,106,p1,0718,gholdengo-lunatone,0174,toxtricity-pfl
4,107,p1,1085,gholdengo-lunatone,0933,iron-thorns-crustle
4,108,p1,1626,ceruledge-ex,0676,joltik-box
4,109,p2,0325,tera-box,1242,n-zoroark
4,110,p1,0069,gholdengo-lunatone,0436,gholdengo-lunatone
4,111,tie,0656,gardevoir-jellicent,1219,tera-box
4,112,tie,1254,n-zoroark,1072,grimmsnarl-froslass
4,113,p2,1454,gardevoir-jellicent,0356,grimmsnarl-froslass
4,114,p2,1216,gardevoir-jellicent,0486,charizard-pidgeot
4,115,p2,0419,gholdengo-lunatone,0329,dragapult-charizard
4,116,p2,1150,charizard-pidgeot,1169,grimmsnarl-froslass
4,117,p1,1565,dragapult-dusknoir,0152,greninja-ex
4,118,p1,0249,dragapult-dusknoir,1295,mega-absol-box
4,119,p1,0259,gholdengo-lunatone,1019,dragapult-dusknoir
4,120,p1,0594,gholdengo-lunatone,0214,gardevoir-ex-sv
4,121,tie,1575,dragapult-dusknoir,1559,gholdengo-lunatone
4,122,p1,0923,dragapult-dusknoir,0298,charizard-noctowl
4,123,p1,1346,gholdengo-lunatone,0517,gholdengo-lunatone
4,124,p2,0854,charizard-noctowl,1095,raging-bolt-ogerpon
4,125,p1,0714,raging-bolt-ogerpon,0332,charizard-pidgeot
4,126,p2,1431,gholdengo-lunatone,1158,kangaskhan-bouffalant
4,127,p2,0730,gardevoir-jellicent,0589,n-zoroark
4,128,tie,1209,gardevoir-ex-sv,1380,gholdengo-lunatone
4,129,tie,0582,charizard-noctowl,0997,charizard-noctowl
4,130,p1,1411,charizard-noctowl,1622,gholdengo-lunatone
4,131,p1,1511,dragapult-dusknoir,0648,hydrapple-ogerpon
4,132,p2,1036,gholdengo-lunatone,0484,gardevoir-ex-sv
4,133,p1,1410,gholdengo-lunatone,0666,gardevoir-jellicent
4,134,p2,0120,crustle-dri,1476,raging-bolt-ogerpon
4,135,tie,0382,dragapult-dusknoir,0982,dragapult-dusknoir
4,136,p1,1593,gardevoir-ex-sv,0035,dragapult-dusknoir
4,137,p1,1278,gholdengo-joltik-box,0184,dragapult-dusknoir
4,138,p1,1132,dragapult-dusknoir,1283,joltik-box
4,139,p1,0663,gholdengo-lunatone,0936,gholdengo-lunatone
4,140,p1,0778,gardevoir-jellicent,1631,dragapult-dusknoir
4,141,p1,0819,charizard-noctowl,0680,gholdengo-lunatone
4,142,p1,0645,dragapult-dusknoir,1508,gholdengo-joltik-box
4,143,p1,0965,raging-bolt-ogerpon,1091,grimmsnarl-froslass
4,144,p1,1417,gardevoir-ex-sv,1300,dragapult-dusknoir
4,145,p1,0882,mega-absol-box,1390,raging-bolt-ogerpon
4,146,p1,0291,grimmsnarl-froslass,1514,gholdengo-lunatone
4,147,p1,0552,gholdengo-lunatone,1327,gholdengo-lunatone
4,148,tie,0376,ceruledge-ex,0708,gardevoir-ex-sv
4,149,p1,0904,raging-bolt-ogerpon,0706,grimmsnarl-froslass
4,150,p1,0494,charizard-noctowl,1267,gardevoir-jellicent
4,151,p1,1061,dragapult-dusknoir,1343,dragapult-dusknoir
4,152,p2,1202,dragapult-dusknoir,1190,gardevoir-ex-sv
4,153,p2,1057,flareon-noctowl,0637,gholdengo-joltik-box
4,154,tie,0839,dragapult-dusknoir,0448,ceruledge-ex
4,155,p1,1531,tera-box,0112,iron-hands-magneton
4,156,p1,0475,dragapult-dusknoir,0277,festival-lead
4,157,p1,1156,dragapult-dusknoir,0702,dragapult-charizard
4,158,tie,1568,charizard-pidgeot,0161,gholdengo-lunatone
4,159,tie,1633,dragapult-dusknoir,1229,gholdengo-lunatone
4,160,tie,0660,grimmsnarl-froslass,1098,gardevoir-jellicent
4,161,p2,1102,raging-bolt-ogerpon,0891,gholdengo-lunatone
4,162,p2,0805,gholdengo-lunatone,0535,gholdengo-lunatone
4,163,p2,0691,gholdengo-lunatone,1469,charizard-noctowl
4,164,p1,0326,dragapult-dusknoir,0497,kangaskhan-bouffalant
4,165,p2,1388,mega-absol-box,0400,dragapult-dusknoir
4,166,p1,0624,dragapult-dusknoir,1165,lopunny-dusknoir
4,167,p1,0439,mega-absol-box,0066,alakazam-dudunsparce
4,168,tie,0089,dragapult-dusknoir,0884,crustle-dri
4,169,p2,0454,lopunny-dusknoir,0138,iron-hands-magneton
4,170,p1,0635,dragapult-dusknoir,0395,raging-bolt-ogerpon
4,171,p2,0855,gardevoir-jellicent,0320,dragapult-dusknoir
4,172,tie,1277,charizard-noctowl,0509,dragapult-dusknoir
4,173,tie,0183,mega-absol-box,1007,lopunny-dusknoir
4,174,p2,0876,gholdengo-lunatone,1670,charizard-noctowl
4,175,p1,0397,charizard-noctowl,1452,dragapult-dusknoir
4,176,p1,0370,mega-absol-box,1619,dragapult-dusknoir
4,177,tie,1332,charizard-noctowl,0252,tera-box
4,178,p1,1100,mega-lucario-ex,1512,charizard-noctowl
4,179,tie,0693,charizard-noctowl,1049,dragapult-dusknoir
4,180,p2,1053,charizard-noctowl,0835,iron-hands-magneton
4,181,p1,0606,sharpedo-toxtricity,0770,dragapult-dusknoir
4,182,tie,0452,gardevoir-ex-sv,0390,dragapult-dusknoir
4,183,p2,1164,ursaluna-lunatone,0754,dragapult-charizard
4,184,p1,0613,n-zoroark,0080,gholdengo-lunatone
4,185,p2,1421,alakazam-dudunsparce,1118,gardevoir-jellicent
4,186,tie,0559,gholdengo-lunatone,0299,dragapult-dusknoir
4,187,tie,0825,ursaluna-lunatone,0456,gholdengo-lunatone
4,188,p2,0994,ceruledge-ex,0323,charizard-noctowl
4,189,p1,0632,alakazam-dudunsparce,0531,charizard-noctowl
4,190,tie,1384,charizard-pidgeot,1051,gholdengo-lunatone
4,191,p2,0913,raging-bolt-ogerpon,1260,gholdengo-lunatone
4,192,p2,0469,dragapult-dusknoir,1316,mega-absol-box
4,193,p2,1182,dragapult-dusknoir,0116,charizard-noctowl
4,194,p1,0895,gardevoir-jellicent,0270,charizard-noctowl
4,195,p2,0668,flareon-noctowl,1355,gholdengo-lunatone
4,196,p1,1673,gholdengo-lunatone,1594,lucario-hariyama
4,197,tie,1385,charizard-noctowl,1482,grimmsnarl-froslass
4,198,p2,1185,dragapult-dusknoir,1339,ho-oh-armarouge
4,199,tie,0101,gardevoir-jellicent,1643,dragapult-charizard
4,200,p2,0148,gholdengo-lunatone,0427,gholdengo-lunatone
4,201,p2,0316,mega-camerupt-ex,1274,charizard-noctowl
4,202,p1,0393,charizard-noctowl,0840,dragapult-dusknoir
4,203,p1,1628,gardevoir-ex-sv,1003,raging-bolt-ogerpon
4,204,tie,0425,gholdengo-lunatone,1487,dragapult-dusknoir
4,205,tie,1241,dragapult-dusknoir,1002,gardevoir-ex-sv
4,206,p2,0204,charizard-noctowl,0366,greninja-ex
4,207,p2,0687,raging-bolt-ogerpon,0760,kangaskhan-bouffalant
4,208,tie,0109,ceruledge-ex,0753,dragapult-dusknoir
4,209,tie,1032,gholdengo-lunatone,0804,gardevoir-jellicent
4,210,p1,0562,kangaskhan-bouffalant,0985,gardevoir-ex-sv
4,211,tie,1647,dragapult-dusknoir,0246,gardevoir-jellicent
4,212,tie,0966,grimmsnarl-froslass,0455,gardevoir-ex-sv
4,213,p1,1645,iron-hands-magneton,1252,charizard-pidgeot
4,214,tie,1522,joltik-box,1523,kangaskhan-bouffalant
4,215,p2,0167,dragapult-dusknoir,1428,manectric-eelektrik
4,216,p1,1125,grimmsnarl-froslass,0007,dragapult-dusknoir
4,217,p1,1305,gardevoir-jellicent,1449,flareon-noctowl
4,218,p1,1350,dragapult-dusknoir,0254,ethan-typhlosion
4,219,p1,0841,charizard-ex,0343,mega-venusaur-ex
4,220,tie,0998,dragapult-dusknoir,0208,charizard-noctowl
4,221,p2,1436,tyranitar-jtg,0385,gholdengo-lunatone
4,222,tie,0467,ethan-typhlosion,0296,gholdengo-lunatone
4,223,tie,0942,gardevoir-ex-sv,0180,gholdengo-ex
4,224,p2,1422,manectric-eelektrik,0696,dragapult-dusknoir
4,225,p2,0688,dragapult-dusknoir,0307,pidgeot-control
4,226,p2,0272,dragapult-dusknoir,0197,raging-bolt-ogerpon
4,227,p1,0598,ceruledge-ex,0134,dragapult-dusknoir
4,228,p1,0664,dragapult-dusknoir,0993,flareon-noctowl
4,229,p1,0281,mega-absol-box,0541,gardevoir-ex-sv
4,230,p2,0521,dragapult-dusknoir,0363,gholdengo-lunatone
4,231,p2,1257,gholdengo-lunatone,1459,charizard-noctowl
4,232,tie,0610,archaludon-ex,0629,dragapult-dusknoir
4,233,p1,1566,ceruledge-ex,0747,n-zoroark
4,234,p1,1048,charizard-noctowl,1294,mega-venusaur-ex
4,235,tie,0955,dragapult-dusknoir,1083,gardevoir-jellicent
4,236,p2,0074,iron-hands-magneton,0479,charizard-noctowl
4,237,tie,0847,conkeldurr-twm,0294,raging-bolt-ogerpon
4,238,tie,0878,grimmsnarl-froslass,1656,dragapult-dusknoir
4,239,p1,0451,gholdengo-joltik-box,1569,alakazam-dudunsparce
4,240,p1,1393,gholdengo-lunatone,0530,charizard-noctowl
4,241,p2,0244,gardevoir-jellicent,0189,raging-bolt-ogerpon
4,242,p1,0987,mega-absol-box,0430,dragapult-dusknoir
4,243,p2,0561,iron-hands-magneton,0739,okidogi-ex
4,244,tie,0339,gardevoir-ex-sv,1014,mega-absol-box
4,245,p2,0340,gholdengo-lunatone,1028,gholdengo-lunatone
4,246,p1,0216,iron-hands-magneton,0617,raging-bolt-ogerpon
4,247,p2,1517,gholdengo-lunatone,1251,mega-absol-box
4,248,p1,1279,charizard-noctowl,1379,mega-absol-box
4,249,tie,0226,gholdengo-ex,0616,dragapult-dusknoir
4,250,p1,1107,froslass-munkidori,1399,dragapult-dusknoir
4,251,p1,0546,grimmsnarl-froslass,1315,charizard-noctowl
4,252,p1,0709,gholdengo-lunatone,0768,dragapult-charizard
4,253,p2,0073,cynthia-garchomp-ex,1261,crustle-dri
4,254,p2,1092,gholdengo-lunatone,1484,gholdengo-lunatone
4,255,p1,0020,charizard-pidgeot,1478,cynthia-garchomp-ex
4,256,tie,0347,alakazam-dudunsparce,0279,toedscruel-ex
4,257,p1,1329,gholdengo-lunatone,0533,gholdengo-lunatone
4,258,tie,0743,gholdengo-lunatone,0209,dragapult-dusknoir
4,259,tie,0862,greninja-ex,0791,mega-absol-box
4,260,p2,1027,raging-bolt-ogerpon,0215,charizard-pidgeot
4,261,p2,1644,gholdengo-lunatone,1110,gardevoir-jellicent
4,262,tie,0670,dragapult-dusknoir,0957,charizard-noctowl
4,263,p1,0737,charizard-noctowl,0860,dragapult-dusknoir
4,264,p1,1285,n-zoroark,0122,gardevoir-ex-sv
4,265,p2,0440,gholdengo-lunatone,1148,cynthia-garchomp-ex
4,266,tie,0796,raging-bolt-ogerpon,0081,dragapult-dusknoir
4,267,tie,1345,charizard-noctowl,0289,dragapult-dusknoir
4,268,p1,1031,gholdengo-lunatone,0190,joltik-box
4,269,p1,1129,dragapult-dusknoir,1555,joltik-box
4,270,tie,0710,gholdengo-lunatone,1527,dragapult-dusknoir
4,271,p2,0869,raging-bolt-ogerpon,0165,grimmsnarl-froslass
4,272,p2,0446,gholdengo-lunatone,1337,raging-bolt-ogerpon
4,273,tie,1018,charizard-noctowl,0153,charizard-noctowl
4,274,tie,1005,gardevoir-jellicent,0394,gardevoir-jellicent
4,275,p1,1689,gholdengo-lunatone,0507,lopunny-dusknoir
4,276,tie,1078,mega-absol-box,1674,charizard-noctowl
4,277,p1,1582,ethan-typhlosion,1488,dragapult-dusknoir
4,278,tie,0248,charizard-pidgeot,1353,kangaskhan-bouffalant
4,279,p1,0176,charizard-dragapult,1394,iron-hands-magneton
4,280,tie,1286,charizard-pidgeot,0800,gholdengo-lunatone
4,281,p1,1263,gholdengo-lunatone,1040,gholdengo-lunatone
4,282,p2,0822,charizard-pidgeot,0416,gardevoir-jellicent
4,283,p2,0408,dragapult-dusknoir,0971,gholdengo-lunatone
4,284,p2,1106,dragapult-dusknoir,0401,iron-hands-magneton
4,285,p2,0614,gholdengo-lunatone,1097,dragapult-dusknoir
4,286,p2,0238,joltik-box,0938,gardevoir-jellicent
4,287,p2,1402,gholdengo-lunatone,0362,mega-absol-box
4,288,p2,1526,joltik-box,1233,?
4,289,p1,0306,?,0011,raging-bolt-ogerpon
4,290,p1,0591,raging-bolt-ogerpon,0220,n-zoroark
4,291,tie,0620,charizard-noctowl,0921,gardevoir-ex-sv
4,292,p1,0117,n-zoroark,0462,dragapult-dusknoir
4,293,tie,1136,gholdengo-lunatone,0373,tera-box
4,294,p2,0431,charizard-pidgeot,0485,greninja-ex
4,295,p2,1033,charizard-pidgeot,1456,gholdengo-lunatone
4,296,p2,1498,gholdengo-lunatone,1168,charizard-noctowl
4,297,tie,0872,dragapult-dusknoir,1658,gardevoir-jellicent
4,298,p1,1135,charizard-noctowl,0992,charizard-pidgeot
4,299,p1,0810,gardevoir-jellicent,1677,gardevoir-ex-sv
4,300,p1,0978,gholdengo-lunatone,0274,gardevoir-ex-sv
4,301,p2,1231,dragapult-dusknoir,1193,gholdengo-lunatone
4,302,tie,1592,charizard-noctowl,1519,ethan-typhlosion
4,303,p2,0619,charizard-noctowl,1335,greninja-ex
4,304,p1,0838,gardevoir-ex-sv,0177,charizard-noctowl
4,305,p2,0813,dragapult-dusknoir,0495,dragapult-dusknoir
4,306,p1,0182,gardevoir-ex-sv,0128,tera-box
4,307,p1,0919,rocket-mewtwo-ex,1237,charizard-noctowl
4,308,tie,1499,gardevoir-ex-sv,0979,gardevoir-ex-sv
4,309,p1,1090,ceruledge-ex,0927,gholdengo-lunatone
4,310,p2,1342,charizard-pidgeot,0539,gholdengo-lunatone
4,311,tie,0465,charizard-noctowl,1183,tera-box
4,312,tie,0793,gholdengo-lunatone,0383,n-zoroark
4,313,p1,1427,gholdengo-lunatone,0345,gardevoir-ex-sv
4,314,p2,1322,raging-bolt-ogerpon,0445,dragapult-dusknoir
4,315,p1,1191,?,0726,dragapult-dusknoir
4,316,tie,0186,raging-bolt-ogerpon,0910,dragapult-charizard
4,317,p2,1534,charizard-noctowl,0489,gardevoir-jellicent
4,318,p1,0435,charizard-pidgeot,0172,dragapult-dusknoir
4,319,p1,1325,mega-absol-box,1492,dragapult-charizard
4,320,p2,0388,charizard-noctowl,0378,raging-bolt-ogerpon
4,321,p2,1303,gardevoir-jellicent,0504,hydreigon-ex
4,322,p2,0474,lopunny-dusknoir,0833,gardevoir-ex-sv
4,323,p2,1540,dragapult-dusknoir,0386,gardevoir-ex-sv
4,324,p2,1630,sharpedo-toxtricity,0774,dragapult-dusknoir
4,325,p2,0950,dragapult-dusknoir,0206,gardevoir-jellicent
4,326,tie,0506,gardevoir-jellicent,1489,gardevoir-jellicent
4,327,p2,1197,dragapult-dusknoir,1038,gardevoir-jellicent
4,328,p1,0657,charizard-noctowl,0164,gardevoir-jellicent
4,329,p1,1115,grimmsnarl-froslass,1587,gholdengo-lunatone
4,330,p1,0490,tinkaton-ex,0357,gardevoir-jellicent
4,331,p1,1082,raging-bolt-ogerpon,0578,tera-box
4,332,tie,1490,mega-absol-box,0381,gholdengo-lunatone
4,333,p2,1336,flareon-noctowl,0434,dragapult-dusknoir
4,334,p1,0282,gholdengo-lunatone,0626,dragapult-charizard
4,335,p1,1154,gardevoir-ex-sv,0461,gardevoir-jellicent
4,336,tie,0015,dragapult-dusknoir,1210,gholdengo-lunatone
4,337,p2,0229,charizard-pidgeot,1112,gholdengo-lunatone
4,338,p2,1607,mega-venusaur-ex,0569,charizard-noctowl
4,339,p1,0045,ceruledge-ex,1610,mega-venusaur-ex
4,340,p1,0005,gholdengo-lunatone,0824,cynthia-garchomp-ex
4,341,tie,0652,dragapult-charizard,1360,gholdengo-lunatone
4,342,p2,1542,gardevoir-jellicent,0264,grimmsnarl-froslass
4,343,tie,0861,miraidon-eelektrik,1077,grimmsnarl-froslass
4,344,p1,1238,charizard-noctowl,0935,gardevoir-jellicent
4,345,p2,1679,ceruledge-ex,0046,gholdengo-lunatone
4,346,p2,0954,gardevoir-ex-sv,0075,gholdengo-lunatone
4,347,p1,0644,gardevoir-jellicent,0518,raging-bolt-ogerpon
4,348,p2,1244,gholdengo-lunatone,0863,gholdengo-lunatone
4,349,p2,1404,dragapult-dusknoir,0121,kangaskhan-bouffalant
4,350,p1,0859,dragapult-dusknoir,0844,raging-bolt-ogerpon
4,351,tie,0638,charizard-noctowl,1138,dragapult-dusknoir
4,352,p2,1653,gardevoir-jellicent,1298,dragapult-dusknoir
4,353,p2,0255,gholdengo-lunatone,1139,gardevoir-jellicent
4,354,p1,0751,grimmsnarl-froslass,1206,tera-box
4,355,p2,0991,mega-absol-box,1226,dragapult-dusknoir
4,356,p1,0444,dragapult-dusknoir,1010,charizard-pidgeot
4,357,p1,1265,raging-bolt-ogerpon,0312,sharpedo-toxtricity
4,358,p1,1669,dragapult-dusknoir,0922,okidogi-ex
4,359,p1,0775,gholdengo-lunatone,0573,gardevoir-jellicent
4,360,tie,0720,greninja-ex,1266,gholdengo-lunatone
4,361,p1,1363,dragapult-dusknoir,1273,gardevoir-jellicent
4,362,p2,0943,dragapult-dusknoir,0779,gardevoir-ex-sv
4,363,p2,1213,n-zoroark,0062,ethan-typhlosion
4,364,p1,0429,alakazam-dudunsparce,0608,n-zoroark
4,365,p1,0072,charizard-pidgeot,0567,gardevoir-jellicent
4,366,p2,0173,raging-bolt-ogerpon,1212,raging-bolt-ogerpon
4,367,p2,1347,dragapult-dusknoir,1576,dragapult-charizard
4,368,p1,1546,gardevoir-jellicent,0132,raging-bolt-ogerpon
4,369,p2,0050,charizard-noctowl,0360,charizard-noctowl
4,370,tie,0181,charizard-pidgeot,0586,dragapult-charizard
4,371,p2,1479,cynthia-garchomp-ex,0058,gholdengo-lunatone
4,372,p1,1330,charizard-noctowl,1537,archaludon-ex
4,373,p1,0593,raging-bolt-ogerpon,0650,dragapult-dusknoir
4,374,tie,0195,charizard-noctowl,1126,n-zoroark
4,375,p2,1509,mega-absol-box,1617,grimmsnarl-froslass
4,376,p2,0729,gardevoir-jellicent,1504,charizard-noctowl
4,377,tie,0242,joltik-box,1671,raging-bolt-ogerpon
4,378,p2,0463,raging-bolt-ogerpon,0523,charizard-noctowl
4,379,tie,0801,charizard-noctowl,0016,mega-absol-box
4,380,p1,0473,n-zoroark,1269,grimmsnarl-froslass
4,381,p2,0037,dragapult-dusknoir,1292,dragapult-dusknoir
4,382,tie,1069,charizard-noctowl,1627,charizard-noctowl
4,383,p1,1184,raging-bolt-ogerpon,0022,charizard-noctowl
4,384,p1,1602,mega-venusaur-ex,0550,alakazam-dudunsparce
4,385,tie,1510,n-zoroark,1557,dragapult-charizard
4,386,p2,1541,ceruledge-ex,0457,crustle-dri
4,387,p2,0257,gardevoir-jellicent,0103,charizard-noctowl
4,388,tie,0830,dragapult-dusknoir,1659,gholdengo-lunatone
4,389,tie,0192,mega-absol-box,0959,n-zoroark
4,390,p1,1423,gardevoir-jellicent,0961,dragapult-dusknoir
4,391,tie,0428,dragapult-dusknoir,1227,raging-bolt-ogerpon
4,392,tie,1073,charizard-noctowl,0585,?
4,393,p2,1549,dragapult-dusknoir,0924,gholdengo-lunatone
4,394,p2,1430,n-zoroark,0063,charizard-noctowl
4,395,p1,0939,gardevoir-jellicent,1637,sharpedo-toxtricity
4,396,p2,1060,gholdengo-lunatone,0713,gholdengo-lunatone
4,397,p2,0969,raging-bolt-ogerpon,1127,raging-bolt-ogerpon
4,398,p2,1438,dragapult-dusknoir,1313,n-zoroark
4,399,p1,1181,charizard-noctowl,1455,gholdengo-lunatone
4,400,p1,0269,charizard-noctowl,0989,joltik-box
4,401,tie,0061,n-zoroark,0023,dragapult-dusknoir
4,402,p2,0745,hydrapple-ex,0404,dragapult-charizard
4,403,p1,0041,dragapult-dusknoir,0920,dragapult-dusknoir
4,404,p1,0782,gholdengo-lunatone,1544,crustle-dri
4,405,p2,0526,gardevoir-jellicent,1324,dragapult-dusknoir
4,406,p1,1070,dragapult-dusknoir,1563,raging-bolt-ogerpon
4,407,p1,0785,dragapult-charizard,0722,dragapult-dusknoir
4,408,p2,1001,ceruledge-ex,0721,dragapult-dusknoir
4,409,tie,1372,gholdengo-lunatone,0001,gardevoir-jellicent
4,410,p2,0241,n-zoroark,1142,hydrapple-ogerpon
4,411,p2,1503,dragapult-dusknoir,0477,mega-absol-box
4,412,p2,1264,dragapult-dusknoir,1381,cynthia-garchomp-ex
4,413,tie,1147,gholdengo-lunatone,0577,grimmsnarl-froslass
4,414,p1,0766,greninja-ex,0202,mega-venusaur-ex
4,415,p1,1093,dragapult-dusknoir,0538,charizard-pidgeot
4,416,p1,1050,gholdengo-lunatone,0755,joltik-box
4,417,p1,0850,charizard-ex,0500,other
4,418,p1,0268,charizard-noctowl,1111,dragapult-dusknoir
4,419,p1,0554,flareon-noctowl,0300,mega-venusaur-ex
4,420,p1,0642,charizard-noctowl,1578,charizard-noctowl
4,421,p2,1447,gholdengo-lunatone,1006,dragapult-dusknoir
4,422,tie,0026,charizard-pidgeot,0879,mega-absol-box
4,423,p2,0054,dragapult-dusknoir,0009,gardevoir-jellicent
4,424,p1,0310,gholdengo-lunatone,0124,dragapult-dusknoir
4,425,tie,1068,lopunny-dusknoir,0236,joltik-box
4,426,p1,1246,gholdengo-lunatone,1434,dragapult-dusknoir
4,427,p1,0654,gholdengo-lunatone,1553,dragapult-dusknoir
4,428,p1,0212,dragapult-dusknoir,0334,dragapult-charizard
4,429,p2,1280,flareon-noctowl,0780,gholdengo-lunatone
4,430,tie,0038,festival-lead,1042,ethan-typhlosion
4,431,p1,0815,gholdengo-lunatone,1105,dragapult-dusknoir
4,432,p2,0014,charizard-noctowl,1170,alakazam-dudunsparce
4,433,p1,0496,mega-venusaur-ex,1615,raging-bolt-ogerpon
4,434,p2,1491,gholdengo-lunatone,0798,charizard-noctowl
4,435,p1,0488,alakazam-dudunsparce,0701,gholdengo-lunatone
4,436,p2,1253,dragapult-dusknoir,0483,gardevoir-ex-sv
4,437,tie,1688,gardevoir-jellicent,0460,mega-venusaur-ex
4,438,tie,0426,gholdengo-lunatone,1189,raging-bolt-ogerpon
4,439,p2,1341,gardevoir-ex-sv,0302,gardevoir-jellicent
4,440,p1,0909,gholdengo-lunatone,0864,mega-venusaur-ex
4,441,tie,0812,n-zoroark,1297,cynthia-garchomp-ex
4,442,p1,0502,dragapult-dusknoir,1067,raging-bolt-ogerpon
4,443,p2,0169,raging-bolt-ogerpon,1119,gholdengo-lunatone
4,444,p1,0412,dragapult-dusknoir,1690,joltik-box
4,445,p1,1595,gardevoir-jellicent,1272,charizard-noctowl
4,446,p1,0464,grimmsnarl-froslass,0225,gholdengo-lunatone
4,447,p2,0368,dragapult-dusknoir,1672,gardevoir-jellicent
4,448,p2,0807,gardevoir-jellicent,1321,dragapult-dusknoir
4,449,p1,0761,dragapult-dusknoir,1634,charizard-pidgeot
4,450,p2,1650,flareon-noctowl,0972,dragapult-dusknoir
4,451,p1,0217,gardevoir-jellicent,1161,dragapult-dusknoir
4,452,p1,0732,n-zoroark,0158,gardevoir-jellicent
4,453,p1,1616,joltik-box,0524,gardevoir-ex-sv
4,454,p1,0697,dragapult-dusknoir,0392,alakazam-dudunsparce
4,455,tie,0662,mega-venusaur-ex,0052,gholdengo-lunatone
4,456,p1,0032,tera-box,0515,ceruledge-ex
4,457,p2,0481,gardevoir-ex-sv,1433,gardevoir-jellicent
4,458,p1,1310,raging-bolt-ogerpon,1026,flareon-noctowl
4,459,p1,0131,dragapult-dusknoir,0067,greninja-ex
4,460,p2,0894,dragapult-dusknoir,1177,ceruledge-ex
4,461,p2,1358,dragapult-dusknoir,0301,grimmsnarl-froslass
4,462,p1,0897,gholdengo-lunatone,0738,dragapult-dusknoir
4,463,p1,1137,dragapult-dusknoir,0096,cynthia-garchomp-ex
4,464,p2,0201,gholdengo-lunatone,0025,gardevoir-jellicent
4,465,tie,0746,charizard-noctowl,1613,charizard-noctowl
4,466,p2,1299,gardevoir-jellicent,0601,dragapult-dusknoir
4,467,p1,1414,gholdengo-lunatone,0105,gardevoir-jellicent
4,468,p2,0450,dragapult-dusknoir,0107,gardevoir-jellicent
4,469,p1,0442,charizard-noctowl,0233,gardevoir-jellicent
4,470,p1,0906,charizard-pidgeot,0667,mega-absol-box
4,471,tie,1614,dragapult-dusknoir,0792,gardevoir-jellicent
4,472,p1,1561,mega-absol-box,0287,charizard-noctowl
4,473,p1,0237,ceruledge-ex,1586,gholdengo-lunatone
4,474,p2,1318,flareon-ex,1589,dragapult-dusknoir
4,475,p2,0409,lucario-hariyama,0017,gardevoir-ex-sv
4,476,p2,0734,ceruledge-ex,0849,gardevoir-jellicent
4,477,p2,0643,dragapult-dusknoir,0078,charizard-noctowl
4,478,p2,0787,charizard-noctowl,0831,mega-absol-box
4,479,p1,0867,charizard-noctowl,0097,alakazam-dudunsparce
4,480,p2,1301,dragapult-dusknoir,1474,joltik-box
4,481,p1,0716,raging-bolt-ogerpon,0704,gholdengo-lunatone
4,482,p1,0595,charizard-pidgeot,0797,dragapult-dusknoir
4,483,p1,1465,dragapult-dusknoir,1000,charizard-noctowl
4,484,p1,0527,raging-bolt-ogerpon,1262,ceruledge-ex
4,485,p1,0265,gardevoir-jellicent,0407,ursaluna-lunatone
4,486,tie,0960,joltik-box,0367,gardevoir-jellicent
4,487,tie,0224,dragapult-dusknoir,0525,grimmsnarl-froslass
4,488,p2,1528,gardevoir-ex-sv,0111,dragapult-dusknoir
4,489,p2,0065,dragapult-dusknoir,1536,grimmsnarl-froslass
4,490,p1,1088,gardevoir-ex-sv,1047,gholdengo-lunatone
4,491,tie,0683,gholdengo-lunatone,1333,grimmsnarl-froslass
4,492,tie,1641,gholdengo-lunatone,1222,flareon-noctowl
4,493,p2,1375,greninja-ex,0842,gholdengo-lunatone
4,494,p2,1015,n-zoroark,0487,gholdengo-lunatone
4,495,p2,1638,alakazam-dudunsparce,1413,dragapult-dusknoir
4,496,tie,0633,raging-bolt-ogerpon,1284,charizard-pidgeot
4,497,tie,0809,gholdengo-lunatone,1035,charizard-pidgeot
4,498,p2,0071,gholdengo-lunatone,0059,cynthia-garchomp-ex
4,499,p2,0303,mega-sharpedo-ex,0659,cynthia-garchomp-ex
4,500,tie,0885,ceruledge-ex,1432,gardevoir-jellicent
4,501,p1,0002,grimmsnarl-froslass,0600,grimmsnarl-froslass
4,502,p1,1558,ursaluna-lunatone,1352,gardevoir-jellicent
4,503,tie,0505,charizard-noctowl,0772,gholdengo-lunatone
4,504,p1,1386,dragapult-dusknoir,1282,gardevoir-ex-sv
4,505,p1,1660,dragapult-dusknoir,0210,tera-box
4,506,p2,1066,dragapult-charizard,1215,gholdengo-lunatone
4,507,p1,1029,gholdengo-lunatone,1259,raging-bolt-ogerpon
4,508,p2,0951,crustle-dri,1228,gholdengo-lunatone
4,509,p2,0130,charizard-pidgeot,0399,dragapult-dusknoir
4,510,p2,1470,ho-oh-armarouge,1192,gardevoir-jellicent
4,511,p2,1629,flareon-noctowl,1039,gholdengo-joltik-box
4,512,p2,0918,gholdengo-lunatone,1618,kangaskhan-bouffalant
4,513,p1,0230,ceruledge-ex,1024,dragapult-dusknoir
4,514,p1,1621,dragapult-dusknoir,1094,dragapult-dusknoir
4,515,tie,1515,gholdengo-joltik-box,0892,gardevoir-jellicent
4,516,p1,1387,?,1683,grimmsnarl-froslass
4,517,tie,0752,alakazam-dudunsparce,1550,gholdengo-lunatone
4,518,p2,0990,dragapult-charizard,1146,charizard-pidgeot
4,519,tie,0082,raging-bolt-ogerpon,0365,charizard-pidgeot
4,520,p1,0048,lopunny-dusknoir,0646,lucario-hariyama
4,521,p2,1062,charizard-noctowl,0789,gardevoir-ex-sv
4,522,p1,1392,charizard-pidgeot,1153,gholdengo-lunatone
4,523,p2,1245,iron-hands-magneton,0851,dragapult-dusknoir
4,524,tie,0110,greninja-ex,0542,joltik-box
4,525,p2,0545,dragapult-dusknoir,0396,charizard-noctowl
4,526,p1,0905,dragapult-charizard,1065,gardevoir-jellicent
4,527,p2,0338,mega-absol-box,0149,gholdengo-lunatone
4,528,p2,0353,gardevoir-ex-sv,0941,slaking-ex
4,529,p1,1400,ceruledge-ex,1497,raging-bolt-ogerpon
4,530,p2,0816,gholdengo-lunatone,1664,gholdengo-lunatone
4,531,tie,1502,gardevoir-jellicent,0166,lopunny-dusknoir
4,532,p2,0534,gholdengo-lunatone,1486,dragapult-dusknoir
4,533,p1,0261,raging-bolt-ogerpon,0355,gholdengo-lunatone
4,534,p2,0245,conkeldurr-twm,0631,gardevoir-ex-sv
4,535,p2,0030,cynthia-garchomp-ex,0006,kangaskhan-bouffalant
4,536,tie,1079,dragapult-dusknoir,0099,dragapult-charizard
4,537,p2,1577,dragapult-dusknoir,0901,alakazam-dudunsparce
4,538,tie,0145,gholdengo-lunatone,0699,other
4,539,tie,1625,gholdengo-lunatone,0024,lopunny-dusknoir
4,540,tie,1046,lucario-hariyama,1596,gholdengo-lunatone
4,541,p2,0118,dragapult-dusknoir,1199,dragapult-charizard
4,542,tie,0106,alakazam-dudunsparce,0403,gholdengo-lunatone
4,543,p1,0848,hydrapple-ogerpon,0690,flareon-noctowl
4,544,tie,1532,charizard-noctowl,1074,gholdengo-joltik-box
4,545,p2,0085,charizard-noctowl,0555,n-zoroark
4,546,tie,0865,gholdengo-lunatone,1017,n-zoroark
4,547,tie,0056,ceruledge-ex,1444,grimmsnarl-froslass
4,548,p1,1163,joltik-box,1506,ceruledge-ex
4,549,p2,1609,?alakazam,1268,charizard-noctowl
4,550,p2,0636,dragapult-dusknoir,1570,joltik-box
4,551,p1,1623,dragapult-dusknoir,0163,dragapult-dusknoir
4,552,p2,1290,gardevoir-ex-sv,0196,gardevoir-jellicent
4,553,p2,1232,gholdengo-lunatone,0705,n-zoroark
4,554,p2,0974,flareon-noctowl,0698,mega-absol-box
4,555,p2,1493,grimmsnarl-froslass,0723,gholdengo-lunatone
4,556,p1,1495,gholdengo-lunatone,1080,sharpedo-toxtricity
4,557,p2,0930,charizard-noctowl,1603,?
4,558,p1,0682,dragapult-dusknoir,0028,alakazam-dudunsparce
4,559,p2,0417,raging-bolt-ogerpon,0953,other
4,560,tie,1122,mega-absol-box,0875,dragapult-dusknoir
4,561,p1,1225,seaking-pre,0564,forretress-ex
4,562,p2,1023,ho-oh-armarouge,0948,gardevoir-jellicent
4,563,p2,0351,alakazam-dudunsparce,1340,gholdengo-lunatone
4,564,p2,1462,gholdengo-lunatone,0501,dragapult-dusknoir
4,565,p2,1361,gardevoir-jellicent,1287,gholdengo-lunatone
4,566,p2,1145,ethan-typhlosion,1646,dragapult-dusknoir
4,567,p1,1204,gholdengo-lunatone,0441,ceruledge-ex
4,568,p2,0519,charizard-pidgeot,0193,slaking-ex
4,569,p2,0328,dragapult-dusknoir,0852,gholdengo-ex
4,570,p2,1247,ceruledge-ex,1034,raging-bolt-ogerpon
4,571,p2,0681,gholdengo-ex,0597,charizard-noctowl
4,572,tie,1320,grimmsnarl-froslass,1439,dragapult-dusknoir
4,573,tie,0566,raging-bolt-ogerpon,1121,dragapult-dusknoir
4,574,p1,0239,dragapult-charizard,0536,alakazam-dudunsparce
4,575,p1,1128,gholdengo-lunatone,0694,joltik-box
4,576,p1,1207,gholdengo-lunatone,0628,gholdengo-lunatone
4,577,p1,0673,gardevoir-jellicent,0162,dragapult-dusknoir
4,578,p1,0776,mega-absol-box,1583,gardevoir-jellicent
4,579,tie,1255,gholdengo-lunatone,1657,gholdengo-lunatone
4,580,tie,0350,n-zoroark,0777,gholdengo-lunatone
4,581,p2,1425,charizard-noctowl,0008,mega-absol-box
4,582,p2,0622,gardevoir-jellicent,0406,rocket-mewtwo-ex
4,583,p1,0123,lucario-hariyama,0956,mega-absol-box
4,584,p2,0142,charizard-pidgeot,0321,cynthia-garchomp-ex
4,585,p2,1331,charizard-noctowl,0689,ethan-typhlosion
4,586,p1,0493,tera-box,1665,flareon-noctowl
4,587,tie,0375,dragapult-dusknoir,0890,dragapult-dusknoir
4,588,p2,0655,other,0411,n-zoroark
4,589,p1,1406,dragapult-dusknoir,0077,dragapult-dusknoir
4,590,p1,0962,charizard-pidgeot,1162,gardevoir-jellicent
4,591,p2,1640,gholdengo-lunatone,0678,raging-bolt-ogerpon
4,592,tie,0387,alakazam-dudunsparce,0529,gholdengo-lunatone
4,593,p2,1160,charizard-pidgeot,1359,gardevoir-jellicent
4,594,p2,0471,?,0317,gholdengo-lunatone
4,595,p2,0759,gardevoir-jellicent,1149,charizard-noctowl
4,596,p1,0135,gholdengo-lunatone,0731,charizard-pidgeot
4,597,p2,1448,marnie-grimmsnarl-ex,0576,dragapult-charizard
4,598,p2,1239,espathra-xatu,0602,gholdengo-lunatone
4,599,tie,0235,charizard-noctowl,0814,flareon-noctowl
4,600,p2,1598,other,0374,gholdengo-lunatone
4,601,p2,0090,ceruledge-ex,0275,dragapult-charizard
4,602,p2,1460,gardevoir-jellicent,0421,raging-bolt-ogerpon
4,603,p1,0139,dragapult-dusknoir,0651,charizard-noctowl
4,604,tie,0695,cynthia-garchomp-ex,0256,dragapult-charizard
4,605,p2,1037,gardevoir-jellicent,0243,gholdengo-lunatone
4,606,p1,0218,gardevoir-ex-sv,0171,gardevoir-ex-sv
4,607,p2,0621,grimmsnarl-froslass,0336,gholdengo-lunatone
4,608,tie,0422,dragapult-dusknoir,0352,gardevoir-ex-sv
4,609,p1,1391,conkeldurr-twm,1554,gholdengo-dudunsparce
4,610,p1,1186,joltik-box,1437,mega-venusaur-ex
4,611,p1,1472,raging-bolt-ex,1494,flareon-noctowl
4,612,p2,0612,dragapult-dusknoir,1473,dragapult-dusknoir
4,613,p1,0160,dragapult-dusknoir,1496,tera-box
4,614,p2,1054,gholdengo-lunatone,1124,gholdengo-lunatone
4,615,p2,1580,raging-bolt-ogerpon,0003,charizard-noctowl
4,616,p2,1600,raging-bolt-ogerpon,0537,greninja-ex
4,617,p2,0887,gardevoir-jellicent,1412,alakazam-dudunsparce
4,618,tie,0981,mega-venusaur-ex,0544,gardevoir-jellicent
4,619,p1,0053,raging-bolt-ogerpon,0221,dragapult-charizard
4,620,p1,0581,gardevoir-ex-sv,1409,raging-bolt-ogerpon
4,621,p1,1675,gardevoir-ex-sv,1022,gardevoir-jellicent
4,622,tie,1424,flareon-noctowl,1648,dragapult-dusknoir
4,623,p2,1214,dragapult-dusknoir,0304,gholdengo-lunatone
4,624,tie,0093,mega-absol-box,1560,gholdengo-lunatone
4,625,p1,1521,flareon-noctowl,1025,charizard-pidgeot
4,626,tie,1415,charizard-noctowl,1396,gholdengo-lunatone
4,627,p1,0794,gardevoir-jellicent,0295,dragapult-dusknoir
4,628,p2,0970,gardevoir-jellicent,0653,gholdengo-joltik-box
4,629,tie,0424,gholdengo-ex,1234,gholdengo-lunatone
4,630,p1,0983,charizard-noctowl,1141,charizard-pidgeot
4,631,p1,1009,raging-bolt-ogerpon,1348,raging-bolt-ogerpon
4,632,tie,0322,dragapult-dusknoir,0147,ceruledge-ex
4,633,p1,0658,gholdengo-lunatone,0051,gardevoir-ex-sv
4,634,p1,1574,dragapult-dusknoir,1308,sharpedo-toxtricity
4,635,p1,0143,gardevoir-ex-sv,0199,raging-bolt-ogerpon
4,636,p1,1545,dragapult-dusknoir,0556,flareon-noctowl
4,637,p1,0057,charizard-noctowl,1178,raging-bolt-ogerpon
4,638,tie,0843,gholdengo-lunatone,1682,gholdengo-lunatone
4,639,p1,0532,dragapult-dusknoir,0818,charizard-noctowl
4,640,tie,0811,mega-venusaur-ex,1507,dragapult-dusknoir
4,641,p1,1475,roaring-moon-ex,1058,dragapult-dusknoir
4,642,p2,1196,charizard-noctowl,0634,mega-absol-box
4,643,p2,0827,joltik-box,0588,charizard-noctowl
4,644,p2,0908,joltik-box,0880,charizard-pidgeot
4,645,tie,1604,dragapult-dusknoir,0034,tera-box
4,646,p2,1250,gardevoir-jellicent,1548,gholdengo-lunatone
4,647,p2,0795,gholdengo-lunatone,0946,cynthia-garchomp-ex
4,648,p2,0877,gardevoir-jellicent,0575,charizard-pidgeot
4,649,tie,0630,gardevoir-jellicent,1383,gholdengo-lunatone
4,650,tie,1573,gardevoir-jellicent,1441,gardevoir-jellicent
4,651,p2,0188,charizard-pidgeot,0247,seaking-pre
4,652,p2,1157,dragapult-blaziken,1063,gardevoir-jellicent
4,653,p1,0418,dragapult-charizard,0458,gardevoir-jellicent
4,654,p1,0155,charizard-noctowl,0039,tyranitar-jtg
4,655,p1,0596,gholdengo-lunatone,0126,raging-bolt-ogerpon
4,656,p1,0491,gardevoir-jellicent,1357,raging-bolt-ogerpon
4,657,p2,0031,flareon-noctowl,0749,dragapult-dusknoir
4,658,p1,0330,dragapult-dusknoir,1131,ceruledge-ex
4,659,p1,1167,dragapult-dusknoir,0157,gholdengo-lunatone
4,660,p2,0047,dragapult-dusknoir,0219,gholdengo-lunatone
4,661,p2,0125,charizard-pidgeot,0684,charizard-pidgeot
4,662,p1,0361,dragapult-dusknoir,0283,charizard-noctowl
4,663,p1,1654,dragapult-dusknoir,0511,dragapult-dusknoir
4,664,p2,1661,raging-bolt-ogerpon,1172,raging-bolt-ogerpon
4,665,tie,1304,charizard-pidgeot,1281,raging-bolt-ogerpon
4,666,p1,0817,gholdengo-dragapult,0433,gholdengo-lunatone
4,667,tie,1485,n-zoroark,1636,gholdengo-lunatone
4,668,p1,0313,lopunny-dusknoir,1539,dragapult-dusknoir
4,669,p2,1117,gholdengo-lunatone,1642,charizard-noctowl
4,670,p2,1464,dragapult-dusknoir,0547,n-zoroark
4,671,p2,0940,gholdengo-lunatone,0231,charizard-pidgeot
4,672,p2,1021,archaludon-ex,1076,gardevoir-ex-sv
4,673,p2,0528,greninja-ex,0707,dragapult-dusknoir
4,674,p2,0808,raging-bolt-ogerpon,0478,ceruledge-ex
4,675,p2,0735,gholdengo-lunatone,0999,mega-venusaur-ex
4,676,tie,1258,ceruledge-ex,1356,hydrapple-ogerpon
4,677,tie,0758,dragapult-dusknoir,0513,dragapult-dusknoir
4,678,p1,0108,gholdengo-lunatone,0928,charizard-pidgeot
4,679,p1,1680,cynthia-garchomp-ex,1552,gardevoir-ex-sv
4,680,p1,0150,lucario-hariyama,0773,grimmsnarl-froslass
4,681,p1,0750,ceruledge-ex,0609,dragapult-dusknoir
4,682,p1,0986,alakazam-dudunsparce,0967,lucario-hariyama
4,683,tie,0574,alakazam-dudunsparce,0127,dragapult-charizard
4,684,p2,0823,kangaskhan-bouffalant,1240,raging-bolt-ogerpon
4,685,p2,1205,tera-box,1056,cynthia-garchomp-ex
4,686,tie,1152,mega-absol-box,0647,dragapult-dusknoir
4,687,p2,0557,flareon-noctowl,0592,gardevoir-jellicent
4,688,p2,0087,alakazam-dudunsparce,0926,dragapult-dusknoir
4,689,p2,0947,kangaskhan-bouffalant,0937,gardevoir-jellicent
4,690,p2,0232,dragapult-charizard,0185,dragapult-dusknoir
4,691,p1,1407,charizard-pidgeot,0934,raging-bolt-ogerpon
4,692,p1,0055,n-zoroark,0580,grimmsnarl-froslass
4,693,p1,0354,dragapult-ex,1086,mega-absol-box
4,694,p1,0570,charizard-noctowl,0314,cynthia-garchomp-ex
4,695,p2,1221,flareon-noctowl,0679,tera-box
4,696,p1,0410,conkeldurr-twm,1551,dragapult-dusknoir
4,697,p1,1463,greninja-blaziken,1180,hydreigon-ex
4,698,tie,0514,hydrapple-ogerpon,1535,raging-bolt-ogerpon
4,699,tie,0873,gholdengo-lunatone,0358,ethan-typhlosion
4,700,p1,1480,gardevoir-jellicent,1096,gardevoir-jellicent
4,701,p2,0178,dragapult-charizard,0098,raging-bolt-ogerpon
4,702,p2,1326,mega-kangaskhan-ex,1395,dragapult-charizard
4,703,p1,0346,gardevoir-ex-sv,0402,other
4,704,p1,1291,charizard-noctowl,1081,gholdengo-dragapult
4,705,p1,1217,manectric-eelektrik,0151,dragapult-dusknoir
4,706,p1,1055,gardevoir-jellicent,0605,dragapult-dusknoir
4,707,p1,1220,tera-box,0297,dragapult-dusknoir
4,708,p2,1376,raging-bolt-ogerpon,0725,dragapult-dusknoir
4,709,p2,1500,grimmsnarl-froslass,0543,gholdengo-lunatone
4,710,p1,0095,grimmsnarl-froslass,1590,gardevoir-jellicent
4,711,p1,0468,gholdengo-lunatone,0799,dragapult-dusknoir
4,712,p2,0168,gholdengo-lunatone,0820,n-zoroark
4,713,p2,0104,gardevoir-jellicent,1113,dragapult-dusknoir
4,714,p2,0672,charizard-noctowl,1685,gholdengo-lunatone
4,715,p2,1243,mega-absol-box,1020,iron-hands-magneton
4,716,p2,0438,charizard-pidgeot,0253,mega-absol-box
4,717,p1,0883,charizard-noctowl,0641,gholdengo-joltik-box
4,718,tie,0042,lopunny-dusknoir,1429,gardevoir-jellicent
4,719,p2,1518,greninja-ex,0914,gholdengo-lunatone
4,720,p1,1591,gardevoir-jellicent,0267,dragapult-dusknoir
4,721,p1,0790,gardevoir-jellicent,0136,joltik-box
4,722,p1,0113,charizard-noctowl,1684,grimmsnarl-froslass
4,723,p2,0263,gardevoir-jellicent,1198,charizard-noctowl
4,724,p2,1543,dragapult-charizard,0211,gholdengo-lunatone
4,725,p2,0671,charizard-pidgeot,0945,dragapult-dusknoir
4,726,p2,1533,charizard-pidgeot,0333,raging-bolt-ogerpon
4,727,p1,0308,raging-bolt-ogerpon,0049,gholdengo-lunatone
4,728,p1,0763,charizard-noctowl,1200,charizard-pidgeot
4,729,p1,1224,dragapult-dusknoir,0260,dragapult-dusknoir
4,730,p1,0318,ethan-typhlosion,0980,gardevoir-ex-sv
4,731,p1,0036,gardevoir-jellicent,0661,dragapult-charizard
4,732,p1,0512,gholdengo-lunatone,0010,gardevoir-jellicent
4,733,tie,1405,alakazam-dudunsparce,0286,dragapult-charizard
4,734,p2,0315,n-zoroark,1662,raging-bolt-ogerpon
4,735,p2,0068,ceruledge-ex,0640,dragapult-dusknoir
4,736,p1,1230,rocket-mewtwo-ex,0675,gholdengo-lunatone
4,737,p1,0348,ceruledge-ex,1276,sharpedo-toxtricity
4,738,p1,1567,gholdengo-lunatone,1307,charizard-pidgeot
4,739,p1,0968,charizard-pidgeot,1143,dragapult-dusknoir
4,740,p2,1293,great-tusk-tef,0331,toxtricity-pfl
4,741,p1,0846,raging-bolt-ogerpon,0088,gardevoir-jellicent
4,742,p2,0520,lucario-hariyama,0881,dragapult-dusknoir
4,743,p1,1306,raging-bolt-ogerpon,0476,mega-venusaur-ex
4,744,p1,0583,dragapult-dusknoir,0175,reging-bolt-bellibolt
4,745,p2,0615,dragapult-dusknoir,0715,dragapult-dusknoir
4,746,p2,0977,mega-absol-box,1588,seaking-pre
4,747,p2,1289,flareon-noctowl,0119,dragapult-dusknoir
4,748,p1,0234,gholdengo-ex,0437,gardevoir-ex-sv
4,749,p2,1030,dragapult-dusknoir,0516,grimmsnarl-froslass
4,750,p1,0359,charizard-pidgeot,0324,gardevoir-jellicent
4,751,p1,0741,gholdengo-lunatone,0958,charizard-noctowl
4,752,p1,1585,grimmsnarl-froslass,0988,mega-venusaur-ex
4,753,p2,0579,raging-bolt-ogerpon,0341,slowking-scr
4,754,tie,1605,kangaskhan-bouffalant,0043,gardevoir-ex-sv
4,755,p2,0565,grimmsnarl-froslass,0223,dragapult-dusknoir
4,756,p2,1059,ethan-typhlosion,0012,gholdengo-joltik-box
4,757,p2,1362,gholdengo-ex,1606,charizard-noctowl
4,758,p2,0503,gholdengo-lunatone,0788,flareon-noctowl
4,759,p1,0288,n-zoroark,0762,mega-absol-box
4,760,p2,0548,ho-oh-armarouge,0156,raging-bolt-ogerpon
4,761,tie,0925,yanmega-ex,1323,gholdengo-lunatone
4,762,p2,1397,dragapult-dusknoir,0757,mega-absol-box
4,763,tie,0459,dragapult-charizard,1270,lucario-hariyama
4,764,p2,1382,gardevoir-ex-sv,1008,dragapult-dusknoir
4,765,p1,0137,dragapult-dusknoir,0558,charizard-pidgeot
4,766,p2,1236,mega-absol-box,1311,charizard-pidgeot
4,767,p1,0372,charizard-pidgeot,0540,mega-absol-box
4,768,p2,1187,charizard-noctowl,1457,cynthia-garchomp-ex
4,769,p1,0912,charizard-noctowl,1467,ceruledge-ex
4,770,p1,0492,dragapult-dusknoir,0379,gardevoir-jellicent
4,771,p1,1194,dragapult-dusknoir,0319,kangaskhan-bouffalant
4,772,p2,1296,dragapult-dusknoir,1314,gardevoir-ex-sv
4,773,p2,1371,gardevoir-jellicent,0871,grimmsnarl-froslass
4,774,p2,1369,raging-bolt-ogerpon,1317,flareon-noctowl
4,775,tie,0432,dragapult-dusknoir,0803,gholdengo-lunatone
4,776,p1,1516,raging-bolt-ogerpon,0271,ethan-typhlosion
4,777,p1,1538,dragapult-dusknoir,0040,n-zoroark
4,778,p1,1364,dragapult-dusknoir,1562,raging-bolt-ogerpon
4,779,tie,0984,dragapult-dusknoir,0447,mega-absol-box
4,780,p2,1302,gholdengo-lunatone,1174,mega-absol-box
4,781,p1,1116,charizard-noctowl,1389,dragapult-dusknoir
4,782,p1,1571,charizard-noctowl,0916,charizard-noctowl
4,783,p2,0414,raging-bolt-ogerpon,0070,gardevoir-jellicent
4,784,p1,0369,charizard-noctowl,0572,dragapult-charizard
4,785,p1,0191,dragapult-dusknoir,1099,cynthia-garchomp-ex
4,786,p1,1483,grimmsnarl-froslass,1686,gardevoir-jellicent
4,787,p1,0976,gholdengo-lunatone,1652,iron-hands-magneton
4,788,p1,1581,charizard-noctowl,1564,flareon-noctowl
4,789,p2,1446,dragapult-dusknoir,0344,festival-lead
4,790,p2,1013,dragapult-dusknoir,0599,charizard-pidgeot
4,791,p1,1524,other,1450,charizard-noctowl
4,792,p2,0783,mega-venusaur-ex,0018,grimmsnarl-froslass
4,793,p2,0293,charizard-noctowl,0786,charizard-noctowl
4,794,p2,0389,gardevoir-ex-sv,1556,dragapult-dusknoir
4,795,p2,0832,gardevoir-jellicent,0449,dragapult-dusknoir
4,796,p1,1611,dragapult-dusknoir,0686,gardevoir-jellicent
4,797,p2,0931,charizard-noctowl,0207,gardevoir-jellicent
4,798,p2,0029,raging-bolt-ogerpon,0767,n-zoroark
4,799,p2,0821,dragapult-dusknoir,0996,gardevoir-jellicent
4,800,p2,0549,slowking-scr,0240,charizard-pidgeot
4,801,p1,0179,dragapult-dusknoir,0398,ceruledge-ex
4,802,p2,0159,charizard-pidgeot,0603,lucario-hariyama
4,803,p2,0290,sharpedo-toxtricity,1655,sharpedo-toxtricity
4,804,p1,0836,gardevoir-jellicent,0251,greninja-ex
4,805,tie,0949,raging-bolt-ogerpon,1109,mega-venusaur-ex
4,806,p2,1620,charizard-pidgeot,1211,gardevoir-jellicent
4,807,p1,0853,gardevoir-jellicent,1505,charizard-pidgeot
4,808,double_loss,0674,cynthia-garchomp-ex,0727,flareon-noctowl
4,809,p2,1687,mega-absol-box,0964,gardevoir-jellicent
4,810,tie,0086,raging-bolt-ex,1513,gardevoir-jellicent
4,811,p1,0522,dragapult-charizard,1663,gardevoir-jellicent
4,812,p1,1681,dragapult-charizard,1368,dragapult-dusknoir
4,813,tie,0250,dragapult-dusknoir,0470,gardevoir-jellicent
4,814,p1,1349,charizard-pidgeot,0364,flareon-noctowl
4,815,p2,1442,ceruledge-ex,0423,sharpedo-toxtricity
4,816,p2,1667,lucario-hariyama,1426,charizard-pidgeot
4,817,p1,1134,charizard-pidgeot,0228,charizard-pidgeot
4,818,p1,0019,raging-bolt-ogerpon,1374,lopunny-dusknoir
4,819,p1,0213,lopunny-dusknoir,1130,tera-box
4,820,p1,1418,ceruledge-ex,1176,lopunny-dusknoir
4,821,p1,0194,tera-box,1104,dragapult-ex
4,822,tie,0102,charizard-pidgeot,0560,gardevoir-jellicent
4,823,p1,0510,dragapult-charizard,0781,flareon-noctowl
4,841,p1,1678,gholdengo-lunatone,1416,ogerpon-meganium
4,936,p2,0466,ogerpon-meganium,0083,dragapult-dusknoir
4,938,p1,0899,charizard-noctowl,1366,joltik-box
4,,bye,0266,gholdengo-lunatone,,
5,1,p2,0027,grimmsnarl-froslass,0584,gardevoir-ex-sv
5,2,p2,1235,gardevoir-ex-sv,0944,mega-absol-box
5,3,p1,1668,ceruledge-ex,1572,gholdengo-lunatone
5,4,p1,0748,grimmsnarl-froslass,1312,raging-bolt-ogerpon
5,5,p1,0649,dragapult-dusknoir,1208,charizard-noctowl
5,6,p1,0963,gardevoir-jellicent,0719,raging-bolt-ogerpon
5,7,p1,1173,gardevoir-jellicent,1471,dragapult-dusknoir
5,8,p2,0311,gholdengo-lunatone,1440,gardevoir-ex-sv
5,9,p1,0144,gardevoir-ex-sv,0995,gholdengo-lunatone
5,10,tie,0342,gardevoir-ex-sv,0415,charizard-pidgeot
5,11,p1,1451,gholdengo-lunatone,1481,dragapult-dusknoir
5,12,p1,1666,gholdengo-lunatone,1256,grimmsnarl-froslass
5,13,p1,0443,greninja-ex,0889,mega-absol-box
5,14,tie,1155,dragapult-dusknoir,0004,charizard-noctowl
5,15,p2,0563,dragapult-ex,1248,gholdengo-lunatone
5,16,p1,1639,dragapult-dusknoir,0203,lucario-hariyama
5,17,tie,1012,gardevoir-jellicent,1319,gholdengo-lunatone
5,18,p2,1045,dragapult-dusknoir,1133,gardevoir-jellicent
5,19,tie,0033,gardevoir-jellicent,0133,gholdengo-lunatone
5,20,p1,0623,gholdengo-lunatone,0227,dragapult-dusknoir
5,21,p1,0371,gholdengo-lunatone,0625,n-zoroark
5,22,p1,1520,grimmsnarl-froslass,0551,?
5,23,tie,1579,dragapult-dusknoir,0480,dragapult-charizard
5,24,p1,1158,kangaskhan-bouffalant,0886,gardevoir-ex-sv
5,25,p1,1144,dragapult-dusknoir,0262,dragapult-dusknoir
5,26,p1,0665,raging-bolt-ogerpon,0703,hydrapple-ogerpon
5,27,p1,1468,raging-bolt-ogerpon,0309,raging-bolt-ogerpon
5,28,p2,1626,ceruledge-ex,1530,dragapult-dusknoir
5,29,p2,0594,gholdengo-lunatone,0405,raging-bolt-ogerpon
5,30,p1,1511,dragapult-dusknoir,1476,raging-bolt-ogerpon
5,31,p1,0714,raging-bolt-ogerpon,1140,gholdengo-lunatone
5,32,p2,0259,gholdengo-lunatone,0587,tera-box
5,33,tie,0806,gardevoir-ex-sv,1089,charizard-pidgeot
5,34,p2,0604,gardevoir-ex-sv,0834,gholdengo-joltik-box
5,35,p2,1151,gholdengo-lunatone,1275,charizard-noctowl
5,36,p2,0685,dragapult-dusknoir,0829,gardevoir-ex-sv
5,37,p1,0553,charizard-noctowl,1175,?
5,38,p2,0870,dragapult-dusknoir,1095,raging-bolt-ogerpon
5,39,p2,1351,charizard-noctowl,1401,dragapult-dusknoir
5,40,p2,0923,dragapult-dusknoir,1203,dragapult-dusknoir
5,41,p2,0472,kangaskhan-bouffalant,0069,gholdengo-lunatone
5,42,p1,1411,charizard-noctowl,0724,iron-hands-magneton
5,43,p1,1103,iron-hands-magneton,0733,dragapult-dusknoir
5,44,p1,1565,dragapult-dusknoir,0356,grimmsnarl-froslass
5,45,p2,1410,gholdengo-lunatone,1453,lopunny-dusknoir
5,46,tie,0845,raging-bolt-ogerpon,1085,gholdengo-lunatone
5,47,p2,1087,cynthia-garchomp-ex,1288,alakazam-dudunsparce
5,48,tie,0420,ceruledge-ex,1169,grimmsnarl-froslass
5,49,p2,1242,n-zoroark,0802,raging-bolt-ogerpon
5,50,tie,1378,charizard-noctowl,0499,grimmsnarl-froslass
5,51,p1,0742,gardevoir-jellicent,0486,charizard-pidgeot
5,52,p1,1123,marnie-grimmsnarl-ex,0589,n-zoroark
5,53,p1,1346,gholdengo-lunatone,1398,gardevoir-jellicent
5,54,tie,1043,charizard-noctowl,0571,charizard-noctowl
5,55,p2,0141,charizard-noctowl,0484,gardevoir-ex-sv
5,56,p1,1071,alakazam-dudunsparce,1597,charizard-noctowl
5,57,p2,0712,ceruledge-ex,0718,gholdengo-lunatone
5,58,p2,1120,dragapult-dusknoir,0284,joltik-box
5,59,p1,0329,dragapult-charizard,0391,dragapult-dusknoir
5,60,tie,0911,gholdengo-lunatone,0170,gardevoir-ex-sv
5,61,p2,0249,dragapult-dusknoir,0349,gardevoir-ex-sv
5,62,p2,0915,gholdengo-lunatone,0327,dragapult-dusknoir
5,63,tie,0624,dragapult-dusknoir,1417,gardevoir-ex-sv
5,64,p1,0494,charizard-noctowl,0900,dragapult-blaziken
5,65,tie,0064,dragapult-dusknoir,1689,gholdengo-lunatone
5,66,p2,0385,gholdengo-lunatone,0215,charizard-pidgeot
5,67,p2,1329,gholdengo-lunatone,0281,mega-absol-box
5,68,p2,1599,gholdengo-lunatone,0891,gholdengo-lunatone
5,69,tie,0973,dragapult-charizard,1061,dragapult-dusknoir
5,70,p2,1274,charizard-noctowl,0760,kangaskhan-bouffalant
5,71,p2,0904,raging-bolt-ogerpon,1566,ceruledge-ex
5,72,p2,1403,mega-absol-box,1612,lopunny-dusknoir
5,73,tie,0165,grimmsnarl-froslass,0189,raging-bolt-ogerpon
5,74,p2,1048,charizard-noctowl,0535,gholdengo-lunatone
5,75,p1,0709,gholdengo-lunatone,0451,gholdengo-joltik-box
5,76,p2,1260,gholdengo-lunatone,0882,mega-absol-box
5,77,p1,1261,crustle-dri,0663,gholdengo-lunatone
5,78,p1,1195,gholdengo-lunatone,0326,dragapult-dusknoir
5,79,p1,0323,charizard-noctowl,1466,mega-absol-box
5,80,p1,0366,greninja-ex,1114,dragapult-dusknoir
5,81,p1,0896,dragapult-dusknoir,1188,dragapult-dusknoir
5,82,tie,1148,cynthia-garchomp-ex,0393,charizard-noctowl
5,83,p1,1031,gholdengo-lunatone,1328,gardevoir-ex-sv
5,84,p2,0696,dragapult-dusknoir,0562,kangaskhan-bouffalant
5,85,p1,0632,alakazam-dudunsparce,0637,gholdengo-joltik-box
5,86,p2,1582,ethan-typhlosion,0222,charizard-noctowl
5,87,p2,0216,iron-hands-magneton,0639,charizard-pidgeot
5,88,p1,1673,gholdengo-lunatone,1393,gholdengo-lunatone
5,89,p2,0479,charizard-noctowl,0828,gardevoir-ex-sv
5,90,p2,0416,gardevoir-jellicent,0079,gardevoir-jellicent
5,91,tie,1337,raging-bolt-ogerpon,0291,grimmsnarl-froslass
5,92,p2,0645,dragapult-dusknoir,1107,froslass-munkidori
5,93,tie,0754,dragapult-charizard,1593,gardevoir-ex-sv
5,94,tie,0427,gholdengo-lunatone,0635,dragapult-dusknoir
5,95,p1,1100,mega-lucario-ex,0613,n-zoroark
5,96,p1,0278,gardevoir-jellicent,1370,joltik-box
5,97,p1,0611,gholdengo-lunatone,0363,gholdengo-lunatone
5,98,p2,0116,charizard-noctowl,1651,dragapult-dusknoir
5,99,p2,1263,gholdengo-lunatone,0784,charizard-noctowl
5,100,tie,0895,gardevoir-jellicent,1649,alakazam-meg
5,101,p2,1118,gardevoir-jellicent,1435,grimmsnarl-froslass
5,102,p1,1125,grimmsnarl-froslass,0841,charizard-ex
5,103,p1,0397,charizard-noctowl,1601,dragapult-dusknoir
5,104,p1,1645,iron-hands-magneton,0439,mega-absol-box
5,105,p2,0965,raging-bolt-ogerpon,1339,ho-oh-armarouge
5,106,p1,1251,mega-absol-box,0987,mega-absol-box
5,107,p1,1159,gardevoir-ex-sv,1338,lopunny-dusknoir
5,108,p1,1484,gholdengo-lunatone,0140,greninja-ex
5,109,p1,1428,manectric-eelektrik,0115,grimmsnarl-froslass
5,110,p1,0546,grimmsnarl-froslass,0907,terapagos-noctowl
5,111,tie,0778,gardevoir-jellicent,0020,charizard-pidgeot
5,112,p1,1459,charizard-noctowl,1350,dragapult-dusknoir
5,113,p2,0606,sharpedo-toxtricity,1584,dragapult-charizard
5,114,p2,1305,gardevoir-jellicent,1285,n-zoroark
5,115,tie,1190,gardevoir-ex-sv,1132,dragapult-dusknoir
5,116,p1,0627,alakazam-dudunsparce,1469,charizard-noctowl
5,117,p2,0739,okidogi-ex,1355,gholdengo-lunatone
5,118,p1,1278,gholdengo-joltik-box,0692,gholdengo-lunatone
5,119,p1,1129,dragapult-dusknoir,0737,charizard-noctowl
5,120,p2,0975,gardevoir-jellicent,0138,iron-hands-magneton
5,121,p2,1110,gardevoir-jellicent,0413,dragapult-dusknoir
5,122,p2,0370,mega-absol-box,1004,gardevoir-jellicent
5,123,p1,0756,gholdengo-lunatone,0197,raging-bolt-ogerpon
5,124,p1,0819,charizard-noctowl,0176,charizard-dragapult
5,125,p2,0475,dragapult-dusknoir,0320,dragapult-dusknoir
5,126,p1,1628,gardevoir-ex-sv,0598,ceruledge-ex
5,127,p2,0835,iron-hands-magneton,0400,dragapult-dusknoir
5,128,tie,0664,dragapult-dusknoir,1028,gholdengo-lunatone
5,129,p2,1531,tera-box,0552,gholdengo-lunatone
5,130,tie,0893,charizard-noctowl,1156,dragapult-dusknoir
5,131,tie,0276,raging-bolt-ogerpon,1279,charizard-noctowl
5,132,p2,1316,mega-absol-box,0307,pidgeot-control
5,133,p2,0917,dragapult-dusknoir,1154,gardevoir-ex-sv
5,134,p1,0386,gardevoir-ex-sv,1193,gholdengo-lunatone
5,135,p2,0117,n-zoroark,1038,gardevoir-jellicent
5,136,p1,0495,dragapult-dusknoir,1090,ceruledge-ex
5,137,tie,0971,gholdengo-lunatone,1072,grimmsnarl-froslass
5,138,p2,0504,hydreigon-ex,0833,gardevoir-ex-sv
5,139,p2,1082,raging-bolt-ogerpon,0206,gardevoir-jellicent
5,140,p1,0736,charizard-noctowl,0938,gardevoir-jellicent
5,141,tie,0591,raging-bolt-ogerpon,1335,greninja-ex
5,142,p1,0919,rocket-mewtwo-ex,1254,n-zoroark
5,143,tie,0932,alakazam-dudunsparce,1461,gholdengo-lunatone
5,144,p1,1529,charizard-noctowl,1676,kangaskhan-bouffalant
5,145,tie,0539,gholdengo-lunatone,0187,charizard-noctowl
5,146,p1,0837,charizard-noctowl,1525,gardevoir-ex-sv
5,147,p2,0769,ursaluna-lunatone,1408,gardevoir-ex-sv
5,148,tie,0838,gardevoir-ex-sv,0434,dragapult-dusknoir
5,149,p2,0205,manectric-eelektrik,0978,gholdengo-lunatone
5,150,p1,0997,charizard-noctowl,0485,greninja-ex
5,151,p2,1101,gholdengo-lunatone,1191,?
5,152,p2,0482,charizard-noctowl,1419,dragapult-dusknoir
5,153,p1,0771,dragapult-charizard,1456,gholdengo-lunatone
5,154,p1,0582,charizard-noctowl,0362,mega-absol-box
5,155,p1,1219,tera-box,0445,dragapult-dusknoir
5,156,p2,1218,raging-bolt-ogerpon,0282,gholdengo-lunatone
5,157,p1,1380,gholdengo-lunatone,1097,dragapult-dusknoir
5,158,tie,0182,gardevoir-ex-sv,1168,charizard-noctowl
5,159,p2,1135,charizard-noctowl,0810,gardevoir-jellicent
5,160,p1,1365,mega-absol-box,0568,kangaskhan-bouffalant
5,161,tie,0656,gardevoir-jellicent,0129,charizard-noctowl
5,162,p2,0489,gardevoir-jellicent,0384,gardevoir-jellicent
5,163,p2,1559,gholdengo-lunatone,0764,gholdengo-lunatone
5,164,p2,0490,tinkaton-ex,1179,grimmsnarl-froslass
5,165,p1,1367,gholdengo-lunatone,1427,gholdengo-lunatone
5,166,p1,1209,gardevoir-ex-sv,0378,raging-bolt-ogerpon
5,167,p1,0154,dragapult-dusknoir,0435,charizard-pidgeot
5,168,tie,0774,dragapult-dusknoir,1325,mega-absol-box
5,169,p2,1443,gholdengo-lunatone,0401,iron-hands-magneton
5,170,p1,0657,charizard-noctowl,0306,?
5,171,p2,1271,slowking-scr,1115,grimmsnarl-froslass
5,172,tie,1575,dragapult-dusknoir,1084,gholdengo-lunatone
5,173,p2,1233,?,0527,raging-bolt-ogerpon
5,174,p1,0120,crustle-dri,0982,dragapult-dusknoir
5,175,p1,0152,greninja-ex,1576,dragapult-charizard
5,176,p1,0131,dragapult-dusknoir,1313,n-zoroark
5,177,p2,1454,gardevoir-jellicent,1536,grimmsnarl-froslass
5,178,p2,1674,charizard-noctowl,1098,gardevoir-jellicent
5,179,p2,0710,gholdengo-lunatone,1002,gardevoir-ex-sv
5,180,p1,0716,raging-bolt-ogerpon,0862,greninja-ex
5,181,p2,0779,gardevoir-ex-sv,0237,ceruledge-ex
5,182,p1,0032,tera-box,0676,joltik-box
5,183,p1,0509,dragapult-dusknoir,0089,dragapult-dusknoir
5,184,p1,0517,gholdengo-lunatone,1523,kangaskhan-bouffalant
5,185,tie,1181,charizard-noctowl,1246,gholdengo-lunatone
5,186,p1,0380,pidgeot-control,1142,hydrapple-ogerpon
5,187,tie,0677,charizard-noctowl,0464,grimmsnarl-froslass
5,188,p2,1212,raging-bolt-ogerpon,0906,charizard-pidgeot
5,189,p2,0775,gholdengo-lunatone,1522,joltik-box
5,190,p2,0111,dragapult-dusknoir,0212,dragapult-dusknoir
5,191,p2,0483,gardevoir-ex-sv,1298,dragapult-dusknoir
5,192,p1,0009,gardevoir-jellicent,1007,lopunny-dusknoir
5,193,p2,1018,charizard-noctowl,0200,dragapult-dusknoir
5,194,p2,0595,charizard-pidgeot,1527,dragapult-dusknoir
5,195,p2,1249,mega-absol-box,1127,raging-bolt-ogerpon
5,196,p1,1137,dragapult-dusknoir,0005,gholdengo-lunatone
5,197,p1,0898,charizard-noctowl,0298,charizard-noctowl
5,198,tie,0146,other,1321,dragapult-dusknoir
5,199,p1,0629,dragapult-dusknoir,1093,dragapult-dusknoir
5,200,p2,1344,dragapult-dusknoir,0273,gholdengo-lunatone
5,201,p1,0107,gardevoir-jellicent,0842,gholdengo-lunatone
5,202,p1,1070,dragapult-dusknoir,0332,charizard-pidgeot
5,203,p1,0114,gardevoir-jellicent,1324,dragapult-dusknoir
5,204,tie,0442,charizard-noctowl,1201,n-zoroark
5,205,p2,1595,gardevoir-jellicent,1032,gholdengo-lunatone
5,206,tie,0072,charizard-pidgeot,1504,charizard-noctowl
5,207,p1,1353,kangaskhan-bouffalant,1635,sharpedo-toxtricity
5,208,p2,0153,charizard-noctowl,1616,joltik-box
5,209,p2,0268,charizard-noctowl,0452,gardevoir-ex-sv
5,210,p1,0294,raging-bolt-ogerpon,1078,mega-absol-box
5,211,p2,0825,ursaluna-lunatone,0081,dragapult-dusknoir
5,212,p2,0728,dragapult-dusknoir,1482,grimmsnarl-froslass
5,213,p1,1241,dragapult-dusknoir,0376,ceruledge-ex
5,214,tie,0849,gardevoir-jellicent,0693,charizard-noctowl
5,215,p1,0942,gardevoir-ex-sv,0648,hydrapple-ogerpon
5,216,p1,0697,dragapult-dusknoir,1075,gholdengo-lunatone
5,217,p2,0021,pidgeot-control,1332,charizard-noctowl
5,218,p1,0831,mega-absol-box,0867,charizard-noctowl
5,219,p2,0325,tera-box,0610,archaludon-ex
5,220,tie,0436,gholdengo-lunatone,0180,gholdengo-ex
5,221,tie,0711,dragapult-dusknoir,1423,gardevoir-jellicent
5,222,p2,1041,gholdengo-lunatone,0597,charizard-noctowl
5,223,p2,0966,grimmsnarl-froslass,0017,gardevoir-ex-sv
5,224,p2,1223,manectric-eelektrik,0161,gholdengo-lunatone
5,225,p2,1051,gholdengo-lunatone,1088,gardevoir-ex-sv
5,226,p2,1643,dragapult-charizard,0972,dragapult-dusknoir
5,227,p2,0457,crustle-dri,1474,joltik-box
5,228,p2,1005,gardevoir-jellicent,1617,grimmsnarl-froslass
5,229,p2,0601,dragapult-dusknoir,0339,gardevoir-ex-sv
5,230,p1,0448,ceruledge-ex,0310,gholdengo-lunatone
5,231,p2,0301,grimmsnarl-froslass,0839,dragapult-dusknoir
5,232,p2,0939,gardevoir-jellicent,1036,gholdengo-lunatone
5,233,p2,0360,charizard-noctowl,0060,dragapult-dusknoir
5,234,tie,1568,charizard-pidgeot,1310,raging-bolt-ogerpon
5,235,p2,0791,mega-absol-box,1458,gholdengo-lunatone
5,236,tie,1385,charizard-noctowl,0246,gardevoir-jellicent
5,237,p2,0477,mega-absol-box,1670,charizard-noctowl
5,238,p1,0753,dragapult-dusknoir,0955,dragapult-dusknoir
5,239,tie,0347,alakazam-dudunsparce,1431,gholdengo-lunatone
5,240,p2,1608,gholdengo-lunatone,0826,dragapult-dusknoir
5,241,p1,0766,greninja-ex,0265,gardevoir-jellicent
5,242,p1,0713,gholdengo-lunatone,1561,mega-absol-box
5,243,tie,0455,gardevoir-ex-sv,0743,gholdengo-lunatone
5,244,p2,0496,mega-venusaur-ex,0404,dragapult-charizard
5,245,tie,1170,alakazam-dudunsparce,0425,gholdengo-lunatone
5,246,p1,0924,gholdengo-lunatone,1295,mega-absol-box
5,247,tie,0751,grimmsnarl-froslass,0644,gardevoir-jellicent
5,248,p2,0654,gholdengo-lunatone,0884,crustle-dri
5,249,p2,1119,gholdengo-lunatone,0103,charizard-noctowl
5,250,p2,1265,raging-bolt-ogerpon,0044,charizard-pidgeot
5,251,p2,0058,gholdengo-lunatone,1622,gholdengo-lunatone
5,252,p2,1064,gholdengo-lunatone,0046,gholdengo-lunatone
5,253,p2,1589,dragapult-dusknoir,0226,gholdengo-ex
5,254,p2,1363,dragapult-dusknoir,1184,raging-bolt-ogerpon
5,255,p2,0909,gholdengo-lunatone,0761,dragapult-dusknoir
5,256,tie,0382,dragapult-dusknoir,0798,charizard-noctowl
5,257,p2,0279,toedscruel-ex,0933,iron-thorns-crustle
5,258,p2,1049,dragapult-dusknoir,0785,dragapult-charizard
5,259,p2,0109,ceruledge-ex,0721,dragapult-dusknoir
5,260,p1,1624,dragapult-dusknoir,0847,conkeldurr-twm
5,261,p2,0732,n-zoroark,0025,gardevoir-jellicent
5,262,p2,1384,charizard-pidgeot,0859,dragapult-dusknoir
5,263,tie,0075,gholdengo-lunatone,1602,mega-venusaur-ex
5,264,p2,0616,dragapult-dusknoir,0183,mega-absol-box
5,265,tie,0045,ceruledge-ex,0063,charizard-noctowl
5,266,p2,1112,gholdengo-lunatone,1487,dragapult-dusknoir
5,267,p2,0337,gardevoir-jellicent,0487,gholdengo-lunatone
5,268,p1,1433,gardevoir-jellicent,1669,dragapult-dusknoir
5,269,p1,0078,charizard-noctowl,0198,gholdengo-lunatone
5,270,tie,0292,joltik-box,0217,gardevoir-jellicent
5,271,p2,0412,dragapult-dusknoir,0456,gholdengo-lunatone
5,272,tie,0258,charizard-noctowl,0815,gholdengo-lunatone
5,273,p2,0419,gholdengo-lunatone,1216,gardevoir-jellicent
5,274,p1,0730,gardevoir-jellicent,1656,dragapult-dusknoir
5,275,tie,0302,gardevoir-jellicent,1014,mega-absol-box
5,276,tie,0868,gardevoir-jellicent,0897,gholdengo-lunatone
5,277,p2,0903,charizard-pidgeot,1006,dragapult-dusknoir
5,278,tie,0174,toxtricity-pfl,1465,dragapult-dusknoir
5,279,tie,1672,gardevoir-jellicent,0394,gardevoir-jellicent
5,280,tie,1445,gholdengo-lunatone,0285,raging-bolt-ogerpon
5,281,p2,0269,charizard-noctowl,0800,gholdengo-lunatone
5,282,p1,0998,dragapult-dusknoir,1150,charizard-pidgeot
5,283,p2,0488,alakazam-dudunsparce,0390,dragapult-dusknoir
5,284,p2,0508,charizard-noctowl,0850,charizard-ex
5,285,p2,0740,gholdengo-lunatone,0100,gholdengo-lunatone
5,286,p2,1238,charizard-noctowl,1414,gholdengo-lunatone
5,287,p1,0252,tera-box,0854,charizard-noctowl
5,288,p1,0299,dragapult-dusknoir,1633,dragapult-dusknoir
5,289,tie,0214,gardevoir-ex-sv,0523,charizard-noctowl
5,290,p1,0296,gholdengo-lunatone,1345,charizard-noctowl
5,291,tie,1330,charizard-noctowl,0957,charizard-noctowl
5,292,p2,0642,charizard-noctowl,0780,gholdengo-lunatone
5,293,tie,0121,kangaskhan-bouffalant,0878,grimmsnarl-froslass
5,294,p1,0660,grimmsnarl-froslass,0782,gholdengo-lunatone
5,295,p1,1226,dragapult-dusknoir,1277,charizard-noctowl
5,296,p1,0101,gardevoir-jellicent,0670,dragapult-dusknoir
5,297,p1,1381,cynthia-garchomp-ex,1044,charizard-pidgeot
5,298,tie,0744,iron-hands-magneton,0084,gholdengo-lunatone
5,299,tie,0863,gholdengo-lunatone,0554,flareon-noctowl
5,300,p1,0041,dragapult-dusknoir,0593,raging-bolt-ogerpon
5,301,p2,0874,gholdengo-lunatone,0607,dragapult-dusknoir
5,302,tie,0559,gholdengo-lunatone,0248,charizard-pidgeot
5,303,p1,1139,gardevoir-jellicent,0569,charizard-noctowl
5,304,p2,0796,raging-bolt-ogerpon,0289,dragapult-dusknoir
5,305,p2,0264,grimmsnarl-froslass,1413,dragapult-dusknoir
5,306,tie,1083,gardevoir-jellicent,0209,dragapult-dusknoir
5,307,p2,0062,ethan-typhlosion,0708,gardevoir-ex-sv
5,308,p2,1050,gholdengo-lunatone,1647,dragapult-dusknoir
5,309,p2,1229,gholdengo-lunatone,0208,charizard-noctowl
5,310,p2,1177,ceruledge-ex,0429,alakazam-dudunsparce
5,311,p2,1019,dragapult-dusknoir,0467,ethan-typhlosion
5,312,p2,1292,dragapult-dusknoir,1546,gardevoir-jellicent
5,313,p2,0804,gardevoir-jellicent,0473,n-zoroark
5,314,p2,0866,tera-box,1373,dragapult-charizard
5,315,p2,0444,dragapult-dusknoir,0666,gardevoir-jellicent
5,316,tie,0902,hydrapple-ogerpon,0700,gardevoir-jellicent
5,317,p1,0502,dragapult-dusknoir,1286,charizard-pidgeot
5,318,tie,1436,tyranitar-jtg,1675,gardevoir-ex-sv
5,319,p2,1215,gholdengo-lunatone,1136,gholdengo-lunatone
5,320,p1,1621,dragapult-dusknoir,1327,gholdengo-lunatone
5,321,p1,0872,dragapult-dusknoir,1618,kangaskhan-bouffalant
5,322,p2,0631,gardevoir-ex-sv,0921,gardevoir-ex-sv
5,323,p1,0913,raging-bolt-ogerpon,1472,raging-bolt-ex
5,324,p1,1388,mega-absol-box,1569,alakazam-dudunsparce
5,325,p1,0275,dragapult-charizard,0532,dragapult-dusknoir
5,326,tie,0272,dragapult-dusknoir,0747,n-zoroark
5,327,tie,0705,n-zoroark,0905,dragapult-charizard
5,328,tie,0706,grimmsnarl-froslass,0123,lucario-hariyama
5,329,p1,0555,n-zoroark,1592,charizard-noctowl
5,330,tie,1548,gholdengo-lunatone,0658,gholdengo-lunatone
5,331,tie,0135,gholdengo-lunatone,0691,gholdengo-lunatone
5,332,tie,0497,kangaskhan-bouffalant,0979,gardevoir-ex-sv
5,333,p2,1009,raging-bolt-ogerpon,0962,charizard-pidgeot
5,334,p2,0396,charizard-noctowl,0254,ethan-typhlosion
5,335,p2,1034,raging-bolt-ogerpon,0317,gholdengo-lunatone
5,336,tie,1514,gholdengo-lunatone,0048,lopunny-dusknoir
5,337,p1,0936,gholdengo-lunatone,0533,gholdengo-lunatone
5,338,p1,0793,gholdengo-lunatone,0687,raging-bolt-ogerpon
5,339,p2,1399,dragapult-dusknoir,0794,gardevoir-jellicent
5,340,p2,1300,dragapult-dusknoir,0776,mega-absol-box
5,341,p2,1359,gardevoir-jellicent,1164,ursaluna-lunatone
5,342,p1,0880,charizard-pidgeot,1486,dragapult-dusknoir
5,343,p2,0006,kangaskhan-bouffalant,1406,dragapult-dusknoir
5,344,tie,0186,raging-bolt-ogerpon,1287,gholdengo-lunatone
5,345,p1,1163,joltik-box,0381,gholdengo-lunatone
5,346,p2,0493,tera-box,0860,dragapult-dusknoir
5,347,p2,1391,conkeldurr-twm,0015,dragapult-dusknoir
5,348,tie,1473,dragapult-dusknoir,0243,gholdengo-lunatone
5,349,p2,1664,gholdengo-lunatone,0682,dragapult-dusknoir
5,350,p1,1091,grimmsnarl-froslass,0680,gholdengo-lunatone
5,351,tie,0994,ceruledge-ex,0653,gholdengo-joltik-box
5,352,p2,1512,charizard-noctowl,0521,dragapult-dusknoir
5,353,p1,0673,gardevoir-jellicent,0343,mega-venusaur-ex
5,354,tie,0465,charizard-noctowl,0454,lopunny-dusknoir
5,355,tie,1644,gholdengo-lunatone,1124,gholdengo-lunatone
5,356,p2,0160,dragapult-dusknoir,1283,joltik-box
5,357,p1,0469,dragapult-dusknoir,0139,dragapult-dusknoir
5,358,p1,0430,dragapult-dusknoir,0602,gholdengo-lunatone
5,359,p2,1183,tera-box,0948,gardevoir-jellicent
5,360,tie,0848,hydrapple-ogerpon,1452,dragapult-dusknoir
5,361,p1,0321,cynthia-garchomp-ex,0218,gardevoir-ex-sv
5,362,tie,1387,?,0244,gardevoir-jellicent
5,363,p2,0876,gholdengo-lunatone,0003,charizard-noctowl
5,364,p1,0134,dragapult-dusknoir,1412,alakazam-dudunsparce
5,365,tie,1192,gardevoir-jellicent,1490,mega-absol-box
5,366,p2,1185,dragapult-dusknoir,0723,gholdengo-lunatone
5,367,p1,1658,gardevoir-jellicent,0418,dragapult-charizard
5,368,p1,0167,dragapult-dusknoir,0411,n-zoroark
5,369,p1,0770,dragapult-dusknoir,1268,charizard-noctowl
5,370,p2,0901,alakazam-dudunsparce,0122,gardevoir-ex-sv
5,371,p1,1257,gholdengo-lunatone,1207,gholdengo-lunatone
5,372,p1,1392,charizard-pidgeot,1228,gholdengo-lunatone
5,373,p2,1623,dragapult-dusknoir,1027,raging-bolt-ogerpon
5,374,p1,1003,raging-bolt-ogerpon,0851,dragapult-dusknoir
5,375,tie,0336,gholdengo-lunatone,1521,flareon-noctowl
5,376,p1,0373,tera-box,1488,dragapult-dusknoir
5,377,p2,0007,dragapult-dusknoir,0581,gardevoir-ex-sv
5,378,p2,1315,charizard-noctowl,1386,dragapult-dusknoir
5,379,tie,1092,gholdengo-lunatone,1063,gardevoir-jellicent
5,380,p2,0383,n-zoroark,1182,dragapult-dusknoir
5,381,p1,0080,gholdengo-lunatone,0668,flareon-noctowl
5,382,p1,1555,joltik-box,0239,dragapult-charizard
5,383,p2,0689,ethan-typhlosion,0702,dragapult-charizard
5,384,p1,0910,dragapult-charizard,1660,dragapult-dusknoir
5,385,p2,1057,flareon-noctowl,1225,seaking-pre
5,386,p2,0421,raging-bolt-ogerpon,0374,gholdengo-lunatone
5,387,p2,0531,charizard-noctowl,0953,other
5,388,p2,1267,gardevoir-jellicent,1165,lopunny-dusknoir
5,389,p2,0066,alakazam-dudunsparce,1102,raging-bolt-ogerpon
5,390,p1,1421,alakazam-dudunsparce,1128,gholdengo-lunatone
5,391,tie,0575,charizard-pidgeot,0840,dragapult-dusknoir
5,392,p2,1340,gholdengo-lunatone,0440,gholdengo-lunatone
5,393,p1,1390,raging-bolt-ogerpon,0561,iron-hands-magneton
5,394,tie,0053,raging-bolt-ogerpon,1149,charizard-noctowl
5,395,p2,0059,cynthia-garchomp-ex,0855,gardevoir-jellicent
5,396,p1,1394,iron-hands-magneton,1053,charizard-noctowl
5,397,p1,0617,raging-bolt-ogerpon,1343,dragapult-dusknoir
5,398,tie,0659,cynthia-garchomp-ex,1252,charizard-pidgeot
5,399,p2,1199,dragapult-charizard,0588,charizard-noctowl
5,400,p1,0946,cynthia-garchomp-ex,1186,joltik-box
5,401,p2,0983,charizard-noctowl,0576,dragapult-charizard
5,402,p1,1570,joltik-box,0688,dragapult-dusknoir
5,403,p2,0768,dragapult-charizard,0277,festival-lead
5,404,p2,0261,raging-bolt-ogerpon,1400,ceruledge-ex
5,405,p1,1146,charizard-pidgeot,0634,mega-absol-box
5,406,tie,0002,grimmsnarl-froslass,1558,ursaluna-lunatone
5,407,p2,0143,gardevoir-ex-sv,1379,mega-absol-box
5,408,tie,0304,gholdengo-lunatone,1475,roaring-moon-ex
5,409,p2,0789,gardevoir-ex-sv,1202,dragapult-dusknoir
5,410,p2,1619,dragapult-dusknoir,0148,gholdengo-lunatone
5,411,p2,0941,slaking-ex,0530,charizard-noctowl
5,412,p1,0270,charizard-noctowl,1519,ethan-typhlosion
5,413,p1,0074,iron-hands-magneton,0506,gardevoir-jellicent
5,414,p1,0446,gholdengo-lunatone,0985,gardevoir-ex-sv
5,415,tie,0698,mega-absol-box,0993,flareon-noctowl
5,416,tie,0190,joltik-box,0073,cynthia-garchomp-ex
5,417,p1,0537,greninja-ex,1574,dragapult-dusknoir
5,418,p2,1508,gholdengo-joltik-box,0822,charizard-pidgeot
5,419,p2,1422,manectric-eelektrik,1495,gholdengo-lunatone
5,420,p2,0316,mega-camerupt-ex,0057,charizard-noctowl
5,421,p1,0406,rocket-mewtwo-ex,1631,dragapult-dusknoir
5,422,p2,1449,flareon-noctowl,0196,gardevoir-jellicent
5,423,p2,0501,dragapult-dusknoir,0184,dragapult-dusknoir
5,424,tie,1489,gardevoir-jellicent,0399,dragapult-dusknoir
5,425,p1,0149,gholdengo-lunatone,1517,gholdengo-lunatone
5,426,p2,0340,gholdengo-lunatone,0541,gardevoir-ex-sv
5,427,p1,0507,lopunny-dusknoir,0247,seaking-pre
5,428,p2,0805,gholdengo-lunatone,1204,gholdengo-lunatone
5,429,p1,1646,dragapult-dusknoir,1603,?
5,430,p2,0112,iron-hands-magneton,0230,ceruledge-ex
5,431,p1,1594,lucario-hariyama,1478,cynthia-garchomp-ex
5,432,p2,0678,raging-bolt-ogerpon,0852,gholdengo-ex
5,433,p1,1499,gardevoir-ex-sv,0395,raging-bolt-ogerpon
5,434,p1,0620,charizard-noctowl,0008,mega-absol-box
5,435,p2,0204,charizard-noctowl,1545,dragapult-dusknoir
5,436,p1,0035,dragapult-dusknoir,0869,raging-bolt-ogerpon
5,437,p1,1294,mega-venusaur-ex,1029,gholdengo-lunatone
5,438,tie,1039,gholdengo-joltik-box,0193,slaking-ex
5,439,tie,1557,dragapult-charizard,0026,charizard-pidgeot
5,440,p2,0720,greninja-ex,1210,gholdengo-lunatone
5,441,p2,1167,dragapult-dusknoir,0633,raging-bolt-ogerpon
5,442,p2,0626,dragapult-charizard,0614,gholdengo-lunatone
5,443,p1,0813,dragapult-dusknoir,0750,ceruledge-ex
5,444,tie,1077,grimmsnarl-froslass,0361,dragapult-dusknoir
5,445,tie,0525,grimmsnarl-froslass,0570,charizard-noctowl
5,446,p1,0999,mega-venusaur-ex,0408,dragapult-dusknoir
5,447,p1,1510,n-zoroark,0586,dragapult-charizard
5,448,p2,1526,joltik-box,1587,gholdengo-lunatone
5,449,p1,1492,dragapult-charizard,0592,gardevoir-jellicent
5,450,tie,1654,dragapult-dusknoir,1303,gardevoir-jellicent
5,451,p1,0462,dragapult-dusknoir,0812,n-zoroark
5,452,p1,0236,joltik-box,1147,gholdengo-lunatone
5,453,p2,1126,n-zoroark,0460,mega-venusaur-ex
5,454,p2,0960,joltik-box,1042,ethan-typhlosion
5,455,p2,0461,gardevoir-jellicent,0547,n-zoroark
5,456,tie,0195,charizard-noctowl,0707,dragapult-dusknoir
5,457,p2,0185,dragapult-dusknoir,0052,gholdengo-lunatone
5,458,tie,0959,n-zoroark,0992,charizard-pidgeot
5,459,p1,1073,charizard-noctowl,0662,mega-venusaur-ex
5,460,p2,1197,dragapult-dusknoir,0431,charizard-pidgeot
5,461,p1,0098,raging-bolt-ogerpon,0220,n-zoroark
5,462,p2,1641,gholdengo-lunatone,0367,gardevoir-jellicent
5,463,p1,0683,gholdengo-lunatone,0596,gholdengo-lunatone
5,464,tie,1138,dragapult-dusknoir,1540,dragapult-dusknoir
5,465,p1,0937,gardevoir-jellicent,0861,miraidon-eelektrik
5,466,p2,1480,gardevoir-jellicent,1642,charizard-noctowl
5,467,p2,0001,gardevoir-jellicent,0155,charizard-noctowl
5,468,p2,1056,cynthia-garchomp-ex,0619,charizard-noctowl
5,469,p1,0491,gardevoir-jellicent,0801,charizard-noctowl
5,470,p2,1237,charizard-noctowl,0726,dragapult-dusknoir
5,471,p1,0474,lopunny-dusknoir,0638,charizard-noctowl
5,472,p1,0357,gardevoir-jellicent,0926,dragapult-dusknoir
5,473,p1,0345,gardevoir-ex-sv,0879,mega-absol-box
5,474,tie,1297,cynthia-garchomp-ex,1035,charizard-pidgeot
5,475,tie,0313,lopunny-dusknoir,0388,charizard-noctowl
5,476,p1,0346,gardevoir-ex-sv,1659,gholdengo-lunatone
5,477,p1,1372,gholdengo-lunatone,0478,ceruledge-ex
5,478,p1,0652,dragapult-charizard,1680,cynthia-garchomp-ex
5,479,p2,1336,flareon-noctowl,1671,raging-bolt-ogerpon
5,480,p2,1677,gardevoir-ex-sv,0061,n-zoroark
5,481,tie,0578,tera-box,0746,charizard-noctowl
5,482,tie,0055,n-zoroark,0927,gholdengo-lunatone
5,483,p2,1395,dragapult-charizard,0231,charizard-pidgeot
5,484,p1,1360,gholdengo-lunatone,0410,conkeldurr-twm
5,485,p2,0128,tera-box,0792,gardevoir-jellicent
5,486,p1,0585,?,0219,gholdengo-lunatone
5,487,p1,1333,grimmsnarl-froslass,0016,mega-absol-box
5,488,p1,1231,dragapult-dusknoir,1614,dragapult-dusknoir
5,489,p1,1240,raging-bolt-ogerpon,1172,raging-bolt-ogerpon
5,490,p2,0986,alakazam-dudunsparce,0274,gardevoir-ex-sv
5,491,p1,0023,dragapult-dusknoir,1076,gardevoir-ex-sv
5,492,p1,1284,charizard-pidgeot,0108,gholdengo-lunatone
5,493,p1,0238,joltik-box,1630,sharpedo-toxtricity
5,494,p2,0150,lucario-hariyama,0809,gholdengo-lunatone
5,495,p2,1688,gardevoir-jellicent,1106,dragapult-dusknoir
5,496,p1,1322,raging-bolt-ogerpon,1227,raging-bolt-ogerpon
5,497,p1,1222,flareon-noctowl,1189,raging-bolt-ogerpon
5,498,p1,0242,joltik-box,0817,gholdengo-dragapult
5,499,p2,0428,dragapult-dusknoir,0330,dragapult-dusknoir
5,500,p1,1627,charizard-noctowl,0224,dragapult-dusknoir
5,501,p1,1033,charizard-pidgeot,0172,dragapult-dusknoir
5,502,p2,1534,charizard-noctowl,0830,dragapult-dusknoir
5,503,p2,1498,gholdengo-lunatone,0354,dragapult-ex
5,504,tie,0177,charizard-noctowl,0679,tera-box
5,505,p2,0181,charizard-pidgeot,1407,charizard-pidgeot
5,506,p1,1266,gholdengo-lunatone,0192,mega-absol-box
5,507,p1,0426,gholdengo-lunatone,0164,gardevoir-jellicent
5,508,p1,1068,lopunny-dusknoir,0038,festival-lead
5,509,p2,0749,dragapult-dusknoir,1069,charizard-noctowl
5,510,p1,1613,charizard-noctowl,1463,greninja-blaziken
5,511,p1,0950,dragapult-dusknoir,0011,raging-bolt-ogerpon
5,512,p2,0577,grimmsnarl-froslass,0684,charizard-pidgeot
5,513,p2,0524,gardevoir-ex-sv,1532,charizard-noctowl
5,514,tie,0752,alakazam-dudunsparce,0450,dragapult-dusknoir
5,515,p1,1347,dragapult-dusknoir,0202,mega-venusaur-ex
5,516,p1,0807,gardevoir-jellicent,0067,greninja-ex
5,517,p2,1479,cynthia-garchomp-ex,0234,gholdengo-ex
5,518,p2,1430,n-zoroark,1000,charizard-noctowl
5,519,p1,0235,charizard-noctowl,0550,alakazam-dudunsparce
5,520,p1,1657,gholdengo-lunatone,0105,gardevoir-jellicent
5,521,p2,0608,n-zoroark,0147,ceruledge-ex
5,522,p2,0755,joltik-box,1375,greninja-ex
5,523,tie,1046,lucario-hariyama,0407,ursaluna-lunatone
5,524,p1,0054,dragapult-dusknoir,0969,raging-bolt-ogerpon
5,525,tie,1573,gardevoir-jellicent,1637,sharpedo-toxtricity
5,526,p2,0820,n-zoroark,0392,alakazam-dudunsparce
5,527,p2,0512,gholdengo-lunatone,1364,dragapult-dusknoir
5,528,p1,1648,dragapult-dusknoir,0989,joltik-box
5,529,p2,1432,gardevoir-jellicent,0741,gholdengo-lunatone
5,530,p1,1113,dragapult-dusknoir,0892,gardevoir-jellicent
5,531,tie,1224,dragapult-dusknoir,1424,flareon-noctowl
5,532,p1,0308,raging-bolt-ogerpon,0567,gardevoir-jellicent
5,533,p1,1001,ceruledge-ex,1560,gholdengo-lunatone
5,534,p2,0368,dragapult-dusknoir,0481,gardevoir-ex-sv
5,535,p2,1455,gholdengo-lunatone,0113,charizard-noctowl
5,536,p1,1625,gholdengo-lunatone,0050,charizard-noctowl
5,537,p2,0095,grimmsnarl-froslass,0515,ceruledge-ex
5,538,p1,0894,dragapult-dusknoir,1682,gholdengo-lunatone
5,539,p2,0257,gardevoir-jellicent,0331,toxtricity-pfl
5,540,p2,0169,raging-bolt-ogerpon,1503,dragapult-dusknoir
5,541,p2,0871,grimmsnarl-froslass,1586,gholdengo-lunatone
5,542,p1,0722,dragapult-dusknoir,0065,dragapult-dusknoir
5,543,p1,1026,flareon-noctowl,0211,gholdengo-lunatone
5,544,p1,1264,dragapult-dusknoir,1020,iron-hands-magneton
5,545,p2,0643,dragapult-dusknoir,0333,raging-bolt-ogerpon
5,546,p2,0725,dragapult-dusknoir,0166,lopunny-dusknoir
5,547,p2,0352,gardevoir-ex-sv,1341,gardevoir-ex-sv
5,548,p2,0229,charizard-pidgeot,0912,charizard-noctowl
5,549,p1,1447,gholdengo-lunatone,0763,charizard-noctowl
5,550,p1,1317,flareon-noctowl,1438,dragapult-dusknoir
5,551,tie,0137,dragapult-dusknoir,0518,raging-bolt-ogerpon
5,552,p2,0961,dragapult-dusknoir,0225,gholdengo-lunatone
5,553,p1,1234,gholdengo-lunatone,0667,mega-absol-box
5,554,p2,0797,dragapult-dusknoir,1111,dragapult-dusknoir
5,555,p2,1311,charizard-pidgeot,1404,dragapult-dusknoir
5,556,p2,1047,gholdengo-lunatone,0945,dragapult-dusknoir
5,557,p2,0701,gholdengo-lunatone,1679,ceruledge-ex
5,558,p2,0788,flareon-noctowl,0865,gholdengo-lunatone
5,559,p2,0022,charizard-noctowl,1396,gholdengo-lunatone
5,560,p1,0650,dragapult-dusknoir,1122,mega-absol-box
5,561,p1,0954,gardevoir-ex-sv,0715,dragapult-dusknoir
5,562,p2,1541,ceruledge-ex,1220,tera-box
5,563,p1,1255,gholdengo-lunatone,0034,tera-box
5,564,p1,0814,flareon-noctowl,1604,dragapult-dusknoir
5,565,p1,0312,sharpedo-toxtricity,0695,cynthia-garchomp-ex
5,566,p2,1509,mega-absol-box,1615,raging-bolt-ogerpon
5,567,p1,1690,joltik-box,0334,dragapult-charizard
5,568,p1,1008,dragapult-dusknoir,0372,charizard-pidgeot
5,569,p2,0922,okidogi-ex,1079,dragapult-dusknoir
5,570,p2,0110,greninja-ex,1272,charizard-noctowl
5,571,p1,1217,manectric-eelektrik,1253,dragapult-dusknoir
5,572,p1,0943,dragapult-dusknoir,0640,dragapult-dusknoir
5,573,tie,0300,mega-venusaur-ex,0106,alakazam-dudunsparce
5,574,p2,0255,gholdengo-lunatone,0772,gholdengo-lunatone
5,575,p2,0359,charizard-pidgeot,0322,dragapult-dusknoir
5,576,tie,1318,flareon-ex,0387,alakazam-dudunsparce
5,577,p1,0132,raging-bolt-ogerpon,1516,raging-bolt-ogerpon
5,578,p1,1550,gholdengo-lunatone,0096,cynthia-garchomp-ex
5,579,p1,0124,dragapult-dusknoir,1544,crustle-dri
5,580,p1,1591,gardevoir-jellicent,1301,dragapult-dusknoir
5,581,p1,1567,gholdengo-lunatone,1314,gardevoir-ex-sv
5,582,p2,0288,n-zoroark,1578,charizard-noctowl
5,583,tie,1299,gardevoir-jellicent,0422,dragapult-dusknoir
5,584,p1,0024,lopunny-dusknoir,1610,mega-venusaur-ex
5,585,p2,0082,raging-bolt-ogerpon,0201,gholdengo-lunatone
5,586,p1,1010,charizard-pidgeot,0824,cynthia-garchomp-ex
5,587,tie,1213,n-zoroark,1194,dragapult-dusknoir
5,588,p2,0542,joltik-box,1415,charizard-noctowl
5,589,p2,1553,dragapult-dusknoir,1074,gholdengo-joltik-box
5,590,p1,0145,gholdengo-lunatone,0757,mega-absol-box
5,591,p2,0341,slowking-scr,0543,gholdengo-lunatone
5,592,p2,0935,gardevoir-jellicent,1606,charizard-noctowl
5,593,p1,1291,charizard-noctowl,0365,charizard-pidgeot
5,594,p2,0424,gholdengo-ex,0037,dragapult-dusknoir
5,595,p2,1383,gholdengo-lunatone,0256,dragapult-charizard
5,596,p2,0056,ceruledge-ex,0350,n-zoroark
5,597,p1,0920,dragapult-dusknoir,0890,dragapult-dusknoir
5,598,tie,1015,n-zoroark,0875,dragapult-dusknoir
5,599,p2,0375,dragapult-dusknoir,1262,ceruledge-ex
5,600,p1,1273,gardevoir-jellicent,0566,raging-bolt-ogerpon
5,601,tie,0233,gardevoir-jellicent,0699,other
5,602,p1,0318,ethan-typhlosion,0777,gholdengo-lunatone
5,603,p2,1198,charizard-noctowl,0492,dragapult-dusknoir
5,604,p2,0544,gardevoir-jellicent,1244,gholdengo-lunatone
5,605,p2,1457,cynthia-garchomp-ex,1439,dragapult-dusknoir
5,606,p1,1502,gardevoir-jellicent,0526,gardevoir-jellicent
5,607,p1,1563,raging-bolt-ogerpon,0881,dragapult-dusknoir
5,608,p2,1358,dragapult-dusknoir,0914,gholdengo-lunatone
5,609,p2,1650,flareon-noctowl,1634,charizard-pidgeot
5,610,p2,0119,dragapult-dusknoir,1653,gardevoir-jellicent
5,611,p1,0538,charizard-pidgeot,1269,grimmsnarl-froslass
5,612,tie,1017,n-zoroark,1638,alakazam-dudunsparce
5,613,p2,0864,mega-venusaur-ex,0968,charizard-pidgeot
5,614,p2,1055,gardevoir-jellicent,0981,mega-venusaur-ex
5,615,tie,1528,gardevoir-ex-sv,1685,gholdengo-lunatone
5,616,p1,1206,tera-box,1596,gholdengo-lunatone
5,617,p1,0403,gholdengo-lunatone,1662,raging-bolt-ogerpon
5,618,p1,1538,dragapult-dusknoir,0505,charizard-noctowl
5,619,p2,0630,gardevoir-jellicent,0790,gardevoir-jellicent
5,620,p2,0099,dragapult-charizard,0158,gardevoir-jellicent
5,621,p1,1441,gardevoir-jellicent,0348,ceruledge-ex
5,622,p2,0734,ceruledge-ex,0173,raging-bolt-ogerpon
5,623,p1,1491,gholdengo-lunatone,0729,gardevoir-jellicent
5,624,p2,1161,dragapult-dusknoir,1607,mega-venusaur-ex
5,625,p2,1280,flareon-noctowl,0014,charizard-noctowl
5,626,p1,1588,seaking-pre,0573,gardevoir-jellicent
5,627,tie,1444,grimmsnarl-froslass,1515,gholdengo-joltik-box
5,628,p2,1434,dragapult-dusknoir,0991,mega-absol-box
5,629,p2,0738,dragapult-dusknoir,0253,mega-absol-box
5,630,p2,1320,grimmsnarl-froslass,0516,grimmsnarl-froslass
5,631,p1,0529,gholdengo-lunatone,1585,grimmsnarl-froslass
5,632,p2,0844,raging-bolt-ogerpon,1306,raging-bolt-ogerpon
5,633,p1,1507,dragapult-dusknoir,0012,gholdengo-joltik-box
5,634,p2,0156,raging-bolt-ogerpon,0583,dragapult-dusknoir
5,635,p2,0468,gholdengo-lunatone,0811,mega-venusaur-ex
5,636,p1,0223,dragapult-dusknoir,0745,hydrapple-ex
5,637,p2,0883,charizard-noctowl,0787,charizard-noctowl
5,638,p2,0843,gholdengo-lunatone,0704,gholdengo-lunatone
5,639,p2,0093,mega-absol-box,0409,lucario-hariyama
5,640,p2,1230,rocket-mewtwo-ex,0463,raging-bolt-ogerpon
5,641,p1,1121,dragapult-dusknoir,0241,n-zoroark
5,642,p1,1537,archaludon-ex,0036,gardevoir-jellicent
5,643,p1,1549,dragapult-dusknoir,1105,dragapult-dusknoir
5,644,p1,0097,alakazam-dudunsparce,0083,dragapult-dusknoir
5,645,p1,1060,gholdengo-lunatone,0846,raging-bolt-ogerpon
5,646,p2,1542,gardevoir-jellicent,0287,charizard-noctowl
5,647,tie,1067,raging-bolt-ogerpon,0681,gholdengo-ex
5,648,p1,1636,gholdengo-lunatone,0519,charizard-pidgeot
5,649,p1,0564,forretress-ex,1681,dragapult-charizard
5,650,p1,1598,other,1239,espathra-xatu
5,651,p2,1037,gardevoir-jellicent,1426,charizard-pidgeot
5,652,p2,1524,other,0210,tera-box
5,653,p2,0758,dragapult-dusknoir,0194,tera-box
5,654,p2,0956,mega-absol-box,0417,raging-bolt-ogerpon
5,655,p1,1535,raging-bolt-ogerpon,1245,iron-hands-magneton
5,656,p2,0636,dragapult-dusknoir,1485,n-zoroark
5,657,p1,1611,dragapult-dusknoir,0534,gholdengo-lunatone
5,658,p1,0621,grimmsnarl-froslass,1160,charizard-pidgeot
5,659,p1,0646,lucario-hariyama,0213,lopunny-dusknoir
5,660,p2,1308,sharpedo-toxtricity,0908,joltik-box
5,661,p1,0162,dragapult-dusknoir,0522,dragapult-charizard
5,662,p2,1094,dragapult-dusknoir,1497,raging-bolt-ogerpon
5,663,p1,0019,raging-bolt-ogerpon,0458,gardevoir-jellicent
5,664,p1,1141,charizard-pidgeot,1023,ho-oh-armarouge
5,665,p2,0612,dragapult-dusknoir,1258,ceruledge-ex
5,666,p2,0574,alakazam-dudunsparce,0545,dragapult-dusknoir
5,667,p2,0853,gardevoir-jellicent,1460,gardevoir-jellicent
5,668,p2,1145,ethan-typhlosion,1247,ceruledge-ex
5,669,p1,1470,ho-oh-armarouge,0873,gholdengo-lunatone
5,670,p1,0510,dragapult-charizard,0795,gholdengo-lunatone
5,671,tie,0051,gardevoir-ex-sv,1058,dragapult-dusknoir
5,672,p1,1665,flareon-noctowl,1448,marnie-grimmsnarl-ex
5,673,p2,1214,dragapult-dusknoir,0358,ethan-typhlosion
5,674,p1,0767,n-zoroark,1232,gholdengo-lunatone
5,675,p2,0514,hydrapple-ogerpon,0188,charizard-pidgeot
5,676,p2,0622,gardevoir-jellicent,0077,dragapult-dusknoir
5,677,p1,1462,gholdengo-lunatone,0647,dragapult-dusknoir
5,678,p2,1066,dragapult-charizard,0295,dragapult-dusknoir
5,679,p1,0070,gardevoir-jellicent,0930,charizard-noctowl
5,680,p2,1356,hydrapple-ogerpon,1196,charizard-noctowl
5,681,p1,0918,gholdengo-lunatone,1178,raging-bolt-ogerpon
5,682,tie,1152,mega-absol-box,1157,dragapult-blaziken
5,683,p1,0603,lucario-hariyama,1493,grimmsnarl-froslass
5,684,p2,1349,charizard-pidgeot,0441,ceruledge-ex
5,685,p1,0836,gardevoir-jellicent,1290,gardevoir-ex-sv
5,686,tie,0628,gholdengo-lunatone,0536,alakazam-dudunsparce
5,687,p1,1640,gholdengo-lunatone,0351,alakazam-dudunsparce
5,688,p1,0556,flareon-noctowl,1065,gardevoir-jellicent
5,689,p1,0599,charizard-pidgeot,0655,other
5,690,p2,0353,gardevoir-ex-sv,0344,festival-lead
5,691,p2,0951,crustle-dri,1304,charizard-pidgeot
5,692,tie,1483,grimmsnarl-froslass,0651,charizard-noctowl
5,693,tie,0513,dragapult-dusknoir,0142,charizard-pidgeot
5,694,p1,1496,tera-box,0090,ceruledge-ex
5,695,p2,0240,charizard-pidgeot,0471,?
5,696,p2,0179,dragapult-dusknoir,0974,flareon-noctowl
5,697,tie,0996,gardevoir-jellicent,1580,raging-bolt-ogerpon
5,698,p2,1361,gardevoir-jellicent,0369,charizard-noctowl
5,699,p1,0171,gardevoir-ex-sv,0085,charizard-noctowl
5,700,p1,1162,gardevoir-jellicent,0328,dragapult-dusknoir
5,701,p1,1425,charizard-noctowl,1609,?alakazam
5,702,p1,0118,dragapult-dusknoir,0245,conkeldurr-twm
5,703,p1,0818,charizard-noctowl,1348,raging-bolt-ogerpon
5,704,p2,0130,charizard-pidgeot,1437,mega-venusaur-ex
5,705,p2,0028,alakazam-dudunsparce,0449,dragapult-dusknoir
5,706,p1,1153,gholdengo-lunatone,1655,sharpedo-toxtricity
5,707,p2,0970,gardevoir-jellicent,0877,gardevoir-jellicent
5,708,p1,1250,gardevoir-jellicent,0207,gardevoir-jellicent
5,709,tie,0600,grimmsnarl-froslass,0071,gholdengo-lunatone
5,710,p2,0199,raging-bolt-ogerpon,1581,charizard-noctowl
5,711,p1,0976,gholdengo-lunatone,1211,gardevoir-jellicent
5,712,p1,1583,gardevoir-jellicent,0827,joltik-box
5,713,p1,0266,gholdengo-lunatone,0163,dragapult-dusknoir
5,714,p1,1418,ceruledge-ex,1352,gardevoir-jellicent
5,715,p2,1683,grimmsnarl-froslass,1629,flareon-noctowl
5,716,p1,1134,charizard-pidgeot,0423,sharpedo-toxtricity
5,717,p2,0018,grimmsnarl-froslass,1506,ceruledge-ex
5,718,p1,1600,raging-bolt-ogerpon,1331,charizard-noctowl
5,719,p2,0759,gardevoir-jellicent,0786,charizard-noctowl
5,720,p2,1571,charizard-noctowl,1174,mega-absol-box
5,721,tie,0127,dragapult-charizard,0694,joltik-box
5,722,p1,1080,sharpedo-toxtricity,1556,dragapult-dusknoir
5,723,p1,1054,gholdengo-lunatone,0355,gholdengo-lunatone
5,724,p2,0303,mega-sharpedo-ex,1282,gardevoir-ex-sv
5,725,p1,1116,charizard-noctowl,0990,dragapult-charizard
5,726,p2,0191,dragapult-dusknoir,1024,dragapult-dusknoir
5,727,p2,1494,flareon-noctowl,0964,gardevoir-jellicent
5,728,p2,1025,charizard-pidgeot,1577,dragapult-dusknoir
5,729,p1,1281,raging-bolt-ogerpon,0887,gardevoir-jellicent
5,730,p1,0511,dragapult-dusknoir,1661,raging-bolt-ogerpon
5,731,p1,0125,charizard-pidgeot,0528,greninja-ex
5,732,p2,0773,grimmsnarl-froslass,1021,archaludon-ex
5,733,p1,0157,gholdengo-lunatone,1131,ceruledge-ex
5,734,p2,0047,dragapult-dusknoir,1552,gardevoir-ex-sv
5,735,p2,0925,yanmega-ex,1205,tera-box
5,736,tie,0031,flareon-noctowl,1539,dragapult-dusknoir
5,737,tie,0433,gholdengo-lunatone,1323,gholdengo-lunatone
5,738,p2,0039,tyranitar-jtg,0286,dragapult-charizard
5,739,p1,0087,alakazam-dudunsparce,0042,lopunny-dusknoir
5,740,tie,0557,flareon-noctowl,0232,dragapult-charizard
5,741,p1,0043,gardevoir-ex-sv,1326,mega-kangaskhan-ex
5,742,tie,0934,raging-bolt-ogerpon,0580,grimmsnarl-froslass
5,743,p1,0178,dragapult-charizard,0823,kangaskhan-bouffalant
5,744,p2,1605,kangaskhan-bouffalant,1405,alakazam-dudunsparce
5,745,p2,0609,dragapult-dusknoir,1096,gardevoir-jellicent
5,746,p2,1357,raging-bolt-ogerpon,0803,gholdengo-lunatone
5,747,p2,0459,dragapult-charizard,1551,dragapult-dusknoir
5,748,p1,0432,dragapult-dusknoir,1429,gardevoir-jellicent
5,749,p1,0808,raging-bolt-ogerpon,0735,gholdengo-lunatone
5,750,tie,0283,charizard-noctowl,0126,raging-bolt-ogerpon
5,751,p1,0928,charizard-pidgeot,1086,mega-absol-box
5,752,p2,1366,joltik-box,1270,lucario-hariyama
5,753,p2,1180,hydreigon-ex,1464,dragapult-dusknoir
5,754,p1,1117,gholdengo-lunatone,0940,gholdengo-lunatone
5,755,p1,1684,grimmsnarl-froslass,1243,mega-absol-box
5,756,p2,0980,gardevoir-ex-sv,0565,grimmsnarl-froslass
5,757,tie,0040,n-zoroark,0503,gholdengo-lunatone
5,758,p2,1030,dragapult-dusknoir,1307,charizard-pidgeot
5,759,p2,1397,dragapult-dusknoir,0267,dragapult-dusknoir
5,760,double_loss,0661,dragapult-charizard,1513,gardevoir-jellicent
5,761,p1,0977,mega-absol-box,1362,gholdengo-ex
5,762,p1,0438,charizard-pidgeot,1590,gardevoir-jellicent
5,763,p1,1371,gardevoir-jellicent,0675,gholdengo-lunatone
5,764,p1,0168,gholdengo-lunatone,1369,raging-bolt-ogerpon
5,765,p1,1289,flareon-noctowl,0088,gardevoir-jellicent
5,766,p2,0104,gardevoir-jellicent,1200,charizard-pidgeot
5,767,p1,0271,ethan-typhlosion,1500,grimmsnarl-froslass
5,768,p1,1467,ceruledge-ex,0068,ceruledge-ex
5,769,p2,0086,raging-bolt-ex,0548,ho-oh-armarouge
5,770,p2,0579,raging-bolt-ogerpon,0151,dragapult-dusknoir
5,771,p2,1143,dragapult-dusknoir,0250,dragapult-dusknoir
5,772,p1,0263,gardevoir-jellicent,0615,dragapult-dusknoir
5,773,p2,0297,dragapult-dusknoir,0949,raging-bolt-ogerpon
5,774,p1,0379,gardevoir-jellicent,0558,charizard-pidgeot
5,775,p1,0402,other,0324,gardevoir-jellicent
5,776,p1,0447,mega-absol-box,1293,great-tusk-tef
5,777,p2,0049,gholdengo-lunatone,1187,charizard-noctowl
5,778,p2,0315,n-zoroark,0641,gholdengo-joltik-box
5,779,p1,0799,dragapult-dusknoir,1543,dragapult-charizard
5,780,p1,0672,charizard-noctowl,0476,mega-venusaur-ex
5,781,p1,0984,dragapult-dusknoir,1109,mega-venusaur-ex
5,782,p2,0958,charizard-noctowl,1296,dragapult-dusknoir
5,783,p2,0260,dragapult-dusknoir,1518,greninja-ex
5,784,p1,0605,dragapult-dusknoir,1382,gardevoir-ex-sv
5,785,p1,1562,raging-bolt-ogerpon,0437,gardevoir-ex-sv
5,786,p2,1276,sharpedo-toxtricity,0560,gardevoir-jellicent
5,787,p1,0988,mega-venusaur-ex,0319,kangaskhan-bouffalant
5,788,tie,1236,mega-absol-box,0102,charizard-pidgeot
5,789,p1,0175,reging-bolt-bellibolt,0762,mega-absol-box
5,790,p2,1376,raging-bolt-ogerpon,1416,ogerpon-meganium
5,791,tie,0470,gardevoir-jellicent,1059,ethan-typhlosion
5,792,tie,0540,mega-absol-box,0549,slowking-scr
5,793,p1,1564,flareon-noctowl,1389,dragapult-dusknoir
5,794,p1,1620,charizard-pidgeot,0916,charizard-noctowl
5,795,p1,0781,flareon-noctowl,0398,ceruledge-ex
5,796,p2,0572,dragapult-charizard,0389,gardevoir-ex-sv
5,797,p2,1368,dragapult-dusknoir,1652,iron-hands-magneton
5,798,double_loss,1442,ceruledge-ex,1302,gholdengo-lunatone
5,799,p2,1663,gardevoir-jellicent,0228,charizard-pidgeot
5,800,p2,0251,greninja-ex,0290,sharpedo-toxtricity
5,801,p2,0931,charizard-noctowl,0832,gardevoir-jellicent
5,802,p1,1374,lopunny-dusknoir,1013,dragapult-dusknoir
5,803,p1,0414,raging-bolt-ogerpon,0686,gardevoir-jellicent
5,804,p1,1686,gardevoir-jellicent,0159,charizard-pidgeot
5,805,p2,1505,charizard-pidgeot,1130,tera-box
5,806,p2,1099,cynthia-garchomp-ex,1104,dragapult-ex
5,807,p2,0821,dragapult-dusknoir,0364,flareon-noctowl
5,841,p2,0500,other,1678,gholdengo-lunatone
5,938,p2,0899,charizard-noctowl,0885,ceruledge-ex
5,,bye,1040,gholdengo-lunatone,,
5,,bye,1402,gholdengo-lunatone,,
5,,bye,0314,cynthia-garchomp-ex,,
6,1,p1,1451,gholdengo-lunatone,0748,grimmsnarl-froslass
6,2,p1,0144,gardevoir-ex-sv,0584,gardevoir-ex-sv
6,3,tie,1248,gholdengo-lunatone,0649,dragapult-dusknoir
6,4,p1,1668,ceruledge-ex,1666,gholdengo-lunatone
6,5,p2,0623,gholdengo-lunatone,1173,gardevoir-jellicent
6,6,p1,1440,gardevoir-ex-sv,0443,greninja-ex
6,7,p1,0944,mega-absol-box,1639,dragapult-dusknoir
6,8,p1,1133,gardevoir-jellicent,0963,gardevoir-jellicent
6,9,p1,0665,raging-bolt-ogerpon,1275,charizard-noctowl
6,10,p2,1411,charizard-noctowl,1530,dragapult-dusknoir
6,11,tie,0069,gholdengo-lunatone,0405,raging-bolt-ogerpon
6,12,p1,0329,dragapult-charizard,1155,dragapult-dusknoir
6,13,p2,0802,raging-bolt-ogerpon,0033,gardevoir-jellicent
6,14,p1,1203,dragapult-dusknoir,0742,gardevoir-jellicent
6,15,p1,0342,gardevoir-ex-sv,1012,gardevoir-jellicent
6,16,p1,1095,raging-bolt-ogerpon,1511,dragapult-dusknoir
6,17,p1,1288,alakazam-dudunsparce,1158,kangaskhan-bouffalant
6,18,p1,1520,grimmsnarl-froslass,1346,gholdengo-lunatone
6,19,p2,0004,charizard-noctowl,1123,marnie-grimmsnarl-ex
6,20,p2,1319,gholdengo-lunatone,1071,alakazam-dudunsparce
6,21,p2,0553,charizard-noctowl,1103,iron-hands-magneton
6,22,p1,1468,raging-bolt-ogerpon,0284,joltik-box
6,23,p2,0587,tera-box,1565,dragapult-dusknoir
6,24,p1,0484,gardevoir-ex-sv,0349,gardevoir-ex-sv
6,25,p1,0718,gholdengo-lunatone,1401,dragapult-dusknoir
6,26,p1,0834,gholdengo-joltik-box,1144,dragapult-dusknoir
6,27,p2,0371,gholdengo-lunatone,0829,gardevoir-ex-sv
6,28,p2,0714,raging-bolt-ogerpon,0415,charizard-pidgeot
6,29,p1,0133,gholdengo-lunatone,1453,lopunny-dusknoir
6,30,p2,1339,ho-oh-armarouge,1459,charizard-noctowl
6,31,p1,1125,grimmsnarl-froslass,1566,ceruledge-ex
6,32,tie,1645,iron-hands-magneton,0323,charizard-noctowl
6,33,p2,0896,dragapult-dusknoir,0611,gholdengo-lunatone
6,34,p1,0882,mega-absol-box,1673,gholdengo-lunatone
6,35,tie,0494,charizard-noctowl,0079,gardevoir-jellicent
6,36,p2,0535,gholdengo-lunatone,0563,dragapult-ex
6,37,p1,1584,dragapult-charizard,1107,froslass-munkidori
6,38,tie,0400,dragapult-dusknoir,1031,gholdengo-lunatone
6,39,tie,1256,grimmsnarl-froslass,0756,gholdengo-lunatone
6,40,p2,0320,dragapult-dusknoir,1004,gardevoir-jellicent
6,41,p1,1628,gardevoir-ex-sv,0546,grimmsnarl-froslass
6,42,p1,0632,alakazam-dudunsparce,1471,dragapult-dusknoir
6,43,p1,0281,mega-absol-box,1312,raging-bolt-ogerpon
6,44,p2,0995,gholdengo-lunatone,1235,gardevoir-ex-sv
6,45,p1,0397,charizard-noctowl,1355,gholdengo-lunatone
6,46,p1,1251,mega-absol-box,0639,charizard-pidgeot
6,47,p2,1278,gholdengo-joltik-box,1195,gholdengo-lunatone
6,48,p2,0891,gholdengo-lunatone,0278,gardevoir-jellicent
6,49,p1,1159,gardevoir-ex-sv,1100,mega-lucario-ex
6,50,p1,0552,gholdengo-lunatone,0709,gholdengo-lunatone
6,51,p1,0562,kangaskhan-bouffalant,0760,kangaskhan-bouffalant
6,52,p2,0627,alakazam-dudunsparce,1651,dragapult-dusknoir
6,53,p1,1129,dragapult-dusknoir,1208,charizard-noctowl
6,54,p1,0784,charizard-noctowl,0138,iron-hands-magneton
6,55,p1,1572,gholdengo-lunatone,0819,charizard-noctowl
6,56,tie,1261,crustle-dri,0027,grimmsnarl-froslass
6,57,tie,1435,grimmsnarl-froslass,1484,gholdengo-lunatone
6,58,p2,1285,n-zoroark,0366,greninja-ex
6,59,p1,1045,dragapult-dusknoir,1612,lopunny-dusknoir
6,60,p1,0215,charizard-pidgeot,0828,gardevoir-ex-sv
6,61,p2,0203,lucario-hariyama,0889,mega-absol-box
6,62,tie,0327,dragapult-dusknoir,1428,manectric-eelektrik
6,63,p1,0311,gholdengo-lunatone,1481,dragapult-dusknoir
6,64,p1,0307,pidgeot-control,0413,dragapult-dusknoir
6,65,p1,0222,charizard-noctowl,0719,raging-bolt-ogerpon
6,66,p2,1419,dragapult-dusknoir,1378,charizard-noctowl
6,67,tie,0401,iron-hands-magneton,0833,gardevoir-ex-sv
6,68,tie,0571,charizard-noctowl,0837,charizard-noctowl
6,69,tie,1191,?,0978,gholdengo-lunatone
6,70,p1,1089,charizard-pidgeot,0386,gardevoir-ex-sv
6,71,p2,1219,tera-box,0154,dragapult-dusknoir
6,72,p2,0736,charizard-noctowl,1115,grimmsnarl-froslass
6,73,tie,1380,gholdengo-lunatone,1365,mega-absol-box
6,74,p2,0771,dragapult-charizard,0282,gholdengo-lunatone
6,75,tie,0384,gardevoir-jellicent,0997,charizard-noctowl
6,76,p2,1085,gholdengo-lunatone,0420,ceruledge-ex
6,77,p2,0495,dragapult-dusknoir,0911,gholdengo-lunatone
6,78,p1,0919,rocket-mewtwo-ex,1529,charizard-noctowl
6,79,p2,0480,dragapult-charizard,0170,gardevoir-ex-sv
6,80,p2,1169,grimmsnarl-froslass,1179,grimmsnarl-froslass
6,81,tie,0806,gardevoir-ex-sv,0206,gardevoir-jellicent
6,82,p2,1038,gardevoir-jellicent,1367,gholdengo-lunatone
6,83,tie,0499,grimmsnarl-froslass,0657,charizard-noctowl
6,84,tie,1408,gardevoir-ex-sv,0582,charizard-noctowl
6,85,p2,0764,gholdengo-lunatone,0845,raging-bolt-ogerpon
6,86,p1,1209,gardevoir-ex-sv,1043,charizard-noctowl
6,87,p1,1579,dragapult-dusknoir,0810,gardevoir-jellicent
6,88,p2,1154,gardevoir-ex-sv,0467,ethan-typhlosion
6,89,p1,1190,gardevoir-ex-sv,0610,archaludon-ex
6,90,p2,0473,n-zoroark,0276,raging-bolt-ogerpon
6,91,tie,0942,gardevoir-ex-sv,0761,dragapult-dusknoir
6,92,p1,0208,charizard-noctowl,1132,dragapult-dusknoir
6,93,p2,1242,n-zoroark,1617,grimmsnarl-froslass
6,94,tie,0227,dragapult-dusknoir,1279,charizard-noctowl
6,95,p2,1184,raging-bolt-ogerpon,1036,gholdengo-lunatone
6,96,p1,1151,gholdengo-lunatone,0826,dragapult-dusknoir
6,97,p1,0165,grimmsnarl-froslass,1417,gardevoir-ex-sv
6,98,tie,0200,dragapult-dusknoir,0064,dragapult-dusknoir
6,99,p2,0429,alakazam-dudunsparce,0716,raging-bolt-ogerpon
6,100,p1,0895,gardevoir-jellicent,0527,raging-bolt-ogerpon
6,101,tie,0356,grimmsnarl-froslass,0309,raging-bolt-ogerpon
6,102,p1,0551,?,0078,charizard-noctowl
6,103,p2,0189,raging-bolt-ogerpon,1088,gardevoir-ex-sv
6,104,tie,1624,dragapult-dusknoir,0009,gardevoir-jellicent
6,105,p2,0487,gholdengo-lunatone,0291,grimmsnarl-froslass
6,106,p1,0730,gardevoir-jellicent,0259,gholdengo-lunatone
6,107,p2,0635,dragapult-dusknoir,0666,gardevoir-jellicent
6,108,tie,0161,gholdengo-lunatone,0390,dragapult-dusknoir
6,109,p1,0893,charizard-noctowl,1622,gholdengo-lunatone
6,110,p2,1410,gholdengo-lunatone,0103,charizard-noctowl
6,111,p2,0339,gardevoir-ex-sv,0664,dragapult-dusknoir
6,112,p2,0915,gholdengo-lunatone,0870,dragapult-dusknoir
6,113,p1,1546,gardevoir-jellicent,0884,crustle-dri
6,114,p2,0404,dragapult-charizard,0766,greninja-ex
6,115,p2,0898,charizard-noctowl,0517,gholdengo-lunatone
6,116,p1,1474,joltik-box,0923,dragapult-dusknoir
6,117,p2,1332,charizard-noctowl,0152,greninja-ex
6,118,p1,1522,joltik-box,0721,dragapult-dusknoir
6,119,p1,1120,dragapult-dusknoir,0427,gholdengo-lunatone
6,120,tie,0624,dragapult-dusknoir,1536,grimmsnarl-froslass
6,121,p1,1597,charizard-noctowl,0017,gardevoir-ex-sv
6,122,p1,0607,dragapult-dusknoir,1414,gholdengo-lunatone
6,123,p2,1527,dragapult-dusknoir,0708,gardevoir-ex-sv
6,124,p2,1127,raging-bolt-ogerpon,0448,ceruledge-ex
6,125,p1,0685,dragapult-dusknoir,0780,gholdengo-lunatone
6,126,p1,1647,dragapult-dusknoir,0486,charizard-pidgeot
6,127,p2,0724,iron-hands-magneton,0212,dragapult-dusknoir
6,128,tie,1381,cynthia-garchomp-ex,1351,charizard-noctowl
6,129,p1,1373,dragapult-charizard,0973,dragapult-charizard
6,130,p2,1028,gholdengo-lunatone,0660,grimmsnarl-froslass
6,131,tie,1098,gardevoir-jellicent,0046,gholdengo-lunatone
6,132,p1,1156,dragapult-dusknoir,0262,dragapult-dusknoir
6,133,p1,0100,gholdengo-lunatone,0120,crustle-dri
6,134,p2,1032,gholdengo-lunatone,0785,dragapult-charizard
6,135,p1,0778,gardevoir-jellicent,1649,alakazam-meg
6,136,p1,0393,charizard-noctowl,0502,dragapult-dusknoir
6,137,p2,0998,dragapult-dusknoir,0629,dragapult-dusknoir
6,138,p1,0380,pidgeot-control,1298,dragapult-dusknoir
6,139,tie,0060,dragapult-dusknoir,1433,gardevoir-jellicent
6,140,tie,1226,dragapult-dusknoir,0906,charizard-pidgeot
6,141,p1,0249,dragapult-dusknoir,0391,dragapult-dusknoir
6,142,p2,1626,ceruledge-ex,0697,dragapult-dusknoir
6,143,p1,0226,gholdengo-ex,0294,raging-bolt-ogerpon
6,144,p1,0081,dragapult-dusknoir,0141,charizard-noctowl
6,145,p2,0831,mega-absol-box,1139,gardevoir-jellicent
6,146,p2,0289,dragapult-dusknoir,1241,dragapult-dusknoir
6,147,tie,0594,gholdengo-lunatone,0933,iron-thorns-crustle
6,148,p2,0597,charizard-noctowl,0886,gardevoir-ex-sv
6,149,tie,0114,gardevoir-jellicent,0273,gholdengo-lunatone
6,150,p2,1137,dragapult-dusknoir,0859,dragapult-dusknoir
6,151,p2,1353,kangaskhan-bouffalant,0472,kangaskhan-bouffalant
6,152,p1,0032,tera-box,1087,cynthia-garchomp-ex
6,153,p2,0299,dragapult-dusknoir,0237,ceruledge-ex
6,154,p1,1670,charizard-noctowl,0252,tera-box
6,155,p1,1487,dragapult-dusknoir,0703,hydrapple-ogerpon
6,156,p1,0604,gardevoir-ex-sv,1002,gardevoir-ex-sv
6,157,p1,0754,dragapult-charizard,0712,ceruledge-ex
6,158,p2,0589,n-zoroark,0296,gholdengo-lunatone
6,159,p2,0452,gardevoir-ex-sv,0107,gardevoir-jellicent
6,160,p1,1216,gardevoir-jellicent,0924,gholdengo-lunatone
6,161,tie,1006,dragapult-dusknoir,0044,charizard-pidgeot
6,162,p2,1061,dragapult-dusknoir,0839,dragapult-dusknoir
6,163,p2,0041,dragapult-dusknoir,1616,joltik-box
6,164,p1,1413,dragapult-dusknoir,0733,dragapult-dusknoir
6,165,p2,0101,gardevoir-jellicent,0625,n-zoroark
6,166,p1,1175,?,1337,raging-bolt-ogerpon
6,167,p1,0509,dragapult-dusknoir,1148,cynthia-garchomp-ex
6,168,tie,0020,charizard-pidgeot,1689,gholdengo-lunatone
6,169,p1,0713,gholdengo-lunatone,1398,gardevoir-jellicent
6,170,p2,0131,dragapult-dusknoir,1482,grimmsnarl-froslass
6,171,p1,1140,gholdengo-lunatone,0456,gholdengo-lunatone
6,172,p2,0183,mega-absol-box,1458,gholdengo-lunatone
6,173,p1,0800,gholdengo-lunatone,1593,gardevoir-ex-sv
6,174,p1,1476,raging-bolt-ogerpon,0850,charizard-ex
6,175,p1,1070,dragapult-dusknoir,0025,gardevoir-jellicent
6,176,p2,0753,dragapult-dusknoir,0972,dragapult-dusknoir
6,177,p2,1555,joltik-box,0451,gholdengo-joltik-box
6,178,p2,1072,grimmsnarl-froslass,0598,ceruledge-ex
6,179,p2,1601,dragapult-dusknoir,0965,raging-bolt-ogerpon
6,180,p1,0197,raging-bolt-ogerpon,0440,gholdengo-lunatone
6,181,p2,1406,dragapult-dusknoir,0507,lopunny-dusknoir
6,182,tie,1466,mega-absol-box,0015,dragapult-dusknoir
6,183,tie,0116,charizard-noctowl,1421,alakazam-dudunsparce
6,184,p2,0946,cynthia-garchomp-ex,1599,gholdengo-lunatone
6,185,p1,0975,gardevoir-jellicent,0855,gardevoir-jellicent
6,186,p1,0521,dragapult-dusknoir,1575,dragapult-dusknoir
6,187,p1,0860,dragapult-dusknoir,0187,charizard-noctowl
6,188,p2,1260,gholdengo-lunatone,1328,gardevoir-ex-sv
6,189,p2,0182,gardevoir-ex-sv,0880,charizard-pidgeot
6,190,p1,1394,iron-hands-magneton,0430,dragapult-dusknoir
6,191,p2,0723,gholdengo-lunatone,0852,gholdengo-ex
6,192,p2,1294,mega-venusaur-ex,0838,gardevoir-ex-sv
6,193,tie,0326,dragapult-dusknoir,1316,mega-absol-box
6,194,p1,0035,dragapult-dusknoir,0835,iron-hands-magneton
6,195,tie,0057,charizard-noctowl,0370,mega-absol-box
6,196,p1,0074,iron-hands-magneton,0613,n-zoroark
6,197,tie,1403,mega-absol-box,0321,cynthia-garchomp-ex
6,198,p2,0406,rocket-mewtwo-ex,0696,dragapult-dusknoir
6,199,p1,0134,dragapult-dusknoir,0645,dragapult-dusknoir
6,200,p1,1027,raging-bolt-ogerpon,1136,gholdengo-lunatone
6,201,tie,1392,charizard-pidgeot,1388,mega-absol-box
6,202,p2,0167,dragapult-dusknoir,1257,gholdengo-lunatone
6,203,p1,1274,charizard-noctowl,0921,gardevoir-ex-sv
6,204,p2,0900,dragapult-blaziken,0620,charizard-noctowl
6,205,tie,0962,charizard-pidgeot,1469,charizard-noctowl
6,206,p2,1594,lucario-hariyama,0971,gholdengo-lunatone
6,207,p1,0794,gardevoir-jellicent,0739,okidogi-ex
6,208,p1,0663,gholdengo-lunatone,1499,gardevoir-ex-sv
6,209,p2,0913,raging-bolt-ogerpon,0932,alakazam-dudunsparce
6,210,p1,1204,gholdengo-lunatone,1110,gardevoir-jellicent
6,211,tie,0776,mega-absol-box,1165,lopunny-dusknoir
6,212,tie,0176,charizard-dragapult,0555,n-zoroark
6,213,p1,0617,raging-bolt-ogerpon,0469,dragapult-dusknoir
6,214,p2,0682,dragapult-dusknoir,1495,gholdengo-lunatone
6,215,p2,1040,gholdengo-lunatone,0656,gardevoir-jellicent
6,216,tie,1048,charizard-noctowl,1118,gardevoir-jellicent
6,217,p1,0541,gardevoir-ex-sv,0149,gholdengo-lunatone
6,218,p1,1182,dragapult-dusknoir,0936,gholdengo-lunatone
6,219,p1,0003,charizard-noctowl,0692,gholdengo-lunatone
6,220,p2,1370,joltik-box,1461,gholdengo-lunatone
6,221,p1,0416,gardevoir-jellicent,0140,greninja-ex
6,222,p2,1621,dragapult-dusknoir,1003,raging-bolt-ogerpon
6,223,p2,1329,gholdengo-lunatone,0434,dragapult-dusknoir
6,224,p2,0673,gardevoir-jellicent,0317,gholdengo-lunatone
6,225,tie,0479,charizard-noctowl,0576,dragapult-charizard
6,226,p1,0385,gholdengo-lunatone,0080,gholdengo-lunatone
6,227,p1,1091,grimmsnarl-froslass,0230,ceruledge-ex
6,228,p1,0196,gardevoir-jellicent,1164,ursaluna-lunatone
6,229,p1,0374,gholdengo-lunatone,1338,lopunny-dusknoir
6,230,tie,1146,charizard-pidgeot,0537,greninja-ex
6,231,p2,0606,sharpedo-toxtricity,1102,raging-bolt-ogerpon
6,232,p2,0793,gholdengo-lunatone,0270,charizard-noctowl
6,233,p1,1202,dragapult-dusknoir,1305,gardevoir-jellicent
6,234,p1,0581,gardevoir-ex-sv,0907,terapagos-noctowl
6,235,tie,0910,dragapult-charizard,0987,mega-absol-box
6,236,p2,1646,dragapult-dusknoir,1570,joltik-box
6,237,p2,0872,dragapult-dusknoir,1114,dragapult-dusknoir
6,238,p1,0129,charizard-noctowl,0841,charizard-ex
6,239,p1,1168,charizard-noctowl,0122,gardevoir-ex-sv
6,240,p2,0363,gholdengo-lunatone,1390,raging-bolt-ogerpon
6,241,p1,1188,dragapult-dusknoir,1283,joltik-box
6,242,tie,0148,gholdengo-lunatone,0948,gardevoir-jellicent
6,243,p2,0446,gholdengo-lunatone,0770,dragapult-dusknoir
6,244,p2,1163,joltik-box,1386,dragapult-dusknoir
6,245,tie,1393,gholdengo-lunatone,0184,dragapult-dusknoir
6,246,tie,0539,gholdengo-lunatone,1400,ceruledge-ex
6,247,p1,0530,charizard-noctowl,0439,mega-absol-box
6,248,p2,0904,raging-bolt-ogerpon,0822,charizard-pidgeot
6,249,p1,0702,dragapult-charizard,1531,tera-box
6,250,p2,0277,festival-lead,0637,gholdengo-joltik-box
6,251,tie,1335,greninja-ex,1545,dragapult-dusknoir
6,252,tie,0953,other,1379,mega-absol-box
6,253,tie,1263,gholdengo-lunatone,1658,gardevoir-jellicent
6,254,p1,1225,seaking-pre,0591,raging-bolt-ogerpon
6,255,p2,1582,ethan-typhlosion,0115,grimmsnarl-froslass
6,256,p2,0774,dragapult-dusknoir,0588,charizard-noctowl
6,257,tie,0373,tera-box,1084,gholdengo-lunatone
6,258,p1,0216,iron-hands-magneton,0275,dragapult-charizard
6,259,p2,0254,ethan-typhlosion,0475,dragapult-dusknoir
6,260,tie,0737,charizard-noctowl,1350,dragapult-dusknoir
6,261,p2,1325,mega-absol-box,1445,gholdengo-lunatone
6,262,p2,0346,gardevoir-ex-sv,0464,grimmsnarl-froslass
6,263,p2,1135,charizard-noctowl,0897,gholdengo-lunatone
6,264,p1,1106,dragapult-dusknoir,0209,dragapult-dusknoir
6,265,p1,0435,charizard-pidgeot,0052,gholdengo-lunatone
6,266,p2,0878,grimmsnarl-froslass,0849,gardevoir-jellicent
6,267,p2,0302,gardevoir-jellicent,1456,gholdengo-lunatone
6,268,p2,1097,dragapult-dusknoir,1101,gholdengo-lunatone
6,269,p1,0258,charizard-noctowl,1321,dragapult-dusknoir
6,270,p1,0489,gardevoir-jellicent,0174,toxtricity-pfl
6,271,p2,1431,gholdengo-lunatone,1042,ethan-typhlosion
6,272,p1,1254,n-zoroark,0684,charizard-pidgeot
6,273,p2,0751,grimmsnarl-froslass,0242,joltik-box
6,274,p2,1385,charizard-noctowl,0585,?
6,275,p1,1271,slowking-scr,1587,gholdengo-lunatone
6,276,p2,1201,n-zoroark,0217,gardevoir-jellicent
6,277,p1,0950,dragapult-dusknoir,0614,gholdengo-lunatone
6,278,p1,0863,gholdengo-lunatone,1671,raging-bolt-ogerpon
6,279,p1,0248,charizard-pidgeot,1240,raging-bolt-ogerpon
6,280,p2,1222,flareon-noctowl,1210,gholdengo-lunatone
6,281,p1,0075,gholdengo-lunatone,0693,charizard-noctowl
6,282,p2,0357,gardevoir-jellicent,0231,charizard-pidgeot
6,283,tie,0677,charizard-noctowl,0554,flareon-noctowl
6,284,p2,0214,gardevoir-ex-sv,0711,dragapult-dusknoir
6,285,p1,1672,gardevoir-jellicent,0937,gardevoir-jellicent
6,286,p1,0999,mega-venusaur-ex,0644,gardevoir-jellicent
6,287,p2,0830,dragapult-dusknoir,0330,dragapult-dusknoir
6,288,p1,0460,mega-venusaur-ex,0938,gardevoir-jellicent
6,289,tie,1492,dragapult-charizard,0274,gardevoir-ex-sv
6,290,p1,0394,gardevoir-jellicent,0098,raging-bolt-ogerpon
6,291,p1,0146,other,0743,gholdengo-lunatone
6,292,p2,0559,gholdengo-lunatone,0683,gholdengo-lunatone
6,293,p1,0442,charizard-noctowl,1613,charizard-noctowl
6,294,p1,1559,gholdengo-lunatone,0436,gholdengo-lunatone
6,295,p1,0354,dragapult-ex,0205,manectric-eelektrik
6,296,tie,1170,alakazam-dudunsparce,0568,kangaskhan-bouffalant
6,297,p1,1402,gholdengo-lunatone,0633,raging-bolt-ogerpon
6,298,p1,1193,gholdengo-lunatone,0072,charizard-pidgeot
6,299,p2,1284,charizard-pidgeot,1627,charizard-noctowl
6,300,p1,0155,charizard-noctowl,0455,gardevoir-ex-sv
6,301,p1,1246,gholdengo-lunatone,0292,joltik-box
6,302,p2,0084,gholdengo-lunatone,0769,ursaluna-lunatone
6,303,p2,0061,n-zoroark,0798,charizard-noctowl
6,304,p1,1602,mega-venusaur-ex,0045,ceruledge-ex
6,305,p2,1423,gardevoir-jellicent,1360,gholdengo-lunatone
6,306,p1,0485,greninja-ex,0902,hydrapple-ogerpon
6,307,p1,0378,raging-bolt-ogerpon,0744,iron-hands-magneton
6,308,p1,0809,gholdengo-lunatone,1082,raging-bolt-ogerpon
6,309,tie,0491,gardevoir-jellicent,0490,tinkaton-ex
6,310,p1,1330,charizard-noctowl,0482,charizard-noctowl
6,311,p2,1310,raging-bolt-ogerpon,0306,?
6,312,p2,0121,kangaskhan-bouffalant,1322,raging-bolt-ogerpon
6,313,p2,0815,gholdengo-lunatone,1266,gholdengo-lunatone
6,314,p1,1465,dragapult-dusknoir,1069,charizard-noctowl
6,315,p1,0285,raging-bolt-ogerpon,0382,dragapult-dusknoir
6,316,p2,0347,alakazam-dudunsparce,0957,charizard-noctowl
6,317,p2,1525,gardevoir-ex-sv,1333,grimmsnarl-froslass
6,318,p1,0445,dragapult-dusknoir,1068,lopunny-dusknoir
6,319,p2,0474,lopunny-dusknoir,0619,charizard-noctowl
6,320,p2,0700,gardevoir-jellicent,0462,dragapult-dusknoir
6,321,p1,0238,joltik-box,0023,dragapult-dusknoir
6,322,p1,0362,mega-absol-box,0792,gardevoir-jellicent
6,323,p1,0425,gholdengo-lunatone,0726,dragapult-dusknoir
6,324,p2,0063,charizard-noctowl,1642,charizard-noctowl
6,325,p1,0345,gardevoir-ex-sv,1083,gardevoir-jellicent
6,326,p2,0117,n-zoroark,0367,gardevoir-jellicent
6,327,p1,0504,hydreigon-ex,1073,charizard-noctowl
6,328,p1,0813,dragapult-dusknoir,0523,charizard-noctowl
6,329,p1,1090,ceruledge-ex,1443,gholdengo-lunatone
6,330,p1,0426,gholdengo-lunatone,1231,dragapult-dusknoir
6,331,p2,1033,charizard-pidgeot,0547,n-zoroark
6,332,p1,0868,gardevoir-jellicent,1676,kangaskhan-bouffalant
6,333,p2,1014,mega-absol-box,1233,?
6,334,p1,1568,charizard-pidgeot,0246,gardevoir-jellicent
6,335,p2,1504,charizard-noctowl,1218,raging-bolt-ogerpon
6,336,p2,1427,gholdengo-lunatone,1510,n-zoroark
6,337,p1,0431,charizard-pidgeot,1407,charizard-pidgeot
6,338,p1,0236,joltik-box,1372,gholdengo-lunatone
6,339,p1,0652,dragapult-charizard,0180,gholdengo-ex
6,340,p1,0917,dragapult-dusknoir,1181,charizard-noctowl
6,341,p1,1317,flareon-noctowl,1452,dragapult-dusknoir
6,342,p1,0867,charizard-noctowl,0903,charizard-pidgeot
6,343,p2,0779,gardevoir-ex-sv,1264,dragapult-dusknoir
6,344,p1,1578,charizard-noctowl,0807,gardevoir-jellicent
6,345,p1,0847,conkeldurr-twm,1212,raging-bolt-ogerpon
6,346,p2,1344,dragapult-dusknoir,0272,dragapult-dusknoir
6,347,tie,0186,raging-bolt-ogerpon,1521,flareon-noctowl
6,348,p2,0073,cynthia-garchomp-ex,1635,sharpedo-toxtricity
6,349,p1,0308,raging-bolt-ogerpon,1436,tyranitar-jtg
6,350,tie,0775,gholdengo-lunatone,1064,gholdengo-lunatone
6,351,p1,1124,gholdengo-lunatone,1489,gardevoir-jellicent
6,352,p1,1415,charizard-noctowl,0848,hydrapple-ogerpon
6,353,p1,1345,charizard-noctowl,1591,gardevoir-jellicent
6,354,p1,0166,lopunny-dusknoir,1441,gardevoir-jellicent
6,355,tie,0376,ceruledge-ex,1220,tera-box
6,356,p1,1384,charizard-pidgeot,0894,dragapult-dusknoir
6,357,p1,0740,gholdengo-lunatone,0741,gholdengo-lunatone
6,358,p1,1364,dragapult-dusknoir,0854,charizard-noctowl
6,359,tie,0457,crustle-dri,1589,dragapult-dusknoir
6,360,p2,1313,n-zoroark,1113,dragapult-dusknoir
6,361,p2,1272,charizard-noctowl,1292,dragapult-dusknoir
6,362,p2,0650,dragapult-dusknoir,0722,dragapult-dusknoir
6,363,p2,1041,gholdengo-lunatone,0145,gholdengo-lunatone
6,364,p1,0914,gholdengo-lunatone,0058,gholdengo-lunatone
6,365,p2,1005,gardevoir-jellicent,0710,gholdengo-lunatone
6,366,p2,1507,dragapult-dusknoir,1093,dragapult-dusknoir
6,367,p2,1051,gholdengo-lunatone,1286,charizard-pidgeot
6,368,p1,1192,gardevoir-jellicent,0002,grimmsnarl-froslass
6,369,p2,1634,charizard-pidgeot,1063,gardevoir-jellicent
6,370,tie,1439,dragapult-dusknoir,0173,raging-bolt-ogerpon
6,371,tie,0279,toedscruel-ex,0409,lucario-hariyama
6,372,p1,1092,gholdengo-lunatone,0728,dragapult-dusknoir
6,373,p2,1679,ceruledge-ex,0885,ceruledge-ex
6,374,p2,0225,gholdengo-lunatone,0287,charizard-noctowl
6,375,p2,0516,grimmsnarl-froslass,0109,ceruledge-ex
6,376,p1,0325,tera-box,1000,charizard-noctowl
6,377,p2,0483,gardevoir-ex-sv,0732,n-zoroark
6,378,p2,0062,ethan-typhlosion,1653,gardevoir-jellicent
6,379,p1,1121,dragapult-dusknoir,0132,raging-bolt-ogerpon
6,380,p1,1548,gholdengo-lunatone,0543,gholdengo-lunatone
6,381,p1,0593,raging-bolt-ogerpon,1177,ceruledge-ex
6,382,p1,1490,mega-absol-box,1558,ursaluna-lunatone
6,383,p2,0601,dragapult-dusknoir,1206,tera-box
6,384,p1,0691,gholdengo-lunatone,0954,gardevoir-ex-sv
6,385,p1,0866,tera-box,0331,toxtricity-pfl
6,386,p1,0840,dragapult-dusknoir,1249,mega-absol-box
6,387,p2,1112,gholdengo-lunatone,0993,flareon-noctowl
6,388,p2,0053,raging-bolt-ogerpon,1252,charizard-pidgeot
6,389,p1,0322,dragapult-dusknoir,1277,charizard-noctowl
6,390,p2,1111,dragapult-dusknoir,0113,charizard-noctowl
6,391,p2,0444,dragapult-dusknoir,0943,dragapult-dusknoir
6,392,p1,0193,slaking-ex,1606,charizard-noctowl
6,393,p1,1675,gardevoir-ex-sv,0265,gardevoir-jellicent
6,394,p1,0097,alakazam-dudunsparce,0842,gholdengo-lunatone
6,395,p2,0477,mega-absol-box,1550,gholdengo-lunatone
6,396,tie,1396,gholdengo-lunatone,0111,dragapult-dusknoir
6,397,p1,1001,ceruledge-ex,0981,mega-venusaur-ex
6,398,p1,0054,dragapult-dusknoir,0235,charizard-noctowl
6,399,tie,0862,greninja-ex,0336,gholdengo-lunatone
6,400,p2,1656,dragapult-dusknoir,1523,kangaskhan-bouffalant
6,401,p1,1060,gholdengo-lunatone,1537,archaludon-ex
6,402,p1,0791,mega-absol-box,1608,gholdengo-lunatone
6,403,tie,0538,charizard-pidgeot,0190,joltik-box
6,404,p1,1026,flareon-noctowl,0024,lopunny-dusknoir
6,405,p1,0488,alakazam-dudunsparce,1347,dragapult-dusknoir
6,406,p1,0147,ceruledge-ex,1291,charizard-noctowl
6,407,p1,0304,gholdengo-lunatone,1454,gardevoir-jellicent
6,408,p1,0264,grimmsnarl-froslass,0704,gholdengo-lunatone
6,409,p2,0991,mega-absol-box,1447,gholdengo-lunatone
6,410,p2,0243,gholdengo-lunatone,0201,gholdengo-lunatone
6,411,p2,0979,gardevoir-ex-sv,0583,dragapult-dusknoir
6,412,p2,0496,mega-venusaur-ex,1586,gholdengo-lunatone
6,413,p1,1375,greninja-ex,0658,gholdengo-lunatone
6,414,p1,0223,dragapult-dusknoir,0825,ursaluna-lunatone
6,415,tie,0332,charizard-pidgeot,1669,dragapult-dusknoir
6,416,p2,0269,charizard-noctowl,0392,alakazam-dudunsparce
6,417,p1,0021,pidgeot-control,1008,dragapult-dusknoir
6,418,p2,0811,mega-venusaur-ex,1538,dragapult-dusknoir
6,419,p1,0014,charizard-noctowl,1295,mega-absol-box
6,420,p2,0481,gardevoir-ex-sv,0333,raging-bolt-ogerpon
6,421,p1,1273,gardevoir-jellicent,0575,charizard-pidgeot
6,422,tie,0454,lopunny-dusknoir,0492,dragapult-dusknoir
6,423,p2,1262,ceruledge-ex,1149,charizard-noctowl
6,424,p1,0642,charizard-noctowl,0659,cynthia-garchomp-ex
6,425,p1,0153,charizard-noctowl,0124,dragapult-dusknoir
6,426,tie,0123,lucario-hariyama,1625,gholdengo-lunatone
6,427,p2,0234,gholdengo-ex,0966,grimmsnarl-froslass
6,428,p2,1074,gholdengo-joltik-box,0089,dragapult-dusknoir
6,429,p1,0497,kangaskhan-bouffalant,1217,manectric-eelektrik
6,430,p2,0198,gholdengo-lunatone,1287,gholdengo-lunatone
6,431,tie,0005,gholdengo-lunatone,1049,dragapult-dusknoir
6,432,p1,0945,dragapult-dusknoir,1607,mega-venusaur-ex
6,433,p1,1563,raging-bolt-ogerpon,0920,dragapult-dusknoir
6,434,p1,1018,charizard-noctowl,0616,dragapult-dusknoir
6,435,p2,0419,gholdengo-lunatone,1532,charizard-noctowl
6,436,p1,0796,raging-bolt-ogerpon,0912,charizard-noctowl
6,437,p1,0301,grimmsnarl-froslass,0787,charizard-noctowl
6,438,tie,0747,n-zoroark,0515,ceruledge-ex
6,439,p2,1404,dragapult-dusknoir,1648,dragapult-dusknoir
6,440,p2,1690,joltik-box,0312,sharpedo-toxtricity
6,441,p1,0135,gholdengo-lunatone,0253,mega-absol-box
6,442,p1,1674,charizard-noctowl,0256,dragapult-charizard
6,443,p1,1255,gholdengo-lunatone,0310,gholdengo-lunatone
6,444,p2,0670,dragapult-dusknoir,0399,dragapult-dusknoir
6,445,p1,0772,gholdengo-lunatone,0595,charizard-pidgeot
6,446,p1,1150,charizard-pidgeot,0350,n-zoroark
6,447,p2,1007,lopunny-dusknoir,1615,raging-bolt-ogerpon
6,448,p2,1223,manectric-eelektrik,1576,dragapult-charizard
6,449,p1,1491,gholdengo-lunatone,1010,charizard-pidgeot
6,450,p2,0994,ceruledge-ex,0298,charizard-noctowl
6,451,p1,0874,gholdengo-lunatone,1341,gardevoir-ex-sv
6,452,p2,0814,flareon-noctowl,0804,gardevoir-jellicent
6,453,p1,1075,gholdengo-lunatone,1363,dragapult-dusknoir
6,454,p2,0360,charizard-noctowl,0048,lopunny-dusknoir
6,455,p1,0653,gholdengo-joltik-box,0158,gardevoir-jellicent
6,456,p2,1633,dragapult-dusknoir,1473,dragapult-dusknoir
6,457,p2,0403,gholdengo-lunatone,1387,?
6,458,tie,1050,gholdengo-lunatone,1644,gholdengo-lunatone
6,459,p1,1595,gardevoir-jellicent,1475,roaring-moon-ex
6,460,p2,0648,hydrapple-ogerpon,0955,dragapult-dusknoir
6,461,tie,1306,raging-bolt-ogerpon,1238,charizard-noctowl
6,462,p2,1079,dragapult-dusknoir,0654,gholdengo-lunatone
6,463,p2,0705,n-zoroark,1588,seaking-pre
6,464,p1,0529,gholdengo-lunatone,1502,gardevoir-jellicent
6,465,p1,1244,gholdengo-lunatone,1643,dragapult-charizard
6,466,p1,0037,dragapult-dusknoir,0982,dragapult-dusknoir
6,467,p1,1234,gholdengo-lunatone,0782,gholdengo-lunatone
6,468,p2,1078,mega-absol-box,0676,joltik-box
6,469,p1,1567,gholdengo-lunatone,0318,ethan-typhlosion
6,470,p2,1514,gholdengo-lunatone,0968,charizard-pidgeot
6,471,p1,0939,gardevoir-jellicent,0865,gholdengo-lunatone
6,472,p2,1019,dragapult-dusknoir,1119,gholdengo-lunatone
6,473,tie,0790,gardevoir-jellicent,0909,gholdengo-lunatone
6,474,p1,0268,charizard-noctowl,0337,gardevoir-jellicent
6,475,p2,1044,charizard-pidgeot,0706,grimmsnarl-froslass
6,476,p2,0412,dragapult-dusknoir,0569,charizard-noctowl
6,477,p2,0508,charizard-noctowl,1039,gholdengo-joltik-box
6,478,p1,1229,gholdengo-lunatone,1324,dragapult-dusknoir
6,479,p2,1142,hydrapple-ogerpon,0698,mega-absol-box
6,480,p2,1265,raging-bolt-ogerpon,1657,gholdengo-lunatone
6,481,p2,1561,mega-absol-box,0463,raging-bolt-ogerpon
6,482,p1,0905,dragapult-charizard,1503,dragapult-dusknoir
6,483,p1,0244,gardevoir-jellicent,1549,dragapult-dusknoir
6,484,p1,0239,dragapult-charizard,1412,alakazam-dudunsparce
6,485,p2,0556,flareon-noctowl,0340,gholdengo-lunatone
6,486,p1,0621,grimmsnarl-froslass,0768,dragapult-charizard
6,487,tie,1153,gholdengo-lunatone,0869,raging-bolt-ogerpon
6,488,p2,0162,dragapult-dusknoir,0679,tera-box
6,489,p1,1418,ceruledge-ex,1185,dragapult-dusknoir
6,490,p2,1327,gholdengo-lunatone,1449,flareon-noctowl
6,491,p1,1359,gardevoir-jellicent,1519,ethan-typhlosion
6,492,p1,1399,dragapult-dusknoir,0964,gardevoir-jellicent
6,493,p2,1162,gardevoir-jellicent,0786,charizard-noctowl
6,494,p1,1618,kangaskhan-bouffalant,0343,mega-venusaur-ex
6,495,p1,1141,charizard-pidgeot,0533,gholdengo-lunatone
6,496,p2,1664,gholdengo-lunatone,0570,charizard-noctowl
6,497,tie,1470,ho-oh-armarouge,0992,charizard-pidgeot
6,498,p2,1598,other,1128,gholdengo-lunatone
6,499,p2,1574,dragapult-dusknoir,0383,n-zoroark
6,500,p2,0564,forretress-ex,0171,gardevoir-ex-sv
6,501,p1,1557,dragapult-charizard,1425,charizard-noctowl
6,502,p1,1496,tera-box,0449,dragapult-dusknoir
6,503,tie,0055,n-zoroark,0118,dragapult-dusknoir
6,504,p2,0295,dragapult-dusknoir,1247,ceruledge-ex
6,505,p1,1196,charizard-noctowl,1611,dragapult-dusknoir
6,506,p2,0395,raging-bolt-ogerpon,1517,gholdengo-lunatone
6,507,p1,0531,charizard-noctowl,0634,mega-absol-box
6,508,p1,1053,charizard-noctowl,1207,gholdengo-lunatone
6,509,p1,1486,dragapult-dusknoir,0388,charizard-noctowl
6,510,p2,1437,mega-venusaur-ex,1600,raging-bolt-ogerpon
6,511,p1,0680,gholdengo-lunatone,0266,gholdengo-lunatone
6,512,p1,1134,charizard-pidgeot,1057,flareon-noctowl
6,513,p2,1174,mega-absol-box,0417,raging-bolt-ogerpon
6,514,tie,0143,gardevoir-ex-sv,0316,mega-camerupt-ex
6,515,p2,0361,dragapult-dusknoir,0177,charizard-noctowl
6,516,p1,0767,n-zoroark,1340,gholdengo-lunatone
6,517,p2,0678,raging-bolt-ogerpon,0668,flareon-noctowl
6,518,p1,1304,charizard-pidgeot,0218,gardevoir-ex-sv
6,519,p1,1228,gholdengo-lunatone,0396,charizard-noctowl
6,520,p2,1080,sharpedo-toxtricity,1258,ceruledge-ex
6,521,tie,0077,dragapult-dusknoir,1077,grimmsnarl-froslass
6,522,p1,1116,charizard-noctowl,0194,tera-box
6,523,p2,0007,dragapult-dusknoir,1343,dragapult-dusknoir
6,524,p1,0358,ethan-typhlosion,0877,gardevoir-jellicent
6,525,p2,1422,manectric-eelektrik,0066,alakazam-dudunsparce
6,526,p1,0631,gardevoir-ex-sv,1603,?
6,527,p2,0008,mega-absol-box,0313,lopunny-dusknoir
6,528,p2,0501,dragapult-dusknoir,0603,lucario-hariyama
6,529,p1,1583,gardevoir-jellicent,1267,gardevoir-jellicent
6,530,tie,0746,charizard-noctowl,1508,gholdengo-joltik-box
6,531,double_loss,0381,gholdengo-lunatone,0006,kangaskhan-bouffalant
6,532,tie,1665,flareon-noctowl,0195,charizard-noctowl
6,533,p1,0070,gardevoir-jellicent,1581,charizard-noctowl
6,534,p1,0983,charizard-noctowl,0974,flareon-noctowl
6,535,p1,0927,gholdengo-lunatone,0707,dragapult-dusknoir
6,536,tie,1303,gardevoir-jellicent,1282,gardevoir-ex-sv
6,537,tie,1488,dragapult-dusknoir,0818,charizard-noctowl
6,538,p2,1250,gardevoir-jellicent,1426,charizard-pidgeot
6,539,p2,0646,lucario-hariyama,0510,dragapult-charizard
6,540,p1,1640,gholdengo-lunatone,0578,tera-box
6,541,p1,1497,raging-bolt-ogerpon,1391,conkeldurr-twm
6,542,p1,0985,gardevoir-ex-sv,0602,gholdengo-lunatone
6,543,tie,1512,charizard-noctowl,1215,gholdengo-lunatone
6,544,p2,1054,gholdengo-lunatone,0688,dragapult-dusknoir
6,545,p2,0876,gholdengo-lunatone,1485,n-zoroark
6,546,p2,0545,dragapult-dusknoir,0421,raging-bolt-ogerpon
6,547,p1,0112,iron-hands-magneton,1619,dragapult-dusknoir
6,548,p2,0901,alakazam-dudunsparce,0689,ethan-typhlosion
6,549,p2,1462,gholdengo-lunatone,1506,ceruledge-ex
6,550,tie,0418,dragapult-charizard,0019,raging-bolt-ogerpon
6,551,p2,0344,festival-lead,1629,flareon-noctowl
6,552,p1,1281,raging-bolt-ogerpon,1297,cynthia-garchomp-ex
6,553,p1,0851,dragapult-dusknoir,0059,cynthia-garchomp-ex
6,554,tie,0836,gardevoir-jellicent,0532,dragapult-dusknoir
6,555,p2,0139,dragapult-dusknoir,1569,alakazam-dudunsparce
6,556,p2,1199,dragapult-charizard,1540,dragapult-dusknoir
6,557,p2,0959,n-zoroark,0941,slaking-ex
6,558,p1,0805,gholdengo-lunatone,0160,dragapult-dusknoir
6,559,p2,1631,dragapult-dusknoir,0188,charizard-pidgeot
6,560,p2,1268,charizard-noctowl,1186,joltik-box
6,561,p2,0687,raging-bolt-ogerpon,0918,gholdengo-lunatone
6,562,p2,0204,charizard-noctowl,1654,dragapult-dusknoir
6,563,p1,0561,iron-hands-magneton,0976,gholdengo-lunatone
6,564,p2,1478,cynthia-garchomp-ex,0261,raging-bolt-ogerpon
6,565,p1,0525,grimmsnarl-froslass,1183,tera-box
6,566,p1,0247,seaking-pre,1660,dragapult-dusknoir
6,567,p1,1577,dragapult-dusknoir,1138,dragapult-dusknoir
6,568,p2,0471,?,1636,gholdengo-lunatone
6,569,tie,0908,joltik-box,1035,charizard-pidgeot
6,570,p1,0369,charizard-noctowl,1592,charizard-noctowl
6,571,p1,0599,charizard-pidgeot,1034,raging-bolt-ogerpon
6,572,p1,0441,ceruledge-ex,0026,charizard-pidgeot
6,573,p2,1472,raging-bolt-ex,1535,raging-bolt-ogerpon
6,574,p1,0210,tera-box,0493,tera-box
6,575,p2,1460,gardevoir-jellicent,0428,dragapult-dusknoir
6,576,p1,1528,gardevoir-ex-sv,0407,ursaluna-lunatone
6,577,p1,1167,dragapult-dusknoir,0926,dragapult-dusknoir
6,578,p1,0128,tera-box,0720,greninja-ex
6,579,p2,0803,gholdengo-lunatone,1147,gholdengo-lunatone
6,580,p1,1405,alakazam-dudunsparce,1680,cynthia-garchomp-ex
6,581,tie,1227,raging-bolt-ogerpon,0960,joltik-box
6,582,p2,0699,other,1194,dragapult-dusknoir
6,583,p2,1172,raging-bolt-ogerpon,0192,mega-absol-box
6,584,p2,1197,dragapult-dusknoir,1498,gholdengo-lunatone
6,585,p1,0137,dragapult-dusknoir,0286,dragapult-charizard
6,586,p1,0861,miraidon-eelektrik,0638,charizard-noctowl
6,587,p2,1213,n-zoroark,1515,gholdengo-joltik-box
6,588,p1,0518,raging-bolt-ogerpon,1463,greninja-blaziken
6,589,p1,0511,dragapult-dusknoir,1336,flareon-noctowl
6,590,p2,0592,gardevoir-jellicent,0817,gholdengo-dragapult
6,591,p2,0106,alakazam-dudunsparce,1117,gholdengo-lunatone
6,592,p1,1534,charizard-noctowl,1205,tera-box
6,593,p2,0432,dragapult-dusknoir,0220,n-zoroark
6,594,p2,0185,dragapult-dusknoir,0157,gholdengo-lunatone
6,595,p1,0478,ceruledge-ex,0172,dragapult-dusknoir
6,596,tie,0408,dragapult-dusknoir,1573,gardevoir-jellicent
6,597,tie,1444,grimmsnarl-froslass,0219,gholdengo-lunatone
6,598,tie,1637,sharpedo-toxtricity,0314,cynthia-garchomp-ex
6,599,p2,0181,charizard-pidgeot,1015,n-zoroark
6,600,p1,1189,raging-bolt-ogerpon,1630,sharpedo-toxtricity
6,601,p1,1126,n-zoroark,0087,alakazam-dudunsparce
6,602,p2,1046,lucario-hariyama,0450,dragapult-dusknoir
6,603,p2,1270,lucario-hariyama,1017,n-zoroark
6,604,p2,0461,gardevoir-jellicent,1526,joltik-box
6,605,p1,1395,dragapult-charizard,0233,gardevoir-jellicent
6,606,p2,0662,mega-venusaur-ex,0986,alakazam-dudunsparce
6,607,p2,0108,gholdengo-lunatone,0300,mega-venusaur-ex
6,608,p2,0928,charizard-pidgeot,0178,dragapult-charizard
6,609,p1,0808,raging-bolt-ogerpon,0750,ceruledge-ex
6,610,tie,0410,conkeldurr-twm,0422,dragapult-dusknoir
6,611,p1,1096,gardevoir-jellicent,1614,dragapult-dusknoir
6,612,p1,0879,mega-absol-box,1677,gardevoir-ex-sv
6,613,p2,0875,dragapult-dusknoir,0125,charizard-pidgeot
6,614,tie,1480,gardevoir-jellicent,1067,raging-bolt-ogerpon
6,615,p2,0038,festival-lead,0577,grimmsnarl-froslass
6,616,p2,1424,flareon-noctowl,1464,dragapult-dusknoir
6,617,p1,0043,gardevoir-ex-sv,0001,gardevoir-jellicent
6,618,p1,1299,gardevoir-jellicent,1056,cynthia-garchomp-ex
6,619,p2,1685,gholdengo-lunatone,0801,charizard-noctowl
6,620,p1,1076,gardevoir-ex-sv,1688,gardevoir-jellicent
6,621,p2,0016,mega-absol-box,0011,raging-bolt-ogerpon
6,622,p1,1641,gholdengo-lunatone,0626,dragapult-charizard
6,623,p1,1659,gholdengo-lunatone,1551,dragapult-dusknoir
6,624,tie,1638,alakazam-dudunsparce,0812,n-zoroark
6,625,p2,1237,charizard-noctowl,1224,dragapult-dusknoir
6,626,tie,0749,dragapult-dusknoir,0150,lucario-hariyama
6,627,p2,1021,archaludon-ex,0387,alakazam-dudunsparce
6,628,p2,0752,alakazam-dudunsparce,0224,dragapult-dusknoir
6,629,tie,1318,flareon-ex,0586,dragapult-charizard
6,630,double_loss,1662,raging-bolt-ogerpon,0566,raging-bolt-ogerpon
6,631,p1,0630,gardevoir-jellicent,0984,dragapult-dusknoir
6,632,p2,0468,gholdengo-lunatone,1430,n-zoroark
6,633,p2,1467,ceruledge-ex,0127,dragapult-charizard
6,634,p1,1269,grimmsnarl-froslass,0036,gardevoir-jellicent
6,635,p1,0536,alakazam-dudunsparce,1047,gholdengo-lunatone
6,636,p1,0151,dragapult-dusknoir,1457,cynthia-garchomp-ex
6,637,p2,0641,gholdengo-joltik-box,0694,joltik-box
6,638,p1,0600,grimmsnarl-froslass,0567,gardevoir-jellicent
6,639,p2,0065,dragapult-dusknoir,0729,gardevoir-jellicent
6,640,p1,1650,flareon-noctowl,0334,dragapult-charizard
6,641,p1,0935,gardevoir-jellicent,1296,dragapult-dusknoir
6,642,p1,0969,raging-bolt-ogerpon,0099,dragapult-charizard
6,643,p1,0447,mega-absol-box,0701,gholdengo-lunatone
6,644,p1,1020,iron-hands-magneton,0890,dragapult-dusknoir
6,645,p1,1253,dragapult-dusknoir,0672,charizard-noctowl
6,646,p2,0695,cynthia-garchomp-ex,0348,ceruledge-ex
6,647,p2,0846,raging-bolt-ogerpon,0365,charizard-pidgeot
6,648,p2,0989,joltik-box,0548,ho-oh-armarouge
6,649,p1,1289,flareon-noctowl,0168,gholdengo-lunatone
6,650,double_loss,0096,cynthia-garchomp-ex,1122,mega-absol-box
6,651,p2,0526,gardevoir-jellicent,0738,dragapult-dusknoir
6,652,double_loss,0871,grimmsnarl-froslass,0734,ceruledge-ex
6,653,p2,0608,n-zoroark,1320,grimmsnarl-froslass
6,654,p1,0605,dragapult-dusknoir,0681,gholdengo-ex
6,655,p1,0500,other,0359,charizard-pidgeot
6,656,p1,1383,gholdengo-lunatone,0820,n-zoroark
6,657,p1,1187,charizard-noctowl,0368,dragapult-dusknoir
6,658,p2,0640,dragapult-dusknoir,1684,grimmsnarl-froslass
6,659,tie,0949,raging-bolt-ogerpon,0175,reging-bolt-bellibolt
6,660,p2,1161,dragapult-dusknoir,1518,greninja-ex
6,661,p2,0565,grimmsnarl-froslass,0988,mega-venusaur-ex
6,662,double_loss,1560,gholdengo-lunatone,0211,gholdengo-lunatone
6,663,p2,0667,mega-absol-box,0082,raging-bolt-ogerpon
6,664,tie,0271,ethan-typhlosion,0755,joltik-box
6,665,p2,0799,dragapult-dusknoir,1311,charizard-pidgeot
6,666,p1,0757,mega-absol-box,0892,gardevoir-jellicent
6,667,p2,0257,gardevoir-jellicent,1200,charizard-pidgeot
6,668,tie,1455,gholdengo-lunatone,0560,gardevoir-jellicent
6,669,p2,1157,dragapult-blaziken,0056,ceruledge-ex
6,670,tie,0105,gardevoir-jellicent,0763,charizard-noctowl
6,671,p1,0424,gholdengo-ex,0996,gardevoir-jellicent
6,672,p2,0352,gardevoir-ex-sv,0093,mega-absol-box
6,673,p1,0977,mega-absol-box,0524,gardevoir-ex-sv
6,674,p1,0110,greninja-ex,0573,gardevoir-jellicent
6,675,p1,0012,gholdengo-joltik-box,0745,hydrapple-ex
6,676,p2,0542,joltik-box,1280,flareon-noctowl
6,677,p1,0797,dragapult-dusknoir,0651,charizard-noctowl
6,678,p2,1058,dragapult-dusknoir,1432,gardevoir-jellicent
6,679,p2,1438,dragapult-dusknoir,0267,dragapult-dusknoir
6,680,p2,1307,charizard-pidgeot,0922,okidogi-ex
6,681,tie,1483,grimmsnarl-froslass,1553,dragapult-dusknoir
6,682,p1,0263,gardevoir-jellicent,0250,dragapult-dusknoir
6,683,p2,0288,n-zoroark,0628,gholdengo-lunatone
6,684,p1,1198,charizard-noctowl,0725,dragapult-dusknoir
6,685,p2,0341,slowking-scr,0169,raging-bolt-ogerpon
6,686,p1,0067,greninja-ex,1314,gardevoir-ex-sv
6,687,p2,0883,charizard-noctowl,0050,charizard-noctowl
6,688,tie,1152,mega-absol-box,0375,dragapult-dusknoir
6,689,tie,0788,flareon-noctowl,0438,charizard-pidgeot
6,690,tie,0202,mega-venusaur-ex,1562,raging-bolt-ogerpon
6,691,p1,0550,alakazam-dudunsparce,0544,gardevoir-jellicent
6,692,p2,0119,dragapult-dusknoir,1479,cynthia-garchomp-ex
6,693,p2,0643,dragapult-dusknoir,0402,other
6,694,p1,1604,dragapult-dusknoir,0843,gholdengo-lunatone
6,695,tie,0881,dragapult-dusknoir,1542,gardevoir-jellicent
6,696,p2,1105,dragapult-dusknoir,1596,gholdengo-lunatone
6,697,p1,1516,raging-bolt-ogerpon,0241,n-zoroark
6,698,p1,0083,dragapult-dusknoir,1371,gardevoir-jellicent
6,699,p2,0379,gardevoir-jellicent,0022,charizard-noctowl
6,700,p1,1541,ceruledge-ex,1585,grimmsnarl-froslass
6,701,p1,1509,mega-absol-box,0824,cynthia-garchomp-ex
6,702,tie,0505,charizard-noctowl,1580,raging-bolt-ogerpon
6,703,p1,1434,dragapult-dusknoir,0864,mega-venusaur-ex
6,704,p1,0095,grimmsnarl-froslass,0512,gholdengo-lunatone
6,705,p2,0961,dragapult-dusknoir,1055,gardevoir-jellicent
6,706,p1,0051,gardevoir-ex-sv,1416,ogerpon-meganium
6,707,p1,0255,gholdengo-lunatone,1358,dragapult-dusknoir
6,708,p1,0034,tera-box,0715,dragapult-dusknoir
6,709,p1,1301,dragapult-dusknoir,1683,grimmsnarl-froslass
6,710,p1,0580,grimmsnarl-froslass,0191,dragapult-dusknoir
6,711,p2,0353,gardevoir-ex-sv,0647,dragapult-dusknoir
6,712,p2,0290,sharpedo-toxtricity,1686,gardevoir-jellicent
6,713,p1,0758,dragapult-dusknoir,1352,gardevoir-jellicent
6,714,p1,0458,gardevoir-jellicent,0228,charizard-pidgeot
6,715,tie,0514,hydrapple-ogerpon,1211,gardevoir-jellicent
6,716,p1,1620,charizard-pidgeot,1104,dragapult-ex
6,717,p1,1066,dragapult-charizard,0522,dragapult-charizard
6,718,p2,1323,gholdengo-lunatone,0245,conkeldurr-twm
6,719,tie,1374,lopunny-dusknoir,1681,dragapult-charizard
6,720,p1,0364,flareon-noctowl,1308,sharpedo-toxtricity
6,721,p1,1539,dragapult-dusknoir,0389,gardevoir-ex-sv
6,722,p2,0207,gardevoir-jellicent,1331,charizard-noctowl
6,723,p2,1655,sharpedo-toxtricity,1652,iron-hands-magneton
6,724,p2,0759,gardevoir-jellicent,0179,dragapult-dusknoir
6,725,p1,0240,charizard-pidgeot,0557,flareon-noctowl
6,726,p1,0028,alakazam-dudunsparce,0655,other
6,727,p2,1524,other,0423,sharpedo-toxtricity
6,728,p2,1214,dragapult-dusknoir,0414,raging-bolt-ogerpon
6,729,p1,0534,gholdengo-lunatone,0873,gholdengo-lunatone
6,730,p2,1239,espathra-xatu,0795,gholdengo-lunatone
6,731,p1,1178,raging-bolt-ogerpon,0328,dragapult-dusknoir
6,732,tie,0232,dragapult-charizard,0018,grimmsnarl-froslass
6,733,p1,1564,flareon-noctowl,1556,dragapult-dusknoir
6,734,p1,0887,gardevoir-jellicent,1361,gardevoir-jellicent
6,735,p1,0283,charizard-noctowl,0031,flareon-noctowl
6,736,p1,1609,?alakazam,0090,ceruledge-ex
6,737,p2,0832,gardevoir-jellicent,0781,flareon-noctowl
6,738,p2,0303,mega-sharpedo-ex,1130,tera-box
6,739,p2,0163,dragapult-dusknoir,0126,raging-bolt-ogerpon
6,740,double_loss,1160,charizard-pidgeot,1571,charizard-noctowl
6,741,tie,1448,marnie-grimmsnarl-ex,0934,raging-bolt-ogerpon
6,742,p2,0351,alakazam-dudunsparce,0970,gardevoir-jellicent
6,743,p2,0574,alakazam-dudunsparce,0433,gholdengo-lunatone
6,744,p2,0213,lopunny-dusknoir,1094,dragapult-dusknoir
6,745,p2,0199,raging-bolt-ogerpon,0085,charizard-noctowl
6,746,tie,1145,ethan-typhlosion,0853,gardevoir-jellicent
6,747,p2,0827,joltik-box,1493,grimmsnarl-froslass
6,748,p2,0990,dragapult-charizard,1065,gardevoir-jellicent
6,749,p2,0040,n-zoroark,0047,dragapult-dusknoir
6,750,p2,1131,ceruledge-ex,1366,joltik-box
6,751,p1,1059,ethan-typhlosion,0609,dragapult-dusknoir
6,752,p2,0940,gholdengo-lunatone,1605,kangaskhan-bouffalant
6,753,p1,1357,raging-bolt-ogerpon,0925,yanmega-ex
6,754,p1,0102,charizard-pidgeot,0503,gholdengo-lunatone
6,755,p1,0823,kangaskhan-bouffalant,1180,hydreigon-ex
6,756,p2,0773,grimmsnarl-froslass,0470,gardevoir-jellicent
6,757,p1,1236,mega-absol-box,0039,tyranitar-jtg
6,758,p1,0042,lopunny-dusknoir,0540,mega-absol-box
6,759,p1,0735,gholdengo-lunatone,0528,greninja-ex
6,760,tie,1243,mega-absol-box,1362,gholdengo-ex
6,761,p2,1030,dragapult-dusknoir,0324,gardevoir-jellicent
6,762,double_loss,1397,dragapult-dusknoir,1376,raging-bolt-ogerpon
6,763,tie,1543,dragapult-charizard,0437,gardevoir-ex-sv
6,764,p1,1369,raging-bolt-ogerpon,0297,dragapult-dusknoir
6,765,tie,0558,charizard-pidgeot,0068,ceruledge-ex
6,766,p2,0086,raging-bolt-ex,0104,gardevoir-jellicent
6,767,p1,1590,gardevoir-jellicent,0549,slowking-scr
6,768,p2,0958,charizard-noctowl,1143,dragapult-dusknoir
6,769,p2,0159,charizard-pidgeot,1013,dragapult-dusknoir
6,770,p2,1368,dragapult-dusknoir,0398,ceruledge-ex
6,771,p2,1505,charizard-pidgeot,1663,gardevoir-jellicent
6,772,p2,0251,greninja-ex,0821,dragapult-dusknoir
6,841,p1,1678,gholdengo-lunatone,0465,charizard-noctowl
6,938,p1,0899,charizard-noctowl,0164,gardevoir-jellicent
6,,bye,0686,gardevoir-jellicent,,
6,,bye,1382,gardevoir-ex-sv,,
6,,bye,0088,gardevoir-jellicent,,
7,1,p2,1668,ceruledge-ex,1440,gardevoir-ex-sv
7,2,p2,1451,gholdengo-lunatone,0944,mega-absol-box
7,3,p2,0144,gardevoir-ex-sv,1133,gardevoir-jellicent
7,4,p2,1173,gardevoir-jellicent,1520,grimmsnarl-froslass
7,5,p2,1071,alakazam-dudunsparce,0665,raging-bolt-ogerpon
7,6,p2,1288,alakazam-dudunsparce,0133,gholdengo-lunatone
7,7,p1,0342,gardevoir-ex-sv,1248,gholdengo-lunatone
7,8,tie,1565,dragapult-dusknoir,0033,gardevoir-jellicent
7,9,p1,1530,dragapult-dusknoir,0718,gholdengo-lunatone
7,10,p2,0649,dragapult-dusknoir,1468,raging-bolt-ogerpon
7,11,p1,0329,dragapult-charizard,1203,dragapult-dusknoir
7,12,tie,1095,raging-bolt-ogerpon,0829,gardevoir-ex-sv
7,13,p1,0834,gholdengo-joltik-box,1103,iron-hands-magneton
7,14,p1,0415,charizard-pidgeot,1123,marnie-grimmsnarl-ex
7,15,p2,0484,gardevoir-ex-sv,0443,greninja-ex
7,16,p2,0278,gardevoir-jellicent,1159,gardevoir-ex-sv
7,17,tie,1235,gardevoir-ex-sv,1584,dragapult-charizard
7,18,p1,1666,gholdengo-lunatone,1651,dragapult-dusknoir
7,19,p1,1129,dragapult-dusknoir,1459,charizard-noctowl
7,20,p1,0623,gholdengo-lunatone,0562,kangaskhan-bouffalant
7,21,p2,1004,gardevoir-jellicent,0889,mega-absol-box
7,22,p2,1251,mega-absol-box,1628,gardevoir-ex-sv
7,23,tie,0748,grimmsnarl-froslass,0563,dragapult-ex
7,24,p2,0882,mega-absol-box,0632,alakazam-dudunsparce
7,25,p1,1639,dragapult-dusknoir,0215,charizard-pidgeot
7,26,tie,1572,gholdengo-lunatone,1125,grimmsnarl-froslass
7,27,p2,0611,gholdengo-lunatone,0281,mega-absol-box
7,28,tie,0307,pidgeot-control,0311,gholdengo-lunatone
7,29,p1,0552,gholdengo-lunatone,1195,gholdengo-lunatone
7,30,p1,1045,dragapult-dusknoir,0366,greninja-ex
7,31,tie,0397,charizard-noctowl,0222,charizard-noctowl
7,32,p2,0584,gardevoir-ex-sv,0784,charizard-noctowl
7,33,p2,0963,gardevoir-jellicent,0845,raging-bolt-ogerpon
7,34,p2,0405,raging-bolt-ogerpon,1209,gardevoir-ex-sv
7,35,p2,0420,ceruledge-ex,1367,gholdengo-lunatone
7,36,p2,0069,gholdengo-lunatone,1179,grimmsnarl-froslass
7,37,p1,1115,grimmsnarl-froslass,1378,charizard-noctowl
7,38,p2,0282,gholdengo-lunatone,1089,charizard-pidgeot
7,39,p2,0154,dragapult-dusknoir,0911,gholdengo-lunatone
7,40,p1,0170,gardevoir-ex-sv,0919,rocket-mewtwo-ex
7,41,tie,1579,dragapult-dusknoir,0625,n-zoroark
7,42,p1,1031,gholdengo-lunatone,0778,gardevoir-jellicent
7,43,p2,0714,raging-bolt-ogerpon,0895,gardevoir-jellicent
7,44,p1,0152,greninja-ex,1401,dragapult-dusknoir
7,45,p1,0685,dragapult-dusknoir,1175,?
7,46,p1,1241,dragapult-dusknoir,1474,joltik-box
7,47,p1,0249,dragapult-dusknoir,0551,?
7,48,p2,1036,gholdengo-lunatone,0587,tera-box
7,49,p1,0291,grimmsnarl-froslass,1155,dragapult-dusknoir
7,50,p2,1511,dragapult-dusknoir,0165,grimmsnarl-froslass
7,51,p1,1256,grimmsnarl-froslass,1453,lopunny-dusknoir
7,52,tie,0467,ethan-typhlosion,1140,gholdengo-lunatone
7,53,p2,1617,grimmsnarl-froslass,0802,raging-bolt-ogerpon
7,54,p1,0893,charizard-noctowl,0509,dragapult-dusknoir
7,55,p1,1373,dragapult-charizard,0472,kangaskhan-bouffalant
7,56,p2,0448,ceruledge-ex,1411,charizard-noctowl
7,57,p2,0237,ceruledge-ex,1616,joltik-box
7,58,p2,0713,gholdengo-lunatone,1216,gardevoir-jellicent
7,59,p2,1190,gardevoir-ex-sv,0296,gholdengo-lunatone
7,60,p1,0276,raging-bolt-ogerpon,1012,gardevoir-jellicent
7,61,tie,0697,dragapult-dusknoir,0972,dragapult-dusknoir
7,62,p1,0393,charizard-noctowl,0226,gholdengo-ex
7,63,p1,0886,gardevoir-ex-sv,0081,dragapult-dusknoir
7,64,p1,1484,gholdengo-lunatone,0660,grimmsnarl-froslass
7,65,p1,0079,gardevoir-jellicent,1476,raging-bolt-ogerpon
7,66,p2,1070,dragapult-dusknoir,0716,raging-bolt-ogerpon
7,67,tie,0664,dragapult-dusknoir,0839,dragapult-dusknoir
7,68,p2,1522,joltik-box,0100,gholdengo-lunatone
7,69,p1,1151,gholdengo-lunatone,0517,gholdengo-lunatone
7,70,p1,1139,gardevoir-jellicent,0212,dragapult-dusknoir
7,71,p2,0730,gardevoir-jellicent,0494,charizard-noctowl
7,72,p2,1597,charizard-noctowl,1156,dragapult-dusknoir
7,73,p1,0371,gholdengo-lunatone,0553,charizard-noctowl
7,74,p1,0400,dragapult-dusknoir,0323,charizard-noctowl
7,75,p1,0870,dragapult-dusknoir,1546,gardevoir-jellicent
7,76,p1,0380,pidgeot-control,1275,charizard-noctowl
7,77,p2,0708,gardevoir-ex-sv,0800,gholdengo-lunatone
7,78,p2,0754,dragapult-charizard,0349,gardevoir-ex-sv
7,79,p1,1319,gholdengo-lunatone,1482,grimmsnarl-froslass
7,80,p1,1670,charizard-noctowl,0208,charizard-noctowl
7,81,p2,1647,dragapult-dusknoir,1261,crustle-dri
7,82,tie,1435,grimmsnarl-froslass,1413,dragapult-dusknoir
7,83,p2,1120,dragapult-dusknoir,0785,dragapult-charizard
7,84,p2,0004,charizard-noctowl,0032,tera-box
7,85,p2,0027,grimmsnarl-froslass,1487,dragapult-dusknoir
7,86,p1,0107,gardevoir-jellicent,0629,dragapult-dusknoir
7,87,tie,0766,greninja-ex,0604,gardevoir-ex-sv
7,88,p1,0666,gardevoir-jellicent,1088,gardevoir-ex-sv
7,89,p2,1645,iron-hands-magneton,0103,charizard-noctowl
7,90,p2,1428,manectric-eelektrik,0859,dragapult-dusknoir
7,91,tie,1346,gholdengo-lunatone,0742,gardevoir-jellicent
7,92,p2,0284,joltik-box,0756,gholdengo-lunatone
7,93,p1,1458,gholdengo-lunatone,1144,dragapult-dusknoir
7,94,p1,1158,kangaskhan-bouffalant,0607,dragapult-dusknoir
7,95,tie,0327,dragapult-dusknoir,0206,gardevoir-jellicent
7,96,tie,1204,gholdengo-lunatone,0975,gardevoir-jellicent
7,97,p1,0896,dragapult-dusknoir,0451,gholdengo-joltik-box
7,98,p1,0530,charizard-noctowl,1355,gholdengo-lunatone
7,99,p1,0196,gardevoir-jellicent,0138,iron-hands-magneton
7,100,p1,1285,n-zoroark,1495,gholdengo-lunatone
7,101,p1,1107,froslass-munkidori,0499,grimmsnarl-froslass
7,102,p2,0374,gholdengo-lunatone,0582,charizard-noctowl
7,103,p2,0932,alakazam-dudunsparce,0833,gardevoir-ex-sv
7,104,tie,1191,?,1380,gholdengo-lunatone
7,105,p2,0074,iron-hands-magneton,0541,gardevoir-ex-sv
7,106,p2,1328,gardevoir-ex-sv,1091,grimmsnarl-froslass
7,107,p1,0535,gholdengo-lunatone,0719,raging-bolt-ogerpon
7,108,p2,1257,gholdengo-lunatone,1386,dragapult-dusknoir
7,109,p1,0637,gholdengo-joltik-box,0129,charizard-noctowl
7,110,tie,0891,gholdengo-lunatone,0965,raging-bolt-ogerpon
7,111,p2,1599,gholdengo-lunatone,1461,gholdengo-lunatone
7,112,p1,0475,dragapult-dusknoir,1278,gholdengo-joltik-box
7,113,p1,0828,gardevoir-ex-sv,0760,kangaskhan-bouffalant
7,114,p2,1202,dragapult-dusknoir,0134,dragapult-dusknoir
7,115,p2,1673,gholdengo-lunatone,1182,dragapult-dusknoir
7,116,p1,0702,dragapult-charizard,0588,charizard-noctowl
7,117,p1,0035,dragapult-dusknoir,1408,gardevoir-ex-sv
7,118,p2,0003,charizard-noctowl,1003,raging-bolt-ogerpon
7,119,p2,0620,charizard-noctowl,0401,iron-hands-magneton
7,120,p1,1168,charizard-noctowl,1394,iron-hands-magneton
7,121,p1,0115,grimmsnarl-froslass,1100,mega-lucario-ex
7,122,p1,1481,dragapult-dusknoir,0819,charizard-noctowl
7,123,p1,1208,charizard-noctowl,1339,ho-oh-armarouge
7,124,p1,0995,gholdengo-lunatone,0971,gholdengo-lunatone
7,125,tie,0656,gardevoir-jellicent,0794,gardevoir-jellicent
7,126,p2,0581,gardevoir-ex-sv,0598,ceruledge-ex
7,127,p1,0197,raging-bolt-ogerpon,1612,lopunny-dusknoir
7,128,p2,0837,charizard-noctowl,0546,grimmsnarl-froslass
7,129,p1,0806,gardevoir-ex-sv,1114,dragapult-dusknoir
7,130,p2,0320,dragapult-dusknoir,0384,gardevoir-jellicent
7,131,tie,0880,charizard-pidgeot,1027,raging-bolt-ogerpon
7,132,p2,1225,seaking-pre,1188,dragapult-dusknoir
7,133,p1,0860,dragapult-dusknoir,0216,iron-hands-magneton
7,134,p1,0507,lopunny-dusknoir,0822,charizard-pidgeot
7,135,p2,0203,lucario-hariyama,0617,raging-bolt-ogerpon
7,136,p2,0317,gholdengo-lunatone,1365,mega-absol-box
7,137,p1,0385,gholdengo-lunatone,0434,dragapult-dusknoir
7,138,p2,0997,charizard-noctowl,0657,charizard-noctowl
7,139,p2,0838,gardevoir-ex-sv,1566,ceruledge-ex
7,140,p2,0416,gardevoir-jellicent,0770,dragapult-dusknoir
7,141,p2,0571,charizard-noctowl,0696,dragapult-dusknoir
7,142,p2,1570,joltik-box,0852,gholdengo-ex
7,143,tie,1274,charizard-noctowl,0709,gholdengo-lunatone
7,144,p2,1390,raging-bolt-ogerpon,1471,dragapult-dusknoir
7,145,p2,0627,alakazam-dudunsparce,0639,charizard-pidgeot
7,146,p2,0413,dragapult-dusknoir,0270,charizard-noctowl
7,147,p1,1312,raging-bolt-ogerpon,0663,gholdengo-lunatone
7,148,tie,0521,dragapult-dusknoir,1102,raging-bolt-ogerpon
7,149,p1,0978,gholdengo-lunatone,0200,dragapult-dusknoir
7,150,p2,0764,gholdengo-lunatone,0356,grimmsnarl-froslass
7,151,p2,1672,gardevoir-jellicent,1568,charizard-pidgeot
7,152,p2,1559,gholdengo-lunatone,0425,gholdengo-lunatone
7,153,p2,0495,dragapult-dusknoir,0161,gholdengo-lunatone
7,154,p1,0897,gholdengo-lunatone,0761,dragapult-dusknoir
7,155,p2,0933,iron-thorns-crustle,0309,raging-bolt-ogerpon
7,156,p2,1360,gholdengo-lunatone,1101,gholdengo-lunatone
7,157,p1,0594,gholdengo-lunatone,0504,hydreigon-ex
7,158,p1,0362,mega-absol-box,0711,dragapult-dusknoir
7,159,p2,0146,other,0242,joltik-box
7,160,tie,0044,charizard-pidgeot,1043,charizard-noctowl
7,161,p1,1098,gardevoir-jellicent,0426,gholdengo-lunatone
7,162,p1,0009,gardevoir-jellicent,0238,joltik-box
7,163,p2,1271,slowking-scr,1085,gholdengo-lunatone
7,164,p2,0810,gardevoir-jellicent,0431,charizard-pidgeot
7,165,p2,0771,dragapult-charizard,0378,raging-bolt-ogerpon
7,166,p1,1445,gholdengo-lunatone,1322,raging-bolt-ogerpon
7,167,p1,0020,charizard-pidgeot,0114,gardevoir-jellicent
7,168,p1,0460,mega-venusaur-ex,0354,dragapult-ex
7,169,p1,1333,grimmsnarl-froslass,1219,tera-box
7,170,p2,1642,charizard-noctowl,1536,grimmsnarl-froslass
7,171,p1,1351,charizard-noctowl,1266,gholdengo-lunatone
7,172,p1,0236,joltik-box,0813,dragapult-dusknoir
7,173,p1,0064,dragapult-dusknoir,0736,charizard-noctowl
7,174,p1,1330,charizard-noctowl,1210,gholdengo-lunatone
7,175,p1,0906,charizard-pidgeot,1381,cynthia-garchomp-ex
7,176,p1,0445,dragapult-dusknoir,0390,dragapult-dusknoir
7,177,p1,0868,gardevoir-jellicent,0285,raging-bolt-ogerpon
7,178,p2,1279,charizard-noctowl,0769,ursaluna-lunatone
7,179,p1,0258,charizard-noctowl,0046,gholdengo-lunatone
7,180,p2,0462,dragapult-dusknoir,1226,dragapult-dusknoir
7,181,p2,1689,gholdengo-lunatone,1624,dragapult-dusknoir
7,182,p2,0547,n-zoroark,0367,gardevoir-jellicent
7,183,p1,0386,gardevoir-ex-sv,1006,dragapult-dusknoir
7,184,p2,0942,gardevoir-ex-sv,0155,charizard-noctowl
7,185,p2,1433,gardevoir-jellicent,0849,gardevoir-jellicent
7,186,p1,0480,dragapult-charizard,0345,gardevoir-ex-sv
7,187,p1,0306,?,0917,dragapult-dusknoir
7,188,p2,0442,charizard-noctowl,1627,charizard-noctowl
7,189,p1,1465,dragapult-dusknoir,1193,gholdengo-lunatone
7,190,p2,1090,ceruledge-ex,0619,charizard-noctowl
7,191,p2,0999,mega-venusaur-ex,1038,gardevoir-jellicent
7,192,p1,1042,ethan-typhlosion,1254,n-zoroark
7,193,p2,1602,mega-venusaur-ex,1529,charizard-noctowl
7,194,p1,0060,dragapult-dusknoir,1402,gholdengo-lunatone
7,195,p2,1218,raging-bolt-ogerpon,0485,greninja-ex
7,196,p2,0330,dragapult-dusknoir,0435,charizard-pidgeot
7,197,p2,0863,gholdengo-lunatone,0652,dragapult-charizard
7,198,p1,1169,grimmsnarl-froslass,0957,charizard-noctowl
7,199,p1,0809,gholdengo-lunatone,0624,dragapult-dusknoir
7,200,p2,0489,gardevoir-jellicent,0075,gholdengo-lunatone
7,201,p1,1456,gholdengo-lunatone,1510,n-zoroark
7,202,p1,0273,gholdengo-lunatone,0231,charizard-pidgeot
7,203,p1,0227,dragapult-dusknoir,1419,dragapult-dusknoir
7,204,p2,0464,grimmsnarl-froslass,0950,dragapult-dusknoir
7,205,p1,0217,gardevoir-jellicent,1154,gardevoir-ex-sv
7,206,p1,1246,gholdengo-lunatone,0248,charizard-pidgeot
7,207,p1,1106,dragapult-dusknoir,0798,charizard-noctowl
7,208,double_loss,1233,?,0585,?
7,209,p2,0683,gholdengo-lunatone,0394,gardevoir-jellicent
7,210,p2,1335,greninja-ex,1576,dragapult-charizard
7,211,p1,0308,raging-bolt-ogerpon,0953,other
7,212,p2,1113,dragapult-dusknoir,0569,charizard-noctowl
7,213,p1,1635,sharpedo-toxtricity,0968,charizard-pidgeot
7,214,p2,0987,mega-absol-box,1615,raging-bolt-ogerpon
7,215,tie,0610,archaludon-ex,0404,dragapult-charizard
7,216,p2,0287,charizard-noctowl,0753,dragapult-dusknoir
7,217,p1,0654,gholdengo-lunatone,1127,raging-bolt-ogerpon
7,218,p2,0145,gholdengo-lunatone,0676,joltik-box
7,219,p2,0796,raging-bolt-ogerpon,1364,dragapult-dusknoir
7,220,p2,1653,gardevoir-jellicent,1337,raging-bolt-ogerpon
7,221,p2,0597,charizard-noctowl,0370,mega-absol-box
7,222,p2,0183,mega-absol-box,0479,charizard-noctowl
7,223,p2,0993,flareon-noctowl,0691,gholdengo-lunatone
7,224,p1,0252,tera-box,1287,gholdengo-lunatone
7,225,p1,0826,dragapult-dusknoir,0537,greninja-ex
7,226,p2,0635,dragapult-dusknoir,0831,mega-absol-box
7,227,p1,0392,alakazam-dudunsparce,1417,gardevoir-ex-sv
7,228,p1,0884,crustle-dri,1263,gholdengo-lunatone
7,229,p2,1084,gholdengo-lunatone,0473,n-zoroark
7,230,p2,0298,charizard-noctowl,0201,gholdengo-lunatone
7,231,p2,0529,gholdengo-lunatone,0135,gholdengo-lunatone
7,232,p1,0527,raging-bolt-ogerpon,1148,cynthia-garchomp-ex
7,233,p2,1523,kangaskhan-bouffalant,0025,gardevoir-jellicent
7,234,p1,1292,dragapult-dusknoir,0193,slaking-ex
7,235,p1,0866,tera-box,0539,gholdengo-lunatone
7,236,p2,0955,dragapult-dusknoir,0905,dragapult-charizard
7,237,p1,0915,gholdengo-lunatone,0804,gardevoir-jellicent
7,238,p1,1119,gholdengo-lunatone,0452,gardevoir-ex-sv
7,239,p2,1061,dragapult-dusknoir,0874,gholdengo-lunatone
7,240,p2,0037,dragapult-dusknoir,1626,ceruledge-ex
7,241,tie,1527,dragapult-dusknoir,0497,kangaskhan-bouffalant
7,242,p2,0486,charizard-pidgeot,0502,dragapult-dusknoir
7,243,p2,1648,dragapult-dusknoir,0898,charizard-noctowl
7,244,p2,1001,ceruledge-ex,1039,gholdengo-joltik-box
7,245,p1,1398,gardevoir-jellicent,1048,charizard-noctowl
7,246,p1,0189,raging-bolt-ogerpon,0966,grimmsnarl-froslass
7,247,p2,0021,pidgeot-control,1649,alakazam-meg
7,248,tie,0223,dragapult-dusknoir,1392,charizard-pidgeot
7,249,p2,1622,gholdengo-lunatone,1018,charizard-noctowl
7,250,p2,1384,charizard-pidgeot,0772,gholdengo-lunatone
7,251,p1,0141,charizard-noctowl,0737,charizard-noctowl
7,252,p1,1410,gholdengo-lunatone,0721,dragapult-dusknoir
7,253,p2,0732,n-zoroark,1586,gholdengo-lunatone
7,254,p2,0259,gholdengo-lunatone,0998,dragapult-dusknoir
7,255,p2,1563,raging-bolt-ogerpon,0914,gholdengo-lunatone
7,256,p1,0703,hydrapple-ogerpon,1588,seaking-pre
7,257,p2,1593,gardevoir-ex-sv,0456,gholdengo-lunatone
7,258,p1,1393,gholdengo-lunatone,1206,tera-box
7,259,p1,0333,raging-bolt-ogerpon,1567,gholdengo-lunatone
7,260,p1,1150,charizard-pidgeot,1532,charizard-noctowl
7,261,p2,1192,gardevoir-jellicent,1353,kangaskhan-bouffalant
7,262,p1,0078,charizard-noctowl,0593,raging-bolt-ogerpon
7,263,p2,1264,dragapult-dusknoir,1658,gardevoir-jellicent
7,264,p2,0017,gardevoir-ex-sv,0057,charizard-noctowl
7,265,p1,0973,dragapult-charizard,1345,charizard-noctowl
7,266,p1,0740,gholdengo-lunatone,0791,mega-absol-box
7,267,p2,0867,charizard-noctowl,1490,mega-absol-box
7,268,p2,1184,raging-bolt-ogerpon,1092,gholdengo-lunatone
7,269,p1,1578,charizard-noctowl,1146,charizard-pidgeot
7,270,p1,1415,charizard-noctowl,0555,n-zoroark
7,271,p1,1298,dragapult-dusknoir,1002,gardevoir-ex-sv
7,272,p1,1063,gardevoir-jellicent,1026,flareon-noctowl
7,273,p2,0264,grimmsnarl-froslass,0939,gardevoir-jellicent
7,274,tie,0589,n-zoroark,0268,charizard-noctowl
7,275,p1,1421,alakazam-dudunsparce,1403,mega-absol-box
7,276,p2,1118,gardevoir-jellicent,0399,dragapult-dusknoir
7,277,p1,1075,gholdengo-lunatone,1491,gholdengo-lunatone
7,278,p1,0373,tera-box,0184,dragapult-dusknoir
7,279,p2,0153,charizard-noctowl,0321,cynthia-garchomp-ex
7,280,p2,0294,raging-bolt-ogerpon,1032,gholdengo-lunatone
7,281,p1,1149,charizard-noctowl,0244,gardevoir-jellicent
7,282,p2,0116,charizard-noctowl,0847,conkeldurr-twm
7,283,p2,0054,dragapult-dusknoir,0463,raging-bolt-ogerpon
7,284,tie,0850,charizard-ex,1244,gholdengo-lunatone
7,285,p1,0923,dragapult-dusknoir,0148,gholdengo-lunatone
7,286,p1,1060,gholdengo-lunatone,0176,charizard-dragapult
7,287,p2,0301,grimmsnarl-froslass,0325,tera-box
7,288,p1,0710,gholdengo-lunatone,0089,dragapult-dusknoir
7,289,p2,0487,gholdengo-lunatone,1387,?
7,290,p1,0724,iron-hands-magneton,0304,gholdengo-lunatone
7,291,p1,0041,dragapult-dusknoir,1121,dragapult-dusknoir
7,292,tie,1317,flareon-noctowl,1286,charizard-pidgeot
7,293,p1,1388,mega-absol-box,0299,dragapult-dusknoir
7,294,p1,1548,gholdengo-lunatone,0780,gholdengo-lunatone
7,295,p2,0289,dragapult-dusknoir,0272,dragapult-dusknoir
7,296,tie,1093,dragapult-dusknoir,0943,dragapult-dusknoir
7,297,p1,0131,dragapult-dusknoir,0948,gardevoir-jellicent
7,298,p1,1657,gholdengo-lunatone,0642,charizard-noctowl
7,299,p2,0962,charizard-pidgeot,1242,n-zoroark
7,300,p2,1165,lopunny-dusknoir,1400,ceruledge-ex
7,301,p1,0653,gholdengo-joltik-box,0262,dragapult-dusknoir
7,302,p1,1255,gholdengo-lunatone,0339,gardevoir-ex-sv
7,303,p2,0840,dragapult-dusknoir,0101,gardevoir-jellicent
7,304,p1,0576,dragapult-charizard,1028,gholdengo-lunatone
7,305,p1,0583,dragapult-dusknoir,1332,charizard-noctowl
7,306,p1,1273,gardevoir-jellicent,0097,alakazam-dudunsparce
7,307,p2,1545,dragapult-dusknoir,1137,dragapult-dusknoir
7,308,p2,1375,greninja-ex,0924,gholdengo-lunatone
7,309,p1,1473,dragapult-dusknoir,0113,charizard-noctowl
7,310,p1,0322,dragapult-dusknoir,0109,ceruledge-ex
7,311,p1,1538,dragapult-dusknoir,0014,charizard-noctowl
7,312,p1,1087,cynthia-garchomp-ex,0885,ceruledge-ex
7,313,p2,0945,dragapult-dusknoir,1350,dragapult-dusknoir
7,314,p1,1379,mega-absol-box,0712,ceruledge-ex
7,315,p2,0722,dragapult-dusknoir,0326,dragapult-dusknoir
7,316,p1,1252,charizard-pidgeot,0048,lopunny-dusknoir
7,317,p2,1414,gholdengo-lunatone,1469,charizard-noctowl
7,318,p2,0698,mega-absol-box,0427,gholdengo-lunatone
7,319,p2,1132,dragapult-dusknoir,0429,alakazam-dudunsparce
7,320,p2,1316,mega-absol-box,1229,gholdengo-lunatone
7,321,p2,0488,alakazam-dudunsparce,0166,lopunny-dusknoir
7,322,p2,1595,gardevoir-jellicent,1674,charizard-noctowl
7,323,tie,1447,gholdengo-lunatone,1234,gholdengo-lunatone
7,324,p2,1466,mega-absol-box,0391,dragapult-dusknoir
7,325,p2,1550,gholdengo-lunatone,0706,grimmsnarl-froslass
7,326,p1,1675,gardevoir-ex-sv,0910,dragapult-charizard
7,327,p1,0312,sharpedo-toxtricity,0147,ceruledge-ex
7,328,p1,0120,crustle-dri,0776,mega-absol-box
7,329,p1,1124,gholdengo-lunatone,0015,dragapult-dusknoir
7,330,tie,0767,n-zoroark,1499,gardevoir-ex-sv
7,331,p1,0872,dragapult-dusknoir,0603,lucario-hariyama
7,332,p1,0277,festival-lead,1305,gardevoir-jellicent
7,333,p2,0904,raging-bolt-ogerpon,0941,slaking-ex
7,334,p1,0568,kangaskhan-bouffalant,0140,greninja-ex
7,335,p2,0907,terapagos-noctowl,0149,gholdengo-lunatone
7,336,tie,1343,dragapult-dusknoir,0621,grimmsnarl-froslass
7,337,tie,1304,charizard-pidgeot,0679,tera-box
7,338,p1,0688,dragapult-dusknoir,1040,gholdengo-lunatone
7,339,p1,1281,raging-bolt-ogerpon,0066,alakazam-dudunsparce
7,340,p2,0417,raging-bolt-ogerpon,0793,gholdengo-lunatone
7,341,p2,0774,dragapult-dusknoir,0936,gholdengo-lunatone
7,342,p1,0275,dragapult-charizard,0739,okidogi-ex
7,343,p1,0313,lopunny-dusknoir,1418,ceruledge-ex
7,344,p1,0946,cynthia-garchomp-ex,0430,dragapult-dusknoir
7,345,tie,0531,charizard-noctowl,0689,ethan-typhlosion
7,346,p1,0631,gardevoir-ex-sv,1134,charizard-pidgeot
7,347,p2,0167,dragapult-dusknoir,0668,flareon-noctowl
7,348,p2,1594,lucario-hariyama,0841,charizard-ex
7,349,p1,0247,seaking-pre,1260,gholdengo-lunatone
7,350,tie,0210,tera-box,1116,charizard-noctowl
7,351,p1,1496,tera-box,0188,charizard-pidgeot
7,352,p1,1426,charizard-pidgeot,1569,alakazam-dudunsparce
7,353,p1,1640,gholdengo-lunatone,0440,gholdengo-lunatone
7,354,p1,0177,charizard-noctowl,1497,raging-bolt-ogerpon
7,355,p1,0591,raging-bolt-ogerpon,1540,dragapult-dusknoir
7,356,p1,1531,tera-box,1247,ceruledge-ex
7,357,p2,0561,iron-hands-magneton,1163,joltik-box
7,358,p2,0900,dragapult-blaziken,0439,mega-absol-box
7,359,p2,1582,ethan-typhlosion,0673,gardevoir-jellicent
7,360,p1,1557,dragapult-charizard,0274,gardevoir-ex-sv
7,361,p1,0554,flareon-noctowl,0369,charizard-noctowl
7,362,p1,1072,grimmsnarl-froslass,0230,ceruledge-ex
7,363,p1,0570,charizard-noctowl,1600,raging-bolt-ogerpon
7,364,p2,1486,dragapult-dusknoir,0855,gardevoir-jellicent
7,365,tie,1506,ceruledge-ex,1228,gholdengo-lunatone
7,366,p1,1618,kangaskhan-bouffalant,0254,ethan-typhlosion
7,367,p2,1136,gholdengo-lunatone,1449,flareon-noctowl
7,368,p2,1535,raging-bolt-ogerpon,1359,gardevoir-jellicent
7,369,tie,0851,dragapult-dusknoir,1128,gholdengo-lunatone
7,370,p1,0122,gardevoir-ex-sv,1164,ursaluna-lunatone
7,371,tie,0723,gholdengo-lunatone,0985,gardevoir-ex-sv
7,372,p1,0599,charizard-pidgeot,1141,charizard-pidgeot
7,373,p2,0510,dragapult-charizard,1646,dragapult-dusknoir
7,374,p2,0441,ceruledge-ex,1583,gardevoir-jellicent
7,375,tie,0677,charizard-noctowl,1621,dragapult-dusknoir
7,376,p2,0187,charizard-noctowl,1601,dragapult-dusknoir
7,377,p2,0606,sharpedo-toxtricity,0182,gardevoir-ex-sv
7,378,p1,0913,raging-bolt-ogerpon,1370,joltik-box
7,379,tie,0340,gholdengo-lunatone,1329,gholdengo-lunatone
7,380,p1,1492,dragapult-charizard,1575,dragapult-dusknoir
7,381,p1,0786,charizard-noctowl,0070,gardevoir-jellicent
7,382,p1,0645,dragapult-dusknoir,0682,dragapult-dusknoir
7,383,p2,1636,gholdengo-lunatone,0927,gholdengo-lunatone
7,384,tie,0921,gardevoir-ex-sv,1196,charizard-noctowl
7,385,p1,1294,mega-venusaur-ex,0383,n-zoroark
7,386,p1,0261,raging-bolt-ogerpon,0805,gholdengo-lunatone
7,387,p1,1517,gholdengo-lunatone,0525,grimmsnarl-froslass
7,388,p1,1053,charizard-noctowl,0680,gholdengo-lunatone
7,389,p2,1186,joltik-box,1654,dragapult-dusknoir
7,390,p1,0421,raging-bolt-ogerpon,0490,tinkaton-ex
7,391,p1,0358,ethan-typhlosion,1170,alakazam-dudunsparce
7,392,p1,0918,gholdengo-lunatone,0239,dragapult-charizard
7,393,p1,0112,iron-hands-magneton,1283,joltik-box
7,394,tie,1325,mega-absol-box,1577,dragapult-dusknoir
7,395,p2,0171,gardevoir-ex-sv,1555,joltik-box
7,396,p1,0446,gholdengo-lunatone,1485,n-zoroark
7,397,p1,1406,dragapult-dusknoir,1258,ceruledge-ex
7,398,p1,0406,rocket-mewtwo-ex,1110,gardevoir-jellicent
7,399,p2,0080,gholdengo-lunatone,1399,dragapult-dusknoir
7,400,p2,0983,charizard-noctowl,0491,gardevoir-jellicent
7,401,p2,0363,gholdengo-lunatone,0613,n-zoroark
7,402,p1,1629,flareon-noctowl,1201,n-zoroark
7,403,p2,0190,joltik-box,1181,charizard-noctowl
7,404,p1,0428,dragapult-dusknoir,0186,raging-bolt-ogerpon
7,405,p2,0775,gholdengo-lunatone,0117,n-zoroark
7,406,p1,0909,gholdengo-lunatone,0744,iron-hands-magneton
7,407,p1,0436,gholdengo-lunatone,1589,dragapult-dusknoir
7,408,p2,1641,gholdengo-lunatone,0347,alakazam-dudunsparce
7,409,p2,1321,dragapult-dusknoir,1126,n-zoroark
7,410,p2,1222,flareon-noctowl,0538,charizard-pidgeot
7,411,p2,1082,raging-bolt-ogerpon,0518,raging-bolt-ogerpon
7,412,p1,1676,kangaskhan-bouffalant,1528,gardevoir-ex-sv
7,413,p1,0879,mega-absol-box,0376,ceruledge-ex
7,414,p1,0726,dragapult-dusknoir,0492,dragapult-dusknoir
7,415,p1,0515,ceruledge-ex,0474,lopunny-dusknoir
7,416,p1,0336,gholdengo-lunatone,0098,raging-bolt-ogerpon
7,417,p2,1068,lopunny-dusknoir,1050,gholdengo-lunatone
7,418,p1,1498,gholdengo-lunatone,0478,ceruledge-ex
7,419,p1,1231,dragapult-dusknoir,0862,greninja-ex
7,420,p1,1525,gardevoir-ex-sv,1033,charizard-pidgeot
7,421,double_loss,1064,gholdengo-lunatone,0302,gardevoir-jellicent
7,422,p1,1395,dragapult-charizard,0792,gardevoir-jellicent
7,423,p2,1644,gholdengo-lunatone,0043,gardevoir-ex-sv
7,424,p2,1284,charizard-pidgeot,0052,gholdengo-lunatone
7,425,p2,1049,dragapult-dusknoir,1385,charizard-noctowl
7,426,p2,0125,charizard-pidgeot,1096,gardevoir-jellicent
7,427,p2,0300,mega-venusaur-ex,1238,charizard-noctowl
7,428,p1,1076,gardevoir-ex-sv,0061,n-zoroark
7,429,p2,1427,gholdengo-lunatone,1515,gholdengo-joltik-box
7,430,p1,0174,toxtricity-pfl,1135,charizard-noctowl
7,431,p2,0457,crustle-dri,1659,gholdengo-lunatone
7,432,p1,0830,dragapult-dusknoir,1083,gardevoir-jellicent
7,433,p2,1189,raging-bolt-ogerpon,0214,gardevoir-ex-sv
7,434,p1,0023,dragapult-dusknoir,0482,charizard-noctowl
7,435,p2,1017,n-zoroark,0450,dragapult-dusknoir
7,436,tie,1014,mega-absol-box,0279,toedscruel-ex
7,437,p2,1504,charizard-noctowl,0246,gardevoir-jellicent
7,438,p1,0454,lopunny-dusknoir,1069,charizard-noctowl
7,439,p1,1310,raging-bolt-ogerpon,1299,gardevoir-jellicent
7,440,p1,1671,raging-bolt-ogerpon,0121,kangaskhan-bouffalant
7,441,p1,1625,gholdengo-lunatone,1073,charizard-noctowl
7,442,p1,0902,hydrapple-ogerpon,0801,charizard-noctowl
7,443,tie,0938,gardevoir-jellicent,0633,raging-bolt-ogerpon
7,444,p2,0205,manectric-eelektrik,0577,grimmsnarl-froslass
7,445,p2,1147,gholdengo-lunatone,0815,gholdengo-lunatone
7,446,p1,0292,joltik-box,1464,dragapult-dusknoir
7,447,p2,1669,dragapult-dusknoir,0751,grimmsnarl-froslass
7,448,p1,0209,dragapult-dusknoir,0614,gholdengo-lunatone
7,449,p2,0455,gardevoir-ex-sv,1224,dragapult-dusknoir
7,450,p2,1097,dragapult-dusknoir,1220,tera-box
7,451,p1,1431,gholdengo-lunatone,0192,mega-absol-box
7,452,tie,0111,dragapult-dusknoir,0878,grimmsnarl-froslass
7,453,p1,0693,charizard-noctowl,0045,ceruledge-ex
7,454,p2,0986,alakazam-dudunsparce,1534,charizard-noctowl
7,455,p1,1423,gardevoir-jellicent,1405,alakazam-dudunsparce
7,456,p1,0808,raging-bolt-ogerpon,1015,n-zoroark
7,457,p1,0224,dragapult-dusknoir,0178,dragapult-charizard
7,458,tie,1439,dragapult-dusknoir,0123,lucario-hariyama
7,459,p1,0382,dragapult-dusknoir,0137,dragapult-dusknoir
7,460,tie,0700,gardevoir-jellicent,0511,dragapult-dusknoir
7,461,tie,0861,miraidon-eelektrik,0332,charizard-pidgeot
7,462,p1,0005,gholdengo-lunatone,1240,raging-bolt-ogerpon
7,463,tie,0157,gholdengo-lunatone,1587,gholdengo-lunatone
7,464,double_loss,1372,gholdengo-lunatone,0409,lucario-hariyama
7,465,tie,0559,gholdengo-lunatone,0684,charizard-pidgeot
7,466,p2,1117,gholdengo-lunatone,0743,gholdengo-lunatone
7,467,p1,1526,joltik-box,0072,charizard-pidgeot
7,468,p2,0747,n-zoroark,0128,tera-box
7,469,p1,1306,raging-bolt-ogerpon,0346,gardevoir-ex-sv
7,470,p2,1194,dragapult-dusknoir,1443,gholdengo-lunatone
7,471,p1,1521,flareon-noctowl,0790,gardevoir-jellicent
7,472,p2,1407,charizard-pidgeot,0817,gholdengo-dragapult
7,473,p2,0173,raging-bolt-ogerpon,0063,charizard-noctowl
7,474,p1,1167,dragapult-dusknoir,0644,gardevoir-jellicent
7,475,p1,0084,gholdengo-lunatone,1613,charizard-noctowl
7,476,tie,0387,alakazam-dudunsparce,0180,gholdengo-ex
7,477,p2,0357,gardevoir-jellicent,0220,n-zoroark
7,478,p1,1396,gholdengo-lunatone,0011,raging-bolt-ogerpon
7,479,p1,1541,ceruledge-ex,1153,gholdengo-lunatone
7,480,p1,1041,gholdengo-lunatone,1665,flareon-noctowl
7,481,p2,1295,mega-absol-box,0424,gholdengo-ex
7,482,p1,1217,manectric-eelektrik,0316,mega-camerupt-ex
7,483,p2,1503,dragapult-dusknoir,1253,dragapult-dusknoir
7,484,p1,0500,other,0419,gholdengo-lunatone
7,485,p1,0935,gardevoir-jellicent,0650,dragapult-dusknoir
7,486,p1,0198,gholdengo-lunatone,0728,dragapult-dusknoir
7,487,p2,0658,gholdengo-lunatone,1404,dragapult-dusknoir
7,488,p1,0093,mega-absol-box,1320,grimmsnarl-froslass
7,489,tie,0083,dragapult-dusknoir,1111,dragapult-dusknoir
7,490,p1,1643,dragapult-charizard,0024,lopunny-dusknoir
7,491,p1,0979,gardevoir-ex-sv,0082,raging-bolt-ogerpon
7,492,p2,1606,charizard-noctowl,1347,dragapult-dusknoir
7,493,p1,1280,flareon-noctowl,1436,tyranitar-jtg
7,494,p1,1634,charizard-pidgeot,0630,gardevoir-jellicent
7,495,p1,0605,dragapult-dusknoir,1277,charizard-noctowl
7,496,p1,0253,mega-absol-box,0516,grimmsnarl-froslass
7,497,p2,0992,charizard-pidgeot,0787,charizard-noctowl
7,498,p1,1289,flareon-noctowl,0811,mega-venusaur-ex
7,499,p2,0444,dragapult-dusknoir,0412,dragapult-dusknoir
7,500,p1,0977,mega-absol-box,1679,ceruledge-ex
7,501,tie,1475,roaring-moon-ex,0741,gholdengo-lunatone
7,502,p1,1200,charizard-pidgeot,1005,gardevoir-jellicent
7,503,p1,0055,n-zoroark,1055,gardevoir-jellicent
7,504,p2,1198,charizard-noctowl,0418,dragapult-charizard
7,505,p1,0269,charizard-noctowl,1514,gholdengo-lunatone
7,506,tie,0994,ceruledge-ex,1187,charizard-noctowl
7,507,p2,0757,mega-absol-box,1537,archaludon-ex
7,508,p2,0019,raging-bolt-ogerpon,1301,dragapult-dusknoir
7,509,p2,1077,grimmsnarl-froslass,0988,mega-venusaur-ex
7,510,p2,1479,cynthia-garchomp-ex,1212,raging-bolt-ogerpon
7,511,p2,0982,dragapult-dusknoir,1282,gardevoir-ex-sv
7,512,p1,0465,charizard-noctowl,1079,dragapult-dusknoir
7,513,p1,0158,gardevoir-jellicent,0543,gholdengo-lunatone
7,514,p1,1272,charizard-noctowl,1608,gholdengo-lunatone
7,515,p1,1558,ursaluna-lunatone,0062,ethan-typhlosion
7,516,p2,1454,gardevoir-jellicent,0536,alakazam-dudunsparce
7,517,p1,0110,greninja-ex,1074,gholdengo-joltik-box
7,518,p1,1383,gholdengo-lunatone,0127,dragapult-charizard
7,519,p2,1509,mega-absol-box,0705,n-zoroark
7,520,p2,0616,dragapult-dusknoir,1508,gholdengo-joltik-box
7,521,p2,0981,mega-venusaur-ex,0508,charizard-noctowl
7,522,tie,0818,charizard-noctowl,0402,other
7,523,p1,0095,grimmsnarl-froslass,1303,gardevoir-jellicent
7,524,p1,1249,mega-absol-box,1561,mega-absol-box
7,525,p1,0263,gardevoir-jellicent,0403,gholdengo-lunatone
7,526,p2,0595,charizard-pidgeot,1019,dragapult-dusknoir
7,527,p1,1008,dragapult-dusknoir,0012,gholdengo-joltik-box
7,528,p1,0704,gholdengo-lunatone,0869,raging-bolt-ogerpon
7,529,p1,0022,charizard-noctowl,0195,charizard-noctowl
7,530,p2,0169,raging-bolt-ogerpon,1262,ceruledge-ex
7,531,p1,0738,dragapult-dusknoir,0920,dragapult-dusknoir
7,532,p2,0954,gardevoir-ex-sv,0922,okidogi-ex
7,533,p1,1269,grimmsnarl-froslass,0836,gardevoir-jellicent
7,534,p2,0814,flareon-noctowl,0659,cynthia-garchomp-ex
7,535,p1,0825,ursaluna-lunatone,1430,n-zoroark
7,536,p2,0243,gholdengo-lunatone,1507,dragapult-dusknoir
7,537,p1,0331,toxtricity-pfl,1432,gardevoir-jellicent
7,538,p1,0807,gardevoir-jellicent,0360,charizard-noctowl
7,539,p1,1291,charizard-noctowl,1020,iron-hands-magneton
7,540,tie,1684,grimmsnarl-froslass,1604,dragapult-dusknoir
7,541,p2,0908,joltik-box,1177,ceruledge-ex
7,542,p2,0903,charizard-pidgeot,0746,charizard-noctowl
7,543,p2,0077,dragapult-dusknoir,0073,cynthia-garchomp-ex
7,544,double_loss,0235,charizard-noctowl,0782,gholdengo-lunatone
7,545,p1,0053,raging-bolt-ogerpon,0648,hydrapple-ogerpon
7,546,p1,0842,gholdengo-lunatone,0348,ceruledge-ex
7,547,tie,0848,hydrapple-ogerpon,0496,mega-venusaur-ex
7,548,p2,1690,joltik-box,0894,dragapult-dusknoir
7,549,p1,0779,gardevoir-ex-sv,1516,raging-bolt-ogerpon
7,550,p1,1000,charizard-noctowl,0118,dragapult-dusknoir
7,551,p1,1633,dragapult-dusknoir,0350,n-zoroark
7,552,p2,0991,mega-absol-box,0067,greninja-ex
7,553,p1,1489,gardevoir-jellicent,0267,dragapult-dusknoir
7,554,tie,0365,charizard-pidgeot,0056,ceruledge-ex
7,555,p2,1363,dragapult-dusknoir,0694,joltik-box
7,556,p1,1441,gardevoir-jellicent,1488,dragapult-dusknoir
7,557,p2,0601,dragapult-dusknoir,0548,ho-oh-armarouge
7,558,p2,1591,gardevoir-jellicent,0051,gardevoir-ex-sv
7,559,p2,1078,mega-absol-box,1007,lopunny-dusknoir
7,560,p1,0310,gholdengo-lunatone,0670,dragapult-dusknoir
7,561,p1,0151,dragapult-dusknoir,0255,gholdengo-lunatone
7,562,p1,1656,dragapult-dusknoir,1434,dragapult-dusknoir
7,563,p2,1142,hydrapple-ogerpon,1518,greninja-ex
7,564,p2,1044,charizard-pidgeot,0797,dragapult-dusknoir
7,565,p1,0854,charizard-noctowl,0265,gardevoir-jellicent
7,566,p1,1452,dragapult-dusknoir,1215,gholdengo-lunatone
7,567,p1,0628,gholdengo-lunatone,0225,gholdengo-lunatone
7,568,p1,0447,mega-absol-box,1223,manectric-eelektrik
7,569,p2,1596,gholdengo-lunatone,0318,ethan-typhlosion
7,570,p2,1313,n-zoroark,0600,grimmsnarl-froslass
7,571,p1,0865,gholdengo-lunatone,1035,charizard-pidgeot
7,572,p2,0477,mega-absol-box,0483,gardevoir-ex-sv
7,573,p1,0132,raging-bolt-ogerpon,1470,ho-oh-armarouge
7,574,p1,1010,charizard-pidgeot,1341,gardevoir-ex-sv
7,575,p1,1512,charizard-noctowl,1549,dragapult-dusknoir
7,576,p2,1051,gholdengo-lunatone,0143,gardevoir-ex-sv
7,577,tie,1650,flareon-noctowl,0034,tera-box
7,578,tie,0575,charizard-pidgeot,0256,dragapult-charizard
7,579,p2,0729,gardevoir-jellicent,1112,gholdengo-lunatone
7,580,tie,0532,dragapult-dusknoir,1265,raging-bolt-ogerpon
7,581,p2,0481,gardevoir-ex-sv,0969,raging-bolt-ogerpon
7,582,p1,1502,gardevoir-jellicent,1311,charizard-pidgeot
7,583,p1,0337,gardevoir-jellicent,0058,gholdengo-lunatone
7,584,p1,0219,gholdengo-lunatone,1065,gardevoir-jellicent
7,585,p1,1592,charizard-noctowl,1581,charizard-noctowl
7,586,p2,0162,dragapult-dusknoir,1250,gardevoir-jellicent
7,587,p2,1638,alakazam-dudunsparce,0245,conkeldurr-twm
7,588,p2,1493,grimmsnarl-froslass,1573,gardevoir-jellicent
7,589,p2,0556,flareon-noctowl,0179,dragapult-dusknoir
7,590,p1,1318,flareon-ex,0877,gardevoir-jellicent
7,591,p2,1080,sharpedo-toxtricity,0139,dragapult-dusknoir
7,592,p2,1094,dragapult-dusknoir,1478,cynthia-garchomp-ex
7,593,p2,0295,dragapult-dusknoir,1637,sharpedo-toxtricity
7,594,p1,0493,tera-box,0059,cynthia-garchomp-ex
7,595,p2,0533,gholdengo-lunatone,0344,festival-lead
7,596,p2,1412,alakazam-dudunsparce,1034,raging-bolt-ogerpon
7,597,p1,0314,cynthia-garchomp-ex,0545,dragapult-dusknoir
7,598,p1,0388,charizard-noctowl,0586,dragapult-charizard
7,599,p2,0768,dragapult-charizard,0423,sharpedo-toxtricity
7,600,tie,1207,gholdengo-lunatone,1480,gardevoir-jellicent
7,601,tie,0970,gardevoir-jellicent,0361,dragapult-dusknoir
7,602,p2,0564,forretress-ex,1620,charizard-pidgeot
7,603,p1,0647,dragapult-dusknoir,1664,gholdengo-lunatone
7,604,p1,1437,mega-venusaur-ex,1340,gholdengo-lunatone
7,605,tie,0364,flareon-noctowl,1268,charizard-noctowl
7,606,p2,0976,gholdengo-lunatone,0028,alakazam-dudunsparce
7,607,p1,1227,raging-bolt-ogerpon,0150,lucario-hariyama
7,608,p1,1472,raging-bolt-ex,0876,gholdengo-lunatone
7,609,p2,1462,gholdengo-lunatone,0959,n-zoroark
7,610,p1,0408,dragapult-dusknoir,1611,dragapult-dusknoir
7,611,tie,1185,dragapult-dusknoir,0634,mega-absol-box
7,612,p1,1460,gardevoir-jellicent,0602,gholdengo-lunatone
7,613,p2,1564,flareon-noctowl,0240,charizard-pidgeot
7,614,p2,1183,tera-box,0266,gholdengo-lunatone
7,615,p2,0687,raging-bolt-ogerpon,0283,charizard-noctowl
7,616,p2,1066,dragapult-charizard,0580,grimmsnarl-froslass
7,617,p2,1297,cynthia-garchomp-ex,0218,gardevoir-ex-sv
7,618,p1,1619,dragapult-dusknoir,0960,joltik-box
7,619,double_loss,1174,mega-absol-box,0026,charizard-pidgeot
7,620,p1,1574,dragapult-dusknoir,1598,other
7,621,p1,0749,dragapult-dusknoir,1609,?alakazam
7,622,p2,0901,alakazam-dudunsparce,1178,raging-bolt-ogerpon
7,623,p1,0578,tera-box,0433,gholdengo-lunatone
7,624,p2,1331,charizard-noctowl,1162,gardevoir-jellicent
7,625,p1,0501,dragapult-dusknoir,0396,charizard-noctowl
7,626,p2,1057,flareon-noctowl,0887,gardevoir-jellicent
7,627,p2,1425,charizard-noctowl,1054,gholdengo-lunatone
7,628,p2,1539,dragapult-dusknoir,0422,dragapult-dusknoir
7,629,p1,0781,flareon-noctowl,0974,flareon-noctowl
7,630,tie,1422,manectric-eelektrik,0126,raging-bolt-ogerpon
7,631,p1,0007,dragapult-dusknoir,1686,gardevoir-jellicent
7,632,double_loss,1603,?,0471,?
7,633,p1,0414,raging-bolt-ogerpon,1444,grimmsnarl-froslass
7,634,p1,0795,gholdengo-lunatone,0458,gardevoir-jellicent
7,635,p1,1267,gardevoir-jellicent,0534,gholdengo-lunatone
7,636,p1,0646,lucario-hariyama,1327,gholdengo-lunatone
7,637,p1,1067,raging-bolt-ogerpon,0085,charizard-noctowl
7,638,p1,0758,dragapult-dusknoir,0410,conkeldurr-twm
7,639,p1,1652,iron-hands-magneton,0812,n-zoroark
7,640,p1,0038,festival-lead,1236,mega-absol-box
7,641,p2,1152,mega-absol-box,0638,charizard-noctowl
7,642,tie,1056,cynthia-garchomp-ex,0102,charizard-pidgeot
7,643,p2,0375,dragapult-dusknoir,1357,raging-bolt-ogerpon
7,644,p2,1455,gholdengo-lunatone,0172,dragapult-dusknoir
7,645,p2,1270,lucario-hariyama,1688,gardevoir-jellicent
7,646,p1,0042,lopunny-dusknoir,0752,alakazam-dudunsparce
7,647,p2,0461,gardevoir-jellicent,0699,other
7,648,p1,1021,archaludon-ex,1237,charizard-noctowl
7,649,p1,1197,dragapult-dusknoir,0881,dragapult-dusknoir
7,650,p2,1630,sharpedo-toxtricity,0949,raging-bolt-ogerpon
7,651,p2,1424,flareon-noctowl,0175,reging-bolt-bellibolt
7,652,p1,1551,dragapult-dusknoir,0755,joltik-box
7,653,p2,0438,charizard-pidgeot,1562,raging-bolt-ogerpon
7,654,p1,0286,dragapult-charizard,0271,ethan-typhlosion
7,655,p2,0105,gardevoir-jellicent,1046,lucario-hariyama
7,656,double_loss,0803,gholdengo-lunatone,1580,raging-bolt-ogerpon
7,657,p1,0470,gardevoir-jellicent,0087,alakazam-dudunsparce
7,658,p1,1685,gholdengo-lunatone,1463,greninja-blaziken
7,659,p2,0750,ceruledge-ex,1059,ethan-typhlosion
7,660,tie,0505,charizard-noctowl,0735,gholdengo-lunatone
7,661,p2,1213,n-zoroark,0181,charizard-pidgeot
7,662,p1,1542,gardevoir-jellicent,1677,gardevoir-ex-sv
7,663,p2,0233,gardevoir-jellicent,0016,mega-absol-box
7,664,p1,0788,flareon-noctowl,0432,dragapult-dusknoir
7,665,p1,0106,alakazam-dudunsparce,1553,dragapult-dusknoir
7,666,p1,1366,joltik-box,0875,dragapult-dusknoir
7,667,p2,0202,mega-venusaur-ex,0823,kangaskhan-bouffalant
7,668,p1,0626,dragapult-charizard,0407,ursaluna-lunatone
7,669,p2,1483,grimmsnarl-froslass,0763,charizard-noctowl
7,670,p2,0164,gardevoir-jellicent,1605,kangaskhan-bouffalant
7,671,p2,1614,dragapult-dusknoir,0560,gardevoir-jellicent
7,672,p2,1205,tera-box,0047,dragapult-dusknoir
7,673,p2,0715,dragapult-dusknoir,1590,gardevoir-jellicent
7,674,tie,0088,gardevoir-jellicent,0640,dragapult-dusknoir
7,675,p1,1374,lopunny-dusknoir,1416,ogerpon-meganium
7,676,p2,0352,gardevoir-ex-sv,0288,n-zoroark
7,677,p2,0853,gardevoir-jellicent,0695,cynthia-garchomp-ex
7,678,p1,0681,gholdengo-ex,1467,ceruledge-ex
7,679,p1,0641,gholdengo-joltik-box,0379,gardevoir-jellicent
7,680,p2,0257,gardevoir-jellicent,0324,gardevoir-jellicent
7,681,p2,0544,gardevoir-jellicent,0232,dragapult-charizard
7,682,tie,1438,dragapult-dusknoir,1211,gardevoir-jellicent
7,683,p2,0334,dragapult-charizard,1585,grimmsnarl-froslass
7,684,p1,1161,dragapult-dusknoir,1307,charizard-pidgeot
7,685,p2,0651,charizard-noctowl,0892,gardevoir-jellicent
7,686,p2,0672,charizard-noctowl,1145,ethan-typhlosion
7,687,tie,0820,n-zoroark,1681,dragapult-charizard
7,688,p1,0996,gardevoir-jellicent,1314,gardevoir-ex-sv
7,689,p2,0514,hydrapple-ogerpon,1105,dragapult-dusknoir
7,690,p2,1143,dragapult-dusknoir,1058,dragapult-dusknoir
7,691,p1,0846,raging-bolt-ogerpon,0890,dragapult-dusknoir
7,692,p1,0984,dragapult-dusknoir,1369,raging-bolt-ogerpon
7,693,p2,1371,gardevoir-jellicent,1448,marnie-grimmsnarl-ex
7,694,p1,0934,raging-bolt-ogerpon,0359,charizard-pidgeot
7,695,p2,0542,joltik-box,0608,n-zoroark
7,696,p1,0745,hydrapple-ex,0104,gardevoir-jellicent
7,697,p2,0512,gholdengo-lunatone,0099,dragapult-charizard
7,698,p1,1382,gardevoir-ex-sv,0018,grimmsnarl-froslass
7,699,p2,0565,grimmsnarl-froslass,0163,dragapult-dusknoir
7,700,p2,0090,ceruledge-ex,1556,dragapult-dusknoir
7,701,p2,0557,flareon-noctowl,0398,ceruledge-ex
7,702,tie,1361,gardevoir-jellicent,0191,dragapult-dusknoir
7,703,p2,1104,dragapult-ex,0574,alakazam-dudunsparce
7,704,p1,1239,espathra-xatu,1323,gholdengo-lunatone
7,705,p1,0655,other,0389,gardevoir-ex-sv
7,706,p1,0821,dragapult-dusknoir,0199,raging-bolt-ogerpon
7,707,p1,1663,gardevoir-jellicent,1655,sharpedo-toxtricity
7,708,p2,1013,dragapult-dusknoir,1524,other
7,709,p2,1214,dragapult-dusknoir,0351,alakazam-dudunsparce
7,710,p1,0228,charizard-pidgeot,0031,flareon-noctowl
7,711,tie,0303,mega-sharpedo-ex,0990,dragapult-charizard
7,712,p1,0207,gardevoir-jellicent,0686,gardevoir-jellicent
7,713,tie,1352,gardevoir-jellicent,0832,gardevoir-jellicent
7,714,p1,0437,gardevoir-ex-sv,0609,dragapult-dusknoir
7,715,p1,1180,hydreigon-ex,0068,ceruledge-ex
7,716,p1,1362,gholdengo-ex,0503,gholdengo-lunatone
7,717,p1,0528,greninja-ex,0040,n-zoroark
7,718,tie,1131,ceruledge-ex,0558,charizard-pidgeot
7,719,p2,0540,mega-absol-box,1543,dragapult-charizard
7,720,p2,1243,mega-absol-box,0940,gholdengo-lunatone
7,721,p1,0958,charizard-noctowl,0086,raging-bolt-ex
7,722,p2,0549,slowking-scr,0297,dragapult-dusknoir
7,841,p2,0733,dragapult-dusknoir,1678,gholdengo-lunatone
7,938,p2,0937,gardevoir-jellicent,0899,charizard-noctowl
7,,bye,0251,greninja-ex,,
7,,bye,1505,charizard-pidgeot,,
8,1,p2,1440,gardevoir-ex-sv,1133,gardevoir-jellicent
8,2,tie,0944,mega-absol-box,0415,charizard-pidgeot
8,3,p1,0342,gardevoir-ex-sv,1468,raging-bolt-ogerpon
8,4,p2,0133,gholdengo-lunatone,0329,dragapult-charizard
8,5,p1,0665,raging-bolt-ogerpon,0834,gholdengo-joltik-box
8,6,p2,1530,dragapult-dusknoir,1520,grimmsnarl-froslass
8,7,p2,0552,gholdengo-lunatone,1129,dragapult-dusknoir
8,8,p1,1159,gardevoir-ex-sv,0784,charizard-noctowl
8,9,p2,0281,mega-absol-box,0443,greninja-ex
8,10,tie,1628,gardevoir-ex-sv,0623,gholdengo-lunatone
8,11,p2,1045,dragapult-dusknoir,0889,mega-absol-box
8,12,tie,1451,gholdengo-lunatone,0632,alakazam-dudunsparce
8,13,tie,1668,ceruledge-ex,0144,gardevoir-ex-sv
8,14,tie,1666,gholdengo-lunatone,1639,dragapult-dusknoir
8,15,p1,1173,gardevoir-jellicent,1565,dragapult-dusknoir
8,16,p1,1209,gardevoir-ex-sv,0033,gardevoir-jellicent
8,17,p1,0911,gholdengo-lunatone,1089,charizard-pidgeot
8,18,p1,0170,gardevoir-ex-sv,0829,gardevoir-ex-sv
8,19,p1,1095,raging-bolt-ogerpon,1179,grimmsnarl-froslass
8,20,p1,1115,grimmsnarl-froslass,1367,gholdengo-lunatone
8,21,p1,0845,raging-bolt-ogerpon,0380,pidgeot-control
8,22,tie,1158,kangaskhan-bouffalant,0484,gardevoir-ex-sv
8,23,p2,1373,dragapult-charizard,0079,gardevoir-jellicent
8,24,p2,0152,greninja-ex,1584,dragapult-charizard
8,25,p2,1031,gholdengo-lunatone,0296,gholdengo-lunatone
8,26,p2,0397,charizard-noctowl,0685,dragapult-dusknoir
8,27,p1,0165,grimmsnarl-froslass,1616,joltik-box
8,28,p2,1151,gholdengo-lunatone,1411,charizard-noctowl
8,29,p1,0649,dragapult-dusknoir,0870,dragapult-dusknoir
8,30,p1,0859,dragapult-dusknoir,0716,raging-bolt-ogerpon
8,31,tie,0393,charizard-noctowl,0100,gholdengo-lunatone
8,32,p1,0893,charizard-noctowl,1248,gholdengo-lunatone
8,33,p1,1156,dragapult-dusknoir,0032,tera-box
8,34,p2,0249,dragapult-dusknoir,0748,grimmsnarl-froslass
8,35,p2,0400,dragapult-dusknoir,1256,grimmsnarl-froslass
8,36,tie,1288,alakazam-dudunsparce,1071,alakazam-dudunsparce
8,37,p1,0371,gholdengo-lunatone,0587,tera-box
8,38,p1,0103,charizard-noctowl,0222,charizard-noctowl
8,39,p2,0800,gholdengo-lunatone,0307,pidgeot-control
8,40,p1,1203,dragapult-dusknoir,1261,crustle-dri
8,41,p2,0802,raging-bolt-ogerpon,0276,raging-bolt-ogerpon
8,42,tie,1458,gholdengo-lunatone,1123,marnie-grimmsnarl-ex
8,43,tie,0494,charizard-noctowl,1319,gholdengo-lunatone
8,44,tie,1241,dragapult-dusknoir,0718,gholdengo-lunatone
8,45,p2,1235,gardevoir-ex-sv,1139,gardevoir-jellicent
8,46,tie,0349,gardevoir-ex-sv,0756,gholdengo-lunatone
8,47,p2,0666,gardevoir-jellicent,1103,iron-hands-magneton
8,48,p1,0886,gardevoir-ex-sv,1487,dragapult-dusknoir
8,49,p2,1125,grimmsnarl-froslass,0895,gardevoir-jellicent
8,50,p1,1572,gholdengo-lunatone,1484,gholdengo-lunatone
8,51,p1,0311,gholdengo-lunatone,0107,gardevoir-jellicent
8,52,p1,0291,grimmsnarl-froslass,1216,gardevoir-jellicent
8,53,p2,1670,charizard-noctowl,0563,dragapult-ex
8,54,p1,0785,dragapult-charizard,0963,gardevoir-jellicent
8,55,p1,0270,charizard-noctowl,0584,gardevoir-ex-sv
8,56,tie,0806,gardevoir-ex-sv,1651,dragapult-dusknoir
8,57,tie,0860,dragapult-dusknoir,1195,gholdengo-lunatone
8,58,tie,0882,mega-absol-box,1168,charizard-noctowl
8,59,tie,1091,grimmsnarl-froslass,0385,gholdengo-lunatone
8,60,tie,1566,ceruledge-ex,0978,gholdengo-lunatone
8,61,tie,0196,gardevoir-jellicent,1312,raging-bolt-ogerpon
8,62,tie,0530,charizard-noctowl,1579,dragapult-dusknoir
8,63,tie,1188,dragapult-dusknoir,1481,dragapult-dusknoir
8,64,tie,0197,raging-bolt-ogerpon,1208,charizard-noctowl
8,65,tie,0896,dragapult-dusknoir,0657,charizard-noctowl
8,66,p2,0134,dragapult-dusknoir,0828,gardevoir-ex-sv
8,67,tie,0278,gardevoir-jellicent,0541,gardevoir-ex-sv
8,68,tie,1459,charizard-noctowl,0115,grimmsnarl-froslass
8,69,p2,0598,ceruledge-ex,0366,greninja-ex
8,70,tie,1182,dragapult-dusknoir,1461,gholdengo-lunatone
8,71,tie,0546,grimmsnarl-froslass,0611,gholdengo-lunatone
8,72,tie,0696,dragapult-dusknoir,0582,charizard-noctowl
8,73,tie,1365,mega-absol-box,0637,gholdengo-joltik-box
8,74,tie,0995,gholdengo-lunatone,1285,n-zoroark
8,75,tie,1107,froslass-munkidori,1251,mega-absol-box
8,76,tie,0562,kangaskhan-bouffalant,0852,gholdengo-ex
8,77,tie,0617,raging-bolt-ogerpon,1471,dragapult-dusknoir
8,78,tie,1004,gardevoir-jellicent,0035,dragapult-dusknoir
8,79,p1,0507,lopunny-dusknoir,0384,gardevoir-jellicent
8,80,tie,0215,charizard-pidgeot,0475,dragapult-dusknoir
8,81,tie,0770,dragapult-dusknoir,0639,charizard-pidgeot
8,82,tie,0535,gholdengo-lunatone,0401,iron-hands-magneton
8,83,tie,1003,raging-bolt-ogerpon,0833,gardevoir-ex-sv
8,84,tie,0702,dragapult-charizard,1386,dragapult-dusknoir
8,85,p1,0435,charizard-pidgeot,0897,gholdengo-lunatone
8,86,p2,1627,charizard-noctowl,1435,grimmsnarl-froslass
8,87,p2,0697,dragapult-dusknoir,0906,charizard-pidgeot
8,88,tie,0282,gholdengo-lunatone,0766,greninja-ex
8,89,p2,0594,gholdengo-lunatone,0809,gholdengo-lunatone
8,90,tie,0919,rocket-mewtwo-ex,0020,charizard-pidgeot
8,91,p1,0154,dragapult-dusknoir,1378,charizard-noctowl
8,92,p2,0327,dragapult-dusknoir,0306,?
8,93,p2,1445,gholdengo-lunatone,0394,gardevoir-jellicent
8,94,p2,0009,gardevoir-jellicent,0258,charizard-noctowl
8,95,p2,0075,gholdengo-lunatone,0425,gholdengo-lunatone
8,96,p1,0356,grimmsnarl-froslass,0460,mega-venusaur-ex
8,97,p2,0742,gardevoir-jellicent,1330,charizard-noctowl
8,98,tie,0849,gardevoir-jellicent,1465,dragapult-dusknoir
8,99,p1,1529,charizard-noctowl,0242,joltik-box
8,100,p2,1042,ethan-typhlosion,0367,gardevoir-jellicent
8,101,p1,1169,grimmsnarl-froslass,1456,gholdengo-lunatone
8,102,p2,0378,raging-bolt-ogerpon,1246,gholdengo-lunatone
8,103,p1,1413,dragapult-dusknoir,0619,charizard-noctowl
8,104,p1,1333,grimmsnarl-froslass,0431,charizard-pidgeot
8,105,p2,0467,ethan-typhlosion,1624,dragapult-dusknoir
8,106,p2,0839,dragapult-dusknoir,1568,charizard-pidgeot
8,107,p1,0664,dragapult-dusknoir,0386,gardevoir-ex-sv
8,108,p1,1226,dragapult-dusknoir,1101,gholdengo-lunatone
8,109,p2,0405,raging-bolt-ogerpon,0950,dragapult-dusknoir
8,110,tie,0069,gholdengo-lunatone,0972,dragapult-dusknoir
8,111,tie,0161,gholdengo-lunatone,0236,joltik-box
8,112,p2,0868,gardevoir-jellicent,0064,dragapult-dusknoir
8,113,p1,0217,gardevoir-jellicent,0769,ursaluna-lunatone
8,114,p1,1536,grimmsnarl-froslass,0420,ceruledge-ex
8,115,p1,0445,dragapult-dusknoir,1140,gholdengo-lunatone
8,116,p2,1038,gardevoir-jellicent,0155,charizard-noctowl
8,117,p2,1351,charizard-noctowl,1106,dragapult-dusknoir
8,118,p1,1085,gholdengo-lunatone,0362,mega-absol-box
8,119,p2,0625,n-zoroark,1098,gardevoir-jellicent
8,120,p1,0309,raging-bolt-ogerpon,0652,dragapult-charizard
8,121,p2,0604,gardevoir-ex-sv,0273,gholdengo-lunatone
8,122,p1,0480,dragapult-charizard,1346,gholdengo-lunatone
8,123,p1,0060,dragapult-dusknoir,0227,dragapult-dusknoir
8,124,p2,1274,charizard-noctowl,0326,dragapult-dusknoir
8,125,p2,0703,hydrapple-ogerpon,1398,gardevoir-jellicent
8,126,p1,1538,dragapult-dusknoir,0898,charizard-noctowl
8,127,p1,1401,dragapult-dusknoir,0041,dragapult-dusknoir
8,128,p1,0502,dragapult-dusknoir,1273,gardevoir-jellicent
8,129,p1,1292,dragapult-dusknoir,0676,joltik-box
8,130,p1,1039,gholdengo-joltik-box,1645,iron-hands-magneton
8,131,p2,0521,dragapult-dusknoir,0427,gholdengo-lunatone
8,132,p2,1482,grimmsnarl-froslass,0709,gholdengo-lunatone
8,133,p2,1617,grimmsnarl-froslass,0212,dragapult-dusknoir
8,134,tie,0206,gardevoir-jellicent,1350,dragapult-dusknoir
8,135,double_loss,0551,?,1175,?
8,136,p2,0473,n-zoroark,1012,gardevoir-jellicent
8,137,p2,1364,dragapult-dusknoir,1576,dragapult-charizard
8,138,p1,0517,gholdengo-lunatone,1626,ceruledge-ex
8,139,p2,1546,gardevoir-jellicent,1469,charizard-noctowl
8,140,tie,0914,gholdengo-lunatone,1649,alakazam-meg
8,141,p2,0399,dragapult-dusknoir,1353,kangaskhan-bouffalant
8,142,p1,1635,sharpedo-toxtricity,0778,gardevoir-jellicent
8,143,p2,0456,gholdengo-lunatone,0509,dragapult-dusknoir
8,144,p1,1092,gholdengo-lunatone,1453,lopunny-dusknoir
8,145,p2,0884,crustle-dri,0656,gardevoir-jellicent
8,146,p2,0321,cynthia-garchomp-ex,1597,charizard-noctowl
8,147,p2,0284,joltik-box,0569,charizard-noctowl
8,148,p1,1675,gardevoir-ex-sv,0847,conkeldurr-twm
8,149,p2,0027,grimmsnarl-froslass,0874,gholdengo-lunatone
8,150,p2,1415,charizard-noctowl,0629,dragapult-dusknoir
8,151,p1,0975,gardevoir-jellicent,1490,mega-absol-box
8,152,p1,1474,joltik-box,1252,charizard-pidgeot
8,153,p2,1428,manectric-eelektrik,1421,alakazam-dudunsparce
8,154,p2,0166,lopunny-dusknoir,0201,gholdengo-lunatone
8,155,p1,0312,sharpedo-toxtricity,0654,gholdengo-lunatone
8,156,p1,0923,dragapult-dusknoir,1155,dragapult-dusknoir
8,157,tie,1393,gholdengo-lunatone,0237,ceruledge-ex
8,158,p1,0794,gardevoir-jellicent,0714,raging-bolt-ogerpon
8,159,p1,0607,dragapult-dusknoir,0730,gardevoir-jellicent
8,160,p2,0272,dragapult-dusknoir,0101,gardevoir-jellicent
8,161,p2,0120,crustle-dri,0392,alakazam-dudunsparce
8,162,p2,0880,charizard-pidgeot,1087,cynthia-garchomp-ex
8,163,p1,0252,tera-box,1060,gholdengo-lunatone
8,164,p1,0724,iron-hands-magneton,1476,raging-bolt-ogerpon
8,165,p2,0391,dragapult-dusknoir,0463,raging-bolt-ogerpon
8,166,p1,1380,gholdengo-lunatone,0189,raging-bolt-ogerpon
8,167,p1,0965,raging-bolt-ogerpon,0740,gholdengo-lunatone
8,168,p2,1388,mega-absol-box,0308,raging-bolt-ogerpon
8,169,p2,1150,charizard-pidgeot,1018,charizard-noctowl
8,170,p1,1032,gholdengo-lunatone,0831,mega-absol-box
8,171,p2,0135,gholdengo-lunatone,1337,raging-bolt-ogerpon
8,172,p2,0753,dragapult-dusknoir,0939,gardevoir-jellicent
8,173,p1,0772,gholdengo-lunatone,1674,charizard-noctowl
8,174,p1,0131,dragapult-dusknoir,1578,charizard-noctowl
8,175,p1,1036,gholdengo-lunatone,0973,dragapult-charizard
8,176,p2,1027,raging-bolt-ogerpon,1075,gholdengo-lunatone
8,177,p1,1298,dragapult-dusknoir,0141,charizard-noctowl
8,178,p2,1137,dragapult-dusknoir,1120,dragapult-dusknoir
8,179,p1,1088,gardevoir-ex-sv,0891,gholdengo-lunatone
8,180,p2,1379,mega-absol-box,1647,dragapult-dusknoir
8,181,double_loss,1387,?,1191,?
8,182,tie,1229,gholdengo-lunatone,0081,dragapult-dusknoir
8,183,p2,0333,raging-bolt-ogerpon,1275,charizard-noctowl
8,184,tie,0370,mega-absol-box,1070,dragapult-dusknoir
8,185,p2,0708,gardevoir-ex-sv,0553,charizard-noctowl
8,186,p2,0004,charizard-noctowl,0025,gardevoir-jellicent
8,187,p1,0660,grimmsnarl-froslass,1144,dragapult-dusknoir
8,188,p2,1511,dragapult-dusknoir,0208,charizard-noctowl
8,189,p2,0472,kangaskhan-bouffalant,0713,gholdengo-lunatone
8,190,p1,0710,gholdengo-lunatone,0322,dragapult-dusknoir
8,191,p1,0057,charizard-noctowl,1658,gardevoir-jellicent
8,192,p1,0583,dragapult-dusknoir,0078,charizard-noctowl
8,193,p1,0576,dragapult-charizard,0691,gholdengo-lunatone
8,194,p1,1119,gholdengo-lunatone,0754,dragapult-charizard
8,195,p1,1190,gardevoir-ex-sv,0373,tera-box
8,196,p1,0706,grimmsnarl-froslass,0226,gholdengo-ex
8,197,p2,1615,raging-bolt-ogerpon,0479,charizard-noctowl
8,198,p2,0915,gholdengo-lunatone,0323,charizard-noctowl
8,199,p2,1586,gholdengo-lunatone,1657,gholdengo-lunatone
8,200,p1,1102,raging-bolt-ogerpon,0905,dragapult-charizard
8,201,p2,0527,raging-bolt-ogerpon,1204,gholdengo-lunatone
8,202,p1,0653,gholdengo-joltik-box,1124,gholdengo-lunatone
8,203,p1,0826,dragapult-dusknoir,1522,joltik-box
8,204,p2,0429,alakazam-dudunsparce,1149,charizard-noctowl
8,205,p1,0924,gholdengo-lunatone,0325,tera-box
8,206,tie,1410,gholdengo-lunatone,0866,tera-box
8,207,p2,1242,n-zoroark,1400,ceruledge-ex
8,208,p1,0448,ceruledge-ex,1255,gholdengo-lunatone
8,209,p1,1548,gholdengo-lunatone,1063,gardevoir-jellicent
8,210,p1,1473,dragapult-dusknoir,0998,dragapult-dusknoir
8,211,p2,0554,flareon-noctowl,1163,joltik-box
8,212,p1,1328,gardevoir-ex-sv,0203,lucario-hariyama
8,213,p2,1492,dragapult-charizard,0838,gardevoir-ex-sv
8,214,p1,1100,mega-lucario-ex,0446,gholdengo-lunatone
8,215,p2,1406,dragapult-dusknoir,0599,charizard-pidgeot
8,216,p1,0451,gholdengo-joltik-box,0841,charizard-ex
8,217,tie,0261,raging-bolt-ogerpon,1257,gholdengo-lunatone
8,218,tie,0588,charizard-noctowl,0421,raging-bolt-ogerpon
8,219,p2,1612,lopunny-dusknoir,0317,gholdengo-lunatone
8,220,p1,0631,gardevoir-ex-sv,1202,dragapult-dusknoir
8,221,p1,0913,raging-bolt-ogerpon,1225,seaking-pre
8,222,p1,1359,gardevoir-jellicent,0918,gholdengo-lunatone
8,223,tie,0406,rocket-mewtwo-ex,1408,gardevoir-ex-sv
8,224,p1,0819,charizard-noctowl,1355,gholdengo-lunatone
8,225,p2,1278,gholdengo-joltik-box,1583,gardevoir-jellicent
8,226,p1,0074,iron-hands-magneton,0668,flareon-noctowl
8,227,double_loss,0719,raging-bolt-ogerpon,0138,iron-hands-magneton
8,228,p2,1599,gholdengo-lunatone,1394,iron-hands-magneton
8,229,p1,0971,gholdengo-lunatone,1281,raging-bolt-ogerpon
8,230,p2,1043,charizard-noctowl,0275,dragapult-charizard
8,231,p1,1426,charizard-pidgeot,0439,mega-absol-box
8,232,p1,0645,dragapult-dusknoir,0434,dragapult-dusknoir
8,233,p2,0786,charizard-noctowl,0872,dragapult-dusknoir
8,234,p1,0374,gholdengo-lunatone,0182,gardevoir-ex-sv
8,235,p2,0936,gholdengo-lunatone,1114,dragapult-dusknoir
8,236,p1,0673,gardevoir-jellicent,1339,ho-oh-armarouge
8,237,p2,1294,mega-venusaur-ex,0003,charizard-noctowl
8,238,p2,0855,gardevoir-jellicent,0313,lopunny-dusknoir
8,239,p1,0044,charizard-pidgeot,0688,dragapult-dusknoir
8,240,p1,1654,dragapult-dusknoir,0491,gardevoir-jellicent
8,241,p2,1570,joltik-box,0122,gardevoir-ex-sv
8,242,p1,0760,kangaskhan-bouffalant,0129,charizard-noctowl
8,243,p2,0177,charizard-noctowl,0112,iron-hands-magneton
8,244,tie,0927,gholdengo-lunatone,0247,seaking-pre
8,245,p2,1072,grimmsnarl-froslass,1399,dragapult-dusknoir
8,246,p2,1601,dragapult-dusknoir,1449,flareon-noctowl
8,247,tie,0941,slaking-ex,0663,gholdengo-lunatone
8,248,p1,1646,dragapult-dusknoir,0149,gholdengo-lunatone
8,249,p2,0932,alakazam-dudunsparce,0571,charizard-noctowl
8,250,p2,0793,gholdengo-lunatone,1496,tera-box
8,251,p1,0946,cynthia-garchomp-ex,1495,gholdengo-lunatone
8,252,p1,1555,joltik-box,0620,charizard-noctowl
8,253,p2,1557,dragapult-charizard,0822,charizard-pidgeot
8,254,p1,0499,grimmsnarl-froslass,0837,charizard-noctowl
8,255,p1,0568,kangaskhan-bouffalant,0581,gardevoir-ex-sv
8,256,p2,1517,gholdengo-lunatone,1618,kangaskhan-bouffalant
8,257,p1,0320,dragapult-dusknoir,1390,raging-bolt-ogerpon
8,258,p2,0627,alakazam-dudunsparce,0613,n-zoroark
8,259,p1,1673,gholdengo-lunatone,0358,ethan-typhlosion
8,260,p1,1629,flareon-noctowl,0216,iron-hands-magneton
8,261,p1,1053,charizard-noctowl,0591,raging-bolt-ogerpon
8,262,p1,0570,charizard-noctowl,1640,gholdengo-lunatone
8,263,p2,0277,festival-lead,1531,tera-box
8,264,p2,0416,gardevoir-jellicent,0413,dragapult-dusknoir
8,265,tie,1279,charizard-noctowl,0933,iron-thorns-crustle
8,266,p2,0426,gholdengo-lunatone,1234,gholdengo-lunatone
8,267,p1,1193,gholdengo-lunatone,0238,joltik-box
8,268,tie,0879,mega-absol-box,0462,dragapult-dusknoir
8,269,p2,0850,charizard-ex,0285,raging-bolt-ogerpon
8,270,p1,0515,ceruledge-ex,0436,gholdengo-lunatone
8,271,p2,0200,dragapult-dusknoir,0292,joltik-box
8,272,p1,0442,charizard-noctowl,0404,dragapult-charizard
8,273,p2,1006,dragapult-dusknoir,0246,gardevoir-jellicent
8,274,p1,0808,raging-bolt-ogerpon,0909,gholdengo-lunatone
8,275,p2,1181,charizard-noctowl,0354,dragapult-ex
8,276,p2,1231,dragapult-dusknoir,0052,gholdengo-lunatone
8,277,p1,0497,kangaskhan-bouffalant,1525,gardevoir-ex-sv
8,278,p1,1396,gholdengo-lunatone,1306,raging-bolt-ogerpon
8,279,p2,0815,gholdengo-lunatone,1238,charizard-noctowl
8,280,p2,0764,gholdengo-lunatone,1310,raging-bolt-ogerpon
8,281,p2,1443,gholdengo-lunatone,0046,gholdengo-lunatone
8,282,tie,1676,kangaskhan-bouffalant,0577,grimmsnarl-froslass
8,283,p2,1244,gholdengo-lunatone,0624,dragapult-dusknoir
8,284,p2,1671,raging-bolt-ogerpon,1360,gholdengo-lunatone
8,285,p2,0209,dragapult-dusknoir,0830,dragapult-dusknoir
8,286,tie,0751,grimmsnarl-froslass,0771,dragapult-charizard
8,287,tie,1154,gardevoir-ex-sv,0863,gholdengo-lunatone
8,288,p1,0084,gholdengo-lunatone,1266,gholdengo-lunatone
8,289,double_loss,1672,gardevoir-jellicent,0390,dragapult-dusknoir
8,290,p1,1534,charizard-noctowl,0117,n-zoroark
8,291,p2,0174,toxtricity-pfl,1625,gholdengo-lunatone
8,292,p1,0798,charizard-noctowl,0336,gholdengo-lunatone
8,293,p2,1271,slowking-scr,0347,alakazam-dudunsparce
8,294,tie,1431,gholdengo-lunatone,1392,charizard-pidgeot
8,295,p1,1527,dragapult-dusknoir,0220,n-zoroark
8,296,tie,0224,dragapult-dusknoir,1090,ceruledge-ex
8,297,p1,1559,gholdengo-lunatone,1402,gholdengo-lunatone
8,298,p1,0817,gholdengo-dragapult,1433,gardevoir-jellicent
8,299,p1,0813,dragapult-dusknoir,0005,gholdengo-lunatone
8,300,p2,0917,dragapult-dusknoir,0942,gardevoir-ex-sv
8,301,p1,1510,n-zoroark,0547,n-zoroark
8,302,p2,1254,n-zoroark,0743,gholdengo-lunatone
8,303,tie,1093,dragapult-dusknoir,0489,gardevoir-jellicent
8,304,p2,0957,charizard-noctowl,1498,gholdengo-lunatone
8,305,p1,0214,gardevoir-ex-sv,0146,other
8,306,p1,1220,tera-box,0518,raging-bolt-ogerpon
8,307,p1,0268,charizard-noctowl,0382,dragapult-dusknoir
8,308,p2,1419,dragapult-dusknoir,1423,gardevoir-jellicent
8,309,p2,1385,charizard-noctowl,0248,charizard-pidgeot
8,310,p2,1659,gholdengo-lunatone,1210,gholdengo-lunatone
8,311,p1,0943,dragapult-dusknoir,0428,dragapult-dusknoir
8,312,p1,0726,dragapult-dusknoir,0114,gardevoir-jellicent
8,313,tie,0736,charizard-noctowl,0761,dragapult-dusknoir
8,314,p1,0223,dragapult-dusknoir,0999,mega-venusaur-ex
8,315,p1,1076,gardevoir-ex-sv,0495,dragapult-dusknoir
8,316,p1,0023,dragapult-dusknoir,0902,hydrapple-ogerpon
8,317,p1,1126,n-zoroark,1521,flareon-noctowl
8,318,tie,0450,dragapult-dusknoir,0589,n-zoroark
8,319,p2,1322,raging-bolt-ogerpon,0231,charizard-pidgeot
8,320,p2,1602,mega-venusaur-ex,0043,gardevoir-ex-sv
8,321,p2,0711,dragapult-dusknoir,1096,gardevoir-jellicent
8,322,p2,1224,dragapult-dusknoir,1395,dragapult-charizard
8,323,p2,0330,dragapult-dusknoir,0063,charizard-noctowl
8,324,p2,0538,charizard-pidgeot,0454,lopunny-dusknoir
8,325,p1,0683,gholdengo-lunatone,1317,flareon-noctowl
8,326,p1,0464,grimmsnarl-froslass,1447,gholdengo-lunatone
8,327,p2,1286,charizard-pidgeot,1050,gholdengo-lunatone
8,328,tie,1381,cynthia-garchomp-ex,1515,gholdengo-joltik-box
8,329,tie,0610,archaludon-ex,1642,charizard-noctowl
8,330,p2,1689,gholdengo-lunatone,0345,gardevoir-ex-sv
8,331,tie,0693,charizard-noctowl,0128,tera-box
8,332,tie,0504,hydreigon-ex,1219,tera-box
8,333,p1,1526,joltik-box,1218,raging-bolt-ogerpon
8,334,p2,1167,dragapult-dusknoir,1643,dragapult-charizard
8,335,p2,0945,dragapult-dusknoir,0022,charizard-noctowl
8,336,p1,0885,ceruledge-ex,1007,lopunny-dusknoir
8,337,p1,1523,kangaskhan-bouffalant,1264,dragapult-dusknoir
8,338,p1,0021,pidgeot-control,0723,gholdengo-lunatone
8,339,p2,1148,cynthia-garchomp-ex,0054,dragapult-dusknoir
8,340,p2,1577,dragapult-dusknoir,0969,raging-bolt-ogerpon
8,341,p2,1010,charizard-pidgeot,1329,gholdengo-lunatone
8,342,p2,1249,mega-absol-box,0210,tera-box
8,343,p1,1112,gholdengo-lunatone,0979,gardevoir-ex-sv
8,344,p1,1558,ursaluna-lunatone,0244,gardevoir-jellicent
8,345,p1,0017,gardevoir-ex-sv,0488,alakazam-dudunsparce
8,346,p1,0537,greninja-ex,0694,joltik-box
8,347,p2,1347,dragapult-dusknoir,1595,gardevoir-jellicent
8,348,p1,0797,dragapult-dusknoir,1116,charizard-noctowl
8,349,p2,0487,gholdengo-lunatone,0269,charizard-noctowl
8,350,p2,1206,tera-box,0733,dragapult-dusknoir
8,351,p2,1375,greninja-ex,0628,gholdengo-lunatone
8,352,tie,0921,gardevoir-ex-sv,1061,dragapult-dusknoir
8,353,p1,1512,charizard-noctowl,1084,gholdengo-lunatone
8,354,p1,0289,dragapult-dusknoir,1262,ceruledge-ex
8,355,p1,0894,dragapult-dusknoir,1499,gardevoir-ex-sv
8,356,p1,0935,gardevoir-jellicent,1165,lopunny-dusknoir
8,357,tie,1048,charizard-noctowl,1383,gholdengo-lunatone
8,358,p2,0110,greninja-ex,1192,gardevoir-jellicent
8,359,p2,1026,flareon-noctowl,0635,dragapult-dusknoir
8,360,p2,1507,dragapult-dusknoir,0825,ursaluna-lunatone
8,361,p1,0418,dragapult-charizard,0962,charizard-pidgeot
8,362,tie,0301,grimmsnarl-froslass,0310,gholdengo-lunatone
8,363,p1,0184,dragapult-dusknoir,0704,gholdengo-lunatone
8,364,p2,0993,flareon-noctowl,0262,dragapult-dusknoir
8,365,p2,0264,grimmsnarl-froslass,1184,raging-bolt-ogerpon
8,366,p2,0555,n-zoroark,1291,charizard-noctowl
8,367,p2,1502,gardevoir-jellicent,0500,other
8,368,p2,0842,gholdengo-lunatone,0287,charizard-noctowl
8,369,p1,1146,charizard-pidgeot,0508,charizard-noctowl
8,370,tie,0779,gardevoir-ex-sv,1545,dragapult-dusknoir
8,371,p1,0605,dragapult-dusknoir,0722,dragapult-dusknoir
8,372,p1,0113,charizard-noctowl,0089,dragapult-dusknoir
8,373,tie,1228,gholdengo-lunatone,1633,dragapult-dusknoir
8,374,p2,0014,charizard-noctowl,1132,dragapult-dusknoir
8,375,tie,0452,gardevoir-ex-sv,1508,gholdengo-joltik-box
8,376,p2,0051,gardevoir-ex-sv,0910,dragapult-charizard
8,377,tie,0465,charizard-noctowl,1541,ceruledge-ex
8,378,p2,0055,n-zoroark,0977,mega-absol-box
8,379,p1,0048,lopunny-dusknoir,0143,gardevoir-ex-sv
8,380,p1,1287,gholdengo-lunatone,1403,mega-absol-box
8,381,p2,1127,raging-bolt-ogerpon,1000,charizard-noctowl
8,382,p1,1518,greninja-ex,1316,mega-absol-box
8,383,p1,1489,gardevoir-jellicent,1634,charizard-pidgeot
8,384,p2,0486,charizard-pidgeot,0807,gardevoir-jellicent
8,385,p1,0412,dragapult-dusknoir,1343,dragapult-dusknoir
8,386,p1,0304,gholdengo-lunatone,0780,gholdengo-lunatone
8,387,p2,0424,gholdengo-ex,0746,charizard-noctowl
8,388,p2,1041,gholdengo-lunatone,1588,seaking-pre
8,389,p1,0922,okidogi-ex,1118,gardevoir-jellicent
8,390,tie,0712,ceruledge-ex,0015,dragapult-dusknoir
8,391,tie,0679,tera-box,0804,gardevoir-jellicent
8,392,p1,1121,dragapult-dusknoir,0299,dragapult-dusknoir
8,393,p1,0037,dragapult-dusknoir,0737,charizard-noctowl
8,394,p2,0854,charizard-noctowl,1008,dragapult-dusknoir
8,395,p1,0183,mega-absol-box,1567,gholdengo-lunatone
8,396,tie,1212,raging-bolt-ogerpon,1200,charizard-pidgeot
8,397,p2,0767,n-zoroark,0337,gardevoir-jellicent
8,398,p1,1532,charizard-noctowl,0109,ceruledge-ex
8,399,p1,1656,dragapult-dusknoir,0621,grimmsnarl-froslass
8,400,p2,0073,cynthia-garchomp-ex,0539,gholdengo-lunatone
8,401,tie,0659,cynthia-garchomp-ex,1002,gardevoir-ex-sv
8,402,p1,0985,gardevoir-ex-sv,0968,charizard-pidgeot
8,403,p2,0988,mega-venusaur-ex,0867,charizard-noctowl
8,404,p2,1113,dragapult-dusknoir,0145,gholdengo-lunatone
8,405,p2,1282,gardevoir-ex-sv,0447,mega-absol-box
8,406,p2,0340,gholdengo-lunatone,1563,raging-bolt-ogerpon
8,407,p1,1028,gholdengo-lunatone,0791,mega-absol-box
8,408,p1,1537,archaludon-ex,0148,gholdengo-lunatone
8,409,p2,0776,mega-absol-box,1128,gholdengo-lunatone
8,410,p2,0176,charizard-dragapult,0955,dragapult-dusknoir
8,411,p2,0483,gardevoir-ex-sv,1263,gholdengo-lunatone
8,412,tie,0147,ceruledge-ex,0298,charizard-noctowl
8,413,p2,0259,gholdengo-lunatone,1289,flareon-noctowl
8,414,tie,0600,grimmsnarl-froslass,1550,gholdengo-lunatone
8,415,p2,1001,ceruledge-ex,1345,charizard-noctowl
8,416,p2,0132,raging-bolt-ogerpon,1414,gholdengo-lunatone
8,417,tie,1466,mega-absol-box,1621,dragapult-dusknoir
8,418,p2,0840,dragapult-dusknoir,0597,charizard-noctowl
8,419,p1,1332,charizard-noctowl,1177,ceruledge-ex
8,420,p2,1325,mega-absol-box,0966,grimmsnarl-froslass
8,421,tie,0529,gholdengo-lunatone,0987,mega-absol-box
8,422,tie,0536,alakazam-dudunsparce,1404,dragapult-dusknoir
8,423,p1,0698,mega-absol-box,1272,charizard-noctowl
8,424,p1,0796,raging-bolt-ogerpon,0953,other
8,425,p1,1441,gardevoir-jellicent,0093,mega-absol-box
8,426,p2,0787,charizard-noctowl,1452,dragapult-dusknoir
8,427,p2,0548,ho-oh-armarouge,0153,charizard-noctowl
8,428,tie,0721,dragapult-dusknoir,0732,n-zoroark
8,429,p1,1491,gholdengo-lunatone,0851,dragapult-dusknoir
8,430,p2,0151,dragapult-dusknoir,0198,gholdengo-lunatone
8,431,p1,1384,charizard-pidgeot,0193,slaking-ex
8,432,p1,0738,dragapult-dusknoir,1653,gardevoir-jellicent
8,433,p2,0053,raging-bolt-ogerpon,0095,grimmsnarl-froslass
8,434,p2,0158,gardevoir-jellicent,1301,dragapult-dusknoir
8,435,p2,0263,gardevoir-jellicent,0642,charizard-noctowl
8,436,p1,0593,raging-bolt-ogerpon,0531,charizard-noctowl
8,437,p1,1593,gardevoir-ex-sv,0689,ethan-typhlosion
8,438,p1,1280,flareon-noctowl,1304,charizard-pidgeot
8,439,p2,1622,gholdengo-lunatone,0116,charizard-noctowl
8,440,p2,0865,gholdengo-lunatone,0318,ethan-typhlosion
8,441,p2,1019,dragapult-dusknoir,1417,gardevoir-ex-sv
8,442,p2,0253,mega-absol-box,0067,greninja-ex
8,443,p2,0948,gardevoir-jellicent,1506,ceruledge-ex
8,444,p2,1196,charizard-noctowl,1269,grimmsnarl-froslass
8,445,p1,0331,toxtricity-pfl,0705,n-zoroark
8,446,p1,1335,greninja-ex,1253,dragapult-dusknoir
8,447,tie,0339,gardevoir-ex-sv,0363,gholdengo-lunatone
8,448,p1,0646,lucario-hariyama,1540,dragapult-dusknoir
8,449,p2,1227,raging-bolt-ogerpon,0781,flareon-noctowl
8,450,p1,0140,greninja-ex,1439,dragapult-dusknoir
8,451,p2,1620,charizard-pidgeot,0510,dragapult-charizard
8,452,tie,0157,gholdengo-lunatone,1574,dragapult-dusknoir
8,453,p1,0739,okidogi-ex,0440,gholdengo-lunatone
8,454,p1,1178,raging-bolt-ogerpon,0179,dragapult-dusknoir
8,455,p2,1535,raging-bolt-ogerpon,1652,iron-hands-magneton
8,456,p1,1637,sharpedo-toxtricity,0274,gardevoir-ex-sv
8,457,p1,0795,gholdengo-lunatone,1247,ceruledge-ex
8,458,p1,0344,festival-lead,1170,alakazam-dudunsparce
8,459,p1,0938,gardevoir-jellicent,1497,raging-bolt-ogerpon
8,460,p1,1460,gardevoir-jellicent,1318,flareon-ex
8,461,p1,0900,dragapult-blaziken,0171,gardevoir-ex-sv
8,462,tie,0904,raging-bolt-ogerpon,1110,gardevoir-jellicent
8,463,p2,0245,conkeldurr-twm,0218,gardevoir-ex-sv
8,464,p1,1619,dragapult-dusknoir,0680,gholdengo-lunatone
8,465,p2,0239,dragapult-charizard,1034,raging-bolt-ogerpon
8,466,p1,1267,gardevoir-jellicent,0749,dragapult-dusknoir
8,467,tie,0332,charizard-pidgeot,0603,lucario-hariyama
8,468,p1,0070,gardevoir-jellicent,0388,charizard-noctowl
8,469,p2,1250,gardevoir-jellicent,0511,dragapult-dusknoir
8,470,p2,0561,iron-hands-magneton,0414,raging-bolt-ogerpon
8,471,p2,0279,toedscruel-ex,1600,raging-bolt-ogerpon
8,472,p2,1587,gholdengo-lunatone,0219,gholdengo-lunatone
8,473,p2,0501,dragapult-dusknoir,0647,dragapult-dusknoir
8,474,p1,1636,gholdengo-lunatone,1067,raging-bolt-ogerpon
8,475,p1,0700,gardevoir-jellicent,1437,mega-venusaur-ex
8,476,p1,0493,tera-box,0430,dragapult-dusknoir
8,477,p1,0525,grimmsnarl-froslass,0266,gholdengo-lunatone
8,478,p1,1418,ceruledge-ex,1162,gardevoir-jellicent
8,479,tie,1136,gholdengo-lunatone,1472,raging-bolt-ex
8,480,tie,0283,charizard-noctowl,0254,ethan-typhlosion
8,481,p2,0441,ceruledge-ex,0240,charizard-pidgeot
8,482,p1,1186,joltik-box,0314,cynthia-garchomp-ex
8,483,double_loss,0408,dragapult-dusknoir,0490,tinkaton-ex
8,484,p2,0959,n-zoroark,0111,dragapult-dusknoir
8,485,p1,0007,dragapult-dusknoir,1478,cynthia-garchomp-ex
8,486,p2,0028,alakazam-dudunsparce,1573,gardevoir-jellicent
8,487,p1,0423,sharpedo-toxtricity,0887,gardevoir-jellicent
8,488,p1,1054,gholdengo-lunatone,1014,mega-absol-box
8,489,double_loss,1260,gholdengo-lunatone,0187,charizard-noctowl
8,490,p1,0774,dragapult-dusknoir,1569,alakazam-dudunsparce
8,491,p1,0861,miraidon-eelektrik,0123,lucario-hariyama
8,492,p2,0417,raging-bolt-ogerpon,0907,terapagos-noctowl
8,493,p2,1486,dragapult-dusknoir,0180,gholdengo-ex
8,494,p2,1592,charizard-noctowl,1134,charizard-pidgeot
8,495,p1,0559,gholdengo-lunatone,0230,ceruledge-ex
8,496,tie,0066,alakazam-dudunsparce,0422,dragapult-dusknoir
8,497,tie,0983,charizard-noctowl,0633,raging-bolt-ogerpon
8,498,p2,1485,n-zoroark,1370,joltik-box
8,499,p2,0387,alakazam-dudunsparce,1575,dragapult-dusknoir
8,500,tie,0878,grimmsnarl-froslass,0580,grimmsnarl-froslass
8,501,p2,0188,charizard-pidgeot,0383,n-zoroark
8,502,tie,1258,ceruledge-ex,0139,dragapult-dusknoir
8,503,p2,0369,charizard-noctowl,0758,dragapult-dusknoir
8,504,p2,0357,gardevoir-jellicent,0365,charizard-pidgeot
8,505,p1,0190,joltik-box,0741,gholdengo-lunatone
8,506,p1,1265,raging-bolt-ogerpon,0286,dragapult-charizard
8,507,tie,0744,iron-hands-magneton,0638,charizard-noctowl
8,508,p2,0106,alakazam-dudunsparce,0137,dragapult-dusknoir
8,509,p1,1542,gardevoir-jellicent,1407,charizard-pidgeot
8,510,p1,0402,other,1073,charizard-noctowl
8,511,tie,0056,ceruledge-ex,1605,kangaskhan-bouffalant
8,512,tie,0047,dragapult-dusknoir,0376,ceruledge-ex
8,513,p1,1685,gholdengo-lunatone,1033,charizard-pidgeot
8,514,p1,1240,raging-bolt-ogerpon,0626,dragapult-charizard
8,515,p2,1475,roaring-moon-ex,0457,crustle-dri
8,516,p2,1366,joltik-box,1097,dragapult-dusknoir
8,517,tie,0788,flareon-noctowl,1551,dragapult-dusknoir
8,518,p1,0848,hydrapple-ogerpon,0121,kangaskhan-bouffalant
8,519,p2,1684,grimmsnarl-froslass,1083,gardevoir-jellicent
8,520,p2,1015,n-zoroark,0801,charizard-noctowl
8,521,p1,0496,mega-venusaur-ex,0175,reging-bolt-bellibolt
8,522,tie,0016,mega-absol-box,1562,raging-bolt-ogerpon
8,523,p2,0470,gardevoir-jellicent,0560,gardevoir-jellicent
8,524,tie,0478,ceruledge-ex,0994,ceruledge-ex
8,525,p1,1321,dragapult-dusknoir,1117,gholdengo-lunatone
8,526,p2,0192,mega-absol-box,1504,charizard-noctowl
8,527,p2,1589,dragapult-dusknoir,0747,n-zoroark
8,528,p2,1187,charizard-noctowl,1147,gholdengo-lunatone
8,529,p1,0072,charizard-pidgeot,0532,dragapult-dusknoir
8,530,tie,1641,gholdengo-lunatone,1464,dragapult-dusknoir
8,531,tie,1299,gardevoir-jellicent,0256,dragapult-charizard
8,532,p1,1194,dragapult-dusknoir,1650,flareon-noctowl
8,533,p1,0083,dragapult-dusknoir,1017,n-zoroark
8,534,p1,1613,charizard-noctowl,1405,alakazam-dudunsparce
8,535,p2,0986,alakazam-dudunsparce,0038,festival-lead
8,536,p1,0034,tera-box,0492,dragapult-dusknoir
8,537,p1,0614,gholdengo-lunatone,1688,gardevoir-jellicent
8,538,p1,1604,dragapult-dusknoir,0823,kangaskhan-bouffalant
8,539,p2,0011,raging-bolt-ogerpon,1284,charizard-pidgeot
8,540,p2,1357,raging-bolt-ogerpon,0125,charizard-pidgeot
8,541,p2,0042,lopunny-dusknoir,0699,other
8,542,tie,1111,dragapult-dusknoir,1222,flareon-noctowl
8,543,p1,0818,charizard-noctowl,0763,charizard-noctowl
8,544,p2,0181,charizard-pidgeot,0862,greninja-ex
8,545,p1,0575,charizard-pidgeot,0949,raging-bolt-ogerpon
8,546,p1,1046,lucario-hariyama,1021,archaludon-ex
8,547,p1,1197,dragapult-dusknoir,1528,gardevoir-ex-sv
8,548,p2,0775,gholdengo-lunatone,0300,mega-venusaur-ex
8,549,p2,1382,gardevoir-ex-sv,0641,gholdengo-joltik-box
8,550,p2,1313,n-zoroark,0934,raging-bolt-ogerpon
8,551,p1,0836,gardevoir-jellicent,0195,charizard-noctowl
8,552,p2,0361,dragapult-dusknoir,1185,dragapult-dusknoir
8,553,p2,1320,grimmsnarl-froslass,0634,mega-absol-box
8,554,p2,1207,gholdengo-lunatone,0058,gholdengo-lunatone
8,555,tie,1480,gardevoir-jellicent,0970,gardevoir-jellicent
8,556,p1,0892,gardevoir-jellicent,1145,ethan-typhlosion
8,557,p2,0225,gholdengo-lunatone,0903,charizard-pidgeot
8,558,p2,1479,cynthia-garchomp-ex,0265,gardevoir-jellicent
8,559,p2,1590,gardevoir-jellicent,0324,gardevoir-jellicent
8,560,tie,1665,flareon-noctowl,1596,gholdengo-lunatone
8,561,tie,1303,gardevoir-jellicent,0077,dragapult-dusknoir
8,562,p1,0364,flareon-noctowl,1585,grimmsnarl-froslass
8,563,p1,1055,gardevoir-jellicent,0516,grimmsnarl-froslass
8,564,p1,1690,joltik-box,0811,mega-venusaur-ex
8,565,p1,0099,dragapult-charizard,1311,charizard-pidgeot
8,566,p1,1516,raging-bolt-ogerpon,0982,dragapult-dusknoir
8,567,p1,0991,mega-absol-box,0082,raging-bolt-ogerpon
8,568,tie,0757,mega-absol-box,0695,cynthia-garchomp-ex
8,569,p1,0419,gholdengo-lunatone,1448,marnie-grimmsnarl-ex
8,570,p2,1268,charizard-noctowl,1503,dragapult-dusknoir
8,571,p2,1561,mega-absol-box,1142,hydrapple-ogerpon
8,572,tie,1215,gholdengo-lunatone,0012,gholdengo-joltik-box
8,573,p1,0996,gardevoir-jellicent,1161,dragapult-dusknoir
8,574,p1,1051,gholdengo-lunatone,1434,dragapult-dusknoir
8,575,p2,0288,n-zoroark,1153,gholdengo-lunatone
8,576,p1,1363,dragapult-dusknoir,0814,flareon-noctowl
8,577,p2,0232,dragapult-charizard,1430,n-zoroark
8,578,p1,0729,gardevoir-jellicent,1035,charizard-pidgeot
8,579,p2,0984,dragapult-dusknoir,1509,mega-absol-box
8,580,p2,0543,gholdengo-lunatone,1374,lopunny-dusknoir
8,581,p2,1105,dragapult-dusknoir,0024,lopunny-dusknoir
8,582,p2,1608,gholdengo-lunatone,0681,gholdengo-ex
8,583,p1,1005,gardevoir-jellicent,1058,dragapult-dusknoir
8,584,p2,0126,raging-bolt-ogerpon,1432,gardevoir-jellicent
8,585,p2,0348,ceruledge-ex,0255,gholdengo-lunatone
8,586,p1,0360,charizard-noctowl,0846,raging-bolt-ogerpon
8,587,p2,0869,raging-bolt-ogerpon,1422,manectric-eelektrik
8,588,p1,0630,gardevoir-jellicent,1198,charizard-noctowl
8,589,p1,0608,n-zoroark,0477,mega-absol-box
8,590,p1,1223,manectric-eelektrik,1077,grimmsnarl-froslass
8,591,tie,1591,gardevoir-jellicent,0670,dragapult-dusknoir
8,592,p1,0745,hydrapple-ex,0267,dragapult-dusknoir
8,593,p1,0019,raging-bolt-ogerpon,0207,gardevoir-jellicent
8,594,tie,1331,charizard-noctowl,0655,other
8,595,p2,1297,cynthia-garchomp-ex,1056,cynthia-garchomp-ex
8,596,tie,1609,?alakazam,0533,gholdengo-lunatone
8,597,p2,1239,espathra-xatu,0877,gardevoir-jellicent
8,598,tie,1598,other,0687,raging-bolt-ogerpon
8,599,p1,1581,charizard-noctowl,1444,grimmsnarl-froslass
8,600,p1,1564,flareon-noctowl,0085,charizard-noctowl
8,601,p2,0162,dragapult-dusknoir,0974,flareon-noctowl
8,602,p1,1663,gardevoir-jellicent,0102,charizard-pidgeot
8,603,p2,0821,dragapult-dusknoir,1327,gholdengo-lunatone
8,604,tie,0960,joltik-box,0228,charizard-pidgeot
8,605,p1,0876,gholdengo-lunatone,1493,grimmsnarl-froslass
8,606,p1,0574,alakazam-dudunsparce,1066,dragapult-charizard
8,607,tie,1556,dragapult-dusknoir,0458,gardevoir-jellicent
8,608,tie,1080,sharpedo-toxtricity,0586,dragapult-charizard
8,609,p2,1462,gholdengo-lunatone,1094,dragapult-dusknoir
8,610,p1,0351,alakazam-dudunsparce,0735,gholdengo-lunatone
8,611,p1,0150,lucario-hariyama,1065,gardevoir-jellicent
8,612,p1,0433,gholdengo-lunatone,0163,dragapult-dusknoir
8,613,tie,1524,other,0812,n-zoroark
8,614,p2,0059,cynthia-garchomp-ex,0505,charizard-noctowl
8,615,p2,0534,gholdengo-lunatone,0398,ceruledge-ex
8,616,p2,0602,gholdengo-lunatone,0901,alakazam-dudunsparce
8,617,p1,0976,gholdengo-lunatone,1686,gardevoir-jellicent
8,618,p1,0438,charizard-pidgeot,0233,gardevoir-jellicent
8,619,p2,1180,hydreigon-ex,1681,dragapult-charizard
8,620,p2,1362,gholdengo-ex,0940,gholdengo-lunatone
8,621,p1,1211,gardevoir-jellicent,0202,mega-venusaur-ex
8,622,p1,1463,greninja-blaziken,0881,dragapult-dusknoir
8,623,p2,1630,sharpedo-toxtricity,0375,dragapult-dusknoir
8,624,p1,1152,mega-absol-box,0407,ursaluna-lunatone
8,625,tie,0640,dragapult-dusknoir,0437,gardevoir-ex-sv
8,626,p2,1483,grimmsnarl-froslass,1438,dragapult-dusknoir
8,627,p2,1543,dragapult-charizard,1455,gholdengo-lunatone
8,628,p1,1205,tera-box,1236,mega-absol-box
8,629,p1,0528,greninja-ex,0164,gardevoir-jellicent
8,630,p1,0088,gardevoir-jellicent,0271,ethan-typhlosion
8,631,p2,1270,lucario-hariyama,1677,gardevoir-ex-sv
8,632,p2,0820,n-zoroark,1416,ogerpon-meganium
8,633,p1,0651,charizard-noctowl,0257,gardevoir-jellicent
8,634,p2,0352,gardevoir-ex-sv,1143,dragapult-dusknoir
8,635,p1,1361,gardevoir-jellicent,0853,gardevoir-jellicent
8,636,tie,0191,dragapult-dusknoir,0544,gardevoir-jellicent
8,637,p1,0379,gardevoir-jellicent,0104,gardevoir-jellicent
8,638,p2,0958,charizard-noctowl,0672,charizard-noctowl
8,639,p1,1314,gardevoir-ex-sv,0514,hydrapple-ogerpon
8,640,p1,0990,dragapult-charizard,1369,raging-bolt-ogerpon
8,641,p2,1371,gardevoir-jellicent,1307,charizard-pidgeot
8,642,p2,1352,gardevoir-jellicent,0297,dragapult-dusknoir
8,643,tie,0832,gardevoir-jellicent,0303,mega-sharpedo-ex
8,644,p2,0389,gardevoir-ex-sv,1655,sharpedo-toxtricity
8,645,p1,1214,dragapult-dusknoir,0251,greninja-ex
8,646,p2,0558,charizard-pidgeot,0031,flareon-noctowl
8,647,p1,1131,ceruledge-ex,1104,dragapult-ex
8,648,p2,0199,raging-bolt-ogerpon,1323,gholdengo-lunatone
8,649,p1,1505,charizard-pidgeot,0540,mega-absol-box
8,650,p1,0503,gholdengo-lunatone,0609,dragapult-dusknoir
8,651,p1,1243,mega-absol-box,0068,ceruledge-ex
8,652,p2,0549,slowking-scr,0086,raging-bolt-ex
8,841,p2,0485,greninja-ex,1678,gholdengo-lunatone
8,938,p2,0810,gardevoir-jellicent,0899,charizard-noctowl
9,1,p1,1133,gardevoir-jellicent,0665,raging-bolt-ogerpon
9,2,p1,0342,gardevoir-ex-sv,0944,mega-absol-box
9,3,p1,1520,grimmsnarl-froslass,0329,dragapult-charizard
9,4,p2,1173,gardevoir-jellicent,1440,gardevoir-ex-sv
9,5,p1,1159,gardevoir-ex-sv,0889,mega-absol-box
9,6,p1,0443,greninja-ex,1129,dragapult-dusknoir
9,7,p1,0415,charizard-pidgeot,1115,grimmsnarl-froslass
9,8,tie,0170,gardevoir-ex-sv,1095,raging-bolt-ogerpon
9,9,p1,0911,gholdengo-lunatone,0845,raging-bolt-ogerpon
9,10,p1,1209,gardevoir-ex-sv,1530,dragapult-dusknoir
9,11,p1,0276,raging-bolt-ogerpon,1139,gardevoir-jellicent
9,12,p1,1103,iron-hands-magneton,0103,charizard-noctowl
9,13,p2,0144,gardevoir-ex-sv,1156,dragapult-dusknoir
9,14,p2,1451,gholdengo-lunatone,1468,raging-bolt-ogerpon
9,15,p1,1628,gardevoir-ex-sv,0563,dragapult-ex
9,16,p2,0296,gholdengo-lunatone,0165,grimmsnarl-froslass
9,17,tie,0895,gardevoir-jellicent,0133,gholdengo-lunatone
9,18,tie,0785,dragapult-charizard,1572,gholdengo-lunatone
9,19,p1,0859,dragapult-dusknoir,1584,dragapult-charizard
9,20,p1,0291,grimmsnarl-froslass,0834,gholdengo-joltik-box
9,21,tie,0371,gholdengo-lunatone,0748,grimmsnarl-froslass
9,22,p1,0623,gholdengo-lunatone,1666,gholdengo-lunatone
9,23,p2,1668,ceruledge-ex,0649,dragapult-dusknoir
9,24,p2,0893,charizard-noctowl,0079,gardevoir-jellicent
9,25,p1,0311,gholdengo-lunatone,0685,dragapult-dusknoir
9,26,p2,0307,pidgeot-control,0886,gardevoir-ex-sv
9,27,p2,0632,alakazam-dudunsparce,1256,grimmsnarl-froslass
9,28,p2,1411,charizard-noctowl,1203,dragapult-dusknoir
9,29,p2,1639,dragapult-dusknoir,0270,charizard-noctowl
9,30,p1,0366,greninja-ex,0784,charizard-noctowl
9,31,p2,1045,dragapult-dusknoir,0552,gholdengo-lunatone
9,32,p2,0507,lopunny-dusknoir,0281,mega-absol-box
9,33,p2,0828,gardevoir-ex-sv,1106,dragapult-dusknoir
9,34,p2,0435,charizard-pidgeot,0393,charizard-noctowl
9,35,p2,0217,gardevoir-jellicent,1179,grimmsnarl-froslass
9,36,p1,1246,gholdengo-lunatone,1123,marnie-grimmsnarl-ex
9,37,p1,1529,charizard-noctowl,0306,?
9,38,p2,1367,gholdengo-lunatone,1089,charizard-pidgeot
9,39,p2,1226,dragapult-dusknoir,0494,charizard-noctowl
9,40,p2,0906,charizard-pidgeot,0394,gardevoir-jellicent
9,41,tie,0664,dragapult-dusknoir,1085,gholdengo-lunatone
9,42,p1,0309,raging-bolt-ogerpon,0273,gholdengo-lunatone
9,43,p1,0809,gholdengo-lunatone,1536,grimmsnarl-froslass
9,44,p1,1288,alakazam-dudunsparce,0425,gholdengo-lunatone
9,45,tie,1158,kangaskhan-bouffalant,1169,grimmsnarl-froslass
9,46,p1,0829,gardevoir-ex-sv,0756,gholdengo-lunatone
9,47,p1,0154,dragapult-dusknoir,1330,charizard-noctowl
9,48,tie,0356,grimmsnarl-froslass,0445,dragapult-dusknoir
9,49,p1,0484,gardevoir-ex-sv,0064,dragapult-dusknoir
9,50,tie,0258,charizard-noctowl,1319,gholdengo-lunatone
9,51,p2,1435,grimmsnarl-froslass,1071,alakazam-dudunsparce
9,52,p1,1098,gardevoir-jellicent,0100,gholdengo-lunatone
9,53,p1,0033,gardevoir-jellicent,1333,grimmsnarl-froslass
9,54,p1,1241,dragapult-dusknoir,1565,dragapult-dusknoir
9,55,p2,1568,charizard-pidgeot,0060,dragapult-dusknoir
9,56,p1,0155,charizard-noctowl,0480,dragapult-charizard
9,57,p1,0718,gholdengo-lunatone,1413,dragapult-dusknoir
9,58,tie,0950,dragapult-dusknoir,0349,gardevoir-ex-sv
9,59,p1,1458,gholdengo-lunatone,1624,dragapult-dusknoir
9,60,p2,0367,gardevoir-jellicent,1548,gholdengo-lunatone
9,61,p1,1275,charizard-noctowl,0587,tera-box
9,62,p1,0535,gholdengo-lunatone,0629,dragapult-dusknoir
9,63,p2,0385,gholdengo-lunatone,0025,gardevoir-jellicent
9,64,p1,0826,dragapult-dusknoir,1635,sharpedo-toxtricity
9,65,p2,1651,dragapult-dusknoir,1091,grimmsnarl-froslass
9,66,p1,1459,charizard-noctowl,1119,gholdengo-lunatone
9,67,p1,1353,kangaskhan-bouffalant,1647,dragapult-dusknoir
9,68,tie,0201,gholdengo-lunatone,1216,gardevoir-jellicent
9,69,p2,1107,froslass-munkidori,0833,gardevoir-ex-sv
9,70,tie,0653,gholdengo-joltik-box,1285,n-zoroark
9,71,p2,0222,charizard-noctowl,1484,gholdengo-lunatone
9,72,p1,0278,gardevoir-jellicent,1204,gholdengo-lunatone
9,73,p1,0995,gholdengo-lunatone,1566,ceruledge-ex
9,74,p1,0666,gardevoir-jellicent,0448,ceruledge-ex
9,75,p2,1337,raging-bolt-ogerpon,0196,gardevoir-jellicent
9,76,p2,0541,gardevoir-ex-sv,0639,charizard-pidgeot
9,77,tie,1102,raging-bolt-ogerpon,1188,dragapult-dusknoir
9,78,p1,1469,charizard-noctowl,1471,dragapult-dusknoir
9,79,tie,0032,tera-box,1004,gardevoir-jellicent
9,80,tie,0400,dragapult-dusknoir,0197,raging-bolt-ogerpon
9,81,p1,1487,dragapult-dusknoir,0312,sharpedo-toxtricity
9,82,p1,0101,gardevoir-jellicent,1120,dragapult-dusknoir
9,83,p1,0546,grimmsnarl-froslass,1576,dragapult-charizard
9,84,tie,0115,grimmsnarl-froslass,1461,gholdengo-lunatone
9,85,p2,0553,charizard-noctowl,0860,dragapult-dusknoir
9,86,p2,0308,raging-bolt-ogerpon,0208,charizard-noctowl
9,87,p2,0057,charizard-noctowl,0380,pidgeot-control
9,88,p1,0392,alakazam-dudunsparce,1421,alakazam-dudunsparce
9,89,p1,0323,charizard-noctowl,1670,charizard-noctowl
9,90,p2,0215,charizard-pidgeot,0657,charizard-noctowl
9,91,p2,0802,raging-bolt-ogerpon,0924,gholdengo-lunatone
9,92,p2,0583,dragapult-dusknoir,0611,gholdengo-lunatone
9,93,p1,0212,dragapult-dusknoir,1538,dragapult-dusknoir
9,94,p1,0252,tera-box,1088,gardevoir-ex-sv
9,95,tie,0794,gardevoir-jellicent,0509,dragapult-dusknoir
9,96,p1,1474,joltik-box,1380,gholdengo-lunatone
9,97,p2,0475,dragapult-dusknoir,0806,gardevoir-ex-sv
9,98,p1,1298,dragapult-dusknoir,0617,raging-bolt-ogerpon
9,99,p2,0397,charizard-noctowl,0035,dragapult-dusknoir
9,100,p2,0770,dragapult-dusknoir,1251,mega-absol-box
9,101,tie,1190,gardevoir-ex-sv,1481,dragapult-dusknoir
9,102,p2,1182,dragapult-dusknoir,0702,dragapult-charizard
9,103,p2,1365,mega-absol-box,0582,charizard-noctowl
9,104,p2,0852,gholdengo-ex,0800,gholdengo-lunatone
9,105,p2,0463,raging-bolt-ogerpon,0479,charizard-noctowl
9,106,p2,0874,gholdengo-lunatone,0517,gholdengo-lunatone
9,107,p1,0152,greninja-ex,1087,cynthia-garchomp-ex
9,108,p2,0562,kangaskhan-bouffalant,0975,gardevoir-jellicent
9,109,p2,0965,raging-bolt-ogerpon,1616,joltik-box
9,110,p1,0696,dragapult-dusknoir,0706,grimmsnarl-froslass
9,111,p2,1312,raging-bolt-ogerpon,0896,dragapult-dusknoir
9,112,p1,0656,gardevoir-jellicent,1398,gardevoir-jellicent
9,113,p2,1292,dragapult-dusknoir,0710,gholdengo-lunatone
9,114,p1,0923,dragapult-dusknoir,1125,grimmsnarl-froslass
9,115,p1,1261,crustle-dri,0131,dragapult-dusknoir
9,116,p2,0882,mega-absol-box,1151,gholdengo-lunatone
9,117,p2,1092,gholdengo-lunatone,0249,dragapult-dusknoir
9,118,p2,1031,gholdengo-lunatone,0107,gardevoir-jellicent
9,119,p2,1579,dragapult-dusknoir,1401,dragapult-dusknoir
9,120,p2,0637,gholdengo-joltik-box,0939,gardevoir-jellicent
9,121,p1,1208,charizard-noctowl,1373,dragapult-charizard
9,122,p2,1400,ceruledge-ex,0716,raging-bolt-ogerpon
9,123,p2,0724,iron-hands-magneton,0530,charizard-noctowl
9,124,tie,0772,gholdengo-lunatone,0713,gholdengo-lunatone
9,125,p2,0607,dragapult-dusknoir,1597,charizard-noctowl
9,126,tie,0660,grimmsnarl-froslass,0978,gholdengo-lunatone
9,127,p2,0709,gholdengo-lunatone,1018,charizard-noctowl
9,128,p1,1675,gardevoir-ex-sv,1657,gholdengo-lunatone
9,129,p2,1003,raging-bolt-ogerpon,1473,dragapult-dusknoir
9,130,p1,1248,gholdengo-lunatone,1149,charizard-noctowl
9,131,tie,0870,dragapult-dusknoir,0576,dragapult-charizard
9,132,tie,1386,dragapult-dusknoir,1036,gholdengo-lunatone
9,133,p2,1012,gardevoir-jellicent,1039,gholdengo-joltik-box
9,134,p1,1075,gholdengo-lunatone,0502,dragapult-dusknoir
9,135,p2,1195,gholdengo-lunatone,0401,iron-hands-magneton
9,136,p1,1168,charizard-noctowl,1235,gardevoir-ex-sv
9,137,tie,1032,gholdengo-lunatone,0427,gholdengo-lunatone
9,841,p2,1678,gholdengo-lunatone,0569,charizard-noctowl
9,,bye,0326,dragapult-dusknoir,,
10,1,tie,1133,gardevoir-jellicent,0342,gardevoir-ex-sv
10,2,tie,1520,grimmsnarl-froslass,0443,greninja-ex
10,3,p2,1440,gardevoir-ex-sv,1159,gardevoir-ex-sv
10,4,tie,0911,gholdengo-lunatone,1209,gardevoir-ex-sv
10,5,tie,0415,charizard-pidgeot,0079,gardevoir-jellicent
10,6,p1,0944,mega-absol-box,0886,gardevoir-ex-sv
10,7,p2,1203,dragapult-dusknoir,0165,grimmsnarl-froslass
10,8,p1,0329,dragapult-charizard,0649,dragapult-dusknoir
10,9,p2,1103,iron-hands-magneton,1628,gardevoir-ex-sv
10,10,tie,0276,raging-bolt-ogerpon,0623,gholdengo-lunatone
10,11,p2,0665,raging-bolt-ogerpon,0311,gholdengo-lunatone
10,12,p2,1156,dragapult-dusknoir,1468,raging-bolt-ogerpon
10,13,tie,0291,grimmsnarl-froslass,1256,grimmsnarl-froslass
10,14,p1,0859,dragapult-dusknoir,0889,mega-absol-box
10,15,p2,1173,gardevoir-jellicent,0270,charizard-noctowl
10,16,p1,1129,dragapult-dusknoir,0281,mega-absol-box
10,17,p1,0170,gardevoir-ex-sv,0552,gholdengo-lunatone
10,18,p2,1095,raging-bolt-ogerpon,0366,greninja-ex
10,19,p1,0845,raging-bolt-ogerpon,0033,gardevoir-jellicent
10,20,p1,0060,dragapult-dusknoir,0484,gardevoir-ex-sv
10,21,p2,1179,grimmsnarl-froslass,0809,gholdengo-lunatone
10,22,tie,1246,gholdengo-lunatone,0895,gardevoir-jellicent
10,23,tie,0494,charizard-noctowl,1071,alakazam-dudunsparce
10,24,p2,1115,grimmsnarl-froslass,0829,gardevoir-ex-sv
10,25,p2,1106,dragapult-dusknoir,0154,dragapult-dusknoir
10,26,p2,0785,dragapult-charizard,1458,gholdengo-lunatone
10,27,p2,0309,raging-bolt-ogerpon,0393,charizard-noctowl
10,28,p2,0718,gholdengo-lunatone,0155,charizard-noctowl
10,29,p1,1089,charizard-pidgeot,0394,gardevoir-jellicent
10,30,p2,0133,gholdengo-lunatone,1529,charizard-noctowl
10,31,p2,0748,grimmsnarl-froslass,1288,alakazam-dudunsparce
10,32,p2,1572,gholdengo-lunatone,1241,dragapult-dusknoir
10,33,p1,1098,gardevoir-jellicent,0371,gholdengo-lunatone
10,34,p2,0924,gholdengo-lunatone,0710,gholdengo-lunatone
10,35,p1,1597,charizard-noctowl,0530,charizard-noctowl
10,36,p2,0569,charizard-noctowl,0563,dragapult-ex
10,37,tie,0657,charizard-noctowl,1411,charizard-noctowl
10,38,p2,0392,alakazam-dudunsparce,1459,charizard-noctowl
10,39,tie,0307,pidgeot-control,1548,gholdengo-lunatone
10,40,p1,0639,charizard-pidgeot,0401,iron-hands-magneton
10,41,p2,1261,crustle-dri,0975,gardevoir-jellicent
10,42,p2,0035,dragapult-dusknoir,0833,gardevoir-ex-sv
10,43,tie,0893,charizard-noctowl,1666,gholdengo-lunatone
10,44,p2,1484,gholdengo-lunatone,0923,dragapult-dusknoir
10,45,tie,0517,gholdengo-lunatone,0208,charizard-noctowl
10,46,p1,1668,ceruledge-ex,1075,gholdengo-lunatone
10,47,tie,0025,gardevoir-jellicent,1151,gholdengo-lunatone
10,48,p2,0611,gholdengo-lunatone,0632,alakazam-dudunsparce
10,49,p1,0696,dragapult-dusknoir,1675,gardevoir-ex-sv
10,50,p1,0716,raging-bolt-ogerpon,0834,gholdengo-joltik-box
10,51,tie,1039,gholdengo-joltik-box,1298,dragapult-dusknoir
10,52,p2,0535,gholdengo-lunatone,0896,dragapult-dusknoir
10,53,p2,0546,grimmsnarl-froslass,0278,gardevoir-jellicent
10,54,p2,1275,charizard-noctowl,0103,charizard-noctowl
10,55,p2,0860,dragapult-dusknoir,0800,gholdengo-lunatone
10,56,p2,0107,gardevoir-jellicent,0252,tera-box
10,57,p1,1208,charizard-noctowl,1251,mega-absol-box
10,58,p2,1018,charizard-noctowl,0326,dragapult-dusknoir
10,59,tie,1091,grimmsnarl-froslass,1584,dragapult-charizard
10,60,p1,1168,charizard-noctowl,1451,gholdengo-lunatone
10,61,p1,0380,pidgeot-control,0101,gardevoir-jellicent
10,62,p1,0296,gholdengo-lunatone,1139,gardevoir-jellicent
10,63,tie,0666,gardevoir-jellicent,0196,gardevoir-jellicent
10,64,tie,0995,gholdengo-lunatone,1530,dragapult-dusknoir
10,65,p2,0144,gardevoir-ex-sv,0582,charizard-noctowl
10,66,p1,1401,dragapult-dusknoir,1469,charizard-noctowl
10,67,p2,0152,greninja-ex,0806,gardevoir-ex-sv
10,68,p1,1487,dragapult-dusknoir,1473,dragapult-dusknoir
10,69,p2,0826,dragapult-dusknoir,0249,dragapult-dusknoir
10,70,tie,0479,charizard-noctowl,0323,charizard-noctowl
10,71,p1,1639,dragapult-dusknoir,1616,joltik-box
10,72,p1,0702,dragapult-charizard,1474,joltik-box
10,73,p1,1353,kangaskhan-bouffalant,0656,gardevoir-jellicent
10,74,p1,0685,dragapult-dusknoir,0212,dragapult-dusknoir
10,75,p1,0939,gardevoir-jellicent,1248,gholdengo-lunatone
10,76,p2,0349,gardevoir-ex-sv,0828,gardevoir-ex-sv
10,77,tie,1085,gholdengo-lunatone,1158,kangaskhan-bouffalant
10,78,p2,0950,dragapult-dusknoir,0258,charizard-noctowl
10,79,p1,1319,gholdengo-lunatone,0784,charizard-noctowl
10,80,p1,1169,grimmsnarl-froslass,0664,dragapult-dusknoir
10,81,tie,0507,lopunny-dusknoir,0445,dragapult-dusknoir
10,82,p2,1045,dragapult-dusknoir,0356,grimmsnarl-froslass
10,83,p2,0756,gholdengo-lunatone,0772,gholdengo-lunatone
10,84,tie,1624,dragapult-dusknoir,1568,charizard-pidgeot
10,85,p1,0509,dragapult-dusknoir,1565,dragapult-dusknoir
10,86,p2,0794,gardevoir-jellicent,0032,tera-box
10,87,p2,1330,charizard-noctowl,1188,dragapult-dusknoir
10,88,p2,1435,grimmsnarl-froslass,0713,gholdengo-lunatone
10,89,p2,0906,charizard-pidgeot,0100,gholdengo-lunatone
10,90,p1,1413,dragapult-dusknoir,1461,gholdengo-lunatone
10,91,p2,0978,gholdengo-lunatone,1367,gholdengo-lunatone
10,92,tie,0201,gholdengo-lunatone,0870,dragapult-dusknoir
10,93,p1,1032,gholdengo-lunatone,0435,charizard-pidgeot
10,94,tie,1333,grimmsnarl-froslass,0660,grimmsnarl-froslass
10,95,p2,1536,grimmsnarl-froslass,1004,gardevoir-jellicent
10,96,p1,1285,n-zoroark,0306,?
10,97,p2,0197,raging-bolt-ogerpon,0217,gardevoir-jellicent
10,98,p1,0480,dragapult-charizard,0653,gholdengo-joltik-box
10,99,p1,0273,gholdengo-lunatone,1216,gardevoir-jellicent
10,100,tie,1123,marnie-grimmsnarl-ex,1102,raging-bolt-ogerpon
10,101,tie,1226,dragapult-dusknoir,0367,gardevoir-jellicent
10,102,tie,1036,gholdengo-lunatone,0400,dragapult-dusknoir
10,103,p2,1190,gardevoir-ex-sv,1386,dragapult-dusknoir
10,104,p2,0425,gholdengo-lunatone,0427,gholdengo-lunatone
10,105,p1,1481,dragapult-dusknoir,0576,dragapult-charizard
10,106,p1,0115,grimmsnarl-froslass,0064,dragapult-dusknoir
10,107,tie,0463,raging-bolt-ogerpon,1651,dragapult-dusknoir
10,108,p2,1576,dragapult-charizard,1647,dragapult-dusknoir
10,109,p2,0802,raging-bolt-ogerpon,1421,alakazam-dudunsparce
10,110,p2,1087,cynthia-garchomp-ex,1235,gardevoir-ex-sv
10,111,p1,0607,dragapult-dusknoir,0502,dragapult-dusknoir
10,112,p2,1400,ceruledge-ex,0724,iron-hands-magneton
10,113,tie,0397,charizard-noctowl,0965,raging-bolt-ogerpon
10,114,p1,1149,charizard-noctowl,1088,gardevoir-ex-sv
10,115,p1,0057,charizard-noctowl,1003,raging-bolt-ogerpon
10,116,p2,1120,dragapult-dusknoir,1107,froslass-munkidori
10,117,p2,1195,gholdengo-lunatone,1204,gholdengo-lunatone
10,118,p2,1031,gholdengo-lunatone,0215,charizard-pidgeot
10,119,p2,0709,gholdengo-lunatone,1312,raging-bolt-ogerpon
10,120,p2,0448,ceruledge-ex,0617,raging-bolt-ogerpon
10,121,p2,0312,sharpedo-toxtricity,1092,gholdengo-lunatone
10,122,p1,1380,gholdengo-lunatone,0131,dragapult-dusknoir
10,123,p2,1119,gholdengo-lunatone,0706,grimmsnarl-froslass
10,124,p2,0770,dragapult-dusknoir,1125,grimmsnarl-froslass
10,125,p2,0475,dragapult-dusknoir,0541,gardevoir-ex-sv
10,126,p2,1657,gholdengo-lunatone,1579,dragapult-dusknoir
10,127,tie,0222,charizard-noctowl,0882,mega-absol-box
10,128,p1,0308,raging-bolt-ogerpon,0852,gholdengo-ex
10,129,p2,1337,raging-bolt-ogerpon,0583,dragapult-dusknoir
10,130,p1,1538,dragapult-dusknoir,1373,dragapult-charizard
10,131,p1,1365,mega-absol-box,1012,gardevoir-jellicent
10,132,tie,1398,gardevoir-jellicent,0562,kangaskhan-bouffalant
10,133,tie,0385,gholdengo-lunatone,0587,tera-box
10,134,tie,0629,dragapult-dusknoir,1566,ceruledge-ex
10,135,p1,0553,charizard-noctowl,0637,gholdengo-joltik-box
10,136,p1,1471,dragapult-dusknoir,1635,sharpedo-toxtricity
10,137,p2,1182,dragapult-dusknoir,1292,dragapult-dusknoir
10,144,p2,1678,gholdengo-lunatone,0874,gholdengo-lunatone
11,1,tie,1133,gardevoir-jellicent,1159,gardevoir-ex-sv
11,2,tie,0342,gardevoir-ex-sv,1520,grimmsnarl-froslass
11,3,p1,0859,dragapult-dusknoir,0443,greninja-ex
11,4,p1,0329,dragapult-charizard,0944,mega-absol-box
11,5,p1,1468,raging-bolt-ogerpon,0165,grimmsnarl-froslass
11,6,p2,1628,gardevoir-ex-sv,0311,gholdengo-lunatone
11,7,p1,0911,gholdengo-lunatone,1129,dragapult-dusknoir
11,8,p1,0170,gardevoir-ex-sv,0415,charizard-pidgeot
11,9,p1,1440,gardevoir-ex-sv,0270,charizard-noctowl
11,10,p1,0366,greninja-ex,1209,gardevoir-ex-sv
11,11,p2,1089,charizard-pidgeot,0291,grimmsnarl-froslass
11,12,p2,0809,gholdengo-lunatone,0393,charizard-noctowl
11,13,p2,1529,charizard-noctowl,0623,gholdengo-lunatone
11,14,p1,0079,gardevoir-jellicent,0829,gardevoir-ex-sv
11,15,tie,0276,raging-bolt-ogerpon,0155,charizard-noctowl
11,16,tie,1241,dragapult-dusknoir,1458,gholdengo-lunatone
11,17,p1,0154,dragapult-dusknoir,1288,alakazam-dudunsparce
11,18,p1,1256,grimmsnarl-froslass,0845,raging-bolt-ogerpon
11,19,p1,1098,gardevoir-jellicent,0060,dragapult-dusknoir
11,20,p2,0582,charizard-noctowl,0939,gardevoir-jellicent
11,21,p1,0632,alakazam-dudunsparce,0103,charizard-noctowl
11,22,p1,0806,gardevoir-ex-sv,0296,gholdengo-lunatone
11,23,p2,0563,dragapult-ex,0886,gardevoir-ex-sv
11,24,p2,1156,dragapult-dusknoir,0710,gholdengo-lunatone
11,25,p2,0278,gardevoir-jellicent,1668,ceruledge-ex
11,26,p2,0702,dragapult-charizard,0685,dragapult-dusknoir
11,27,p2,1487,dragapult-dusknoir,0380,pidgeot-control
11,28,p2,0696,dragapult-dusknoir,0639,charizard-pidgeot
11,29,p2,1208,charizard-noctowl,1168,charizard-noctowl
11,30,p2,0665,raging-bolt-ogerpon,0833,gardevoir-ex-sv
11,31,p1,1103,iron-hands-magneton,0716,raging-bolt-ogerpon
11,32,p1,1401,dragapult-dusknoir,0252,tera-box
11,33,tie,1597,charizard-noctowl,1353,kangaskhan-bouffalant
11,34,p1,0649,dragapult-dusknoir,0923,dragapult-dusknoir
11,35,p2,0975,gardevoir-jellicent,1203,dragapult-dusknoir
11,36,p2,0800,gholdengo-lunatone,0249,dragapult-dusknoir
11,37,p2,1639,dragapult-dusknoir,0326,dragapult-dusknoir
11,38,p1,1459,charizard-noctowl,0896,dragapult-dusknoir
11,39,p2,1173,gardevoir-jellicent,1169,grimmsnarl-froslass
11,40,tie,0552,gholdengo-lunatone,1071,alakazam-dudunsparce
11,41,p1,0889,mega-absol-box,0494,charizard-noctowl
11,42,p1,0258,charizard-noctowl,0828,gardevoir-ex-sv
11,43,p2,1246,gholdengo-lunatone,1319,gholdengo-lunatone
11,44,p1,0356,grimmsnarl-froslass,0895,gardevoir-jellicent
11,45,p2,0281,mega-absol-box,1095,raging-bolt-ogerpon
11,46,p1,0479,charizard-noctowl,1666,gholdengo-lunatone
11,47,p1,0785,dragapult-charizard,0033,gardevoir-jellicent
11,48,p2,1106,dragapult-dusknoir,0307,pidgeot-control
11,49,tie,0718,gholdengo-lunatone,0025,gardevoir-jellicent
11,50,p2,0371,gholdengo-lunatone,0115,grimmsnarl-froslass
11,51,p1,0480,dragapult-charizard,0509,dragapult-dusknoir
11,52,p2,0995,gholdengo-lunatone,1091,grimmsnarl-froslass
11,53,p2,1179,grimmsnarl-froslass,0427,gholdengo-lunatone
11,54,p1,0309,raging-bolt-ogerpon,0100,gholdengo-lunatone
11,55,tie,1411,charizard-noctowl,0032,tera-box
11,56,p1,0748,grimmsnarl-froslass,1413,dragapult-dusknoir
11,57,tie,0666,gardevoir-jellicent,0133,gholdengo-lunatone
11,58,tie,0208,charizard-noctowl,0323,charizard-noctowl
11,59,p1,1151,gholdengo-lunatone,0484,gardevoir-ex-sv
11,60,p2,1572,gholdengo-lunatone,1032,gholdengo-lunatone
11,61,p2,1039,gholdengo-joltik-box,0657,charizard-noctowl
11,62,p1,1188,dragapult-dusknoir,1285,n-zoroark
11,63,p2,1481,dragapult-dusknoir,1298,dragapult-dusknoir
11,64,p2,1530,dragapult-dusknoir,1386,dragapult-dusknoir
11,65,tie,0217,gardevoir-jellicent,1367,gholdengo-lunatone
11,66,p2,0517,gholdengo-lunatone,0273,gholdengo-lunatone
11,67,p1,1115,grimmsnarl-froslass,0713,gholdengo-lunatone
11,68,p2,1004,gardevoir-jellicent,0196,gardevoir-jellicent
11,69,p1,0394,gardevoir-jellicent,0772,gholdengo-lunatone
11,70,p2,1548,gholdengo-lunatone,1584,dragapult-charizard
11,71,p1,0893,charizard-noctowl,0826,dragapult-dusknoir
11,72,p1,0107,gardevoir-jellicent,1107,froslass-munkidori
11,73,p2,1235,gardevoir-ex-sv,1484,gholdengo-lunatone
11,74,p2,1251,mega-absol-box,0144,gardevoir-ex-sv
11,75,p1,1474,joltik-box,0445,dragapult-dusknoir
11,76,p1,0706,grimmsnarl-froslass,1647,dragapult-dusknoir
11,77,p2,0308,raging-bolt-ogerpon,0541,gardevoir-ex-sv
11,78,p1,1092,gholdengo-lunatone,1312,raging-bolt-ogerpon
11,79,p2,1365,mega-absol-box,1469,charizard-noctowl
11,80,p2,1075,gholdengo-lunatone,0874,gholdengo-lunatone
11,81,tie,0057,charizard-noctowl,1149,charizard-noctowl
11,82,p1,1158,kangaskhan-bouffalant,1261,crustle-dri
11,83,p1,1275,charizard-noctowl,0569,charizard-noctowl
11,84,p1,0035,dragapult-dusknoir,0860,dragapult-dusknoir
11,85,p1,0212,dragapult-dusknoir,1421,alakazam-dudunsparce
11,86,tie,0724,iron-hands-magneton,1139,gardevoir-jellicent
11,87,p1,0530,charizard-noctowl,1471,dragapult-dusknoir
11,88,p1,0507,lopunny-dusknoir,1125,grimmsnarl-froslass
11,89,p1,0656,gardevoir-jellicent,0535,gholdengo-lunatone
11,90,tie,0101,gardevoir-jellicent,1579,dragapult-dusknoir
11,91,p2,0924,gholdengo-lunatone,0617,raging-bolt-ogerpon
11,92,p2,1248,gholdengo-lunatone,1204,gholdengo-lunatone
11,93,p2,1616,joltik-box,0152,greninja-ex
11,94,tie,0553,charizard-noctowl,0392,alakazam-dudunsparce
11,95,p1,0215,charizard-pidgeot,0401,iron-hands-magneton
11,96,p1,1292,dragapult-dusknoir,1538,dragapult-dusknoir
11,97,tie,0607,dragapult-dusknoir,0611,gholdengo-lunatone
11,98,p2,0583,dragapult-dusknoir,1380,gholdengo-lunatone
11,99,p1,1675,gardevoir-ex-sv,1473,dragapult-dusknoir
11,100,p1,0834,gholdengo-joltik-box,1018,charizard-noctowl
11,101,p1,1451,gholdengo-lunatone,1085,gholdengo-lunatone
11,102,p2,0546,grimmsnarl-froslass,0400,dragapult-dusknoir
11,103,p1,0201,gholdengo-lunatone,0349,gardevoir-ex-sv
11,104,p2,1226,dragapult-dusknoir,1624,dragapult-dusknoir
11,105,p2,1036,gholdengo-lunatone,0950,dragapult-dusknoir
11,106,p1,0784,charizard-noctowl,1568,charizard-pidgeot
11,107,tie,0660,grimmsnarl-froslass,1123,marnie-grimmsnarl-ex
11,108,p2,1333,grimmsnarl-froslass,0367,gardevoir-jellicent
11,109,p2,0870,dragapult-dusknoir,1102,raging-bolt-ogerpon
11,110,p1,1045,dragapult-dusknoir,0664,dragapult-dusknoir
11,111,p1,1566,ceruledge-ex,1190,gardevoir-ex-sv
11,112,p2,0425,gholdengo-lunatone,1651,dragapult-dusknoir
11,113,p1,1216,gardevoir-jellicent,0978,gholdengo-lunatone
11,114,p1,0756,gholdengo-lunatone,0562,kangaskhan-bouffalant
11,115,p1,0197,raging-bolt-ogerpon,0306,?
11,116,p1,0064,dragapult-dusknoir,1330,charizard-noctowl
11,117,p2,0653,gholdengo-joltik-box,0882,mega-absol-box
11,118,p1,0587,tera-box,0965,raging-bolt-ogerpon
11,119,p2,1565,dragapult-dusknoir,1461,gholdengo-lunatone
11,120,p1,1398,gardevoir-jellicent,0397,charizard-noctowl
11,121,p1,0794,gardevoir-jellicent,0222,charizard-noctowl
11,122,p1,0463,raging-bolt-ogerpon,0629,dragapult-dusknoir
11,123,p2,1536,grimmsnarl-froslass,0576,dragapult-charizard
11,124,p1,0435,charizard-pidgeot,0906,charizard-pidgeot
11,125,p1,0385,gholdengo-lunatone,1635,sharpedo-toxtricity
11,126,p1,1012,gardevoir-jellicent,1031,gholdengo-lunatone
11,127,p1,1195,gholdengo-lunatone,1182,dragapult-dusknoir
11,128,tie,1576,dragapult-charizard,0802,raging-bolt-ogerpon
11,129,tie,1088,gardevoir-ex-sv,0852,gholdengo-ex
11,130,p1,0475,dragapult-dusknoir,0709,gholdengo-lunatone
11,131,p1,0312,sharpedo-toxtricity,1087,cynthia-garchomp-ex
11,132,p2,1373,dragapult-charizard,1400,ceruledge-ex
11,133,p2,1003,raging-bolt-ogerpon,1119,gholdengo-lunatone
11,134,p1,0502,dragapult-dusknoir,0448,ceruledge-ex
11,135,p2,0637,gholdengo-joltik-box,1120,dragapult-dusknoir
11,136,p1,0770,dragapult-dusknoir,0131,dragapult-dusknoir
11,144,p1,1678,gholdengo-lunatone,1337,raging-bolt-ogerpon
11,,bye,1657,gholdengo-lunatone,,
12,1,p2,1133,gardevoir-jellicent,0311,gholdengo-lunatone
12,2,p1,1468,raging-bolt-ogerpon,0329,dragapult-charizard
12,3,p1,0859,dragapult-dusknoir,1159,gardevoir-ex-sv
12,4,p1,0170,gardevoir-ex-sv,0366,greninja-ex
12,5,p1,1520,grimmsnarl-froslass,0911,gholdengo-lunatone
12,6,tie,0342,gardevoir-ex-sv,1440,gardevoir-ex-sv
12,7,p1,0079,gardevoir-jellicent,1098,gardevoir-jellicent
12,8,p1,0623,gholdengo-lunatone,0393,charizard-noctowl
12,9,p1,1256,grimmsnarl-froslass,0154,dragapult-dusknoir
12,10,p1,0291,grimmsnarl-froslass,0632,alakazam-dudunsparce
12,11,p2,1628,gardevoir-ex-sv,1203,dragapult-dusknoir
12,12,p2,0833,gardevoir-ex-sv,1459,charizard-noctowl
12,13,p2,0639,charizard-pidgeot,0806,gardevoir-ex-sv
12,14,p1,0326,dragapult-dusknoir,0249,dragapult-dusknoir
12,15,p1,0939,gardevoir-jellicent,0380,pidgeot-control
12,16,p1,0944,mega-absol-box,0710,gholdengo-lunatone
12,17,p2,1668,ceruledge-ex,0886,gardevoir-ex-sv
12,18,p1,1103,iron-hands-magneton,0443,greninja-ex
12,19,p1,0649,dragapult-dusknoir,0685,dragapult-dusknoir
12,20,p1,1401,dragapult-dusknoir,1168,charizard-noctowl
12,21,p2,0165,grimmsnarl-froslass,1458,gholdengo-lunatone
12,22,p1,1095,raging-bolt-ogerpon,0356,grimmsnarl-froslass
12,23,p2,0889,mega-absol-box,1319,gholdengo-lunatone
12,24,tie,1169,grimmsnarl-froslass,1209,gardevoir-ex-sv
12,25,p2,0270,charizard-noctowl,0415,charizard-pidgeot
12,26,p2,1241,dragapult-dusknoir,1129,dragapult-dusknoir
12,27,tie,0155,charizard-noctowl,0258,charizard-noctowl
12,28,p1,0276,raging-bolt-ogerpon,1288,alakazam-dudunsparce
12,29,p2,0309,raging-bolt-ogerpon,0480,dragapult-charizard
12,30,p2,1188,dragapult-dusknoir,0307,pidgeot-control
12,31,p1,0273,gholdengo-lunatone,1032,gholdengo-lunatone
12,32,p2,0394,gardevoir-jellicent,1151,gholdengo-lunatone
12,33,p1,0657,charizard-noctowl,1597,charizard-noctowl
12,34,p2,0115,grimmsnarl-froslass,1386,dragapult-dusknoir
12,35,tie,0196,gardevoir-jellicent,1353,kangaskhan-bouffalant
12,36,p2,1584,dragapult-charizard,1115,grimmsnarl-froslass
12,37,p2,0427,gholdengo-lunatone,1529,charizard-noctowl
12,38,tie,1089,charizard-pidgeot,1091,grimmsnarl-froslass
12,39,tie,0748,grimmsnarl-froslass,0785,dragapult-charizard
12,40,p1,0060,dragapult-dusknoir,0829,gardevoir-ex-sv
12,41,p1,0845,raging-bolt-ogerpon,1298,dragapult-dusknoir
12,42,p1,0809,gholdengo-lunatone,0893,charizard-noctowl
12,43,tie,0479,charizard-noctowl,1380,gholdengo-lunatone
12,44,p2,0800,gholdengo-lunatone,0152,greninja-ex
12,45,p2,1092,gholdengo-lunatone,1292,dragapult-dusknoir
12,46,p2,0874,gholdengo-lunatone,0582,charizard-noctowl
12,47,p2,0656,gardevoir-jellicent,0507,lopunny-dusknoir
12,48,p1,1639,dragapult-dusknoir,0702,dragapult-charizard
12,49,p1,0617,raging-bolt-ogerpon,0716,raging-bolt-ogerpon
12,50,p1,0834,gholdengo-joltik-box,0896,dragapult-dusknoir
12,51,p1,0252,tera-box,0665,raging-bolt-ogerpon
12,52,p1,1204,gholdengo-lunatone,0552,gholdengo-lunatone
12,53,p1,0696,dragapult-dusknoir,0107,gardevoir-jellicent
12,54,tie,1275,charizard-noctowl,1487,dragapult-dusknoir
12,55,p1,1469,charizard-noctowl,1675,gardevoir-ex-sv
12,56,p2,0706,grimmsnarl-froslass,1474,joltik-box
12,57,p1,0975,gardevoir-jellicent,1158,kangaskhan-bouffalant
12,58,p1,0923,dragapult-dusknoir,0541,gardevoir-ex-sv
12,59,p1,1451,gholdengo-lunatone,0035,dragapult-dusknoir
12,60,p2,0278,gardevoir-jellicent,0563,dragapult-ex
12,61,p1,0144,gardevoir-ex-sv,1484,gholdengo-lunatone
12,62,p2,1156,dragapult-dusknoir,0212,dragapult-dusknoir
12,63,tie,0530,charizard-noctowl,1208,charizard-noctowl
12,64,p2,0296,gholdengo-lunatone,0215,charizard-pidgeot
12,65,p1,0103,charizard-noctowl,1071,alakazam-dudunsparce
12,66,tie,0323,charizard-noctowl,0133,gholdengo-lunatone
12,67,p1,0208,charizard-noctowl,0025,gardevoir-jellicent
12,68,p1,0895,gardevoir-jellicent,1367,gholdengo-lunatone
12,69,p2,1411,charizard-noctowl,1045,dragapult-dusknoir
12,70,tie,1102,raging-bolt-ogerpon,0718,gholdengo-lunatone
12,71,p1,0032,tera-box,0494,charizard-noctowl
12,72,p1,0828,gardevoir-ex-sv,0400,dragapult-dusknoir
12,73,p2,1246,gholdengo-lunatone,1173,gardevoir-jellicent
12,74,p1,0950,dragapult-dusknoir,0367,gardevoir-jellicent
12,75,tie,1624,dragapult-dusknoir,0217,gardevoir-jellicent
12,76,p1,0281,mega-absol-box,0784,charizard-noctowl
12,77,p1,0201,gholdengo-lunatone,0666,gardevoir-jellicent
12,78,p1,0576,dragapult-charizard,0197,raging-bolt-ogerpon
12,79,p1,1106,dragapult-dusknoir,0064,dragapult-dusknoir
12,80,p2,0713,gholdengo-lunatone,1566,ceruledge-ex
12,81,tie,0995,gholdengo-lunatone,1139,gardevoir-jellicent
12,82,p2,0101,gardevoir-jellicent,1398,gardevoir-jellicent
12,83,p1,1004,gardevoir-jellicent,0392,alakazam-dudunsparce
12,84,p2,1149,charizard-noctowl,0509,dragapult-dusknoir
12,85,p2,1039,gholdengo-joltik-box,0484,gardevoir-ex-sv
12,86,tie,0435,charizard-pidgeot,1285,n-zoroark
12,87,p1,1579,dragapult-dusknoir,1481,dragapult-dusknoir
12,88,tie,0882,mega-absol-box,0371,gholdengo-lunatone
12,89,p1,1651,dragapult-dusknoir,0587,tera-box
12,90,p1,0794,gardevoir-jellicent,1548,gholdengo-lunatone
12,91,p2,0057,charizard-noctowl,0385,gholdengo-lunatone
12,92,p1,0033,gardevoir-jellicent,0772,gholdengo-lunatone
12,93,p1,1461,gholdengo-lunatone,0517,gholdengo-lunatone
12,94,p2,1530,dragapult-dusknoir,0724,iron-hands-magneton
12,95,p2,0463,raging-bolt-ogerpon,1572,gholdengo-lunatone
12,96,p2,1216,gardevoir-jellicent,0611,gholdengo-lunatone
12,97,p1,0553,charizard-noctowl,1413,dragapult-dusknoir
12,98,p1,1179,grimmsnarl-froslass,0607,dragapult-dusknoir
12,99,tie,0100,gholdengo-lunatone,0756,gholdengo-lunatone
12,100,p2,1666,gholdengo-lunatone,1400,ceruledge-ex
12,101,p1,0770,dragapult-dusknoir,0546,grimmsnarl-froslass
12,102,p2,1195,gholdengo-lunatone,1107,froslass-munkidori
12,103,p1,0860,dragapult-dusknoir,1261,crustle-dri
12,104,p1,1075,gholdengo-lunatone,1125,grimmsnarl-froslass
12,105,p2,0569,charizard-noctowl,1012,gardevoir-jellicent
12,106,p2,1657,gholdengo-lunatone,1312,raging-bolt-ogerpon
12,107,p2,1251,mega-absol-box,1365,mega-absol-box
12,108,p2,1235,gardevoir-ex-sv,0924,gholdengo-lunatone
12,109,p2,1248,gholdengo-lunatone,1647,dragapult-dusknoir
12,110,p2,1616,joltik-box,1473,dragapult-dusknoir
12,111,p2,0583,dragapult-dusknoir,0475,dragapult-dusknoir
12,112,p1,0826,dragapult-dusknoir,1421,alakazam-dudunsparce
12,113,p1,1471,dragapult-dusknoir,0312,sharpedo-toxtricity
12,114,p2,0445,dragapult-dusknoir,1085,gholdengo-lunatone
12,115,p1,0660,grimmsnarl-froslass,0535,gholdengo-lunatone
12,116,p2,1119,gholdengo-lunatone,1123,marnie-grimmsnarl-ex
12,117,tie,1538,dragapult-dusknoir,0502,dragapult-dusknoir
12,118,p1,0308,raging-bolt-ogerpon,1018,charizard-noctowl
12,119,tie,1120,dragapult-dusknoir,1036,gholdengo-lunatone
12,120,p1,0664,dragapult-dusknoir,1333,grimmsnarl-froslass
12,121,p2,1226,dragapult-dusknoir,0349,gardevoir-ex-sv
12,122,p1,1568,charizard-pidgeot,0870,dragapult-dusknoir
12,123,p2,1576,dragapult-charizard,0852,gholdengo-ex
12,124,p1,0306,?,0222,charizard-noctowl
12,125,p2,1190,gardevoir-ex-sv,1565,dragapult-dusknoir
12,126,p2,0425,gholdengo-lunatone,0802,raging-bolt-ogerpon
12,127,tie,1088,gardevoir-ex-sv,0629,dragapult-dusknoir
12,128,p1,0965,raging-bolt-ogerpon,0562,kangaskhan-bouffalant
12,129,p1,1536,grimmsnarl-froslass,0978,gholdengo-lunatone
12,130,p2,0906,charizard-pidgeot,0397,charizard-noctowl
12,131,p1,1330,charizard-noctowl,0653,gholdengo-joltik-box
12,132,p1,0709,gholdengo-lunatone,1003,raging-bolt-ogerpon
12,133,p1,0637,gholdengo-joltik-box,1031,gholdengo-lunatone
12,134,p2,1635,sharpedo-toxtricity,1182,dragapult-dusknoir
12,135,p1,0131,dragapult-dusknoir,1373,dragapult-charizard
12,136,p1,0448,ceruledge-ex,1087,cynthia-garchomp-ex
12,144,tie,1678,gholdengo-lunatone,0401,iron-hands-magneton
12,,bye,1337,raging-bolt-ogerpon,,
13,1,tie,0311,gholdengo-lunatone,0859,dragapult-dusknoir
13,2,tie,1468,raging-bolt-ogerpon,1520,grimmsnarl-froslass
13,3,p2,0170,gardevoir-ex-sv,0079,gardevoir-jellicent
13,4,p1,0623,gholdengo-lunatone,0291,grimmsnarl-froslass
13,5,p2,1133,gardevoir-jellicent,1256,grimmsnarl-froslass
13,6,p1,1159,gardevoir-ex-sv,1203,dragapult-dusknoir
13,7,p1,0649,dragapult-dusknoir,1103,iron-hands-magneton
13,8,p1,1401,dragapult-dusknoir,1459,charizard-noctowl
13,9,p1,1440,gardevoir-ex-sv,0806,gardevoir-ex-sv
13,10,p1,0342,gardevoir-ex-sv,0886,gardevoir-ex-sv
13,11,p1,0944,mega-absol-box,0326,dragapult-dusknoir
13,12,p1,0329,dragapult-charizard,0939,gardevoir-jellicent
13,13,p1,1129,dragapult-dusknoir,0366,greninja-ex
13,14,tie,1095,raging-bolt-ogerpon,1319,gholdengo-lunatone
13,15,tie,0911,gholdengo-lunatone,0415,charizard-pidgeot
13,16,p1,0276,raging-bolt-ogerpon,1458,gholdengo-lunatone
13,17,p2,0809,gholdengo-lunatone,0307,pidgeot-control
13,18,p1,0393,charizard-noctowl,0845,raging-bolt-ogerpon
13,19,p2,1386,dragapult-dusknoir,1098,gardevoir-jellicent
13,20,p2,0273,gholdengo-lunatone,1529,charizard-noctowl
13,21,p2,1115,grimmsnarl-froslass,0480,dragapult-charizard
13,22,p2,0060,dragapult-dusknoir,1151,gholdengo-lunatone
13,23,p2,0657,charizard-noctowl,0154,dragapult-dusknoir
13,24,p1,0582,charizard-noctowl,0252,tera-box
13,25,p1,0249,dragapult-dusknoir,0710,gholdengo-lunatone
13,26,p1,0923,dragapult-dusknoir,0103,charizard-noctowl
13,27,p2,0639,charizard-pidgeot,1474,joltik-box
13,28,p1,1668,ceruledge-ex,1292,dragapult-dusknoir
13,29,p1,0685,dragapult-dusknoir,0834,gholdengo-joltik-box
13,30,p2,0507,lopunny-dusknoir,0155,charizard-noctowl
13,31,p2,0443,greninja-ex,0632,alakazam-dudunsparce
13,32,p2,0833,gardevoir-ex-sv,1209,gardevoir-ex-sv
13,33,p1,1204,gholdengo-lunatone,1639,dragapult-dusknoir
13,34,p2,1168,charizard-noctowl,0563,dragapult-ex
13,35,p1,0617,raging-bolt-ogerpon,0215,charizard-pidgeot
13,36,p2,0165,grimmsnarl-froslass,1628,gardevoir-ex-sv
13,37,p2,0144,gardevoir-ex-sv,1469,charizard-noctowl
13,38,p2,0696,dragapult-dusknoir,1169,grimmsnarl-froslass
13,39,p2,0258,charizard-noctowl,0212,dragapult-dusknoir
13,40,p1,0152,greninja-ex,0380,pidgeot-control
13,41,p2,0975,gardevoir-jellicent,1451,gholdengo-lunatone
13,42,p2,0032,tera-box,0270,charizard-noctowl
13,43,tie,0748,grimmsnarl-froslass,0479,charizard-noctowl
13,44,p2,1353,kangaskhan-bouffalant,0950,dragapult-dusknoir
13,45,p1,0895,gardevoir-jellicent,1089,charizard-pidgeot
13,46,p1,1091,grimmsnarl-froslass,0356,grimmsnarl-froslass
13,47,tie,1045,dragapult-dusknoir,0281,mega-absol-box
13,48,p1,0889,mega-absol-box,1173,gardevoir-jellicent
13,49,p1,1241,dragapult-dusknoir,0828,gardevoir-ex-sv
13,50,p1,0196,gardevoir-jellicent,0208,charizard-noctowl
13,51,p1,0785,dragapult-charizard,0201,gholdengo-lunatone
13,52,p1,1208,charizard-noctowl,0611,gholdengo-lunatone
13,53,p1,1032,gholdengo-lunatone,0724,iron-hands-magneton
13,54,p2,1298,dragapult-dusknoir,1597,charizard-noctowl
13,55,tie,0794,gardevoir-jellicent,1566,ceruledge-ex
13,56,p2,1275,charizard-noctowl,1188,dragapult-dusknoir
13,57,p2,1487,dragapult-dusknoir,1380,gholdengo-lunatone
13,58,p1,0484,gardevoir-ex-sv,0427,gholdengo-lunatone
13,59,p2,0893,charizard-noctowl,0530,charizard-noctowl
13,60,tie,0553,charizard-noctowl,0115,grimmsnarl-froslass
13,61,p1,1572,gholdengo-lunatone,0394,gardevoir-jellicent
13,62,p2,0309,raging-bolt-ogerpon,0509,dragapult-dusknoir
13,63,tie,1651,dragapult-dusknoir,1179,grimmsnarl-froslass
13,64,tie,0033,gardevoir-jellicent,1004,gardevoir-jellicent
13,65,p1,0829,gardevoir-ex-sv,0576,dragapult-charizard
13,66,p2,1584,dragapult-charizard,1579,dragapult-dusknoir
13,67,p2,1288,alakazam-dudunsparce,0385,gholdengo-lunatone
13,68,p1,1106,dragapult-dusknoir,1461,gholdengo-lunatone
13,69,tie,1398,gardevoir-jellicent,1102,raging-bolt-ogerpon
13,70,p2,1156,dragapult-dusknoir,1675,gardevoir-ex-sv
13,71,p2,1012,gardevoir-jellicent,0656,gardevoir-jellicent
13,72,p1,0702,dragapult-charizard,0826,dragapult-dusknoir
13,73,p1,0296,gholdengo-lunatone,0107,gardevoir-jellicent
13,74,p1,1312,raging-bolt-ogerpon,0552,gholdengo-lunatone
13,75,p2,1075,gholdengo-lunatone,0660,grimmsnarl-froslass
13,76,p2,0706,grimmsnarl-froslass,0308,raging-bolt-ogerpon
13,77,tie,0035,dragapult-dusknoir,1473,dragapult-dusknoir
13,78,p2,0475,dragapult-dusknoir,0860,dragapult-dusknoir
13,79,tie,0323,charizard-noctowl,1400,ceruledge-ex
13,80,p2,0217,gardevoir-jellicent,1123,marnie-grimmsnarl-ex
13,81,p1,1624,dragapult-dusknoir,1647,dragapult-dusknoir
13,82,p1,1085,gholdengo-lunatone,1471,dragapult-dusknoir
13,83,p1,0874,gholdengo-lunatone,1365,mega-absol-box
13,84,p1,0541,gardevoir-ex-sv,0924,gholdengo-lunatone
13,85,tie,0770,dragapult-dusknoir,1071,alakazam-dudunsparce
13,86,tie,0665,raging-bolt-ogerpon,0896,dragapult-dusknoir
13,87,p1,0278,gardevoir-jellicent,0716,raging-bolt-ogerpon
13,88,p2,0718,gholdengo-lunatone,1484,gholdengo-lunatone
13,89,p2,0133,gholdengo-lunatone,0800,gholdengo-lunatone
13,90,tie,1158,kangaskhan-bouffalant,1092,gholdengo-lunatone
13,91,p1,1107,froslass-munkidori,0664,dragapult-dusknoir
13,92,p1,0494,charizard-noctowl,1246,gholdengo-lunatone
13,93,p1,1367,gholdengo-lunatone,1568,charizard-pidgeot
13,94,p1,0995,gholdengo-lunatone,0371,gholdengo-lunatone
13,95,p1,0882,mega-absol-box,0400,dragapult-dusknoir
13,96,tie,0756,gholdengo-lunatone,1411,charizard-noctowl
13,97,p2,0349,gardevoir-ex-sv,0784,charizard-noctowl
13,98,p1,1285,n-zoroark,1139,gardevoir-jellicent
13,99,p2,0435,charizard-pidgeot,0367,gardevoir-jellicent
13,100,p2,0666,gardevoir-jellicent,0100,gholdengo-lunatone
13,101,p2,1666,gholdengo-lunatone,0392,alakazam-dudunsparce
13,102,p1,1149,charizard-noctowl,0397,charizard-noctowl
13,103,p1,0607,dragapult-dusknoir,0713,gholdengo-lunatone
13,104,tie,0802,raging-bolt-ogerpon,0587,tera-box
13,105,p2,1120,dragapult-dusknoir,0517,gholdengo-lunatone
13,106,p2,0306,?,0057,charizard-noctowl
13,107,tie,0852,gholdengo-ex,0064,dragapult-dusknoir
13,108,tie,0502,dragapult-dusknoir,0772,gholdengo-lunatone
13,109,p2,0463,raging-bolt-ogerpon,1565,dragapult-dusknoir
13,110,p2,0197,raging-bolt-ogerpon,0401,iron-hands-magneton
13,111,tie,1536,grimmsnarl-froslass,1330,charizard-noctowl
13,112,p1,0965,raging-bolt-ogerpon,1530,dragapult-dusknoir
13,113,p1,1413,dragapult-dusknoir,1039,gholdengo-joltik-box
13,114,tie,1481,dragapult-dusknoir,1216,gardevoir-jellicent
13,115,p1,0101,gardevoir-jellicent,1538,dragapult-dusknoir
13,116,p2,1251,mega-absol-box,1182,dragapult-dusknoir
13,117,p1,0312,sharpedo-toxtricity,1018,charizard-noctowl
13,118,tie,1337,raging-bolt-ogerpon,0546,grimmsnarl-froslass
13,119,tie,1261,crustle-dri,1616,joltik-box
13,120,tie,1421,alakazam-dudunsparce,0709,gholdengo-lunatone
13,121,p1,0445,dragapult-dusknoir,0637,gholdengo-joltik-box
13,122,p1,0583,dragapult-dusknoir,1657,gholdengo-lunatone
13,123,tie,1235,gardevoir-ex-sv,0535,gholdengo-lunatone
13,124,p2,1119,gholdengo-lunatone,1195,gholdengo-lunatone
13,125,p1,0448,ceruledge-ex,0131,dragapult-dusknoir
13,126,p1,0569,charizard-noctowl,1036,gholdengo-lunatone
13,127,p1,1125,grimmsnarl-froslass,1248,gholdengo-lunatone
13,128,p2,0629,dragapult-dusknoir,1226,dragapult-dusknoir
13,129,p2,1088,gardevoir-ex-sv,1333,grimmsnarl-froslass
13,130,p1,0870,dragapult-dusknoir,1576,dragapult-charizard
13,131,p1,0222,charizard-noctowl,0562,kangaskhan-bouffalant
13,132,tie,0653,gholdengo-joltik-box,0906,charizard-pidgeot
13,133,tie,1190,gardevoir-ex-sv,0978,gholdengo-lunatone
13,134,p2,0425,gholdengo-lunatone,1087,cynthia-garchomp-ex
13,135,tie,1003,raging-bolt-ogerpon,1031,gholdengo-lunatone
13,136,tie,1373,dragapult-charizard,1635,sharpedo-toxtricity
13,144,tie,1678,gholdengo-lunatone,1548,gholdengo-lunatone
14,1,p2,0342,gardevoir-ex-sv,0944,mega-absol-box
14,2,p1,1256,grimmsnarl-froslass,0649,dragapult-dusknoir
14,3,p1,1520,grimmsnarl-froslass,0079,gardevoir-jellicent
14,4,p1,0311,gholdengo-lunatone,1401,dragapult-dusknoir
14,5,p2,1159,gardevoir-ex-sv,0859,dragapult-dusknoir
14,6,p2,1440,gardevoir-ex-sv,0329,dragapult-charizard
14,,bye,0623,gholdengo-lunatone,,
14,,bye,1468,raging-bolt-ogerpon,,
15,1,p1,0623,gholdengo-lunatone,0944,mega-absol-box
15,2,p1,1256,grimmsnarl-froslass,1520,grimmsnarl-froslass
15,3,p1,0311,gholdengo-lunatone,0859,dragapult-dusknoir
15,4,p1,0329,dragapult-charizard,1468,raging-bolt-ogerpon
16,1,p2,0623,gholdengo-lunatone,1256,grimmsnarl-froslass
16,2,p2,0311,gholdengo-lunatone,0329,dragapult-charizard
17,1,p1,1256,grimmsnarl-froslass,0329,dragapult-charizard
